# Blender v2.75 (sub 0) OBJ File: ''
# www.blender.org
mtllib swamptree.mtl
o World_Expansion04_doodads_thunderisle_trees_itk_tree01.m2_G.001
v -0.083627 0.846844 0.506555
v -0.050393 0.857280 0.483000
v -0.037970 0.877455 0.488621
v 0.121444 1.126655 0.305028
v 0.126326 1.162408 0.270723
v 0.041203 1.090154 0.176195
v 0.112487 1.088298 0.160619
v 0.041203 1.090154 0.176195
v 0.126326 1.162408 0.270723
v 0.126326 1.162408 0.270723
v 0.175821 1.172948 0.266100
v 0.112487 1.088298 0.160619
v 0.112487 1.088298 0.160619
v 0.175821 1.172948 0.266100
v 0.184724 1.129387 0.309615
v 0.184724 1.129387 0.309615
v 0.118166 1.023960 0.191103
v 0.112487 1.088298 0.160619
v 0.118166 1.023960 0.191103
v 0.184724 1.129387 0.309615
v 0.121444 1.126655 0.305028
v 0.121444 1.126655 0.305028
v 0.046882 1.025815 0.206693
v 0.118166 1.023960 0.191103
v 0.041203 1.090154 0.176195
v 0.046882 1.025815 0.206693
v 0.121444 1.126655 0.305028
v -0.090534 0.843086 0.286488
v -0.044175 0.875201 0.277126
v -0.034286 0.844973 0.158526
v 0.047089 0.765294 0.190616
v -0.034286 0.844973 0.158526
v -0.044175 0.875201 0.277126
v -0.034286 0.844973 0.158526
v -0.104381 0.769023 0.166863
v -0.090534 0.843086 0.286488
v -0.090534 0.843086 0.286488
v -0.104381 0.769023 0.166863
v -0.050014 0.700443 0.200933
v -0.050014 0.700443 0.200933
v -0.051615 0.816065 0.314411
v -0.090534 0.843086 0.286488
v -0.051615 0.816065 0.314411
v -0.050014 0.700443 0.200933
v 0.047089 0.765294 0.190616
v 0.047089 0.765294 0.190616
v -0.015459 0.857188 0.300748
v -0.051615 0.816065 0.314411
v -0.044175 0.875201 0.277126
v -0.015459 0.857188 0.300748
v 0.047089 0.765294 0.190616
v -0.217006 1.039219 0.598108
v -0.209148 1.026624 0.598238
v -0.276306 1.061286 0.530991
v -0.224081 1.034766 0.609550
v -0.217006 1.039219 0.598108
v -0.276306 1.061286 0.530991
v -0.216228 1.022156 0.609655
v -0.224081 1.034766 0.609550
v -0.276306 1.061286 0.530991
v -0.209148 1.026624 0.598238
v -0.216228 1.022156 0.609655
v -0.276306 1.061286 0.530991
v -0.209148 1.026624 0.598238
v -0.217006 1.039219 0.598108
v -0.145334 1.034832 0.666413
v -0.145334 1.034832 0.666413
v -0.134548 1.024515 0.667808
v -0.209148 1.026624 0.598238
v -0.216228 1.022156 0.609655
v -0.209148 1.026624 0.598238
v -0.134548 1.024515 0.667808
v -0.134548 1.024515 0.667808
v -0.138781 1.021215 0.681038
v -0.216228 1.022156 0.609655
v -0.224081 1.034766 0.609550
v -0.216228 1.022156 0.609655
v -0.138781 1.021215 0.681038
v -0.138781 1.021215 0.681038
v -0.149566 1.031559 0.679669
v -0.224081 1.034766 0.609550
v -0.217006 1.039219 0.598108
v -0.224081 1.034766 0.609550
v -0.149566 1.031559 0.679669
v -0.149566 1.031559 0.679669
v -0.145334 1.034832 0.666413
v -0.217006 1.039219 0.598108
v -0.134548 1.024515 0.667808
v -0.145334 1.034832 0.666413
v -0.089457 1.085797 0.692687
v -0.089457 1.085797 0.692687
v -0.076147 1.079211 0.694546
v -0.134548 1.024515 0.667808
v -0.138781 1.021215 0.681038
v -0.134548 1.024515 0.667808
v -0.076147 1.079211 0.694546
v -0.076147 1.079211 0.694546
v -0.077697 1.078519 0.708885
v -0.138781 1.021215 0.681038
v -0.149566 1.031559 0.679669
v -0.138781 1.021215 0.681038
v -0.077697 1.078519 0.708885
v -0.077697 1.078519 0.708885
v -0.091013 1.085139 0.707044
v -0.149566 1.031559 0.679669
v -0.145334 1.034832 0.666413
v -0.149566 1.031559 0.679669
v -0.091013 1.085139 0.707044
v -0.091013 1.085139 0.707044
v -0.089457 1.085797 0.692687
v -0.145334 1.034832 0.666413
v -0.076147 1.079211 0.694546
v -0.089457 1.085797 0.692687
v -0.027572 1.175583 0.684863
v -0.027572 1.175583 0.684863
v -0.009786 1.144837 0.681807
v -0.076147 1.079211 0.694546
v -0.077697 1.078519 0.708885
v -0.076147 1.079211 0.694546
v -0.009786 1.144837 0.681807
v -0.009786 1.144837 0.681807
v -0.010433 1.161585 0.708539
v -0.077697 1.078519 0.708885
v -0.091013 1.085139 0.707044
v -0.077697 1.078519 0.708885
v -0.010433 1.161585 0.708539
v -0.010433 1.161585 0.708539
v -0.030176 1.153776 0.705775
v -0.091013 1.085139 0.707044
v -0.089457 1.085797 0.692687
v -0.091013 1.085139 0.707044
v -0.030176 1.153776 0.705775
v -0.030176 1.153776 0.705775
v -0.027572 1.175583 0.684863
v -0.089457 1.085797 0.692687
v -0.025369 1.107341 0.047247
v 0.041203 1.090154 0.176195
v 0.112487 1.088298 0.160619
v 0.112487 1.088298 0.160619
v 0.122231 1.102433 0.028054
v -0.025369 1.107341 0.047247
v 0.112487 1.088298 0.160619
v 0.118166 1.023960 0.191103
v 0.122231 1.102433 0.028054
v 0.041203 1.090154 0.176195
v -0.025369 1.107341 0.047247
v -0.007814 0.960920 0.086136
v 0.118166 1.023960 0.191103
v 0.137724 0.934544 0.052155
v 0.122231 1.102433 0.028054
v -0.007814 0.960920 0.086136
v 0.137724 0.934544 0.052155
v 0.118166 1.023960 0.191103
v 0.118166 1.023960 0.191103
v 0.046882 1.025815 0.206693
v -0.007814 0.960920 0.086136
v -0.007814 0.960920 0.086136
v 0.046882 1.025815 0.206693
v 0.041203 1.090154 0.176195
v -0.178534 1.002503 -0.121319
v -0.179541 1.066218 -0.207600
v -0.022400 1.072562 -0.191376
v -0.179541 1.066218 -0.207600
v -0.180462 1.156029 -0.139743
v -0.022400 1.072562 -0.191376
v -0.180462 1.156029 -0.139743
v -0.086935 1.173037 -0.118988
v -0.022400 1.072562 -0.191376
v -0.086935 1.173037 -0.118988
v -0.180462 1.156029 -0.139743
v -0.179456 1.092313 -0.052759
v -0.179456 1.092313 -0.052759
v -0.069022 1.116751 0.008028
v -0.086935 1.173037 -0.118988
v -0.069022 1.116751 0.008028
v -0.179456 1.092313 -0.052759
v -0.178534 1.002503 -0.121319
v -0.178534 1.002503 -0.121319
v -0.106840 0.946574 -0.082914
v -0.069022 1.116751 0.008028
v -0.022400 1.072562 -0.191376
v -0.106840 0.946574 -0.082914
v -0.178534 1.002503 -0.121319
v 0.019812 1.483882 -0.374605
v -0.003510 1.327140 -0.272140
v -0.048864 1.393058 -0.208690
v -0.048864 1.393058 -0.208690
v -0.001461 1.549679 -0.337975
v 0.019812 1.483882 -0.374605
v 0.052736 1.594476 -0.303840
v -0.001461 1.549679 -0.337975
v -0.048864 1.393058 -0.208690
v -0.048864 1.393058 -0.208690
v 0.006557 1.447406 -0.142901
v 0.052736 1.594476 -0.303840
v -0.048864 1.393058 -0.208690
v -0.003510 1.327140 -0.272140
v -0.024214 1.212532 -0.207060
v -0.024214 1.212532 -0.207060
v -0.073176 1.253400 -0.122855
v -0.048864 1.393058 -0.208690
v 0.006557 1.447406 -0.142901
v -0.048864 1.393058 -0.208690
v -0.073176 1.253400 -0.122855
v -0.073176 1.253400 -0.122855
v -0.013182 1.261314 -0.016222
v 0.006557 1.447406 -0.142901
v 0.052736 1.594476 -0.303840
v 0.006557 1.447406 -0.142901
v 0.107332 1.435836 -0.140008
v 0.107332 1.435836 -0.140008
v 0.128205 1.573475 -0.305857
v 0.052736 1.594476 -0.303840
v 0.128205 1.573475 -0.305857
v 0.107332 1.435836 -0.140008
v 0.152686 1.369917 -0.203088
v 0.152686 1.369917 -0.203088
v 0.149477 1.507678 -0.342294
v 0.128205 1.573475 -0.305857
v 0.149477 1.507678 -0.342294
v 0.152686 1.369917 -0.203088
v 0.097264 1.315570 -0.269430
v 0.097264 1.315570 -0.269430
v 0.095280 1.462881 -0.376906
v 0.149477 1.507678 -0.342294
v 0.095280 1.462881 -0.376906
v 0.097264 1.315570 -0.269430
v -0.003510 1.327140 -0.272140
v -0.003510 1.327140 -0.272140
v 0.019812 1.483882 -0.374605
v 0.095280 1.462881 -0.376906
v 0.107332 1.435836 -0.140008
v 0.006557 1.447406 -0.142901
v -0.013182 1.261314 -0.016222
v -0.013182 1.261314 -0.016222
v 0.100405 1.258467 -0.033960
v 0.107332 1.435836 -0.140008
v 0.152686 1.369917 -0.203088
v 0.107332 1.435836 -0.140008
v 0.100405 1.258467 -0.033960
v 0.100405 1.258467 -0.033960
v 0.138981 1.224360 -0.125541
v 0.152686 1.369917 -0.203088
v 0.097264 1.315570 -0.269430
v 0.152686 1.369917 -0.203088
v 0.138981 1.224360 -0.125541
v 0.138981 1.224360 -0.125541
v 0.079257 1.198997 -0.206730
v 0.097264 1.315570 -0.269430
v -0.003510 1.327140 -0.272140
v 0.097264 1.315570 -0.269430
v 0.079257 1.198997 -0.206730
v 0.079257 1.198997 -0.206730
v -0.024214 1.212532 -0.207060
v -0.003510 1.327140 -0.272140
v 0.112708 1.182529 -0.956418
v 0.103941 1.366557 -0.786223
v 0.065133 1.380859 -0.814969
v 0.065133 1.380859 -0.814969
v 0.083133 1.200440 -0.975794
v 0.112708 1.182529 -0.956418
v 0.097594 1.240086 -0.983971
v 0.083133 1.200440 -0.975794
v 0.065133 1.380859 -0.814969
v 0.065133 1.380859 -0.814969
v 0.082635 1.401263 -0.852254
v 0.097594 1.240086 -0.983971
v 0.103941 1.366557 -0.786223
v 0.112708 1.182529 -0.956418
v 0.165528 1.232076 -0.914275
v 0.165528 1.232076 -0.914275
v 0.156498 1.378130 -0.801657
v 0.103941 1.366557 -0.786223
v 0.137198 1.399123 -0.846617
v 0.156498 1.378130 -0.801657
v 0.165528 1.232076 -0.914275
v 0.165528 1.232076 -0.914275
v 0.145012 1.239944 -0.978081
v 0.137198 1.399123 -0.846617
v 0.082635 1.401263 -0.852254
v 0.137198 1.399123 -0.846617
v 0.145012 1.239944 -0.978081
v 0.145012 1.239944 -0.978081
v 0.097594 1.240086 -0.983971
v 0.082635 1.401263 -0.852254
v 0.313775 1.315704 -0.729817
v 0.341184 1.337369 -0.714362
v 0.335123 1.118793 -0.754076
v 0.341184 1.337369 -0.714362
v 0.327845 1.330060 -0.679639
v 0.335123 1.118793 -0.754076
v 0.327845 1.330060 -0.679639
v 0.300436 1.308396 -0.695115
v 0.335123 1.118793 -0.754076
v 0.300436 1.308396 -0.695115
v 0.313775 1.315704 -0.729817
v 0.335123 1.118793 -0.754076
v 0.327845 1.330060 -0.679639
v 0.341184 1.337369 -0.714362
v 0.310946 1.563821 -0.662132
v 0.310946 1.563821 -0.662132
v 0.292504 1.553717 -0.613853
v 0.327845 1.330060 -0.679639
v 0.300436 1.308396 -0.695115
v 0.327845 1.330060 -0.679639
v 0.292504 1.553717 -0.613853
v 0.292504 1.553717 -0.613853
v 0.254614 1.523767 -0.634439
v 0.300436 1.308396 -0.695115
v 0.313775 1.315704 -0.729817
v 0.300436 1.308396 -0.695115
v 0.254614 1.523767 -0.634439
v 0.254614 1.523767 -0.634439
v 0.273055 1.533872 -0.682681
v 0.313775 1.315704 -0.729817
v 0.341184 1.337369 -0.714362
v 0.313775 1.315704 -0.729817
v 0.273055 1.533872 -0.682681
v 0.273055 1.533872 -0.682681
v 0.310946 1.563821 -0.662132
v 0.341184 1.337369 -0.714362
v 0.292504 1.553717 -0.613853
v 0.310946 1.563821 -0.662132
v 0.177355 1.652503 -0.620963
v 0.177355 1.652503 -0.620963
v 0.182844 1.598915 -0.563351
v 0.292504 1.553717 -0.613853
v 0.254614 1.523767 -0.634439
v 0.292504 1.553717 -0.613853
v 0.182844 1.598915 -0.563351
v 0.182844 1.598915 -0.563351
v 0.145352 1.575339 -0.604750
v 0.254614 1.523767 -0.634439
v 0.273055 1.533872 -0.682681
v 0.254614 1.523767 -0.634439
v 0.145352 1.575339 -0.604750
v 0.145352 1.575339 -0.604750
v 0.183412 1.587614 -0.643905
v 0.273055 1.533872 -0.682681
v 0.310946 1.563821 -0.662132
v 0.273055 1.533872 -0.682681
v 0.183412 1.587614 -0.643905
v 0.183412 1.587614 -0.643905
v 0.177355 1.652503 -0.620963
v 0.310946 1.563821 -0.662132
v 0.214660 1.182644 -1.009861
v 0.112708 1.182529 -0.956418
v 0.154908 1.221186 -1.011567
v 0.315013 1.172961 -1.082839
v 0.214660 1.182644 -1.009861
v 0.221618 1.193283 -1.035216
v 0.154908 1.221186 -1.011567
v 0.221618 1.193283 -1.035216
v 0.214660 1.182644 -1.009861
v 0.236812 1.225056 -1.010351
v 0.221618 1.193283 -1.035216
v 0.154908 1.221186 -1.011567
v 0.154908 1.221186 -1.011567
v 0.145012 1.239944 -0.978081
v 0.236812 1.225056 -1.010351
v 0.221618 1.193283 -1.035216
v 0.236812 1.225056 -1.010351
v 0.329698 1.192798 -1.089612
v 0.329698 1.192798 -1.089612
v 0.314753 1.177106 -1.097580
v 0.221618 1.193283 -1.035216
v 0.221618 1.193283 -1.035216
v 0.314753 1.177106 -1.097580
v 0.315013 1.172961 -1.082839
v 0.315013 1.172961 -1.082839
v 0.314753 1.177106 -1.097580
v 0.354750 1.010331 -1.147402
v 0.314753 1.177106 -1.097580
v 0.329698 1.192798 -1.089612
v 0.354750 1.010331 -1.147402
v 0.236812 1.225056 -1.010351
v 0.145012 1.239944 -0.978081
v 0.165528 1.232076 -0.914275
v 0.165528 1.232076 -0.914275
v 0.249561 1.201501 -0.988600
v 0.236812 1.225056 -1.010351
v 0.329698 1.192798 -1.089612
v 0.236812 1.225056 -1.010351
v 0.249561 1.201501 -0.988600
v 0.249561 1.201501 -0.988600
v 0.337946 1.179589 -1.079462
v 0.329698 1.192798 -1.089612
v 0.329698 1.192798 -1.089612
v 0.337946 1.179589 -1.079462
v 0.354750 1.010331 -1.147402
v 0.337946 1.179589 -1.079462
v 0.315013 1.172961 -1.082839
v 0.354750 1.010331 -1.147402
v 0.315013 1.172961 -1.082839
v 0.337946 1.179589 -1.079462
v 0.249561 1.201501 -0.988600
v 0.249561 1.201501 -0.988600
v 0.214660 1.182644 -1.009861
v 0.315013 1.172961 -1.082839
v 0.214660 1.182644 -1.009861
v 0.249561 1.201501 -0.988600
v 0.165528 1.232076 -0.914275
v 0.165528 1.232076 -0.914275
v 0.112708 1.182529 -0.956418
v 0.214660 1.182644 -1.009861
v 0.074197 1.178545 -1.099039
v -0.005323 1.020194 -1.278240
v 0.065111 1.153985 -1.096755
v 0.097594 1.240086 -0.983971
v 0.074197 1.178545 -1.099039
v 0.065111 1.153985 -1.096755
v 0.065111 1.153985 -1.096755
v -0.005323 1.020194 -1.278240
v 0.083538 1.137698 -1.105732
v 0.083133 1.200440 -0.975794
v 0.065111 1.153985 -1.096755
v 0.083538 1.137698 -1.105732
v 0.065111 1.153985 -1.096755
v 0.083133 1.200440 -0.975794
v 0.097594 1.240086 -0.983971
v 0.083538 1.137698 -1.105732
v 0.112708 1.182529 -0.956418
v 0.083133 1.200440 -0.975794
v 0.112708 1.182529 -0.956418
v 0.083538 1.137698 -1.105732
v 0.104049 1.152191 -1.113512
v 0.083538 1.137698 -1.105732
v -0.005323 1.020194 -1.278240
v 0.104049 1.152191 -1.113512
v 0.104049 1.152191 -1.113512
v -0.005323 1.020194 -1.278240
v 0.098264 1.177437 -1.109393
v 0.098264 1.177437 -1.109393
v -0.005323 1.020194 -1.278240
v 0.074197 1.178545 -1.099039
v 0.098264 1.177437 -1.109393
v 0.074197 1.178545 -1.099039
v 0.097594 1.240086 -0.983971
v 0.097594 1.240086 -0.983971
v 0.145012 1.239944 -0.978081
v 0.098264 1.177437 -1.109393
v 0.104049 1.152191 -1.113512
v 0.098264 1.177437 -1.109393
v 0.145012 1.239944 -0.978081
v 0.145012 1.239944 -0.978081
v 0.154908 1.221186 -1.011567
v 0.104049 1.152191 -1.113512
v 0.104049 1.152191 -1.113512
v 0.154908 1.221186 -1.011567
v 0.112708 1.182529 -0.956418
v -0.481868 1.326338 -0.427201
v -0.470078 1.330885 -0.456246
v -0.481554 1.197238 -0.483551
v -0.470078 1.330885 -0.456246
v -0.481868 1.326338 -0.427201
v -0.450756 1.440416 -0.405470
v -0.433451 1.408513 -0.401481
v -0.468675 1.299323 -0.423487
v -0.456884 1.303868 -0.452516
v -0.456884 1.303868 -0.452516
v -0.420234 1.411178 -0.435418
v -0.433451 1.408513 -0.401481
v -0.437539 1.443082 -0.439418
v -0.420234 1.411178 -0.435418
v -0.456884 1.303868 -0.452516
v -0.450756 1.440416 -0.405470
v -0.437539 1.443082 -0.439418
v -0.470078 1.330885 -0.456246
v -0.456884 1.303868 -0.452516
v -0.470078 1.330885 -0.456246
v -0.437539 1.443082 -0.439418
v -0.470078 1.330885 -0.456246
v -0.456884 1.303868 -0.452516
v -0.481554 1.197238 -0.483551
v -0.456884 1.303868 -0.452516
v -0.468675 1.299323 -0.423487
v -0.481554 1.197238 -0.483551
v -0.468675 1.299323 -0.423487
v -0.481868 1.326338 -0.427201
v -0.481554 1.197238 -0.483551
v -0.481868 1.326338 -0.427201
v -0.468675 1.299323 -0.423487
v -0.433451 1.408513 -0.401481
v -0.433451 1.408513 -0.401481
v -0.450756 1.440416 -0.405470
v -0.481868 1.326338 -0.427201
v -0.437539 1.443082 -0.439418
v -0.450756 1.440416 -0.405470
v -0.330933 1.475547 -0.402772
v -0.420234 1.411178 -0.435418
v -0.437539 1.443082 -0.439418
v -0.317578 1.478122 -0.441069
v -0.330933 1.475547 -0.402772
v -0.317578 1.478122 -0.441069
v -0.437539 1.443082 -0.439418
v -0.239375 1.560702 -0.443031
v -0.317578 1.478122 -0.441069
v -0.330933 1.475547 -0.402772
v -0.330933 1.475547 -0.402772
v -0.243738 1.569942 -0.399899
v -0.239375 1.560702 -0.443031
v -0.250114 1.526832 -0.390997
v -0.243738 1.569942 -0.399899
v -0.330933 1.475547 -0.402772
v -0.330933 1.475547 -0.402772
v -0.310807 1.440547 -0.398229
v -0.250114 1.526832 -0.390997
v -0.245751 1.517592 -0.434178
v -0.250114 1.526832 -0.390997
v -0.310807 1.440547 -0.398229
v -0.310807 1.440547 -0.398229
v -0.297452 1.443122 -0.436515
v -0.245751 1.517592 -0.434178
v -0.317578 1.478122 -0.441069
v -0.239375 1.560702 -0.443031
v -0.245751 1.517592 -0.434178
v -0.245751 1.517592 -0.434178
v -0.297452 1.443122 -0.436515
v -0.317578 1.478122 -0.441069
v -0.317578 1.478122 -0.441069
v -0.297452 1.443122 -0.436515
v -0.420234 1.411178 -0.435418
v -0.420234 1.411178 -0.435418
v -0.297452 1.443122 -0.436515
v -0.310807 1.440547 -0.398229
v -0.310807 1.440547 -0.398229
v -0.433451 1.408513 -0.401481
v -0.420234 1.411178 -0.435418
v -0.433451 1.408513 -0.401481
v -0.310807 1.440547 -0.398229
v -0.330933 1.475547 -0.402772
v -0.330933 1.475547 -0.402772
v -0.450756 1.440416 -0.405470
v -0.433451 1.408513 -0.401481
v -0.182121 1.570610 -0.435656
v -0.245751 1.517592 -0.434178
v -0.239375 1.560702 -0.443031
v -0.250114 1.526832 -0.390997
v -0.245751 1.517592 -0.434178
v -0.182121 1.570610 -0.435656
v -0.182121 1.570610 -0.435656
v -0.186477 1.574735 -0.390481
v -0.250114 1.526832 -0.390997
v -0.243738 1.569942 -0.399899
v -0.250114 1.526832 -0.390997
v -0.186477 1.574735 -0.390481
v -0.243738 1.569942 -0.399899
v -0.185723 1.620161 -0.395174
v -0.181366 1.616037 -0.440325
v -0.181366 1.616037 -0.440325
v -0.239375 1.560702 -0.443031
v -0.243738 1.569942 -0.399899
v -0.239375 1.560702 -0.443031
v -0.181366 1.616037 -0.440325
v -0.182121 1.570610 -0.435656
v -0.055290 1.581744 -0.401132
v -0.042667 1.643898 -0.411913
v -0.185723 1.620161 -0.395174
v -0.185723 1.620161 -0.395174
v -0.042667 1.643898 -0.411913
v -0.041230 1.629249 -0.479635
v -0.041230 1.629249 -0.479635
v -0.181366 1.616037 -0.440325
v -0.185723 1.620161 -0.395174
v -0.181366 1.616037 -0.440325
v -0.041230 1.629249 -0.479635
v -0.052487 1.568577 -0.461161
v -0.052487 1.568577 -0.461161
v -0.182121 1.570610 -0.435656
v -0.181366 1.616037 -0.440325
v -0.182121 1.570610 -0.435656
v -0.052487 1.568577 -0.461161
v -0.055290 1.581744 -0.401132
v -0.055290 1.581744 -0.401132
v -0.186477 1.574735 -0.390481
v -0.182121 1.570610 -0.435656
v -0.185723 1.620161 -0.395174
v -0.186477 1.574735 -0.390481
v -0.055290 1.581744 -0.401132
v -0.186477 1.574735 -0.390481
v -0.185723 1.620161 -0.395174
v -0.243738 1.569942 -0.399899
v -0.042667 1.643898 -0.411913
v 0.085432 1.662024 -0.433522
v 0.032996 1.637977 -0.527760
v 0.032996 1.637977 -0.527760
v -0.041230 1.629249 -0.479635
v -0.042667 1.643898 -0.411913
v -0.052487 1.568577 -0.461161
v -0.041230 1.629249 -0.479635
v 0.032996 1.637977 -0.527760
v 0.032996 1.637977 -0.527760
v 0.067195 1.562837 -0.483427
v -0.052487 1.568577 -0.461161
v -0.052487 1.568577 -0.461161
v 0.067195 1.562837 -0.483427
v 0.015584 1.595067 -0.412493
v 0.015584 1.595067 -0.412493
v -0.055290 1.581744 -0.401132
v -0.052487 1.568577 -0.461161
v 0.015584 1.595067 -0.412493
v 0.085432 1.662024 -0.433522
v -0.055290 1.581744 -0.401132
v 0.085432 1.662024 -0.433522
v -0.042667 1.643898 -0.411913
v -0.055290 1.581744 -0.401132
v 0.067195 1.562837 -0.483427
v 0.019812 1.483882 -0.374605
v -0.001461 1.549679 -0.337975
v -0.001461 1.549679 -0.337975
v 0.015584 1.595067 -0.412493
v 0.067195 1.562837 -0.483427
v 0.015584 1.595067 -0.412493
v -0.001461 1.549679 -0.337975
v 0.052736 1.594476 -0.303840
v 0.052736 1.594476 -0.303840
v 0.085432 1.662024 -0.433522
v 0.015584 1.595067 -0.412493
v 0.105956 1.606614 -0.620033
v 0.145352 1.575339 -0.604750
v 0.067195 1.562837 -0.483427
v 0.067195 1.562837 -0.483427
v 0.032996 1.637977 -0.527760
v 0.105956 1.606614 -0.620033
v 0.032996 1.637977 -0.527760
v 0.125735 1.654304 -0.630149
v 0.105956 1.606614 -0.620033
v 0.032996 1.637977 -0.527760
v 0.085432 1.662024 -0.433522
v 0.125735 1.654304 -0.630149
v 0.143803 1.642773 -0.421824
v 0.128205 1.573475 -0.305857
v 0.149477 1.507678 -0.342294
v 0.149477 1.507678 -0.342294
v 0.162993 1.584597 -0.438189
v 0.143803 1.642773 -0.421824
v 0.162993 1.584597 -0.438189
v 0.149477 1.507678 -0.342294
v 0.095280 1.462881 -0.376906
v 0.095280 1.462881 -0.376906
v 0.125547 1.545017 -0.470023
v 0.162993 1.584597 -0.438189
v 0.125547 1.545017 -0.470023
v 0.095280 1.462881 -0.376906
v 0.019812 1.483882 -0.374605
v 0.019812 1.483882 -0.374605
v 0.067195 1.562837 -0.483427
v 0.125547 1.545017 -0.470023
v 0.125547 1.545017 -0.470023
v 0.067195 1.562837 -0.483427
v 0.145352 1.575339 -0.604750
v 0.162993 1.584597 -0.438189
v 0.125547 1.545017 -0.470023
v 0.145352 1.575339 -0.604750
v 0.177355 1.652503 -0.620963
v 0.125735 1.654304 -0.630149
v 0.085432 1.662024 -0.433522
v 0.085432 1.662024 -0.433522
v 0.052736 1.594476 -0.303840
v 0.128205 1.573475 -0.305857
v 0.128205 1.573475 -0.305857
v 0.143803 1.642773 -0.421824
v 0.085432 1.662024 -0.433522
v 0.085432 1.662024 -0.433522
v 0.143803 1.642773 -0.421824
v 0.177355 1.652503 -0.620963
v 0.177355 1.652503 -0.620963
v 0.143803 1.642773 -0.421824
v 0.162993 1.584597 -0.438189
v 0.162993 1.584597 -0.438189
v 0.182844 1.598915 -0.563351
v 0.177355 1.652503 -0.620963
v 0.145352 1.575339 -0.604750
v 0.182844 1.598915 -0.563351
v 0.162993 1.584597 -0.438189
v -0.373921 0.929837 0.144720
v -0.381441 0.919721 0.136647
v -0.365234 0.882520 0.224250
v -0.381441 0.919721 0.136647
v -0.354691 0.909164 0.148777
v -0.365234 0.882520 0.224250
v -0.354691 0.909164 0.148777
v -0.373921 0.929837 0.144720
v -0.365234 0.882520 0.224250
v -0.381441 0.919721 0.136647
v -0.373921 0.929837 0.144720
v -0.314975 0.970178 0.102079
v -0.314975 0.970178 0.102079
v -0.323194 0.952411 0.077281
v -0.381441 0.919721 0.136647
v -0.354691 0.909164 0.148777
v -0.381441 0.919721 0.136647
v -0.323194 0.952411 0.077281
v -0.323194 0.952411 0.077281
v -0.281354 0.945285 0.093295
v -0.354691 0.909164 0.148777
v -0.373921 0.929837 0.144720
v -0.354691 0.909164 0.148777
v -0.281354 0.945285 0.093295
v -0.281354 0.945285 0.093295
v -0.314975 0.970178 0.102079
v -0.373921 0.929837 0.144720
v -0.323194 0.952411 0.077281
v -0.314975 0.970178 0.102079
v -0.331841 1.055325 0.015891
v -0.331841 1.055325 0.015891
v -0.339058 1.028968 -0.017784
v -0.323194 0.952411 0.077281
v -0.281354 0.945285 0.093295
v -0.323194 0.952411 0.077281
v -0.339058 1.028968 -0.017784
v -0.339058 1.028968 -0.017784
v -0.299387 1.038233 -0.006024
v -0.281354 0.945285 0.093295
v -0.314975 0.970178 0.102079
v -0.281354 0.945285 0.093295
v -0.299387 1.038233 -0.006024
v -0.299387 1.038233 -0.006024
v -0.331841 1.055325 0.015891
v -0.314975 0.970178 0.102079
v -0.293602 1.104438 -0.097417
v -0.316388 1.046298 -0.093910
v -0.339058 1.028968 -0.017784
v -0.339058 1.028968 -0.017784
v -0.331841 1.055325 0.015891
v -0.293602 1.104438 -0.097417
v -0.249817 1.074573 -0.073816
v -0.293602 1.104438 -0.097417
v -0.331841 1.055325 0.015891
v -0.331841 1.055325 0.015891
v -0.299387 1.038233 -0.006024
v -0.249817 1.074573 -0.073816
v -0.316388 1.046298 -0.093910
v -0.249817 1.074573 -0.073816
v -0.299387 1.038233 -0.006024
v -0.299387 1.038233 -0.006024
v -0.339058 1.028968 -0.017784
v -0.316388 1.046298 -0.093910
v -0.461099 1.072243 -0.342174
v -0.500355 1.084460 -0.349355
v -0.473173 0.991074 -0.221915
v -0.473173 0.991074 -0.221915
v -0.425221 0.994546 -0.202143
v -0.461099 1.072243 -0.342174
v -0.473173 0.991074 -0.221915
v -0.466311 1.003378 -0.179362
v -0.425221 0.994546 -0.202143
v -0.444960 1.040787 -0.334821
v -0.461099 1.072243 -0.342174
v -0.425221 0.994546 -0.202143
v -0.425221 0.994546 -0.202143
v -0.403224 0.948640 -0.207216
v -0.444960 1.040787 -0.334821
v -0.500355 1.084460 -0.349355
v -0.492623 1.037948 -0.358305
v -0.472328 0.932225 -0.215820
v -0.472328 0.932225 -0.215820
v -0.473173 0.991074 -0.221915
v -0.500355 1.084460 -0.349355
v -0.492623 1.037948 -0.358305
v -0.444960 1.040787 -0.334821
v -0.403224 0.948640 -0.207216
v -0.403224 0.948640 -0.207216
v -0.472328 0.932225 -0.215820
v -0.492623 1.037948 -0.358305
v -0.472328 0.932225 -0.215820
v -0.403224 0.948640 -0.207216
v -0.471049 0.941013 -0.141885
v -0.473173 0.991074 -0.221915
v -0.472328 0.932225 -0.215820
v -0.471049 0.941013 -0.141885
v -0.471049 0.941013 -0.141885
v -0.466311 1.003378 -0.179362
v -0.473173 0.991074 -0.221915
v -0.294712 1.114510 -0.143891
v -0.293602 1.104438 -0.097417
v -0.180462 1.156029 -0.139743
v -0.179456 1.092313 -0.052759
v -0.180462 1.156029 -0.139743
v -0.293602 1.104438 -0.097417
v -0.293602 1.104438 -0.097417
v -0.249817 1.074573 -0.073816
v -0.179456 1.092313 -0.052759
v -0.249817 1.074573 -0.073816
v -0.316388 1.046298 -0.093910
v -0.179456 1.092313 -0.052759
v -0.316388 1.046298 -0.093910
v -0.178534 1.002503 -0.121319
v -0.179456 1.092313 -0.052759
v -0.179541 1.066218 -0.207600
v -0.178534 1.002503 -0.121319
v -0.257374 1.019403 -0.128074
v -0.316388 1.046298 -0.093910
v -0.257374 1.019403 -0.128074
v -0.178534 1.002503 -0.121319
v -0.180462 1.156029 -0.139743
v -0.179541 1.066218 -0.207600
v -0.264102 1.060679 -0.186519
v -0.257374 1.019403 -0.128074
v -0.264102 1.060679 -0.186519
v -0.179541 1.066218 -0.207600
v -0.264102 1.060679 -0.186519
v -0.294712 1.114510 -0.143891
v -0.180462 1.156029 -0.139743
v -0.425221 0.994546 -0.202143
v -0.466311 1.003378 -0.179362
v -0.294712 1.114510 -0.143891
v -0.294712 1.114510 -0.143891
v -0.264102 1.060679 -0.186519
v -0.425221 0.994546 -0.202143
v -0.264102 1.060679 -0.186519
v -0.403224 0.948640 -0.207216
v -0.425221 0.994546 -0.202143
v -0.264102 1.060679 -0.186519
v -0.257374 1.019403 -0.128074
v -0.403224 0.948640 -0.207216
v -0.471049 0.941013 -0.141885
v -0.403224 0.948640 -0.207216
v -0.257374 1.019403 -0.128074
v -0.257374 1.019403 -0.128074
v -0.316388 1.046298 -0.093910
v -0.471049 0.941013 -0.141885
v -0.316388 1.046298 -0.093910
v -0.466311 1.003378 -0.179362
v -0.471049 0.941013 -0.141885
v -0.316388 1.046298 -0.093910
v -0.293602 1.104438 -0.097417
v -0.466311 1.003378 -0.179362
v -0.293602 1.104438 -0.097417
v -0.294712 1.114510 -0.143891
v -0.466311 1.003378 -0.179362
v 0.901202 0.790011 -0.308035
v 0.905680 0.779101 -0.321412
v 1.004687 0.810672 -0.326458
v 0.905680 0.779101 -0.321412
v 0.896379 0.788594 -0.331418
v 1.004687 0.810672 -0.326458
v 0.896379 0.788594 -0.331418
v 0.891939 0.799501 -0.318060
v 1.004687 0.810672 -0.326458
v 0.891939 0.799501 -0.318060
v 0.901202 0.790011 -0.308035
v 1.004687 0.810672 -0.326458
v 0.905680 0.779101 -0.321412
v 0.901202 0.790011 -0.308035
v 0.833568 0.786232 -0.290984
v 0.833568 0.786232 -0.290984
v 0.822995 0.771898 -0.303388
v 0.905680 0.779101 -0.321412
v 0.896379 0.788594 -0.331418
v 0.905680 0.779101 -0.321412
v 0.822995 0.771898 -0.303388
v 0.822995 0.771898 -0.303388
v 0.827767 0.784588 -0.317782
v 0.896379 0.788594 -0.331418
v 0.891939 0.799501 -0.318060
v 0.896379 0.788594 -0.331418
v 0.827767 0.784588 -0.317782
v 0.827767 0.784588 -0.317782
v 0.838422 0.798917 -0.305428
v 0.891939 0.799501 -0.318060
v 0.901202 0.790011 -0.308035
v 0.891939 0.799501 -0.318060
v 0.838422 0.798917 -0.305428
v 0.838422 0.798917 -0.305428
v 0.833568 0.786232 -0.290984
v 0.901202 0.790011 -0.308035
v 0.611071 0.878336 -0.229343
v 0.626616 0.851575 -0.209308
v 0.833568 0.786232 -0.290984
v 0.833568 0.786232 -0.290984
v 0.838422 0.798917 -0.305428
v 0.611071 0.878336 -0.229343
v 0.614827 0.847896 -0.266411
v 0.611071 0.878336 -0.229343
v 0.838422 0.798917 -0.305428
v 0.838422 0.798917 -0.305428
v 0.827767 0.784588 -0.317782
v 0.614827 0.847896 -0.266411
v 0.629571 0.813091 -0.248654
v 0.614827 0.847896 -0.266411
v 0.827767 0.784588 -0.317782
v 0.827767 0.784588 -0.317782
v 0.822995 0.771898 -0.303388
v 0.629571 0.813091 -0.248654
v 0.626616 0.851575 -0.209308
v 0.629571 0.813091 -0.248654
v 0.822995 0.771898 -0.303388
v 0.822995 0.771898 -0.303388
v 0.833568 0.786232 -0.290984
v 0.626616 0.851575 -0.209308
v 0.629571 0.813091 -0.248654
v 0.626616 0.851575 -0.209308
v 0.446591 0.750938 -0.150705
v 0.446591 0.750938 -0.150705
v 0.413838 0.689990 -0.166212
v 0.629571 0.813091 -0.248654
v 0.614827 0.847896 -0.266411
v 0.629571 0.813091 -0.248654
v 0.413838 0.689990 -0.166212
v 0.413838 0.689990 -0.166212
v 0.447104 0.736742 -0.230197
v 0.614827 0.847896 -0.266411
v 0.611071 0.878336 -0.229343
v 0.614827 0.847896 -0.266411
v 0.447104 0.736742 -0.230197
v 0.447104 0.736742 -0.230197
v 0.452711 0.779363 -0.190011
v 0.611071 0.878336 -0.229343
v 0.626616 0.851575 -0.209308
v 0.611071 0.878336 -0.229343
v 0.452711 0.779363 -0.190011
v 0.452711 0.779363 -0.190011
v 0.446591 0.750938 -0.150705
v 0.626616 0.851575 -0.209308
v -0.019796 0.667470 0.744304
v -0.022459 0.653507 0.712737
v 0.011793 0.585019 0.797144
v 0.006218 0.666836 0.723308
v -0.019796 0.667470 0.744304
v 0.011793 0.585019 0.797144
v -0.019796 0.667470 0.744304
v 0.006218 0.666836 0.723308
v -0.003896 0.720728 0.614916
v -0.003896 0.720728 0.614916
v -0.032366 0.722597 0.639622
v -0.019796 0.667470 0.744304
v -0.022459 0.653507 0.712737
v -0.019796 0.667470 0.744304
v -0.032366 0.722597 0.639622
v -0.032366 0.722597 0.639622
v -0.054383 0.704776 0.613437
v -0.022459 0.653507 0.712737
v -0.032366 0.722597 0.639622
v -0.003896 0.720728 0.614916
v -0.011253 0.746210 0.530693
v -0.011253 0.746210 0.530693
v -0.039046 0.750278 0.551587
v -0.032366 0.722597 0.639622
v -0.054383 0.704776 0.613437
v -0.032366 0.722597 0.639622
v -0.039046 0.750278 0.551587
v -0.039046 0.750278 0.551587
v -0.011253 0.746210 0.530693
v -0.013368 0.762992 0.527127
v -0.039046 0.750278 0.551587
v -0.013368 0.762992 0.527127
v -0.027641 0.801219 0.511802
v -0.027641 0.801219 0.511802
v -0.050243 0.787560 0.532165
v -0.039046 0.750278 0.551587
v -0.050243 0.787560 0.532165
v -0.027641 0.801219 0.511802
v -0.050393 0.857280 0.483000
v -0.050393 0.857280 0.483000
v -0.083627 0.846844 0.506555
v -0.050243 0.787560 0.532165
v -0.083627 0.846844 0.506555
v -0.121445 0.848326 0.462811
v -0.050243 0.787560 0.532165
v -0.050393 0.857280 0.483000
v -0.027641 0.801219 0.511802
v -0.048424 0.796072 0.471833
v -0.034100 0.746630 0.482945
v -0.066501 0.728273 0.497442
v -0.086176 0.783756 0.493245
v -0.086176 0.783756 0.493245
v -0.048424 0.796072 0.471833
v -0.034100 0.746630 0.482945
v -0.013368 0.762992 0.527127
v -0.034100 0.746630 0.482945
v -0.048424 0.796072 0.471833
v -0.048424 0.796072 0.471833
v -0.027641 0.801219 0.511802
v -0.013368 0.762992 0.527127
v -0.065096 0.716801 0.501355
v -0.066501 0.728273 0.497442
v -0.034100 0.746630 0.482945
v -0.034100 0.746630 0.482945
v -0.027490 0.723999 0.494868
v -0.065096 0.716801 0.501355
v -0.027490 0.723999 0.494868
v -0.034100 0.746630 0.482945
v -0.013368 0.762992 0.527127
v -0.013368 0.762992 0.527127
v -0.011253 0.746210 0.530693
v -0.027490 0.723999 0.494868
v -0.065096 0.716801 0.501355
v -0.027490 0.723999 0.494868
v -0.025899 0.702906 0.588726
v -0.003896 0.720728 0.614916
v -0.025899 0.702906 0.588726
v -0.027490 0.723999 0.494868
v -0.027490 0.723999 0.494868
v -0.011253 0.746210 0.530693
v -0.003896 0.720728 0.614916
v -0.025899 0.702906 0.588726
v -0.003896 0.720728 0.614916
v 0.006218 0.666836 0.723308
v -0.022459 0.653507 0.712737
v 0.006218 0.666836 0.723308
v 0.011793 0.585019 0.797144
v 0.006218 0.666836 0.723308
v -0.022459 0.653507 0.712737
v -0.025899 0.702906 0.588726
v -0.054383 0.704776 0.613437
v -0.025899 0.702906 0.588726
v -0.022459 0.653507 0.712737
v -0.025899 0.702906 0.588726
v -0.054383 0.704776 0.613437
v -0.065096 0.716801 0.501355
v -0.039046 0.750278 0.551587
v -0.065096 0.716801 0.501355
v -0.054383 0.704776 0.613437
v -0.066501 0.728273 0.497442
v -0.065096 0.716801 0.501355
v -0.039046 0.750278 0.551587
v -0.066501 0.728273 0.497442
v -0.039046 0.750278 0.551587
v -0.050243 0.787560 0.532165
v -0.050243 0.787560 0.532165
v -0.086176 0.783756 0.493245
v -0.066501 0.728273 0.497442
v -0.121445 0.848326 0.462811
v -0.086176 0.783756 0.493245
v -0.050243 0.787560 0.532165
v -0.048424 0.796072 0.471833
v -0.086176 0.783756 0.493245
v -0.121445 0.848326 0.462811
v -0.121445 0.848326 0.462811
v -0.081436 0.847134 0.438366
v -0.048424 0.796072 0.471833
v -0.081436 0.847134 0.438366
v -0.050393 0.857280 0.483000
v -0.048424 0.796072 0.471833
v -0.050166 0.879288 0.454933
v -0.037970 0.877455 0.488621
v -0.050393 0.857280 0.483000
v -0.081436 0.847134 0.438366
v -0.050166 0.879288 0.454933
v -0.050393 0.857280 0.483000
v -0.104381 0.769023 0.166863
v -0.034286 0.844973 0.158526
v -0.098169 0.870844 0.090837
v -0.034286 0.844973 0.158526
v -0.008141 0.876626 0.126001
v -0.098169 0.870844 0.090837
v -0.034286 0.844973 0.158526
v 0.047089 0.765294 0.190616
v -0.008141 0.876626 0.126001
v 0.047089 0.765294 0.190616
v 0.148359 0.850691 0.074845
v -0.008141 0.876626 0.126001
v -0.043589 0.792359 -0.128994
v 0.078536 0.787069 -0.098534
v 0.066097 0.659740 -0.063191
v 0.128810 0.674105 0.002668
v 0.066097 0.659740 -0.063191
v 0.078536 0.787069 -0.098534
v -0.463740 0.770557 0.397304
v -0.448821 0.763971 0.403454
v -0.466959 0.713748 0.431050
v -0.448821 0.763971 0.403454
v -0.463740 0.770557 0.397304
v -0.429577 0.842135 0.388580
v -0.429577 0.842135 0.388580
v -0.406955 0.833373 0.399880
v -0.448821 0.763971 0.403454
v -0.406955 0.833373 0.399880
v -0.429577 0.842135 0.388580
v -0.353466 0.915598 0.393462
v -0.353466 0.915598 0.393462
v -0.336715 0.901225 0.416789
v -0.406955 0.833373 0.399880
v -0.353466 0.915598 0.393462
v -0.318142 0.927535 0.401475
v -0.336715 0.901225 0.416789
v -0.460966 0.775485 0.407921
v -0.463740 0.770557 0.397304
v -0.466959 0.713748 0.431050
v -0.463740 0.770557 0.397304
v -0.460966 0.775485 0.407921
v -0.428508 0.846333 0.410978
v -0.428508 0.846333 0.410978
v -0.429577 0.842135 0.388580
v -0.463740 0.770557 0.397304
v -0.429577 0.842135 0.388580
v -0.428508 0.846333 0.410978
v -0.362754 0.919816 0.421518
v -0.362754 0.919816 0.421518
v -0.353466 0.915598 0.393462
v -0.429577 0.842135 0.388580
v -0.448821 0.763971 0.403454
v -0.460966 0.775485 0.407921
v -0.466959 0.713748 0.431050
v -0.460966 0.775485 0.407921
v -0.448821 0.763971 0.403454
v -0.406955 0.833373 0.399880
v -0.406955 0.833373 0.399880
v -0.428508 0.846333 0.410978
v -0.460966 0.775485 0.407921
v -0.428508 0.846333 0.410978
v -0.406955 0.833373 0.399880
v -0.336715 0.901225 0.416789
v -0.336715 0.901225 0.416789
v -0.362754 0.919816 0.421518
v -0.428508 0.846333 0.410978
v -0.362754 0.919816 0.421518
v -0.336715 0.901225 0.416789
v -0.329215 0.932574 0.434993
v -0.353466 0.915598 0.393462
v -0.362754 0.919816 0.421518
v -0.329215 0.932574 0.434993
v -0.329215 0.932574 0.434993
v -0.318142 0.927535 0.401475
v -0.353466 0.915598 0.393462
v -0.336715 0.901225 0.416789
v -0.318142 0.927535 0.401475
v -0.233961 0.893889 0.425020
v -0.233961 0.893889 0.425020
v -0.289553 0.865985 0.427998
v -0.336715 0.901225 0.416789
v -0.329215 0.932574 0.434993
v -0.336715 0.901225 0.416789
v -0.289553 0.865985 0.427998
v -0.289553 0.865985 0.427998
v -0.245416 0.899468 0.469299
v -0.329215 0.932574 0.434993
v -0.318142 0.927535 0.401475
v -0.329215 0.932574 0.434993
v -0.245416 0.899468 0.469299
v -0.245416 0.899468 0.469299
v -0.233961 0.893889 0.425020
v -0.318142 0.927535 0.401475
v -0.289553 0.865985 0.427998
v -0.233961 0.893889 0.425020
v -0.107910 0.905725 0.445293
v -0.107910 0.905725 0.445293
v -0.107469 0.874501 0.477647
v -0.289553 0.865985 0.427998
v -0.245416 0.899468 0.469299
v -0.289553 0.865985 0.427998
v -0.107469 0.874501 0.477647
v -0.107469 0.874501 0.477647
v -0.100173 0.912681 0.491483
v -0.245416 0.899468 0.469299
v -0.233961 0.893889 0.425020
v -0.245416 0.899468 0.469299
v -0.100173 0.912681 0.491483
v -0.100173 0.912681 0.491483
v -0.107910 0.905725 0.445293
v -0.233961 0.893889 0.425020
v -0.015949 0.194013 -0.250576
v -0.044586 0.000007 -0.483495
v -0.180985 0.000006 -0.398451
v -0.080364 0.966700 0.034570
v -0.007814 0.960920 0.086136
v -0.025369 1.107341 0.047247
v -0.025369 1.107341 0.047247
v -0.069022 1.116751 0.008028
v -0.080364 0.966700 0.034570
v 0.452711 0.779363 -0.190011
v 0.447104 0.736742 -0.230197
v 0.376484 0.717678 -0.219022
v 0.447104 0.736742 -0.230197
v 0.413838 0.689990 -0.166212
v 0.376484 0.717678 -0.219022
v 0.446591 0.750938 -0.150705
v 0.381440 0.773618 -0.141427
v 0.413838 0.689990 -0.166212
v 0.381440 0.773618 -0.141427
v 0.233391 0.882848 -0.102215
v 0.213204 0.812567 -0.117545
v 0.213204 0.812567 -0.117545
v 0.413838 0.689990 -0.166212
v 0.381440 0.773618 -0.141427
v 0.413838 0.689990 -0.166212
v 0.213204 0.812567 -0.117545
v 0.210612 0.834993 -0.179890
v 0.210612 0.834993 -0.179890
v 0.376484 0.717678 -0.219022
v 0.413838 0.689990 -0.166212
v 0.371732 0.778860 -0.191623
v 0.376484 0.717678 -0.219022
v 0.210612 0.834993 -0.179890
v 0.376484 0.717678 -0.219022
v 0.371732 0.778860 -0.191623
v 0.452711 0.779363 -0.190011
v 0.446591 0.750938 -0.150705
v 0.452711 0.779363 -0.190011
v 0.371732 0.778860 -0.191623
v 0.371732 0.778860 -0.191623
v 0.381440 0.773618 -0.141427
v 0.446591 0.750938 -0.150705
v 0.233391 0.882848 -0.102215
v 0.381440 0.773618 -0.141427
v 0.371732 0.778860 -0.191623
v 0.371732 0.778860 -0.191623
v 0.234829 0.896234 -0.167704
v 0.233391 0.882848 -0.102215
v 0.210612 0.834993 -0.179890
v 0.234829 0.896234 -0.167704
v 0.371732 0.778860 -0.191623
v -0.086435 1.165806 0.814583
v -0.093147 1.161844 0.803777
v -0.247952 1.176952 0.884169
v -0.082545 1.152953 0.818194
v -0.086435 1.165806 0.814583
v -0.247952 1.176952 0.884169
v -0.089258 1.149017 0.807399
v -0.082545 1.152953 0.818194
v -0.247952 1.176952 0.884169
v -0.093147 1.161844 0.803777
v -0.089258 1.149017 0.807399
v -0.247952 1.176952 0.884169
v -0.024214 1.212532 -0.207060
v -0.022400 1.072562 -0.191376
v -0.086935 1.173037 -0.118988
v -0.086935 1.173037 -0.118988
v -0.073176 1.253400 -0.122855
v -0.024214 1.212532 -0.207060
v -0.073176 1.253400 -0.122855
v -0.086935 1.173037 -0.118988
v -0.069022 1.116751 0.008028
v -0.069022 1.116751 0.008028
v -0.013182 1.261314 -0.016222
v -0.073176 1.253400 -0.122855
v -0.127455 0.832310 -0.037238
v -0.098169 0.870844 0.090837
v -0.080364 0.966700 0.034570
v -0.069022 1.116751 0.008028
v -0.106840 0.946574 -0.082914
v -0.080364 0.966700 0.034570
v -0.080364 0.966700 0.034570
v -0.106840 0.946574 -0.082914
v -0.127455 0.832310 -0.037238
v -0.043589 0.792359 -0.128994
v -0.127455 0.832310 -0.037238
v -0.106840 0.946574 -0.082914
v -0.022400 1.072562 -0.191376
v -0.031531 0.886381 -0.143954
v -0.106840 0.946574 -0.082914
v -0.106840 0.946574 -0.082914
v -0.031531 0.886381 -0.143954
v -0.043589 0.792359 -0.128994
v 0.065133 1.380859 -0.814969
v 0.103941 1.366557 -0.786223
v 0.118213 1.507019 -0.746823
v 0.118213 1.507019 -0.746823
v 0.077634 1.523323 -0.775847
v 0.065133 1.380859 -0.814969
v 0.082635 1.401263 -0.852254
v 0.065133 1.380859 -0.814969
v 0.077634 1.523323 -0.775847
v 0.077634 1.523323 -0.775847
v 0.094839 1.560895 -0.808415
v 0.082635 1.401263 -0.852254
v 0.137198 1.399123 -0.846617
v 0.082635 1.401263 -0.852254
v 0.094839 1.560895 -0.808415
v 0.094839 1.560895 -0.808415
v 0.146051 1.567811 -0.799482
v 0.137198 1.399123 -0.846617
v 0.137198 1.399123 -0.846617
v 0.146051 1.567811 -0.799482
v 0.160497 1.534514 -0.761346
v 0.160497 1.534514 -0.761346
v 0.156498 1.378130 -0.801657
v 0.137198 1.399123 -0.846617
v 0.156498 1.378130 -0.801657
v 0.160497 1.534514 -0.761346
v 0.118213 1.507019 -0.746823
v 0.118213 1.507019 -0.746823
v 0.103941 1.366557 -0.786223
v 0.156498 1.378130 -0.801657
v 0.145352 1.575339 -0.604750
v 0.118213 1.507019 -0.746823
v 0.160497 1.534514 -0.761346
v 0.146051 1.567811 -0.799482
v 0.094839 1.560895 -0.808415
v 0.125735 1.654304 -0.630149
v 0.125735 1.654304 -0.630149
v 0.177355 1.652503 -0.620963
v 0.146051 1.567811 -0.799482
v 0.160497 1.534514 -0.761346
v 0.146051 1.567811 -0.799482
v 0.177355 1.652503 -0.620963
v 0.177355 1.652503 -0.620963
v 0.183412 1.587614 -0.643905
v 0.160497 1.534514 -0.761346
v 0.160497 1.534514 -0.761346
v 0.183412 1.587614 -0.643905
v 0.145352 1.575339 -0.604750
v 0.077634 1.523323 -0.775847
v 0.118213 1.507019 -0.746823
v 0.145352 1.575339 -0.604750
v 0.145352 1.575339 -0.604750
v 0.105956 1.606614 -0.620033
v 0.077634 1.523323 -0.775847
v 0.094839 1.560895 -0.808415
v 0.077634 1.523323 -0.775847
v 0.105956 1.606614 -0.620033
v 0.105956 1.606614 -0.620033
v 0.125735 1.654304 -0.630149
v 0.094839 1.560895 -0.808415
v 0.349055 1.188458 0.391151
v 0.225698 1.187682 0.391201
v 0.254124 1.228685 0.347072
v 0.225698 1.187682 0.391201
v 0.349055 1.188458 0.391151
v 0.348255 1.210839 0.417585
v 0.348255 1.210839 0.417585
v 0.236476 1.213838 0.438189
v 0.225698 1.187682 0.391201
v 0.236476 1.213838 0.438189
v 0.348255 1.210839 0.417585
v 0.358373 1.236277 0.396353
v 0.358373 1.236277 0.396353
v 0.210127 1.252672 0.382525
v 0.236476 1.213838 0.438189
v 0.615921 1.242459 0.426762
v 0.615084 1.245279 0.424896
v 0.358373 1.236277 0.396353
v 0.358373 1.236277 0.396353
v 0.348255 1.210839 0.417585
v 0.615921 1.242459 0.426762
v 0.615921 1.242459 0.426762
v 0.348255 1.210839 0.417585
v 0.349055 1.188458 0.391151
v 0.349055 1.188458 0.391151
v 0.615037 1.240420 0.424078
v 0.615921 1.242459 0.426762
v 0.614200 1.243241 0.422212
v 0.615037 1.240420 0.424078
v 0.349055 1.188458 0.391151
v 0.349055 1.188458 0.391151
v 0.359174 1.213896 0.369919
v 0.614200 1.243241 0.422212
v 0.254124 1.228685 0.347072
v 0.359174 1.213896 0.369919
v 0.349055 1.188458 0.391151
v 0.359174 1.213896 0.369919
v 0.254124 1.228685 0.347072
v 0.210127 1.252672 0.382525
v 0.210127 1.252672 0.382525
v 0.358373 1.236277 0.396353
v 0.359174 1.213896 0.369919
v 0.614200 1.243241 0.422212
v 0.359174 1.213896 0.369919
v 0.358373 1.236277 0.396353
v 0.358373 1.236277 0.396353
v 0.615084 1.245279 0.424896
v 0.614200 1.243241 0.422212
v 0.167949 1.008832 -0.093659
v 0.233391 0.882848 -0.102215
v 0.234829 0.896234 -0.167704
v 0.091941 0.877656 -0.126575
v 0.167949 1.008832 -0.093659
v 0.234829 0.896234 -0.167704
v 0.234829 0.896234 -0.167704
v 0.210612 0.834993 -0.179890
v 0.091941 0.877656 -0.126575
v 0.091941 0.877656 -0.126575
v 0.210612 0.834993 -0.179890
v 0.213204 0.812567 -0.117545
v 0.213204 0.812567 -0.117545
v 0.159247 0.844838 -0.086300
v 0.091941 0.877656 -0.126575
v 0.159247 0.844838 -0.086300
v 0.213204 0.812567 -0.117545
v 0.233391 0.882848 -0.102215
v 0.233391 0.882848 -0.102215
v 0.172006 0.932843 -0.018833
v 0.159247 0.844838 -0.086300
v 0.167949 1.008832 -0.093659
v 0.172006 0.932843 -0.018833
v 0.233391 0.882848 -0.102215
v -0.093147 1.161844 0.803777
v -0.086435 1.165806 0.814583
v -0.016772 1.182476 0.702488
v -0.016772 1.182476 0.702488
v -0.027572 1.175583 0.684863
v -0.093147 1.161844 0.803777
v -0.089258 1.149017 0.807399
v -0.093147 1.161844 0.803777
v -0.027572 1.175583 0.684863
v -0.027572 1.175583 0.684863
v -0.030176 1.153776 0.705775
v -0.089258 1.149017 0.807399
v -0.089258 1.149017 0.807399
v -0.030176 1.153776 0.705775
v -0.010433 1.161585 0.708539
v -0.010433 1.161585 0.708539
v -0.082545 1.152953 0.818194
v -0.089258 1.149017 0.807399
v -0.086435 1.165806 0.814583
v -0.082545 1.152953 0.818194
v -0.010433 1.161585 0.708539
v -0.010433 1.161585 0.708539
v -0.016772 1.182476 0.702488
v -0.086435 1.165806 0.814583
v 0.050567 1.134204 0.660739
v -0.009786 1.144837 0.681807
v -0.027572 1.175583 0.684863
v -0.010433 1.161585 0.708539
v -0.009786 1.144837 0.681807
v 0.050567 1.134204 0.660739
v 0.050567 1.134204 0.660739
v 0.064505 1.148214 0.681978
v -0.010433 1.161585 0.708539
v -0.016772 1.182476 0.702488
v -0.010433 1.161585 0.708539
v 0.064505 1.148214 0.681978
v 0.064505 1.148214 0.681978
v 0.054214 1.173474 0.669517
v -0.016772 1.182476 0.702488
v -0.027572 1.175583 0.684863
v -0.016772 1.182476 0.702488
v 0.054214 1.173474 0.669517
v 0.054214 1.173474 0.669517
v 0.040308 1.159363 0.648260
v -0.027572 1.175583 0.684863
v -0.027572 1.175583 0.684863
v 0.040308 1.159363 0.648260
v 0.050567 1.134204 0.660739
v 0.040308 1.159363 0.648260
v 0.054214 1.173474 0.669517
v 0.091886 1.176408 0.574400
v 0.091886 1.176408 0.574400
v 0.076953 1.157360 0.543547
v 0.040308 1.159363 0.648260
v 0.050567 1.134204 0.660739
v 0.040308 1.159363 0.648260
v 0.076953 1.157360 0.543547
v 0.076953 1.157360 0.543547
v 0.090732 1.123531 0.559983
v 0.050567 1.134204 0.660739
v 0.064505 1.148214 0.681978
v 0.050567 1.134204 0.660739
v 0.090732 1.123531 0.559983
v 0.090732 1.123531 0.559983
v 0.105730 1.142400 0.590814
v 0.064505 1.148214 0.681978
v 0.054214 1.173474 0.669517
v 0.064505 1.148214 0.681978
v 0.105730 1.142400 0.590814
v 0.105730 1.142400 0.590814
v 0.091886 1.176408 0.574400
v 0.054214 1.173474 0.669517
v 0.076953 1.157360 0.543547
v 0.091886 1.176408 0.574400
v 0.169595 1.223343 0.505354
v 0.169595 1.223343 0.505354
v 0.147802 1.197142 0.481624
v 0.076953 1.157360 0.543547
v 0.090732 1.123531 0.559983
v 0.076953 1.157360 0.543547
v 0.147802 1.197142 0.481624
v 0.147802 1.197142 0.481624
v 0.178954 1.167828 0.487969
v 0.090732 1.123531 0.559983
v 0.105730 1.142400 0.590814
v 0.090732 1.123531 0.559983
v 0.178954 1.167828 0.487969
v 0.178954 1.167828 0.487969
v 0.200838 1.193750 0.511713
v 0.105730 1.142400 0.590814
v 0.091886 1.176408 0.574400
v 0.105730 1.142400 0.590814
v 0.200838 1.193750 0.511713
v 0.200838 1.193750 0.511713
v 0.169595 1.223343 0.505354
v 0.091886 1.176408 0.574400
v 0.147802 1.197142 0.481624
v 0.169595 1.223343 0.505354
v 0.210127 1.252672 0.382525
v 0.210127 1.252672 0.382525
v 0.177584 1.202021 0.381046
v 0.147802 1.197142 0.481624
v 0.178954 1.167828 0.487969
v 0.147802 1.197142 0.481624
v 0.177584 1.202021 0.381046
v 0.177584 1.202021 0.381046
v 0.225698 1.187682 0.391201
v 0.178954 1.167828 0.487969
v 0.200838 1.193750 0.511713
v 0.178954 1.167828 0.487969
v 0.225698 1.187682 0.391201
v 0.225698 1.187682 0.391201
v 0.236476 1.213838 0.438189
v 0.200838 1.193750 0.511713
v 0.169595 1.223343 0.505354
v 0.200838 1.193750 0.511713
v 0.236476 1.213838 0.438189
v 0.236476 1.213838 0.438189
v 0.210127 1.252672 0.382525
v 0.169595 1.223343 0.505354
v 0.210127 1.252672 0.382525
v 0.126326 1.162408 0.270723
v 0.121444 1.126655 0.305028
v 0.175821 1.172948 0.266100
v 0.126326 1.162408 0.270723
v 0.210127 1.252672 0.382525
v 0.175821 1.172948 0.266100
v 0.210127 1.252672 0.382525
v 0.254124 1.228685 0.347072
v 0.184724 1.129387 0.309615
v 0.175821 1.172948 0.266100
v 0.254124 1.228685 0.347072
v 0.254124 1.228685 0.347072
v 0.225698 1.187682 0.391201
v 0.184724 1.129387 0.309615
v 0.121444 1.126655 0.305028
v 0.184724 1.129387 0.309615
v 0.225698 1.187682 0.391201
v 0.225698 1.187682 0.391201
v 0.177584 1.202021 0.381046
v 0.121444 1.126655 0.305028
v 0.121444 1.126655 0.305028
v 0.177584 1.202021 0.381046
v 0.210127 1.252672 0.382525
v -0.031531 0.886381 -0.143954
v 0.091941 0.877656 -0.126575
v 0.078536 0.787069 -0.098534
v 0.091941 0.877656 -0.126575
v 0.159247 0.844838 -0.086300
v 0.078536 0.787069 -0.098534
v 0.159247 0.844838 -0.086300
v 0.149588 0.809385 -0.035126
v 0.078536 0.787069 -0.098534
v 0.159247 0.844838 -0.086300
v 0.172006 0.932843 -0.018833
v 0.149588 0.809385 -0.035126
v 0.172006 0.932843 -0.018833
v 0.148359 0.850691 0.074845
v 0.149588 0.809385 -0.035126
v 0.172006 0.932843 -0.018833
v 0.137724 0.934544 0.052155
v 0.148359 0.850691 0.074845
v -0.008141 0.876626 0.126001
v 0.148359 0.850691 0.074845
v 0.137724 0.934544 0.052155
v 0.137724 0.934544 0.052155
v -0.007814 0.960920 0.086136
v -0.008141 0.876626 0.126001
v -0.098169 0.870844 0.090837
v -0.008141 0.876626 0.126001
v -0.007814 0.960920 0.086136
v -0.007814 0.960920 0.086136
v -0.080364 0.966700 0.034570
v -0.098169 0.870844 0.090837
v 0.078536 0.787069 -0.098534
v -0.043589 0.792359 -0.128994
v -0.031531 0.886381 -0.143954
v 0.122231 1.102433 0.028054
v 0.172006 0.932843 -0.018833
v 0.167949 1.008832 -0.093659
v 0.122231 1.102433 0.028054
v 0.137724 0.934544 0.052155
v 0.172006 0.932843 -0.018833
v -0.022400 1.072562 -0.191376
v -0.024214 1.212532 -0.207060
v 0.079257 1.198997 -0.206730
v 0.157444 1.061383 -0.089405
v 0.138981 1.224360 -0.125541
v 0.100405 1.258467 -0.033960
v 0.079257 1.198997 -0.206730
v 0.138981 1.224360 -0.125541
v 0.157444 1.061383 -0.089405
v 0.157444 1.061383 -0.089405
v 0.091431 1.054518 -0.184151
v 0.079257 1.198997 -0.206730
v 0.079257 1.198997 -0.206730
v 0.091431 1.054518 -0.184151
v -0.022400 1.072562 -0.191376
v 0.091941 0.877656 -0.126575
v -0.031531 0.886381 -0.143954
v -0.022400 1.072562 -0.191376
v -0.022400 1.072562 -0.191376
v 0.091431 1.054518 -0.184151
v 0.091941 0.877656 -0.126575
v 0.091431 1.054518 -0.184151
v 0.167949 1.008832 -0.093659
v 0.091941 0.877656 -0.126575
v 0.091431 1.054518 -0.184151
v 0.157444 1.061383 -0.089405
v 0.167949 1.008832 -0.093659
v 0.157444 1.061383 -0.089405
v 0.122231 1.102433 0.028054
v 0.167949 1.008832 -0.093659
v 0.100405 1.258467 -0.033960
v 0.122231 1.102433 0.028054
v 0.157444 1.061383 -0.089405
v -0.025369 1.107341 0.047247
v 0.122231 1.102433 0.028054
v 0.100405 1.258467 -0.033960
v 0.100405 1.258467 -0.033960
v -0.013182 1.261314 -0.016222
v -0.025369 1.107341 0.047247
v -0.069022 1.116751 0.008028
v -0.025369 1.107341 0.047247
v -0.013182 1.261314 -0.016222
v -0.299787 0.165548 0.053217
v -0.426094 0.000007 -0.018070
v -0.401172 0.000008 0.121872
v -0.385223 0.000007 -0.135383
v -0.426094 0.000007 -0.018070
v -0.299787 0.165548 0.053217
v -0.299787 0.165548 0.053217
v -0.268512 0.182096 -0.079796
v -0.385223 0.000007 -0.135383
v -0.268512 0.182096 -0.079796
v -0.299787 0.165548 0.053217
v -0.200301 0.307827 -0.024339
v -0.246985 0.000008 -0.303281
v -0.214760 -0.000955 -0.204322
v -0.169301 0.171804 -0.128617
v -0.169301 0.171804 -0.128617
v -0.179044 0.182283 -0.171364
v -0.246985 0.000008 -0.303281
v -0.179044 0.182283 -0.171364
v -0.169301 0.171804 -0.128617
v -0.172804 0.300668 -0.041999
v -0.172804 0.300668 -0.041999
v -0.170470 0.315163 -0.076875
v -0.179044 0.182283 -0.171364
v -0.170470 0.315163 -0.076875
v -0.172804 0.300668 -0.041999
v -0.118016 0.434830 0.035897
v -0.118016 0.434830 0.035897
v -0.129079 0.431268 -0.006544
v -0.170470 0.315163 -0.076875
v -0.214760 -0.000955 -0.204322
v -0.385223 0.000007 -0.135383
v -0.268512 0.182096 -0.079796
v -0.268512 0.182096 -0.079796
v -0.169301 0.171804 -0.128617
v -0.214760 -0.000955 -0.204322
v -0.169301 0.171804 -0.128617
v -0.268512 0.182096 -0.079796
v -0.200301 0.307827 -0.024339
v -0.200301 0.307827 -0.024339
v -0.172804 0.300668 -0.041999
v -0.169301 0.171804 -0.128617
v -0.172804 0.300668 -0.041999
v -0.200301 0.307827 -0.024339
v -0.151848 0.434083 0.044292
v -0.151848 0.434083 0.044292
v -0.118016 0.434830 0.035897
v -0.172804 0.300668 -0.041999
v -0.118016 0.434830 0.035897
v -0.151848 0.434083 0.044292
v -0.145417 0.556890 0.024764
v -0.129079 0.431268 -0.006544
v -0.118016 0.434830 0.035897
v -0.145417 0.556890 0.024764
v -0.098169 0.870844 0.090837
v -0.127455 0.832310 -0.037238
v -0.140454 0.678925 -0.000721
v -0.140454 0.678925 -0.000721
v -0.140442 0.720082 0.102217
v -0.098169 0.870844 0.090837
v -0.140442 0.720082 0.102217
v -0.140454 0.678925 -0.000721
v -0.145417 0.556890 0.024764
v -0.145417 0.556890 0.024764
v -0.154072 0.557612 0.122917
v -0.140442 0.720082 0.102217
v -0.154072 0.557612 0.122917
v -0.145417 0.556890 0.024764
v -0.151848 0.434083 0.044292
v -0.151848 0.434083 0.044292
v -0.158475 0.429739 0.104118
v -0.154072 0.557612 0.122917
v -0.158475 0.429739 0.104118
v -0.151848 0.434083 0.044292
v -0.200301 0.307827 -0.024339
v -0.200301 0.307827 -0.024339
v -0.213356 0.308815 0.069120
v -0.158475 0.429739 0.104118
v -0.299787 0.165548 0.053217
v -0.213356 0.308815 0.069120
v -0.200301 0.307827 -0.024339
v -0.127455 0.832310 -0.037238
v -0.043589 0.792359 -0.128994
v -0.048338 0.656411 -0.087892
v -0.048338 0.656411 -0.087892
v -0.140454 0.678925 -0.000721
v -0.127455 0.832310 -0.037238
v -0.140454 0.678925 -0.000721
v -0.048338 0.656411 -0.087892
v -0.086978 0.534106 -0.077152
v -0.086978 0.534106 -0.077152
v -0.145417 0.556890 0.024764
v -0.140454 0.678925 -0.000721
v -0.145417 0.556890 0.024764
v -0.086978 0.534106 -0.077152
v -0.064079 0.426566 -0.075640
v -0.064079 0.426566 -0.075640
v -0.129079 0.431268 -0.006544
v -0.145417 0.556890 0.024764
v -0.129079 0.431268 -0.006544
v -0.064079 0.426566 -0.075640
v -0.075852 0.333553 -0.142969
v -0.075852 0.333553 -0.142969
v -0.170470 0.315163 -0.076875
v -0.129079 0.431268 -0.006544
v -0.170470 0.315163 -0.076875
v -0.075852 0.333553 -0.142969
v -0.015949 0.194013 -0.250576
v -0.015949 0.194013 -0.250576
v -0.179044 0.182283 -0.171364
v -0.170470 0.315163 -0.076875
v -0.180985 0.000006 -0.398451
v -0.179044 0.182283 -0.171364
v -0.015949 0.194013 -0.250576
v -0.179044 0.182283 -0.171364
v -0.180985 0.000006 -0.398451
v -0.246985 0.000008 -0.303281
v -0.120932 0.906838 0.437862
v -0.125680 0.858957 0.427496
v -0.135989 0.853182 0.452615
v -0.125680 0.858957 0.427496
v -0.120932 0.906838 0.437862
v -0.113930 0.896647 0.379719
v -0.113930 0.896647 0.379719
v -0.117289 0.862269 0.391043
v -0.125680 0.858957 0.427496
v -0.090534 0.843086 0.286488
v -0.117289 0.862269 0.391043
v -0.113930 0.896647 0.379719
v -0.084114 0.850001 0.410275
v -0.117289 0.862269 0.391043
v -0.090534 0.843086 0.286488
v -0.090534 0.843086 0.286488
v -0.051615 0.816065 0.314411
v -0.084114 0.850001 0.410275
v -0.051212 0.882685 0.399594
v -0.084114 0.850001 0.410275
v -0.051615 0.816065 0.314411
v -0.051615 0.816065 0.314411
v -0.015459 0.857188 0.300748
v -0.051212 0.882685 0.399594
v -0.073253 0.909265 0.384958
v -0.051212 0.882685 0.399594
v -0.015459 0.857188 0.300748
v -0.015459 0.857188 0.300748
v -0.044175 0.875201 0.277126
v -0.073253 0.909265 0.384958
v -0.068765 0.931436 0.487956
v -0.037970 0.877455 0.488621
v -0.050166 0.879288 0.454933
v -0.051212 0.882685 0.399594
v -0.073253 0.909265 0.384958
v -0.073987 0.920259 0.450316
v -0.050166 0.879288 0.454933
v -0.073987 0.920259 0.450316
v -0.068765 0.931436 0.487956
v -0.073987 0.920259 0.450316
v -0.050166 0.879288 0.454933
v -0.051212 0.882685 0.399594
v -0.051212 0.882685 0.399594
v -0.050166 0.879288 0.454933
v -0.081436 0.847134 0.438366
v -0.084114 0.850001 0.410275
v -0.051212 0.882685 0.399594
v -0.081436 0.847134 0.438366
v -0.084114 0.850001 0.410275
v -0.081436 0.847134 0.438366
v -0.125680 0.858957 0.427496
v -0.117289 0.862269 0.391043
v -0.084114 0.850001 0.410275
v -0.125680 0.858957 0.427496
v -0.083627 0.846844 0.506555
v -0.037970 0.877455 0.488621
v -0.064059 0.879175 0.524022
v -0.079616 0.906212 0.523728
v -0.064059 0.879175 0.524022
v -0.037970 0.877455 0.488621
v -0.037970 0.877455 0.488621
v -0.068765 0.931436 0.487956
v -0.079616 0.906212 0.523728
v -0.125680 0.858957 0.427496
v -0.081436 0.847134 0.438366
v -0.121445 0.848326 0.462811
v -0.121445 0.848326 0.462811
v -0.135989 0.853182 0.452615
v -0.125680 0.858957 0.427496
v -0.135989 0.853182 0.452615
v -0.121445 0.848326 0.462811
v -0.113213 0.866324 0.509588
v -0.113213 0.866324 0.509588
v -0.121445 0.848326 0.462811
v -0.083627 0.846844 0.506555
v -0.083627 0.846844 0.506555
v -0.084583 0.855445 0.515294
v -0.113213 0.866324 0.509588
v -0.064059 0.879175 0.524022
v -0.084583 0.855445 0.515294
v -0.083627 0.846844 0.506555
v -0.084583 0.855445 0.515294
v -0.064059 0.879175 0.524022
v -0.090367 0.880990 0.530739
v -0.113213 0.866324 0.509588
v -0.084583 0.855445 0.515294
v -0.090367 0.880990 0.530739
v -0.110093 0.898271 0.514837
v -0.113213 0.866324 0.509588
v -0.090367 0.880990 0.530739
v -0.113213 0.866324 0.509588
v -0.110093 0.898271 0.514837
v -0.129754 0.915580 0.470245
v -0.129754 0.915580 0.470245
v -0.135989 0.853182 0.452615
v -0.113213 0.866324 0.509588
v -0.135989 0.853182 0.452615
v -0.129754 0.915580 0.470245
v -0.120932 0.906838 0.437862
v -0.064059 0.879175 0.524022
v -0.079616 0.906212 0.523728
v -0.090367 0.880990 0.530739
v -0.079616 0.906212 0.523728
v -0.110093 0.898271 0.514837
v -0.090367 0.880990 0.530739
v -0.110093 0.898271 0.514837
v -0.079616 0.906212 0.523728
v -0.068765 0.931436 0.487956
v -0.068765 0.931436 0.487956
v -0.129754 0.915580 0.470245
v -0.110093 0.898271 0.514837
v -0.129754 0.915580 0.470245
v -0.068765 0.931436 0.487956
v -0.073987 0.920259 0.450316
v -0.073987 0.920259 0.450316
v -0.120932 0.906838 0.437862
v -0.129754 0.915580 0.470245
v -0.120932 0.906838 0.437862
v -0.073987 0.920259 0.450316
v -0.073253 0.909265 0.384958
v -0.073253 0.909265 0.384958
v -0.113930 0.896647 0.379719
v -0.120932 0.906838 0.437862
v -0.113930 0.896647 0.379719
v -0.073253 0.909265 0.384958
v -0.044175 0.875201 0.277126
v -0.044175 0.875201 0.277126
v -0.090534 0.843086 0.286488
v -0.113930 0.896647 0.379719
v -0.465219 1.082932 -0.379945
v -0.461099 1.072243 -0.342174
v -0.444960 1.040787 -0.334821
v -0.500355 1.084460 -0.349355
v -0.461099 1.072243 -0.342174
v -0.465219 1.082932 -0.379945
v -0.505392 1.050851 -0.402918
v -0.500355 1.084460 -0.349355
v -0.465219 1.082932 -0.379945
v -0.492623 1.037948 -0.358305
v -0.445863 1.030414 -0.383152
v -0.444960 1.040787 -0.334821
v -0.445863 1.030414 -0.383152
v -0.465219 1.082932 -0.379945
v -0.444960 1.040787 -0.334821
v -0.445863 1.030414 -0.383152
v -0.470867 1.035275 -0.422223
v -0.465219 1.082932 -0.379945
v -0.465219 1.082932 -0.379945
v -0.470867 1.035275 -0.422223
v -0.505392 1.050851 -0.402918
v -0.492623 1.037948 -0.358305
v -0.500355 1.084460 -0.349355
v -0.505392 1.050851 -0.402918
v -0.603984 0.790204 -0.672775
v -0.588031 0.800099 -0.626532
v -0.593372 0.807472 -0.637261
v -0.593372 0.807472 -0.637261
v -0.588031 0.800099 -0.626532
v -0.576577 0.826084 -0.622853
v -0.576577 0.826084 -0.622853
v -0.581580 0.832373 -0.627380
v -0.593372 0.807472 -0.637261
v -0.581580 0.832373 -0.627380
v -0.576577 0.826084 -0.622853
v -0.599398 0.821790 -0.526434
v -0.599398 0.821790 -0.526434
v -0.605808 0.845180 -0.537261
v -0.581580 0.832373 -0.627380
v -0.605808 0.845180 -0.537261
v -0.599398 0.821790 -0.526434
v -0.560831 0.842280 -0.410910
v -0.560831 0.842280 -0.410910
v -0.567403 0.865990 -0.432118
v -0.605808 0.845180 -0.537261
v -0.567403 0.865990 -0.432118
v -0.560831 0.842280 -0.410910
v -0.514627 0.924970 -0.375148
v -0.514627 0.924970 -0.375148
v -0.536645 0.932745 -0.403722
v -0.567403 0.865990 -0.432118
v -0.536645 0.932745 -0.403722
v -0.514627 0.924970 -0.375148
v -0.492623 1.037948 -0.358305
v -0.492623 1.037948 -0.358305
v -0.505392 1.050851 -0.402918
v -0.536645 0.932745 -0.403722
v -0.445863 1.030414 -0.383152
v -0.492623 1.037948 -0.358305
v -0.514627 0.924970 -0.375148
v -0.514627 0.924970 -0.375148
v -0.490913 0.909907 -0.394002
v -0.445863 1.030414 -0.383152
v -0.490913 0.909907 -0.394002
v -0.514627 0.924970 -0.375148
v -0.560831 0.842280 -0.410910
v -0.560831 0.842280 -0.410910
v -0.532014 0.846343 -0.422898
v -0.490913 0.909907 -0.394002
v -0.532014 0.846343 -0.422898
v -0.560831 0.842280 -0.410910
v -0.599398 0.821790 -0.526434
v -0.599398 0.821790 -0.526434
v -0.575508 0.829183 -0.530889
v -0.532014 0.846343 -0.422898
v -0.575508 0.829183 -0.530889
v -0.599398 0.821790 -0.526434
v -0.576577 0.826084 -0.622853
v -0.576577 0.826084 -0.622853
v -0.567936 0.825033 -0.624531
v -0.575508 0.829183 -0.530889
v -0.567936 0.825033 -0.624531
v -0.576577 0.826084 -0.622853
v -0.588031 0.800099 -0.626532
v -0.588031 0.800099 -0.626532
v -0.576577 0.798428 -0.633785
v -0.567936 0.825033 -0.624531
v -0.603984 0.790204 -0.672775
v -0.576577 0.798428 -0.633785
v -0.588031 0.800099 -0.626532
v -0.603984 0.790204 -0.672775
v -0.581910 0.805837 -0.644507
v -0.576577 0.798428 -0.633785
v -0.567936 0.825033 -0.624531
v -0.576577 0.798428 -0.633785
v -0.560380 0.832089 -0.631133
v -0.567936 0.825033 -0.624531
v -0.560380 0.832089 -0.631133
v -0.575508 0.829183 -0.530889
v -0.560380 0.832089 -0.631133
v -0.576577 0.798428 -0.633785
v -0.581910 0.805837 -0.644507
v -0.603984 0.790204 -0.672775
v -0.593372 0.807472 -0.637261
v -0.581910 0.805837 -0.644507
v -0.566427 0.846176 -0.640690
v -0.581910 0.805837 -0.644507
v -0.593372 0.807472 -0.637261
v -0.581910 0.805837 -0.644507
v -0.566427 0.846176 -0.640690
v -0.560380 0.832089 -0.631133
v -0.560380 0.832089 -0.631133
v -0.566427 0.846176 -0.640690
v -0.581909 0.852611 -0.541732
v -0.581909 0.852611 -0.541732
v -0.575508 0.829183 -0.530889
v -0.560380 0.832089 -0.631133
v -0.575508 0.829183 -0.530889
v -0.581909 0.852611 -0.541732
v -0.538554 0.870191 -0.444098
v -0.538554 0.870191 -0.444098
v -0.532014 0.846343 -0.422898
v -0.575508 0.829183 -0.530889
v -0.532014 0.846343 -0.422898
v -0.538554 0.870191 -0.444098
v -0.512474 0.917674 -0.422542
v -0.512474 0.917674 -0.422542
v -0.490913 0.909907 -0.394002
v -0.532014 0.846343 -0.422898
v -0.490913 0.909907 -0.394002
v -0.512474 0.917674 -0.422542
v -0.470867 1.035275 -0.422223
v -0.470867 1.035275 -0.422223
v -0.445863 1.030414 -0.383152
v -0.490913 0.909907 -0.394002
v -0.605808 0.845180 -0.537261
v -0.580582 0.842976 -0.635361
v -0.581580 0.832373 -0.627380
v -0.505392 1.050851 -0.402918
v -0.470867 1.035275 -0.422223
v -0.512474 0.917674 -0.422542
v -0.512474 0.917674 -0.422542
v -0.536645 0.932745 -0.403722
v -0.505392 1.050851 -0.402918
v -0.536645 0.932745 -0.403722
v -0.512474 0.917674 -0.422542
v -0.538554 0.870191 -0.444098
v -0.538554 0.870191 -0.444098
v -0.567403 0.865990 -0.432118
v -0.536645 0.932745 -0.403722
v -0.567403 0.865990 -0.432118
v -0.538554 0.870191 -0.444098
v -0.581909 0.852611 -0.541732
v -0.581909 0.852611 -0.541732
v -0.605808 0.845180 -0.537261
v -0.567403 0.865990 -0.432118
v -0.605808 0.845180 -0.537261
v -0.581909 0.852611 -0.541732
v -0.566427 0.846176 -0.640690
v -0.566427 0.846176 -0.640690
v -0.580582 0.842976 -0.635361
v -0.605808 0.845180 -0.537261
v -0.593372 0.807472 -0.637261
v -0.580582 0.842976 -0.635361
v -0.566427 0.846176 -0.640690
v -0.593372 0.807472 -0.637261
v -0.581580 0.832373 -0.627380
v -0.580582 0.842976 -0.635361
v 0.061818 0.535878 -0.056405
v -0.002260 0.535018 -0.096932
v -0.048338 0.656411 -0.087892
v -0.002260 0.535018 -0.096932
v 0.061818 0.535878 -0.056405
v 0.089196 0.425668 -0.060571
v 0.124996 0.415303 0.027238
v 0.089196 0.425668 -0.060571
v 0.061818 0.535878 -0.056405
v 0.089196 0.425668 -0.060571
v 0.124996 0.415303 0.027238
v 0.181956 0.320338 -0.050200
v 0.163956 0.290058 -0.016672
v 0.181956 0.320338 -0.050200
v 0.124996 0.415303 0.027238
v -0.048338 0.656411 -0.087892
v -0.002260 0.535018 -0.096932
v -0.086978 0.534106 -0.077152
v -0.086978 0.534106 -0.077152
v -0.002260 0.535018 -0.096932
v 0.023433 0.429169 -0.096757
v 0.089196 0.425668 -0.060571
v 0.023433 0.429169 -0.096757
v -0.002260 0.535018 -0.096932
v 0.023433 0.429169 -0.096757
v 0.089196 0.425668 -0.060571
v 0.106948 0.348619 -0.138910
v 0.181956 0.320338 -0.050200
v 0.106948 0.348619 -0.138910
v 0.089196 0.425668 -0.060571
v 0.153318 0.320920 -0.211638
v 0.106948 0.348619 -0.138910
v 0.181956 0.320338 -0.050200
v 0.033056 0.351228 -0.167778
v 0.106948 0.348619 -0.138910
v 0.153318 0.320920 -0.211638
v 0.106948 0.348619 -0.138910
v 0.033056 0.351228 -0.167778
v 0.023433 0.429169 -0.096757
v -0.064079 0.426566 -0.075640
v 0.023433 0.429169 -0.096757
v 0.033056 0.351228 -0.167778
v 0.023433 0.429169 -0.096757
v -0.064079 0.426566 -0.075640
v -0.086978 0.534106 -0.077152
v 0.033056 0.351228 -0.167778
v -0.075852 0.333553 -0.142969
v -0.064079 0.426566 -0.075640
v 0.153318 0.320920 -0.211638
v 0.113591 0.291138 -0.276819
v 0.033056 0.351228 -0.167778
v 0.033056 0.351228 -0.167778
v 0.113591 0.291138 -0.276819
v -0.015949 0.194013 -0.250576
v -0.015949 0.194013 -0.250576
v -0.075852 0.333553 -0.142969
v 0.033056 0.351228 -0.167778
v -0.015949 0.194013 -0.250576
v 0.127227 0.197013 -0.326431
v -0.044586 0.000007 -0.483495
v 0.113591 0.291138 -0.276819
v 0.127227 0.197013 -0.326431
v -0.015949 0.194013 -0.250576
v 0.127227 0.197013 -0.326431
v 0.255137 0.000007 -0.432721
v -0.044586 0.000007 -0.483495
v 0.298187 0.155409 -0.088255
v 0.163956 0.290058 -0.016672
v 0.213996 0.333799 -0.002014
v 0.181956 0.320338 -0.050200
v 0.163956 0.290058 -0.016672
v 0.298187 0.155409 -0.088255
v 0.298187 0.155409 -0.088255
v 0.298974 0.183389 -0.126580
v 0.181956 0.320338 -0.050200
v 0.153318 0.320920 -0.211638
v 0.181956 0.320338 -0.050200
v 0.298974 0.183389 -0.126580
v 0.298974 0.183389 -0.126580
v 0.203925 0.278205 -0.253733
v 0.153318 0.320920 -0.211638
v 0.203925 0.278205 -0.253733
v 0.113591 0.291138 -0.276819
v 0.153318 0.320920 -0.211638
v 0.113591 0.291138 -0.276819
v 0.203925 0.278205 -0.253733
v 0.211394 0.191516 -0.287727
v 0.211394 0.191516 -0.287727
v 0.127227 0.197013 -0.326431
v 0.113591 0.291138 -0.276819
v 0.127227 0.197013 -0.326431
v 0.211394 0.191516 -0.287727
v 0.325727 0.000007 -0.386307
v 0.325727 0.000007 -0.386307
v 0.255137 0.000007 -0.432721
v 0.127227 0.197013 -0.326431
v 0.298974 0.183389 -0.126580
v 0.211394 0.191516 -0.287727
v 0.203925 0.278205 -0.253733
v 0.211394 0.191516 -0.287727
v 0.298974 0.183389 -0.126580
v 0.325727 0.000007 -0.386307
v 0.298974 0.183389 -0.126580
v 0.390438 0.000007 -0.233435
v 0.325727 0.000007 -0.386307
v 0.298974 0.183389 -0.126580
v 0.298187 0.155409 -0.088255
v 0.390438 0.000007 -0.233435
v 0.213996 0.333799 -0.002014
v 0.343802 0.180995 -0.070541
v 0.298187 0.155409 -0.088255
v 0.343802 0.180995 -0.070541
v 0.213996 0.333799 -0.002014
v 0.222886 0.339965 0.036765
v 0.298187 0.155409 -0.088255
v 0.461213 0.000007 -0.177393
v 0.390438 0.000007 -0.233435
v 0.298187 0.155409 -0.088255
v 0.527920 0.000007 -0.103174
v 0.461213 0.000007 -0.177393
v 0.298187 0.155409 -0.088255
v 0.343802 0.180995 -0.070541
v 0.527920 0.000007 -0.103174
v 0.527920 0.000007 -0.103174
v 0.343802 0.180995 -0.070541
v 0.368334 0.183907 -0.000816
v 0.222886 0.339965 0.036765
v 0.368334 0.183907 -0.000816
v 0.343802 0.180995 -0.070541
v 0.350172 0.185681 0.072105
v 0.368334 0.183907 -0.000816
v 0.222886 0.339965 0.036765
v 0.368334 0.183907 -0.000816
v 0.528207 0.000007 0.007129
v 0.527920 0.000007 -0.103174
v 0.510054 0.000007 0.081777
v 0.528207 0.000007 0.007129
v 0.368334 0.183907 -0.000816
v 0.368334 0.183907 -0.000816
v 0.350172 0.185681 0.072105
v 0.510054 0.000007 0.081777
v 0.510054 0.000007 0.081777
v 0.350172 0.185681 0.072105
v 0.233169 0.185681 0.132437
v 0.464550 0.000007 0.272736
v 0.435653 0.000007 0.166350
v 0.233169 0.185681 0.132437
v 0.233169 0.185681 0.132437
v 0.435653 0.000007 0.166350
v 0.510054 0.000007 0.081777
v 0.325318 0.000008 0.371729
v 0.464550 0.000007 0.272736
v 0.292471 0.220030 0.225250
v 0.233169 0.185681 0.132437
v 0.292471 0.220030 0.225250
v 0.464550 0.000007 0.272736
v 0.292471 0.220030 0.225250
v 0.233169 0.185681 0.132437
v 0.187110 0.302630 0.123310
v 0.187110 0.302630 0.123310
v 0.233169 0.185681 0.132437
v 0.350172 0.185681 0.072105
v 0.350172 0.185681 0.072105
v 0.213525 0.327467 0.094949
v 0.187110 0.302630 0.123310
v 0.222886 0.339965 0.036765
v 0.213525 0.327467 0.094949
v 0.350172 0.185681 0.072105
v 0.108123 0.424795 0.077983
v 0.213525 0.327467 0.094949
v 0.222886 0.339965 0.036765
v 0.108123 0.424795 0.077983
v 0.222886 0.339965 0.036765
v 0.213996 0.333799 -0.002014
v 0.108123 0.424795 0.077983
v 0.213996 0.333799 -0.002014
v 0.163956 0.290058 -0.016672
v 0.124996 0.415303 0.027238
v 0.108123 0.424795 0.077983
v 0.163956 0.290058 -0.016672
v 0.108123 0.424795 0.077983
v 0.124996 0.415303 0.027238
v 0.119035 0.535184 0.033476
v 0.061818 0.535878 -0.056405
v 0.119035 0.535184 0.033476
v 0.124996 0.415303 0.027238
v 0.108123 0.424795 0.077983
v 0.187110 0.302630 0.123310
v 0.213525 0.327467 0.094949
v 0.187110 0.302630 0.123310
v 0.159940 0.343098 0.256346
v 0.292471 0.220030 0.225250
v 0.159940 0.343098 0.256346
v 0.187110 0.302630 0.123310
v 0.147578 0.432249 0.122382
v 0.108123 0.424795 0.077983
v 0.147578 0.432249 0.122382
v 0.187110 0.302630 0.123310
v 0.147578 0.432249 0.122382
v 0.108123 0.424795 0.077983
v 0.100154 0.540168 0.068544
v 0.119035 0.535184 0.033476
v 0.100154 0.540168 0.068544
v 0.108123 0.424795 0.077983
v 0.128810 0.674105 0.002668
v 0.100154 0.540168 0.068544
v 0.119035 0.535184 0.033476
v 0.128810 0.674105 0.002668
v 0.119035 0.535184 0.033476
v 0.061818 0.535878 -0.056405
v 0.061818 0.535878 -0.056405
v 0.066097 0.659740 -0.063191
v 0.128810 0.674105 0.002668
v -0.048338 0.656411 -0.087892
v 0.066097 0.659740 -0.063191
v 0.061818 0.535878 -0.056405
v 0.066097 0.659740 -0.063191
v -0.048338 0.656411 -0.087892
v -0.043589 0.792359 -0.128994
v 0.211231 0.000008 0.417364
v 0.325318 0.000008 0.371729
v 0.232536 0.245041 0.318797
v 0.292471 0.220030 0.225250
v 0.232536 0.245041 0.318797
v 0.325318 0.000008 0.371729
v 0.159940 0.343098 0.256346
v 0.232536 0.245041 0.318797
v 0.292471 0.220030 0.225250
v 0.100154 0.540168 0.068544
v 0.126132 0.537186 0.102579
v 0.147578 0.432249 0.122382
v 0.100154 0.540168 0.068544
v 0.128810 0.674105 0.002668
v 0.126132 0.537186 0.102579
v 0.232536 0.245041 0.318797
v 0.148063 0.231733 0.335315
v 0.211231 0.000008 0.417364
v 0.085121 0.341388 0.290989
v 0.148063 0.231733 0.335315
v 0.232536 0.245041 0.318797
v 0.159940 0.343098 0.256346
v 0.085121 0.341388 0.290989
v 0.232536 0.245041 0.318797
v 0.085121 0.341388 0.290989
v 0.159940 0.343098 0.256346
v 0.132446 0.457203 0.228120
v 0.147578 0.432249 0.122382
v 0.132446 0.457203 0.228120
v 0.159940 0.343098 0.256346
v 0.108813 0.547219 0.185668
v 0.132446 0.457203 0.228120
v 0.147578 0.432249 0.122382
v 0.147578 0.432249 0.122382
v 0.126132 0.537186 0.102579
v 0.108813 0.547219 0.185668
v 0.123108 0.723326 0.139716
v 0.108813 0.547219 0.185668
v 0.126132 0.537186 0.102579
v 0.126132 0.537186 0.102579
v 0.128810 0.674105 0.002668
v 0.123108 0.723326 0.139716
v 0.123108 0.723326 0.139716
v 0.128810 0.674105 0.002668
v 0.149588 0.809385 -0.035126
v 0.078536 0.787069 -0.098534
v 0.149588 0.809385 -0.035126
v 0.128810 0.674105 0.002668
v 0.132446 0.457203 0.228120
v 0.071193 0.458782 0.254381
v 0.085121 0.341388 0.290989
v 0.063018 0.558235 0.232004
v 0.071193 0.458782 0.254381
v 0.132446 0.457203 0.228120
v 0.132446 0.457203 0.228120
v 0.108813 0.547219 0.185668
v 0.063018 0.558235 0.232004
v 0.047089 0.765294 0.190616
v 0.063018 0.558235 0.232004
v 0.108813 0.547219 0.185668
v 0.108813 0.547219 0.185668
v 0.123108 0.723326 0.139716
v 0.047089 0.765294 0.190616
v 0.047089 0.765294 0.190616
v 0.123108 0.723326 0.139716
v 0.148359 0.850691 0.074845
v 0.149588 0.809385 -0.035126
v 0.148359 0.850691 0.074845
v 0.123108 0.723326 0.139716
v -0.032513 0.557467 0.220186
v 0.047089 0.765294 0.190616
v -0.050014 0.700443 0.200933
v -0.032513 0.557467 0.220186
v 0.063018 0.558235 0.232004
v 0.047089 0.765294 0.190616
v 0.019022 0.438632 0.235851
v 0.063018 0.558235 0.232004
v -0.032513 0.557467 0.220186
v 0.019022 0.438632 0.235851
v 0.071193 0.458782 0.254381
v 0.063018 0.558235 0.232004
v 0.071193 0.458782 0.254381
v 0.019022 0.438632 0.235851
v -0.006013 0.327730 0.250187
v -0.006013 0.327730 0.250187
v 0.085121 0.341388 0.290989
v 0.071193 0.458782 0.254381
v 0.085121 0.341388 0.290989
v -0.006013 0.327730 0.250187
v 0.040949 0.205076 0.272604
v 0.040949 0.205076 0.272604
v 0.148063 0.231733 0.335315
v 0.085121 0.341388 0.290989
v 0.148063 0.231733 0.335315
v 0.040949 0.205076 0.272604
v 0.072267 0.000007 0.378001
v 0.072267 0.000007 0.378001
v 0.211231 0.000008 0.417364
v 0.148063 0.231733 0.335315
v -0.130668 0.426144 0.157953
v -0.158475 0.429739 0.104118
v -0.213356 0.308815 0.069120
v -0.178755 0.309897 0.128279
v -0.213356 0.308815 0.069120
v -0.299787 0.165548 0.053217
v -0.213356 0.308815 0.069120
v -0.178755 0.309897 0.128279
v -0.130668 0.426144 0.157953
v -0.073411 0.424954 0.174542
v -0.130668 0.426144 0.157953
v -0.178755 0.309897 0.128279
v -0.034347 0.423411 0.155278
v -0.073411 0.424954 0.174542
v -0.103647 0.313975 0.155948
v -0.178755 0.309897 0.128279
v -0.103647 0.313975 0.155948
v -0.073411 0.424954 0.174542
v -0.103647 0.313975 0.155948
v -0.178755 0.309897 0.128279
v -0.211932 0.171312 0.137189
v -0.299787 0.165548 0.053217
v -0.211932 0.171312 0.137189
v -0.178755 0.309897 0.128279
v -0.401172 0.000008 0.121872
v -0.211932 0.171312 0.137189
v -0.299787 0.165548 0.053217
v -0.018878 0.427999 0.197306
v -0.034347 0.423411 0.155278
v -0.058141 0.312266 0.138558
v -0.103647 0.313975 0.155948
v -0.058141 0.312266 0.138558
v -0.034347 0.423411 0.155278
v -0.058141 0.312266 0.138558
v -0.103647 0.313975 0.155948
v -0.124410 0.176255 0.188424
v -0.211932 0.171312 0.137189
v -0.124410 0.176255 0.188424
v -0.103647 0.313975 0.155948
v -0.124410 0.176255 0.188424
v -0.211932 0.171312 0.137189
v -0.310386 0.000008 0.225035
v -0.401172 0.000008 0.121872
v -0.310386 0.000008 0.225035
v -0.211932 0.171312 0.137189
v -0.310386 0.000008 0.225035
v -0.179314 0.000007 0.292650
v -0.124410 0.176255 0.188424
v -0.019322 0.177705 0.165486
v -0.124410 0.176255 0.188424
v -0.179314 0.000007 0.292650
v -0.124410 0.176255 0.188424
v -0.019322 0.177705 0.165486
v -0.058141 0.312266 0.138558
v -0.049995 0.322713 0.193735
v -0.058141 0.312266 0.138558
v -0.019322 0.177705 0.165486
v -0.058141 0.312266 0.138558
v -0.049995 0.322713 0.193735
v -0.018878 0.427999 0.197306
v -0.019322 0.177705 0.165486
v -0.015201 0.182881 0.213504
v -0.049995 0.322713 0.193735
v -0.015201 0.182881 0.213504
v -0.019322 0.177705 0.165486
v -0.063823 0.000003 0.255653
v -0.179314 0.000007 0.292650
v -0.063823 0.000003 0.255653
v -0.019322 0.177705 0.165486
v -0.063823 0.000003 0.255653
v -0.047271 0.000007 0.295759
v -0.015201 0.182881 0.213504
v 0.040949 0.205076 0.272604
v -0.047271 0.000007 0.295759
v 0.072267 0.000007 0.378001
v 0.040949 0.205076 0.272604
v -0.015201 0.182881 0.213504
v -0.047271 0.000007 0.295759
v -0.015201 0.182881 0.213504
v 0.040949 0.205076 0.272604
v -0.006013 0.327730 0.250187
v -0.006013 0.327730 0.250187
v -0.049995 0.322713 0.193735
v -0.015201 0.182881 0.213504
v -0.050014 0.700443 0.200933
v -0.053258 0.557409 0.179694
v -0.032513 0.557467 0.220186
v -0.050014 0.700443 0.200933
v -0.091921 0.557352 0.207364
v -0.053258 0.557409 0.179694
v -0.050014 0.700443 0.200933
v -0.104381 0.769023 0.166863
v -0.091921 0.557352 0.207364
v -0.091921 0.557352 0.207364
v -0.104381 0.769023 0.166863
v -0.140442 0.720082 0.102217
v -0.140442 0.720082 0.102217
v -0.104381 0.769023 0.166863
v -0.098169 0.870844 0.090837
v -0.140442 0.720082 0.102217
v -0.154072 0.557612 0.122917
v -0.091921 0.557352 0.207364
v -0.049995 0.322713 0.193735
v -0.006013 0.327730 0.250187
v 0.019022 0.438632 0.235851
v 0.019022 0.438632 0.235851
v -0.018878 0.427999 0.197306
v -0.049995 0.322713 0.193735
v -0.032513 0.557467 0.220186
v -0.018878 0.427999 0.197306
v 0.019022 0.438632 0.235851
v -0.034347 0.423411 0.155278
v -0.018878 0.427999 0.197306
v -0.032513 0.557467 0.220186
v -0.032513 0.557467 0.220186
v -0.053258 0.557409 0.179694
v -0.034347 0.423411 0.155278
v -0.073411 0.424954 0.174542
v -0.034347 0.423411 0.155278
v -0.053258 0.557409 0.179694
v -0.053258 0.557409 0.179694
v -0.091921 0.557352 0.207364
v -0.073411 0.424954 0.174542
v -0.130668 0.426144 0.157953
v -0.073411 0.424954 0.174542
v -0.091921 0.557352 0.207364
v -0.091921 0.557352 0.207364
v -0.154072 0.557612 0.122917
v -0.130668 0.426144 0.157953
v -0.158475 0.429739 0.104118
v -0.130668 0.426144 0.157953
v -0.154072 0.557612 0.122917
v 1.037175 0.796426 -0.327679
v 1.079374 1.048172 -0.339757
v 0.728768 0.911563 -0.283208
v -0.322646 0.900213 -0.154979
v -0.324253 1.069424 -0.154580
v -0.344433 1.164158 -0.565175
v -0.344433 1.164158 -0.565175
v -0.352061 0.900850 -0.781644
v -0.322646 0.900213 -0.154979
v -0.288151 1.299773 -0.100976
v -0.288151 1.009109 -0.100976
v -0.792973 0.847094 -0.000494
v -0.792973 0.847094 -0.000494
v -1.058210 1.299773 0.052300
v -0.288151 1.299773 -0.100976
v 0.044031 1.087453 0.068282
v 0.053756 1.055765 0.132697
v 0.211238 1.362202 0.518402
v 0.211238 1.362202 0.518402
v 0.202066 1.595616 0.294410
v 0.044031 1.087453 0.068282
v 0.046709 1.009970 0.180114
v 0.052893 1.080730 0.165873
v -0.200292 1.402067 0.482277
v -0.200292 1.402067 0.482277
v -0.293867 1.130591 0.631552
v 0.046709 1.009970 0.180114
v 0.275307 1.092303 0.434575
v 0.223453 1.244821 0.399916
v 0.224062 1.403668 0.661353
v 0.224062 1.403668 0.661353
v 0.320324 1.204930 0.862842
v 0.275307 1.092303 0.434575
v 0.262839 1.592666 -0.555803
v 0.114954 1.590366 -0.494268
v -0.002422 1.323689 -0.553870
v -0.002422 1.323689 -0.553870
v 0.209531 1.187829 -0.699041
v 0.262839 1.592666 -0.555803
v 0.101599 1.209680 -1.073351
v 0.142284 1.234617 -0.947899
v 0.137595 1.018797 -0.823434
v 0.137595 1.018797 -0.823434
v 0.059855 0.859263 -0.990157
v 0.101599 1.209680 -1.073351
v 0.091484 1.328198 -0.878113
v 0.107481 1.262353 -0.895356
v -0.096182 1.087273 -1.316106
v -0.096182 1.087273 -1.316106
v -0.226174 1.370670 -1.334993
v 0.091484 1.328198 -0.878113
v 0.193930 1.186257 -0.988420
v 0.193930 1.233228 -0.988420
v 0.494219 1.382393 -0.993019
v 0.494219 1.382393 -0.993019
v 0.568792 1.186257 -0.994161
v 0.193930 1.186257 -0.988420
v 0.166622 1.026310 -0.963510
v 0.131263 1.265698 -0.966517
v 0.176318 1.403377 -1.391804
v 0.176318 1.403377 -1.391804
v 0.265415 1.032786 -1.609689
v 0.166622 1.026310 -0.963510
v 0.627067 0.862018 -0.232565
v 0.622022 0.808944 -0.239575
v 0.864441 0.586733 -0.041530
v 0.864441 0.586733 -0.041530
v 0.949687 0.795028 0.042453
v 0.627067 0.862018 -0.232565
v 0.728768 0.911563 -0.283208
v 0.779213 0.780131 -0.287959
v 1.037175 0.796426 -0.327679
v 0.221071 1.193783 -1.036162
v 0.314191 1.177564 -1.098539
v 0.314089 0.912712 -1.112909
v 0.254977 0.894683 0.328817
v 0.176675 0.890441 0.249488
v 0.176166 1.173713 0.265240
v 0.176166 1.173713 0.265240
v 0.254510 1.229414 0.346198
v 0.254977 0.894683 0.328817
v 0.120491 0.853124 0.289095
v 0.176631 0.858867 0.362580
v 0.176528 1.202520 0.381331
v 0.176528 1.202520 0.381331
v 0.120415 1.126817 0.305627
v 0.120491 0.853124 0.289095
v 0.076451 1.144319 -0.782720
v 0.104789 1.144547 -0.626589
v 0.104851 1.606818 -0.620457
v 0.104851 1.606818 -0.620457
v 0.076455 1.523538 -0.775748
v 0.076451 1.144319 -0.782720
v 0.184592 1.112015 -0.652093
v 0.161677 1.111875 -0.770030
v 0.161666 1.534597 -0.761612
v 0.161666 1.534597 -0.761612
v 0.184568 1.587763 -0.644197
v 0.184592 1.112015 -0.652093
v 0.104789 1.144547 -0.626589
v 0.032051 1.144635 -0.534245
v 0.032238 1.638754 -0.528275
v 0.032238 1.638754 -0.528275
v 0.104851 1.606818 -0.620457
v 0.104789 1.144547 -0.626589
v 0.164180 1.142611 -0.444648
v 0.184031 1.142649 -0.569622
v 0.184007 1.599136 -0.563141
v 0.184007 1.599136 -0.563141
v 0.164166 1.584759 -0.437985
v 0.164180 1.142611 -0.444648
v 0.250419 0.919589 -1.002488
v 0.338803 0.917718 -1.092684
v 0.338806 1.179979 -1.078718
v 0.338806 1.179979 -1.078718
v 0.250411 1.201956 -0.987883
v 0.250419 0.919589 -1.002488
v 0.176166 1.173713 0.265240
v 0.209657 1.253677 0.382065
v 0.254510 1.229414 0.346198
v 0.176166 1.173713 0.265240
v 0.125454 1.163235 0.270708
v 0.209657 1.253677 0.382065
v 0.209657 1.253677 0.382065
v 0.125454 1.163235 0.270708
v 0.120415 1.126817 0.305627
v 0.120415 1.126817 0.305627
v 0.176528 1.202520 0.381331
v 0.209657 1.253677 0.382065
v 0.329978 1.193957 -1.089756
v 0.237100 1.226215 -1.010485
v 0.250411 1.201956 -0.987883
v 0.250411 1.201956 -0.987883
v 0.338806 1.179979 -1.078718
v 0.329978 1.193957 -1.089756
v 0.221071 1.193783 -1.036162
v 0.237100 1.226215 -1.010485
v 0.329978 1.193957 -1.089756
v 0.329978 1.193957 -1.089756
v 0.314191 1.177564 -1.098539
v 0.221071 1.193783 -1.036162
v 0.094100 1.561782 -0.808751
v 0.076455 1.523538 -0.775748
v 0.104851 1.606818 -0.620457
v 0.104851 1.606818 -0.620457
v 0.125303 1.655349 -0.630556
v 0.094100 1.561782 -0.808751
v 0.146546 1.568765 -0.800021
v 0.094100 1.561782 -0.808751
v 0.125303 1.655349 -0.630556
v 0.125303 1.655349 -0.630556
v 0.177920 1.653547 -0.621153
v 0.146546 1.568765 -0.800021
v 0.161666 1.534597 -0.761612
v 0.146546 1.568765 -0.800021
v 0.177920 1.653547 -0.621153
v 0.177920 1.653547 -0.621153
v 0.184568 1.587763 -0.644197
v 0.161666 1.534597 -0.761612
v 0.164166 1.584759 -0.437985
v 0.184007 1.599136 -0.563141
v 0.177920 1.653547 -0.621153
v 0.032238 1.638754 -0.528275
v 0.125303 1.655349 -0.630556
v 0.104851 1.606818 -0.620457
v 0.032238 1.638754 -0.528275
v 0.085587 1.663216 -0.433537
v 0.125303 1.655349 -0.630556
v 0.177920 1.653547 -0.621153
v 0.125303 1.655349 -0.630556
v 0.085587 1.663216 -0.433537
v 0.085587 1.663216 -0.433537
v 0.144617 1.643639 -0.421644
v 0.177920 1.653547 -0.621153
v 0.177920 1.653547 -0.621153
v 0.144617 1.643639 -0.421644
v 0.164166 1.584759 -0.437985
v 0.897798 0.461854 -0.332128
v 0.829133 0.457847 -0.318980
v 0.829129 0.786000 -0.318876
v 0.835073 0.586967 -0.270208
v 0.902773 0.590745 -0.286846
v 0.902751 0.791474 -0.304223
v 0.902751 0.791474 -0.304223
v 0.835056 0.787661 -0.287420
v 0.835073 0.586967 -0.270208
v 0.839843 0.800711 -0.306729
v 0.835056 0.787661 -0.287420
v 0.902751 0.791474 -0.304223
v 0.902751 0.791474 -0.304223
v 0.893403 0.801294 -0.319179
v 0.839843 0.800711 -0.306729
v 0.829129 0.786000 -0.318876
v 0.839843 0.800711 -0.306729
v 0.893403 0.801294 -0.319179
v 0.893403 0.801294 -0.319179
v 0.897794 0.790027 -0.332242
v 0.829129 0.786000 -0.318876
v 0.829129 0.786000 -0.318876
v 0.897794 0.790027 -0.332242
v 0.897798 0.461854 -0.332128
v -0.091936 0.843729 0.285986
v -0.105960 0.769453 0.166814
v -0.098703 0.598067 0.210060
v -0.034350 0.846556 0.158234
v -0.105960 0.769453 0.166814
v -0.091936 0.843729 0.285986
v -0.091936 0.843729 0.285986
v -0.044108 0.876777 0.276798
v -0.034350 0.846556 0.158234
v 0.048581 0.765747 0.191161
v -0.034350 0.846556 0.158234
v -0.044108 0.876777 0.276798
v -0.044108 0.876777 0.276798
v -0.014061 0.858019 0.301013
v 0.048581 0.765747 0.191161
v 0.011975 0.519922 0.213346
v 0.048581 0.765747 0.191161
v -0.014061 0.858019 0.301013
v -0.014061 0.858019 0.301013
v -0.049674 0.520653 0.365287
v 0.011975 0.519922 0.213346
v -0.014061 0.858019 0.301013
v -0.049748 0.883320 0.400014
v -0.049674 0.520653 0.365287
v -0.072739 0.910782 0.384716
v -0.049748 0.883320 0.400014
v -0.014061 0.858019 0.301013
v -0.014061 0.858019 0.301013
v -0.044108 0.876777 0.276798
v -0.072739 0.910782 0.384716
v -0.114925 0.897631 0.378938
v -0.072739 0.910782 0.384716
v -0.044108 0.876777 0.276798
v -0.044108 0.876777 0.276798
v -0.091936 0.843729 0.285986
v -0.114925 0.897631 0.378938
v -0.114925 0.897631 0.378938
v -0.091936 0.843729 0.285986
v -0.115515 0.599083 0.352327
v -0.098703 0.598067 0.210060
v -0.115515 0.599083 0.352327
v -0.091936 0.843729 0.285986
v -0.056991 0.708673 0.613465
v -0.067305 0.720607 0.501272
v -0.067314 0.422030 0.504698
v -0.041130 0.755495 0.551815
v -0.067305 0.720607 0.501272
v -0.056991 0.708673 0.613465
v -0.056991 0.708673 0.613465
v -0.034735 0.727824 0.639934
v -0.041130 0.755495 0.551815
v -0.008372 0.750220 0.530812
v -0.041130 0.755495 0.551815
v -0.034735 0.727824 0.639934
v -0.034735 0.727824 0.639934
v -0.001365 0.724761 0.615104
v -0.008372 0.750220 0.530812
v -0.008283 0.420317 0.520684
v -0.008372 0.750220 0.530812
v -0.001365 0.724761 0.615104
v -0.001365 0.724761 0.615104
v 0.008422 0.420317 0.720961
v -0.008283 0.420317 0.520684
v -0.056991 0.708673 0.613465
v -0.067314 0.422030 0.504698
v -0.025488 0.422030 0.722574
v -0.025488 0.422030 0.722574
v -0.027204 0.660887 0.713301
v -0.056991 0.708673 0.613465
v -0.034735 0.727824 0.639934
v -0.056991 0.708673 0.613465
v -0.027204 0.660887 0.713301
v -0.027204 0.660887 0.713301
v -0.017416 0.683113 0.745749
v -0.034735 0.727824 0.639934
v -0.001365 0.724761 0.615104
v -0.034735 0.727824 0.639934
v -0.017416 0.683113 0.745749
v -0.017416 0.683113 0.745749
v 0.008373 0.670771 0.723536
v -0.001365 0.724761 0.615104
v -0.001365 0.724761 0.615104
v 0.008373 0.670771 0.723536
v 0.008422 0.420317 0.720961
v 0.372883 0.783871 -0.193982
v 0.236056 0.901219 -0.170595
v 0.234375 0.886169 -0.100999
v 0.211522 0.839658 -0.183126
v 0.236056 0.901219 -0.170595
v 0.372883 0.783871 -0.193982
v 0.372883 0.783871 -0.193982
v 0.377473 0.722354 -0.221551
v 0.211522 0.839658 -0.183126
v 0.211486 0.395873 -0.179190
v 0.211522 0.839658 -0.183126
v 0.377473 0.722354 -0.221551
v 0.377473 0.722354 -0.221551
v 0.615984 0.396305 -0.265119
v 0.211486 0.395873 -0.179190
v 0.377473 0.722354 -0.221551
v 0.448049 0.741521 -0.232410
v 0.615984 0.396305 -0.265119
v 0.453512 0.784490 -0.191749
v 0.448049 0.741521 -0.232410
v 0.377473 0.722354 -0.221551
v 0.377473 0.722354 -0.221551
v 0.372883 0.783871 -0.193982
v 0.453512 0.784490 -0.191749
v 0.447531 0.754131 -0.148458
v 0.453512 0.784490 -0.191749
v 0.372883 0.783871 -0.193982
v 0.372883 0.783871 -0.193982
v 0.382464 0.776931 -0.139539
v 0.447531 0.754131 -0.148458
v 0.234375 0.886169 -0.100999
v 0.382464 0.776931 -0.139539
v 0.372883 0.783871 -0.193982
v 0.382464 0.776931 -0.139539
v 0.234375 0.886169 -0.100999
v 0.234182 0.428378 -0.099754
v 0.234182 0.428378 -0.099754
v 0.627886 0.427330 -0.203126
v 0.382464 0.776931 -0.139539
v 0.447531 0.754131 -0.148458
v 0.382464 0.776931 -0.139539
v 0.627886 0.427330 -0.203126
v 0.627746 0.854814 -0.206418
v 0.447531 0.754131 -0.148458
v 0.627886 0.427330 -0.203126
v 0.453512 0.784490 -0.191749
v 0.447531 0.754131 -0.148458
v 0.627746 0.854814 -0.206418
v 0.627746 0.854814 -0.206418
v 0.611960 0.883418 -0.230449
v 0.453512 0.784490 -0.191749
v 0.448049 0.741521 -0.232410
v 0.453512 0.784490 -0.191749
v 0.611960 0.883418 -0.230449
v 0.611960 0.883418 -0.230449
v 0.615866 0.852729 -0.267983
v 0.448049 0.741521 -0.232410
v 0.448049 0.741521 -0.232410
v 0.615866 0.852729 -0.267983
v 0.615984 0.396305 -0.265119
v 0.314089 0.912712 -1.112909
v 0.220955 0.914091 -1.051045
v 0.221071 1.193783 -1.036162
vt 0.902276 0.294157
vt 0.952334 0.295063
vt 0.938811 0.280525
vt 0.134998 0.492805
vt 0.069106 0.492805
vt 0.069918 0.248049
vt 0.257798 0.248049
vt 0.257798 0.492805
vt 0.309807 0.492805
vt 0.311192 0.248049
vt 0.134998 0.248049
vt 0.086594 0.248077
vt 0.163514 0.248077
vt 0.162316 0.437833
vt 0.239233 0.386131
vt 0.087620 0.386131
vt 0.162032 0.341210
vt 0.162945 0.248077
vt 0.239069 0.248077
vt 0.076444 0.378555
vt 0.228706 0.378555
vt 0.131866 0.429124
vt 0.110159 0.378555
vt 0.138849 0.378555
vt 0.073599 0.248061
vt 0.247583 0.248061
vt 0.138253 0.248061
vt 0.112114 0.248061
vt 0.247583 0.492722
vt 0.073599 0.492722
vt 0.073599 0.472315
vt 0.247583 0.472315
vt 0.138253 0.492722
vt 0.138253 0.472315
vt 0.112114 0.492722
vt 0.112114 0.472315
vt 0.073599 0.448283
vt 0.248102 0.448283
vt 0.138368 0.448283
vt 0.111964 0.461196
vt 0.070162 0.362378
vt 0.069918 0.492710
vt 0.257798 0.492710
vt 0.257281 0.380150
vt 0.311192 0.492710
vt 0.134015 0.322423
vt 0.311286 0.306064
vt 0.134998 0.492710
vt 0.834388 0.491288
vt 0.721720 0.492722
vt 0.721720 0.420088
vt 0.833005 0.452582
vt 0.983626 0.492722
vt 0.983626 0.399221
vt 0.854502 0.357315
vt 0.736496 0.492494
vt 0.736496 0.363857
vt 0.838684 0.363857
vt 0.838684 0.492494
vt 0.983626 0.492802
vt 0.983626 0.363857
vt 0.736496 0.248060
vt 0.838684 0.248060
vt 0.983626 0.248060
vt 0.001926 0.492802
vt 0.001926 0.363857
vt 0.204102 0.363857
vt 0.204102 0.492802
vt 0.400259 0.363857
vt 0.400259 0.492802
vt 0.558427 0.363857
vt 0.558427 0.492802
vt 0.001926 0.248060
vt 0.204102 0.248060
vt 0.399677 0.248060
vt 0.558427 0.248060
vt 0.251258 0.492722
vt 0.251929 0.248061
vt 0.340708 0.248061
vt 0.340708 0.492722
vt 0.396579 0.492722
vt 0.396579 0.248061
vt 0.665105 0.248061
vt 0.665105 0.492722
vt 0.581308 0.492722
vt 0.581308 0.248061
vt 0.504663 0.248061
vt 0.504663 0.492722
vt 0.482509 0.374126
vt 0.429672 0.374126
vt 0.389334 0.429985
vt 0.281887 0.374126
vt 0.363768 0.374126
vt 0.429672 0.271601
vt 0.281887 0.271601
vt 0.363768 0.271601
vt 0.482509 0.271601
vt 0.429672 0.186211
vt 0.281887 0.186211
vt 0.363768 0.186211
vt 0.482509 0.186211
vt 0.277505 0.308804
vt 0.276835 0.258285
vt 0.443313 0.258285
vt 0.277505 0.380180
vt 0.443313 0.308804
vt 0.530239 0.308804
vt 0.530239 0.258285
vt 0.530239 0.380180
vt 0.443313 0.380180
vt 0.520791 0.490404
vt 0.606884 0.258285
vt 0.606884 0.308804
vt 0.606884 0.380180
vt 0.690682 0.380180
vt 0.690682 0.308804
vt 0.690682 0.258285
vt 0.414545 0.380180
vt 0.429563 0.490404
vt 0.339351 0.380180
vt 0.422155 0.258285
vt 0.302648 0.380180
vt 0.366284 0.258285
vt 0.470689 0.380180
vt 0.560356 0.380180
vt 0.983626 0.407197
vt 0.911428 0.407197
vt 0.874940 0.492722
vt 0.860255 0.248061
vt 0.860255 0.407197
vt 0.738320 0.407197
vt 0.738320 0.248061
vt 0.911428 0.248061
vt 0.850263 0.492722
vt 0.922460 0.492722
vt 0.922460 0.338731
vt 0.677154 0.492722
vt 0.850263 0.338731
vt 0.850263 0.248061
vt 0.922460 0.248061
vt 0.801873 0.248061
vt 0.799090 0.338731
vt 0.677154 0.248061
vt 0.677154 0.338731
vt 0.799090 0.492722
vt 0.677154 0.397839
vt 0.801873 0.492722
vt 0.801873 0.397839
vt 0.922460 0.397839
vt 0.850263 0.397839
vt 0.983626 0.431557
vt 0.983626 0.285680
vt 0.911428 0.357917
vt 0.911428 0.431557
vt 0.738320 0.431557
vt 0.738320 0.320164
vt 0.840684 0.277206
vt 0.863039 0.431557
vt 0.736496 0.186976
vt 0.838684 0.186976
vt 0.983626 0.186976
vt 0.840194 0.431557
vt 0.681673 0.431557
vt 0.204102 0.289716
vt 0.204102 0.186976
vt 0.400259 0.186976
vt 0.400259 0.289716
vt 0.558427 0.186976
vt 0.558216 0.289716
vt 0.204102 0.431557
vt 0.001926 0.431557
vt 0.001926 0.289716
vt 0.001926 0.186976
vt 0.400259 0.431557
vt 0.905916 0.343785
vt 0.867542 0.343785
vt 0.905916 0.427789
vt 0.936616 0.343785
vt 0.905916 0.253949
vt 0.867542 0.253949
vt 0.936616 0.253949
vt 0.905916 0.186669
vt 0.867542 0.186669
vt 0.936616 0.186669
vt 0.858908 0.346976
vt 0.827156 0.409360
vt 0.867542 0.492722
vt 0.905916 0.492722
vt 0.936616 0.346976
vt 0.936616 0.492722
vt 0.721241 0.431542
vt 0.750501 0.431542
vt 0.759615 0.264791
vt 0.720761 0.186669
vt 0.791273 0.186669
vt 0.739949 0.186669
vt 0.783599 0.431542
vt 0.783119 0.305041
vt 0.821494 0.186669
vt 0.791273 0.352711
vt 0.834388 0.246627
vt 0.721720 0.248061
vt 0.791273 0.314482
vt 0.721720 0.336942
vt 0.720761 0.492722
vt 0.791273 0.492722
vt 0.739949 0.492722
vt 0.821494 0.492722
vt 0.829722 0.329809
vt 0.311351 0.340287
vt 0.402489 0.340287
vt 0.405847 0.480776
vt 0.491230 0.340287
vt 0.389058 0.340287
vt 0.311351 0.248061
vt 0.402489 0.248061
vt 0.491230 0.248061
vt 0.385221 0.248061
vt 0.446386 0.186896
vt 0.372516 0.186896
vt 0.372516 0.431557
vt 0.446386 0.431557
vt 0.552395 0.186896
vt 0.552395 0.431557
vt 0.463654 0.186896
vt 0.463654 0.431557
vt 0.463654 0.492722
vt 0.372516 0.492722
vt 0.372516 0.248061
vt 0.463654 0.248061
vt 0.552395 0.492722
vt 0.552395 0.248061
vt 0.446386 0.492722
vt 0.446386 0.248061
vt 0.901620 0.444465
vt 0.864953 0.444465
vt 0.900171 0.480641
vt 0.952334 0.444465
vt 0.952334 0.417987
vt 0.901620 0.417987
vt 0.864953 0.417987
vt 0.952334 0.388361
vt 0.901948 0.359631
vt 0.952334 0.359631
vt 0.952334 0.324559
vt 0.902276 0.324559
vt 0.864953 0.289240
vt 0.864953 0.359631
vt 0.864953 0.324559
vt 0.864953 0.388361
vt 0.901620 0.388361
vt 0.902276 0.275489
vt 0.952334 0.275001
vt 0.005100 0.492741
vt 0.161938 0.492741
vt 0.361963 0.492741
vt 0.746976 0.492741
vt 0.631062 0.492741
vt 0.617313 0.414582
vt 0.495602 0.411625
vt 0.195217 0.442495
vt 0.172796 0.442495
vt 0.172796 0.484643
vt 0.195217 0.420015
vt 0.172796 0.420015
vt 0.195217 0.375212
vt 0.172796 0.375212
vt 0.153994 0.442495
vt 0.153994 0.420015
vt 0.153994 0.375212
vt 0.195217 0.321268
vt 0.172796 0.321268
vt 0.153994 0.321268
vt 0.195217 0.245286
vt 0.172796 0.245286
vt 0.153994 0.245286
vt 0.746849 0.132933
vt 0.736502 0.004745
vt 0.783891 0.004745
vt 0.001926 0.329924
vt 0.001926 0.399300
vt 0.446763 0.416173
vt 0.569563 0.398555
vt 0.569563 0.354931
vt 0.480702 0.391513
vt 0.374852 0.401509
vt 0.374852 0.362883
vt 0.374852 0.248061
vt 0.480702 0.248061
vt 0.569563 0.248061
vt 0.446763 0.365453
vt 0.446763 0.248061
vt 0.007741 0.248061
vt 0.077277 0.356848
vt 0.736496 0.492721
vt 0.838684 0.492721
vt 0.854502 0.248077
vt 0.983626 0.329924
vt 0.746976 0.248077
vt 0.741280 0.332849
vt 0.251929 0.492722
vt 0.248889 0.344823
vt 0.248889 0.248670
vt 0.195758 0.248670
vt 0.138644 0.344823
vt 0.138562 0.280350
vt 0.007741 0.344823
vt 0.007741 0.248670
vt 0.138253 0.409432
vt 0.007741 0.409432
vt 0.248361 0.409432
vt 0.195831 0.409432
vt 0.195758 0.344823
vt 0.446386 0.381621
vt 0.374852 0.492722
vt 0.446763 0.492722
vt 0.582827 0.316934
vt 0.569563 0.492722
vt 0.480702 0.492722
vt 0.465391 0.314431
vt 0.373785 0.320777
vt 0.007741 0.492722
vt 0.007741 0.448283
vt 0.138702 0.492722
vt 0.248642 0.428604
vt 0.138253 0.428604
vt 0.007741 0.428604
vt 0.073599 0.428604
vt 0.007741 0.407791
vt 0.073845 0.407791
vt 0.248889 0.407791
vt 0.138253 0.407791
vt 0.073845 0.344823
vt 0.074090 0.248670
vt 0.068881 0.431557
vt 0.068881 0.186896
vt 0.135076 0.186896
vt 0.257873 0.186896
vt 0.256914 0.431557
vt 0.309678 0.186896
vt 0.309678 0.431557
vt 0.135076 0.431557
vt 0.631062 0.248077
vt 0.495322 0.248077
vt 0.361963 0.248077
vt 0.161938 0.248077
vt 0.558427 0.492721
vt 0.415630 0.414432
vt 0.399677 0.492721
vt 0.204102 0.492721
vt 0.558427 0.410382
vt 0.001926 0.492721
vt 0.983744 0.083627
vt 0.938042 0.004745
vt 0.983744 0.004745
vt 0.908593 0.004745
vt 0.908901 0.104579
vt 0.913642 0.172579
vt 0.817547 0.004745
vt 0.845780 0.004745
vt 0.854568 0.113181
vt 0.836182 0.119922
vt 0.880084 0.180141
vt 0.845487 0.193323
vt 0.889364 0.252663
vt 0.848691 0.258048
vt 0.925017 0.235616
vt 0.887794 0.309671
vt 0.983744 0.492741
vt 0.854502 0.492741
vt 0.874390 0.384134
vt 0.983744 0.355182
vt 0.983744 0.252660
vt 0.983744 0.196783
vt 0.983744 0.152304
vt 0.745312 0.405206
vt 0.779547 0.324692
vt 0.771950 0.264951
vt 0.769035 0.213255
vt 0.025429 0.301670
vt 0.054742 0.328766
vt 0.054742 0.301670
vt 0.025429 0.371720
vt 0.054742 0.371720
vt 0.025429 0.492722
vt 0.101780 0.371720
vt 0.101780 0.492722
vt 0.177904 0.371720
vt 0.177904 0.492722
vt 0.102348 0.371720
vt 0.102348 0.492722
vt 0.102348 0.258476
vt 0.177904 0.258476
vt 0.177904 0.301670
vt 0.102348 0.301670
vt 0.134159 0.328766
vt 0.117538 0.276216
vt 0.177904 0.195009
vt 0.102348 0.195009
vt 0.110604 0.301670
vt 0.067611 0.195009
vt 0.113539 0.195009
vt 0.101782 0.143959
vt 0.025429 0.195009
vt 0.025429 0.258476
vt 0.660076 0.277195
vt 0.660076 0.248046
vt 0.689336 0.248046
vt 0.689336 0.309451
vt 0.722434 0.309451
vt 0.660076 0.309451
vt 0.722434 0.248046
vt 0.689336 0.489130
vt 0.722434 0.471449
vt 0.689336 0.471449
vt 0.722434 0.458785
vt 0.670629 0.458785
vt 0.722434 0.446600
vt 0.689336 0.446600
vt 0.722434 0.411476
vt 0.689336 0.411476
vt 0.722434 0.369185
vt 0.689336 0.369185
vt 0.660076 0.471449
vt 0.689336 0.458785
vt 0.660076 0.458785
vt 0.660076 0.446600
vt 0.660076 0.411476
vt 0.660076 0.369185
vt 0.621524 0.337403
vt 0.699477 0.333343
vt 0.615757 0.271485
vt 0.531897 0.273390
vt 0.547138 0.216158
vt 0.517497 0.211180
vt 0.689599 0.270076
vt 0.627625 0.217558
vt 0.629711 0.177278
vt 0.689013 0.218195
vt 0.667345 0.158625
vt 0.673148 0.115251
vt 0.663081 0.004745
vt 0.524275 0.113501
vt 0.486685 0.207716
vt 0.546062 0.117160
vt 0.626420 0.147111
vt 0.630225 0.107875
vt 0.618556 0.004745
vt 0.535404 0.004745
vt 0.499355 0.112604
vt 0.467740 0.210511
vt 0.504940 0.004745
vt 0.472517 0.004745
vt 0.467301 0.110028
vt 0.436647 0.115409
vt 0.435893 0.004745
vt 0.410551 0.004745
vt 0.395667 0.144856
vt 0.336073 0.004745
vt 0.370192 0.004745
vt 0.292073 0.004745
vt 0.353690 0.131970
vt 0.404457 0.210429
vt 0.436916 0.212595
vt 0.471518 0.283274
vt 0.528653 0.332824
vt 0.322420 0.204922
vt 0.413332 0.269390
vt 0.476867 0.332171
vt 0.260688 0.004745
vt 0.307115 0.133154
vt 0.424282 0.322063
vt 0.266665 0.127331
vt 0.266908 0.198466
vt 0.332498 0.258390
vt 0.344911 0.302262
vt 0.355004 0.395429
vt 0.495322 0.492741
vt 0.275488 0.252326
vt 0.270719 0.290854
vt 0.192373 0.273384
vt 0.227540 0.237156
vt 0.207624 0.189667
vt 0.210045 0.122623
vt 0.220430 0.004745
vt 0.051619 0.208598
vt 0.005100 0.196783
vt 0.005100 0.152304
vt 0.047485 0.158138
vt 0.005100 0.083627
vt 0.098499 0.216216
vt 0.139605 0.218436
vt 0.096294 0.171707
vt 0.065101 0.108656
vt 0.005100 0.004745
vt 0.182346 0.225272
vt 0.127727 0.176034
vt 0.109135 0.105784
vt 0.064730 0.004745
vt 0.112258 0.004745
vt 0.154302 0.115491
vt 0.163144 0.184088
vt 0.174122 0.113168
vt 0.147520 0.004745
vt 0.177086 0.004745
vt 0.143704 0.273612
vt 0.094164 0.268621
vt 0.005100 0.355182
vt 0.005100 0.252660
vt 0.149670 0.874033
vt 0.219112 0.999750
vt 0.001057 0.999750
vt 0.001057 0.919028
vt 0.239720 0.999750
vt 0.216905 0.999750
vt 0.144449 0.860666
vt 0.239720 0.824439
vt 0.004765 0.651830
vt 0.095349 0.631804
vt 0.096544 0.733740
vt 0.238524 0.739156
vt 0.148628 0.739156
vt 0.150376 0.640983
vt 0.241432 0.642524
vt 0.149932 0.503667
vt 0.239860 0.503667
vt 0.239379 0.606156
vt 0.147973 0.607599
vt 0.025764 0.505675
vt 0.076453 0.505675
vt 0.078648 0.615090
vt 0.025091 0.599743
vt 0.068243 0.737685
vt 0.029820 0.737685
vt 0.031900 0.648563
vt 0.071627 0.638609
vt 0.054014 0.504530
vt 0.162790 0.504549
vt 0.167315 0.608333
vt 0.057978 0.602803
vt 0.179447 0.740052
vt 0.062353 0.740044
vt 0.069026 0.642815
vt 0.184969 0.647533
vt 0.003586 0.503767
vt 0.096246 0.504316
vt 0.094812 0.614471
vt 0.002005 0.622352
vt 0.241338 0.626482
vt 0.148348 0.623008
vt 0.094981 0.622252
vt 0.002685 0.636522
vt 0.016495 0.616771
vt 0.080762 0.623326
vt 0.021336 0.633767
vt 0.084754 0.629289
vt 0.026246 0.627612
vt 0.041265 0.614968
vt 0.220460 0.626673
vt 0.208446 0.637278
vt 0.206786 0.736873
vt 0.113413 0.737737
vt 0.112447 0.625213
vt 0.113753 0.503630
vt 0.207167 0.504556
vt 0.205204 0.614418
vt 0.112258 0.613479
vt 0.114324 0.619585
vt 0.203414 0.619779
vt 0.205523 0.624341
vt 0.140269 0.660909
vt 0.251828 0.669851
vt 0.254384 0.740322
vt 0.250159 0.634306
vt 0.139944 0.639280
vt 0.248786 0.592681
vt 0.123005 0.625146
vt 0.245549 0.506086
vt 0.063463 0.506086
vt 0.063463 0.633470
vt 0.063463 0.645817
vt 0.063463 0.659630
vt 0.063463 0.740322
vt 0.163346 0.646204
vt 0.249573 0.664683
vt 0.241268 0.737723
vt 0.245673 0.642084
vt 0.152107 0.634468
vt 0.249994 0.629954
vt 0.176711 0.624753
vt 0.246645 0.508430
vt 0.064521 0.508430
vt 0.052027 0.737723
vt 0.065979 0.637326
vt 0.062258 0.623910
vt 0.068572 0.613421
vt 0.136816 0.618872
vt 0.213854 0.620707
vt 0.214390 0.636936
vt 0.212966 0.602907
vt 0.128796 0.597530
vt 0.212025 0.504850
vt 0.029642 0.504850
vt 0.097818 0.604293
vt 0.100901 0.624895
vt 0.111599 0.642710
vt 0.142782 0.638286
vt 0.217046 0.738891
vt 0.035948 0.738891
vt 0.027104 0.636380
vt 0.026765 0.631332
vt 0.026262 0.623585
vt 0.008114 0.738214
vn 0.898500 -0.402100 0.176200
vn 0.077300 -0.220300 -0.972400
vn 0.169000 -0.054900 -0.984100
vn 0.735600 -0.242500 0.632500
vn -0.117400 0.772600 0.624000
vn 0.256500 0.668600 0.698000
vn -0.258700 0.669300 -0.696500
vn 0.256400 0.668700 0.697900
vn -0.117500 0.772600 0.624000
vn -0.744800 0.474800 -0.468900
vn -0.744900 0.474700 -0.468800
vn 0.150900 -0.775900 -0.612600
vn 0.150900 -0.775800 -0.612700
vn 0.369900 -0.634700 -0.678500
vn -0.258600 0.669300 -0.696500
vn 0.369900 -0.634600 -0.678500
vn 0.150900 -0.775800 -0.612600
vn 0.735600 -0.242600 0.632500
vn 0.670800 -0.505300 0.542900
vn 0.256500 0.668700 0.697900
vn 0.670700 -0.505400 0.542900
vn 0.735600 -0.242500 0.632600
vn -0.102800 0.078100 0.991600
vn -0.312300 0.945200 -0.095000
vn 0.434400 0.894600 0.104300
vn 0.784500 0.235600 -0.573600
vn 0.434400 0.894600 0.104400
vn -0.312400 0.945200 -0.095000
vn 0.405600 0.178200 0.896500
vn 0.965400 -0.138300 0.221200
vn 0.595900 -0.800200 -0.067500
vn 0.784500 0.235500 -0.573600
vn 0.235100 0.302600 -0.923700
vn 0.595800 -0.800300 -0.067500
vn 0.235000 0.302600 -0.923700
vn 0.784600 0.235600 -0.573600
vn -0.165200 0.902900 -0.396900
vn -0.715400 -0.463500 -0.522800
vn -0.736400 0.305400 0.603700
vn 0.612200 0.315300 0.725100
vn -0.165200 0.902900 -0.396800
vn 0.183400 -0.901800 0.391400
vn -0.736300 0.305400 0.603800
vn -0.736400 0.305500 0.603700
vn -0.715400 -0.463500 -0.522900
vn -0.165100 0.902900 -0.396800
vn -0.464200 0.882400 -0.076800
vn -0.586600 -0.563200 -0.582000
vn 0.183400 -0.901800 0.391300
vn -0.715400 -0.463400 -0.522900
vn 0.550700 -0.833000 -0.053500
vn 0.612300 0.315300 0.725100
vn 0.550600 -0.833000 -0.053600
vn 0.699400 0.187000 0.689800
vn 0.612200 0.315200 0.725100
vn -0.165100 0.902900 -0.396900
vn 0.699400 0.187100 0.689800
vn -0.464200 0.882400 -0.076900
vn -0.586500 -0.563200 -0.582000
vn -0.464300 0.882300 -0.076900
vn -0.706500 0.575100 0.412400
vn -0.706600 0.575000 0.412400
vn -0.600000 -0.537600 -0.592400
vn 0.550600 -0.833000 -0.053500
vn -0.586500 -0.563200 -0.582100
vn -0.600000 -0.537700 -0.592400
vn -0.600100 -0.537600 -0.592400
vn 0.768300 -0.522100 -0.370200
vn 0.550700 -0.833000 -0.053600
vn 0.768300 -0.522200 -0.370200
vn 0.701600 0.383900 0.600300
vn 0.701700 0.383900 0.600300
vn 0.701700 0.383900 0.600200
vn -0.464300 0.882400 -0.076900
vn -0.706600 0.575000 0.412500
vn -0.624700 0.567000 0.536900
vn -0.590300 -0.803800 -0.073800
vn 0.782200 -0.235700 -0.576700
vn 0.782100 -0.235800 -0.576800
vn 0.614400 -0.200600 0.763100
vn 0.701600 0.383900 0.600400
vn 0.614400 -0.200500 0.763100
vn 0.614500 -0.200600 0.763000
vn 0.767100 0.440100 0.466800
vn -0.258700 0.669400 -0.696500
vn 0.409400 0.476500 -0.778100
vn 0.767200 0.440100 0.466700
vn -0.258700 0.669400 -0.696400
vn 0.409300 0.476500 -0.778100
vn 0.767200 0.440100 0.466600
vn 0.907600 0.082400 0.411600
vn 0.629100 0.055400 -0.775400
vn 0.369800 -0.634700 -0.678500
vn 0.670800 -0.505300 0.542800
vn 0.001700 -0.964900 0.262600
vn -0.989000 -0.133400 0.063500
vn -0.976300 -0.155500 0.150800
vn -0.210900 0.958900 0.190100
vn -0.976200 -0.155500 0.150800
vn -0.254800 0.547900 0.796800
vn -0.976200 -0.155600 0.150800
vn -0.254700 0.547900 0.796800
vn -0.210900 0.958900 0.190000
vn 0.932800 0.136500 0.333700
vn 0.932800 0.136400 0.333700
vn 0.648000 0.274100 0.710600
vn 0.648100 0.274200 0.710500
vn 0.001700 -0.964900 0.262500
vn 0.001600 -0.964900 0.262500
vn -0.265900 -0.196400 0.943800
vn 0.648100 0.274100 0.710500
vn 0.001600 -0.964900 0.262600
vn -0.655800 -0.363700 0.661600
vn -0.756000 -0.380600 0.532500
vn -0.050300 0.197200 0.979100
vn -0.050200 0.197200 0.979100
vn -0.010700 0.328300 0.944500
vn -0.655800 -0.363800 0.661500
vn 0.505600 0.816200 0.279500
vn -0.050200 0.197100 0.979100
vn 0.627400 0.637800 0.446800
vn 0.505600 0.816300 0.279400
vn -0.812900 -0.194900 0.548800
vn -0.812900 -0.194800 0.548800
vn 0.005100 0.217900 0.976000
vn -0.050300 0.197100 0.979100
vn 0.005100 0.218000 0.975900
vn 0.794600 0.478400 0.373800
vn 0.627400 0.637700 0.446900
vn 0.668300 0.523600 -0.528400
vn 0.472400 0.581100 -0.662700
vn 0.004800 -0.044300 -0.999000
vn 0.004700 -0.044300 -0.999000
vn -0.122300 -0.164800 -0.978700
vn -0.122300 -0.164700 -0.978700
vn 0.004800 -0.044200 -0.999000
vn -0.725300 -0.501300 -0.471800
vn -0.725300 -0.501400 -0.471800
vn -0.713600 -0.636500 -0.292700
vn -0.713600 -0.636400 -0.292800
vn -0.655700 -0.363800 0.661500
vn 0.794600 0.478400 0.373700
vn 0.719600 0.361600 -0.592800
vn 0.668300 0.523500 -0.528400
vn 0.719700 0.361500 -0.592800
vn 0.719600 0.361500 -0.592800
vn -0.072300 -0.016100 -0.997300
vn 0.004700 -0.044200 -0.999000
vn -0.072300 -0.016000 -0.997300
vn -0.846000 -0.287300 -0.449200
vn -0.756000 -0.380500 0.532600
vn 0.429300 -0.889600 0.156100
vn 0.868400 -0.457800 0.190600
vn 0.272100 -0.143800 0.951500
vn 0.221700 -0.268600 0.937400
vn -0.522200 0.665400 0.533400
vn 0.221600 -0.268600 0.937400
vn 0.272100 -0.143700 0.951500
vn -0.727400 0.381300 0.570600
vn 0.591200 -0.301800 -0.747900
vn 0.436800 -0.213400 -0.873900
vn 0.868400 -0.457800 0.190500
vn -0.682800 0.355800 -0.638100
vn 0.436900 -0.213400 -0.873800
vn 0.591200 -0.301900 -0.747900
vn 0.591100 -0.301900 -0.747900
vn -0.450300 0.857200 -0.249900
vn -0.682900 0.355800 -0.638000
vn -0.727400 0.381300 0.570500
vn -0.682900 0.355700 -0.638100
vn -0.450300 0.857200 -0.250000
vn -0.522200 0.665400 0.533500
vn -0.921800 0.086100 0.377900
vn -0.395100 0.143300 -0.907400
vn -0.232100 -0.970000 -0.072800
vn 0.853600 -0.223900 -0.470400
vn -0.232200 -0.969900 -0.072700
vn 0.404100 -0.294100 0.866200
vn -0.232200 -0.970000 -0.072700
vn 0.404100 -0.294100 0.866100
vn -0.921800 0.086000 0.377900
vn -0.232200 -0.969900 -0.072800
vn 0.853600 -0.223800 -0.470400
vn -0.395200 0.143300 -0.907400
vn -0.333700 0.565500 -0.754200
vn -0.333700 0.565600 -0.754200
vn 0.800600 0.109300 -0.589100
vn 0.853600 -0.223900 -0.470300
vn 0.800700 0.109300 -0.589000
vn 0.404700 -0.730400 0.550200
vn 0.404100 -0.294200 0.866100
vn 0.404600 -0.730500 0.550200
vn -0.943200 0.130800 0.305300
vn -0.921800 0.086000 0.378000
vn -0.943200 0.130900 0.305200
vn -0.157600 0.857200 -0.490300
vn -0.157600 0.857200 -0.490200
vn 0.491700 -0.265500 -0.829300
vn 0.800700 0.109300 -0.589100
vn 0.491800 -0.265500 -0.829300
vn 0.491700 -0.265400 -0.829300
vn 0.098100 -0.975200 0.198500
vn -0.943200 0.130900 0.305300
vn 0.404700 -0.730500 0.550200
vn 0.098200 -0.975200 0.198400
vn -0.860100 -0.315000 -0.401200
vn -0.860200 -0.314900 -0.401200
vn -0.860100 -0.314900 -0.401200
vn 0.005900 -0.991700 0.128100
vn -0.926600 0.376100 -0.001200
vn 0.332900 -0.889400 0.313200
vn 0.005900 -0.991700 0.128200
vn -0.865900 -0.162400 0.473100
vn -0.865900 -0.162400 0.473200
vn -0.162400 0.945100 -0.283400
vn -0.865900 -0.162500 0.473100
vn -0.926600 0.376100 -0.001100
vn -0.162300 0.945200 -0.283400
vn -0.865900 -0.162500 0.473200
vn -0.162300 0.945100 -0.283500
vn -0.424700 0.786900 -0.447700
vn -0.424800 0.786900 -0.447700
vn -0.852300 0.135300 0.505300
vn -0.852300 0.135200 0.505300
vn 0.332900 -0.889400 0.313300
vn -0.330100 -0.928800 -0.168200
vn -0.330000 -0.928900 -0.168200
vn 0.591100 -0.301800 -0.748000
vn 0.734300 -0.166900 -0.658000
vn -0.162400 0.945100 -0.283500
vn 0.734200 -0.166800 -0.658100
vn 0.450500 0.042400 -0.891800
vn -0.424800 0.786800 -0.447700
vn 0.450400 0.042400 -0.891800
vn 0.333000 -0.889400 0.313200
vn 0.734200 -0.166900 -0.658100
vn -0.303900 0.717500 0.626700
vn -0.723200 -0.579000 0.376500
vn 0.341100 -0.234300 0.910400
vn -0.303900 0.717500 0.626800
vn 0.341100 -0.234200 0.910400
vn 0.404100 -0.899600 -0.165700
vn 0.341200 -0.234300 0.910300
vn 0.404000 -0.899600 -0.165700
vn 0.429300 -0.889600 0.156000
vn -0.320700 -0.291400 -0.901200
vn -0.320700 -0.291500 -0.901200
vn -0.320600 -0.291500 -0.901200
vn -0.625800 0.673900 -0.392700
vn -0.522300 0.665400 0.533400
vn -0.625900 0.673900 -0.392600
vn -0.450300 0.857100 -0.250000
vn -0.320600 -0.291400 -0.901300
vn 0.383500 0.074100 0.920600
vn -0.881600 0.213500 0.421000
vn -0.348600 -0.931400 0.104900
vn -0.881600 0.213400 0.420900
vn 0.383600 0.074100 0.920500
vn 0.498200 0.547800 0.672100
vn 0.919700 -0.358300 -0.160500
vn 0.879500 -0.455900 -0.136300
vn -0.365400 -0.151600 -0.918400
vn -0.365300 -0.151600 -0.918500
vn -0.690000 -0.507600 -0.516000
vn 0.919700 -0.358200 -0.160500
vn -0.696400 0.578700 0.424400
vn -0.690100 -0.507500 -0.516000
vn 0.498100 0.547800 0.672100
vn -0.696400 0.578700 0.424300
vn -0.881600 0.213500 0.420900
vn -0.348700 -0.931400 0.104900
vn 0.879600 -0.455800 -0.136300
vn 0.383600 0.074000 0.920500
vn 0.879500 -0.456000 -0.136300
vn 0.919800 -0.358200 -0.160400
vn 0.919700 -0.358300 -0.160400
vn 0.680600 0.617700 0.393900
vn -0.690100 -0.507600 -0.515900
vn -0.696400 0.578800 0.424300
vn -0.854500 0.431800 0.288600
vn 0.680600 0.617700 0.394000
vn -0.854500 0.431900 0.288600
vn -0.853500 0.355800 0.380700
vn 0.680700 0.617700 0.393900
vn 0.497500 0.619000 0.607700
vn 0.902000 -0.311900 -0.298700
vn 0.708200 -0.620600 -0.336600
vn -0.529200 -0.583000 -0.616500
vn 0.708200 -0.620700 -0.336500
vn 0.708200 -0.620700 -0.336600
vn -0.540700 -0.659500 -0.522200
vn -0.529200 -0.583100 -0.616400
vn -0.853500 0.355900 0.380700
vn -0.529100 -0.583000 -0.616500
vn -0.854600 0.431800 0.288500
vn -0.690000 -0.507600 -0.515900
vn -0.690000 -0.507500 -0.516000
vn -0.540700 -0.659500 -0.522300
vn 0.708100 -0.620700 -0.336600
vn -0.690100 -0.507500 -0.515900
vn 0.919700 -0.358200 -0.160600
vn 0.919700 -0.358300 -0.160600
vn -0.666500 -0.712800 -0.218400
vn -0.853500 0.355800 0.380800
vn 0.902000 -0.311900 -0.298600
vn -0.529100 -0.583000 -0.616600
vn -0.666600 -0.712700 -0.218400
vn 0.864700 -0.474700 -0.164200
vn 0.902000 -0.311800 -0.298600
vn 0.497500 0.618900 0.607700
vn 0.901900 -0.311900 -0.298700
vn 0.497500 0.618900 0.607800
vn 0.586900 0.745800 0.315100
vn -0.675700 0.647200 0.352900
vn 0.497500 0.619000 0.607800
vn 0.804100 -0.574500 -0.153100
vn 0.582900 0.811100 0.047500
vn -0.720200 0.546300 0.427600
vn -0.720300 0.546300 0.427600
vn -0.675600 0.647200 0.353000
vn 0.586900 0.745800 0.315200
vn -0.675700 0.647200 0.353000
vn -0.720300 0.546300 0.427500
vn -0.452200 -0.880400 0.142900
vn -0.666600 -0.712700 -0.218500
vn -0.675600 0.647300 0.353000
vn -0.666500 -0.712800 -0.218500
vn -0.666500 -0.712700 -0.218400
vn 0.497600 0.618900 0.607700
vn 0.255400 0.966300 0.033300
vn -0.630300 0.435100 0.643000
vn -0.720300 0.546200 0.427500
vn -0.630300 0.435200 0.643000
vn -0.630200 0.435100 0.643000
vn -0.468000 -0.795500 0.384900
vn 0.713800 -0.193500 0.673100
vn 0.713900 -0.193500 0.673000
vn 0.255300 0.966300 0.033300
vn 0.804100 -0.574400 -0.153100
vn 0.804000 -0.574500 -0.153000
vn -0.468000 -0.795600 0.384800
vn -0.010800 0.328200 0.944500
vn 0.713800 -0.193500 0.673000
vn -0.468000 -0.795500 0.384800
vn 0.713800 -0.193600 0.673100
vn 0.713800 -0.193600 0.673000
vn -0.217300 -0.257500 0.941500
vn -0.630200 0.435200 0.643000
vn -0.324500 0.871900 0.366700
vn -0.217400 -0.257500 0.941500
vn 0.328600 0.696000 -0.638400
vn 0.472400 0.581000 -0.662700
vn 0.076500 -0.153200 -0.985200
vn 0.328600 0.696100 -0.638300
vn 0.076400 -0.153300 -0.985200
vn -0.713600 -0.636400 -0.292700
vn -0.339300 -0.857000 -0.387900
vn -0.339300 -0.856900 -0.387900
vn -0.655700 -0.363800 0.661600
vn -0.339300 -0.856900 -0.388000
vn 0.098100 -0.975200 0.198400
vn -0.324500 0.871900 0.366800
vn 0.472500 0.581000 -0.662700
vn 0.328700 0.696000 -0.638400
vn -0.157700 0.857200 -0.490200
vn 0.098200 -0.975200 0.198500
vn 0.076400 -0.153200 -0.985200
vn 0.394200 0.831100 0.392300
vn -0.398100 -0.216900 0.891300
vn 0.909800 -0.412700 -0.043800
vn -0.398200 -0.217000 0.891300
vn 0.164200 -0.668900 -0.724900
vn 0.909800 -0.412700 -0.043600
vn 0.164200 -0.668900 -0.725000
vn 0.658200 0.748800 0.078500
vn 0.658200 0.748800 0.078400
vn -0.562300 -0.534800 0.630800
vn -0.398200 -0.216900 0.891300
vn 0.164200 -0.669000 -0.724900
vn -0.562300 -0.534800 0.630700
vn 0.148900 -0.407700 -0.900900
vn 0.148900 -0.407600 -0.900900
vn 0.148800 -0.407700 -0.900900
vn 0.658100 0.748800 0.078500
vn 0.542700 0.728000 0.418800
vn 0.542700 0.728100 0.418700
vn -0.384700 -0.482200 0.787100
vn -0.384800 -0.482100 0.787100
vn -0.384800 -0.482200 0.787100
vn 0.197100 -0.296500 -0.934500
vn 0.197100 -0.296400 -0.934500
vn 0.542800 0.728100 0.418700
vn 0.431700 0.798600 0.419300
vn 0.764500 -0.431000 0.479400
vn -0.384700 -0.482100 0.787100
vn 0.431700 0.798600 0.419400
vn 0.986200 0.139300 0.089700
vn 0.431600 0.798700 0.419300
vn 0.542800 0.728000 0.418700
vn 0.764500 -0.430900 0.479400
vn 0.288700 0.775100 -0.562000
vn 0.196700 0.748400 0.633400
vn 0.258100 0.514300 0.817900
vn -0.551700 0.808700 -0.203900
vn 0.258000 0.514300 0.817900
vn 0.115700 0.693900 0.710700
vn -0.551700 0.808800 -0.203900
vn -0.245600 -0.188600 -0.950900
vn -0.551800 0.808700 -0.203900
vn -0.407800 -0.739700 -0.535400
vn -0.245700 -0.188600 -0.950800
vn 0.196800 0.748400 0.633400
vn -0.105100 -0.430000 0.896700
vn -0.206100 -0.830900 0.516900
vn -0.206000 -0.830900 0.516800
vn 0.258100 0.514300 0.817800
vn 0.196800 0.748300 0.633500
vn -0.245600 -0.188500 -0.950900
vn -0.407800 -0.739700 -0.535300
vn -0.105000 -0.430000 0.896700
vn 0.634500 -0.528800 0.563800
vn 0.258100 0.514200 0.817900
vn -0.206000 -0.831000 0.516800
vn 0.634500 -0.528800 0.563700
vn -0.332100 0.862200 0.382500
vn 0.431600 0.798600 0.419400
vn -0.210900 0.958800 0.190100
vn -0.211000 0.958800 0.190000
vn 0.986200 0.139400 0.089600
vn 0.986200 0.139300 0.089600
vn -0.020900 -0.998200 -0.056500
vn 0.764500 -0.430900 0.479500
vn -0.999100 -0.042200 -0.004600
vn -0.999100 -0.042100 -0.004600
vn -0.211000 0.958800 0.190100
vn 0.115700 0.693800 0.710800
vn -0.332000 0.862300 0.382500
vn -0.332000 0.862200 0.382500
vn -0.999100 -0.042000 -0.004600
vn -0.407800 -0.739600 -0.535300
vn 0.634400 -0.528800 0.563800
vn 0.115600 0.693900 0.710700
vn 0.115600 0.693800 0.710800
vn 0.979400 -0.016200 -0.201200
vn -0.074400 -0.974600 -0.211300
vn -0.063000 0.200500 -0.977700
vn -0.995200 -0.014900 0.096400
vn -0.063000 0.200400 -0.977700
vn -0.042000 0.997700 0.054000
vn -0.042000 0.997700 0.053900
vn 0.942300 -0.110700 -0.315800
vn 0.942300 -0.110800 -0.315800
vn 0.000100 -0.996100 0.088600
vn -0.074500 -0.974600 -0.211300
vn -0.995200 -0.014900 0.096500
vn 0.000000 -0.996100 0.088600
vn -0.979400 -0.086400 0.182400
vn -0.041900 0.997700 0.053900
vn -0.044800 0.992300 -0.115100
vn -0.044700 0.992300 -0.115100
vn 0.979400 -0.016300 -0.201200
vn 0.102500 0.986500 0.127500
vn 0.931300 0.163500 -0.325400
vn 0.102600 0.986500 0.127500
vn -0.924000 0.285000 0.255000
vn -0.979400 -0.086400 0.182500
vn -0.924000 0.285100 0.255000
vn -0.161100 -0.986200 -0.037000
vn -0.924000 0.284900 0.255000
vn -0.979400 -0.086300 0.182400
vn -0.161100 -0.986200 -0.036900
vn 0.931400 0.163400 -0.325400
vn 0.931400 0.163500 -0.325300
vn 0.931400 0.163500 -0.325400
vn 0.946200 0.152600 -0.285300
vn 0.337700 -0.937600 -0.083200
vn -0.971600 -0.235100 -0.027600
vn -0.971600 -0.235000 -0.027500
vn -0.038800 0.936600 0.348200
vn 0.102600 0.986500 0.127400
vn -0.038900 0.936600 0.348300
vn -0.038800 0.936600 0.348300
vn 0.689000 0.534300 0.489700
vn -0.296000 -0.777900 0.554300
vn 0.651000 -0.725700 -0.222800
vn 0.028000 0.195100 -0.980400
vn 0.688900 0.534400 0.489700
vn 0.651000 -0.725700 -0.222700
vn 0.028000 0.195000 -0.980400
vn 0.035100 0.347900 -0.936900
vn 0.462900 0.832300 0.305000
vn 0.462800 0.832300 0.305100
vn 0.462800 0.832300 0.305000
vn 0.060900 -0.262200 0.963100
vn 0.035000 0.347900 -0.936900
vn 0.038700 0.112000 -0.993000
vn 0.571900 0.734100 0.366200
vn 0.060800 -0.262200 0.963100
vn 0.462900 0.832300 0.305100
vn 0.571900 0.734100 0.366100
vn 0.038700 0.111900 -0.993000
vn 0.219600 0.312600 -0.924200
vn 0.219500 0.312500 -0.924200
vn 0.215400 0.454500 -0.864300
vn 0.922600 0.298800 0.244100
vn 0.077200 -0.220300 -0.972400
vn 0.922600 0.298900 0.244000
vn 0.898500 -0.402100 0.176300
vn 0.036400 -0.860600 0.508000
vn -0.890500 -0.194100 -0.411500
vn -0.901500 -0.156200 -0.403600
vn -0.407200 -0.268900 0.872900
vn -0.074600 -0.426100 0.901600
vn -0.074700 -0.426100 0.901600
vn -0.890500 -0.194000 -0.411600
vn 0.219500 0.312600 -0.924200
vn -0.890500 -0.194100 -0.411600
vn -0.332800 -0.639300 0.693200
vn -0.407100 -0.268900 0.872900
vn -0.901500 -0.156100 -0.403600
vn -0.604200 -0.580200 -0.546100
vn -0.332800 -0.639200 0.693200
vn -0.604300 -0.580300 -0.546000
vn -0.604300 -0.580200 -0.546100
vn -0.332800 -0.639200 0.693300
vn -0.231300 -0.915300 -0.329800
vn 0.038600 0.111900 -0.993000
vn 0.035000 0.347800 -0.936900
vn -0.231300 -0.915300 -0.329700
vn 0.027900 0.195100 -0.980400
vn -0.332700 -0.639300 0.693300
vn 0.922600 0.298900 0.244100
vn 0.922600 0.298800 0.244000
vn 0.036300 -0.860600 0.508000
vn -0.445100 -0.850600 -0.279900
vn -0.445000 -0.850700 -0.279800
vn -0.245000 -0.053300 -0.968000
vn 0.169100 -0.054900 -0.984100
vn -0.245100 -0.053300 -0.968000
vn 0.405700 0.178200 0.896500
vn 0.434500 0.894600 0.104400
vn 0.464400 0.424100 0.777500
vn 0.819800 0.571100 -0.043300
vn 0.784600 0.235600 -0.573500
vn 0.819800 0.571000 -0.043300
vn 0.527000 0.136400 -0.838800
vn 0.819700 0.571100 -0.043300
vn -0.929300 -0.206700 0.306100
vn -0.846000 -0.341600 -0.409400
vn -0.848100 -0.172600 -0.500900
vn -0.311700 -0.149900 -0.938300
vn -0.846000 -0.341700 -0.409300
vn -0.730600 -0.072400 0.679000
vn -0.130600 -0.448400 -0.884200
vn 0.443700 -0.883800 0.148500
vn -0.837800 0.272200 0.473200
vn -0.837800 0.272300 0.473200
vn -0.034400 -0.688900 -0.724000
vn -0.837900 0.272300 0.473100
vn -0.920000 0.390900 0.027300
vn -0.920000 0.390900 0.027200
vn 0.164200 -0.980900 -0.104400
vn -0.825400 0.525000 -0.207700
vn 0.164100 -0.980900 -0.104400
vn 0.771000 0.290300 0.566800
vn -0.730600 -0.072300 0.679000
vn -0.730500 -0.072300 0.679000
vn 0.771000 0.290300 0.566900
vn 0.763000 0.305200 0.569900
vn 0.762900 0.305200 0.570000
vn -0.837900 0.272300 0.473200
vn 0.762900 0.305200 0.569900
vn 0.581100 0.616300 0.531500
vn 0.581100 0.616400 0.531500
vn -0.837900 0.272200 0.473200
vn -0.130600 -0.448300 -0.884300
vn -0.034400 -0.689000 -0.724000
vn 0.581000 0.616400 0.531500
vn 0.581100 0.616400 0.531400
vn 0.658100 0.702400 0.271100
vn 0.658200 0.702400 0.271100
vn 0.658100 0.702400 0.271200
vn -0.825400 0.525000 -0.207600
vn -0.885300 0.386900 -0.258000
vn -0.885200 0.387000 -0.258000
vn -0.177000 -0.910500 0.373600
vn -0.177100 -0.910500 0.373600
vn -0.177000 -0.910600 0.373600
vn 0.918000 0.368500 0.146500
vn 0.918000 0.368400 0.146500
vn -0.885300 0.387000 -0.258000
vn -0.868300 0.477400 -0.134700
vn -0.868300 0.477400 -0.134800
vn 0.413400 -0.909700 -0.038700
vn 0.413300 -0.909800 -0.038700
vn 0.413400 -0.909700 -0.038600
vn 0.762100 0.623500 0.174400
vn 0.762100 0.623500 0.174300
vn -0.885300 0.387000 -0.257900
vn -0.683000 0.613300 0.396600
vn -0.685500 0.701900 0.193500
vn -0.549900 0.700800 0.454400
vn 0.489800 0.267700 0.829800
vn 0.489800 0.267700 0.829700
vn -0.809100 -0.483000 0.334700
vn -0.809100 -0.483000 0.334800
vn 0.946200 0.152500 -0.285300
vn 0.790100 0.459300 -0.405900
vn 0.337600 -0.937600 -0.083200
vn 0.790100 0.459400 -0.405800
vn 0.651200 0.169700 -0.739700
vn 0.494900 -0.831200 0.253300
vn -0.853000 -0.323700 0.409300
vn -0.853000 -0.323700 0.409400
vn -0.585800 0.763900 -0.270800
vn -0.809200 -0.482900 0.334700
vn 0.946200 0.152500 -0.285200
vn -0.585900 0.763800 -0.270800
vn 0.651200 0.169800 -0.739700
vn -0.585800 0.763800 -0.270800
vn -0.669700 0.655600 -0.348700
vn -0.669700 0.655700 -0.348700
vn 0.422200 0.843000 -0.333300
vn -0.626100 0.435500 0.646800
vn 0.413500 0.109900 0.903800
vn 0.714500 -0.414300 -0.563800
vn 0.422300 0.843000 -0.333300
vn 0.413500 0.109900 0.903900
vn -0.193000 -0.953500 0.231700
vn 0.413400 0.110000 0.903900
vn -0.193000 -0.953400 0.231700
vn 0.413500 0.110000 0.903800
vn 0.648100 0.274100 0.710600
vn -0.249600 0.041500 0.967500
vn 0.464400 0.424000 0.777500
vn 0.489800 0.267600 0.829700
vn -0.265800 -0.196400 0.943800
vn -0.943200 -0.180200 0.279100
vn -0.266000 -0.196400 0.943800
vn -0.929300 -0.206800 0.306100
vn 0.868400 -0.457900 0.190500
vn 0.795800 -0.599100 0.088100
vn 0.795800 -0.599100 0.088200
vn 0.166900 0.010400 0.985900
vn -0.727300 0.381300 0.570600
vn 0.166900 0.010300 0.985900
vn 0.167000 0.010400 0.985900
vn -0.659300 0.555700 0.506400
vn -0.682900 0.355800 -0.638100
vn -0.659400 0.555600 0.506500
vn -0.659400 0.555700 0.506400
vn -0.653600 0.530700 -0.539600
vn 0.041300 -0.213700 -0.976000
vn 0.041400 -0.213600 -0.976000
vn 0.436900 -0.213400 -0.873900
vn -0.682900 0.355700 -0.638000
vn 0.041300 -0.213600 -0.976000
vn 0.795800 -0.599200 0.088100
vn 0.041400 -0.213700 -0.976000
vn -0.860100 -0.315000 -0.401300
vn -0.659300 0.555700 0.506500
vn -0.076400 -0.991300 -0.106800
vn 0.099400 -0.963000 -0.250400
vn -0.825600 0.355600 -0.438100
vn 0.099500 -0.963000 -0.250400
vn 0.986300 -0.148100 -0.072900
vn 0.721900 0.108500 -0.683500
vn 0.721900 0.108600 -0.683500
vn 0.986300 -0.148200 -0.072900
vn 0.062900 0.996200 -0.060800
vn 0.062800 0.996200 -0.060800
vn -0.071000 0.965900 0.249100
vn 0.993000 -0.114600 0.029200
vn 0.390500 0.917500 0.075500
vn 0.062900 0.996200 -0.060700
vn 0.993000 -0.114600 0.029100
vn -0.076400 -0.991300 -0.106900
vn -0.004100 -0.981300 -0.192200
vn -0.959000 0.236400 -0.156500
vn -0.004200 -0.981300 -0.192200
vn -0.981400 0.025200 -0.190500
vn -0.959000 0.236500 -0.156400
vn -0.825600 0.355600 -0.438200
vn -0.981400 0.025100 -0.190500
vn -0.981300 0.025100 -0.190600
vn -0.070900 0.965900 0.249100
vn 0.390600 0.917500 0.075600
vn -0.959000 0.236400 -0.156400
vn -0.313100 0.255500 -0.914700
vn -0.669700 0.655700 -0.348600
vn -0.959700 -0.274900 -0.059000
vn -0.313200 0.255500 -0.914700
vn -0.669800 0.655600 -0.348700
vn -0.959600 -0.275000 -0.059000
vn 0.494900 -0.831200 0.253400
vn 0.494900 -0.831200 0.253200
vn 0.111300 -0.869900 -0.480600
vn 0.111200 -0.869900 -0.480500
vn 0.494800 -0.831200 0.253300
vn 0.353800 0.069800 -0.932700
vn 0.111300 -0.869900 -0.480500
vn 0.353900 0.069700 -0.932700
vn 0.228300 0.961400 -0.153900
vn 0.228200 0.961400 -0.153900
vn -0.626100 0.435400 0.646800
vn -0.624700 0.566900 0.536900
vn 0.614500 -0.200500 0.763000
vn -0.192900 -0.953500 0.231700
vn 0.614400 -0.200600 0.763000
vn 0.714500 -0.414300 -0.563700
vn 0.782100 -0.235700 -0.576800
vn 0.031500 -0.986900 0.158100
vn -0.624800 0.566900 0.536900
vn 0.031600 -0.986900 0.158100
vn 0.731400 -0.240500 -0.638100
vn 0.731500 -0.240400 -0.638100
vn 0.731500 -0.240500 -0.638100
vn 0.229100 0.908300 -0.350200
vn 0.229000 0.908300 -0.350200
vn 0.229000 0.908300 -0.350100
vn -0.606700 0.240300 0.757700
vn 0.251300 0.963100 0.096300
vn -0.574200 0.073000 0.815500
vn -0.606800 0.240300 0.757700
vn -0.574200 0.072900 0.815500
vn -0.242800 -0.956400 0.162200
vn -0.242900 -0.956400 0.162300
vn 0.515400 -0.321000 -0.794600
vn 0.229100 0.908200 -0.350200
vn 0.731400 -0.240400 -0.638100
vn 0.515400 -0.320900 -0.794600
vn 0.251300 0.963100 0.096400
vn 0.369000 0.926500 0.074500
vn -0.478500 0.117800 0.870100
vn -0.574100 0.073000 0.815500
vn -0.478600 0.117900 0.870100
vn -0.478500 0.117800 0.870200
vn -0.146400 -0.971100 -0.188700
vn -0.242900 -0.956400 0.162200
vn -0.146400 -0.971000 -0.188700
vn 0.601000 -0.033900 -0.798600
vn 0.600900 -0.034000 -0.798600
vn 0.369000 0.926500 0.074400
vn -0.478600 0.117800 0.870100
vn 0.188700 -0.060200 0.980200
vn -0.478500 0.117900 0.870100
vn 0.188700 -0.060100 0.980200
vn -0.146500 -0.971100 -0.188700
vn 0.600900 -0.033900 -0.798600
vn 0.099400 -0.963000 -0.250500
vn 0.721900 0.108400 -0.683500
vn 0.368900 0.926500 0.074500
vn -0.070900 0.965900 0.249200
vn -0.117400 0.772600 0.623900
vn -0.744800 0.474800 -0.468800
vn -0.825500 0.355600 -0.438200
vn -0.744900 0.474700 -0.468900
vn -0.846000 -0.341600 -0.409300
vn -0.196300 -0.333500 -0.922100
vn -0.846000 -0.341700 -0.409400
vn 0.353800 0.069700 -0.932700
vn -0.196400 -0.333500 -0.922100
vn 0.353800 0.069600 -0.932700
vn 0.527100 0.136300 -0.838800
vn 0.527000 0.136300 -0.838800
vn 0.527100 0.136400 -0.838800
vn 0.629100 0.055300 -0.775400
vn 0.629100 0.055400 -0.775300
vn 0.819700 0.571100 -0.043400
vn 0.489800 0.267600 0.829800
vn -0.943200 -0.180100 0.279100
vn -0.812900 -0.194900 0.548900
vn -0.150000 0.158900 -0.975800
vn -0.072200 -0.016000 -0.997300
vn -0.846000 -0.287300 -0.449100
vn -0.150000 0.159000 -0.975800
vn -0.879100 -0.163300 -0.447800
vn -0.846000 -0.287400 -0.449100
vn -0.976200 -0.155500 0.150900
vn -0.943200 -0.180200 0.279200
vn -0.879100 -0.163200 -0.447900
vn 0.409400 0.476500 -0.778000
vn 0.719700 0.361600 -0.592800
vn 0.224500 0.561500 0.796500
vn -0.092300 0.628800 0.772100
vn 0.362300 0.598500 0.714500
vn -0.513500 0.597700 0.615700
vn -0.092300 0.628800 0.772000
vn -0.528600 0.565000 0.633600
vn -0.528600 0.564900 0.633500
vn 0.224500 0.561400 0.796500
vn -0.506200 0.561200 0.654800
vn -0.237800 0.481900 0.843400
vn -0.262400 0.357200 0.896400
vn -0.338800 0.280800 0.898000
vn -0.287500 0.442200 0.849600
vn -0.237800 0.481800 0.843400
vn -0.468600 0.450900 0.759700
vn -0.347800 0.385200 0.854800
vn -0.287500 0.442300 0.849500
vn -0.530600 0.136600 0.836500
vn -0.530600 0.136700 0.836500
vn -0.221800 0.189800 0.956400
vn -0.262400 0.357100 0.896400
vn -0.513600 0.597700 0.615600
vn -0.528700 0.564900 0.633600
vn -0.528600 0.565000 0.633500
vn -0.338900 0.280800 0.897900
vn -0.528600 0.564900 0.633600
vn -0.506300 0.561100 0.654800
vn -0.506300 0.561200 0.654800
vn -0.468500 0.450900 0.759700
vn -0.338800 0.280700 0.898000
vn -0.506200 0.561300 0.654800
vn -0.565100 0.290500 0.772200
vn -0.565000 0.290600 0.772200
vn -0.468600 0.450800 0.759700
vn -0.530700 0.136600 0.836500
vn -0.565100 0.290600 0.772200
vn -0.295200 -0.020500 0.955200
vn -0.249600 0.041600 0.967500
vn -0.352900 0.043900 0.934600
vn -0.352800 0.043900 0.934700
vn 0.179400 0.160600 0.970600
vn 0.179300 0.160600 0.970600
vn 0.283300 0.068100 0.956600
vn 0.179300 0.160700 0.970600
vn 0.283300 0.068000 0.956600
vn 0.205000 0.180400 0.962000
vn 0.204900 0.180500 0.962000
vn 0.163700 0.440600 0.882600
vn 0.224500 0.561500 0.796400
vn 0.163700 0.440700 0.882600
vn -0.959600 -0.070300 0.272400
vn -0.959600 -0.070400 0.272400
vn -0.249500 0.041600 0.967500
vn -0.352900 0.043800 0.934600
vn -0.783900 -0.068700 0.617100
vn -0.352900 0.044000 0.934600
vn -0.806200 0.296700 0.511900
vn -0.295300 -0.020600 0.955200
vn -0.221800 0.189900 0.956400
vn -0.806200 0.296600 0.511900
vn -0.748200 0.486500 0.451200
vn -0.748200 0.486400 0.451200
vn -0.221700 0.189900 0.956400
vn -0.347800 0.385300 0.854700
vn -0.683000 0.613400 0.396600
vn -0.287600 0.442200 0.849600
vn -0.549800 0.700800 0.454400
vn -0.288000 0.661200 0.692800
vn -0.299100 -0.549000 0.780500
vn -0.088900 -0.553600 0.828000
vn -0.288000 0.661100 0.692800
vn -0.312500 0.593100 0.742000
vn -0.164400 -0.532500 0.830300
vn -0.299100 -0.549000 0.780400
vn -0.102800 0.078200 0.991600
vn 0.041200 -0.984500 -0.170200
vn -0.164500 -0.532500 0.830300
vn -0.102900 0.078100 0.991600
vn 0.041200 -0.984500 -0.170300
vn 0.140500 0.052100 -0.988700
vn 0.595900 -0.800200 -0.067600
vn -0.174500 0.951100 -0.254900
vn 0.235000 0.302700 -0.923700
vn -0.174500 0.951100 -0.254800
vn 0.171400 0.912800 -0.370800
vn 0.140500 0.052000 -0.988700
vn -0.230900 0.894800 -0.382100
vn -0.245100 -0.053200 -0.968000
vn -0.230900 0.894800 -0.382200
vn 0.171500 0.912800 -0.370700
vn 0.140400 0.052100 -0.988700
vn -0.445100 -0.850600 -0.279800
vn 0.169100 -0.054800 -0.984100
vn 0.786500 -0.127400 -0.604400
vn 0.783200 0.602100 -0.155100
vn 0.783200 0.602100 -0.155200
vn -0.299000 -0.549000 0.780500
vn 0.583300 -0.401800 0.705900
vn 0.583300 -0.401900 0.705900
vn 0.758000 -0.652100 -0.010900
vn 0.786500 -0.127300 -0.604300
vn 0.758000 -0.652200 -0.010900
vn 0.758000 -0.652200 -0.011000
vn 0.786500 -0.127400 -0.604300
vn 0.975300 -0.110000 0.191400
vn 0.975300 -0.109900 0.191500
vn 0.646400 0.393200 0.653800
vn 0.583300 -0.401900 0.705800
vn 0.068300 0.642400 0.763300
vn 0.068400 0.642400 0.763300
vn 0.783200 0.602200 -0.155200
vn 0.171500 0.912800 -0.370800
vn 0.646400 0.393200 0.653900
vn -0.230800 0.894800 -0.382200
vn 0.068200 0.642500 0.763300
vn -0.312600 0.593100 0.742000
vn -0.348500 0.846700 -0.402100
vn -0.348500 0.846700 -0.402000
vn -0.474700 0.459700 0.750600
vn 0.865000 -0.366600 0.342500
vn -0.013000 -0.201800 -0.979300
vn -0.245600 -0.188600 -0.950800
vn -0.013000 -0.201900 -0.979300
vn -0.918000 0.218700 -0.330900
vn -0.348400 0.846700 -0.402100
vn -0.918000 0.218800 -0.330800
vn -0.474600 0.459700 0.750600
vn -0.845600 -0.307500 0.436300
vn 0.780000 -0.500000 0.376300
vn 0.022500 0.351700 0.935800
vn 0.022600 0.351700 0.935800
vn 0.780000 -0.500100 0.376300
vn 0.541600 -0.686000 0.485900
vn 0.150000 -0.063300 0.986700
vn 0.150000 -0.063400 0.986700
vn 0.541500 -0.686000 0.485900
vn 0.129400 -0.818200 0.560100
vn 0.129400 -0.818200 0.560200
vn -0.045600 0.408300 0.911700
vn 0.150100 -0.063400 0.986600
vn -0.045700 0.408300 0.911700
vn 0.675100 -0.602500 0.425600
vn 0.126400 0.511900 0.849700
vn -0.045600 0.408200 0.911700
vn 0.126300 0.511900 0.849700
vn 0.675200 -0.602500 0.425600
vn 0.962300 -0.201900 0.182500
vn 0.962300 -0.201800 0.182600
vn -0.092400 0.288400 0.953000
vn -0.092300 0.288400 0.953100
vn 0.962300 -0.201800 0.182500
vn 0.865100 -0.366500 0.342500
vn -0.092400 0.288300 0.953100
vn 0.201500 -0.492400 -0.846800
vn -0.012900 -0.201900 -0.979300
vn 0.201400 -0.492300 -0.846800
vn 0.675200 -0.602500 0.425500
vn 0.122300 -0.700200 -0.703400
vn 0.122300 -0.700300 -0.703300
vn 0.129500 -0.818200 0.560200
vn -0.096800 -0.610000 -0.786500
vn 0.122400 -0.700200 -0.703300
vn -0.096800 -0.610000 -0.786400
vn 0.433500 -0.686700 -0.583600
vn 0.433400 -0.686700 -0.583600
vn 0.779900 -0.500100 0.376300
vn 0.134200 -0.744900 -0.653600
vn 0.433600 -0.686600 -0.583600
vn 0.134300 -0.744900 -0.653600
vn 0.779900 -0.500100 0.376400
vn -0.884500 0.183500 -0.429000
vn 0.134300 -0.744800 -0.653600
vn -0.175800 -0.096100 -0.979700
vn 0.433500 -0.686600 -0.583600
vn -0.175700 -0.096200 -0.979700
vn -0.096800 -0.610100 -0.786400
vn -0.884400 0.183500 -0.429000
vn -0.845600 -0.307500 0.436400
vn -0.884400 0.183500 -0.429100
vn -0.656600 0.648500 -0.385100
vn 0.022500 0.351800 0.935800
vn -0.656700 0.648400 -0.385100
vn -0.175800 -0.096200 -0.979700
vn -0.656700 0.648400 -0.385200
vn -0.127600 0.915600 -0.381400
vn -0.127600 0.915500 -0.381400
vn -0.096700 -0.610100 -0.786400
vn -0.127500 0.915600 -0.381400
vn -0.728100 0.421200 -0.540700
vn -0.728100 0.421300 -0.540800
vn -0.728100 0.421300 -0.540700
vn -0.956800 0.069900 -0.282300
vn 0.201400 -0.492400 -0.846800
vn -0.956800 0.070000 -0.282300
vn 0.201400 -0.492400 -0.846700
vn -0.470100 0.588800 0.657600
vn 0.150000 -0.063400 0.986600
vn -0.918000 0.218700 -0.330800
vn -0.956800 0.069900 -0.282400
vn -0.092400 0.288400 0.953100
vn -0.092300 0.288300 0.953100
vn -0.127600 0.915500 -0.381500
vn -0.127500 0.915500 -0.381400
vn -0.656600 0.648400 -0.385200
vn -0.470100 0.588700 0.657600
vn -0.470000 0.588700 0.657700
vn -0.470000 0.588700 0.657600
vn -0.740300 0.073100 -0.668300
vn -0.980900 0.096500 -0.168900
vn -0.980900 0.096400 -0.168900
vn -0.531100 0.470200 -0.704800
vn 0.040500 0.252700 -0.966700
vn -0.531200 0.470100 -0.704900
vn -0.531200 0.470200 -0.704800
vn 0.186400 0.534200 -0.824500
vn -0.239700 0.661300 -0.710800
vn -0.897000 0.420200 -0.137300
vn -0.897000 0.420200 -0.137200
vn -0.364200 0.840900 -0.400400
vn 0.186400 0.534200 -0.824600
vn -0.280700 0.879000 -0.385400
vn -0.364200 0.840800 -0.400500
vn -0.704400 0.701400 0.109300
vn -0.280800 0.879000 -0.385400
vn -0.364200 0.840800 -0.400400
vn -0.704400 0.701400 0.109200
vn -0.806300 0.296600 0.511800
vn -0.783800 -0.068700 0.617200
vn -0.806200 0.296600 0.511800
vn -0.759100 0.646200 0.078500
vn -0.704400 0.701300 0.109200
vn -0.806700 0.589200 -0.045100
vn -0.759100 0.646300 0.078500
vn -0.731600 0.602200 -0.319600
vn -0.685600 0.701800 0.193500
vn -0.421700 0.612600 -0.668500
vn -0.660600 0.697000 -0.279100
vn -0.239600 0.661300 -0.710800
vn -0.421600 0.612700 -0.668500
vn 0.031600 0.520900 -0.853000
vn 0.186400 0.534100 -0.824600
vn 0.031500 0.520900 -0.853000
vn -0.499000 0.617500 -0.608000
vn -0.280800 0.879000 -0.385300
vn -0.499000 0.617600 -0.608000
vn -0.632700 0.511900 -0.581100
vn -0.632700 0.511900 -0.581000
vn -0.806700 0.589300 -0.045100
vn -0.516500 0.619400 -0.591300
vn -0.516500 0.619300 -0.591300
vn -0.731600 0.602200 -0.319500
vn -0.498900 0.617500 -0.608100
vn 0.031500 0.521000 -0.853000
vn -0.516500 0.619300 -0.591400
vn -0.390900 0.651100 -0.650600
vn -0.516600 0.619300 -0.591300
vn 0.031500 0.520900 -0.853100
vn -0.421700 0.612700 -0.668500
vn -0.660600 0.696900 -0.279100
vn -0.674800 0.603400 -0.425000
vn -0.013600 0.752600 -0.658300
vn -0.474900 0.752000 -0.457200
vn -0.279300 0.720400 -0.634900
vn -0.279300 0.720400 -0.634800
vn -0.279300 0.720300 -0.634900
vn -0.674800 0.603400 -0.424900
vn -0.043800 0.689500 -0.723000
vn 0.525000 0.558200 -0.642500
vn -0.043800 0.689500 -0.722900
vn -0.013600 0.752600 -0.658400
vn 0.086400 0.655700 -0.750000
vn 0.353300 0.654500 -0.668500
vn 0.086400 0.655800 -0.750000
vn -0.043700 0.689500 -0.723000
vn 0.353200 0.654500 -0.668500
vn 0.525000 0.558100 -0.642500
vn 0.183000 0.495500 -0.849100
vn 0.203300 0.686800 -0.697800
vn 0.165600 0.740500 -0.651300
vn 0.353300 0.654400 -0.668500
vn 0.753800 0.437200 -0.490500
vn -0.076200 0.560200 -0.824900
vn 0.183100 0.495500 -0.849100
vn -0.076200 0.560100 -0.824900
vn 0.203300 0.686800 -0.697900
vn 0.338600 0.521100 -0.783400
vn 0.338700 0.521100 -0.783400
vn 0.524900 0.558200 -0.642500
vn 0.564100 0.589200 -0.578500
vn 0.338600 0.521100 -0.783500
vn 0.525100 0.558200 -0.642500
vn -0.209900 0.267000 -0.940600
vn -0.209800 0.266900 -0.940600
vn 0.040600 0.252700 -0.966700
vn -0.009900 0.013100 -0.999900
vn -0.009900 0.013200 -0.999900
vn 0.338500 0.521100 -0.783500
vn 0.564100 0.589100 -0.578500
vn 0.475400 0.575000 -0.665800
vn 0.475400 0.575100 -0.665800
vn -0.289100 0.214300 -0.933000
vn -0.289200 0.214300 -0.933000
vn -0.209800 0.267000 -0.940600
vn -0.141800 -0.116100 -0.983100
vn -0.141800 -0.116000 -0.983100
vn -0.311700 -0.149800 -0.938300
vn -0.010000 0.013200 -0.999900
vn -0.740300 0.073000 -0.668300
vn -0.848100 -0.172500 -0.500900
vn -0.929300 -0.206700 0.306000
vn 0.947100 0.313400 -0.068800
vn 0.669600 0.536900 -0.513200
vn 0.669600 0.536900 -0.513300
vn 0.753800 0.437300 -0.490500
vn -0.076300 0.560200 -0.824900
vn -0.200300 -0.003800 -0.979700
vn 0.669700 0.536800 -0.513200
vn 0.931000 0.323500 0.169000
vn 0.951800 0.283900 0.116100
vn 0.931000 0.323500 0.168900
vn 0.669500 0.536900 -0.513300
vn 0.531500 0.330700 -0.779900
vn -0.289100 0.214200 -0.933000
vn 0.419900 0.235400 -0.876500
vn 0.531400 0.330700 -0.779900
vn 0.419900 0.235300 -0.876500
vn 0.488300 0.080200 -0.869000
vn -0.196300 -0.333600 -0.922100
vn 0.531400 0.330600 -0.779900
vn 0.967500 0.252600 0.011800
vn 0.930500 0.237200 -0.279200
vn 0.967500 0.252700 0.011700
vn 0.419800 0.235300 -0.876600
vn 0.930500 0.237100 -0.279200
vn 0.527000 0.136300 -0.838900
vn 0.816200 -0.010200 0.577700
vn 0.816200 -0.010100 0.577700
vn 0.850400 0.105300 0.515500
vn 0.930500 0.237100 -0.279300
vn 0.850400 0.105400 0.515500
vn 0.967500 0.252600 0.011700
vn 0.930500 0.237200 -0.279100
vn 0.764000 0.084300 0.639700
vn 0.764000 0.084100 0.639700
vn 0.951800 0.283900 0.116200
vn 0.764000 0.084200 0.639700
vn 0.778000 0.153000 0.609300
vn 0.778000 0.152900 0.609300
vn 0.931100 0.323400 0.169000
vn 0.856000 0.296200 0.423700
vn 0.947200 0.313300 -0.068700
vn 0.784800 -0.052900 0.617500
vn 0.204900 0.180400 0.962000
vn 0.753000 0.187000 0.630900
vn 0.163600 0.440600 0.882600
vn 0.753000 0.187000 0.630800
vn 0.784800 -0.053000 0.617500
vn 0.971200 -0.199100 -0.130900
vn 0.889200 -0.110100 0.444100
vn 0.971200 -0.199100 -0.130800
vn 0.999500 0.022100 0.020400
vn 0.999500 0.022100 0.020300
vn 0.714200 0.424900 0.556200
vn 0.714300 0.424900 0.556200
vn 0.362400 0.598500 0.714500
vn 0.714300 0.424800 0.556200
vn 0.224400 0.561400 0.796500
vn 0.524800 0.014500 0.851100
vn 0.925400 -0.015100 0.378600
vn 0.999500 0.022200 0.020400
vn 0.889200 -0.110200 0.444100
vn 0.925400 -0.015200 0.378600
vn 0.897700 0.421900 0.127100
vn 0.897800 0.421800 0.127100
vn 0.897700 0.421800 0.127100
vn 0.714200 0.424800 0.556200
vn 0.621600 0.596500 0.507800
vn 0.621500 0.596500 0.507800
vn 0.845800 0.520000 0.119400
vn 0.897700 0.421800 0.127200
vn 0.740300 0.228900 0.632100
vn 0.845800 0.520000 0.119300
vn 0.362200 0.052400 0.930600
vn 0.362300 0.052500 0.930600
vn 0.740300 0.229000 0.632100
vn 0.379900 0.097200 0.919900
vn 0.362200 0.052500 0.930600
vn 0.740200 0.228900 0.632200
vn 0.796900 0.454100 0.398500
vn 0.592300 0.337000 0.731800
vn 0.380000 0.097300 0.919900
vn 0.592400 0.337000 0.731800
vn 0.856000 0.296100 0.423700
vn 0.778000 0.153100 0.609300
vn 0.380000 0.097200 0.919900
vn 0.778100 0.153000 0.609300
vn 0.960100 -0.192000 0.203300
vn 0.982400 -0.050300 0.180100
vn 0.982400 -0.050400 0.180100
vn 0.405700 0.178300 0.896500
vn 0.464400 0.424100 0.777400
vn 0.982400 -0.050300 0.180000
vn 0.816200 -0.010000 0.577700
vn 0.889200 -0.110000 0.444100
vn 0.971200 -0.199000 -0.130800
vn 0.982400 -0.050400 0.180000
vn 0.988300 0.022200 -0.150800
vn 0.034200 -0.007000 0.999400
vn 0.034200 -0.006900 0.999400
vn -0.980800 0.000000 0.195200
vn -0.980800 0.000100 0.195200
vn 0.237600 0.190500 0.952500
vn 0.237600 0.190600 0.952500
vn 0.593100 0.049100 -0.803600
vn 0.593100 0.049200 -0.803600
vn -0.173200 0.281600 -0.943800
vn -0.173200 0.281500 -0.943800
vn -0.173200 0.281400 -0.943800
vn 0.861900 -0.352900 -0.364100
vn -0.271600 -0.177200 -0.946000
vn -0.271600 -0.177100 -0.946000
vn -0.518600 0.327700 -0.789700
vn -0.518600 0.327600 -0.789700
vn -0.999900 0.000000 0.015300
vn -0.151000 -0.146300 0.977700
vn -0.150900 -0.146400 0.977600
vn -0.151000 -0.146200 0.977700
vn 0.756600 -0.037800 0.652800
vn 0.756600 -0.037900 0.652800
vn 0.988300 0.022100 -0.150800
vn -0.833600 0.045500 0.550500
vn -0.832400 0.044600 0.552300
vn -0.703000 0.040400 -0.710000
vn -0.703000 0.040300 -0.710000
vn -0.708200 0.037800 -0.705000
vn 0.608400 -0.033500 0.792900
vn 0.608400 -0.033400 0.792900
vn 0.619100 -0.037600 0.784400
vn 0.608400 -0.033400 0.793000
vn 0.178600 -0.002300 0.983900
vn 0.178600 -0.002200 0.983900
vn 0.181600 -0.003300 0.983400
vn -0.190700 0.003800 -0.981600
vn -0.190700 0.003900 -0.981600
vn -0.192900 0.003300 -0.981200
vn -0.192900 0.003200 -0.981200
vn -0.190800 0.003900 -0.981600
vn -0.618800 0.007800 0.785500
vn -0.618800 0.007700 0.785500
vn -0.620500 0.008300 0.784100
vn 0.156900 -0.002100 -0.987600
vn 0.156900 -0.002200 -0.987600
vn 0.156300 -0.002400 -0.987700
vn 0.156300 -0.002300 -0.987700
vn 0.699800 -0.037300 -0.713400
vn 0.699800 -0.037400 -0.713400
vn 0.701400 -0.036300 -0.711800
vn 0.701400 -0.036200 -0.711800
vn 0.699800 -0.037200 -0.713300
vn -0.518700 0.834900 0.184000
vn -0.350300 0.845700 0.402700
vn -0.564000 0.825800 0.004300
vn -0.014000 0.690500 0.723200
vn -0.350200 0.845700 0.402700
vn -0.013900 0.690400 0.723200
vn 0.277400 0.435300 0.856500
vn 0.277300 0.435400 0.856500
vn 0.079500 0.541100 0.837200
vn -0.124300 0.964500 -0.233100
vn -0.113200 0.964600 -0.238400
vn 0.405000 0.699500 -0.588800
vn 0.407600 0.695500 -0.591700
vn -0.124400 0.964500 -0.233100
vn -0.657900 0.679500 0.324800
vn -0.113300 0.964500 -0.238400
vn -0.664300 0.671700 0.328000
vn -0.657900 0.679400 0.324800
vn -0.278800 0.738400 0.614000
vn -0.040600 0.389500 0.920100
vn -0.346000 0.303000 0.887900
vn -0.346000 0.303100 0.887900
vn -0.324300 0.872800 0.364700
vn -0.471200 0.770400 -0.429500
vn -0.324400 0.872800 0.364700
vn -0.182100 0.852400 -0.490200
vn -0.245000 0.158600 -0.956400
vn -0.471300 0.770400 -0.429500
vn -0.182100 0.852400 -0.490100
vn -0.270200 0.190000 -0.943900
vn -0.245000 0.158700 -0.956400
vn 0.173200 0.272000 -0.946600
vn 0.182800 0.299800 -0.936300
vn -0.182000 0.852400 -0.490300
vn -0.207500 0.897900 0.388100
vn -0.324300 0.872800 0.364600
vn -0.207400 0.898000 0.388100
vn 0.022800 0.995700 -0.090100
vn 0.022900 0.995700 -0.090100
vn 0.148900 0.719800 -0.678100
vn -0.182000 0.852400 -0.490200
vn -0.182000 0.852400 -0.490100
vn 0.148900 0.719700 -0.678100
vn -0.982100 0.000200 0.188500
vn -0.982200 0.000300 0.188100
vn -0.929300 0.312600 0.196500
vn 0.968700 0.083700 -0.233900
vn 0.968800 0.083900 -0.233400
vn 0.846800 0.495200 -0.194100
vn 0.886500 0.419000 -0.196400
vn 0.968700 0.083600 -0.233900
vn -0.081400 0.995700 0.045300
vn 0.846800 0.495300 -0.194100
vn 0.846800 0.495300 -0.194200
vn -0.139100 0.989100 0.047900
vn -0.929400 0.312500 0.196600
vn -0.139000 0.989100 0.047800
vn -0.916900 0.346200 0.198800
vn -0.929300 0.312500 0.196600
vn -0.916800 0.346200 0.198800
vn -0.982100 0.000300 0.188500
vn -0.298600 0.412100 0.860800
vn -0.046800 0.257400 0.965200
vn -0.044900 0.041300 0.998100
vn -0.291700 0.956500 0.004800
vn -0.298700 0.412000 0.860800
vn -0.313200 0.944800 -0.095900
vn 0.351400 0.218600 -0.910300
vn -0.313200 0.944800 -0.095800
vn 0.108600 0.467200 -0.877500
vn 0.351500 0.218600 -0.910300
vn 0.416800 -0.038100 -0.908200
vn 0.108700 0.467200 -0.877400
vn 0.108600 0.467200 -0.877400
vn 0.370600 -0.027400 -0.928400
vn 0.222900 0.388600 -0.894000
vn -0.175700 0.945600 -0.273800
vn -0.405000 0.630500 0.662200
vn -0.175700 0.945600 -0.273900
vn -0.313100 0.944900 -0.095900
vn -0.405000 0.630600 0.662100
vn -0.147500 0.055200 0.987500
vn -0.044900 0.041400 0.998100
vn -0.298600 0.412000 0.860900
vn 0.237600 0.276800 0.931100
vn 0.107600 0.164400 0.980500
vn 0.165600 -0.027300 0.985800
vn 0.262400 0.884700 0.385300
vn 0.107600 0.164500 0.980500
vn 0.237600 0.276700 0.931100
vn 0.414600 0.841700 0.345800
vn 0.098300 0.536500 -0.838200
vn 0.414600 0.841700 0.345700
vn 0.414700 0.841700 0.345700
vn 0.130200 0.584100 -0.801100
vn -0.082900 0.003000 -0.996600
vn 0.098300 0.536400 -0.838200
vn 0.130100 0.584200 -0.801100
vn -0.084400 0.002600 -0.996400
vn -0.082900 0.003000 -0.996500
vn 0.237700 0.276600 0.931100
vn 0.210600 -0.027300 0.977200
vn 0.210500 -0.027200 0.977200
vn 0.267400 0.085500 0.959800
vn 0.267400 0.085400 0.959800
vn 0.267500 0.085500 0.959800
vn 0.473300 0.855400 0.210300
vn 0.414700 0.841700 0.345800
vn 0.116800 0.398700 -0.909600
vn 0.130100 0.584100 -0.801200
vn 0.116800 0.398600 -0.909600
vn -0.084400 0.002800 -0.996400
vn -0.575500 0.769700 -0.276200
vn -0.468600 0.708500 -0.527600
vn 0.568900 0.558600 -0.603600
vn -0.985700 0.152900 0.070500
vn -0.575600 0.769700 -0.276200
vn -0.972000 0.183500 0.146500
vn -0.985700 0.152900 0.070600
vn -0.976500 -0.017300 0.215000
vn -0.972100 0.183500 0.146400
vn -0.972100 0.183400 0.146400
vn -0.979600 -0.012500 0.200700
vn -0.972100 0.183500 0.146500
vn -0.894900 0.331200 0.299100
vn -0.046400 0.936200 0.348500
vn -0.575500 0.769800 -0.276100
vn -0.046300 0.936100 0.348500
vn 0.923900 0.364800 -0.115600
vn -0.046400 0.936100 0.348500
vn -0.575600 0.769700 -0.276100
vn 0.694700 0.555400 -0.457100
vn 0.923900 0.364800 -0.115700
vn 0.569000 0.558600 -0.603500
vn 0.694700 0.555400 -0.457000
vn 0.568900 0.558500 -0.603600
vn 0.967200 0.002300 -0.253900
vn 0.967200 0.002400 -0.253900
vn 0.965600 -0.003700 -0.259900
vn 0.923900 0.364900 -0.115700
vn 0.694700 0.555500 -0.457100
vn 0.965700 -0.003800 -0.259800
vn 0.910400 0.413700 -0.003300
vn 0.923900 0.364800 -0.115800
vn 0.910500 0.413600 -0.003300
vn 0.141700 0.853400 0.501600
vn -0.783000 0.429100 0.450300
vn -0.979600 -0.012400 0.200700
vn -0.832400 0.044500 0.552300
usemtl World_Expansion04_doodads_thunderisle_trees_itk_tree01.m2_G.001
s 1
f 1/1/1 2/2/2 3/3/3
f 4/4/4 5/5/5 6/6/6
f 7/7/7 8/6/8 9/5/9
f 10/5/9 11/8/10 12/7/7
f 13/7/7 14/8/11 15/9/12
f 16/9/13 17/10/14 18/7/15
f 19/10/16 20/9/17 21/4/18
f 22/4/4 23/11/19 24/10/16
f 25/6/20 26/11/21 27/4/22
f 28/12/23 29/13/24 30/14/25
f 31/15/26 32/14/27 33/13/28
f 34/14/27 35/16/29 36/12/23
f 37/12/23 38/16/29 39/17/30
f 40/17/30 41/18/31 42/12/23
f 43/18/31 44/17/30 45/15/26
f 46/15/32 47/19/33 48/18/34
f 49/13/24 50/19/35 51/15/36
f 52/20/37 53/21/38 54/22/39
f 55/23/40 56/20/41 57/22/39
f 58/24/42 59/23/40 60/22/43
f 61/21/38 62/24/42 63/22/44
f 64/21/45 65/20/46 66/25/47
f 67/25/47 68/26/48 69/21/38
f 70/24/49 71/21/50 72/26/48
f 73/26/48 74/27/51 75/24/42
f 76/23/52 77/24/49 78/27/51
f 79/27/53 80/28/54 81/23/55
f 82/20/56 83/23/40 84/28/57
f 85/28/57 86/25/58 87/20/37
f 88/29/59 89/30/60 90/31/61
f 91/31/62 92/32/63 93/29/48
f 94/33/64 95/29/65 96/32/66
f 97/32/67 98/34/68 99/33/51
f 100/35/57 101/33/69 102/34/70
f 103/34/68 104/36/71 105/35/57
f 106/30/58 107/35/57 108/36/72
f 109/36/73 110/31/62 111/30/74
f 112/32/63 113/31/75 114/37/76
f 115/37/76 116/38/77 117/32/67
f 118/34/68 119/32/63 120/38/77
f 121/38/77 122/39/78 123/34/70
f 124/36/71 125/34/70 126/39/79
f 127/39/79 128/40/80 129/36/71
f 130/31/62 131/36/81 132/40/82
f 133/40/83 134/37/76 135/31/62
f 136/41/84 137/42/20 138/43/7
f 139/43/85 140/44/86 141/41/87
f 142/43/88 143/45/14 144/44/89
f 145/42/8 146/41/90 147/46/91
f 148/45/14 149/47/92 150/44/89
f 151/46/91 152/47/92 153/45/93
f 154/45/14 155/48/94 156/46/91
f 157/46/91 158/48/21 159/42/6
f 160/49/95 161/50/96 162/51/97
f 163/50/96 164/49/98 165/51/99
f 166/49/98 167/52/100 168/51/101
f 169/52/102 170/49/103 171/53/104
f 172/53/105 173/54/106 174/52/102
f 175/54/107 176/53/104 177/49/108
f 178/49/109 179/55/110 180/54/111
f 181/51/97 182/55/110 183/49/112
f 184/56/113 185/57/114 186/58/115
f 187/58/116 188/59/117 189/56/118
f 190/60/119 191/59/117 192/58/120
f 193/58/116 194/61/121 195/60/122
f 196/58/120 197/57/114 198/62/123
f 199/62/124 200/63/125 201/58/126
f 202/61/121 203/58/120 204/63/127
f 205/63/125 206/64/128 207/61/129
f 208/65/122 209/66/121 210/67/130
f 211/67/130 212/68/131 213/65/122
f 214/68/131 215/67/130 216/69/132
f 217/69/133 218/70/134 219/68/131
f 220/70/135 221/69/136 222/71/137
f 223/71/138 224/72/139 225/70/135
f 226/72/140 227/71/137 228/57/114
f 229/57/114 230/56/141 231/72/140
f 232/67/130 233/66/129 234/73/142
f 235/73/128 236/74/143 237/67/130
f 238/69/132 239/67/144 240/74/145
f 241/74/146 242/75/147 243/69/148
f 244/71/137 245/69/136 246/75/147
f 247/75/149 248/76/150 249/71/138
f 250/57/151 251/71/137 252/76/150
f 253/76/150 254/62/123 255/57/114
f 256/77/152 257/78/153 258/79/154
f 259/79/154 260/80/155 261/77/152
f 262/81/156 263/80/157 264/79/158
f 265/79/154 266/82/159 267/81/156
f 268/83/153 269/84/152 270/85/160
f 271/85/160 272/86/161 273/83/162
f 274/87/163 275/86/164 276/85/165
f 277/85/166 278/88/167 279/87/168
f 280/82/169 281/87/170 282/88/171
f 283/88/171 284/81/172 285/82/169
f 286/89/173 287/90/174 288/91/175
f 289/90/174 290/92/176 291/91/177
f 292/92/176 293/93/178 294/91/179
f 295/93/180 296/89/181 297/91/182
f 298/92/183 299/90/184 300/94/185
f 301/94/186 302/95/187 303/92/176
f 304/93/178 305/92/188 306/95/189
f 307/95/187 308/96/190 309/93/191
f 310/89/181 311/93/178 312/96/192
f 313/96/192 314/97/193 315/89/173
f 316/90/174 317/89/194 318/97/193
f 319/97/195 320/94/186 321/90/174
f 322/95/187 323/94/186 324/98/196
f 325/98/197 326/99/198 327/95/199
f 328/96/192 329/95/199 330/99/200
f 331/99/201 332/100/202 333/96/190
f 334/97/203 335/96/204 336/100/202
f 337/100/205 338/101/206 339/97/203
f 340/94/186 341/97/203 342/101/207
f 343/101/208 344/98/197 345/94/186
f 346/102/209 347/103/152 348/104/210
f 349/105/211 350/102/212 351/106/213
f 352/104/210 353/106/214 354/102/212
f 355/107/215 356/106/216 357/104/217
f 358/104/210 359/108/167 360/107/218
f 361/106/219 362/107/220 363/109/221
f 364/109/222 365/110/223 366/106/216
f 367/106/214 368/110/224 369/105/211
f 370/105/225 371/110/224 372/111/226
f 373/110/223 374/109/221 375/111/227
f 376/107/215 377/108/171 378/112/228
f 379/112/160 380/113/229 381/107/220
f 382/109/221 383/107/230 384/113/229
f 385/113/231 386/114/232 387/109/221
f 388/109/233 389/114/232 390/111/226
f 391/114/234 392/115/235 393/111/226
f 394/115/211 395/114/232 396/113/236
f 397/113/229 398/116/212 399/115/211
f 400/116/212 401/113/231 402/112/165
f 403/112/160 404/117/152 405/116/212
f 406/118/237 407/119/238 408/120/239
f 409/121/156 410/118/240 411/120/239
f 412/120/241 413/119/238 414/122/242
f 415/123/155 416/120/241 417/122/242
f 418/120/243 419/123/155 420/121/156
f 421/122/244 422/103/245 423/123/155
f 424/103/152 425/122/242 426/124/246
f 427/122/242 428/119/238 429/124/247
f 430/124/248 431/119/238 432/125/249
f 433/125/249 434/119/238 435/118/240
f 436/125/249 437/118/240 438/121/250
f 439/121/156 440/108/171 441/125/249
f 442/124/247 443/125/251 444/108/252
f 445/108/171 446/104/210 447/124/247
f 448/124/253 449/104/217 450/103/152
f 451/126/254 452/127/255 453/128/256
f 454/127/257 455/126/258 456/64/259
f 457/129/260 458/130/261 459/131/262
f 460/131/263 461/132/264 462/129/265
f 463/133/266 464/132/267 465/131/263
f 466/64/268 467/133/269 468/127/255
f 469/131/263 470/127/270 471/133/266
f 472/127/257 473/131/263 474/128/271
f 475/131/263 476/130/261 477/128/256
f 478/130/272 479/126/273 480/128/256
f 481/126/258 482/130/274 483/129/275
f 484/129/276 485/64/259 486/126/273
f 487/134/269 488/135/259 489/136/277
f 490/137/278 491/134/279 492/138/280
f 493/136/281 494/138/282 495/134/269
f 496/139/283 497/138/282 498/136/281
f 499/136/284 500/140/285 501/139/283
f 502/141/286 503/140/285 504/136/277
f 505/136/277 506/142/287 507/141/286
f 508/143/288 509/141/286 510/142/289
f 511/142/290 512/144/291 513/143/292
f 514/138/282 515/139/293 516/143/294
f 517/143/294 518/144/291 519/138/282
f 520/138/295 521/144/291 522/137/296
f 523/137/297 524/144/298 525/142/289
f 526/142/299 527/145/265 528/137/300
f 529/145/301 530/142/287 531/136/281
f 532/136/284 533/135/259 534/145/302
f 535/146/303 536/137/288 537/134/304
f 538/147/305 539/137/306 540/146/307
f 541/146/303 542/148/308 543/147/309
f 544/135/310 545/147/311 546/148/308
f 547/135/312 548/149/313 549/150/314
f 550/150/314 551/134/283 552/135/315
f 553/134/293 554/150/314 555/146/303
f 556/141/316 557/140/317 558/149/313
f 559/149/313 560/140/317 561/139/318
f 562/139/319 563/150/320 564/149/321
f 565/150/322 566/139/323 567/143/324
f 568/143/324 569/146/325 570/150/326
f 571/146/327 572/143/324 573/141/316
f 574/141/316 575/148/308 576/146/328
f 577/149/321 578/148/308 579/141/316
f 580/148/308 581/149/313 582/135/329
f 583/151/317 584/152/330 585/153/331
f 586/153/331 587/154/318 588/151/317
f 589/155/324 590/154/332 591/153/333
f 592/153/334 593/156/335 594/155/324
f 595/155/324 596/156/335 597/157/336
f 598/157/337 599/158/316 600/155/324
f 601/157/336 602/152/338 603/158/339
f 604/152/330 605/151/317 606/158/340
f 607/156/341 608/159/141 609/160/342
f 610/160/117 611/157/343 612/156/344
f 613/157/345 614/160/117 615/161/122
f 616/161/122 617/152/330 618/157/346
f 619/162/347 620/163/202 621/156/335
f 622/156/335 623/153/331 624/162/347
f 625/153/348 626/151/349 627/162/350
f 628/153/334 629/152/330 630/151/349
f 631/164/351 632/165/352 633/166/135
f 634/166/135 635/167/353 636/164/354
f 637/167/355 638/166/135 639/168/139
f 640/168/356 641/169/357 642/167/355
f 643/169/358 644/168/140 645/159/113
f 646/159/359 647/156/344 648/169/358
f 649/169/358 650/156/344 651/163/205
f 652/167/355 653/169/360 654/163/361
f 655/170/196 656/171/362 657/172/330
f 658/172/330 659/173/122 660/165/363
f 661/165/131 662/164/351 663/172/330
f 664/172/330 665/164/351 666/170/196
f 667/170/196 668/164/364 669/167/353
f 670/167/355 671/174/198 672/170/365
f 673/163/366 674/174/200 675/167/367
f 676/175/368 677/176/369 678/177/370
f 679/176/371 680/178/372 681/177/373
f 682/178/374 683/175/368 684/177/373
f 685/176/369 686/175/368 687/179/375
f 688/179/376 689/180/377 690/176/378
f 691/178/379 692/176/378 693/180/380
f 694/180/380 695/181/381 696/178/379
f 697/175/368 698/178/379 699/181/382
f 700/181/383 701/179/384 702/175/368
f 703/180/377 704/179/384 705/182/385
f 706/182/386 707/183/387 708/180/377
f 709/181/381 710/180/380 711/183/388
f 712/183/389 713/184/390 714/181/382
f 715/179/376 716/181/381 717/184/390
f 718/184/391 719/182/392 720/179/375
f 721/185/393 722/186/394 723/187/395
f 724/187/387 725/188/392 726/185/396
f 727/189/397 728/185/398 729/188/392
f 730/188/399 731/190/390 732/189/397
f 733/185/394 734/189/397 735/190/390
f 736/190/390 737/187/387 738/185/400
f 739/191/401 740/192/402 741/193/403
f 742/193/403 743/194/404 744/191/401
f 745/193/405 746/195/406 747/194/407
f 748/192/408 749/191/401 750/194/407
f 751/194/409 752/196/410 753/192/411
f 754/192/412 755/197/413 756/198/414
f 757/198/415 758/193/416 759/192/417
f 760/197/413 761/192/418 762/196/419
f 763/196/419 764/198/415 765/197/420
f 766/198/415 767/196/419 768/199/421
f 769/193/422 770/198/423 771/199/421
f 772/199/424 773/195/406 774/193/405
f 775/200/425 776/185/426 777/201/427
f 778/64/105 779/201/428 780/185/426
f 781/185/426 782/189/429 783/64/104
f 784/189/430 785/185/400 786/64/104
f 787/185/394 788/201/108 789/64/105
f 790/202/96 791/201/95 792/203/431
f 793/185/432 794/203/431 795/201/109
f 796/201/103 797/202/96 798/204/433
f 799/203/431 800/204/434 801/202/96
f 802/204/434 803/200/425 804/201/435
f 805/205/404 806/206/436 807/200/437
f 808/200/438 809/204/434 810/205/404
f 811/204/434 812/207/419 813/205/404
f 814/204/439 815/203/431 816/207/440
f 817/208/421 818/207/419 819/203/431
f 820/203/431 821/185/394 822/208/421
f 823/185/394 824/206/436 825/208/441
f 826/185/394 827/209/426 828/206/442
f 829/209/426 830/200/425 831/206/443
f 832/210/444 833/211/445 834/212/446
f 835/211/445 836/213/447 837/212/448
f 838/213/447 839/214/449 840/212/446
f 841/214/450 842/210/444 843/212/448
f 844/211/445 845/210/444 846/215/451
f 847/215/452 848/216/453 849/211/454
f 850/213/455 851/211/445 852/216/456
f 853/216/456 854/217/457 855/213/455
f 856/214/458 857/213/455 858/217/457
f 859/217/457 860/218/459 861/214/450
f 862/210/444 863/214/450 864/218/459
f 865/218/460 866/215/451 867/210/461
f 868/219/462 869/220/463 870/221/452
f 871/221/451 872/222/460 873/219/464
f 874/223/465 875/219/464 876/222/459
f 877/222/459 878/224/466 879/223/467
f 880/225/468 881/223/469 882/224/470
f 883/224/457 884/226/453 885/225/471
f 886/220/472 887/225/471 888/226/453
f 889/226/453 890/221/452 891/220/473
f 892/227/468 893/228/474 894/229/475
f 895/229/475 896/230/476 897/227/468
f 898/231/465 899/227/468 900/230/476
f 901/230/476 902/232/477 903/231/467
f 904/233/462 905/231/465 906/232/478
f 907/232/477 908/234/479 909/233/480
f 910/228/473 911/233/464 912/234/481
f 913/234/482 914/229/475 915/228/473
f 916/235/483 917/236/484 918/237/485
f 919/238/486 920/235/487 921/237/488
f 922/235/487 923/238/489 924/239/490
f 925/239/490 926/240/491 927/235/487
f 928/236/484 929/235/487 930/240/492
f 931/240/493 932/241/494 933/236/484
f 934/240/491 935/239/495 936/242/496
f 937/242/496 938/243/497 939/240/493
f 940/241/498 941/240/499 942/243/497
f 943/243/500 944/242/501 945/244/502
f 946/243/497 947/244/503 948/245/504
f 949/245/504 950/246/505 951/243/500
f 952/246/505 953/245/504 954/2/506
f 955/2/506 956/1/1 957/246/507
f 958/1/508 959/247/509 960/246/507
f 961/2/506 962/245/504 963/246/510
f 964/243/511 965/248/512 966/249/513
f 967/249/514 968/246/515 969/243/511
f 970/244/516 971/243/511 972/246/510
f 973/246/517 974/245/504 975/244/503
f 976/250/518 977/248/519 978/243/520
f 979/243/511 980/251/521 981/250/522
f 982/251/523 983/243/511 984/244/516
f 985/244/503 986/242/501 987/251/524
f 988/250/525 989/251/524 990/240/526
f 991/239/495 992/240/526 993/251/524
f 994/251/521 995/242/527 996/239/528
f 997/240/529 998/239/495 999/238/530
f 1000/236/484 1001/238/530 1002/237/488
f 1003/238/486 1004/236/484 1005/240/526
f 1006/241/494 1007/240/526 1008/236/484
f 1009/240/526 1010/241/494 1011/250/531
f 1012/243/500 1013/250/525 1014/241/494
f 1015/248/519 1016/250/518 1017/243/500
f 1018/248/519 1019/243/497 1020/246/532
f 1021/246/533 1022/249/514 1023/248/519
f 1024/247/509 1025/249/514 1026/246/505
f 1027/246/510 1028/249/513 1029/247/534
f 1030/247/509 1031/252/535 1032/246/510
f 1033/252/536 1034/2/506 1035/246/515
f 1036/253/537 1037/3/538 1038/2/2
f 1039/252/535 1040/253/539 1041/2/2
f 1042/16/540 1043/14/541 1044/254/542
f 1045/14/27 1046/255/543 1047/254/542
f 1048/14/27 1049/15/544 1050/255/545
f 1051/15/32 1052/256/546 1053/255/547
f 1054/257/548 1055/258/549 1056/259/550
f 1057/260/551 1058/259/550 1059/258/552
f 1060/261/553 1061/262/554 1062/263/555
f 1063/262/554 1064/261/553 1065/264/556
f 1066/264/557 1067/265/558 1068/262/554
f 1069/265/558 1070/264/559 1071/266/560
f 1072/266/561 1073/267/562 1074/265/558
f 1075/266/560 1076/266/563 1077/267/564
f 1078/268/565 1079/261/566 1080/263/555
f 1081/261/567 1082/268/568 1083/269/569
f 1084/269/570 1085/264/557 1086/261/567
f 1087/264/571 1088/269/572 1089/270/573
f 1090/270/574 1091/266/561 1092/264/575
f 1093/262/554 1094/268/565 1095/263/555
f 1096/268/568 1097/262/576 1098/265/577
f 1099/265/558 1100/269/572 1101/268/568
f 1102/269/572 1103/265/558 1104/267/562
f 1105/267/562 1106/270/578 1107/269/572
f 1108/270/579 1109/267/564 1110/270/580
f 1111/266/561 1112/270/579 1113/270/581
f 1114/270/582 1115/266/583 1116/266/560
f 1117/267/564 1118/266/563 1119/271/584
f 1120/271/585 1121/272/586 1122/267/564
f 1123/270/582 1124/267/564 1125/272/587
f 1126/272/588 1127/273/589 1128/270/582
f 1129/266/583 1130/270/582 1131/273/589
f 1132/273/590 1133/271/591 1134/266/583
f 1135/272/587 1136/271/591 1137/274/592
f 1138/274/593 1139/275/594 1140/272/586
f 1141/273/589 1142/272/587 1143/275/595
f 1144/275/596 1145/276/597 1146/273/589
f 1147/271/585 1148/273/590 1149/276/598
f 1150/276/597 1151/274/593 1152/271/599
f 1153/277/600 1154/278/601 1155/279/602
f 1156/280/603 1157/46/91 1158/41/87
f 1159/41/90 1160/281/107 1161/280/604
f 1162/282/482 1163/283/478 1164/284/605
f 1165/283/478 1166/285/476 1167/284/606
f 1168/286/607 1169/287/608 1170/285/609
f 1171/287/610 1172/288/611 1173/289/612
f 1174/289/612 1175/285/476 1176/287/610
f 1177/285/476 1178/289/612 1179/290/613
f 1180/290/614 1181/284/606 1182/285/476
f 1183/291/615 1184/284/616 1185/290/613
f 1186/284/605 1187/291/615 1188/282/482
f 1189/286/617 1190/282/479 1191/291/618
f 1192/291/618 1193/287/610 1194/286/617
f 1195/288/619 1196/287/610 1197/291/620
f 1198/291/620 1199/292/621 1200/288/611
f 1201/290/613 1202/292/622 1203/291/618
f 1204/293/623 1205/25/624 1206/294/625
f 1207/27/626 1208/293/627 1209/294/628
f 1210/28/629 1211/27/626 1212/294/630
f 1213/25/624 1214/28/631 1215/294/632
f 1216/295/123 1217/51/97 1218/52/102
f 1219/52/102 1220/296/127 1221/295/123
f 1222/296/125 1223/52/102 1224/54/111
f 1225/54/633 1226/53/142 1227/296/125
f 1228/297/634 1229/64/635 1230/298/636
f 1231/54/106 1232/55/110 1233/298/604
f 1234/298/604 1235/55/110 1236/297/634
f 1237/299/548 1238/297/634 1239/55/637
f 1240/51/97 1241/300/638 1242/55/110
f 1243/55/639 1244/300/638 1245/299/640
f 1246/80/158 1247/301/641 1248/78/642
f 1249/78/643 1250/79/644 1251/80/154
f 1252/81/645 1253/80/154 1254/79/646
f 1255/79/647 1256/82/648 1257/81/645
f 1258/88/649 1259/81/645 1260/82/650
f 1261/82/651 1262/87/652 1263/88/649
f 1264/88/170 1265/87/652 1266/86/653
f 1267/86/654 1268/85/655 1269/88/656
f 1270/85/164 1271/86/657 1272/83/642
f 1273/83/658 1274/84/153 1275/85/164
f 1276/83/202 1277/84/642 1278/85/657
f 1279/88/652 1280/81/651 1281/82/362
f 1282/82/349 1283/87/196 1284/88/652
f 1285/85/659 1286/88/652 1287/87/196
f 1288/87/197 1289/86/660 1290/85/657
f 1291/85/653 1292/86/206 1293/83/202
f 1294/80/646 1295/301/643 1296/78/361
f 1297/78/202 1298/79/347 1299/80/644
f 1300/81/648 1301/80/646 1302/79/347
f 1303/79/347 1304/82/349 1305/81/661
f 1306/302/662 1307/303/663 1308/304/664
f 1309/303/665 1310/302/662 1311/305/666
f 1312/305/666 1313/306/667 1314/303/665
f 1315/306/668 1316/305/669 1317/307/670
f 1318/307/671 1319/308/672 1320/306/667
f 1321/309/673 1322/310/674 1323/307/670
f 1324/307/675 1325/305/669 1326/309/673
f 1327/309/676 1328/305/666 1329/302/677
f 1330/302/662 1331/311/678 1332/309/676
f 1333/312/679 1334/311/680 1335/302/662
f 1336/302/662 1337/313/681 1338/312/682
f 1339/304/683 1340/313/684 1341/302/662
f 1342/313/685 1343/304/683 1344/308/686
f 1345/308/686 1346/307/670 1347/313/684
f 1348/312/682 1349/313/685 1350/307/670
f 1351/307/675 1352/310/687 1353/312/688
f 1354/314/689 1355/315/611 1356/316/690
f 1357/317/691 1358/314/692 1359/316/621
f 1360/316/693 1361/318/614 1362/317/694
f 1363/317/694 1364/318/614 1365/319/695
f 1366/319/696 1367/320/697 1368/317/694
f 1369/320/698 1370/319/699 1371/315/619
f 1372/315/611 1373/321/700 1374/320/701
f 1375/314/692 1376/321/702 1377/315/611
f 1378/30/624 1379/322/627 1380/323/703
f 1381/323/704 1382/37/76 1383/30/624
f 1384/35/629 1385/30/705 1386/37/76
f 1387/37/706 1388/40/707 1389/35/708
f 1390/35/629 1391/40/709 1392/39/79
f 1393/39/79 1394/324/626 1395/35/708
f 1396/322/623 1397/324/710 1398/39/711
f 1399/39/79 1400/323/704 1401/322/627
f 1402/325/712 1403/38/77 1404/37/713
f 1405/39/79 1406/38/77 1407/325/714
f 1408/325/714 1409/326/715 1410/39/711
f 1411/323/703 1412/39/78 1413/326/716
f 1414/326/717 1415/327/718 1416/323/704
f 1417/37/76 1418/323/703 1419/327/719
f 1420/327/720 1421/328/721 1422/37/76
f 1423/37/76 1424/328/721 1425/325/714
f 1426/328/721 1427/327/719 1428/329/722
f 1429/329/722 1430/330/723 1431/328/724
f 1432/325/714 1433/328/721 1434/330/723
f 1435/330/725 1436/331/726 1437/325/714
f 1438/326/715 1439/325/714 1440/331/727
f 1441/331/727 1442/332/728 1443/326/717
f 1444/327/729 1445/326/730 1446/332/731
f 1447/332/728 1448/329/732 1449/327/720
f 1450/330/723 1451/329/732 1452/307/733
f 1453/307/733 1454/333/734 1455/330/735
f 1456/331/726 1457/330/725 1458/333/736
f 1459/333/737 1460/302/738 1461/331/727
f 1462/332/731 1463/331/739 1464/302/738
f 1465/302/740 1466/305/741 1467/332/731
f 1468/329/722 1469/332/731 1470/305/742
f 1471/305/741 1472/307/743 1473/329/722
f 1474/333/744 1475/307/733 1476/308/672
f 1477/308/672 1478/334/745 1479/333/746
f 1480/302/738 1481/333/736 1482/334/747
f 1483/334/747 1484/303/663 1485/302/748
f 1486/305/749 1487/302/738 1488/303/663
f 1489/303/750 1490/306/751 1491/305/749
f 1492/307/752 1493/305/749 1494/306/667
f 1495/306/667 1496/308/672 1497/307/743
f 1498/335/753 1499/336/754 1500/337/4
f 1501/338/755 1502/336/754 1503/335/686
f 1504/338/755 1505/335/686 1506/339/756
f 1507/340/17 1508/338/757 1509/339/664
f 1510/339/664 1511/341/663 1512/340/17
f 1513/337/4 1514/340/17 1515/341/665
f 1516/341/663 1517/342/747 1518/337/18
f 1519/337/4 1520/342/747 1521/335/672
f 1522/300/638 1523/317/694 1524/343/758
f 1525/317/691 1526/320/701 1527/343/552
f 1528/320/701 1529/344/759 1530/343/760
f 1531/320/701 1532/321/761 1533/344/762
f 1534/321/763 1535/345/764 1536/344/759
f 1537/321/761 1538/47/92 1539/345/765
f 1540/346/547 1541/345/766 1542/47/767
f 1543/47/768 1544/46/91 1545/346/543
f 1546/73/542 1547/346/769 1548/46/91
f 1549/46/91 1550/280/770 1551/73/542
f 1552/343/758 1553/299/548 1554/300/771
f 1555/44/89 1556/321/763 1557/314/692
f 1558/44/86 1559/47/92 1560/321/761
f 1561/51/97 1562/295/772 1563/347/150
f 1564/348/773 1565/349/774 1566/350/145
f 1567/347/775 1568/349/147 1569/348/773
f 1570/348/776 1571/351/777 1572/347/150
f 1573/347/778 1574/351/777 1575/51/779
f 1576/317/691 1577/300/780 1578/51/779
f 1579/51/779 1580/351/777 1581/317/694
f 1582/351/777 1583/314/692 1584/317/694
f 1585/351/781 1586/348/776 1587/314/689
f 1588/348/776 1589/44/89 1590/314/692
f 1591/350/143 1592/44/86 1593/348/776
f 1594/41/87 1595/44/782 1596/350/783
f 1597/350/146 1598/352/128 1599/41/87
f 1600/281/107 1601/41/87 1602/352/128
f 1603/353/784 1604/354/785 1605/355/786
f 1606/356/787 1607/354/788 1608/353/784
f 1609/353/784 1610/357/789 1611/356/787
f 1612/357/790 1613/353/791 1614/358/792
f 1615/359/793 1616/360/794 1617/361/795
f 1618/361/795 1619/362/796 1620/359/797
f 1621/362/796 1622/361/795 1623/363/798
f 1624/363/798 1625/364/799 1626/362/800
f 1627/364/799 1628/363/798 1629/365/801
f 1630/365/802 1631/366/803 1632/364/799
f 1633/360/804 1634/356/805 1635/357/806
f 1636/357/807 1637/361/795 1638/360/794
f 1639/361/808 1640/357/809 1641/358/810
f 1642/358/811 1643/363/812 1644/361/813
f 1645/363/798 1646/358/814 1647/367/815
f 1648/367/816 1649/365/802 1650/363/817
f 1651/365/818 1652/367/819 1653/368/820
f 1654/366/803 1655/365/802 1656/368/820
f 1657/369/542 1658/370/821 1659/371/822
f 1660/371/823 1661/372/824 1662/369/542
f 1663/372/825 1664/371/823 1665/368/820
f 1666/368/820 1667/373/826 1668/372/827
f 1669/373/828 1670/368/820 1671/367/819
f 1672/367/816 1673/374/829 1674/373/826
f 1675/374/830 1676/367/819 1677/358/811
f 1678/358/792 1679/375/831 1680/374/830
f 1681/353/832 1682/375/833 1683/358/792
f 1684/370/634 1685/257/640 1686/376/834
f 1687/376/835 1688/371/822 1689/370/836
f 1690/371/837 1691/376/834 1692/377/838
f 1693/377/838 1694/368/820 1695/371/839
f 1696/368/820 1697/377/838 1698/378/840
f 1699/378/840 1700/366/803 1701/368/841
f 1702/366/842 1703/378/843 1704/379/844
f 1705/379/845 1706/364/799 1707/366/846
f 1708/364/847 1709/379/845 1710/277/848
f 1711/277/848 1712/362/849 1713/364/799
f 1714/279/602 1715/362/796 1716/277/848
f 1717/362/796 1718/279/850 1719/359/793
f 1720/380/851 1721/381/852 1722/382/853
f 1723/381/852 1724/380/854 1725/383/855
f 1726/383/855 1727/384/856 1728/381/857
f 1729/385/858 1730/384/856 1731/383/855
f 1732/386/859 1733/384/860 1734/385/23
f 1735/385/861 1736/387/34 1737/386/862
f 1738/388/863 1739/386/862 1740/387/864
f 1741/387/31 1742/389/35 1743/388/863
f 1744/390/865 1745/388/863 1746/389/866
f 1747/389/35 1748/391/28 1749/390/867
f 1750/392/868 1751/393/538 1752/394/539
f 1753/388/869 1754/390/867 1755/395/870
f 1756/394/871 1757/395/872 1758/392/873
f 1759/395/872 1760/394/539 1761/388/863
f 1762/388/874 1763/394/539 1764/396/535
f 1765/386/859 1766/388/863 1767/396/875
f 1768/386/859 1769/396/535 1770/381/852
f 1771/384/860 1772/386/862 1773/381/852
f 1774/397/1 1775/393/876 1776/398/877
f 1777/399/878 1778/398/877 1779/393/538
f 1780/393/538 1781/392/873 1782/399/879
f 1783/381/880 1784/396/535 1785/400/509
f 1786/400/509 1787/382/853 1788/381/852
f 1789/382/853 1790/400/509 1791/401/881
f 1792/401/882 1793/400/509 1794/397/1
f 1795/397/1 1796/402/883 1797/401/882
f 1798/398/884 1799/402/885 1800/397/508
f 1801/402/886 1802/398/887 1803/403/888
f 1804/401/882 1805/402/885 1806/403/889
f 1807/404/890 1808/401/882 1809/403/888
f 1810/401/891 1811/404/890 1812/405/892
f 1813/405/892 1814/382/853 1815/401/882
f 1816/382/853 1817/405/893 1818/380/854
f 1819/398/887 1820/399/879 1821/403/888
f 1822/399/894 1823/404/890 1824/403/889
f 1825/404/890 1826/399/878 1827/392/873
f 1828/392/895 1829/405/892 1830/404/896
f 1831/405/892 1832/392/873 1833/395/872
f 1834/395/897 1835/380/854 1836/405/898
f 1837/380/854 1838/395/872 1839/390/867
f 1840/390/867 1841/383/855 1842/380/854
f 1843/383/855 1844/390/867 1845/391/24
f 1846/391/24 1847/385/23 1848/383/899
f 1849/406/900 1850/407/401 1851/408/418
f 1852/408/402 1853/407/401 1854/406/901
f 1855/409/902 1856/408/402 1857/406/900
f 1858/410/903 1859/409/904 1860/408/905
f 1861/409/906 1862/406/901 1863/408/418
f 1864/409/906 1865/411/907 1866/406/900
f 1867/406/908 1868/411/909 1869/409/910
f 1870/412/413 1871/408/402 1872/409/902
f 1873/413/911 1874/414/912 1875/415/913
f 1876/415/914 1877/414/915 1878/416/916
f 1879/416/916 1880/417/917 1881/415/913
f 1882/417/918 1883/416/919 1884/418/920
f 1885/418/921 1886/419/922 1887/417/923
f 1888/419/924 1889/418/921 1890/420/925
f 1891/420/925 1892/421/926 1893/419/927
f 1894/421/928 1895/420/929 1896/422/930
f 1897/422/931 1898/423/932 1899/421/926
f 1900/423/933 1901/422/934 1902/410/935
f 1903/410/903 1904/409/902 1905/423/936
f 1906/409/904 1907/410/903 1908/422/930
f 1909/422/934 1910/423/937 1911/409/938
f 1912/423/939 1913/422/934 1914/420/940
f 1915/420/940 1916/421/941 1917/423/939
f 1918/421/942 1919/420/929 1920/418/921
f 1921/418/943 1922/419/944 1923/421/945
f 1924/419/946 1925/418/921 1926/416/916
f 1927/416/916 1928/416/947 1929/419/944
f 1930/416/948 1931/416/916 1932/414/949
f 1933/414/949 1934/415/950 1935/416/951
f 1936/413/911 1937/415/952 1938/414/953
f 1939/413/911 1940/424/954 1941/415/955
f 1942/416/947 1943/415/955 1944/425/956
f 1945/416/957 1946/425/958 1947/419/959
f 1948/425/956 1949/415/955 1950/424/960
f 1951/413/961 1952/415/913 1953/424/962
f 1954/426/963 1955/424/962 1956/415/964
f 1957/424/962 1958/426/965 1959/425/956
f 1960/425/966 1961/426/967 1962/427/968
f 1963/427/969 1964/419/970 1965/425/966
f 1966/419/959 1967/427/971 1968/428/972
f 1969/428/973 1970/421/941 1971/419/970
f 1972/421/941 1973/428/974 1974/429/975
f 1975/429/975 1976/423/976 1977/421/942
f 1978/423/976 1979/429/977 1980/411/909
f 1981/411/907 1982/409/904 1983/423/978
f 1984/419/924 1985/425/979 1986/417/980
f 1987/409/902 1988/411/981 1989/429/977
f 1990/429/982 1991/423/983 1992/409/902
f 1993/423/984 1994/429/977 1995/428/974
f 1996/428/974 1997/421/926 1998/423/933
f 1999/421/928 2000/428/974 2001/427/968
f 2002/427/985 2003/419/924 2004/421/928
f 2005/419/924 2006/427/986 2007/426/965
f 2008/426/987 2009/425/988 2010/419/924
f 2011/415/913 2012/425/989 2013/426/963
f 2014/415/913 2015/417/917 2016/425/990
f 2017/430/991 2018/431/992 2019/376/835
f 2020/431/993 2021/430/991 2022/432/994
f 2023/433/995 2024/432/996 2025/430/991
f 2026/432/997 2027/433/995 2028/434/998
f 2029/435/999 2030/434/998 2031/433/995
f 2032/376/835 2033/431/992 2034/377/838
f 2035/377/838 2036/431/992 2037/436/1000
f 2038/432/996 2039/436/1001 2040/431/992
f 2041/436/1000 2042/432/996 2043/437/1002
f 2044/434/1003 2045/437/1002 2046/432/996
f 2047/438/1004 2048/437/1005 2049/434/1003
f 2050/439/1006 2051/437/1005 2052/438/1007
f 2053/437/1008 2054/439/1006 2055/436/1000
f 2056/378/840 2057/436/1000 2058/439/1009
f 2059/436/1000 2060/378/1010 2061/377/1011
f 2062/439/1009 2063/379/845 2064/378/1012
f 2065/438/1007 2066/440/1013 2067/439/1009
f 2068/439/1014 2069/440/1013 2070/277/848
f 2071/277/848 2072/379/845 2073/439/1014
f 2074/277/848 2075/441/1015 2076/278/601
f 2077/440/1016 2078/441/1015 2079/277/848
f 2080/441/1015 2081/442/1017 2082/278/1018
f 2083/443/1019 2084/435/999 2085/444/1020
f 2086/434/1003 2087/435/1021 2088/443/1022
f 2089/443/1019 2090/445/1023 2091/434/1024
f 2092/438/1007 2093/434/1003 2094/445/1025
f 2095/445/1025 2096/446/1026 2097/438/1027
f 2098/446/1028 2099/440/1013 2100/438/1027
f 2101/440/1013 2102/446/1026 2103/447/1029
f 2104/447/1030 2105/441/1031 2106/440/1013
f 2107/441/1015 2108/447/1029 2109/448/1032
f 2110/448/1033 2111/442/1034 2112/441/1015
f 2113/445/1025 2114/447/1030 2115/446/1035
f 2116/447/1030 2117/445/1036 2118/448/1037
f 2119/445/1036 2120/449/1038 2121/448/1039
f 2122/445/1040 2123/443/1041 2124/449/1038
f 2125/444/1042 2126/450/1043 2127/443/1019
f 2128/450/1043 2129/444/1042 2130/451/1044
f 2131/443/1041 2132/452/1045 2133/449/1038
f 2134/443/1019 2135/453/1046 2136/452/1045
f 2137/443/1019 2138/450/1043 2139/453/1047
f 2140/453/1048 2141/450/1049 2142/454/1050
f 2143/451/1044 2144/454/1050 2145/450/1049
f 2146/455/1051 2147/454/1052 2148/451/1053
f 2149/454/1050 2150/456/1054 2151/453/1048
f 2152/457/1055 2153/456/1056 2154/454/1057
f 2155/454/1052 2156/455/1051 2157/457/1058
f 2158/457/1058 2159/455/1059 2160/458/1060
f 2161/459/1061 2162/460/1062 2163/458/1060
f 2164/458/1060 2165/460/1062 2166/457/1063
f 2167/461/1064 2168/459/1061 2169/462/1065
f 2170/458/1066 2171/462/1067 2172/459/1068
f 2173/462/1065 2174/458/1066 2175/463/1069
f 2176/463/1070 2177/458/1060 2178/455/1051
f 2179/455/1071 2180/464/1072 2181/463/1073
f 2182/451/1044 2183/464/1072 2184/455/1074
f 2185/465/1075 2186/464/1072 2187/451/1044
f 2188/465/1075 2189/451/1044 2190/444/1042
f 2191/465/1076 2192/444/1042 2193/435/1021
f 2194/433/1077 2195/465/1076 2196/435/999
f 2197/465/1076 2198/433/995 2199/466/1078
f 2200/430/991 2201/466/1079 2202/433/995
f 2203/465/1076 2204/463/1080 2205/464/1081
f 2206/463/1069 2207/467/1082 2208/462/1067
f 2209/467/1083 2210/463/1069 2211/468/1084
f 2212/465/1076 2213/468/1085 2214/463/1069
f 2215/468/1085 2216/465/1086 2217/469/1087
f 2218/466/1079 2219/469/1088 2220/465/1086
f 2221/260/1089 2222/469/1087 2223/466/1090
f 2224/260/551 2225/466/1079 2226/430/991
f 2227/430/1091 2228/259/550 2229/260/551
f 2230/376/835 2231/259/550 2232/430/991
f 2233/259/1092 2234/376/835 2235/257/1093
f 2236/470/1094 2237/461/1064 2238/471/1095
f 2239/462/1067 2240/471/1096 2241/461/1097
f 2242/467/1083 2243/471/1096 2244/462/1098
f 2245/469/1087 2246/472/1099 2247/468/1085
f 2248/469/1087 2249/260/551 2250/472/1099
f 2251/471/1100 2252/473/1101 2253/470/1094
f 2254/474/1102 2255/473/1103 2256/471/1104
f 2257/467/1082 2258/474/1102 2259/471/1104
f 2260/474/1102 2261/467/1082 2262/475/1105
f 2263/468/1106 2264/475/1105 2265/467/1082
f 2266/476/1107 2267/475/1108 2268/468/1106
f 2269/468/1085 2270/472/1099 2271/476/1109
f 2272/477/1110 2273/476/1109 2274/472/1099
f 2275/472/1099 2276/260/551 2277/477/1110
f 2278/477/1110 2279/260/551 2280/478/759
f 2281/258/760 2282/478/1111 2283/260/1089
f 2284/475/1112 2285/479/1113 2286/474/1102
f 2287/480/1114 2288/479/1115 2289/475/1108
f 2290/475/1108 2291/476/1116 2292/480/1117
f 2293/15/26 2294/480/1117 2295/476/1109
f 2296/476/1109 2297/477/1110 2298/15/26
f 2299/15/26 2300/477/1110 2301/256/1118
f 2302/478/759 2303/256/764 2304/477/1110
f 2305/481/1119 2306/15/32 2307/17/30
f 2308/481/1120 2309/480/1117 2310/15/26
f 2311/482/1121 2312/480/1122 2313/481/1120
f 2314/482/1123 2315/479/1124 2316/480/1125
f 2317/479/1124 2318/482/1123 2319/483/1126
f 2320/483/1127 2321/474/1102 2322/479/1115
f 2323/474/1128 2324/483/1129 2325/484/1130
f 2326/484/1131 2327/473/1103 2328/474/1102
f 2329/473/1132 2330/484/1130 2331/485/1133
f 2332/485/1133 2333/470/1134 2334/473/1103
f 2335/486/1135 2336/487/1136 2337/488/831
f 2338/489/1137 2339/488/1138 2340/490/784
f 2341/488/831 2342/489/1139 2343/486/1140
f 2344/491/1141 2345/486/1135 2346/489/1137
f 2347/492/1142 2348/491/1143 2349/493/1144
f 2350/489/1137 2351/493/1145 2352/491/1143
f 2353/493/1144 2354/489/1137 2355/494/1146
f 2356/490/784 2357/494/1147 2358/489/1137
f 2359/495/1148 2360/494/1149 2361/490/1150
f 2362/496/1151 2363/492/1142 2364/497/1152
f 2365/493/1153 2366/497/1152 2367/492/1154
f 2368/497/1155 2369/493/1144 2370/498/1156
f 2371/494/1147 2372/498/1157 2373/493/1153
f 2374/498/1158 2375/494/1159 2376/499/1160
f 2377/495/786 2378/499/1160 2379/494/1149
f 2380/499/1161 2381/500/1162 2382/498/1163
f 2383/501/1164 2384/498/1158 2385/500/1165
f 2386/498/1158 2387/501/1164 2388/497/1155
f 2389/502/1166 2390/497/1155 2391/501/1164
f 2392/497/1155 2393/502/1167 2394/496/1151
f 2395/501/1168 2396/503/1169 2397/502/1170
f 2398/503/1169 2399/501/1171 2400/504/1172
f 2401/500/1165 2402/504/1172 2403/501/1164
f 2404/504/1172 2405/505/1173 2406/503/1174
f 2407/484/1130 2408/505/1175 2409/485/1176
f 2410/484/1177 2411/503/1178 2412/505/1175
f 2413/503/1169 2414/484/1179 2415/483/1129
f 2416/483/1127 2417/502/1166 2418/503/1178
f 2419/17/30 2420/506/1180 2421/481/1119
f 2422/17/30 2423/507/1181 2424/506/1180
f 2425/17/30 2426/16/540 2427/507/1182
f 2428/507/1181 2429/16/540 2430/508/825
f 2431/508/825 2432/16/1183 2433/254/1184
f 2434/508/825 2435/509/828 2436/507/1185
f 2437/502/1166 2438/483/1129 2439/482/1121
f 2440/482/1123 2441/496/1151 2442/502/1166
f 2443/481/1186 2444/496/1151 2445/482/1121
f 2446/492/1142 2447/496/1151 2448/481/1119
f 2449/481/1119 2450/506/1180 2451/492/1187
f 2452/491/1188 2453/492/1142 2454/506/1180
f 2455/506/1180 2456/507/1181 2457/491/1143
f 2458/486/1140 2459/491/1143 2460/507/1189
f 2461/507/1181 2462/509/828 2463/486/1135
f 2464/487/1136 2465/486/1140 2466/509/828
usemtl World_Expansion04_doodads_thunderisle_trees_itk_tree01.m2_Geose
f 2467/510/1190 2468/511/1190 2469/512/1190
f 2470/512/1191 2471/513/1191 2472/510/1191
f 2473/510/1191 2474/511/1192 2475/512/1191
f 2476/512/1193 2477/513/1193 2478/510/1194
f 2479/510/1193 2480/511/1194 2481/512/1193
f 2482/514/1195 2483/515/1195 2484/516/1196
f 2485/516/1196 2486/517/1196 2487/514/1196
f 2488/514/1197 2489/515/1198 2490/516/1197
f 2491/516/1198 2492/517/1198 2493/514/1198
f 2494/512/1199 2495/513/1200 2496/510/1200
f 2497/510/1201 2498/511/1200 2499/512/1200
f 2500/512/1202 2501/513/1202 2502/510/1202
f 2503/510/1202 2504/511/1202 2505/512/1202
f 2506/512/1203 2507/513/1203 2508/510/1203
f 2509/510/1203 2510/511/1204 2511/512/1203
f 2512/514/1205 2513/515/1205 2514/516/1205
f 2515/516/1206 2516/517/1205 2517/514/1205
f 2518/514/1207 2519/515/1207 2520/516/1207
f 2521/516/1207 2522/517/1207 2523/514/1207
f 2524/512/1208 2525/513/1209 2526/510/1208
f 2527/510/1208 2528/511/1208 2529/512/1210
f 2530/514/1211 2531/515/1212 2532/516/1212
f 2533/516/1212 2534/517/1212 2535/514/1212
f 2536/512/1213 2537/513/1190 2538/510/1190
usemtl World_Expansion04_doodads_thunderisle_trees_itk_tree01.m2_G.000
f 2539/518/1214 2540/519/1214 2541/520/1215
f 2542/521/1216 2543/522/1217 2544/523/1216
f 2545/523/1218 2546/524/1218 2547/521/1216
f 2548/525/1219 2549/526/1220 2550/527/1219
f 2551/527/1221 2552/528/1221 2553/525/1222
f 2554/529/1223 2555/530/1224 2556/531/1223
f 2557/531/1225 2558/532/1225 2559/529/1224
f 2560/533/1226 2561/534/1227 2562/535/1227
f 2563/535/1228 2564/536/1229 2565/533/1230
f 2566/537/1231 2567/538/1231 2568/539/1232
f 2569/539/1233 2570/540/1233 2571/537/1232
f 2572/541/1234 2573/542/1235 2574/543/1235
f 2575/543/1236 2576/544/1237 2577/541/1235
f 2578/545/1238 2579/546/1238 2580/547/1239
f 2581/547/1240 2582/548/1241 2583/545/1242
f 2584/523/1243 2585/549/1244 2586/524/1245
f 2587/523/1243 2588/550/1246 2589/549/1244
f 2590/549/1247 2591/550/1248 2592/528/1249
f 2593/528/1250 2594/527/1251 2595/549/1244
f 2596/551/1252 2597/552/1253 2598/548/1254
f 2599/548/1254 2600/547/1255 2601/551/1256
f 2602/518/1257 2603/552/1258 2604/551/1252
f 2605/551/1252 2606/519/1259 2607/518/1260
f 2608/553/1261 2609/532/1262 2610/531/1263
f 2611/531/1264 2612/554/1265 2613/553/1261
f 2614/555/1266 2615/553/1261 2616/554/1267
f 2617/554/1267 2618/556/1268 2619/555/1266
f 2620/535/1269 2621/555/1270 2622/556/1271
f 2623/556/1268 2624/536/1272 2625/535/1273
f 2626/544/1274 2627/543/1275 2628/557/1276
f 2629/539/1277 2630/558/1278 2631/540/1263
f 2632/539/1279 2633/559/1280 2634/558/1267
f 2635/557/1268 2636/558/1265 2637/559/1280
f 2638/559/1281 2639/560/1282 2640/557/1283
f 2641/557/1284 2642/560/1285 2643/544/1274
f 2644/561/1286 2645/562/1287 2646/563/1288
f 2647/564/1289 2648/565/1290 2649/566/1291
f 2650/566/1291 2651/567/1292 2652/564/1293
f 2653/568/1294 2654/567/1292 2655/566/1295
f 2656/566/1296 2657/569/1297 2658/568/1294
f 2659/563/1298 2660/568/1294 2661/569/1299
f 2662/569/1299 2663/570/1300 2664/563/1301
f 2665/563/1301 2666/570/1302 2667/561/1303
f 2668/571/1304 2669/572/1305 2670/573/1306
f 2671/574/1307 2672/572/1305 2673/571/1304
f 2674/571/1308 2675/575/1309 2676/574/1307
f 2677/576/1310 2678/574/1307 2679/575/1311
f 2680/575/1311 2681/577/1312 2682/576/1313
f 2683/578/1314 2684/576/1310 2685/577/1315
f 2686/577/1316 2687/579/1317 2688/578/1314
f 2689/577/1312 2690/580/1318 2691/579/1317
f 2692/581/1319 2693/580/1318 2694/577/1312
f 2695/577/1312 2696/575/1311 2697/581/1319
f 2698/582/1320 2699/581/1321 2700/575/1309
f 2701/575/1322 2702/571/1304 2703/582/1320
f 2704/582/1323 2705/571/1304 2706/583/1324
f 2707/573/1325 2708/583/1324 2709/571/1326
f 2710/584/1327 2711/585/1328 2712/586/1329
f 2713/587/1330 2714/585/1331 2715/584/1332
f 2716/584/1332 2717/588/1333 2718/587/1330
f 2719/589/1334 2720/587/1330 2721/588/1335
f 2722/588/1336 2723/590/1337 2724/589/1334
f 2725/591/1338 2726/589/1339 2727/590/1340
f 2728/590/1340 2729/592/1341 2730/591/1342
f 2731/584/1343 2732/586/1329 2733/593/1344
f 2734/593/1345 2735/594/1346 2736/584/1327
f 2737/588/1336 2738/584/1332 2739/594/1347
f 2740/594/1348 2741/595/1349 2742/588/1350
f 2743/590/1340 2744/588/1336 2745/595/1349
f 2746/595/1349 2747/596/1351 2748/590/1352
f 2749/590/1340 2750/596/1353 2751/592/1354
f 2752/597/1355 2753/598/1356 2754/599/1357
f 2755/600/1358 2756/598/1356 2757/597/1359
f 2758/597/1359 2759/601/1360 2760/600/1361
f 2761/602/1362 2762/600/1361 2763/601/1363
f 2764/601/1364 2765/603/1365 2766/602/1362
f 2767/601/1366 2768/604/1367 2769/603/1365
f 2770/605/1368 2771/604/1367 2772/601/1364
f 2773/601/1360 2774/597/1369 2775/605/1370
f 2776/606/1371 2777/605/1372 2778/597/1373
f 2779/597/1355 2780/607/1374 2781/606/1375
f 2782/599/1376 2783/607/1377 2784/597/1373
f 2785/607/1374 2786/599/1378 2787/608/1379
f 2788/608/1380 2789/609/1381 2790/607/1377
f 2791/606/1382 2792/607/1383 2793/609/1384
f 2794/610/1385 2795/606/1375 2796/609/1381
f 2797/605/1368 2798/606/1386 2799/610/1387
f 2800/610/1387 2801/611/1388 2802/605/1372
f 2803/604/1367 2804/605/1368 2805/611/1388
f 2806/611/1388 2807/612/1389 2808/604/1367
f 2809/604/1367 2810/612/1389 2811/603/1390
f 2812/520/1391 2813/613/1215 2814/518/1215
