# Blender v2.76 (sub 0) OBJ File: ''
# www.blender.org
mtllib FIT_Toilet_Toilet.mtl
o FIT_Toilet_Toilet
v -0.186384 0.810149 -0.560275
v -0.186384 0.819905 -0.555659
v -0.173404 0.817049 -0.555659
v -0.204741 0.810149 -0.555659
v -0.199364 0.817049 -0.555659
v -0.204833 0.819954 -0.544485
v -0.212474 0.810149 -0.544485
v 0.142318 0.736356 0.609910
v 0.276810 0.736356 0.487941
v 0.276810 0.636509 0.487941
v 0.142318 0.636509 0.609910
v -0.016324 0.736356 0.652742
v -0.016324 0.636509 0.652742
v 0.419362 0.761561 0.185789
v 0.414940 0.736356 0.185789
v 0.366674 0.736356 0.305402
v 0.370602 0.761561 0.307610
v 0.279816 0.761561 0.492022
v 0.143945 0.761561 0.615242
v -0.016324 0.761561 0.658511
v 0.305049 0.736356 -0.212060
v 0.157602 0.736356 -0.334029
v 0.157602 0.636509 -0.334029
v 0.305049 0.636509 -0.212060
v 0.403569 0.736356 -0.029520
v 0.403569 0.636509 -0.029520
v 0.414940 0.636509 0.185789
v 0.366674 0.636509 0.305402
v -0.016324 0.636509 -0.360476
v -0.016324 0.736356 -0.360476
v -0.016324 0.761561 -0.366245
v 0.159384 0.761561 -0.339359
v 0.308344 0.761561 -0.216140
v 0.407875 0.761561 -0.031729
v 0.370188 0.748958 0.614875
v 0.347261 0.784783 0.583756
v 0.180446 0.784783 0.735040
v 0.192854 0.748958 0.775697
v -0.016324 0.784783 0.788162
v -0.016324 0.748958 0.832171
v 0.213005 0.748958 -0.499425
v 0.199402 0.784783 -0.458768
v 0.382286 0.784783 -0.307486
v 0.407421 0.748958 -0.338603
v 0.504485 0.784783 -0.081074
v 0.537326 0.748958 -0.097915
v 0.518588 0.784783 0.185789
v 0.552319 0.748958 0.185789
v 0.458721 0.784783 0.357346
v 0.488677 0.748958 0.374187
v 0.404849 0.789534 0.326865
v 0.306028 0.789534 0.527599
v 0.158131 0.789533 0.661725
v -0.016324 0.789533 0.708823
v -0.016324 0.789534 -0.416559
v 0.174938 0.789534 -0.385842
v 0.337082 0.789534 -0.251716
v 0.445423 0.789534 -0.050982
v 0.457926 0.789534 0.185789
v 0.135100 0.819954 -0.500939
v 0.135100 0.819954 -0.544485
v 0.127459 0.810149 -0.544485
v 0.127459 0.810149 -0.468150
v 0.135100 0.800346 -0.544485
v 0.135100 0.800346 -0.468150
v 0.153549 0.796286 -0.544485
v 0.153549 0.796286 -0.468150
v 0.171995 0.800346 -0.544485
v 0.171995 0.800346 -0.468150
v 0.179636 0.810149 -0.544485
v 0.179636 0.810149 -0.468150
v 0.171995 0.819954 -0.544485
v 0.171995 0.819954 -0.500939
v 0.153549 0.824015 -0.544485
v 0.153549 0.824015 -0.500939
v 0.153549 0.810149 -0.452360
v 0.166527 0.803252 -0.456975
v 0.171903 0.810149 -0.456975
v 0.153549 0.800395 -0.456975
v 0.140569 0.803252 -0.456975
v 0.135192 0.810149 -0.456975
v -0.016324 0.784783 -0.498624
v 0.199402 0.784784 -0.846164
v -0.016324 0.784784 -0.886018
v -0.212474 0.810149 -0.468150
v -0.204833 0.800346 -0.544485
v -0.204833 0.800346 -0.468150
v -0.186384 0.796286 -0.544485
v -0.186384 0.796286 -0.468150
v -0.167938 0.800346 -0.544485
v -0.167938 0.800346 -0.468150
v -0.160295 0.810149 -0.544485
v -0.160295 0.810149 -0.468150
v -0.167938 0.819954 -0.544485
v -0.167938 0.819954 -0.500939
v -0.186384 0.824015 -0.544485
v -0.186384 0.824015 -0.500939
v -0.204833 0.819954 -0.500939
v -0.186384 0.810149 -0.452360
v -0.173404 0.803252 -0.456975
v -0.168030 0.810149 -0.456975
v -0.186384 0.800395 -0.456975
v -0.199364 0.803252 -0.456975
v -0.204741 0.810149 -0.456975
v 0.135192 0.810149 -0.555659
v 0.153549 0.810149 -0.560275
v 0.140569 0.817049 -0.555659
v 0.153549 0.819905 -0.555659
v 0.166527 0.817049 -0.555659
v 0.140569 0.803252 -0.555659
v 0.153549 0.800395 -0.555659
v 0.166527 0.803252 -0.555659
v -0.464696 0.803909 -0.058140
v -0.466618 0.798932 -0.070433
v -0.457069 0.791672 -0.064685
v -0.459193 0.799725 -0.054830
v -0.457483 0.810677 -0.049731
v -0.466798 0.810677 -0.059406
v -0.470265 0.810677 -0.072627
v -0.451671 0.788648 -0.076690
v -0.437991 0.788648 -0.068456
v -0.462741 0.797061 -0.083351
v -0.466967 0.810677 -0.085895
v -0.435717 0.798932 -0.051837
v -0.426921 0.797061 -0.061796
v -0.422692 0.810677 -0.059251
v -0.432069 0.810677 -0.049641
v -0.446890 0.803909 -0.047425
v -0.444787 0.810677 -0.046161
v -0.452393 0.799725 -0.050737
v -0.445266 0.791672 -0.057582
v -0.410330 0.810677 -0.188147
v -0.406102 0.797063 -0.185601
v -0.395033 0.788648 -0.178941
v -0.381351 0.788648 -0.170708
v -0.370283 0.797063 -0.164046
v -0.366055 0.810677 -0.161503
v -0.397307 0.798932 -0.195561
v -0.386134 0.803909 -0.199973
v -0.380631 0.799725 -0.196661
v -0.387758 0.791672 -0.189815
v -0.400953 0.810677 -0.197757
v -0.388235 0.810677 -0.201238
v -0.375539 0.810677 -0.197667
v -0.373829 0.799725 -0.192567
v -0.375955 0.791672 -0.182712
v -0.368326 0.803909 -0.189257
v -0.366226 0.810677 -0.187992
v -0.366406 0.798932 -0.176967
v -0.362759 0.810677 -0.174771
v -0.249614 0.803908 0.630157
v -0.261351 0.798931 0.627835
v -0.252906 0.791672 0.620448
v -0.244746 0.799725 0.625900
v -0.239564 0.810677 0.625970
v -0.251473 0.810677 0.631782
v -0.264579 0.810677 0.630657
v -0.261882 0.788648 0.611055
v -0.249781 0.788648 0.600471
v -0.271673 0.797061 0.619619
v -0.275413 0.810677 0.622890
v -0.234018 0.798931 0.603929
v -0.239989 0.797061 0.591908
v -0.236250 0.810677 0.588638
v -0.230793 0.810677 0.601108
v -0.233863 0.803908 0.616381
v -0.232004 0.810677 0.614756
v -0.238731 0.799725 0.620638
v -0.242466 0.791672 0.611316
v -0.348226 0.810677 0.532443
v -0.344485 0.797061 0.529172
v -0.334695 0.788648 0.520610
v -0.322592 0.788648 0.510026
v -0.312801 0.797061 0.501461
v -0.309063 0.810677 0.498190
v -0.350456 0.798931 0.517152
v -0.350612 0.803909 0.504699
v -0.345745 0.799725 0.500442
v -0.342010 0.791672 0.509765
v -0.353683 0.810677 0.519974
v -0.352470 0.810677 0.506325
v -0.344910 0.810677 0.495111
v -0.339728 0.799725 0.495181
v -0.331570 0.791672 0.500633
v -0.334861 0.803909 0.490924
v -0.333001 0.810677 0.489298
v -0.323123 0.798931 0.493246
v -0.319897 0.810677 0.490423
v 0.412139 0.810677 -0.046161
v 0.414241 0.803909 -0.047425
v 0.424836 0.810677 -0.049731
v 0.399420 0.810677 -0.049641
v 0.430092 0.797061 -0.083351
v 0.434320 0.810677 -0.085895
v 0.437616 0.810677 -0.072627
v 0.433969 0.798932 -0.070433
v 0.419024 0.788648 -0.076690
v 0.424420 0.791672 -0.064685
v 0.432047 0.803909 -0.058140
v 0.426544 0.799725 -0.054830
v 0.419744 0.799725 -0.050737
v 0.403068 0.798932 -0.051837
v 0.390045 0.810677 -0.059251
v 0.394274 0.797061 -0.061796
v 0.412618 0.791672 -0.057582
v 0.405342 0.788648 -0.068456
v 0.434149 0.810677 -0.059406
v 0.364658 0.798932 -0.195561
v 0.355109 0.791672 -0.189815
v 0.347983 0.799725 -0.196661
v 0.353485 0.803909 -0.199973
v 0.368307 0.810677 -0.197757
v 0.355588 0.810677 -0.201238
v 0.342890 0.810677 -0.197667
v 0.341182 0.799725 -0.192567
v 0.343306 0.791672 -0.182712
v 0.335680 0.803909 -0.189257
v 0.333577 0.810677 -0.187992
v 0.333757 0.798932 -0.176967
v 0.348703 0.788648 -0.170708
v 0.362385 0.788648 -0.178941
v 0.373455 0.797063 -0.185601
v 0.377681 0.810677 -0.188147
v 0.337634 0.797063 -0.164046
v 0.330110 0.810677 -0.174771
v 0.333406 0.810677 -0.161503
v 0.199355 0.810677 0.614756
v 0.201215 0.803908 0.616381
v 0.206915 0.810677 0.625970
v 0.198144 0.810677 0.601108
v 0.239024 0.797061 0.619619
v 0.242765 0.810677 0.622890
v 0.231930 0.810677 0.630657
v 0.228705 0.798931 0.627835
v 0.229234 0.788648 0.611055
v 0.220257 0.791672 0.620448
v 0.216965 0.803908 0.630157
v 0.212098 0.799725 0.625900
v 0.206082 0.799725 0.620638
v 0.201370 0.798931 0.603929
v 0.203602 0.810677 0.588638
v 0.207340 0.797061 0.591908
v 0.209817 0.791672 0.611316
v 0.217132 0.788648 0.600471
v 0.218824 0.810677 0.631782
v 0.276414 0.810677 0.498190
v 0.280153 0.797061 0.501461
v 0.289945 0.788648 0.510026
v 0.302046 0.788648 0.520610
v 0.311837 0.797061 0.529172
v 0.315577 0.810677 0.532443
v 0.171903 0.810149 -0.555659
v -0.075745 0.344186 -0.521050
v -0.016324 0.366615 -0.521050
v -0.016324 0.359215 -0.391970
v -0.070985 0.338603 -0.393258
v -0.016324 0.349552 -0.283508
v -0.070985 0.329183 -0.287543
v -0.093750 0.289493 -0.396372
v -0.100493 0.289493 -0.521050
v -0.075745 0.235899 -0.521050
v -0.070985 0.212134 -0.228550
v -0.016324 0.193072 -0.238066
v -0.016324 0.210470 -0.311061
v -0.070985 0.230839 -0.307027
v -0.016324 0.218463 -0.400773
v -0.070985 0.239076 -0.399485
v -0.016324 0.213471 -0.521050
v -0.093750 0.280012 -0.297285
v -0.070985 0.304168 -0.182601
v -0.093750 0.258151 -0.205630
v -0.016324 0.194836 -0.466830
v -0.016324 0.193259 -0.402303
v -0.091016 0.221384 -0.400545
v -0.091016 0.222986 -0.466830
v -0.122079 0.289493 -0.396299
v -0.122079 0.290946 -0.466830
v -0.091016 0.357184 -0.392051
v -0.091016 0.358905 -0.466830
v -0.091016 0.345043 -0.255759
v -0.122079 0.277240 -0.261098
v -0.091016 0.210146 -0.274389
v -0.016324 0.182354 -0.279895
v -0.016324 0.376680 -0.293748
v -0.016324 0.385310 -0.390292
v -0.016324 0.387056 -0.466830
v -0.238468 0.001174 0.049637
v -0.265157 0.158866 0.049635
v -0.206773 0.158866 -0.074987
v -0.186347 0.001174 -0.059458
v -0.119393 0.158866 -0.155122
v -0.108339 0.001174 -0.135358
v -0.016324 0.158866 -0.192807
v -0.091016 0.184622 -0.167313
v -0.122079 0.261938 -0.196907
v -0.152622 0.313980 -0.216817
v -0.102585 0.313912 -0.229961
v -0.016324 0.001174 -0.160867
v -0.204570 0.463052 -0.320908
v -0.268168 0.313980 -0.144926
v -0.364156 0.463052 -0.234180
v -0.345374 0.313980 -0.009963
v -0.470789 0.463052 -0.068984
v -0.354286 0.313980 0.185790
v -0.483095 0.463052 0.185790
v -0.541250 0.584884 0.185789
v -0.527410 0.584884 -0.093734
v -0.407493 0.584885 -0.295100
v -0.228022 0.584885 -0.489743
v -0.016324 0.584885 -0.579283
v -0.016324 0.463052 -0.359776
v -0.246660 0.696575 -0.502435
v -0.245654 0.748958 -0.499425
v -0.441931 0.696575 -0.340907
v -0.572405 0.696575 -0.099163
v -0.587464 0.696575 0.185789
v -0.482501 0.584884 0.356587
v -0.523544 0.696575 0.375433
v -0.373122 0.584884 0.593742
v -0.404532 0.696575 0.617177
v -0.521326 0.748958 0.374187
v -0.402836 0.748958 0.614875
v -0.226420 0.696575 0.778707
v -0.225502 0.748958 0.775697
v -0.209421 0.584884 0.752203
v -0.188028 0.463052 0.627450
v -0.333591 0.463052 0.539200
v -0.430855 0.463052 0.322966
v -0.016324 0.584884 0.807849
v -0.016324 0.696575 0.835427
v -0.316461 0.313980 0.306987
v -0.246039 0.313980 0.456857
v -0.140644 0.313980 0.518181
v -0.016324 0.313980 0.557211
v -0.016324 0.463052 0.678185
v -0.190038 0.158866 0.361591
v -0.110337 0.158866 0.418358
v -0.016324 0.158866 0.446497
v -0.016324 0.001174 0.416561
v -0.100254 0.001174 0.393903
v -0.171406 0.001174 0.336920
v -0.243292 0.158866 0.271340
v -0.218948 0.001174 0.253912
v -0.271896 0.158866 0.185790
v -0.244484 0.001174 0.185790
v 0.038337 0.178868 -0.180369
v 0.061102 0.217834 -0.139471
v 0.038337 0.181094 -0.182248
v -0.016324 0.160720 -0.189131
v -0.016324 0.165877 -0.193478
v -0.168030 0.810149 -0.555659
v -0.173404 0.803252 -0.555659
v -0.186384 0.800395 -0.555659
v -0.199364 0.803252 -0.555659
v -0.016324 0.202079 -0.666277
v 0.043096 0.235899 -0.521050
v 0.058367 0.230505 -0.666277
v 0.067844 0.289493 -0.521050
v 0.089430 0.289493 -0.666277
v 0.043096 0.344186 -0.521050
v 0.058367 0.348741 -0.666277
v -0.016324 0.377166 -0.666277
v 0.211999 0.761562 -0.841147
v -0.016324 0.761562 -0.903883
v 0.195375 0.584885 -0.489743
v -0.016324 0.608270 -0.834035
v 0.171534 0.608270 -0.792043
v 0.091648 0.366301 -0.650988
v -0.016324 0.401904 -0.651789
v -0.016324 0.403351 -0.486222
v 0.091464 0.367828 -0.485432
v 0.127353 0.289493 -0.650529
v 0.127353 0.291032 -0.484967
v 0.091466 0.212775 -0.650079
v 0.091646 0.214258 -0.484523
v -0.016324 0.177260 -0.649329
v -0.016324 0.178646 -0.484429
v 0.287248 0.810677 0.490423
v 0.290474 0.798931 0.493246
v 0.300354 0.810677 0.489298
v 0.312261 0.810677 0.495111
v 0.302212 0.803909 0.490924
v 0.298921 0.791672 0.500633
v 0.309361 0.791672 0.509765
v 0.317807 0.798931 0.517152
v 0.321035 0.810677 0.519974
v 0.313097 0.799725 0.500442
v 0.317964 0.803909 0.504699
v 0.319823 0.810677 0.506325
v 0.307079 0.799725 0.495181
v -0.016324 0.584885 -0.391644
v -0.016324 0.696575 -0.391644
v -0.200155 0.696575 -0.363691
v -0.016324 0.463052 -0.302723
v -0.200155 0.584885 -0.363691
v -0.355998 0.696575 -0.234776
v -0.016324 0.313980 -0.112262
v -0.171896 0.463052 -0.279067
v -0.355998 0.584885 -0.234776
v -0.460131 0.696575 -0.041841
v -0.460131 0.584884 -0.041841
v -0.472148 0.696575 0.185789
v -0.472148 0.584884 0.185789
v -0.421133 0.696575 0.317606
v -0.303785 0.463052 -0.169968
v -0.110571 0.313980 -0.097930
v -0.016324 0.267488 -0.030255
v -0.079593 0.227077 0.064959
v -0.016324 0.203783 0.078007
v -0.016324 0.227077 0.043877
v -0.099195 0.267488 -0.002641
v -0.190469 0.313980 -0.010228
v -0.391908 0.463052 -0.006691
v -0.402080 0.463052 0.185790
v -0.243855 0.313980 0.048343
v -0.159847 0.267488 0.062939
v -0.125897 0.227077 0.110467
v -0.092787 0.199784 0.109833
v -0.090129 0.181769 0.106831
v -0.145637 0.227077 0.185790
v -0.182048 0.267488 0.185790
v -0.250017 0.313980 0.185790
v -0.358907 0.463052 0.290710
v -0.421133 0.584884 0.304156
v -0.326152 0.584884 0.497091
v -0.278525 0.463052 0.423601
v -0.184001 0.584884 0.626006
v -0.158227 0.463052 0.532700
v -0.223863 0.313980 0.268049
v -0.016324 0.584884 0.671275
v -0.016324 0.463052 0.571012
v -0.016324 0.696575 0.684724
v -0.184001 0.696575 0.639456
v -0.326152 0.696575 0.510540
v -0.175167 0.313980 0.347108
v -0.159847 0.267488 0.261843
v -0.125897 0.227077 0.254542
v -0.124583 0.190127 0.185790
v -0.120822 0.152411 0.174587
v -0.102289 0.313980 0.413201
v -0.099195 0.267488 0.341114
v -0.079593 0.227077 0.312137
v -0.092787 0.180470 0.263508
v -0.090129 0.130098 0.227299
v -0.016324 0.117937 0.255365
v -0.016324 0.176470 0.295334
v -0.016324 0.227077 0.333219
v -0.016324 0.267488 0.368730
v -0.016324 0.313980 0.436408
v -0.070985 0.082372 0.185790
v -0.093750 0.118869 0.148741
v -0.070985 0.042675 0.115140
v -0.093750 0.089932 0.094560
v -0.070985 0.035185 0.049637
v -0.093750 0.085470 0.049637
v -0.070985 0.042340 -0.019933
v -0.093750 0.090903 -0.004480
v -0.070985 0.069842 -0.078263
v -0.093750 0.110823 -0.045582
v -0.070985 0.162378 0.091884
v -0.070985 0.149059 0.069196
v -0.070985 0.144941 0.049635
v -0.070985 0.148651 0.010973
v -0.016324 0.193930 0.078765
v -0.016324 0.177496 0.075768
v -0.016324 0.168634 0.060671
v -0.016324 0.165771 0.049635
v -0.016324 0.168766 0.017374
v -0.070985 0.157447 -0.009016
v -0.093750 0.139260 -0.074022
v -0.070985 0.175500 -0.028390
v -0.093750 0.171172 -0.100138
v -0.070985 0.202963 -0.054094
v -0.070985 0.107126 -0.116196
v -0.070985 0.141445 -0.144239
v -0.070985 0.178868 -0.180369
v -0.093750 0.217834 -0.139471
v -0.070985 0.254573 -0.101280
v -0.070985 0.181094 -0.182248
v -0.016324 0.129133 -0.162505
v -0.016324 0.093815 -0.133667
v -0.016324 0.052868 -0.091801
v -0.016324 0.022225 -0.026334
v -0.016324 0.014355 0.049637
v -0.016324 0.023100 0.123663
v -0.016324 0.067254 0.203764
v 0.038337 0.212134 -0.228550
v 0.038337 0.230839 -0.307027
v 0.061102 0.258151 -0.205630
v 0.038337 0.338603 -0.393258
v 0.061102 0.289493 -0.396372
v 0.038337 0.239076 -0.399485
v 0.061102 0.280012 -0.297285
v 0.038337 0.304168 -0.182601
v 0.038337 0.329183 -0.287543
v 0.058367 0.345043 -0.255759
v 0.171921 0.463052 -0.320908
v 0.119973 0.313980 -0.216817
v 0.069936 0.313912 -0.229961
v 0.089430 0.261938 -0.196907
v 0.089430 0.277240 -0.261098
v 0.058367 0.210146 -0.274389
v 0.058367 0.221384 -0.400545
v 0.089430 0.289493 -0.396299
v 0.058367 0.357184 -0.392051
v 0.058367 0.358905 -0.466830
v 0.089430 0.290946 -0.466830
v 0.058367 0.222986 -0.466830
v 0.086746 0.158866 -0.155122
v 0.058367 0.184622 -0.167313
v 0.205819 0.001174 0.049637
v 0.153698 0.001174 -0.059458
v 0.174125 0.158866 -0.074987
v 0.075691 0.001174 -0.135358
v 0.235521 0.313980 -0.144926
v 0.232508 0.158866 0.049635
v 0.312726 0.313980 -0.009963
v 0.331507 0.463052 -0.234180
v 0.438140 0.463052 -0.068984
v 0.239247 0.158866 0.185790
v 0.321638 0.313980 0.185790
v 0.210643 0.158866 0.271340
v 0.157390 0.158866 0.361591
v 0.283814 0.313980 0.306987
v 0.450447 0.463052 0.185790
v 0.494761 0.584884 -0.093734
v 0.374844 0.584885 -0.295100
v 0.409282 0.696575 -0.340907
v 0.539756 0.696575 -0.099163
v 0.508602 0.584884 0.185789
v 0.398207 0.463052 0.322966
v 0.213390 0.313980 0.456857
v 0.077689 0.158866 0.418358
v 0.554815 0.696575 0.185789
v 0.449853 0.584884 0.356587
v 0.300945 0.463052 0.539200
v 0.107997 0.313980 0.518181
v 0.155379 0.463052 0.627450
v 0.340473 0.584884 0.593742
v 0.490895 0.696575 0.375433
v 0.371883 0.696575 0.617177
v 0.176772 0.584884 0.752203
v 0.193773 0.696575 0.778707
v 0.214013 0.696576 -0.841147
v -0.016324 0.696576 -0.903883
v -0.199982 0.011457 0.178095
v -0.195140 0.011457 0.068498
v -0.153183 0.011457 -0.019320
v -0.179427 0.011457 0.247014
v -0.090391 0.011457 -0.080414
v -0.141157 0.011457 0.299746
v -0.083884 0.011457 0.345616
v -0.016324 0.011457 -0.100948
v -0.016324 0.011457 0.363855
v -0.196167 0.789561 -0.585291
v -0.196167 0.891058 -0.585291
v -0.185348 0.891058 -0.592934
v -0.185348 0.789561 -0.592934
v -0.174528 0.891058 -0.585291
v -0.174528 0.789561 -0.585291
v -0.170046 0.891058 -0.566845
v -0.170046 0.789561 -0.566845
v -0.174528 0.891058 -0.548396
v -0.174528 0.789561 -0.548396
v -0.185348 0.891058 -0.540755
v -0.185348 0.789561 -0.540755
v -0.196167 0.891058 -0.548396
v -0.196167 0.789561 -0.548396
v -0.200650 0.891058 -0.566845
v -0.200650 0.789561 -0.566845
v -0.185348 0.904785 -0.566845
v -0.192960 0.900773 -0.579825
v -0.196113 0.900773 -0.566845
v -0.192960 0.900773 -0.553865
v -0.185348 0.900773 -0.548488
v -0.177735 0.900773 -0.553865
v -0.174582 0.900773 -0.566845
v -0.177735 0.900773 -0.579825
v -0.185348 0.900773 -0.585199
v -0.168615 0.777916 -0.522381
v -0.156303 0.777916 -0.541169
v -0.161415 0.796039 -0.545673
v -0.157699 0.796039 -0.566832
v -0.151797 0.777916 -0.566832
v -0.161415 0.796039 -0.587993
v -0.156303 0.777916 -0.592497
v -0.171567 0.796039 -0.603482
v -0.168615 0.777916 -0.611283
v -0.185434 0.796039 -0.609152
v -0.185434 0.777916 -0.618159
v -0.199301 0.796039 -0.603482
v -0.202252 0.777916 -0.611283
v -0.209452 0.796039 -0.587993
v -0.214564 0.777916 -0.592497
v -0.213167 0.796039 -0.566832
v -0.219071 0.777916 -0.566832
v -0.209452 0.796039 -0.545673
v -0.214564 0.777916 -0.541169
v -0.199301 0.796039 -0.530182
v -0.202252 0.777916 -0.522381
v -0.185434 0.796039 -0.524512
v -0.185434 0.777916 -0.515505
v -0.171567 0.796039 -0.530182
v 0.066547 0.267488 -0.002641
v 0.046946 0.227077 0.064959
v 0.093248 0.227077 0.110467
v 0.127200 0.267488 0.062939
v 0.157822 0.313980 -0.010228
v 0.211208 0.313980 0.048343
v 0.359261 0.463052 -0.006691
v 0.369432 0.463052 0.185790
v 0.217370 0.313980 0.185790
v 0.149399 0.267488 0.185790
v 0.112989 0.227077 0.185790
v 0.060139 0.199784 0.109833
v 0.439499 0.584884 0.185789
v 0.427482 0.584884 -0.041841
v 0.388485 0.584884 0.304156
v 0.326258 0.463052 0.290710
v 0.191214 0.313980 0.268049
v 0.127200 0.267488 0.261843
v 0.093248 0.227077 0.254542
v 0.066547 0.267488 0.341114
v 0.046946 0.227077 0.312137
v 0.142520 0.313980 0.347108
v 0.245877 0.463052 0.423601
v 0.293503 0.584884 0.497091
v 0.293503 0.696575 0.510540
v 0.388485 0.696575 0.317606
v 0.151352 0.696575 0.639456
v 0.151352 0.584884 0.626006
v 0.125578 0.463052 0.532700
v 0.069641 0.313980 0.413201
v 0.038337 0.042675 0.115140
v 0.038337 0.035185 0.049637
v 0.038337 0.082372 0.185790
v 0.057480 0.130098 0.227299
v 0.060139 0.180470 0.263508
v 0.061102 0.085470 0.049635
v 0.061102 0.090903 -0.004480
v 0.038337 0.042340 -0.019933
v 0.061102 0.089932 0.094560
v 0.061102 0.118869 0.148741
v 0.088174 0.152411 0.174587
v 0.091934 0.190127 0.185790
v 0.057480 0.181769 0.106831
v 0.038337 0.162378 0.091884
v 0.038337 0.149059 0.069196
v 0.038337 0.144941 0.049635
v 0.038337 0.148651 0.010973
v 0.038337 0.157447 -0.009016
v -0.016324 0.174422 0.004522
v 0.061102 0.110823 -0.045582
v 0.061102 0.139260 -0.074022
v 0.038337 0.175500 -0.028390
v -0.016324 0.188811 -0.010921
v -0.016324 0.215275 -0.035827
v 0.038337 0.202963 -0.054094
v 0.061102 0.171172 -0.100138
v 0.038337 0.141445 -0.144239
v 0.038337 0.107126 -0.116196
v 0.038337 0.069842 -0.078263
v -0.016324 0.323231 -0.173084
v -0.016324 0.269790 -0.085461
v 0.038337 0.254573 -0.101280
v -0.188895 0.001174 0.252859
v -0.148404 0.001174 0.308652
v -0.087805 0.001174 0.357182
v -0.016324 0.001174 0.376480
v -0.016324 0.001174 -0.115304
v -0.094692 0.001174 -0.093577
v -0.161128 0.001174 -0.028935
v -0.205520 0.001174 0.063980
v -0.210643 0.001174 0.179939
v -0.244647 0.761562 -0.841147
v -0.232051 0.784784 -0.846162
v -0.232051 0.784783 -0.458768
v -0.414934 0.784783 -0.307486
v -0.537134 0.784783 -0.081074
v -0.478070 0.789534 -0.050982
v -0.369730 0.789534 -0.251716
v -0.207585 0.789534 -0.385842
v -0.213095 0.784783 0.735040
v -0.190780 0.789533 0.661725
v -0.379909 0.784783 0.583756
v -0.338677 0.789534 0.527599
v -0.491370 0.784783 0.357346
v -0.437497 0.789534 0.326865
v -0.551237 0.784783 0.185789
v -0.490574 0.789534 0.185789
v -0.124115 0.212775 -0.650079
v -0.091016 0.230503 -0.666277
v -0.160002 0.289493 -0.650529
v -0.122079 0.289493 -0.666277
v -0.124296 0.366301 -0.650988
v -0.091016 0.348741 -0.666277
v -0.124113 0.367828 -0.485432
v -0.160002 0.291032 -0.484967
v -0.124295 0.214258 -0.484523
v -0.204183 0.608270 -0.792043
v -0.246660 0.696576 -0.841147
v 0.051236 0.011457 0.345616
v 0.057743 0.011457 -0.080414
v 0.108509 0.011457 0.299746
v 0.146779 0.011457 0.247014
v 0.120534 0.011457 -0.019320
v 0.167333 0.011457 0.178095
v 0.162491 0.011457 0.068498
v 0.077923 0.313980 -0.097930
v 0.139247 0.463052 -0.279067
v 0.271136 0.463052 -0.169968
v 0.167506 0.584885 -0.363691
v 0.323349 0.584885 -0.234776
v 0.439499 0.696575 0.185789
v 0.427482 0.696575 -0.041841
v 0.323349 0.696575 -0.234776
v 0.167506 0.696575 -0.363691
v 0.141879 0.789561 -0.585293
v 0.137397 0.789561 -0.566845
v 0.137397 0.891058 -0.566845
v 0.141879 0.891058 -0.585293
v 0.152699 0.789561 -0.592934
v 0.152699 0.891058 -0.592934
v 0.163519 0.789561 -0.585293
v 0.163519 0.891058 -0.585293
v 0.168001 0.789561 -0.566845
v 0.168001 0.891058 -0.566845
v 0.163519 0.789561 -0.548396
v 0.163519 0.891058 -0.548396
v 0.152699 0.789561 -0.540755
v 0.152699 0.891058 -0.540755
v 0.141879 0.789561 -0.548396
v 0.141879 0.891058 -0.548396
v 0.058367 0.230503 -0.666277
v 0.214013 0.696575 -0.502435
v -0.584967 0.748958 0.185789
v -0.569975 0.748958 -0.097915
v -0.440070 0.748958 -0.338603
v 0.160311 0.900773 -0.579825
v 0.152699 0.900773 -0.585199
v 0.145087 0.900773 -0.579825
v 0.141933 0.900773 -0.566845
v 0.145087 0.900773 -0.553865
v 0.152699 0.904785 -0.566845
v 0.152699 0.900773 -0.548488
v 0.160311 0.900773 -0.553865
v 0.163465 0.900773 -0.566845
v -0.176594 0.761561 0.615242
v -0.174967 0.736356 0.609910
v -0.312463 0.761561 0.492022
v -0.309459 0.736356 0.487941
v -0.403248 0.761561 0.307610
v -0.399323 0.736356 0.305402
v -0.399323 0.636509 0.305402
v -0.309459 0.636509 0.487941
v -0.174967 0.636509 0.609910
v -0.452011 0.761561 0.185789
v -0.447588 0.736356 0.185789
v -0.440523 0.761561 -0.031729
v -0.436218 0.736356 -0.029520
v -0.340991 0.761561 -0.216140
v -0.337697 0.736356 -0.212060
v -0.192033 0.761561 -0.339359
v -0.190249 0.736356 -0.334029
v -0.190249 0.636509 -0.334029
v -0.337697 0.636509 -0.212060
v -0.436218 0.636509 -0.029520
v -0.447588 0.636509 0.185789
v -0.091016 0.230505 -0.666277
v 0.152785 0.796039 -0.609152
v 0.138918 0.796039 -0.603482
v 0.166653 0.796039 -0.603482
v 0.128768 0.796039 -0.587993
v 0.176803 0.796039 -0.587993
v 0.125051 0.796039 -0.566832
v 0.180520 0.796039 -0.566832
v 0.128768 0.796039 -0.545673
v 0.176803 0.796039 -0.545673
v 0.138918 0.796039 -0.530182
v 0.166653 0.796039 -0.530182
v 0.152785 0.796039 -0.524512
v 0.128480 0.001174 -0.028935
v 0.172872 0.001174 0.063980
v 0.062043 0.001174 -0.093577
v 0.055158 0.001174 0.357182
v 0.115755 0.001174 0.308652
v 0.156247 0.001174 0.252859
v 0.177995 0.001174 0.179939
v 0.186300 0.001174 0.253912
v 0.138758 0.001174 0.336920
v 0.067605 0.001174 0.393903
v 0.211835 0.001174 0.185790
v 0.223524 0.832811 0.419460
v 0.113480 0.832811 0.523481
v 0.124970 0.855495 0.562721
v -0.016324 0.855495 0.602482
v -0.016324 0.864891 0.705021
v -0.185357 0.864891 0.657456
v -0.157618 0.855495 0.562721
v -0.328656 0.864891 0.522001
v -0.277402 0.855495 0.449493
v -0.424404 0.864891 0.319276
v -0.357440 0.855495 0.280036
v -0.475832 0.864891 0.139267
v 0.297053 0.832811 0.263782
v 0.244754 0.855495 0.449493
v 0.152708 0.864891 0.657456
v -0.016324 0.855495 0.807563
v -0.213095 0.855495 0.752192
v -0.379909 0.855495 0.594507
v -0.491370 0.855495 0.358516
v 0.336545 0.832811 0.139267
v 0.324791 0.855495 0.280036
v 0.296007 0.864891 0.521999
v 0.180446 0.855495 0.752192
v -0.016324 0.832811 0.850036
v -0.224584 0.832811 0.791433
v -0.401139 0.832811 0.624541
v -0.572405 0.810129 -0.080552
v -0.587464 0.810129 0.139267
v -0.582471 0.832811 0.139267
v -0.519108 0.832811 0.374771
v -0.523544 0.810127 0.377370
v -0.404532 0.810127 0.629343
v -0.226420 0.810127 0.797706
v -0.016324 0.810127 0.856827
v 0.191936 0.832811 0.791433
v -0.551237 0.855495 0.139267
v -0.567543 0.832811 -0.077953
v -0.537134 0.855495 -0.061699
v -0.438210 0.832811 -0.327723
v -0.414934 0.855495 -0.297690
v -0.244647 0.832811 -0.494615
v -0.463716 0.864891 -0.022459
v -0.358743 0.864891 -0.225182
v -0.232051 0.855495 -0.455373
v -0.201640 0.864891 -0.360638
v -0.016324 0.855495 -0.467590
v -0.400428 0.855495 0.139267
v -0.390301 0.855495 0.016782
v -0.302554 0.855495 -0.152675
v -0.171230 0.855495 -0.265904
v -0.016324 0.864891 -0.383765
v -0.016324 0.855495 -0.281223
v 0.168993 0.864891 -0.360638
v -0.369194 0.832811 0.139267
v -0.359890 0.832811 0.033036
v -0.279278 0.832811 -0.122642
v -0.158634 0.832811 -0.226661
v -0.016324 0.832811 -0.238750
v 0.138581 0.855495 -0.265904
v 0.125985 0.832811 -0.226661
v 0.269905 0.855495 -0.152675
v 0.326096 0.864891 -0.225182
v 0.431070 0.864891 -0.022459
v 0.357652 0.855495 0.016782
v 0.443184 0.864891 0.139267
v 0.367779 0.855495 0.139267
v 0.391757 0.864891 0.319276
v 0.246631 0.832811 -0.122642
v 0.327243 0.832811 0.033036
v 0.347261 0.855495 0.594507
v 0.323754 0.810129 0.034901
v 0.243962 0.810129 -0.119197
v 0.504485 0.855495 -0.061699
v 0.518588 0.855495 0.139267
v 0.549822 0.832811 0.139267
v 0.486460 0.832811 0.374771
v 0.458721 0.855495 0.358516
v 0.368490 0.832811 0.624541
v 0.193773 0.810127 0.797706
v 0.371885 0.810127 0.629343
v 0.490895 0.810127 0.377370
v 0.554815 0.810129 0.139267
v 0.534896 0.832811 -0.077953
v 0.539756 0.810129 -0.080552
v 0.405562 0.832811 -0.327723
v 0.409282 0.810130 -0.332526
v 0.211999 0.832811 -0.494615
v -0.016324 0.832811 -0.510063
v 0.199402 0.855495 -0.455373
v 0.382286 0.855495 -0.297690
v 0.135966 0.777916 -0.522381
v 0.123654 0.777916 -0.541169
v 0.119148 0.777916 -0.566832
v 0.181915 0.777916 -0.592497
v 0.186422 0.777916 -0.566832
v 0.181915 0.777916 -0.541169
v 0.169605 0.777916 -0.522381
v 0.152785 0.777916 -0.515505
v 0.123654 0.777916 -0.592497
v 0.135966 0.777916 -0.611283
v 0.152785 0.777916 -0.618159
v 0.169605 0.777916 -0.611283
v -0.016324 0.810127 0.555136
v -0.144811 0.810127 0.518981
v -0.253739 0.810127 0.416014
v -0.326521 0.810127 0.261917
v -0.365612 0.810129 0.139267
v -0.356403 0.810129 0.034901
v -0.441931 0.810130 -0.332526
v -0.276610 0.810129 -0.119197
v -0.246660 0.810130 -0.500888
v -0.157190 0.810130 -0.222161
v -0.016324 0.810130 -0.233879
v -0.016324 0.810130 -0.516855
v 0.214013 0.810130 -0.500888
v 0.124541 0.810130 -0.222161
v 0.332965 0.810129 0.139267
v 0.293872 0.810127 0.261917
v 0.221091 0.810127 0.416014
v 0.112164 0.810127 0.518981
v -0.016324 0.832811 0.560007
v -0.146129 0.832811 0.523479
v -0.256173 0.832811 0.419460
v -0.329702 0.832811 0.263782
vt 0.976100 0.511200
vt 0.976100 0.506800
vt 0.964800 0.506800
vt 0.991700 0.506800
vt 0.986800 0.506800
vt 0.991700 0.496100
vt 0.998000 0.496100
vt 0.048000 0.933200
vt 0.093400 0.933200
vt 0.093400 0.996600
vt 0.048000 0.996600
vt 0.007900 0.933200
vt 0.007900 0.996600
vt 0.196300 0.897200
vt 0.196300 0.933200
vt 0.147200 0.933200
vt 0.147200 0.897200
vt 0.093400 0.897200
vt 0.048000 0.897200
vt 0.007900 0.897200
vt 0.317100 0.933200
vt 0.353300 0.933200
vt 0.353300 0.996600
vt 0.317100 0.996600
vt 0.261000 0.933200
vt 0.261000 0.996600
vt 0.196300 0.996600
vt 0.147200 0.996600
vt 0.372600 0.996600
vt 0.372600 0.933200
vt 0.372600 0.897200
vt 0.353500 0.897200
vt 0.317100 0.897200
vt 0.261000 0.897200
vt 0.094500 0.916300
vt 0.094500 0.893900
vt 0.048400 0.893900
vt 0.048400 0.916300
vt 0.007900 0.893900
vt 0.007900 0.916300
vt 0.376500 0.916300
vt 0.382600 0.893900
vt 0.316200 0.893900
vt 0.316200 0.916300
vt 0.261200 0.893900
vt 0.261200 0.916300
vt 0.196400 0.893900
vt 0.196400 0.916300
vt 0.146500 0.893900
vt 0.146500 0.916300
vt 0.146500 0.856400
vt 0.146500 0.841100
vt 0.094500 0.841100
vt 0.094500 0.856400
vt 0.048400 0.841100
vt 0.048400 0.856400
vt 0.007900 0.841200
vt 0.007900 0.856600
vt 0.477800 0.855700
vt 0.477800 0.841100
vt 0.400900 0.840800
vt 0.393800 0.855700
vt 0.316200 0.841100
vt 0.316200 0.856400
vt 0.261200 0.841100
vt 0.261200 0.856300
vt 0.196400 0.841100
vt 0.196400 0.856300
vt 0.939500 0.454100
vt 0.939500 0.496100
vt 0.945800 0.496100
vt 0.945800 0.422400
vt 0.939500 0.422400
vt 0.923800 0.496100
vt 0.923800 0.422400
vt 0.908200 0.496100
vt 0.908200 0.422400
vt 0.901400 0.496100
vt 0.901400 0.422400
vt 0.908200 0.454100
vt 0.923800 0.454100
vt 0.923800 0.407200
vt 0.912600 0.411600
vt 0.908200 0.411600
vt 0.923800 0.411600
vt 0.935100 0.411600
vt 0.939500 0.411600
vt 0.477800 0.879500
vt 0.382600 0.998800
vt 0.477800 0.998900
vt 0.998000 0.422400
vt 0.991700 0.422400
vt 0.976100 0.496100
vt 0.976100 0.422400
vt 0.960000 0.496100
vt 0.960000 0.422400
vt 0.953600 0.496100
vt 0.953600 0.422400
vt 0.960000 0.454100
vt 0.976100 0.454100
vt 0.991700 0.454100
vt 0.976100 0.407200
vt 0.964800 0.411600
vt 0.960400 0.411600
vt 0.976100 0.411600
vt 0.986800 0.411600
vt 0.991700 0.411600
vt 0.939500 0.506800
vt 0.923800 0.511200
vt 0.935100 0.506800
vt 0.923800 0.506800
vt 0.912600 0.506800
vt 0.967300 0.267600
vt 0.967800 0.271000
vt 0.965300 0.269500
vt 0.965800 0.266600
vt 0.965300 0.265100
vt 0.967800 0.268100
vt 0.968800 0.272000
vt 0.963900 0.272900
vt 0.960400 0.270500
vt 0.966800 0.274900
vt 0.967800 0.275900
vt 0.959500 0.265600
vt 0.957500 0.268600
vt 0.956100 0.268100
vt 0.958500 0.265100
vt 0.962900 0.264200
vt 0.961900 0.264200
vt 0.963900 0.265100
vt 0.961900 0.267600
vt 0.953100 0.305700
vt 0.951700 0.304700
vt 0.948700 0.302700
vt 0.945300 0.300300
vt 0.942400 0.298300
vt 0.941400 0.297900
vt 0.949700 0.307600
vt 0.946800 0.309100
vt 0.945300 0.308100
vt 0.946800 0.306200
vt 0.950700 0.308100
vt 0.947300 0.309600
vt 0.943800 0.308100
vt 0.943400 0.306600
vt 0.943800 0.303700
vt 0.941900 0.305700
vt 0.941400 0.305700
vt 0.941400 0.302200
vt 0.940400 0.301800
vt 0.910600 0.066400
vt 0.913600 0.067400
vt 0.911100 0.069300
vt 0.909200 0.067900
vt 0.907700 0.067900
vt 0.911100 0.065900
vt 0.914600 0.066400
vt 0.913600 0.072300
vt 0.910600 0.075200
vt 0.916500 0.069300
vt 0.917500 0.068400
vt 0.906300 0.074200
vt 0.907700 0.077600
vt 0.906700 0.078600
vt 0.905800 0.074700
vt 0.906300 0.070300
vt 0.905800 0.070800
vt 0.907700 0.069300
vt 0.908700 0.071800
vt 0.936500 0.095200
vt 0.935500 0.095700
vt 0.933100 0.098600
vt 0.929700 0.101600
vt 0.927200 0.104000
vt 0.926300 0.105000
vt 0.937000 0.099600
vt 0.937000 0.103000
vt 0.936000 0.104500
vt 0.935100 0.101600
vt 0.938000 0.098600
vt 0.937500 0.102500
vt 0.935500 0.106000
vt 0.934100 0.106000
vt 0.932100 0.104500
vt 0.933100 0.106900
vt 0.932600 0.107400
vt 0.930200 0.106400
vt 0.929200 0.107400
vt 0.735800 0.264200
vt 0.734900 0.264200
vt 0.732400 0.265100
vt 0.739300 0.265100
vt 0.731000 0.274900
vt 0.730000 0.275900
vt 0.729000 0.272000
vt 0.730000 0.271000
vt 0.733900 0.272900
vt 0.732400 0.269500
vt 0.730500 0.267600
vt 0.731900 0.266600
vt 0.733900 0.265100
vt 0.738300 0.265600
vt 0.741700 0.268100
vt 0.740200 0.268600
vt 0.735400 0.267600
vt 0.737300 0.270500
vt 0.730000 0.268100
vt 0.748000 0.307600
vt 0.751000 0.306200
vt 0.752400 0.308100
vt 0.751000 0.309100
vt 0.747100 0.308100
vt 0.750500 0.309600
vt 0.753900 0.308100
vt 0.754400 0.306600
vt 0.753900 0.303700
vt 0.755900 0.305700
vt 0.756300 0.305700
vt 0.756300 0.302200
vt 0.752400 0.300300
vt 0.748500 0.302700
vt 0.746100 0.304700
vt 0.744600 0.305700
vt 0.755400 0.298300
vt 0.757300 0.301800
vt 0.756300 0.297900
vt 0.792000 0.070800
vt 0.791500 0.070300
vt 0.790000 0.067900
vt 0.792000 0.074700
vt 0.781300 0.069300
vt 0.780300 0.068400
vt 0.783200 0.066400
vt 0.784200 0.067400
vt 0.784200 0.072300
vt 0.786100 0.069300
vt 0.787100 0.066400
vt 0.788600 0.067900
vt 0.790000 0.069300
vt 0.791500 0.074200
vt 0.790500 0.078600
vt 0.789600 0.077600
vt 0.789100 0.071800
vt 0.787100 0.075200
vt 0.786600 0.065900
vt 0.771500 0.105000
vt 0.770500 0.104000
vt 0.768100 0.101600
vt 0.764600 0.098600
vt 0.762200 0.095700
vt 0.761200 0.095200
vt 0.908200 0.506800
vt 0.524900 0.690700
vt 0.524900 0.708300
vt 0.567900 0.707000
vt 0.567400 0.689500
vt 0.606900 0.699000
vt 0.605500 0.681400
vt 0.565900 0.646700
vt 0.524900 0.647900
vt 0.524900 0.605200
vt 0.627000 0.581100
vt 0.623500 0.564900
vt 0.597200 0.579800
vt 0.598600 0.597200
vt 0.564500 0.586700
vt 0.564900 0.604200
vt 0.524900 0.587400
vt 0.602100 0.639400
vt 0.643600 0.659900
vt 0.635300 0.620600
vt 0.416700 0.503400
vt 0.400100 0.502700
vt 0.399700 0.516600
vt 0.416700 0.517300
vt 0.398900 0.550500
vt 0.416700 0.550500
vt 0.397900 0.584500
vt 0.416700 0.585200
vt 0.363000 0.580100
vt 0.366500 0.545400
vt 0.366700 0.511200
vt 0.366700 0.497100
vt 0.376700 0.595700
vt 0.397500 0.598600
vt 0.416700 0.599400
vt 0.230000 0.406700
vt 0.230000 0.485400
vt 0.258500 0.485400
vt 0.254900 0.406700
vt 0.301300 0.485400
vt 0.298300 0.406700
vt 0.344000 0.485400
vt 0.341300 0.500200
vt 0.329800 0.536900
vt 0.313500 0.563000
vt 0.355000 0.563000
vt 0.336700 0.406700
vt 0.330800 0.637500
vt 0.274700 0.563000
vt 0.295200 0.637500
vt 0.243700 0.563000
vt 0.257100 0.637500
vt 0.198600 0.563000
vt 0.198600 0.637500
vt 0.198600 0.735600
vt 0.262900 0.735600
vt 0.309100 0.735600
vt 0.354000 0.735600
vt 0.435300 0.735600
vt 0.395300 0.637500
vt 0.354500 0.807400
vt 0.354500 0.840500
vt 0.318400 0.807400
vt 0.262700 0.807400
vt 0.198600 0.807400
vt 0.154300 0.735600
vt 0.150000 0.807400
vt 0.099900 0.735600
vt 0.096700 0.807400
vt 0.150000 0.840500
vt 0.096700 0.840500
vt 0.051400 0.807400
vt 0.051400 0.840500
vt 0.057500 0.735600
vt 0.066300 0.637500
vt 0.107800 0.637500
vt 0.162100 0.637500
vt 0.018600 0.735600
vt 0.011700 0.807400
vt 0.011700 0.840500
vt 0.170800 0.563000
vt 0.126700 0.563000
vt 0.088700 0.563000
vt 0.066000 0.563000
vt 0.038200 0.637500
vt 0.143800 0.485400
vt 0.110500 0.485400
vt 0.086700 0.485400
vt 0.093600 0.406700
vt 0.116100 0.406700
vt 0.149500 0.406700
vt 0.179000 0.485400
vt 0.183000 0.406700
vt 0.198600 0.485400
vt 0.198600 0.406700
vt 0.644000 0.554400
vt 0.659200 0.585900
vt 0.639600 0.541500
vt 0.960400 0.506800
vt 0.480500 0.572500
vt 0.480500 0.596900
vt 0.480500 0.647500
vt 0.480500 0.698200
vt 0.480500 0.722400
vt 0.376500 0.998800
vt 0.477800 0.999000
vt 0.470900 0.785300
vt 0.433300 0.785300
vt 0.580100 0.536100
vt 0.580100 0.560300
vt 0.450000 0.560300
vt 0.450200 0.536400
vt 0.579600 0.484900
vt 0.450200 0.484900
vt 0.579600 0.435100
vt 0.450200 0.435100
vt 0.579600 0.411100
vt 0.450200 0.411100
vt 0.768600 0.107400
vt 0.767600 0.106400
vt 0.765100 0.107400
vt 0.762200 0.106000
vt 0.764600 0.106900
vt 0.765600 0.104500
vt 0.762700 0.101600
vt 0.760700 0.099600
vt 0.759800 0.098600
vt 0.761700 0.104500
vt 0.760700 0.103000
vt 0.760300 0.102500
vt 0.763700 0.106000
vt 0.594700 0.900500
vt 0.594700 0.996100
vt 0.632300 0.996100
vt 0.594200 0.796000
vt 0.632300 0.900500
vt 0.667500 0.996100
vt 0.655300 0.668500
vt 0.632300 0.796000
vt 0.667500 0.900500
vt 0.703600 0.996100
vt 0.703600 0.900500
vt 0.777300 0.996100
vt 0.777300 0.900500
vt 0.825200 0.996100
vt 0.667500 0.796000
vt 0.671900 0.668500
vt 0.700700 0.628700
vt 0.731400 0.594000
vt 0.738300 0.574000
vt 0.726100 0.594000
vt 0.706100 0.629200
vt 0.703100 0.668500
vt 0.701200 0.796000
vt 0.777300 0.796000
vt 0.728000 0.668500
vt 0.732900 0.628700
vt 0.750000 0.594000
vt 0.750000 0.570600
vt 0.748500 0.555200
vt 0.777300 0.594000
vt 0.777300 0.628700
vt 0.777300 0.668500
vt 0.815400 0.796000
vt 0.820300 0.900500
vt 0.866700 0.900500
vt 0.863800 0.796000
vt 0.913100 0.900500
vt 0.903300 0.796000
vt 0.807100 0.668500
vt 0.987800 0.900500
vt 0.987800 0.796000
vt 0.988300 0.996100
vt 0.918000 0.996100
vt 0.871600 0.996100
vt 0.835900 0.668500
vt 0.804700 0.628700
vt 0.802200 0.594000
vt 0.777300 0.562300
vt 0.773400 0.530000
vt 0.859900 0.668500
vt 0.833500 0.628700
vt 0.823200 0.594000
vt 0.805700 0.554000
vt 0.792500 0.510700
vt 0.875500 0.478000
vt 0.891100 0.550500
vt 0.898900 0.594000
vt 0.909700 0.628700
vt 0.921900 0.668500
vt 0.777300 0.470200
vt 0.763700 0.501200
vt 0.751500 0.436000
vt 0.744100 0.476600
vt 0.728000 0.429700
vt 0.728000 0.472700
vt 0.702600 0.436000
vt 0.708500 0.477500
vt 0.681600 0.459500
vt 0.693400 0.494600
vt 0.743200 0.538600
vt 0.734900 0.527100
vt 0.728000 0.523700
vt 0.713900 0.526600
vt 0.738300 0.565400
vt 0.737300 0.551500
vt 0.731900 0.543900
vt 0.728000 0.541500
vt 0.716300 0.543900
vt 0.706500 0.534400
vt 0.683100 0.518800
vt 0.699700 0.549800
vt 0.673800 0.546100
vt 0.690400 0.573200
vt 0.668000 0.491200
vt 0.657700 0.520500
vt 0.673300 0.617400
vt 0.650900 0.510000
vt 0.661600 0.480000
vt 0.676800 0.444800
vt 0.700200 0.418500
vt 0.728000 0.411600
vt 0.754900 0.412600
vt 0.795400 0.439900
vt 0.262700 0.840500
vt 0.198600 0.840500
vt 0.482200 0.840300
vt 0.444600 0.840300
vt 0.444600 0.807400
vt 0.482200 0.807400
vt 0.567900 0.847800
vt 0.565900 0.895300
vt 0.546400 0.933500
vt 0.558600 0.817700
vt 0.516600 0.960100
vt 0.540500 0.794800
vt 0.513700 0.774900
vt 0.482200 0.969100
vt 0.482200 0.766800
vt 0.940900 0.406700
vt 0.940900 0.510700
vt 0.931200 0.510700
vt 0.931200 0.406700
vt 0.921900 0.510700
vt 0.921900 0.406700
vt 0.912100 0.510700
vt 0.912100 0.406700
vt 0.988800 0.406700
vt 0.988800 0.510700
vt 0.979500 0.510700
vt 0.979500 0.406700
vt 0.969700 0.510700
vt 0.969700 0.406700
vt 0.960000 0.510700
vt 0.960000 0.406700
vt 0.950700 0.510700
vt 0.950700 0.406700
vt 0.950700 0.458500
vt 0.931600 0.484900
vt 0.923300 0.458500
vt 0.931600 0.432600
vt 0.950700 0.421900
vt 0.969700 0.432600
vt 0.977500 0.458500
vt 0.969700 0.484900
vt 0.950700 0.495100
vt 0.923300 0.495600
vt 0.912100 0.458500
vt 0.923300 0.421900
vt 0.977500 0.421900
vt 0.988800 0.458500
vt 0.977500 0.495600
vt 0.928200 0.525100
vt 0.911100 0.540500
vt 0.918500 0.543900
vt 0.913100 0.561000
vt 0.905300 0.561000
vt 0.918500 0.578400
vt 0.911100 0.582000
vt 0.932100 0.590800
vt 0.928200 0.597200
vt 0.951200 0.595500
vt 0.951200 0.602800
vt 0.970200 0.590800
vt 0.974100 0.597200
vt 0.983900 0.578400
vt 0.990700 0.582000
vt 0.989300 0.561000
vt 0.997100 0.561000
vt 0.983900 0.543900
vt 0.990700 0.540500
vt 0.970200 0.531500
vt 0.974100 0.525100
vt 0.951200 0.526900
vt 0.951200 0.519500
vt 0.932100 0.531500
vt 0.711400 0.548800
vt 0.706100 0.561000
vt 0.696800 0.583700
vt 0.647000 0.676300
vt 0.679200 0.630600
vt 0.563000 0.815200
vt 0.543900 0.791000
vt 0.515600 0.769800
vt 0.482200 0.761400
vt 0.482200 0.975300
vt 0.518600 0.965900
vt 0.549800 0.937700
vt 0.570300 0.897300
vt 0.572800 0.846900
vt 0.576700 0.814800
vt 0.554700 0.778700
vt 0.521500 0.753900
vt 0.482200 0.744100
vt 0.482200 0.995100
vt 0.525400 0.984000
vt 0.561500 0.951000
vt 0.585900 0.903500
vt 0.588900 0.844400
vt 0.613800 0.421900
vt 0.613800 0.442400
vt 0.613800 0.485400
vt 0.613800 0.528100
vt 0.613800 0.548800
vt 0.424100 0.555900
vt 0.424100 0.535400
vt 0.424100 0.484900
vt 0.424100 0.437000
vt 0.424100 0.416500
vt 0.318400 0.840500
vt 0.487500 0.131300
vt 0.515100 0.101600
vt 0.512200 0.090300
vt 0.547400 0.079100
vt 0.547400 0.049800
vt 0.589800 0.063500
vt 0.582500 0.090300
vt 0.625500 0.102100
vt 0.612800 0.122600
vt 0.649400 0.159700
vt 0.632800 0.170900
vt 0.662100 0.210900
vt 0.469200 0.175800
vt 0.482200 0.122600
vt 0.505400 0.063500
vt 0.547400 0.020500
vt 0.596700 0.036600
vt 0.638200 0.081500
vt 0.666000 0.148400
vt 0.459500 0.210900
vt 0.462200 0.170900
vt 0.469500 0.102100
vt 0.498300 0.036600
vt 0.547400 0.008800
vt 0.599600 0.025400
vt 0.643600 0.072800
vt 0.686500 0.273400
vt 0.689900 0.210900
vt 0.689000 0.210900
vt 0.673300 0.144000
vt 0.674300 0.143100
vt 0.644500 0.071800
vt 0.600100 0.023400
vt 0.547400 0.006800
vt 0.495400 0.025400
vt 0.681200 0.210900
vt 0.685100 0.272900
vt 0.677700 0.268100
vt 0.652800 0.343800
vt 0.647000 0.335400
vt 0.604500 0.391100
vt 0.659200 0.256800
vt 0.632800 0.314500
vt 0.601600 0.380400
vt 0.593800 0.353000
vt 0.547400 0.383800
vt 0.643600 0.210900
vt 0.641100 0.245600
vt 0.619100 0.293900
vt 0.585900 0.326200
vt 0.547400 0.359900
vt 0.547400 0.330600
vt 0.501000 0.353000
vt 0.635700 0.210900
vt 0.633300 0.241200
vt 0.613300 0.285600
vt 0.583000 0.314900
vt 0.547400 0.318400
vt 0.508800 0.326200
vt 0.511700 0.314900
vt 0.476100 0.293900
vt 0.461900 0.314500
vt 0.435800 0.256800
vt 0.454100 0.245600
vt 0.432600 0.210900
vt 0.451700 0.210900
vt 0.445600 0.159700
vt 0.481900 0.285600
vt 0.461700 0.241200
vt 0.456800 0.081500
vt 0.462600 0.240700
vt 0.482400 0.284700
vt 0.417500 0.268100
vt 0.413800 0.210900
vt 0.406000 0.210900
vt 0.421900 0.144000
vt 0.429000 0.148400
vt 0.451400 0.072800
vt 0.495100 0.023400
vt 0.450700 0.071800
vt 0.420900 0.143100
vt 0.404800 0.210900
vt 0.409700 0.272900
vt 0.408700 0.273400
vt 0.442100 0.343800
vt 0.441200 0.345200
vt 0.490500 0.391100
vt 0.547400 0.395500
vt 0.493700 0.380400
vt 0.448000 0.335400
vt 0.848600 0.088400
vt 0.848600 0.000000
vt 0.904300 0.017600
vt 0.882800 0.099100
vt 0.951700 0.066900
vt 0.911600 0.128900
vt 0.982900 0.140100
vt 0.930700 0.173800
vt 1.000000 0.210000
vt 0.940900 0.210000
vt 0.995600 0.273900
vt 0.939000 0.240200
vt 0.961400 0.347700
vt 0.917500 0.285200
vt 0.909700 0.397000
vt 0.886200 0.315400
vt 0.848600 0.318800
vt 0.848600 0.401400
vt 0.788100 0.397000
vt 0.811500 0.315400
vt 0.736300 0.347700
vt 0.780300 0.285200
vt 0.702100 0.273900
vt 0.758800 0.240200
vt 0.697800 0.210000
vt 0.756300 0.210000
vt 0.714800 0.140100
vt 0.767100 0.173800
vt 0.746100 0.066900
vt 0.786100 0.128900
vt 0.793500 0.017600
vt 0.814900 0.099100
vt 0.547400 0.091300
vt 0.580100 0.101600
vt 0.607400 0.131300
vt 0.626000 0.175800
vt 0.632300 0.240700
vt 0.634800 0.210900
vt 0.625000 0.176300
vt 0.606900 0.132300
vt 0.579600 0.103000
vt 0.547400 0.092800
vt 0.515100 0.103000
vt 0.488300 0.132300
vt 0.470000 0.176300
vt 0.460200 0.210900
vt 0.490000 0.393100
vt 0.547400 0.397500
vt 0.605000 0.393100
vt 0.653800 0.345200
vt 0.512200 0.314000
vt 0.547400 0.317400
vt 0.582500 0.314000
vt 0.612300 0.284700
vn 0.093700 0.425800 -0.900000
vn -0.239500 0.186700 -0.952800
vn -0.513900 0.400400 -0.758700
vn -0.482900 0.376300 -0.790700
vn -0.692400 0.539600 -0.479100
vn -0.692300 0.539600 -0.479100
vn -0.479800 0.108000 -0.870700
vn -0.797000 0.095900 -0.596300
vn -0.798600 0.000000 -0.601900
vn -0.523400 0.000000 -0.852100
vn -0.260600 0.019500 -0.965200
vn -0.260700 0.000000 -0.965400
vn -0.915200 0.162400 -0.368900
vn -0.982300 0.086500 -0.166000
vn -0.909700 0.087700 -0.405900
vn -0.899200 0.175200 -0.401000
vn -0.780300 0.189600 -0.596000
vn -0.474200 0.211400 -0.854700
vn -0.254500 0.215800 -0.942700
vn -0.770600 0.101500 0.629200
vn -0.408100 0.111100 0.906200
vn -0.408700 0.000000 0.912700
vn -0.773000 -0.000000 0.634500
vn -0.959200 0.094000 0.266600
vn -0.773000 0.000000 0.634400
vn -0.962700 0.000000 0.270400
vn -0.986400 0.000000 -0.164600
vn -0.912900 0.000000 -0.408200
vn -0.150300 -0.000000 0.988600
vn -0.408100 0.111100 0.906100
vn -0.149400 0.112200 0.982400
vn -0.146700 0.220100 0.964400
vn -0.384800 0.216900 0.897100
vn -0.754300 0.199900 0.625300
vn -0.624000 0.203700 0.754400
vn -0.944800 0.185100 0.270500
vn -0.983600 0.172600 0.051900
vn 0.543900 0.721000 0.429300
vn 0.569700 0.715600 0.404200
vn 0.329800 0.756000 0.565500
vn 0.300700 0.759200 0.577200
vn 0.168000 0.764500 0.622400
vn 0.168000 0.764500 0.622300
vn 0.425300 0.744900 -0.514100
vn 0.532000 0.736400 -0.418100
vn 0.513700 0.739000 -0.435900
vn 0.683500 0.708700 -0.174900
vn 0.672900 0.711700 -0.201800
vn 0.723400 0.681100 0.113100
vn 0.723200 0.684100 0.094600
vn 0.671700 0.687800 0.275100
vn 0.668300 0.689800 0.278600
vn -0.533400 0.813200 -0.232600
vn -0.537100 0.810900 -0.232200
vn -0.454600 0.831600 -0.318900
vn -0.429400 0.836200 -0.341100
vn -0.258700 0.860500 -0.438900
vn -0.232300 0.863100 -0.448500
vn -0.130100 0.866600 -0.481800
vn -0.075200 0.870400 0.486600
vn -0.074100 0.871600 0.484600
vn -0.213500 0.867500 0.449300
vn -0.199500 0.867700 0.455400
vn -0.419400 0.846800 0.327100
vn -0.402200 0.849000 0.342700
vn -0.545700 0.826700 0.136900
vn -0.530300 0.830200 0.171900
vn -0.583600 0.804600 -0.109600
vn -0.581900 0.808800 -0.085600
vn -0.586900 0.809100 0.031000
vn -0.788800 0.614700 0.000000
vn -0.788700 -0.614800 0.000000
vn -0.533500 -0.845800 -0.000000
vn 0.000000 -1.000000 -0.000000
vn 0.533500 -0.845800 -0.000000
vn 0.533500 -0.845800 -0.000100
vn 0.788700 -0.614800 0.000000
vn 0.788800 0.614700 0.000000
vn 0.533500 0.845800 -0.000000
vn 0.615100 0.788400 -0.000000
vn 0.000000 1.000000 -0.000000
vn -0.215000 0.976600 0.000000
vn -0.000000 -0.356200 0.934400
vn 0.361800 -0.613600 0.701900
vn 0.581300 -0.453100 0.675900
vn 0.512900 -0.735700 0.442300
vn 0.000000 -0.938600 0.345100
vn 0.000000 -0.760000 0.649900
vn -0.512900 -0.735700 0.442300
vn -0.361800 -0.613600 0.701900
vn -0.692300 -0.539600 0.479100
vn -0.581300 -0.453100 0.675900
vn 0.692300 -0.539600 0.479100
vn 0.004300 0.999700 -0.025900
vn 0.009300 0.998300 -0.057800
vn 0.027300 0.998100 -0.055400
vn 0.071300 0.997300 -0.017400
vn 0.069400 0.997400 -0.021200
vn 0.051000 0.997700 -0.043700
vn 0.053700 0.997700 -0.041500
vn 0.016600 0.999200 -0.037000
vn 0.016100 0.998100 0.059800
vn 0.028800 0.998000 0.055900
vn 0.032700 0.998000 0.054700
vn 0.055000 0.997500 0.044000
vn 0.059200 0.997400 0.040900
vn 0.070900 0.997000 0.030100
vn 0.071700 0.997000 0.029800
vn 0.077500 0.996900 0.010400
vn 0.078100 0.996800 0.014100
vn 0.533400 -0.845900 -0.000000
vn 0.788600 -0.614900 0.000000
vn 0.788700 0.614800 0.000000
vn 0.615100 0.788500 -0.000000
vn -0.533500 0.845800 0.000000
vn -0.310500 0.950600 -0.000000
vn 0.361800 -0.613500 0.701900
vn 0.692200 -0.539700 0.479100
vn -0.581300 0.453000 -0.675900
vn -0.513000 0.735700 -0.442300
vn -0.401000 0.635900 -0.659400
vn 0.000000 0.938600 -0.345100
vn 0.202300 0.919100 -0.338000
vn 0.202300 0.919200 -0.338000
vn -0.239500 -0.186700 -0.952800
vn -0.400900 -0.636000 -0.659400
vn -0.581300 -0.453100 -0.675900
vn -0.692300 -0.539600 -0.479100
vn -0.512900 -0.735700 -0.442300
vn -0.000000 -0.938600 -0.345100
vn 0.202300 -0.919100 -0.338000
vn -0.795000 -0.345300 0.498800
vn -0.836500 -0.544600 0.061200
vn -0.451200 -0.853400 0.261100
vn -0.558900 -0.544900 0.625100
vn -0.502200 -0.207400 0.839500
vn -0.877400 -0.190200 0.440400
vn -0.953800 -0.299700 -0.019000
vn -0.370700 -0.926400 0.066700
vn 0.116500 -0.934000 0.337700
vn -0.792400 -0.590600 -0.152300
vn -0.917000 -0.327200 -0.227900
vn 0.370400 -0.553500 0.745900
vn 0.537000 -0.605000 0.587900
vn 0.674900 -0.332700 0.658600
vn 0.675000 -0.332800 0.658500
vn 0.503700 -0.307400 0.807400
vn -0.051600 -0.352100 0.934500
vn 0.503700 -0.307400 0.807300
vn 0.043900 -0.196500 0.979500
vn -0.283600 -0.548800 0.786400
vn -0.007400 -0.858700 0.512500
vn -0.283600 -0.548800 0.786300
vn -0.822500 -0.340300 -0.455600
vn -0.822500 -0.340600 -0.455600
vn -0.687900 -0.617700 -0.381100
vn -0.683000 -0.624700 -0.378400
vn -0.822500 -0.340400 -0.455600
vn -0.254400 -0.956800 -0.140900
vn -0.243900 -0.960400 -0.135100
vn -0.243900 -0.960300 -0.135100
vn 0.243900 -0.960300 0.135100
vn 0.254300 -0.956800 0.140900
vn 0.683000 -0.624800 0.378300
vn 0.687900 -0.617700 0.381000
vn 0.822500 -0.340600 0.455600
vn -0.370500 -0.553500 -0.745900
vn 0.051600 -0.352200 -0.934500
vn 0.283600 -0.548900 -0.786300
vn 0.007400 -0.858700 -0.512500
vn -0.503700 -0.307300 -0.807400
vn -0.043800 -0.196700 -0.979500
vn 0.502200 -0.207500 -0.839500
vn 0.558800 -0.544900 -0.625100
vn 0.451100 -0.853400 -0.261100
vn 0.007400 -0.858600 -0.512500
vn 0.795100 -0.345200 -0.498700
vn 0.877500 -0.190100 -0.440300
vn 0.836500 -0.544600 -0.061200
vn 0.370700 -0.926300 -0.066700
vn -0.116600 -0.934000 -0.337700
vn -0.537100 -0.605000 -0.587800
vn -0.675000 -0.332800 -0.658500
vn -0.675000 -0.332700 -0.658600
vn 0.953800 -0.299700 0.018900
vn 0.792400 -0.590600 0.152400
vn 0.370700 -0.926400 -0.066700
vn 0.917000 -0.327400 0.227800
vn 0.218600 -0.351800 0.910200
vn -0.231400 -0.554900 0.799100
vn 0.099300 -0.858300 0.503400
vn 0.419500 -0.547000 0.724400
vn 0.642000 -0.206500 0.738400
vn 0.132600 -0.196900 0.971400
vn -0.352400 -0.309100 0.883300
vn -0.053400 -0.934500 0.352000
vn 0.377900 -0.925800 0.003200
vn -0.424500 -0.607300 0.671500
vn -0.549000 -0.334800 0.765800
vn 0.834800 -0.544700 -0.080100
vn 0.755400 -0.590900 -0.283300
vn 0.865300 -0.328500 -0.378700
vn 0.865200 -0.328600 -0.378700
vn 0.936900 -0.300300 -0.179100
vn 0.868700 -0.344100 0.356300
vn 0.939600 -0.189700 0.285000
vn 0.659900 -0.542500 0.519800
vn 0.490600 -0.852300 0.181400
vn -0.731800 -0.342600 0.589100
vn -0.606600 -0.627300 0.488400
vn -0.611600 -0.619200 0.492400
vn -0.215400 -0.961000 0.173400
vn -0.226000 -0.957000 0.181900
vn 0.226000 -0.957000 -0.181900
vn 0.215400 -0.961000 -0.173400
vn 0.611700 -0.619200 -0.492400
vn 0.606600 -0.627300 -0.488400
vn 0.606700 -0.627300 -0.488400
vn 0.731800 -0.342500 -0.589200
vn -0.834800 -0.544700 0.080100
vn -0.868700 -0.344100 -0.356300
vn -0.659800 -0.542500 -0.519900
vn -0.490600 -0.852300 -0.181400
vn -0.936800 -0.300400 0.179100
vn -0.939600 -0.189400 -0.285100
vn -0.642000 -0.206400 -0.738400
vn -0.419500 -0.547000 -0.724400
vn -0.659800 -0.542600 -0.519900
vn -0.099400 -0.858300 -0.503500
vn -0.218600 -0.351800 -0.910200
vn -0.132500 -0.196900 -0.971400
vn 0.231400 -0.554800 -0.799200
vn 0.231400 -0.554800 -0.799100
vn 0.053400 -0.934500 -0.352000
vn -0.377900 -0.925800 -0.003200
vn -0.755400 -0.590900 0.283300
vn -0.865200 -0.328700 0.378600
vn -0.865200 -0.328700 0.378700
vn 0.352400 -0.309000 -0.883400
vn 0.424500 -0.607300 -0.671500
vn 0.549000 -0.334700 -0.765900
vn -0.043900 -0.196500 0.979500
vn 0.051600 -0.352100 0.934500
vn 0.502200 -0.207500 0.839500
vn -0.503700 -0.307400 0.807300
vn 0.792400 -0.590600 -0.152300
vn 0.917000 -0.327300 -0.227800
vn 0.953800 -0.299700 -0.018900
vn 0.836500 -0.544600 0.061200
vn 0.370700 -0.926300 0.066700
vn 0.451100 -0.853400 0.261100
vn 0.795000 -0.345300 0.498800
vn 0.558900 -0.544900 0.625100
vn 0.283600 -0.548900 0.786300
vn -0.370500 -0.553500 0.745900
vn -0.675000 -0.332800 0.658500
vn -0.675000 -0.332700 0.658500
vn -0.537100 -0.605000 0.587800
vn 0.007400 -0.858700 0.512500
vn -0.116500 -0.934000 0.337700
vn 0.370700 -0.926400 0.066700
vn 0.877500 -0.190200 0.440300
vn 0.370500 -0.553600 -0.745800
vn -0.007400 -0.858700 -0.512500
vn -0.283600 -0.548900 -0.786300
vn -0.051600 -0.352200 -0.934500
vn 0.370500 -0.553600 -0.745900
vn 0.503700 -0.307400 -0.807300
vn 0.043900 -0.196800 -0.979500
vn -0.502200 -0.207500 -0.839500
vn -0.558900 -0.544900 -0.625100
vn -0.451100 -0.853400 -0.261100
vn -0.795000 -0.345300 -0.498800
vn -0.877400 -0.190200 -0.440300
vn -0.877500 -0.190200 -0.440300
vn -0.836500 -0.544600 -0.061200
vn -0.370700 -0.926300 -0.066700
vn 0.116600 -0.934000 -0.337700
vn 0.537100 -0.604900 -0.587900
vn 0.675000 -0.332700 -0.658600
vn 0.675000 -0.332800 -0.658500
vn -0.370700 -0.926400 -0.066700
vn -0.792400 -0.590600 0.152400
vn -0.953800 -0.299700 0.018900
vn -0.917000 -0.327400 0.227800
vn -0.939600 -0.189700 0.285000
vn -0.868700 -0.344100 0.356300
vn -0.642000 -0.206500 0.738400
vn -0.936900 -0.300300 -0.179100
vn 0.424500 -0.607300 0.671500
vn 0.549000 -0.334800 0.765800
vn 0.352400 -0.309100 0.883300
vn 0.231500 -0.554800 0.799100
vn 0.053400 -0.934500 0.352000
vn -0.099300 -0.858300 0.503400
vn -0.218600 -0.351800 0.910200
vn -0.419500 -0.547000 0.724400
vn -0.659900 -0.542500 0.519800
vn -0.834800 -0.544700 -0.080100
vn -0.865200 -0.328600 -0.378700
vn -0.865300 -0.328500 -0.378700
vn -0.755400 -0.590900 -0.283300
vn -0.490600 -0.852300 0.181400
vn -0.377900 -0.925800 0.003200
vn -0.132600 -0.196900 0.971400
vn -0.606700 -0.627300 -0.488400
vn -0.731800 -0.342500 -0.589200
vn -0.611600 -0.619200 -0.492400
vn -0.215400 -0.961000 -0.173400
vn -0.606600 -0.627300 -0.488400
vn -0.225900 -0.957000 -0.181900
vn 0.226000 -0.957000 0.181900
vn 0.215400 -0.961000 0.173400
vn 0.611600 -0.619200 0.492400
vn 0.606600 -0.627300 0.488400
vn 0.731800 -0.342600 0.589100
vn 0.581300 -0.453100 -0.675900
vn 0.692300 -0.539600 -0.479100
vn 0.409800 -0.391600 -0.823800
vn 0.046100 -0.385300 -0.921600
vn -0.000000 -0.427700 -0.903900
vn 0.046100 -0.385300 -0.921700
vn -0.093700 -0.425800 -0.899900
vn 0.682600 -0.728500 -0.057100
vn 0.352600 -0.934200 -0.053600
vn 0.353300 -0.933000 -0.068400
vn 0.676300 -0.734100 -0.060700
vn 0.353300 -0.931800 -0.083000
vn 0.353400 -0.931800 -0.083000
vn 0.768900 -0.634500 -0.078600
vn 0.999500 -0.015300 -0.026800
vn 0.998500 0.003000 -0.055100
vn 0.683000 0.728900 -0.046800
vn 0.710400 0.684600 0.163200
vn 0.354900 0.909400 0.216800
vn 0.354900 0.922800 0.149700
vn 0.693100 0.711500 0.115800
vn 0.353200 0.935300 0.021600
vn 0.688700 0.725000 0.009200
vn 0.352600 0.935000 -0.038400
vn 0.352900 0.934900 -0.038200
vn 0.999800 -0.018400 -0.002900
vn 0.910400 -0.402500 -0.095900
vn 0.910400 -0.402400 -0.096000
vn 0.998200 -0.058600 -0.014000
vn -0.352800 -0.935400 -0.022900
vn -0.353000 -0.934100 -0.052900
vn -0.687100 -0.725400 -0.041200
vn -0.685700 -0.727700 -0.017200
vn -0.352600 -0.935500 -0.022600
vn -0.999900 0.010100 0.000200
vn -1.000000 0.005700 0.000400
vn -0.678500 0.733500 0.041000
vn -0.679700 0.733300 0.016800
vn -0.746400 -0.075800 -0.661200
vn -0.999800 0.019300 0.002700
vn -0.693000 -0.711600 -0.115800
vn -0.361600 -0.919400 -0.154700
vn -0.533800 0.319900 -0.782800
vn -0.352900 0.934200 0.052400
vn -0.352600 0.935500 0.021300
vn -0.956200 -0.163700 -0.242500
vn -0.913700 -0.342300 -0.219100
vn -0.753700 -0.328900 -0.569000
vn -0.799500 -0.154100 -0.580500
vn -0.468200 -0.248400 -0.848000
vn -0.505200 -0.159100 -0.848200
vn -0.411400 -0.597200 -0.688600
vn -0.417200 -0.462100 -0.782600
vn -0.584200 -0.398700 -0.706900
vn -0.333400 -0.544100 -0.769900
vn -0.826200 -0.109600 -0.552600
vn -0.262200 -0.191600 -0.945800
vn -0.746400 -0.075700 -0.661200
vn -0.260100 -0.732800 -0.628800
vn -0.574700 -0.596500 -0.560300
vn -0.578300 -0.617300 -0.533400
vn -0.578400 -0.617300 -0.533400
vn -0.763100 -0.603900 -0.230400
vn -0.788700 -0.563200 -0.246500
vn -0.815600 -0.568500 0.107800
vn -0.837000 -0.531500 0.129900
vn -0.904900 -0.404800 0.131500
vn -0.871200 -0.414700 -0.262700
vn -0.697600 -0.456400 -0.552400
vn -0.488200 -0.599200 -0.634500
vn -0.169300 -0.838100 -0.518500
vn -0.128600 -0.761900 -0.634800
vn -0.671100 -0.112800 -0.732700
vn -0.636400 0.056400 -0.769300
vn -0.750900 -0.192400 -0.631800
vn -0.951200 -0.160400 -0.263800
vn -0.951100 -0.160400 -0.263800
vn -0.977200 -0.166700 0.131600
vn -0.848100 -0.407400 0.338800
vn -0.913600 -0.162300 0.372900
vn -0.716100 -0.427500 0.551800
vn -0.793900 -0.134600 0.593000
vn -0.923300 0.048100 0.381000
vn -0.798600 0.052200 0.599500
vn -0.479600 -0.102700 0.871500
vn -0.480300 0.058700 0.875100
vn -0.420800 -0.489700 0.763600
vn -0.347600 -0.642400 0.683000
vn -0.631700 -0.547100 0.549200
vn -0.790300 -0.521200 0.322200
vn -0.237500 -0.474500 0.847600
vn -0.259700 -0.084700 0.962000
vn -0.260200 0.059900 0.963700
vn -0.774900 -0.546600 0.317400
vn -0.592200 -0.592900 0.545700
vn -0.325100 -0.591200 0.738100
vn -0.237600 -0.594200 0.768400
vn -0.237600 -0.594200 0.768500
vn -0.208200 -0.673100 0.709600
vn -0.700700 -0.373700 0.607700
vn -0.399400 -0.385800 0.831600
vn -0.266100 -0.390600 0.881200
vn -0.266100 -0.390600 0.881300
vn -0.265800 -0.169300 0.949000
vn -0.437900 -0.176300 0.881600
vn -0.747500 -0.190700 0.636400
vn -0.860600 -0.327400 0.390000
vn -0.894000 -0.176500 0.411700
vn -0.747400 -0.190700 0.636400
vn -0.934300 -0.330300 0.133800
vn -0.973300 -0.167900 0.156600
vn -0.934400 -0.330300 0.133800
vn -0.665200 0.481600 0.570600
vn -0.927300 0.241500 0.286100
vn -0.695000 0.463700 0.549500
vn -0.318900 0.610800 0.724700
vn 0.046100 0.385200 -0.921700
vn -0.093700 0.425800 -0.900000
vn -0.000000 0.427600 -0.904000
vn 0.409800 0.391600 -0.823800
vn 0.581300 0.453000 -0.675900
vn 0.692400 0.539500 -0.479100
vn 0.409900 0.391600 -0.823800
vn 0.692300 0.539600 -0.479100
vn -0.182700 0.830300 -0.526500
vn -0.202300 0.919100 -0.338000
vn 0.013000 0.356100 -0.934400
vn -0.182800 0.830300 -0.526500
vn -0.029900 0.837700 -0.545300
vn 0.512900 0.735800 -0.442200
vn 0.401000 0.635900 -0.659400
vn 0.692300 0.539700 -0.479000
vn 0.692400 0.539400 -0.479200
vn 0.581300 0.452800 -0.676000
vn 0.581300 0.452900 -0.676000
vn -0.012900 -0.356200 -0.934300
vn 0.093700 -0.425800 -0.899900
vn -0.482900 -0.376400 -0.790700
vn 0.012900 -0.356100 -0.934400
vn 0.401000 -0.635900 -0.659400
vn 0.012900 -0.356100 -0.934300
vn -0.029900 -0.837700 -0.545300
vn -0.182700 -0.830300 -0.526500
vn -0.202300 -0.919200 -0.338000
vn -0.202300 -0.919100 -0.338000
vn 0.512900 -0.735700 -0.442300
vn 0.692200 -0.539700 -0.479100
vn -0.354100 0.932400 -0.072300
vn -0.352200 0.933100 -0.073200
vn -0.668900 0.736800 -0.098300
vn -0.672500 0.732400 -0.106700
vn -0.990400 0.011400 -0.137600
vn -0.990500 0.007500 -0.137200
vn -0.664400 -0.740200 -0.103100
vn -0.669800 -0.736500 -0.094000
vn -0.353100 -0.933200 -0.066700
vn -0.353200 -0.933200 -0.066800
vn -0.354900 -0.932500 -0.067700
vn 0.214100 0.562800 -0.798400
vn 0.180500 -0.113200 -0.977000
vn 0.189500 -0.032500 -0.981300
vn 0.212800 0.595800 -0.774400
vn 0.933900 0.357400 0.009100
vn 0.938500 0.345000 0.010000
vn 0.883000 0.469400 0.000600
vn 0.879000 0.476800 0.000000
vn 0.029500 -0.995900 -0.085800
vn 0.038600 -0.995100 -0.091300
vn 0.026100 -0.996100 -0.083700
vn 0.017500 -0.996800 -0.078500
vn 0.664700 0.747100 -0.006100
vn 0.313200 0.949700 -0.008300
vn 0.313000 0.949700 -0.008400
vn 0.664100 0.747600 -0.006600
vn 1.000000 -0.001800 0.000400
vn 1.000000 0.001500 -0.000400
vn 0.663900 -0.747800 0.006300
vn 0.665300 -0.746600 0.005900
vn 0.663900 -0.747800 0.006400
vn 0.313000 -0.949700 0.008200
vn 0.313200 -0.949600 0.008000
vn -0.424500 -0.607300 -0.671500
vn -0.549000 -0.334700 -0.765900
vn -0.352400 -0.309000 -0.883400
vn -0.053400 -0.934500 -0.352000
vn -0.231400 -0.554800 -0.799200
vn -0.231400 -0.554800 -0.799100
vn 0.132600 -0.196900 -0.971400
vn 0.642000 -0.206500 -0.738400
vn 0.218600 -0.351900 -0.910200
vn 0.099400 -0.858300 -0.503500
vn 0.377900 -0.925800 -0.003200
vn 0.490600 -0.852300 -0.181400
vn 0.755400 -0.590900 0.283300
vn 0.834800 -0.544700 0.080100
vn 0.865200 -0.328700 0.378600
vn 0.936800 -0.300500 0.179100
vn 0.865200 -0.328700 0.378700
vn 0.659800 -0.542500 -0.519900
vn 0.868700 -0.344100 -0.356300
vn 0.939500 -0.189700 -0.285100
vn 0.419500 -0.547000 -0.724400
vn 0.659800 -0.542600 -0.519900
vn 0.143500 0.298500 0.943600
vn 0.150300 -0.000000 0.988600
vn 0.408700 -0.000000 0.912700
vn 0.109600 0.684400 0.720800
vn 0.387200 0.295400 0.873400
vn 0.773000 -0.000000 0.634500
vn 0.085000 0.824700 0.559100
vn 0.300600 0.683100 0.665500
vn 0.738300 0.281600 0.612900
vn 0.962700 -0.000000 0.270400
vn 0.927000 0.264000 0.266400
vn 0.987500 0.000000 -0.157600
vn 0.954600 0.251400 -0.159900
vn 0.909900 0.040400 -0.412800
vn 0.582500 0.662900 0.470400
vn 0.300700 0.683300 0.665400
vn 0.256500 0.832700 0.490800
vn 0.300600 0.683100 0.665600
vn 0.129600 0.877400 0.461900
vn 0.284700 0.825500 0.487400
vn 0.285900 0.530000 0.798300
vn 0.168900 0.845300 0.507000
vn 0.283800 0.865300 0.413100
vn 0.454400 0.801400 0.389000
vn 0.747000 0.630400 0.211300
vn 0.791200 0.595500 -0.139000
vn 0.562200 0.794600 0.229500
vn 0.562200 0.794500 0.229500
vn 0.485200 0.832600 0.267300
vn 0.580300 0.764000 0.282000
vn 0.580300 0.764100 0.282000
vn 0.664000 0.426500 0.614100
vn 0.664000 0.426600 0.614100
vn 0.664100 0.426500 0.614100
vn 0.706800 0.058000 0.705000
vn 0.782500 0.622700 0.002200
vn 0.649800 0.759200 -0.037300
vn 0.635400 0.767800 -0.082600
vn 0.739700 0.573300 -0.352400
vn 0.878400 0.259100 -0.401500
vn 0.752100 0.312900 -0.580000
vn 0.619300 0.606000 -0.499300
vn 0.445200 0.359900 -0.819900
vn 0.378700 0.633700 -0.674500
vn 0.620900 0.731200 -0.282400
vn 0.242500 0.366100 -0.898400
vn 0.200700 0.637900 -0.743500
vn 0.258900 0.115500 -0.959000
vn 0.469600 0.105600 -0.876500
vn 0.789600 0.073400 -0.609200
vn 0.534800 0.719800 -0.442700
vn 0.606900 0.734600 -0.303200
vn 0.733900 0.564700 -0.377500
vn 0.939100 0.343500 0.011600
vn 0.956000 0.288600 0.053200
vn 0.321400 0.732400 -0.600200
vn 0.391200 0.749800 -0.533600
vn 0.437500 0.613200 -0.657700
vn 0.633300 0.510500 -0.581700
vn 0.666700 0.529400 -0.524600
vn 0.360400 0.600100 -0.714100
vn 0.317000 0.573800 -0.755200
vn 0.249500 0.614000 -0.748800
vn 0.198900 0.751800 -0.628600
vn 0.177900 0.731000 -0.658800
vn 0.629900 0.668700 -0.395000
vn 0.937400 0.318700 0.140600
vn 0.666700 0.709400 -0.228400
vn 0.996400 0.082400 -0.019900
vn 0.671800 0.740700 -0.003500
vn 0.998400 0.056500 0.001900
vn 0.669000 0.716200 0.198700
vn 0.997500 0.068000 0.017800
vn 0.675500 0.605100 0.421400
vn 0.998100 0.051900 0.034300
vn 0.714400 -0.321200 0.621700
vn 0.714400 -0.321200 0.621600
vn 0.736900 -0.632300 0.239100
vn 0.737000 -0.632200 0.239100
vn 0.727400 -0.685000 0.039700
vn 0.728900 -0.661900 -0.175000
vn 0.727400 -0.685100 0.039700
vn 0.344400 -0.054600 0.937200
vn 0.370700 -0.519500 0.769900
vn 0.358200 -0.864700 0.352000
vn 0.354500 -0.931800 0.077900
vn 0.359700 -0.903700 -0.232100
vn 0.731300 -0.569100 -0.376000
vn 0.731200 -0.569100 -0.376000
vn 0.999600 0.020100 0.022100
vn 0.711400 -0.495700 -0.498200
vn 1.000000 0.004900 0.004900
vn 0.703000 -0.481700 -0.523200
vn 0.691000 0.487000 0.534200
vn 0.697900 0.471100 0.539500
vn 0.680800 0.487200 0.546900
vn 0.998900 -0.041400 -0.023400
vn 0.680100 -0.566000 -0.465900
vn 0.999800 -0.018400 -0.011300
vn 0.575200 -0.748600 -0.329700
vn 0.707900 0.589900 0.388400
vn 0.709600 0.530700 0.463500
vn 0.336900 0.618900 0.709600
vn 0.372300 0.592700 0.714200
vn 0.372300 0.592800 0.714200
vn 0.371100 0.625400 0.686400
vn 0.367900 0.762600 0.532100
vn 0.326100 0.715900 0.617400
vn 0.342900 0.791600 0.505700
vn 0.360200 0.898700 0.250300
vn 0.355200 0.934800 -0.005600
vn 0.364500 0.884800 -0.290400
vn 0.375000 0.745300 -0.551200
vn -0.354900 0.922800 0.149700
vn -0.354900 0.909400 0.216800
vn -0.710400 0.684600 0.163200
vn -0.353200 0.935300 0.021600
vn -0.693100 0.711500 0.115800
vn -0.998200 -0.058600 -0.014000
vn -0.353300 -0.933000 -0.068400
vn -0.352600 -0.934200 -0.053600
vn -0.682600 -0.728500 -0.057100
vn -0.676300 -0.734100 -0.060700
vn -0.998500 0.003000 -0.055100
vn -0.999500 -0.015300 -0.026800
vn -0.683000 0.728900 -0.046800
vn -0.688700 0.725000 0.009200
vn -0.352600 0.935000 -0.038400
vn -0.999800 -0.018400 -0.002900
vn -0.910400 -0.402400 -0.096000
vn -0.910400 -0.402500 -0.095900
vn -0.768900 -0.634500 -0.078600
vn -0.353300 -0.931800 -0.083000
vn -0.353400 -0.931800 -0.083000
vn 0.746400 -0.075800 -0.661200
vn 0.260100 -0.732800 -0.628800
vn 0.333400 -0.544100 -0.769900
vn 0.826200 -0.109600 -0.552600
vn 0.584200 -0.398700 -0.706900
vn 0.999800 0.019300 0.002700
vn 0.693000 -0.711600 -0.115800
vn 0.687100 -0.725400 -0.041200
vn 0.999900 0.010100 0.000200
vn 0.678500 0.733500 0.041000
vn 0.746400 -0.075700 -0.661200
vn 0.169300 -0.838100 -0.518500
vn 0.488200 -0.599200 -0.634500
vn 0.128600 -0.761900 -0.634800
vn 0.533800 0.319900 -0.782800
vn 0.352900 0.934200 0.052400
vn 0.679700 0.733300 0.016800
vn 0.352600 0.935500 0.021300
vn 1.000000 0.005700 0.000400
vn 0.685700 -0.727700 -0.017200
vn 0.352600 -0.935500 -0.022600
vn 0.353000 -0.934100 -0.052900
vn 0.352800 -0.935400 -0.022900
vn 0.361600 -0.919400 -0.154700
vn 0.468200 -0.248400 -0.848000
vn 0.411400 -0.597200 -0.688600
vn 0.417200 -0.462100 -0.782600
vn 0.956200 -0.163700 -0.242500
vn 0.799500 -0.154100 -0.580500
vn 0.753700 -0.328900 -0.569000
vn 0.505200 -0.159100 -0.848200
vn 0.262200 -0.191600 -0.945800
vn 0.574700 -0.596500 -0.560300
vn 0.913700 -0.342300 -0.219100
vn 0.763100 -0.603900 -0.230400
vn 0.578400 -0.617300 -0.533400
vn 0.788700 -0.563200 -0.246500
vn 0.934400 -0.330300 0.133800
vn 0.815600 -0.568500 0.107800
vn 0.860600 -0.327400 0.390000
vn 0.700700 -0.373700 0.607700
vn 0.774900 -0.546600 0.317400
vn 0.837000 -0.531500 0.129900
vn 0.871200 -0.414700 -0.262700
vn 0.697600 -0.456400 -0.552400
vn 0.750900 -0.192400 -0.631800
vn 0.951200 -0.160400 -0.263800
vn 0.904900 -0.404800 0.131500
vn 0.790300 -0.521200 0.322200
vn 0.592200 -0.592900 0.545700
vn 0.399400 -0.385800 0.831600
vn 0.977200 -0.166700 0.131600
vn 0.961900 0.051000 -0.268700
vn 0.951100 -0.160400 -0.263800
vn 0.848100 -0.407400 0.338800
vn 0.631700 -0.547100 0.549200
vn 0.325100 -0.591200 0.738100
vn 0.266100 -0.390600 0.881300
vn 0.266100 -0.390600 0.881200
vn 0.265800 -0.169300 0.949000
vn 0.347600 -0.642300 0.683000
vn 0.347600 -0.642400 0.683000
vn 0.716100 -0.427500 0.551800
vn 0.913600 -0.162300 0.372900
vn 0.989500 0.047400 0.136400
vn 0.923300 0.048100 0.381000
vn 0.793900 -0.134600 0.593000
vn 0.420800 -0.489700 0.763600
vn 0.347600 -0.642300 0.683100
vn 0.208200 -0.673100 0.709600
vn 0.237600 -0.594200 0.768500
vn 0.237600 -0.594200 0.768400
vn 0.798600 0.052200 0.599500
vn 0.479600 -0.102700 0.871500
vn 0.237500 -0.474500 0.847600
vn 0.480300 0.058700 0.875100
vn 0.259700 -0.084700 0.962000
vn 0.260200 0.059900 0.963700
vn 0.263200 0.001400 -0.964700
vn 0.264900 0.008200 -0.964200
vn 0.254600 -0.261700 -0.931000
vn 0.254600 -0.261700 -0.930900
vn 0.239400 -0.294400 -0.925200
vn 0.263200 0.001300 -0.964700
vn 0.206900 -0.568400 -0.796300
vn 0.172700 -0.611100 -0.772500
vn -0.827000 -0.000000 -0.562200
vn 0.000000 0.000000 -1.000000
vn 0.000000 0.000100 -1.000000
vn 0.000000 0.000200 -1.000000
vn -0.000000 -0.000100 -1.000000
vn 0.827000 0.000000 -0.562200
vn 0.827000 -0.000200 -0.562200
vn 0.971700 0.000000 -0.236100
vn 0.971700 0.000000 0.236100
vn 0.826900 -0.000000 0.562300
vn 0.827000 -0.000000 0.562200
vn 0.000000 0.000000 1.000000
vn -0.000000 0.000100 1.000000
vn 0.000000 -0.000100 1.000000
vn 0.000000 -0.000200 1.000000
vn -0.826900 0.000000 0.562300
vn -0.826900 0.000200 0.562300
vn -0.827000 0.000000 0.562300
vn -1.000000 -0.000000 -0.000000
vn -0.563300 0.747100 -0.352800
vn -0.706900 0.707300 -0.000000
vn -0.563300 0.747200 0.352800
vn 0.000000 0.793100 0.609100
vn 0.563300 0.747200 0.352800
vn 0.706900 0.707300 0.000000
vn 0.563300 0.747100 -0.352800
vn 0.000000 0.793100 -0.609100
vn -0.686100 0.515500 -0.513400
vn -0.906100 0.423100 -0.000000
vn -0.686000 0.515500 0.513400
vn 0.000000 0.622800 0.782400
vn -0.563300 0.747100 0.352800
vn 0.686000 0.515500 0.513400
vn 0.686100 0.515500 0.513400
vn 0.906100 0.423100 -0.000000
vn 0.686100 0.515400 -0.513400
vn 0.000000 0.622900 -0.782300
vn -0.000000 0.622800 -0.782400
vn 0.566000 0.402000 0.719700
vn 0.871000 0.335000 0.359400
vn 0.882700 0.331700 0.332900
vn 0.950800 0.309700 -0.000000
vn 0.882700 0.331700 -0.332900
vn 0.871000 0.335000 -0.359400
vn 0.604100 0.396100 -0.691500
vn 0.566000 0.402000 -0.719700
vn 0.000000 0.445100 -0.895500
vn -0.604200 0.396000 -0.691500
vn -0.566000 0.402000 -0.719700
vn -0.882700 0.331700 -0.332900
vn -0.871000 0.335000 -0.359400
vn -0.950800 0.309700 -0.000000
vn -0.950800 0.309800 -0.000000
vn -0.882700 0.331700 0.332800
vn -0.871000 0.335000 0.359400
vn -0.604200 0.396000 0.691500
vn -0.566100 0.402000 0.719700
vn 0.000000 0.445100 0.895500
vn 0.604100 0.396100 0.691500
vn -0.283700 0.865300 0.413100
vn -0.284700 0.825500 0.487400
vn -0.580300 0.764000 0.282000
vn -0.580300 0.764100 0.282000
vn -0.485200 0.832600 0.267300
vn -0.283700 0.865400 0.413100
vn -0.454400 0.801400 0.389000
vn -0.562200 0.794600 0.229500
vn -0.562200 0.794500 0.229500
vn -0.747000 0.630400 0.211300
vn -0.791200 0.595500 -0.139000
vn -0.635400 0.767800 -0.082600
vn -0.649800 0.759200 -0.037300
vn -0.782500 0.622700 0.002200
vn -0.664000 0.426500 0.614100
vn -0.954600 0.251400 -0.159900
vn -0.927000 0.264000 0.266400
vn -0.878400 0.259100 -0.401500
vn -0.739700 0.573300 -0.352400
vn -0.620900 0.731200 -0.282400
vn -0.606900 0.734700 -0.303100
vn -0.733900 0.564700 -0.377500
vn -0.391200 0.749800 -0.533600
vn -0.437500 0.613200 -0.657700
vn -0.249500 0.614000 -0.748800
vn -0.534800 0.719800 -0.442700
vn -0.619300 0.606000 -0.499300
vn -0.752100 0.312900 -0.580000
vn -0.789600 0.073400 -0.609200
vn -0.909900 0.040400 -0.412800
vn -0.469600 0.105600 -0.876500
vn -0.445200 0.359900 -0.819900
vn -0.378700 0.633700 -0.674500
vn -0.321400 0.732400 -0.600200
vn -0.198900 0.751800 -0.628600
vn -0.258900 0.115500 -0.959000
vn -0.242500 0.366100 -0.898400
vn -0.200700 0.637900 -0.743500
vn -0.177900 0.731000 -0.658800
vn -0.666700 0.709400 -0.228400
vn -0.671800 0.740700 -0.003500
vn -0.355200 0.934800 -0.005600
vn -0.364500 0.884800 -0.290400
vn -0.629900 0.668700 -0.395000
vn -0.375000 0.745300 -0.551200
vn -0.666700 0.529400 -0.524600
vn -0.360400 0.600100 -0.714100
vn -0.633300 0.510500 -0.581700
vn -0.317000 0.573800 -0.755200
vn -0.998400 0.056500 0.001900
vn -0.997500 0.068000 0.017800
vn -0.669000 0.716200 0.198700
vn -0.996400 0.082400 -0.019900
vn -0.937400 0.318700 0.140600
vn -0.956000 0.288600 0.053200
vn -0.939100 0.343500 0.011600
vn -0.706800 0.058000 0.705000
vn -0.714400 -0.321200 0.621700
vn -0.714400 -0.321200 0.621600
vn -0.736900 -0.632300 0.239100
vn -0.737000 -0.632200 0.239100
vn -0.736900 -0.632200 0.239100
vn -0.727400 -0.685000 0.039700
vn -0.664100 0.426500 0.614100
vn -0.285900 0.530000 0.798300
vn -0.344400 -0.054600 0.937200
vn -0.370700 -0.519500 0.769900
vn -0.358200 -0.864700 0.352000
vn -0.354500 -0.931800 0.077900
vn -0.728900 -0.661900 -0.175000
vn -0.359700 -0.903700 -0.232100
vn -0.731300 -0.569100 -0.376000
vn -0.367700 -0.778600 -0.508500
vn -0.731200 -0.569100 -0.376000
vn -0.727400 -0.685100 0.039700
vn -0.998100 0.051900 0.034300
vn -0.999600 0.020100 0.022100
vn -0.711400 -0.495700 -0.498200
vn -0.369300 -0.659100 -0.655100
vn -0.370400 -0.631600 -0.681100
vn -0.703000 -0.481700 -0.523200
vn -1.000000 0.004900 0.004900
vn -0.697900 0.471100 0.539500
vn -0.691000 0.487000 0.534200
vn -0.675500 0.605100 0.421400
vn -0.696700 0.492900 0.521200
vn -0.351700 0.625300 0.696700
vn -0.372300 0.592700 0.714200
vn -0.372300 0.592800 0.714200
vn -0.371100 0.625400 0.686400
vn -0.367900 0.762600 0.532100
vn -0.360200 0.898700 0.250300
vn -0.362400 -0.860900 -0.357200
vn -0.354900 -0.909400 -0.216800
vn -0.575200 -0.748600 -0.329700
vn -0.370700 -0.714200 -0.593800
vn -0.680100 -0.566000 -0.465900
vn -0.998700 -0.043700 -0.025900
vn -0.696700 0.492800 0.521200
vn -0.696700 0.492800 0.521300
vn -0.342900 0.791600 0.505700
vn -0.325800 0.807100 0.492300
vn -0.715400 0.585600 0.381200
vn -0.707900 0.589900 0.388400
vn -0.999800 -0.018400 -0.011300
vn 0.607800 -0.733100 -0.305300
vn 0.612800 -0.732600 -0.296300
vn 0.489300 -0.741900 -0.458500
vn 0.481300 -0.742600 -0.465700
vn 0.303100 -0.760900 -0.573700
vn 0.285700 -0.762200 -0.580800
vn 0.168100 -0.764300 -0.622500
vn 0.159400 -0.802500 0.574900
vn 0.318800 -0.794600 0.516600
vn 0.288500 -0.798000 0.529200
vn 0.159400 -0.802600 0.574900
vn 0.538700 -0.758700 0.366300
vn 0.518100 -0.762600 0.387400
vn 0.661200 -0.734500 0.152700
vn 0.654100 -0.736300 0.173000
vn 0.684600 -0.724400 -0.081600
vn 0.683800 -0.724500 -0.086700
vn -0.214100 0.562800 -0.798400
vn -0.212800 0.595800 -0.774400
vn -0.189700 -0.032400 -0.981300
vn -0.189600 -0.032400 -0.981300
vn -0.180500 -0.113100 -0.977100
vn -0.004300 0.999700 -0.025900
vn -0.016600 0.999200 -0.037000
vn -0.051000 0.997700 -0.043700
vn -0.069400 0.997400 -0.021200
vn -0.071300 0.997300 -0.017400
vn -0.053700 0.997700 -0.041500
vn -0.027300 0.998100 -0.055400
vn -0.009300 0.998300 -0.057800
vn -0.028800 0.998000 0.055900
vn -0.016100 0.998100 0.059800
vn -0.032700 0.998000 0.054700
vn -0.055000 0.997500 0.044000
vn -0.059200 0.997400 0.040900
vn -0.070900 0.997000 0.030100
vn -0.071700 0.997000 0.029800
vn -0.077500 0.996900 0.010400
vn -0.078100 0.996800 0.014100
vn -0.933900 0.357400 0.009100
vn -0.879000 0.476800 0.000000
vn -0.883000 0.469400 0.000600
vn -0.938500 0.345000 0.010000
vn -0.177200 -0.540700 -0.822300
vn -0.177200 -0.555000 -0.812700
vn -0.295300 -0.295100 -0.908700
vn -0.257300 -0.350500 -0.900500
vn -0.379400 -0.009200 -0.925200
vn -0.377400 -0.013500 -0.925900
vn -0.283200 0.281500 -0.916800
vn -0.236500 0.350100 -0.906300
vn -0.236500 0.350100 -0.906400
vn -0.180900 0.487000 -0.854400
vn -0.188900 0.496300 -0.847400
vn -0.240600 0.729500 0.640300
vn -0.240300 0.743100 0.624500
vn -0.388200 0.360000 0.848400
vn -0.321700 0.488500 0.811100
vn -0.433900 0.004000 0.900900
vn -0.431100 0.000400 0.902300
vn -0.371700 -0.338200 0.864600
vn -0.306200 -0.501700 0.809000
vn -0.256300 -0.697400 0.669200
vn -0.267300 -0.709200 0.652400
vn -0.029500 -0.995900 -0.085800
vn -0.017500 -0.996800 -0.078500
vn -0.026100 -0.996100 -0.083700
vn -0.038600 -0.995100 -0.091300
vn -0.999800 0.020600 -0.000200
vn -0.999500 0.031000 -0.001800
vn -0.986100 -0.166200 -0.001000
vn -0.993600 -0.106000 -0.037800
vn -0.999800 0.020500 -0.000200
vn -0.921100 -0.389100 -0.016500
vn -0.980600 -0.173900 -0.090800
vn -0.256500 0.832700 0.490800
vn -0.085000 0.824700 0.559100
vn -0.129600 0.877400 0.461900
vn -0.300600 0.683100 0.665500
vn -0.109600 0.684400 0.720800
vn -0.300600 0.683100 0.665600
vn -0.582500 0.662900 0.470400
vn -0.387200 0.295400 0.873400
vn -0.143500 0.298500 0.943600
vn -0.738300 0.281600 0.612900
vn -0.300700 0.683300 0.665400
vn -0.987500 0.000000 -0.157600
vn -0.971700 0.000000 -0.236100
vn -0.826900 0.000000 -0.562300
vn -0.826900 -0.000100 -0.562300
vn 0.826900 -0.000000 -0.562300
vn 1.000000 0.000000 0.000000
vn 0.826900 -0.000100 0.562300
vn -0.971700 0.000000 0.236100
vn -0.827000 0.000000 0.562200
vn 0.236500 0.350100 -0.906400
vn 0.188900 0.496300 -0.847400
vn 0.180900 0.487000 -0.854400
vn 0.283200 0.281500 -0.916800
vn 0.377400 -0.013500 -0.925900
vn 0.236500 0.350100 -0.906300
vn 0.379400 -0.009200 -0.925200
vn 0.257300 -0.350500 -0.900500
vn 0.295300 -0.295100 -0.908700
vn 0.177200 -0.540700 -0.822300
vn 0.177200 -0.555000 -0.812700
vn 0.306200 -0.501700 0.809000
vn 0.267300 -0.709200 0.652400
vn 0.256300 -0.697400 0.669200
vn 0.371700 -0.338200 0.864600
vn 0.431100 0.000400 0.902300
vn 0.433900 0.004000 0.900900
vn 0.321700 0.488500 0.811100
vn 0.388200 0.360000 0.848400
vn 0.240600 0.729500 0.640300
vn 0.240300 0.743100 0.624500
vn 0.993600 -0.106000 -0.037800
vn 0.980600 -0.173900 -0.090800
vn 0.921100 -0.389100 -0.016500
vn 0.986100 -0.166200 -0.001000
vn 0.999800 0.020600 -0.000200
vn 0.999500 0.031000 -0.001800
vn 0.999800 0.020700 -0.000200
vn -0.989500 0.047400 0.136400
vn -0.961900 0.051000 -0.268700
vn -0.772700 0.055300 -0.632400
vn -0.313000 -0.949700 0.008200
vn -0.313200 -0.949600 0.008000
vn -0.665300 -0.746600 0.005900
vn -0.663900 -0.747800 0.006400
vn -1.000000 0.001500 -0.000400
vn -1.000000 -0.001800 0.000400
vn -0.664100 0.747600 -0.006600
vn -0.664700 0.747100 -0.006100
vn -0.313000 0.949700 -0.008400
vn -0.313200 0.949700 -0.008300
vn 0.686100 0.515500 -0.513400
vn 0.563300 0.747200 -0.352800
vn 0.686000 0.515500 -0.513400
vn -0.000000 0.793200 -0.609000
vn -0.563300 0.747200 -0.352800
vn -0.000000 0.793100 -0.609000
vn -0.686000 0.515500 -0.513400
vn -0.686100 0.515500 0.513400
vn 0.563300 0.747100 0.352800
vn -0.239400 -0.294400 -0.925200
vn -0.172700 -0.611100 -0.772500
vn -0.206900 -0.568400 -0.796300
vn -0.254600 -0.261700 -0.931000
vn -0.263200 0.001300 -0.964700
vn -0.254600 -0.261700 -0.930900
vn -0.264900 0.008200 -0.964200
vn -0.263200 0.001400 -0.964700
vn 0.463300 0.211900 -0.860500
vn 0.254500 0.215800 -0.942700
vn 0.259100 0.110500 -0.959500
vn 0.479800 0.108000 -0.870700
vn 0.780300 0.189500 -0.596100
vn 0.797000 0.095900 -0.596300
vn 0.780200 0.189500 -0.596100
vn 0.899200 0.175200 -0.401000
vn 0.909700 0.087700 -0.405900
vn 0.912900 0.000000 -0.408200
vn 0.798600 0.000000 -0.601900
vn 0.479600 0.000000 -0.877500
vn 0.260700 0.000000 -0.965400
vn 0.972400 0.171500 -0.158300
vn 0.982300 0.086500 -0.166000
vn 0.944800 0.185100 0.270500
vn 0.959200 0.094000 0.266600
vn 0.754300 0.199800 0.625300
vn 0.770600 0.101500 0.629200
vn 0.754400 0.199800 0.625300
vn 0.396300 0.216700 0.892200
vn 0.408100 0.111100 0.906100
vn 0.146700 0.220100 0.964400
vn 0.149400 0.112200 0.982400
vn 0.408100 0.111100 0.906200
vn 0.773000 0.000000 0.634400
vn 0.986400 -0.000000 -0.164600
vn 0.669800 -0.736500 -0.094000
vn 0.354900 -0.932500 -0.067700
vn 0.353200 -0.933200 -0.066800
vn 0.353100 -0.933200 -0.066800
vn 0.664400 -0.740200 -0.103100
vn 0.990500 0.007500 -0.137200
vn 0.990400 0.011400 -0.137600
vn 0.672500 0.732400 -0.106700
vn 0.668900 0.736800 -0.098300
vn 0.354100 0.932400 -0.072300
vn 0.352200 0.933100 -0.073200
vn -0.687900 -0.617700 0.381000
vn -0.822500 -0.340600 0.455600
vn -0.683100 -0.624700 0.378300
vn -0.254400 -0.956800 0.140900
vn -0.683000 -0.624700 0.378300
vn -0.243900 -0.960300 0.135100
vn 0.243900 -0.960300 -0.135100
vn 0.254400 -0.956800 -0.140900
vn 0.683000 -0.624800 -0.378300
vn 0.687900 -0.617700 -0.381100
vn 0.822500 -0.340500 -0.455600
vn -0.513700 0.739000 -0.435900
vn -0.672900 0.711700 -0.201800
vn -0.683500 0.708700 -0.174900
vn -0.532000 0.736400 -0.418100
vn -0.425300 0.744900 -0.514100
vn -0.300700 0.759200 0.577200
vn -0.168000 0.764500 0.622300
vn -0.168000 0.764500 0.622400
vn -0.329800 0.756000 0.565500
vn -0.543900 0.721000 0.429300
vn -0.569700 0.715600 0.404200
vn -0.668300 0.689800 0.278600
vn -0.671700 0.687800 0.275100
vn -0.723200 0.684100 0.094600
vn -0.723400 0.681100 0.113100
vn 0.402200 0.849000 0.342700
vn 0.534900 0.829300 0.161800
vn 0.545700 0.826700 0.136900
vn 0.419400 0.846800 0.327100
vn 0.199500 0.867700 0.455400
vn 0.213500 0.867500 0.449300
vn 0.075200 0.870400 0.486600
vn 0.074100 0.871600 0.484600
vn 0.232300 0.863100 -0.448500
vn 0.130100 0.866600 -0.481800
vn 0.258700 0.860500 -0.438900
vn 0.429400 0.836200 -0.341100
vn 0.454600 0.831600 -0.318900
vn 0.533400 0.813200 -0.232600
vn 0.537100 0.810900 -0.232200
vn 0.581900 0.808800 -0.085600
vn 0.583600 0.804600 -0.109600
vn -0.518100 -0.762600 0.387400
vn -0.654100 -0.736300 0.173000
vn -0.661200 -0.734500 0.152700
vn -0.538700 -0.758700 0.366300
vn -0.288500 -0.798000 0.529200
vn -0.318800 -0.794600 0.516600
vn -0.159400 -0.802600 0.574900
vn -0.159400 -0.802500 0.574900
vn -0.285700 -0.762300 -0.580800
vn -0.168100 -0.764300 -0.622500
vn -0.303100 -0.760900 -0.573700
vn -0.481300 -0.742600 -0.465700
vn -0.489300 -0.741900 -0.458500
vn -0.607800 -0.733100 -0.305300
vn -0.612800 -0.732600 -0.296300
vn -0.683800 -0.724500 -0.086700
vn -0.684600 -0.724400 -0.081600
vn -0.669600 0.571300 -0.474700
vn -0.395500 0.616000 -0.681300
vn -0.132000 0.962100 -0.238700
vn 0.000000 0.967100 -0.254500
vn 0.000000 0.999900 0.015900
vn -0.011100 0.999900 0.011900
vn 0.132000 0.962100 -0.238700
vn -0.014600 0.999900 0.004900
vn 0.250200 0.950100 -0.186500
vn -0.006900 1.000000 0.001000
vn 0.329200 0.935600 -0.127900
vn -0.014100 0.999900 0.002800
vn 0.329200 0.935500 -0.127900
vn -0.787300 0.534000 -0.308100
vn -0.250200 0.950100 -0.186500
vn 0.011100 0.999900 0.011900
vn 0.000000 0.948100 0.318000
vn -0.172900 0.942800 0.285000
vn -0.300700 0.931400 0.205300
vn -0.353700 0.926600 0.127700
vn -0.833900 0.544000 -0.093400
vn -0.328900 0.935400 -0.129500
vn 0.014600 0.999900 0.004900
vn 0.172900 0.942800 0.285000
vn -0.000000 0.602300 0.798200
vn -0.397900 0.589500 0.702900
vn -0.669200 0.560300 0.488100
vn -0.935200 0.231100 -0.268400
vn -0.972400 0.214200 0.092700
vn -0.843800 0.530400 0.081700
vn -0.788200 0.542500 0.290600
vn -0.915500 0.217800 0.338300
vn -0.780800 0.239000 0.577200
vn -0.467200 0.270600 0.841700
vn -0.397900 0.589500 0.703000
vn 0.000000 0.286800 0.958000
vn 0.397900 0.589600 0.702900
vn 0.000000 0.602400 0.798200
vn -0.389000 0.920300 0.041500
vn -0.804500 0.548600 -0.227500
vn -0.362400 0.927300 -0.093900
vn -0.641300 0.574700 -0.508300
vn -0.277400 0.937700 -0.209300
vn -0.307500 0.589200 -0.747200
vn -0.015700 0.999900 -0.000900
vn -0.012600 0.999900 -0.005800
vn -0.130500 0.943200 -0.305500
vn -0.008000 0.999800 -0.017000
vn -0.000000 0.953200 -0.302500
vn 0.339300 0.940000 -0.036300
vn 0.306200 0.947600 0.091300
vn 0.231500 0.954800 0.186700
vn 0.231500 0.954700 0.186700
vn 0.101200 0.966200 0.237200
vn -0.002000 0.999900 -0.016600
vn -0.001600 0.961000 0.276700
vn 0.009600 0.999800 -0.015700
vn 0.833900 0.543400 -0.096400
vn 0.793900 0.565100 0.224300
vn 0.638200 0.588800 0.495900
vn 0.304900 0.636600 0.708400
vn -0.002000 0.612000 0.790800
vn -0.099500 0.966400 0.237200
vn -0.302900 0.636000 0.709700
vn -0.231500 0.954700 0.186700
vn 0.012600 0.999900 -0.005800
vn 0.015900 0.999900 -0.000900
vn -0.231500 0.954800 0.186700
vn -0.306300 0.947600 0.090600
vn 0.013800 0.999900 0.002600
vn -0.339600 0.940000 -0.034000
vn 0.006400 1.000000 0.000900
vn -0.638200 0.588800 0.495900
vn -0.794500 0.564700 0.223500
vn 0.300700 0.931400 0.205300
vn -0.948000 0.167800 0.270600
vn -0.774900 0.183100 0.605000
vn -0.947900 0.167800 0.270600
vn 0.362600 0.927200 -0.093600
vn 0.388900 0.920400 0.040300
vn 0.843900 0.530300 0.080900
vn 0.788100 0.542400 0.291200
vn 0.353200 0.926700 0.128400
vn 0.669200 0.560300 0.488100
vn 0.467200 0.270600 0.841700
vn 0.780800 0.239100 0.577200
vn 0.915500 0.217600 0.338500
vn 0.915400 0.217600 0.338500
vn 0.972400 0.214100 0.092400
vn 0.804500 0.548700 -0.227300
vn 0.935200 0.231100 -0.268300
vn 0.804600 0.548600 -0.227300
vn 0.641300 0.574700 -0.508300
vn 0.804600 0.548700 -0.227300
vn 0.755100 0.252000 -0.605300
vn 0.306000 0.589700 -0.747400
vn 0.001500 0.624300 -0.781200
vn 0.130200 0.942700 -0.307300
vn 0.277400 0.937700 -0.209300
vn 0.367700 -0.778600 -0.508500
vn 0.369300 -0.659100 -0.655100
vn 0.370400 -0.631600 -0.681100
vn 0.370700 -0.714200 -0.593800
vn 0.362400 -0.860900 -0.357200
vn 0.354900 -0.909400 -0.216800
vn -0.566000 0.402000 0.719700
vn -0.604100 0.396100 0.691500
vn -0.882700 0.331800 0.332900
vn -0.870900 0.335100 0.359400
vn 0.604200 0.396100 0.691500
vn 0.566100 0.402000 0.719700
vn -0.882700 0.331800 -0.332900
vn -0.870900 0.335100 -0.359400
vn -0.604100 0.396100 -0.691500
vn -0.664000 0.426500 0.614200
vn -0.168900 0.845300 0.507000
vn 0.000000 0.639500 -0.768800
vn 0.395500 0.615900 -0.681300
vn 0.669600 0.571300 -0.474700
vn 0.788600 0.533100 -0.306500
vn 0.947800 0.168000 0.270900
vn 0.981600 0.155200 -0.111200
vn 0.919500 0.158100 -0.360000
vn 0.801500 0.172900 -0.572500
vn 0.489800 0.196900 -0.849300
vn -0.000000 0.209900 -0.977700
vn -0.489900 0.196900 -0.849300
vn -0.801500 0.172900 -0.572500
vn -0.919200 0.158500 -0.360600
vn -0.669500 0.571300 -0.474700
vn -0.981700 0.155400 -0.110200
vn 0.437900 -0.176300 0.881600
vn 0.747500 -0.190700 0.636400
vn 0.747400 -0.190700 0.636400
vn 0.894000 -0.176500 0.411700
vn 0.934300 -0.330300 0.133800
vn 0.973300 -0.167900 0.156600
vn 0.578300 -0.617300 -0.533400
vn 0.671100 -0.112800 -0.732700
vn 0.636400 0.056400 -0.769300
vn 0.772700 0.055300 -0.632400
vn 0.361100 0.278800 -0.889900
vn 0.000700 0.286400 -0.958100
vn -0.361800 0.278200 -0.889800
vn -0.755100 0.252000 -0.605300
vn -0.382200 0.203200 0.901500
vn -0.638300 0.588800 0.495900
vn -0.000800 0.209400 0.977800
vn 0.382900 0.203700 0.901100
vn 0.774900 0.183000 0.605000
vn 0.638300 0.588800 0.495900
usemtl FIT_Toilet_Toilet_MAT
s 1
f 1/1/1 2/2/1 3/3/1
f 1/1/2 4/4/3 5/5/4
f 6/6/5 5/5/4 4/4/3
f 4/4/6 7/7/6 6/6/6
f 8/8/7 9/9/8 10/10/9
f 10/10/9 11/11/10 8/8/7
f 12/12/11 8/8/7 11/11/10
f 11/11/12 13/13/12 12/12/11
f 14/14/13 15/15/14 16/16/15
f 16/16/15 17/17/16 14/14/13
f 17/17/16 16/16/15 9/9/8
f 9/9/8 18/18/17 17/17/16
f 18/18/17 9/9/8 8/8/7
f 8/8/7 19/19/18 18/18/17
f 19/19/18 8/8/7 12/12/11
f 12/12/19 20/20/19 19/19/19
f 21/21/20 22/22/21 23/23/22
f 23/23/22 24/24/23 21/21/20
f 25/25/24 21/21/20 24/24/25
f 24/24/25 26/26/26 25/25/24
f 15/15/14 25/25/24 26/26/26
f 26/26/26 27/27/27 15/15/14
f 16/16/15 15/15/14 27/27/27
f 27/27/27 28/28/28 16/16/15
f 9/9/8 16/16/15 28/28/28
f 28/28/28 10/10/9 9/9/8
f 29/29/29 23/23/22 22/22/30
f 22/22/30 30/30/31 29/29/29
f 31/31/32 30/30/31 22/22/30
f 22/22/30 32/32/33 31/31/32
f 32/32/33 22/22/30 21/21/20
f 21/21/20 33/33/34 32/32/35
f 33/33/34 21/21/20 25/25/24
f 25/25/24 34/34/36 33/33/34
f 34/34/36 25/25/24 15/15/14
f 15/15/14 14/14/37 34/34/36
f 35/35/38 36/36/39 37/37/40
f 37/37/40 38/38/41 35/35/38
f 38/38/41 37/37/40 39/39/42
f 39/39/43 40/40/43 38/38/41
f 41/41/44 42/42/44 43/43/45
f 43/43/45 44/44/46 41/41/44
f 44/44/46 43/43/45 45/45/47
f 45/45/47 46/46/48 44/44/46
f 46/46/48 45/45/47 47/47/49
f 47/47/49 48/48/50 46/46/48
f 48/48/50 47/47/49 49/49/51
f 49/49/51 50/50/52 48/48/50
f 50/50/52 49/49/51 36/36/39
f 36/36/39 35/35/38 50/50/52
f 51/51/53 17/52/54 18/53/55
f 18/53/55 52/54/56 51/51/53
f 52/54/56 18/53/55 19/55/57
f 19/55/57 53/56/58 52/54/56
f 53/56/58 19/55/57 20/57/59
f 20/57/59 54/58/59 53/56/58
f 55/59/60 31/60/61 32/61/62
f 32/61/62 56/62/63 55/59/60
f 56/62/63 32/61/62 33/63/64
f 33/63/64 57/64/65 56/62/63
f 57/64/65 33/63/64 34/65/66
f 34/65/66 58/66/67 57/64/65
f 58/66/67 34/65/66 14/67/68
f 14/67/68 59/68/69 58/66/70
f 59/68/69 14/67/68 17/52/54
f 17/52/54 51/51/53 59/68/69
f 60/69/71 61/70/71 62/71/71
f 62/71/71 63/72/71 60/69/71
f 63/72/72 62/71/72 64/70/73
f 64/70/73 65/73/73 63/72/72
f 65/73/73 64/70/73 66/74/74
f 66/74/74 67/75/74 65/73/73
f 67/75/74 66/74/74 68/76/75
f 68/76/75 69/77/76 67/75/74
f 69/77/75 68/76/75 70/78/77
f 70/78/77 71/79/77 69/77/75
f 71/79/78 70/78/78 72/76/79
f 72/76/79 73/80/80 71/79/78
f 73/80/80 72/76/79 74/74/81
f 74/74/81 75/81/81 73/80/80
f 75/81/81 74/74/81 61/70/82
f 61/70/82 60/69/82 75/81/81
f 76/82/83 77/83/84 78/84/85
f 78/84/85 77/83/84 69/77/86
f 67/75/87 69/77/86 77/83/84
f 77/83/84 79/85/88 67/75/87
f 65/73/89 67/75/87 79/85/88
f 79/85/88 80/86/90 65/73/89
f 63/72/91 65/73/89 80/86/90
f 80/86/90 81/87/92 63/72/91
f 76/82/83 81/87/92 80/86/90
f 76/82/83 80/86/90 79/85/88
f 76/82/83 79/85/88 77/83/84
f 69/77/86 71/79/93 78/84/85
f 82/88/94 55/59/95 56/62/96
f 58/66/97 45/45/98 43/43/99
f 43/43/99 57/64/100 58/66/97
f 57/64/100 43/43/99 42/42/101
f 42/42/101 56/62/96 57/64/100
f 56/62/96 42/42/101 82/88/94
f 82/88/94 42/42/101 83/89/81
f 83/89/81 84/90/81 82/88/94
f 54/58/102 39/39/102 37/37/103
f 37/37/103 53/56/104 54/58/102
f 53/56/104 37/37/103 36/36/105
f 36/36/105 52/54/106 53/56/104
f 52/54/106 36/36/105 49/49/107
f 49/49/107 51/51/108 52/54/106
f 51/51/108 49/49/107 47/47/109
f 47/47/109 59/68/110 51/51/108
f 59/68/110 47/47/109 45/45/98
f 45/45/98 58/66/97 59/68/110
f 85/91/72 7/7/72 86/6/73
f 86/6/73 87/92/73 85/91/72
f 87/92/73 86/6/73 88/93/74
f 88/93/74 89/94/74 87/92/73
f 89/94/74 88/93/74 90/95/111
f 90/95/111 91/96/111 89/94/74
f 91/96/111 90/95/111 92/97/112
f 92/97/112 93/98/112 91/96/111
f 93/98/113 92/97/113 94/95/79
f 94/95/79 95/99/114 93/98/113
f 95/99/114 94/95/79 96/93/81
f 96/93/81 97/100/81 95/99/114
f 97/100/81 96/93/81 6/6/115
f 6/6/115 98/101/116 97/100/81
f 98/101/116 6/6/115 7/7/71
f 7/7/71 85/91/71 98/101/71
f 99/102/83 100/103/117 101/104/85
f 101/104/85 100/103/117 91/96/86
f 89/94/87 91/96/86 100/103/117
f 100/103/117 102/105/88 89/94/87
f 87/92/89 89/94/87 102/105/88
f 102/105/88 103/106/90 87/92/89
f 85/91/91 87/92/89 103/106/90
f 103/106/90 104/107/92 85/91/91
f 99/102/83 104/107/92 103/106/90
f 99/102/83 103/106/90 102/105/88
f 99/102/83 102/105/88 100/103/117
f 91/96/86 93/98/118 101/104/85
f 105/108/119 62/71/6 61/70/120
f 106/109/2 105/108/119 107/110/121
f 61/70/120 107/110/121 105/108/119
f 107/110/121 61/70/120 74/74/122
f 74/74/122 108/111/122 107/110/121
f 108/111/122 74/74/122 72/76/123
f 72/76/124 109/112/124 108/111/122
f 106/109/125 110/110/126 105/108/127
f 62/71/128 105/108/127 110/110/126
f 110/110/126 64/70/129 62/71/128
f 64/70/129 110/110/126 111/111/130
f 111/111/130 66/74/130 64/70/129
f 66/74/130 111/111/130 112/112/131
f 112/112/131 68/76/131 66/74/130
f 113/113/132 114/114/133 115/115/134
f 115/115/134 116/116/135 113/113/132
f 116/116/135 117/117/136 113/113/132
f 113/113/132 117/117/136 118/118/137
f 114/114/133 113/113/132 118/118/137
f 118/118/137 119/119/138 114/114/133
f 115/115/134 120/120/139 121/121/140
f 120/120/139 115/115/134 114/114/133
f 114/114/133 122/122/141 120/120/139
f 122/122/141 114/114/133 119/119/138
f 119/119/138 123/123/142 122/122/141
f 124/124/143 125/125/144 126/126/145
f 126/126/146 127/127/147 124/124/143
f 128/128/148 124/124/143 127/127/149
f 127/127/149 129/129/150 128/128/148
f 129/129/150 117/117/136 128/128/148
f 128/128/148 117/117/136 130/130/151
f 130/130/151 117/117/136 116/116/135
f 131/131/152 130/130/153 116/116/135
f 116/116/135 115/115/134 131/131/152
f 121/121/140 131/131/152 115/115/134
f 131/131/152 121/121/140 125/125/144
f 125/125/144 124/124/143 131/131/152
f 130/130/153 131/131/152 124/124/143
f 124/124/143 128/128/148 130/130/153
f 123/123/154 132/132/155 133/133/156
f 133/133/156 122/122/157 123/123/158
f 122/122/157 133/133/156 134/134/159
f 134/134/159 120/120/160 122/122/157
f 120/120/161 134/134/159 135/135/162
f 135/135/162 121/121/163 120/120/161
f 121/121/163 135/135/162 136/136/164
f 136/136/164 125/125/165 121/121/163
f 125/125/165 136/136/164 137/137/166
f 137/137/166 126/126/166 125/125/165
f 138/138/167 139/139/168 140/140/169
f 140/140/169 141/141/170 138/138/167
f 139/139/168 138/138/167 142/142/171
f 142/142/171 143/143/172 139/139/168
f 144/144/173 139/139/168 143/143/172
f 144/144/173 140/140/169 139/139/168
f 144/144/173 145/145/174 140/140/169
f 141/141/170 140/140/169 145/145/174
f 145/145/174 146/146/175 141/141/176
f 146/146/175 145/145/174 147/147/177
f 144/144/173 147/147/177 145/145/174
f 144/144/173 148/148/178 147/147/177
f 149/149/179 147/147/177 148/148/178
f 147/147/177 149/149/179 146/146/175
f 135/135/180 146/146/175 149/149/179
f 146/146/175 135/135/180 134/134/181
f 134/134/181 141/141/170 146/146/175
f 141/141/170 134/134/181 133/133/182
f 133/133/182 138/138/167 141/141/170
f 138/138/167 133/133/182 132/132/183
f 132/132/184 142/142/171 138/138/167
f 148/148/178 150/150/185 149/149/179
f 136/136/186 149/149/179 150/150/185
f 149/149/179 136/136/186 135/135/187
f 150/150/185 137/137/188 136/136/186
f 151/151/189 152/152/190 153/153/191
f 153/153/191 154/154/192 151/151/189
f 154/154/192 155/155/193 151/151/189
f 151/151/189 155/155/193 156/156/194
f 152/152/190 151/151/189 156/156/194
f 156/156/194 157/157/195 152/152/190
f 153/153/191 158/158/196 159/159/197
f 158/158/196 153/153/191 152/152/190
f 152/152/190 160/160/198 158/158/196
f 160/160/198 152/152/190 157/157/195
f 157/157/195 161/161/199 160/160/198
f 162/162/200 163/163/201 164/164/202
f 164/164/203 165/165/204 162/162/200
f 166/166/205 162/162/200 165/165/204
f 165/165/204 167/167/206 166/166/205
f 167/167/206 155/155/193 166/166/205
f 166/166/205 155/155/193 168/168/207
f 168/168/207 155/155/193 154/154/192
f 169/169/208 168/168/207 154/154/192
f 154/154/192 153/153/191 169/169/208
f 159/159/197 169/169/208 153/153/191
f 169/169/208 159/159/197 163/163/201
f 163/163/201 162/162/200 169/169/208
f 168/168/207 169/169/208 162/162/200
f 162/162/200 166/166/205 168/168/207
f 161/161/209 170/170/209 171/171/210
f 171/171/210 160/160/211 161/161/209
f 160/160/211 171/171/210 172/172/212
f 172/172/212 158/158/213 160/160/211
f 158/158/213 172/172/212 173/173/214
f 173/173/214 159/159/215 158/158/213
f 159/159/215 173/173/214 174/174/216
f 174/174/216 163/163/217 159/159/215
f 163/163/218 174/174/216 175/175/219
f 175/175/219 164/164/219 163/163/218
f 176/176/220 177/177/221 178/178/222
f 178/178/222 179/179/223 176/176/220
f 177/177/221 176/176/220 180/180/224
f 180/180/224 181/181/225 177/177/221
f 182/182/226 177/177/221 181/181/225
f 182/182/226 178/178/222 177/177/221
f 182/182/226 183/183/227 178/178/222
f 179/179/223 178/178/228 183/183/227
f 183/183/227 184/184/229 179/179/223
f 184/184/229 183/183/227 185/185/230
f 182/182/226 185/185/230 183/183/227
f 182/182/226 186/186/231 185/185/230
f 187/187/232 185/185/230 186/186/231
f 185/185/230 187/187/233 184/184/229
f 173/173/234 184/184/229 187/187/233
f 184/184/229 173/173/234 172/172/235
f 172/172/235 179/179/223 184/184/229
f 179/179/223 172/172/235 171/171/236
f 171/171/236 176/176/220 179/179/223
f 176/176/220 171/171/236 170/170/237
f 170/170/238 180/180/224 176/176/220
f 186/186/231 188/188/239 187/187/233
f 174/174/240 187/187/233 188/188/239
f 187/187/233 174/174/240 173/173/234
f 188/188/239 175/175/241 174/174/240
f 189/189/242 190/190/243 191/191/244
f 190/190/243 189/189/242 192/192/245
f 193/193/246 194/194/247 195/195/248
f 195/195/248 196/196/249 193/193/246
f 197/197/250 193/193/246 196/196/249
f 196/196/249 198/198/251 197/197/250
f 198/198/251 196/196/249 199/199/252
f 199/199/252 200/200/253 198/198/251
f 200/200/253 199/199/252 191/191/244
f 201/201/254 200/200/253 191/191/244
f 190/190/243 201/201/254 191/191/244
f 201/201/254 190/190/243 202/202/255
f 192/192/245 202/202/255 190/190/243
f 202/202/255 192/192/245 203/203/256
f 203/203/257 204/204/258 202/202/255
f 205/205/259 202/202/255 204/204/258
f 202/202/255 205/205/259 201/201/254
f 200/200/253 201/201/254 205/205/259
f 205/205/259 198/198/251 200/200/253
f 198/198/251 205/205/259 206/206/260
f 206/206/260 197/197/261 198/198/251
f 204/204/258 206/206/260 205/205/259
f 199/199/252 207/207/262 191/191/244
f 207/207/262 199/199/252 196/196/249
f 196/196/249 195/195/248 207/207/262
f 208/208/263 209/209/264 210/210/265
f 210/210/265 211/211/266 208/208/267
f 212/212/268 208/208/263 211/211/266
f 211/211/266 213/213/269 212/212/268
f 214/214/270 213/213/269 211/211/266
f 214/214/270 211/211/266 210/210/265
f 214/214/270 210/210/265 215/215/271
f 215/215/271 210/210/265 209/209/264
f 209/209/264 216/216/272 215/215/271
f 217/217/273 215/215/271 216/216/272
f 214/214/270 215/215/271 217/217/273
f 214/214/270 217/217/273 218/218/274
f 218/218/275 217/217/273 219/219/276
f 216/216/272 219/219/276 217/217/273
f 219/219/276 216/216/272 220/220/277
f 221/221/278 220/220/277 216/216/272
f 216/216/272 209/209/264 221/221/278
f 222/222/279 221/221/278 209/209/264
f 209/209/264 208/208/267 222/222/279
f 223/223/280 222/222/279 208/208/263
f 208/208/267 212/212/268 223/223/281
f 220/220/282 224/224/283 219/219/276
f 225/225/284 219/219/276 224/224/283
f 219/219/276 225/225/284 218/218/274
f 224/224/283 226/226/285 225/225/284
f 227/227/286 228/228/287 229/229/288
f 228/228/287 227/227/286 230/230/289
f 231/231/290 232/232/291 233/233/292
f 233/233/292 234/234/293 231/231/290
f 235/235/294 231/231/290 234/234/293
f 234/234/293 236/236/295 235/235/294
f 236/236/295 234/234/293 237/237/296
f 237/237/296 238/238/297 236/236/295
f 238/238/297 237/237/296 229/229/288
f 239/239/298 238/238/297 229/229/288
f 228/228/287 239/239/298 229/229/288
f 239/239/298 228/228/287 240/240/299
f 230/230/289 240/240/299 228/228/287
f 240/240/299 230/230/289 241/241/300
f 241/241/301 242/242/302 240/240/299
f 243/243/303 240/240/299 242/242/302
f 240/240/299 243/243/303 239/239/298
f 238/238/297 239/239/298 243/243/303
f 243/243/303 236/236/295 238/238/297
f 236/236/295 243/243/303 244/244/304
f 244/244/304 235/235/294 236/236/295
f 242/242/302 244/244/304 243/243/303
f 237/237/296 245/245/305 229/229/288
f 245/245/305 237/237/296 234/234/293
f 234/234/293 233/233/292 245/245/305
f 242/242/306 241/241/307 246/246/307
f 246/246/307 247/247/308 242/242/306
f 244/244/309 242/242/310 247/247/308
f 247/247/308 248/248/311 244/244/309
f 235/235/312 244/244/309 248/248/311
f 248/248/311 249/249/313 235/235/312
f 231/231/314 235/235/312 249/249/313
f 249/249/313 250/250/315 231/231/314
f 232/232/316 231/231/314 250/250/315
f 250/250/315 251/251/316 232/232/316
f 252/252/317 70/78/318 68/76/318
f 68/76/318 112/112/319 252/252/317
f 106/109/320 252/252/317 112/112/319
f 106/109/320 112/112/319 111/111/321
f 106/109/322 111/111/321 110/110/323
f 253/253/324 254/254/325 255/255/326
f 255/255/326 256/256/327 253/253/324
f 256/256/327 255/255/326 257/257/328
f 257/257/329 258/258/330 256/256/327
f 259/259/331 256/256/327 258/258/330
f 256/256/327 259/259/331 260/260/332
f 261/261/333 260/260/332 259/259/331
f 260/260/332 253/253/324 256/256/327
f 262/262/334 263/263/335 264/264/336
f 264/264/336 265/265/337 262/262/334
f 265/265/337 264/264/336 266/266/338
f 266/266/338 267/267/339 265/265/337
f 267/267/339 266/266/338 268/268/340
f 268/268/341 261/261/333 267/267/339
f 259/259/331 267/267/339 261/261/333
f 267/267/339 259/259/331 269/269/342
f 258/258/330 269/269/342 259/259/331
f 269/269/342 258/258/330 270/270/343
f 270/270/344 271/271/345 269/269/342
f 265/265/337 269/269/342 271/271/345
f 269/269/342 265/265/337 267/267/339
f 271/271/345 262/262/334 265/265/337
f 272/272/346 273/273/347 274/274/348
f 274/274/348 275/275/349 272/272/350
f 275/275/349 274/274/348 276/276/351
f 276/276/351 277/277/352 275/275/349
f 277/277/352 276/276/351 278/278/353
f 278/278/353 279/279/354 277/277/352
f 280/280/355 278/278/353 276/276/351
f 276/276/351 281/281/356 280/280/355
f 281/281/356 276/276/351 274/274/348
f 274/274/348 282/282/357 281/281/356
f 282/282/357 274/274/348 273/273/347
f 273/273/347 283/283/358 282/282/357
f 278/278/353 280/280/355 284/284/359
f 284/284/359 285/285/360 278/278/353
f 279/279/354 278/278/353 285/285/360
f 285/285/360 286/286/361 279/279/354
f 287/287/362 288/288/363 289/289/364
f 289/289/364 290/290/365 287/287/362
f 290/290/365 289/289/364 291/291/366
f 291/291/366 292/292/367 290/290/365
f 292/292/367 291/291/366 293/293/368
f 291/291/366 294/294/369 293/293/368
f 294/294/369 283/283/358 293/293/368
f 283/283/358 294/294/369 282/282/357
f 282/282/357 294/294/369 295/295/370
f 295/295/370 281/281/356 282/282/357
f 295/295/370 296/296/371 297/297/372
f 296/296/371 295/295/370 291/291/366
f 295/295/370 294/294/369 291/291/366
f 293/293/368 298/298/373 292/292/367
f 297/297/372 281/281/356 295/295/370
f 280/280/374 281/281/356 297/297/372
f 280/280/355 297/297/372 296/296/371
f 296/296/371 299/299/375 280/280/355
f 299/299/375 296/296/371 300/300/376
f 300/300/376 301/301/377 299/299/375
f 301/301/378 300/300/376 302/302/379
f 302/302/379 303/303/380 301/301/378
f 303/303/380 302/302/379 304/304/381
f 304/304/381 305/305/382 303/303/380
f 305/305/382 306/306/383 307/307/384
f 307/307/384 303/303/380 305/305/382
f 303/303/380 307/307/384 308/308/385
f 308/308/385 301/301/378 303/303/380
f 301/301/378 308/308/385 309/309/386
f 309/309/386 299/299/375 301/301/377
f 299/299/375 309/309/386 310/310/387
f 310/310/387 311/311/388 299/299/375
f 280/280/355 299/299/375 311/311/388
f 311/311/388 284/284/359 280/280/355
f 312/312/389 309/309/386 308/308/385
f 313/313/390 312/312/389 314/314/391
f 308/308/385 314/314/391 312/312/389
f 314/314/391 308/308/385 307/307/384
f 307/307/384 315/315/392 314/314/391
f 315/315/393 307/307/384 306/306/383
f 306/306/383 316/316/394 315/315/393
f 316/316/394 306/306/383 317/317/395
f 317/317/395 318/318/396 316/316/394
f 318/318/396 317/317/395 319/319/397
f 319/319/397 320/320/398 318/318/396
f 321/321/399 318/318/396 320/320/398
f 320/320/398 322/322/400 321/321/399
f 323/323/401 324/324/402 322/322/400
f 322/322/400 320/320/398 323/323/401
f 325/325/403 323/323/401 320/320/398
f 320/320/398 319/319/397 325/325/403
f 326/326/404 325/325/403 319/319/397
f 319/319/397 327/327/405 326/326/404
f 327/327/405 319/319/397 317/317/395
f 317/317/395 328/328/406 327/327/405
f 328/328/406 317/317/395 306/306/383
f 306/306/383 305/305/382 328/328/406
f 323/323/401 325/325/403 329/329/407
f 329/329/407 330/330/408 323/323/401
f 324/324/402 323/323/401 330/330/408
f 330/330/408 40/331/409 324/324/402
f 305/305/382 304/304/381 331/332/410
f 331/332/410 328/328/406 305/305/382
f 328/328/406 331/332/410 332/333/411
f 332/333/411 327/327/405 328/328/406
f 327/327/405 332/333/411 333/334/412
f 333/334/412 326/326/404 327/327/405
f 326/326/404 333/334/412 334/335/413
f 334/335/414 335/336/415 326/326/404
f 325/325/403 326/326/404 335/336/415
f 335/336/415 329/329/407 325/325/403
f 332/333/411 336/337/416 337/338/417
f 337/338/417 333/334/412 332/333/411
f 333/334/412 337/338/417 338/339/418
f 338/339/419 334/335/414 333/334/412
f 339/340/420 338/339/418 337/338/417
f 337/338/417 340/341/421 339/340/420
f 340/341/421 337/338/417 336/337/416
f 336/337/416 341/342/422 340/341/421
f 341/342/422 336/337/416 342/343/423
f 342/343/423 343/344/424 341/342/425
f 343/344/424 342/343/423 344/345/426
f 344/345/426 345/346/427 343/344/424
f 345/346/427 344/345/426 288/288/363
f 288/288/363 287/287/362 345/346/427
f 296/296/371 291/291/366 289/289/364
f 289/289/364 300/300/376 296/296/371
f 300/300/376 289/289/364 288/288/363
f 288/288/363 302/302/379 300/300/376
f 302/302/379 288/288/363 344/345/428
f 344/345/428 304/304/381 302/302/379
f 304/304/381 344/345/428 342/343/423
f 342/343/423 331/332/410 304/304/381
f 331/332/410 342/343/423 336/337/416
f 336/337/416 332/333/411 331/332/410
f 346/347/429 347/348/430 348/347/431
f 349/349/432 346/347/429 348/347/431
f 348/347/431 350/349/432 349/349/432
f 106/109/433 107/110/434 108/111/435
f 106/109/433 108/111/435 109/112/436
f 106/109/433 109/112/436 252/252/437
f 70/78/438 252/252/437 109/112/439
f 109/112/436 72/76/440 70/78/440
f 5/5/441 6/6/442 96/93/122
f 1/1/443 5/5/444 2/2/445
f 96/93/122 2/2/445 5/5/441
f 2/2/445 96/93/122 94/95/446
f 94/95/446 3/3/447 2/2/445
f 3/3/447 94/95/446 92/97/448
f 92/97/449 351/350/450 3/3/447
f 1/1/443 3/3/447 351/350/451
f 1/1/452 352/3/453 353/2/453
f 1/1/452 354/5/454 4/4/127
f 7/7/128 4/4/127 354/5/454
f 354/5/454 86/6/128 7/7/128
f 1/1/455 351/350/317 352/3/456
f 1/1/457 353/2/458 354/5/459
f 86/6/460 354/5/459 353/2/458
f 353/2/458 88/93/130 86/6/461
f 88/93/130 353/2/458 352/3/456
f 352/3/456 90/95/462 88/93/130
f 90/95/462 352/3/456 351/350/317
f 351/350/317 92/97/463 90/95/462
f 355/351/464 268/268/465 356/261/466
f 356/261/466 357/352/467 355/351/464
f 357/352/467 356/261/466 358/260/468
f 358/260/468 359/353/469 357/352/467
f 359/353/469 358/260/468 360/253/470
f 360/253/470 361/354/471 359/353/469
f 361/354/471 360/253/470 254/254/472
f 254/254/473 362/355/474 361/354/471
f 84/90/475 83/89/476 363/356/477
f 363/356/477 364/357/478 84/90/475
f 42/42/479 41/41/480 363/356/481
f 363/356/481 83/89/482 42/42/479
f 365/309/483 310/310/484 366/358/485
f 366/358/485 367/359/486 365/309/483
f 368/360/487 369/361/488 370/362/488
f 370/362/489 371/363/490 368/360/487
f 372/364/491 368/360/487 371/363/490
f 371/363/490 373/365/492 372/364/491
f 374/366/493 372/364/491 373/365/492
f 373/365/492 375/367/494 374/366/495
f 376/368/496 374/366/495 375/367/494
f 375/367/494 377/369/497 376/368/497
f 247/247/498 246/246/499 378/370/500
f 248/248/501 247/247/498 379/371/502
f 378/370/500 379/371/503 247/247/498
f 379/371/503 378/370/500 380/372/504
f 381/373/505 382/374/506 380/372/504
f 380/372/504 382/374/506 379/371/503
f 383/375/507 379/371/503 382/374/506
f 379/371/503 383/375/507 248/248/501
f 249/249/508 248/248/501 383/375/507
f 383/375/507 384/376/509 249/249/508
f 250/250/510 249/249/508 384/376/509
f 384/376/509 385/377/511 250/250/510
f 251/251/512 250/250/510 385/377/511
f 385/377/511 386/378/513 251/251/514
f 385/377/511 384/376/509 387/379/515
f 387/379/515 388/380/516 385/377/511
f 386/378/513 385/377/511 388/380/516
f 388/380/516 389/381/517 386/378/513
f 381/373/505 389/381/517 388/380/516
f 381/373/505 388/380/516 387/379/515
f 381/373/505 387/379/515 390/382/518
f 390/382/518 387/379/519 384/376/509
f 384/376/509 383/375/507 390/382/518
f 382/374/506 390/382/518 383/375/507
f 381/373/505 390/382/518 382/374/506
f 391/383/520 392/384/521 393/385/522
f 394/386/523 391/383/520 395/387/524
f 393/385/522 395/387/524 391/383/520
f 395/387/524 393/385/522 396/388/525
f 397/389/526 394/386/523 398/390/527
f 395/387/524 398/390/527 394/386/523
f 398/390/527 395/387/524 399/391/528
f 396/388/525 399/391/528 395/387/524
f 399/391/528 396/388/525 400/392/529
f 400/392/529 401/393/530 399/391/528
f 401/393/530 400/392/529 402/394/531
f 402/394/531 403/395/532 401/393/530
f 403/395/532 402/394/531 404/396/533
f 405/397/534 399/391/528 401/393/530
f 399/391/528 405/397/534 398/390/535
f 406/398/536 398/390/527 405/397/534
f 398/390/537 406/398/536 397/389/526
f 407/399/538 397/389/526 406/398/536
f 408/400/539 409/401/540 410/402/541
f 408/400/539 410/402/541 407/399/538
f 407/399/538 411/403/542 408/400/539
f 406/398/536 411/403/542 407/399/538
f 412/404/543 411/403/542 406/398/536
f 405/397/534 412/404/543 406/398/536
f 412/404/543 405/397/534 413/405/544
f 401/393/530 413/405/544 405/397/534
f 413/405/544 401/393/530 403/395/532
f 403/395/532 414/406/545 413/405/544
f 415/407/546 413/405/544 414/406/545
f 413/405/544 415/407/547 412/404/543
f 412/404/543 415/407/546 416/408/548
f 411/403/542 412/404/543 416/408/548
f 411/403/542 416/408/548 417/409/549
f 417/409/550 408/400/539 411/403/542
f 408/400/539 417/409/549 418/410/551
f 409/401/540 408/400/539 418/410/552
f 409/401/540 418/410/553 419/411/554
f 418/410/551 417/409/550 420/412/555
f 420/412/555 417/409/550 416/408/548
f 416/408/548 421/413/556 420/412/555
f 422/414/557 421/413/556 416/408/548
f 416/408/548 415/407/547 422/414/557
f 414/406/545 422/414/557 415/407/547
f 422/414/557 414/406/545 423/415/558
f 424/416/559 423/415/558 414/406/545
f 423/415/558 424/416/559 425/417/560
f 425/417/560 426/418/561 423/415/558
f 426/418/561 425/417/560 427/419/562
f 427/419/562 428/420/563 426/418/561
f 421/413/556 422/414/557 429/421/564
f 430/422/565 431/423/566 428/420/563
f 428/420/563 427/419/562 430/422/565
f 432/424/567 430/422/565 427/419/562
f 427/419/562 433/425/568 432/424/567
f 433/425/568 427/419/562 425/417/560
f 425/417/560 434/426/569 433/425/568
f 434/426/569 425/417/560 424/416/559
f 424/416/559 404/396/533 434/426/569
f 404/396/533 424/416/559 403/395/532
f 414/406/545 403/395/532 424/416/559
f 423/415/558 429/421/564 422/414/557
f 429/421/564 423/415/558 426/418/561
f 426/418/561 435/427/570 429/421/564
f 436/428/571 429/421/564 435/427/570
f 429/421/564 436/428/571 421/413/556
f 421/413/556 436/428/571 437/429/572
f 437/429/572 420/412/555 421/413/556
f 437/429/572 438/430/573 420/412/555
f 420/412/555 438/430/573 418/410/551
f 418/410/551 438/430/573 439/431/574
f 435/427/570 426/418/561 428/420/563
f 428/420/563 440/432/575 435/427/570
f 440/432/575 441/433/576 435/427/570
f 435/427/570 441/433/576 436/428/571
f 436/428/571 441/433/576 442/434/577
f 442/434/577 437/429/572 436/428/571
f 443/435/578 437/429/572 442/434/577
f 438/430/573 437/429/572 443/435/578
f 438/430/573 443/435/578 444/436/579
f 444/436/579 439/431/574 438/430/573
f 445/437/580 444/436/579 443/435/578
f 443/435/578 446/438/581 445/437/580
f 446/438/581 443/435/578 442/434/577
f 442/434/577 447/439/582 446/438/581
f 447/439/582 442/434/577 441/433/576
f 441/433/576 448/440/583 447/439/582
f 440/432/575 448/440/583 441/433/576
f 440/432/575 449/441/584 448/440/583
f 431/423/566 449/441/584 440/432/575
f 440/432/575 428/420/563 431/423/566
f 439/431/574 444/436/579 450/442/585
f 450/442/585 451/443/586 439/431/574
f 451/443/586 450/442/585 452/444/587
f 452/444/587 453/445/588 451/443/586
f 453/445/588 452/444/587 454/446/589
f 454/446/589 455/447/590 453/445/588
f 455/447/590 454/446/589 456/448/591
f 456/448/591 457/449/592 455/447/590
f 457/449/592 456/448/591 458/450/593
f 458/450/593 459/451/594 457/449/592
f 439/431/574 419/411/554 418/410/551
f 419/411/554 439/431/574 451/443/586
f 451/443/586 460/452/595 419/411/554
f 460/452/596 451/443/586 453/445/588
f 453/445/588 461/453/597 460/452/596
f 461/453/598 453/445/588 455/447/590
f 455/447/590 462/454/599 461/453/597
f 462/454/599 455/447/590 457/449/592
f 457/449/592 463/455/600 462/454/601
f 463/455/600 457/449/592 459/451/594
f 419/411/554 464/456/602 409/401/540
f 464/456/602 419/411/554 460/452/596
f 460/452/596 465/457/603 464/456/602
f 465/457/603 460/452/596 461/453/597
f 461/453/598 466/458/604 465/457/603
f 466/458/604 461/453/598 462/454/599
f 462/454/599 467/459/605 466/458/604
f 467/459/605 462/454/599 463/455/600
f 463/455/600 468/460/606 467/459/605
f 468/460/606 463/455/600 469/461/607
f 459/451/594 469/461/608 463/455/600
f 469/461/608 459/451/594 470/462/609
f 470/462/609 471/463/610 469/461/608
f 471/463/610 470/462/609 472/464/611
f 472/464/611 473/465/612 471/463/610
f 459/451/594 458/450/593 474/466/613
f 474/466/613 470/462/609 459/451/594
f 470/462/609 474/466/613 475/467/614
f 475/467/614 472/464/611 470/462/609
f 476/347/615 472/464/611 475/467/614
f 476/347/615 477/348/616 472/464/611
f 473/465/612 472/464/611 477/348/616
f 477/348/616 478/468/617 473/465/612
f 478/468/617 477/348/616 271/271/618
f 271/271/618 270/270/619 478/468/617
f 262/262/620 271/271/618 477/348/616
f 477/348/616 479/347/621 262/262/620
f 476/347/615 479/347/621 477/348/616
f 479/347/621 476/347/615 349/349/622
f 349/349/622 476/347/615 475/467/614
f 475/467/614 480/469/623 349/349/622
f 480/469/624 475/467/614 474/466/613
f 474/466/613 481/470/625 480/469/624
f 481/470/625 474/466/613 458/450/593
f 458/450/593 482/471/626 481/470/625
f 349/349/622 350/349/627 479/347/621
f 479/347/621 350/349/627 263/263/628
f 263/263/628 262/262/620 479/347/621
f 482/471/626 458/450/593 456/448/591
f 456/448/591 483/472/629 482/471/626
f 483/472/629 456/448/591 454/446/589
f 454/446/589 484/473/630 483/472/629
f 484/473/630 454/446/589 452/444/587
f 452/444/587 485/474/631 484/473/630
f 485/474/631 452/444/587 450/442/585
f 450/442/585 486/475/632 485/474/631
f 486/475/632 450/442/585 444/436/579
f 444/436/579 445/437/580 486/475/632
f 264/264/633 263/263/634 487/262/635
f 266/266/636 264/264/633 488/265/637
f 487/262/635 488/265/637 264/264/633
f 488/265/637 487/262/635 489/271/638
f 255/255/639 254/254/640 360/253/641
f 360/253/641 490/256/642 255/255/639
f 490/256/642 360/253/641 358/260/643
f 358/260/643 491/259/644 490/256/642
f 491/259/644 358/260/643 356/261/645
f 356/261/645 492/267/646 491/259/644
f 492/267/646 356/261/645 268/268/647
f 268/268/647 266/266/636 492/267/646
f 488/265/637 492/267/646 266/266/636
f 492/267/646 488/265/637 493/269/648
f 489/271/638 493/269/648 488/265/637
f 493/269/648 489/271/638 494/270/649
f 494/270/650 495/258/651 493/269/648
f 491/259/644 493/269/648 495/258/651
f 493/269/648 491/259/644 492/267/646
f 257/257/652 255/255/639 490/256/642
f 490/256/642 495/258/651 257/257/653
f 495/258/651 490/256/642 491/259/644
f 496/280/654 497/299/655 498/296/656
f 498/296/656 499/297/657 496/280/654
f 500/295/658 499/297/657 498/296/656
f 499/297/657 500/295/658 501/281/659
f 502/282/660 501/281/659 500/295/658
f 501/281/659 502/282/660 503/274/661
f 503/274/661 504/276/662 501/281/659
f 496/280/654 501/281/659 504/276/662
f 504/276/662 505/278/663 496/280/654
f 496/280/664 499/297/657 501/281/659
f 310/310/665 365/309/666 497/299/655
f 497/299/655 311/311/667 310/310/665
f 311/311/667 497/299/655 496/280/654
f 496/280/654 284/284/668 311/311/667
f 284/284/668 496/280/654 505/278/663
f 505/278/663 285/285/669 284/284/668
f 506/279/670 286/286/671 285/285/669
f 285/285/669 505/278/663 506/279/670
f 507/277/672 506/279/670 505/278/663
f 505/278/663 504/276/662 507/277/672
f 508/275/673 507/277/672 504/276/662
f 504/276/662 503/274/661 508/275/673
f 272/272/674 508/275/673 503/274/661
f 503/274/661 273/273/675 272/272/676
f 273/273/675 503/274/661 502/282/660
f 502/282/660 283/283/677 273/273/675
f 509/291/678 293/293/679 510/294/680
f 510/294/680 293/293/679 283/283/677
f 511/287/681 512/290/682 513/289/683
f 509/291/678 513/289/683 512/290/682
f 512/290/682 514/292/684 509/291/678
f 293/293/679 509/291/678 514/292/684
f 514/292/684 298/298/685 293/293/679
f 283/283/677 502/282/660 510/294/680
f 500/295/658 510/294/680 502/282/660
f 500/295/658 509/291/678 510/294/680
f 498/296/656 509/291/678 500/295/658
f 513/289/683 509/291/678 498/296/656
f 498/296/656 515/300/686 513/289/683
f 516/288/687 513/289/683 515/300/686
f 515/300/686 517/302/688 516/288/687
f 517/302/688 515/300/686 518/301/689
f 518/301/689 519/303/690 517/302/688
f 520/345/691 516/288/687 517/302/688
f 521/304/692 517/302/688 519/303/690
f 517/302/688 521/304/692 520/345/691
f 522/343/693 520/345/691 521/304/692
f 523/337/694 522/343/693 524/332/695
f 521/304/692 524/332/695 522/343/693
f 524/332/695 521/304/692 525/305/696
f 519/303/690 525/305/696 521/304/692
f 525/305/696 519/303/690 526/307/697
f 519/303/690 518/301/689 527/308/698
f 527/308/698 526/307/697 519/303/690
f 526/307/697 527/308/698 528/314/699
f 528/314/699 529/315/700 526/307/697
f 530/306/701 526/307/697 529/315/700
f 526/307/697 530/306/701 525/305/696
f 531/328/702 525/305/696 530/306/701
f 525/305/696 531/328/702 524/332/695
f 532/333/703 524/332/695 531/328/702
f 524/332/695 532/333/703 523/337/694
f 533/338/704 523/337/694 532/333/703
f 534/316/705 529/315/700 46/476/706
f 529/315/707 534/316/705 530/306/701
f 535/317/708 530/306/701 534/316/705
f 530/306/701 535/317/708 531/328/702
f 536/327/709 531/328/702 535/317/708
f 531/328/702 536/327/709 532/333/703
f 537/334/710 532/333/703 536/327/709
f 532/333/703 537/334/710 533/338/704
f 338/339/711 533/338/704 537/334/710
f 533/338/704 338/339/712 339/340/713
f 536/327/709 538/326/714 537/334/710
f 538/326/715 536/327/709 539/319/716
f 535/317/708 539/319/716 536/327/709
f 539/319/716 535/317/708 540/318/717
f 534/316/705 540/318/717 535/317/708
f 540/318/717 534/316/705 48/477/718
f 46/476/706 48/477/718 534/316/705
f 48/477/718 50/321/719 540/318/717
f 541/320/720 540/318/717 50/321/719
f 540/318/717 541/320/720 539/319/716
f 542/325/721 539/319/716 541/320/720
f 539/319/716 542/325/721 538/326/722
f 335/336/723 538/326/722 542/325/721
f 538/326/722 335/336/723 334/335/724
f 334/335/725 537/334/710 538/326/722
f 537/334/710 334/335/724 338/339/711
f 50/321/719 35/322/726 541/320/720
f 543/323/727 541/320/720 35/322/726
f 541/320/720 543/323/727 542/325/721
f 329/329/728 542/325/721 543/323/727
f 542/325/721 329/329/728 335/336/723
f 35/322/726 38/324/729 543/323/727
f 330/330/730 543/323/727 38/324/729
f 543/323/727 330/330/730 329/329/728
f 38/324/729 40/331/731 330/330/730
f 364/478/732 363/479/733 544/480/734
f 544/480/735 545/481/736 364/478/737
f 545/481/736 544/480/734 367/359/738
f 367/359/738 366/358/739 545/481/736
f 546/482/74 547/483/74 548/484/74
f 548/484/74 549/485/74 546/482/74
f 549/485/74 548/484/74 550/486/74
f 550/486/74 551/487/74 549/485/74
f 551/487/74 550/486/74 552/488/74
f 552/488/74 550/486/74 553/489/74
f 553/489/74 554/490/74 552/488/74
f 555/491/740 556/492/740 557/493/741
f 557/493/742 558/494/743 555/491/740
f 558/494/744 557/493/741 559/495/745
f 559/495/745 560/496/745 558/494/741
f 560/496/745 559/495/746 561/497/747
f 561/497/747 562/498/747 560/496/745
f 562/499/748 561/500/748 563/501/749
f 563/501/750 564/502/750 562/499/748
f 564/502/749 563/501/749 565/503/751
f 565/503/752 566/504/751 564/502/749
f 566/504/753 565/503/754 567/505/755
f 567/505/755 568/506/756 566/504/751
f 568/506/757 567/505/757 569/507/758
f 569/507/758 570/508/758 568/506/757
f 570/508/758 569/507/758 556/492/740
f 556/492/740 555/491/740 570/508/758
f 571/509/81 572/510/759 573/511/760
f 571/509/81 573/511/760 574/512/761
f 571/509/81 574/512/761 575/513/762
f 571/509/81 575/513/762 576/514/763
f 571/509/81 576/514/763 577/515/764
f 571/509/81 577/515/764 578/516/765
f 571/509/81 578/516/765 579/517/766
f 571/509/81 579/517/766 572/510/759
f 556/518/767 572/510/759 579/517/766
f 572/510/759 556/518/767 569/519/768
f 569/519/768 573/511/760 572/510/759
f 573/511/760 569/519/768 567/520/769
f 567/520/769 574/512/761 573/511/760
f 574/512/761 567/520/769 565/508/770
f 565/508/770 575/513/762 574/512/771
f 575/513/762 565/508/770 563/521/772
f 563/521/772 576/514/763 575/513/762
f 576/514/763 563/521/773 561/522/774
f 561/522/774 577/515/764 576/514/763
f 577/515/764 561/522/774 559/523/775
f 559/523/775 578/516/765 577/515/764
f 578/516/765 559/523/775 557/507/776
f 557/507/777 579/517/766 578/516/765
f 579/517/766 557/507/777 556/518/767
f 580/524/778 581/525/779 582/526/780
f 583/527/781 582/526/780 581/525/779
f 581/525/779 584/528/781 583/527/781
f 585/529/782 583/527/781 584/528/781
f 584/528/781 586/530/783 585/529/782
f 587/531/784 585/529/782 586/530/783
f 586/530/783 588/532/785 587/531/784
f 589/533/786 587/531/784 588/532/785
f 588/532/785 590/534/786 589/533/786
f 591/535/787 589/533/786 590/534/786
f 590/534/786 592/536/788 591/535/787
f 593/537/789 591/535/787 592/536/788
f 592/536/788 594/538/790 593/537/789
f 595/539/791 593/537/789 594/538/790
f 594/538/790 596/540/792 595/539/791
f 597/541/793 595/539/791 596/540/792
f 596/540/792 598/542/794 597/541/793
f 599/543/795 597/541/793 598/542/794
f 598/542/794 600/544/796 599/543/795
f 601/545/797 599/543/795 600/544/796
f 600/544/796 602/546/797 601/545/797
f 603/547/798 601/545/797 602/546/797
f 602/546/797 580/524/778 603/547/798
f 582/526/780 603/547/798 580/524/778
f 604/403/799 605/400/800 606/409/801
f 606/409/802 607/408/803 604/403/804
f 604/403/804 607/408/803 608/404/805
f 608/404/805 607/408/803 609/407/806
f 608/404/805 609/407/807 610/405/808
f 611/406/809 610/405/808 609/407/806
f 609/407/807 612/414/810 611/406/809
f 612/414/810 609/407/807 607/408/803
f 607/408/803 613/413/811 612/414/810
f 614/412/812 613/413/811 607/408/803
f 607/408/803 606/409/802 614/412/812
f 614/412/812 606/409/802 615/410/813
f 616/395/814 617/393/815 610/405/808
f 610/405/808 611/406/809 616/395/814
f 618/416/816 616/395/814 611/406/809
f 611/406/809 619/415/817 618/416/816
f 619/415/817 611/406/809 612/414/810
f 612/414/810 620/421/818 619/415/817
f 620/421/818 612/414/810 613/413/811
f 613/413/811 621/428/819 620/421/818
f 622/429/820 621/428/819 613/413/811
f 613/413/811 614/412/812 622/429/820
f 623/433/821 624/434/822 447/439/823
f 624/434/822 623/433/821 621/428/819
f 621/428/819 623/433/821 625/427/824
f 625/427/824 620/421/818 621/428/819
f 620/421/818 625/427/824 626/418/825
f 626/418/825 619/415/817 620/421/818
f 619/415/817 626/418/825 627/417/826
f 627/417/826 618/416/816 619/415/817
f 618/416/816 627/417/826 628/426/827
f 628/426/827 629/396/828 618/416/816
f 630/425/829 628/426/827 627/417/826
f 627/417/826 631/419/830 630/425/829
f 631/419/830 627/417/826 626/418/825
f 626/418/825 632/420/831 631/419/830
f 632/420/831 626/418/825 625/427/824
f 625/427/824 633/432/832 632/420/831
f 633/432/832 625/427/824 623/433/821
f 633/432/832 623/433/821 448/440/833
f 447/439/823 448/440/833 623/433/821
f 432/424/834 630/425/829 631/419/830
f 631/419/830 430/422/835 432/424/834
f 430/422/835 631/419/830 632/420/831
f 632/420/831 431/423/836 430/422/835
f 431/423/836 632/420/831 633/432/832
f 633/432/832 449/441/837 431/423/836
f 633/432/832 448/440/833 449/441/837
f 634/444/838 635/446/839 484/473/840
f 484/473/840 485/474/841 634/444/838
f 636/442/842 634/444/838 485/474/841
f 485/474/841 486/475/843 636/442/842
f 637/436/844 636/442/842 486/475/843
f 486/475/843 445/437/845 637/436/844
f 638/435/846 637/436/844 445/437/845
f 445/437/845 446/438/847 638/435/846
f 624/434/822 638/435/846 446/438/847
f 446/438/847 447/439/823 624/434/822
f 639/447/848 640/449/849 641/448/850
f 641/448/850 635/446/839 639/447/848
f 642/445/851 639/447/848 635/446/839
f 635/446/839 634/444/838 642/445/851
f 643/443/852 642/445/851 634/444/838
f 634/444/838 636/442/842 643/443/852
f 644/431/853 643/443/852 636/442/842
f 636/442/842 637/436/844 644/431/853
f 645/430/854 644/431/853 637/436/844
f 637/436/844 638/435/846 645/430/854
f 645/430/854 638/435/846 622/429/820
f 638/435/846 624/434/822 622/429/820
f 621/428/819 622/429/820 624/434/822
f 622/429/820 614/412/812 645/430/854
f 615/410/813 645/430/854 614/412/812
f 644/431/853 645/430/854 615/410/813
f 615/410/813 646/411/855 644/431/853
f 643/443/852 644/431/853 646/411/855
f 646/411/855 647/452/856 643/443/852
f 642/445/851 643/443/852 647/452/857
f 647/452/857 648/453/858 642/445/851
f 639/447/848 642/445/851 648/453/859
f 648/453/860 649/454/861 639/447/848
f 646/411/855 615/410/862 409/401/863
f 409/401/863 464/456/864 646/411/855
f 647/452/857 646/411/855 464/456/864
f 464/456/864 465/457/865 647/452/857
f 648/453/858 647/452/857 465/457/865
f 465/457/865 466/458/866 648/453/859
f 649/454/861 648/453/859 466/458/866
f 466/458/866 467/459/867 649/454/861
f 650/455/868 649/454/861 467/459/867
f 467/459/867 468/460/869 650/455/868
f 651/461/870 650/455/868 468/460/869
f 468/460/869 652/548/871 651/461/872
f 640/449/849 639/447/848 649/454/861
f 649/454/873 650/455/868 640/449/849
f 653/451/874 640/449/849 650/455/868
f 650/455/868 651/461/872 653/451/874
f 654/462/875 653/451/874 651/461/872
f 651/461/872 655/463/876 654/462/875
f 655/463/876 651/461/872 652/548/871
f 652/548/871 656/549/877 655/463/876
f 656/549/877 657/550/878 658/465/879
f 658/465/879 655/463/876 656/549/877
f 655/463/876 658/465/879 659/464/880
f 659/464/880 654/462/875 655/463/876
f 654/462/875 659/464/880 660/467/881
f 660/467/881 661/466/882 654/462/875
f 653/451/874 654/462/875 661/466/882
f 661/466/882 662/450/883 653/451/874
f 640/449/849 653/451/874 662/450/883
f 662/450/883 641/448/850 640/449/849
f 660/467/881 346/347/884 349/349/885
f 349/349/885 480/469/886 660/467/881
f 661/466/882 660/467/881 480/469/887
f 480/469/887 481/470/888 661/466/882
f 662/450/883 661/466/882 481/470/888
f 481/470/888 482/471/889 662/450/883
f 641/448/850 662/450/883 482/471/889
f 482/471/889 483/472/890 641/448/850
f 635/446/839 641/448/850 483/472/890
f 483/472/890 484/473/840 635/446/839
f 663/551/891 257/257/892 495/258/892
f 495/258/892 494/270/893 663/551/891
f 664/552/894 663/551/891 494/270/893
f 494/270/893 665/468/895 664/552/894
f 657/550/878 664/552/894 665/468/895
f 665/468/895 658/465/879 657/550/878
f 658/465/879 665/468/895 347/348/896
f 347/348/896 659/464/880 658/465/879
f 346/347/897 659/464/880 347/348/896
f 346/347/898 660/467/881 659/464/880
f 263/263/899 350/349/900 348/347/901
f 348/347/901 487/262/902 263/263/899
f 487/262/902 348/347/901 347/348/896
f 347/348/896 489/271/903 487/262/902
f 489/271/903 347/348/896 665/468/895
f 665/468/895 494/270/893 489/271/903
f 666/553/904 549/485/905 551/487/906
f 551/487/906 667/554/907 666/553/904
f 667/554/907 551/487/906 552/488/908
f 552/488/908 668/555/909 667/554/907
f 668/555/909 552/488/908 554/490/910
f 554/490/910 669/556/910 668/555/909
f 670/557/911 553/489/911 550/486/912
f 550/486/912 671/558/913 670/557/914
f 671/558/913 550/486/912 548/484/915
f 548/484/915 672/559/916 671/558/913
f 672/559/916 548/484/915 547/483/917
f 547/483/917 673/560/918 672/559/916
f 673/560/918 547/483/917 546/482/919
f 546/482/919 674/561/920 673/560/918
f 674/561/920 546/482/919 549/485/905
f 549/485/905 666/553/904 674/561/920
f 343/562/74 666/553/74 667/554/74
f 667/554/74 341/563/74 343/562/74
f 341/563/74 667/554/74 668/555/74
f 668/555/74 340/564/74 341/563/74
f 340/564/74 668/555/74 669/556/74
f 669/556/74 339/565/74 340/564/74
f 298/566/74 670/557/74 671/558/74
f 671/558/74 292/567/74 298/566/74
f 292/567/74 671/558/74 672/559/74
f 672/559/74 290/568/74 292/567/74
f 290/568/74 672/559/74 673/560/74
f 673/560/74 287/569/74 290/568/74
f 287/569/74 673/560/74 674/561/74
f 674/561/74 345/570/74 287/569/74
f 345/570/74 674/561/74 666/553/74
f 666/553/74 343/562/74 345/570/74
f 84/90/921 364/357/922 675/356/923
f 675/356/924 676/89/925 84/90/921
f 82/88/926 84/90/81 676/89/81
f 676/89/81 677/42/927 82/88/926
f 678/43/928 679/45/929 680/66/930
f 680/66/930 681/64/931 678/43/928
f 677/42/927 678/43/928 681/64/931
f 681/64/931 682/62/932 677/42/927
f 82/88/926 677/42/927 682/62/932
f 682/62/932 55/59/933 82/88/926
f 683/37/934 39/39/935 54/58/935
f 54/58/935 684/56/936 683/37/934
f 685/36/937 683/37/934 684/56/936
f 684/56/936 686/54/938 685/36/937
f 687/49/939 685/36/937 686/54/938
f 686/54/938 688/51/940 687/49/939
f 689/47/941 687/49/939 688/51/940
f 688/51/940 690/68/942 689/47/941
f 679/45/929 689/47/941 690/68/942
f 690/68/942 680/66/930 679/45/929
f 677/42/943 676/89/944 675/356/945
f 675/356/945 313/41/946 677/42/943
f 355/571/947 376/368/948 691/366/949
f 691/366/949 692/572/950 355/571/947
f 692/572/950 691/366/949 693/364/951
f 693/364/951 694/573/952 692/572/950
f 694/573/952 693/364/951 695/360/953
f 695/360/953 696/574/954 694/573/952
f 696/574/955 695/360/953 369/361/956
f 369/361/956 362/575/957 696/574/955
f 286/576/958 370/362/959 697/363/960
f 697/363/960 279/577/961 286/576/958
f 279/577/961 697/363/960 698/365/962
f 698/365/962 277/578/963 279/577/961
f 277/578/963 698/365/962 699/367/964
f 699/367/964 275/579/965 277/578/963
f 275/579/965 699/367/964 377/369/966
f 377/369/966 272/580/967 275/579/965
f 309/309/968 700/359/969 366/358/970
f 366/358/970 310/310/971 309/309/968
f 313/313/972 675/479/973 701/480/974
f 701/480/974 312/312/975 313/313/976
f 312/312/975 701/480/974 700/359/977
f 700/359/977 309/309/978 312/312/975
f 702/488/74 554/490/74 553/489/74
f 553/489/74 703/486/74 702/488/74
f 704/487/74 702/488/74 703/486/74
f 705/485/74 704/487/74 703/486/74
f 703/486/74 706/484/74 705/485/74
f 707/482/74 705/485/74 706/484/74
f 706/484/74 708/483/74 707/482/74
f 709/398/979 397/389/980 407/399/981
f 710/390/982 394/386/983 397/389/980
f 397/389/980 709/398/979 710/390/984
f 711/397/985 710/390/982 709/398/979
f 712/387/986 391/383/987 394/386/983
f 394/386/983 710/390/982 712/387/986
f 713/391/988 712/387/986 710/390/989
f 710/390/982 711/397/985 713/391/988
f 617/393/815 713/391/988 711/397/985
f 616/395/814 618/416/816 629/396/828
f 629/396/828 714/394/990 616/395/814
f 617/393/815 616/395/814 714/394/990
f 714/394/990 715/392/26 617/393/815
f 713/391/988 617/393/815 715/392/26
f 715/392/26 716/388/23 713/391/988
f 712/387/986 713/391/988 716/388/23
f 716/388/23 717/385/22 712/387/986
f 391/383/987 712/387/986 717/385/22
f 717/385/22 392/384/29 391/383/987
f 718/496/740 719/498/991 720/497/991
f 720/497/991 721/495/740 718/496/740
f 722/494/741 718/496/992 721/495/992
f 721/495/993 723/493/741 722/494/744
f 724/491/994 722/494/741 723/493/742
f 723/493/741 725/492/994 724/491/994
f 726/508/995 724/491/994 725/492/994
f 725/492/745 727/507/995 726/508/995
f 728/506/749 726/508/995 727/507/995
f 727/507/995 729/505/750 728/506/750
f 730/504/751 728/506/749 729/505/749
f 729/505/996 731/503/751 730/504/753
f 732/502/755 730/504/751 731/503/752
f 731/503/751 733/501/755 732/502/755
f 719/499/997 732/502/998 733/501/998
f 733/501/998 720/500/997 719/499/997
f 361/574/999 362/575/1000 369/361/1001
f 369/361/1001 368/360/1002 361/574/999
f 359/573/1003 361/574/1004 368/360/1002
f 368/360/1002 372/364/1005 359/573/1003
f 734/572/1006 359/573/1003 372/364/1005
f 372/364/1005 374/366/1007 734/572/1006
f 355/571/1008 734/572/1006 374/366/1007
f 374/366/1007 376/368/1009 355/571/1008
f 508/579/1010 272/580/1011 377/369/1012
f 377/369/1012 375/367/1013 508/579/1010
f 507/578/1014 508/579/1010 375/367/1013
f 375/367/1013 373/365/1015 507/578/1014
f 506/577/1016 507/578/1014 373/365/1015
f 373/365/1015 371/363/1017 506/577/1016
f 286/576/1018 506/577/1016 371/363/1017
f 371/363/1017 370/362/1019 286/576/1018
f 735/312/1020 365/309/1021 367/359/1022
f 367/359/1022 544/480/1023 735/312/1020
f 41/313/1024 735/312/1020 544/480/1023
f 544/480/1023 363/479/1025 41/313/1026
f 589/533/81 591/535/81 587/531/81
f 585/529/81 587/531/81 591/535/81
f 591/535/81 593/537/81 585/529/81
f 583/527/81 585/529/81 593/537/81
f 593/537/81 595/539/81 583/527/81
f 582/526/81 583/527/81 595/539/81
f 595/539/81 597/541/81 582/526/81
f 603/547/81 582/526/81 597/541/81
f 597/541/81 599/543/81 603/547/81
f 599/543/81 601/545/81 603/547/81
f 318/318/396 321/321/399 736/477/1027
f 736/477/1027 316/316/394 318/318/396
f 316/316/394 736/477/1027 737/476/1028
f 737/476/1028 315/315/392 316/316/394
f 315/315/393 737/476/1028 738/581/1029
f 738/581/1029 314/314/391 315/315/393
f 314/314/391 738/581/1029 313/313/390
f 376/368/1030 377/369/1031 699/367/1032
f 699/367/1032 691/366/1033 376/368/1030
f 691/366/1033 699/367/1032 698/365/1034
f 698/365/1034 693/364/1035 691/366/1033
f 693/364/1035 698/365/1034 697/363/1036
f 697/363/1036 695/360/1037 693/364/1035
f 695/360/1037 697/363/1036 370/362/1038
f 370/362/1039 369/361/1039 695/360/1037
f 727/519/774 725/518/1040 739/510/1041
f 740/517/766 739/510/1041 725/518/1042
f 725/518/1042 723/507/776 740/517/1043
f 741/516/1044 740/517/1045 723/507/776
f 723/507/776 721/523/1046 741/516/1044
f 742/515/760 741/516/1044 721/523/1046
f 721/523/1046 720/522/768 742/515/760
f 743/514/761 742/515/760 720/522/768
f 720/522/768 733/521/1047 743/514/761
f 744/509/81 741/516/1044 742/515/760
f 744/509/81 742/515/760 743/514/761
f 744/509/81 743/514/761 745/513/762
f 745/513/762 743/514/761 733/521/769
f 733/521/769 731/508/770 745/513/762
f 746/512/1048 745/513/762 731/508/770
f 731/508/770 729/520/772 746/512/763
f 747/511/764 746/512/763 729/520/772
f 729/520/772 727/519/774 747/511/764
f 739/510/1041 747/511/764 727/519/774
f 744/509/81 745/513/762 746/512/763
f 744/509/81 746/512/763 747/511/764
f 744/509/81 747/511/764 739/510/1041
f 744/509/81 739/510/1041 740/517/766
f 744/509/81 740/517/766 741/516/1044
f 545/481/1049 366/358/1050 700/359/1051
f 700/359/1051 701/480/1052 545/481/1049
f 364/478/1053 545/481/1049 701/480/1054
f 701/480/1052 675/479/1055 364/478/1056
f 748/19/1057 20/20/1058 12/12/1059
f 12/12/1059 749/8/1060 748/19/1057
f 750/18/1061 748/19/1057 749/8/1060
f 749/8/1060 751/9/1062 750/18/1063
f 752/17/1064 750/18/1063 751/9/1062
f 751/9/1062 753/16/1065 752/17/1064
f 754/28/1066 753/16/1065 751/9/1062
f 751/9/1062 755/10/1067 754/28/1066
f 755/10/1067 751/9/1062 749/8/1060
f 749/8/1060 756/11/1068 755/10/1067
f 756/11/1068 749/8/1060 12/12/1059
f 12/12/1059 13/13/1069 756/11/1068
f 757/14/1070 752/17/1064 753/16/1065
f 753/16/1065 758/15/1071 757/14/1070
f 759/34/1072 757/14/1070 758/15/1071
f 758/15/1071 760/25/1073 759/34/1072
f 761/33/1074 759/34/1072 760/25/1073
f 760/25/1073 762/21/1075 761/33/1076
f 763/32/1077 761/33/1074 762/21/1075
f 762/21/1075 764/22/1078 763/32/1077
f 31/31/1079 763/32/1077 764/22/1078
f 764/22/1078 30/30/1080 31/31/1079
f 29/29/521 30/30/1080 764/22/1078
f 764/22/1078 765/23/522 29/29/521
f 765/23/522 764/22/1081 762/21/1075
f 762/21/1075 766/24/525 765/23/522
f 766/24/1082 762/21/1075 760/25/1073
f 760/25/1073 767/26/529 766/24/1082
f 767/26/529 760/25/1073 758/15/1071
f 758/15/1071 768/27/1083 767/26/529
f 768/27/1083 758/15/1071 753/16/1065
f 753/16/1065 754/28/1066 768/27/1083
f 696/354/1084 362/355/1085 254/254/1086
f 254/254/1087 253/253/1088 696/354/1084
f 694/353/1089 696/354/1084 253/253/1088
f 253/253/1088 260/260/1090 694/353/1089
f 769/352/1091 694/353/1089 260/260/1090
f 260/260/1090 261/261/1092 769/352/1091
f 355/351/1093 769/352/1091 261/261/1092
f 261/261/1092 268/268/1094 355/351/1093
f 204/204/1095 203/203/1096 226/226/1096
f 226/226/1096 224/224/1097 204/204/1095
f 206/206/1098 204/204/1095 224/224/1099
f 224/224/1097 220/220/1100 206/206/1098
f 197/197/1101 206/206/1098 220/220/1100
f 220/220/1100 221/221/1102 197/197/1101
f 193/193/1103 197/197/1101 221/221/1102
f 221/221/1102 222/222/1104 193/193/1103
f 194/194/1105 193/193/1103 222/222/1104
f 222/222/1104 223/223/1105 194/194/1105
f 770/533/81 771/531/81 772/535/81
f 772/535/81 771/531/81 773/529/81
f 773/529/81 774/537/81 772/535/81
f 774/537/81 773/529/81 775/527/81
f 775/527/81 776/539/81 774/537/81
f 776/539/81 775/527/81 777/526/81
f 777/526/81 778/541/81 776/539/81
f 778/541/81 777/526/81 779/547/81
f 779/547/81 780/543/81 778/541/81
f 780/543/81 779/547/81 781/545/81
f 738/44/1106 737/46/1107 679/45/1108
f 679/45/1108 678/43/1109 738/44/1106
f 313/41/1110 738/44/1106 678/43/1109
f 678/43/1109 677/42/1110 313/41/1110
f 324/38/1111 40/40/1112 39/39/1112
f 39/39/1113 683/37/1114 324/38/1111
f 322/35/1115 324/38/1111 683/37/1114
f 683/37/1114 685/36/1116 322/35/1115
f 321/50/1117 322/35/1115 685/36/1116
f 685/36/1116 687/49/1118 321/50/1117
f 736/48/1119 321/50/1117 687/49/1118
f 687/49/1118 689/47/1120 736/48/1119
f 737/46/1107 736/48/1119 689/47/1120
f 689/47/1120 679/45/1108 737/46/1107
f 681/64/1121 680/66/1122 759/65/1123
f 759/65/1123 761/63/1124 681/64/1121
f 682/62/1125 681/64/1121 761/63/1124
f 761/63/1124 763/61/1126 682/62/1125
f 55/59/1127 682/62/1125 763/61/1126
f 763/61/1126 31/60/1128 55/59/1127
f 684/56/1129 54/58/1130 20/57/1130
f 20/57/1130 748/55/1131 684/56/1129
f 686/54/1132 684/56/1129 748/55/1131
f 748/55/1131 750/53/1133 686/54/1132
f 688/51/1134 686/54/1132 750/53/1133
f 750/53/1133 752/52/1135 688/51/1134
f 690/68/1136 688/51/1134 752/52/1135
f 752/52/1135 757/67/1137 690/68/1136
f 680/66/1122 690/68/1136 757/67/1137
f 757/67/1137 759/65/1123 680/66/1122
f 782/559/1138 783/560/1139 708/483/1140
f 708/483/1140 706/484/1141 782/559/1138
f 784/558/1142 782/559/1138 706/484/1141
f 706/484/1141 703/486/1143 784/558/1142
f 670/557/1144 784/558/1142 703/486/1143
f 703/486/1143 553/489/1145 670/557/1145
f 785/555/1146 669/556/1147 554/490/1147
f 554/490/1147 702/488/1148 785/555/1146
f 786/554/1149 785/555/1146 702/488/1148
f 702/488/1148 704/487/1150 786/554/1149
f 787/553/1151 786/554/1149 704/487/1150
f 704/487/1150 705/485/1152 787/553/1151
f 788/561/1153 787/553/1151 705/485/1152
f 705/485/1152 707/482/1154 788/561/1153
f 783/560/1139 788/561/1153 707/482/1154
f 707/482/1154 708/483/1140 783/560/1139
f 786/554/74 787/553/74 789/562/74
f 789/562/74 790/563/74 786/554/74
f 785/555/74 786/554/74 790/563/74
f 790/563/74 791/564/74 785/555/74
f 669/556/74 785/555/74 791/564/74
f 791/564/74 339/565/74 669/556/74
f 784/558/74 670/557/74 298/566/74
f 298/566/74 514/567/74 784/558/74
f 782/559/74 784/558/74 514/567/74
f 514/567/74 512/568/74 782/559/74
f 783/560/74 782/559/74 512/568/74
f 512/568/74 511/569/74 783/560/74
f 788/561/74 783/560/74 511/569/74
f 511/569/74 792/570/74 788/561/74
f 787/553/74 788/561/74 792/570/74
f 792/570/74 789/562/74 787/553/74
f 793/582/1155 794/583/1156 795/584/1157
f 796/585/1158 795/584/1157 794/583/1156
f 795/584/1157 796/585/1158 797/586/1159
f 798/587/1160 797/586/1159 796/585/1158
f 796/585/1158 799/588/1161 798/587/1160
f 800/589/1162 798/587/1160 799/588/1161
f 799/588/1161 801/590/1163 800/589/1162
f 802/591/1164 800/589/1162 801/590/1163
f 801/590/1163 803/592/1165 802/591/1164
f 804/593/1166 802/591/1164 803/592/1167
f 805/594/1168 793/582/1155 806/595/1169
f 795/584/1157 806/595/1169 793/582/1155
f 806/595/1169 795/584/1157 807/596/1170
f 797/586/1159 807/596/1170 795/584/1157
f 807/596/1170 797/586/1159 808/597/1171
f 809/598/1172 808/597/1171 797/586/1159
f 797/586/1159 798/587/1160 809/598/1172
f 810/599/1173 809/598/1172 798/587/1160
f 798/587/1160 800/589/1162 810/599/1173
f 811/600/1174 810/599/1173 800/589/1162
f 812/601/1175 805/594/1168 813/602/1176
f 806/595/1169 813/602/1176 805/594/1168
f 813/602/1176 806/595/1169 814/603/1177
f 807/596/1170 814/603/1177 806/595/1169
f 814/603/1177 807/596/1170 815/604/1178
f 808/597/1171 815/604/1178 807/596/1170
f 815/604/1178 808/597/1171 816/605/1179
f 817/606/1180 816/605/1179 808/597/1171
f 808/597/1171 809/598/1172 817/606/1180
f 818/607/1181 817/606/1180 809/598/1172
f 819/608/1182 820/609/1183 821/610/1184
f 822/611/1185 821/610/1184 820/609/1183
f 820/609/1183 823/612/1186 822/611/1185
f 818/607/1181 822/611/1185 823/612/1186
f 823/612/1186 824/613/1187 818/607/1181
f 817/606/1180 818/607/1181 824/613/1187
f 824/613/1187 825/614/1188 817/606/1189
f 816/605/1179 817/606/1180 825/614/1188
f 825/614/1188 826/615/1190 816/605/1179
f 827/616/1191 816/605/1192 826/615/1190
f 809/598/1172 810/599/1173 818/607/1181
f 822/611/1185 818/607/1181 810/599/1173
f 810/599/1173 811/600/1174 822/611/1185
f 821/610/1184 822/611/1185 811/600/1174
f 811/600/1174 828/617/1193 821/610/1184
f 829/618/1194 821/610/1184 828/617/1193
f 828/617/1193 830/619/1195 829/618/1194
f 831/620/1196 829/618/1194 830/619/1195
f 830/619/1195 832/621/1197 831/620/1196
f 833/622/1198 831/620/1196 832/621/1197
f 800/589/1162 802/591/1164 811/600/1174
f 828/617/1193 811/600/1174 802/591/1164
f 802/591/1164 804/593/1166 828/617/1193
f 830/619/1195 828/617/1193 804/593/1166
f 804/593/1166 834/623/1199 830/619/1195
f 832/621/1197 830/619/1195 834/623/1199
f 834/623/1199 835/624/1200 832/621/1197
f 836/625/1201 832/621/1197 835/624/1200
f 835/624/1200 837/626/1202 836/625/1201
f 838/627/1203 836/625/1201 837/626/1202
f 803/592/1167 839/628/1204 804/593/1166
f 834/623/1199 804/593/1166 839/628/1204
f 839/628/1204 840/629/1205 834/623/1199
f 835/624/1200 834/623/1199 840/629/1205
f 840/629/1205 841/630/1206 835/624/1200
f 837/626/1202 835/624/1200 841/630/1207
f 841/630/1207 842/631/1208 837/626/1202
f 843/632/1209 837/626/1202 842/631/1208
f 842/631/1208 844/633/1210 843/632/1209
f 845/634/1211 843/632/1209 844/633/1210
f 846/635/1212 847/636/1213 840/629/1205
f 841/630/1207 840/629/1205 847/636/1213
f 847/636/1213 848/637/1214 841/630/1207
f 842/631/1208 841/630/1207 848/637/1214
f 848/637/1214 849/638/1215 842/631/1208
f 844/633/1210 842/631/1208 849/638/1215
f 849/638/1215 850/639/1216 844/633/1210
f 851/640/1217 844/633/1210 850/639/1216
f 850/639/1216 852/641/1218 851/640/1217
f 853/642/1219 851/640/1217 852/641/1218
f 844/633/1210 851/640/1217 845/634/1211
f 854/643/1220 845/634/1211 851/640/1217
f 851/640/1217 853/642/1219 854/643/1220
f 855/644/1221 854/643/1220 853/642/1222
f 853/642/1222 856/645/1223 855/644/1221
f 857/646/1224 855/644/1221 856/645/1223
f 856/645/1223 858/647/1225 857/646/1224
f 859/648/1226 857/646/1224 858/647/1225
f 852/641/1218 860/649/1227 853/642/1219
f 856/645/1223 853/642/1219 860/649/1227
f 860/649/1227 861/650/1228 856/645/1223
f 858/647/1225 856/645/1223 861/650/1228
f 816/605/1179 827/616/1191 815/604/1178
f 862/651/1229 815/604/1178 827/616/1191
f 815/604/1178 862/651/1229 814/603/1177
f 859/648/1226 814/603/1177 862/651/1229
f 814/603/1177 859/648/1226 813/602/1176
f 858/647/1225 813/602/1176 859/648/1226
f 813/602/1176 858/647/1225 812/601/1175
f 861/650/1228 812/601/1175 858/647/1225
f 812/601/1175 861/650/1228 863/652/1230
f 864/653/1231 863/652/1232 861/650/1228
f 865/654/1233 866/655/1234 867/656/1235
f 868/657/1236 867/656/1235 866/655/1234
f 866/655/1234 869/658/1237 868/657/1236
f 870/659/1238 868/657/1236 869/658/1237
f 869/658/1237 862/651/1229 870/659/1238
f 827/616/1191 870/659/1238 862/651/1229
f 870/659/1238 827/616/1191 871/660/1239
f 826/615/1190 871/660/1239 827/616/1191
f 871/660/1239 872/661/1240 870/659/1238
f 868/657/1236 870/659/1238 872/661/1240
f 872/661/1240 873/662/1241 868/657/1236
f 867/656/1235 868/657/1236 873/662/1241
f 873/662/1242 874/663/1243 867/656/1235
f 875/664/1244 867/656/1235 874/663/1243
f 874/663/1243 876/665/1245 875/664/1246
f 877/666/1247 875/664/1248 876/665/1245
f 876/665/1245 878/667/1249 877/666/1247
f 879/668/1250 877/666/1247 878/667/1249
f 832/621/1197 836/625/1201 833/622/1198
f 880/669/1251 833/622/1198 836/625/1201
f 836/625/1201 838/627/1203 880/669/1251
f 879/668/1250 880/669/1251 838/627/1203
f 838/627/1203 881/670/1252 879/668/1250
f 877/666/1247 879/668/1250 881/670/1252
f 881/670/1252 882/671/1253 877/666/1247
f 875/664/1244 877/666/1247 882/671/1253
f 882/671/1253 865/654/1233 875/664/1248
f 867/656/1235 875/664/1248 865/654/1233
f 837/626/1202 843/632/1209 838/627/1203
f 881/670/1252 838/627/1203 843/632/1209
f 843/632/1209 845/634/1211 881/670/1252
f 882/671/1253 881/670/1252 845/634/1211
f 845/634/1211 854/643/1220 882/671/1253
f 865/654/1233 882/671/1253 854/643/1220
f 854/643/1220 855/644/1221 865/654/1233
f 866/655/1234 865/654/1233 855/644/1221
f 855/644/1221 857/646/1224 866/655/1234
f 869/658/1237 866/655/1234 857/646/1224
f 857/646/1224 859/648/1226 869/658/1237
f 862/651/1229 869/658/1237 859/648/1226
f 469/461/608 652/548/1254 468/460/606
f 652/548/1254 469/461/608 471/463/610
f 471/463/610 656/549/1255 652/548/1254
f 656/549/1255 471/463/610 473/465/612
f 473/465/612 657/550/1256 656/549/1255
f 657/550/1256 473/465/612 478/468/617
f 478/468/617 664/552/1257 657/550/1256
f 664/552/1257 478/468/617 270/270/619
f 270/270/619 663/551/1258 664/552/1257
f 663/551/1258 270/270/619 258/258/1259
f 258/258/1259 257/257/1259 663/551/1258
f 883/524/1260 779/547/1261 777/526/1262
f 777/526/1262 884/525/1263 883/524/1260
f 884/525/1263 777/526/1262 775/527/791
f 775/527/791 885/528/791 884/525/1263
f 886/538/783 774/537/782 776/539/781
f 776/539/781 887/540/781 886/538/783
f 887/540/781 776/539/781 778/541/780
f 778/541/780 888/542/779 887/540/781
f 888/542/779 778/541/780 780/543/798
f 780/543/1264 889/544/1265 888/542/779
f 889/544/1265 780/543/798 781/545/797
f 781/545/797 890/546/797 889/544/1265
f 890/546/797 781/545/797 779/547/1261
f 779/547/1261 883/524/1260 890/546/797
f 885/528/791 775/527/791 773/529/1266
f 773/529/1266 891/530/1267 885/528/791
f 891/530/1267 773/529/1266 771/531/1268
f 771/531/1268 892/532/788 891/530/1267
f 892/532/788 771/531/1268 770/533/786
f 770/533/786 893/534/786 892/532/788
f 893/534/786 770/533/786 772/535/784
f 772/535/784 894/536/785 893/534/786
f 894/536/785 772/535/784 774/537/782
f 774/537/782 886/538/783 894/536/785
f 605/400/800 615/410/813 606/409/801
f 409/401/863 615/410/1269 605/400/800
f 605/400/800 410/402/1270 409/401/863
f 407/399/981 410/402/1270 605/400/800
f 605/400/800 604/403/799 407/399/981
f 407/399/981 604/403/799 709/398/979
f 608/404/805 709/398/979 604/403/799
f 709/398/979 608/404/805 711/397/985
f 610/405/808 711/397/985 608/404/805
f 711/397/985 610/405/808 617/393/815
f 895/672/74 826/673/74 825/674/74
f 825/674/74 896/675/74 895/672/74
f 896/675/74 825/674/74 824/676/74
f 824/676/74 897/677/74 896/675/74
f 897/677/74 824/676/74 823/678/74
f 823/678/74 898/679/74 897/677/74
f 898/679/74 823/678/74 820/680/74
f 820/680/74 899/681/74 898/679/74
f 899/681/74 820/680/74 819/682/74
f 819/682/74 900/683/74 899/681/74
f 900/683/74 819/682/74 901/684/74
f 901/684/74 902/685/74 900/683/74
f 902/685/74 901/684/74 903/686/74
f 903/686/74 904/687/74 902/685/74
f 905/688/74 904/687/74 903/686/74
f 903/686/74 906/689/74 905/688/74
f 905/688/74 906/689/74 907/690/74
f 907/690/74 908/691/74 905/688/74
f 908/691/74 907/690/74 878/692/74
f 878/692/74 864/693/74 908/691/74
f 864/693/74 878/692/74 876/694/74
f 876/694/74 863/695/74 864/693/74
f 863/695/74 876/694/74 874/696/74
f 874/696/74 909/697/74 863/695/74
f 909/697/74 874/696/74 873/698/74
f 873/698/74 910/699/74 909/697/74
f 910/699/74 873/698/74 872/700/74
f 872/700/74 911/701/74 910/699/74
f 911/701/74 872/700/74 871/702/74
f 871/702/74 912/703/74 911/701/74
f 912/703/74 871/702/74 826/673/74
f 826/673/74 895/672/74 912/703/74
f 794/583/1156 913/704/1271 796/585/1158
f 799/588/1161 796/585/1158 913/704/1271
f 913/704/1271 914/705/1272 799/588/1161
f 801/590/1163 799/588/1161 914/705/1272
f 914/705/1272 915/706/1273 801/590/1163
f 803/592/1167 801/590/1163 915/706/1273
f 915/706/1273 916/707/1274 803/592/1167
f 839/628/1204 803/592/1167 916/707/1274
f 916/707/1274 846/635/1212 839/628/1204
f 840/629/1205 839/628/1204 846/635/1212
f 848/637/1214 847/636/1213 900/708/1275
f 899/709/1276 900/708/1275 847/636/1213
f 847/636/1213 846/635/1212 899/709/1276
f 898/710/1277 899/709/1276 846/635/1212
f 846/635/1212 916/707/1274 898/710/1277
f 897/711/1278 898/710/1277 916/707/1274
f 916/707/1274 915/706/1273 897/711/1278
f 896/712/1279 897/711/1278 915/706/1273
f 915/706/1273 914/705/1272 896/712/1279
f 895/713/1280 896/712/1279 914/705/1272
f 914/705/1272 913/704/1271 895/713/1280
f 912/714/1281 895/713/1280 913/704/1271
f 913/704/1271 794/583/1156 912/714/1281
f 911/715/1282 912/714/1281 794/583/1156
f 794/583/1156 793/582/1155 911/715/1282
f 910/716/1283 911/715/1282 793/582/1155
f 793/582/1284 805/594/1168 910/716/1283
f 909/717/1285 910/716/1283 805/594/1168
f 805/594/1168 812/601/1175 909/717/1285
f 863/652/1230 909/717/1285 812/601/1175
f 339/340/713 791/341/1286 533/338/704
f 523/337/694 533/338/704 791/341/1286
f 791/341/1286 790/342/1287 523/337/694
f 522/343/693 523/337/694 790/342/1287
f 790/342/1288 789/344/1289 522/343/693
f 520/345/1290 522/343/693 789/344/1289
f 789/344/1289 792/346/1291 520/345/1290
f 516/288/687 520/345/1290 792/346/1291
f 792/346/1291 511/287/681 516/288/687
f 513/289/683 516/288/687 511/287/681
f 515/300/686 498/296/656 497/299/655
f 497/299/655 518/301/1292 515/300/686
f 518/301/1292 497/299/655 365/309/666
f 365/309/666 527/308/698 518/301/689
f 527/308/698 365/309/666 735/312/1293
f 735/312/1293 528/314/699 527/308/698
f 528/314/699 735/312/1293 41/313/1294
f 41/313/1294 44/581/1295 528/314/699
f 529/315/707 528/314/699 44/581/1295
f 44/581/1295 46/476/706 529/315/707
f 878/667/1249 907/718/1296 879/668/1250
f 880/669/1251 879/668/1250 907/718/1296
f 907/718/1296 906/719/1297 880/669/1251
f 833/622/1198 880/669/1251 906/719/1297
f 906/719/1297 903/720/1298 833/622/1198
f 831/620/1196 833/622/1198 903/720/1298
f 903/720/1298 901/721/1299 831/620/1196
f 829/618/1194 831/620/1196 901/721/1299
f 901/721/1299 819/608/1182 829/618/1194
f 821/610/1184 829/618/1194 819/608/1182
f 861/650/1228 860/649/1227 864/653/1231
f 908/722/1300 864/653/1231 860/649/1301
f 860/649/1301 852/641/1218 908/722/1300
f 905/723/1302 908/722/1300 852/641/1218
f 852/641/1218 850/639/1216 905/723/1302
f 904/724/1303 905/723/1302 850/639/1216
f 850/639/1216 849/638/1215 904/724/1303
f 902/725/1304 904/724/1303 849/638/1215
f 849/638/1215 848/637/1214 902/725/1304
f 900/708/1275 902/725/1304 848/637/1305
