# Blender v2.76 (sub 0) OBJ File: ''
# www.blender.org
mtllib Ferelden Table.mtl
o Model001_24_tablefer_0.8_9_1
v 0.608917 0.845245 -0.705228
v 0.573079 0.849731 0.760277
v 0.866922 0.848044 0.774603
v 0.870938 0.832130 -0.724721
v -0.610631 0.844001 0.757412
v -0.868636 0.849299 -0.722443
v -0.872089 0.830843 0.776904
v -0.574511 0.850974 -0.707530
v 0.870938 0.830805 -0.724721
v 0.868636 0.757976 -0.722443
v 0.615211 0.771174 -0.699498
v 0.608917 0.844004 -0.705228
v 0.866922 0.847996 0.774603
v 0.577940 0.771737 0.756261
v 0.862342 0.771737 0.770610
v 0.573079 0.849731 0.760277
v 0.573079 0.849731 0.760277
v 0.608917 0.844004 -0.705228
v 0.870938 0.830805 -0.724721
v 0.866922 0.847996 0.774603
v -0.616361 0.771174 0.752245
v -0.872089 0.830805 0.776904
v -0.870374 0.757975 0.775190
v -0.610631 0.844001 0.757412
v -0.868636 0.847997 -0.722443
v -0.579373 0.771738 -0.704077
v -0.864057 0.771738 -0.717840
v -0.574511 0.849735 -0.707530
v -0.574511 0.849735 -0.707530
v -0.610631 0.844001 0.757412
v -0.872089 0.830805 0.776904
v -0.868636 0.847997 -0.722443
v -0.626108 0.822770 0.224751
v -0.835382 0.822770 0.213008
v -0.823921 0.822770 0.224751
v -0.614060 0.822770 0.213008
v -0.614060 0.822770 -0.174446
v -0.835382 0.822770 -0.174446
v -0.626108 0.822770 -0.186188
v -0.823921 0.822770 -0.186188
v 0.835382 0.822770 0.213008
v 0.625544 0.822770 0.224751
v 0.823921 0.822770 0.224751
v 0.614060 0.822770 0.213008
v 0.835382 0.822770 -0.174446
v 0.614060 0.822770 -0.174446
v 0.625544 0.822770 -0.186188
v 0.823921 0.822770 -0.186188
v -0.930002 0.554150 -0.097321
v -0.931130 0.569932 0.011790
v -0.821056 0.587686 0.011790
v -0.822207 0.566480 -0.113456
v -0.930566 0.309320 -0.060427
v -0.821620 0.293843 -0.073132
v -0.821620 0.288536 0.011789
v -0.932280 0.307324 0.011789
v 0.879533 0.274492 -0.039502
v 0.870374 0.296145 -0.059229
v 0.892145 0.296145 -0.057327
v 0.866922 0.296145 -0.021653
v 0.857739 0.296145 -0.041380
v 0.888716 0.296145 -0.019774
v 0.901327 0.296145 -0.037599
v 0.884113 0.362936 -0.123061
v 0.862342 0.368384 -0.101924
v 0.874954 0.386162 -0.105001
v 0.896748 0.384143 -0.104719
v 0.871502 0.348892 -0.098472
v 0.893296 0.347177 -0.098190
v 0.905907 0.364650 -0.101267
v 0.882398 0.489660 -0.142483
v 0.860628 0.493371 -0.120971
v 0.873239 0.511149 -0.122568
v 0.895010 0.509435 -0.122333
v 0.869787 0.473879 -0.119256
v 0.891581 0.471882 -0.119045
v 0.904193 0.489660 -0.120618
v 0.882398 0.595718 -0.057937
v 0.860628 0.574230 -0.052277
v 0.873239 0.577376 -0.034711
v 0.895010 0.577095 -0.036566
v 0.869787 0.570777 -0.071746
v 0.891581 0.570495 -0.073602
v 0.904193 0.573642 -0.056011
v 0.879533 0.274492 0.063081
v 0.857739 0.296145 0.064959
v 0.866922 0.296145 0.045232
v 0.901327 0.296145 0.061178
v 0.892145 0.296145 0.080906
v 0.888716 0.296145 0.043330
v 0.884113 0.362936 0.146640
v 0.874954 0.386162 0.128580
v 0.862342 0.368384 0.125503
v 0.896748 0.384143 0.128298
v 0.871502 0.348892 0.122051
v 0.905907 0.364650 0.124846
v 0.893296 0.347177 0.121769
v 0.882398 0.489660 0.166132
v 0.873239 0.511149 0.146147
v 0.860628 0.493371 0.144550
v 0.895010 0.509435 0.145912
v 0.869787 0.473879 0.142835
v 0.904193 0.489660 0.144197
v 0.891581 0.471882 0.142694
v 0.882398 0.595718 0.081493
v 0.865771 0.576508 0.063926
v 0.861755 0.572797 0.085062
v 0.885851 0.577658 0.056575
v -0.929415 0.554150 0.120900
v -0.820492 0.587686 0.011790
v -0.930566 0.569932 0.011790
v -0.821620 0.566480 0.137035
v -0.819905 0.428294 0.141262
v -0.930566 0.430878 0.122474
v -0.930002 0.326816 0.104203
v -0.821056 0.311621 0.117401
v -0.821620 0.293843 0.096687
v -0.930002 0.309320 0.084006
v -0.821056 0.288536 0.011789
v -0.931717 0.307324 0.011789
v 0.637568 0.562464 0.013199
v -0.624393 0.531792 0.127641
v 0.637568 0.539824 0.132220
v -0.624393 0.560467 0.013199
v 0.637568 0.325102 0.096828
v -0.624393 0.330832 0.095678
v 0.878383 0.570214 0.098825
v 0.903042 0.575380 0.070384
v 0.899026 0.571646 0.091521
v -0.879533 0.274492 -0.039502
v -0.901327 0.296145 -0.037599
v -0.892145 0.296145 -0.057327
v -0.857739 0.296145 -0.041380
v -0.888716 0.296145 -0.019774
v -0.884113 0.362936 -0.123061
v -0.874954 0.386162 -0.105001
v -0.862342 0.368384 -0.101924
v -0.896161 0.384143 -0.104719
v -0.871502 0.348892 -0.098472
v -0.905343 0.364650 -0.101267
v -0.893296 0.347177 -0.098190
v -0.882398 0.489660 -0.142483
v -0.872652 0.511149 -0.122568
v -0.860628 0.493371 -0.120971
v -0.894446 0.509435 -0.122333
v -0.869787 0.473879 -0.119256
v -0.903629 0.489660 -0.120618
v -0.891581 0.471882 -0.119045
v -0.882398 0.595718 -0.057937
v -0.872652 0.577376 -0.034711
v -0.860628 0.574230 -0.052277
v -0.894446 0.577095 -0.036566
v -0.869787 0.570777 -0.071746
v -0.903629 0.573642 -0.056011
v -0.891581 0.570495 -0.073602
v -0.879533 0.274492 0.063081
v -0.857739 0.296145 0.064959
v -0.892145 0.296145 0.080906
v -0.888716 0.296145 0.043330
v -0.884113 0.362936 0.146640
v -0.862342 0.368384 0.125503
v -0.874954 0.386162 0.128580
v -0.896161 0.384143 0.128298
v -0.871502 0.348892 0.122051
v -0.893296 0.347177 0.121769
v -0.905343 0.364650 0.124846
v -0.882398 0.489660 0.166132
v -0.860628 0.493371 0.144550
v -0.872652 0.511149 0.146147
v -0.894446 0.509435 0.145912
v -0.869787 0.473879 0.142835
v -0.891581 0.471882 0.142694
v -0.903629 0.489660 0.144197
v -0.882398 0.595718 0.081493
v -0.860628 0.574230 0.075833
v -0.872652 0.577376 0.058266
v -0.894446 0.577095 0.060168
v -0.869787 0.570777 0.095325
v -0.891581 0.570495 0.097181
v -0.903629 0.573642 0.079637
v 0.895010 0.379845 -0.115029
v 0.876105 0.381583 -0.115311
v 0.903042 0.362936 -0.112023
v 0.892145 0.347741 -0.109369
v 0.865208 0.366388 -0.112587
v 0.873239 0.349456 -0.109651
v 0.926550 0.593440 -0.053968
v 0.950059 0.571928 -0.008971
v 0.927137 0.598583 -0.038914
v 0.956376 0.567067 -0.069703
v 0.926550 0.593440 -0.053968
v 0.927137 0.598583 -0.038914
v 0.934018 0.596869 -0.052724
v 1.194889 0.378999 -0.016134
v 1.197190 0.378999 -0.014161
v 1.194889 0.379563 -0.011813
v 1.212080 0.351193 -0.020080
v 1.160483 0.371249 0.012095
v 1.217810 0.352908 0.012095
v 1.158182 0.365801 -0.034593
v 1.123213 0.385012 0.012095
v 1.124927 0.375829 -0.039126
v 1.092823 0.383579 0.012095
v 1.062434 0.366670 -0.054532
v 1.053838 0.399925 -0.059346
v 1.076196 0.398774 0.012095
v 1.104284 0.432897 -0.054180
v 1.114054 0.414250 0.012095
v 1.142142 0.403940 -0.033442
v 1.149586 0.394758 0.012095
v 1.177674 0.398774 -0.032879
v 1.183428 0.394476 0.012095
v 1.213230 0.414532 -0.032315
v 1.217810 0.414837 0.012095
v -0.928852 0.593440 -0.054297
v -0.952360 0.571928 -0.009276
v -0.958654 0.567067 -0.070032
v -0.929415 0.598583 -0.039243
v -1.194889 0.378999 -0.016439
v -1.194889 0.379563 -0.012118
v -1.198318 0.378999 -0.014467
v -0.930002 0.309320 -0.060427
v -0.928852 0.291988 0.011789
v -0.927701 0.296990 -0.070314
v -0.927137 0.315074 -0.090957
v -0.821056 0.311621 -0.093822
v -0.930002 0.326816 -0.080624
v -0.819905 0.428294 -0.117683
v -0.927701 0.428600 -0.113949
v -0.930566 0.430878 -0.098895
v -0.929415 0.534376 -0.112234
v -0.927137 0.543558 -0.124846
v -0.821620 0.546423 -0.128862
v -0.927137 0.563614 -0.109510
v -0.821620 0.566480 -0.113456
v -0.929415 0.554150 -0.097321
v -0.927701 0.585127 0.011790
v -1.163348 0.371249 0.011789
v -1.214381 0.351193 -0.020385
v -1.221262 0.352908 0.011789
v -1.161047 0.365801 -0.034899
v -1.125514 0.385012 0.011789
v 0.874367 0.507720 -0.133159
v 0.893296 0.505982 -0.133018
v 0.901327 0.489073 -0.131515
v 0.863493 0.492220 -0.131797
v 0.871502 0.475311 -0.130294
v 0.890430 0.473597 -0.130153
v 0.893296 0.587123 -0.040817
v 0.901327 0.584539 -0.057655
v 0.874367 0.587686 -0.039196
v 0.890430 0.581674 -0.072897
v 0.871502 0.581956 -0.071277
v 0.863493 0.585127 -0.054438
v 0.870374 0.296145 0.082855
v 0.895010 0.379845 0.138608
v 0.903042 0.362936 0.135602
v 0.876105 0.381583 0.138890
v 0.865208 0.366388 0.136166
v 0.892145 0.347741 0.132948
v 0.873239 0.349455 0.133230
v 0.893296 0.505982 0.156527
v 0.874367 0.507720 0.156668
v 0.901327 0.489073 0.155094
v 0.863493 0.492220 0.155376
v 0.890430 0.473597 0.153803
v 0.871502 0.475311 0.153944
v 0.885851 0.587686 0.061319
v 0.868073 0.586841 0.067684
v 0.864620 0.583694 0.086002
v 0.878970 0.581392 0.097909
v 0.896748 0.582543 0.091591
v 0.900177 0.585690 0.073273
v -0.870374 0.296145 -0.059229
v -0.866922 0.296145 -0.021653
v -0.895010 0.379845 -0.115029
v -0.876105 0.381583 -0.115311
v -0.902478 0.362936 -0.112023
v -0.865208 0.366388 -0.112587
v -0.873239 0.349456 -0.109651
v -0.892145 0.347741 -0.109369
v -0.892732 0.505982 -0.133018
v -0.874367 0.507720 -0.133159
v -0.889867 0.473597 -0.130153
v -0.900740 0.489073 -0.131515
v -0.863493 0.492220 -0.131797
v -0.871502 0.475311 -0.130294
v -0.900740 0.584539 -0.057655
v -0.892732 0.587123 -0.040817
v -0.874367 0.587686 -0.039196
v -0.863493 0.585127 -0.054438
v -0.889867 0.581674 -0.072897
v -0.871502 0.581956 -0.071277
v -0.870374 0.296145 0.082855
v -0.866922 0.296145 0.045232
v -0.901327 0.296145 0.061178
v -0.895010 0.379845 0.138608
v -0.876105 0.381583 0.138890
v -0.902478 0.362936 0.135602
v -0.892145 0.347741 0.132948
v -0.865208 0.366388 0.136166
v -0.873239 0.349455 0.133230
v -0.892732 0.505982 0.156527
v -0.900740 0.489073 0.155094
v -0.874367 0.507720 0.156668
v -0.889867 0.473597 0.153803
v -0.871502 0.475311 0.153944
v -0.863493 0.492220 0.155376
v -0.892732 0.587123 0.064396
v -0.874367 0.587686 0.062775
v -0.900740 0.584539 0.081281
v -0.863493 0.585127 0.077970
v -0.889867 0.581674 0.096476
v -0.871502 0.581956 0.094809
v -1.127229 0.375829 -0.039455
v -1.095125 0.383579 0.011789
v -1.064735 0.366670 -0.054861
v -1.056140 0.399925 -0.059628
v -1.078498 0.398774 0.011789
v -1.106586 0.432897 -0.054461
v -1.116919 0.414250 0.011789
v -1.145007 0.403940 -0.033748
v -1.152451 0.394758 0.011789
v -1.179976 0.398774 -0.033184
v -1.185706 0.394476 0.011789
v -1.215532 0.414532 -0.032620
v -1.220111 0.414837 0.011789
v -0.928852 0.593440 0.077829
v -0.952360 0.571928 0.032855
v -0.929415 0.598583 0.062822
v -0.958654 0.567067 0.093611
v -1.194889 0.378999 0.039995
v -1.198318 0.378999 0.038046
v -1.194889 0.379563 0.035697
v -0.927701 0.296990 0.093893
v -0.927137 0.315073 0.114536
v -0.927701 0.428600 0.137528
v -0.929415 0.534376 0.135813
v -0.927137 0.543558 0.148495
v -0.821620 0.546423 0.152370
v -0.927137 0.563614 0.133089
v -1.214381 0.351193 0.043964
v -1.161047 0.365801 0.058477
v -1.127229 0.375829 0.063034
v -1.064735 0.366670 0.078416
v -1.056140 0.399925 0.083207
v -1.106586 0.432897 0.078040
v -1.145007 0.403940 0.057327
v -1.179976 0.398774 0.056763
v -1.215532 0.414532 0.056199
v -0.624393 0.531792 -0.101196
v 0.637568 0.539824 -0.105846
v 0.637568 0.325102 -0.070408
v -0.624393 0.330832 -0.069280
v 0.637568 0.317070 0.013199
v -0.624393 0.315637 0.013199
v 0.926550 0.593440 0.078181
v 0.950059 0.571928 0.033161
v 0.956376 0.567067 0.093893
v 0.927137 0.598583 0.063104
v 1.212080 0.351193 0.044293
v 1.158182 0.365801 0.058759
v 1.124927 0.375829 0.063362
v 1.062434 0.366670 0.078768
v 1.053838 0.399925 0.083489
v 1.104284 0.432897 0.078346
v 1.142142 0.403940 0.057632
v 1.177674 0.398774 0.057045
v 1.213230 0.414532 0.056505
v 0.890430 0.285389 -0.054978
v 0.871502 0.285389 -0.056622
v 0.898462 0.285389 -0.037834
v 0.887565 0.285389 -0.022405
v 0.860628 0.285389 -0.041146
v 0.868636 0.285389 -0.024048
v 0.890430 0.285389 0.078557
v 0.871502 0.285389 0.080201
v 0.898462 0.285389 0.061460
v 0.860628 0.285389 0.064724
v 0.887565 0.285389 0.045984
v 0.868636 0.285389 0.047627
v 1.197190 0.378999 0.038374
v 1.196040 0.395040 0.048661
v 1.194889 0.378999 0.040324
v 1.194889 0.378999 0.040324
v 1.194889 0.379563 0.036002
v 1.197190 0.378999 0.038374
v 0.928852 0.307324 0.012095
v 0.927701 0.309320 0.084287
v 0.926550 0.291988 0.012095
v 0.924836 0.296990 0.094175
v 0.832517 0.288536 0.012095
v 0.833104 0.293843 0.097040
v 0.927701 0.313923 0.097979
v 0.924836 0.302157 0.108007
v 0.833104 0.302744 0.107373
v 0.833104 0.311621 0.117683
v 0.924836 0.315073 0.114818
v 0.927137 0.326816 0.104578
v 0.831366 0.428294 0.141544
v 0.924836 0.428600 0.137833
v 0.927701 0.430878 0.122779
v 0.927137 0.534376 0.136095
v 0.924249 0.543558 0.148777
v 0.833104 0.546423 0.152793
v 0.927137 0.544122 0.128650
v 0.924249 0.557297 0.145700
v 0.833104 0.556451 0.145066
v 0.833667 0.566480 0.137316
v 0.924249 0.563614 0.133371
v 0.832517 0.587686 0.012095
v 0.927137 0.554150 0.121206
v 0.924836 0.585127 0.012095
v 0.928265 0.569932 0.012095
v 1.240755 0.466152 0.012095
v 1.239604 0.473597 -0.003194
v 1.239604 0.473597 0.012095
v 1.238453 0.462700 0.012095
v 1.235024 0.488510 0.012095
v 1.228143 0.472728 -0.009300
v 1.235024 0.488510 -0.006951
v 1.220111 0.493371 0.012095
v 1.220111 0.485363 -0.012987
v 1.205199 0.496236 0.012095
v 1.206349 0.478482 -0.037130
v 1.162197 0.501990 0.012095
v 1.213230 0.372964 0.031846
v 1.204071 0.362654 0.039243
v 1.212080 0.372682 0.035815
v 1.204071 0.362654 0.024941
v 1.190309 0.354622 0.042602
v 1.191437 0.354622 0.018295
v 1.212080 0.372682 0.035815
v 1.215532 0.370381 0.034053
v 1.213230 0.372964 0.031846
v 1.204071 0.362654 0.039243
v 1.215532 0.359507 0.033443
v 1.215532 0.370381 0.034053
v 1.204071 0.362654 0.024941
v 1.213230 0.372964 0.031846
v 1.210952 0.348892 0.032762
v 1.191437 0.354622 0.018295
v 1.194889 0.378999 0.040324
v 1.196040 0.395040 0.033325
v 1.194889 0.379563 0.036002
v 1.196040 0.395040 0.048661
v 1.193738 0.407651 0.031071
v 1.193738 0.407956 0.055401
v 0.955789 0.572492 -0.066180
v 0.988480 0.582825 -0.056434
v 0.991345 0.587123 -0.047909
v 0.963821 0.582825 -0.025716
v 0.951209 0.581674 -0.024471
v 0.955789 0.572492 -0.066180
v 0.951209 0.581674 -0.024471
v 1.196040 0.395040 -0.009136
v 1.207500 0.395040 -0.017332
v 1.193738 0.407651 -0.006881
v 1.214381 0.415401 -0.021348
v 1.193738 0.407956 -0.031211
v 1.196040 0.395040 -0.024471
v 1.197190 0.378999 -0.014161
v 1.194889 0.378999 -0.016134
v 0.927701 0.309320 -0.060121
v 0.924836 0.296990 -0.069985
v 0.833104 0.293843 -0.072827
v 0.927701 0.313923 -0.073813
v 0.924836 0.302157 -0.083794
v 0.833104 0.302744 -0.083137
v 0.833104 0.311621 -0.093540
v 0.924836 0.315074 -0.090652
v 0.927137 0.326816 -0.080342
v 0.831366 0.428294 -0.117401
v 0.924836 0.428600 -0.113667
v 0.927701 0.430878 -0.098613
v 0.927137 0.534376 -0.111882
v 0.924249 0.543558 -0.124564
v 0.833104 0.546423 -0.128580
v 0.927137 0.544122 -0.104484
v 0.924249 0.557297 -0.121558
v 0.833104 0.556451 -0.120830
v 0.833667 0.566480 -0.113174
v 0.924249 0.563614 -0.109158
v 0.927137 0.554150 -0.097040
v 0.927137 0.554150 -0.097040
v 0.934018 0.551872 -0.100703
v 0.934018 0.546705 -0.104414
v 0.956376 0.546987 -0.093611
v 0.927137 0.544122 -0.104484
v 0.934018 0.541820 -0.108148
v 0.927137 0.534376 -0.111882
v 0.927701 0.430878 -0.098613
v 0.956376 0.546987 0.117824
v 0.927137 0.554150 0.121206
v 0.934018 0.551872 0.124846
v 0.934018 0.546705 0.128580
v 0.927137 0.544122 0.128650
v 0.934018 0.541820 0.132314
v 1.208651 0.308192 0.043940
v 1.201770 0.303871 0.012095
v 1.210952 0.305891 0.012095
v 1.214381 0.313617 0.012095
v 1.210952 0.315637 0.043565
v 1.217810 0.352908 0.012095
v 1.200619 0.307042 0.045396
v 1.170817 0.305609 0.012095
v 1.212080 0.351193 0.044293
v 1.170817 0.313054 0.051362
v 1.130094 0.326252 0.012095
v 1.158182 0.365801 0.058759
v 0.927137 0.534376 0.136095
v 1.132959 0.329118 0.059299
v 1.028616 0.294712 0.012095
v 1.124927 0.375829 0.063362
v 1.027465 0.308756 0.073672
v 0.928852 0.307324 0.012095
v 0.927701 0.309320 0.084287
v 0.927701 0.313923 0.097979
v 1.062434 0.366670 0.078768
v 0.927701 0.430878 0.122779
v 1.030330 0.361785 0.087434
v 0.927137 0.326816 0.104578
v 1.032044 0.426580 0.098331
v 1.053838 0.399925 0.083489
v 1.239604 0.473597 0.027383
v 1.235024 0.488510 0.031141
v 1.220111 0.485363 0.037200
v 1.228143 0.472728 0.033513
v 1.236175 0.442925 0.012095
v 1.217810 0.414837 0.012095
v 1.213230 0.414532 0.056505
v 1.104284 0.432897 0.078346
v 1.177674 0.398774 0.057045
v 1.142142 0.403940 0.057632
v 1.206349 0.478482 0.061319
v 1.220111 0.446354 0.062329
v 1.159333 0.444640 0.074118
v 1.148436 0.493371 0.066721
v 1.138126 0.504855 0.058665
v 1.032631 0.490224 0.098543
v 1.033195 0.509716 0.097603
v 1.149023 0.519463 0.067143
v 1.136411 0.539542 0.067472
v 1.034909 0.551567 0.095537
v 1.040076 0.566198 0.068341
v 0.956376 0.567067 0.093893
v 0.988480 0.582825 0.080624
v 0.955789 0.572492 0.090370
v 0.991345 0.587123 0.072099
v 0.928265 0.569932 0.012095
v 0.950059 0.571928 0.033161
v 0.963821 0.582825 0.049882
v 0.951209 0.581674 0.048661
v 0.973567 0.569345 0.026796
v 0.979884 0.569626 0.012095
v 1.032044 0.566480 0.012095
v 1.208651 0.308192 -0.019727
v 1.210952 0.315637 -0.019375
v 1.212080 0.351193 -0.020080
v 1.200619 0.307042 -0.021230
v 1.170817 0.313054 -0.027149
v 1.158182 0.365801 -0.034593
v 1.120911 0.555019 0.012095
v 1.132959 0.329118 -0.035133
v 1.124927 0.375829 -0.039126
v 1.062434 0.366670 -0.054532
v -0.890430 0.285389 -0.054978
v -0.871502 0.285389 -0.056622
v -0.898462 0.285389 -0.037834
v -0.860628 0.285389 -0.041146
v -0.887565 0.285389 -0.022405
v -0.868636 0.285389 -0.024048
v -0.890430 0.285389 0.078557
v -0.871502 0.285389 0.080201
v -0.898462 0.285389 0.061460
v -0.887565 0.285389 0.045984
v -0.860628 0.285389 0.064724
v -0.868636 0.285389 0.047627
v -0.614060 0.663942 0.230927
v -0.614060 0.822778 0.213008
v -0.626108 0.822778 0.224751
v -0.626108 0.663942 0.242670
v -0.614060 0.504550 0.267611
v -0.626108 0.504550 0.279377
v -0.614060 0.437759 0.298141
v -0.626108 0.437759 0.309907
v -0.614060 0.372964 0.346896
v -0.626108 0.372964 0.358638
v -0.614060 0.314486 0.411667
v -0.614060 0.244102 0.530923
v -0.626108 0.314486 0.423433
v -0.626108 0.255727 0.532661
v -0.614060 0.233369 0.557884
v -0.626108 0.242951 0.565611
v -0.626108 0.223764 0.577377
v -0.614060 0.221603 0.565047
v -0.614060 0.039173 0.525475
v -0.626108 0.031446 0.535808
v -0.626108 0.010474 0.497105
v -0.614060 0.022099 0.498820
v -0.626108 0.010474 0.411972
v -0.614060 0.022193 0.414532
v -0.626108 0.024988 0.383015
v -0.614060 0.034405 0.390460
v -0.614060 0.232641 0.217165
v 1.027465 0.308756 -0.049483
v 0.927701 0.309320 -0.060121
v 1.121498 0.554737 0.012095
v 0.927701 0.313923 -0.073813
v 1.159920 0.541820 0.012095
v 1.213230 0.414532 -0.032315
v 1.030330 0.361785 -0.063221
v 0.927137 0.326816 -0.080342
v 1.220111 0.446354 -0.038139
v 1.177674 0.398774 -0.032879
v 1.142142 0.403940 -0.033442
v 1.104284 0.432897 -0.054180
v 1.159333 0.444640 -0.049929
v 1.168515 0.511431 0.012095
v 1.053838 0.399925 -0.059346
v 1.032044 0.426580 -0.074118
v 1.148436 0.493371 -0.042531
v 1.165063 0.506288 0.012095
v 1.032631 0.490224 -0.074400
v 1.138126 0.504855 -0.034476
v 1.149023 0.519463 -0.042977
v 1.136411 0.539542 -0.043283
v 1.033195 0.509716 -0.073390
v 1.040076 0.566198 -0.044152
v 0.973567 0.569345 -0.002583
v 0.950059 0.571928 -0.008971
v 0.963821 0.582825 -0.025716
v 0.951209 0.581674 -0.024471
v 0.991345 0.587123 -0.047909
v 1.034909 0.551567 -0.071347
v 0.956376 0.567067 -0.069703
v 0.988480 0.582825 -0.056434
v 0.955789 0.572492 -0.066180
v 1.204071 0.362654 -0.015030
v 1.213230 0.372964 -0.007656
v 1.212080 0.372682 -0.011625
v 1.204071 0.362654 -0.000751
v 1.190309 0.354622 -0.018436
v 1.191437 0.354622 0.005895
v 1.212080 0.372682 -0.011625
v 1.213230 0.372964 -0.007656
v 1.215532 0.370381 -0.009840
v 1.204071 0.362654 -0.015030
v 1.215532 0.359507 -0.009253
v 1.204071 0.362654 -0.000751
v 1.215532 0.370381 -0.009840
v 1.213230 0.372964 -0.007656
v 1.210952 0.348892 -0.008572
v 1.191437 0.354622 0.005895
v 1.196040 0.395040 -0.009136
v 1.194889 0.378999 -0.016134
v 1.194889 0.379563 -0.011813
v 1.196040 0.395040 -0.024471
v 1.193738 0.407651 -0.006881
v -0.936296 0.596869 -0.053005
v -0.958090 0.572492 -0.066509
v -0.991345 0.582825 -0.056716
v -0.993647 0.587123 -0.048238
v -0.928852 0.593440 -0.054297
v -0.966686 0.582825 -0.026021
v -0.929415 0.598583 -0.039243
v -0.954074 0.581674 -0.024776
v -0.958090 0.572492 -0.066509
v -0.954074 0.581674 -0.024776
v -1.196040 0.395040 -0.009441
v -1.207500 0.395040 -0.017637
v -1.193738 0.404222 -0.007186
v -1.214381 0.413405 -0.021653
v -1.193738 0.404504 -0.031517
v -1.196040 0.395040 -0.024777
v -1.198318 0.378999 -0.014467
v -1.194889 0.378999 -0.016439
v -1.243056 0.466152 0.011789
v -1.241905 0.473597 0.027078
v -1.241905 0.473597 0.011789
v -1.240755 0.462700 0.011789
v -1.237326 0.488510 0.011790
v -1.230445 0.472728 0.033208
v -1.237326 0.488510 0.030836
v -1.222413 0.493371 0.011790
v -1.223564 0.485363 0.036871
v -1.209802 0.478482 0.061037
v -1.207500 0.496236 0.011790
v -1.164499 0.501990 0.011790
v -1.213230 0.372964 -0.007961
v -1.204071 0.362654 -0.015336
v -1.212080 0.372682 -0.011930
v -1.204071 0.362654 -0.001057
v -1.191437 0.358074 -0.018741
v -1.191437 0.358074 0.005589
v -1.212080 0.372682 -0.011930
v -1.215532 0.370381 -0.010145
v -1.213230 0.372964 -0.007961
v -1.204071 0.362654 -0.015336
v -1.215532 0.359507 -0.009558
v -1.215532 0.370381 -0.010145
v -1.204071 0.362654 -0.001057
v -1.213230 0.372964 -0.007961
v -1.210952 0.352908 -0.008877
v -1.191437 0.358074 0.005589
v -1.194889 0.378999 -0.016439
v -1.196040 0.395040 -0.009441
v -1.194889 0.379563 -0.012118
v -1.196040 0.395040 -0.024777
v -1.193738 0.404222 -0.007186
v -0.958090 0.572492 0.090088
v -0.936296 0.596869 0.076608
v -0.991345 0.582825 0.080342
v -0.993647 0.587123 0.071817
v -0.928852 0.593440 0.077829
v -0.929415 0.598583 0.062822
v -0.966686 0.582825 0.049600
v -0.954074 0.581674 0.048332
v -0.958090 0.572492 0.090088
v -0.954074 0.581674 0.048332
v -1.196040 0.395040 0.033020
v -1.207500 0.395040 0.041216
v -1.193738 0.404222 0.030765
v -1.214381 0.413405 0.045232
v -1.193738 0.404504 0.055072
v -1.196040 0.395040 0.048379
v -1.198318 0.378999 0.038046
v -1.194889 0.378999 0.039995
v -0.929415 0.554150 0.120900
v -0.936296 0.551872 0.124564
v -0.936296 0.546705 0.128298
v -0.959241 0.546987 0.117472
v -0.626108 0.231773 0.205399
v -0.614060 0.261457 0.161553
v -0.626108 0.255727 0.155822
v -0.626108 0.255727 -0.117190
v -0.614060 0.261458 -0.122850
v -0.626108 0.231773 -0.166837
v -0.614060 0.232642 -0.178462
v -0.626108 0.024988 -0.344312
v -0.614060 0.034405 -0.351757
v -0.614060 0.022193 -0.376134
v -0.626108 0.010474 -0.373269
v -0.626108 0.010474 -0.458402
v -0.626108 0.031446 -0.497105
v -0.614060 0.022099 -0.460116
v -0.614060 0.039173 -0.486795
v -0.626108 0.223764 -0.538673
v -0.626108 0.242951 -0.527213
v -0.614060 0.221604 -0.526344
v -0.614060 0.233370 -0.519181
v -0.626108 0.255727 -0.493958
v -0.614060 0.244102 -0.492220
v -0.626108 0.314486 -0.385012
v -0.614060 0.314486 -0.373269
v -0.626108 0.372964 -0.320217
v -0.614060 0.372964 -0.308474
v -0.626108 0.437759 -0.271204
v -0.614060 0.437759 -0.259438
v -0.626108 0.504550 -0.240673
v -0.614060 0.504550 -0.228907
v -0.626108 0.663942 -0.203966
v -0.614060 0.663942 -0.192224
v -0.614060 0.822778 -0.174446
v -0.626108 0.822778 -0.186188
v -0.823921 0.031446 -0.497105
v -0.626108 0.010474 -0.458402
v -0.823921 0.010474 -0.458402
v -0.626108 0.031446 -0.497105
v -0.626108 0.223764 -0.538673
v -0.823921 0.223764 -0.538673
v -0.626108 0.242951 -0.527213
v -0.823921 0.242951 -0.527213
v -0.823921 0.255727 -0.493958
v -0.626108 0.255727 -0.493958
v -0.823921 0.314486 -0.385012
v -0.626108 0.314486 -0.385012
v -0.823921 0.372964 -0.320217
v -0.626108 0.372964 -0.320217
v -0.626108 0.437759 -0.271204
v -0.823921 0.437759 -0.271204
v -0.626108 0.504550 -0.240673
v -0.823921 0.504550 -0.240673
v -0.823921 0.663942 -0.203966
v -0.626108 0.663942 -0.203966
v -0.823921 0.822778 -0.186188
v -0.626108 0.822778 -0.186188
v -0.835382 0.663942 -0.192224
v -0.835382 0.822778 -0.174446
v -0.823921 0.822778 -0.186188
v -0.823921 0.663942 -0.203966
v -0.835382 0.504550 -0.228907
v -0.823921 0.504550 -0.240673
v -0.835382 0.437759 -0.259438
v -0.823921 0.437759 -0.271204
v -0.835382 0.372964 -0.308474
v -0.823921 0.372964 -0.320217
v -0.835382 0.314486 -0.373269
v -0.835382 0.244102 -0.492220
v -0.823921 0.314486 -0.385012
v -0.823921 0.255727 -0.493958
v -0.835382 0.233370 -0.519181
v -0.823921 0.242951 -0.527213
v -0.823921 0.223764 -0.538673
v -0.835382 0.221604 -0.526344
v -0.835382 0.039173 -0.486795
v -0.823921 0.031446 -0.497105
v -0.823921 0.010474 -0.458402
v -0.835382 0.022099 -0.460116
v -0.835382 0.022193 -0.376134
v -0.823921 0.010474 -0.373269
v -0.823921 0.024988 -0.344312
v -0.835382 0.034405 -0.351757
v -0.835382 0.232642 -0.178462
v -0.823921 0.231773 -0.166837
v -0.835382 0.261458 -0.122850
v -0.823921 0.255727 -0.117190
v -0.823921 0.255727 0.155822
v -0.835382 0.261457 0.161553
v -0.823921 0.231773 0.205399
v -0.835382 0.232641 0.217165
v -0.823921 0.024988 0.383015
v -0.835382 0.034405 0.390460
v -0.835382 0.022193 0.414532
v -0.823921 0.010474 0.411972
v -0.835382 0.663942 0.230927
v -0.835382 0.822778 0.213008
v -0.823921 0.822778 0.224751
v -0.823921 0.663942 0.242670
v -0.835382 0.504550 0.267611
v -0.823921 0.504550 0.279377
v -0.835382 0.437759 0.298141
v -0.823921 0.437759 0.309907
v -0.835382 0.372964 0.346896
v -0.823921 0.372964 0.358638
v -0.835382 0.314486 0.411667
v -0.823921 0.314486 0.423433
v -0.835382 0.244102 0.530923
v -0.823921 0.255727 0.532661
v -0.835382 0.233369 0.557884
v -0.823921 0.242951 0.565611
v -0.835382 0.221603 0.565047
v -0.823921 0.223764 0.577377
v -0.835382 0.039173 0.525475
v -0.823921 0.031446 0.535808
v -0.835382 0.022099 0.498820
v -0.823921 0.010474 0.497105
v -0.626108 0.010474 -0.458402
v -0.823921 0.010474 -0.373269
v -0.823921 0.010474 -0.458402
v -0.626108 0.010474 -0.373269
v -0.626108 0.024988 -0.344312
v -0.823921 0.024988 -0.344312
v -0.626108 0.231773 -0.166837
v -0.823921 0.231773 -0.166837
v -0.626108 0.255727 -0.117190
v -0.823921 0.255727 -0.117190
v -0.823921 0.255727 0.155822
v -0.626108 0.255727 0.155822
v -0.626108 0.231773 0.205399
v -0.823921 0.231773 0.205399
v -0.626108 0.024988 0.383015
v -0.823921 0.024988 0.383015
v -0.823921 0.010474 0.411972
v -0.626108 0.010474 0.411972
v -0.626108 0.010474 0.497105
v -0.823921 0.010474 0.497105
v -0.626108 0.031446 0.535808
v -0.823921 0.010474 0.497105
v -0.626108 0.010474 0.497105
v -0.823921 0.031446 0.535808
v -0.823921 0.223764 0.577377
v -0.626108 0.223764 0.577377
v -0.823921 0.242951 0.565611
v -0.626108 0.242951 0.565611
v -0.823921 0.255727 0.532661
v -0.626108 0.255727 0.532661
v -0.823921 0.314486 0.423433
v -0.626108 0.314486 0.423433
v -0.823921 0.372964 0.358638
v -0.626108 0.372964 0.358638
v -0.823921 0.437759 0.309907
v -0.626108 0.437759 0.309907
v -0.823921 0.504550 0.279377
v -0.626108 0.504550 0.279377
v -0.626108 0.663942 0.242670
v -0.823921 0.663942 0.242670
v -0.823921 0.822778 0.224751
v -0.626108 0.822778 0.224751
v 0.614060 0.663942 -0.192224
v 0.614060 0.822778 -0.174446
v 0.625544 0.822778 -0.186188
v 0.625544 0.663942 -0.203966
v 0.614060 0.504550 -0.228907
v 0.625544 0.504550 -0.240673
v 0.614060 0.437759 -0.259438
v 0.625544 0.437759 -0.271204
v 0.614060 0.372964 -0.308474
v 0.625544 0.372964 -0.320217
v 0.614060 0.314486 -0.373269
v 0.614060 0.244102 -0.492220
v 0.625544 0.314486 -0.385012
v 0.625544 0.255727 -0.493958
v 0.614060 0.233370 -0.519181
v 0.625544 0.242951 -0.527213
v 0.625544 0.223764 -0.538673
v 0.614060 0.221604 -0.526344
v 0.614060 0.039173 -0.486795
v 0.625544 0.031446 -0.497105
v 0.625544 0.010474 -0.458402
v 0.614060 0.022099 -0.460116
v 0.614060 0.022193 -0.376134
v 0.625544 0.010474 -0.373269
v 0.625544 0.024988 -0.344312
v 0.614060 0.034405 -0.351757
v 0.614060 0.232642 -0.178462
v 0.625544 0.231773 -0.166837
v 0.614060 0.261458 -0.122850
v 0.625544 0.255727 -0.117190
v 0.625544 0.255727 0.155822
v 0.614060 0.261457 0.161553
v 0.625544 0.231773 0.205399
v 0.614060 0.232641 0.217165
v 0.625544 0.024988 0.383015
v 0.614060 0.034405 0.390460
v 0.614060 0.022193 0.414532
v 0.625544 0.010474 0.411972
v 0.625544 0.010474 0.497105
v 0.625544 0.031446 0.535808
v 0.614060 0.022099 0.498820
v 0.614060 0.039173 0.525475
v 0.625544 0.223764 0.577377
v 0.625544 0.242951 0.565611
v 0.614060 0.221603 0.565047
v -0.929415 0.544122 0.128369
v -0.936296 0.541820 0.132009
v -0.929415 0.534376 0.135813
v -0.930566 0.430878 0.122474
v -0.959241 0.546987 -0.093893
v -0.929415 0.554150 -0.097321
v -0.936296 0.551872 -0.100985
v -0.936296 0.546705 -0.104719
v -0.929415 0.544122 -0.104790
v -0.936296 0.541820 -0.108430
v -1.210952 0.308192 -0.020033
v -1.205199 0.303871 0.011789
v -1.213230 0.305891 0.011789
v -1.216683 0.313617 0.011789
v -1.213230 0.315637 -0.019680
v -1.221262 0.352908 0.011789
v -1.202921 0.307042 -0.021536
v -1.173095 0.305609 0.011789
v -1.214381 0.351193 -0.020385
v -1.173682 0.313054 -0.027454
v -1.132395 0.326252 0.011789
v -1.161047 0.365801 -0.034899
v -0.929415 0.534376 -0.112234
v -1.135261 0.329118 -0.035439
v -1.031481 0.294712 0.011789
v -1.127229 0.375829 -0.039455
v -0.931717 0.307324 0.011789
v -1.029766 0.308756 -0.049811
v -0.930002 0.309320 -0.060427
v -0.930002 0.313923 -0.074118
v -1.064735 0.366670 -0.054861
v -0.930566 0.430878 -0.098895
v -1.032631 0.361785 -0.063527
v -0.930002 0.326816 -0.080624
v -1.034346 0.426580 -0.074400
v -1.056140 0.399925 -0.059628
v -1.241905 0.473597 -0.003499
v -1.237326 0.488510 -0.007257
v -1.223564 0.485363 -0.013292
v -1.230445 0.472728 -0.009605
v -1.238453 0.442925 0.011789
v -1.220111 0.414837 0.011789
v -1.215532 0.414532 -0.032620
v -1.106586 0.432897 -0.054461
v -1.179976 0.398774 -0.033184
v -1.145007 0.403940 -0.033748
v -1.209802 0.478482 -0.037458
v -1.222413 0.446354 -0.038421
v -1.162197 0.444640 -0.050211
v -1.150737 0.493371 -0.042860
v -1.140427 0.504855 -0.034781
v -1.034909 0.490224 -0.074682
v -1.036060 0.509716 -0.073672
v -1.151300 0.519463 -0.043259
v -1.139276 0.539542 -0.043564
v -1.037775 0.551567 -0.071629
v -1.042941 0.566198 -0.044480
v -0.958654 0.567067 -0.070032
v -0.991345 0.582825 -0.056716
v -0.958090 0.572492 -0.066509
v -0.993647 0.587123 -0.048238
v -0.930566 0.569932 0.011790
v -0.952360 0.571928 -0.009276
v -0.966686 0.582825 -0.026021
v -0.954074 0.581674 -0.024776
v -0.976432 0.569345 -0.002889
v -0.982750 0.569626 0.011790
v -1.034909 0.566480 0.011790
v -1.210952 0.308192 0.043612
v -1.213230 0.315637 0.043259
v -1.214381 0.351193 0.043964
v -1.202921 0.307042 0.045115
v -1.173682 0.313054 0.051033
v -1.161047 0.365801 0.058477
v -1.123800 0.555019 0.011790
v -1.135261 0.329118 0.059018
v -1.127229 0.375829 0.063034
v -1.064735 0.366670 0.078416
v -1.029766 0.308756 0.073390
v -0.930002 0.309320 0.084006
v -1.124364 0.554737 0.011790
v -0.930002 0.313923 0.097697
v -1.162785 0.541820 0.011790
v -1.215532 0.414532 0.056199
v -1.032631 0.361785 0.087082
v -0.930002 0.326816 0.104203
v -1.222413 0.446354 0.062000
v -1.179976 0.398774 0.056763
v -1.145007 0.403940 0.057327
v -1.106586 0.432897 0.078040
v -1.162197 0.444640 0.073813
v -1.170817 0.511431 0.011790
v -1.056140 0.399925 0.083207
v -1.034346 0.426580 0.097979
v -1.150737 0.493371 0.066439
v -1.167364 0.506288 0.011790
v -1.034909 0.490224 0.098261
v -1.140427 0.504855 0.058384
v -1.151300 0.519463 0.066838
v -1.139276 0.539542 0.067143
v -1.036060 0.509716 0.097251
v -1.042941 0.566198 0.068059
v -0.976432 0.569345 0.026491
v -0.952360 0.571928 0.032855
v -0.966686 0.582825 0.049600
v -0.954074 0.581674 0.048332
v -0.993647 0.587123 0.071817
v -1.037775 0.551567 0.095255
v -0.958654 0.567067 0.093611
v -0.991345 0.582825 0.080342
v -0.958090 0.572492 0.090088
v -1.204071 0.362654 0.038915
v -1.213230 0.372964 0.031540
v -1.212080 0.372682 0.035509
v -1.204071 0.362654 0.024636
v -1.191437 0.358074 0.042320
v -1.191437 0.358074 0.017989
v -1.212080 0.372682 0.035509
v -1.213230 0.372964 0.031540
v -1.215532 0.370381 0.033748
v -1.204071 0.362654 0.038915
v -1.215532 0.359507 0.033137
v -1.204071 0.362654 0.024636
v -1.215532 0.370381 0.033748
v -1.213230 0.372964 0.031540
v -1.210952 0.352908 0.032456
v -1.191437 0.358074 0.017989
v -1.196040 0.395040 0.033020
v -1.194889 0.378999 0.039995
v -1.194889 0.379563 0.035697
v -1.196040 0.395040 0.048379
v -1.193738 0.404222 0.030765
v 0.614060 0.233369 0.557884
v 0.625544 0.255727 0.532661
v 0.614060 0.244102 0.530923
v 0.625544 0.314486 0.423433
v 0.614060 0.314486 0.411667
v 0.625544 0.372964 0.358638
v 0.614060 0.372964 0.346896
v 0.625544 0.437759 0.309907
v 0.614060 0.437759 0.298141
v 0.625544 0.504550 0.279377
v 0.614060 0.504550 0.267611
v 0.625544 0.663942 0.242670
v 0.614060 0.663942 0.230927
v 0.614060 0.822778 0.213008
v 0.625544 0.822778 0.224751
v 0.823921 0.031446 0.535808
v 0.625544 0.010474 0.497105
v 0.823921 0.010474 0.497105
v 0.625544 0.031446 0.535808
v 0.625544 0.223764 0.577377
v 0.823921 0.223764 0.577377
v 0.625544 0.242951 0.565611
v 0.823921 0.242951 0.565611
v 0.625544 0.255727 0.532661
v 0.823921 0.255727 0.532661
v 0.625544 0.314486 0.423433
v 0.823921 0.314486 0.423433
v 0.625544 0.372964 0.358638
v 0.823921 0.372964 0.358638
v 0.625544 0.437759 0.309907
v 0.823921 0.437759 0.309907
v 0.625544 0.504550 0.279377
v 0.823921 0.504550 0.279377
v 0.823921 0.663942 0.242670
v 0.625544 0.663942 0.242670
v 0.823921 0.822778 0.224751
v 0.625544 0.822778 0.224751
v 0.835382 0.663942 0.230927
v 0.835382 0.822778 0.213008
v 0.823921 0.822778 0.224751
v 0.823921 0.663942 0.242670
v 0.835382 0.504550 0.267611
v 0.823921 0.504550 0.279377
v 0.835382 0.437759 0.298141
v 0.823921 0.437759 0.309907
v 0.835382 0.372964 0.346896
v 0.823921 0.372964 0.358638
v 0.835382 0.314486 0.411667
v 0.835382 0.244102 0.530923
v 0.823921 0.314486 0.423433
v 0.823921 0.255727 0.532661
v 0.835382 0.233369 0.557884
v 0.823921 0.242951 0.565611
v 0.823921 0.223764 0.577377
v 0.835382 0.221603 0.565047
v 0.835382 0.039173 0.525475
v 0.823921 0.031446 0.535808
v 0.823921 0.010474 0.497105
v 0.835382 0.022099 0.498820
v 0.823921 0.010474 0.411972
v 0.835382 0.022193 0.414532
v 0.823921 0.024988 0.383015
v 0.835382 0.034405 0.390460
v 0.835382 0.232641 0.217165
v 0.823921 0.231773 0.205399
v 0.835382 0.261457 0.161553
v 0.823921 0.255727 0.155822
v 0.823921 0.255727 -0.117190
v 0.835382 0.261458 -0.122850
v 0.823921 0.231773 -0.166837
v 0.835382 0.232642 -0.178462
v 0.823921 0.024988 -0.344312
v 0.835382 0.034405 -0.351757
v 0.835382 0.022193 -0.376134
v 0.823921 0.010474 -0.373269
v 0.835382 0.663942 -0.192224
v 0.835382 0.822778 -0.174446
v 0.823921 0.822778 -0.186188
v 0.823921 0.663942 -0.203966
v 0.835382 0.504550 -0.228907
v 0.823921 0.504550 -0.240673
v 0.835382 0.437759 -0.259438
v 0.823921 0.437759 -0.271204
v 0.835382 0.372964 -0.308474
v 0.823921 0.372964 -0.320217
v 0.835382 0.314486 -0.373269
v 0.823921 0.314486 -0.385012
v 0.823921 0.255727 -0.493958
v 0.835382 0.244102 -0.492220
v 0.835382 0.233370 -0.519181
v 0.823921 0.242951 -0.527213
v 0.835382 0.221604 -0.526344
v 0.823921 0.223764 -0.538673
v 0.835382 0.039173 -0.486795
v 0.823921 0.031446 -0.497105
v 0.835382 0.022099 -0.460116
v 0.823921 0.010474 -0.458402
v 0.625544 0.010474 0.497105
v 0.823921 0.010474 0.411972
v 0.823921 0.010474 0.497105
v 0.625544 0.010474 0.411972
v 0.625544 0.024988 0.383015
v 0.823921 0.024988 0.383015
v 0.625544 0.231773 0.205399
v 0.823921 0.231773 0.205399
v 0.625544 0.255727 0.155822
v 0.823921 0.255727 0.155822
v 0.823921 0.255727 -0.117190
v 0.625544 0.255727 -0.117190
v 0.625544 0.231773 -0.166837
v 0.823921 0.231773 -0.166837
v 0.625544 0.024988 -0.344312
v 0.823921 0.024988 -0.344312
v 0.625544 0.010474 -0.373269
v 0.823921 0.010474 -0.373269
v 0.625544 0.010474 -0.458402
v 0.823921 0.010474 -0.458402
v 0.823921 0.010474 -0.458402
v 0.625544 0.010474 -0.458402
v 0.625544 0.031446 -0.497105
v 0.823921 0.031446 -0.497105
v 0.823921 0.223764 -0.538673
v 0.625544 0.223764 -0.538673
v 0.823921 0.242951 -0.527213
v 0.625544 0.242951 -0.527213
v 0.823921 0.255727 -0.493958
v 0.625544 0.255727 -0.493958
v 0.823921 0.314486 -0.385012
v 0.625544 0.314486 -0.385012
v 0.823921 0.372964 -0.320217
v 0.625544 0.372964 -0.320217
v 0.823921 0.437759 -0.271204
v 0.625544 0.437759 -0.271204
v 0.823921 0.504550 -0.240673
v 0.625544 0.504550 -0.240673
v 0.625544 0.663942 -0.203966
v 0.823921 0.663942 -0.203966
v 0.823921 0.822778 -0.186188
v 0.625544 0.822778 -0.186188
v 0.934018 0.596869 0.076913
v 0.955789 0.572492 0.090370
v 0.988480 0.582825 0.080624
v 0.991345 0.587123 0.072099
v 0.926550 0.593440 0.078181
v 0.963821 0.582825 0.049882
v 0.927137 0.598583 0.063104
v 0.951209 0.581674 0.048661
v 0.955789 0.572492 0.090370
v 0.951209 0.581674 0.048661
v 1.196040 0.395040 0.033325
v 1.207500 0.395040 0.041521
v 1.193738 0.407651 0.031071
v 1.214381 0.415401 0.045537
v 1.053838 0.887002 -0.453540
v 1.063585 0.836533 -0.195794
v 1.057291 0.824485 -0.456687
v -1.041227 0.893296 -0.421131
v -1.029179 0.840548 -0.158382
v -1.028616 0.903042 -0.161553
v -1.043528 0.831953 -0.422282
v 1.049259 0.891581 -0.448937
v 0.538110 0.905907 -0.190791
v 1.053838 0.905907 -0.207982
v 0.533507 0.888129 -0.451803
v 0.015923 0.890994 -0.180176
v 0.003664 0.896748 -0.435457
v -0.508848 0.906494 -0.176606
v -0.524629 0.901327 -0.436608
v -1.024036 0.907058 -0.166414
v -1.036060 0.898462 -0.416552
v 1.058418 0.901891 -0.203121
v 0.538110 0.837120 -0.183910
v 1.063585 0.836533 -0.195794
v 0.538110 0.901891 -0.186047
v 0.016134 0.885851 -0.175150
v 0.016275 0.822207 -0.169279
v -0.508566 0.838247 -0.168856
v -0.508566 0.902478 -0.171862
v -1.029179 0.840548 -0.158382
v -0.524911 0.830802 -0.436044
v -1.043528 0.831953 -0.422282
v -0.524911 0.896748 -0.440906
v 0.003499 0.892145 -0.439778
v 0.004180 0.829088 -0.436044
v 0.533507 0.883549 -0.456406
v 0.533507 0.818754 -0.453540
v 1.057291 0.824485 -0.456687
v -0.504268 0.899026 -0.450957
v -1.018282 0.899026 -0.759713
v -1.048108 0.899026 -0.444358
v -0.534657 0.899026 -0.764856
v -0.008173 0.899026 -0.747665
v 0.017191 0.899026 -0.455818
v 0.516598 0.899026 -0.762578
v 0.538955 0.899026 -0.457838
v 1.007409 0.899026 -0.466434
v 1.041791 0.899026 -0.763729
v -0.503422 0.829651 -0.442056
v -1.053275 0.894446 -0.439473
v -1.056703 0.831953 -0.436044
v -0.503704 0.894446 -0.446072
v 0.017590 0.894446 -0.451239
v 0.017708 0.826786 -0.449806
v 0.539237 0.894446 -0.452953
v 0.539542 0.825072 -0.448374
v 1.011401 0.894446 -0.461267
v 1.013139 0.831953 -0.454668
v 0.516316 0.894446 -0.767722
v 1.046957 0.894446 -0.768309
v 1.045807 0.842263 -0.768309
v 0.516034 0.830239 -0.771174
v -0.008642 0.895010 -0.753396
v -0.009629 0.835969 -0.770023
v -0.534939 0.894446 -0.768872
v -0.534939 0.829088 -0.768872
v -1.013703 0.842850 -0.756848
v -1.021734 0.894446 -0.763729
v 1.036647 0.891581 -0.187926
v 0.538392 0.885851 0.147509
v 1.053275 0.890994 0.140534
v 0.517748 0.888716 -0.172144
v 0.017214 0.902478 0.142906
v -0.005237 0.901891 -0.162985
v -0.502272 0.888129 0.135954
v -0.527776 0.904756 -0.157090
v -1.016004 0.914502 0.123625
v -1.042377 0.914502 -0.140839
v 0.538673 0.881248 0.152370
v 1.057291 0.822770 0.143634
v 1.058418 0.886414 0.144996
v 0.538392 0.815889 0.157255
v 0.017238 0.833667 0.148941
v 0.017520 0.898462 0.147509
v -0.501685 0.882986 0.140698
v -0.501685 0.821056 0.142483
v -1.008536 0.846279 0.130294
v -1.019433 0.909923 0.128228
v -1.047521 0.910510 -0.145489
v -0.528927 0.831953 -0.163831
v -1.052688 0.845715 -0.148495
v -0.528363 0.900177 -0.161834
v -0.006247 0.831366 -0.169138
v -0.005636 0.896748 -0.167706
v 0.517466 0.884113 -0.176888
v 0.516598 0.825635 -0.179753
v 1.038362 0.822770 -0.188067
v 1.040663 0.887002 -0.192365
v 1.047521 0.885851 0.496542
v 1.025750 0.844564 0.175315
v 1.020584 0.898462 0.180763
v -1.038362 0.887002 0.483061
v -1.024600 0.846866 0.165404
v -1.040663 0.831953 0.486795
v 1.016004 0.903042 0.185625
v 0.537241 0.892732 0.507133
v 1.042941 0.890430 0.495954
v 0.519463 0.907621 0.165123
v 0.532661 0.893295 0.502554
v 0.004767 0.878383 0.496542
v 0.000023 0.908208 0.165263
v -0.522610 0.904193 0.169726
v -0.528927 0.895010 0.491657
v -1.021734 0.908772 0.170994
v -1.033195 0.891581 0.478482
v 1.052688 0.825635 0.504855
v 0.532661 0.824485 0.508566
v 0.532943 0.888129 0.507133
v 0.004838 0.873803 0.500839
v 0.004861 0.829088 0.498538
v -0.528645 0.827350 0.501121
v -0.528927 0.889867 0.496542
v -1.040663 0.831953 0.486795
v -0.522328 0.900177 0.163690
v -1.024600 0.846866 0.165404
v -1.026314 0.904193 0.166414
v -0.519745 0.843414 0.145137
v -0.000047 0.904193 0.159815
v 0.000000 0.842263 0.149364
v 0.518617 0.849731 0.148495
v 0.519181 0.903629 0.159533
v 1.025750 0.844564 0.175315
v -1.002806 0.894446 0.514296
v -1.041227 0.842263 0.820492
v -1.042377 0.894446 0.821056
v 0.512582 0.899026 0.522046
v 1.022885 0.899025 0.837120
v 1.056703 0.899026 0.522046
v 0.538955 0.899025 0.835969
v 0.012917 0.899025 0.812461
v -0.008901 0.899026 0.520895
v -0.512018 0.899025 0.821620
v -0.530642 0.899026 0.516316
v -0.998790 0.899026 0.519181
v -1.037211 0.899025 0.816476
v 0.511736 0.829651 0.513169
v 1.061870 0.894446 0.517161
v 1.065299 0.831953 0.514014
v 0.512018 0.894446 0.517161
v -0.009230 0.894446 0.516034
v -0.009347 0.826786 0.514883
v -0.530923 0.894446 0.511431
v -0.531229 0.825072 0.506851
v -1.004520 0.831953 0.507415
v -0.511736 0.894446 0.826223
v -1.041227 0.842263 0.820492
v -0.511431 0.830238 0.830239
v 0.013316 0.895010 0.818191
v 0.014091 0.835969 0.834818
v 0.539542 0.894446 0.840549
v 0.539542 0.829088 0.839985
v 1.018282 0.842850 0.834231
v 1.026314 0.894446 0.841112
v 1.053275 0.819905 -0.452084
v 1.059569 0.831953 -0.199809
v -1.025163 0.835969 -0.162844
v -1.038925 0.827937 -0.417702
v 1.053275 0.819905 -0.452084
v 0.533507 0.814739 -0.448656
v 0.004439 0.824485 -0.431159
v -0.524629 0.826223 -0.431159
v -1.038925 0.827937 -0.417702
v 1.059569 0.831953 -0.199809
v 0.538110 0.831953 -0.188349
v 0.016087 0.817604 -0.173436
v -0.508848 0.833104 -0.173154
v -1.025163 0.835969 -0.162844
v -1.009123 0.837683 -0.751681
v -1.052124 0.827350 -0.440342
v -1.013703 0.842850 -0.756848
v -1.056703 0.831953 -0.436044
v 1.040663 0.837683 -0.763729
v 1.013139 0.831953 -0.454668
v 1.009123 0.827350 -0.458684
v 1.045807 0.842263 -0.768309
v -1.009123 0.837683 -0.751681
v -0.534657 0.824485 -0.764293
v -0.009300 0.831366 -0.766594
v 0.516316 0.825636 -0.767158
v 1.040663 0.837683 -0.763729
v -1.052124 0.827350 -0.440342
v -0.503704 0.825072 -0.446354
v 0.017332 0.822770 -0.454386
v 0.539237 0.820492 -0.452672
v 1.009123 0.827350 -0.458684
v 1.052124 0.818191 0.139031
v 1.038362 0.822770 -0.188067
v 1.057291 0.822770 0.143634
v 1.033782 0.817604 -0.183182
v -1.008536 0.846279 0.130294
v -1.047521 0.841112 -0.144268
v -1.003956 0.841699 0.125926
v -1.052688 0.845715 -0.148495
v 1.052124 0.818191 0.139031
v 0.538110 0.811310 0.152934
v 0.016886 0.829088 0.144550
v -0.502272 0.816476 0.138044
v -1.003956 0.841699 0.125926
v 1.033782 0.817604 -0.183182
v 0.516879 0.820492 -0.175315
v -0.005965 0.826786 -0.164700
v -0.528645 0.827350 -0.159533
v -1.047521 0.841112 -0.144268
v -0.528645 0.823357 0.496823
v 0.004791 0.824485 0.493676
v -0.519745 0.838834 0.148213
v 0.000070 0.837683 0.153098
v 1.022298 0.839398 0.179307
v 1.052688 0.825635 0.504855
v 1.048108 0.821620 0.500839
v 0.518899 0.844564 0.152088
v -1.020020 0.841699 0.169866
v -1.036060 0.827350 0.482779
v 1.048108 0.821620 0.500839
v 0.532661 0.820492 0.504268
v 1.022298 0.839398 0.179307
v -1.036060 0.827350 0.482779
v 0.017332 0.822770 -0.454386
v -0.009300 0.831366 -0.766594
v 0.516316 0.825636 -0.767158
v 0.539237 0.820492 -0.452672
v 1.009123 0.827350 -0.458684
v 1.040663 0.837683 -0.763729
v -1.038925 0.827937 -0.417702
v -0.524629 0.826223 -0.431159
v -1.025163 0.835969 -0.162844
v -0.508848 0.833104 -0.173154
v 0.004439 0.824485 -0.431159
v 0.016087 0.817604 -0.173436
v 0.507415 0.829088 -0.455818
v 0.538110 0.831953 -0.188349
v 1.053275 0.819905 -0.452084
v 1.059569 0.831953 -0.199809
v -0.503704 0.825072 -0.446354
v -0.534657 0.824485 -0.764293
v -1.009123 0.837683 -0.751681
v -1.052124 0.827350 -0.440342
v -1.003956 0.841699 0.125926
v -1.047521 0.841112 -0.144268
v -0.528645 0.827350 -0.159533
v -0.555864 0.844564 0.128369
v 0.016886 0.829088 0.144550
v -0.005965 0.826786 -0.164700
v 0.516879 0.820492 -0.175315
v 0.538110 0.811310 0.152934
v 1.033782 0.817604 -0.183182
v 1.052124 0.818191 0.139031
v -0.528645 0.823357 0.496823
v -1.036060 0.827350 0.482779
v -1.020020 0.841699 0.169866
v -0.519745 0.838834 0.148213
v 0.004791 0.824485 0.493676
v -0.528645 0.823357 0.496823
v 0.000070 0.837683 0.153098
v 0.518899 0.844564 0.152088
v 0.532661 0.820492 0.504268
v 1.022298 0.839398 0.179307
v 1.048108 0.821620 0.500839
v -0.511736 0.825635 0.825636
v -1.036060 0.837683 0.815889
v -1.001091 0.827350 0.511431
v -0.530923 0.820492 0.511149
v -0.009018 0.822770 0.519463
v 0.013809 0.831366 0.831953
v 0.512018 0.825072 0.517467
v 0.538955 0.824485 0.835382
v 1.013703 0.837683 0.829088
v 1.060156 0.827350 0.518312
v -1.020020 0.841699 0.169866
v 1.060156 0.827350 0.518312
v 1.018282 0.842850 0.834231
v 1.013703 0.837683 0.829088
v 1.065299 0.831953 0.514014
v -1.036060 0.837683 0.815889
v -1.004520 0.831953 0.507415
v -1.001091 0.827350 0.511431
v 1.013703 0.837683 0.829088
v 0.538955 0.824485 0.835382
v 0.013809 0.831366 0.831953
v -0.511736 0.825635 0.825636
v -1.036060 0.837683 0.815889
v 1.060156 0.827350 0.518312
v 0.512018 0.825072 0.517467
v -0.009018 0.822770 0.519463
v -0.530923 0.820492 0.511149
v -1.001091 0.827350 0.511431
vt 0.775000 0.903866
vt 0.393000 0.903866
vt 0.389000 0.967866
vt 0.779000 0.971866
vt 0.803000 0.910866
vt 0.787000 0.908866
vt 0.782000 0.967866
vt 0.797000 0.970866
vt 0.371000 0.905866
vt 0.389000 0.971866
vt 0.387000 0.905866
vt 0.372000 0.973867
vt 0.388000 0.994866
vt 0.783000 0.989866
vt 0.788000 0.883866
vt 0.387000 0.880866
vt 0.132000 0.986866
vt 0.129000 0.933866
vt 0.133000 0.934866
vt 0.129000 0.989866
vt 0.030000 0.989866
vt 0.031000 0.933866
vt 0.027000 0.986866
vt 0.027000 0.934866
vt 0.932000 0.627866
vt 0.932000 0.733867
vt 0.990000 0.732866
vt 0.990000 0.617867
vt 0.932000 0.438866
vt 0.990000 0.452866
vt 0.990000 0.377866
vt 0.932000 0.372867
vt 0.245000 0.703866
vt 0.276000 0.686866
vt 0.276000 0.721866
vt 0.215000 0.686866
vt 0.245000 0.669866
vt 0.215000 0.721866
vt 0.245000 0.739866
vt 0.990000 0.549866
vt 0.932000 0.548867
vt 0.932000 0.478866
vt 0.990000 0.477867
vt 0.725000 0.689866
vt 0.779000 0.021866
vt 0.781000 0.689866
vt 0.725000 0.021866
vt 0.881000 0.688866
vt 0.873000 0.020866
vt 0.263000 0.714867
vt 0.263000 0.693866
vt 0.245000 0.724866
vt 0.227000 0.714867
vt 0.245000 0.683866
vt 0.227000 0.693866
vt 0.921000 0.990866
vt 0.940000 0.971866
vt 0.927000 0.992867
vt 0.915000 0.967866
vt 0.905000 0.993866
vt 0.898000 0.993866
vt 0.904000 0.990866
vt 0.849000 0.735866
vt 0.847000 0.731866
vt 0.854000 0.731866
vt 0.574000 0.652866
vt 0.562000 0.688866
vt 0.555000 0.653866
vt 0.590000 0.683866
vt 0.565000 0.710867
vt 0.597000 0.705867
vt 0.568000 0.726866
vt 0.609000 0.744866
vt 0.600000 0.764866
vt 0.565000 0.735866
vt 0.565000 0.782866
vt 0.546000 0.745866
vt 0.534000 0.774867
vt 0.524000 0.747867
vt 0.512000 0.776866
vt 0.504000 0.750866
vt 0.488000 0.779867
vt 0.481000 0.753866
vt 0.943000 0.376866
vt 0.943000 0.449867
vt 0.943000 0.475866
vt 0.943000 0.548867
vt 0.932000 0.601866
vt 0.943000 0.603867
vt 0.990000 0.602866
vt 0.943000 0.619866
vt 0.943000 0.733867
vt 0.920000 0.688866
vt 0.912000 0.019866
vt 0.839000 0.731866
vt 0.833000 0.713866
vt 0.834000 0.731866
vt 0.932000 0.456866
vt 0.943000 0.464866
vt 0.990000 0.464866
vt 0.932000 0.617867
vt 0.943000 0.609866
vt 0.990000 0.609866
vt 0.801000 0.873866
vt 0.810000 0.876867
vt 0.802000 0.879866
vt 0.802000 0.870866
vt 0.807000 0.888866
vt 0.815000 0.874866
vt 0.814000 0.882866
vt 0.814000 0.894867
vt 0.822000 0.881867
vt 0.823000 0.898866
vt 0.834000 0.875866
vt 0.846000 0.908866
vt 0.916000 0.729866
vt 0.908000 0.716866
vt 0.912000 0.729866
vt 0.919000 0.716866
vt 0.903000 0.702866
vt 0.922000 0.702866
vt 0.892000 0.731866
vt 0.887000 0.730866
vt 0.886000 0.735866
vt 0.897000 0.715866
vt 0.883000 0.716866
vt 0.878000 0.729866
vt 0.869000 0.716866
vt 0.875000 0.731866
vt 0.883000 0.702866
vt 0.863000 0.702866
vt 0.820000 0.730866
vt 0.811000 0.716866
vt 0.818000 0.730866
vt 0.821000 0.715866
vt 0.808000 0.700867
vt 0.826000 0.700867
vt 0.915000 0.979866
vt 0.906000 0.965866
vt 0.902000 0.965866
vt 0.892000 0.976866
vt 0.890000 0.981866
vt 0.916000 0.970866
vt 0.934000 0.976866
vt 0.855000 0.717866
vt 0.843000 0.713866
vt 0.858000 0.705867
vt 0.842000 0.691867
vt 0.988000 0.916866
vt 0.985000 0.913866
vt 0.986000 0.910866
vt 0.972000 0.910866
vt 0.990000 0.910866
vt 0.986000 0.907866
vt 0.991000 0.904867
vt 0.987000 0.849866
vt 0.843000 0.758866
vt 0.840000 0.742867
vt 0.832000 0.746867
vt 0.827000 0.754866
vt 0.842000 0.759866
vt 0.825000 0.779867
vt 0.847000 0.757866
vt 0.860000 0.738866
vt 0.839000 0.774867
vt 0.862000 0.758866
vt 0.886000 0.743866
vt 0.866000 0.785866
vt 0.883000 0.769867
vt 0.940000 0.743866
vt 0.882000 0.792867
vt 0.940000 0.777866
vt 0.993000 0.744866
vt 0.993000 0.782866
vt 0.992000 0.790866
vt 0.915000 0.805866
vt 0.933000 0.806866
vt 0.991000 0.795866
vt 0.930000 0.843867
vt 0.917000 0.826866
vt 0.802000 0.856866
vt 0.812000 0.836866
vt 0.831000 0.848867
vt 0.889000 0.847866
vt 0.845000 0.840866
vt 0.861000 0.838866
vt 0.829000 0.861866
vt 0.861000 0.858867
vt 0.866000 0.882866
vt 0.869000 0.890866
vt 0.930000 0.878866
vt 0.931000 0.888866
vt 0.869000 0.897866
vt 0.875000 0.904867
vt 0.929000 0.909867
vt 0.922000 0.925866
vt 0.967000 0.926866
vt 0.950000 0.931866
vt 0.967000 0.928866
vt 0.948000 0.932867
vt 0.965000 0.971866
vt 0.958000 0.958866
vt 0.954000 0.947866
vt 0.958000 0.950867
vt 0.945000 0.959866
vt 0.939000 0.965866
vt 0.914000 0.954866
vt 0.870000 0.935866
vt 0.160000 0.933866
vt 0.167000 0.995866
vt 0.162000 0.997867
vt 0.153000 0.934866
vt 0.146000 0.871867
vt 0.139000 0.871867
vt 0.134000 0.843867
vt 0.127000 0.844866
vt 0.115000 0.815866
vt 0.109000 0.816866
vt 0.090000 0.788866
vt 0.046000 0.756867
vt 0.084000 0.790866
vt 0.044000 0.762866
vt 0.037000 0.750866
vt 0.032000 0.753866
vt 0.029000 0.745866
vt 0.035000 0.745866
vt 0.053000 0.675866
vt 0.048000 0.671866
vt 0.063000 0.663867
vt 0.063000 0.669866
vt 0.096000 0.663867
vt 0.094000 0.670866
vt 0.107000 0.669866
vt 0.103000 0.674866
vt 0.167000 0.753866
vt 0.870000 0.934866
vt 0.851000 0.923867
vt 0.842000 0.910866
vt 0.844000 0.907866
vt 0.172000 0.751867
vt 0.187000 0.764866
vt 0.190000 0.760866
vt 0.292000 0.760866
vt 0.295000 0.764866
vt 0.310000 0.751867
vt 0.315000 0.753866
vt 0.375000 0.669866
vt 0.379000 0.674866
vt 0.388000 0.670866
vt 0.386000 0.663867
vt 0.419000 0.663867
vt 0.435000 0.671866
vt 0.420000 0.669866
vt 0.429000 0.675866
vt 0.454000 0.745866
vt 0.450000 0.753866
vt 0.447000 0.745866
vt 0.445000 0.749866
vt 0.438000 0.762866
vt 0.436000 0.756867
vt 0.398000 0.790866
vt 0.392000 0.788866
vt 0.374000 0.816866
vt 0.367000 0.815866
vt 0.355000 0.844866
vt 0.348000 0.843867
vt 0.343000 0.871867
vt 0.337000 0.871867
vt 0.329000 0.934866
vt 0.323000 0.933866
vt 0.315000 0.995866
vt 0.321000 0.997867
vt 0.764000 0.854866
vt 0.779000 0.786866
vt 0.779000 0.854866
vt 0.764000 0.786866
vt 0.693000 0.786866
vt 0.693000 0.854866
vt 0.685000 0.786866
vt 0.685000 0.854866
vt 0.678000 0.854866
vt 0.678000 0.786866
vt 0.650000 0.854866
vt 0.650000 0.786866
vt 0.624000 0.854866
vt 0.624000 0.786866
vt 0.591000 0.786866
vt 0.591000 0.854866
vt 0.570000 0.786866
vt 0.570000 0.854866
vt 0.503000 0.854866
vt 0.503000 0.786866
vt 0.445000 0.854866
vt 0.445000 0.786866
vt 0.987000 0.064866
vt 0.938000 0.085866
vt 0.938000 0.064866
vt 0.987000 0.085866
vt 0.987000 0.092866
vt 0.938000 0.092866
vt 0.987000 0.160866
vt 0.938000 0.160866
vt 0.987000 0.173866
vt 0.938000 0.173866
vt 0.938000 0.240866
vt 0.987000 0.240866
vt 0.987000 0.254866
vt 0.938000 0.254866
vt 0.987000 0.321867
vt 0.938000 0.321867
vt 0.938000 0.329866
vt 0.987000 0.329866
vt 0.987000 0.350866
vt 0.938000 0.350866
vt 0.546000 0.045866
vt 0.475000 0.023866
vt 0.546000 0.025866
vt 0.523000 0.637866
vt 0.454000 0.650866
vt 0.454000 0.634866
vt 0.523000 0.651866
vt 0.544000 0.047866
vt 0.469000 0.191867
vt 0.476000 0.045866
vt 0.543000 0.193866
vt 0.463000 0.339866
vt 0.535000 0.343866
vt 0.460000 0.488866
vt 0.534000 0.493866
vt 0.456000 0.633866
vt 0.521000 0.636867
vt 0.475000 0.043866
vt 0.448000 0.189866
vt 0.456000 0.042866
vt 0.467000 0.190867
vt 0.461000 0.339866
vt 0.443000 0.338867
vt 0.441000 0.489866
vt 0.459000 0.488866
vt 0.439000 0.634866
vt 0.554000 0.496866
vt 0.545000 0.639866
vt 0.536000 0.494866
vt 0.537000 0.343866
vt 0.555000 0.344867
vt 0.545000 0.193866
vt 0.563000 0.192866
vt 0.563000 0.045866
vt 0.596000 0.487866
vt 0.681000 0.635866
vt 0.593000 0.639866
vt 0.686000 0.498866
vt 0.685000 0.347867
vt 0.601000 0.338867
vt 0.690000 0.197866
vt 0.602000 0.189866
vt 0.608000 0.056866
vt 0.688000 0.056866
vt 0.576000 0.488866
vt 0.591000 0.642866
vt 0.578000 0.643866
vt 0.594000 0.487866
vt 0.600000 0.338867
vt 0.580000 0.337866
vt 0.600000 0.189866
vt 0.580000 0.186867
vt 0.606000 0.054866
vt 0.587000 0.053866
vt 0.691000 0.197866
vt 0.690000 0.054866
vt 0.707000 0.053866
vt 0.710000 0.196866
vt 0.687000 0.348866
vt 0.704000 0.348866
vt 0.688000 0.498866
vt 0.706000 0.501867
vt 0.698000 0.638866
vt 0.683000 0.638866
vt 0.419000 0.045866
vt 0.325000 0.183866
vt 0.330000 0.043866
vt 0.417000 0.190867
vt 0.324000 0.332866
vt 0.413000 0.340866
vt 0.323000 0.481866
vt 0.408000 0.489866
vt 0.328000 0.627866
vt 0.400000 0.630866
vt 0.323000 0.183866
vt 0.311000 0.040866
vt 0.328000 0.040866
vt 0.304000 0.181866
vt 0.305000 0.332866
vt 0.323000 0.332866
vt 0.320000 0.481866
vt 0.302000 0.483867
vt 0.307000 0.630866
vt 0.326000 0.630866
vt 0.402000 0.632866
vt 0.429000 0.492866
vt 0.418000 0.633866
vt 0.410000 0.490866
vt 0.434000 0.340866
vt 0.415000 0.340866
vt 0.419000 0.190867
vt 0.436000 0.189866
vt 0.437000 0.043866
vt 0.422000 0.043866
vt 0.189000 0.037866
vt 0.277000 0.026866
vt 0.275000 0.042866
vt 0.186000 0.621867
vt 0.271000 0.633866
vt 0.186000 0.632866
vt 0.274000 0.045866
vt 0.181000 0.178866
vt 0.189000 0.040866
vt 0.277000 0.185867
vt 0.182000 0.179866
vt 0.180000 0.328866
vt 0.275000 0.330866
vt 0.274000 0.477867
vt 0.183000 0.478866
vt 0.270000 0.616867
vt 0.188000 0.619866
vt 0.170000 0.036866
vt 0.162000 0.178866
vt 0.180000 0.179866
vt 0.177000 0.328866
vt 0.164000 0.328866
vt 0.164000 0.480866
vt 0.182000 0.479866
vt 0.169000 0.622867
vt 0.277000 0.477867
vt 0.285000 0.617867
vt 0.271000 0.617867
vt 0.294000 0.479866
vt 0.277000 0.330866
vt 0.294000 0.330866
vt 0.293000 0.183866
vt 0.278000 0.184866
vt 0.291000 0.042866
vt 0.126000 0.623866
vt 0.034000 0.642866
vt 0.035000 0.629866
vt 0.127000 0.182866
vt 0.040000 0.031866
vt 0.130000 0.026866
vt 0.038000 0.173866
vt 0.041000 0.323866
vt 0.125000 0.331866
vt 0.038000 0.474866
vt 0.126000 0.480866
vt 0.122000 0.618866
vt 0.038000 0.624866
vt 0.147000 0.181866
vt 0.132000 0.024866
vt 0.148000 0.025866
vt 0.129000 0.182866
vt 0.128000 0.331866
vt 0.148000 0.332866
vt 0.128000 0.481866
vt 0.147000 0.483867
vt 0.142000 0.625866
vt 0.036000 0.474866
vt 0.018000 0.630866
vt 0.018000 0.475866
vt 0.038000 0.323866
vt 0.020000 0.323866
vt 0.036000 0.172866
vt 0.018000 0.170866
vt 0.017000 0.028866
vt 0.038000 0.028866
vt 0.546000 0.022866
vt 0.475000 0.021866
vt 0.454000 0.653866
vt 0.523000 0.654867
vt 0.565000 0.045866
vt 0.565000 0.191867
vt 0.557000 0.344867
vt 0.556000 0.497867
vt 0.548000 0.639866
vt 0.453000 0.042866
vt 0.447000 0.188866
vt 0.442000 0.338867
vt 0.439000 0.490866
vt 0.435000 0.634866
vt 0.683000 0.660866
vt 0.591000 0.661866
vt 0.683000 0.657866
vt 0.591000 0.658866
vt 0.690000 0.028866
vt 0.606000 0.034866
vt 0.606000 0.029866
vt 0.690000 0.032866
vt 0.700000 0.638866
vt 0.708000 0.502866
vt 0.706000 0.348866
vt 0.711000 0.195866
vt 0.711000 0.053866
vt 0.575000 0.643866
vt 0.574000 0.489866
vt 0.578000 0.337866
vt 0.579000 0.186867
vt 0.584000 0.053866
vt 0.328000 0.018866
vt 0.422000 0.026866
vt 0.328000 0.023866
vt 0.422000 0.022866
vt 0.326000 0.648866
vt 0.402000 0.656866
vt 0.326000 0.651866
vt 0.402000 0.653866
vt 0.307000 0.040866
vt 0.302000 0.180866
vt 0.304000 0.333866
vt 0.300000 0.484866
vt 0.304000 0.630866
vt 0.440000 0.043866
vt 0.438000 0.188866
vt 0.436000 0.340866
vt 0.431000 0.493866
vt 0.421000 0.633866
vt 0.162000 0.481866
vt 0.162000 0.328866
vt 0.295000 0.479866
vt 0.296000 0.330866
vt 0.277000 0.022866
vt 0.187000 0.023866
vt 0.187000 0.019866
vt 0.294000 0.182866
vt 0.271000 0.636867
vt 0.186000 0.635866
vt 0.167000 0.036866
vt 0.161000 0.177867
vt 0.293000 0.042866
vt 0.166000 0.622867
vt 0.288000 0.617867
vt 0.132000 0.011866
vt 0.039000 0.016866
vt 0.039000 0.013866
vt 0.132000 0.014866
vt 0.034000 0.645867
vt 0.129000 0.641866
vt 0.129000 0.645867
vt 0.016000 0.028866
vt 0.017000 0.169866
vt 0.018000 0.323866
vt 0.016000 0.476866
vt 0.016000 0.630866
vt 0.151000 0.025866
vt 0.149000 0.180866
vt 0.150000 0.332866
vt 0.149000 0.483867
vt 0.145000 0.625866
vn 0.027500 0.999600 -0.006700
vn -0.854900 0.334400 0.396600
vn 0.049200 0.998700 -0.010500
vn 0.434500 0.785200 0.441200
vn -0.027600 0.999600 0.008400
vn -0.049400 0.998700 0.012200
vn -0.005900 1.000000 0.004600
vn 0.676200 -0.075700 -0.732800
vn 0.510300 -0.630500 -0.584900
vn -0.589100 -0.601400 -0.539700
vn -0.721100 -0.116000 -0.683000
vn 0.409100 -0.074500 0.909400
vn -0.432400 -0.458900 0.776200
vn 0.625100 -0.705300 0.334500
vn -0.721100 -0.116000 -0.683100
vn 0.591200 -0.597400 0.541900
vn -0.676600 -0.067100 0.733300
vn -0.513500 -0.624800 0.588100
vn 0.434400 0.785200 0.441300
vn -0.409300 -0.075000 -0.909300
vn 0.432100 -0.459300 -0.776100
vn -0.625600 -0.705000 -0.334100
vn 0.904100 -0.083300 -0.419100
vn 0.000000 1.000000 0.000000
vn -0.187600 0.799900 -0.570100
vn -0.157600 0.977100 -0.143000
vn -0.147100 0.977100 -0.153500
vn -0.176800 0.301700 -0.936900
vn -0.186200 -0.727900 -0.659900
vn -0.090200 -0.829800 -0.550700
vn -0.157400 -0.986400 -0.046500
vn -0.167300 -0.985400 -0.031200
vn -0.000000 -1.000000 -0.000200
vn -0.270300 -0.456100 -0.847900
vn 0.493400 -0.509600 -0.704900
vn -0.492500 -0.511100 0.704400
vn -0.899500 -0.429400 -0.080800
vn 0.270500 -0.457900 0.846900
vn 0.899600 -0.429000 0.081000
vn -0.000000 -0.171900 -0.985100
vn -0.900400 0.005600 -0.435100
vn -0.269000 0.754900 -0.598200
vn 0.496000 0.604100 -0.623800
vn -0.490400 -0.782400 -0.384000
vn 0.271700 -0.914500 -0.299700
vn 0.900900 -0.155500 -0.405200
vn -0.000800 -0.088600 -0.996100
vn -0.901600 0.041600 -0.430500
vn -0.272700 0.806000 -0.525300
vn 0.491400 0.657200 -0.571500
vn -0.494500 -0.747000 -0.444300
vn 0.268200 -0.884900 -0.380800
vn 0.900500 -0.117200 -0.418800
vn 0.000800 0.985100 -0.172100
vn -0.903100 0.429400 0.006600
vn -0.271600 0.594000 0.757200
vn 0.493000 0.624200 0.606000
vn -0.495500 0.374800 -0.783600
vn 0.271200 0.298700 -0.915000
vn 0.901600 0.404700 -0.152900
vn 0.000000 -1.000000 0.000100
vn -0.899300 -0.429800 0.080400
vn -0.492900 -0.511100 -0.704100
vn 0.899600 -0.429400 -0.080300
vn 0.494200 -0.509600 0.704400
vn 0.270200 -0.458700 -0.846500
vn -0.000000 -0.171900 0.985100
vn -0.269000 0.754900 0.598200
vn -0.900400 0.005600 0.435100
vn 0.496000 0.604100 0.623800
vn -0.490400 -0.782400 0.384000
vn 0.900900 -0.155500 0.405200
vn 0.271700 -0.914500 0.299700
vn -0.000700 -0.086200 0.996300
vn -0.272700 0.805800 0.525700
vn -0.901800 0.041900 0.430100
vn 0.491400 0.657200 0.571500
vn -0.495500 -0.747100 0.443200
vn 0.900600 -0.116500 0.418700
vn 0.268300 -0.885000 0.380500
vn 0.001200 0.985400 0.170300
vn -0.657800 0.595900 -0.460700
vn -0.866200 0.421600 0.268200
vn 0.153500 0.575900 -0.803000
vn -0.458000 0.700500 0.547400
vn -0.068700 0.996300 0.051900
vn -0.062300 0.997900 0.018000
vn -0.108800 0.771200 0.627200
vn -0.096600 -0.114800 0.988700
vn -0.500900 -0.093900 0.860400
vn -0.555900 -0.360800 0.748800
vn -0.106300 -0.502200 0.858200
vn -0.109300 -0.872300 0.476500
vn -0.635900 -0.746900 0.194200
vn -0.073800 -0.997200 0.015400
vn -0.335300 -0.942100 0.005600
vn -0.004400 1.000000 0.000000
vn -0.004300 0.561800 0.827300
vn -0.006600 0.572600 0.819800
vn -0.001600 1.000000 -0.000000
vn -0.003600 -0.536200 0.844100
vn -0.002000 -0.860500 0.509400
vn -0.158400 0.265000 0.951100
vn 0.863500 0.491400 -0.113300
vn 0.655700 0.400900 0.639800
vn 0.089700 -0.995900 -0.007800
vn -0.899600 -0.429000 0.081000
vn -0.321400 -0.532900 -0.782800
vn 0.089700 -0.995900 -0.007900
vn -0.321400 -0.532800 -0.782800
vn 0.868600 -0.489300 -0.077900
vn 0.868600 -0.489400 -0.077900
vn -0.131000 -0.479800 0.867500
vn -0.005200 -0.170600 -0.985300
vn 0.268100 0.755800 -0.597500
vn 0.900400 0.005600 -0.435100
vn -0.503800 0.612400 -0.609300
vn 0.490400 -0.782400 -0.384000
vn -0.907800 -0.146400 -0.393100
vn -0.278700 -0.912100 -0.300600
vn -0.003200 -0.088600 -0.996100
vn 0.275400 0.799000 -0.534600
vn 0.899300 0.033200 -0.436100
vn -0.493500 0.658500 -0.568100
vn 0.494500 -0.747000 -0.444300
vn -0.900000 -0.109900 -0.421800
vn -0.272200 -0.880300 -0.388600
vn -0.004700 0.985100 -0.172200
vn 0.274300 0.602500 0.749500
vn 0.900900 0.434100 -0.002300
vn -0.495100 0.621000 0.607600
vn 0.495500 0.374800 -0.783600
vn -0.901100 0.408300 -0.145900
vn -0.275200 0.306900 -0.911100
vn 0.089700 -0.995900 0.007900
vn 0.868500 -0.489600 0.077600
vn -0.322200 -0.532900 0.782500
vn 0.089600 -0.995900 0.007800
vn -0.130600 -0.480600 -0.867200
vn -0.005200 -0.170600 0.985300
vn 0.900400 0.005600 0.435100
vn 0.268100 0.755800 0.597500
vn -0.503800 0.612400 0.609300
vn 0.490400 -0.782400 0.384000
vn -0.278700 -0.912100 0.300600
vn -0.907800 -0.146400 0.393100
vn -0.003200 -0.086200 0.996300
vn 0.899500 0.033400 0.435700
vn 0.275400 0.798700 0.535100
vn -0.493500 0.658500 0.568200
vn 0.495500 -0.747100 0.443200
vn -0.272200 -0.880400 0.388300
vn -0.900200 -0.109200 0.421600
vn -0.004500 0.985100 0.172200
vn 0.900600 0.434600 0.002000
vn 0.273500 0.602800 -0.749600
vn -0.496200 0.620000 -0.607800
vn 0.495300 0.376600 0.782900
vn -0.274100 0.307900 0.911100
vn -0.901000 0.408200 0.146700
vn 0.494700 0.602900 -0.625900
vn -0.451800 0.594300 -0.665400
vn 0.777700 -0.176100 -0.603500
vn -0.000600 -0.169600 -0.985500
vn 0.451000 -0.787900 -0.419400
vn -0.778400 -0.039300 -0.626500
vn -0.493200 -0.781300 -0.382400
vn -0.920900 -0.285900 -0.264900
vn -0.595000 0.766200 0.242700
vn -0.845700 0.161700 0.508600
vn -0.671700 0.464300 -0.577200
vn 0.070200 0.906400 -0.416600
vn -0.740700 -0.609500 -0.282600
vn 0.703300 -0.708500 0.058300
vn -0.297500 -0.758200 0.580200
vn 0.564800 0.493800 -0.661200
vn 0.314800 0.949200 -0.000000
vn 0.940100 0.341000 -0.000000
vn 0.326400 0.576200 -0.749300
vn 0.206500 0.978400 -0.000000
vn 0.139100 0.737500 -0.660900
vn 0.442500 0.896800 -0.000000
vn 0.363800 0.121400 -0.923500
vn 0.643900 -0.092500 -0.759500
vn 0.850700 -0.525700 0.000000
vn 0.156900 -0.561300 -0.812600
vn -0.249700 -0.968300 0.000000
vn -0.333700 -0.888400 -0.315400
vn -0.215000 -0.976600 0.000000
vn 0.088400 -0.800000 -0.593500
vn 0.311200 -0.950300 0.000000
vn 0.604700 -0.619900 -0.500000
vn 0.691000 -0.722800 0.000000
vn 0.920900 -0.285300 -0.265500
vn 0.590200 0.770900 0.239600
vn 0.672300 0.467700 -0.573800
vn 0.844600 0.160700 0.510700
vn 0.747600 -0.590100 -0.304800
vn 0.347700 -0.710300 0.612000
vn -0.663000 -0.745300 0.070300
vn -0.836000 -0.532600 -0.132200
vn -0.829700 -0.558300 0.000000
vn -0.551500 -0.797900 -0.243400
vn -0.073900 -0.997200 0.015400
vn -0.583600 -0.412100 -0.699700
vn -0.039700 -0.505400 -0.862000
vn -0.812900 -0.193900 -0.549200
vn -0.034400 -0.147000 -0.988500
vn -0.821300 -0.083100 -0.564300
vn -0.611400 -0.096500 -0.785400
vn -0.842000 0.098300 -0.530400
vn -0.555700 0.131100 -0.820900
vn -0.045500 0.397900 -0.916300
vn -0.597500 0.681800 -0.422000
vn -0.042500 0.856200 -0.515000
vn -0.068800 0.996300 0.051900
vn -0.592800 0.697400 -0.402700
vn -0.825800 0.564000 0.000000
vn -0.062300 0.997900 0.018100
vn -0.313300 0.949700 0.000000
vn -0.560100 0.489600 -0.668200
vn -0.943400 0.331800 0.000000
vn -0.324800 0.576700 -0.749600
vn -0.203300 0.979100 0.000000
vn -0.453100 0.651800 -0.608100
vn 0.492700 0.658400 -0.569000
vn 0.900500 -0.117300 -0.418800
vn 0.777900 -0.120800 -0.616700
vn -0.000300 -0.088500 -0.996100
vn -0.778300 0.010800 -0.627800
vn -0.493200 -0.746600 -0.446500
vn 0.450600 -0.745900 -0.490500
vn 0.268300 -0.884900 -0.380800
vn 0.493300 0.620400 0.609700
vn 0.781700 0.599900 -0.170400
vn 0.000800 0.985100 -0.171600
vn -0.448900 0.660600 0.601800
vn 0.451600 0.416700 -0.788900
vn -0.492900 0.375200 -0.785000
vn -0.781900 0.622100 -0.040700
vn -0.495500 0.374700 -0.783600
vn -0.269700 -0.457800 0.847200
vn 0.494700 0.602900 0.625900
vn 0.777700 -0.176100 0.603500
vn -0.451800 0.594300 0.665400
vn -0.778400 -0.039300 0.626500
vn 0.451000 -0.787900 0.419400
vn -0.493200 -0.781300 0.382400
vn 0.492300 0.659300 0.568300
vn 0.900600 -0.116600 0.418700
vn -0.452600 0.653300 0.606900
vn 0.779000 -0.118400 0.615800
vn -0.000200 -0.086400 0.996200
vn -0.779000 0.013400 0.626900
vn 0.451500 -0.745300 0.490500
vn -0.494000 -0.746200 0.446200
vn -0.495500 -0.747100 0.443100
vn 0.002700 0.985400 0.170100
vn 0.143300 0.740600 -0.656400
vn -0.652500 0.601700 -0.460600
vn -0.736100 0.479300 0.477900
vn -0.135500 0.475300 0.869300
vn 0.656600 0.403300 0.637400
vn 0.737100 0.609500 -0.292000
vn 0.270300 -0.456100 -0.847900
vn 0.492500 -0.511100 0.704400
vn -0.131000 -0.479800 0.867600
vn 0.268100 0.755700 -0.597500
vn -0.504300 0.602400 -0.618700
vn -0.503800 0.612300 -0.609300
vn 0.451800 0.594300 -0.665400
vn -0.783200 -0.176300 -0.596200
vn -0.907800 -0.146300 -0.393100
vn -0.004100 -0.169300 -0.985500
vn 0.778400 -0.039300 -0.626500
vn 0.493200 -0.781400 -0.382400
vn -0.461700 -0.780100 -0.422200
vn -0.278700 -0.912100 -0.300500
vn -0.495300 0.658800 -0.566200
vn -0.900000 -0.110000 -0.421800
vn 0.452900 0.645500 -0.615000
vn -0.452200 -0.741100 -0.496200
vn -0.782000 -0.120600 -0.611500
vn -0.007200 -0.088500 -0.996000
vn 0.778300 0.010800 -0.627800
vn 0.494000 -0.746500 -0.445700
vn -0.008400 0.985100 -0.171600
vn -0.785900 0.594600 -0.169800
vn -0.496000 0.617600 0.610400
vn 0.448600 0.666800 0.595100
vn 0.781900 0.622100 -0.040700
vn -0.453200 0.422800 -0.784700
vn 0.493700 0.374400 -0.784900
vn 0.495500 0.374700 -0.783600
vn 0.269700 -0.457800 0.847200
vn -0.322200 -0.532900 0.782400
vn 0.492900 -0.511100 -0.704100
vn -0.899600 -0.429400 -0.080300
vn -0.130700 -0.480600 -0.867200
vn -0.504300 0.602400 0.618700
vn 0.268100 0.755700 0.597500
vn -0.503800 0.612300 0.609300
vn 0.451800 0.594300 0.665400
vn -0.004100 -0.169300 0.985500
vn -0.783200 -0.176300 0.596200
vn -0.461700 -0.780100 0.422200
vn -0.907800 -0.146300 0.393100
vn -0.278700 -0.912100 0.300500
vn 0.778400 -0.039300 0.626500
vn 0.493200 -0.781300 0.382400
vn -0.495000 0.659800 0.565400
vn -0.007400 -0.086400 0.996200
vn -0.783200 -0.118200 0.610400
vn 0.452200 0.647100 0.613800
vn -0.453200 -0.740600 0.496200
vn -0.272200 -0.880400 0.388400
vn 0.494900 -0.746200 0.445300
vn 0.779000 0.013400 0.626900
vn -0.496600 0.617300 -0.610200
vn 0.448300 0.667000 -0.595100
vn 0.273500 0.602800 -0.749500
vn -0.785600 0.594700 0.170600
vn -0.008100 0.985200 0.171100
vn 0.781900 0.622100 0.040200
vn -0.451600 0.422900 0.785600
vn 0.494200 0.375400 0.784200
vn -0.137600 0.737600 -0.661000
vn -0.442500 0.896700 -0.000000
vn -0.363500 0.121800 -0.923600
vn -0.643900 -0.092000 -0.759600
vn -0.849700 -0.527300 0.000000
vn -0.156200 -0.562500 -0.811900
vn 0.249600 -0.968300 -0.000000
vn 0.333500 -0.889000 -0.313700
vn 0.215800 -0.976400 0.000000
vn -0.087500 -0.800600 -0.592700
vn -0.311100 -0.950400 -0.000000
vn -0.605100 -0.619800 -0.499600
vn -0.691100 -0.722700 -0.000000
vn 0.920700 -0.286500 0.265000
vn 0.590000 0.770900 -0.240100
vn 0.844700 0.161100 -0.510400
vn 0.672500 0.467500 0.573800
vn 0.747900 -0.589900 0.304300
vn -0.662000 -0.746200 -0.070400
vn 0.347300 -0.710200 -0.612400
vn -0.551400 -0.797900 0.243300
vn -0.109400 -0.872400 0.476500
vn -0.583600 -0.412200 0.699700
vn -0.555900 -0.360900 0.748800
vn -0.096500 -0.114800 0.988700
vn -0.821500 -0.083200 0.564200
vn -0.500900 -0.093800 0.860400
vn -0.842200 0.098400 0.530200
vn -0.555700 0.131700 0.820900
vn -0.044600 0.398100 0.916300
vn -0.597400 0.681900 0.422000
vn -0.457900 0.700500 0.547400
vn -0.560100 0.489600 0.668200
vn -0.324800 0.576700 0.749600
vn -0.137400 0.737600 0.661100
vn -0.363400 0.121700 0.923600
vn -0.643800 -0.092400 0.759600
vn -0.156100 -0.562500 0.811900
vn 0.333500 -0.889000 0.313700
vn -0.087400 -0.800700 0.592600
vn -0.605100 -0.619900 0.499600
vn -0.004300 0.561800 -0.827300
vn -0.006700 0.572500 -0.819800
vn -0.003500 -0.536300 -0.844000
vn -0.002000 -0.860500 -0.509400
vn -0.001800 -1.000000 -0.000000
vn 0.001100 -1.000000 -0.000000
vn -0.921000 -0.285500 0.265100
vn -0.595200 0.766000 -0.242900
vn -0.671600 0.464500 0.577200
vn -0.845800 0.161200 -0.508600
vn 0.564800 0.493800 0.661200
vn 0.326500 0.576200 0.749300
vn 0.139800 0.737200 0.661100
vn 0.363500 0.121700 0.923600
vn 0.644300 -0.092100 0.759200
vn 0.157000 -0.561500 0.812400
vn -0.333600 -0.888300 0.315700
vn 0.088400 -0.800000 0.593500
vn 0.604600 -0.620100 0.499900
vn 0.492500 -0.510700 -0.704700
vn -0.452100 -0.552400 -0.700300
vn -0.899500 -0.429500 -0.080800
vn 0.777200 -0.625500 0.068900
vn -0.000100 -1.000000 0.000000
vn 0.451300 -0.552700 0.700600
vn -0.776900 -0.625900 -0.068000
vn -0.491800 -0.512200 0.704100
vn 0.491400 0.657300 -0.571400
vn 0.494200 -0.509500 0.704400
vn 0.492600 -0.511000 0.704500
vn -0.452000 -0.553600 0.699500
vn 0.777200 -0.625600 -0.067900
vn -0.000100 -1.000000 -0.000200
vn -0.776900 -0.625900 0.068000
vn 0.451400 -0.553800 -0.699700
vn -0.491900 -0.512500 -0.703800
vn -0.000600 -0.169600 0.985500
vn -0.490400 -0.782400 0.383900
vn -0.158400 0.265000 0.951200
vn 0.703300 -0.708700 -0.056000
vn -0.461900 -0.483900 0.743300
vn -0.740800 -0.609000 0.283500
vn -0.740800 -0.608900 0.283600
vn -0.294800 -0.760100 -0.579200
vn 0.703300 -0.708700 -0.055900
vn 0.377900 -0.925900 -0.000000
vn 0.763300 -0.635300 0.117800
vn 0.830000 -0.557800 0.000000
vn 0.652600 -0.745500 0.135300
vn 0.036400 -0.999300 -0.000000
vn 0.024100 -0.929600 0.367700
vn 0.799500 -0.381200 0.464300
vn 0.432800 -0.679700 0.592200
vn -0.009400 -0.757700 0.652500
vn 0.025500 -0.492300 0.870000
vn 0.657300 -0.221800 0.720300
vn 0.815000 -0.168300 0.554500
vn 0.039600 -0.147000 0.988300
vn 0.821000 -0.082500 0.565000
vn 0.612200 -0.097900 0.784600
vn 0.785600 0.095900 0.611300
vn 0.661300 0.033000 0.749400
vn 0.027800 0.256500 0.966100
vn 0.680100 0.442800 0.584300
vn 0.450200 0.546200 0.706400
vn -0.011200 0.611100 0.791500
vn 0.026300 0.869100 0.493900
vn 0.657900 0.717900 0.227700
vn 0.033200 0.999400 0.000000
vn 0.580900 0.706600 0.404100
vn 0.807600 0.589800 0.000100
vn 0.049500 0.998800 -0.000000
vn 0.978600 -0.205700 -0.000000
vn 0.925900 -0.131500 -0.354000
vn 0.974600 0.223700 0.000000
vn 0.819300 -0.573300 -0.000100
vn 0.822200 0.569100 -0.000000
vn 0.737800 -0.041900 -0.673700
vn 0.566900 0.580400 -0.584600
vn 0.143900 0.989600 -0.000100
vn 0.329500 0.749400 -0.574400
vn 0.149600 0.988800 -0.000000
vn 0.400400 0.637600 -0.658100
vn 0.638900 0.769300 -0.000100
vn -0.134400 0.928400 -0.346500
vn -0.113000 0.410500 0.904800
vn 0.158000 0.796000 0.584300
vn 0.150600 0.519100 -0.841400
vn -0.364400 0.800100 0.476500
vn 0.020000 0.618600 -0.785500
vn 0.157900 0.796000 0.584300
vn 0.960500 0.222900 0.166400
vn -0.134300 0.928400 -0.346600
vn -0.112900 0.410500 0.904800
vn 0.974800 -0.204800 0.088400
vn 0.150500 0.519100 -0.841300
vn 0.907100 -0.413100 0.081000
vn -0.364400 0.800100 0.476600
vn 0.019900 0.618600 -0.785500
vn -0.437300 -0.173800 -0.882400
vn -0.294800 -0.760000 -0.579200
vn -0.431900 -0.232100 -0.871500
vn 0.008800 -0.460700 0.887500
vn -0.657500 -0.042100 -0.752300
vn 0.162500 0.668900 -0.725300
vn 0.297500 0.953300 -0.052500
vn 0.112500 0.882600 0.456400
vn -0.888600 0.217800 0.403600
vn -0.845700 0.161600 0.508700
vn -0.888600 0.217700 0.403600
vn -0.437900 -0.173200 0.882200
vn 0.916900 -0.398800 0.017300
vn -0.431900 -0.232100 0.871500
vn 0.947900 -0.318500 0.009200
vn 0.008800 -0.460600 -0.887500
vn -0.461200 -0.484600 -0.743300
vn -0.740700 -0.609400 -0.282600
vn 0.763200 -0.635300 -0.117800
vn 0.652600 -0.745500 -0.135500
vn 0.024000 -0.929400 -0.368200
vn 0.799500 -0.380500 -0.464800
vn 0.432600 -0.680600 -0.591300
vn -0.009500 -0.758800 -0.651300
vn 0.025700 -0.494500 -0.868800
vn 0.657600 -0.222200 -0.719900
vn 0.814900 -0.167400 -0.554900
vn 0.039800 -0.146800 -0.988400
vn 0.821100 -0.082400 -0.564800
vn 0.612300 -0.097800 -0.784600
vn 0.785900 0.093800 -0.611200
vn 0.661200 0.031900 -0.749600
vn 0.027500 0.255500 -0.966400
vn 0.679900 0.442200 -0.584900
vn 0.450200 0.544900 -0.707300
vn -0.012000 0.609400 -0.792800
vn 0.026200 0.868600 -0.494800
vn 0.657800 0.718100 -0.227300
vn 0.580600 0.706600 -0.404500
vn 0.580600 0.706700 -0.404400
vn 0.140000 0.769900 -0.622600
vn 0.011100 0.595500 -0.803300
vn 0.273500 0.421300 -0.864700
vn 0.134700 0.462800 -0.876200
vn 0.272800 0.422200 0.864500
vn 0.140500 0.770900 0.621300
vn 0.011200 0.596500 0.802600
vn 0.680100 0.442700 0.584300
vn 0.134000 0.465200 0.875000
vn 0.627500 -0.690100 0.360500
vn 0.106900 -0.994300 0.000000
vn 0.632400 -0.774700 -0.000000
vn 0.964700 -0.263300 0.000000
vn 0.717400 -0.095100 0.690100
vn 0.083000 -0.783100 0.616300
vn -0.226300 -0.974100 -0.000000
vn -0.036600 -0.567900 0.822300
vn -0.186900 -0.982400 -0.000000
vn 0.785600 0.096000 0.611200
vn 0.153600 -0.597100 0.787300
vn 0.133800 -0.991000 0.000000
vn 0.139800 0.737200 0.661000
vn 0.134300 -0.776500 0.615600
vn 0.377800 -0.925900 -0.000000
vn 0.763200 -0.635300 0.117800
vn 0.799400 -0.381200 0.464300
vn 0.612100 -0.097900 0.784700
vn 0.275000 -0.216500 0.936800
vn 0.275100 -0.093300 0.956900
vn 0.926100 -0.131300 0.353700
vn 0.567400 0.580500 0.583900
vn 0.329600 0.749500 0.574200
vn 0.738200 -0.041700 0.673300
vn 0.972200 -0.234000 -0.000000
vn 0.400300 0.637600 0.658200
vn 0.700000 0.006000 0.714100
vn 0.143000 -0.061400 0.987800
vn 0.293500 0.443900 0.846600
vn 0.669400 -0.162400 0.724900
vn 0.272700 0.152300 0.950000
vn 0.285700 -0.058100 0.956600
vn 0.725200 -0.103800 0.680700
vn 0.427900 0.718100 0.548800
vn 0.270200 0.586100 0.763800
vn 0.244900 0.961200 0.126800
vn -0.671700 0.464500 0.577200
vn 0.162500 0.668900 0.725400
vn -0.657200 -0.041600 0.752500
vn 0.297600 0.953200 0.052400
vn 0.112300 0.882500 -0.456800
vn -0.888700 0.217300 -0.403600
vn 0.125400 0.966700 -0.223000
vn 0.065200 0.997900 -0.000000
vn 0.078900 0.996900 0.000000
vn 0.628000 -0.690200 -0.359500
vn 0.718000 -0.095200 -0.689500
vn 0.084500 -0.783300 -0.615900
vn -0.036600 -0.567500 -0.822600
vn 0.278200 0.960500 0.000000
vn 0.153400 -0.596700 -0.787600
vn 0.363800 0.121500 -0.923500
vn -0.492500 -0.510700 -0.704700
vn 0.452100 -0.552400 -0.700300
vn -0.777200 -0.625500 0.068900
vn 0.136400 -0.990500 -0.012500
vn 0.776900 -0.625900 -0.068000
vn -0.451300 -0.552700 0.700600
vn 0.491800 -0.512200 0.704100
vn -0.492600 -0.511000 0.704500
vn 0.452000 -0.553600 0.699500
vn -0.777200 -0.625600 -0.067900
vn 0.136400 -0.990500 0.012400
vn -0.451400 -0.553800 -0.699700
vn 0.776900 -0.625900 0.068000
vn 0.491900 -0.512500 -0.703800
vn 0.490400 -0.782400 0.383900
vn 0.495500 -0.747100 0.443100
vn 0.920400 0.058600 0.386700
vn 0.920800 0.043700 0.387600
vn 0.495900 0.097300 0.862900
vn 0.319200 0.166000 0.933000
vn 0.917400 0.115700 0.380700
vn 0.433100 0.305800 0.847900
vn 0.934100 0.172200 0.312800
vn 0.336800 0.478700 0.810800
vn 0.843500 0.350600 0.406900
vn 0.299800 0.642300 0.705400
vn 0.907900 0.330100 0.258500
vn 0.966200 0.229600 0.117600
vn 0.293500 0.775300 0.559200
vn 0.370600 0.841700 0.392600
vn 0.830900 0.463200 0.308400
vn 0.392500 0.716500 0.576600
vn 0.399500 0.173500 0.900200
vn 0.895900 0.131200 0.424400
vn 0.898800 -0.197100 0.391500
vn 0.335700 -0.601400 0.725000
vn 0.367400 -0.916900 0.155800
vn 0.919500 -0.367800 0.138500
vn 0.384200 -0.898400 -0.212700
vn 0.804600 -0.577700 -0.137500
vn 0.370300 -0.731400 -0.572700
vn 0.952700 -0.240000 -0.186600
vn 0.849000 -0.398500 -0.347000
vn 0.134400 -0.776400 -0.615800
vn 0.376500 0.926400 0.000000
vn 0.768900 0.639400 0.000000
vn 0.274700 -0.216300 -0.936900
vn 0.814900 -0.167400 -0.554800
vn 0.700100 0.006100 -0.714000
vn 0.088400 -0.800000 -0.593400
vn 0.143100 -0.061200 -0.987800
vn 0.929300 -0.369200 0.000000
vn 0.274500 -0.093200 -0.957100
vn 0.293600 0.444000 -0.846600
vn 0.831300 -0.555900 -0.000000
vn 0.272800 0.153400 -0.949800
vn 0.669500 -0.162000 -0.724900
vn 0.725200 -0.103800 -0.680700
vn 0.427800 0.718200 -0.548800
vn 0.285800 -0.057100 -0.956600
vn 0.244900 0.961200 -0.126800
vn 0.125200 0.966800 0.222700
vn -0.595100 0.766200 0.242700
vn 0.270200 0.585900 -0.764000
vn -0.671700 0.464400 -0.577200
vn 0.162500 0.668900 -0.725400
vn -0.112400 0.410700 -0.904800
vn -0.134500 0.928200 0.346900
vn 0.160600 0.794800 -0.585200
vn 0.149800 0.519200 0.841400
vn -0.363200 0.800800 -0.476200
vn 0.020000 0.618600 0.785500
vn -0.134600 0.928200 0.346800
vn 0.960900 0.222200 -0.165500
vn -0.112500 0.410700 -0.904800
vn 0.974800 -0.204800 -0.089000
vn 0.960900 0.222300 -0.165400
vn -0.134600 0.928200 0.346900
vn 0.907600 -0.411800 -0.081400
vn 0.019900 0.618600 0.785500
vn -0.740700 -0.609500 -0.282700
vn 0.008800 -0.460700 -0.887500
vn -0.070000 0.907100 -0.415100
vn 0.660200 -0.044000 -0.749800
vn -0.164400 0.672300 -0.721800
vn -0.297900 0.953300 -0.049600
vn 0.921000 -0.285300 -0.265400
vn -0.112600 0.883300 0.455000
vn 0.844600 0.160700 0.510800
vn 0.883000 0.231600 0.408300
vn 0.660200 -0.043900 -0.749800
vn 0.883000 0.231600 0.408200
vn 0.672300 0.467800 -0.573800
vn 0.457300 -0.179900 0.870900
vn -0.907500 -0.418800 0.033600
vn 0.410800 -0.306500 0.858700
vn -0.938300 -0.344200 0.033800
vn -0.016700 -0.557300 -0.830200
vn 0.470800 -0.522400 -0.710900
vn -0.663100 -0.745200 0.070300
vn 0.747600 -0.590100 -0.304700
vn -0.978600 -0.205600 0.000000
vn -0.926100 -0.131300 0.353700
vn -0.974600 0.223700 0.000000
vn -0.819100 -0.573600 -0.000100
vn -0.822200 0.569100 -0.000000
vn -0.745100 -0.056400 0.664600
vn -0.574000 0.576400 0.581600
vn -0.142300 0.989800 -0.000000
vn -0.344100 0.741800 0.575600
vn -0.409700 0.629600 0.660100
vn -0.148300 0.988900 0.000000
vn -0.637400 0.770500 -0.000000
vn 0.134600 0.928200 0.346900
vn 0.083600 0.389000 -0.917400
vn -0.160600 0.794800 -0.585200
vn -0.226200 0.513600 0.827700
vn 0.180300 0.856700 -0.483200
vn -0.172900 0.626300 0.760200
vn -0.960900 0.222200 -0.165500
vn 0.134600 0.928200 0.346800
vn -0.948300 -0.306000 -0.084100
vn -0.960900 0.222300 -0.165400
vn -0.226300 0.513600 0.827600
vn -0.819200 -0.569800 -0.064800
vn -0.172800 0.626200 0.760200
vn 0.347700 -0.710300 0.612100
vn 0.470800 -0.522500 -0.710900
vn -0.016800 -0.557300 -0.830100
vn 0.661100 -0.045900 0.748900
vn -0.068300 0.906900 0.415800
vn -0.164200 0.672600 0.721500
vn -0.298100 0.953300 0.048700
vn -0.113100 0.883400 -0.454900
vn 0.882800 0.232200 -0.408300
vn 0.920700 -0.286500 0.265100
vn 0.882800 0.232200 -0.408200
vn 0.672500 0.467500 0.573700
vn 0.457300 -0.179900 -0.870900
vn -0.908000 -0.417700 -0.033500
vn 0.410800 -0.306500 -0.858700
vn -0.938300 -0.344200 -0.033400
vn -0.017400 -0.555500 0.831400
vn 0.471100 -0.522000 0.711000
vn -0.135700 0.770100 0.623300
vn -0.008500 0.595700 0.803100
vn -0.267600 0.420800 0.866800
vn 0.285000 -0.798200 -0.530700
vn 0.861800 -0.494200 -0.114400
vn 0.255600 -0.943200 -0.212400
vn 0.210000 -0.959800 0.186300
vn 0.863800 -0.480300 0.152000
vn 0.283800 -0.756300 0.589500
vn 0.848000 -0.399700 0.348100
vn 0.422100 -0.732200 0.534500
vn 0.952700 -0.240500 0.185900
vn 0.805100 -0.577200 0.136400
vn 0.385600 -0.897900 0.212400
vn 0.315600 -0.925700 -0.208700
vn 0.463900 -0.581100 -0.668600
vn 0.919500 -0.367900 -0.138500
vn 0.898700 -0.197200 -0.391700
vn 0.396100 0.029200 -0.917700
vn 0.339400 0.695300 -0.633500
vn 0.897000 0.128500 -0.423000
vn 0.833100 0.461200 -0.305500
vn 0.371200 0.841600 -0.392200
vn 0.966100 0.229600 -0.117800
vn 0.293300 0.775100 -0.559700
vn 0.907800 0.330100 -0.258700
vn 0.358500 0.643700 -0.676100
vn 0.923100 0.251600 -0.290900
vn 0.336300 0.512900 -0.789800
vn 0.866500 0.241200 -0.437100
vn 0.310000 0.317200 -0.896300
vn 0.917400 0.115700 -0.380700
vn 0.426300 0.143400 -0.893100
vn 0.950000 0.052500 -0.307800
vn 0.920800 0.043400 -0.387600
vn 0.375300 0.103100 -0.921200
vn -0.346000 -0.598600 -0.722500
vn 0.315500 -0.925700 -0.208700
vn -0.453700 -0.871600 -0.185700
vn -0.410900 0.168300 -0.896000
vn 0.339400 0.695300 -0.633600
vn -0.485300 0.635600 -0.600400
vn -0.382800 0.846800 -0.369400
vn -0.304000 0.796100 -0.523200
vn 0.293300 0.775100 -0.559600
vn -0.266000 0.660600 -0.702000
vn -0.348100 0.477500 -0.806700
vn 0.309900 0.317200 -0.896300
vn -0.446900 0.303300 -0.841600
vn -0.384500 0.172700 -0.906800
vn 0.426300 0.143500 -0.893100
vn -0.386900 0.102600 -0.916400
vn -0.891000 0.067800 -0.448800
vn -0.968200 0.027800 -0.248500
vn -0.384400 0.172600 -0.906900
vn -0.922300 0.112400 -0.369800
vn -0.937600 0.168000 -0.304300
vn -0.348100 0.477500 -0.806800
vn -0.851200 0.343400 -0.396900
vn -0.911500 0.323800 -0.253600
vn -0.967700 0.224200 -0.115200
vn -0.843500 0.447800 -0.296600
vn -0.485300 0.635500 -0.600600
vn -0.903400 0.124600 -0.410300
vn -0.905100 -0.191200 -0.379900
vn -0.345900 -0.598600 -0.722500
vn -0.924200 -0.357500 -0.134600
vn -0.817200 -0.560900 0.132600
vn -0.262900 -0.938900 0.222100
vn -0.435300 -0.689300 0.579100
vn -0.955500 -0.233300 0.180500
vn -0.855600 -0.390700 0.339600
vn -0.294100 -0.796100 0.528900
vn -0.866500 -0.486300 0.112400
vn -0.265600 -0.940600 0.211300
vn -0.219100 -0.957800 -0.186100
vn -0.869600 -0.470900 -0.148900
vn -0.296600 -0.753100 -0.587300
vn -0.856600 -0.389500 -0.338500
vn -0.503800 -0.679700 -0.533100
vn -0.955500 -0.232900 -0.181100
vn -0.816600 -0.561500 -0.133700
vn -0.262000 -0.939100 -0.222300
vn -0.945800 0.048700 0.321100
vn -0.925600 0.042400 0.376200
vn -0.386800 0.103400 0.916300
vn -0.459800 0.158300 0.873800
vn -0.922300 0.112400 0.369800
vn -0.319900 0.315900 0.893200
vn -0.874000 0.234400 0.425600
vn -0.348200 0.509100 0.787100
vn -0.926900 0.245000 0.284200
vn -0.310900 0.664300 0.679700
vn -0.911600 0.323700 0.253300
vn -0.304200 0.796400 0.522600
vn -0.967700 0.224300 0.115000
vn -0.382100 0.846600 0.370500
vn -0.841400 0.449800 0.299500
vn -0.402300 0.632500 0.661900
vn -0.902400 0.127300 0.411600
vn -0.408600 0.032500 0.912200
vn -0.905200 -0.191000 0.379600
vn -0.478400 -0.575700 0.663100
vn -0.924200 -0.357400 0.134600
vn -0.380100 -0.892300 0.243500
vn 0.370400 -0.731300 -0.572700
vn -0.262000 -0.939100 -0.222200
vn 0.384200 -0.898400 -0.212600
vn -0.380100 -0.892300 0.243400
vn 0.335700 -0.601300 0.725000
vn -0.408600 0.032400 0.912200
vn -0.402400 0.632500 0.661900
vn 0.392600 0.716500 0.576600
vn 0.370600 0.841700 0.392700
vn -0.310900 0.664300 0.679800
vn 0.299800 0.642400 0.705300
vn -0.348200 0.509200 0.787100
vn 0.433100 0.305700 0.847900
vn 0.319200 0.166000 0.933100
vn 0.495900 0.097200 0.862900
vn -0.925000 0.056800 -0.375800
vn -0.925400 0.042100 -0.376600
vn -0.510200 0.095600 -0.854700
vn -0.328600 0.165000 -0.929900
vn -0.922100 0.112600 -0.370200
vn -0.446300 0.303400 -0.841900
vn -0.937500 0.168200 -0.304600
vn -0.347600 0.477600 -0.806900
vn -0.850900 0.343800 -0.397300
vn -0.310200 0.641000 -0.702100
vn -0.911400 0.324000 -0.253800
vn -0.967700 0.224400 -0.115300
vn -0.303700 0.772300 -0.558000
vn -0.382300 0.837500 -0.390500
vn -0.843100 0.448400 -0.297000
vn -0.407400 0.711200 -0.572900
vn -0.410400 0.168300 -0.896200
vn -0.903100 0.124800 -0.410800
vn -0.904800 -0.191400 -0.380300
vn -0.345500 -0.598700 -0.722600
vn -0.378600 -0.912400 -0.155200
vn -0.924000 -0.357900 -0.134800
vn -0.816700 -0.561600 0.132700
vn -0.316400 -0.910100 0.267600
vn -0.434800 -0.689500 0.579300
vn -0.955400 -0.233600 0.180600
vn -0.855300 -0.391100 0.340000
vn -0.293600 -0.796200 0.529000
vn -0.866300 -0.486700 0.112500
vn -0.265200 -0.940800 0.211300
vn -0.218700 -0.957900 -0.186200
vn -0.869400 -0.471200 -0.149000
vn -0.296100 -0.753200 -0.587400
vn -0.856300 -0.389900 -0.338800
vn -0.434800 -0.727400 -0.530900
vn -0.955400 -0.233200 -0.181300
vn -0.816100 -0.562200 -0.133800
vn -0.395400 -0.893800 -0.211600
vn -0.325200 -0.922400 0.208500
vn -0.477800 -0.575900 0.663300
vn -0.924000 -0.357800 0.134800
vn -0.904900 -0.191300 0.380100
vn -0.408000 0.032500 0.912400
vn -0.401800 0.632700 0.662000
vn -0.902100 0.127500 0.412200
vn 0.212400 0.589100 0.779600
vn -0.129800 0.466800 0.874800
vn -0.842200 0.098300 0.530200
vn -0.267600 0.420900 -0.866700
vn -0.135700 0.770100 -0.623300
vn -0.008400 0.595700 -0.803100
vn 0.212400 0.589100 -0.779600
vn -0.129800 0.466800 -0.874800
vn -0.633200 -0.685200 -0.359900
vn -0.117900 -0.993000 -0.000000
vn -0.642900 -0.765900 -0.000000
vn -0.962100 -0.272500 0.000000
vn -0.713600 -0.100800 -0.693200
vn -0.085200 -0.782700 -0.616600
vn 0.226500 -0.974000 0.000000
vn -0.560100 0.489700 -0.668200
vn 0.035000 -0.567300 -0.822800
vn 0.184600 -0.982800 0.000000
vn -0.153800 -0.596900 -0.787400
vn -0.134300 -0.990900 -0.000000
vn -0.335300 -0.942100 0.005500
vn -0.134300 -0.776200 -0.616000
vn -0.196000 -0.599500 -0.776100
vn -0.611500 -0.096500 -0.785400
vn -0.275400 -0.217200 -0.936500
vn -0.812900 -0.194000 -0.549200
vn -0.275100 -0.093200 -0.956900
vn -0.643900 -0.092100 -0.759600
vn -0.925900 -0.131500 -0.354000
vn -0.573900 0.576100 -0.582000
vn -0.344400 0.741600 -0.575800
vn -0.744900 -0.056800 -0.664700
vn -0.972200 -0.234200 -0.000000
vn -0.156200 -0.562400 -0.811900
vn 0.333400 -0.889000 -0.313700
vn -0.409700 0.629500 -0.660200
vn -0.704400 -0.000600 -0.709800
vn -0.143200 -0.062900 -0.987700
vn -0.292300 0.444400 -0.846800
vn -0.669600 -0.163500 -0.724500
vn -0.272600 0.149700 -0.950400
vn -0.285800 -0.061200 -0.956300
vn -0.725300 -0.112900 -0.679100
vn -0.433000 0.714400 -0.549700
vn -0.271200 0.587700 -0.762300
vn -0.243700 0.961400 -0.127800
vn 0.590200 0.770900 0.239700
vn -0.112700 0.883400 0.455000
vn -0.125000 0.967000 0.221800
vn -0.064100 0.997900 -0.000000
vn -0.078900 0.996900 0.000000
vn -0.633200 -0.685200 0.359900
vn -0.713600 -0.100800 0.693200
vn -0.560100 0.489700 0.668200
vn -0.085200 -0.782700 0.616600
vn 0.035000 -0.567300 0.822800
vn -0.283600 0.959000 0.000000
vn -0.153800 -0.596800 0.787500
vn -0.134300 -0.776100 0.616100
vn -0.384200 0.923300 0.000000
vn -0.196100 -0.599400 0.776100
vn -0.777100 0.629400 0.000000
vn -0.605100 -0.619900 0.499500
vn -0.275400 -0.217200 0.936500
vn -0.704500 -0.000600 0.709700
vn 0.333400 -0.889000 0.313700
vn -0.143200 -0.062900 0.987700
vn -0.927400 -0.374000 0.000100
vn -0.275000 -0.093300 0.956900
vn -0.292300 0.444300 0.846900
vn -0.831000 -0.556300 -0.000100
vn -0.272600 0.149500 0.950400
vn -0.669600 -0.163500 0.724500
vn -0.725300 -0.112600 0.679200
vn -0.433100 0.714400 0.549600
vn -0.285700 -0.061400 0.956300
vn -0.243700 0.961400 0.127500
vn -0.125100 0.967000 -0.222000
vn 0.589900 0.771000 -0.240100
vn -0.113100 0.883300 -0.454900
vn -0.271400 0.587700 0.762300
vn 0.084600 0.389000 0.917300
vn 0.134200 0.928400 -0.346400
vn -0.157700 0.795700 0.584800
vn -0.227000 0.513500 -0.827500
vn 0.180300 0.856700 0.483200
vn -0.172900 0.626300 -0.760200
vn -0.157600 0.795700 0.584800
vn 0.134300 0.928400 -0.346400
vn -0.960500 0.222600 0.166900
vn -0.948200 -0.306100 0.084300
vn -0.819200 -0.569800 0.064800
vn -0.172800 0.626200 -0.760200
vn 0.347400 -0.710100 -0.612400
vn -0.017500 -0.555500 0.831300
vn -0.841000 0.450400 0.299900
vn -0.381600 0.846700 0.370600
vn -0.967600 0.224500 0.115100
vn -0.303800 0.796600 0.522700
vn -0.911400 0.324000 0.253600
vn -0.310400 0.664400 0.679800
vn -0.926800 0.245200 0.284500
vn -0.347700 0.509200 0.787300
vn -0.873700 0.234700 0.426100
vn -0.319500 0.316000 0.893400
vn -0.922100 0.112600 0.370200
vn -0.438900 0.142800 0.887100
vn -0.952800 0.051200 0.299100
vn -0.925400 0.042500 0.376600
vn -0.386300 0.103400 0.916500
vn 0.346200 -0.598500 0.722500
vn 0.453700 -0.871600 0.185700
vn -0.408100 0.032600 0.912400
vn 0.411500 0.173900 0.894700
vn -0.401800 0.632600 0.662000
vn 0.404400 0.713300 0.572500
vn -0.381600 0.846800 0.370600
vn 0.382200 0.837300 0.390900
vn 0.304400 0.772400 0.557500
vn -0.310400 0.664500 0.679800
vn 0.311000 0.639700 0.702900
vn 0.348400 0.476300 0.807300
vn 0.446900 0.303300 0.841600
vn 0.384500 0.172900 0.906800
vn 0.386800 0.103400 0.916300
vn -0.386300 0.103400 0.916600
vn 0.891000 0.068100 0.448900
vn 0.968200 0.028000 0.248400
vn 0.384400 0.172900 0.906800
vn 0.922300 0.112400 0.369800
vn 0.937700 0.167600 0.304400
vn 0.851500 0.342400 0.397200
vn 0.311000 0.639800 0.702800
vn 0.911600 0.323700 0.253300
vn 0.967700 0.224300 0.115000
vn 0.382200 0.837400 0.390900
vn 0.841400 0.449900 0.299500
vn 0.404400 0.713300 0.572400
vn 0.902400 0.127300 0.411600
vn 0.905200 -0.191000 0.379600
vn 0.346200 -0.598600 0.722400
vn 0.924200 -0.357400 0.134600
vn 0.262000 -0.939100 -0.222300
vn 0.816600 -0.561500 -0.133600
vn 0.435300 -0.689200 -0.579300
vn 0.955500 -0.232900 -0.181100
vn 0.856600 -0.389500 -0.338500
vn 0.295900 -0.795600 -0.528600
vn 0.866900 -0.485600 -0.112200
vn 0.266100 -0.940500 -0.211500
vn 0.218800 -0.957900 0.186000
vn 0.869000 -0.471700 0.149200
vn 0.294700 -0.753500 0.587700
vn 0.855600 -0.390700 0.339700
vn 0.435400 -0.727300 0.530500
vn 0.955500 -0.233300 0.180400
vn 0.817200 -0.560900 0.132600
vn 0.316800 -0.933400 0.168400
vn 0.945800 0.048500 -0.321100
vn 0.925600 0.042100 -0.376100
vn 0.386800 0.102600 -0.916400
vn 0.459800 0.158000 -0.873900
vn 0.922300 0.112400 -0.369800
vn 0.319900 0.315900 -0.893200
vn 0.873900 0.234900 -0.425500
vn 0.347900 0.510600 -0.786300
vn 0.926800 0.245700 -0.284000
vn 0.310500 0.665000 -0.679200
vn 0.911500 0.323800 -0.253600
vn 0.304000 0.796100 -0.523200
vn 0.382800 0.846800 -0.369400
vn 0.967700 0.224200 -0.115200
vn 0.843500 0.447800 -0.296600
vn 0.405700 0.628000 -0.664000
vn 0.903400 0.124600 -0.410300
vn 0.408100 0.029000 -0.912500
vn 0.905100 -0.191200 -0.379900
vn 0.478100 -0.575800 -0.663200
vn 0.924200 -0.357500 -0.134600
vn 0.380100 -0.892300 -0.243500
vn -0.325100 -0.922400 0.208600
vn 0.296000 -0.795600 -0.528600
vn -0.218700 -0.957900 -0.186100
vn -0.265200 -0.940800 0.211400
vn 0.435400 -0.727400 0.530500
vn -0.378700 -0.912400 -0.155200
vn 0.380100 -0.892300 -0.243400
vn 0.408000 0.029000 -0.912500
vn 0.405700 0.628100 -0.664000
vn 0.304000 0.796100 -0.523300
vn -0.303700 0.772200 -0.558000
vn -0.310200 0.641000 -0.702000
vn 0.347900 0.510700 -0.786300
vn -0.347700 0.477600 -0.806800
vn 0.386900 0.102600 -0.916400
vn 0.070800 0.906400 0.416400
vn -0.657200 -0.041700 0.752500
vn 0.162500 0.668900 0.725300
vn -0.921000 -0.285500 0.265000
vn 0.112300 0.882500 -0.456700
vn -0.845700 0.161300 -0.508600
vn -0.595200 0.766000 -0.242800
vn 0.916900 -0.398800 -0.017100
vn 0.947900 -0.318500 -0.009200
vn 0.674900 0.462100 -0.575200
vn 0.823000 -0.404700 0.398700
vn 0.635800 -0.455800 -0.622900
vn -0.716400 0.441100 -0.540600
vn -0.762300 -0.365000 0.534500
vn -0.453800 0.460700 0.762800
vn -0.689000 -0.595000 -0.413800
vn 0.148500 0.923000 -0.354900
vn -0.005800 0.944600 0.328100
vn 0.321700 0.912900 0.251300
vn -0.006500 0.945200 -0.326500
vn 0.011700 0.929200 0.369300
vn 0.007400 0.921400 -0.388600
vn 0.016900 0.962600 0.270400
vn -0.002700 0.912800 -0.408500
vn -0.253700 0.938200 0.235300
vn -0.224000 0.877400 -0.424200
vn 0.498300 0.486900 0.717400
vn 0.026700 -0.262300 0.964600
vn 0.018500 0.518100 0.855100
vn 0.010300 0.371200 0.928500
vn 0.019200 -0.392700 0.919500
vn 0.004900 -0.325700 0.945400
vn 0.019400 0.553000 0.833000
vn -0.016100 -0.371900 -0.928100
vn -0.020400 0.414100 -0.910000
vn -0.005000 0.338000 -0.941100
vn -0.019300 -0.421800 -0.906500
vn -0.013100 0.414900 -0.909800
vn -0.015500 -0.471300 -0.881900
vn 0.002600 0.970100 0.242800
vn -0.180100 0.914300 -0.362900
vn -0.339500 0.895000 0.289400
vn 0.006900 0.893500 -0.449100
vn -0.002600 0.947800 -0.318900
vn 0.002900 0.926000 0.377500
vn -0.003600 0.972000 -0.235200
vn 0.003800 0.895200 0.445700
vn 0.162400 0.934300 0.317500
vn 0.327000 0.901900 -0.282100
vn 0.009800 -0.355300 0.934700
vn -0.687100 0.374300 0.622800
vn -0.671000 -0.471700 0.572100
vn 0.009200 0.535400 0.844600
vn 0.007200 0.403700 0.914900
vn 0.002100 -0.381100 0.924500
vn 0.008200 0.426300 0.904500
vn 0.011100 -0.327300 0.944800
vn 0.666400 0.457400 0.588800
vn 0.665500 -0.525800 0.529800
vn -0.009300 0.487100 -0.873300
vn 0.635400 0.523500 -0.567700
vn 0.695400 -0.353700 -0.625500
vn 0.000200 -0.353200 -0.935600
vn 0.004800 0.514100 -0.857700
vn 0.005600 -0.251000 -0.968000
vn -0.000600 0.322900 -0.946400
vn -0.020700 -0.461200 -0.887100
vn -0.664400 -0.445500 -0.600100
vn -0.685100 0.477900 -0.549700
vn 0.258500 0.923200 -0.284400
vn 0.009700 0.930400 0.366300
vn 0.192600 0.900100 0.390800
vn 0.007000 0.954900 -0.297000
vn -0.002100 0.929600 0.368600
vn 0.001500 0.922700 -0.385600
vn 0.003700 0.940000 0.341100
vn 0.010700 0.930100 -0.367200
vn -0.249100 0.916100 0.314100
vn -0.181300 0.914700 -0.361100
vn 0.006200 0.353900 0.935300
vn 0.509300 -0.413300 0.754900
vn 0.802600 0.476200 0.359200
vn 0.007300 -0.425700 0.904800
vn -0.017200 -0.297100 0.954700
vn -0.003800 0.494600 0.869100
vn -0.012800 0.392300 0.919800
vn -0.022300 -0.491300 0.870700
vn -0.663900 -0.425900 0.614600
vn -0.612900 0.426500 0.665200
vn -0.741400 0.464400 -0.484500
vn -0.028200 -0.354000 -0.934800
vn -0.675800 -0.487900 -0.552600
vn -0.012400 0.412800 -0.910700
vn -0.014900 -0.302000 -0.953200
vn -0.006900 0.452800 -0.891600
vn -0.016500 0.384100 -0.923200
vn -0.019900 -0.462100 -0.886600
vn 0.677400 -0.438400 -0.590700
vn 0.604400 0.453700 -0.654900
vn 0.872100 0.447600 0.197700
vn 0.787800 -0.260500 -0.558100
vn 0.478800 0.494700 -0.725300
vn -0.663000 0.395100 0.635900
vn -0.677600 -0.249900 -0.691700
vn -0.710500 -0.548800 0.440500
vn 0.277100 0.932900 -0.230100
vn -0.104200 0.787200 0.607800
vn 0.205300 0.544100 0.813600
vn 0.016800 0.985900 -0.166400
vn -0.152000 0.898200 0.412500
vn -0.003800 0.903400 0.428800
vn -0.004600 0.925800 -0.378000
vn 0.005900 0.979400 -0.201900
vn 0.004900 0.941700 0.336500
vn -0.158200 0.952100 -0.261700
vn -0.324700 0.881400 0.343000
vn 0.650100 -0.432800 0.624600
vn -0.004600 -0.276100 0.961100
vn -0.143500 0.419000 0.896600
vn -0.008100 0.242200 0.970200
vn -0.007400 -0.537800 0.843000
vn -0.015700 -0.308300 0.951200
vn -0.008600 0.515300 0.857000
vn -0.710400 -0.548800 0.440500
vn -0.009800 0.583200 -0.812200
vn -0.677600 -0.249900 -0.691600
vn -0.652600 0.591900 -0.473100
vn -0.019500 -0.185700 -0.982400
vn -0.002700 0.434300 -0.900800
vn 0.005100 -0.323600 -0.946200
vn 0.024500 -0.234900 -0.971700
vn 0.019800 0.632100 -0.774600
vn 0.787800 -0.260400 -0.558100
vn -0.658300 0.453400 -0.600900
vn -0.704300 -0.354800 0.614900
vn -0.645000 0.521000 0.559000
vn 0.000200 0.970000 -0.243100
vn 0.174300 0.918900 0.354000
vn 0.343700 0.895100 -0.284000
vn -0.012100 0.904700 0.425800
vn -0.000900 0.944800 0.327500
vn 0.001700 0.929600 -0.368500
vn 0.000900 0.967700 0.251900
vn 0.001700 0.897800 -0.440400
vn -0.158100 0.932200 -0.325500
vn -0.332100 0.898300 0.287700
vn 0.001400 -0.357000 -0.934100
vn 0.696300 0.372900 -0.613300
vn 0.663400 -0.492100 -0.563600
vn 0.000900 0.540300 -0.841500
vn 0.003800 0.411300 -0.911500
vn 0.009100 -0.382200 -0.924000
vn 0.002800 0.420600 -0.907200
vn 0.000400 -0.325500 -0.945500
vn -0.670600 -0.508100 -0.540500
vn -0.000800 0.474300 0.880300
vn -0.704300 -0.354700 0.614900
vn -0.011700 -0.358500 0.933500
vn -0.014900 0.524600 0.851200
vn -0.016800 -0.224700 0.974300
vn -0.011000 0.336700 0.941500
vn 0.009500 -0.463600 0.886000
vn 0.649600 -0.455300 0.608900
vn 0.679100 0.475200 0.559500
vn 0.288500 -0.926400 -0.241900
vn 0.225600 -0.862900 0.452300
vn -0.266900 -0.909200 0.319500
vn -0.207700 -0.912600 -0.352200
vn -0.016000 -0.772400 -0.635000
vn -0.017700 -0.932000 -0.362000
vn -0.006400 -0.935000 -0.354700
vn 0.019700 -0.905700 0.423600
vn 0.001300 -0.914300 0.405100
vn -0.009800 -0.939300 0.343000
vn -0.266900 -0.909200 0.319600
vn -0.175700 -0.922700 -0.343300
vn -0.344400 -0.894500 0.285000
vn 0.345200 -0.881600 -0.322000
vn 0.184400 -0.922900 0.337900
vn -0.009000 -0.875300 -0.483400
vn -0.002700 -0.895600 -0.444900
vn 0.006100 -0.957600 -0.288200
vn -0.344400 -0.894500 0.285100
vn -0.001900 -0.967500 0.252700
vn -0.002100 -0.934400 0.356200
vn 0.004200 -0.892300 0.451300
vn 0.343200 -0.886600 0.310000
vn 0.509300 -0.413300 0.754800
vn 0.161600 -0.920200 -0.356600
vn -0.343100 -0.895200 -0.284300
vn -0.171600 -0.920200 0.351800
vn -0.675800 -0.487800 -0.552600
vn -0.012300 -0.922000 0.387100
vn -0.014600 -0.939700 0.341600
vn -0.022100 -0.694300 0.719300
vn -0.019600 -0.940200 -0.340100
vn -0.014400 -0.880700 -0.473500
vn -0.016500 -0.947300 -0.320000
vn -0.343100 -0.895300 -0.284300
vn -0.004600 -0.938200 0.346000
vn -0.001200 -0.977100 0.212600
vn -0.006500 -0.879900 -0.475200
vn 0.006800 -0.842700 -0.538400
vn 0.304000 -0.876400 -0.373600
vn 0.207400 -0.910800 0.356900
vn 0.009900 -0.915400 -0.402300
vn -0.297800 -0.889000 -0.347800
vn -0.230600 -0.895800 0.379900
vn 0.207500 -0.910800 0.356800
vn -0.007900 -0.941400 0.337200
vn 0.303900 -0.876400 -0.373600
vn -0.230700 -0.895800 0.379900
vn 0.006200 -0.957600 -0.288100
vn 0.004300 -0.892400 0.451300
vn 0.006200 -1.000000 -0.002300
vn 0.288600 -0.926400 -0.241900
vn 0.225500 -0.862900 0.452300
vn -0.008900 -0.875300 -0.483400
vn -0.343000 -0.895300 -0.284300
vn -0.011200 -0.998200 0.058600
vn -0.014600 -0.939800 0.341500
vn -0.014400 -0.880700 -0.473400
vn 0.161500 -0.920200 -0.356600
vn 0.009900 -0.915400 -0.402400
vn -0.009500 -0.963300 0.268100
vn -0.359800 -0.882200 0.303800
vn -0.191700 -0.918600 -0.345600
vn 0.001400 -0.892200 -0.451600
vn 0.006300 -0.934300 -0.356400
vn -0.002400 -0.888600 0.458700
vn 0.004900 -0.967500 -0.252800
vn 0.003300 -0.867800 0.496900
vn 0.170500 -0.922700 0.345800
vn 0.335500 -0.899800 -0.278800
vn 0.335600 -0.899800 -0.278800
vn 0.663400 -0.492100 -0.563700
vn 0.005000 -0.967500 -0.252800
usemtl Model001_Material001.009
s 1
f 1/1/1 2/2/2 3/3/1
f 1/1/1 3/3/1 4/4/3
f 5/1/4 6/3/5 7/4/6
f 6/3/5 5/1/4 8/2/7
f 9/5/8 10/6/9 11/7/10
f 9/5/8 11/7/10 12/8/11
f 13/9/12 14/10/13 15/11/14
f 13/9/12 16/12/2 14/10/13
f 11/7/10 17/13/2 18/14/15
f 17/13/2 11/7/10 14/10/13
f 19/15/8 15/11/14 10/6/9
f 15/11/14 19/15/8 20/16/12
f 21/7/16 22/5/17 23/6/18
f 22/5/17 21/7/16 24/8/19
f 25/9/20 26/10/21 27/11/22
f 25/9/20 28/12/23 26/10/21
f 21/7/16 29/13/23 30/14/4
f 29/13/23 21/7/16 26/10/21
f 31/15/17 27/11/22 23/6/18
f 27/11/22 31/15/17 32/16/20
f 27/11/22 21/7/16 23/6/18
f 21/7/16 27/11/22 26/10/21
f 11/7/10 15/11/14 14/10/13
f 15/11/14 11/7/10 10/6/9
f 33/17/24 34/18/24 35/19/24
f 36/20/24 34/18/24 33/17/24
f 37/21/24 34/18/24 36/20/24
f 37/21/24 38/22/24 34/18/24
f 39/23/24 38/22/24 37/21/24
f 38/22/24 39/23/24 40/24/24
f 41/22/24 42/23/24 43/24/24
f 42/23/24 41/22/24 44/21/24
f 44/21/24 41/22/24 45/18/24
f 44/21/24 45/18/24 46/20/24
f 46/20/24 45/18/24 47/17/24
f 45/18/24 48/19/24 47/17/24
f 49/25/25 50/26/26 51/27/27
f 49/25/25 51/27/27 52/28/28
f 52/28/28 53/29/29 49/25/25
f 53/29/29 52/28/28 54/30/30
f 55/31/31 53/29/29 54/30/30
f 53/29/29 55/31/31 56/32/32
f 57/33/33 58/34/34 59/35/35
f 57/33/33 60/36/36 61/37/37
f 57/33/33 62/38/38 60/36/36
f 57/33/33 63/39/39 62/38/38
f 64/33/40 65/37/41 66/34/42
f 64/33/40 66/34/42 67/35/43
f 64/33/40 68/36/44 65/37/41
f 64/33/40 69/38/45 68/36/44
f 64/33/40 67/35/43 70/39/46
f 64/33/40 70/39/46 69/38/45
f 71/33/47 72/37/48 73/34/49
f 71/33/47 73/34/49 74/35/50
f 71/33/47 75/36/51 72/37/48
f 71/33/47 76/38/52 75/36/51
f 71/33/47 74/35/50 77/39/53
f 71/33/47 77/39/53 76/38/52
f 78/33/54 79/37/55 80/34/56
f 78/33/54 80/34/56 81/35/57
f 78/33/54 82/36/58 79/37/55
f 78/33/54 83/38/59 82/36/58
f 78/33/54 81/35/57 84/39/60
f 78/33/54 84/39/60 83/38/59
f 85/33/61 86/37/62 87/36/63
f 85/33/61 88/39/64 89/35/65
f 85/33/61 87/36/63 90/38/66
f 85/33/61 90/38/66 88/39/64
f 91/33/67 92/34/68 93/37/69
f 91/33/67 94/35/70 92/34/68
f 91/33/67 93/37/69 95/36/71
f 91/33/67 96/39/72 94/35/70
f 91/33/67 95/36/71 97/38/73
f 91/33/67 97/38/73 96/39/72
f 98/33/74 99/34/75 100/37/76
f 98/33/74 101/35/77 99/34/75
f 98/33/74 100/37/76 102/36/78
f 98/33/74 103/39/79 101/35/77
f 98/33/74 102/36/78 104/38/80
f 98/33/74 104/38/80 103/39/79
f 105/33/81 106/34/82 107/37/83
f 105/33/81 108/35/84 106/34/82
f 109/25/85 110/27/86 111/26/87
f 110/27/86 109/25/85 112/28/88
f 109/25/85 113/40/89 112/28/88
f 113/40/89 109/25/85 114/41/90
f 115/42/91 113/40/89 114/41/90
f 113/40/89 115/42/91 116/43/92
f 115/42/91 117/30/93 116/43/92
f 117/30/93 115/42/91 118/29/94
f 118/29/94 119/31/95 117/30/93
f 119/31/95 118/29/94 120/32/96
f 121/44/97 122/45/98 123/46/99
f 122/45/98 121/44/97 124/47/100
f 123/46/99 122/45/98 125/48/101
f 126/49/102 125/48/101 122/45/98
f 105/33/81 107/37/83 127/36/103
f 105/33/81 128/39/104 108/35/84
f 105/33/81 127/36/103 129/38/105
f 105/33/81 129/38/105 128/39/104
f 130/33/106 131/39/107 132/35/108
f 130/33/109 132/35/110 133/37/111
f 130/33/109 133/37/112 134/38/113
f 135/33/114 136/34/115 137/37/116
f 135/33/114 138/35/117 136/34/115
f 135/33/114 137/37/116 139/36/118
f 135/33/114 140/39/119 138/35/117
f 135/33/114 139/36/118 141/38/120
f 135/33/114 141/38/120 140/39/119
f 142/33/121 143/34/122 144/37/123
f 142/33/121 145/35/124 143/34/122
f 142/33/121 144/37/123 146/36/125
f 142/33/121 147/39/126 145/35/124
f 142/33/121 146/36/125 148/38/127
f 142/33/121 148/38/127 147/39/126
f 149/33/128 150/34/129 151/37/130
f 149/33/128 152/35/131 150/34/129
f 149/33/128 151/37/130 153/36/132
f 149/33/128 154/39/133 152/35/131
f 149/33/128 153/36/132 155/38/134
f 149/33/128 155/38/134 154/39/133
f 156/33/135 157/37/136 158/35/137
f 156/33/138 159/38/139 157/37/136
f 160/33/140 161/37/141 162/34/142
f 160/33/140 162/34/142 163/35/143
f 160/33/140 164/36/144 161/37/141
f 160/33/140 165/38/145 164/36/144
f 160/33/140 163/35/143 166/39/146
f 160/33/140 166/39/146 165/38/145
f 167/33/147 168/37/148 169/34/149
f 167/33/147 169/34/149 170/35/150
f 167/33/147 171/36/151 168/37/148
f 167/33/147 172/38/152 171/36/151
f 167/33/147 170/35/150 173/39/153
f 167/33/147 173/39/153 172/38/152
f 174/33/154 175/37/155 176/34/156
f 174/33/154 176/34/156 177/35/157
f 174/33/154 178/36/158 175/37/155
f 174/33/154 179/38/159 178/36/158
f 174/33/154 177/35/157 180/39/160
f 174/33/154 180/39/160 179/38/159
f 57/33/33 61/37/37 58/34/34
f 57/33/33 59/35/35 63/39/39
f 67/35/43 70/39/46 181/50/161
f 181/50/161 66/34/42 67/35/43
f 66/34/42 181/50/161 182/51/162
f 182/51/162 65/37/41 66/34/42
f 181/50/161 70/39/46 183/52/163
f 64/33/164 181/50/161 183/52/163
f 184/53/165 70/39/46 69/38/45
f 65/37/41 182/51/162 185/54/166
f 64/33/164 185/54/166 182/51/162
f 64/33/164 186/55/167 185/54/166
f 185/54/166 186/55/167 65/37/41
f 64/33/164 184/53/165 186/55/167
f 187/56/168 188/57/169 189/58/170
f 188/57/169 187/56/168 190/59/171
f 191/60/168 192/61/170 193/62/172
f 194/63/173 195/64/174 196/65/175
f 197/66/176 198/67/177 199/68/178
f 198/67/177 197/66/176 200/69/179
f 200/69/179 201/70/180 198/67/177
f 202/71/181 201/70/180 200/69/179
f 202/71/181 203/72/182 201/70/180
f 204/73/183 203/72/182 202/71/181
f 205/74/184 203/72/182 204/73/183
f 205/74/184 206/75/185 203/72/182
f 207/76/186 206/75/185 205/74/184
f 206/75/185 207/76/186 208/77/187
f 209/78/188 208/77/187 207/76/186
f 208/77/187 209/78/188 210/79/189
f 211/80/190 210/79/189 209/78/188
f 210/79/189 211/80/190 212/81/191
f 213/82/192 212/81/191 211/80/190
f 212/81/191 213/82/192 214/83/193
f 215/56/194 216/57/195 217/59/196
f 215/56/194 218/58/197 216/57/195
f 219/63/198 220/65/199 221/64/200
f 120/32/96 222/29/201 223/84/202
f 224/85/203 223/84/202 222/29/201
f 224/85/203 119/31/204 223/84/202
f 119/31/204 224/85/203 54/30/30
f 222/29/201 225/86/205 224/85/203
f 54/30/30 224/85/203 225/86/205
f 54/30/30 225/86/205 226/43/206
f 225/86/205 222/29/201 227/42/207
f 225/86/205 228/40/208 226/43/206
f 229/87/209 227/42/207 230/41/210
f 227/42/207 229/87/209 225/86/205
f 228/40/208 225/86/205 229/87/209
f 231/88/211 229/87/209 230/41/210
f 232/89/212 229/87/209 231/88/211
f 232/89/212 228/40/208 229/87/209
f 232/89/212 233/90/213 228/40/208
f 234/91/214 233/90/213 232/89/212
f 231/88/211 234/91/214 232/89/212
f 234/91/214 235/28/215 233/90/213
f 234/91/214 110/27/216 235/28/215
f 234/91/214 231/88/211 236/25/217
f 110/27/216 234/91/214 237/92/218
f 236/25/217 237/92/218 234/91/214
f 237/92/218 236/25/217 111/26/219
f 238/67/220 239/66/221 240/68/222
f 239/66/221 238/67/220 241/69/223
f 241/69/223 238/67/220 242/70/224
f 243/51/225 72/37/48 73/34/49
f 244/50/226 77/39/227 245/52/228
f 71/33/229 244/50/226 245/52/228
f 71/33/229 243/51/225 244/50/226
f 71/33/229 246/54/230 243/51/225
f 71/33/229 247/55/231 246/54/230
f 71/33/229 248/53/232 247/55/231
f 247/55/231 76/38/233 75/36/51
f 249/50/234 80/34/56 81/35/57
f 250/52/235 249/50/234 84/39/60
f 78/33/236 249/50/234 250/52/235
f 78/33/236 251/51/237 249/50/234
f 78/33/236 250/52/235 252/53/238
f 78/33/236 253/55/239 254/54/240
f 78/33/236 252/53/238 253/55/239
f 83/38/59 253/55/239 252/53/238
f 253/55/239 83/38/59 82/36/241
f 85/33/61 255/34/242 86/37/62
f 85/33/61 89/35/65 255/34/242
f 256/50/243 96/39/72 94/35/70
f 92/34/68 256/50/243 94/35/70
f 256/50/243 257/52/244 96/39/72
f 258/51/245 93/37/69 259/54/246
f 260/53/247 96/39/72 257/52/244
f 93/37/69 261/55/248 259/54/246
f 96/39/72 260/53/247 97/38/73
f 101/35/77 262/50/249 103/39/250
f 99/34/75 262/50/249 101/35/77
f 262/50/249 99/34/75 263/51/251
f 262/50/249 264/52/252 103/39/250
f 98/33/253 264/52/252 262/50/249
f 98/33/253 263/51/251 265/54/254
f 98/33/253 266/53/255 264/52/252
f 267/55/256 100/37/76 102/36/257
f 104/38/80 267/55/256 102/36/257
f 105/33/258 268/50/259 269/51/260
f 105/33/258 269/51/260 270/54/261
f 105/33/258 271/55/262 272/53/263
f 105/33/258 272/53/263 273/52/264
f 130/33/109 274/34/265 133/37/111
f 130/33/109 132/35/110 274/34/265
f 130/33/106 133/37/111 275/36/266
f 130/33/106 275/36/266 134/38/267
f 130/33/106 134/38/267 131/39/107
f 136/34/268 276/50/269 138/35/270
f 276/50/269 136/34/268 277/51/271
f 137/37/116 277/51/271 136/34/268
f 276/50/269 278/52/272 140/39/273
f 135/33/274 276/50/269 277/51/271
f 277/51/271 137/37/116 279/54/275
f 135/33/274 277/51/271 279/54/275
f 135/33/274 279/54/275 280/55/276
f 135/33/274 280/55/276 281/53/277
f 141/38/278 280/55/276 139/36/118
f 145/35/124 282/50/279 147/39/280
f 282/50/279 143/34/122 283/51/281
f 284/53/282 147/39/280 285/52/283
f 142/33/284 286/54/285 287/55/286
f 144/37/123 287/55/286 286/54/285
f 142/33/284 287/55/286 284/53/282
f 287/55/286 148/38/127 284/53/282
f 148/38/127 287/55/286 146/36/125
f 149/33/287 288/52/288 289/50/289
f 149/33/287 289/50/289 290/51/290
f 290/51/290 151/37/130 291/54/291
f 149/33/287 290/51/290 291/54/291
f 292/53/292 154/39/133 288/52/288
f 149/33/287 292/53/292 288/52/288
f 293/55/293 291/54/291 151/37/130
f 154/39/133 292/53/292 155/38/134
f 293/55/293 151/37/130 153/36/294
f 156/33/135 157/37/136 294/34/295
f 156/33/135 294/34/295 158/35/296
f 156/33/135 295/36/297 157/37/136
f 156/33/135 159/38/139 295/36/297
f 156/33/135 158/35/296 296/39/298
f 156/33/135 296/39/298 159/38/299
f 297/50/300 162/34/301 163/35/302
f 162/34/301 297/50/300 298/51/303
f 160/33/304 297/50/300 299/52/305
f 160/33/304 298/51/303 297/50/300
f 160/33/304 299/52/305 300/53/306
f 300/53/306 166/39/307 165/38/308
f 161/37/141 298/51/303 301/54/309
f 301/54/309 302/55/310 161/37/141
f 165/38/308 302/55/310 300/53/306
f 170/35/150 173/39/153 303/50/311
f 303/50/311 169/34/149 170/35/150
f 167/33/312 303/50/311 304/52/313
f 167/33/312 305/51/314 303/50/311
f 167/33/312 304/52/313 306/53/315
f 306/53/315 173/39/153 172/38/316
f 167/33/312 307/55/317 308/54/318
f 167/33/312 306/53/315 307/55/317
f 172/38/316 307/55/317 306/53/315
f 309/50/319 177/35/157 180/39/160
f 310/51/320 175/37/155 176/34/321
f 311/52/322 309/50/319 180/39/160
f 174/33/323 309/50/319 311/52/322
f 175/37/155 310/51/320 312/54/324
f 174/33/323 312/54/324 310/51/320
f 174/33/323 313/53/325 314/55/326
f 179/38/159 314/55/326 313/53/325
f 314/55/326 179/38/159 178/36/158
f 315/71/327 241/69/223 242/70/224
f 315/71/327 242/70/224 316/72/328
f 317/73/329 315/71/327 316/72/328
f 316/72/328 318/74/330 317/73/329
f 318/74/330 316/72/328 319/75/331
f 320/76/332 318/74/330 319/75/331
f 321/77/333 320/76/332 319/75/331
f 321/77/333 322/78/334 320/76/332
f 322/78/334 321/77/333 323/79/335
f 323/79/335 324/80/336 322/78/334
f 324/80/336 323/79/335 325/81/337
f 325/81/337 326/82/338 324/80/336
f 326/82/338 325/81/337 327/83/339
f 328/56/340 329/57/341 330/58/342
f 329/57/341 328/56/340 331/59/343
f 332/63/344 333/64/345 334/65/346
f 118/29/94 120/32/96 223/84/202
f 118/29/94 223/84/202 335/85/347
f 119/31/204 335/85/347 223/84/202
f 335/85/347 119/31/204 117/30/348
f 117/30/348 336/86/349 335/85/347
f 336/86/349 118/29/94 335/85/347
f 336/86/349 117/30/348 116/43/92
f 118/29/94 336/86/349 115/42/350
f 113/40/351 336/86/349 116/43/92
f 337/87/352 115/42/350 336/86/349
f 115/42/350 337/87/352 114/41/353
f 336/86/349 113/40/351 337/87/352
f 338/88/354 114/41/353 337/87/352
f 337/87/352 339/89/355 338/88/354
f 113/40/351 339/89/355 337/87/352
f 339/89/355 113/40/351 340/90/356
f 340/90/356 341/91/357 339/89/355
f 341/91/357 338/88/354 339/89/355
f 341/91/357 340/90/356 112/28/88
f 110/27/216 341/91/357 112/28/88
f 341/91/357 110/27/216 237/92/218
f 338/88/354 341/91/357 109/25/358
f 237/92/218 109/25/358 341/91/357
f 109/25/358 237/92/218 111/26/219
f 342/66/359 238/67/220 240/68/222
f 238/67/220 342/66/359 343/69/360
f 242/70/224 238/67/220 343/69/360
f 242/70/224 343/69/360 344/71/361
f 316/72/328 242/70/224 344/71/361
f 344/71/361 345/73/362 316/72/328
f 346/74/363 316/72/328 345/73/362
f 346/74/363 319/75/331 316/72/328
f 319/75/331 346/74/363 347/76/364
f 347/76/364 321/77/333 319/75/331
f 348/78/365 321/77/333 347/76/364
f 321/77/333 348/78/365 323/79/335
f 349/80/366 323/79/335 348/78/365
f 323/79/335 349/80/366 325/81/337
f 350/82/367 325/81/337 349/80/366
f 325/81/337 350/82/367 327/83/339
f 121/44/97 351/45/368 124/47/100
f 351/45/368 121/44/97 352/46/369
f 351/45/368 353/48/370 354/49/371
f 351/45/368 352/46/369 353/48/370
f 125/48/101 126/49/102 355/93/372
f 356/94/373 355/93/372 126/49/102
f 357/56/374 358/57/375 359/59/376
f 357/56/374 360/58/377 358/57/375
f 198/67/177 361/66/378 199/68/178
f 361/66/378 198/67/177 362/69/379
f 201/70/180 362/69/379 198/67/177
f 362/69/379 201/70/180 363/71/380
f 203/72/182 363/71/380 201/70/180
f 363/71/380 203/72/182 364/73/381
f 203/72/182 365/74/382 364/73/381
f 365/74/382 203/72/182 206/75/185
f 365/74/382 206/75/185 366/76/383
f 366/76/383 206/75/185 208/77/187
f 208/77/187 367/78/384 366/76/383
f 367/78/384 208/77/187 210/79/189
f 210/79/189 368/80/385 367/78/384
f 368/80/385 210/79/189 212/81/191
f 212/81/191 369/82/386 368/80/385
f 369/82/386 212/81/191 214/83/193
f 63/39/39 370/50/387 59/35/35
f 370/50/387 58/34/34 59/35/35
f 58/34/34 370/50/387 371/51/388
f 371/51/388 61/37/389 58/34/34
f 370/50/387 63/39/39 372/52/390
f 57/33/391 370/50/387 372/52/390
f 57/33/391 371/51/388 370/50/387
f 63/39/39 373/53/392 372/52/390
f 57/33/391 372/52/390 373/53/392
f 373/53/392 63/39/39 62/38/38
f 61/37/389 371/51/388 374/54/393
f 57/33/391 374/54/393 371/51/388
f 57/33/391 375/55/394 374/54/393
f 375/55/394 61/37/389 374/54/393
f 57/33/391 373/53/392 375/55/394
f 62/38/38 375/55/394 373/53/392
f 61/37/389 375/55/394 60/36/36
f 375/55/394 62/38/38 60/36/36
f 64/33/164 182/51/162 181/50/161
f 70/39/46 184/53/165 183/52/163
f 64/33/164 183/52/163 184/53/165
f 69/38/45 186/55/167 184/53/165
f 186/55/167 68/36/44 65/37/41
f 186/55/167 69/38/45 68/36/44
f 74/35/395 77/39/227 244/50/226
f 244/50/226 73/34/49 74/35/395
f 73/34/49 244/50/226 243/51/225
f 77/39/227 248/53/232 245/52/228
f 71/33/229 245/52/228 248/53/232
f 248/53/232 77/39/227 76/38/233
f 72/37/48 243/51/225 246/54/230
f 246/54/230 247/55/231 72/37/48
f 76/38/233 247/55/231 248/53/232
f 72/37/48 247/55/231 75/36/51
f 249/50/234 81/35/57 84/39/60
f 80/34/56 249/50/234 251/51/237
f 251/51/237 79/37/55 80/34/56
f 84/39/60 252/53/238 250/52/235
f 252/53/238 84/39/60 83/38/59
f 79/37/55 251/51/237 254/54/240
f 78/33/236 254/54/240 251/51/237
f 253/55/239 79/37/55 254/54/240
f 82/36/241 79/37/55 253/55/239
f 88/39/64 89/35/396 376/50/397
f 255/34/242 376/50/397 89/35/396
f 376/50/397 255/34/242 377/51/398
f 86/37/62 377/51/398 255/34/242
f 88/39/64 376/50/397 378/52/399
f 85/33/400 378/52/399 376/50/397
f 85/33/400 376/50/397 377/51/398
f 377/51/398 86/37/62 379/54/401
f 85/33/400 377/51/398 379/54/401
f 380/53/402 88/39/64 378/52/399
f 85/33/400 380/53/402 378/52/399
f 85/33/400 379/54/401 381/55/403
f 86/37/62 381/55/403 379/54/401
f 85/33/400 381/55/403 380/53/402
f 88/39/64 380/53/402 90/38/66
f 381/55/403 90/38/66 380/53/402
f 86/37/62 87/36/63 381/55/403
f 90/38/66 381/55/403 87/36/63
f 256/50/243 92/34/68 258/51/245
f 93/37/69 258/51/245 92/34/68
f 91/33/404 257/52/244 256/50/243
f 91/33/404 256/50/243 258/51/245
f 91/33/404 258/51/245 259/54/246
f 91/33/404 260/53/247 257/52/244
f 91/33/404 259/54/246 261/55/248
f 91/33/404 261/55/248 260/53/247
f 261/55/248 97/38/73 260/53/247
f 261/55/248 93/37/69 95/36/405
f 97/38/73 261/55/248 95/36/405
f 100/37/76 263/51/251 99/34/75
f 98/33/253 262/50/249 263/51/251
f 263/51/251 100/37/76 265/54/254
f 266/53/255 103/39/250 264/52/252
f 98/33/253 265/54/254 267/55/256
f 100/37/76 267/55/256 265/54/254
f 98/33/253 267/55/256 266/53/255
f 103/39/250 266/53/255 104/38/80
f 267/55/256 104/38/80 266/53/255
f 269/51/260 108/35/84 106/34/82
f 107/37/83 269/51/260 106/34/82
f 269/51/260 107/37/83 270/54/261
f 127/36/406 270/54/261 107/37/83
f 269/51/260 268/50/259 108/35/84
f 270/54/261 127/36/406 271/55/262
f 105/33/258 270/54/261 271/55/262
f 273/52/264 108/35/84 268/50/259
f 105/33/258 273/52/264 268/50/259
f 127/36/406 272/53/263 271/55/262
f 108/35/84 273/52/264 128/39/104
f 272/53/263 128/39/104 273/52/264
f 272/53/263 127/36/406 129/38/105
f 382/95/407 383/96/408 384/97/409
f 385/63/410 386/65/411 387/64/412
f 388/32/413 389/29/414 390/84/415
f 391/85/416 390/84/415 389/29/414
f 391/85/416 392/31/417 390/84/415
f 391/85/416 393/30/418 392/31/417
f 391/85/416 389/29/414 394/98/419
f 395/99/420 393/30/418 391/85/416
f 394/98/419 395/99/420 391/85/416
f 395/99/420 396/100/421 393/30/418
f 395/99/420 397/43/422 396/100/421
f 397/43/422 395/99/420 398/86/423
f 394/98/419 398/86/423 395/99/420
f 398/86/423 394/98/419 399/42/424
f 398/86/423 400/40/425 397/43/422
f 401/87/426 399/42/424 402/41/427
f 399/42/424 401/87/426 398/86/423
f 400/40/425 398/86/423 401/87/426
f 403/88/428 401/87/426 402/41/427
f 404/89/429 401/87/426 403/88/428
f 404/89/429 400/40/425 401/87/426
f 404/89/429 405/90/430 400/40/425
f 403/88/428 406/101/431 404/89/429
f 407/102/432 405/90/430 404/89/429
f 406/101/431 407/102/432 404/89/429
f 407/102/432 408/103/433 405/90/430
f 407/102/432 409/28/434 408/103/433
f 406/101/431 410/91/435 407/102/432
f 409/28/434 407/102/432 410/91/435
f 410/91/435 411/27/436 409/28/434
f 410/91/435 406/101/431 412/25/437
f 411/27/436 410/91/435 413/92/438
f 412/25/437 413/92/438 410/91/435
f 413/92/438 412/25/437 414/26/439
f 415/104/440 416/105/441 417/106/442
f 416/105/441 415/104/440 418/107/443
f 416/105/441 419/108/444 417/106/442
f 418/107/443 420/109/445 416/105/441
f 419/108/444 416/105/441 421/110/446
f 420/109/445 421/110/446 416/105/441
f 419/108/444 421/110/446 422/111/447
f 422/111/447 421/110/446 423/112/448
f 423/112/448 421/110/446 420/109/445
f 423/112/448 424/113/449 422/111/447
f 420/109/445 425/114/450 423/112/448
f 425/114/450 424/113/449 423/112/448
f 425/114/450 426/115/451 424/113/449
f 427/116/452 428/117/453 429/118/454
f 428/117/453 427/116/452 430/119/455
f 431/120/456 430/119/455 432/121/457
f 430/119/455 431/120/456 428/117/453
f 433/122/458 434/123/459 435/124/460
f 436/125/461 434/123/459 433/122/458
f 434/123/459 436/125/461 437/126/462
f 438/127/459 439/128/463 440/129/452
f 439/128/463 438/127/459 437/126/462
f 441/130/464 436/125/461 431/120/465
f 436/125/461 441/130/464 437/126/462
f 437/126/462 441/130/464 439/128/463
f 441/130/464 442/131/466 439/128/463
f 443/132/410 444/133/467 445/134/468
f 444/133/467 443/132/410 446/135/408
f 447/136/469 444/133/467 446/135/408
f 448/137/470 447/136/469 446/135/408
f 449/138/471 193/62/172 450/139/472
f 451/140/473 450/139/472 193/62/172
f 193/62/172 449/138/471 191/60/168
f 451/140/473 193/62/172 452/141/474
f 452/141/474 193/62/172 192/61/170
f 453/142/475 452/141/474 192/61/170
f 454/143/471 189/58/476 187/56/168
f 189/58/476 454/143/471 455/144/477
f 190/59/171 455/144/477 454/143/471
f 455/144/477 190/59/171 188/57/169
f 456/145/478 196/65/175 195/64/174
f 195/64/174 457/146/479 456/145/478
f 457/146/479 458/147/480 456/145/478
f 458/147/480 457/146/479 459/148/481
f 459/148/481 457/146/479 460/137/482
f 460/137/482 457/146/479 461/96/483
f 462/95/174 461/96/483 457/146/479
f 461/96/483 462/95/174 463/97/484
f 464/29/485 388/32/413 390/84/415
f 464/29/485 390/84/415 465/85/486
f 390/84/415 392/31/417 465/85/486
f 392/31/417 466/30/487 465/85/486
f 465/85/486 467/98/488 464/29/485
f 465/85/486 466/30/487 468/99/489
f 467/98/488 465/85/486 468/99/489
f 469/100/490 468/99/489 466/30/487
f 470/43/491 468/99/489 469/100/490
f 468/99/489 470/43/491 471/86/492
f 471/86/492 467/98/488 468/99/489
f 467/98/488 471/86/492 472/42/493
f 473/40/494 471/86/492 470/43/491
f 474/87/495 472/42/493 471/86/492
f 472/42/493 474/87/495 475/41/496
f 471/86/492 473/40/494 474/87/495
f 476/88/497 475/41/496 474/87/495
f 474/87/495 477/89/498 476/88/497
f 473/40/494 477/89/498 474/87/495
f 477/89/498 473/40/494 478/90/499
f 477/89/498 479/101/500 476/88/497
f 478/90/499 480/102/501 477/89/498
f 479/101/500 477/89/498 480/102/501
f 480/102/501 478/90/499 481/103/502
f 482/28/503 480/102/501 481/103/502
f 483/91/504 479/101/500 480/102/501
f 480/102/501 482/28/503 483/91/504
f 411/27/436 483/91/504 482/28/503
f 483/91/504 411/27/436 413/92/438
f 479/101/500 483/91/504 484/25/505
f 413/92/438 484/25/505 483/91/504
f 484/25/505 413/92/438 414/26/439
f 485/149/506 486/150/507 487/151/508
f 486/150/507 488/152/509 487/151/508
f 485/149/506 488/152/509 486/150/507
f 485/149/506 487/151/508 489/153/500
f 489/153/500 487/151/508 490/154/510
f 488/152/509 490/154/510 487/151/508
f 489/153/500 490/154/510 491/155/497
f 488/152/509 491/155/497 490/154/510
f 488/152/509 492/156/496 491/155/497
f 493/152/511 494/149/437 495/150/512
f 494/149/437 496/151/513 495/150/512
f 495/150/512 496/151/513 493/152/511
f 496/151/513 494/149/437 497/153/514
f 493/152/511 496/151/513 498/154/515
f 497/153/514 498/154/515 496/151/513
f 499/157/516 500/158/517 501/159/518
f 502/160/519 499/157/516 501/159/518
f 502/160/519 503/161/520 499/157/516
f 504/162/178 503/161/520 502/160/519
f 503/161/520 505/163/521 499/157/516
f 500/158/517 499/157/516 505/163/521
f 505/163/521 506/164/522 500/158/517
f 503/161/520 504/162/178 507/165/378
f 507/165/378 508/166/523 503/161/520
f 503/161/520 508/166/523 505/163/521
f 506/164/522 505/163/521 508/166/523
f 508/166/523 509/167/524 506/164/522
f 508/166/523 507/165/378 510/168/379
f 497/153/514 511/155/525 498/154/515
f 511/155/525 493/152/511 498/154/515
f 512/169/526 508/166/523 510/168/379
f 508/166/523 512/169/526 509/167/524
f 512/169/526 513/170/527 509/167/524
f 510/168/379 514/171/528 512/169/526
f 515/172/529 516/173/530 513/170/527
f 516/173/530 515/172/529 517/174/531
f 512/169/526 515/172/529 513/170/527
f 515/172/529 518/175/532 517/174/531
f 512/169/526 514/171/528 519/176/381
f 515/172/529 512/169/526 519/176/381
f 520/156/533 493/152/511 511/155/525
f 515/172/529 521/177/534 518/175/532
f 518/175/532 521/177/534 522/178/424
f 521/177/534 520/156/533 522/178/424
f 521/177/534 515/172/529 519/176/381
f 523/179/535 493/152/511 520/156/533
f 523/179/535 520/156/533 521/177/534
f 524/180/382 521/177/534 519/176/381
f 523/179/535 521/177/534 524/180/382
f 419/108/444 525/105/536 417/106/442
f 415/104/440 417/106/442 525/105/536
f 525/105/536 418/107/443 415/104/440
f 419/108/444 422/111/447 526/110/537
f 525/105/536 419/108/444 526/110/537
f 424/113/449 527/112/538 422/111/447
f 526/110/537 422/111/447 527/112/538
f 527/112/538 528/109/539 526/110/537
f 528/109/539 525/105/536 526/110/537
f 528/109/539 418/107/443 525/105/536
f 418/107/443 528/109/539 529/181/540
f 530/182/193 529/181/540 531/183/386
f 532/184/383 523/179/535 524/180/382
f 533/185/385 532/184/383 534/186/384
f 424/113/449 535/114/541 527/112/538
f 426/115/451 535/114/541 424/113/449
f 535/114/541 528/109/539 527/112/538
f 528/109/539 536/187/542 529/181/540
f 529/181/540 536/187/542 531/183/386
f 528/109/539 535/114/541 536/187/542
f 537/188/543 531/183/386 536/187/542
f 531/183/386 537/188/543 533/185/385
f 537/188/543 532/184/383 533/185/385
f 535/114/541 537/188/543 536/187/542
f 532/184/383 537/188/543 538/189/544
f 538/189/544 523/179/535 532/184/383
f 538/189/544 537/188/543 535/114/541
f 538/189/544 535/114/541 426/115/451
f 426/115/451 539/190/545 538/189/544
f 538/189/544 540/191/546 523/179/535
f 538/189/544 539/190/545 540/191/546
f 540/191/546 493/152/511 523/179/535
f 539/190/545 541/192/547 540/191/546
f 541/192/547 493/152/511 540/191/546
f 541/192/547 539/190/545 542/193/548
f 541/192/547 542/193/548 543/194/549
f 543/194/549 544/195/550 541/192/547
f 544/195/550 493/152/511 541/192/547
f 543/194/549 545/196/551 544/195/550
f 546/197/552 547/198/553 548/199/554
f 544/195/550 546/197/552 493/152/511
f 547/198/553 546/197/552 544/195/550
f 544/195/550 549/200/555 547/198/553
f 549/200/555 544/195/550 545/196/551
f 494/149/437 493/152/511 550/201/439
f 550/201/439 493/152/511 546/197/552
f 550/201/439 546/197/552 551/202/375
f 552/203/556 551/202/375 553/204/557
f 554/205/558 549/200/555 545/196/551
f 549/200/555 554/205/558 552/203/556
f 551/202/375 552/203/556 554/205/558
f 551/202/375 555/206/559 550/201/439
f 555/206/559 551/202/375 554/205/558
f 556/207/560 555/206/559 554/205/558
f 545/196/551 556/207/560 554/205/558
f 500/158/517 557/157/561 501/159/518
f 501/159/518 557/157/561 502/160/519
f 558/161/562 502/160/519 557/157/561
f 558/161/562 504/162/178 502/160/519
f 504/162/178 558/161/562 559/165/176
f 558/161/562 557/157/561 560/163/563
f 557/157/561 500/158/517 560/163/563
f 506/164/522 560/163/563 500/158/517
f 561/166/564 559/165/176 558/161/562
f 561/166/564 558/161/562 560/163/563
f 560/163/563 506/164/522 561/166/564
f 559/165/176 561/166/564 562/168/179
f 506/164/522 509/167/524 561/166/564
f 545/196/551 563/208/565 556/207/560
f 543/194/549 563/208/565 545/196/551
f 564/169/566 562/168/179 561/166/564
f 509/167/524 564/169/566 561/166/564
f 562/168/179 564/169/566 565/171/181
f 564/169/566 566/176/567 565/171/181
f 513/170/527 564/169/566 509/167/524
f 128/39/104 272/53/263 129/38/105
f 131/39/107 132/35/110 567/50/568
f 274/34/265 567/50/568 132/35/110
f 567/50/568 274/34/265 568/51/569
f 133/37/111 568/51/569 274/34/265
f 131/39/107 567/50/568 569/52/570
f 130/33/571 569/52/570 567/50/568
f 130/33/571 567/50/568 568/51/569
f 568/51/569 133/37/111 570/54/572
f 130/33/571 568/51/569 570/54/572
f 571/53/573 131/39/107 569/52/570
f 130/33/571 571/53/573 569/52/570
f 130/33/571 570/54/572 572/55/574
f 133/37/111 572/55/574 570/54/572
f 130/33/571 572/55/574 571/53/573
f 131/39/107 571/53/573 134/38/267
f 572/55/574 134/38/267 571/53/573
f 133/37/111 275/36/266 572/55/574
f 134/38/267 572/55/574 275/36/266
f 276/50/269 140/39/273 138/35/270
f 135/33/274 278/52/272 276/50/269
f 281/53/277 140/39/273 278/52/272
f 135/33/274 281/53/277 278/52/272
f 137/37/116 280/55/276 279/54/275
f 140/39/273 281/53/277 141/38/278
f 280/55/276 141/38/278 281/53/277
f 280/55/276 137/37/116 139/36/118
f 143/34/122 282/50/279 145/35/124
f 144/37/123 283/51/281 143/34/122
f 282/50/279 285/52/283 147/39/280
f 142/33/284 285/52/283 282/50/279
f 142/33/284 282/50/279 283/51/281
f 283/51/281 144/37/123 286/54/285
f 142/33/284 283/51/281 286/54/285
f 142/33/284 284/53/282 285/52/283
f 147/39/280 284/53/282 148/38/127
f 287/55/286 144/37/123 146/36/125
f 289/50/289 154/39/133 152/35/131
f 150/34/129 289/50/289 152/35/131
f 289/50/289 150/34/129 290/51/290
f 151/37/130 290/51/290 150/34/129
f 154/39/133 289/50/289 288/52/288
f 149/33/287 291/54/291 293/55/293
f 149/33/287 293/55/293 292/53/292
f 293/55/293 155/38/134 292/53/292
f 155/38/134 293/55/293 153/36/294
f 296/39/298 573/50/575 158/35/296
f 573/50/575 294/34/295 158/35/296
f 294/34/295 573/50/575 574/51/576
f 574/51/576 157/37/136 294/34/295
f 573/50/575 296/39/298 575/52/577
f 156/33/578 573/50/575 575/52/577
f 156/33/578 574/51/576 573/50/575
f 296/39/298 576/53/579 575/52/577
f 156/33/578 575/52/577 576/53/579
f 576/53/579 296/39/298 159/38/139
f 157/37/136 574/51/576 577/54/580
f 156/33/578 577/54/580 574/51/576
f 156/33/578 578/55/581 577/54/580
f 578/55/581 157/37/136 577/54/580
f 156/33/578 576/53/579 578/55/581
f 159/38/139 578/55/581 576/53/579
f 157/37/136 578/55/581 295/36/297
f 578/55/581 159/38/139 295/36/297
f 163/35/302 166/39/307 297/50/300
f 298/51/303 161/37/141 162/34/301
f 297/50/300 166/39/307 299/52/305
f 166/39/307 300/53/306 299/52/305
f 160/33/304 301/54/309 298/51/303
f 160/33/304 302/55/310 301/54/309
f 160/33/304 300/53/306 302/55/310
f 302/55/310 164/36/582 161/37/141
f 302/55/310 165/38/308 164/36/582
f 169/34/149 303/50/311 305/51/314
f 305/51/314 168/37/148 169/34/149
f 303/50/311 173/39/153 304/52/313
f 173/39/153 306/53/315 304/52/313
f 168/37/148 305/51/314 308/54/318
f 167/33/312 308/54/318 305/51/314
f 308/54/318 307/55/317 168/37/148
f 168/37/148 307/55/317 171/36/583
f 307/55/317 172/38/316 171/36/583
f 309/50/319 176/34/321 177/35/157
f 176/34/321 309/50/319 310/51/320
f 174/33/323 310/51/320 309/50/319
f 180/39/160 313/53/325 311/52/322
f 174/33/323 311/52/322 313/53/325
f 313/53/325 180/39/160 179/38/159
f 174/33/323 314/55/326 312/54/324
f 314/55/326 175/37/155 312/54/324
f 178/36/158 175/37/155 314/55/326
f 579/209/584 580/210/585 581/211/586
f 581/211/586 582/212/587 579/209/584
f 583/213/588 579/209/584 582/212/587
f 582/212/587 584/214/589 583/213/588
f 585/215/590 583/213/588 584/214/589
f 584/214/589 586/216/591 585/215/590
f 587/217/592 585/215/590 586/216/591
f 586/216/591 588/218/593 587/217/592
f 589/219/594 587/217/592 588/218/593
f 590/220/595 589/219/594 591/221/596
f 588/218/593 591/221/596 589/219/594
f 591/221/596 592/222/597 590/220/595
f 592/222/597 593/223/598 590/220/595
f 593/223/598 592/222/597 594/224/599
f 594/224/599 595/225/600 596/226/601
f 594/224/599 596/226/601 593/223/598
f 596/226/601 590/220/595 593/223/598
f 597/227/602 596/226/601 595/225/600
f 595/225/600 598/228/603 597/227/602
f 597/227/602 590/220/595 596/226/601
f 598/228/603 599/229/604 600/230/605
f 598/228/603 600/230/605 597/227/602
f 600/230/605 590/220/595 597/227/602
f 599/229/604 601/231/606 602/232/607
f 602/232/607 600/230/605 599/229/604
f 603/233/608 602/232/607 601/231/606
f 602/232/607 603/233/608 604/234/609
f 604/234/609 600/230/605 602/232/607
f 600/230/605 604/234/609 590/220/595
f 603/233/608 605/235/610 604/234/609
f 605/235/610 590/220/595 604/234/609
f 564/169/566 606/172/611 566/176/567
f 564/169/566 513/170/527 606/172/611
f 516/173/530 606/172/611 513/170/527
f 606/172/611 516/173/530 607/174/485
f 563/208/565 543/194/549 608/236/612
f 606/172/611 607/174/485 609/175/488
f 529/181/540 420/109/445 418/107/443
f 543/194/549 610/237/613 608/236/612
f 542/193/548 610/237/613 543/194/549
f 530/182/193 611/183/192 529/181/540
f 606/172/611 609/175/488 612/177/614
f 609/175/488 613/178/615 612/177/614
f 612/177/614 613/178/615 492/156/496
f 566/176/567 606/172/611 612/177/614
f 420/109/445 529/181/540 614/187/616
f 529/181/540 611/183/192 614/187/616
f 425/114/450 420/109/445 614/187/616
f 615/185/617 616/186/188 617/184/186
f 618/188/618 615/185/617 617/184/186
f 618/188/618 611/183/192 615/185/617
f 611/183/192 618/188/618 614/187/616
f 425/114/450 614/187/616 618/188/618
f 610/237/613 542/193/548 619/238/619
f 619/238/619 542/193/548 539/190/545
f 620/180/184 566/176/567 612/177/614
f 612/177/614 621/179/620 620/180/184
f 621/179/620 612/177/614 492/156/496
f 621/179/620 492/156/496 488/152/509
f 617/184/186 620/180/184 621/179/620
f 617/184/186 622/189/621 618/188/618
f 622/189/621 617/184/186 621/179/620
f 622/189/621 425/114/450 618/188/618
f 622/189/621 426/115/451 425/114/450
f 619/238/619 539/190/545 623/239/622
f 539/190/545 426/115/451 623/239/622
f 624/191/623 621/179/620 488/152/509
f 622/189/621 621/179/620 624/191/623
f 426/115/451 625/190/624 623/239/622
f 625/190/624 426/115/451 622/189/621
f 622/189/621 624/191/623 625/190/624
f 623/239/622 625/190/624 619/238/619
f 626/193/625 619/238/619 625/190/624
f 626/193/625 610/237/613 619/238/619
f 627/194/626 608/236/612 610/237/613
f 627/194/626 563/208/565 608/236/612
f 610/237/613 626/193/625 627/194/626
f 628/192/627 625/190/624 624/191/623
f 625/190/624 628/192/627 626/193/625
f 628/192/627 624/191/623 488/152/509
f 628/192/627 627/194/626 626/193/625
f 488/152/509 485/149/506 550/201/439
f 629/196/628 556/207/560 563/208/565
f 629/196/628 563/208/565 627/194/626
f 556/207/560 630/205/629 555/206/559
f 556/207/560 629/196/628 630/205/629
f 631/202/630 632/203/474 633/204/475
f 631/202/630 555/206/559 630/205/629
f 555/206/559 631/202/630 550/201/439
f 632/203/474 631/202/630 630/205/629
f 630/205/629 634/200/473 632/203/474
f 634/200/473 630/205/629 629/196/628
f 635/195/631 634/200/473 629/196/628
f 627/194/626 635/195/631 629/196/628
f 627/194/626 628/192/627 635/195/631
f 635/195/631 628/192/627 488/152/509
f 636/197/632 550/201/439 631/202/630
f 488/152/509 550/201/439 636/197/632
f 635/195/631 488/152/509 636/197/632
f 634/200/473 635/195/631 637/198/633
f 636/197/632 637/198/633 635/195/631
f 637/198/633 636/197/632 638/199/471
f 639/117/634 640/116/635 641/118/636
f 640/116/635 639/117/634 642/119/637
f 642/119/637 643/120/638 644/121/639
f 643/120/638 642/119/637 639/117/634
f 645/122/636 646/124/640 647/123/641
f 647/123/641 648/125/642 645/122/636
f 648/125/642 647/123/641 649/126/643
f 650/128/637 651/127/644 652/129/645
f 651/127/644 650/128/637 649/126/643
f 648/125/642 653/130/646 643/120/638
f 653/130/646 648/125/642 649/126/643
f 650/128/637 653/130/646 649/126/643
f 654/131/647 653/130/646 650/128/637
f 655/133/478 656/132/648 657/134/175
f 656/132/648 655/133/478 658/135/483
f 659/136/480 658/135/483 655/133/478
f 460/137/649 658/135/483 659/136/480
f 660/62/650 661/138/651 662/139/652
f 663/140/653 660/62/650 662/139/652
f 661/138/651 660/62/650 664/60/654
f 660/62/650 663/140/653 665/141/655
f 664/60/654 660/62/650 666/61/656
f 665/141/655 666/61/656 660/62/650
f 667/142/657 666/61/656 665/141/655
f 218/58/656 668/143/658 215/56/194
f 218/58/656 669/144/659 668/143/658
f 669/144/659 217/59/660 668/143/658
f 217/59/660 669/144/659 216/57/195
f 670/145/661 221/64/200 220/65/199
f 671/146/662 221/64/200 670/145/661
f 672/147/663 671/146/662 670/145/661
f 671/146/662 672/147/663 673/148/664
f 673/148/664 674/137/665 671/146/662
f 674/137/665 675/96/666 671/146/662
f 675/96/666 676/95/667 671/146/662
f 676/95/667 675/96/666 677/97/668
f 678/104/669 679/105/670 680/106/671
f 681/107/672 679/105/670 678/104/669
f 679/105/670 682/108/673 680/106/671
f 679/105/670 681/107/672 683/109/674
f 682/108/673 679/105/670 684/110/675
f 683/109/674 684/110/675 679/105/670
f 682/108/673 684/110/675 685/111/676
f 686/112/677 685/111/676 684/110/675
f 686/112/677 684/110/675 683/109/674
f 683/109/674 687/114/678 686/112/677
f 686/112/677 688/113/679 685/111/676
f 687/114/678 688/113/679 686/112/677
f 689/115/680 688/113/679 687/114/678
f 690/116/681 691/117/682 692/118/683
f 691/117/682 690/116/681 693/119/684
f 693/119/684 694/120/685 691/117/682
f 694/120/685 693/119/684 695/121/686
f 696/122/683 697/123/687 698/124/688
f 699/125/682 697/123/687 696/122/683
f 697/123/687 699/125/682 700/126/689
f 701/127/690 702/128/691 703/129/688
f 702/128/691 701/127/690 700/126/689
f 704/130/692 699/125/682 694/120/685
f 699/125/682 704/130/692 700/126/689
f 702/128/691 700/126/689 704/130/692
f 704/130/692 705/131/693 702/128/691
f 706/132/198 707/133/661 708/134/694
f 707/133/661 706/132/198 709/135/695
f 707/133/661 709/135/695 710/136/663
f 674/137/696 710/136/663 709/135/695
f 711/138/697 712/62/698 713/139/699
f 714/140/700 713/139/699 712/62/698
f 712/62/698 711/138/697 715/60/340
f 715/60/340 716/61/342 712/62/698
f 717/141/701 714/140/700 712/62/698
f 716/61/342 717/141/701 712/62/698
f 718/142/702 717/141/701 716/61/342
f 328/56/703 719/143/697 330/58/342
f 719/143/697 720/144/704 330/58/342
f 331/59/705 720/144/704 719/143/697
f 720/144/704 331/59/705 329/57/341
f 721/145/706 334/65/346 333/64/345
f 333/64/345 722/146/707 721/145/706
f 722/146/707 723/147/708 721/145/706
f 723/147/708 722/146/707 724/148/709
f 724/148/709 722/146/707 725/137/710
f 725/137/710 722/146/707 726/96/711
f 727/95/345 726/96/711 722/146/707
f 726/96/711 727/95/345 728/97/344
f 729/149/358 730/150/712 731/151/713
f 730/150/712 732/152/714 731/151/713
f 603/233/608 733/240/715 605/235/610
f 590/220/595 605/235/610 734/241/716
f 734/241/716 605/235/610 733/240/715
f 733/240/715 735/242/717 734/241/716
f 736/243/718 734/241/716 735/242/717
f 734/241/716 736/243/718 737/244/719
f 736/243/718 738/245/720 737/244/719
f 739/246/721 737/244/719 738/245/720
f 738/245/720 740/247/722 739/246/721
f 741/248/723 739/246/721 740/247/722
f 740/247/722 742/249/724 741/248/723
f 742/249/724 740/247/722 743/250/725
f 743/250/725 744/251/726 742/249/724
f 744/251/726 745/252/727 746/253/728
f 742/249/724 744/251/726 746/253/728
f 746/253/728 741/248/723 742/249/724
f 746/253/728 745/252/727 747/254/729
f 745/252/727 748/255/730 747/254/729
f 749/256/731 750/257/732 748/255/730
f 747/254/729 748/255/730 750/257/732
f 750/257/732 749/256/731 751/258/733
f 749/256/731 752/259/734 751/258/733
f 747/254/729 750/257/732 753/260/735
f 753/260/735 746/253/728 747/254/729
f 753/260/735 750/257/732 751/258/733
f 752/259/734 753/260/735 751/258/733
f 741/248/723 746/253/728 753/260/735
f 741/248/723 753/260/735 739/246/721
f 753/260/735 737/244/719 739/246/721
f 752/259/734 754/261/736 753/260/735
f 589/219/594 590/220/595 734/241/716
f 734/241/716 755/262/737 589/219/594
f 755/262/737 734/241/716 737/244/719
f 737/244/719 753/260/735 755/262/737
f 753/260/735 754/261/736 755/262/737
f 754/261/736 756/263/738 755/262/737
f 589/219/594 757/264/739 587/217/592
f 757/264/739 589/219/594 755/262/737
f 755/262/737 756/263/738 757/264/739
f 758/265/740 757/264/739 756/263/738
f 587/217/592 757/264/739 585/215/590
f 585/215/590 757/264/739 759/266/741
f 759/266/741 757/264/739 758/265/740
f 760/267/742 759/266/741 758/265/740
f 585/215/590 761/268/743 583/213/588
f 761/268/743 585/215/590 759/266/741
f 761/268/743 759/266/741 760/267/742
f 762/269/744 761/268/743 760/267/742
f 583/213/588 763/270/745 579/209/584
f 763/270/745 583/213/588 761/268/743
f 761/268/743 762/269/744 763/270/745
f 579/209/584 764/271/746 580/210/585
f 764/271/746 579/209/584 763/270/745
f 762/269/744 764/271/746 763/270/745
f 764/271/746 762/269/744 765/272/747
f 766/273/748 767/274/749 768/275/750
f 767/274/749 766/273/748 769/276/727
f 766/273/748 770/277/730 769/276/727
f 770/277/730 766/273/748 771/278/751
f 771/278/751 772/279/752 770/277/730
f 772/279/752 771/278/751 773/280/753
f 772/279/752 773/280/753 774/281/754
f 772/279/752 774/281/754 775/282/734
f 775/282/734 774/281/754 776/283/755
f 775/282/734 776/283/755 777/284/756
f 777/284/756 776/283/755 778/285/757
f 777/284/756 778/285/757 779/286/738
f 778/285/757 780/287/740 779/286/738
f 780/287/740 778/285/757 781/288/758
f 781/288/758 782/289/759 780/287/740
f 782/289/759 781/288/758 783/290/760
f 784/291/761 782/289/759 783/290/760
f 784/291/761 785/292/762 782/289/759
f 786/293/763 785/292/762 784/291/761
f 785/292/762 786/293/763 787/294/747
f 788/209/764 789/210/765 790/211/763
f 790/211/763 791/212/766 788/209/764
f 792/213/767 788/209/764 791/212/766
f 791/212/766 793/214/760 792/213/767
f 794/215/768 792/213/767 793/214/760
f 793/214/760 795/216/769 794/215/768
f 796/217/770 794/215/768 795/216/769
f 795/216/769 797/218/757 796/217/770
f 798/219/771 796/217/770 797/218/757
f 799/220/772 798/219/771 800/221/755
f 797/218/757 800/221/755 798/219/771
f 799/220/772 800/221/755 801/222/754
f 801/222/754 802/223/773 799/220/772
f 802/223/773 801/222/754 803/224/774
f 803/224/774 804/225/751 805/226/775
f 803/224/774 805/226/775 802/223/773
f 805/226/775 799/220/772 802/223/773
f 806/227/776 805/226/775 804/225/751
f 804/225/751 807/228/777 806/227/776
f 806/227/776 799/220/772 805/226/775
f 807/228/777 808/229/750 809/230/778
f 807/228/777 809/230/778 806/227/776
f 809/230/778 799/220/772 806/227/776
f 808/229/750 810/232/779 809/230/778
f 810/232/779 808/229/750 811/231/780
f 812/233/781 810/232/779 811/231/780
f 810/232/779 812/233/781 813/234/782
f 813/234/782 809/230/778 810/232/779
f 809/230/778 813/234/782 799/220/772
f 812/233/781 814/235/783 813/234/782
f 814/235/783 799/220/772 813/234/782
f 812/233/781 815/240/784 814/235/783
f 799/220/772 814/235/783 816/241/785
f 816/241/785 814/235/783 815/240/784
f 815/240/784 817/242/786 816/241/785
f 818/243/787 816/241/785 817/242/786
f 816/241/785 818/243/787 819/244/788
f 820/245/789 819/244/788 818/243/787
f 821/246/790 819/244/788 820/245/789
f 820/245/789 822/247/791 821/246/790
f 823/248/792 821/246/790 822/247/791
f 822/247/791 824/249/793 823/248/792
f 824/249/793 822/247/791 825/250/794
f 789/210/765 826/270/795 827/271/796
f 826/270/795 789/210/765 788/209/764
f 827/271/796 826/270/795 828/272/797
f 828/272/797 826/270/795 829/269/798
f 792/213/767 826/270/795 788/209/764
f 826/270/795 792/213/767 830/268/799
f 826/270/795 830/268/799 829/269/798
f 829/269/798 830/268/799 831/267/800
f 794/215/768 830/268/799 792/213/767
f 830/268/799 794/215/768 832/266/801
f 830/268/799 832/266/801 831/267/800
f 831/267/800 832/266/801 833/265/802
f 796/217/770 834/264/803 794/215/768
f 794/215/768 834/264/803 832/266/801
f 832/266/801 834/264/803 833/265/802
f 798/219/771 834/264/803 796/217/770
f 833/265/802 834/264/803 835/263/804
f 798/219/771 799/220/772 816/241/785
f 834/264/803 798/219/771 836/262/805
f 816/241/785 836/262/805 798/219/771
f 834/264/803 836/262/805 835/263/804
f 837/261/806 835/263/804 836/262/805
f 836/262/805 816/241/785 819/244/788
f 836/262/805 838/260/807 837/261/806
f 837/261/806 838/260/807 839/259/808
f 819/244/788 838/260/807 836/262/805
f 838/260/807 819/244/788 821/246/790
f 839/259/808 838/260/807 840/258/809
f 841/256/810 839/259/808 840/258/809
f 842/257/811 841/256/810 840/258/809
f 838/260/807 842/257/811 840/258/809
f 841/256/810 842/257/811 843/255/812
f 823/248/792 838/260/807 821/246/790
f 844/254/813 843/255/812 842/257/811
f 844/254/813 842/257/811 838/260/807
f 845/252/814 843/255/812 844/254/813
f 838/260/807 846/253/815 844/254/813
f 846/253/815 845/252/814 844/254/813
f 823/248/792 846/253/815 838/260/807
f 846/253/815 823/248/792 824/249/793
f 847/251/816 845/252/814 846/253/815
f 846/253/815 824/249/793 847/251/816
f 847/251/816 824/249/793 825/250/794
f 848/295/749 849/296/780 850/297/750
f 849/296/780 848/295/749 851/298/725
f 852/299/722 849/296/780 851/298/725
f 852/299/722 853/300/781 849/296/780
f 854/301/720 853/300/781 852/299/722
f 853/300/781 854/301/720 855/302/784
f 856/303/718 855/302/784 854/301/720
f 856/303/718 857/304/786 855/302/784
f 856/303/718 858/305/787 857/304/786
f 858/305/787 856/303/718 859/306/717
f 860/307/715 858/305/787 859/306/717
f 858/305/787 860/307/715 861/308/789
f 862/309/817 861/308/789 860/307/715
f 861/308/789 862/309/817 863/310/791
f 863/310/791 862/309/817 864/311/818
f 865/312/819 864/311/818 862/309/817
f 866/313/604 864/311/818 865/312/819
f 864/311/818 866/313/604 867/314/820
f 868/273/821 869/274/820 870/275/604
f 868/273/821 871/276/814 869/274/820
f 868/273/821 872/277/822 871/276/814
f 872/277/822 868/273/821 873/278/600
f 873/278/600 874/279/823 872/277/822
f 874/279/823 873/278/600 875/280/824
f 875/280/824 876/282/808 874/279/823
f 876/282/808 875/280/824 877/281/825
f 877/281/825 878/284/806 876/282/808
f 878/284/806 877/281/825 879/283/596
f 879/283/596 880/286/826 878/284/806
f 880/286/826 879/283/596 881/285/827
f 881/285/827 882/287/828 880/286/826
f 882/287/828 881/285/827 883/288/591
f 883/288/591 884/289/800 882/287/828
f 884/289/800 883/288/591 885/290/829
f 886/291/830 884/289/800 885/290/829
f 886/291/830 887/292/798 884/289/800
f 886/291/830 888/294/797 887/292/798
f 888/294/797 886/291/830 889/293/831
f 890/209/832 891/210/833 892/211/834
f 892/211/834 893/212/835 890/209/832
f 894/213/836 890/209/832 893/212/835
f 893/212/835 895/214/837 894/213/836
f 896/215/838 894/213/836 895/214/837
f 895/214/837 897/216/839 896/215/838
f 898/217/840 896/215/838 897/216/839
f 897/216/839 899/218/841 898/217/840
f 900/219/842 898/217/840 899/218/841
f 901/220/843 900/219/842 902/221/844
f 899/218/841 902/221/844 900/219/842
f 901/220/843 902/221/844 903/222/845
f 903/222/845 904/223/846 901/220/843
f 904/223/846 903/222/845 905/224/847
f 905/224/847 906/225/848 907/226/849
f 905/224/847 907/226/849 904/223/846
f 907/226/849 901/220/843 904/223/846
f 908/227/850 907/226/849 906/225/848
f 906/225/848 909/228/851 908/227/850
f 908/227/850 901/220/843 907/226/849
f 909/228/851 910/229/852 911/230/853
f 909/228/851 911/230/853 908/227/850
f 911/230/853 901/220/843 908/227/850
f 910/229/852 912/232/854 911/230/853
f 912/232/854 910/229/852 913/231/855
f 914/233/856 912/232/854 913/231/855
f 912/232/854 914/233/856 915/234/857
f 915/234/857 911/230/853 912/232/854
f 911/230/853 915/234/857 901/220/843
f 914/233/856 916/235/858 915/234/857
f 916/235/858 901/220/843 915/234/857
f 914/233/856 917/240/859 916/235/858
f 901/220/843 916/235/858 918/241/860
f 918/241/860 916/235/858 917/240/859
f 917/240/859 919/242/861 918/241/860
f 920/243/862 918/241/860 919/242/861
f 918/241/860 920/243/862 921/244/863
f 922/245/864 921/244/863 920/243/862
f 923/246/865 921/244/863 922/245/864
f 922/245/864 924/247/866 923/246/865
f 925/248/867 923/246/865 924/247/866
f 924/247/866 926/249/868 925/248/867
f 926/249/868 924/247/866 927/250/869
f 928/251/870 926/249/868 927/250/869
f 928/251/870 929/252/871 930/253/872
f 930/253/872 926/249/868 928/251/870
f 930/253/872 925/248/867 926/249/868
f 930/253/872 929/252/871 931/254/873
f 929/252/871 932/255/874 931/254/873
f 933/256/875 934/257/876 932/255/874
f 931/254/873 932/255/874 934/257/876
f 729/149/358 732/152/714 730/150/712
f 729/149/358 731/151/713 935/153/877
f 935/153/877 731/151/713 936/154/878
f 732/152/714 936/154/878 731/151/713
f 935/153/877 936/154/878 937/155/879
f 732/152/714 937/155/879 936/154/878
f 732/152/714 938/156/90 937/155/879
f 939/152/880 940/149/217 941/150/881
f 940/149/217 942/151/882 941/150/881
f 941/150/881 942/151/882 939/152/880
f 942/151/882 940/149/217 943/153/883
f 939/152/880 942/151/882 944/154/884
f 943/153/883 944/154/884 942/151/882
f 945/157/885 946/158/886 947/159/887
f 948/160/888 945/157/885 947/159/887
f 948/160/888 949/161/889 945/157/885
f 950/162/222 949/161/889 948/160/888
f 949/161/889 951/163/890 945/157/885
f 946/158/886 945/157/885 951/163/890
f 951/163/890 952/164/891 946/158/886
f 949/161/889 950/162/222 953/165/892
f 953/165/892 954/166/893 949/161/889
f 949/161/889 954/166/893 951/163/890
f 952/164/891 951/163/890 954/166/893
f 954/166/893 955/167/894 952/164/891
f 954/166/893 953/165/892 956/168/223
f 943/153/883 957/155/211 944/154/884
f 957/155/211 939/152/880 944/154/884
f 958/169/895 954/166/893 956/168/223
f 955/167/894 954/166/893 958/169/895
f 959/170/896 955/167/894 958/169/895
f 956/168/223 960/171/327 958/169/895
f 961/173/897 962/172/898 963/174/201
f 962/172/898 961/173/897 959/170/896
f 959/170/896 958/169/895 962/172/898
f 962/172/898 964/175/899 963/174/201
f 958/169/895 960/171/327 965/176/329
f 962/172/898 958/169/895 965/176/329
f 966/156/900 939/152/880 957/155/211
f 962/172/898 967/177/901 964/175/899
f 964/175/899 967/177/901 968/178/902
f 967/177/901 966/156/900 968/178/902
f 967/177/901 962/172/898 965/176/329
f 969/179/903 939/152/880 966/156/900
f 969/179/903 966/156/900 967/177/901
f 970/180/904 967/177/901 965/176/329
f 969/179/903 967/177/901 970/180/904
f 682/108/673 971/105/905 680/106/671
f 678/104/669 680/106/671 971/105/905
f 678/104/669 971/105/905 681/107/672
f 682/108/673 685/111/676 972/110/906
f 971/105/905 682/108/673 972/110/906
f 973/112/907 685/111/676 688/113/679
f 685/111/676 973/112/907 972/110/906
f 973/112/907 974/109/908 972/110/906
f 974/109/908 971/105/905 972/110/906
f 974/109/908 681/107/672 971/105/905
f 681/107/672 974/109/908 975/181/909
f 976/182/339 975/181/909 977/183/338
f 978/184/910 969/179/903 970/180/904
f 979/185/336 978/184/910 980/186/911
f 981/114/912 688/113/679 689/115/680
f 688/113/679 981/114/912 973/112/907
f 981/114/912 974/109/908 973/112/907
f 974/109/908 982/187/913 975/181/909
f 975/181/909 982/187/913 977/183/338
f 974/109/908 981/114/912 982/187/913
f 983/188/914 977/183/338 982/187/913
f 977/183/338 983/188/914 979/185/336
f 983/188/914 978/184/910 979/185/336
f 981/114/912 983/188/914 982/187/913
f 978/184/910 983/188/914 984/189/915
f 984/189/915 969/179/903 978/184/910
f 984/189/915 983/188/914 981/114/912
f 984/189/915 981/114/912 689/115/680
f 689/115/680 985/190/916 984/189/915
f 984/189/915 986/191/917 969/179/903
f 984/189/915 985/190/916 986/191/917
f 986/191/917 939/152/880 969/179/903
f 985/190/916 987/192/918 986/191/917
f 987/192/918 939/152/880 986/191/917
f 987/192/918 985/190/916 988/193/919
f 987/192/918 988/193/919 989/194/920
f 989/194/920 990/195/921 987/192/918
f 990/195/921 939/152/880 987/192/918
f 989/194/920 991/196/922 990/195/921
f 992/197/196 993/198/652 994/199/658
f 990/195/921 992/197/196 939/152/880
f 993/198/652 992/197/196 990/195/921
f 990/195/921 995/200/653 993/198/652
f 995/200/653 990/195/921 991/196/922
f 940/149/217 939/152/880 996/201/87
f 996/201/87 939/152/880 992/197/196
f 996/201/87 992/197/196 997/202/923
f 998/203/924 997/202/923 999/204/659
f 1000/205/925 995/200/653 991/196/922
f 995/200/653 1000/205/925 998/203/924
f 997/202/923 998/203/924 1000/205/925
f 997/202/923 1001/206/926 996/201/87
f 1001/206/926 997/202/923 1000/205/925
f 1000/205/925 1002/207/927 1001/206/926
f 1000/205/925 991/196/922 1002/207/927
f 946/158/886 1003/157/928 947/159/887
f 947/159/887 1003/157/928 948/160/888
f 1004/161/929 948/160/888 1003/157/928
f 1004/161/929 950/162/222 948/160/888
f 950/162/222 1004/161/929 1005/165/930
f 1004/161/929 1003/157/928 1006/163/931
f 1003/157/928 946/158/886 1006/163/931
f 952/164/891 1006/163/931 946/158/886
f 1007/166/932 1005/165/930 1004/161/929
f 1007/166/932 1004/161/929 1006/163/931
f 1006/163/931 952/164/891 1007/166/932
f 1005/165/930 1007/166/932 1008/168/360
f 955/167/894 1007/166/932 952/164/891
f 991/196/922 1009/208/933 1002/207/927
f 1009/208/933 991/196/922 989/194/920
f 1010/169/934 1008/168/360 1007/166/932
f 1007/166/932 955/167/894 1010/169/934
f 1008/168/360 1010/169/934 1011/171/361
f 1010/169/934 1012/176/362 1011/171/361
f 955/167/894 959/170/896 1010/169/934
f 1010/169/934 1013/172/935 1012/176/362
f 1013/172/935 1010/169/934 959/170/896
f 961/173/897 1013/172/935 959/170/896
f 1013/172/935 961/173/897 1014/174/94
f 989/194/920 1015/236/936 1009/208/933
f 1013/172/935 1014/174/94 1016/175/937
f 975/181/909 683/109/674 681/107/672
f 989/194/920 1017/237/938 1015/236/936
f 988/193/919 1017/237/938 989/194/920
f 976/182/339 1018/183/939 975/181/909
f 1013/172/935 1016/175/937 1019/177/940
f 1016/175/937 1020/178/91 1019/177/940
f 1019/177/940 1020/178/91 938/156/90
f 1012/176/362 1013/172/935 1019/177/940
f 683/109/674 975/181/909 1021/187/941
f 975/181/909 1018/183/939 1021/187/941
f 687/114/678 683/109/674 1021/187/941
f 1022/185/366 1023/186/942 1024/184/364
f 1025/188/943 1022/185/366 1024/184/364
f 1025/188/943 1018/183/939 1022/185/366
f 1018/183/939 1025/188/943 1021/187/941
f 687/114/678 1021/187/941 1025/188/943
f 1017/237/938 988/193/919 1026/238/944
f 1026/238/944 988/193/919 985/190/916
f 1027/180/363 1012/176/362 1019/177/940
f 1019/177/940 1028/179/945 1027/180/363
f 1028/179/945 1019/177/940 938/156/90
f 1028/179/945 938/156/90 732/152/714
f 1024/184/364 1027/180/363 1028/179/945
f 1024/184/364 1029/189/946 1025/188/943
f 1029/189/946 1024/184/364 1028/179/945
f 1029/189/946 687/114/678 1025/188/943
f 1029/189/946 689/115/680 687/114/678
f 1026/238/944 985/190/916 1030/239/947
f 985/190/916 689/115/680 1030/239/947
f 1031/191/948 1028/179/945 732/152/714
f 1029/189/946 1028/179/945 1031/191/948
f 689/115/680 1032/190/949 1030/239/947
f 1032/190/949 689/115/680 1029/189/946
f 1029/189/946 1031/191/948 1032/190/949
f 1030/239/947 1032/190/949 1026/238/944
f 1033/193/950 1026/238/944 1032/190/949
f 1033/193/950 1017/237/938 1026/238/944
f 1034/194/951 1015/236/936 1017/237/938
f 1015/236/936 1034/194/951 1009/208/933
f 1017/237/938 1033/193/950 1034/194/951
f 1035/192/952 1032/190/949 1031/191/948
f 1032/190/949 1035/192/952 1033/193/950
f 1035/192/952 1031/191/948 732/152/714
f 1035/192/952 1034/194/951 1033/193/950
f 732/152/714 729/149/358 996/201/87
f 1036/196/953 1002/207/927 1009/208/933
f 1034/194/951 1036/196/953 1009/208/933
f 1002/207/927 1037/205/954 1001/206/926
f 1036/196/953 1037/205/954 1002/207/927
f 1038/202/955 1039/203/956 1040/204/702
f 1038/202/955 1001/206/926 1037/205/954
f 1001/206/926 1038/202/955 996/201/87
f 1039/203/956 1038/202/955 1037/205/954
f 1037/205/954 1041/200/700 1039/203/956
f 1041/200/700 1037/205/954 1036/196/953
f 1042/195/957 1041/200/700 1036/196/953
f 1034/194/951 1042/195/957 1036/196/953
f 1034/194/951 1035/192/952 1042/195/957
f 1042/195/957 1035/192/952 732/152/714
f 1043/197/343 996/201/87 1038/202/955
f 732/152/714 996/201/87 1043/197/343
f 1042/195/957 732/152/714 1043/197/343
f 1041/200/700 1042/195/957 1044/198/699
f 1043/197/343 1044/198/699 1042/195/957
f 1044/198/699 1043/197/343 1045/199/697
f 1046/117/958 1047/116/959 1048/118/960
f 1047/116/959 1046/117/958 1049/119/961
f 1050/120/962 1049/119/961 1046/117/958
f 1049/119/961 1050/120/962 1051/121/963
f 1052/122/964 1053/124/965 1054/123/966
f 1054/123/966 1055/125/958 1052/122/964
f 1055/125/958 1054/123/966 1056/126/967
f 1057/128/961 1058/127/966 1059/129/965
f 1058/127/966 1057/128/961 1056/126/967
f 1055/125/958 1060/130/968 1050/120/962
f 1060/130/968 1055/125/958 1056/126/967
f 1056/126/967 1057/128/961 1060/130/968
f 1061/131/969 1060/130/968 1057/128/961
f 1062/133/706 1063/132/344 1064/134/970
f 1063/132/344 1062/133/706 1065/135/711
f 1066/136/708 1065/135/711 1062/133/706
f 1066/136/708 725/137/971 1065/135/711
f 934/257/876 933/256/875 1067/258/972
f 933/256/875 1068/259/973 1067/258/972
f 931/254/873 934/257/876 1069/260/974
f 1069/260/974 930/253/872 931/254/873
f 1069/260/974 934/257/876 1067/258/972
f 1068/259/973 1069/260/974 1067/258/972
f 925/248/867 930/253/872 1069/260/974
f 925/248/867 1069/260/974 923/246/865
f 1069/260/974 921/244/863 923/246/865
f 1070/261/975 1069/260/974 1068/259/973
f 900/219/842 901/220/843 918/241/860
f 918/241/860 1071/262/976 900/219/842
f 1071/262/976 918/241/860 921/244/863
f 921/244/863 1069/260/974 1071/262/976
f 1071/262/976 1069/260/974 1070/261/975
f 1070/261/975 1072/263/977 1071/262/976
f 900/219/842 1073/264/978 898/217/840
f 1073/264/978 900/219/842 1071/262/976
f 1073/264/978 1071/262/976 1072/263/977
f 1074/265/979 1073/264/978 1072/263/977
f 898/217/840 1073/264/978 896/215/838
f 896/215/838 1073/264/978 1075/266/980
f 1075/266/980 1073/264/978 1074/265/979
f 1076/267/981 1075/266/980 1074/265/979
f 896/215/838 1077/268/982 894/213/836
f 1077/268/982 896/215/838 1075/266/980
f 1077/268/982 1075/266/980 1076/267/981
f 1078/269/983 1077/268/982 1076/267/981
f 894/213/836 1079/270/984 890/209/832
f 1079/270/984 894/213/836 1077/268/982
f 1077/268/982 1078/269/983 1079/270/984
f 890/209/832 1080/271/985 891/210/833
f 1080/271/985 890/209/832 1079/270/984
f 1078/269/983 1080/271/985 1079/270/984
f 1080/271/985 1078/269/983 1081/272/986
f 1082/273/987 1083/274/870 1084/275/988
f 1082/273/987 1085/276/871 1083/274/870
f 1082/273/987 1086/277/989 1085/276/871
f 1086/277/989 1082/273/987 1087/278/990
f 1087/278/990 1088/279/991 1086/277/989
f 1088/279/991 1087/278/990 1089/280/992
f 1089/280/992 1090/282/993 1088/279/991
f 1090/282/993 1089/280/992 1091/281/994
f 1091/281/994 1092/284/975 1090/282/993
f 1092/284/975 1091/281/994 1093/283/995
f 1093/283/995 1094/286/996 1092/284/975
f 1094/286/996 1093/283/995 1095/285/997
f 1095/285/997 1096/287/979 1094/286/996
f 1096/287/979 1095/285/997 1097/288/998
f 1097/288/998 1098/289/981 1096/287/979
f 1098/289/981 1097/288/998 1099/290/999
f 1100/291/1000 1098/289/981 1099/290/999
f 1100/291/1000 1101/292/983 1098/289/981
f 1102/293/1001 1101/292/983 1100/291/1000
f 1101/292/983 1102/293/1001 1103/294/1002
f 1104/209/1003 1105/210/1004 1106/211/1001
f 1106/211/1001 1107/212/1005 1104/209/1003
f 1108/213/1006 1104/209/1003 1107/212/1005
f 1107/212/1005 1109/214/999 1108/213/1006
f 1110/215/1007 1108/213/1006 1109/214/999
f 1109/214/999 1111/216/998 1110/215/1007
f 1112/217/1008 1110/215/1007 1111/216/998
f 1111/216/998 1113/218/1009 1112/217/1008
f 1114/219/1010 1112/217/1008 1113/218/1009
f 1115/220/1011 1114/219/1010 1116/221/995
f 1113/218/1009 1116/221/995 1114/219/1010
f 1116/221/995 1117/222/1012 1115/220/1011
f 1117/222/1012 1118/223/1013 1115/220/1011
f 1118/223/1013 1117/222/1012 1119/224/1014
f 1119/224/1014 1120/225/990 1121/226/1015
f 1119/224/1014 1121/226/1015 1118/223/1013
f 1121/226/1015 1115/220/1011 1118/223/1013
f 1122/227/1016 1121/226/1015 1120/225/990
f 1120/225/990 1123/228/1017 1122/227/1016
f 1122/227/1016 1115/220/1011 1121/226/1015
f 1123/228/1017 1124/229/988 1125/230/1018
f 1123/228/1017 1125/230/1018 1122/227/1016
f 1125/230/1018 1115/220/1011 1122/227/1016
f 1124/229/988 1126/231/1019 1127/232/1020
f 1127/232/1020 1125/230/1018 1124/229/988
f 1128/233/1021 1127/232/1020 1126/231/1019
f 1127/232/1020 1128/233/1021 1129/234/1022
f 1129/234/1022 1125/230/1018 1127/232/1020
f 1125/230/1018 1129/234/1022 1115/220/1011
f 1128/233/1021 1130/235/1023 1129/234/1022
f 1130/235/1023 1115/220/1011 1129/234/1022
f 1128/233/1021 1131/240/1024 1130/235/1023
f 1115/220/1011 1130/235/1023 1132/241/1025
f 1132/241/1025 1130/235/1023 1131/240/1024
f 1131/240/1024 1133/242/1026 1132/241/1025
f 1134/243/1027 1132/241/1025 1133/242/1026
f 1132/241/1025 1134/243/1027 1135/244/1028
f 1134/243/1027 1136/245/1029 1135/244/1028
f 1137/246/1030 1135/244/1028 1136/245/1029
f 1136/245/1029 1138/247/1031 1137/246/1030
f 1139/248/1032 1137/246/1030 1138/247/1031
f 1138/247/1031 1140/249/1033 1139/248/1032
f 1140/249/1033 1138/247/1031 1141/250/1034
f 1105/210/1004 1142/270/1035 1143/271/1036
f 1142/270/1035 1105/210/1004 1104/209/1003
f 1143/271/1036 1142/270/1035 1144/272/1037
f 1144/272/1037 1142/270/1035 1145/269/1038
f 1108/213/1006 1142/270/1035 1104/209/1003
f 1142/270/1035 1108/213/1006 1146/268/1039
f 1142/270/1035 1146/268/1039 1145/269/1038
f 1145/269/1038 1146/268/1039 1147/267/1040
f 1110/215/1007 1146/268/1039 1108/213/1006
f 1146/268/1039 1110/215/1007 1148/266/1041
f 1146/268/1039 1148/266/1041 1147/267/1040
f 1147/267/1040 1148/266/1041 1149/265/1042
f 1112/217/1008 1150/264/1043 1110/215/1007
f 1110/215/1007 1150/264/1043 1148/266/1041
f 1148/266/1041 1150/264/1043 1149/265/1042
f 1114/219/1010 1150/264/1043 1112/217/1008
f 1149/265/1042 1150/264/1043 1151/263/1044
f 1114/219/1010 1115/220/1011 1132/241/1025
f 1150/264/1043 1114/219/1010 1152/262/1045
f 1132/241/1025 1152/262/1045 1114/219/1010
f 1152/262/1045 1151/263/1044 1150/264/1043
f 1153/261/1046 1151/263/1044 1152/262/1045
f 1152/262/1045 1132/241/1025 1135/244/1028
f 1154/259/1047 1153/261/1046 1155/260/1048
f 1155/260/1048 1153/261/1046 1152/262/1045
f 1135/244/1028 1155/260/1048 1152/262/1045
f 1155/260/1048 1135/244/1028 1137/246/1030
f 1154/259/1047 1155/260/1048 1156/258/1049
f 1157/256/1050 1154/259/1047 1156/258/1049
f 1158/257/1051 1157/256/1050 1156/258/1049
f 1155/260/1048 1158/257/1051 1156/258/1049
f 1157/256/1050 1158/257/1051 1159/255/1052
f 1139/248/1032 1155/260/1048 1137/246/1030
f 1160/254/1053 1159/255/1052 1158/257/1051
f 1160/254/1053 1158/257/1051 1155/260/1048
f 1161/252/1054 1159/255/1052 1160/254/1053
f 1155/260/1048 1162/253/1055 1160/254/1053
f 1162/253/1055 1161/252/1054 1160/254/1053
f 1139/248/1032 1162/253/1055 1155/260/1048
f 1162/253/1055 1139/248/1032 1140/249/1033
f 1163/251/1056 1161/252/1054 1162/253/1055
f 1140/249/1033 1163/251/1056 1162/253/1055
f 1141/250/1034 1163/251/1056 1140/249/1033
f 1164/295/1057 1165/296/1019 1166/297/988
f 1165/296/1019 1164/295/1057 1167/298/869
f 1165/296/1019 1167/298/869 1168/299/866
f 1165/296/1019 1168/299/866 1169/300/1021
f 1170/301/864 1169/300/1021 1168/299/866
f 1169/300/1021 1170/301/864 1171/302/1058
f 1171/302/1058 1170/301/864 1172/303/1059
f 1171/302/1058 1172/303/1059 1173/304/1026
f 1172/303/1059 1174/305/1027 1173/304/1026
f 1174/305/1027 1172/303/1059 1175/306/1060
f 1176/307/859 1174/305/1027 1175/306/1060
f 1174/305/1027 1176/307/859 1177/308/1029
f 1178/309/856 1177/308/1029 1176/307/859
f 1177/308/1029 1178/309/856 1179/310/1061
f 1180/312/855 1179/310/1061 1178/309/856
f 1179/310/1061 1180/312/855 1181/311/1034
f 1182/313/1062 1181/311/1034 1180/312/855
f 1181/311/1034 1182/313/1062 1183/314/1063
f 1184/274/1063 1185/275/1062 1186/273/851
f 1184/274/1063 1186/273/851 1187/276/1054
f 1186/273/851 1188/277/1064 1187/276/1054
f 1188/277/1064 1186/273/851 1189/278/848
f 1189/278/848 1190/279/1065 1188/277/1064
f 1190/279/1065 1189/278/848 1191/280/847
f 1191/280/847 1192/282/1047 1190/279/1065
f 1192/282/1047 1191/280/847 1193/281/845
f 1193/281/845 1194/284/1066 1192/282/1047
f 1194/284/1066 1193/281/845 1195/283/1067
f 1195/283/1067 1196/286/1044 1194/284/1066
f 1196/286/1044 1195/283/1067 1197/285/1068
f 1197/285/1068 1198/287/1069 1196/286/1044
f 1198/287/1069 1197/285/1068 1199/288/1070
f 1199/288/1070 1200/289/1040 1198/287/1069
f 1200/289/1040 1199/288/1070 1201/290/837
f 1202/291/835 1200/289/1040 1201/290/837
f 1202/291/835 1203/292/1038 1200/289/1040
f 1202/291/835 1204/294/1071 1203/292/1038
f 1204/294/1071 1202/291/835 1205/293/834
f 1206/62/1072 1207/138/1073 1208/139/1074
f 1209/140/555 1206/62/1072 1208/139/1074
f 1207/138/1073 1206/62/1072 1210/60/1075
f 1211/141/1076 1206/62/1072 1209/140/555
f 1210/60/1075 1206/62/1072 1212/61/1077
f 1206/62/1072 1211/141/1076 1212/61/1077
f 1213/142/557 1212/61/1077 1211/141/1076
f 360/58/377 1214/143/1073 357/56/374
f 1215/144/557 1214/143/1073 360/58/377
f 1215/144/557 359/59/552 1214/143/1073
f 359/59/552 1215/144/557 358/57/1078
f 1216/145/467 387/64/412 386/65/411
f 1217/146/1079 387/64/412 1216/145/467
f 1218/147/469 1217/146/1079 1216/145/467
f 1217/146/1079 1218/147/469 1219/148/1080
f 1219/148/1080 448/137/470 1217/146/1079
f 448/137/470 383/96/408 1217/146/1079
f 383/96/408 382/95/407 1217/146/1079
f 355/93/372 354/49/371 353/48/370
f 355/93/372 356/94/373 354/49/371
f 1220/315/1081 1221/316/1082 1222/317/1083
f 1223/318/1084 1224/319/1085 1225/320/1086
f 1224/319/1085 1223/318/1084 1226/321/1087
f 1227/322/1088 1228/323/1089 1229/324/1090
f 1228/323/1089 1227/322/1088 1230/325/1091
f 1230/325/1091 1231/326/1092 1228/323/1089
f 1231/326/1092 1230/325/1091 1232/327/1093
f 1232/327/1093 1233/328/1094 1231/326/1092
f 1233/328/1094 1232/327/1093 1234/329/1095
f 1234/329/1095 1235/330/1096 1233/328/1094
f 1235/330/1096 1234/329/1095 1236/331/1097
f 1237/332/1098 1238/333/1099 1239/334/1082
f 1238/333/1099 1237/332/1098 1240/335/1100
f 1241/336/1101 1238/333/1099 1240/335/1100
f 1238/333/1099 1241/336/1101 1242/337/1102
f 1241/336/1101 1243/338/1103 1242/337/1102
f 1243/338/1103 1241/336/1101 1244/339/1104
f 1244/339/1104 1225/320/1086 1243/338/1103
f 1245/340/1085 1243/338/1103 1225/320/1086
f 1223/318/1084 1246/341/1105 1247/342/1087
f 1246/341/1105 1223/318/1084 1248/343/1106
f 1249/344/1107 1246/341/1105 1248/343/1106
f 1246/341/1105 1249/344/1107 1250/345/1108
f 1251/346/1109 1250/345/1108 1249/344/1107
f 1250/345/1108 1251/346/1109 1252/347/1110
f 1251/346/1109 1220/315/1081 1252/347/1110
f 1253/348/1083 1252/347/1110 1220/315/1081
f 1254/349/1111 1255/350/1112 1256/351/1113
f 1255/350/1112 1254/349/1111 1257/352/1114
f 1258/353/1115 1257/352/1114 1254/349/1111
f 1258/353/1115 1254/349/1111 1259/354/1116
f 1260/355/1117 1258/353/1115 1259/354/1116
f 1260/355/1117 1259/354/1116 1261/356/1118
f 1262/357/1119 1260/355/1117 1261/356/1118
f 1260/355/1117 1262/357/1119 1263/358/1120
f 1264/359/1121 1265/360/1122 1266/361/1123
f 1265/360/1122 1264/359/1121 1267/362/1124
f 1268/363/1125 1267/362/1124 1264/359/1121
f 1268/363/1125 1264/359/1121 1269/364/1126
f 1270/365/1127 1268/363/1125 1269/364/1126
f 1270/365/1127 1269/364/1126 1271/366/1128
f 1272/367/1129 1270/365/1127 1271/366/1128
f 1272/367/1129 1271/366/1128 1273/368/1130
f 1274/369/1131 1275/370/1132 1276/371/1133
f 1274/369/1131 1276/371/1133 1277/372/1134
f 1278/373/1135 1274/369/1131 1277/372/1134
f 1278/373/1135 1277/372/1134 1279/374/1136
f 1280/375/1137 1278/373/1135 1279/374/1136
f 1280/375/1137 1279/374/1136 1281/376/1138
f 1282/377/1139 1280/375/1137 1281/376/1138
f 1280/375/1137 1282/377/1139 1283/378/1140
f 1284/379/1141 1285/380/1142 1286/381/1143
f 1285/380/1142 1284/379/1141 1287/382/1144
f 1287/382/1144 1288/383/1145 1285/380/1142
f 1288/383/1145 1287/382/1144 1289/384/1146
f 1289/384/1146 1290/385/1147 1288/383/1145
f 1290/385/1147 1289/384/1146 1291/386/1148
f 1291/386/1148 1292/387/1149 1290/385/1147
f 1292/387/1149 1291/386/1148 1293/388/1150
f 1294/389/1151 1295/390/1152 1296/391/1153
f 1295/390/1152 1294/389/1151 1297/392/1154
f 1294/389/1151 1298/393/1155 1297/392/1154
f 1298/393/1155 1294/389/1151 1299/394/1156
f 1300/395/1157 1298/393/1155 1299/394/1156
f 1298/393/1155 1300/395/1157 1301/396/1158
f 1300/395/1157 1302/397/1159 1301/396/1158
f 1302/397/1159 1300/395/1157 1303/398/1160
f 1304/399/1161 1305/400/1162 1306/401/1163
f 1305/400/1162 1304/399/1161 1307/402/1164
f 1307/402/1164 1308/403/1165 1305/400/1162
f 1308/403/1165 1307/402/1164 1309/404/1166
f 1310/405/1167 1308/403/1165 1309/404/1166
f 1308/403/1165 1310/405/1167 1311/406/1168
f 1310/405/1167 1312/407/1169 1311/406/1168
f 1312/407/1169 1310/405/1167 1313/408/1170
f 1314/409/1171 1315/410/1172 1316/411/1173
f 1317/412/1174 1318/413/1175 1319/414/1176
f 1320/415/1177 1321/416/1178 1322/417/1179
f 1323/418/1180 1321/416/1178 1320/415/1177
f 1321/416/1178 1323/418/1180 1324/419/1181
f 1323/418/1180 1325/420/1182 1324/419/1181
f 1325/420/1182 1323/418/1180 1326/421/1183
f 1327/422/1184 1325/420/1182 1326/421/1183
f 1325/420/1182 1327/422/1184 1328/423/1185
f 1327/422/1184 1329/424/1186 1328/423/1185
f 1329/424/1186 1330/425/1187 1328/423/1185
f 1322/417/1179 1331/426/1188 1314/409/1171
f 1331/426/1188 1322/417/1179 1332/427/1189
f 1322/417/1179 1321/416/1178 1332/427/1189
f 1332/427/1189 1321/416/1178 1333/428/1190
f 1334/429/1191 1332/427/1189 1333/428/1190
f 1332/427/1189 1334/429/1191 1335/430/1192
f 1334/429/1191 1336/431/1193 1335/430/1192
f 1336/431/1193 1334/429/1191 1337/432/1194
f 1337/432/1194 1317/412/1174 1336/431/1193
f 1338/433/1195 1336/431/1193 1317/412/1174
f 1339/434/1196 1340/435/1197 1341/436/1198
f 1340/435/1197 1339/434/1196 1342/437/1199
f 1343/438/1200 1342/437/1199 1339/434/1196
f 1342/437/1199 1343/438/1200 1344/439/1201
f 1343/438/1200 1345/440/1202 1344/439/1201
f 1345/440/1202 1343/438/1200 1346/441/1203
f 1346/441/1203 1316/411/1173 1345/440/1202
f 1347/442/1204 1345/440/1202 1316/411/1173
f 1348/443/1205 1349/444/1206 1350/445/1207
f 1351/446/1208 1352/447/1209 1353/448/1210
f 1352/447/1209 1351/446/1208 1354/449/1211
f 1351/446/1208 1355/450/1212 1354/449/1211
f 1351/446/1208 1356/451/1213 1355/450/1212
f 1356/451/1213 1357/452/1214 1355/450/1212
f 1358/453/1215 1357/452/1214 1356/451/1213
f 1359/454/1216 1357/452/1214 1358/453/1215
f 1357/452/1214 1359/454/1216 1360/455/1217
f 1361/456/1218 1362/457/1219 1363/458/1220
f 1362/457/1219 1361/456/1218 1364/459/1221
f 1365/460/1222 1364/459/1221 1361/456/1218
f 1365/460/1222 1361/456/1218 1366/461/1223
f 1367/462/1224 1365/460/1222 1366/461/1223
f 1367/462/1224 1366/461/1223 1368/463/1225
f 1348/443/1205 1367/462/1224 1368/463/1225
f 1348/443/1205 1368/463/1225 1369/464/1226
f 1370/465/1227 1350/445/1207 1371/466/1228
f 1370/465/1227 1371/466/1228 1372/467/1229
f 1373/468/1230 1370/465/1227 1372/467/1229
f 1373/468/1230 1372/467/1229 1374/469/1231
f 1375/470/1232 1373/468/1230 1374/469/1231
f 1375/470/1232 1374/469/1231 1376/471/1233
f 1377/472/1234 1375/470/1232 1376/471/1233
f 1375/470/1232 1377/472/1234 1378/473/1235
f 1321/416/1178 1324/419/1181 1333/428/1190
f 1379/474/1236 1221/316/1082 1380/475/1237
f 1222/317/1083 1221/316/1082 1379/474/1236
f 1381/476/1238 1226/321/1087 1382/477/1239
f 1224/319/1085 1226/321/1087 1381/476/1238
f 1383/478/1236 1252/347/1110 1253/348/1083
f 1252/347/1110 1383/478/1236 1384/479/1240
f 1385/480/1241 1252/347/1110 1384/479/1240
f 1252/347/1110 1385/480/1241 1250/345/1108
f 1385/480/1241 1386/481/1242 1250/345/1108
f 1246/341/1105 1250/345/1108 1386/481/1242
f 1386/481/1242 1387/482/1239 1246/341/1105
f 1247/342/1087 1246/341/1105 1387/482/1239
f 1239/334/1082 1238/333/1099 1388/483/1237
f 1388/483/1237 1238/333/1099 1389/484/1243
f 1242/337/1102 1389/484/1243 1238/333/1099
f 1390/485/1244 1389/484/1243 1242/337/1102
f 1243/338/1103 1390/485/1244 1242/337/1102
f 1390/485/1244 1243/338/1103 1391/486/1245
f 1243/338/1103 1392/487/1246 1391/486/1245
f 1392/487/1246 1243/338/1103 1245/340/1085
f 1393/488/1247 1394/489/1248 1395/490/1139
f 1396/491/1123 1395/490/1139 1394/489/1248
f 1397/492/1249 1398/493/1130 1399/494/1250
f 1400/495/1133 1398/493/1130 1397/492/1249
f 1282/377/1139 1281/376/1138 1401/496/1247
f 1402/497/1251 1401/496/1247 1281/376/1138
f 1281/376/1138 1279/374/1136 1402/497/1251
f 1403/498/1252 1402/497/1251 1279/374/1136
f 1277/372/1134 1403/498/1252 1279/374/1136
f 1404/499/1253 1403/498/1252 1277/372/1134
f 1277/372/1134 1405/500/1249 1404/499/1253
f 1405/500/1249 1277/372/1134 1276/371/1133
f 1406/501/1254 1264/359/1121 1266/361/1123
f 1264/359/1121 1406/501/1254 1407/502/1255
f 1408/503/1256 1264/359/1121 1407/502/1255
f 1264/359/1121 1408/503/1256 1269/364/1126
f 1409/504/1257 1269/364/1126 1408/503/1256
f 1269/364/1126 1409/504/1257 1271/366/1128
f 1409/504/1257 1410/505/1250 1271/366/1128
f 1273/368/1130 1271/366/1128 1410/505/1250
f 1411/506/1258 1412/507/1169 1413/508/1259
f 1412/507/1169 1411/506/1258 1414/509/1260
f 1415/510/1159 1416/511/1261 1417/512/1262
f 1416/511/1261 1415/510/1159 1418/513/1263
f 1295/390/1152 1297/392/1154 1419/514/1258
f 1419/514/1258 1297/392/1154 1420/515/1264
f 1298/393/1155 1420/515/1264 1297/392/1154
f 1420/515/1264 1298/393/1155 1421/516/1265
f 1301/396/1158 1421/516/1265 1298/393/1155
f 1422/517/1266 1421/516/1265 1301/396/1158
f 1301/396/1158 1423/518/1262 1422/517/1266
f 1423/518/1262 1301/396/1158 1302/397/1159
f 1424/519/1260 1311/406/1168 1312/407/1169
f 1311/406/1168 1424/519/1260 1425/520/1267
f 1425/520/1267 1426/521/1268 1311/406/1168
f 1308/403/1165 1311/406/1168 1426/521/1268
f 1427/522/1269 1308/403/1165 1426/521/1268
f 1308/403/1165 1427/522/1269 1305/400/1162
f 1427/522/1269 1428/523/1270 1305/400/1162
f 1306/401/1163 1305/400/1162 1428/523/1270
f 1335/430/1192 1429/524/1271 1430/525/1272
f 1429/524/1271 1335/430/1192 1336/431/1193
f 1344/439/1201 1431/526/1273 1342/437/1199
f 1431/526/1273 1344/439/1201 1432/527/1274
f 1337/432/1194 1325/420/1182 1328/423/1185
f 1325/420/1182 1337/432/1194 1334/429/1191
f 1339/434/1196 1326/421/1183 1343/438/1200
f 1326/421/1183 1339/434/1196 1327/422/1184
f 1433/528/1275 1434/529/1188 1435/530/1276
f 1315/410/1172 1434/529/1188 1433/528/1275
f 1314/409/1171 1320/415/1177 1322/417/1179
f 1320/415/1177 1314/409/1171 1316/411/1173
f 1326/421/1183 1346/441/1203 1343/438/1200
f 1346/441/1203 1326/421/1183 1323/418/1180
f 1436/531/1277 1432/527/1274 1345/440/1202
f 1344/439/1201 1345/440/1202 1432/527/1274
f 1437/532/1278 1319/414/1176 1318/413/1175
f 1319/414/1176 1437/532/1278 1438/533/1279
f 1341/436/1198 1330/425/1187 1329/424/1186
f 1330/425/1187 1341/436/1198 1317/412/1174
f 1331/426/1188 1332/427/1189 1439/534/1280
f 1439/534/1280 1332/427/1189 1440/535/1281
f 1345/440/1202 1441/536/1282 1436/531/1277
f 1441/536/1282 1345/440/1202 1347/442/1204
f 1335/430/1192 1440/535/1281 1332/427/1189
f 1430/525/1272 1440/535/1281 1335/430/1192
f 1336/431/1193 1442/537/1283 1429/524/1271
f 1442/537/1283 1336/431/1193 1338/433/1195
f 1443/354/1256 1444/353/1252 1445/355/1284
f 1446/356/1285 1443/354/1256 1445/355/1284
f 1445/355/1284 1447/357/1250 1446/356/1285
f 1447/357/1250 1445/355/1284 1448/358/1249
f 1449/322/1239 1450/325/1242 1451/324/1246
f 1452/323/1245 1451/324/1246 1450/325/1242
f 1450/325/1242 1453/327/1241 1452/323/1245
f 1454/326/1244 1452/323/1245 1453/327/1241
f 1454/326/1244 1453/327/1241 1455/329/1286
f 1456/328/1243 1454/326/1244 1455/329/1286
f 1457/331/1287 1456/328/1243 1455/329/1286
f 1456/328/1243 1457/331/1287 1458/330/1288
f 1459/356/1255 1444/353/1252 1443/354/1256
f 1444/353/1252 1459/356/1255 1460/355/1289
f 1459/356/1255 1461/358/1247 1460/355/1289
f 1459/356/1255 1462/357/1248 1461/358/1247
f 1463/381/1262 1464/379/1290 1465/382/1269
f 1466/380/1291 1463/381/1262 1465/382/1269
f 1465/382/1269 1467/383/1292 1466/380/1291
f 1467/383/1292 1465/382/1269 1468/384/1293
f 1467/383/1292 1468/384/1293 1469/386/1267
f 1470/385/1264 1467/383/1292 1469/386/1267
f 1471/388/1294 1470/385/1264 1469/386/1267
f 1470/385/1264 1471/388/1294 1472/387/1258
f 1473/416/1271 1474/417/1279 1475/415/1278
f 1475/415/1278 1476/418/1273 1473/416/1271
f 1476/418/1273 1477/420/1272 1478/419/1271
f 1477/420/1272 1476/418/1273 1479/421/1274
f 1477/420/1272 1479/421/1274 1480/422/1295
f 1481/423/1281 1477/420/1272 1480/422/1295
f 1482/424/1275 1481/423/1281 1480/422/1295
f 1481/423/1281 1482/424/1275 1483/425/1280
f 1484/449/1296 1485/447/1297 1486/448/1298
f 1484/449/1296 1486/448/1298 1487/446/1299
f 1488/451/1300 1484/449/1296 1487/446/1299
f 1484/449/1296 1488/451/1300 1489/450/1301
f 1490/453/1302 1489/450/1301 1488/451/1300
f 1489/450/1301 1490/453/1302 1491/452/1303
f 1491/452/1303 1490/453/1302 1492/455/1304
f 1492/455/1304 1490/453/1302 1493/454/1305
f 1340/435/1197 1342/437/1199 1494/538/1278
f 1494/538/1278 1342/437/1199 1431/526/1273
f 1316/411/1173 1346/441/1203 1320/415/1177
f 1320/415/1177 1346/441/1203 1323/418/1180
f 1334/429/1191 1333/428/1190 1325/420/1182
f 1324/419/1181 1325/420/1182 1333/428/1190
f 1317/412/1174 1337/432/1194 1330/425/1187
f 1328/423/1185 1330/425/1187 1337/432/1194
f 1339/434/1196 1329/424/1186 1327/422/1184
f 1329/424/1186 1339/434/1196 1341/436/1198
f 1495/539/1306 1496/540/1234 1497/541/1304
f 1498/542/1307 1496/540/1234 1495/539/1306
f 1499/543/1297 1500/544/1226 1501/545/1298
f 1349/444/1206 1500/544/1226 1499/543/1297
f 1377/472/1234 1376/471/1233 1502/546/1304
f 1502/546/1304 1376/471/1233 1503/547/1303
f 1376/471/1233 1374/469/1231 1503/547/1303
f 1504/548/1301 1503/547/1303 1374/469/1231
f 1372/467/1229 1504/548/1301 1374/469/1231
f 1505/549/1296 1504/548/1301 1372/467/1229
f 1372/467/1229 1506/550/1297 1505/549/1296
f 1506/550/1297 1372/467/1229 1371/466/1228
f 1507/551/1305 1361/456/1218 1363/458/1220
f 1361/456/1218 1507/551/1305 1508/552/1308
f 1509/553/1300 1361/456/1218 1508/552/1308
f 1361/456/1218 1509/553/1300 1366/461/1223
f 1510/554/1299 1366/461/1223 1509/553/1300
f 1366/461/1223 1510/554/1299 1368/463/1225
f 1510/554/1299 1511/555/1298 1368/463/1225
f 1369/464/1226 1368/463/1225 1511/555/1298
f 1244/339/1104 1231/326/1092 1233/328/1094
f 1233/328/1094 1235/330/1096 1244/339/1104
f 1231/326/1092 1244/339/1104 1241/336/1101
f 1225/320/1086 1244/339/1104 1235/330/1096
f 1241/336/1101 1228/323/1089 1231/326/1092
f 1228/323/1089 1241/336/1101 1240/335/1100
f 1235/330/1096 1223/318/1084 1225/320/1086
f 1223/318/1084 1235/330/1096 1236/331/1097
f 1240/335/1100 1229/324/1090 1228/323/1089
f 1229/324/1090 1240/335/1100 1237/332/1098
f 1236/331/1097 1248/343/1106 1223/318/1084
f 1248/343/1106 1236/331/1097 1234/329/1095
f 1237/332/1098 1220/315/1081 1229/324/1090
f 1220/315/1081 1227/322/1088 1229/324/1090
f 1234/329/1095 1249/344/1107 1248/343/1106
f 1249/344/1107 1234/329/1095 1232/327/1093
f 1251/346/1109 1227/322/1088 1220/315/1081
f 1232/327/1093 1251/346/1109 1249/344/1107
f 1251/346/1109 1232/327/1093 1230/325/1091
f 1230/325/1091 1227/322/1088 1251/346/1109
f 1274/369/1131 1258/353/1115 1260/355/1117
f 1263/358/1120 1274/369/1131 1260/355/1117
f 1258/353/1115 1274/369/1131 1278/373/1135
f 1275/370/1132 1274/369/1131 1263/358/1120
f 1278/373/1135 1257/352/1114 1258/353/1115
f 1257/352/1114 1278/373/1135 1280/375/1137
f 1263/358/1120 1272/367/1129 1275/370/1132
f 1272/367/1129 1263/358/1120 1262/357/1119
f 1280/375/1137 1255/350/1112 1257/352/1114
f 1255/350/1112 1280/375/1137 1283/378/1140
f 1262/357/1119 1270/365/1127 1272/367/1129
f 1270/365/1127 1262/357/1119 1261/356/1118
f 1283/378/1140 1256/351/1113 1255/350/1112
f 1256/351/1113 1283/378/1140 1265/360/1122
f 1261/356/1118 1268/363/1125 1270/365/1127
f 1268/363/1125 1261/356/1118 1259/354/1116
f 1265/360/1122 1267/362/1124 1256/351/1113
f 1259/354/1116 1267/362/1124 1268/363/1125
f 1254/349/1111 1256/351/1113 1267/362/1124
f 1267/362/1124 1259/354/1116 1254/349/1111
f 1300/395/1157 1288/383/1145 1290/385/1147
f 1290/385/1147 1292/387/1149 1300/395/1157
f 1288/383/1145 1300/395/1157 1299/394/1156
f 1303/398/1160 1300/395/1157 1292/387/1149
f 1299/394/1156 1285/380/1142 1288/383/1145
f 1285/380/1142 1299/394/1156 1294/389/1151
f 1292/387/1149 1304/399/1161 1303/398/1160
f 1304/399/1161 1292/387/1149 1293/388/1150
f 1294/389/1151 1286/381/1143 1285/380/1142
f 1286/381/1143 1294/389/1151 1296/391/1153
f 1293/388/1150 1307/402/1164 1304/399/1161
f 1307/402/1164 1293/388/1150 1291/386/1148
f 1296/391/1153 1284/379/1141 1286/381/1143
f 1284/379/1141 1296/391/1153 1313/408/1170
f 1291/386/1148 1309/404/1166 1307/402/1164
f 1309/404/1166 1291/386/1148 1289/384/1146
f 1313/408/1170 1310/405/1167 1284/379/1141
f 1289/384/1146 1310/405/1167 1309/404/1166
f 1310/405/1167 1289/384/1146 1287/382/1144
f 1287/382/1144 1284/379/1141 1310/405/1167
f 1370/465/1227 1355/450/1212 1357/452/1214
f 1357/452/1214 1360/455/1217 1370/465/1227
f 1355/450/1212 1370/465/1227 1373/468/1230
f 1350/445/1207 1370/465/1227 1360/455/1217
f 1373/468/1230 1354/449/1211 1355/450/1212
f 1354/449/1211 1373/468/1230 1375/470/1232
f 1360/455/1217 1348/443/1205 1350/445/1207
f 1348/443/1205 1360/455/1217 1359/454/1216
f 1375/470/1232 1352/447/1209 1354/449/1211
f 1352/447/1209 1375/470/1232 1378/473/1235
f 1359/454/1216 1367/462/1224 1348/443/1205
f 1367/462/1224 1359/454/1216 1358/453/1215
f 1378/473/1235 1353/448/1210 1352/447/1209
f 1353/448/1210 1378/473/1235 1362/457/1219
f 1358/453/1215 1365/460/1222 1367/462/1224
f 1365/460/1222 1358/453/1215 1356/451/1213
f 1362/457/1219 1364/459/1221 1353/448/1210
f 1356/451/1213 1364/459/1221 1365/460/1222
f 1353/448/1210 1364/459/1221 1351/446/1208
f 1364/459/1221 1356/451/1213 1351/446/1208
f 1272/367/1129 1400/495/1133 1275/370/1132
f 1400/495/1133 1272/367/1129 1398/493/1130
f 1412/507/1169 1296/391/1153 1413/508/1259
f 1304/399/1161 1415/510/1159 1303/398/1160
f 1415/510/1159 1304/399/1161 1418/513/1263
f 1315/410/1172 1314/409/1171 1434/529/1188
f 1317/412/1174 1341/436/1198 1318/413/1175
f 1362/457/1219 1496/540/1234 1498/542/1307
f 1496/540/1234 1362/457/1219 1378/473/1235
f 1220/315/1081 1237/332/1098 1221/316/1082
f 1296/391/1153 1412/507/1169 1313/408/1170
f 1265/360/1122 1395/490/1139 1396/491/1123
f 1395/490/1139 1265/360/1122 1283/378/1140
f 1349/444/1206 1348/443/1205 1500/544/1226