# This file uses centimeters as units for non-parametric coordinates.

mtllib Sandbags_2.mtl
g default
v -2.056866 0.096923 0.217231
v -0.854143 0.096923 0.561665
v -2.056866 0.212633 0.217231
v -0.854143 0.212633 0.561665
v -1.833807 0.212633 -0.561665
v -0.631084 0.212633 -0.217231
v -1.833807 0.096923 -0.561665
v -0.631084 0.096923 -0.217231
v -1.825425 0.354204 0.136248
v -1.680318 0.354204 -0.370447
v -1.007632 0.354204 0.370447
v -0.862525 0.354204 -0.136248
v -1.825425 -0.044648 0.136248
v -1.680318 -0.044648 -0.370447
v -1.007632 -0.044648 0.370447
v -0.862525 -0.044648 -0.136248
v -3.240554 0.096923 0.405103
v -1.989483 0.096923 0.405103
v -3.240554 0.212633 0.405103
v -1.989483 0.212633 0.405103
v -3.240554 0.212633 -0.405103
v -1.989483 0.212633 -0.405103
v -3.240554 0.096923 -0.405103
v -1.989483 0.096923 -0.405103
v -3.040351 0.354204 0.263532
v -3.040351 0.354204 -0.263532
v -2.189685 0.354204 0.263532
v -2.189685 0.354204 -0.263532
v -3.040351 -0.044648 0.263532
v -3.040351 -0.044648 -0.263532
v -2.189685 -0.044648 0.263532
v -2.189685 -0.044648 -0.263532
v -4.274059 0.096923 0.636287
v -3.146732 0.096923 0.093782
v -4.274059 0.212633 0.636287
v -3.146732 0.212633 0.093782
v -4.625391 0.212633 -0.093782
v -3.498064 0.212633 -0.636287
v -4.625391 0.096923 -0.093782
v -3.498064 0.096923 -0.636287
v -4.155049 0.354204 0.421904
v -4.383601 0.354204 -0.053027
v -3.388522 0.354204 0.053027
v -3.617074 0.354204 -0.421904
v -4.155049 -0.044648 0.421904
v -4.383601 -0.044648 -0.053027
v -3.388522 -0.044648 0.053027
v -3.617074 -0.044648 -0.421904
v -0.686227 0.096923 0.436942
v 0.563166 0.096923 0.372178
v -0.686227 0.212633 0.436942
v 0.563166 0.212633 0.372178
v -0.728169 0.212633 -0.372178
v 0.521224 0.212633 -0.436942
v -0.728169 0.096923 -0.372178
v 0.521224 0.096923 -0.436942
v -0.493622 0.354204 0.285197
v -0.520907 0.354204 -0.241160
v 0.355904 0.354204 0.241160
v 0.328619 0.354204 -0.285197
v -0.493622 -0.044648 0.285197
v -0.520907 -0.044648 -0.241160
v 0.355904 -0.044648 0.241160
v 0.328619 -0.044648 -0.285197
v -2.621333 0.436420 0.405103
v -1.370263 0.436420 0.405103
v -2.621333 0.552130 0.405103
v -1.370263 0.552130 0.405103
v -2.621333 0.552130 -0.405103
v -1.370263 0.552130 -0.405103
v -2.621333 0.436420 -0.405103
v -1.370263 0.436420 -0.405103
v -2.421131 0.693701 0.263532
v -2.421131 0.693701 -0.263532
v -1.570465 0.693701 0.263532
v -1.570465 0.693701 -0.263532
v -2.421131 0.294849 0.263532
v -2.421131 0.294849 -0.263532
v -1.570465 0.294849 0.263532
v -1.570465 0.294849 -0.263532
v -3.892377 0.436420 0.405103
v -2.641306 0.436420 0.405103
v -3.892377 0.552130 0.405103
v -2.641306 0.552130 0.405103
v -3.892377 0.552130 -0.405103
v -2.641306 0.552130 -0.405103
v -3.892377 0.436420 -0.405103
v -2.641306 0.436420 -0.405103
v -3.692175 0.693701 0.263532
v -3.692175 0.693701 -0.263532
v -2.841508 0.693701 0.263532
v -2.841508 0.693701 -0.263532
v -3.692175 0.294849 0.263532
v -3.692175 0.294849 -0.263532
v -2.841508 0.294849 0.263532
v -2.841508 0.294849 -0.263532
v -1.350290 0.436420 0.405103
v -0.099219 0.436420 0.405103
v -1.350290 0.552130 0.405103
v -0.099219 0.552130 0.405103
v -1.350290 0.552130 -0.405103
v -0.099219 0.552130 -0.405103
v -1.350290 0.436420 -0.405103
v -0.099219 0.436420 -0.405103
v -1.150088 0.693701 0.263532
v -1.150088 0.693701 -0.263532
v -0.299422 0.693701 0.263532
v -0.299422 0.693701 -0.263532
v -1.150088 0.294849 0.263532
v -1.150088 0.294849 -0.263532
v -0.299422 0.294849 0.263532
v -0.299422 0.294849 -0.263532
v -2.056297 0.803964 0.223350
v -0.851053 0.730986 0.550825
v -2.051066 0.919374 0.229820
v -0.845822 0.846396 0.557294
v -1.836897 0.953429 -0.550825
v -0.631653 0.880451 -0.223350
v -1.842127 0.838018 -0.557294
v -0.636884 0.765040 -0.229820
v -1.814376 1.054851 0.153734
v -1.675052 1.077005 -0.354099
v -0.994869 1.005230 0.376400
v -0.855546 1.027383 -0.131433
v -1.832404 0.657031 0.131433
v -1.693081 0.679185 -0.376400
v -1.012898 0.607410 0.354099
v -0.873574 0.629563 -0.153733
v -3.240554 0.784352 0.405103
v -1.989483 0.784352 0.405103
v -3.240554 0.900062 0.405103
v -1.989483 0.900062 0.405103
v -3.240554 0.900062 -0.405103
v -1.989483 0.900062 -0.405103
v -3.240554 0.784352 -0.405103
v -1.989483 0.784352 -0.405103
v -3.040351 1.041633 0.263532
v -3.040351 1.041633 -0.263532
v -2.189685 1.041633 0.263532
v -2.189685 1.041633 -0.263532
v -3.040351 0.642781 0.263532
v -3.040351 0.642781 -0.263532
v -2.189685 0.642781 0.263532
v -2.189685 0.642781 -0.263532
v -4.511597 0.784352 0.405103
v -3.260527 0.784352 0.405103
v -4.511597 0.900062 0.405103
v -3.260527 0.900062 0.405103
v -4.511597 0.900062 -0.405103
v -3.260527 0.900062 -0.405103
v -4.511597 0.784352 -0.405103
v -3.260527 0.784352 -0.405103
v -4.311395 1.041633 0.263532
v -4.311395 1.041633 -0.263532
v -3.460729 1.041633 0.263532
v -3.460729 1.041633 -0.263532
v -4.311395 0.642781 0.263532
v -4.311395 0.642781 -0.263532
v -3.460729 0.642781 0.263532
v -3.460729 0.642781 -0.263532
v -0.742381 0.784352 0.346355
v 0.503474 0.784352 0.460474
v -0.742381 0.900062 0.346355
v 0.503474 0.900062 0.460474
v -0.668477 0.900062 -0.460474
v 0.577378 0.900062 -0.346355
v -0.668477 0.784352 -0.460474
v 0.577378 0.784352 -0.346355
v -0.530100 1.041633 0.223636
v -0.482023 1.041633 -0.301231
v 0.317020 1.041633 0.301231
v 0.365097 1.041633 -0.223636
v -0.530100 0.642781 0.223636
v -0.482023 0.642781 -0.301231
v 0.317020 0.642781 0.301231
v 0.365097 0.642781 -0.223636
v -2.621333 1.149225 0.405103
v -1.370263 1.149225 0.405103
v -2.621333 1.264935 0.405103
v -1.370263 1.264935 0.405103
v -2.621333 1.264935 -0.405103
v -1.370263 1.264935 -0.405103
v -2.621333 1.149225 -0.405103
v -1.370263 1.149225 -0.405103
v -2.421131 1.406506 0.263532
v -2.421131 1.406506 -0.263532
v -1.570465 1.406506 0.263532
v -1.570465 1.406506 -0.263532
v -2.421131 1.007653 0.263532
v -2.421131 1.007653 -0.263532
v -1.570465 1.007653 0.263532
v -1.570465 1.007653 -0.263532
v -3.973092 1.149225 0.237937
v -2.760831 1.149225 0.547135
v -3.973092 1.264935 0.237937
v -2.760831 1.264935 0.547135
v -3.772852 1.264935 -0.547135
v -2.560592 1.264935 -0.237937
v -3.772852 1.149225 -0.547135
v -2.560592 1.149225 -0.237937
v -3.744111 1.406506 0.150237
v -3.613849 1.406506 -0.360476
v -2.919834 1.406506 0.360476
v -2.789572 1.406506 -0.150237
v -3.744111 1.007653 0.150237
v -3.613849 1.007653 -0.360476
v -2.919834 1.007653 0.360476
v -2.789572 1.007653 -0.150237
v -1.350290 1.149225 0.405103
v -0.099219 1.149225 0.405103
v -1.350290 1.264935 0.405103
v -0.099219 1.264935 0.405103
v -1.350290 1.264935 -0.405103
v -0.099219 1.264935 -0.405103
v -1.350290 1.149225 -0.405103
v -0.099219 1.149225 -0.405103
v -1.150088 1.406506 0.263532
v -1.150088 1.406506 -0.263532
v -0.299422 1.406506 0.263532
v -0.299422 1.406506 -0.263532
v -1.150088 1.007653 0.263532
v -1.150088 1.007653 -0.263532
v -0.299422 1.007653 0.263532
v -0.299422 1.007653 -0.263532
v -1.969510 1.497157 0.405103
v -0.718440 1.497157 0.405103
v -1.969510 1.612867 0.405103
v -0.718440 1.612867 0.405103
v -1.969510 1.612867 -0.405103
v -0.718440 1.612867 -0.405103
v -1.969510 1.497157 -0.405103
v -0.718440 1.497157 -0.405103
v -1.769308 1.754438 0.263532
v -1.769308 1.754438 -0.263532
v -0.918642 1.754438 0.263532
v -0.918642 1.754438 -0.263532
v -1.769308 1.355585 0.263532
v -1.769308 1.355585 -0.263532
v -0.918642 1.355585 0.263532
v -0.918642 1.355585 -0.263532
v -3.178850 1.497157 0.487336
v -1.939684 1.497157 0.315161
v -3.178850 1.612867 0.487336
v -1.939684 1.612867 0.315161
v -3.290353 1.612867 -0.315161
v -2.051186 1.612867 -0.487336
v -3.290353 1.497157 -0.315161
v -2.051186 1.497157 -0.487336
v -3.000037 1.754438 0.319560
v -3.072572 1.754438 -0.202489
v -2.157464 1.754438 0.202489
v -2.230000 1.754438 -0.319560
v -3.000037 1.355585 0.319560
v -3.072572 1.355585 -0.202489
v -2.157464 1.355585 0.202489
v -2.230000 1.355585 -0.319560
v -4.625252 1.497157 0.094868
v -3.497130 1.497157 0.635716
v -4.625252 1.612867 0.094868
v -3.497130 1.612867 0.635716
v -4.274994 1.612867 -0.635716
v -3.146871 1.612867 -0.094868
v -4.274994 1.497157 -0.635716
v -3.146871 1.497157 -0.094868
v -4.383523 1.754438 0.053759
v -4.155669 1.754438 -0.421508
v -3.616454 1.754438 0.421508
v -3.388601 1.754438 -0.053759
v -4.383523 1.355585 0.053759
v -4.155669 1.355585 -0.421508
v -3.616454 1.355585 0.421508
v -3.388601 1.355585 -0.053759
v -0.708037 1.497157 0.405103
v 0.543034 1.497157 0.405103
v -0.708037 1.612867 0.405103
v 0.543034 1.612867 0.405103
v -0.708037 1.612867 -0.405103
v 0.543034 1.612867 -0.405103
v -0.708037 1.497157 -0.405103
v 0.543034 1.497157 -0.405103
v -0.507835 1.754438 0.263532
v -0.507835 1.754438 -0.263532
v 0.342832 1.754438 0.263532
v 0.342832 1.754438 -0.263532
v -0.507835 1.355585 0.263532
v -0.507835 1.355585 -0.263532
v 0.342832 1.355585 0.263532
v 0.342832 1.355585 -0.263532
v -3.944175 1.901240 0.447808
v -2.695038 1.901240 0.517339
v -3.944175 2.016950 0.447808
v -2.695038 2.016950 0.517339
v -3.899146 2.016950 -0.361146
v -2.650009 2.016950 -0.291615
v -3.899146 1.901240 -0.361146
v -2.650009 1.901240 -0.291615
v -3.736414 2.158521 0.317582
v -3.707121 2.158521 -0.208667
v -2.887063 2.158521 0.364860
v -2.857770 2.158521 -0.161389
v -3.736414 1.759669 0.317582
v -3.707121 1.759669 -0.208667
v -2.887063 1.759669 0.364860
v -2.857770 1.759669 -0.161389
v -1.822682 1.901240 0.578301
v -1.957331 1.901240 -0.665502
v -1.822682 2.016950 0.578301
v -1.957331 2.016950 -0.665502
v -2.628182 2.016950 0.665502
v -2.762831 2.016950 -0.578301
v -2.628182 1.901240 0.665502
v -2.762831 1.901240 -0.578301
v -1.984978 2.158521 0.394499
v -2.508980 2.158521 0.451226
v -2.076533 2.158521 -0.451226
v -2.600535 2.158521 -0.394499
v -1.984978 1.759669 0.394499
v -2.508980 1.759669 0.451226
v -2.076533 1.759669 -0.451226
v -2.600535 1.759669 -0.394499
v -2.837669 2.178464 0.737950
v -2.094326 2.178464 -0.268339
v -2.837669 2.294174 0.737950
v -2.094326 2.294174 -0.268339
v -3.489353 2.294174 0.256554
v -2.746009 2.294174 -0.749736
v -3.489353 2.178464 0.256554
v -2.746009 2.178464 -0.749736
v -2.832588 2.435745 0.492802
v -3.256528 2.435745 0.179639
v -2.327151 2.435745 -0.191425
v -2.751091 2.435745 -0.504588
v -2.832588 2.036893 0.492802
v -3.256528 2.036893 0.179639
v -2.327151 2.036893 -0.191425
v -2.751091 2.036893 -0.504588
v 1.775867 0.096923 0.405103
v 3.026937 0.096923 0.405103
v 1.775867 0.212633 0.405103
v 3.026937 0.212633 0.405103
v 1.775867 0.212633 -0.405103
v 3.026937 0.212633 -0.405103
v 1.775867 0.096923 -0.405103
v 3.026937 0.096923 -0.405103
v 1.976069 0.354204 0.263532
v 1.976069 0.354204 -0.263532
v 2.826735 0.354204 0.263532
v 2.826735 0.354204 -0.263532
v 1.976069 -0.044648 0.263532
v 1.976069 -0.044648 -0.263532
v 2.826735 -0.044648 0.263532
v 2.826735 -0.044648 -0.263532
v 0.510158 0.115740 0.415424
v 1.759508 0.054840 0.391067
v 0.515852 0.231264 0.418667
v 1.765203 0.170364 0.394310
v 0.501209 0.254717 -0.391067
v 1.750559 0.193817 -0.415424
v 0.495515 0.139193 -0.394310
v 1.744865 0.078293 -0.418667
v 0.720188 0.366960 0.277249
v 0.710662 0.382217 -0.249508
v 1.569684 0.325551 0.260687
v 1.560158 0.340808 -0.266070
v 0.700559 -0.031252 0.266070
v 0.691033 -0.015995 -0.260687
v 1.550055 -0.072661 0.249508
v 1.540529 -0.057404 -0.277249
v 2.966591 0.082702 0.262190
v 4.190471 0.056015 0.520230
v 2.967367 0.198114 0.270445
v 4.191247 0.171427 0.528486
v 3.135281 0.253541 -0.520230
v 4.359160 0.226854 -0.262190
v 3.134504 0.138129 -0.528486
v 4.358384 0.111442 -0.270445
v 3.193508 0.344736 0.183680
v 3.302740 0.380793 -0.330678
v 4.025686 0.326590 0.359134
v 4.134919 0.362647 -0.155224
v 3.190833 -0.053091 0.155224
v 3.300065 -0.017034 -0.359134
v 4.023011 -0.071237 0.330678
v 4.132244 -0.035180 -0.183680
v 1.056749 0.436420 0.274572
v 2.283530 0.436420 0.519904
v 1.056749 0.552130 0.274572
v 2.283530 0.552130 0.519904
v 1.215628 0.552130 -0.519904
v 2.442408 0.552130 -0.274572
v 1.215628 0.436420 -0.519904
v 2.442408 0.436420 -0.274572
v 1.280826 0.693701 0.175009
v 1.384181 0.693701 -0.341822
v 2.114976 0.693701 0.341822
v 2.218332 0.693701 -0.175009
v 1.280826 0.294849 0.175009
v 1.384181 0.294849 -0.341822
v 2.114976 0.294849 0.341822
v 2.218332 0.294849 -0.175009
v -0.147000 0.436420 0.405103
v 1.104071 0.436420 0.405103
v -0.147000 0.552130 0.405103
v 1.104071 0.552130 0.405103
v -0.147000 0.552130 -0.405103
v 1.104071 0.552130 -0.405103
v -0.147000 0.436420 -0.405103
v 1.104071 0.436420 -0.405103
v 0.053202 0.693701 0.263532
v 0.053202 0.693701 -0.263532
v 0.903869 0.693701 0.263532
v 0.903869 0.693701 -0.263532
v 0.053202 0.294849 0.263532
v 0.053202 0.294849 -0.263532
v 0.903869 0.294849 0.263532
v 0.903869 0.294849 -0.263532
v 2.395087 0.436420 0.405103
v 3.646158 0.436420 0.405103
v 2.395087 0.552130 0.405103
v 3.646158 0.552130 0.405103
v 2.395087 0.552130 -0.405103
v 3.646158 0.552130 -0.405103
v 2.395087 0.436420 -0.405103
v 3.646158 0.436420 -0.405103
v 2.595289 0.693701 0.263532
v 2.595289 0.693701 -0.263532
v 3.445955 0.693701 0.263532
v 3.445955 0.693701 -0.263532
v 2.595289 0.294849 0.263532
v 2.595289 0.294849 -0.263532
v 3.445955 0.294849 0.263532
v 3.445955 0.294849 -0.263532
v 1.775867 0.784352 0.405103
v 3.026937 0.784352 0.405103
v 1.775867 0.900062 0.405103
v 3.026937 0.900062 0.405103
v 1.775867 0.900062 -0.405103
v 3.026937 0.900062 -0.405103
v 1.775867 0.784352 -0.405103
v 3.026937 0.784352 -0.405103
v 1.976069 1.041633 0.263532
v 1.976069 1.041633 -0.263532
v 2.826735 1.041633 0.263532
v 2.826735 1.041633 -0.263532
v 1.976069 0.642781 0.263532
v 1.976069 0.642781 -0.263532
v 2.826735 0.642781 0.263532
v 2.826735 0.642781 -0.263532
v 0.562670 0.784352 0.482838
v 1.803166 0.784352 0.320520
v 0.562670 0.900062 0.482838
v 1.803166 0.900062 0.320520
v 0.457551 0.900062 -0.320520
v 1.698047 0.900062 -0.482838
v 0.457551 0.784352 -0.320520
v 1.698047 0.784352 -0.482838
v 0.742812 1.041633 0.316489
v 0.674429 1.041633 -0.206120
v 1.586288 1.041633 0.206120
v 1.517905 1.041633 -0.316489
v 0.742812 0.642781 0.316489
v 0.674429 0.642781 -0.206120
v 1.586288 0.642781 0.206120
v 1.517905 0.642781 -0.316489
v 3.037340 0.784352 0.405103
v 4.288411 0.784353 0.405103
v 3.037340 0.900062 0.405103
v 4.288411 0.900062 0.405103
v 3.037340 0.900062 -0.405103
v 4.288411 0.900062 -0.405103
v 3.037340 0.784352 -0.405103
v 4.288411 0.784353 -0.405103
v 3.237543 1.041633 0.263532
v 3.237543 1.041633 -0.263532
v 4.088209 1.041634 0.263532
v 4.088209 1.041634 -0.263532
v 3.237543 0.642781 0.263532
v 3.237543 0.642781 -0.263532
v 4.088209 0.642781 0.263532
v 4.088209 0.642781 -0.263532
v 1.182032 1.149225 0.483005
v 2.422481 1.149225 0.320322
v 1.182032 1.264935 0.483005
v 2.422481 1.264935 0.320322
v 1.076677 1.264935 -0.320322
v 2.317125 1.264935 -0.483005
v 1.076677 1.149225 -0.320322
v 2.317125 1.149225 -0.483005
v 1.362125 1.406506 0.316603
v 1.293588 1.406506 -0.205986
v 2.205569 1.406506 0.205986
v 2.137032 1.406506 -0.316603
v 1.362125 1.007653 0.316603
v 1.293588 1.007653 -0.205986
v 2.205569 1.007653 0.205986
v 2.137032 1.007653 -0.316603
v -0.147000 1.149225 0.405103
v 1.104071 1.149225 0.405103
v -0.147000 1.264935 0.405103
v 1.104071 1.264935 0.405103
v -0.147000 1.264935 -0.405103
v 1.104071 1.264935 -0.405103
v -0.147000 1.149225 -0.405103
v 1.104071 1.149225 -0.405103
v 0.053202 1.406506 0.263532
v 0.053202 1.406506 -0.263532
v 0.903869 1.406506 0.263532
v 0.903869 1.406506 -0.263532
v 0.053202 1.007653 0.263532
v 0.053202 1.007653 -0.263532
v 0.903869 1.007653 0.263532
v 0.903869 1.007653 -0.263532
v 2.509027 1.149225 0.541916
v 3.724395 1.149225 0.245169
v 2.509027 1.264935 0.541916
v 3.724395 1.264935 0.245169
v 2.316850 1.264935 -0.245169
v 3.532218 1.264935 -0.541916
v 2.316850 1.149225 -0.245169
v 3.532218 1.149225 -0.541916
v 2.669936 1.406506 0.356898
v 2.544919 1.406506 -0.155124
v 3.496326 1.406506 0.155124
v 3.371309 1.406506 -0.356898
v 2.669936 1.007653 0.356898
v 2.544919 1.007653 -0.155124
v 3.496326 1.007653 0.155124
v 3.371309 1.007653 -0.356898
v 1.775867 1.497157 0.405103
v 3.026937 1.497157 0.405103
v 1.775867 1.612867 0.405103
v 3.026937 1.612867 0.405103
v 1.775867 1.612867 -0.405103
v 3.026937 1.612867 -0.405103
v 1.775867 1.497157 -0.405103
v 3.026937 1.497157 -0.405103
v 1.976069 1.754438 0.263532
v 1.976069 1.754438 -0.263532
v 2.826735 1.754438 0.263532
v 2.826735 1.754438 -0.263532
v 1.976069 1.355585 0.263532
v 1.976069 1.355585 -0.263532
v 2.826735 1.355585 0.263532
v 2.826735 1.355585 -0.263532
v 0.442321 1.497157 0.286370
v 1.673114 1.497157 0.510705
v 0.442321 1.612867 0.286370
v 1.673114 1.612867 0.510705
v 0.587603 1.612867 -0.510705
v 1.818396 1.612867 -0.286370
v 0.587603 1.497157 -0.510705
v 1.818396 1.497157 -0.286370
v 0.664664 1.754438 0.182992
v 0.759174 1.754438 -0.335529
v 1.501543 1.754438 0.335529
v 1.596053 1.754438 -0.182992
v 0.664664 1.355585 0.182992
v 0.759174 1.355585 -0.335529
v 1.501543 1.355585 0.335529
v 1.596053 1.355585 -0.182992
v 3.295130 1.497157 0.648202
v 4.404794 1.497157 0.070428
v 3.295130 1.612867 0.648202
v 4.404794 1.612866 0.070428
v 2.920957 1.612867 -0.070428
v 4.030621 1.612866 -0.648202
v 2.920957 1.497157 -0.070428
v 4.030621 1.497157 -0.648202
v 3.407322 1.754438 0.430174
v 3.163912 1.754438 -0.037316
v 4.161839 1.754438 0.037316
v 3.918429 1.754438 -0.430174
v 3.407322 1.355585 0.430174
v 3.163912 1.355585 -0.037316
v 4.161839 1.355585 0.037316
v 3.918429 1.355585 -0.430174
v -0.943247 1.901240 -0.436069
v -0.652280 1.901240 0.780695
v -0.943247 2.016950 -0.436069
v -0.652280 2.016950 0.780695
v -0.155258 2.016950 -0.624503
v 0.135709 2.016950 0.592262
v -0.155258 1.901240 -0.624503
v 0.135709 1.901240 0.592262
v -0.758996 2.158521 -0.274283
v -0.246386 2.158521 -0.396865
v -0.561153 2.158521 0.553057
v -0.048542 2.158521 0.430475
v -0.758996 1.759669 -0.274283
v -0.246386 1.759669 -0.396865
v -0.561153 1.759669 0.553057
v -0.048542 1.759669 0.430475
v 0.403260 1.901240 0.740856
v 1.193215 1.901240 -0.229273
v 0.403260 2.016950 0.740856
v 1.193215 2.016950 -0.229273
v -0.225005 2.016950 0.229273
v 0.564950 2.016950 -0.740856
v -0.225005 1.901240 0.229273
v 0.564950 1.901240 -0.740856
v 0.419893 2.158521 0.496220
v 0.011187 2.158521 0.163420
v 0.957023 2.158521 -0.163420
v 0.548317 2.158521 -0.496220
v 0.419893 1.759669 0.496220
v 0.011187 1.759669 0.163420
v 0.957023 1.759669 -0.163420
v 0.548317 1.759669 -0.496220
v -0.624349 2.178464 0.163134
v 0.552623 2.178464 0.587299
v -0.624349 2.294174 0.163134
v 0.552623 2.294174 0.587299
v -0.349655 2.294174 -0.599085
v 0.827316 2.294174 -0.174920
v -0.349655 2.178464 -0.599085
v 0.827316 2.178464 -0.174920
v -0.388006 2.435745 0.097825
v -0.209309 2.435745 -0.398022
v 0.412277 2.435745 0.386236
v 0.590973 2.435745 -0.109610
v -0.388006 2.036893 0.097825
v -0.209309 2.036893 -0.398022
v 0.412277 2.036893 0.386236
v 0.590973 2.036893 -0.109610
v 2.967075 1.901240 0.637692
v 2.784188 1.901240 -0.599939
v 2.967075 2.016950 0.637692
v 2.784188 2.016950 -0.599939
v 2.165572 2.016950 0.756131
v 1.982685 2.016950 -0.481500
v 2.165572 1.901240 0.756131
v 1.982685 1.901240 -0.481500
v 2.797758 2.158521 0.460336
v 2.276356 2.158521 0.537384
v 2.673404 2.158521 -0.381192
v 2.152002 2.158521 -0.304144
v 2.797758 1.759669 0.460336
v 2.276356 1.759669 0.537384
v 2.673404 1.759669 -0.381192
v 2.152002 1.759669 -0.304144
v 2.873566 1.901240 -0.641525
v 2.822582 1.901240 0.608507
v 2.873566 2.016950 -0.641525
v 2.822582 2.016950 0.608507
v 3.683099 2.016950 -0.608507
v 3.632115 2.016950 0.641525
v 3.683099 1.901240 -0.608507
v 3.632115 1.901240 0.641525
v 3.006861 2.158521 -0.435719
v 3.533487 2.158521 -0.414240
v 2.972195 2.158521 0.414240
v 3.498820 2.158521 0.435719
v 3.006861 1.759669 -0.435719
v 3.533487 1.759669 -0.414240
v 2.972195 1.759669 0.414240
v 3.498820 1.759669 0.435719
v 2.909212 2.178464 -0.734753
v 2.025076 2.178464 0.150392
v 2.909212 2.294174 -0.734753
v 2.025076 2.294174 0.150392
v 3.482441 2.294174 -0.162177
v 2.598305 2.294174 0.722967
v 3.482441 2.178464 -0.162177
v 2.598305 2.178464 0.722967
v 2.867891 2.435745 -0.493059
v 3.240794 2.435745 -0.120581
v 2.266722 2.435745 0.108796
v 2.639625 2.435745 0.481273
v 2.867891 2.036893 -0.493059
v 3.240794 2.036893 -0.120581
v 2.266722 2.036893 0.108796
v 2.639625 2.036893 0.481273
v 3.607393 0.446814 -0.618004
v 3.630328 0.446814 0.632857
v 3.607393 0.562524 -0.618004
v 3.630328 0.562524 0.632857
v 4.417464 0.562524 -0.632857
v 4.440399 0.562524 0.618004
v 4.417464 0.446814 -0.632857
v 4.440399 0.446814 0.618004
v 3.752611 0.704095 -0.420431
v 4.279586 0.704095 -0.430093
v 3.768206 0.704095 0.430093
v 4.295181 0.704095 0.420431
v 3.752611 0.305242 -0.420431
v 4.279586 0.305242 -0.430093
v 3.768206 0.305242 0.430093
v 4.295181 0.305242 0.420431
v 3.607393 1.132540 -0.618004
v 3.630328 1.132540 0.632857
v 3.607393 1.248249 -0.618004
v 3.630328 1.248249 0.632857
v 4.417464 1.248249 -0.632857
v 4.440399 1.248249 0.618004
v 4.417464 1.132540 -0.632857
v 4.440399 1.132540 0.618004
v 3.752611 1.389821 -0.420431
v 4.279586 1.389821 -0.430093
v 3.768206 1.389821 0.430093
v 4.295181 1.389821 0.420431
v 3.752611 0.990968 -0.420431
v 4.279586 0.990968 -0.430093
v 3.768206 0.990968 0.430093
v 4.295181 0.990968 0.420431
v -4.716685 0.446814 -0.618004
v -4.693750 0.446814 0.632857
v -4.716685 0.562524 -0.618004
v -4.693750 0.562524 0.632857
v -3.906615 0.562524 -0.632857
v -3.883680 0.562524 0.618004
v -3.906615 0.446814 -0.632857
v -3.883680 0.446814 0.618004
v -4.571467 0.704095 -0.420431
v -4.044492 0.704095 -0.430093
v -4.555873 0.704095 0.430093
v -4.028898 0.704095 0.420431
v -4.571467 0.305242 -0.420431
v -4.044492 0.305242 -0.430093
v -4.555873 0.305242 0.430093
v -4.028898 0.305242 0.420431
v -4.716685 1.132540 -0.618004
v -4.693750 1.132540 0.632857
v -4.716685 1.248249 -0.618004
v -4.693750 1.248249 0.632857
v -3.906615 1.248249 -0.632857
v -3.883680 1.248249 0.618004
v -3.906615 1.132540 -0.632857
v -3.883680 1.132540 0.618004
v -4.571467 1.389821 -0.420431
v -4.044492 1.389821 -0.430093
v -4.555873 1.389821 0.430093
v -4.028898 1.389821 0.420431
v -4.571467 0.990968 -0.420431
v -4.044492 0.990968 -0.430093
v -4.555873 0.990968 0.430093
v -4.028898 0.990968 0.420431
vt 0.230317 0.988806
vt 0.230317 0.009433
vt 0.320898 0.009433
vt 0.320899 0.988806
vt 0.878537 0.830981
vt 0.468684 0.830981
vt 0.468685 0.169491
vt 0.878537 0.169491
vt 0.231472 0.987280
vt 0.231472 0.007907
vt 0.322053 0.007907
vt 0.322053 0.987280
vt 0.879005 0.831566
vt 0.469152 0.831566
vt 0.469153 0.170076
vt 0.879005 0.170076
vt 0.123939 0.983273
vt 0.123939 0.354992
vt 0.213666 0.354992
vt 0.213666 0.983273
vt 0.212038 0.352453
vt 0.212038 0.980734
vt 0.122310 0.980734
vt 0.122309 0.352453
vt 0.989093 0.987246
vt 0.989092 0.014396
vt 0.988624 0.986661
vt 0.988624 0.013811
vt 0.358597 0.986662
vt 0.358597 0.013811
vt 0.468685 0.169491
vt 0.469160 0.831565
vt 0.359074 0.987246
vt 0.359064 0.014396
vt 0.358597 0.013811
vt 0.359065 0.987246
vt 0.230317 0.988806
vt 0.230317 0.009433
vt 0.320898 0.009433
vt 0.320899 0.988806
vt 0.878537 0.830981
vt 0.468684 0.830981
vt 0.468685 0.169491
vt 0.878537 0.169491
vt 0.231472 0.987280
vt 0.231472 0.007907
vt 0.322053 0.007907
vt 0.322053 0.987280
vt 0.879005 0.831566
vt 0.469152 0.831566
vt 0.469153 0.170076
vt 0.879005 0.170076
vt 0.123939 0.983273
vt 0.123939 0.354992
vt 0.213666 0.354992
vt 0.213666 0.983273
vt 0.212038 0.352453
vt 0.212038 0.980734
vt 0.122310 0.980734
vt 0.122309 0.352453
vt 0.989093 0.987246
vt 0.989092 0.014396
vt 0.988624 0.986661
vt 0.988624 0.013811
vt 0.358597 0.986662
vt 0.358597 0.013811
vt 0.468685 0.169491
vt 0.469160 0.831565
vt 0.359074 0.987246
vt 0.359064 0.014396
vt 0.358597 0.013811
vt 0.359065 0.987246
vt 0.230317 0.988806
vt 0.230317 0.009433
vt 0.320898 0.009433
vt 0.320899 0.988806
vt 0.878537 0.830981
vt 0.468684 0.830981
vt 0.468685 0.169491
vt 0.878537 0.169491
vt 0.231472 0.987280
vt 0.231472 0.007907
vt 0.322053 0.007907
vt 0.322053 0.987280
vt 0.879005 0.831566
vt 0.469152 0.831566
vt 0.469153 0.170076
vt 0.879005 0.170076
vt 0.123939 0.983273
vt 0.123939 0.354992
vt 0.213666 0.354992
vt 0.213666 0.983273
vt 0.212038 0.352453
vt 0.212038 0.980734
vt 0.122310 0.980734
vt 0.122309 0.352453
vt 0.989093 0.987246
vt 0.989092 0.014396
vt 0.988624 0.986661
vt 0.988624 0.013811
vt 0.358597 0.986662
vt 0.358597 0.013811
vt 0.468685 0.169491
vt 0.469160 0.831565
vt 0.359074 0.987246
vt 0.359064 0.014396
vt 0.358597 0.013811
vt 0.359065 0.987246
vt 0.230317 0.988806
vt 0.230317 0.009433
vt 0.320898 0.009433
vt 0.320899 0.988806
vt 0.878537 0.830981
vt 0.468684 0.830981
vt 0.468685 0.169491
vt 0.878537 0.169491
vt 0.231472 0.987280
vt 0.231472 0.007907
vt 0.322053 0.007907
vt 0.322053 0.987280
vt 0.879005 0.831566
vt 0.469152 0.831566
vt 0.469153 0.170076
vt 0.879005 0.170076
vt 0.123939 0.983273
vt 0.123939 0.354992
vt 0.213666 0.354992
vt 0.213666 0.983273
vt 0.212038 0.352453
vt 0.212038 0.980734
vt 0.122310 0.980734
vt 0.122309 0.352453
vt 0.989093 0.987246
vt 0.989092 0.014396
vt 0.988624 0.986661
vt 0.988624 0.013811
vt 0.358597 0.986662
vt 0.358597 0.013811
vt 0.468685 0.169491
vt 0.469160 0.831565
vt 0.359074 0.987246
vt 0.359064 0.014396
vt 0.358597 0.013811
vt 0.359065 0.987246
vt 0.230317 0.988806
vt 0.230317 0.009433
vt 0.320898 0.009433
vt 0.320899 0.988806
vt 0.878537 0.830981
vt 0.468684 0.830981
vt 0.468685 0.169491
vt 0.878537 0.169491
vt 0.231472 0.987280
vt 0.231472 0.007907
vt 0.322053 0.007907
vt 0.322053 0.987280
vt 0.879005 0.831566
vt 0.469152 0.831566
vt 0.469153 0.170076
vt 0.879005 0.170076
vt 0.123939 0.983273
vt 0.123939 0.354992
vt 0.213666 0.354992
vt 0.213666 0.983273
vt 0.212038 0.352453
vt 0.212038 0.980734
vt 0.122310 0.980734
vt 0.122309 0.352453
vt 0.989093 0.987246
vt 0.989092 0.014396
vt 0.988624 0.986661
vt 0.988624 0.013811
vt 0.358597 0.986662
vt 0.358597 0.013811
vt 0.468685 0.169491
vt 0.469160 0.831565
vt 0.359074 0.987246
vt 0.359064 0.014396
vt 0.358597 0.013811
vt 0.359065 0.987246
vt 0.230317 0.988806
vt 0.230317 0.009433
vt 0.320898 0.009433
vt 0.320899 0.988806
vt 0.878537 0.830981
vt 0.468684 0.830981
vt 0.468685 0.169491
vt 0.878537 0.169491
vt 0.231472 0.987280
vt 0.231472 0.007907
vt 0.322053 0.007907
vt 0.322053 0.987280
vt 0.879005 0.831566
vt 0.469152 0.831566
vt 0.469153 0.170076
vt 0.879005 0.170076
vt 0.123939 0.983273
vt 0.123939 0.354992
vt 0.213666 0.354992
vt 0.213666 0.983273
vt 0.212038 0.352453
vt 0.212038 0.980734
vt 0.122310 0.980734
vt 0.122309 0.352453
vt 0.989093 0.987246
vt 0.989092 0.014396
vt 0.988624 0.986661
vt 0.988624 0.013811
vt 0.358597 0.986662
vt 0.358597 0.013811
vt 0.468685 0.169491
vt 0.469160 0.831565
vt 0.359074 0.987246
vt 0.359064 0.014396
vt 0.358597 0.013811
vt 0.359065 0.987246
vt 0.230317 0.988806
vt 0.230317 0.009433
vt 0.320898 0.009433
vt 0.320899 0.988806
vt 0.878537 0.830981
vt 0.468684 0.830981
vt 0.468685 0.169491
vt 0.878537 0.169491
vt 0.231472 0.987280
vt 0.231472 0.007907
vt 0.322053 0.007907
vt 0.322053 0.987280
vt 0.879005 0.831566
vt 0.469152 0.831566
vt 0.469153 0.170076
vt 0.879005 0.170076
vt 0.123939 0.983273
vt 0.123939 0.354992
vt 0.213666 0.354992
vt 0.213666 0.983273
vt 0.212038 0.352453
vt 0.212038 0.980734
vt 0.122310 0.980734
vt 0.122309 0.352453
vt 0.989093 0.987246
vt 0.989092 0.014396
vt 0.988624 0.986661
vt 0.988624 0.013811
vt 0.358597 0.986662
vt 0.358597 0.013811
vt 0.468685 0.169491
vt 0.469160 0.831565
vt 0.359074 0.987246
vt 0.359064 0.014396
vt 0.358597 0.013811
vt 0.359065 0.987246
vt 0.230317 0.988806
vt 0.230317 0.009433
vt 0.320898 0.009433
vt 0.320899 0.988806
vt 0.878537 0.830981
vt 0.468684 0.830981
vt 0.468685 0.169491
vt 0.878537 0.169491
vt 0.231472 0.987280
vt 0.231472 0.007907
vt 0.322053 0.007907
vt 0.322053 0.987280
vt 0.879005 0.831566
vt 0.469152 0.831566
vt 0.469153 0.170076
vt 0.879005 0.170076
vt 0.123939 0.983273
vt 0.123939 0.354992
vt 0.213666 0.354992
vt 0.213666 0.983273
vt 0.212038 0.352453
vt 0.212038 0.980734
vt 0.122310 0.980734
vt 0.122309 0.352453
vt 0.989093 0.987246
vt 0.989092 0.014396
vt 0.988624 0.986661
vt 0.988624 0.013811
vt 0.358597 0.986662
vt 0.358597 0.013811
vt 0.468685 0.169491
vt 0.469160 0.831565
vt 0.359074 0.987246
vt 0.359064 0.014396
vt 0.358597 0.013811
vt 0.359065 0.987246
vt 0.230317 0.988806
vt 0.230317 0.009433
vt 0.320898 0.009433
vt 0.320899 0.988806
vt 0.878537 0.830981
vt 0.468684 0.830981
vt 0.468685 0.169491
vt 0.878537 0.169491
vt 0.231472 0.987280
vt 0.231472 0.007907
vt 0.322053 0.007907
vt 0.322053 0.987280
vt 0.879005 0.831566
vt 0.469152 0.831566
vt 0.469153 0.170076
vt 0.879005 0.170076
vt 0.123939 0.983273
vt 0.123939 0.354992
vt 0.213666 0.354992
vt 0.213666 0.983273
vt 0.212038 0.352453
vt 0.212038 0.980734
vt 0.122310 0.980734
vt 0.122309 0.352453
vt 0.989093 0.987246
vt 0.989092 0.014396
vt 0.988624 0.986661
vt 0.988624 0.013811
vt 0.358597 0.986662
vt 0.358597 0.013811
vt 0.468685 0.169491
vt 0.469160 0.831565
vt 0.359074 0.987246
vt 0.359064 0.014396
vt 0.358597 0.013811
vt 0.359065 0.987246
vt 0.230317 0.988806
vt 0.230317 0.009433
vt 0.320898 0.009433
vt 0.320899 0.988806
vt 0.878537 0.830981
vt 0.468684 0.830981
vt 0.468685 0.169491
vt 0.878537 0.169491
vt 0.231472 0.987280
vt 0.231472 0.007907
vt 0.322053 0.007907
vt 0.322053 0.987280
vt 0.879005 0.831566
vt 0.469152 0.831566
vt 0.469153 0.170076
vt 0.879005 0.170076
vt 0.123939 0.983273
vt 0.123939 0.354992
vt 0.213666 0.354992
vt 0.213666 0.983273
vt 0.212038 0.352453
vt 0.212038 0.980734
vt 0.122310 0.980734
vt 0.122309 0.352453
vt 0.989093 0.987246
vt 0.989092 0.014396
vt 0.988624 0.986661
vt 0.988624 0.013811
vt 0.358597 0.986662
vt 0.358597 0.013811
vt 0.468685 0.169491
vt 0.469160 0.831565
vt 0.359074 0.987246
vt 0.359064 0.014396
vt 0.358597 0.013811
vt 0.359065 0.987246
vt 0.230317 0.988806
vt 0.230317 0.009433
vt 0.320898 0.009433
vt 0.320899 0.988806
vt 0.878537 0.830981
vt 0.468684 0.830981
vt 0.468685 0.169491
vt 0.878537 0.169491
vt 0.231472 0.987280
vt 0.231472 0.007907
vt 0.322053 0.007907
vt 0.322053 0.987280
vt 0.879005 0.831566
vt 0.469152 0.831566
vt 0.469153 0.170076
vt 0.879005 0.170076
vt 0.123939 0.983273
vt 0.123939 0.354992
vt 0.213666 0.354992
vt 0.213666 0.983273
vt 0.212038 0.352453
vt 0.212038 0.980734
vt 0.122310 0.980734
vt 0.122309 0.352453
vt 0.989093 0.987246
vt 0.989092 0.014396
vt 0.988624 0.986661
vt 0.988624 0.013811
vt 0.358597 0.986662
vt 0.358597 0.013811
vt 0.468685 0.169491
vt 0.469160 0.831565
vt 0.359074 0.987246
vt 0.359064 0.014396
vt 0.358597 0.013811
vt 0.359065 0.987246
vt 0.230317 0.988806
vt 0.230317 0.009433
vt 0.320898 0.009433
vt 0.320899 0.988806
vt 0.878537 0.830981
vt 0.468684 0.830981
vt 0.468685 0.169491
vt 0.878537 0.169491
vt 0.231472 0.987280
vt 0.231472 0.007907
vt 0.322053 0.007907
vt 0.322053 0.987280
vt 0.879005 0.831566
vt 0.469152 0.831566
vt 0.469153 0.170076
vt 0.879005 0.170076
vt 0.123939 0.983273
vt 0.123939 0.354992
vt 0.213666 0.354992
vt 0.213666 0.983273
vt 0.212038 0.352453
vt 0.212038 0.980734
vt 0.122310 0.980734
vt 0.122309 0.352453
vt 0.989093 0.987246
vt 0.989092 0.014396
vt 0.988624 0.986661
vt 0.988624 0.013811
vt 0.358597 0.986662
vt 0.358597 0.013811
vt 0.468685 0.169491
vt 0.469160 0.831565
vt 0.359074 0.987246
vt 0.359064 0.014396
vt 0.358597 0.013811
vt 0.359065 0.987246
vt 0.230317 0.988806
vt 0.230317 0.009433
vt 0.320898 0.009433
vt 0.320899 0.988806
vt 0.878537 0.830981
vt 0.468684 0.830981
vt 0.468685 0.169491
vt 0.878537 0.169491
vt 0.231472 0.987280
vt 0.231472 0.007907
vt 0.322053 0.007907
vt 0.322053 0.987280
vt 0.879005 0.831566
vt 0.469152 0.831566
vt 0.469153 0.170076
vt 0.879005 0.170076
vt 0.123939 0.983273
vt 0.123939 0.354992
vt 0.213666 0.354992
vt 0.213666 0.983273
vt 0.212038 0.352453
vt 0.212038 0.980734
vt 0.122310 0.980734
vt 0.122309 0.352453
vt 0.989093 0.987246
vt 0.989092 0.014396
vt 0.988624 0.986661
vt 0.988624 0.013811
vt 0.358597 0.986662
vt 0.358597 0.013811
vt 0.468685 0.169491
vt 0.469160 0.831565
vt 0.359074 0.987246
vt 0.359064 0.014396
vt 0.358597 0.013811
vt 0.359065 0.987246
vt 0.230317 0.988806
vt 0.230317 0.009433
vt 0.320898 0.009433
vt 0.320899 0.988806
vt 0.878537 0.830981
vt 0.468684 0.830981
vt 0.468685 0.169491
vt 0.878537 0.169491
vt 0.231472 0.987280
vt 0.231472 0.007907
vt 0.322053 0.007907
vt 0.322053 0.987280
vt 0.879005 0.831566
vt 0.469152 0.831566
vt 0.469153 0.170076
vt 0.879005 0.170076
vt 0.123939 0.983273
vt 0.123939 0.354992
vt 0.213666 0.354992
vt 0.213666 0.983273
vt 0.212038 0.352453
vt 0.212038 0.980734
vt 0.122310 0.980734
vt 0.122309 0.352453
vt 0.989093 0.987246
vt 0.989092 0.014396
vt 0.988624 0.986661
vt 0.988624 0.013811
vt 0.358597 0.986662
vt 0.358597 0.013811
vt 0.468685 0.169491
vt 0.469160 0.831565
vt 0.359074 0.987246
vt 0.359064 0.014396
vt 0.358597 0.013811
vt 0.359065 0.987246
vt 0.230317 0.988806
vt 0.230317 0.009433
vt 0.320898 0.009433
vt 0.320899 0.988806
vt 0.878537 0.830981
vt 0.468684 0.830981
vt 0.468685 0.169491
vt 0.878537 0.169491
vt 0.231472 0.987280
vt 0.231472 0.007907
vt 0.322053 0.007907
vt 0.322053 0.987280
vt 0.879005 0.831566
vt 0.469152 0.831566
vt 0.469153 0.170076
vt 0.879005 0.170076
vt 0.123939 0.983273
vt 0.123939 0.354992
vt 0.213666 0.354992
vt 0.213666 0.983273
vt 0.212038 0.352453
vt 0.212038 0.980734
vt 0.122310 0.980734
vt 0.122309 0.352453
vt 0.989093 0.987246
vt 0.989092 0.014396
vt 0.988624 0.986661
vt 0.988624 0.013811
vt 0.358597 0.986662
vt 0.358597 0.013811
vt 0.468685 0.169491
vt 0.469160 0.831565
vt 0.359074 0.987246
vt 0.359064 0.014396
vt 0.358597 0.013811
vt 0.359065 0.987246
vt 0.230317 0.988806
vt 0.230317 0.009433
vt 0.320898 0.009433
vt 0.320899 0.988806
vt 0.878537 0.830981
vt 0.468684 0.830981
vt 0.468685 0.169491
vt 0.878537 0.169491
vt 0.231472 0.987280
vt 0.231472 0.007907
vt 0.322053 0.007907
vt 0.322053 0.987280
vt 0.879005 0.831566
vt 0.469152 0.831566
vt 0.469153 0.170076
vt 0.879005 0.170076
vt 0.123939 0.983273
vt 0.123939 0.354992
vt 0.213666 0.354992
vt 0.213666 0.983273
vt 0.212038 0.352453
vt 0.212038 0.980734
vt 0.122310 0.980734
vt 0.122309 0.352453
vt 0.989093 0.987246
vt 0.989092 0.014396
vt 0.988624 0.986661
vt 0.988624 0.013811
vt 0.358597 0.986662
vt 0.358597 0.013811
vt 0.468685 0.169491
vt 0.469160 0.831565
vt 0.359074 0.987246
vt 0.359064 0.014396
vt 0.358597 0.013811
vt 0.359065 0.987246
vt 0.230317 0.988806
vt 0.230317 0.009433
vt 0.320898 0.009433
vt 0.320899 0.988806
vt 0.878537 0.830981
vt 0.468684 0.830981
vt 0.468685 0.169491
vt 0.878537 0.169491
vt 0.231472 0.987280
vt 0.231472 0.007907
vt 0.322053 0.007907
vt 0.322053 0.987280
vt 0.879005 0.831566
vt 0.469152 0.831566
vt 0.469153 0.170076
vt 0.879005 0.170076
vt 0.123939 0.983273
vt 0.123939 0.354992
vt 0.213666 0.354992
vt 0.213666 0.983273
vt 0.212038 0.352453
vt 0.212038 0.980734
vt 0.122310 0.980734
vt 0.122309 0.352453
vt 0.989093 0.987246
vt 0.989092 0.014396
vt 0.988624 0.986661
vt 0.988624 0.013811
vt 0.358597 0.986662
vt 0.358597 0.013811
vt 0.468685 0.169491
vt 0.469160 0.831565
vt 0.359074 0.987246
vt 0.359064 0.014396
vt 0.358597 0.013811
vt 0.359065 0.987246
vt 0.230317 0.988806
vt 0.230317 0.009433
vt 0.320898 0.009433
vt 0.320899 0.988806
vt 0.878537 0.830981
vt 0.468684 0.830981
vt 0.468685 0.169491
vt 0.878537 0.169491
vt 0.231472 0.987280
vt 0.231472 0.007907
vt 0.322053 0.007907
vt 0.322053 0.987280
vt 0.879005 0.831566
vt 0.469152 0.831566
vt 0.469153 0.170076
vt 0.879005 0.170076
vt 0.123939 0.983273
vt 0.123939 0.354992
vt 0.213666 0.354992
vt 0.213666 0.983273
vt 0.212038 0.352453
vt 0.212038 0.980734
vt 0.122310 0.980734
vt 0.122309 0.352453
vt 0.989093 0.987246
vt 0.989092 0.014396
vt 0.988624 0.986661
vt 0.988624 0.013811
vt 0.358597 0.986662
vt 0.358597 0.013811
vt 0.468685 0.169491
vt 0.469160 0.831565
vt 0.359074 0.987246
vt 0.359064 0.014396
vt 0.358597 0.013811
vt 0.359065 0.987246
vt 0.230317 0.988806
vt 0.230317 0.009433
vt 0.320898 0.009433
vt 0.320899 0.988806
vt 0.878537 0.830981
vt 0.468684 0.830981
vt 0.468685 0.169491
vt 0.878537 0.169491
vt 0.231472 0.987280
vt 0.231472 0.007907
vt 0.322053 0.007907
vt 0.322053 0.987280
vt 0.879005 0.831566
vt 0.469152 0.831566
vt 0.469153 0.170076
vt 0.879005 0.170076
vt 0.123939 0.983273
vt 0.123939 0.354992
vt 0.213666 0.354992
vt 0.213666 0.983273
vt 0.212038 0.352453
vt 0.212038 0.980734
vt 0.122310 0.980734
vt 0.122309 0.352453
vt 0.989093 0.987246
vt 0.989092 0.014396
vt 0.988624 0.986661
vt 0.988624 0.013811
vt 0.358597 0.986662
vt 0.358597 0.013811
vt 0.468685 0.169491
vt 0.469160 0.831565
vt 0.359074 0.987246
vt 0.359064 0.014396
vt 0.358597 0.013811
vt 0.359065 0.987246
vt 0.230317 0.988806
vt 0.230317 0.009433
vt 0.320898 0.009433
vt 0.320899 0.988806
vt 0.878537 0.830981
vt 0.468684 0.830981
vt 0.468685 0.169491
vt 0.878537 0.169491
vt 0.231472 0.987280
vt 0.231472 0.007907
vt 0.322053 0.007907
vt 0.322053 0.987280
vt 0.879005 0.831566
vt 0.469152 0.831566
vt 0.469153 0.170076
vt 0.879005 0.170076
vt 0.123939 0.983273
vt 0.123939 0.354992
vt 0.213666 0.354992
vt 0.213666 0.983273
vt 0.212038 0.352453
vt 0.212038 0.980734
vt 0.122310 0.980734
vt 0.122309 0.352453
vt 0.989093 0.987246
vt 0.989092 0.014396
vt 0.988624 0.986661
vt 0.988624 0.013811
vt 0.358597 0.986662
vt 0.358597 0.013811
vt 0.468685 0.169491
vt 0.469160 0.831565
vt 0.359074 0.987246
vt 0.359064 0.014396
vt 0.358597 0.013811
vt 0.359065 0.987246
vt 0.230317 0.988806
vt 0.230317 0.009433
vt 0.320898 0.009433
vt 0.320899 0.988806
vt 0.878537 0.830981
vt 0.468684 0.830981
vt 0.468685 0.169491
vt 0.878537 0.169491
vt 0.231472 0.987280
vt 0.231472 0.007907
vt 0.322053 0.007907
vt 0.322053 0.987280
vt 0.879005 0.831566
vt 0.469152 0.831566
vt 0.469153 0.170076
vt 0.879005 0.170076
vt 0.123939 0.983273
vt 0.123939 0.354992
vt 0.213666 0.354992
vt 0.213666 0.983273
vt 0.212038 0.352453
vt 0.212038 0.980734
vt 0.122310 0.980734
vt 0.122309 0.352453
vt 0.989093 0.987246
vt 0.989092 0.014396
vt 0.988624 0.986661
vt 0.988624 0.013811
vt 0.358597 0.986662
vt 0.358597 0.013811
vt 0.468685 0.169491
vt 0.469160 0.831565
vt 0.359074 0.987246
vt 0.359064 0.014396
vt 0.358597 0.013811
vt 0.359065 0.987246
vt 0.230317 0.988806
vt 0.230317 0.009433
vt 0.320898 0.009433
vt 0.320899 0.988806
vt 0.878537 0.830981
vt 0.468684 0.830981
vt 0.468685 0.169491
vt 0.878537 0.169491
vt 0.231472 0.987280
vt 0.231472 0.007907
vt 0.322053 0.007907
vt 0.322053 0.987280
vt 0.879005 0.831566
vt 0.469152 0.831566
vt 0.469153 0.170076
vt 0.879005 0.170076
vt 0.123939 0.983273
vt 0.123939 0.354992
vt 0.213666 0.354992
vt 0.213666 0.983273
vt 0.212038 0.352453
vt 0.212038 0.980734
vt 0.122310 0.980734
vt 0.122309 0.352453
vt 0.989093 0.987246
vt 0.989092 0.014396
vt 0.988624 0.986661
vt 0.988624 0.013811
vt 0.358597 0.986662
vt 0.358597 0.013811
vt 0.468685 0.169491
vt 0.469160 0.831565
vt 0.359074 0.987246
vt 0.359064 0.014396
vt 0.358597 0.013811
vt 0.359065 0.987246
vt 0.230317 0.988806
vt 0.230317 0.009433
vt 0.320898 0.009433
vt 0.320899 0.988806
vt 0.878537 0.830981
vt 0.468684 0.830981
vt 0.468685 0.169491
vt 0.878537 0.169491
vt 0.231472 0.987280
vt 0.231472 0.007907
vt 0.322053 0.007907
vt 0.322053 0.987280
vt 0.879005 0.831566
vt 0.469152 0.831566
vt 0.469153 0.170076
vt 0.879005 0.170076
vt 0.123939 0.983273
vt 0.123939 0.354992
vt 0.213666 0.354992
vt 0.213666 0.983273
vt 0.212038 0.352453
vt 0.212038 0.980734
vt 0.122310 0.980734
vt 0.122309 0.352453
vt 0.989093 0.987246
vt 0.989092 0.014396
vt 0.988624 0.986661
vt 0.988624 0.013811
vt 0.358597 0.986662
vt 0.358597 0.013811
vt 0.468685 0.169491
vt 0.469160 0.831565
vt 0.359074 0.987246
vt 0.359064 0.014396
vt 0.358597 0.013811
vt 0.359065 0.987246
vt 0.230317 0.988806
vt 0.230317 0.009433
vt 0.320898 0.009433
vt 0.320899 0.988806
vt 0.878537 0.830981
vt 0.468684 0.830981
vt 0.468685 0.169491
vt 0.878537 0.169491
vt 0.231472 0.987280
vt 0.231472 0.007907
vt 0.322053 0.007907
vt 0.322053 0.987280
vt 0.879005 0.831566
vt 0.469152 0.831566
vt 0.469153 0.170076
vt 0.879005 0.170076
vt 0.123939 0.983273
vt 0.123939 0.354992
vt 0.213666 0.354992
vt 0.213666 0.983273
vt 0.212038 0.352453
vt 0.212038 0.980734
vt 0.122310 0.980734
vt 0.122309 0.352453
vt 0.989093 0.987246
vt 0.989092 0.014396
vt 0.988624 0.986661
vt 0.988624 0.013811
vt 0.358597 0.986662
vt 0.358597 0.013811
vt 0.468685 0.169491
vt 0.469160 0.831565
vt 0.359074 0.987246
vt 0.359064 0.014396
vt 0.358597 0.013811
vt 0.359065 0.987246
vt 0.230317 0.988806
vt 0.230317 0.009433
vt 0.320898 0.009433
vt 0.320899 0.988806
vt 0.878537 0.830981
vt 0.468684 0.830981
vt 0.468685 0.169491
vt 0.878537 0.169491
vt 0.231472 0.987280
vt 0.231472 0.007907
vt 0.322053 0.007907
vt 0.322053 0.987280
vt 0.879005 0.831566
vt 0.469152 0.831566
vt 0.469153 0.170076
vt 0.879005 0.170076
vt 0.123939 0.983273
vt 0.123939 0.354992
vt 0.213666 0.354992
vt 0.213666 0.983273
vt 0.212038 0.352453
vt 0.212038 0.980734
vt 0.122310 0.980734
vt 0.122309 0.352453
vt 0.989093 0.987246
vt 0.989092 0.014396
vt 0.988624 0.986661
vt 0.988624 0.013811
vt 0.358597 0.986662
vt 0.358597 0.013811
vt 0.468685 0.169491
vt 0.469160 0.831565
vt 0.359074 0.987246
vt 0.359064 0.014396
vt 0.358597 0.013811
vt 0.359065 0.987246
vt 0.230317 0.988806
vt 0.230317 0.009433
vt 0.320898 0.009433
vt 0.320899 0.988806
vt 0.878537 0.830981
vt 0.468684 0.830981
vt 0.468685 0.169491
vt 0.878537 0.169491
vt 0.231472 0.987280
vt 0.231472 0.007907
vt 0.322053 0.007907
vt 0.322053 0.987280
vt 0.879005 0.831566
vt 0.469152 0.831566
vt 0.469153 0.170076
vt 0.879005 0.170076
vt 0.123939 0.983273
vt 0.123939 0.354992
vt 0.213666 0.354992
vt 0.213666 0.983273
vt 0.212038 0.352453
vt 0.212038 0.980734
vt 0.122310 0.980734
vt 0.122309 0.352453
vt 0.989093 0.987246
vt 0.989092 0.014396
vt 0.988624 0.986661
vt 0.988624 0.013811
vt 0.358597 0.986662
vt 0.358597 0.013811
vt 0.468685 0.169491
vt 0.469160 0.831565
vt 0.359074 0.987246
vt 0.359064 0.014396
vt 0.358597 0.013811
vt 0.359065 0.987246
vt 0.230317 0.988806
vt 0.230317 0.009433
vt 0.320898 0.009433
vt 0.320899 0.988806
vt 0.878537 0.830981
vt 0.468684 0.830981
vt 0.468685 0.169491
vt 0.878537 0.169491
vt 0.231472 0.987280
vt 0.231472 0.007907
vt 0.322053 0.007907
vt 0.322053 0.987280
vt 0.879005 0.831566
vt 0.469152 0.831566
vt 0.469153 0.170076
vt 0.879005 0.170076
vt 0.123939 0.983273
vt 0.123939 0.354992
vt 0.213666 0.354992
vt 0.213666 0.983273
vt 0.212038 0.352453
vt 0.212038 0.980734
vt 0.122310 0.980734
vt 0.122309 0.352453
vt 0.989093 0.987246
vt 0.989092 0.014396
vt 0.988624 0.986661
vt 0.988624 0.013811
vt 0.358597 0.986662
vt 0.358597 0.013811
vt 0.468685 0.169491
vt 0.469160 0.831565
vt 0.359074 0.987246
vt 0.359064 0.014396
vt 0.358597 0.013811
vt 0.359065 0.987246
vt 0.230317 0.988806
vt 0.230317 0.009433
vt 0.320898 0.009433
vt 0.320899 0.988806
vt 0.878537 0.830981
vt 0.468684 0.830981
vt 0.468685 0.169491
vt 0.878537 0.169491
vt 0.231472 0.987280
vt 0.231472 0.007907
vt 0.322053 0.007907
vt 0.322053 0.987280
vt 0.879005 0.831566
vt 0.469152 0.831566
vt 0.469153 0.170076
vt 0.879005 0.170076
vt 0.123939 0.983273
vt 0.123939 0.354992
vt 0.213666 0.354992
vt 0.213666 0.983273
vt 0.212038 0.352453
vt 0.212038 0.980734
vt 0.122310 0.980734
vt 0.122309 0.352453
vt 0.989093 0.987246
vt 0.989092 0.014396
vt 0.988624 0.986661
vt 0.988624 0.013811
vt 0.358597 0.986662
vt 0.358597 0.013811
vt 0.468685 0.169491
vt 0.469160 0.831565
vt 0.359074 0.987246
vt 0.359064 0.014396
vt 0.358597 0.013811
vt 0.359065 0.987246
vt 0.230317 0.988806
vt 0.230317 0.009433
vt 0.320898 0.009433
vt 0.320899 0.988806
vt 0.878537 0.830981
vt 0.468684 0.830981
vt 0.468685 0.169491
vt 0.878537 0.169491
vt 0.231472 0.987280
vt 0.231472 0.007907
vt 0.322053 0.007907
vt 0.322053 0.987280
vt 0.879005 0.831566
vt 0.469152 0.831566
vt 0.469153 0.170076
vt 0.879005 0.170076
vt 0.123939 0.983273
vt 0.123939 0.354992
vt 0.213666 0.354992
vt 0.213666 0.983273
vt 0.212038 0.352453
vt 0.212038 0.980734
vt 0.122310 0.980734
vt 0.122309 0.352453
vt 0.989093 0.987246
vt 0.989092 0.014396
vt 0.988624 0.986661
vt 0.988624 0.013811
vt 0.358597 0.986662
vt 0.358597 0.013811
vt 0.468685 0.169491
vt 0.469160 0.831565
vt 0.359074 0.987246
vt 0.359064 0.014396
vt 0.358597 0.013811
vt 0.359065 0.987246
vt 0.230317 0.988806
vt 0.230317 0.009433
vt 0.320898 0.009433
vt 0.320899 0.988806
vt 0.878537 0.830981
vt 0.468684 0.830981
vt 0.468685 0.169491
vt 0.878537 0.169491
vt 0.231472 0.987280
vt 0.231472 0.007907
vt 0.322053 0.007907
vt 0.322053 0.987280
vt 0.879005 0.831566
vt 0.469152 0.831566
vt 0.469153 0.170076
vt 0.879005 0.170076
vt 0.123939 0.983273
vt 0.123939 0.354992
vt 0.213666 0.354992
vt 0.213666 0.983273
vt 0.212038 0.352453
vt 0.212038 0.980734
vt 0.122310 0.980734
vt 0.122309 0.352453
vt 0.989093 0.987246
vt 0.989092 0.014396
vt 0.988624 0.986661
vt 0.988624 0.013811
vt 0.358597 0.986662
vt 0.358597 0.013811
vt 0.468685 0.169491
vt 0.469160 0.831565
vt 0.359074 0.987246
vt 0.359064 0.014396
vt 0.358597 0.013811
vt 0.359065 0.987246
vt 0.230317 0.988806
vt 0.230317 0.009433
vt 0.320898 0.009433
vt 0.320899 0.988806
vt 0.878537 0.830981
vt 0.468684 0.830981
vt 0.468685 0.169491
vt 0.878537 0.169491
vt 0.231472 0.987280
vt 0.231472 0.007907
vt 0.322053 0.007907
vt 0.322053 0.987280
vt 0.879005 0.831566
vt 0.469152 0.831566
vt 0.469153 0.170076
vt 0.879005 0.170076
vt 0.123939 0.983273
vt 0.123939 0.354992
vt 0.213666 0.354992
vt 0.213666 0.983273
vt 0.212038 0.352453
vt 0.212038 0.980734
vt 0.122310 0.980734
vt 0.122309 0.352453
vt 0.989093 0.987246
vt 0.989092 0.014396
vt 0.988624 0.986661
vt 0.988624 0.013811
vt 0.358597 0.986662
vt 0.358597 0.013811
vt 0.468685 0.169491
vt 0.469160 0.831565
vt 0.359074 0.987246
vt 0.359064 0.014396
vt 0.358597 0.013811
vt 0.359065 0.987246
vt 0.230317 0.988806
vt 0.230317 0.009433
vt 0.320898 0.009433
vt 0.320899 0.988806
vt 0.878537 0.830981
vt 0.468684 0.830981
vt 0.468685 0.169491
vt 0.878537 0.169491
vt 0.231472 0.987280
vt 0.231472 0.007907
vt 0.322053 0.007907
vt 0.322053 0.987280
vt 0.879005 0.831566
vt 0.469152 0.831566
vt 0.469153 0.170076
vt 0.879005 0.170076
vt 0.123939 0.983273
vt 0.123939 0.354992
vt 0.213666 0.354992
vt 0.213666 0.983273
vt 0.212038 0.352453
vt 0.212038 0.980734
vt 0.122310 0.980734
vt 0.122309 0.352453
vt 0.989093 0.987246
vt 0.989092 0.014396
vt 0.988624 0.986661
vt 0.988624 0.013811
vt 0.358597 0.986662
vt 0.358597 0.013811
vt 0.468685 0.169491
vt 0.469160 0.831565
vt 0.359074 0.987246
vt 0.359064 0.014396
vt 0.358597 0.013811
vt 0.359065 0.987246
vt 0.230317 0.988806
vt 0.230317 0.009433
vt 0.320898 0.009433
vt 0.320899 0.988806
vt 0.878537 0.830981
vt 0.468684 0.830981
vt 0.468685 0.169491
vt 0.878537 0.169491
vt 0.231472 0.987280
vt 0.231472 0.007907
vt 0.322053 0.007907
vt 0.322053 0.987280
vt 0.879005 0.831566
vt 0.469152 0.831566
vt 0.469153 0.170076
vt 0.879005 0.170076
vt 0.123939 0.983273
vt 0.123939 0.354992
vt 0.213666 0.354992
vt 0.213666 0.983273
vt 0.212038 0.352453
vt 0.212038 0.980734
vt 0.122310 0.980734
vt 0.122309 0.352453
vt 0.989093 0.987246
vt 0.989092 0.014396
vt 0.988624 0.986661
vt 0.988624 0.013811
vt 0.358597 0.986662
vt 0.358597 0.013811
vt 0.468685 0.169491
vt 0.469160 0.831565
vt 0.359074 0.987246
vt 0.359064 0.014396
vt 0.358597 0.013811
vt 0.359065 0.987246
vt 0.230317 0.988806
vt 0.230317 0.009433
vt 0.320898 0.009433
vt 0.320899 0.988806
vt 0.878537 0.830981
vt 0.468684 0.830981
vt 0.468685 0.169491
vt 0.878537 0.169491
vt 0.231472 0.987280
vt 0.231472 0.007907
vt 0.322053 0.007907
vt 0.322053 0.987280
vt 0.879005 0.831566
vt 0.469152 0.831566
vt 0.469153 0.170076
vt 0.879005 0.170076
vt 0.123939 0.983273
vt 0.123939 0.354992
vt 0.213666 0.354992
vt 0.213666 0.983273
vt 0.212038 0.352453
vt 0.212038 0.980734
vt 0.122310 0.980734
vt 0.122309 0.352453
vt 0.989093 0.987246
vt 0.989092 0.014396
vt 0.988624 0.986661
vt 0.988624 0.013811
vt 0.358597 0.986662
vt 0.358597 0.013811
vt 0.468685 0.169491
vt 0.469160 0.831565
vt 0.359074 0.987246
vt 0.359064 0.014396
vt 0.358597 0.013811
vt 0.359065 0.987246
vt 0.230317 0.988806
vt 0.230317 0.009433
vt 0.320898 0.009433
vt 0.320899 0.988806
vt 0.878537 0.830981
vt 0.468684 0.830981
vt 0.468685 0.169491
vt 0.878537 0.169491
vt 0.231472 0.987280
vt 0.231472 0.007907
vt 0.322053 0.007907
vt 0.322053 0.987280
vt 0.879005 0.831566
vt 0.469152 0.831566
vt 0.469153 0.170076
vt 0.879005 0.170076
vt 0.123939 0.983273
vt 0.123939 0.354992
vt 0.213666 0.354992
vt 0.213666 0.983273
vt 0.212038 0.352453
vt 0.212038 0.980734
vt 0.122310 0.980734
vt 0.122309 0.352453
vt 0.989093 0.987246
vt 0.989092 0.014396
vt 0.988624 0.986661
vt 0.988624 0.013811
vt 0.358597 0.986662
vt 0.358597 0.013811
vt 0.468685 0.169491
vt 0.469160 0.831565
vt 0.359074 0.987246
vt 0.359064 0.014396
vt 0.358597 0.013811
vt 0.359065 0.987246
vt 0.230317 0.988806
vt 0.230317 0.009433
vt 0.320898 0.009433
vt 0.320899 0.988806
vt 0.878537 0.830981
vt 0.468684 0.830981
vt 0.468685 0.169491
vt 0.878537 0.169491
vt 0.231472 0.987280
vt 0.231472 0.007907
vt 0.322053 0.007907
vt 0.322053 0.987280
vt 0.879005 0.831566
vt 0.469152 0.831566
vt 0.469153 0.170076
vt 0.879005 0.170076
vt 0.123939 0.983273
vt 0.123939 0.354992
vt 0.213666 0.354992
vt 0.213666 0.983273
vt 0.212038 0.352453
vt 0.212038 0.980734
vt 0.122310 0.980734
vt 0.122309 0.352453
vt 0.989093 0.987246
vt 0.989092 0.014396
vt 0.988624 0.986661
vt 0.988624 0.013811
vt 0.358597 0.986662
vt 0.358597 0.013811
vt 0.468685 0.169491
vt 0.469160 0.831565
vt 0.359074 0.987246
vt 0.359064 0.014396
vt 0.358597 0.013811
vt 0.359065 0.987246
vt 0.230317 0.988806
vt 0.230317 0.009433
vt 0.320898 0.009433
vt 0.320899 0.988806
vt 0.878537 0.830981
vt 0.468684 0.830981
vt 0.468685 0.169491
vt 0.878537 0.169491
vt 0.231472 0.987280
vt 0.231472 0.007907
vt 0.322053 0.007907
vt 0.322053 0.987280
vt 0.879005 0.831566
vt 0.469152 0.831566
vt 0.469153 0.170076
vt 0.879005 0.170076
vt 0.123939 0.983273
vt 0.123939 0.354992
vt 0.213666 0.354992
vt 0.213666 0.983273
vt 0.212038 0.352453
vt 0.212038 0.980734
vt 0.122310 0.980734
vt 0.122309 0.352453
vt 0.989093 0.987246
vt 0.989092 0.014396
vt 0.988624 0.986661
vt 0.988624 0.013811
vt 0.358597 0.986662
vt 0.358597 0.013811
vt 0.468685 0.169491
vt 0.469160 0.831565
vt 0.359074 0.987246
vt 0.359064 0.014396
vt 0.358597 0.013811
vt 0.359065 0.987246
vt 0.230317 0.988806
vt 0.230317 0.009433
vt 0.320898 0.009433
vt 0.320899 0.988806
vt 0.878537 0.830981
vt 0.468684 0.830981
vt 0.468685 0.169491
vt 0.878537 0.169491
vt 0.231472 0.987280
vt 0.231472 0.007907
vt 0.322053 0.007907
vt 0.322053 0.987280
vt 0.879005 0.831566
vt 0.469152 0.831566
vt 0.469153 0.170076
vt 0.879005 0.170076
vt 0.123939 0.983273
vt 0.123939 0.354992
vt 0.213666 0.354992
vt 0.213666 0.983273
vt 0.212038 0.352453
vt 0.212038 0.980734
vt 0.122310 0.980734
vt 0.122309 0.352453
vt 0.989093 0.987246
vt 0.989092 0.014396
vt 0.988624 0.986661
vt 0.988624 0.013811
vt 0.358597 0.986662
vt 0.358597 0.013811
vt 0.468685 0.169491
vt 0.469160 0.831565
vt 0.359074 0.987246
vt 0.359064 0.014396
vt 0.358597 0.013811
vt 0.359065 0.987246
vt 0.230317 0.988806
vt 0.230317 0.009433
vt 0.320898 0.009433
vt 0.320899 0.988806
vt 0.878537 0.830981
vt 0.468684 0.830981
vt 0.468685 0.169491
vt 0.878537 0.169491
vt 0.231472 0.987280
vt 0.231472 0.007907
vt 0.322053 0.007907
vt 0.322053 0.987280
vt 0.879005 0.831566
vt 0.469152 0.831566
vt 0.469153 0.170076
vt 0.879005 0.170076
vt 0.123939 0.983273
vt 0.123939 0.354992
vt 0.213666 0.354992
vt 0.213666 0.983273
vt 0.212038 0.352453
vt 0.212038 0.980734
vt 0.122310 0.980734
vt 0.122309 0.352453
vt 0.989093 0.987246
vt 0.989092 0.014396
vt 0.988624 0.986661
vt 0.988624 0.013811
vt 0.358597 0.986662
vt 0.358597 0.013811
vt 0.468685 0.169491
vt 0.469160 0.831565
vt 0.359074 0.987246
vt 0.359064 0.014396
vt 0.358597 0.013811
vt 0.359065 0.987246
vt 0.230317 0.988806
vt 0.230317 0.009433
vt 0.320898 0.009433
vt 0.320899 0.988806
vt 0.878537 0.830981
vt 0.468684 0.830981
vt 0.468685 0.169491
vt 0.878537 0.169491
vt 0.231472 0.987280
vt 0.231472 0.007907
vt 0.322053 0.007907
vt 0.322053 0.987280
vt 0.879005 0.831566
vt 0.469152 0.831566
vt 0.469153 0.170076
vt 0.879005 0.170076
vt 0.123939 0.983273
vt 0.123939 0.354992
vt 0.213666 0.354992
vt 0.213666 0.983273
vt 0.212038 0.352453
vt 0.212038 0.980734
vt 0.122310 0.980734
vt 0.122309 0.352453
vt 0.989093 0.987246
vt 0.989092 0.014396
vt 0.988624 0.986661
vt 0.988624 0.013811
vt 0.358597 0.986662
vt 0.358597 0.013811
vt 0.468685 0.169491
vt 0.469160 0.831565
vt 0.359074 0.987246
vt 0.359064 0.014396
vt 0.358597 0.013811
vt 0.359065 0.987246
vt 0.230317 0.988806
vt 0.230317 0.009433
vt 0.320898 0.009433
vt 0.320899 0.988806
vt 0.878537 0.830981
vt 0.468684 0.830981
vt 0.468685 0.169491
vt 0.878537 0.169491
vt 0.231472 0.987280
vt 0.231472 0.007907
vt 0.322053 0.007907
vt 0.322053 0.987280
vt 0.879005 0.831566
vt 0.469152 0.831566
vt 0.469153 0.170076
vt 0.879005 0.170076
vt 0.123939 0.983273
vt 0.123939 0.354992
vt 0.213666 0.354992
vt 0.213666 0.983273
vt 0.212038 0.352453
vt 0.212038 0.980734
vt 0.122310 0.980734
vt 0.122309 0.352453
vt 0.989093 0.987246
vt 0.989092 0.014396
vt 0.988624 0.986661
vt 0.988624 0.013811
vt 0.358597 0.986662
vt 0.358597 0.013811
vt 0.468685 0.169491
vt 0.469160 0.831565
vt 0.359074 0.987246
vt 0.359064 0.014396
vt 0.358597 0.013811
vt 0.359065 0.987246
vt 0.230317 0.988806
vt 0.230317 0.009433
vt 0.320898 0.009433
vt 0.320899 0.988806
vt 0.878537 0.830981
vt 0.468684 0.830981
vt 0.468685 0.169491
vt 0.878537 0.169491
vt 0.231472 0.987280
vt 0.231472 0.007907
vt 0.322053 0.007907
vt 0.322053 0.987280
vt 0.879005 0.831566
vt 0.469152 0.831566
vt 0.469153 0.170076
vt 0.879005 0.170076
vt 0.123939 0.983273
vt 0.123939 0.354992
vt 0.213666 0.354992
vt 0.213666 0.983273
vt 0.212038 0.352453
vt 0.212038 0.980734
vt 0.122310 0.980734
vt 0.122309 0.352453
vt 0.989093 0.987246
vt 0.989092 0.014396
vt 0.988624 0.986661
vt 0.988624 0.013811
vt 0.358597 0.986662
vt 0.358597 0.013811
vt 0.468685 0.169491
vt 0.469160 0.831565
vt 0.359074 0.987246
vt 0.359064 0.014396
vt 0.358597 0.013811
vt 0.359065 0.987246
vt 0.230317 0.988806
vt 0.230317 0.009433
vt 0.320898 0.009433
vt 0.320899 0.988806
vt 0.878537 0.830981
vt 0.468684 0.830981
vt 0.468685 0.169491
vt 0.878537 0.169491
vt 0.231472 0.987280
vt 0.231472 0.007907
vt 0.322053 0.007907
vt 0.322053 0.987280
vt 0.879005 0.831566
vt 0.469152 0.831566
vt 0.469153 0.170076
vt 0.879005 0.170076
vt 0.123939 0.983273
vt 0.123939 0.354992
vt 0.213666 0.354992
vt 0.213666 0.983273
vt 0.212038 0.352453
vt 0.212038 0.980734
vt 0.122310 0.980734
vt 0.122309 0.352453
vt 0.989093 0.987246
vt 0.989092 0.014396
vt 0.988624 0.986661
vt 0.988624 0.013811
vt 0.358597 0.986662
vt 0.358597 0.013811
vt 0.468685 0.169491
vt 0.469160 0.831565
vt 0.359074 0.987246
vt 0.359064 0.014396
vt 0.358597 0.013811
vt 0.359065 0.987246
vt 0.230317 0.988806
vt 0.230317 0.009433
vt 0.320898 0.009433
vt 0.320899 0.988806
vt 0.878537 0.830981
vt 0.468684 0.830981
vt 0.468685 0.169491
vt 0.878537 0.169491
vt 0.231472 0.987280
vt 0.231472 0.007907
vt 0.322053 0.007907
vt 0.322053 0.987280
vt 0.879005 0.831566
vt 0.469152 0.831566
vt 0.469153 0.170076
vt 0.879005 0.170076
vt 0.123939 0.983273
vt 0.123939 0.354992
vt 0.213666 0.354992
vt 0.213666 0.983273
vt 0.212038 0.352453
vt 0.212038 0.980734
vt 0.122310 0.980734
vt 0.122309 0.352453
vt 0.989093 0.987246
vt 0.989092 0.014396
vt 0.988624 0.986661
vt 0.988624 0.013811
vt 0.358597 0.986662
vt 0.358597 0.013811
vt 0.468685 0.169491
vt 0.469160 0.831565
vt 0.359074 0.987246
vt 0.359064 0.014396
vt 0.358597 0.013811
vt 0.359065 0.987246
vt 0.230317 0.988806
vt 0.230317 0.009433
vt 0.320898 0.009433
vt 0.320899 0.988806
vt 0.878537 0.830981
vt 0.468684 0.830981
vt 0.468685 0.169491
vt 0.878537 0.169491
vt 0.231472 0.987280
vt 0.231472 0.007907
vt 0.322053 0.007907
vt 0.322053 0.987280
vt 0.879005 0.831566
vt 0.469152 0.831566
vt 0.469153 0.170076
vt 0.879005 0.170076
vt 0.123939 0.983273
vt 0.123939 0.354992
vt 0.213666 0.354992
vt 0.213666 0.983273
vt 0.212038 0.352453
vt 0.212038 0.980734
vt 0.122310 0.980734
vt 0.122309 0.352453
vt 0.989093 0.987246
vt 0.989092 0.014396
vt 0.988624 0.986661
vt 0.988624 0.013811
vt 0.358597 0.986662
vt 0.358597 0.013811
vt 0.468685 0.169491
vt 0.469160 0.831565
vt 0.359074 0.987246
vt 0.359064 0.014396
vt 0.358597 0.013811
vt 0.359065 0.987246
vt 0.230317 0.988806
vt 0.230317 0.009433
vt 0.320898 0.009433
vt 0.320899 0.988806
vt 0.878537 0.830981
vt 0.468684 0.830981
vt 0.468685 0.169491
vt 0.878537 0.169491
vt 0.231472 0.987280
vt 0.231472 0.007907
vt 0.322053 0.007907
vt 0.322053 0.987280
vt 0.879005 0.831566
vt 0.469152 0.831566
vt 0.469153 0.170076
vt 0.879005 0.170076
vt 0.123939 0.983273
vt 0.123939 0.354992
vt 0.213666 0.354992
vt 0.213666 0.983273
vt 0.212038 0.352453
vt 0.212038 0.980734
vt 0.122310 0.980734
vt 0.122309 0.352453
vt 0.989093 0.987246
vt 0.989092 0.014396
vt 0.988624 0.986661
vt 0.988624 0.013811
vt 0.358597 0.986662
vt 0.358597 0.013811
vt 0.468685 0.169491
vt 0.469160 0.831565
vt 0.359074 0.987246
vt 0.359064 0.014396
vt 0.358597 0.013811
vt 0.359065 0.987246
vn -0.260702 -0.321430 0.910339
vn -0.260702 -0.321430 0.910339
vn -0.260702 0.321430 0.910339
vn -0.260702 0.321430 0.910339
vn -0.067467 0.957398 -0.280779
vn -0.205868 0.957398 0.202502
vn 0.067467 0.957398 0.280779
vn 0.205868 0.957398 -0.202502
vn 0.260702 0.321429 -0.910339
vn 0.260702 0.321430 -0.910339
vn 0.260702 -0.321430 -0.910339
vn 0.260702 -0.321429 -0.910339
vn -0.205868 -0.957398 0.202502
vn -0.067467 -0.957398 -0.280779
vn 0.205868 -0.957398 -0.202502
vn 0.067467 -0.957398 0.280779
vn 0.835585 -0.494506 0.239294
vn 0.835585 -0.494506 0.239294
vn 0.835585 0.494506 0.239294
vn 0.835585 0.494506 0.239294
vn -0.835585 -0.494506 -0.239294
vn -0.835585 -0.494506 -0.239294
vn -0.835585 0.494506 -0.239294
vn -0.835585 0.494506 -0.239294
vn 0.000000 -0.321430 0.946934
vn 0.000000 -0.321430 0.946934
vn 0.000000 0.321430 0.946934
vn 0.000000 0.321430 0.946934
vn -0.142161 0.957398 -0.251354
vn -0.142161 0.957398 0.251354
vn 0.142161 0.957398 0.251354
vn 0.142161 0.957398 -0.251354
vn 0.000000 0.321430 -0.946934
vn 0.000000 0.321430 -0.946934
vn 0.000000 -0.321430 -0.946934
vn 0.000000 -0.321430 -0.946934
vn -0.142161 -0.957398 0.251354
vn -0.142161 -0.957398 -0.251354
vn 0.142161 -0.957398 -0.251354
vn 0.142161 -0.957398 0.251354
vn 0.869174 -0.494506 0.000000
vn 0.869174 -0.494506 0.000000
vn 0.869174 0.494506 0.000000
vn 0.869174 0.494506 0.000000
vn -0.869174 -0.494506 0.000000
vn -0.869174 -0.494506 0.000000
vn -0.869174 0.494506 0.000000
vn -0.869174 0.494506 0.000000
vn 0.410621 -0.321429 0.853272
vn 0.410621 -0.321429 0.853272
vn 0.410621 0.321429 0.853272
vn 0.410621 0.321429 0.853272
vn -0.237095 0.957398 -0.164847
vn -0.019105 0.957398 0.288138
vn 0.237096 0.957398 0.164847
vn 0.019105 0.957398 -0.288138
vn -0.410621 0.321430 -0.853272
vn -0.410621 0.321430 -0.853272
vn -0.410621 -0.321430 -0.853272
vn -0.410621 -0.321430 -0.853272
vn -0.019105 -0.957398 0.288138
vn -0.237096 -0.957398 -0.164847
vn 0.019105 -0.957398 -0.288139
vn 0.237096 -0.957398 0.164847
vn 0.783204 -0.494505 -0.376902
vn 0.783205 -0.494505 -0.376902
vn 0.783205 0.494505 -0.376902
vn 0.783205 0.494505 -0.376902
vn -0.783204 -0.494505 0.376903
vn -0.783204 -0.494505 0.376903
vn -0.783204 0.494505 0.376903
vn -0.783204 0.494505 0.376903
vn 0.049020 -0.321430 0.945664
vn 0.049020 -0.321430 0.945664
vn 0.049020 0.321430 0.945664
vn 0.049020 0.321430 0.945664
vn -0.154983 0.957398 -0.243658
vn -0.128959 0.957398 0.258376
vn 0.154983 0.957398 0.243658
vn 0.128959 0.957398 -0.258376
vn -0.049020 0.321430 -0.945664
vn -0.049020 0.321429 -0.945664
vn -0.049020 -0.321429 -0.945664
vn -0.049020 -0.321430 -0.945664
vn -0.128959 -0.957398 0.258376
vn -0.154983 -0.957398 -0.243658
vn 0.128959 -0.957398 -0.258376
vn 0.154983 -0.957398 0.243658
vn 0.868009 -0.494505 -0.044995
vn 0.868009 -0.494505 -0.044995
vn 0.868009 0.494506 -0.044995
vn 0.868009 0.494506 -0.044995
vn -0.868009 -0.494506 0.044995
vn -0.868009 -0.494505 0.044995
vn -0.868009 0.494506 0.044995
vn -0.868009 0.494506 0.044995
vn 0.000000 -0.321430 0.946934
vn 0.000000 -0.321430 0.946934
vn 0.000000 0.321430 0.946934
vn 0.000000 0.321430 0.946934
vn -0.142161 0.957398 -0.251354
vn -0.142161 0.957398 0.251354
vn 0.142161 0.957398 0.251354
vn 0.142161 0.957398 -0.251354
vn 0.000000 0.321430 -0.946934
vn 0.000000 0.321430 -0.946934
vn 0.000000 -0.321430 -0.946934
vn 0.000000 -0.321430 -0.946934
vn -0.142161 -0.957398 0.251354
vn -0.142161 -0.957398 -0.251354
vn 0.142161 -0.957398 -0.251354
vn 0.142161 -0.957398 0.251354
vn 0.869175 -0.494506 0.000000
vn 0.869175 -0.494506 0.000000
vn 0.869174 0.494506 0.000000
vn 0.869174 0.494506 0.000000
vn -0.869175 -0.494505 0.000000
vn -0.869175 -0.494505 0.000000
vn -0.869175 0.494505 0.000000
vn -0.869175 0.494505 0.000000
vn 0.000000 -0.321430 0.946934
vn 0.000000 -0.321429 0.946934
vn 0.000000 0.321429 0.946934
vn 0.000000 0.321430 0.946934
vn -0.142161 0.957398 -0.251354
vn -0.142161 0.957398 0.251354
vn 0.142161 0.957398 0.251354
vn 0.142161 0.957398 -0.251354
vn 0.000000 0.321430 -0.946934
vn 0.000000 0.321429 -0.946934
vn 0.000000 -0.321429 -0.946934
vn 0.000000 -0.321430 -0.946934
vn -0.142161 -0.957398 0.251354
vn -0.142161 -0.957398 -0.251354
vn 0.142161 -0.957398 -0.251354
vn 0.142161 -0.957398 0.251354
vn 0.869174 -0.494506 0.000000
vn 0.869174 -0.494506 0.000000
vn 0.869174 0.494506 0.000000
vn 0.869174 0.494506 0.000000
vn -0.869175 -0.494505 0.000000
vn -0.869175 -0.494505 0.000000
vn -0.869175 0.494505 0.000000
vn -0.869175 0.494505 0.000000
vn 0.000000 -0.321430 0.946934
vn 0.000000 -0.321430 0.946934
vn 0.000000 0.321430 0.946934
vn 0.000000 0.321430 0.946934
vn -0.142161 0.957398 -0.251354
vn -0.142161 0.957398 0.251354
vn 0.142161 0.957398 0.251354
vn 0.142161 0.957398 -0.251354
vn 0.000000 0.321430 -0.946934
vn 0.000000 0.321430 -0.946934
vn 0.000000 -0.321430 -0.946934
vn 0.000000 -0.321430 -0.946934
vn -0.142161 -0.957398 0.251354
vn -0.142161 -0.957398 -0.251354
vn 0.142161 -0.957398 -0.251354
vn 0.142161 -0.957398 0.251354
vn 0.869175 -0.494505 0.000000
vn 0.869175 -0.494505 0.000000
vn 0.869175 0.494506 0.000000
vn 0.869175 0.494506 0.000000
vn -0.869175 -0.494505 0.000000
vn -0.869175 -0.494505 0.000000
vn -0.869175 0.494506 0.000000
vn -0.869175 0.494506 0.000000
vn -0.264841 -0.360399 0.894412
vn -0.264841 -0.360399 0.894412
vn -0.235782 0.280797 0.930355
vn -0.235782 0.280797 0.930355
vn -0.027235 0.973778 -0.225865
vn -0.160120 0.952648 0.258501
vn 0.113788 0.936063 0.332924
vn 0.246673 0.957193 -0.151442
vn 0.264841 0.360399 -0.894411
vn 0.264841 0.360399 -0.894411
vn 0.235782 -0.280797 -0.930355
vn 0.235782 -0.280797 -0.930355
vn -0.246673 -0.957193 0.151442
vn -0.113788 -0.936063 -0.332924
vn 0.160120 -0.952648 -0.258501
vn 0.027235 -0.973778 0.225865
vn 0.814984 -0.543927 0.199862
vn 0.814984 -0.543927 0.199862
vn 0.859689 0.442525 0.255159
vn 0.859689 0.442525 0.255159
vn -0.859689 -0.442525 -0.255159
vn -0.859689 -0.442525 -0.255159
vn -0.814984 0.543927 -0.199862
vn -0.814984 0.543927 -0.199862
vn 0.000000 -0.321430 0.946934
vn 0.000000 -0.321430 0.946934
vn 0.000000 0.321430 0.946934
vn 0.000000 0.321430 0.946934
vn -0.142161 0.957398 -0.251354
vn -0.142161 0.957398 0.251354
vn 0.142161 0.957398 0.251354
vn 0.142161 0.957398 -0.251354
vn 0.000000 0.321430 -0.946934
vn 0.000000 0.321430 -0.946934
vn 0.000000 -0.321430 -0.946934
vn 0.000000 -0.321430 -0.946934
vn -0.142161 -0.957398 0.251354
vn -0.142161 -0.957398 -0.251354
vn 0.142161 -0.957398 -0.251354
vn 0.142161 -0.957398 0.251354
vn 0.869174 -0.494506 0.000000
vn 0.869174 -0.494506 0.000000
vn 0.869174 0.494506 0.000000
vn 0.869174 0.494506 0.000000
vn -0.869174 -0.494506 0.000000
vn -0.869174 -0.494506 0.000000
vn -0.869174 0.494506 0.000000
vn -0.869174 0.494506 0.000000
vn 0.000000 -0.321430 0.946934
vn 0.000000 -0.321430 0.946934
vn 0.000000 0.321429 0.946934
vn 0.000000 0.321430 0.946934
vn -0.142161 0.957398 -0.251354
vn -0.142161 0.957398 0.251354
vn 0.142161 0.957398 0.251354
vn 0.142161 0.957398 -0.251354
vn 0.000000 0.321430 -0.946934
vn 0.000000 0.321430 -0.946934
vn 0.000000 -0.321430 -0.946934
vn 0.000000 -0.321430 -0.946934
vn -0.142161 -0.957398 0.251354
vn -0.142161 -0.957398 -0.251354
vn 0.142161 -0.957398 -0.251354
vn 0.142161 -0.957398 0.251354
vn 0.869174 -0.494506 0.000000
vn 0.869174 -0.494506 0.000000
vn 0.869174 0.494506 0.000000
vn 0.869174 0.494506 0.000000
vn -0.869174 -0.494506 0.000000
vn -0.869174 -0.494506 0.000000
vn -0.869174 0.494506 0.000000
vn -0.869174 0.494506 0.000000
vn -0.086376 -0.321430 0.942986
vn -0.086376 -0.321430 0.942986
vn -0.086376 0.321430 0.942986
vn -0.086376 0.321430 0.942986
vn -0.118641 0.957398 -0.263274
vn -0.164496 0.957398 0.237339
vn 0.118641 0.957398 0.263274
vn 0.164496 0.957398 -0.237339
vn 0.086376 0.321430 -0.942986
vn 0.086376 0.321430 -0.942986
vn 0.086376 -0.321430 -0.942986
vn 0.086376 -0.321430 -0.942986
vn -0.164496 -0.957398 0.237339
vn -0.118641 -0.957398 -0.263274
vn 0.164496 -0.957398 -0.237339
vn 0.118641 -0.957398 0.263274
vn 0.865551 -0.494505 0.079283
vn 0.865551 -0.494505 0.079283
vn 0.865551 0.494505 0.079283
vn 0.865551 0.494505 0.079283
vn -0.865551 -0.494506 -0.079283
vn -0.865551 -0.494506 -0.079283
vn -0.865551 0.494506 -0.079283
vn -0.865551 0.494506 -0.079283
vn 0.000000 -0.321430 0.946934
vn 0.000000 -0.321430 0.946934
vn 0.000000 0.321430 0.946934
vn 0.000000 0.321430 0.946934
vn -0.142161 0.957398 -0.251354
vn -0.142161 0.957398 0.251354
vn 0.142161 0.957398 0.251354
vn 0.142161 0.957398 -0.251354
vn 0.000000 0.321430 -0.946934
vn 0.000000 0.321430 -0.946934
vn 0.000000 -0.321429 -0.946934
vn 0.000000 -0.321429 -0.946934
vn -0.142161 -0.957398 0.251354
vn -0.142161 -0.957398 -0.251354
vn 0.142161 -0.957398 -0.251354
vn 0.142161 -0.957398 0.251354
vn 0.869175 -0.494505 0.000000
vn 0.869175 -0.494505 0.000000
vn 0.869175 0.494505 0.000000
vn 0.869175 0.494505 0.000000
vn -0.869175 -0.494505 0.000000
vn -0.869175 -0.494505 0.000000
vn -0.869175 0.494505 0.000000
vn -0.869175 0.494505 0.000000
vn -0.234031 -0.321429 0.917558
vn -0.234031 -0.321430 0.917558
vn -0.234031 0.321430 0.917558
vn -0.234031 0.321429 0.917558
vn -0.075630 0.957398 -0.278691
vn -0.199872 0.957398 0.208422
vn 0.075630 0.957398 0.278691
vn 0.199872 0.957398 -0.208422
vn 0.234031 0.321429 -0.917558
vn 0.234031 0.321430 -0.917558
vn 0.234031 -0.321430 -0.917558
vn 0.234031 -0.321429 -0.917558
vn -0.199873 -0.957398 0.208422
vn -0.075630 -0.957398 -0.278691
vn 0.199872 -0.957398 -0.208422
vn 0.075630 -0.957398 0.278691
vn 0.842212 -0.494505 0.214814
vn 0.842212 -0.494505 0.214814
vn 0.842212 0.494505 0.214813
vn 0.842212 0.494505 0.214813
vn -0.842211 -0.494506 -0.214813
vn -0.842211 -0.494506 -0.214813
vn -0.842211 0.494506 -0.214813
vn -0.842211 0.494506 -0.214813
vn 0.000000 -0.321430 0.946934
vn 0.000000 -0.321430 0.946934
vn 0.000000 0.321430 0.946934
vn 0.000000 0.321430 0.946934
vn -0.142161 0.957398 -0.251354
vn -0.142161 0.957398 0.251354
vn 0.142161 0.957398 0.251354
vn 0.142161 0.957398 -0.251354
vn 0.000000 0.321430 -0.946934
vn 0.000000 0.321430 -0.946934
vn 0.000000 -0.321429 -0.946934
vn 0.000000 -0.321429 -0.946934
vn -0.142161 -0.957398 0.251354
vn -0.142161 -0.957398 -0.251354
vn 0.142161 -0.957398 -0.251354
vn 0.142161 -0.957398 0.251354
vn 0.869175 -0.494505 0.000000
vn 0.869175 -0.494505 0.000000
vn 0.869175 0.494505 0.000000
vn 0.869175 0.494505 0.000000
vn -0.869175 -0.494505 0.000000
vn -0.869175 -0.494505 0.000000
vn -0.869175 0.494505 0.000000
vn -0.869175 0.494505 0.000000
vn 0.000000 -0.321430 0.946934
vn 0.000000 -0.321430 0.946934
vn 0.000000 0.321430 0.946934
vn 0.000000 0.321430 0.946934
vn -0.142161 0.957398 -0.251354
vn -0.142161 0.957398 0.251354
vn 0.142161 0.957398 0.251354
vn 0.142161 0.957398 -0.251354
vn 0.000000 0.321429 -0.946934
vn 0.000000 0.321429 -0.946934
vn 0.000000 -0.321430 -0.946934
vn 0.000000 -0.321430 -0.946934
vn -0.142161 -0.957398 0.251354
vn -0.142161 -0.957398 -0.251354
vn 0.142161 -0.957398 -0.251354
vn 0.142161 -0.957398 0.251354
vn 0.869175 -0.494505 0.000000
vn 0.869175 -0.494505 0.000000
vn 0.869175 0.494505 0.000000
vn 0.869175 0.494505 0.000000
vn -0.869175 -0.494506 0.000000
vn -0.869175 -0.494506 0.000000
vn -0.869175 0.494506 0.000000
vn -0.869175 0.494506 0.000000
vn 0.130319 -0.321430 0.937923
vn 0.130319 -0.321429 0.937923
vn 0.130319 0.321429 0.937923
vn 0.130319 0.321430 0.937923
vn -0.175401 0.957398 -0.229398
vn -0.106217 0.957398 0.268527
vn 0.175401 0.957398 0.229398
vn 0.106217 0.957398 -0.268527
vn -0.130319 0.321430 -0.937923
vn -0.130319 0.321430 -0.937923
vn -0.130319 -0.321429 -0.937923
vn -0.130319 -0.321429 -0.937923
vn -0.106217 -0.957398 0.268527
vn -0.175401 -0.957398 -0.229398
vn 0.106217 -0.957398 -0.268527
vn 0.175400 -0.957398 0.229398
vn 0.860904 -0.494505 -0.119618
vn 0.860904 -0.494505 -0.119618
vn 0.860904 0.494505 -0.119618
vn 0.860904 0.494505 -0.119618
vn -0.860904 -0.494505 0.119618
vn -0.860904 -0.494505 0.119618
vn -0.860904 0.494505 0.119618
vn -0.860904 0.494505 0.119618
vn -0.409367 -0.321429 0.853875
vn -0.409367 -0.321429 0.853875
vn -0.409367 0.321430 0.853875
vn -0.409367 0.321430 0.853875
vn -0.019528 0.957398 -0.288110
vn -0.236853 0.957398 0.165195
vn 0.019528 0.957398 0.288110
vn 0.236853 0.957398 -0.165195
vn 0.409367 0.321429 -0.853875
vn 0.409367 0.321429 -0.853875
vn 0.409367 -0.321429 -0.853875
vn 0.409367 -0.321429 -0.853875
vn -0.236853 -0.957398 0.165195
vn -0.019528 -0.957398 -0.288110
vn 0.236853 -0.957398 -0.165195
vn 0.019528 -0.957398 0.288110
vn 0.783757 -0.494506 0.375751
vn 0.783757 -0.494506 0.375751
vn 0.783757 0.494506 0.375751
vn 0.783757 0.494506 0.375751
vn -0.783758 -0.494505 -0.375751
vn -0.783758 -0.494505 -0.375751
vn -0.783757 0.494505 -0.375751
vn -0.783757 0.494505 -0.375751
vn 0.000000 -0.321430 0.946934
vn 0.000000 -0.321430 0.946934
vn 0.000000 0.321430 0.946934
vn 0.000000 0.321430 0.946934
vn -0.142161 0.957398 -0.251354
vn -0.142161 0.957398 0.251354
vn 0.142161 0.957398 0.251354
vn 0.142161 0.957398 -0.251354
vn 0.000000 0.321429 -0.946934
vn 0.000000 0.321429 -0.946934
vn 0.000000 -0.321430 -0.946934
vn 0.000000 -0.321430 -0.946934
vn -0.142161 -0.957398 0.251354
vn -0.142161 -0.957398 -0.251354
vn 0.142161 -0.957398 -0.251354
vn 0.142161 -0.957398 0.251354
vn 0.869175 -0.494505 0.000000
vn 0.869175 -0.494505 0.000000
vn 0.869175 0.494505 0.000000
vn 0.869175 0.494505 0.000000
vn -0.869175 -0.494505 0.000000
vn -0.869175 -0.494505 0.000000
vn -0.869175 0.494505 0.000000
vn -0.869175 0.494505 0.000000
vn -0.052628 -0.321430 0.945470
vn -0.052628 -0.321430 0.945470
vn -0.052628 0.321430 0.945470
vn -0.052628 0.321430 0.945470
vn -0.127972 0.957398 -0.258867
vn -0.155911 0.957398 0.243064
vn 0.127972 0.957398 0.258867
vn 0.155911 0.957398 -0.243065
vn 0.052628 0.321430 -0.945470
vn 0.052628 0.321430 -0.945470
vn 0.052628 -0.321430 -0.945470
vn 0.052628 -0.321430 -0.945470
vn -0.155911 -0.957398 0.243065
vn -0.127972 -0.957398 -0.258866
vn 0.155911 -0.957398 -0.243065
vn 0.127972 -0.957398 0.258867
vn 0.867831 -0.494505 0.048306
vn 0.867831 -0.494505 0.048306
vn 0.867831 0.494505 0.048306
vn 0.867831 0.494505 0.048306
vn -0.867830 -0.494507 -0.048306
vn -0.867831 -0.494507 -0.048306
vn -0.867830 0.494507 -0.048306
vn -0.867830 0.494507 -0.048306
vn 0.941433 -0.321430 -0.101916
vn 0.941433 -0.321430 -0.101916
vn 0.941433 0.321430 -0.101916
vn 0.941433 0.321430 -0.101916
vn -0.234593 0.957398 0.168388
vn 0.265194 0.957398 0.114283
vn 0.234593 0.957398 -0.168388
vn -0.265194 0.957398 -0.114283
vn -0.941433 0.321430 0.101916
vn -0.941433 0.321430 0.101916
vn -0.941433 -0.321430 0.101916
vn -0.941433 -0.321430 0.101916
vn 0.265195 -0.957398 0.114283
vn -0.234593 -0.957398 0.168388
vn -0.265194 -0.957398 -0.114283
vn 0.234593 -0.957398 -0.168388
vn -0.093547 -0.494506 -0.864126
vn -0.093547 -0.494506 -0.864126
vn -0.093547 0.494506 -0.864126
vn -0.093547 0.494506 -0.864126
vn 0.093547 -0.494506 0.864126
vn 0.093547 -0.494506 0.864126
vn 0.093547 0.494506 0.864126
vn 0.093547 0.494506 0.864126
vn 0.761659 -0.321430 0.562635
vn 0.761659 -0.321430 0.562635
vn 0.761659 0.321430 0.562635
vn 0.761659 0.321430 0.562635
vn -0.286642 0.957398 -0.034999
vn 0.117707 0.957398 0.263692
vn 0.286642 0.957398 0.034999
vn -0.117707 0.957398 -0.263692
vn -0.761659 0.321430 -0.562635
vn -0.761659 0.321430 -0.562635
vn -0.761659 -0.321430 -0.562635
vn -0.761659 -0.321430 -0.562635
vn 0.117707 -0.957398 0.263692
vn -0.286642 -0.957398 -0.034999
vn -0.117707 -0.957398 -0.263692
vn 0.286642 -0.957398 0.034999
vn 0.516433 -0.494505 -0.699114
vn 0.516433 -0.494505 -0.699114
vn 0.516433 0.494505 -0.699114
vn 0.516433 0.494505 -0.699114
vn -0.516434 -0.494505 0.699114
vn -0.516433 -0.494505 0.699114
vn -0.516434 0.494505 0.699114
vn -0.516434 0.494505 0.699114
vn 0.000000 -0.321430 0.946934
vn 0.000000 -0.321430 0.946934
vn 0.000000 0.321430 0.946934
vn 0.000000 0.321430 0.946934
vn -0.142161 0.957398 -0.251354
vn -0.142161 0.957398 0.251354
vn 0.142161 0.957398 0.251354
vn 0.142161 0.957398 -0.251354
vn 0.000000 0.321430 -0.946934
vn 0.000000 0.321430 -0.946934
vn 0.000000 -0.321430 -0.946934
vn 0.000000 -0.321430 -0.946934
vn -0.142161 -0.957398 0.251354
vn -0.142161 -0.957398 -0.251354
vn 0.142162 -0.957398 -0.251354
vn 0.142162 -0.957398 0.251354
vn 0.869175 -0.494505 0.000000
vn 0.869175 -0.494505 0.000000
vn 0.869175 0.494505 0.000000
vn 0.869175 0.494505 0.000000
vn -0.869174 -0.494506 0.000000
vn -0.869174 -0.494506 0.000000
vn -0.869174 0.494506 0.000000
vn -0.869174 0.494506 0.000000
vn 0.001296 -0.348325 0.937373
vn 0.001296 -0.348325 0.937373
vn 0.032933 0.293503 0.955391
vn 0.032933 0.293503 0.955391
vn -0.099392 0.970058 -0.221606
vn -0.090306 0.955506 0.280809
vn 0.193626 0.941665 0.275273
vn 0.184540 0.956217 -0.227142
vn -0.001296 0.348325 -0.937373
vn -0.001296 0.348325 -0.937373
vn -0.032933 -0.293503 -0.955391
vn -0.032933 -0.293503 -0.955391
vn -0.184540 -0.956217 0.227142
vn -0.193626 -0.941665 -0.275273
vn 0.090306 -0.955506 -0.280809
vn 0.099392 -0.970058 0.221607
vn 0.843642 -0.536023 -0.030782
vn 0.843642 -0.536023 -0.030782
vn 0.892315 0.451403 -0.003062
vn 0.892315 0.451403 -0.003062
vn -0.892315 -0.451402 0.003062
vn -0.892315 -0.451402 0.003062
vn -0.843643 0.536022 0.030782
vn -0.843643 0.536022 0.030782
vn -0.198405 -0.385384 0.901174
vn -0.198405 -0.385383 0.901174
vn -0.194094 0.255823 0.947039
vn -0.194094 0.255823 0.947039
vn -0.080558 0.975165 -0.206311
vn -0.184743 0.940774 0.284278
vn 0.093400 0.934709 0.342922
vn 0.197585 0.969100 -0.147668
vn 0.198405 0.385384 -0.901174
vn 0.198405 0.385384 -0.901174
vn 0.194094 -0.255823 -0.947039
vn 0.194094 -0.255823 -0.947039
vn -0.197585 -0.969100 0.147668
vn -0.093400 -0.934709 -0.342922
vn 0.184743 -0.940774 -0.284279
vn 0.080558 -0.975165 0.206311
vn 0.846968 -0.511774 0.143992
vn 0.846967 -0.511774 0.143992
vn 0.853600 0.474693 0.214553
vn 0.853600 0.474694 0.214553
vn -0.853600 -0.474694 -0.214553
vn -0.853600 -0.474694 -0.214553
vn -0.846967 0.511775 -0.143992
vn -0.846967 0.511775 -0.143992
vn -0.185691 -0.321430 0.928548
vn -0.185691 -0.321430 0.928548
vn -0.185691 0.321430 0.928548
vn -0.185691 0.321430 0.928548
vn -0.090111 0.957398 -0.274351
vn -0.188691 0.957398 0.218596
vn 0.090111 0.957398 0.274351
vn 0.188691 0.957398 -0.218596
vn 0.185691 0.321430 -0.928548
vn 0.185691 0.321430 -0.928548
vn 0.185691 -0.321430 -0.928548
vn 0.185691 -0.321430 -0.928548
vn -0.188691 -0.957398 0.218597
vn -0.090111 -0.957398 -0.274351
vn 0.188691 -0.957398 -0.218596
vn 0.090111 -0.957398 0.274351
vn 0.852299 -0.494506 0.170442
vn 0.852299 -0.494506 0.170442
vn 0.852299 0.494506 0.170442
vn 0.852299 0.494506 0.170442
vn -0.852299 -0.494506 -0.170443
vn -0.852299 -0.494506 -0.170443
vn -0.852299 0.494506 -0.170443
vn -0.852299 0.494506 -0.170443
vn 0.000000 -0.321430 0.946934
vn 0.000000 -0.321430 0.946934
vn 0.000000 0.321430 0.946934
vn 0.000000 0.321430 0.946934
vn -0.142161 0.957398 -0.251354
vn -0.142161 0.957398 0.251354
vn 0.142161 0.957398 0.251354
vn 0.142161 0.957398 -0.251354
vn 0.000000 0.321430 -0.946934
vn 0.000000 0.321430 -0.946934
vn 0.000000 -0.321430 -0.946934
vn 0.000000 -0.321430 -0.946934
vn -0.142161 -0.957398 0.251354
vn -0.142161 -0.957398 -0.251354
vn 0.142161 -0.957398 -0.251354
vn 0.142161 -0.957398 0.251354
vn 0.869174 -0.494506 0.000000
vn 0.869174 -0.494506 0.000000
vn 0.869174 0.494506 0.000000
vn 0.869174 0.494506 0.000000
vn -0.869175 -0.494506 0.000000
vn -0.869175 -0.494506 0.000000
vn -0.869174 0.494506 0.000000
vn -0.869174 0.494506 0.000000
vn 0.000000 -0.321430 0.946934
vn 0.000000 -0.321429 0.946934
vn 0.000000 0.321429 0.946934
vn 0.000000 0.321430 0.946934
vn -0.142161 0.957398 -0.251354
vn -0.142161 0.957398 0.251354
vn 0.142161 0.957398 0.251354
vn 0.142161 0.957398 -0.251354
vn 0.000000 0.321430 -0.946934
vn 0.000000 0.321429 -0.946934
vn 0.000000 -0.321429 -0.946934
vn 0.000000 -0.321430 -0.946934
vn -0.142161 -0.957398 0.251354
vn -0.142161 -0.957398 -0.251354
vn 0.142161 -0.957398 -0.251354
vn 0.142161 -0.957398 0.251354
vn 0.869174 -0.494507 0.000000
vn 0.869174 -0.494507 0.000000
vn 0.869174 0.494507 0.000000
vn 0.869174 0.494507 0.000000
vn -0.869174 -0.494506 0.000000
vn -0.869174 -0.494506 0.000000
vn -0.869174 0.494506 0.000000
vn -0.869174 0.494506 0.000000
vn 0.000000 -0.321430 0.946934
vn 0.000000 -0.321430 0.946933
vn 0.000000 0.321430 0.946934
vn 0.000000 0.321430 0.946934
vn -0.142161 0.957398 -0.251354
vn -0.142161 0.957398 0.251354
vn 0.142161 0.957398 0.251354
vn 0.142161 0.957398 -0.251354
vn 0.000000 0.321430 -0.946934
vn 0.000000 0.321430 -0.946933
vn 0.000000 -0.321430 -0.946933
vn 0.000000 -0.321430 -0.946934
vn -0.142161 -0.957398 0.251354
vn -0.142161 -0.957398 -0.251354
vn 0.142162 -0.957398 -0.251354
vn 0.142162 -0.957398 0.251354
vn 0.869175 -0.494505 0.000000
vn 0.869175 -0.494505 0.000000
vn 0.869175 0.494505 0.000000
vn 0.869175 0.494505 0.000000
vn -0.869174 -0.494506 0.000000
vn -0.869174 -0.494506 0.000000
vn -0.869174 0.494506 0.000000
vn -0.869174 0.494506 0.000000
vn 0.122859 -0.321430 0.938930
vn 0.122859 -0.321430 0.938930
vn 0.122859 0.321430 0.938930
vn 0.122859 0.321430 0.938930
vn -0.173571 0.957398 -0.230785
vn -0.108348 0.957398 0.267674
vn 0.173571 0.957398 0.230785
vn 0.108348 0.957398 -0.267674
vn -0.122859 0.321430 -0.938930
vn -0.122859 0.321430 -0.938930
vn -0.122859 -0.321430 -0.938930
vn -0.122859 -0.321430 -0.938930
vn -0.108348 -0.957398 0.267674
vn -0.173571 -0.957398 -0.230785
vn 0.108348 -0.957398 -0.267674
vn 0.173572 -0.957398 0.230785
vn 0.861828 -0.494505 -0.112770
vn 0.861828 -0.494505 -0.112770
vn 0.861828 0.494505 -0.112770
vn 0.861828 0.494506 -0.112770
vn -0.861828 -0.494506 0.112770
vn -0.861828 -0.494506 0.112770
vn -0.861828 0.494506 0.112770
vn -0.861828 0.494506 0.112770
vn 0.000000 -0.321429 0.946934
vn 0.000000 -0.321430 0.946934
vn -0.000000 0.321430 0.946934
vn -0.000000 0.321429 0.946934
vn -0.142161 0.957398 -0.251354
vn -0.142161 0.957398 0.251354
vn 0.142161 0.957398 0.251354
vn 0.142161 0.957398 -0.251354
vn -0.000000 0.321430 -0.946934
vn -0.000000 0.321430 -0.946933
vn 0.000000 -0.321430 -0.946934
vn 0.000000 -0.321429 -0.946934
vn -0.142161 -0.957398 0.251354
vn -0.142161 -0.957398 -0.251354
vn 0.142161 -0.957398 -0.251354
vn 0.142161 -0.957398 0.251354
vn 0.869174 -0.494506 0.000000
vn 0.869174 -0.494506 0.000000
vn 0.869174 0.494506 0.000000
vn 0.869174 0.494506 0.000000
vn -0.869174 -0.494506 0.000000
vn -0.869174 -0.494506 0.000000
vn -0.869174 0.494506 0.000000
vn -0.869174 0.494506 0.000000
vn 0.123135 -0.321430 0.938893
vn 0.123135 -0.321430 0.938893
vn 0.123135 0.321429 0.938893
vn 0.123135 0.321429 0.938893
vn -0.173639 0.957398 -0.230734
vn -0.108269 0.957398 0.267706
vn 0.173639 0.957398 0.230734
vn 0.108269 0.957398 -0.267706
vn -0.123135 0.321430 -0.938893
vn -0.123135 0.321429 -0.938893
vn -0.123135 -0.321429 -0.938893
vn -0.123135 -0.321430 -0.938893
vn -0.108269 -0.957398 0.267706
vn -0.173639 -0.957398 -0.230734
vn 0.108269 -0.957398 -0.267706
vn 0.173639 -0.957398 0.230734
vn 0.861795 -0.494505 -0.113024
vn 0.861795 -0.494505 -0.113024
vn 0.861795 0.494505 -0.113024
vn 0.861795 0.494505 -0.113024
vn -0.861795 -0.494505 0.113024
vn -0.861795 -0.494505 0.113024
vn -0.861795 0.494505 0.113024
vn -0.861795 0.494505 0.113024
vn 0.000000 -0.321429 0.946934
vn 0.000000 -0.321429 0.946934
vn 0.000000 0.321429 0.946934
vn 0.000000 0.321429 0.946934
vn -0.142161 0.957398 -0.251354
vn -0.142161 0.957398 0.251354
vn 0.142161 0.957398 0.251354
vn 0.142161 0.957398 -0.251354
vn 0.000000 0.321429 -0.946934
vn 0.000000 0.321429 -0.946934
vn 0.000000 -0.321429 -0.946934
vn 0.000000 -0.321429 -0.946934
vn -0.142161 -0.957398 0.251354
vn -0.142161 -0.957398 -0.251354
vn 0.142161 -0.957398 -0.251354
vn 0.142161 -0.957398 0.251354
vn 0.869175 -0.494505 0.000000
vn 0.869175 -0.494505 0.000000
vn 0.869175 0.494505 0.000000
vn 0.869175 0.494505 0.000000
vn -0.869175 -0.494505 0.000000
vn -0.869175 -0.494505 0.000000
vn -0.869175 0.494505 0.000000
vn -0.869175 0.494505 0.000000
vn 0.224608 -0.321429 0.919910
vn 0.224608 -0.321429 0.919910
vn 0.224608 0.321429 0.919910
vn 0.224608 0.321429 0.919910
vn -0.197724 0.957398 -0.210461
vn -0.078485 0.957398 0.277901
vn 0.197724 0.957398 0.210461
vn 0.078485 0.957398 -0.277901
vn -0.224608 0.321430 -0.919910
vn -0.224608 0.321430 -0.919910
vn -0.224608 -0.321430 -0.919910
vn -0.224608 -0.321430 -0.919910
vn -0.078484 -0.957398 0.277901
vn -0.197724 -0.957398 -0.210461
vn 0.078485 -0.957398 -0.277901
vn 0.197724 -0.957398 0.210461
vn 0.844370 -0.494506 -0.206164
vn 0.844370 -0.494506 -0.206164
vn 0.844370 0.494506 -0.206164
vn 0.844370 0.494506 -0.206164
vn -0.844370 -0.494505 0.206164
vn -0.844370 -0.494505 0.206164
vn -0.844370 0.494505 0.206164
vn -0.844370 0.494505 0.206164
vn 0.000000 -0.321429 0.946934
vn 0.000000 -0.321429 0.946934
vn 0.000000 0.321430 0.946934
vn 0.000000 0.321429 0.946934
vn -0.142161 0.957398 -0.251354
vn -0.142161 0.957398 0.251354
vn 0.142161 0.957398 0.251354
vn 0.142161 0.957398 -0.251354
vn 0.000000 0.321429 -0.946934
vn 0.000000 0.321429 -0.946934
vn 0.000000 -0.321430 -0.946934
vn 0.000000 -0.321429 -0.946934
vn -0.142161 -0.957398 0.251354
vn -0.142161 -0.957398 -0.251354
vn 0.142161 -0.957398 -0.251354
vn 0.142161 -0.957398 0.251354
vn 0.869175 -0.494505 0.000000
vn 0.869175 -0.494505 0.000000
vn 0.869175 0.494505 0.000000
vn 0.869175 0.494505 0.000000
vn -0.869174 -0.494506 0.000000
vn -0.869174 -0.494506 0.000000
vn -0.869174 0.494506 0.000000
vn -0.869174 0.494506 0.000000
vn -0.169799 -0.321429 0.931585
vn -0.169799 -0.321429 0.931586
vn -0.169799 0.321429 0.931586
vn -0.169799 0.321429 0.931585
vn -0.094786 0.957398 -0.272772
vn -0.184929 0.957398 0.221788
vn 0.094786 0.957398 0.272772
vn 0.184929 0.957398 -0.221788
vn 0.169799 0.321429 -0.931586
vn 0.169799 0.321430 -0.931585
vn 0.169799 -0.321429 -0.931585
vn 0.169799 -0.321429 -0.931585
vn -0.184929 -0.957398 0.221788
vn -0.094786 -0.957398 -0.272772
vn 0.184929 -0.957398 -0.221788
vn 0.094786 -0.957398 0.272772
vn 0.855087 -0.494506 0.155855
vn 0.855087 -0.494506 0.155855
vn 0.855087 0.494505 0.155856
vn 0.855087 0.494506 0.155855
vn -0.855087 -0.494505 -0.155855
vn -0.855087 -0.494505 -0.155855
vn -0.855087 0.494505 -0.155855
vn -0.855087 0.494506 -0.155855
vn 0.437316 -0.321430 0.839903
vn 0.437316 -0.321430 0.839903
vn 0.437316 0.321430 0.839903
vn 0.437316 0.321430 0.839903
vn -0.242174 0.957398 -0.157291
vn -0.010012 0.957398 0.288597
vn 0.242174 0.957398 0.157290
vn 0.010012 0.957398 -0.288598
vn -0.437317 0.321429 -0.839903
vn -0.437317 0.321429 -0.839903
vn -0.437317 -0.321429 -0.839903
vn -0.437317 -0.321429 -0.839903
vn -0.010012 -0.957398 0.288597
vn -0.242175 -0.957398 -0.157290
vn 0.010012 -0.957398 -0.288597
vn 0.242174 -0.957398 0.157290
vn 0.770932 -0.494507 -0.401405
vn 0.770932 -0.494507 -0.401405
vn 0.770932 0.494507 -0.401405
vn 0.770932 0.494507 -0.401406
vn -0.770933 -0.494506 0.401406
vn -0.770933 -0.494506 0.401406
vn -0.770933 0.494506 0.401406
vn -0.770933 0.494506 0.401406
vn -0.920967 -0.321430 0.220233
vn -0.920967 -0.321430 0.220233
vn -0.920967 0.321430 0.220233
vn -0.920967 0.321430 0.220233
vn 0.211398 0.957398 -0.196722
vn -0.277525 0.957398 -0.079805
vn -0.211398 0.957398 0.196722
vn 0.277525 0.957398 0.079804
vn 0.920967 0.321430 -0.220233
vn 0.920967 0.321430 -0.220233
vn 0.920967 -0.321430 -0.220233
vn 0.920967 -0.321430 -0.220233
vn -0.277525 -0.957398 -0.079804
vn 0.211398 -0.957398 -0.196722
vn 0.277525 -0.957398 0.079805
vn -0.211398 -0.957398 0.196722
vn 0.202148 -0.494506 0.845340
vn 0.202148 -0.494506 0.845340
vn 0.202148 0.494506 0.845340
vn 0.202148 0.494506 0.845340
vn -0.202148 -0.494506 -0.845340
vn -0.202148 -0.494506 -0.845340
vn -0.202148 0.494506 -0.845340
vn -0.202148 0.494506 -0.845340
vn 0.734289 -0.321430 0.597915
vn 0.734289 -0.321430 0.597915
vn 0.734289 0.321430 0.597915
vn 0.734289 0.321430 0.597915
vn -0.284674 0.957398 -0.048473
vn 0.105146 0.957398 0.268948
vn 0.284673 0.957398 0.048474
vn -0.105146 0.957398 -0.268948
vn -0.734289 0.321430 -0.597915
vn -0.734289 0.321430 -0.597915
vn -0.734289 -0.321430 -0.597915
vn -0.734289 -0.321430 -0.597915
vn 0.105146 -0.957398 0.268948
vn -0.284674 -0.957398 -0.048473
vn -0.105146 -0.957398 -0.268948
vn 0.284673 -0.957398 0.048473
vn 0.548816 -0.494506 -0.673992
vn 0.548816 -0.494506 -0.673992
vn 0.548816 0.494506 -0.673992
vn 0.548816 0.494506 -0.673992
vn -0.548816 -0.494506 0.673992
vn -0.548816 -0.494506 0.673992
vn -0.548816 0.494506 0.673992
vn -0.548816 0.494505 0.673992
vn -0.321050 -0.321429 0.890848
vn -0.321050 -0.321429 0.890848
vn -0.321050 0.321430 0.890848
vn -0.321050 0.321430 0.890848
vn -0.048522 0.957398 -0.284666
vn -0.218961 0.957398 0.188268
vn 0.048522 0.957398 0.284665
vn 0.218961 0.957398 -0.188269
vn 0.321050 0.321429 -0.890848
vn 0.321050 0.321429 -0.890848
vn 0.321050 -0.321430 -0.890848
vn 0.321050 -0.321430 -0.890848
vn -0.218961 -0.957398 0.188268
vn -0.048522 -0.957398 -0.284665
vn 0.218961 -0.957398 -0.188268
vn 0.048522 -0.957398 0.284665
vn 0.817694 -0.494506 0.294686
vn 0.817695 -0.494505 0.294686
vn 0.817695 0.494506 0.294686
vn 0.817695 0.494506 0.294686
vn -0.817695 -0.494505 -0.294686
vn -0.817695 -0.494505 -0.294686
vn -0.817695 0.494505 -0.294686
vn -0.817695 0.494505 -0.294686
vn 0.936761 -0.321429 -0.138426
vn 0.936761 -0.321429 -0.138426
vn 0.936761 0.321429 -0.138426
vn 0.936761 0.321429 -0.138426
vn -0.227872 0.957398 0.177378
vn 0.269436 0.957398 0.103890
vn 0.227872 0.957398 -0.177378
vn -0.269436 0.957398 -0.103890
vn -0.936761 0.321430 0.138427
vn -0.936761 0.321430 0.138427
vn -0.936761 -0.321430 0.138427
vn -0.936761 -0.321430 0.138427
vn 0.269436 -0.957398 0.103890
vn -0.227872 -0.957398 0.177378
vn -0.269436 -0.957398 -0.103890
vn 0.227872 -0.957398 -0.177378
vn -0.127059 -0.494506 -0.859837
vn -0.127059 -0.494506 -0.859837
vn -0.127059 0.494506 -0.859837
vn -0.127059 0.494506 -0.859837
vn 0.127059 -0.494506 0.859837
vn 0.127059 -0.494506 0.859837
vn 0.127059 0.494506 0.859837
vn 0.127059 0.494506 0.859837
vn -0.946147 -0.321430 -0.038590
vn -0.946147 -0.321429 -0.038590
vn -0.946147 0.321430 -0.038590
vn -0.946147 0.321430 -0.038590
vn 0.256938 0.957398 -0.131800
vn -0.245352 0.957398 -0.152286
vn -0.256938 0.957398 0.131800
vn 0.245351 0.957398 0.152287
vn 0.946147 0.321430 0.038590
vn 0.946147 0.321430 0.038590
vn 0.946147 -0.321429 0.038590
vn 0.946147 -0.321429 0.038590
vn -0.245352 -0.957398 -0.152286
vn 0.256939 -0.957398 -0.131800
vn 0.245352 -0.957398 0.152287
vn -0.256939 -0.957398 0.131800
vn -0.035421 -0.494506 0.868452
vn -0.035421 -0.494506 0.868452
vn -0.035421 0.494506 0.868452
vn -0.035421 0.494506 0.868452
vn 0.035421 -0.494506 -0.868452
vn 0.035421 -0.494506 -0.868452
vn 0.035421 0.494506 -0.868452
vn 0.035421 0.494506 -0.868452
vn -0.669965 -0.321429 -0.669202
vn -0.669965 -0.321429 -0.669202
vn -0.669965 0.321429 -0.669201
vn -0.669965 0.321429 -0.669201
vn 0.278301 0.957398 0.077052
vn -0.077369 0.957398 -0.278213
vn -0.278301 0.957398 -0.077052
vn 0.077369 0.957398 0.278214
vn 0.669964 0.321430 0.669201
vn 0.669964 0.321430 0.669201
vn 0.669965 -0.321430 0.669201
vn 0.669965 -0.321430 0.669201
vn -0.077369 -0.957398 -0.278213
vn 0.278301 -0.957398 0.077052
vn 0.077369 -0.957398 0.278213
vn -0.278301 -0.957398 -0.077052
vn -0.614249 -0.494505 0.614949
vn -0.614249 -0.494505 0.614949
vn -0.614249 0.494505 0.614950
vn -0.614249 0.494505 0.614950
vn 0.614249 -0.494506 -0.614949
vn 0.614249 -0.494506 -0.614949
vn 0.614249 0.494506 -0.614949
vn 0.614249 0.494506 -0.614949
vn -0.946774 -0.321430 0.017359
vn -0.946774 -0.321430 0.017359
vn -0.946774 0.321430 0.017359
vn -0.946774 0.321430 0.017359
vn 0.248705 0.957398 -0.146745
vn -0.253918 0.957398 -0.137530
vn -0.248705 0.957398 0.146745
vn 0.253918 0.957398 0.137530
vn 0.946774 0.321430 -0.017359
vn 0.946774 0.321430 -0.017359
vn 0.946774 -0.321430 -0.017359
vn 0.946774 -0.321430 -0.017359
vn -0.253918 -0.957398 -0.137530
vn 0.248706 -0.957398 -0.146745
vn 0.253918 -0.957398 0.137530
vn -0.248706 -0.957398 0.146745
vn 0.015934 -0.494506 0.869028
vn 0.015934 -0.494506 0.869028
vn 0.015934 0.494505 0.869028
vn 0.015934 0.494506 0.869028
vn -0.015934 -0.494505 -0.869029
vn -0.015934 -0.494505 -0.869029
vn -0.015934 0.494505 -0.869029
vn -0.015934 0.494505 -0.869029
vn -0.946774 -0.321430 0.017359
vn -0.946774 -0.321430 0.017359
vn -0.946774 0.321430 0.017359
vn -0.946774 0.321430 0.017359
vn 0.248705 0.957398 -0.146745
vn -0.253918 0.957398 -0.137530
vn -0.248705 0.957398 0.146745
vn 0.253918 0.957398 0.137530
vn 0.946774 0.321430 -0.017359
vn 0.946774 0.321430 -0.017359
vn 0.946774 -0.321430 -0.017359
vn 0.946774 -0.321430 -0.017359
vn -0.253918 -0.957398 -0.137530
vn 0.248705 -0.957398 -0.146745
vn 0.253918 -0.957398 0.137530
vn -0.248705 -0.957398 0.146745
vn 0.015934 -0.494505 0.869029
vn 0.015934 -0.494505 0.869029
vn 0.015934 0.494505 0.869029
vn 0.015934 0.494505 0.869029
vn -0.015934 -0.494505 -0.869029
vn -0.015934 -0.494505 -0.869029
vn -0.015934 0.494505 -0.869029
vn -0.015934 0.494505 -0.869029
vn -0.946775 -0.321428 0.017359
vn -0.946775 -0.321428 0.017359
vn -0.946775 0.321428 0.017359
vn -0.946775 0.321428 0.017359
vn 0.248706 0.957398 -0.146745
vn -0.253919 0.957398 -0.137530
vn -0.248706 0.957398 0.146746
vn 0.253918 0.957398 0.137530
vn 0.946774 0.321430 -0.017359
vn 0.946774 0.321430 -0.017359
vn 0.946774 -0.321430 -0.017359
vn 0.946774 -0.321430 -0.017359
vn -0.253918 -0.957398 -0.137530
vn 0.248706 -0.957398 -0.146745
vn 0.253918 -0.957398 0.137530
vn -0.248706 -0.957398 0.146746
vn 0.015934 -0.494506 0.869028
vn 0.015934 -0.494506 0.869028
vn 0.015934 0.494505 0.869028
vn 0.015934 0.494506 0.869028
vn -0.015934 -0.494505 -0.869028
vn -0.015934 -0.494506 -0.869028
vn -0.015934 0.494506 -0.869028
vn -0.015934 0.494505 -0.869028
vn -0.946775 -0.321428 0.017359
vn -0.946775 -0.321428 0.017359
vn -0.946775 0.321428 0.017359
vn -0.946775 0.321428 0.017359
vn 0.248705 0.957398 -0.146745
vn -0.253918 0.957398 -0.137530
vn -0.248706 0.957398 0.146745
vn 0.253918 0.957398 0.137530
vn 0.946774 0.321430 -0.017359
vn 0.946774 0.321430 -0.017359
vn 0.946774 -0.321430 -0.017359
vn 0.946774 -0.321430 -0.017359
vn -0.253918 -0.957398 -0.137530
vn 0.248706 -0.957398 -0.146745
vn 0.253918 -0.957398 0.137530
vn -0.248706 -0.957398 0.146745
vn 0.015934 -0.494506 0.869028
vn 0.015934 -0.494506 0.869029
vn 0.015934 0.494505 0.869029
vn 0.015934 0.494506 0.869029
vn -0.015934 -0.494505 -0.869029
vn -0.015934 -0.494505 -0.869028
vn -0.015934 0.494505 -0.869028
vn -0.015934 0.494505 -0.869028
s 1
g polySurface11
usemtl lambert2SG
f 1/1/1 2/2/2 4/3/3 3/4/4
f 10/5/5 9/6/6 11/7/7 12/8/8
f 5/9/9 6/10/10 8/11/11 7/12/12
f 13/13/13 14/14/14 16/15/15 15/16/16
f 2/17/17 8/18/18 6/19/19 4/20/20
f 7/21/21 1/22/22 3/23/23 5/24/24
f 1/25/1 13/13/13 15/16/16 2/26/2
f 5/27/9 10/5/5 12/8/8 6/28/10
f 9/6/6 3/29/4 4/30/3 11/31/7
f 14/32/14 7/33/12 8/34/11 16/15/15
f 3/29/23 9/6/6 10/5/5 5/27/24
f 11/7/7 4/35/20 6/28/19 12/8/8
f 13/13/13 1/25/22 7/36/21 14/14/14
f 2/26/17 15/16/16 16/15/15 8/34/18
s 4
f 17/37/25 18/38/26 20/39/27 19/40/28
f 26/41/29 25/42/30 27/43/31 28/44/32
f 21/45/33 22/46/34 24/47/35 23/48/36
f 29/49/37 30/50/38 32/51/39 31/52/40
f 18/53/41 24/54/42 22/55/43 20/56/44
f 23/57/45 17/58/46 19/59/47 21/60/48
f 17/61/25 29/49/37 31/52/40 18/62/26
f 21/63/33 26/41/29 28/44/32 22/64/34
f 25/42/30 19/65/28 20/66/27 27/67/31
f 30/68/38 23/69/36 24/70/35 32/51/39
f 19/65/47 25/42/30 26/41/29 21/63/48
f 27/43/31 20/71/44 22/64/43 28/44/32
f 29/49/37 17/61/46 23/72/45 30/50/38
f 18/62/41 31/52/40 32/51/39 24/70/42
s 7
f 33/73/49 34/74/50 36/75/51 35/76/52
f 42/77/53 41/78/54 43/79/55 44/80/56
f 37/81/57 38/82/58 40/83/59 39/84/60
f 45/85/61 46/86/62 48/87/63 47/88/64
f 34/89/65 40/90/66 38/91/67 36/92/68
f 39/93/69 33/94/70 35/95/71 37/96/72
f 33/97/49 45/85/61 47/88/64 34/98/50
f 37/99/57 42/77/53 44/80/56 38/100/58
f 41/78/54 35/101/52 36/102/51 43/103/55
f 46/104/62 39/105/60 40/106/59 48/87/63
f 35/101/71 41/78/54 42/77/53 37/99/72
f 43/79/55 36/107/68 38/100/67 44/80/56
f 45/85/61 33/97/70 39/108/69 46/86/62
f 34/98/65 47/88/64 48/87/63 40/106/66
s 10
f 49/109/73 50/110/74 52/111/75 51/112/76
f 58/113/77 57/114/78 59/115/79 60/116/80
f 53/117/81 54/118/82 56/119/83 55/120/84
f 61/121/85 62/122/86 64/123/87 63/124/88
f 50/125/89 56/126/90 54/127/91 52/128/92
f 55/129/93 49/130/94 51/131/95 53/132/96
f 49/133/73 61/121/85 63/124/88 50/134/74
f 53/135/81 58/113/77 60/116/80 54/136/82
f 57/114/78 51/137/76 52/138/75 59/139/79
f 62/140/86 55/141/84 56/142/83 64/123/87
f 51/137/95 57/114/78 58/113/77 53/135/96
f 59/115/79 52/143/92 54/136/91 60/116/80
f 61/121/85 49/133/94 55/144/93 62/122/86
f 50/134/89 63/124/88 64/123/87 56/142/90
s 13
f 65/145/97 66/146/98 68/147/99 67/148/100
f 74/149/101 73/150/102 75/151/103 76/152/104
f 69/153/105 70/154/106 72/155/107 71/156/108
f 77/157/109 78/158/110 80/159/111 79/160/112
f 66/161/113 72/162/114 70/163/115 68/164/116
f 71/165/117 65/166/118 67/167/119 69/168/120
f 65/169/97 77/157/109 79/160/112 66/170/98
f 69/171/105 74/149/101 76/152/104 70/172/106
f 73/150/102 67/173/100 68/174/99 75/175/103
f 78/176/110 71/177/108 72/178/107 80/159/111
f 67/173/119 73/150/102 74/149/101 69/171/120
f 75/151/103 68/179/116 70/172/115 76/152/104
f 77/157/109 65/169/118 71/180/117 78/158/110
f 66/170/113 79/160/112 80/159/111 72/178/114
s 16
f 81/181/121 82/182/122 84/183/123 83/184/124
f 90/185/125 89/186/126 91/187/127 92/188/128
f 85/189/129 86/190/130 88/191/131 87/192/132
f 93/193/133 94/194/134 96/195/135 95/196/136
f 82/197/137 88/198/138 86/199/139 84/200/140
f 87/201/141 81/202/142 83/203/143 85/204/144
f 81/205/121 93/193/133 95/196/136 82/206/122
f 85/207/129 90/185/125 92/188/128 86/208/130
f 89/186/126 83/209/124 84/210/123 91/211/127
f 94/212/134 87/213/132 88/214/131 96/195/135
f 83/209/143 89/186/126 90/185/125 85/207/144
f 91/187/127 84/215/140 86/208/139 92/188/128
f 93/193/133 81/205/142 87/216/141 94/194/134
f 82/206/137 95/196/136 96/195/135 88/214/138
s 19
f 97/217/145 98/218/146 100/219/147 99/220/148
f 106/221/149 105/222/150 107/223/151 108/224/152
f 101/225/153 102/226/154 104/227/155 103/228/156
f 109/229/157 110/230/158 112/231/159 111/232/160
f 98/233/161 104/234/162 102/235/163 100/236/164
f 103/237/165 97/238/166 99/239/167 101/240/168
f 97/241/145 109/229/157 111/232/160 98/242/146
f 101/243/153 106/221/149 108/224/152 102/244/154
f 105/222/150 99/245/148 100/246/147 107/247/151
f 110/248/158 103/249/156 104/250/155 112/231/159
f 99/245/167 105/222/150 106/221/149 101/243/168
f 107/223/151 100/251/164 102/244/163 108/224/152
f 109/229/157 97/241/166 103/252/165 110/230/158
f 98/242/161 111/232/160 112/231/159 104/250/162
s 22
f 113/253/169 114/254/170 116/255/171 115/256/172
f 122/257/173 121/258/174 123/259/175 124/260/176
f 117/261/177 118/262/178 120/263/179 119/264/180
f 125/265/181 126/266/182 128/267/183 127/268/184
f 114/269/185 120/270/186 118/271/187 116/272/188
f 119/273/189 113/274/190 115/275/191 117/276/192
f 113/277/169 125/265/181 127/268/184 114/278/170
f 117/279/177 122/257/173 124/260/176 118/280/178
f 121/258/174 115/281/172 116/282/171 123/283/175
f 126/284/182 119/285/180 120/286/179 128/267/183
f 115/281/191 121/258/174 122/257/173 117/279/192
f 123/259/175 116/287/188 118/280/187 124/260/176
f 125/265/181 113/277/190 119/288/189 126/266/182
f 114/278/185 127/268/184 128/267/183 120/286/186
s 25
f 129/289/193 130/290/194 132/291/195 131/292/196
f 138/293/197 137/294/198 139/295/199 140/296/200
f 133/297/201 134/298/202 136/299/203 135/300/204
f 141/301/205 142/302/206 144/303/207 143/304/208
f 130/305/209 136/306/210 134/307/211 132/308/212
f 135/309/213 129/310/214 131/311/215 133/312/216
f 129/313/193 141/301/205 143/304/208 130/314/194
f 133/315/201 138/293/197 140/296/200 134/316/202
f 137/294/198 131/317/196 132/318/195 139/319/199
f 142/320/206 135/321/204 136/322/203 144/303/207
f 131/317/215 137/294/198 138/293/197 133/315/216
f 139/295/199 132/323/212 134/316/211 140/296/200
f 141/301/205 129/313/214 135/324/213 142/302/206
f 130/314/209 143/304/208 144/303/207 136/322/210
s 28
f 145/325/217 146/326/218 148/327/219 147/328/220
f 154/329/221 153/330/222 155/331/223 156/332/224
f 149/333/225 150/334/226 152/335/227 151/336/228
f 157/337/229 158/338/230 160/339/231 159/340/232
f 146/341/233 152/342/234 150/343/235 148/344/236
f 151/345/237 145/346/238 147/347/239 149/348/240
f 145/349/217 157/337/229 159/340/232 146/350/218
f 149/351/225 154/329/221 156/332/224 150/352/226
f 153/330/222 147/353/220 148/354/219 155/355/223
f 158/356/230 151/357/228 152/358/227 160/339/231
f 147/353/239 153/330/222 154/329/221 149/351/240
f 155/331/223 148/359/236 150/352/235 156/332/224
f 157/337/229 145/349/238 151/360/237 158/338/230
f 146/350/233 159/340/232 160/339/231 152/358/234
s 31
f 161/361/241 162/362/242 164/363/243 163/364/244
f 170/365/245 169/366/246 171/367/247 172/368/248
f 165/369/249 166/370/250 168/371/251 167/372/252
f 173/373/253 174/374/254 176/375/255 175/376/256
f 162/377/257 168/378/258 166/379/259 164/380/260
f 167/381/261 161/382/262 163/383/263 165/384/264
f 161/385/241 173/373/253 175/376/256 162/386/242
f 165/387/249 170/365/245 172/368/248 166/388/250
f 169/366/246 163/389/244 164/390/243 171/391/247
f 174/392/254 167/393/252 168/394/251 176/375/255
f 163/389/263 169/366/246 170/365/245 165/387/264
f 171/367/247 164/395/260 166/388/259 172/368/248
f 173/373/253 161/385/262 167/396/261 174/374/254
f 162/386/257 175/376/256 176/375/255 168/394/258
s 34
f 177/397/265 178/398/266 180/399/267 179/400/268
f 186/401/269 185/402/270 187/403/271 188/404/272
f 181/405/273 182/406/274 184/407/275 183/408/276
f 189/409/277 190/410/278 192/411/279 191/412/280
f 178/413/281 184/414/282 182/415/283 180/416/284
f 183/417/285 177/418/286 179/419/287 181/420/288
f 177/421/265 189/409/277 191/412/280 178/422/266
f 181/423/273 186/401/269 188/404/272 182/424/274
f 185/402/270 179/425/268 180/426/267 187/427/271
f 190/428/278 183/429/276 184/430/275 192/411/279
f 179/425/287 185/402/270 186/401/269 181/423/288
f 187/403/271 180/431/284 182/424/283 188/404/272
f 189/409/277 177/421/286 183/432/285 190/410/278
f 178/422/281 191/412/280 192/411/279 184/430/282
s 37
f 193/433/289 194/434/290 196/435/291 195/436/292
f 202/437/293 201/438/294 203/439/295 204/440/296
f 197/441/297 198/442/298 200/443/299 199/444/300
f 205/445/301 206/446/302 208/447/303 207/448/304
f 194/449/305 200/450/306 198/451/307 196/452/308
f 199/453/309 193/454/310 195/455/311 197/456/312
f 193/457/289 205/445/301 207/448/304 194/458/290
f 197/459/297 202/437/293 204/440/296 198/460/298
f 201/438/294 195/461/292 196/462/291 203/463/295
f 206/464/302 199/465/300 200/466/299 208/447/303
f 195/461/311 201/438/294 202/437/293 197/459/312
f 203/439/295 196/467/308 198/460/307 204/440/296
f 205/445/301 193/457/310 199/468/309 206/446/302
f 194/458/305 207/448/304 208/447/303 200/466/306
s 40
f 209/469/313 210/470/314 212/471/315 211/472/316
f 218/473/317 217/474/318 219/475/319 220/476/320
f 213/477/321 214/478/322 216/479/323 215/480/324
f 221/481/325 222/482/326 224/483/327 223/484/328
f 210/485/329 216/486/330 214/487/331 212/488/332
f 215/489/333 209/490/334 211/491/335 213/492/336
f 209/493/313 221/481/325 223/484/328 210/494/314
f 213/495/321 218/473/317 220/476/320 214/496/322
f 217/474/318 211/497/316 212/498/315 219/499/319
f 222/500/326 215/501/324 216/502/323 224/483/327
f 211/497/335 217/474/318 218/473/317 213/495/336
f 219/475/319 212/503/332 214/496/331 220/476/320
f 221/481/325 209/493/334 215/504/333 222/482/326
f 210/494/329 223/484/328 224/483/327 216/502/330
s 43
f 225/505/337 226/506/338 228/507/339 227/508/340
f 234/509/341 233/510/342 235/511/343 236/512/344
f 229/513/345 230/514/346 232/515/347 231/516/348
f 237/517/349 238/518/350 240/519/351 239/520/352
f 226/521/353 232/522/354 230/523/355 228/524/356
f 231/525/357 225/526/358 227/527/359 229/528/360
f 225/529/337 237/517/349 239/520/352 226/530/338
f 229/531/345 234/509/341 236/512/344 230/532/346
f 233/510/342 227/533/340 228/534/339 235/535/343
f 238/536/350 231/537/348 232/538/347 240/519/351
f 227/533/359 233/510/342 234/509/341 229/531/360
f 235/511/343 228/539/356 230/532/355 236/512/344
f 237/517/349 225/529/358 231/540/357 238/518/350
f 226/530/353 239/520/352 240/519/351 232/538/354
s 46
f 241/541/361 242/542/362 244/543/363 243/544/364
f 250/545/365 249/546/366 251/547/367 252/548/368
f 245/549/369 246/550/370 248/551/371 247/552/372
f 253/553/373 254/554/374 256/555/375 255/556/376
f 242/557/377 248/558/378 246/559/379 244/560/380
f 247/561/381 241/562/382 243/563/383 245/564/384
f 241/565/361 253/553/373 255/556/376 242/566/362
f 245/567/369 250/545/365 252/548/368 246/568/370
f 249/546/366 243/569/364 244/570/363 251/571/367
f 254/572/374 247/573/372 248/574/371 256/555/375
f 243/569/383 249/546/366 250/545/365 245/567/384
f 251/547/367 244/575/380 246/568/379 252/548/368
f 253/553/373 241/565/382 247/576/381 254/554/374
f 242/566/377 255/556/376 256/555/375 248/574/378
s 49
f 257/577/385 258/578/386 260/579/387 259/580/388
f 266/581/389 265/582/390 267/583/391 268/584/392
f 261/585/393 262/586/394 264/587/395 263/588/396
f 269/589/397 270/590/398 272/591/399 271/592/400
f 258/593/401 264/594/402 262/595/403 260/596/404
f 263/597/405 257/598/406 259/599/407 261/600/408
f 257/601/385 269/589/397 271/592/400 258/602/386
f 261/603/393 266/581/389 268/584/392 262/604/394
f 265/582/390 259/605/388 260/606/387 267/607/391
f 270/608/398 263/609/396 264/610/395 272/591/399
f 259/605/407 265/582/390 266/581/389 261/603/408
f 267/583/391 260/611/404 262/604/403 268/584/392
f 269/589/397 257/601/406 263/612/405 270/590/398
f 258/602/401 271/592/400 272/591/399 264/610/402
s 52
f 273/613/409 274/614/410 276/615/411 275/616/412
f 282/617/413 281/618/414 283/619/415 284/620/416
f 277/621/417 278/622/418 280/623/419 279/624/420
f 285/625/421 286/626/422 288/627/423 287/628/424
f 274/629/425 280/630/426 278/631/427 276/632/428
f 279/633/429 273/634/430 275/635/431 277/636/432
f 273/637/409 285/625/421 287/628/424 274/638/410
f 277/639/417 282/617/413 284/620/416 278/640/418
f 281/618/414 275/641/412 276/642/411 283/643/415
f 286/644/422 279/645/420 280/646/419 288/627/423
f 275/641/431 281/618/414 282/617/413 277/639/432
f 283/619/415 276/647/428 278/640/427 284/620/416
f 285/625/421 273/637/430 279/648/429 286/626/422
f 274/638/425 287/628/424 288/627/423 280/646/426
s 55
f 289/649/433 290/650/434 292/651/435 291/652/436
f 298/653/437 297/654/438 299/655/439 300/656/440
f 293/657/441 294/658/442 296/659/443 295/660/444
f 301/661/445 302/662/446 304/663/447 303/664/448
f 290/665/449 296/666/450 294/667/451 292/668/452
f 295/669/453 289/670/454 291/671/455 293/672/456
f 289/673/433 301/661/445 303/664/448 290/674/434
f 293/675/441 298/653/437 300/656/440 294/676/442
f 297/654/438 291/677/436 292/678/435 299/679/439
f 302/680/446 295/681/444 296/682/443 304/663/447
f 291/677/455 297/654/438 298/653/437 293/675/456
f 299/655/439 292/683/452 294/676/451 300/656/440
f 301/661/445 289/673/454 295/684/453 302/662/446
f 290/674/449 303/664/448 304/663/447 296/682/450
s 58
f 305/685/457 306/686/458 308/687/459 307/688/460
f 314/689/461 313/690/462 315/691/463 316/692/464
f 309/693/465 310/694/466 312/695/467 311/696/468
f 317/697/469 318/698/470 320/699/471 319/700/472
f 306/701/473 312/702/474 310/703/475 308/704/476
f 311/705/477 305/706/478 307/707/479 309/708/480
f 305/709/457 317/697/469 319/700/472 306/710/458
f 309/711/465 314/689/461 316/692/464 310/712/466
f 313/690/462 307/713/460 308/714/459 315/715/463
f 318/716/470 311/717/468 312/718/467 320/699/471
f 307/713/479 313/690/462 314/689/461 309/711/480
f 315/691/463 308/719/476 310/712/475 316/692/464
f 317/697/469 305/709/478 311/720/477 318/698/470
f 306/710/473 319/700/472 320/699/471 312/718/474
s 61
f 321/721/481 322/722/482 324/723/483 323/724/484
f 330/725/485 329/726/486 331/727/487 332/728/488
f 325/729/489 326/730/490 328/731/491 327/732/492
f 333/733/493 334/734/494 336/735/495 335/736/496
f 322/737/497 328/738/498 326/739/499 324/740/500
f 327/741/501 321/742/502 323/743/503 325/744/504
f 321/745/481 333/733/493 335/736/496 322/746/482
f 325/747/489 330/725/485 332/728/488 326/748/490
f 329/726/486 323/749/484 324/750/483 331/751/487
f 334/752/494 327/753/492 328/754/491 336/735/495
f 323/749/503 329/726/486 330/725/485 325/747/504
f 331/727/487 324/755/500 326/748/499 332/728/488
f 333/733/493 321/745/502 327/756/501 334/734/494
f 322/746/497 335/736/496 336/735/495 328/754/498
s 64
f 337/757/505 338/758/506 340/759/507 339/760/508
f 346/761/509 345/762/510 347/763/511 348/764/512
f 341/765/513 342/766/514 344/767/515 343/768/516
f 349/769/517 350/770/518 352/771/519 351/772/520
f 338/773/521 344/774/522 342/775/523 340/776/524
f 343/777/525 337/778/526 339/779/527 341/780/528
f 337/781/505 349/769/517 351/772/520 338/782/506
f 341/783/513 346/761/509 348/764/512 342/784/514
f 345/762/510 339/785/508 340/786/507 347/787/511
f 350/788/518 343/789/516 344/790/515 352/771/519
f 339/785/527 345/762/510 346/761/509 341/783/528
f 347/763/511 340/791/524 342/784/523 348/764/512
f 349/769/517 337/781/526 343/792/525 350/770/518
f 338/782/521 351/772/520 352/771/519 344/790/522
s 67
f 353/793/529 354/794/530 356/795/531 355/796/532
f 362/797/533 361/798/534 363/799/535 364/800/536
f 357/801/537 358/802/538 360/803/539 359/804/540
f 365/805/541 366/806/542 368/807/543 367/808/544
f 354/809/545 360/810/546 358/811/547 356/812/548
f 359/813/549 353/814/550 355/815/551 357/816/552
f 353/817/529 365/805/541 367/808/544 354/818/530
f 357/819/537 362/797/533 364/800/536 358/820/538
f 361/798/534 355/821/532 356/822/531 363/823/535
f 366/824/542 359/825/540 360/826/539 368/807/543
f 355/821/551 361/798/534 362/797/533 357/819/552
f 363/799/535 356/827/548 358/820/547 364/800/536
f 365/805/541 353/817/550 359/828/549 366/806/542
f 354/818/545 367/808/544 368/807/543 360/826/546
s 70
f 369/829/553 370/830/554 372/831/555 371/832/556
f 378/833/557 377/834/558 379/835/559 380/836/560
f 373/837/561 374/838/562 376/839/563 375/840/564
f 381/841/565 382/842/566 384/843/567 383/844/568
f 370/845/569 376/846/570 374/847/571 372/848/572
f 375/849/573 369/850/574 371/851/575 373/852/576
f 369/853/553 381/841/565 383/844/568 370/854/554
f 373/855/561 378/833/557 380/836/560 374/856/562
f 377/834/558 371/857/556 372/858/555 379/859/559
f 382/860/566 375/861/564 376/862/563 384/843/567
f 371/857/575 377/834/558 378/833/557 373/855/576
f 379/835/559 372/863/572 374/856/571 380/836/560
f 381/841/565 369/853/574 375/864/573 382/842/566
f 370/854/569 383/844/568 384/843/567 376/862/570
s 73
f 385/865/577 386/866/578 388/867/579 387/868/580
f 394/869/581 393/870/582 395/871/583 396/872/584
f 389/873/585 390/874/586 392/875/587 391/876/588
f 397/877/589 398/878/590 400/879/591 399/880/592
f 386/881/593 392/882/594 390/883/595 388/884/596
f 391/885/597 385/886/598 387/887/599 389/888/600
f 385/889/577 397/877/589 399/880/592 386/890/578
f 389/891/585 394/869/581 396/872/584 390/892/586
f 393/870/582 387/893/580 388/894/579 395/895/583
f 398/896/590 391/897/588 392/898/587 400/879/591
f 387/893/599 393/870/582 394/869/581 389/891/600
f 395/871/583 388/899/596 390/892/595 396/872/584
f 397/877/589 385/889/598 391/900/597 398/878/590
f 386/890/593 399/880/592 400/879/591 392/898/594
s 76
f 401/901/601 402/902/602 404/903/603 403/904/604
f 410/905/605 409/906/606 411/907/607 412/908/608
f 405/909/609 406/910/610 408/911/611 407/912/612
f 413/913/613 414/914/614 416/915/615 415/916/616
f 402/917/617 408/918/618 406/919/619 404/920/620
f 407/921/621 401/922/622 403/923/623 405/924/624
f 401/925/601 413/913/613 415/916/616 402/926/602
f 405/927/609 410/905/605 412/908/608 406/928/610
f 409/906/606 403/929/604 404/930/603 411/931/607
f 414/932/614 407/933/612 408/934/611 416/915/615
f 403/929/623 409/906/606 410/905/605 405/927/624
f 411/907/607 404/935/620 406/928/619 412/908/608
f 413/913/613 401/925/622 407/936/621 414/914/614
f 402/926/617 415/916/616 416/915/615 408/934/618
s 79
f 417/937/625 418/938/626 420/939/627 419/940/628
f 426/941/629 425/942/630 427/943/631 428/944/632
f 421/945/633 422/946/634 424/947/635 423/948/636
f 429/949/637 430/950/638 432/951/639 431/952/640
f 418/953/641 424/954/642 422/955/643 420/956/644
f 423/957/645 417/958/646 419/959/647 421/960/648
f 417/961/625 429/949/637 431/952/640 418/962/626
f 421/963/633 426/941/629 428/944/632 422/964/634
f 425/942/630 419/965/628 420/966/627 427/967/631
f 430/968/638 423/969/636 424/970/635 432/951/639
f 419/965/647 425/942/630 426/941/629 421/963/648
f 427/943/631 420/971/644 422/964/643 428/944/632
f 429/949/637 417/961/646 423/972/645 430/950/638
f 418/962/641 431/952/640 432/951/639 424/970/642
s 82
f 433/973/649 434/974/650 436/975/651 435/976/652
f 442/977/653 441/978/654 443/979/655 444/980/656
f 437/981/657 438/982/658 440/983/659 439/984/660
f 445/985/661 446/986/662 448/987/663 447/988/664
f 434/989/665 440/990/666 438/991/667 436/992/668
f 439/993/669 433/994/670 435/995/671 437/996/672
f 433/997/649 445/985/661 447/988/664 434/998/650
f 437/999/657 442/977/653 444/980/656 438/1000/658
f 441/978/654 435/1001/652 436/1002/651 443/1003/655
f 446/1004/662 439/1005/660 440/1006/659 448/987/663
f 435/1001/671 441/978/654 442/977/653 437/999/672
f 443/979/655 436/1007/668 438/1000/667 444/980/656
f 445/985/661 433/997/670 439/1008/669 446/986/662
f 434/998/665 447/988/664 448/987/663 440/1006/666
s 85
f 449/1009/673 450/1010/674 452/1011/675 451/1012/676
f 458/1013/677 457/1014/678 459/1015/679 460/1016/680
f 453/1017/681 454/1018/682 456/1019/683 455/1020/684
f 461/1021/685 462/1022/686 464/1023/687 463/1024/688
f 450/1025/689 456/1026/690 454/1027/691 452/1028/692
f 455/1029/693 449/1030/694 451/1031/695 453/1032/696
f 449/1033/673 461/1021/685 463/1024/688 450/1034/674
f 453/1035/681 458/1013/677 460/1016/680 454/1036/682
f 457/1014/678 451/1037/676 452/1038/675 459/1039/679
f 462/1040/686 455/1041/684 456/1042/683 464/1023/687
f 451/1037/695 457/1014/678 458/1013/677 453/1035/696
f 459/1015/679 452/1043/692 454/1036/691 460/1016/680
f 461/1021/685 449/1033/694 455/1044/693 462/1022/686
f 450/1034/689 463/1024/688 464/1023/687 456/1042/690
s 88
f 465/1045/697 466/1046/698 468/1047/699 467/1048/700
f 474/1049/701 473/1050/702 475/1051/703 476/1052/704
f 469/1053/705 470/1054/706 472/1055/707 471/1056/708
f 477/1057/709 478/1058/710 480/1059/711 479/1060/712
f 466/1061/713 472/1062/714 470/1063/715 468/1064/716
f 471/1065/717 465/1066/718 467/1067/719 469/1068/720
f 465/1069/697 477/1057/709 479/1060/712 466/1070/698
f 469/1071/705 474/1049/701 476/1052/704 470/1072/706
f 473/1050/702 467/1073/700 468/1074/699 475/1075/703
f 478/1076/710 471/1077/708 472/1078/707 480/1059/711
f 467/1073/719 473/1050/702 474/1049/701 469/1071/720
f 475/1051/703 468/1079/716 470/1072/715 476/1052/704
f 477/1057/709 465/1069/718 471/1080/717 478/1058/710
f 466/1070/713 479/1060/712 480/1059/711 472/1078/714
s 91
f 481/1081/721 482/1082/722 484/1083/723 483/1084/724
f 490/1085/725 489/1086/726 491/1087/727 492/1088/728
f 485/1089/729 486/1090/730 488/1091/731 487/1092/732
f 493/1093/733 494/1094/734 496/1095/735 495/1096/736
f 482/1097/737 488/1098/738 486/1099/739 484/1100/740
f 487/1101/741 481/1102/742 483/1103/743 485/1104/744
f 481/1105/721 493/1093/733 495/1096/736 482/1106/722
f 485/1107/729 490/1085/725 492/1088/728 486/1108/730
f 489/1086/726 483/1109/724 484/1110/723 491/1111/727
f 494/1112/734 487/1113/732 488/1114/731 496/1095/735
f 483/1109/743 489/1086/726 490/1085/725 485/1107/744
f 491/1087/727 484/1115/740 486/1108/739 492/1088/728
f 493/1093/733 481/1105/742 487/1116/741 494/1094/734
f 482/1106/737 495/1096/736 496/1095/735 488/1114/738
s 94
f 497/1117/745 498/1118/746 500/1119/747 499/1120/748
f 506/1121/749 505/1122/750 507/1123/751 508/1124/752
f 501/1125/753 502/1126/754 504/1127/755 503/1128/756
f 509/1129/757 510/1130/758 512/1131/759 511/1132/760
f 498/1133/761 504/1134/762 502/1135/763 500/1136/764
f 503/1137/765 497/1138/766 499/1139/767 501/1140/768
f 497/1141/745 509/1129/757 511/1132/760 498/1142/746
f 501/1143/753 506/1121/749 508/1124/752 502/1144/754
f 505/1122/750 499/1145/748 500/1146/747 507/1147/751
f 510/1148/758 503/1149/756 504/1150/755 512/1131/759
f 499/1145/767 505/1122/750 506/1121/749 501/1143/768
f 507/1123/751 500/1151/764 502/1144/763 508/1124/752
f 509/1129/757 497/1141/766 503/1152/765 510/1130/758
f 498/1142/761 511/1132/760 512/1131/759 504/1150/762
s 97
f 513/1153/769 514/1154/770 516/1155/771 515/1156/772
f 522/1157/773 521/1158/774 523/1159/775 524/1160/776
f 517/1161/777 518/1162/778 520/1163/779 519/1164/780
f 525/1165/781 526/1166/782 528/1167/783 527/1168/784
f 514/1169/785 520/1170/786 518/1171/787 516/1172/788
f 519/1173/789 513/1174/790 515/1175/791 517/1176/792
f 513/1177/769 525/1165/781 527/1168/784 514/1178/770
f 517/1179/777 522/1157/773 524/1160/776 518/1180/778
f 521/1158/774 515/1181/772 516/1182/771 523/1183/775
f 526/1184/782 519/1185/780 520/1186/779 528/1167/783
f 515/1181/791 521/1158/774 522/1157/773 517/1179/792
f 523/1159/775 516/1187/788 518/1180/787 524/1160/776
f 525/1165/781 513/1177/790 519/1188/789 526/1166/782
f 514/1178/785 527/1168/784 528/1167/783 520/1186/786
s 100
f 529/1189/793 530/1190/794 532/1191/795 531/1192/796
f 538/1193/797 537/1194/798 539/1195/799 540/1196/800
f 533/1197/801 534/1198/802 536/1199/803 535/1200/804
f 541/1201/805 542/1202/806 544/1203/807 543/1204/808
f 530/1205/809 536/1206/810 534/1207/811 532/1208/812
f 535/1209/813 529/1210/814 531/1211/815 533/1212/816
f 529/1213/793 541/1201/805 543/1204/808 530/1214/794
f 533/1215/801 538/1193/797 540/1196/800 534/1216/802
f 537/1194/798 531/1217/796 532/1218/795 539/1219/799
f 542/1220/806 535/1221/804 536/1222/803 544/1203/807
f 531/1217/815 537/1194/798 538/1193/797 533/1215/816
f 539/1195/799 532/1223/812 534/1216/811 540/1196/800
f 541/1201/805 529/1213/814 535/1224/813 542/1202/806
f 530/1214/809 543/1204/808 544/1203/807 536/1222/810
s 103
f 545/1225/817 546/1226/818 548/1227/819 547/1228/820
f 554/1229/821 553/1230/822 555/1231/823 556/1232/824
f 549/1233/825 550/1234/826 552/1235/827 551/1236/828
f 557/1237/829 558/1238/830 560/1239/831 559/1240/832
f 546/1241/833 552/1242/834 550/1243/835 548/1244/836
f 551/1245/837 545/1246/838 547/1247/839 549/1248/840
f 545/1249/817 557/1237/829 559/1240/832 546/1250/818
f 549/1251/825 554/1229/821 556/1232/824 550/1252/826
f 553/1230/822 547/1253/820 548/1254/819 555/1255/823
f 558/1256/830 551/1257/828 552/1258/827 560/1239/831
f 547/1253/839 553/1230/822 554/1229/821 549/1251/840
f 555/1231/823 548/1259/836 550/1252/835 556/1232/824
f 557/1237/829 545/1249/838 551/1260/837 558/1238/830
f 546/1250/833 559/1240/832 560/1239/831 552/1258/834
s 106
f 561/1261/841 562/1262/842 564/1263/843 563/1264/844
f 570/1265/845 569/1266/846 571/1267/847 572/1268/848
f 565/1269/849 566/1270/850 568/1271/851 567/1272/852
f 573/1273/853 574/1274/854 576/1275/855 575/1276/856
f 562/1277/857 568/1278/858 566/1279/859 564/1280/860
f 567/1281/861 561/1282/862 563/1283/863 565/1284/864
f 561/1285/841 573/1273/853 575/1276/856 562/1286/842
f 565/1287/849 570/1265/845 572/1268/848 566/1288/850
f 569/1266/846 563/1289/844 564/1290/843 571/1291/847
f 574/1292/854 567/1293/852 568/1294/851 576/1275/855
f 563/1289/863 569/1266/846 570/1265/845 565/1287/864
f 571/1267/847 564/1295/860 566/1288/859 572/1268/848
f 573/1273/853 561/1285/862 567/1296/861 574/1274/854
f 562/1286/857 575/1276/856 576/1275/855 568/1294/858
s 109
f 577/1297/865 578/1298/866 580/1299/867 579/1300/868
f 586/1301/869 585/1302/870 587/1303/871 588/1304/872
f 581/1305/873 582/1306/874 584/1307/875 583/1308/876
f 589/1309/877 590/1310/878 592/1311/879 591/1312/880
f 578/1313/881 584/1314/882 582/1315/883 580/1316/884
f 583/1317/885 577/1318/886 579/1319/887 581/1320/888
f 577/1321/865 589/1309/877 591/1312/880 578/1322/866
f 581/1323/873 586/1301/869 588/1304/872 582/1324/874
f 585/1302/870 579/1325/868 580/1326/867 587/1327/871
f 590/1328/878 583/1329/876 584/1330/875 592/1311/879
f 579/1325/887 585/1302/870 586/1301/869 581/1323/888
f 587/1303/871 580/1331/884 582/1324/883 588/1304/872
f 589/1309/877 577/1321/886 583/1332/885 590/1310/878
f 578/1322/881 591/1312/880 592/1311/879 584/1330/882
s 112
f 593/1333/889 594/1334/890 596/1335/891 595/1336/892
f 602/1337/893 601/1338/894 603/1339/895 604/1340/896
f 597/1341/897 598/1342/898 600/1343/899 599/1344/900
f 605/1345/901 606/1346/902 608/1347/903 607/1348/904
f 594/1349/905 600/1350/906 598/1351/907 596/1352/908
f 599/1353/909 593/1354/910 595/1355/911 597/1356/912
f 593/1357/889 605/1345/901 607/1348/904 594/1358/890
f 597/1359/897 602/1337/893 604/1340/896 598/1360/898
f 601/1338/894 595/1361/892 596/1362/891 603/1363/895
f 606/1364/902 599/1365/900 600/1366/899 608/1347/903
f 595/1361/911 601/1338/894 602/1337/893 597/1359/912
f 603/1339/895 596/1367/908 598/1360/907 604/1340/896
f 605/1345/901 593/1357/910 599/1368/909 606/1346/902
f 594/1358/905 607/1348/904 608/1347/903 600/1366/906
s 115
f 609/1369/913 610/1370/914 612/1371/915 611/1372/916
f 618/1373/917 617/1374/918 619/1375/919 620/1376/920
f 613/1377/921 614/1378/922 616/1379/923 615/1380/924
f 621/1381/925 622/1382/926 624/1383/927 623/1384/928
f 610/1385/929 616/1386/930 614/1387/931 612/1388/932
f 615/1389/933 609/1390/934 611/1391/935 613/1392/936
f 609/1393/913 621/1381/925 623/1384/928 610/1394/914
f 613/1395/921 618/1373/917 620/1376/920 614/1396/922
f 617/1374/918 611/1397/916 612/1398/915 619/1399/919
f 622/1400/926 615/1401/924 616/1402/923 624/1383/927
f 611/1397/935 617/1374/918 618/1373/917 613/1395/936
f 619/1375/919 612/1403/932 614/1396/931 620/1376/920
f 621/1381/925 609/1393/934 615/1404/933 622/1382/926
f 610/1394/929 623/1384/928 624/1383/927 616/1402/930
s 118
f 625/1405/937 626/1406/938 628/1407/939 627/1408/940
f 634/1409/941 633/1410/942 635/1411/943 636/1412/944
f 629/1413/945 630/1414/946 632/1415/947 631/1416/948
f 637/1417/949 638/1418/950 640/1419/951 639/1420/952
f 626/1421/953 632/1422/954 630/1423/955 628/1424/956
f 631/1425/957 625/1426/958 627/1427/959 629/1428/960
f 625/1429/937 637/1417/949 639/1420/952 626/1430/938
f 629/1431/945 634/1409/941 636/1412/944 630/1432/946
f 633/1410/942 627/1433/940 628/1434/939 635/1435/943
f 638/1436/950 631/1437/948 632/1438/947 640/1419/951
f 627/1433/959 633/1410/942 634/1409/941 629/1431/960
f 635/1411/943 628/1439/956 630/1432/955 636/1412/944
f 637/1417/949 625/1429/958 631/1440/957 638/1418/950
f 626/1430/953 639/1420/952 640/1419/951 632/1438/954
s 121
f 641/1441/961 642/1442/962 644/1443/963 643/1444/964
f 650/1445/965 649/1446/966 651/1447/967 652/1448/968
f 645/1449/969 646/1450/970 648/1451/971 647/1452/972
f 653/1453/973 654/1454/974 656/1455/975 655/1456/976
f 642/1457/977 648/1458/978 646/1459/979 644/1460/980
f 647/1461/981 641/1462/982 643/1463/983 645/1464/984
f 641/1465/961 653/1453/973 655/1456/976 642/1466/962
f 645/1467/969 650/1445/965 652/1448/968 646/1468/970
f 649/1446/966 643/1469/964 644/1470/963 651/1471/967
f 654/1472/974 647/1473/972 648/1474/971 656/1455/975
f 643/1469/983 649/1446/966 650/1445/965 645/1467/984
f 651/1447/967 644/1475/980 646/1468/979 652/1448/968
f 653/1453/973 641/1465/982 647/1476/981 654/1454/974
f 642/1466/977 655/1456/976 656/1455/975 648/1474/978
s 124
f 657/1477/985 658/1478/986 660/1479/987 659/1480/988
f 666/1481/989 665/1482/990 667/1483/991 668/1484/992
f 661/1485/993 662/1486/994 664/1487/995 663/1488/996
f 669/1489/997 670/1490/998 672/1491/999 671/1492/1000
f 658/1493/1001 664/1494/1002 662/1495/1003 660/1496/1004
f 663/1497/1005 657/1498/1006 659/1499/1007 661/1500/1008
f 657/1501/985 669/1489/997 671/1492/1000 658/1502/986
f 661/1503/993 666/1481/989 668/1484/992 662/1504/994
f 665/1482/990 659/1505/988 660/1506/987 667/1507/991
f 670/1508/998 663/1509/996 664/1510/995 672/1491/999
f 659/1505/1007 665/1482/990 666/1481/989 661/1503/1008
f 667/1483/991 660/1511/1004 662/1504/1003 668/1484/992
f 669/1489/997 657/1501/1006 663/1512/1005 670/1490/998
f 658/1502/1001 671/1492/1000 672/1491/999 664/1510/1002
s 127
f 673/1513/1009 674/1514/1010 676/1515/1011 675/1516/1012
f 682/1517/1013 681/1518/1014 683/1519/1015 684/1520/1016
f 677/1521/1017 678/1522/1018 680/1523/1019 679/1524/1020
f 685/1525/1021 686/1526/1022 688/1527/1023 687/1528/1024
f 674/1529/1025 680/1530/1026 678/1531/1027 676/1532/1028
f 679/1533/1029 673/1534/1030 675/1535/1031 677/1536/1032
f 673/1537/1009 685/1525/1021 687/1528/1024 674/1538/1010
f 677/1539/1017 682/1517/1013 684/1520/1016 678/1540/1018
f 681/1518/1014 675/1541/1012 676/1542/1011 683/1543/1015
f 686/1544/1022 679/1545/1020 680/1546/1019 688/1527/1023
f 675/1541/1031 681/1518/1014 682/1517/1013 677/1539/1032
f 683/1519/1015 676/1547/1028 678/1540/1027 684/1520/1016
f 685/1525/1021 673/1537/1030 679/1548/1029 686/1526/1022
f 674/1538/1025 687/1528/1024 688/1527/1023 680/1546/1026
s 130
f 689/1549/1033 690/1550/1034 692/1551/1035 691/1552/1036
f 698/1553/1037 697/1554/1038 699/1555/1039 700/1556/1040
f 693/1557/1041 694/1558/1042 696/1559/1043 695/1560/1044
f 701/1561/1045 702/1562/1046 704/1563/1047 703/1564/1048
f 690/1565/1049 696/1566/1050 694/1567/1051 692/1568/1052
f 695/1569/1053 689/1570/1054 691/1571/1055 693/1572/1056
f 689/1573/1033 701/1561/1045 703/1564/1048 690/1574/1034
f 693/1575/1041 698/1553/1037 700/1556/1040 694/1576/1042
f 697/1554/1038 691/1577/1036 692/1578/1035 699/1579/1039
f 702/1580/1046 695/1581/1044 696/1582/1043 704/1563/1047
f 691/1577/1055 697/1554/1038 698/1553/1037 693/1575/1056
f 699/1555/1039 692/1583/1052 694/1576/1051 700/1556/1040
f 701/1561/1045 689/1573/1054 695/1584/1053 702/1562/1046
f 690/1574/1049 703/1564/1048 704/1563/1047 696/1582/1050
s 133
f 705/1585/1057 706/1586/1058 708/1587/1059 707/1588/1060
f 714/1589/1061 713/1590/1062 715/1591/1063 716/1592/1064
f 709/1593/1065 710/1594/1066 712/1595/1067 711/1596/1068
f 717/1597/1069 718/1598/1070 720/1599/1071 719/1600/1072
f 706/1601/1073 712/1602/1074 710/1603/1075 708/1604/1076
f 711/1605/1077 705/1606/1078 707/1607/1079 709/1608/1080
f 705/1609/1057 717/1597/1069 719/1600/1072 706/1610/1058
f 709/1611/1065 714/1589/1061 716/1592/1064 710/1612/1066
f 713/1590/1062 707/1613/1060 708/1614/1059 715/1615/1063
f 718/1616/1070 711/1617/1068 712/1618/1067 720/1599/1071
f 707/1613/1079 713/1590/1062 714/1589/1061 709/1611/1080
f 715/1591/1063 708/1619/1076 710/1612/1075 716/1592/1064
f 717/1597/1069 705/1609/1078 711/1620/1077 718/1598/1070
f 706/1610/1073 719/1600/1072 720/1599/1071 712/1618/1074
s 136
f 721/1621/1081 722/1622/1082 724/1623/1083 723/1624/1084
f 730/1625/1085 729/1626/1086 731/1627/1087 732/1628/1088
f 725/1629/1089 726/1630/1090 728/1631/1091 727/1632/1092
f 733/1633/1093 734/1634/1094 736/1635/1095 735/1636/1096
f 722/1637/1097 728/1638/1098 726/1639/1099 724/1640/1100
f 727/1641/1101 721/1642/1102 723/1643/1103 725/1644/1104
f 721/1645/1081 733/1633/1093 735/1636/1096 722/1646/1082
f 725/1647/1089 730/1625/1085 732/1628/1088 726/1648/1090
f 729/1626/1086 723/1649/1084 724/1650/1083 731/1651/1087
f 734/1652/1094 727/1653/1092 728/1654/1091 736/1635/1095
f 723/1649/1103 729/1626/1086 730/1625/1085 725/1647/1104
f 731/1627/1087 724/1655/1100 726/1648/1099 732/1628/1088
f 733/1633/1093 721/1645/1102 727/1656/1101 734/1634/1094
f 722/1646/1097 735/1636/1096 736/1635/1095 728/1654/1098
