# Blender v2.81 (sub 16) OBJ File: ''
# www.blender.org
mtllib Workbench_Duo.mtl
o yashik_Low_meshId0_name
v -0.009809 -0.002206 0.004554
v 0.009798 -0.002206 0.004554
v 0.009798 0.002188 0.004554
v -0.009809 0.002188 0.004554
v 0.009798 -0.002206 0.004554
v 0.009798 -0.002206 -0.004554
v 0.009798 0.002188 -0.004554
v 0.009798 0.002188 0.004554
v 0.009798 -0.002206 -0.004554
v -0.009809 -0.002206 -0.004554
v -0.009809 0.002188 -0.004554
v 0.009798 0.002188 -0.004554
v -0.009809 -0.002206 -0.004554
v -0.009809 -0.002206 0.004554
v -0.009809 0.002188 0.004554
v -0.009809 0.002188 -0.004554
v -0.009809 -0.002206 0.004554
v -0.009809 -0.002206 -0.004554
v -0.009468 -0.002205 -0.004221
v -0.009468 -0.002205 0.004221
v 0.009798 -0.002206 0.004554
v -0.009809 -0.002206 0.004554
v -0.009468 -0.002205 0.004221
v 0.009457 -0.002205 0.004221
v -0.009809 -0.002206 -0.004554
v 0.009798 -0.002206 -0.004554
v 0.009457 -0.002205 -0.004221
v -0.009468 -0.002205 -0.004221
v 0.009798 -0.002206 -0.004554
v 0.009798 -0.002206 0.004554
v 0.009457 -0.002205 0.004221
v 0.009457 -0.002205 -0.004221
v -0.009809 0.002188 0.004554
v 0.009798 0.002188 0.004554
v 0.009457 0.002188 0.004221
v -0.009468 0.002188 0.004221
v 0.009798 0.002188 0.004554
v 0.009798 0.002188 -0.004554
v 0.009457 0.002188 -0.004221
v 0.009457 0.002188 0.004221
v -0.009809 0.002188 -0.004554
v -0.009809 0.002188 0.004554
v -0.009468 0.002188 0.004221
v -0.009468 0.002188 -0.004221
v 0.009798 0.002188 -0.004554
v -0.009809 0.002188 -0.004554
v -0.009468 0.002188 -0.004221
v 0.009457 0.002188 -0.004221
v -0.009468 0.002188 0.004221
v 0.009457 0.002188 0.004221
v 0.009457 -0.002205 0.004221
v -0.009468 -0.002205 0.004221
v 0.009457 0.002188 0.004221
v 0.009457 0.002188 -0.004221
v 0.009457 -0.002205 -0.004221
v 0.009457 -0.002205 0.004221
v -0.009468 0.002188 -0.004221
v -0.009468 0.002188 0.004221
v -0.009468 -0.002205 0.004221
v -0.009468 -0.002205 -0.004221
v 0.009457 0.002188 -0.004221
v -0.009468 0.002188 -0.004221
v -0.009468 -0.002205 -0.004221
v 0.009457 -0.002205 -0.004221
v -0.009809 0.002209 -0.001510
v -0.009809 0.002209 -0.004473
v 0.009798 0.002209 -0.004473
v 0.009798 0.002209 -0.001510
v -0.009809 0.002518 -0.001510
v 0.009798 0.002518 -0.001510
v 0.009798 0.002518 -0.004473
v -0.009809 0.002518 -0.004473
v -0.009809 0.002209 -0.001510
v 0.009798 0.002209 -0.001510
v 0.009798 0.002518 -0.001510
v -0.009809 0.002518 -0.001510
v 0.009798 0.002209 -0.001510
v 0.009798 0.002209 -0.004473
v 0.009798 0.002518 -0.004473
v 0.009798 0.002518 -0.001510
v 0.009798 0.002209 -0.004473
v -0.009809 0.002209 -0.004473
v -0.009809 0.002518 -0.004473
v 0.009798 0.002518 -0.004473
v -0.009809 0.002209 -0.004473
v -0.009809 0.002209 -0.001510
v -0.009809 0.002518 -0.001510
v -0.009809 0.002518 -0.004473
v -0.009809 0.002209 0.001498
v -0.009809 0.002209 -0.001464
v 0.009798 0.002209 -0.001464
v 0.009798 0.002209 0.001498
v -0.009809 0.002518 0.001498
v 0.009798 0.002518 0.001498
v 0.009798 0.002518 -0.001464
v -0.009809 0.002518 -0.001464
v -0.009809 0.002209 0.001498
v 0.009798 0.002209 0.001498
v 0.009798 0.002518 0.001498
v -0.009809 0.002518 0.001498
v 0.009798 0.002209 0.001498
v 0.009798 0.002209 -0.001464
v 0.009798 0.002518 -0.001464
v 0.009798 0.002518 0.001498
v 0.009798 0.002209 -0.001464
v -0.009809 0.002209 -0.001464
v -0.009809 0.002518 -0.001464
v 0.009798 0.002518 -0.001464
v -0.009809 0.002209 -0.001464
v -0.009809 0.002209 0.001498
v -0.009809 0.002518 0.001498
v -0.009809 0.002518 -0.001464
v -0.009809 0.002209 0.004507
v -0.009809 0.002209 0.001545
v 0.009798 0.002209 0.001545
v 0.009798 0.002209 0.004507
v -0.009809 0.002518 0.004507
v 0.009798 0.002518 0.004507
v 0.009798 0.002518 0.001545
v -0.009809 0.002518 0.001545
v -0.009809 0.002209 0.004507
v 0.009798 0.002209 0.004507
v 0.009798 0.002518 0.004507
v -0.009809 0.002518 0.004507
v 0.009798 0.002209 0.004507
v 0.009798 0.002209 0.001545
v 0.009798 0.002518 0.001545
v 0.009798 0.002518 0.004507
v 0.009798 0.002209 0.001545
v -0.009809 0.002209 0.001545
v -0.009809 0.002518 0.001545
v 0.009798 0.002518 0.001545
v -0.009809 0.002209 0.001545
v -0.009809 0.002209 0.004507
v -0.009809 0.002518 0.004507
v -0.009809 0.002518 0.001545
v -0.009809 -0.002527 -0.001511
v -0.009809 -0.002527 -0.004473
v 0.009798 -0.002527 -0.004473
v 0.009798 -0.002527 -0.001511
v -0.009809 -0.002219 -0.001511
v 0.009798 -0.002219 -0.001511
v 0.009798 -0.002219 -0.004473
v -0.009809 -0.002219 -0.004473
v -0.009809 -0.002527 -0.001511
v 0.009798 -0.002527 -0.001511
v 0.009798 -0.002219 -0.001511
v -0.009809 -0.002219 -0.001511
v 0.009798 -0.002527 -0.001511
v 0.009798 -0.002527 -0.004473
v 0.009798 -0.002219 -0.004473
v 0.009798 -0.002219 -0.001511
v 0.009798 -0.002527 -0.004473
v -0.009809 -0.002527 -0.004473
v -0.009809 -0.002219 -0.004473
v 0.009798 -0.002219 -0.004473
v -0.009809 -0.002527 -0.004473
v -0.009809 -0.002527 -0.001511
v -0.009809 -0.002219 -0.001511
v -0.009809 -0.002219 -0.004473
v -0.009809 -0.002527 0.001498
v -0.009809 -0.002527 -0.001464
v 0.009798 -0.002527 -0.001464
v 0.009798 -0.002527 0.001498
v -0.009809 -0.002219 0.001498
v 0.009798 -0.002219 0.001498
v 0.009798 -0.002219 -0.001464
v -0.009809 -0.002219 -0.001464
v -0.009809 -0.002527 0.001498
v 0.009798 -0.002527 0.001498
v 0.009798 -0.002219 0.001498
v -0.009809 -0.002219 0.001498
v 0.009798 -0.002527 0.001498
v 0.009798 -0.002527 -0.001464
v 0.009798 -0.002219 -0.001464
v 0.009798 -0.002219 0.001498
v 0.009798 -0.002527 -0.001464
v -0.009809 -0.002527 -0.001464
v -0.009809 -0.002219 -0.001464
v 0.009798 -0.002219 -0.001464
v -0.009809 -0.002527 -0.001464
v -0.009809 -0.002527 0.001498
v -0.009809 -0.002219 0.001498
v -0.009809 -0.002219 -0.001464
v -0.009809 -0.002527 0.004507
v -0.009809 -0.002527 0.001545
v 0.009798 -0.002527 0.001545
v 0.009798 -0.002527 0.004507
v -0.009809 -0.002219 0.004507
v 0.009798 -0.002219 0.004507
v 0.009798 -0.002219 0.001545
v -0.009809 -0.002219 0.001545
v -0.009809 -0.002527 0.004507
v 0.009798 -0.002527 0.004507
v 0.009798 -0.002219 0.004507
v -0.009809 -0.002219 0.004507
v 0.009798 -0.002527 0.004507
v 0.009798 -0.002527 0.001545
v 0.009798 -0.002219 0.001545
v 0.009798 -0.002219 0.004507
v 0.009798 -0.002527 0.001545
v -0.009809 -0.002527 0.001545
v -0.009809 -0.002219 0.001545
v 0.009798 -0.002219 0.001545
v -0.009809 -0.002527 0.001545
v -0.009809 -0.002527 0.004507
v -0.009809 -0.002219 0.004507
v -0.009809 -0.002219 0.001545
v 0.007801 0.002667 -0.004400
v 0.007801 0.002667 -0.003914
v 0.007801 0.002498 -0.003914
v 0.007801 0.002498 -0.004400
v 0.007029 0.002498 -0.003914
v 0.007029 0.002667 -0.003914
v 0.007029 0.002667 -0.004400
v 0.007029 0.002498 -0.004400
v 0.007801 0.002498 -0.003914
v 0.007029 0.002498 -0.003914
v 0.007029 0.002498 -0.004400
v 0.007801 0.002498 -0.004400
v 0.007801 0.002667 0.004400
v 0.007029 0.002667 0.004400
v 0.007029 0.002498 0.004400
v 0.007801 0.002498 0.004400
v 0.007801 0.002894 0.003948
v 0.007029 0.002894 0.003948
v 0.007029 0.002667 0.004400
v 0.007801 0.002667 0.004400
v 0.007801 0.002894 -0.003914
v 0.007029 0.002667 0.004400
v 0.007029 0.002894 0.003948
v 0.007029 0.002667 0.003948
v 0.007801 0.002498 -0.004400
v 0.007029 0.002498 -0.004400
v 0.007029 0.002667 -0.004400
v 0.007801 0.002667 -0.004400
v 0.007801 0.002667 0.003948
v 0.007801 0.002498 0.003948
v 0.007029 0.002498 0.003948
v 0.007801 0.002498 0.003948
v 0.007029 0.002498 0.003948
v 0.007801 0.002667 -0.004400
v 0.007029 0.002667 -0.004400
v 0.007029 0.002894 -0.003914
v 0.007801 0.002894 -0.003914
v 0.007801 0.002894 0.003948
v 0.007029 0.002894 -0.003914
v 0.007801 0.002894 -0.003914
v 0.007029 0.002894 -0.003914
v 0.007029 0.002894 0.003948
v 0.007801 0.002894 0.003948
v 0.007801 0.002667 0.004400
v 0.007801 0.002498 0.004400
v 0.007029 0.002498 0.004400
v 0.007801 0.002498 0.004400
v 0.007029 0.002498 0.004400
v -0.007027 0.002667 -0.004400
v -0.007027 0.002667 -0.003914
v -0.007027 0.002498 -0.003914
v -0.007027 0.002498 -0.004400
v -0.007799 0.002498 -0.003914
v -0.007799 0.002667 -0.003914
v -0.007799 0.002667 -0.004400
v -0.007799 0.002498 -0.004400
v -0.007027 0.002498 -0.003914
v -0.007799 0.002498 -0.003914
v -0.007799 0.002498 -0.004400
v -0.007027 0.002498 -0.004400
v -0.007027 0.002667 0.004400
v -0.007799 0.002667 0.004400
v -0.007799 0.002498 0.004400
v -0.007027 0.002498 0.004400
v -0.007027 0.002894 0.003948
v -0.007799 0.002894 0.003948
v -0.007799 0.002667 0.004400
v -0.007027 0.002667 0.004400
v -0.007027 0.002894 -0.003914
v -0.007799 0.002667 0.004400
v -0.007799 0.002894 0.003948
v -0.007799 0.002667 0.003948
v -0.007027 0.002498 -0.004400
v -0.007799 0.002498 -0.004400
v -0.007799 0.002667 -0.004400
v -0.007027 0.002667 -0.004400
v -0.007027 0.002667 0.003948
v -0.007027 0.002498 0.003948
v -0.007799 0.002498 0.003948
v -0.007027 0.002498 0.003948
v -0.007799 0.002498 0.003948
v -0.007027 0.002667 -0.004400
v -0.007799 0.002667 -0.004400
v -0.007799 0.002894 -0.003914
v -0.007027 0.002894 -0.003914
v -0.007027 0.002894 0.003948
v -0.007799 0.002894 -0.003914
v -0.007027 0.002894 -0.003914
v -0.007799 0.002894 -0.003914
v -0.007799 0.002894 0.003948
v -0.007027 0.002894 0.003948
v -0.007027 0.002667 0.004400
v -0.007027 0.002498 0.004400
v -0.007799 0.002498 0.004400
v -0.007027 0.002498 0.004400
v -0.007799 0.002498 0.004400
v -0.007027 -0.002687 -0.004400
v -0.007027 -0.002518 -0.004400
v -0.007027 -0.002518 -0.003914
v -0.007027 -0.002687 -0.003914
v -0.007799 -0.002518 -0.003914
v -0.007799 -0.002518 -0.004400
v -0.007799 -0.002687 -0.004400
v -0.007799 -0.002687 -0.003914
v -0.007027 -0.002518 -0.003914
v -0.007027 -0.002518 -0.004400
v -0.007799 -0.002518 -0.004400
v -0.007799 -0.002518 -0.003914
v -0.007027 -0.002687 0.004400
v -0.007027 -0.002518 0.004400
v -0.007799 -0.002518 0.004400
v -0.007799 -0.002687 0.004400
v -0.007027 -0.002913 0.003948
v -0.007027 -0.002687 0.004400
v -0.007799 -0.002687 0.004400
v -0.007799 -0.002913 0.003948
v -0.007027 -0.002913 -0.003914
v -0.007799 -0.002687 0.004400
v -0.007799 -0.002687 0.003948
v -0.007799 -0.002913 0.003948
v -0.007027 -0.002518 -0.004400
v -0.007027 -0.002687 -0.004400
v -0.007799 -0.002687 -0.004400
v -0.007799 -0.002518 -0.004400
v -0.007027 -0.002687 0.003948
v -0.007027 -0.002518 0.003948
v -0.007799 -0.002518 0.003948
v -0.007027 -0.002518 0.003948
v -0.007799 -0.002518 0.003948
v -0.007027 -0.002687 -0.004400
v -0.007027 -0.002913 -0.003914
v -0.007799 -0.002913 -0.003914
v -0.007799 -0.002687 -0.004400
v -0.007027 -0.002913 0.003948
v -0.007799 -0.002913 -0.003914
v -0.007027 -0.002913 -0.003914
v -0.007027 -0.002913 0.003948
v -0.007799 -0.002913 0.003948
v -0.007799 -0.002913 -0.003914
v -0.007027 -0.002687 0.004400
v -0.007027 -0.002518 0.004400
v -0.007799 -0.002518 0.004400
v -0.007027 -0.002518 0.004400
v -0.007799 -0.002518 0.004400
v 0.007801 -0.002687 -0.004400
v 0.007801 -0.002518 -0.004400
v 0.007801 -0.002518 -0.003914
v 0.007801 -0.002687 -0.003914
v 0.007029 -0.002518 -0.003914
v 0.007029 -0.002518 -0.004400
v 0.007029 -0.002687 -0.004400
v 0.007029 -0.002687 -0.003914
v 0.007801 -0.002518 -0.003914
v 0.007801 -0.002518 -0.004400
v 0.007029 -0.002518 -0.004400
v 0.007029 -0.002518 -0.003914
v 0.007801 -0.002687 0.004400
v 0.007801 -0.002518 0.004400
v 0.007029 -0.002518 0.004400
v 0.007029 -0.002687 0.004400
v 0.007801 -0.002913 0.003948
v 0.007801 -0.002687 0.004400
v 0.007029 -0.002687 0.004400
v 0.007029 -0.002913 0.003948
v 0.007801 -0.002913 -0.003914
v 0.007029 -0.002687 0.004400
v 0.007029 -0.002687 0.003948
v 0.007029 -0.002913 0.003948
v 0.007801 -0.002518 -0.004400
v 0.007801 -0.002687 -0.004400
v 0.007029 -0.002687 -0.004400
v 0.007029 -0.002518 -0.004400
v 0.007801 -0.002687 0.003948
v 0.007801 -0.002518 0.003948
v 0.007029 -0.002518 0.003948
v 0.007801 -0.002518 0.003948
v 0.007029 -0.002518 0.003948
v 0.007801 -0.002687 -0.004400
v 0.007801 -0.002913 -0.003914
v 0.007029 -0.002913 -0.003914
v 0.007029 -0.002687 -0.004400
v 0.007801 -0.002913 0.003948
v 0.007029 -0.002913 -0.003914
v 0.007801 -0.002913 -0.003914
v 0.007801 -0.002913 0.003948
v 0.007029 -0.002913 0.003948
v 0.007029 -0.002913 -0.003914
v 0.007801 -0.002687 0.004400
v 0.007801 -0.002518 0.004400
v 0.007029 -0.002518 0.004400
v 0.007801 -0.002518 0.004400
v 0.007029 -0.002518 0.004400
v 0.008638 0.001610 0.004617
v 0.008638 0.001270 0.004617
v 0.008638 0.001270 0.004534
v 0.008638 0.001610 0.004534
v 0.008025 0.001270 0.004534
v 0.008025 0.001270 0.004617
v 0.008025 0.001610 0.004617
v 0.008025 0.001610 0.004534
v 0.008638 0.001270 0.004534
v 0.008025 0.001270 0.004534
v 0.008025 0.001610 0.004534
v 0.008638 0.001610 0.004534
v 0.008638 -0.001484 0.004617
v 0.008025 -0.001484 0.004617
v 0.008025 -0.001484 0.004534
v 0.008638 -0.001484 0.004534
v 0.008638 -0.001144 0.004729
v 0.008025 -0.001144 0.004729
v 0.008025 -0.001484 0.004617
v 0.008638 -0.001484 0.004617
v 0.008638 0.001270 0.004729
v 0.008025 -0.001484 0.004617
v 0.008025 -0.001144 0.004729
v 0.008025 -0.001144 0.004617
v 0.008638 0.001610 0.004534
v 0.008025 0.001610 0.004534
v 0.008025 0.001610 0.004617
v 0.008638 0.001610 0.004617
v 0.008638 -0.001144 0.004617
v 0.008638 -0.001144 0.004534
v 0.008025 -0.001144 0.004534
v 0.008638 -0.001144 0.004534
v 0.008025 -0.001144 0.004534
v 0.008638 0.001610 0.004617
v 0.008025 0.001610 0.004617
v 0.008025 0.001270 0.004729
v 0.008638 0.001270 0.004729
v 0.008638 -0.001144 0.004729
v 0.008025 0.001270 0.004729
v 0.008638 0.001270 0.004729
v 0.008025 0.001270 0.004729
v 0.008025 -0.001144 0.004729
v 0.008638 -0.001144 0.004729
v 0.008638 -0.001484 0.004617
v 0.008638 -0.001484 0.004534
v 0.008025 -0.001484 0.004534
v 0.008638 -0.001484 0.004534
v 0.008025 -0.001484 0.004534
v -0.008036 0.001610 0.004617
v -0.008036 0.001270 0.004617
v -0.008036 0.001270 0.004534
v -0.008036 0.001610 0.004534
v -0.008649 0.001270 0.004534
v -0.008649 0.001270 0.004617
v -0.008649 0.001610 0.004617
v -0.008649 0.001610 0.004534
v -0.008036 0.001270 0.004534
v -0.008649 0.001270 0.004534
v -0.008649 0.001610 0.004534
v -0.008036 0.001610 0.004534
v -0.008036 -0.001484 0.004617
v -0.008649 -0.001484 0.004617
v -0.008649 -0.001484 0.004534
v -0.008036 -0.001484 0.004534
v -0.008036 -0.001144 0.004729
v -0.008649 -0.001144 0.004729
v -0.008649 -0.001484 0.004617
v -0.008036 -0.001484 0.004617
v -0.008036 0.001270 0.004729
v -0.008649 -0.001484 0.004617
v -0.008649 -0.001144 0.004729
v -0.008649 -0.001144 0.004617
v -0.008036 0.001610 0.004534
v -0.008649 0.001610 0.004534
v -0.008649 0.001610 0.004617
v -0.008036 0.001610 0.004617
v -0.008036 -0.001144 0.004617
v -0.008036 -0.001144 0.004534
v -0.008649 -0.001144 0.004534
v -0.008036 -0.001144 0.004534
v -0.008649 -0.001144 0.004534
v -0.008036 0.001610 0.004617
v -0.008649 0.001610 0.004617
v -0.008649 0.001270 0.004729
v -0.008036 0.001270 0.004729
v -0.008036 -0.001144 0.004729
v -0.008649 0.001270 0.004729
v -0.008036 0.001270 0.004729
v -0.008649 0.001270 0.004729
v -0.008649 -0.001144 0.004729
v -0.008036 -0.001144 0.004729
v -0.008036 -0.001484 0.004617
v -0.008036 -0.001484 0.004534
v -0.008649 -0.001484 0.004534
v -0.008036 -0.001484 0.004534
v -0.008649 -0.001484 0.004534
v -0.009889 0.001610 0.003240
v -0.009889 0.001270 0.003240
v -0.009805 0.001270 0.003240
v -0.009805 0.001610 0.003240
v -0.009805 0.001270 0.002627
v -0.009889 0.001270 0.002627
v -0.009889 0.001610 0.002627
v -0.009805 0.001610 0.002627
v -0.009805 0.001270 0.003240
v -0.009805 0.001270 0.002627
v -0.009805 0.001610 0.002627
v -0.009805 0.001610 0.003240
v -0.009889 -0.001484 0.003240
v -0.009889 -0.001484 0.002627
v -0.009805 -0.001484 0.002627
v -0.009805 -0.001484 0.003240
v -0.010000 -0.001144 0.003240
v -0.010000 -0.001144 0.002627
v -0.009889 -0.001484 0.002627
v -0.009889 -0.001484 0.003240
v -0.010000 0.001270 0.003240
v -0.009889 -0.001484 0.002627
v -0.010000 -0.001144 0.002627
v -0.009889 -0.001144 0.002627
v -0.009805 0.001610 0.003240
v -0.009805 0.001610 0.002627
v -0.009889 0.001610 0.002627
v -0.009889 0.001610 0.003240
v -0.009889 -0.001144 0.003240
v -0.009805 -0.001144 0.003240
v -0.009805 -0.001144 0.002627
v -0.009805 -0.001144 0.003240
v -0.009805 -0.001144 0.002627
v -0.009889 0.001610 0.003240
v -0.009889 0.001610 0.002627
v -0.010000 0.001270 0.002627
v -0.010000 0.001270 0.003240
v -0.010000 -0.001144 0.003240
v -0.010000 0.001270 0.002627
v -0.010000 0.001270 0.003240
v -0.010000 0.001270 0.002627
v -0.010000 -0.001144 0.002627
v -0.010000 -0.001144 0.003240
v -0.009889 -0.001484 0.003240
v -0.009805 -0.001484 0.003240
v -0.009805 -0.001484 0.002627
v -0.009805 -0.001484 0.003240
v -0.009805 -0.001484 0.002627
v -0.009889 0.001610 -0.002627
v -0.009889 0.001270 -0.002627
v -0.009805 0.001270 -0.002627
v -0.009805 0.001610 -0.002627
v -0.009805 0.001270 -0.003240
v -0.009889 0.001270 -0.003240
v -0.009889 0.001610 -0.003240
v -0.009805 0.001610 -0.003240
v -0.009805 0.001270 -0.002627
v -0.009805 0.001270 -0.003240
v -0.009805 0.001610 -0.003240
v -0.009805 0.001610 -0.002627
v -0.009889 -0.001484 -0.002627
v -0.009889 -0.001484 -0.003240
v -0.009805 -0.001484 -0.003240
v -0.009805 -0.001484 -0.002627
v -0.010000 -0.001144 -0.002627
v -0.010000 -0.001144 -0.003240
v -0.009889 -0.001484 -0.003240
v -0.009889 -0.001484 -0.002627
v -0.010000 0.001270 -0.002627
v -0.009889 -0.001484 -0.003240
v -0.010000 -0.001144 -0.003240
v -0.009889 -0.001144 -0.003240
v -0.009805 0.001610 -0.002627
v -0.009805 0.001610 -0.003240
v -0.009889 0.001610 -0.003240
v -0.009889 0.001610 -0.002627
v -0.009889 -0.001144 -0.002627
v -0.009805 -0.001144 -0.002627
v -0.009805 -0.001144 -0.003240
v -0.009805 -0.001144 -0.002627
v -0.009805 -0.001144 -0.003240
v -0.009889 0.001610 -0.002627
v -0.009889 0.001610 -0.003240
v -0.010000 0.001270 -0.003240
v -0.010000 0.001270 -0.002627
v -0.010000 -0.001144 -0.002627
v -0.010000 0.001270 -0.003240
v -0.010000 0.001270 -0.002627
v -0.010000 0.001270 -0.003240
v -0.010000 -0.001144 -0.003240
v -0.010000 -0.001144 -0.002627
v -0.009889 -0.001484 -0.002627
v -0.009805 -0.001484 -0.002627
v -0.009805 -0.001484 -0.003240
v -0.009805 -0.001484 -0.002627
v -0.009805 -0.001484 -0.003240
v -0.008036 0.001610 -0.004617
v -0.008036 0.001610 -0.004534
v -0.008036 0.001270 -0.004534
v -0.008036 0.001270 -0.004617
v -0.008649 0.001270 -0.004534
v -0.008649 0.001610 -0.004534
v -0.008649 0.001610 -0.004617
v -0.008649 0.001270 -0.004617
v -0.008036 0.001270 -0.004534
v -0.008036 0.001610 -0.004534
v -0.008649 0.001610 -0.004534
v -0.008649 0.001270 -0.004534
v -0.008036 -0.001484 -0.004617
v -0.008036 -0.001484 -0.004534
v -0.008649 -0.001484 -0.004534
v -0.008649 -0.001484 -0.004617
v -0.008036 -0.001144 -0.004729
v -0.008036 -0.001484 -0.004617
v -0.008649 -0.001484 -0.004617
v -0.008649 -0.001144 -0.004729
v -0.008036 0.001270 -0.004729
v -0.008649 -0.001484 -0.004617
v -0.008649 -0.001144 -0.004617
v -0.008649 -0.001144 -0.004729
v -0.008036 0.001610 -0.004534
v -0.008036 0.001610 -0.004617
v -0.008649 0.001610 -0.004617
v -0.008649 0.001610 -0.004534
v -0.008036 -0.001144 -0.004617
v -0.008036 -0.001144 -0.004534
v -0.008649 -0.001144 -0.004534
v -0.008036 -0.001144 -0.004534
v -0.008649 -0.001144 -0.004534
v -0.008036 0.001610 -0.004617
v -0.008036 0.001270 -0.004729
v -0.008649 0.001270 -0.004729
v -0.008649 0.001610 -0.004617
v -0.008036 -0.001144 -0.004729
v -0.008649 0.001270 -0.004729
v -0.008036 0.001270 -0.004729
v -0.008036 -0.001144 -0.004729
v -0.008649 -0.001144 -0.004729
v -0.008649 0.001270 -0.004729
v -0.008036 -0.001484 -0.004617
v -0.008036 -0.001484 -0.004534
v -0.008649 -0.001484 -0.004534
v -0.008036 -0.001484 -0.004534
v -0.008649 -0.001484 -0.004534
v 0.008638 0.001610 -0.004617
v 0.008638 0.001610 -0.004534
v 0.008638 0.001270 -0.004534
v 0.008638 0.001270 -0.004617
v 0.008025 0.001270 -0.004534
v 0.008025 0.001610 -0.004534
v 0.008025 0.001610 -0.004617
v 0.008025 0.001270 -0.004617
v 0.008638 0.001270 -0.004534
v 0.008638 0.001610 -0.004534
v 0.008025 0.001610 -0.004534
v 0.008025 0.001270 -0.004534
v 0.008638 -0.001484 -0.004617
v 0.008638 -0.001484 -0.004534
v 0.008025 -0.001484 -0.004534
v 0.008025 -0.001484 -0.004617
v 0.008638 -0.001144 -0.004729
v 0.008638 -0.001484 -0.004617
v 0.008025 -0.001484 -0.004617
v 0.008025 -0.001144 -0.004729
v 0.008638 0.001270 -0.004729
v 0.008025 -0.001484 -0.004617
v 0.008025 -0.001144 -0.004617
v 0.008025 -0.001144 -0.004729
v 0.008638 0.001610 -0.004534
v 0.008638 0.001610 -0.004617
v 0.008025 0.001610 -0.004617
v 0.008025 0.001610 -0.004534
v 0.008638 -0.001144 -0.004617
v 0.008638 -0.001144 -0.004534
v 0.008025 -0.001144 -0.004534
v 0.008638 -0.001144 -0.004534
v 0.008025 -0.001144 -0.004534
v 0.008638 0.001610 -0.004617
v 0.008638 0.001270 -0.004729
v 0.008025 0.001270 -0.004729
v 0.008025 0.001610 -0.004617
v 0.008638 -0.001144 -0.004729
v 0.008025 0.001270 -0.004729
v 0.008638 0.001270 -0.004729
v 0.008638 -0.001144 -0.004729
v 0.008025 -0.001144 -0.004729
v 0.008025 0.001270 -0.004729
v 0.008638 -0.001484 -0.004617
v 0.008638 -0.001484 -0.004534
v 0.008025 -0.001484 -0.004534
v 0.008638 -0.001484 -0.004534
v 0.008025 -0.001484 -0.004534
v 0.009889 0.001610 -0.002627
v 0.009805 0.001610 -0.002627
v 0.009805 0.001270 -0.002627
v 0.009889 0.001270 -0.002627
v 0.009805 0.001270 -0.003240
v 0.009805 0.001610 -0.003240
v 0.009889 0.001610 -0.003240
v 0.009889 0.001270 -0.003240
v 0.009805 0.001270 -0.002627
v 0.009805 0.001610 -0.002627
v 0.009805 0.001610 -0.003240
v 0.009805 0.001270 -0.003240
v 0.009889 -0.001484 -0.002627
v 0.009805 -0.001484 -0.002627
v 0.009805 -0.001484 -0.003240
v 0.009889 -0.001484 -0.003240
v 0.010000 -0.001144 -0.002627
v 0.009889 -0.001484 -0.002627
v 0.009889 -0.001484 -0.003240
v 0.010000 -0.001144 -0.003240
v 0.010000 0.001270 -0.002627
v 0.009889 -0.001484 -0.003240
v 0.009889 -0.001144 -0.003240
v 0.010000 -0.001144 -0.003240
v 0.009805 0.001610 -0.002627
v 0.009889 0.001610 -0.002627
v 0.009889 0.001610 -0.003240
v 0.009805 0.001610 -0.003240
v 0.009889 -0.001144 -0.002627
v 0.009805 -0.001144 -0.002627
v 0.009805 -0.001144 -0.003240
v 0.009805 -0.001144 -0.002627
v 0.009805 -0.001144 -0.003240
v 0.009889 0.001610 -0.002627
v 0.010000 0.001270 -0.002627
v 0.010000 0.001270 -0.003240
v 0.009889 0.001610 -0.003240
v 0.010000 -0.001144 -0.002627
v 0.010000 0.001270 -0.003240
v 0.010000 0.001270 -0.002627
v 0.010000 -0.001144 -0.002627
v 0.010000 -0.001144 -0.003240
v 0.010000 0.001270 -0.003240
v 0.009889 -0.001484 -0.002627
v 0.009805 -0.001484 -0.002627
v 0.009805 -0.001484 -0.003240
v 0.009805 -0.001484 -0.002627
v 0.009805 -0.001484 -0.003240
v 0.009889 0.001610 0.003240
v 0.009805 0.001610 0.003240
v 0.009805 0.001270 0.003240
v 0.009889 0.001270 0.003240
v 0.009805 0.001270 0.002627
v 0.009805 0.001610 0.002627
v 0.009889 0.001610 0.002627
v 0.009889 0.001270 0.002627
v 0.009805 0.001270 0.003240
v 0.009805 0.001610 0.003240
v 0.009805 0.001610 0.002627
v 0.009805 0.001270 0.002627
v 0.009889 -0.001484 0.003240
v 0.009805 -0.001484 0.003240
v 0.009805 -0.001484 0.002627
v 0.009889 -0.001484 0.002627
v 0.010000 -0.001144 0.003240
v 0.009889 -0.001484 0.003240
v 0.009889 -0.001484 0.002627
v 0.010000 -0.001144 0.002627
v 0.010000 0.001270 0.003240
v 0.009889 -0.001484 0.002627
v 0.009889 -0.001144 0.002627
v 0.010000 -0.001144 0.002627
v 0.009805 0.001610 0.003240
v 0.009889 0.001610 0.003240
v 0.009889 0.001610 0.002627
v 0.009805 0.001610 0.002627
v 0.009889 -0.001144 0.003240
v 0.009805 -0.001144 0.003240
v 0.009805 -0.001144 0.002627
v 0.009805 -0.001144 0.003240
v 0.009805 -0.001144 0.002627
v 0.009889 0.001610 0.003240
v 0.010000 0.001270 0.003240
v 0.010000 0.001270 0.002627
v 0.009889 0.001610 0.002627
v 0.010000 -0.001144 0.003240
v 0.010000 0.001270 0.002627
v 0.010000 0.001270 0.003240
v 0.010000 -0.001144 0.003240
v 0.010000 -0.001144 0.002627
v 0.010000 0.001270 0.002627
v 0.009889 -0.001484 0.003240
v 0.009805 -0.001484 0.003240
v 0.009805 -0.001484 0.002627
v 0.009805 -0.001484 0.003240
v 0.009805 -0.001484 0.002627
v -0.009822 0.001556 0.003248
v -0.009822 -0.001406 0.003248
v -0.009822 -0.001406 0.004553
v -0.009822 0.001556 0.004553
v -0.009806 -0.001406 0.004553
v -0.009806 -0.001406 0.003248
v -0.009806 0.001556 0.003248
v -0.009806 0.001556 0.004553
v -0.009822 -0.001406 0.004553
v -0.009822 -0.001406 0.003248
v -0.009806 -0.001406 0.003248
v -0.009806 -0.001406 0.004553
v -0.009822 -0.001406 0.004570
v -0.009806 -0.001406 0.004570
v -0.009806 0.001556 0.004570
v -0.009822 0.001556 0.004570
v -0.009822 0.001556 0.004553
v -0.009822 0.001556 0.004570
v -0.009806 0.001556 0.004570
v -0.009806 0.001556 0.004553
v -0.009822 0.001556 0.003248
v -0.009806 0.001556 0.003248
v -0.009806 -0.001406 0.003248
v -0.009822 -0.001406 0.003248
v -0.009822 0.001556 0.004570
v -0.009822 -0.001406 0.004570
v -0.009822 -0.001406 0.004570
v -0.009806 -0.001406 0.004570
v -0.009822 0.001556 0.003248
v -0.009806 0.001556 0.003248
v -0.008664 -0.001406 0.004570
v -0.008664 0.001556 0.004570
v -0.008664 0.001556 0.004570
v -0.008664 0.001556 0.004553
v -0.008664 -0.001406 0.004553
v -0.008664 -0.001406 0.004570
v -0.009806 0.001556 0.004553
v -0.008664 0.001556 0.004553
v -0.008664 -0.001406 0.004553
v -0.009806 -0.001406 0.004553
v -0.008664 0.001556 0.004570
v -0.008664 -0.001406 0.004570
v -0.008664 -0.001406 0.004553
v -0.008664 0.001556 0.004553
v -0.009822 0.001556 -0.003248
v -0.009822 0.001556 -0.004553
v -0.009822 -0.001406 -0.004553
v -0.009822 -0.001406 -0.003248
v -0.009806 -0.001406 -0.004553
v -0.009806 0.001556 -0.004553
v -0.009806 0.001556 -0.003248
v -0.009806 -0.001406 -0.003248
v -0.009822 -0.001406 -0.004553
v -0.009806 -0.001406 -0.004553
v -0.009806 -0.001406 -0.003248
v -0.009822 -0.001406 -0.003248
v -0.009822 -0.001406 -0.004570
v -0.009822 0.001556 -0.004570
v -0.009806 0.001556 -0.004570
v -0.009806 -0.001406 -0.004570
v -0.009822 0.001556 -0.004553
v -0.009806 0.001556 -0.004553
v -0.009806 0.001556 -0.004570
v -0.009822 0.001556 -0.004570
v -0.009822 0.001556 -0.003248
v -0.009822 -0.001406 -0.003248
v -0.009806 -0.001406 -0.003248
v -0.009806 0.001556 -0.003248
v -0.009822 0.001556 -0.004570
v -0.009822 -0.001406 -0.004570
v -0.009822 -0.001406 -0.004570
v -0.009806 -0.001406 -0.004570
v -0.009822 0.001556 -0.003248
v -0.009806 0.001556 -0.003248
v -0.008664 0.001556 -0.004570
v -0.008664 -0.001406 -0.004570
v -0.008664 0.001556 -0.004553
v -0.008664 0.001556 -0.004570
v -0.008664 -0.001406 -0.004570
v -0.008664 -0.001406 -0.004553
v -0.009806 0.001556 -0.004553
v -0.009806 -0.001406 -0.004553
v -0.008664 -0.001406 -0.004553
v -0.008664 0.001556 -0.004553
v -0.008664 0.001556 -0.004570
v -0.008664 0.001556 -0.004553
v -0.008664 -0.001406 -0.004553
v -0.008664 -0.001406 -0.004570
v 0.009811 0.001556 -0.003248
v 0.009811 -0.001406 -0.003248
v 0.009811 -0.001406 -0.004553
v 0.009811 0.001556 -0.004553
v 0.009795 -0.001406 -0.004553
v 0.009795 -0.001406 -0.003248
v 0.009795 0.001556 -0.003248
v 0.009795 0.001556 -0.004553
v 0.009811 -0.001406 -0.004553
v 0.009811 -0.001406 -0.003248
v 0.009795 -0.001406 -0.003248
v 0.009795 -0.001406 -0.004553
v 0.009811 -0.001406 -0.004570
v 0.009795 -0.001406 -0.004570
v 0.009795 0.001556 -0.004570
v 0.009811 0.001556 -0.004570
v 0.009811 0.001556 -0.004553
v 0.009811 0.001556 -0.004570
v 0.009795 0.001556 -0.004570
v 0.009795 0.001556 -0.004553
v 0.009811 0.001556 -0.003248
v 0.009795 0.001556 -0.003248
v 0.009795 -0.001406 -0.003248
v 0.009811 -0.001406 -0.003248
v 0.009811 0.001556 -0.004570
v 0.009811 -0.001406 -0.004570
v 0.009811 -0.001406 -0.004570
v 0.009795 -0.001406 -0.004570
v 0.009811 0.001556 -0.003248
v 0.009795 0.001556 -0.003248
v 0.008653 -0.001406 -0.004570
v 0.008653 0.001556 -0.004570
v 0.008653 0.001556 -0.004570
v 0.008653 0.001556 -0.004553
v 0.008653 -0.001406 -0.004553
v 0.008653 -0.001406 -0.004570
v 0.009795 0.001556 -0.004553
v 0.008653 0.001556 -0.004553
v 0.008653 -0.001406 -0.004553
v 0.009795 -0.001406 -0.004553
v 0.008653 0.001556 -0.004570
v 0.008653 -0.001406 -0.004570
v 0.008653 -0.001406 -0.004553
v 0.008653 0.001556 -0.004553
v 0.009811 0.001556 0.003248
v 0.009811 0.001556 0.004553
v 0.009811 -0.001406 0.004553
v 0.009811 -0.001406 0.003248
v 0.009795 -0.001406 0.004553
v 0.009795 0.001556 0.004553
v 0.009795 0.001556 0.003248
v 0.009795 -0.001406 0.003248
v 0.009811 -0.001406 0.004553
v 0.009795 -0.001406 0.004553
v 0.009795 -0.001406 0.003248
v 0.009811 -0.001406 0.003248
v 0.009811 -0.001406 0.004570
v 0.009811 0.001556 0.004570
v 0.009795 0.001556 0.004570
v 0.009795 -0.001406 0.004570
v 0.009811 0.001556 0.004553
v 0.009795 0.001556 0.004553
v 0.009795 0.001556 0.004570
v 0.009811 0.001556 0.004570
v 0.009811 0.001556 0.003248
v 0.009811 -0.001406 0.003248
v 0.009795 -0.001406 0.003248
v 0.009795 0.001556 0.003248
v 0.009811 0.001556 0.004570
v 0.009811 -0.001406 0.004570
v 0.009811 -0.001406 0.004570
v 0.009795 -0.001406 0.004570
v 0.009811 0.001556 0.003248
v 0.009795 0.001556 0.003248
v 0.008653 0.001556 0.004570
v 0.008653 -0.001406 0.004570
v 0.008653 0.001556 0.004553
v 0.008653 0.001556 0.004570
v 0.008653 -0.001406 0.004570
v 0.008653 -0.001406 0.004553
v 0.009795 0.001556 0.004553
v 0.009795 -0.001406 0.004553
v 0.008653 -0.001406 0.004553
v 0.008653 0.001556 0.004553
v 0.008653 0.001556 0.004570
v 0.008653 0.001556 0.004553
v 0.008653 -0.001406 0.004553
v 0.008653 -0.001406 0.004570
v 0.007666 0.002649 0.004472
v 0.007163 0.002649 0.004472
v 0.007163 0.002875 0.003958
v 0.007666 0.002875 0.003958
v 0.007163 0.002875 0.003150
v 0.007666 0.002875 0.003150
v 0.007666 0.002649 0.004472
v 0.007666 0.002875 0.003958
v 0.007666 0.002913 0.003958
v 0.007666 0.002687 0.004472
v 0.007163 0.002875 0.003958
v 0.007163 0.002649 0.004472
v 0.007163 0.002687 0.004472
v 0.007163 0.002913 0.003958
v 0.007666 0.002875 0.003150
v 0.007666 0.002913 0.003150
v 0.007163 0.002875 0.003150
v 0.007163 0.002913 0.003150
v 0.007666 0.002875 0.003150
v 0.007163 0.002875 0.003150
v 0.007163 0.002913 0.003150
v 0.007666 0.002913 0.003150
v 0.007666 0.002649 0.004472
v 0.007666 0.002524 0.004515
v 0.007163 0.002524 0.004515
v 0.007163 0.002649 0.004472
v 0.007666 0.002533 0.004543
v 0.007666 0.002524 0.004515
v 0.007163 0.002524 0.004515
v 0.007163 0.002533 0.004543
v 0.007666 0.002339 0.004530
v 0.007163 0.002339 0.004530
v 0.007163 0.002339 0.004530
v 0.007666 0.002339 0.004530
v 0.007666 0.002309 0.004599
v 0.007163 0.002309 0.004599
v 0.007666 0.002327 0.004660
v 0.007666 0.002402 0.004676
v 0.007163 0.002402 0.004676
v 0.007163 0.002327 0.004660
v 0.007666 0.002309 0.004599
v 0.007666 0.002339 0.004530
v 0.007666 0.002346 0.004557
v 0.007666 0.002328 0.004599
v 0.007163 0.002309 0.004599
v 0.007163 0.002327 0.004660
v 0.007163 0.002346 0.004647
v 0.007163 0.002328 0.004599
v 0.007666 0.002327 0.004660
v 0.007666 0.002346 0.004647
v 0.007666 0.002402 0.004663
v 0.007666 0.002402 0.004676
v 0.007163 0.002402 0.004676
v 0.007163 0.002402 0.004663
v 0.007163 0.002339 0.004530
v 0.007163 0.002346 0.004557
v 0.007666 0.002328 0.004599
v 0.007666 0.002346 0.004557
v 0.007163 0.002346 0.004557
v 0.007163 0.002328 0.004599
v 0.007163 0.002402 0.004663
v 0.007666 0.002402 0.004663
v 0.007666 0.002346 0.004647
v 0.007163 0.002346 0.004647
v 0.007666 0.002402 0.004663
v 0.007163 0.002402 0.004663
v 0.007163 0.002402 0.004676
v 0.007666 0.002402 0.004676
v 0.007666 0.002533 0.004543
v 0.007163 0.002533 0.004543
v 0.007163 0.002346 0.004557
v 0.007666 0.002346 0.004557
v 0.007666 0.002913 0.003958
v 0.007163 0.002913 0.003958
v 0.007163 0.002687 0.004472
v 0.007666 0.002687 0.004472
v 0.007666 0.002913 0.003150
v 0.007163 0.002913 0.003150
v 0.007666 0.002687 0.004472
v 0.007163 0.002687 0.004472
v 0.007163 0.002327 0.004660
v 0.007666 0.002327 0.004660
v 0.007666 0.002346 0.004647
v 0.007163 0.002346 0.004647
v -0.007173 0.002649 0.004472
v -0.007677 0.002649 0.004472
v -0.007677 0.002875 0.003958
v -0.007173 0.002875 0.003958
v -0.007677 0.002875 0.003150
v -0.007173 0.002875 0.003150
v -0.007173 0.002649 0.004472
v -0.007173 0.002875 0.003958
v -0.007173 0.002913 0.003958
v -0.007173 0.002687 0.004472
v -0.007677 0.002875 0.003958
v -0.007677 0.002649 0.004472
v -0.007677 0.002687 0.004472
v -0.007677 0.002913 0.003958
v -0.007173 0.002875 0.003150
v -0.007173 0.002913 0.003150
v -0.007677 0.002875 0.003150
v -0.007677 0.002913 0.003150
v -0.007173 0.002875 0.003150
v -0.007677 0.002875 0.003150
v -0.007677 0.002913 0.003150
v -0.007173 0.002913 0.003150
v -0.007173 0.002649 0.004472
v -0.007173 0.002524 0.004515
v -0.007677 0.002524 0.004515
v -0.007677 0.002649 0.004472
v -0.007173 0.002533 0.004543
v -0.007173 0.002524 0.004515
v -0.007677 0.002524 0.004515
v -0.007677 0.002533 0.004543
v -0.007173 0.002339 0.004530
v -0.007677 0.002339 0.004530
v -0.007677 0.002339 0.004530
v -0.007173 0.002339 0.004530
v -0.007173 0.002309 0.004599
v -0.007677 0.002309 0.004599
v -0.007173 0.002327 0.004660
v -0.007173 0.002402 0.004676
v -0.007677 0.002402 0.004676
v -0.007677 0.002327 0.004660
v -0.007173 0.002309 0.004599
v -0.007173 0.002339 0.004530
v -0.007173 0.002346 0.004557
v -0.007173 0.002328 0.004599
v -0.007677 0.002309 0.004599
v -0.007677 0.002327 0.004660
v -0.007677 0.002346 0.004647
v -0.007677 0.002328 0.004599
v -0.007173 0.002327 0.004660
v -0.007173 0.002346 0.004647
v -0.007173 0.002402 0.004663
v -0.007173 0.002402 0.004676
v -0.007677 0.002402 0.004676
v -0.007677 0.002402 0.004663
v -0.007677 0.002339 0.004530
v -0.007677 0.002346 0.004557
v -0.007173 0.002328 0.004599
v -0.007173 0.002346 0.004557
v -0.007677 0.002346 0.004557
v -0.007677 0.002328 0.004599
v -0.007677 0.002402 0.004663
v -0.007173 0.002402 0.004663
v -0.007173 0.002346 0.004647
v -0.007677 0.002346 0.004647
v -0.007173 0.002402 0.004663
v -0.007677 0.002402 0.004663
v -0.007677 0.002402 0.004676
v -0.007173 0.002402 0.004676
v -0.007173 0.002533 0.004543
v -0.007677 0.002533 0.004543
v -0.007677 0.002346 0.004557
v -0.007173 0.002346 0.004557
v -0.007173 0.002913 0.003958
v -0.007677 0.002913 0.003958
v -0.007677 0.002687 0.004472
v -0.007173 0.002687 0.004472
v -0.007173 0.002913 0.003150
v -0.007677 0.002913 0.003150
v -0.007173 0.002687 0.004472
v -0.007677 0.002687 0.004472
v -0.007677 0.002327 0.004660
v -0.007173 0.002327 0.004660
v -0.007173 0.002346 0.004647
v -0.007677 0.002346 0.004647
v 0.007621 0.002258 -0.004574
v 0.007621 0.002402 -0.004556
v 0.007611 0.002411 -0.004555
v 0.007218 0.002411 -0.004555
v 0.007209 0.002402 -0.004556
v 0.007209 0.002258 -0.004574
v 0.007621 0.002260 -0.004578
v 0.007621 0.002260 -0.004578
v 0.007621 0.002258 -0.004574
v 0.007621 0.002258 -0.004573
v 0.007209 0.002258 -0.004574
v 0.007208 0.002258 -0.004573
v 0.007209 0.002260 -0.004578
v 0.007208 0.002260 -0.004578
v 0.007209 0.002402 -0.004556
v 0.007209 0.002402 -0.004561
v 0.007209 0.002260 -0.004579
v 0.007209 0.002260 -0.004578
v 0.007209 0.002258 -0.004574
v 0.007209 0.002402 -0.004556
v 0.007218 0.002411 -0.004555
v 0.007218 0.002412 -0.004560
v 0.007209 0.002402 -0.004561
v 0.007611 0.002411 -0.004555
v 0.007611 0.002412 -0.004560
v 0.007621 0.002402 -0.004556
v 0.007621 0.002402 -0.004561
v 0.007621 0.002260 -0.004579
v 0.007621 0.002402 -0.004561
v 0.007621 0.002402 -0.004556
v 0.007621 0.002260 -0.004578
v 0.007621 0.002258 -0.004574
v 0.007208 0.002231 -0.004576
v 0.007621 0.002231 -0.004576
v 0.007621 0.002258 -0.004573
v 0.007208 0.002258 -0.004573
v 0.007208 0.002245 -0.004579
v 0.007208 0.002258 -0.004573
v 0.007208 0.002260 -0.004578
v 0.007208 0.002260 -0.004578
v 0.007209 0.002260 -0.004578
v 0.007209 0.002260 -0.004579
v 0.007621 0.002260 -0.004578
v 0.007621 0.002260 -0.004578
v 0.007621 0.002259 -0.004589
v 0.007621 0.002260 -0.004579
v 0.007208 0.002259 -0.004589
v 0.007621 0.002245 -0.004579
v 0.007621 0.002260 -0.004578
v 0.007621 0.002258 -0.004573
v 0.007209 0.002260 -0.004579
v 0.007209 0.002402 -0.004561
v 0.007218 0.002412 -0.004560
v 0.007611 0.002412 -0.004560
v 0.007621 0.002402 -0.004561
v 0.007621 0.002260 -0.004579
v 0.007621 0.002231 -0.004576
v 0.007208 0.002230 -0.004581
v 0.007209 0.002230 -0.004581
v 0.007209 0.002231 -0.004576
v 0.007621 0.002230 -0.004581
v 0.007621 0.002230 -0.004581
v 0.007621 0.002231 -0.004576
v 0.007621 0.002231 -0.004576
v 0.007208 0.002231 -0.004576
v 0.007208 0.002231 -0.004576
v 0.007208 0.002259 -0.004589
v 0.007208 0.002252 -0.004596
v 0.007621 0.002252 -0.004596
v 0.007621 0.002259 -0.004589
v 0.007621 0.002230 -0.004581
v 0.007621 0.002230 -0.004581
v 0.007621 0.002230 -0.004581
v 0.007621 0.002230 -0.004582
v 0.007621 0.002233 -0.004591
v 0.007209 0.002230 -0.004582
v 0.007208 0.002233 -0.004591
v 0.007209 0.002230 -0.004581
v 0.007208 0.002230 -0.004581
v 0.007208 0.002230 -0.004581
v 0.007208 0.002252 -0.004596
v 0.007208 0.002241 -0.004597
v 0.007208 0.002252 -0.004596
v 0.007621 0.002252 -0.004596
v 0.007621 0.002241 -0.004597
v 0.007621 0.002252 -0.004596
v 0.007621 0.002233 -0.004591
v 0.007208 0.002241 -0.004597
v 0.007621 0.002241 -0.004597
v 0.007208 0.002233 -0.004591
v 0.007208 0.002241 -0.004597
v 0.007621 0.002241 -0.004597
v 0.007209 0.002231 -0.004576
v 0.007209 0.002086 -0.004584
v 0.007218 0.002077 -0.004584
v 0.007611 0.002077 -0.004584
v 0.007621 0.002086 -0.004584
v 0.007621 0.002231 -0.004576
v 0.007621 0.002231 -0.004576
v 0.007621 0.002086 -0.004584
v 0.007621 0.002087 -0.004589
v 0.007621 0.002230 -0.004581
v 0.007621 0.002230 -0.004582
v 0.007611 0.002078 -0.004590
v 0.007621 0.002087 -0.004589
v 0.007621 0.002086 -0.004584
v 0.007611 0.002077 -0.004584
v 0.007218 0.002078 -0.004590
v 0.007218 0.002077 -0.004584
v 0.007209 0.002086 -0.004584
v 0.007209 0.002087 -0.004589
v 0.007209 0.002087 -0.004589
v 0.007209 0.002086 -0.004584
v 0.007209 0.002231 -0.004576
v 0.007209 0.002230 -0.004581
v 0.007209 0.002230 -0.004582
v 0.007621 0.002230 -0.004582
v 0.007621 0.002087 -0.004589
v 0.007611 0.002078 -0.004590
v 0.007218 0.002078 -0.004590
v 0.007209 0.002087 -0.004589
v 0.007209 0.002230 -0.004582
v 0.007666 0.002649 -0.004478
v 0.007666 0.002875 -0.003964
v 0.007163 0.002875 -0.003964
v 0.007163 0.002649 -0.004478
v 0.007666 0.002875 -0.003155
v 0.007163 0.002875 -0.003155
v 0.007666 0.002649 -0.004478
v 0.007666 0.002675 -0.004496
v 0.007666 0.002913 -0.003964
v 0.007666 0.002875 -0.003964
v 0.007163 0.002875 -0.003964
v 0.007163 0.002913 -0.003964
v 0.007163 0.002675 -0.004496
v 0.007163 0.002649 -0.004478
v 0.007666 0.002913 -0.003155
v 0.007666 0.002875 -0.003155
v 0.007163 0.002875 -0.003155
v 0.007163 0.002913 -0.003155
v 0.007666 0.002875 -0.003155
v 0.007666 0.002913 -0.003155
v 0.007163 0.002913 -0.003155
v 0.007163 0.002875 -0.003155
v 0.007666 0.002649 -0.004478
v 0.007163 0.002649 -0.004478
v 0.007163 0.002524 -0.004521
v 0.007666 0.002524 -0.004521
v 0.007666 0.002524 -0.004521
v 0.007666 0.002533 -0.004549
v 0.007163 0.002533 -0.004549
v 0.007163 0.002524 -0.004521
v 0.007163 0.002294 -0.004535
v 0.007666 0.002294 -0.004535
v 0.007666 0.002294 -0.004535
v 0.007666 0.002294 -0.004562
v 0.007163 0.002294 -0.004535
v 0.007163 0.002294 -0.004562
v 0.007666 0.002533 -0.004549
v 0.007666 0.002294 -0.004562
v 0.007163 0.002294 -0.004562
v 0.007163 0.002533 -0.004549
v 0.007666 0.002913 -0.003964
v 0.007666 0.002675 -0.004496
v 0.007163 0.002675 -0.004496
v 0.007163 0.002913 -0.003964
v 0.007666 0.002913 -0.003155
v 0.007163 0.002913 -0.003155
v 0.007666 0.002675 -0.004496
v 0.007163 0.002675 -0.004496
v 0.007163 0.002294 -0.004535
v 0.007163 0.002294 -0.004562
v 0.007666 0.002294 -0.004562
v 0.007666 0.002294 -0.004562
v 0.007666 0.002294 -0.004535
v 0.007163 0.002294 -0.004535
v 0.007163 0.002177 -0.004557
v 0.007666 0.002177 -0.004557
v 0.007666 0.002177 -0.004583
v 0.007163 0.002177 -0.004583
v 0.007163 0.002177 -0.004557
v 0.007163 0.001425 -0.004557
v 0.007666 0.001425 -0.004557
v 0.007666 0.002177 -0.004557
v 0.007666 0.002177 -0.004557
v 0.007666 0.001425 -0.004557
v 0.007666 0.001425 -0.004583
v 0.007666 0.002177 -0.004583
v 0.007666 0.002177 -0.004583
v 0.007666 0.001425 -0.004583
v 0.007163 0.001425 -0.004583
v 0.007163 0.002177 -0.004583
v 0.007163 0.002177 -0.004583
v 0.007163 0.001425 -0.004583
v 0.007163 0.001425 -0.004557
v 0.007163 0.002177 -0.004557
v 0.007163 0.001425 -0.004557
v 0.007163 0.001425 -0.004583
v 0.007666 0.001425 -0.004583
v 0.007666 0.001425 -0.004557
v -0.007210 0.002258 -0.004574
v -0.007210 0.002402 -0.004556
v -0.007219 0.002411 -0.004555
v -0.007612 0.002411 -0.004555
v -0.007621 0.002402 -0.004556
v -0.007621 0.002258 -0.004574
v -0.007209 0.002260 -0.004578
v -0.007210 0.002260 -0.004578
v -0.007210 0.002258 -0.004574
v -0.007209 0.002258 -0.004573
v -0.007621 0.002258 -0.004574
v -0.007622 0.002258 -0.004573
v -0.007621 0.002260 -0.004578
v -0.007622 0.002260 -0.004578
v -0.007621 0.002402 -0.004556
v -0.007621 0.002402 -0.004561
v -0.007621 0.002260 -0.004579
v -0.007621 0.002260 -0.004578
v -0.007621 0.002258 -0.004574
v -0.007621 0.002402 -0.004556
v -0.007612 0.002411 -0.004555
v -0.007612 0.002412 -0.004560
v -0.007621 0.002402 -0.004561
v -0.007219 0.002411 -0.004555
v -0.007219 0.002412 -0.004560
v -0.007210 0.002402 -0.004556
v -0.007210 0.002402 -0.004561
v -0.007210 0.002260 -0.004579
v -0.007210 0.002402 -0.004561
v -0.007210 0.002402 -0.004556
v -0.007210 0.002260 -0.004578
v -0.007210 0.002258 -0.004574
v -0.007622 0.002231 -0.004576
v -0.007209 0.002231 -0.004576
v -0.007209 0.002258 -0.004573
v -0.007622 0.002258 -0.004573
v -0.007622 0.002245 -0.004579
v -0.007622 0.002258 -0.004573
v -0.007622 0.002260 -0.004578
v -0.007622 0.002260 -0.004578
v -0.007621 0.002260 -0.004578
v -0.007621 0.002260 -0.004579
v -0.007210 0.002260 -0.004578
v -0.007209 0.002260 -0.004578
v -0.007209 0.002259 -0.004589
v -0.007210 0.002260 -0.004579
v -0.007622 0.002259 -0.004589
v -0.007209 0.002245 -0.004579
v -0.007209 0.002260 -0.004578
v -0.007209 0.002258 -0.004573
v -0.007621 0.002260 -0.004579
v -0.007621 0.002402 -0.004561
v -0.007612 0.002412 -0.004560
v -0.007219 0.002412 -0.004560
v -0.007210 0.002402 -0.004561
v -0.007210 0.002260 -0.004579
v -0.007209 0.002231 -0.004576
v -0.007622 0.002230 -0.004581
v -0.007621 0.002230 -0.004581
v -0.007621 0.002231 -0.004576
v -0.007210 0.002230 -0.004581
v -0.007209 0.002230 -0.004581
v -0.007209 0.002231 -0.004576
v -0.007210 0.002231 -0.004576
v -0.007622 0.002231 -0.004576
v -0.007622 0.002231 -0.004576
v -0.007622 0.002259 -0.004589
v -0.007622 0.002252 -0.004596
v -0.007209 0.002252 -0.004596
v -0.007209 0.002259 -0.004589
v -0.007209 0.002230 -0.004581
v -0.007209 0.002230 -0.004581
v -0.007210 0.002230 -0.004581
v -0.007210 0.002230 -0.004582
v -0.007209 0.002233 -0.004591
v -0.007621 0.002230 -0.004582
v -0.007622 0.002233 -0.004591
v -0.007621 0.002230 -0.004581
v -0.007622 0.002230 -0.004581
v -0.007622 0.002230 -0.004581
v -0.007622 0.002252 -0.004596
v -0.007622 0.002241 -0.004597
v -0.007622 0.002252 -0.004596
v -0.007209 0.002252 -0.004596
v -0.007209 0.002241 -0.004597
v -0.007209 0.002252 -0.004596
v -0.007209 0.002233 -0.004591
v -0.007622 0.002241 -0.004597
v -0.007209 0.002241 -0.004597
v -0.007622 0.002233 -0.004591
v -0.007622 0.002241 -0.004597
v -0.007209 0.002241 -0.004597
v -0.007621 0.002231 -0.004576
v -0.007621 0.002086 -0.004584
v -0.007612 0.002077 -0.004584
v -0.007219 0.002077 -0.004584
v -0.007210 0.002086 -0.004584
v -0.007210 0.002231 -0.004576
v -0.007210 0.002231 -0.004576
v -0.007210 0.002086 -0.004584
v -0.007210 0.002087 -0.004589
v -0.007210 0.002230 -0.004581
v -0.007210 0.002230 -0.004582
v -0.007219 0.002078 -0.004590
v -0.007210 0.002087 -0.004589
v -0.007210 0.002086 -0.004584
v -0.007219 0.002077 -0.004584
v -0.007612 0.002078 -0.004590
v -0.007612 0.002077 -0.004584
v -0.007621 0.002086 -0.004584
v -0.007621 0.002087 -0.004589
v -0.007621 0.002087 -0.004589
v -0.007621 0.002086 -0.004584
v -0.007621 0.002231 -0.004576
v -0.007621 0.002230 -0.004581
v -0.007621 0.002230 -0.004582
v -0.007210 0.002230 -0.004582
v -0.007210 0.002087 -0.004589
v -0.007219 0.002078 -0.004590
v -0.007612 0.002078 -0.004590
v -0.007621 0.002087 -0.004589
v -0.007621 0.002230 -0.004582
v -0.007164 0.002649 -0.004478
v -0.007164 0.002875 -0.003964
v -0.007667 0.002875 -0.003964
v -0.007667 0.002649 -0.004478
v -0.007164 0.002875 -0.003155
v -0.007667 0.002875 -0.003155
v -0.007164 0.002649 -0.004478
v -0.007164 0.002675 -0.004496
v -0.007164 0.002913 -0.003964
v -0.007164 0.002875 -0.003964
v -0.007667 0.002875 -0.003964
v -0.007667 0.002913 -0.003964
v -0.007667 0.002675 -0.004496
v -0.007667 0.002649 -0.004478
v -0.007164 0.002913 -0.003155
v -0.007164 0.002875 -0.003155
v -0.007667 0.002875 -0.003155
v -0.007667 0.002913 -0.003155
v -0.007164 0.002875 -0.003155
v -0.007164 0.002913 -0.003155
v -0.007667 0.002913 -0.003155
v -0.007667 0.002875 -0.003155
v -0.007164 0.002649 -0.004478
v -0.007667 0.002649 -0.004478
v -0.007667 0.002524 -0.004521
v -0.007164 0.002524 -0.004521
v -0.007164 0.002524 -0.004521
v -0.007164 0.002533 -0.004549
v -0.007667 0.002533 -0.004549
v -0.007667 0.002524 -0.004521
v -0.007667 0.002294 -0.004535
v -0.007164 0.002294 -0.004535
v -0.007164 0.002294 -0.004535
v -0.007164 0.002294 -0.004562
v -0.007667 0.002294 -0.004535
v -0.007667 0.002294 -0.004562
v -0.007164 0.002533 -0.004549
v -0.007164 0.002294 -0.004562
v -0.007667 0.002294 -0.004562
v -0.007667 0.002533 -0.004549
v -0.007164 0.002913 -0.003964
v -0.007164 0.002675 -0.004496
v -0.007667 0.002675 -0.004496
v -0.007667 0.002913 -0.003964
v -0.007164 0.002913 -0.003155
v -0.007667 0.002913 -0.003155
v -0.007164 0.002675 -0.004496
v -0.007667 0.002675 -0.004496
v -0.007667 0.002294 -0.004535
v -0.007667 0.002294 -0.004562
v -0.007164 0.002294 -0.004562
v -0.007164 0.002294 -0.004562
v -0.007164 0.002294 -0.004535
v -0.007667 0.002294 -0.004535
v -0.007667 0.002177 -0.004557
v -0.007164 0.002177 -0.004557
v -0.007164 0.002177 -0.004583
v -0.007667 0.002177 -0.004583
v -0.007667 0.002177 -0.004557
v -0.007667 0.001425 -0.004557
v -0.007164 0.001425 -0.004557
v -0.007164 0.002177 -0.004557
v -0.007164 0.002177 -0.004557
v -0.007164 0.001425 -0.004557
v -0.007164 0.001425 -0.004583
v -0.007164 0.002177 -0.004583
v -0.007164 0.002177 -0.004583
v -0.007164 0.001425 -0.004583
v -0.007667 0.001425 -0.004583
v -0.007667 0.002177 -0.004583
v -0.007667 0.002177 -0.004583
v -0.007667 0.001425 -0.004583
v -0.007667 0.001425 -0.004557
v -0.007667 0.002177 -0.004557
v -0.007667 0.001425 -0.004557
v -0.007667 0.001425 -0.004583
v -0.007164 0.001425 -0.004583
v -0.007164 0.001425 -0.004557
v 0.007178 0.001816 0.004531
v 0.007203 0.001816 0.004531
v 0.007236 0.001772 0.004531
v 0.007236 0.000463 0.004531
v 0.007178 0.000475 0.004531
v 0.007187 0.000463 0.004531
v 0.007236 0.000463 0.004710
v 0.007236 0.001772 0.004710
v 0.007203 0.001816 0.004710
v 0.007178 0.001816 0.004710
v 0.007187 0.000463 0.004710
v 0.007178 0.000475 0.004710
v 0.007236 0.000463 0.004531
v 0.007236 0.000463 0.004710
v 0.007187 0.000463 0.004710
v 0.007187 0.000463 0.004531
v 0.007644 0.001816 0.004531
v 0.007644 0.001816 0.004710
v 0.007644 0.000475 0.004710
v 0.007644 0.000475 0.004531
v 0.007585 0.002007 0.004531
v 0.007585 0.002007 0.004710
v 0.007634 0.002007 0.004710
v 0.007634 0.002007 0.004531
v 0.007178 0.001816 0.004531
v 0.007178 0.001816 0.004710
v 0.007178 0.001994 0.004710
v 0.007178 0.001994 0.004531
v 0.007178 0.001994 0.004531
v 0.007187 0.002007 0.004531
v 0.007236 0.002007 0.004531
v 0.007236 0.001859 0.004531
v 0.007644 0.001816 0.004710
v 0.007644 0.001994 0.004710
v 0.007634 0.002007 0.004710
v 0.007585 0.002007 0.004710
v 0.007585 0.001859 0.004710
v 0.007618 0.001816 0.004710
v 0.007644 0.001994 0.004531
v 0.007644 0.001994 0.004710
v 0.007178 0.000475 0.004531
v 0.007178 0.000475 0.004710
v 0.007644 0.001816 0.004531
v 0.007644 0.000475 0.004531
v 0.007634 0.000463 0.004531
v 0.007585 0.000463 0.004531
v 0.007618 0.001816 0.004531
v 0.007585 0.001772 0.004531
v 0.007585 0.000463 0.004710
v 0.007634 0.000463 0.004710
v 0.007644 0.000475 0.004710
v 0.007585 0.001772 0.004710
v 0.007634 0.000463 0.004531
v 0.007634 0.000463 0.004710
v 0.007585 0.000463 0.004710
v 0.007585 0.000463 0.004531
v 0.007585 0.002007 0.004531
v 0.007634 0.002007 0.004531
v 0.007644 0.001994 0.004531
v 0.007585 0.001859 0.004531
v 0.007269 0.001816 0.004531
v 0.007553 0.001816 0.004531
v 0.007553 0.001816 0.004710
v 0.007269 0.001816 0.004710
v 0.007187 0.002007 0.004531
v 0.007187 0.002007 0.004710
v 0.007236 0.002007 0.004710
v 0.007236 0.002007 0.004531
v 0.007236 0.002007 0.004710
v 0.007187 0.002007 0.004710
v 0.007178 0.001994 0.004710
v 0.007236 0.001859 0.004710
v 0.007269 0.001816 0.004710
v 0.007553 0.001816 0.004710
v 0.007553 0.001816 0.004531
v 0.007269 0.001816 0.004531
v 0.007585 0.001859 0.004710
v 0.007585 0.002007 0.004710
v 0.007585 0.002007 0.004531
v 0.007585 0.001859 0.004531
v 0.007236 0.002007 0.004710
v 0.007236 0.001859 0.004710
v 0.007236 0.001859 0.004531
v 0.007236 0.002007 0.004531
v 0.007553 0.001816 0.004710
v 0.007553 0.001816 0.004531
v 0.007269 0.001816 0.004710
v 0.007269 0.001816 0.004531
v 0.007187 0.000463 0.004710
v 0.007187 0.000463 0.004531
v 0.007634 0.000463 0.004531
v 0.007634 0.000463 0.004710
v 0.007634 0.002007 0.004531
v 0.007634 0.002007 0.004710
v 0.007187 0.002007 0.004531
v 0.007187 0.002007 0.004710
v 0.007688 0.001913 0.004590
v 0.007688 0.001913 0.004636
v 0.007126 0.001913 0.004636
v 0.007126 0.001913 0.004590
v 0.007706 0.002357 0.004590
v 0.007706 0.002357 0.004636
v 0.007706 0.001932 0.004636
v 0.007706 0.001932 0.004590
v 0.007126 0.002376 0.004590
v 0.007126 0.002376 0.004636
v 0.007688 0.002376 0.004636
v 0.007688 0.002376 0.004590
v 0.007108 0.001932 0.004590
v 0.007108 0.001932 0.004636
v 0.007108 0.002357 0.004636
v 0.007108 0.002357 0.004590
v 0.007123 0.001924 0.004590
v 0.007117 0.001923 0.004590
v 0.007108 0.001932 0.004590
v 0.007108 0.002357 0.004590
v 0.007117 0.002366 0.004590
v 0.007150 0.002343 0.004590
v 0.007150 0.001946 0.004590
v 0.007126 0.001913 0.004590
v 0.007688 0.001913 0.004590
v 0.007664 0.001946 0.004590
v 0.007697 0.001923 0.004590
v 0.007126 0.002376 0.004590
v 0.007688 0.002376 0.004590
v 0.007697 0.002366 0.004590
v 0.007664 0.002343 0.004590
v 0.007706 0.002357 0.004590
v 0.007706 0.001932 0.004590
v 0.007126 0.001913 0.004636
v 0.007688 0.001913 0.004636
v 0.007697 0.001923 0.004636
v 0.007664 0.001946 0.004636
v 0.007150 0.001946 0.004636
v 0.007117 0.001923 0.004636
v 0.007706 0.001932 0.004636
v 0.007706 0.002357 0.004636
v 0.007697 0.002366 0.004636
v 0.007664 0.002343 0.004636
v 0.007108 0.002357 0.004636
v 0.007108 0.001932 0.004636
v 0.007150 0.002343 0.004636
v 0.007117 0.002366 0.004636
v 0.007688 0.002376 0.004636
v 0.007126 0.002376 0.004636
v 0.007150 0.002343 0.004636
v 0.007150 0.001946 0.004636
v 0.007150 0.001946 0.004590
v 0.007150 0.002343 0.004590
v 0.007150 0.001946 0.004636
v 0.007664 0.001946 0.004636
v 0.007664 0.001946 0.004590
v 0.007150 0.001946 0.004590
v 0.007664 0.002343 0.004636
v 0.007150 0.002343 0.004636
v 0.007150 0.002343 0.004590
v 0.007664 0.002343 0.004590
v 0.007664 0.001946 0.004636
v 0.007664 0.002343 0.004636
v 0.007664 0.002343 0.004590
v 0.007664 0.001946 0.004590
v 0.007688 0.001913 0.004636
v 0.007688 0.001913 0.004590
v 0.007697 0.001923 0.004590
v 0.007697 0.001923 0.004636
v 0.007126 0.001913 0.004590
v 0.007126 0.001913 0.004636
v 0.007117 0.001923 0.004636
v 0.007117 0.001923 0.004590
v 0.007706 0.002357 0.004636
v 0.007706 0.002357 0.004590
v 0.007697 0.002366 0.004590
v 0.007697 0.002366 0.004636
v 0.007706 0.001932 0.004590
v 0.007706 0.001932 0.004636
v 0.007126 0.002376 0.004636
v 0.007126 0.002376 0.004590
v 0.007117 0.002366 0.004590
v 0.007117 0.002366 0.004636
v 0.007688 0.002376 0.004590
v 0.007688 0.002376 0.004636
v 0.007108 0.001932 0.004636
v 0.007108 0.001932 0.004590
v 0.007108 0.002357 0.004590
v 0.007108 0.002357 0.004636
v -0.007652 0.001816 0.004531
v -0.007627 0.001816 0.004531
v -0.007594 0.001772 0.004531
v -0.007594 0.000463 0.004531
v -0.007652 0.000475 0.004531
v -0.007642 0.000463 0.004531
v -0.007594 0.000463 0.004710
v -0.007594 0.001772 0.004710
v -0.007627 0.001816 0.004710
v -0.007652 0.001816 0.004710
v -0.007642 0.000463 0.004710
v -0.007652 0.000475 0.004710
v -0.007594 0.000463 0.004531
v -0.007594 0.000463 0.004710
v -0.007642 0.000463 0.004710
v -0.007642 0.000463 0.004531
v -0.007186 0.001816 0.004531
v -0.007186 0.001816 0.004710
v -0.007186 0.000475 0.004710
v -0.007186 0.000475 0.004531
v -0.007244 0.002007 0.004531
v -0.007244 0.002007 0.004710
v -0.007196 0.002007 0.004710
v -0.007196 0.002007 0.004531
v -0.007652 0.001816 0.004531
v -0.007652 0.001816 0.004710
v -0.007652 0.001994 0.004710
v -0.007652 0.001994 0.004531
v -0.007652 0.001994 0.004531
v -0.007642 0.002007 0.004531
v -0.007594 0.002007 0.004531
v -0.007594 0.001859 0.004531
v -0.007186 0.001816 0.004710
v -0.007186 0.001994 0.004710
v -0.007196 0.002007 0.004710
v -0.007244 0.002007 0.004710
v -0.007244 0.001859 0.004710
v -0.007212 0.001816 0.004710
v -0.007186 0.001994 0.004531
v -0.007186 0.001994 0.004710
v -0.007652 0.000475 0.004531
v -0.007652 0.000475 0.004710
v -0.007186 0.001816 0.004531
v -0.007186 0.000475 0.004531
v -0.007196 0.000463 0.004531
v -0.007244 0.000463 0.004531
v -0.007212 0.001816 0.004531
v -0.007244 0.001772 0.004531
v -0.007244 0.000463 0.004710
v -0.007196 0.000463 0.004710
v -0.007186 0.000475 0.004710
v -0.007244 0.001772 0.004710
v -0.007196 0.000463 0.004531
v -0.007196 0.000463 0.004710
v -0.007244 0.000463 0.004710
v -0.007244 0.000463 0.004531
v -0.007244 0.002007 0.004531
v -0.007196 0.002007 0.004531
v -0.007186 0.001994 0.004531
v -0.007244 0.001859 0.004531
v -0.007561 0.001816 0.004531
v -0.007277 0.001816 0.004531
v -0.007277 0.001816 0.004710
v -0.007561 0.001816 0.004710
v -0.007642 0.002007 0.004531
v -0.007642 0.002007 0.004710
v -0.007594 0.002007 0.004710
v -0.007594 0.002007 0.004531
v -0.007594 0.002007 0.004710
v -0.007642 0.002007 0.004710
v -0.007652 0.001994 0.004710
v -0.007594 0.001859 0.004710
v -0.007561 0.001816 0.004710
v -0.007277 0.001816 0.004710
v -0.007277 0.001816 0.004531
v -0.007561 0.001816 0.004531
v -0.007244 0.001859 0.004710
v -0.007244 0.002007 0.004710
v -0.007244 0.002007 0.004531
v -0.007244 0.001859 0.004531
v -0.007594 0.002007 0.004710
v -0.007594 0.001859 0.004710
v -0.007594 0.001859 0.004531
v -0.007594 0.002007 0.004531
v -0.007277 0.001816 0.004710
v -0.007277 0.001816 0.004531
v -0.007561 0.001816 0.004710
v -0.007561 0.001816 0.004531
v -0.007642 0.000463 0.004710
v -0.007642 0.000463 0.004531
v -0.007196 0.000463 0.004531
v -0.007196 0.000463 0.004710
v -0.007196 0.002007 0.004531
v -0.007196 0.002007 0.004710
v -0.007642 0.002007 0.004531
v -0.007642 0.002007 0.004710
v -0.007142 0.001913 0.004590
v -0.007142 0.001913 0.004636
v -0.007704 0.001913 0.004636
v -0.007704 0.001913 0.004590
v -0.007124 0.002357 0.004590
v -0.007124 0.002357 0.004636
v -0.007124 0.001932 0.004636
v -0.007124 0.001932 0.004590
v -0.007704 0.002376 0.004590
v -0.007704 0.002376 0.004636
v -0.007142 0.002376 0.004636
v -0.007142 0.002376 0.004590
v -0.007722 0.001932 0.004590
v -0.007722 0.001932 0.004636
v -0.007722 0.002357 0.004636
v -0.007722 0.002357 0.004590
v -0.007707 0.001924 0.004590
v -0.007713 0.001923 0.004590
v -0.007722 0.001932 0.004590
v -0.007722 0.002357 0.004590
v -0.007713 0.002366 0.004590
v -0.007679 0.002343 0.004590
v -0.007679 0.001946 0.004590
v -0.007704 0.001913 0.004590
v -0.007142 0.001913 0.004590
v -0.007166 0.001946 0.004590
v -0.007133 0.001923 0.004590
v -0.007704 0.002376 0.004590
v -0.007142 0.002376 0.004590
v -0.007133 0.002366 0.004590
v -0.007166 0.002343 0.004590
v -0.007124 0.002357 0.004590
v -0.007124 0.001932 0.004590
v -0.007704 0.001913 0.004636
v -0.007142 0.001913 0.004636
v -0.007133 0.001923 0.004636
v -0.007166 0.001946 0.004636
v -0.007679 0.001946 0.004636
v -0.007713 0.001923 0.004636
v -0.007124 0.001932 0.004636
v -0.007124 0.002357 0.004636
v -0.007133 0.002366 0.004636
v -0.007166 0.002343 0.004636
v -0.007722 0.002357 0.004636
v -0.007722 0.001932 0.004636
v -0.007679 0.002343 0.004636
v -0.007713 0.002366 0.004636
v -0.007142 0.002376 0.004636
v -0.007704 0.002376 0.004636
v -0.007679 0.002343 0.004636
v -0.007679 0.001946 0.004636
v -0.007679 0.001946 0.004590
v -0.007679 0.002343 0.004590
v -0.007679 0.001946 0.004636
v -0.007166 0.001946 0.004636
v -0.007166 0.001946 0.004590
v -0.007679 0.001946 0.004590
v -0.007166 0.002343 0.004636
v -0.007679 0.002343 0.004636
v -0.007679 0.002343 0.004590
v -0.007166 0.002343 0.004590
v -0.007166 0.001946 0.004636
v -0.007166 0.002343 0.004636
v -0.007166 0.002343 0.004590
v -0.007166 0.001946 0.004590
v -0.007142 0.001913 0.004636
v -0.007142 0.001913 0.004590
v -0.007133 0.001923 0.004590
v -0.007133 0.001923 0.004636
v -0.007704 0.001913 0.004590
v -0.007704 0.001913 0.004636
v -0.007713 0.001923 0.004636
v -0.007713 0.001923 0.004590
v -0.007124 0.002357 0.004636
v -0.007124 0.002357 0.004590
v -0.007133 0.002366 0.004590
v -0.007133 0.002366 0.004636
v -0.007124 0.001932 0.004590
v -0.007124 0.001932 0.004636
v -0.007704 0.002376 0.004636
v -0.007704 0.002376 0.004590
v -0.007713 0.002366 0.004590
v -0.007713 0.002366 0.004636
v -0.007142 0.002376 0.004590
v -0.007142 0.002376 0.004636
v -0.007722 0.001932 0.004636
v -0.007722 0.001932 0.004590
v -0.007722 0.002357 0.004590
v -0.007722 0.002357 0.004636
vt 0.000500 0.000500
vt 0.461139 0.000500
vt 0.461139 0.103749
vt 0.000500 0.103749
vt 0.469502 0.585591
vt 0.683499 0.585591
vt 0.683499 0.688841
vt 0.469502 0.688841
vt 0.925497 0.103749
vt 0.464858 0.103749
vt 0.464858 0.000500
vt 0.925497 0.000500
vt 0.683499 0.582038
vt 0.469501 0.582038
vt 0.469501 0.478789
vt 0.683499 0.478789
vt 0.469501 0.469502
vt 0.683499 0.469502
vt 0.675675 0.477502
vt 0.477326 0.477502
vt 0.461097 0.235936
vt 0.000500 0.235936
vt 0.008497 0.228037
vt 0.453019 0.228035
vt 0.000500 0.237323
vt 0.461097 0.237323
vt 0.453100 0.245221
vt 0.008578 0.245223
vt 0.683499 0.709681
vt 0.469502 0.709681
vt 0.477326 0.701681
vt 0.675675 0.701681
vt 0.000500 0.218748
vt 0.461097 0.218748
vt 0.453100 0.226647
vt 0.008578 0.226648
vt 0.469502 0.710968
vt 0.683499 0.710968
vt 0.675674 0.718968
vt 0.477326 0.718968
vt 0.683499 0.700394
vt 0.469502 0.700394
vt 0.477326 0.692393
vt 0.675674 0.692393
vt 0.461097 0.254510
vt 0.000500 0.254510
vt 0.008497 0.246611
vt 0.453019 0.246610
vt 0.469501 0.255897
vt 0.914140 0.255897
vt 0.914140 0.359099
vt 0.469501 0.359099
vt 0.715611 0.469502
vt 0.913960 0.469502
vt 0.913960 0.572704
vt 0.715611 0.572704
vt 0.913960 0.679506
vt 0.715611 0.679506
vt 0.715611 0.576304
vt 0.913960 0.576304
vt 0.914140 0.465901
vt 0.469502 0.465901
vt 0.469502 0.362699
vt 0.914140 0.362699
vt 0.000500 0.476634
vt 0.000500 0.404491
vt 0.458606 0.404491
vt 0.458606 0.476634
vt 0.000500 0.775978
vt 0.458606 0.775978
vt 0.458606 0.848120
vt 0.000500 0.848120
vt 0.000500 0.190887
vt 0.461139 0.190887
vt 0.461139 0.198141
vt 0.000500 0.198141
vt 0.803839 0.701681
vt 0.873716 0.701681
vt 0.873716 0.708668
vt 0.803839 0.708668
vt 0.000500 0.181600
vt 0.461139 0.181600
vt 0.461139 0.188854
vt 0.000500 0.188854
vt 0.785265 0.729542
vt 0.855141 0.729542
vt 0.855141 0.736530
vt 0.785265 0.736530
vt 0.000500 0.402337
vt 0.000500 0.330194
vt 0.458606 0.330194
vt 0.458606 0.402337
vt 0.000500 0.701681
vt 0.458606 0.701681
vt 0.458606 0.773823
vt 0.000500 0.773823
vt 0.000500 0.172312
vt 0.461139 0.172312
vt 0.461139 0.179567
vt 0.000500 0.179567
vt 0.803839 0.710968
vt 0.873716 0.710968
vt 0.873716 0.717955
vt 0.803839 0.717955
vt 0.000500 0.163025
vt 0.461139 0.163025
vt 0.461139 0.170279
vt 0.000500 0.170279
vt 0.822414 0.683106
vt 0.892290 0.683106
vt 0.892290 0.690094
vt 0.822414 0.690094
vt 0.474145 0.179445
vt 0.474145 0.107302
vt 0.932251 0.107302
vt 0.932251 0.179445
vt 0.474145 0.181600
vt 0.932251 0.181600
vt 0.932251 0.253742
vt 0.474145 0.253742
vt 0.000500 0.144451
vt 0.461139 0.144451
vt 0.461139 0.151705
vt 0.000500 0.151705
vt 0.678463 0.905998
vt 0.748339 0.905998
vt 0.748339 0.912985
vt 0.678463 0.912985
vt 0.000500 0.107302
vt 0.461139 0.107302
vt 0.461139 0.114556
vt 0.000500 0.114556
vt 0.803839 0.692393
vt 0.873716 0.692393
vt 0.873716 0.699381
vt 0.803839 0.699381
vt 0.000500 0.550931
vt 0.000500 0.478789
vt 0.458606 0.478789
vt 0.458606 0.550931
vt 0.000500 0.924572
vt 0.458606 0.924572
vt 0.458606 0.996715
vt 0.000500 0.996715
vt 0.000500 0.209461
vt 0.461139 0.209461
vt 0.461139 0.216715
vt 0.000500 0.216715
vt 0.785265 0.748116
vt 0.855141 0.748116
vt 0.855141 0.755104
vt 0.785265 0.755104
vt 0.000500 0.135164
vt 0.461139 0.135164
vt 0.461139 0.142418
vt 0.000500 0.142418
vt 0.678463 0.924572
vt 0.748339 0.924572
vt 0.748339 0.931560
vt 0.678463 0.931560
vt 0.000500 0.699526
vt 0.000500 0.627383
vt 0.458606 0.627383
vt 0.458606 0.699526
vt 0.000500 0.850275
vt 0.458606 0.850275
vt 0.458606 0.922418
vt 0.000500 0.922418
vt 0.000500 0.125877
vt 0.461139 0.125877
vt 0.461139 0.133131
vt 0.000500 0.133131
vt 0.785265 0.720255
vt 0.855141 0.720255
vt 0.855141 0.727242
vt 0.785265 0.727242
vt 0.000500 0.116589
vt 0.461139 0.116589
vt 0.461139 0.123844
vt 0.000500 0.123844
vt 0.678463 0.915285
vt 0.748339 0.915285
vt 0.748339 0.922273
vt 0.678463 0.922273
vt 0.000500 0.625229
vt 0.000500 0.553086
vt 0.458606 0.553086
vt 0.458606 0.625229
vt 0.000500 0.255897
vt 0.458606 0.255897
vt 0.458606 0.328039
vt 0.000500 0.328039
vt 0.000500 0.200174
vt 0.461139 0.200174
vt 0.461139 0.207428
vt 0.000500 0.207428
vt 0.785265 0.757404
vt 0.855141 0.757404
vt 0.855141 0.764391
vt 0.785265 0.764391
vt 0.000500 0.153738
vt 0.461139 0.153738
vt 0.461139 0.160992
vt 0.000500 0.160992
vt 0.785265 0.738829
vt 0.855141 0.738829
vt 0.855141 0.745817
vt 0.785265 0.745817
vt 0.640647 0.729542
vt 0.640647 0.740964
vt 0.636670 0.740964
vt 0.636670 0.729542
vt 0.557730 0.924863
vt 0.561706 0.924863
vt 0.561706 0.936285
vt 0.557730 0.936285
vt 0.538716 0.740964
vt 0.520581 0.740964
vt 0.520581 0.729542
vt 0.538716 0.729542
vt 0.849836 0.863539
vt 0.831701 0.863539
vt 0.831701 0.859562
vt 0.849836 0.859562
vt 0.952164 0.011226
vt 0.933860 0.011226
vt 0.933860 0.000500
vt 0.952164 0.000500
vt 0.645968 0.740964
vt 0.561706 0.729542
vt 0.567027 0.740169
vt 0.561706 0.740169
vt 0.877698 0.840321
vt 0.859562 0.840321
vt 0.859562 0.836344
vt 0.877698 0.836344
vt 0.640647 0.925659
vt 0.636670 0.925659
vt 0.557730 0.740169
vt 0.538716 0.925659
vt 0.520581 0.925659
vt 0.952164 0.209172
vt 0.933860 0.209172
vt 0.933860 0.197643
vt 0.952164 0.197643
vt 0.645968 0.925659
vt 0.567027 0.924863
vt 0.952164 0.197643
vt 0.933860 0.197643
vt 0.933860 0.011226
vt 0.952164 0.011226
vt 0.640647 0.936285
vt 0.636670 0.936285
vt 0.557730 0.729542
vt 0.538716 0.936286
vt 0.520581 0.936286
vt 0.510627 0.729542
vt 0.510627 0.740964
vt 0.506650 0.740964
vt 0.506650 0.729542
vt 0.571660 0.924863
vt 0.575637 0.924863
vt 0.575637 0.936285
vt 0.571660 0.936285
vt 0.603727 0.740964
vt 0.585591 0.740964
vt 0.585591 0.729542
vt 0.603727 0.729542
vt 0.840549 0.974985
vt 0.822414 0.974985
vt 0.822414 0.971008
vt 0.840549 0.971008
vt 0.706055 0.489515
vt 0.687750 0.489515
vt 0.687750 0.478789
vt 0.706055 0.478789
vt 0.515947 0.740964
vt 0.575637 0.729542
vt 0.580958 0.740169
vt 0.575637 0.740169
vt 0.840549 0.984272
vt 0.822414 0.984272
vt 0.822414 0.980295
vt 0.840549 0.980295
vt 0.510627 0.925659
vt 0.506650 0.925659
vt 0.571660 0.740169
vt 0.603727 0.925659
vt 0.585591 0.925659
vt 0.706055 0.687460
vt 0.687750 0.687460
vt 0.687750 0.675930
vt 0.706055 0.675930
vt 0.515947 0.925659
vt 0.580957 0.924863
vt 0.706055 0.675930
vt 0.687750 0.675930
vt 0.687750 0.489515
vt 0.706055 0.489515
vt 0.510627 0.936286
vt 0.506650 0.936286
vt 0.571660 0.729542
vt 0.603727 0.936285
vt 0.585591 0.936285
vt 0.984272 0.000500
vt 0.980295 0.000500
vt 0.980295 0.011922
vt 0.984272 0.011922
vt 0.543799 0.924863
vt 0.543799 0.936286
vt 0.547776 0.936286
vt 0.547776 0.924863
vt 0.501568 0.740964
vt 0.501568 0.729542
vt 0.483432 0.729542
vt 0.483432 0.740964
vt 0.877698 0.858896
vt 0.877698 0.854919
vt 0.859562 0.854919
vt 0.859562 0.858896
vt 0.478519 0.740268
vt 0.478519 0.729542
vt 0.460214 0.729542
vt 0.460214 0.740268
vt 0.989592 0.011922
vt 0.547776 0.729542
vt 0.547776 0.740169
vt 0.553096 0.740169
vt 0.877698 0.849608
vt 0.877698 0.845631
vt 0.859562 0.845631
vt 0.859562 0.849608
vt 0.984272 0.196617
vt 0.980295 0.196617
vt 0.543799 0.740169
vt 0.501568 0.925659
vt 0.483432 0.925659
vt 0.478519 0.938214
vt 0.478519 0.926685
vt 0.460214 0.926685
vt 0.460214 0.938214
vt 0.989592 0.196617
vt 0.553096 0.924863
vt 0.478519 0.926685
vt 0.478519 0.740268
vt 0.460214 0.740268
vt 0.460214 0.926685
vt 0.984272 0.207244
vt 0.980295 0.207244
vt 0.543799 0.729542
vt 0.501568 0.936286
vt 0.483432 0.936286
vt 0.626717 0.729542
vt 0.622740 0.729542
vt 0.622740 0.740964
vt 0.626717 0.740964
vt 0.608809 0.924863
vt 0.608809 0.936285
vt 0.612786 0.936285
vt 0.612786 0.924863
vt 0.668737 0.740964
vt 0.668737 0.729542
vt 0.650601 0.729542
vt 0.650601 0.740964
vt 0.849836 0.849608
vt 0.849836 0.845632
vt 0.831701 0.845632
vt 0.831701 0.849608
vt 0.975382 0.011226
vt 0.975382 0.000500
vt 0.957077 0.000500
vt 0.957077 0.011226
vt 0.632037 0.740964
vt 0.612786 0.729542
vt 0.612786 0.740169
vt 0.618106 0.740169
vt 0.812687 0.988916
vt 0.812687 0.984939
vt 0.794552 0.984939
vt 0.794552 0.988916
vt 0.626717 0.925659
vt 0.622740 0.925659
vt 0.608809 0.740169
vt 0.668737 0.925659
vt 0.650601 0.925659
vt 0.975382 0.209171
vt 0.975382 0.197643
vt 0.957077 0.197643
vt 0.957077 0.209171
vt 0.632037 0.925659
vt 0.618106 0.924863
vt 0.975382 0.197643
vt 0.975382 0.011226
vt 0.957077 0.011226
vt 0.957077 0.197643
vt 0.626717 0.936285
vt 0.622740 0.936285
vt 0.608809 0.729542
vt 0.668737 0.936285
vt 0.650601 0.936285
vt 0.678463 0.847313
vt 0.686684 0.847313
vt 0.686684 0.848570
vt 0.678463 0.848570
vt 0.686684 0.901354
vt 0.686684 0.902611
vt 0.678463 0.902611
vt 0.678463 0.901354
vt 0.762372 0.783199
vt 0.762372 0.775978
vt 0.772731 0.775978
vt 0.772731 0.783199
vt 0.943147 0.571150
vt 0.943147 0.557730
vt 0.946090 0.557730
vt 0.946090 0.571150
vt 0.781542 0.718241
vt 0.781542 0.710968
vt 0.791984 0.710968
vt 0.791984 0.718241
vt 0.686684 0.845632
vt 0.753282 0.902611
vt 0.745054 0.904293
vt 0.745054 0.902611
vt 0.946089 0.464858
vt 0.946089 0.478278
vt 0.943147 0.478278
vt 0.943147 0.464858
vt 0.745054 0.847313
vt 0.745054 0.848570
vt 0.745054 0.901354
vt 0.688830 0.783199
vt 0.688830 0.775978
vt 0.697037 0.718241
vt 0.697037 0.710968
vt 0.707470 0.710968
vt 0.707470 0.718241
vt 0.745054 0.845632
vt 0.686684 0.904293
vt 0.707470 0.718241
vt 0.707470 0.710968
vt 0.781542 0.710968
vt 0.781542 0.718241
vt 0.753282 0.847313
vt 0.753282 0.848570
vt 0.753282 0.901354
vt 0.678463 0.783199
vt 0.678463 0.775978
vt 0.678463 0.861244
vt 0.686684 0.861244
vt 0.686684 0.862500
vt 0.678463 0.862500
vt 0.686684 0.882780
vt 0.686684 0.884037
vt 0.678463 0.884037
vt 0.678463 0.882780
vt 0.762372 0.764625
vt 0.762372 0.757404
vt 0.772731 0.757404
vt 0.772731 0.764625
vt 0.943147 0.501496
vt 0.943147 0.488076
vt 0.946089 0.488076
vt 0.946089 0.501496
vt 0.762968 0.746103
vt 0.762968 0.738829
vt 0.773409 0.738829
vt 0.773409 0.746103
vt 0.686684 0.859562
vt 0.753282 0.884037
vt 0.745054 0.885718
vt 0.745054 0.884037
vt 0.950733 0.464858
vt 0.950733 0.478278
vt 0.947790 0.478278
vt 0.947790 0.464858
vt 0.745054 0.861244
vt 0.745054 0.862500
vt 0.745054 0.882780
vt 0.688830 0.764625
vt 0.688830 0.757404
vt 0.678463 0.746103
vt 0.678463 0.738829
vt 0.688895 0.738829
vt 0.688895 0.746103
vt 0.745054 0.859562
vt 0.686684 0.885718
vt 0.688895 0.746103
vt 0.688895 0.738829
vt 0.762968 0.738829
vt 0.762968 0.746103
vt 0.753282 0.861244
vt 0.753282 0.862500
vt 0.753282 0.882780
vt 0.678463 0.764625
vt 0.678463 0.757404
vt 0.678463 0.838026
vt 0.686684 0.838026
vt 0.686684 0.839282
vt 0.678463 0.839282
vt 0.686684 0.873493
vt 0.686684 0.874750
vt 0.678463 0.874750
vt 0.678463 0.873493
vt 0.762373 0.811060
vt 0.762373 0.803839
vt 0.772731 0.803839
vt 0.772731 0.811060
vt 0.947790 0.501496
vt 0.947790 0.488076
vt 0.950733 0.488076
vt 0.950733 0.501496
vt 0.781542 0.708954
vt 0.781542 0.701681
vt 0.791984 0.701681
vt 0.791984 0.708954
vt 0.686684 0.836344
vt 0.753282 0.874750
vt 0.745054 0.876431
vt 0.745054 0.874750
vt 0.950733 0.534512
vt 0.950733 0.547932
vt 0.947790 0.547932
vt 0.947790 0.534512
vt 0.745054 0.838026
vt 0.745054 0.839282
vt 0.745054 0.873493
vt 0.688830 0.811060
vt 0.688830 0.803839
vt 0.697037 0.708954
vt 0.697037 0.701681
vt 0.707470 0.701681
vt 0.707470 0.708954
vt 0.745054 0.836344
vt 0.686684 0.876431
vt 0.707470 0.708954
vt 0.707470 0.701681
vt 0.781542 0.701681
vt 0.781542 0.708954
vt 0.753283 0.838026
vt 0.753283 0.839282
vt 0.753282 0.873493
vt 0.678463 0.811060
vt 0.678463 0.803839
vt 0.678463 0.833382
vt 0.686684 0.833382
vt 0.686684 0.834639
vt 0.678463 0.834639
vt 0.686684 0.854919
vt 0.686684 0.856176
vt 0.678463 0.856176
vt 0.678463 0.854919
vt 0.762373 0.773912
vt 0.762373 0.766691
vt 0.772731 0.766691
vt 0.772731 0.773912
vt 0.947790 0.524714
vt 0.947790 0.511294
vt 0.950733 0.511294
vt 0.950733 0.524714
vt 0.800117 0.690379
vt 0.800117 0.683106
vt 0.810559 0.683106
vt 0.810559 0.690379
vt 0.686684 0.831701
vt 0.753282 0.856176
vt 0.745054 0.857857
vt 0.745054 0.856176
vt 0.955377 0.441640
vt 0.955377 0.455060
vt 0.952434 0.455060
vt 0.952434 0.441640
vt 0.745054 0.833382
vt 0.745054 0.834639
vt 0.745054 0.854919
vt 0.688830 0.773912
vt 0.688830 0.766691
vt 0.715611 0.690379
vt 0.715611 0.683106
vt 0.726044 0.683106
vt 0.726044 0.690379
vt 0.745054 0.831701
vt 0.686684 0.857857
vt 0.726044 0.690379
vt 0.726044 0.683106
vt 0.800117 0.683106
vt 0.800117 0.690379
vt 0.753283 0.833382
vt 0.753283 0.834639
vt 0.753282 0.854919
vt 0.678463 0.773912
vt 0.678463 0.766691
vt 0.678463 0.879818
vt 0.678463 0.881075
vt 0.686684 0.881075
vt 0.686684 0.879818
vt 0.686684 0.850275
vt 0.678463 0.850275
vt 0.678463 0.851532
vt 0.686684 0.851532
vt 0.762372 0.820348
vt 0.772731 0.820348
vt 0.772731 0.813127
vt 0.762372 0.813127
vt 0.943147 0.547932
vt 0.946090 0.547932
vt 0.946090 0.534512
vt 0.943147 0.534512
vt 0.762968 0.727528
vt 0.773409 0.727528
vt 0.773409 0.720255
vt 0.762968 0.720255
vt 0.686684 0.878137
vt 0.753282 0.851532
vt 0.745054 0.851532
vt 0.745054 0.853213
vt 0.950733 0.557730
vt 0.947790 0.557730
vt 0.947790 0.571149
vt 0.950733 0.571149
vt 0.745054 0.879818
vt 0.745054 0.881075
vt 0.745054 0.850275
vt 0.688830 0.820348
vt 0.688830 0.813127
vt 0.678463 0.727528
vt 0.688895 0.727528
vt 0.688895 0.720255
vt 0.678463 0.720255
vt 0.745054 0.878137
vt 0.686684 0.853213
vt 0.688895 0.727528
vt 0.762968 0.727528
vt 0.762968 0.720255
vt 0.688895 0.720255
vt 0.753282 0.879818
vt 0.753282 0.881075
vt 0.753282 0.850275
vt 0.678463 0.820348
vt 0.678463 0.813127
vt 0.678463 0.865887
vt 0.678463 0.867144
vt 0.686684 0.867144
vt 0.686684 0.865887
vt 0.686684 0.896711
vt 0.678463 0.896711
vt 0.678463 0.897968
vt 0.686684 0.897968
vt 0.762372 0.829635
vt 0.772730 0.829635
vt 0.772730 0.822414
vt 0.762372 0.822414
vt 0.952434 0.431842
vt 0.955377 0.431842
vt 0.955377 0.418422
vt 0.952434 0.418422
vt 0.781542 0.699667
vt 0.791984 0.699667
vt 0.791984 0.692393
vt 0.781542 0.692393
vt 0.686684 0.864206
vt 0.753282 0.897968
vt 0.745054 0.897968
vt 0.745054 0.899649
vt 0.946089 0.511294
vt 0.943147 0.511294
vt 0.943147 0.524714
vt 0.946089 0.524714
vt 0.745054 0.865887
vt 0.745054 0.867144
vt 0.745054 0.896711
vt 0.688830 0.829635
vt 0.688830 0.822414
vt 0.697037 0.699667
vt 0.707470 0.699667
vt 0.707470 0.692393
vt 0.697037 0.692393
vt 0.745054 0.864206
vt 0.686684 0.899649
vt 0.707470 0.699667
vt 0.781542 0.699667
vt 0.781542 0.692393
vt 0.707470 0.692393
vt 0.753282 0.865887
vt 0.753282 0.867144
vt 0.753282 0.896711
vt 0.678463 0.829635
vt 0.678463 0.822414
vt 0.678463 0.893749
vt 0.678463 0.895006
vt 0.686684 0.895006
vt 0.686684 0.893749
vt 0.686684 0.840988
vt 0.678463 0.840988
vt 0.678463 0.842245
vt 0.686684 0.842245
vt 0.762372 0.801773
vt 0.772731 0.801773
vt 0.772731 0.794552
vt 0.762372 0.794552
vt 0.943147 0.431842
vt 0.946089 0.431842
vt 0.946089 0.418422
vt 0.943147 0.418422
vt 0.762967 0.755390
vt 0.773409 0.755390
vt 0.773409 0.748116
vt 0.762967 0.748116
vt 0.686684 0.892067
vt 0.753282 0.842245
vt 0.745054 0.842245
vt 0.745054 0.843926
vt 0.950733 0.418422
vt 0.947790 0.418422
vt 0.947790 0.431842
vt 0.950733 0.431842
vt 0.745054 0.893749
vt 0.745054 0.895006
vt 0.745054 0.840988
vt 0.688830 0.801773
vt 0.688830 0.794552
vt 0.678463 0.755390
vt 0.688895 0.755390
vt 0.688895 0.748116
vt 0.678463 0.748116
vt 0.745054 0.892067
vt 0.686684 0.843926
vt 0.688895 0.755390
vt 0.762967 0.755390
vt 0.762967 0.748116
vt 0.688895 0.748116
vt 0.753282 0.893749
vt 0.753282 0.895006
vt 0.753282 0.840988
vt 0.678463 0.801773
vt 0.678463 0.794552
vt 0.678463 0.870531
vt 0.678463 0.871787
vt 0.686684 0.871787
vt 0.686684 0.870531
vt 0.686684 0.887424
vt 0.678463 0.887424
vt 0.678463 0.888681
vt 0.686684 0.888681
vt 0.762372 0.792486
vt 0.772731 0.792486
vt 0.772731 0.785265
vt 0.762372 0.785265
vt 0.943147 0.455060
vt 0.946089 0.455060
vt 0.946089 0.441640
vt 0.943147 0.441640
vt 0.762967 0.736815
vt 0.773409 0.736815
vt 0.773409 0.729542
vt 0.762967 0.729542
vt 0.686684 0.868849
vt 0.753282 0.888681
vt 0.745054 0.888681
vt 0.745054 0.890362
vt 0.950733 0.441640
vt 0.947790 0.441640
vt 0.947790 0.455060
vt 0.950733 0.455060
vt 0.745054 0.870531
vt 0.745054 0.871787
vt 0.745054 0.887424
vt 0.688830 0.792486
vt 0.688830 0.785265
vt 0.678463 0.736815
vt 0.688895 0.736815
vt 0.688895 0.729542
vt 0.678463 0.729542
vt 0.745054 0.868849
vt 0.686684 0.890362
vt 0.688895 0.736815
vt 0.762967 0.736815
vt 0.762967 0.729542
vt 0.688895 0.729542
vt 0.753282 0.870531
vt 0.753282 0.871787
vt 0.753282 0.887424
vt 0.678463 0.792486
vt 0.678463 0.785265
vt 0.845581 0.938503
vt 0.775978 0.938503
vt 0.775978 0.969170
vt 0.845581 0.969170
vt 0.766640 0.969170
vt 0.766640 0.938503
vt 0.697037 0.938503
vt 0.697037 0.969170
vt 0.887818 0.933196
vt 0.918484 0.933196
vt 0.918484 0.932833
vt 0.887818 0.932833
vt 0.929216 0.959883
vt 0.929216 0.960276
vt 0.929579 0.960276
vt 0.929579 0.959883
vt 0.678463 0.933860
vt 0.678463 0.934222
vt 0.748065 0.934222
vt 0.748065 0.933860
vt 0.887424 0.933196
vt 0.887424 0.932833
vt 0.929216 0.929216
vt 0.929579 0.929216
vt 0.785265 0.767053
vt 0.785265 0.793888
vt 0.854868 0.793888
vt 0.854868 0.767053
vt 0.956414 0.960276
vt 0.956414 0.959883
vt 0.887818 0.905998
vt 0.887424 0.905998
vt 0.942120 0.265184
vt 0.915285 0.265184
vt 0.915285 0.334787
vt 0.942120 0.334787
vt 0.079441 0.999263
vt 0.149044 0.999263
vt 0.149044 0.998870
vt 0.079441 0.998870
vt 0.687699 0.938503
vt 0.687699 0.969170
vt 0.618096 0.969170
vt 0.618096 0.938503
vt 0.827006 0.871655
vt 0.757404 0.871655
vt 0.757404 0.840988
vt 0.827006 0.840988
vt 0.855312 0.919265
vt 0.855312 0.918903
vt 0.885979 0.918903
vt 0.885979 0.919265
vt 0.966365 0.973813
vt 0.966728 0.973813
vt 0.966728 0.974207
vt 0.966365 0.974207
vt 0.618096 0.971008
vt 0.687699 0.971008
vt 0.687699 0.971371
vt 0.618096 0.971371
vt 0.854919 0.919265
vt 0.854919 0.918903
vt 0.966365 0.943147
vt 0.966728 0.943147
vt 0.762047 0.906361
vt 0.831650 0.906361
vt 0.831650 0.933196
vt 0.762047 0.933196
vt 0.993562 0.973813
vt 0.993562 0.974207
vt 0.854919 0.892067
vt 0.855312 0.892067
vt 0.942121 0.502007
vt 0.942121 0.571609
vt 0.915285 0.571609
vt 0.915285 0.502007
vt 0.158382 0.999263
vt 0.158382 0.998870
vt 0.227985 0.998870
vt 0.227985 0.999263
vt 0.529817 0.947790
vt 0.460214 0.947790
vt 0.460214 0.978457
vt 0.529817 0.978457
vt 0.919878 0.973814
vt 0.919878 0.943147
vt 0.850275 0.943147
vt 0.850275 0.973814
vt 0.924966 0.974988
vt 0.955633 0.974988
vt 0.955633 0.974625
vt 0.924966 0.974625
vt 0.933860 0.945952
vt 0.933860 0.946346
vt 0.934223 0.946346
vt 0.934223 0.945952
vt 0.316263 0.998870
vt 0.316263 0.999232
vt 0.385866 0.999232
vt 0.385866 0.998870
vt 0.924572 0.974988
vt 0.924572 0.974625
vt 0.933860 0.915285
vt 0.934223 0.915285
vt 0.775978 0.804202
vt 0.775978 0.831037
vt 0.845580 0.831037
vt 0.845581 0.804202
vt 0.961057 0.946346
vt 0.961057 0.945952
vt 0.924966 0.947790
vt 0.924572 0.947790
vt 0.942120 0.344125
vt 0.915285 0.344125
vt 0.915285 0.413728
vt 0.942120 0.413728
vt 0.237323 0.999263
vt 0.306925 0.999263
vt 0.306925 0.998870
vt 0.237323 0.998870
vt 0.836293 0.873493
vt 0.836293 0.904160
vt 0.766691 0.904160
vt 0.766691 0.873493
vt 0.608758 0.969170
vt 0.539155 0.969170
vt 0.539155 0.938503
vt 0.608758 0.938503
vt 0.892461 0.919265
vt 0.892461 0.918903
vt 0.923128 0.918903
vt 0.923128 0.919265
vt 0.850275 0.932022
vt 0.850638 0.932022
vt 0.850638 0.932415
vt 0.850275 0.932415
vt 0.697037 0.971008
vt 0.766640 0.971008
vt 0.766640 0.971371
vt 0.697037 0.971371
vt 0.892067 0.919265
vt 0.892067 0.918903
vt 0.850275 0.901354
vt 0.850638 0.901354
vt 0.539155 0.971371
vt 0.608758 0.971371
vt 0.608758 0.998206
vt 0.539155 0.998206
vt 0.877473 0.932022
vt 0.877473 0.932415
vt 0.892067 0.892067
vt 0.892461 0.892067
vt 0.942120 0.423066
vt 0.942120 0.492669
vt 0.915285 0.492669
vt 0.915285 0.423066
vt 0.000500 0.999263
vt 0.000500 0.998870
vt 0.070103 0.998870
vt 0.070103 0.999263
vt 0.476423 0.990823
vt 0.489618 0.990416
vt 0.489954 0.989583
vt 0.476760 0.989990
vt 0.916184 0.597803
vt 0.921504 0.585723
vt 0.920606 0.585723
vt 0.915285 0.597803
vt 0.507227 0.997530
vt 0.507563 0.996697
vt 0.916184 0.616795
vt 0.915285 0.616795
vt 0.473868 0.992725
vt 0.474399 0.993149
vt 0.924419 0.584717
vt 0.924225 0.584065
vt 0.470684 0.997106
vt 0.472449 0.997063
vt 0.471924 0.996678
vt 0.470849 0.996687
vt 0.929479 0.582755
vt 0.929066 0.581312
vt 0.928614 0.581620
vt 0.929029 0.582751
vt 0.469502 0.996182
vt 0.469956 0.995878
vt 0.470117 0.994514
vt 0.469829 0.994398
vt 0.927289 0.580948
vt 0.927289 0.581258
vt 0.928778 0.584374
vt 0.928619 0.583744
vt 0.476423 0.981536
vt 0.489618 0.981129
vt 0.489954 0.980295
vt 0.476760 0.980703
vt 0.944045 0.282040
vt 0.949366 0.269959
vt 0.948467 0.269959
vt 0.943147 0.282040
vt 0.507227 0.988243
vt 0.507563 0.987410
vt 0.944045 0.301032
vt 0.943147 0.301032
vt 0.473868 0.983438
vt 0.474399 0.983862
vt 0.952281 0.268953
vt 0.952086 0.268302
vt 0.470684 0.987818
vt 0.472449 0.987775
vt 0.471924 0.987391
vt 0.470849 0.987400
vt 0.957341 0.266991
vt 0.956928 0.265549
vt 0.956475 0.265856
vt 0.956891 0.266988
vt 0.469502 0.986895
vt 0.469956 0.986591
vt 0.470117 0.985227
vt 0.469829 0.985110
vt 0.955150 0.265184
vt 0.955150 0.265495
vt 0.956640 0.268611
vt 0.956480 0.267981
vt 0.957706 0.474556
vt 0.957706 0.464858
vt 0.957077 0.464858
vt 0.957077 0.474556
vt 0.925156 0.804082
vt 0.925308 0.803869
vt 0.925141 0.803839
vt 0.804067 0.994464
vt 0.804051 0.994464
vt 0.804051 0.994499
vt 0.924820 0.790061
vt 0.925063 0.790075
vt 0.925034 0.789909
vt 0.924602 0.789909
vt 0.925308 0.804301
vt 0.924797 0.803869
vt 0.925034 0.790420
vt 0.924572 0.790075
vt 0.892880 0.845860
vt 0.892880 0.845850
vt 0.892844 0.845850
vt 0.925141 0.804330
vt 0.924572 0.803999
vt 0.924903 0.790645
vt 0.924602 0.790420
vt 0.924797 0.804301
vt 0.924572 0.804170
vt 0.924733 0.790645
vt 0.926148 0.592213
vt 0.925533 0.591786
vt 0.919929 0.604294
vt 0.920827 0.604294
vt 0.775549 0.981128
vt 0.775885 0.980295
vt 0.762188 0.980806
vt 0.762354 0.981536
vt 0.919929 0.623286
vt 0.920827 0.623286
vt 0.793158 0.988243
vt 0.793494 0.987410
vt 0.929063 0.591207
vt 0.928869 0.590556
vt 0.759799 0.983438
vt 0.760330 0.983862
vt 0.934483 0.590865
vt 0.934467 0.590235
vt 0.757982 0.988759
vt 0.757404 0.988508
vt 0.910642 0.743473
vt 0.910642 0.744103
vt 0.922465 0.744103
vt 0.922465 0.744103
vt 0.922465 0.743473
vt 0.910642 0.743473
vt 0.924572 0.724898
vt 0.924572 0.736722
vt 0.925203 0.736722
vt 0.925203 0.724898
vt 0.915285 0.645958
vt 0.915285 0.663626
vt 0.927109 0.663626
vt 0.927109 0.645958
vt 0.395220 0.999500
vt 0.412889 0.999500
vt 0.412873 0.998870
vt 0.395204 0.998870
vt 0.942241 0.622740
vt 0.924572 0.622740
vt 0.924572 0.634563
vt 0.942241 0.634563
vt 0.943777 0.338591
vt 0.943777 0.320923
vt 0.943147 0.320907
vt 0.943147 0.338575
vt 0.910642 0.729542
vt 0.910642 0.730172
vt 0.922466 0.730172
vt 0.922466 0.729542
vt 0.994855 0.014841
vt 0.994855 0.005144
vt 0.994226 0.005144
vt 0.994226 0.014841
vt 0.925156 0.794795
vt 0.925308 0.794582
vt 0.925141 0.794552
vt 0.831929 0.989821
vt 0.831913 0.989821
vt 0.831913 0.989856
vt 0.924820 0.799349
vt 0.925063 0.799362
vt 0.925034 0.799196
vt 0.924602 0.799196
vt 0.925308 0.795014
vt 0.924797 0.794582
vt 0.925034 0.799707
vt 0.924572 0.799362
vt 0.888236 0.855147
vt 0.888236 0.855137
vt 0.888201 0.855137
vt 0.925141 0.795043
vt 0.924572 0.794712
vt 0.924903 0.799932
vt 0.924602 0.799707
vt 0.924797 0.795014
vt 0.924572 0.794883
vt 0.924733 0.799932
vt 0.954009 0.276450
vt 0.953395 0.276022
vt 0.947790 0.288530
vt 0.948689 0.288530
vt 0.729113 0.985772
vt 0.729449 0.984939
vt 0.715752 0.985450
vt 0.715919 0.986180
vt 0.947790 0.307522
vt 0.948689 0.307522
vt 0.746722 0.992887
vt 0.747058 0.992053
vt 0.956924 0.275444
vt 0.956730 0.274792
vt 0.713363 0.988081
vt 0.713894 0.988505
vt 0.962344 0.275101
vt 0.962328 0.274471
vt 0.711546 0.993403
vt 0.710968 0.993152
vt 0.910642 0.738829
vt 0.910642 0.739460
vt 0.922466 0.739460
vt 0.922466 0.739460
vt 0.922466 0.738829
vt 0.910642 0.738829
vt 0.892067 0.813127
vt 0.892067 0.824950
vt 0.892698 0.824950
vt 0.892698 0.813127
vt 0.952434 0.283758
vt 0.952434 0.301427
vt 0.964257 0.301427
vt 0.964257 0.283758
vt 0.423082 0.999500
vt 0.440750 0.999500
vt 0.440734 0.998870
vt 0.423066 0.998870
vt 0.942241 0.599522
vt 0.924572 0.599522
vt 0.924572 0.611346
vt 0.942241 0.611346
vt 0.521211 0.997980
vt 0.521211 0.980311
vt 0.520581 0.980295
vt 0.520581 0.997964
vt 0.910642 0.734186
vt 0.910642 0.734816
vt 0.922466 0.734816
vt 0.922466 0.734186
vt 0.649883 0.987077
vt 0.649883 0.993744
vt 0.648861 0.994515
vt 0.965646 0.244105
vt 0.965646 0.250772
vt 0.964625 0.251542
vt 0.880160 0.989129
vt 0.873493 0.989129
vt 0.873493 0.984939
vt 0.880160 0.984939
vt 0.965646 0.242564
vt 0.966668 0.243334
vt 0.964625 0.243334
vt 0.649883 0.995285
vt 0.650904 0.994515
vt 0.649883 0.985536
vt 0.650904 0.986307
vt 0.648861 0.986307
vt 0.965646 0.252313
vt 0.966668 0.251542
vt 0.965646 0.220887
vt 0.965646 0.227554
vt 0.964625 0.228324
vt 0.696319 0.987077
vt 0.696319 0.993745
vt 0.695297 0.994515
vt 0.889447 0.989129
vt 0.882780 0.989129
vt 0.882780 0.984939
vt 0.889447 0.984939
vt 0.696319 0.985536
vt 0.697340 0.986307
vt 0.695297 0.986307
vt 0.965646 0.229095
vt 0.966668 0.228324
vt 0.965646 0.219346
vt 0.966668 0.220116
vt 0.964625 0.220116
vt 0.696319 0.995285
vt 0.697340 0.994515
vt 0.785265 0.766691
vt 0.854868 0.766691
vt 0.845581 0.969564
vt 0.775978 0.969564
vt 0.762047 0.905998
vt 0.831650 0.905998
vt 0.687699 0.969564
vt 0.618096 0.969564
vt 0.775978 0.803839
vt 0.845581 0.803839
vt 0.529817 0.978851
vt 0.460214 0.978851
vt 0.539155 0.971008
vt 0.608758 0.971008
vt 0.836293 0.904554
vt 0.766691 0.904554
vt 0.894615 0.777084
vt 0.894615 0.762047
vt 0.884597 0.762047
vt 0.884597 0.777084
vt 0.868849 0.762047
vt 0.868849 0.777084
vt 0.874094 0.880971
vt 0.874094 0.868849
vt 0.873493 0.868849
vt 0.873493 0.880971
vt 0.915285 0.686773
vt 0.917367 0.686773
vt 0.917367 0.673819
vt 0.915285 0.673819
vt 0.920481 0.686773
vt 0.920481 0.673819
vt 0.840988 0.875588
vt 0.853397 0.875588
vt 0.853397 0.874480
vt 0.840988 0.874480
vt 0.958295 0.418422
vt 0.957077 0.418422
vt 0.957077 0.430843
vt 0.958295 0.430843
vt 0.864970 0.895027
vt 0.865641 0.895027
vt 0.865641 0.882780
vt 0.864970 0.882780
vt 0.854919 0.879036
vt 0.867217 0.879036
vt 0.867217 0.878137
vt 0.854919 0.878137
vt 0.486075 0.998870
vt 0.474145 0.998870
vt 0.474145 0.999074
vt 0.486075 0.999074
vt 0.932394 0.659076
vt 0.932394 0.645958
vt 0.929216 0.645958
vt 0.929216 0.659076
vt 0.864936 0.814233
vt 0.864936 0.799196
vt 0.854919 0.799196
vt 0.854919 0.814233
vt 0.880684 0.814233
vt 0.880684 0.799196
vt 0.935012 0.659076
vt 0.935012 0.645958
vt 0.840988 0.873493
vt 0.853397 0.873493
vt 0.864206 0.895027
vt 0.864206 0.882780
vt 0.880684 0.832807
vt 0.880684 0.817770
vt 0.870667 0.817770
vt 0.870667 0.832807
vt 0.854919 0.817770
vt 0.854919 0.832807
vt 0.939104 0.658079
vt 0.939104 0.645958
vt 0.938503 0.645958
vt 0.938503 0.658079
vt 0.882780 0.844655
vt 0.884862 0.844655
vt 0.884862 0.831701
vt 0.882780 0.831701
vt 0.887976 0.844655
vt 0.887976 0.831701
vt 0.854919 0.870945
vt 0.867327 0.870945
vt 0.867327 0.869837
vt 0.854919 0.869837
vt 0.953651 0.557730
vt 0.952434 0.557730
vt 0.952434 0.570150
vt 0.953651 0.570150
vt 0.864970 0.908957
vt 0.865641 0.908957
vt 0.865641 0.896711
vt 0.864970 0.896711
vt 0.938503 0.581846
vt 0.950802 0.581846
vt 0.950802 0.580948
vt 0.938503 0.580948
vt 0.462857 0.998870
vt 0.450927 0.998870
vt 0.450927 0.999074
vt 0.462857 0.999074
vt 0.885959 0.821601
vt 0.885959 0.808483
vt 0.882780 0.808483
vt 0.882780 0.821601
vt 0.874223 0.795659
vt 0.874223 0.780622
vt 0.864206 0.780622
vt 0.864206 0.795659
vt 0.889971 0.795659
vt 0.889971 0.780621
vt 0.888577 0.821602
vt 0.888577 0.808483
vt 0.854919 0.868849
vt 0.867327 0.868849
vt 0.864206 0.908957
vt 0.864206 0.896711
vt 0.771334 0.989583
vt 0.771334 0.992980
vt 0.771556 0.993201
vt 0.780786 0.993201
vt 0.781007 0.992980
vt 0.781007 0.989583
vt 0.794552 0.994464
vt 0.794562 0.994464
vt 0.794562 0.994247
vt 0.794552 0.994226
vt 0.804051 0.994247
vt 0.804067 0.994226
vt 0.804051 0.994464
vt 0.804067 0.994464
vt 0.971008 0.988208
vt 0.971261 0.988208
vt 0.971492 0.984974
vt 0.971458 0.984977
vt 0.971245 0.984939
vt 0.896726 0.827057
vt 0.896711 0.827274
vt 0.896968 0.827274
vt 0.896983 0.827057
vt 0.896711 0.836307
vt 0.896968 0.836307
vt 0.896726 0.836524
vt 0.896983 0.836524
vt 0.961721 0.984965
vt 0.961840 0.988205
vt 0.962092 0.988214
vt 0.961756 0.984970
vt 0.961970 0.984939
vt 0.794562 0.994464
vt 0.794552 0.994464
vt 0.794552 0.994956
vt 0.794562 0.994499
vt 0.804067 0.994956
vt 0.957077 0.497749
vt 0.960439 0.497749
vt 0.960660 0.497528
vt 0.960660 0.488297
vt 0.960439 0.488076
vt 0.957077 0.488076
vt 0.892880 0.836344
vt 0.892880 0.836361
vt 0.893097 0.836361
vt 0.892880 0.845850
vt 0.892880 0.845860
vt 0.893118 0.845860
vt 0.893097 0.845850
vt 0.893118 0.836344
vt 0.804067 0.995277
vt 0.794552 0.995277
vt 0.892388 0.845860
vt 0.892844 0.836361
vt 0.892388 0.836344
vt 0.892880 0.836361
vt 0.892880 0.836344
vt 0.924820 0.748116
vt 0.924572 0.748116
vt 0.924572 0.757814
vt 0.924820 0.757814
vt 0.892067 0.836344
vt 0.892067 0.845860
vt 0.957077 0.544185
vt 0.960482 0.544185
vt 0.960703 0.543963
vt 0.960703 0.534733
vt 0.960482 0.534512
vt 0.957077 0.534512
vt 0.952434 0.985186
vt 0.955710 0.985423
vt 0.955710 0.985171
vt 0.952472 0.984974
vt 0.952469 0.984939
vt 0.878394 0.869066
vt 0.878409 0.868849
vt 0.878152 0.868849
vt 0.878137 0.869066
vt 0.878394 0.878099
vt 0.878137 0.878099
vt 0.878152 0.878315
vt 0.878409 0.878315
vt 0.951063 0.985191
vt 0.951072 0.984939
vt 0.947790 0.985061
vt 0.947821 0.985275
vt 0.947816 0.985310
vt 0.919929 0.781007
vt 0.923298 0.781007
vt 0.923518 0.780786
vt 0.923518 0.771556
vt 0.923298 0.771334
vt 0.919929 0.771334
vt 0.868849 0.760182
vt 0.881177 0.760182
vt 0.881177 0.748116
vt 0.868849 0.748116
vt 0.900558 0.760182
vt 0.900558 0.748116
vt 0.910642 0.752760
vt 0.910642 0.753659
vt 0.922465 0.753659
vt 0.922465 0.752760
vt 0.919024 0.727501
vt 0.919024 0.715611
vt 0.916092 0.715611
vt 0.916092 0.727501
vt 0.910642 0.715611
vt 0.910642 0.727501
vt 0.930210 0.673819
vt 0.924572 0.673819
vt 0.924572 0.685726
vt 0.930210 0.685726
vt 0.888254 0.732335
vt 0.901034 0.732335
vt 0.901034 0.720255
vt 0.888254 0.720255
vt 0.868849 0.732335
vt 0.868849 0.720255
vt 0.933568 0.673819
vt 0.933568 0.685726
vt 0.771334 0.994226
vt 0.771334 0.997624
vt 0.771555 0.997845
vt 0.780786 0.997845
vt 0.781007 0.997624
vt 0.781007 0.994226
vt 0.822414 0.989821
vt 0.822423 0.989821
vt 0.822423 0.989603
vt 0.822414 0.989583
vt 0.831913 0.989603
vt 0.831929 0.989583
vt 0.831913 0.989821
vt 0.831929 0.989821
vt 0.975652 0.988208
vt 0.975904 0.988208
vt 0.976136 0.984974
vt 0.976101 0.984977
vt 0.975888 0.984939
vt 0.910657 0.799196
vt 0.910642 0.799412
vt 0.910899 0.799412
vt 0.910914 0.799196
vt 0.910642 0.808445
vt 0.910899 0.808445
vt 0.910657 0.808662
vt 0.910914 0.808662
vt 0.966365 0.984965
vt 0.966483 0.988205
vt 0.966735 0.988214
vt 0.966399 0.984969
vt 0.966613 0.984939
vt 0.822423 0.989821
vt 0.822414 0.989821
vt 0.822414 0.990312
vt 0.822423 0.989856
vt 0.831929 0.990312
vt 0.924572 0.781007
vt 0.927934 0.781007
vt 0.928155 0.780786
vt 0.928155 0.771555
vt 0.927934 0.771334
vt 0.924572 0.771334
vt 0.888236 0.845632
vt 0.888236 0.845648
vt 0.888453 0.845648
vt 0.888236 0.855137
vt 0.888236 0.855147
vt 0.888474 0.855147
vt 0.888453 0.855137
vt 0.888474 0.845632
vt 0.831929 0.990633
vt 0.822414 0.990633
vt 0.887745 0.855147
vt 0.888201 0.845648
vt 0.887745 0.845632
vt 0.888236 0.845648
vt 0.888236 0.845632
vt 0.915533 0.771334
vt 0.915285 0.771334
vt 0.915285 0.781032
vt 0.915533 0.781032
vt 0.887424 0.845632
vt 0.887424 0.855147
vt 0.957077 0.520967
vt 0.960482 0.520967
vt 0.960703 0.520745
vt 0.960703 0.511515
vt 0.960482 0.511294
vt 0.957077 0.511294
vt 0.957077 0.985186
vt 0.960353 0.985423
vt 0.960353 0.985171
vt 0.957115 0.984974
vt 0.957112 0.984939
vt 0.878394 0.882997
vt 0.878409 0.882780
vt 0.878152 0.882780
vt 0.878137 0.882997
vt 0.878394 0.892030
vt 0.878137 0.892030
vt 0.878152 0.892246
vt 0.878409 0.892246
vt 0.867479 0.915538
vt 0.867488 0.915285
vt 0.864206 0.915408
vt 0.864236 0.915622
vt 0.864232 0.915656
vt 0.957077 0.567403
vt 0.960446 0.567403
vt 0.960667 0.567181
vt 0.960667 0.557951
vt 0.960446 0.557730
vt 0.957077 0.557730
vt 0.868849 0.746251
vt 0.881178 0.746251
vt 0.881178 0.734186
vt 0.868849 0.734186
vt 0.900558 0.746251
vt 0.900558 0.734186
vt 0.910642 0.748116
vt 0.910642 0.749015
vt 0.922465 0.749015
vt 0.922465 0.748116
vt 0.928311 0.713571
vt 0.928311 0.701681
vt 0.925379 0.701681
vt 0.925379 0.713571
vt 0.919929 0.701681
vt 0.919929 0.713571
vt 0.925567 0.687750
vt 0.919929 0.687750
vt 0.919929 0.699657
vt 0.925567 0.699657
vt 0.897541 0.713761
vt 0.910322 0.713761
vt 0.910322 0.701681
vt 0.897541 0.701681
vt 0.878137 0.713761
vt 0.878137 0.701681
vt 0.928925 0.687750
vt 0.928925 0.699657
vt 0.649883 0.984939
vt 0.618096 0.986307
vt 0.618395 0.984939
vt 0.618096 0.985164
vt 0.933860 0.251542
vt 0.965646 0.252910
vt 0.933860 0.252685
vt 0.934158 0.252910
vt 0.902497 0.771334
vt 0.902497 0.775524
vt 0.901354 0.775524
vt 0.901354 0.771334
vt 0.807855 0.971008
vt 0.807855 0.975210
vt 0.776278 0.975210
vt 0.776278 0.971008
vt 0.933406 0.986081
vt 0.929216 0.986081
vt 0.929216 0.984939
vt 0.933406 0.984939
vt 0.622593 0.975652
vt 0.622593 0.979854
vt 0.618396 0.979854
vt 0.618396 0.975652
vt 0.654068 0.984939
vt 0.654367 0.985164
vt 0.654367 0.986307
vt 0.965646 0.241966
vt 0.969831 0.241966
vt 0.970130 0.242192
vt 0.970130 0.243334
vt 0.812052 0.971008
vt 0.812052 0.975210
vt 0.654170 0.975652
vt 0.654170 0.979854
vt 0.649883 0.995883
vt 0.618395 0.995883
vt 0.618096 0.995658
vt 0.618096 0.994515
vt 0.933860 0.243334
vt 0.933860 0.242192
vt 0.934158 0.241966
vt 0.911848 0.771334
vt 0.911848 0.775524
vt 0.910705 0.775524
vt 0.910705 0.771334
vt 0.654367 0.994515
vt 0.654367 0.995658
vt 0.654068 0.995883
vt 0.942693 0.986082
vt 0.938503 0.986082
vt 0.938503 0.984939
vt 0.942693 0.984939
vt 0.970130 0.251542
vt 0.970130 0.252685
vt 0.969831 0.252910
vt 0.720255 0.993115
vt 0.720255 0.989583
vt 0.724529 0.989583
vt 0.724529 0.993115
vt 0.952434 0.585521
vt 0.952434 0.581989
vt 0.956708 0.581989
vt 0.956708 0.585521
vt 0.720255 0.994157
vt 0.724529 0.994157
vt 0.952434 0.580948
vt 0.956708 0.580948
vt 0.654470 0.979854
vt 0.654470 0.975652
vt 0.775978 0.971008
vt 0.775978 0.975210
vt 0.812352 0.971008
vt 0.812352 0.975210
vt 0.618096 0.975652
vt 0.618096 0.979854
vt 0.953443 0.478147
vt 0.952434 0.478147
vt 0.952434 0.464858
vt 0.953443 0.464858
vt 0.744157 0.994226
vt 0.744157 0.995314
vt 0.734186 0.995314
vt 0.734186 0.994226
vt 0.953443 0.547801
vt 0.952434 0.547801
vt 0.952434 0.534512
vt 0.953443 0.534512
vt 0.906682 0.813127
vt 0.906682 0.814215
vt 0.896711 0.814215
vt 0.896711 0.813127
vt 0.943500 0.358896
vt 0.943364 0.358931
vt 0.943147 0.358714
vt 0.943147 0.349202
vt 0.943364 0.348985
vt 0.944173 0.349502
vt 0.944173 0.358415
vt 0.943581 0.359148
vt 0.957244 0.359148
vt 0.956652 0.358415
vt 0.957461 0.358931
vt 0.943581 0.348769
vt 0.957244 0.348769
vt 0.957461 0.348985
vt 0.956652 0.349502
vt 0.957678 0.349202
vt 0.957678 0.358714
vt 0.943580 0.371986
vt 0.957244 0.371986
vt 0.957461 0.372203
vt 0.956652 0.372719
vt 0.944173 0.372719
vt 0.943364 0.372203
vt 0.957678 0.372420
vt 0.957678 0.381932
vt 0.957461 0.382149
vt 0.956652 0.381633
vt 0.943147 0.381932
vt 0.943147 0.372420
vt 0.944173 0.381633
vt 0.943364 0.382149
vt 0.957244 0.382366
vt 0.943580 0.382366
vt 0.873550 0.911730
vt 0.864206 0.911730
vt 0.864206 0.910642
vt 0.873550 0.910642
vt 0.896711 0.783477
vt 0.896711 0.771334
vt 0.897721 0.771334
vt 0.897721 0.783477
vt 0.868849 0.880993
vt 0.868849 0.868849
vt 0.869859 0.868849
vt 0.869859 0.880993
vt 0.854976 0.986027
vt 0.845632 0.986027
vt 0.845632 0.984939
vt 0.854976 0.984939
vt 0.757404 0.994226
vt 0.758482 0.994226
vt 0.758482 0.994545
vt 0.757404 0.994545
vt 0.907077 0.827695
vt 0.905998 0.827695
vt 0.905998 0.827376
vt 0.907077 0.827376
vt 0.924572 0.785265
vt 0.925651 0.785265
vt 0.925651 0.785584
vt 0.924572 0.785584
vt 0.758482 0.994864
vt 0.757404 0.994864
vt 0.984939 0.984939
vt 0.986018 0.984939
vt 0.986018 0.985258
vt 0.984939 0.985258
vt 0.925651 0.785903
vt 0.924572 0.785903
vt 0.905998 0.827057
vt 0.907077 0.827057
vt 0.986018 0.985577
vt 0.984939 0.985577
vt 0.965646 0.218748
vt 0.933860 0.220116
vt 0.934158 0.218748
vt 0.933860 0.218974
vt 0.664532 0.994515
vt 0.696319 0.995883
vt 0.664532 0.995658
vt 0.664831 0.995883
vt 0.911784 0.757404
vt 0.911784 0.761593
vt 0.910642 0.761593
vt 0.910642 0.757404
vt 0.742845 0.975652
vt 0.742845 0.979854
vt 0.711267 0.979854
vt 0.711267 0.975652
vt 0.924119 0.986081
vt 0.919929 0.986081
vt 0.919929 0.984939
vt 0.924119 0.984939
vt 0.669029 0.975652
vt 0.669029 0.979854
vt 0.664832 0.979854
vt 0.664832 0.975652
vt 0.969831 0.218748
vt 0.970130 0.218974
vt 0.970130 0.220116
vt 0.696319 0.984939
vt 0.700504 0.984939
vt 0.700803 0.985164
vt 0.700803 0.986307
vt 0.747042 0.975652
vt 0.747042 0.979854
vt 0.700606 0.975652
vt 0.700606 0.979854
vt 0.965646 0.229692
vt 0.934158 0.229692
vt 0.933860 0.229467
vt 0.933860 0.228324
vt 0.664532 0.986307
vt 0.664532 0.985164
vt 0.664831 0.984939
vt 0.921135 0.757404
vt 0.921135 0.761593
vt 0.919992 0.761593
vt 0.919992 0.757404
vt 0.970130 0.228324
vt 0.970130 0.229467
vt 0.969831 0.229692
vt 0.914832 0.986081
vt 0.910642 0.986081
vt 0.910642 0.984939
vt 0.914832 0.984939
vt 0.700803 0.994515
vt 0.700803 0.995658
vt 0.700504 0.995883
vt 0.892067 0.988471
vt 0.892067 0.984939
vt 0.896341 0.984939
vt 0.896341 0.988471
vt 0.901354 0.989513
vt 0.901354 0.985981
vt 0.905629 0.985981
vt 0.905629 0.989513
vt 0.892067 0.989513
vt 0.896341 0.989513
vt 0.901354 0.984939
vt 0.905629 0.984939
vt 0.700906 0.979854
vt 0.700906 0.975652
vt 0.710968 0.975652
vt 0.710968 0.979854
vt 0.747342 0.975652
vt 0.747342 0.979854
vt 0.664532 0.975652
vt 0.664532 0.979854
vt 0.953443 0.524583
vt 0.952434 0.524583
vt 0.952434 0.511294
vt 0.953443 0.511294
vt 0.911326 0.785265
vt 0.911326 0.786353
vt 0.901354 0.786353
vt 0.901354 0.785265
vt 0.953443 0.501365
vt 0.952434 0.501365
vt 0.952434 0.488076
vt 0.953443 0.488076
vt 0.906682 0.799196
vt 0.906682 0.800284
vt 0.896711 0.800284
vt 0.896711 0.799196
vt 0.948143 0.331034
vt 0.948007 0.331070
vt 0.947790 0.330853
vt 0.947790 0.321341
vt 0.948007 0.321124
vt 0.948816 0.321640
vt 0.948816 0.330553
vt 0.948224 0.331287
vt 0.961888 0.331287
vt 0.961296 0.330553
vt 0.962105 0.331070
vt 0.948224 0.320907
vt 0.961888 0.320907
vt 0.962105 0.321124
vt 0.961296 0.321640
vt 0.962322 0.321341
vt 0.962322 0.330853
vt 0.943581 0.395204
vt 0.957244 0.395204
vt 0.957461 0.395421
vt 0.956652 0.395937
vt 0.944173 0.395937
vt 0.943364 0.395421
vt 0.957678 0.395638
vt 0.957678 0.405150
vt 0.957461 0.405367
vt 0.956652 0.404851
vt 0.943147 0.405150
vt 0.943147 0.395638
vt 0.944173 0.404851
vt 0.943364 0.405367
vt 0.957244 0.405584
vt 0.943581 0.405584
vt 0.827114 0.995314
vt 0.817770 0.995314
vt 0.817770 0.994226
vt 0.827114 0.994226
vt 0.892067 0.802052
vt 0.892067 0.789909
vt 0.893077 0.789909
vt 0.893077 0.802052
vt 0.957077 0.453783
vt 0.957077 0.441640
vt 0.958087 0.441640
vt 0.958087 0.453783
vt 0.868906 0.986027
vt 0.859562 0.986027
vt 0.859562 0.984939
vt 0.868906 0.984939
vt 0.980295 0.984939
vt 0.981374 0.984939
vt 0.981374 0.985258
vt 0.980295 0.985258
vt 0.990661 0.985577
vt 0.989583 0.985577
vt 0.989583 0.985258
vt 0.990661 0.985258
vt 0.901354 0.827057
vt 0.902433 0.827057
vt 0.902433 0.827376
vt 0.901354 0.827376
vt 0.981374 0.985577
vt 0.980295 0.985577
vt 0.910642 0.822414
vt 0.911720 0.822414
vt 0.911720 0.822733
vt 0.910642 0.822733
vt 0.902433 0.827695
vt 0.901354 0.827695
vt 0.989583 0.984939
vt 0.990661 0.984939
vt 0.911720 0.823051
vt 0.910642 0.823051
vn 0.0000 -0.0000 1.0000
vn 1.0000 0.0000 0.0000
vn 0.0000 0.0000 -1.0000
vn -1.0000 -0.0000 0.0000
vn 0.0036 -1.0000 -0.0000
vn 0.0000 -1.0000 -0.0037
vn 0.0000 -1.0000 0.0037
vn -0.0036 -1.0000 -0.0000
vn 0.0000 1.0000 -0.0024
vn -0.0023 1.0000 0.0000
vn 0.0023 1.0000 0.0000
vn 0.0000 1.0000 0.0024
vn 0.0000 -1.0000 -0.0000
vn 0.0000 1.0000 0.0000
vn 0.0000 0.8942 0.4477
vn 0.0000 0.9065 -0.4222
vn 0.0000 -0.8942 0.4477
vn 0.0000 -0.9065 -0.4222
vn 0.0000 -0.3110 0.9504
vn 0.0000 0.3113 0.9503
vn -0.9504 -0.3110 0.0000
vn -0.9503 0.3113 0.0000
vn 0.0000 -0.3110 -0.9504
vn 0.0000 0.3113 -0.9503
vn 0.9504 -0.3110 0.0000
vn 0.9503 0.3113 0.0000
vn 1.0000 0.0001 0.0000
vn -1.0000 0.0001 0.0000
vn 1.0000 -0.0001 0.0000
vn 1.0000 0.0000 0.0002
vn 0.0000 -0.0872 0.9962
vn 0.0000 0.9957 -0.0925
vn 0.0000 -0.9654 -0.2608
vn -1.0000 -0.0001 0.0000
vn -0.0000 -0.9997 -0.0257
vn 0.0000 0.9997 0.0254
vn 0.0000 0.9997 0.0253
vn 0.0000 -0.9656 -0.2601
vn 0.0000 -0.9152 -0.4030
vn 0.0000 -0.9785 -0.2059
vn 0.0000 -0.3261 -0.9453
vn 0.0000 -0.2039 -0.9790
vn 0.0000 -0.0783 -0.9969
vn 0.0000 -0.9178 -0.3971
vn 0.0000 -0.9979 -0.0647
vn 0.0000 -0.2009 0.9796
vn 0.0000 0.9998 0.0202
vn 0.0000 0.9241 0.3822
vn 0.0000 0.9240 0.3822
vn 0.0000 0.2632 -0.9647
vn 0.0000 0.2631 -0.9648
vn 0.0000 0.2486 0.9686
vn 0.0000 0.0729 0.9973
vn 0.0000 0.9785 0.2059
vn 0.0000 0.9152 0.4030
vn 0.0000 0.4163 0.9092
vn 0.0000 -0.9614 0.2752
vn 0.0000 0.9387 -0.3446
vn 0.0000 0.9387 -0.3445
vn 0.0000 -0.1222 0.9925
vn 0.0001 -0.1222 0.9925
vn 0.0000 -0.1223 0.9925
vn 0.0004 0.9063 0.4226
vn 0.0000 0.9063 0.4227
vn 0.0040 0.9050 0.4255
vn 0.0037 0.9048 0.4258
vn -0.0023 0.9044 0.4267
vn -0.0027 0.9050 0.4254
vn -0.0004 0.9059 0.4234
vn 0.0000 0.9059 0.4235
vn -0.7064 0.7051 0.0615
vn -0.3791 0.9218 0.0815
vn -0.3850 0.9193 0.0811
vn -0.7064 0.7051 0.0612
vn 0.3791 0.9218 0.0815
vn 0.3849 0.9193 0.0811
vn 0.7064 0.7051 0.0615
vn 0.7064 0.7051 0.0612
vn 1.0000 0.0002 0.0000
vn -0.0037 0.9962 -0.0873
vn 0.0000 0.9962 -0.0872
vn -0.0001 0.9064 -0.4224
vn -0.0978 0.9912 -0.0892
vn 0.0002 0.9064 -0.4224
vn 0.0030 0.9961 -0.0878
vn 0.0030 0.9959 -0.0899
vn 0.0000 0.1219 -0.9925
vn -0.0008 0.1219 -0.9925
vn -0.0002 0.1218 -0.9925
vn 0.0000 0.1211 -0.9926
vn 0.0000 0.1216 -0.9926
vn -0.0008 -0.9662 0.2577
vn 0.0000 -0.9662 0.2576
vn -0.0037 -0.9639 0.2663
vn 0.0008 -0.9657 0.2596
vn 0.0000 -0.9657 0.2597
vn 0.0067 -0.9640 0.2655
vn 0.0087 -0.9644 0.2644
vn -0.0055 -0.9644 0.2641
vn 0.0000 0.7071 -0.7071
vn -0.0001 -0.8193 -0.5733
vn -0.0016 -0.9656 -0.2600
vn -0.0028 -0.9659 -0.2586
vn 0.0264 -0.9651 -0.2603
vn 0.0001 -0.8194 -0.5733
vn 0.0017 -0.9660 -0.2586
vn 0.0000 -0.9660 -0.2584
vn 0.0000 0.0871 -0.9962
vn 0.0000 -0.5738 -0.8190
vn 0.0000 -0.5737 -0.8190
vn 0.0000 -0.0520 0.9986
vn 0.0001 -0.0520 0.9986
vn 0.0000 -0.0521 0.9986
vn 0.3852 -0.9192 -0.0812
vn 0.7062 -0.7052 -0.0623
vn 0.3790 -0.9218 -0.0814
vn -0.3851 -0.9192 -0.0812
vn -0.3789 -0.9218 -0.0815
vn -0.7062 -0.7052 -0.0623
vn 0.0000 0.0523 -0.9986
vn -0.0002 0.0523 -0.9986
vn -0.0001 0.0523 -0.9986
vn 0.0000 0.0521 -0.9986
vn 0.0000 0.0522 -0.9986
vn 0.0000 -0.9152 0.4030
vn 0.0000 -0.9785 0.2059
vn 0.0000 -0.3261 0.9453
vn 0.0000 -0.1964 0.9805
vn 0.0000 -0.0631 0.9980
vn 0.0000 0.2038 -0.9790
vn 0.0000 0.0573 -0.9984
vn 0.0000 0.9779 -0.2091
vn 0.0000 0.9126 -0.4089
vn 0.0000 0.3459 -0.9382
vn 0.0004 0.9062 0.4228
vn 0.0040 0.9044 0.4267
vn 0.0037 0.9043 0.4269
vn -0.0023 0.9042 0.4270
vn -0.0027 0.9048 0.4257
vn -0.0004 0.9062 0.4228
vn 0.0000 0.9062 0.4228
vn -0.3790 0.9218 0.0815
vn -0.3849 0.9193 0.0811
vn -0.7065 0.7050 0.0612
vn 0.3790 0.9218 0.0815
vn 0.3849 0.9194 0.0811
vn 0.7065 0.7050 0.0612
vn -0.0038 0.9962 -0.0871
vn 0.0000 0.9962 -0.0869
vn -0.0002 0.9064 -0.4224
vn -0.1023 0.9905 -0.0920
vn -0.0002 0.1219 -0.9925
vn -0.0008 -0.9661 0.2581
vn 0.0000 -0.9661 0.2581
vn -0.0037 -0.9639 0.2661
vn 0.0008 -0.9659 0.2589
vn 0.0000 -0.9659 0.2589
vn 0.0068 -0.9640 0.2658
vn 0.0087 -0.9642 0.2649
vn -0.0054 -0.9645 0.2639
vn -0.0016 -0.9657 -0.2596
vn 0.0263 -0.9653 -0.2597
vn 0.0001 -0.8193 -0.5733
vn 0.0017 -0.9658 -0.2590
vn 0.0000 -0.9659 -0.2589
vn 0.3851 -0.9193 -0.0812
vn 0.7063 -0.7052 -0.0623
vn 0.3789 -0.9218 -0.0814
vn 0.9483 -0.3174 0.0000
vn -0.9482 0.3175 0.0000
vn 0.9483 0.3172 0.0000
vn -0.9482 -0.3176 0.0000
vn -0.9482 0.3176 0.0000
vn 0.9482 0.3175 0.0000
vn -0.7982 0.6023 0.0000
vn 0.7983 0.6022 0.0000
vn -0.7982 -0.6024 0.0000
vn 0.7985 -0.6019 0.0000
vn 0.7985 -0.6020 0.0000
vn 0.7987 0.6017 0.0000
vn -0.7984 0.6021 0.0000
vn 0.7353 -0.6777 0.0000
vn 0.7352 -0.6778 0.0000
vn -0.7350 -0.6781 0.0000
vn -0.7352 -0.6778 0.0000
vn 0.7350 0.6780 0.0000
vn 0.7350 0.6781 0.0000
vn 0.7352 0.6778 0.0000
vn 0.7350 -0.6780 0.0000
vn 0.7350 -0.6781 0.0000
vn -0.7350 0.6781 0.0000
vn -0.7352 0.6778 0.0000
vn 0.7353 0.6777 0.0000
vn -0.7354 -0.6776 0.0000
vn -0.7354 0.6776 0.0000
vn -0.9483 0.3172 0.0000
vn -0.9483 -0.3174 0.0000
vn 0.9482 0.3176 0.0000
vn -0.7983 0.6022 0.0000
vn 0.7982 0.6023 0.0000
vn -0.7985 -0.6019 0.0000
vn -0.7987 0.6017 0.0000
vn -0.7350 -0.6780 0.0000
vn 0.7349 0.6781 0.0000
vn 0.7349 -0.6781 0.0000
vn -0.7350 0.6780 0.0000
usemtl 1001
s off
f 1/1/1 2/2/1 3/3/1
f 3/3/1 4/4/1 1/1/1
f 5/5/2 6/6/2 7/7/2
f 7/7/2 8/8/2 5/5/2
f 9/9/3 10/10/3 11/11/3
f 11/11/3 12/12/3 9/9/3
f 13/13/4 14/14/4 15/15/4
f 15/15/4 16/16/4 13/13/4
f 17/17/5 18/18/5 19/19/5
f 19/19/5 20/20/5 17/17/5
f 21/21/6 22/22/6 23/23/6
f 23/23/6 24/24/6 21/21/6
f 25/25/7 26/26/7 27/27/7
f 27/27/7 28/28/7 25/25/7
f 29/29/8 30/30/8 31/31/8
f 31/31/8 32/32/8 29/29/8
f 33/33/9 34/34/9 35/35/9
f 35/35/9 36/36/9 33/33/9
f 37/37/10 38/38/10 39/39/10
f 39/39/10 40/40/10 37/37/10
f 41/41/11 42/42/11 43/43/11
f 43/43/11 44/44/11 41/41/11
f 45/45/12 46/46/12 47/47/12
f 47/47/12 48/48/12 45/45/12
f 49/49/3 50/50/3 51/51/3
f 51/51/3 52/52/3 49/49/3
f 53/53/4 54/54/4 55/55/4
f 55/55/4 56/56/4 53/53/4
f 57/57/2 58/58/2 59/59/2
f 59/59/2 60/60/2 57/57/2
f 61/61/1 62/62/1 63/63/1
f 63/63/1 64/64/1 61/61/1
f 65/65/13 66/66/13 67/67/13
f 67/67/13 68/68/13 65/65/13
f 69/69/14 70/70/14 71/71/14
f 71/71/14 72/72/14 69/69/14
f 73/73/1 74/74/1 75/75/1
f 75/75/1 76/76/1 73/73/1
f 77/77/2 78/78/2 79/79/2
f 79/79/2 80/80/2 77/77/2
f 81/81/3 82/82/3 83/83/3
f 83/83/3 84/84/3 81/81/3
f 85/85/4 86/86/4 87/87/4
f 87/87/4 88/88/4 85/85/4
f 89/89/13 90/90/13 91/91/13
f 91/91/13 92/92/13 89/89/13
f 93/93/14 94/94/14 95/95/14
f 95/95/14 96/96/14 93/93/14
f 97/97/1 98/98/1 99/99/1
f 99/99/1 100/100/1 97/97/1
f 101/101/2 102/102/2 103/103/2
f 103/103/2 104/104/2 101/101/2
f 105/105/3 106/106/3 107/107/3
f 107/107/3 108/108/3 105/105/3
f 109/109/4 110/110/4 111/111/4
f 111/111/4 112/112/4 109/109/4
f 113/113/13 114/114/13 115/115/13
f 115/115/13 116/116/13 113/113/13
f 117/117/14 118/118/14 119/119/14
f 119/119/14 120/120/14 117/117/14
f 121/121/1 122/122/1 123/123/1
f 123/123/1 124/124/1 121/121/1
f 125/125/2 126/126/2 127/127/2
f 127/127/2 128/128/2 125/125/2
f 129/129/3 130/130/3 131/131/3
f 131/131/3 132/132/3 129/129/3
f 133/133/4 134/134/4 135/135/4
f 135/135/4 136/136/4 133/133/4
f 137/137/13 138/138/13 139/139/13
f 139/139/13 140/140/13 137/137/13
f 141/141/14 142/142/14 143/143/14
f 143/143/14 144/144/14 141/141/14
f 145/145/1 146/146/1 147/147/1
f 147/147/1 148/148/1 145/145/1
f 149/149/2 150/150/2 151/151/2
f 151/151/2 152/152/2 149/149/2
f 153/153/3 154/154/3 155/155/3
f 155/155/3 156/156/3 153/153/3
f 157/157/4 158/158/4 159/159/4
f 159/159/4 160/160/4 157/157/4
f 161/161/13 162/162/13 163/163/13
f 163/163/13 164/164/13 161/161/13
f 165/165/14 166/166/14 167/167/14
f 167/167/14 168/168/14 165/165/14
f 169/169/1 170/170/1 171/171/1
f 171/171/1 172/172/1 169/169/1
f 173/173/2 174/174/2 175/175/2
f 175/175/2 176/176/2 173/173/2
f 177/177/3 178/178/3 179/179/3
f 179/179/3 180/180/3 177/177/3
f 181/181/4 182/182/4 183/183/4
f 183/183/4 184/184/4 181/181/4
f 185/185/13 186/186/13 187/187/13
f 187/187/13 188/188/13 185/185/13
f 189/189/14 190/190/14 191/191/14
f 191/191/14 192/192/14 189/189/14
f 193/193/1 194/194/1 195/195/1
f 195/195/1 196/196/1 193/193/1
f 197/197/2 198/198/2 199/199/2
f 199/199/2 200/200/2 197/197/2
f 201/201/3 202/202/3 203/203/3
f 203/203/3 204/204/3 201/201/3
f 205/205/4 206/206/4 207/207/4
f 207/207/4 208/208/4 205/205/4
f 209/209/2 210/210/2 211/211/2
f 211/211/2 212/212/2 209/209/2
f 213/213/4 214/214/4 215/215/4
f 215/215/4 216/216/4 213/213/4
f 217/217/13 218/218/13 219/219/13
f 219/219/13 220/220/13 217/217/13
f 221/221/1 222/222/1 223/223/1
f 223/223/1 224/224/1 221/221/1
f 225/225/15 226/226/15 227/227/15
f 227/227/15 228/228/15 225/225/15
f 209/209/2 229/229/2 210/210/2
f 230/230/4 231/231/4 232/232/4
f 233/233/3 234/234/3 235/235/3
f 235/235/3 236/236/3 233/233/3
f 237/237/2 238/238/2 211/211/2
f 211/211/2 210/210/2 237/237/2
f 239/239/4 232/232/4 214/214/4
f 214/214/4 213/213/4 239/239/4
f 240/240/13 241/241/13 218/218/13
f 218/218/13 217/217/13 240/240/13
f 242/242/16 243/243/16 244/244/16
f 244/244/16 245/245/16 242/242/16
f 246/246/2 237/237/2 210/210/2
f 210/210/2 229/229/2 246/246/2
f 247/247/4 215/215/4 214/214/4
f 248/248/14 249/249/14 250/250/14
f 250/250/14 251/251/14 248/248/14
f 247/247/4 214/214/4 232/232/4
f 232/232/4 231/231/4 247/247/4
f 252/252/2 253/253/2 238/238/2
f 238/238/2 237/237/2 252/252/2
f 254/254/4 230/230/4 232/232/4
f 232/232/4 239/239/4 254/254/4
f 255/255/13 256/256/13 241/241/13
f 241/241/13 240/240/13 255/255/13
f 246/246/2 252/252/2 237/237/2
f 257/257/2 258/258/2 259/259/2
f 259/259/2 260/260/2 257/257/2
f 261/261/4 262/262/4 263/263/4
f 263/263/4 264/264/4 261/261/4
f 265/265/13 266/266/13 267/267/13
f 267/267/13 268/268/13 265/265/13
f 269/269/1 270/270/1 271/271/1
f 271/271/1 272/272/1 269/269/1
f 273/273/15 274/274/15 275/275/15
f 275/275/15 276/276/15 273/273/15
f 257/257/2 277/277/2 258/258/2
f 278/278/4 279/279/4 280/280/4
f 281/281/3 282/282/3 283/283/3
f 283/283/3 284/284/3 281/281/3
f 285/285/2 286/286/2 259/259/2
f 259/259/2 258/258/2 285/285/2
f 287/287/4 280/280/4 262/262/4
f 262/262/4 261/261/4 287/287/4
f 288/288/13 289/289/13 266/266/13
f 266/266/13 265/265/13 288/288/13
f 290/290/16 291/291/16 292/292/16
f 292/292/16 293/293/16 290/290/16
f 294/294/2 285/285/2 258/258/2
f 258/258/2 277/277/2 294/294/2
f 295/295/4 263/263/4 262/262/4
f 296/296/14 297/297/14 298/298/14
f 298/298/14 299/299/14 296/296/14
f 295/295/4 262/262/4 280/280/4
f 280/280/4 279/279/4 295/295/4
f 300/300/2 301/301/2 286/286/2
f 286/286/2 285/285/2 300/300/2
f 302/302/4 278/278/4 280/280/4
f 280/280/4 287/287/4 302/302/4
f 303/303/13 304/304/13 289/289/13
f 289/289/13 288/288/13 303/303/13
f 294/294/2 300/300/2 285/285/2
f 305/305/2 306/306/2 307/307/2
f 307/307/2 308/308/2 305/305/2
f 309/309/4 310/310/4 311/311/4
f 311/311/4 312/312/4 309/309/4
f 313/313/14 314/314/14 315/315/14
f 315/315/14 316/316/14 313/313/14
f 317/317/1 318/318/1 319/319/1
f 319/319/1 320/320/1 317/317/1
f 321/321/17 322/322/17 323/323/17
f 323/323/17 324/324/17 321/321/17
f 305/305/2 308/308/2 325/325/2
f 326/326/4 327/327/4 328/328/4
f 329/329/3 330/330/3 331/331/3
f 331/331/3 332/332/3 329/329/3
f 333/333/2 308/308/2 307/307/2
f 307/307/2 334/334/2 333/333/2
f 335/335/4 309/309/4 312/312/4
f 312/312/4 327/327/4 335/335/4
f 336/336/14 313/313/14 316/316/14
f 316/316/14 337/337/14 336/336/14
f 338/338/18 339/339/18 340/340/18
f 340/340/18 341/341/18 338/338/18
f 342/342/2 325/325/2 308/308/2
f 308/308/2 333/333/2 342/342/2
f 343/343/4 312/312/4 311/311/4
f 344/344/13 345/345/13 346/346/13
f 346/346/13 347/347/13 344/344/13
f 343/343/4 328/328/4 327/327/4
f 327/327/4 312/312/4 343/343/4
f 348/348/2 333/333/2 334/334/2
f 334/334/2 349/349/2 348/348/2
f 350/350/4 335/335/4 327/327/4
f 327/327/4 326/326/4 350/350/4
f 351/351/14 336/336/14 337/337/14
f 337/337/14 352/352/14 351/351/14
f 342/342/2 333/333/2 348/348/2
f 353/353/2 354/354/2 355/355/2
f 355/355/2 356/356/2 353/353/2
f 357/357/4 358/358/4 359/359/4
f 359/359/4 360/360/4 357/357/4
f 361/361/14 362/362/14 363/363/14
f 363/363/14 364/364/14 361/361/14
f 365/365/1 366/366/1 367/367/1
f 367/367/1 368/368/1 365/365/1
f 369/369/17 370/370/17 371/371/17
f 371/371/17 372/372/17 369/369/17
f 353/353/2 356/356/2 373/373/2
f 374/374/4 375/375/4 376/376/4
f 377/377/3 378/378/3 379/379/3
f 379/379/3 380/380/3 377/377/3
f 381/381/2 356/356/2 355/355/2
f 355/355/2 382/382/2 381/381/2
f 383/383/4 357/357/4 360/360/4
f 360/360/4 375/375/4 383/383/4
f 384/384/14 361/361/14 364/364/14
f 364/364/14 385/385/14 384/384/14
f 386/386/18 387/387/18 388/388/18
f 388/388/18 389/389/18 386/386/18
f 390/390/2 373/373/2 356/356/2
f 356/356/2 381/381/2 390/390/2
f 391/391/4 360/360/4 359/359/4
f 392/392/13 393/393/13 394/394/13
f 394/394/13 395/395/13 392/392/13
f 391/391/4 376/376/4 375/375/4
f 375/375/4 360/360/4 391/391/4
f 396/396/2 381/381/2 382/382/2
f 382/382/2 397/397/2 396/396/2
f 398/398/4 383/383/4 375/375/4
f 375/375/4 374/374/4 398/398/4
f 399/399/14 384/384/14 385/385/14
f 385/385/14 400/400/14 399/399/14
f 390/390/2 381/381/2 396/396/2
f 401/401/2 402/402/2 403/403/2
f 403/403/2 404/404/2 401/401/2
f 405/405/4 406/406/4 407/407/4
f 407/407/4 408/408/4 405/405/4
f 409/409/3 410/410/3 411/411/3
f 411/411/3 412/412/3 409/409/3
f 413/413/13 414/414/13 415/415/13
f 415/415/13 416/416/13 413/413/13
f 417/417/19 418/418/19 419/419/19
f 419/419/19 420/420/19 417/417/19
f 401/401/2 421/421/2 402/402/2
f 422/422/4 423/423/4 424/424/4
f 425/425/14 426/426/14 427/427/14
f 427/427/14 428/428/14 425/425/14
f 429/429/2 430/430/2 403/403/2
f 403/403/2 402/402/2 429/429/2
f 431/431/4 424/424/4 406/406/4
f 406/406/4 405/405/4 431/431/4
f 432/432/3 433/433/3 410/410/3
f 410/410/3 409/409/3 432/432/3
f 434/434/20 435/435/20 436/436/20
f 436/436/20 437/437/20 434/434/20
f 438/438/2 429/429/2 402/402/2
f 402/402/2 421/421/2 438/438/2
f 439/439/4 407/407/4 406/406/4
f 440/440/1 441/441/1 442/442/1
f 442/442/1 443/443/1 440/440/1
f 439/439/4 406/406/4 424/424/4
f 424/424/4 423/423/4 439/439/4
f 444/444/2 445/445/2 430/430/2
f 430/430/2 429/429/2 444/444/2
f 446/446/4 422/422/4 424/424/4
f 424/424/4 431/431/4 446/446/4
f 447/447/3 448/448/3 433/433/3
f 433/433/3 432/432/3 447/447/3
f 438/438/2 444/444/2 429/429/2
f 449/449/2 450/450/2 451/451/2
f 451/451/2 452/452/2 449/449/2
f 453/453/4 454/454/4 455/455/4
f 455/455/4 456/456/4 453/453/4
f 457/457/3 458/458/3 459/459/3
f 459/459/3 460/460/3 457/457/3
f 461/461/13 462/462/13 463/463/13
f 463/463/13 464/464/13 461/461/13
f 465/465/19 466/466/19 467/467/19
f 467/467/19 468/468/19 465/465/19
f 449/449/2 469/469/2 450/450/2
f 470/470/4 471/471/4 472/472/4
f 473/473/14 474/474/14 475/475/14
f 475/475/14 476/476/14 473/473/14
f 477/477/2 478/478/2 451/451/2
f 451/451/2 450/450/2 477/477/2
f 479/479/4 472/472/4 454/454/4
f 454/454/4 453/453/4 479/479/4
f 480/480/3 481/481/3 458/458/3
f 458/458/3 457/457/3 480/480/3
f 482/482/20 483/483/20 484/484/20
f 484/484/20 485/485/20 482/482/20
f 486/486/2 477/477/2 450/450/2
f 450/450/2 469/469/2 486/486/2
f 487/487/4 455/455/4 454/454/4
f 488/488/1 489/489/1 490/490/1
f 490/490/1 491/491/1 488/488/1
f 487/487/4 454/454/4 472/472/4
f 472/472/4 471/471/4 487/487/4
f 492/492/2 493/493/2 478/478/2
f 478/478/2 477/477/2 492/492/2
f 494/494/4 470/470/4 472/472/4
f 472/472/4 479/479/4 494/494/4
f 495/495/3 496/496/3 481/481/3
f 481/481/3 480/480/3 495/495/3
f 486/486/2 492/492/2 477/477/2
f 497/497/1 498/498/1 499/499/1
f 499/499/1 500/500/1 497/497/1
f 501/501/3 502/502/3 503/503/3
f 503/503/3 504/504/3 501/501/3
f 505/505/2 506/506/2 507/507/2
f 507/507/2 508/508/2 505/505/2
f 509/509/13 510/510/13 511/511/13
f 511/511/13 512/512/13 509/509/13
f 513/513/21 514/514/21 515/515/21
f 515/515/21 516/516/21 513/513/21
f 497/497/1 517/517/1 498/498/1
f 518/518/3 519/519/3 520/520/3
f 521/521/14 522/522/14 523/523/14
f 523/523/14 524/524/14 521/521/14
f 525/525/1 526/526/1 499/499/1
f 499/499/1 498/498/1 525/525/1
f 527/527/3 520/520/3 502/502/3
f 502/502/3 501/501/3 527/527/3
f 528/528/2 529/529/2 506/506/2
f 506/506/2 505/505/2 528/528/2
f 530/530/22 531/531/22 532/532/22
f 532/532/22 533/533/22 530/530/22
f 534/534/1 525/525/1 498/498/1
f 498/498/1 517/517/1 534/534/1
f 535/535/3 503/503/3 502/502/3
f 536/536/4 537/537/4 538/538/4
f 538/538/4 539/539/4 536/536/4
f 535/535/3 502/502/3 520/520/3
f 520/520/3 519/519/3 535/535/3
f 540/540/1 541/541/1 526/526/1
f 526/526/1 525/525/1 540/540/1
f 542/542/3 518/518/3 520/520/3
f 520/520/3 527/527/3 542/542/3
f 543/543/2 544/544/2 529/529/2
f 529/529/2 528/528/2 543/543/2
f 534/534/1 540/540/1 525/525/1
f 545/545/1 546/546/1 547/547/1
f 547/547/1 548/548/1 545/545/1
f 549/549/3 550/550/3 551/551/3
f 551/551/3 552/552/3 549/549/3
f 553/553/2 554/554/2 555/555/2
f 555/555/2 556/556/2 553/553/2
f 557/557/13 558/558/13 559/559/13
f 559/559/13 560/560/13 557/557/13
f 561/561/21 562/562/21 563/563/21
f 563/563/21 564/564/21 561/561/21
f 545/545/1 565/565/1 546/546/1
f 566/566/3 567/567/3 568/568/3
f 569/569/14 570/570/14 571/571/14
f 571/571/14 572/572/14 569/569/14
f 573/573/1 574/574/1 547/547/1
f 547/547/1 546/546/1 573/573/1
f 575/575/3 568/568/3 550/550/3
f 550/550/3 549/549/3 575/575/3
f 576/576/2 577/577/2 554/554/2
f 554/554/2 553/553/2 576/576/2
f 578/578/22 579/579/22 580/580/22
f 580/580/22 581/581/22 578/578/22
f 582/582/1 573/573/1 546/546/1
f 546/546/1 565/565/1 582/582/1
f 583/583/3 551/551/3 550/550/3
f 584/584/4 585/585/4 586/586/4
f 586/586/4 587/587/4 584/584/4
f 583/583/3 550/550/3 568/568/3
f 568/568/3 567/567/3 583/583/3
f 588/588/1 589/589/1 574/574/1
f 574/574/1 573/573/1 588/588/1
f 590/590/3 566/566/3 568/568/3
f 568/568/3 575/575/3 590/590/3
f 591/591/2 592/592/2 577/577/2
f 577/577/2 576/576/2 591/591/2
f 582/582/1 588/588/1 573/573/1
f 593/593/2 594/594/2 595/595/2
f 595/595/2 596/596/2 593/593/2
f 597/597/4 598/598/4 599/599/4
f 599/599/4 600/600/4 597/597/4
f 601/601/1 602/602/1 603/603/1
f 603/603/1 604/604/1 601/601/1
f 605/605/13 606/606/13 607/607/13
f 607/607/13 608/608/13 605/605/13
f 609/609/23 610/610/23 611/611/23
f 611/611/23 612/612/23 609/609/23
f 593/593/2 596/596/2 613/613/2
f 614/614/4 615/615/4 616/616/4
f 617/617/14 618/618/14 619/619/14
f 619/619/14 620/620/14 617/617/14
f 621/621/2 596/596/2 595/595/2
f 595/595/2 622/622/2 621/621/2
f 623/623/4 597/597/4 600/600/4
f 600/600/4 615/615/4 623/623/4
f 624/624/1 601/601/1 604/604/1
f 604/604/1 625/625/1 624/624/1
f 626/626/24 627/627/24 628/628/24
f 628/628/24 629/629/24 626/626/24
f 630/630/2 613/613/2 596/596/2
f 596/596/2 621/621/2 630/630/2
f 631/631/4 600/600/4 599/599/4
f 632/632/3 633/633/3 634/634/3
f 634/634/3 635/635/3 632/632/3
f 631/631/4 616/616/4 615/615/4
f 615/615/4 600/600/4 631/631/4
f 636/636/2 621/621/2 622/622/2
f 622/622/2 637/637/2 636/636/2
f 638/638/4 623/623/4 615/615/4
f 615/615/4 614/614/4 638/638/4
f 639/639/1 624/624/1 625/625/1
f 625/625/1 640/640/1 639/639/1
f 630/630/2 621/621/2 636/636/2
f 641/641/2 642/642/2 643/643/2
f 643/643/2 644/644/2 641/641/2
f 645/645/4 646/646/4 647/647/4
f 647/647/4 648/648/4 645/645/4
f 649/649/1 650/650/1 651/651/1
f 651/651/1 652/652/1 649/649/1
f 653/653/13 654/654/13 655/655/13
f 655/655/13 656/656/13 653/653/13
f 657/657/23 658/658/23 659/659/23
f 659/659/23 660/660/23 657/657/23
f 641/641/2 644/644/2 661/661/2
f 662/662/4 663/663/4 664/664/4
f 665/665/14 666/666/14 667/667/14
f 667/667/14 668/668/14 665/665/14
f 669/669/2 644/644/2 643/643/2
f 643/643/2 670/670/2 669/669/2
f 671/671/4 645/645/4 648/648/4
f 648/648/4 663/663/4 671/671/4
f 672/672/1 649/649/1 652/652/1
f 652/652/1 673/673/1 672/672/1
f 674/674/24 675/675/24 676/676/24
f 676/676/24 677/677/24 674/674/24
f 678/678/2 661/661/2 644/644/2
f 644/644/2 669/669/2 678/678/2
f 679/679/4 648/648/4 647/647/4
f 680/680/3 681/681/3 682/682/3
f 682/682/3 683/683/3 680/680/3
f 679/679/4 664/664/4 663/663/4
f 663/663/4 648/648/4 679/679/4
f 684/684/2 669/669/2 670/670/2
f 670/670/2 685/685/2 684/684/2
f 686/686/4 671/671/4 663/663/4
f 663/663/4 662/662/4 686/686/4
f 687/687/1 672/672/1 673/673/1
f 673/673/1 688/688/1 687/687/1
f 678/678/2 669/669/2 684/684/2
f 689/689/1 690/690/1 691/691/1
f 691/691/1 692/692/1 689/689/1
f 693/693/3 694/694/3 695/695/3
f 695/695/3 696/696/3 693/693/3
f 697/697/4 698/698/4 699/699/4
f 699/699/4 700/700/4 697/697/4
f 701/701/13 702/702/13 703/703/13
f 703/703/13 704/704/13 701/701/13
f 705/705/25 706/706/25 707/707/25
f 707/707/25 708/708/25 705/705/25
f 689/689/1 692/692/1 709/709/1
f 710/710/3 711/711/3 712/712/3
f 713/713/14 714/714/14 715/715/14
f 715/715/14 716/716/14 713/713/14
f 717/717/1 692/692/1 691/691/1
f 691/691/1 718/718/1 717/717/1
f 719/719/3 693/693/3 696/696/3
f 696/696/3 711/711/3 719/719/3
f 720/720/4 697/697/4 700/700/4
f 700/700/4 721/721/4 720/720/4
f 722/722/26 723/723/26 724/724/26
f 724/724/26 725/725/26 722/722/26
f 726/726/1 709/709/1 692/692/1
f 692/692/1 717/717/1 726/726/1
f 727/727/3 696/696/3 695/695/3
f 728/728/2 729/729/2 730/730/2
f 730/730/2 731/731/2 728/728/2
f 727/727/3 712/712/3 711/711/3
f 711/711/3 696/696/3 727/727/3
f 732/732/1 717/717/1 718/718/1
f 718/718/1 733/733/1 732/732/1
f 734/734/3 719/719/3 711/711/3
f 711/711/3 710/710/3 734/734/3
f 735/735/4 720/720/4 721/721/4
f 721/721/4 736/736/4 735/735/4
f 726/726/1 717/717/1 732/732/1
f 737/737/1 738/738/1 739/739/1
f 739/739/1 740/740/1 737/737/1
f 741/741/3 742/742/3 743/743/3
f 743/743/3 744/744/3 741/741/3
f 745/745/4 746/746/4 747/747/4
f 747/747/4 748/748/4 745/745/4
f 749/749/13 750/750/13 751/751/13
f 751/751/13 752/752/13 749/749/13
f 753/753/25 754/754/25 755/755/25
f 755/755/25 756/756/25 753/753/25
f 737/737/1 740/740/1 757/757/1
f 758/758/3 759/759/3 760/760/3
f 761/761/14 762/762/14 763/763/14
f 763/763/14 764/764/14 761/761/14
f 765/765/1 740/740/1 739/739/1
f 739/739/1 766/766/1 765/765/1
f 767/767/3 741/741/3 744/744/3
f 744/744/3 759/759/3 767/767/3
f 768/768/4 745/745/4 748/748/4
f 748/748/4 769/769/4 768/768/4
f 770/770/26 771/771/26 772/772/26
f 772/772/26 773/773/26 770/770/26
f 774/774/1 757/757/1 740/740/1
f 740/740/1 765/765/1 774/774/1
f 775/775/3 744/744/3 743/743/3
f 776/776/2 777/777/2 778/778/2
f 778/778/2 779/779/2 776/776/2
f 775/775/3 760/760/3 759/759/3
f 759/759/3 744/744/3 775/775/3
f 780/780/1 765/765/1 766/766/1
f 766/766/1 781/781/1 780/780/1
f 782/782/3 767/767/3 759/759/3
f 759/759/3 758/758/3 782/782/3
f 783/783/4 768/768/4 769/769/4
f 769/769/4 784/784/4 783/783/4
f 774/774/1 765/765/1 780/780/1
f 785/785/4 786/786/4 787/787/4
f 787/787/4 788/788/4 785/785/4
f 789/789/2 790/790/2 791/791/2
f 791/791/2 792/792/2 789/789/2
f 793/793/13 794/794/13 795/795/13
f 795/795/13 796/796/13 793/793/13
f 801/797/14 802/798/14 803/799/14
f 803/799/14 804/800/14 801/797/14
f 805/801/3 806/802/3 807/803/3
f 807/803/3 808/804/3 805/801/3
f 811/805/13 793/793/13 796/796/13
f 796/796/13 812/806/13 811/805/13
f 813/807/14 801/797/14 804/800/14
f 804/800/14 814/808/14 813/807/14
f 798/809/1 815/810/1 816/811/1
f 816/811/1 799/812/1 798/809/1
f 803/799/14 817/813/14 818/814/14
f 818/814/14 804/800/14 803/799/14
f 796/796/13 819/815/13 820/816/13
f 820/816/13 812/806/13 796/796/13
f 821/817/3 822/818/3 823/819/3
f 823/819/3 824/820/3 821/817/3
f 825/821/2 826/822/2 827/823/2
f 827/823/2 828/824/2 825/821/2
f 829/825/4 830/826/4 831/827/4
f 831/827/4 832/828/4 829/825/4
f 833/829/2 834/830/2 835/831/2
f 835/831/2 836/832/2 833/829/2
f 837/833/13 838/834/13 839/835/13
f 839/835/13 840/836/13 837/833/13
f 845/837/14 846/838/14 847/839/14
f 847/839/14 848/840/14 845/837/14
f 849/841/1 850/842/1 851/843/1
f 851/843/1 852/844/1 849/841/1
f 855/845/13 856/846/13 838/834/13
f 838/834/13 837/833/13 855/845/13
f 857/847/14 858/848/14 846/838/14
f 846/838/14 845/837/14 857/847/14
f 844/849/3 843/850/3 859/851/3
f 859/851/3 860/852/3 844/849/3
f 847/839/14 846/838/14 861/853/14
f 861/853/14 862/854/14 847/839/14
f 838/834/13 856/846/13 863/855/13
f 863/855/13 864/856/13 838/834/13
f 865/857/1 866/858/1 867/859/1
f 867/859/1 868/860/1 865/857/1
f 869/861/2 870/862/2 871/863/2
f 871/863/2 872/864/2 869/861/2
f 873/865/2 874/866/2 875/867/2
f 875/867/2 876/868/2 873/865/2
f 877/869/4 878/870/4 879/871/4
f 879/871/4 880/872/4 877/869/4
f 881/873/13 882/874/13 883/875/13
f 883/875/13 884/876/13 881/873/13
f 889/877/14 890/878/14 891/879/14
f 891/879/14 892/880/14 889/877/14
f 893/881/1 894/882/1 895/883/1
f 895/883/1 896/884/1 893/881/1
f 899/885/13 881/873/13 884/876/13
f 884/876/13 900/886/13 899/885/13
f 901/887/14 889/877/14 892/880/14
f 892/880/14 902/888/14 901/887/14
f 886/889/3 903/890/3 904/891/3
f 904/891/3 887/892/3 886/889/3
f 891/879/14 905/893/14 906/894/14
f 906/894/14 892/880/14 891/879/14
f 884/876/13 907/895/13 908/896/13
f 908/896/13 900/886/13 884/876/13
f 909/897/1 910/898/1 911/899/1
f 911/899/1 912/900/1 909/897/1
f 913/901/4 914/902/4 915/903/4
f 915/903/4 916/904/4 913/901/4
f 917/905/2 918/906/2 919/907/2
f 919/907/2 920/908/2 917/905/2
f 921/909/4 922/910/4 923/911/4
f 923/911/4 924/912/4 921/909/4
f 925/913/13 926/914/13 927/915/13
f 927/915/13 928/916/13 925/913/13
f 933/917/14 934/918/14 935/919/14
f 935/919/14 936/920/14 933/917/14
f 937/921/3 938/922/3 939/923/3
f 939/923/3 940/924/3 937/921/3
f 943/925/13 944/926/13 926/914/13
f 926/914/13 925/913/13 943/925/13
f 945/927/14 946/928/14 934/918/14
f 934/918/14 933/917/14 945/927/14
f 932/929/1 931/930/1 947/931/1
f 947/931/1 948/932/1 932/929/1
f 935/919/14 934/918/14 949/933/14
f 949/933/14 950/934/14 935/919/14
f 926/914/13 944/926/13 951/935/13
f 951/935/13 952/936/13 926/914/13
f 953/937/3 954/938/3 955/939/3
f 955/939/3 956/940/3 953/937/3
f 957/941/4 958/942/4 959/943/4
f 959/943/4 960/944/4 957/941/4
f 967/945/2 968/946/2 969/947/2
f 969/947/2 970/948/2 967/945/2
f 971/949/4 972/950/4 973/951/4
f 973/951/4 974/952/4 971/949/4
f 968/946/2 975/953/2 976/954/2
f 976/954/2 969/947/2 968/946/2
f 977/955/4 971/949/4 974/952/4
f 974/952/4 978/956/4 977/955/4
f 970/948/2 987/957/2 988/958/2
f 988/958/2 967/945/2 970/948/2
f 972/950/4 989/959/4 990/960/4
f 990/960/4 973/951/4 972/950/4
f 1001/961/2 1002/962/2 1003/963/2
f 1003/963/2 1004/964/2 1001/961/2
f 1005/965/4 1006/966/4 1007/967/4
f 1007/967/4 1008/968/4 1005/965/4
f 1009/969/2 1010/970/2 1011/971/2
f 1011/971/2 1012/972/2 1009/969/2
f 1013/973/4 1014/974/4 1007/967/4
f 1007/967/4 1006/966/4 1013/973/4
f 988/958/2 987/957/2 1003/963/2
f 1003/963/2 1002/962/2 988/958/2
f 1015/975/4 1016/976/4 990/960/4
f 990/960/4 989/959/4 1015/975/4
f 1001/961/27 1004/964/27 1010/970/27
f 1010/970/2 1009/969/2 1001/961/2
f 1005/965/28 1008/968/28 1016/976/28
f 1016/976/4 1015/975/4 1005/965/4
f 1051/977/2 1052/978/2 1053/979/2
f 1053/979/2 1054/980/2 1051/977/2
f 1055/981/4 1056/982/4 1057/983/4
f 1057/983/4 1058/984/4 1055/981/4
f 1052/978/2 1059/985/2 1060/986/2
f 1060/986/2 1053/979/2 1052/978/2
f 1061/987/4 1055/981/4 1058/984/4
f 1058/984/4 1062/988/4 1061/987/4
f 1054/980/29 1071/989/29 1072/990/29
f 1072/990/30 1051/977/30 1054/980/30
f 1056/982/4 1073/991/4 1074/992/4
f 1074/992/4 1057/983/4 1056/982/4
f 1085/993/2 1086/994/2 1087/995/2
f 1087/995/2 1088/996/2 1085/993/2
f 1089/997/4 1090/998/4 1091/999/4
f 1091/999/4 1092/1000/4 1089/997/4
f 1093/1001/2 1094/1002/2 1095/1003/2
f 1095/1003/2 1096/1004/2 1093/1001/2
f 1097/1005/4 1098/1006/4 1091/999/4
f 1091/999/4 1090/998/4 1097/1005/4
f 1072/990/2 1071/989/2 1087/995/2
f 1087/995/2 1086/994/2 1072/990/2
f 1099/1007/4 1100/1008/4 1074/992/4
f 1074/992/4 1073/991/4 1099/1007/4
f 1085/993/27 1088/996/27 1094/1002/27
f 1094/1002/2 1093/1001/2 1085/993/2
f 1089/997/4 1092/1000/4 1100/1008/4
f 1100/1008/4 1099/1007/4 1089/997/4
f 1161/1009/31 1162/1010/31 1163/1011/31
f 1163/1011/31 1164/1012/31 1161/1009/31
f 1165/1013/4 1166/1014/4 1167/1015/4
f 1168/1016/32 1169/1017/32 1170/1018/32
f 1176/1019/2 1177/1020/2 1178/1021/2
f 1176/1019/2 1178/1021/2 1185/1022/2
f 1165/1013/4 1194/1023/4 1166/1014/4
f 1165/1013/4 1167/1015/4 1195/1024/4
f 1176/1019/27 1198/1025/27 1177/1020/27
f 1176/1019/29 1185/1022/29 1199/1026/29
f 1200/1027/33 1201/1028/33 1202/1029/33
f 1165/1013/4 1208/1030/4 1194/1023/4
f 1165/1013/28 1195/1024/28 1209/1031/28
f 1176/1019/2 1214/1032/2 1198/1025/2
f 1176/1019/2 1199/1026/2 1215/1033/2
f 1165/1013/4 1218/1034/4 1208/1030/4
f 1165/1013/34 1209/1031/34 1219/1035/34
f 1176/1019/2 1220/1036/2 1214/1032/2
f 1176/1019/2 1215/1033/2 1220/1036/2
f 1165/1013/4 1219/1035/4 1218/1034/4
f 1257/1037/2 1258/1038/2 1259/1039/2
f 1259/1039/2 1260/1040/2 1257/1037/2
f 1261/1041/4 1262/1042/4 1263/1043/4
f 1263/1043/4 1264/1044/4 1261/1041/4
f 1260/1040/2 1259/1039/2 1265/1045/2
f 1265/1045/2 1266/1046/2 1260/1040/2
f 1267/1047/4 1268/1048/4 1262/1042/4
f 1262/1042/4 1261/1041/4 1267/1047/4
f 1258/1038/2 1257/1037/2 1277/1049/2
f 1277/1049/2 1278/1050/2 1258/1038/2
f 1264/1044/4 1263/1043/4 1279/1051/4
f 1279/1051/4 1280/1052/4 1264/1044/4
f 1277/1049/2 1283/1053/2 1284/1054/2
f 1284/1054/2 1278/1050/2 1277/1049/2
f 1285/1055/4 1280/1052/4 1279/1051/4
f 1279/1051/4 1286/1056/4 1285/1055/4
f 1299/1057/35 1300/1058/35 1301/1059/35
f 1302/1060/35 1303/1061/35 1304/1062/35
f 1305/1063/36 1306/1064/36 1307/1065/36
f 1307/1065/37 1308/1066/37 1305/1063/37
f 1309/1067/1 1310/1068/1 1311/1069/1
f 1311/1069/1 1312/1070/1 1309/1067/1
f 1313/1071/2 1314/1072/2 1315/1073/2
f 1315/1073/2 1316/1074/2 1313/1071/2
f 1317/1075/3 1318/1076/3 1319/1077/3
f 1319/1077/3 1320/1078/3 1317/1075/3
f 1321/1079/4 1322/1080/4 1323/1081/4
f 1323/1081/4 1324/1082/4 1321/1079/4
f 1325/1083/35 1326/1084/35 1327/1085/35
f 1327/1085/35 1328/1086/35 1325/1083/35
f 1361/1087/31 1362/1088/31 1363/1089/31
f 1363/1089/31 1364/1090/31 1361/1087/31
f 1365/1091/4 1366/1092/4 1367/1093/4
f 1368/1094/32 1369/1095/32 1370/1096/32
f 1376/1097/2 1377/1098/2 1378/1099/2
f 1376/1097/2 1378/1099/2 1385/1100/2
f 1365/1091/4 1394/1101/4 1366/1092/4
f 1365/1091/4 1367/1093/4 1395/1102/4
f 1376/1097/2 1398/1103/2 1377/1098/2
f 1376/1097/2 1385/1100/2 1399/1104/2
f 1400/1105/38 1401/1106/38 1402/1107/38
f 1365/1091/4 1408/1108/4 1394/1101/4
f 1365/1091/34 1395/1102/34 1409/1109/34
f 1376/1097/2 1414/1110/2 1398/1103/2
f 1376/1097/2 1399/1104/2 1415/1111/2
f 1365/1091/4 1418/1112/4 1408/1108/4
f 1365/1091/28 1409/1109/28 1419/1113/28
f 1376/1097/29 1420/1114/29 1414/1110/29
f 1376/1097/2 1415/1111/2 1420/1114/2
f 1365/1091/4 1419/1113/4 1418/1112/4
f 1457/1115/2 1458/1116/2 1459/1117/2
f 1459/1117/2 1460/1118/2 1457/1115/2
f 1461/1119/4 1462/1120/4 1463/1121/4
f 1463/1121/4 1464/1122/4 1461/1119/4
f 1460/1118/2 1459/1117/2 1465/1123/2
f 1465/1123/2 1466/1124/2 1460/1118/2
f 1467/1125/4 1468/1126/4 1462/1120/4
f 1462/1120/4 1461/1119/4 1467/1125/4
f 1458/1116/2 1457/1115/2 1477/1127/2
f 1477/1127/2 1478/1128/2 1458/1116/2
f 1464/1122/4 1463/1121/4 1479/1129/4
f 1479/1129/4 1480/1130/4 1464/1122/4
f 1477/1127/2 1483/1131/2 1484/1132/2
f 1484/1132/2 1478/1128/2 1477/1127/2
f 1485/1133/4 1480/1130/4 1479/1129/4
f 1479/1129/4 1486/1134/4 1485/1133/4
f 1499/1135/35 1500/1136/35 1501/1137/35
f 1502/1138/35 1503/1139/35 1504/1140/35
f 1505/1141/36 1506/1142/36 1507/1143/36
f 1507/1143/37 1508/1144/37 1505/1141/37
f 1509/1145/1 1510/1146/1 1511/1147/1
f 1511/1147/1 1512/1148/1 1509/1145/1
f 1513/1149/2 1514/1150/2 1515/1151/2
f 1515/1151/2 1516/1152/2 1513/1149/2
f 1517/1153/3 1518/1154/3 1519/1155/3
f 1519/1155/3 1520/1156/3 1517/1153/3
f 1521/1157/4 1522/1158/4 1523/1159/4
f 1523/1159/4 1524/1160/4 1521/1157/4
f 1525/1161/35 1526/1162/35 1527/1163/35
f 1527/1163/35 1528/1164/35 1525/1161/35
f 1589/1165/3 1590/1166/3 1576/1167/3
f 1591/1168/1 1592/1169/1 1536/1170/1
f 1601/1171/14 1602/1172/14 1603/1173/14
f 1603/1173/14 1604/1174/14 1601/1171/14
f 1566/1175/1 1565/1176/1 1591/1168/1
f 1591/1168/1 1580/1177/1 1566/1175/1
f 1575/1178/3 1576/1167/3 1590/1166/3
f 1590/1166/3 1588/1179/3 1575/1178/3
f 1530/1180/3 1560/1181/3 1589/1165/3
f 1589/1165/3 1531/1182/3 1530/1180/3
f 1537/1183/1 1536/1170/1 1592/1169/1
f 1592/1169/1 1600/1184/1 1537/1183/1
f 1774/1185/3 1775/1186/3 1761/1187/3
f 1776/1188/1 1777/1189/1 1721/1190/1
f 1786/1191/14 1787/1192/14 1788/1193/14
f 1788/1193/14 1789/1194/14 1786/1191/14
f 1751/1195/1 1750/1196/1 1776/1188/1
f 1776/1188/1 1765/1197/1 1751/1195/1
f 1760/1198/3 1761/1187/3 1775/1186/3
f 1775/1186/3 1773/1199/3 1760/1198/3
f 1715/1200/3 1745/1201/3 1774/1185/3
f 1774/1185/3 1716/1202/3 1715/1200/3
f 1722/1203/1 1721/1190/1 1777/1189/1
f 1777/1189/1 1785/1204/1 1722/1203/1
s 1
f 797/1205/1 798/809/1 799/812/1
f 799/812/1 800/1206/1 797/1205/1
f 809/1207/4 788/788/4 787/787/4
f 787/787/4 810/1208/4 809/1207/4
f 841/1209/3 842/1210/3 843/850/3
f 843/850/3 844/849/3 841/1209/3
f 853/1211/4 854/1212/4 831/827/4
f 831/827/4 830/826/4 853/1211/4
f 885/1213/3 886/889/3 887/892/3
f 887/892/3 888/1214/3 885/1213/3
f 897/1215/2 876/868/2 875/867/2
f 875/867/2 898/1216/2 897/1215/2
f 929/1217/1 930/1218/1 931/930/1
f 931/930/1 932/929/1 929/1217/1
f 941/1219/2 942/1220/2 919/907/2
f 919/907/2 918/906/2 941/1219/2
f 961/1221/39 962/1222/39 963/1223/40
f 963/1223/40 964/1224/40 961/1221/39
f 964/1224/40 963/1223/40 965/1225/13
f 965/1225/13 966/1226/13 964/1224/40
f 979/1227/3 980/1228/3 981/1229/3
f 981/1229/3 982/1230/3 979/1227/3
f 983/1231/41 984/1232/42 985/1233/42
f 985/1233/42 986/1234/41 983/1231/41
f 984/1232/42 991/1235/43 992/1236/43
f 992/1236/43 985/1233/42 984/1232/42
f 993/1237/44 994/1238/44 995/1239/45
f 995/1239/45 996/1240/45 993/1237/44
f 997/1241/46 998/1242/46 999/1243/46
f 999/1243/46 1000/1244/46 997/1241/46
f 1017/1245/47 1018/1246/48 1019/1247/49
f 1019/1247/49 1020/1248/47 1017/1245/47
f 1021/1249/50 1022/1250/51 1023/1251/51
f 1023/1251/51 1024/1252/50 1021/1249/50
f 1025/1253/14 1026/1254/14 1027/1255/14
f 1027/1255/14 1028/1256/14 1025/1253/14
f 1029/1257/52 1030/1258/52 1031/1259/53
f 1031/1259/53 1032/1260/53 1029/1257/52
f 1033/1261/54 1034/1262/54 1035/1263/55
f 1035/1263/55 1036/1264/55 1033/1261/54
f 1037/1265/14 1038/1266/14 1034/1262/54
f 1034/1262/54 1033/1261/54 1037/1265/14
f 1039/1267/56 1040/1268/56 1030/1258/52
f 1030/1258/52 1029/1257/52 1039/1267/56
f 1041/1269/57 996/1240/45 995/1239/45
f 995/1239/45 1042/1270/57 1041/1269/57
f 1043/1271/58 1017/1245/47 1020/1248/47
f 1020/1248/47 1044/1272/59 1043/1271/58
f 1045/1273/39 1046/1274/39 1047/1275/40
f 1047/1275/40 1048/1276/40 1045/1273/39
f 1048/1276/40 1047/1275/40 1049/1277/13
f 1049/1277/13 1050/1278/13 1048/1276/40
f 1063/1279/3 1064/1280/3 1065/1281/3
f 1065/1281/3 1066/1282/3 1063/1279/3
f 1067/1283/41 1068/1284/42 1069/1285/42
f 1069/1285/42 1070/1286/41 1067/1283/41
f 1068/1284/42 1075/1287/43 1076/1288/43
f 1076/1288/43 1069/1285/42 1068/1284/42
f 1077/1289/44 1078/1290/44 1079/1291/45
f 1079/1291/45 1080/1292/45 1077/1289/44
f 1081/1293/46 1082/1294/46 1083/1295/46
f 1083/1295/46 1084/1296/46 1081/1293/46
f 1101/1297/47 1102/1298/49 1103/1299/48
f 1103/1299/48 1104/1300/47 1101/1297/47
f 1105/1301/50 1106/1302/51 1107/1303/51
f 1107/1303/51 1108/1304/50 1105/1301/50
f 1109/1305/14 1110/1306/14 1111/1307/14
f 1111/1307/14 1112/1308/14 1109/1305/14
f 1113/1309/52 1114/1310/52 1115/1311/53
f 1115/1311/53 1116/1312/53 1113/1309/52
f 1117/1313/54 1118/1314/54 1119/1315/55
f 1119/1315/55 1120/1316/55 1117/1313/54
f 1121/1317/14 1122/1318/14 1118/1314/54
f 1118/1314/54 1117/1313/54 1121/1317/14
f 1123/1319/56 1124/1320/56 1114/1310/52
f 1114/1310/52 1113/1309/52 1123/1319/56
f 1125/1321/57 1080/1292/45 1079/1291/45
f 1079/1291/45 1126/1322/57 1125/1321/57
f 1127/1323/58 1101/1297/47 1104/1300/47
f 1104/1300/47 1128/1324/58 1127/1323/58
f 1129/1325/60 1130/1326/61 1131/1327/60
f 1131/1327/60 1132/1328/62 1133/1329/60
f 1129/1325/60 1131/1327/60 1133/1329/60
f 1134/1330/60 1129/1325/60 1133/1329/60
f 1135/1331/63 1136/1332/64 1137/1333/65
f 1138/1334/66 1135/1331/63 1137/1333/65
f 1138/1334/66 1137/1333/65 1139/1335/67
f 1140/1336/68 1138/1334/66 1139/1335/67
f 1140/1336/68 1139/1335/67 1141/1337/69
f 1140/1336/68 1141/1337/69 1142/1338/70
f 1143/1339/4 1144/1340/4 1145/1341/4
f 1143/1339/4 1145/1341/4 1146/1342/4
f 1143/1339/4 1146/1342/4 1147/1343/4
f 1148/1344/71 1149/1345/72 1150/1346/73
f 1150/1346/73 1151/1347/74 1148/1344/71
f 1149/1345/72 1152/1348/75 1153/1349/76
f 1153/1349/76 1150/1346/73 1149/1345/72
f 1154/1350/77 1155/1351/78 1153/1349/76
f 1153/1349/76 1152/1348/75 1154/1350/77
f 1156/1352/79 1157/1353/2 1158/1354/2
f 1159/1355/27 1156/1352/79 1158/1354/2
f 1160/1356/2 1159/1355/27 1158/1354/2
f 1171/1357/80 1172/1358/81 1173/1359/82
f 1174/1360/83 1171/1357/80 1173/1359/82
f 1174/1360/83 1173/1359/82 1175/1361/84
f 1170/1018/85 1174/1360/83 1175/1361/84
f 1168/1016/86 1170/1018/85 1175/1361/84
f 1179/1362/87 1180/1363/88 1181/1364/89
f 1181/1364/89 1182/1365/90 1183/1366/91
f 1179/1362/87 1181/1364/89 1183/1366/91
f 1184/1367/87 1179/1362/87 1183/1366/91
f 1186/1368/92 1187/1369/93 1188/1370/94
f 1189/1371/95 1190/1372/96 1191/1373/97
f 1192/1374/98 1189/1371/95 1191/1373/97
f 1192/1374/98 1191/1373/97 1193/1375/99
f 1188/1370/94 1192/1374/98 1193/1375/99
f 1186/1368/92 1188/1370/94 1193/1375/99
f 1196/1376/100 1175/1361/84 1173/1359/82
f 1173/1359/82 1197/1377/100 1196/1376/100
f 1203/1378/101 1200/1027/102 1202/1029/103
f 1203/1378/101 1202/1029/103 1204/1379/104
f 1205/1380/105 1203/1378/101 1204/1379/104
f 1205/1380/105 1204/1379/104 1206/1381/106
f 1205/1380/105 1206/1381/106 1207/1382/107
f 1210/1383/108 1211/1384/108 1212/1385/108
f 1212/1385/108 1213/1386/108 1210/1383/108
f 1205/1380/105 1216/1387/109 1217/1388/110
f 1217/1388/110 1203/1378/101 1205/1380/105
f 1221/1389/111 1222/1390/112 1223/1391/111
f 1223/1391/111 1224/1392/113 1225/1393/111
f 1221/1389/111 1223/1391/111 1225/1393/111
f 1226/1394/111 1221/1389/111 1225/1393/111
f 1227/1395/2 1228/1396/2 1229/1397/2
f 1230/1398/2 1227/1395/2 1229/1397/2
f 1231/1399/27 1230/1398/2 1229/1397/2
f 1232/1400/114 1233/1401/115 1234/1402/115
f 1234/1402/115 1235/1403/116 1232/1400/114
f 1236/1404/117 1232/1400/114 1235/1403/116
f 1235/1403/116 1237/1405/118 1236/1404/117
f 1236/1404/117 1237/1405/118 1238/1406/119
f 1238/1406/119 1239/1407/119 1236/1404/117
f 1240/1408/4 1241/1409/4 1242/1410/4
f 1240/1408/4 1242/1410/4 1243/1411/4
f 1240/1408/4 1243/1411/4 1244/1412/4
f 1245/1413/120 1246/1414/121 1247/1415/122
f 1247/1415/122 1248/1416/123 1249/1417/124
f 1245/1413/120 1247/1415/122 1249/1417/124
f 1250/1418/120 1245/1413/120 1249/1417/124
f 1251/1419/125 1252/1420/126 1253/1421/126
f 1253/1421/126 1254/1422/125 1251/1419/125
f 1252/1420/126 1255/1423/13 1256/1424/13
f 1256/1424/13 1253/1421/126 1252/1420/126
f 1269/1425/1 1270/1426/1 1271/1427/1
f 1271/1427/1 1272/1428/1 1269/1425/1
f 1273/1429/127 1274/1430/127 1275/1431/128
f 1275/1431/128 1276/1432/128 1273/1429/127
f 1276/1432/128 1275/1431/128 1281/1433/129
f 1281/1433/129 1282/1434/129 1276/1432/128
f 1287/1435/130 1288/1436/131 1289/1437/131
f 1289/1437/131 1290/1438/130 1287/1435/130
f 1291/1439/132 1292/1440/133 1293/1441/133
f 1293/1441/133 1294/1442/132 1291/1439/132
f 1295/1443/14 1291/1439/132 1294/1442/132
f 1294/1442/132 1296/1444/14 1295/1443/14
f 1297/1445/134 1287/1435/130 1290/1438/130
f 1290/1438/130 1298/1446/134 1297/1445/134
f 1329/1447/60 1330/1448/61 1331/1449/60
f 1331/1449/60 1332/1450/62 1333/1451/60
f 1329/1447/60 1331/1449/60 1333/1451/60
f 1334/1452/60 1329/1447/60 1333/1451/60
f 1335/1453/135 1336/1454/64 1337/1455/136
f 1338/1456/137 1335/1453/135 1337/1455/136
f 1338/1456/137 1337/1455/136 1339/1457/138
f 1340/1458/139 1338/1456/137 1339/1457/138
f 1340/1458/139 1339/1457/138 1341/1459/140
f 1340/1458/139 1341/1459/140 1342/1460/141
f 1343/1461/4 1344/1462/4 1345/1463/34
f 1343/1461/4 1345/1463/34 1346/1464/4
f 1343/1461/4 1346/1464/4 1347/1465/4
f 1348/1466/71 1349/1467/142 1350/1468/143
f 1350/1468/143 1351/1469/144 1348/1466/71
f 1349/1467/142 1352/1470/145 1353/1471/146
f 1353/1471/146 1350/1468/143 1349/1467/142
f 1354/1472/77 1355/1473/147 1353/1471/146
f 1353/1471/146 1352/1470/145 1354/1472/77
f 1356/1474/2 1357/1475/2 1358/1476/2
f 1359/1477/2 1356/1474/2 1358/1476/2
f 1360/1478/2 1359/1477/2 1358/1476/2
f 1371/1479/148 1372/1480/149 1373/1481/150
f 1374/1482/151 1371/1479/148 1373/1481/150
f 1374/1482/151 1373/1481/150 1375/1483/84
f 1370/1096/85 1374/1482/151 1375/1483/84
f 1368/1094/86 1370/1096/85 1375/1483/84
f 1379/1484/87 1380/1485/88 1381/1486/152
f 1381/1486/152 1382/1487/90 1383/1488/91
f 1379/1484/87 1381/1486/152 1383/1488/91
f 1384/1489/87 1379/1484/87 1383/1488/91
f 1386/1490/153 1387/1491/154 1388/1492/155
f 1389/1493/156 1390/1494/157 1391/1495/158
f 1392/1496/159 1389/1493/156 1391/1495/158
f 1392/1496/159 1391/1495/158 1393/1497/160
f 1388/1492/155 1392/1496/159 1393/1497/160
f 1386/1490/153 1388/1492/155 1393/1497/160
f 1396/1498/100 1375/1483/84 1373/1481/150
f 1373/1481/150 1397/1499/100 1396/1498/100
f 1403/1500/101 1400/1105/161 1402/1107/103
f 1403/1500/101 1402/1107/103 1404/1501/162
f 1405/1502/163 1403/1500/101 1404/1501/162
f 1405/1502/163 1404/1501/162 1406/1503/164
f 1405/1502/163 1406/1503/164 1407/1504/165
f 1410/1505/108 1411/1506/108 1412/1507/108
f 1412/1507/108 1413/1508/108 1410/1505/108
f 1405/1502/163 1416/1509/109 1417/1510/110
f 1417/1510/110 1403/1500/101 1405/1502/163
f 1421/1511/111 1422/1512/112 1423/1513/111
f 1423/1513/111 1424/1514/113 1425/1515/111
f 1421/1511/111 1423/1513/111 1425/1515/111
f 1426/1516/111 1421/1511/111 1425/1515/111
f 1427/1517/2 1428/1518/2 1429/1519/2
f 1430/1520/2 1427/1517/2 1429/1519/2
f 1431/1521/2 1430/1520/2 1429/1519/2
f 1432/1522/166 1433/1523/167 1434/1524/115
f 1434/1524/115 1435/1525/168 1432/1522/166
f 1436/1526/117 1432/1522/166 1435/1525/168
f 1435/1525/168 1437/1527/118 1436/1526/117
f 1436/1526/117 1437/1527/118 1438/1528/119
f 1438/1528/119 1439/1529/119 1436/1526/117
f 1440/1530/4 1441/1531/4 1442/1532/4
f 1440/1530/4 1442/1532/4 1443/1533/4
f 1440/1530/4 1443/1533/4 1444/1534/4
f 1445/1535/120 1446/1536/121 1447/1537/122
f 1447/1537/122 1448/1538/123 1449/1539/124
f 1445/1535/120 1447/1537/122 1449/1539/124
f 1450/1540/120 1445/1535/120 1449/1539/124
f 1451/1541/125 1452/1542/126 1453/1543/126
f 1453/1543/126 1454/1544/125 1451/1541/125
f 1452/1542/126 1455/1545/13 1456/1546/13
f 1456/1546/13 1453/1543/126 1452/1542/126
f 1469/1547/1 1470/1548/1 1471/1549/1
f 1471/1549/1 1472/1550/1 1469/1547/1
f 1473/1551/127 1474/1552/127 1475/1553/128
f 1475/1553/128 1476/1554/128 1473/1551/127
f 1476/1554/128 1475/1553/128 1481/1555/129
f 1481/1555/129 1482/1556/129 1476/1554/128
f 1487/1557/130 1488/1558/131 1489/1559/131
f 1489/1559/131 1490/1560/130 1487/1557/130
f 1491/1561/132 1492/1562/133 1493/1563/133
f 1493/1563/133 1494/1564/132 1491/1561/132
f 1495/1565/14 1491/1561/132 1494/1564/132
f 1494/1564/132 1496/1566/14 1495/1565/14
f 1497/1567/134 1487/1557/130 1490/1560/130
f 1490/1560/130 1498/1568/134 1497/1567/134
f 1529/1569/3 1530/1180/3 1531/1182/3
f 1529/1569/3 1531/1182/3 1532/1570/3
f 1533/1571/3 1529/1569/3 1532/1570/3
f 1534/1572/3 1533/1571/3 1532/1570/3
f 1535/1573/1 1536/1170/1 1537/1183/1
f 1535/1573/1 1537/1183/1 1538/1574/1
f 1539/1575/1 1535/1573/1 1538/1574/1
f 1540/1576/1 1539/1575/1 1538/1574/1
f 1541/1577/13 1542/1578/13 1543/1579/13
f 1543/1579/13 1544/1580/13 1541/1577/13
f 1545/1581/2 1546/1582/2 1547/1583/169
f 1547/1583/169 1548/1584/169 1545/1581/2
f 1549/1585/14 1550/1586/14 1551/1587/14
f 1551/1587/14 1552/1588/14 1549/1585/14
f 1553/1589/4 1554/1590/4 1555/1591/170
f 1555/1591/170 1556/1592/170 1553/1589/4
f 1529/1569/3 1557/1593/3 1558/1594/3
f 1559/1595/3 1560/1181/3 1530/1180/3
f 1558/1594/3 1559/1595/3 1530/1180/3
f 1529/1569/3 1558/1594/3 1530/1180/3
f 1561/1596/1 1562/1597/1 1563/1598/1
f 1564/1599/1 1565/1176/1 1566/1175/1
f 1563/1598/1 1564/1599/1 1566/1175/1
f 1561/1596/1 1563/1598/1 1566/1175/1
f 1567/1600/171 1568/1601/171 1546/1582/2
f 1546/1582/2 1545/1581/2 1567/1600/171
f 1569/1602/172 1570/1603/172 1554/1590/4
f 1554/1590/4 1553/1589/4 1569/1602/172
f 1571/1604/3 1572/1605/3 1573/1606/3
f 1571/1604/3 1573/1606/3 1574/1607/3
f 1575/1178/3 1571/1604/3 1574/1607/3
f 1576/1167/3 1575/1178/3 1574/1607/3
f 1577/1608/1 1578/1609/1 1579/1610/1
f 1561/1596/1 1566/1175/1 1580/1177/1
f 1579/1610/1 1561/1596/1 1580/1177/1
f 1577/1608/1 1579/1610/1 1580/1177/1
f 1581/1611/13 1582/1612/13 1583/1613/13
f 1583/1613/13 1584/1614/13 1581/1611/13
f 1585/1615/3 1586/1616/3 1587/1617/3
f 1571/1604/3 1575/1178/3 1588/1179/3
f 1587/1617/3 1571/1604/3 1588/1179/3
f 1585/1615/3 1587/1617/3 1588/1179/3
f 1576/1167/3 1574/1607/3 1532/1570/3
f 1589/1165/3 1576/1167/3 1532/1570/3
f 1531/1182/3 1589/1165/3 1532/1570/3
f 1577/1608/1 1580/1177/1 1591/1168/1
f 1577/1608/1 1591/1168/1 1536/1170/1
f 1535/1573/1 1577/1608/1 1536/1170/1
f 1584/1614/13 1583/1613/13 1542/1578/13
f 1542/1578/13 1541/1577/13 1584/1614/13
f 1593/1618/14 1594/1619/14 1595/1620/14
f 1595/1620/14 1596/1621/14 1593/1618/14
f 1597/1622/1 1598/1623/1 1599/1624/1
f 1538/1574/1 1537/1183/1 1600/1184/1
f 1599/1624/1 1538/1574/1 1600/1184/1
f 1597/1622/1 1599/1624/1 1600/1184/1
f 1605/1625/173 1606/1626/4 1607/1627/4
f 1607/1627/4 1608/1628/173 1605/1625/173
f 1609/1629/2 1610/1630/174 1611/1631/174
f 1611/1631/174 1612/1632/2 1609/1629/2
f 1613/1633/175 1605/1625/173 1608/1628/173
f 1608/1628/173 1614/1634/175 1613/1633/175
f 1610/1630/174 1615/1635/176 1616/1636/176
f 1616/1636/176 1611/1631/174 1610/1630/174
f 1617/1637/177 1570/1603/172 1569/1602/172
f 1569/1602/172 1618/1638/177 1617/1637/177
f 1619/1639/178 1548/1584/169 1547/1583/169
f 1547/1583/169 1620/1640/179 1619/1639/178
f 1567/1600/171 1621/1641/180 1622/1642/180
f 1622/1642/180 1568/1601/171 1567/1600/171
f 1623/1643/181 1556/1592/170 1555/1591/170
f 1555/1591/170 1624/1644/181 1623/1643/181
f 1625/1645/13 1626/1646/13 1627/1647/13
f 1627/1647/13 1628/1648/13 1625/1645/13
f 1629/1649/2 1630/1650/2 1631/1651/2
f 1631/1651/2 1632/1652/2 1629/1649/2
f 1633/1653/14 1634/1654/14 1635/1655/14
f 1635/1655/14 1636/1656/14 1633/1653/14
f 1637/1657/4 1638/1658/4 1639/1659/4
f 1639/1659/4 1640/1660/4 1637/1657/4
f 1641/1661/3 1642/1662/3 1643/1663/3
f 1643/1663/3 1644/1664/3 1645/1665/3
f 1643/1663/3 1645/1665/3 1646/1666/3
f 1643/1663/3 1646/1666/3 1647/1667/3
f 1641/1661/3 1643/1663/3 1647/1667/3
f 1648/1668/3 1642/1662/3 1641/1661/3
f 1649/1669/3 1648/1668/3 1641/1661/3
f 1649/1669/3 1641/1661/3 1647/1667/3
f 1649/1669/3 1647/1667/3 1650/1670/3
f 1651/1671/3 1649/1669/3 1650/1670/3
f 1652/1672/3 1653/1673/3 1654/1674/3
f 1652/1672/3 1654/1674/3 1655/1675/3
f 1652/1672/3 1655/1675/3 1646/1666/3
f 1645/1665/3 1652/1672/3 1646/1666/3
f 1656/1676/3 1657/1677/3 1651/1671/3
f 1656/1676/3 1651/1671/3 1650/1670/3
f 1656/1676/3 1650/1670/3 1655/1675/3
f 1654/1674/3 1656/1676/3 1655/1675/3
f 1658/1678/1 1659/1679/1 1660/1680/1
f 1658/1678/1 1660/1680/1 1661/1681/1
f 1658/1678/1 1661/1681/1 1662/1682/1
f 1663/1683/1 1658/1678/1 1662/1682/1
f 1664/1684/1 1665/1685/1 1666/1686/1
f 1664/1684/1 1666/1686/1 1667/1687/1
f 1664/1684/1 1667/1687/1 1661/1681/1
f 1660/1680/1 1664/1684/1 1661/1681/1
f 1668/1688/1 1669/1689/1 1663/1683/1
f 1668/1688/1 1663/1683/1 1662/1682/1
f 1668/1688/1 1662/1682/1 1670/1690/1
f 1671/1691/1 1668/1688/1 1670/1690/1
f 1672/1692/1 1673/1693/1 1671/1691/1
f 1672/1692/1 1671/1691/1 1670/1690/1
f 1672/1692/1 1670/1690/1 1667/1687/1
f 1666/1686/1 1672/1692/1 1667/1687/1
f 1674/1694/2 1675/1695/2 1676/1696/2
f 1676/1696/2 1677/1697/2 1674/1694/2
f 1678/1698/14 1679/1699/14 1680/1700/14
f 1680/1700/14 1681/1701/14 1678/1698/14
f 1682/1702/13 1683/1703/13 1684/1704/13
f 1684/1704/13 1685/1705/13 1682/1702/13
f 1686/1706/4 1687/1707/4 1688/1708/4
f 1688/1708/4 1689/1709/4 1686/1706/4
f 1690/1710/182 1691/1711/182 1692/1712/183
f 1692/1712/183 1693/1713/183 1690/1710/182
f 1694/1714/184 1695/1715/184 1696/1716/185
f 1696/1716/185 1697/1717/185 1694/1714/184
f 1698/1718/186 1699/1719/187 1700/1720/188
f 1700/1720/188 1701/1721/188 1698/1718/186
f 1702/1722/189 1703/1723/190 1693/1713/183
f 1693/1713/183 1692/1712/183 1702/1722/189
f 1704/1724/191 1705/1725/191 1706/1726/192
f 1706/1726/192 1707/1727/192 1704/1724/191
f 1708/1728/193 1709/1729/193 1701/1721/188
f 1701/1721/188 1700/1720/188 1708/1728/193
f 1710/1730/194 1711/1731/194 1697/1717/185
f 1697/1717/185 1696/1716/185 1710/1730/194
f 1712/1732/195 1713/1733/195 1707/1727/192
f 1707/1727/192 1706/1726/192 1712/1732/195
f 1714/1734/3 1715/1200/3 1716/1202/3
f 1714/1734/3 1716/1202/3 1717/1735/3
f 1718/1736/3 1714/1734/3 1717/1735/3
f 1719/1737/3 1718/1736/3 1717/1735/3
f 1720/1738/1 1721/1190/1 1722/1203/1
f 1720/1738/1 1722/1203/1 1723/1739/1
f 1724/1740/1 1720/1738/1 1723/1739/1
f 1725/1741/1 1724/1740/1 1723/1739/1
f 1726/1742/13 1727/1743/13 1728/1744/13
f 1728/1744/13 1729/1745/13 1726/1742/13
f 1730/1746/2 1731/1747/2 1732/1748/169
f 1732/1748/169 1733/1749/169 1730/1746/2
f 1734/1750/14 1735/1751/14 1736/1752/14
f 1736/1752/14 1737/1753/14 1734/1750/14
f 1738/1754/4 1739/1755/4 1740/1756/196
f 1740/1756/196 1741/1757/196 1738/1754/4
f 1714/1734/3 1742/1758/3 1743/1759/3
f 1744/1760/3 1745/1201/3 1715/1200/3
f 1743/1759/3 1744/1760/3 1715/1200/3
f 1714/1734/3 1743/1759/3 1715/1200/3
f 1746/1761/1 1747/1762/1 1748/1763/1
f 1749/1764/1 1750/1196/1 1751/1195/1
f 1748/1763/1 1749/1764/1 1751/1195/1
f 1746/1761/1 1748/1763/1 1751/1195/1
f 1752/1765/171 1753/1766/171 1731/1747/2
f 1731/1747/2 1730/1746/2 1752/1765/171
f 1754/1767/197 1755/1768/197 1739/1755/4
f 1739/1755/4 1738/1754/4 1754/1767/197
f 1756/1769/3 1757/1770/3 1758/1771/3
f 1756/1769/3 1758/1771/3 1759/1772/3
f 1760/1198/3 1756/1769/3 1759/1772/3
f 1761/1187/3 1760/1198/3 1759/1772/3
f 1762/1773/1 1763/1774/1 1764/1775/1
f 1746/1761/1 1751/1195/1 1765/1197/1
f 1764/1775/1 1746/1761/1 1765/1197/1
f 1762/1773/1 1764/1775/1 1765/1197/1
f 1766/1776/13 1767/1777/13 1768/1778/13
f 1768/1778/13 1769/1779/13 1766/1776/13
f 1770/1780/3 1771/1781/3 1772/1782/3
f 1756/1769/3 1760/1198/3 1773/1199/3
f 1772/1782/3 1756/1769/3 1773/1199/3
f 1770/1780/3 1772/1782/3 1773/1199/3
f 1761/1187/3 1759/1772/3 1717/1735/3
f 1774/1185/3 1761/1187/3 1717/1735/3
f 1716/1202/3 1774/1185/3 1717/1735/3
f 1762/1773/1 1765/1197/1 1776/1188/1
f 1762/1773/1 1776/1188/1 1721/1190/1
f 1720/1738/1 1762/1773/1 1721/1190/1
f 1769/1779/13 1768/1778/13 1727/1743/13
f 1727/1743/13 1726/1742/13 1769/1779/13
f 1778/1783/14 1779/1784/14 1780/1785/14
f 1780/1785/14 1781/1786/14 1778/1783/14
f 1782/1787/1 1783/1788/1 1784/1789/1
f 1723/1739/1 1722/1203/1 1785/1204/1
f 1784/1789/1 1723/1739/1 1785/1204/1
f 1782/1787/1 1784/1789/1 1785/1204/1
f 1790/1790/170 1791/1791/4 1792/1792/4
f 1792/1792/4 1793/1793/170 1790/1790/170
f 1794/1794/2 1795/1795/198 1796/1796/198
f 1796/1796/198 1797/1797/2 1794/1794/2
f 1798/1798/199 1790/1790/170 1793/1793/170
f 1793/1793/170 1799/1799/199 1798/1798/199
f 1795/1795/198 1800/1800/200 1801/1801/200
f 1801/1801/200 1796/1796/198 1795/1795/198
f 1802/1802/201 1755/1768/197 1754/1767/197
f 1754/1767/197 1803/1803/201 1802/1802/201
f 1804/1804/179 1733/1749/169 1732/1748/169
f 1732/1748/169 1805/1805/178 1804/1804/179
f 1752/1765/171 1806/1806/180 1807/1807/180
f 1807/1807/180 1753/1766/171 1752/1765/171
f 1808/1808/202 1741/1757/196 1740/1756/196
f 1740/1756/196 1809/1809/202 1808/1808/202
f 1810/1810/13 1811/1811/13 1812/1812/13
f 1812/1812/13 1813/1813/13 1810/1810/13
f 1814/1814/2 1815/1815/2 1816/1816/2
f 1816/1816/2 1817/1817/2 1814/1814/2
f 1818/1818/14 1819/1819/14 1820/1820/14
f 1820/1820/14 1821/1821/14 1818/1818/14
f 1822/1822/4 1823/1823/4 1824/1824/4
f 1824/1824/4 1825/1825/4 1822/1822/4
f 1826/1826/3 1827/1827/3 1828/1828/3
f 1828/1828/3 1829/1829/3 1830/1830/3
f 1828/1828/3 1830/1830/3 1831/1831/3
f 1828/1828/3 1831/1831/3 1832/1832/3
f 1826/1826/3 1828/1828/3 1832/1832/3
f 1833/1833/3 1827/1827/3 1826/1826/3
f 1834/1834/3 1833/1833/3 1826/1826/3
f 1834/1834/3 1826/1826/3 1832/1832/3
f 1834/1834/3 1832/1832/3 1835/1835/3
f 1836/1836/3 1834/1834/3 1835/1835/3
f 1837/1837/3 1838/1838/3 1839/1839/3
f 1837/1837/3 1839/1839/3 1840/1840/3
f 1837/1837/3 1840/1840/3 1831/1831/3
f 1830/1830/3 1837/1837/3 1831/1831/3
f 1841/1841/3 1842/1842/3 1836/1836/3
f 1841/1841/3 1836/1836/3 1835/1835/3
f 1841/1841/3 1835/1835/3 1840/1840/3
f 1839/1839/3 1841/1841/3 1840/1840/3
f 1843/1843/1 1844/1844/1 1845/1845/1
f 1843/1843/1 1845/1845/1 1846/1846/1
f 1843/1843/1 1846/1846/1 1847/1847/1
f 1848/1848/1 1843/1843/1 1847/1847/1
f 1849/1849/1 1850/1850/1 1851/1851/1
f 1849/1849/1 1851/1851/1 1852/1852/1
f 1849/1849/1 1852/1852/1 1846/1846/1
f 1845/1845/1 1849/1849/1 1846/1846/1
f 1853/1853/1 1854/1854/1 1848/1848/1
f 1853/1853/1 1848/1848/1 1847/1847/1
f 1853/1853/1 1847/1847/1 1855/1855/1
f 1856/1856/1 1853/1853/1 1855/1855/1
f 1857/1857/1 1858/1858/1 1856/1856/1
f 1857/1857/1 1856/1856/1 1855/1855/1
f 1857/1857/1 1855/1855/1 1852/1852/1
f 1851/1851/1 1857/1857/1 1852/1852/1
f 1859/1859/2 1860/1860/2 1861/1861/2
f 1861/1861/2 1862/1862/2 1859/1859/2
f 1863/1863/14 1864/1864/14 1865/1865/14
f 1865/1865/14 1866/1866/14 1863/1863/14
f 1867/1867/13 1868/1868/13 1869/1869/13
f 1869/1869/13 1870/1870/13 1867/1867/13
f 1871/1871/4 1872/1872/4 1873/1873/4
f 1873/1873/4 1874/1874/4 1871/1871/4
f 1875/1875/189 1876/1876/189 1877/1877/190
f 1877/1877/190 1878/1878/189 1875/1875/189
f 1879/1879/184 1880/1880/184 1881/1881/203
f 1881/1881/203 1882/1882/184 1879/1879/184
f 1883/1883/204 1884/1884/186 1885/1885/186
f 1885/1885/186 1886/1886/187 1883/1883/204
f 1887/1887/205 1888/1888/189 1878/1878/189
f 1878/1878/189 1877/1877/190 1887/1887/205
f 1889/1889/191 1890/1890/191 1891/1891/206
f 1891/1891/206 1892/1892/191 1889/1889/191
f 1893/1893/186 1894/1894/186 1886/1886/187
f 1886/1886/187 1885/1885/186 1893/1893/186
f 1895/1895/203 1896/1896/184 1882/1882/184
f 1882/1882/184 1881/1881/203 1895/1895/203
f 1897/1897/206 1898/1898/191 1892/1892/191
f 1892/1892/191 1891/1891/206 1897/1897/206
o Workbench
v 1.092383 3.416757 0.948722
v 1.092383 3.416757 -2.595241
v 1.868519 3.416757 -2.595241
v 1.868519 3.416757 0.948722
v 1.092383 3.594220 0.917321
v 1.868519 3.594220 0.917321
v 1.868519 3.594220 -2.595241
v 1.092383 3.594220 -2.595241
v 1.868519 3.565965 0.948722
v 1.092383 3.565965 0.948722
v 1.075856 3.445029 -2.563857
v 1.075856 3.445028 0.917321
v 1.075856 3.565965 0.917321
v 1.075856 3.565966 -2.563857
v 1.082848 3.577906 0.930586
v 1.311271 3.602315 -2.596958
v 1.311271 8.160184 -2.596957
v 8.834862 8.160184 -2.596957
v 8.834862 3.602315 -2.596958
v 1.311271 3.602315 -2.420642
v 8.834862 3.602315 -2.420642
v 8.834862 8.160184 -2.420641
v 1.311271 8.160184 -2.420641
v 4.855482 -0.830383 -2.615743
v 4.855482 3.267548 -2.615742
v 5.170425 3.267548 -2.615742
v 5.170425 -0.830383 -2.615743
v 4.855482 -0.830383 -2.439410
v 5.170425 -0.830383 -2.439410
v 5.170425 3.267548 -2.439409
v 4.855482 3.267548 -2.439409
v 8.565498 -0.830383 -2.615743
v 8.565498 3.267548 -2.615742
v 8.880441 3.267548 -2.615742
v 8.880441 -0.830383 -2.615743
v 8.565498 -0.830383 -2.439410
v 8.880441 -0.830383 -2.439410
v 8.880441 3.267548 -2.439409
v 8.565498 3.267548 -2.439409
v 1.290169 -0.830383 -2.615743
v 1.290169 3.267548 -2.615742
v 1.605099 3.267548 -2.615742
v 1.605099 -0.830383 -2.615743
v 1.290169 -0.830383 -2.439410
v 1.605099 -0.830383 -2.439410
v 1.605099 3.267548 -2.439409
v 1.290169 3.267548 -2.439409
v 4.855482 -0.830383 0.843759
v 4.855482 3.267548 0.843759
v 5.170425 3.267548 0.843759
v 5.170425 -0.830383 0.843759
v 4.872035 -0.802129 1.020075
v 5.153899 -0.802129 1.020075
v 5.153899 3.239293 1.020075
v 4.872035 3.239293 1.020075
v 5.170425 3.267548 0.988692
v 5.170425 -0.830383 0.988691
v 4.855482 3.267548 0.988692
v 4.855482 -0.830383 0.988691
v 8.565498 -0.830383 0.843759
v 8.565498 3.267548 0.843759
v 8.880441 3.267548 0.843759
v 8.880441 -0.830383 0.843759
v 8.582037 -0.802129 1.020075
v 8.863901 -0.802129 1.020075
v 8.863901 3.239293 1.020075
v 8.582037 3.239293 1.020075
v 8.880441 3.267548 0.988692
v 8.880441 -0.830383 0.988691
v 8.565498 3.267548 0.988692
v 8.565498 -0.830383 0.988691
v 1.290169 -0.830383 0.843759
v 1.290169 3.267548 0.843759
v 1.605099 3.267548 0.843759
v 1.605099 -0.830383 0.843759
v 1.306696 -0.802129 1.020075
v 1.588560 -0.802129 1.020075
v 1.588560 3.239293 1.020075
v 1.306696 3.239293 1.020075
v 1.605099 3.267548 0.988692
v 1.605099 -0.830383 0.988691
v 1.290169 3.267548 0.988692
v 1.290169 -0.830383 0.988691
v 8.984037 0.550767 0.839974
v 8.984037 0.550768 -2.421414
v 9.063016 0.550768 -2.421414
v 9.063016 0.550767 0.839974
v 8.984037 0.886205 0.839974
v 9.063016 0.886205 0.839974
v 9.063016 0.886205 -2.421414
v 8.984037 0.886205 -2.421414
v 1.121309 0.550767 0.839974
v 1.121309 0.550768 -2.421414
v 1.200262 0.550768 -2.421414
v 1.200262 0.550767 0.839974
v 1.121309 0.886205 0.839974
v 1.200262 0.886205 0.839974
v 1.200262 0.886205 -2.421414
v 1.121309 0.886205 -2.421414
v 1.208800 0.550768 -2.271277
v 1.208800 0.550768 -2.439515
v 8.977200 0.550768 -2.439515
v 8.977200 0.550768 -2.271277
v 1.208800 0.886205 -2.271277
v 8.977200 0.886205 -2.271277
v 8.977200 0.886205 -2.439515
v 1.208800 0.886205 -2.439515
v 1.208800 0.550767 0.838239
v 1.208800 0.550767 0.670002
v 8.977200 0.550767 0.670002
v 8.977200 0.550767 0.838239
v 1.208800 0.886205 0.838239
v 8.977200 0.886205 0.838239
v 8.977200 0.886205 0.670002
v 1.208800 0.886205 0.670002
v 9.092070 0.888798 0.948722
v 8.315934 0.888798 0.948722
v 8.315934 0.888798 -2.595241
v 9.092070 0.888798 -2.595241
v 9.092070 1.066261 0.948722
v 9.092070 1.066261 -2.595241
v 8.315934 1.066261 -2.595241
v 8.315934 1.066261 0.948722
v 9.108622 0.917070 -2.563858
v 9.108622 1.038007 -2.563858
v 9.108622 1.038006 0.917320
v 9.108622 0.917070 0.917320
v 7.511460 0.888798 0.948722
v 7.511460 0.888798 -2.595241
v 8.304123 0.888798 -2.595241
v 8.304123 0.888798 0.948722
v 7.511460 1.066261 0.948722
v 8.304123 1.066261 0.948722
v 8.304123 1.066261 -2.595241
v 7.511460 1.066261 -2.595241
v 6.707409 0.888798 0.948722
v 6.707409 0.888798 -2.595241
v 7.500072 0.888798 -2.595241
v 7.500072 0.888798 0.948722
v 6.707409 1.066261 0.948722
v 7.500072 1.066261 0.948722
v 7.500072 1.066261 -2.595241
v 6.707409 1.066261 -2.595241
v 5.903691 0.888798 0.948722
v 5.903691 0.888798 -2.595241
v 6.696353 0.888798 -2.595241
v 6.696353 0.888798 0.948722
v 5.903691 1.066261 0.948722
v 6.696353 1.066261 0.948722
v 6.696353 1.066261 -2.595241
v 5.903691 1.066261 -2.595241
v 5.100598 0.888798 0.948722
v 5.100598 0.888798 -2.595241
v 5.893274 0.888798 -2.595241
v 5.893274 0.888798 0.948722
v 5.100598 1.066261 0.948722
v 5.893274 1.066261 0.948722
v 5.893274 1.066261 -2.595241
v 5.100598 1.066261 -2.595241
v 4.298017 0.888798 0.948722
v 4.298017 0.888798 -2.595241
v 5.090680 0.888798 -2.595241
v 5.090680 0.888798 0.948722
v 4.298017 1.066261 0.948722
v 5.090680 1.066261 0.948722
v 5.090680 1.066261 -2.595241
v 4.298017 1.066261 -2.595241
v 3.493391 0.888798 0.948722
v 3.493391 0.888798 -2.595241
v 4.286053 0.888798 -2.595241
v 4.286053 0.888798 0.948722
v 3.493391 1.066261 0.948722
v 4.286053 1.066261 0.948722
v 4.286053 1.066261 -2.595241
v 3.493391 1.066261 -2.595241
v 2.690235 0.888798 0.948722
v 2.690235 0.888798 -2.595241
v 3.482897 0.888798 -2.595241
v 3.482897 0.888798 0.948722
v 2.690235 1.066261 0.948722
v 3.482897 1.066261 0.948722
v 3.482897 1.066261 -2.595241
v 2.690235 1.066261 -2.595241
v 1.884726 0.888798 0.948722
v 1.884726 0.888798 -2.595241
v 2.677389 0.888798 -2.595241
v 2.677389 0.888798 0.948722
v 1.884726 1.066261 0.948722
v 2.677389 1.066261 0.948722
v 2.677389 1.066261 -2.595241
v 1.884726 1.066261 -2.595241
v 1.092383 0.888798 0.948722
v 1.092383 0.888798 -2.595241
v 1.868519 0.888798 -2.595241
v 1.868519 0.888798 0.948722
v 1.092383 1.066261 0.948722
v 1.868519 1.066261 0.948722
v 1.868519 1.066261 -2.595241
v 1.092383 1.066261 -2.595241
v 1.075856 0.917070 -2.563858
v 1.075856 0.917070 0.917320
v 1.075856 1.038006 0.917320
v 1.075856 1.038007 -2.563858
v 8.984037 3.078444 0.839974
v 8.984037 3.078445 -2.421413
v 9.063016 3.078445 -2.421413
v 9.063016 3.078444 0.839974
v 8.984037 3.413882 0.839975
v 9.063016 3.413882 0.839975
v 9.063016 3.413882 -2.421413
v 8.984037 3.413882 -2.421413
v 1.121309 3.078444 0.839974
v 1.121309 3.078445 -2.421413
v 1.200262 3.078445 -2.421413
v 1.200262 3.078444 0.839974
v 1.121309 3.413882 0.839975
v 1.200262 3.413882 0.839975
v 1.200262 3.413882 -2.421413
v 1.121309 3.413882 -2.421413
v 1.208800 3.078445 -2.271276
v 1.208800 3.078445 -2.439514
v 8.977200 3.078445 -2.439514
v 8.977200 3.078445 -2.271276
v 1.208800 3.413882 -2.271276
v 8.977200 3.413882 -2.271276
v 8.977200 3.413882 -2.439514
v 1.208800 3.413882 -2.439514
v 1.208800 3.078444 0.838240
v 1.208800 3.078444 0.670002
v 8.977200 3.078444 0.670002
v 8.977200 3.078444 0.838240
v 1.208800 3.413882 0.838240
v 8.977200 3.413882 0.838240
v 8.977200 3.413882 0.670002
v 1.208800 3.413882 0.670002
v 9.092070 3.416757 0.948722
v 8.315934 3.416757 0.948722
v 8.315934 3.416757 -2.595241
v 9.092070 3.416757 -2.595241
v 9.092070 3.594220 0.917321
v 9.092070 3.594220 -2.595241
v 8.315934 3.594220 -2.595241
v 8.315934 3.594220 0.917321
v 9.092070 3.565965 0.948722
v 8.315934 3.565965 0.948722
v 9.108622 3.445029 -2.563857
v 9.108622 3.565966 -2.563857
v 9.108622 3.565965 0.917321
v 9.108622 3.445028 0.917321
v 9.101630 3.577906 0.930586
v 7.511460 3.416757 0.948722
v 7.511460 3.416757 -2.595241
v 8.304123 3.416757 -2.595241
v 8.304123 3.416757 0.948722
v 7.511460 3.594220 0.917321
v 8.304123 3.594220 0.917321
v 8.304123 3.594220 -2.595241
v 7.511460 3.594220 -2.595241
v 8.304123 3.565965 0.948722
v 7.511460 3.565965 0.948722
v 6.707409 3.416757 0.948722
v 6.707409 3.416757 -2.595241
v 7.500072 3.416757 -2.595241
v 7.500072 3.416757 0.948722
v 6.707409 3.594220 0.917321
v 7.500072 3.594220 0.917321
v 7.500072 3.594220 -2.595241
v 6.707409 3.594220 -2.595241
v 7.500072 3.565965 0.948722
v 6.707409 3.565965 0.948722
v 5.903691 3.416757 0.948722
v 5.903691 3.416757 -2.595241
v 6.696353 3.416757 -2.595241
v 6.696353 3.416757 0.948722
v 5.903691 3.594220 0.917321
v 6.696353 3.594220 0.917321
v 6.696353 3.594220 -2.595241
v 5.903691 3.594220 -2.595241
v 6.696353 3.565965 0.948722
v 5.903691 3.565965 0.948722
v 5.100598 3.416757 0.948722
v 5.100598 3.416757 -2.595241
v 5.893274 3.416757 -2.595241
v 5.893274 3.416757 0.948722
v 5.100598 3.594220 0.917321
v 5.893274 3.594220 0.917321
v 5.893274 3.594220 -2.595241
v 5.100598 3.594220 -2.595241
v 5.893274 3.565965 0.948722
v 5.100598 3.565965 0.948722
v 4.298017 3.416757 0.948722
v 4.298017 3.416757 -2.595241
v 5.090680 3.416757 -2.595241
v 5.090680 3.416757 0.948722
v 4.298017 3.594220 0.917321
v 5.090680 3.594220 0.917321
v 5.090680 3.594220 -2.595241
v 4.298017 3.594220 -2.595241
v 5.090680 3.565965 0.948722
v 4.298017 3.565965 0.948722
v 3.493391 3.416757 0.948722
v 3.493391 3.416757 -2.595241
v 4.286053 3.416757 -2.595241
v 4.286053 3.416757 0.948722
v 3.493391 3.594220 0.917321
v 4.286053 3.594220 0.917321
v 4.286053 3.594220 -2.595241
v 3.493391 3.594220 -2.595241
v 4.286053 3.565965 0.948722
v 3.493391 3.565965 0.948722
v 2.690235 3.416757 0.948722
v 2.690235 3.416757 -2.595241
v 3.482897 3.416757 -2.595241
v 3.482897 3.416757 0.948722
v 2.690235 3.594220 0.917321
v 3.482897 3.594220 0.917321
v 3.482897 3.594220 -2.595241
v 2.690235 3.594220 -2.595241
v 3.482897 3.565965 0.948722
v 2.690235 3.565965 0.948722
v 1.884726 3.416757 0.948722
v 1.884726 3.416757 -2.595241
v 2.677389 3.416757 -2.595241
v 2.677389 3.416757 0.948722
v 1.884726 3.594220 0.917321
v 2.677389 3.594220 0.917321
v 2.677389 3.594220 -2.595241
v 1.884726 3.594220 -2.595241
v 2.677389 3.565965 0.948722
v 1.884726 3.565965 0.948722
v 1.229404 3.589952 0.664412
v 1.229404 3.589952 -2.596993
v 1.308357 3.589952 -2.596993
v 1.308357 3.589952 0.664412
v 1.229404 3.699724 0.664412
v 1.308357 3.699724 0.664412
v 1.308357 3.699724 -2.596993
v 1.229404 3.699724 -2.596993
v 8.837801 3.589952 0.664412
v 8.837801 3.589952 -2.596993
v 8.916741 3.589952 -2.596993
v 8.916741 3.589952 0.664412
v 8.837801 3.699724 0.664412
v 8.916741 3.699724 0.664412
v 8.916741 3.699724 -2.596993
v 8.837801 3.699724 -2.596993
v 8.817069 3.703852 -2.353389
v 8.817069 3.703852 -2.683662
v 8.921420 3.703852 -2.683662
v 8.921420 3.703852 -2.353389
v 8.817069 8.315019 -2.353388
v 8.921420 8.315019 -2.353388
v 8.921420 8.315019 -2.683661
v 8.817069 8.315019 -2.683661
v 1.225429 3.703852 -2.353389
v 1.225429 3.703852 -2.683662
v 1.329805 3.703852 -2.683662
v 1.329805 3.703852 -2.353389
v 1.225429 8.314842 -2.353388
v 1.329805 8.314842 -2.353388
v 1.329805 8.314842 -2.683661
v 1.225429 8.314842 -2.683661
v 1.331160 8.107308 -2.353388
v 1.331160 8.107308 -2.683661
v 8.816277 8.107308 -2.683661
v 8.816277 8.107308 -2.353388
v 1.331160 8.314878 -2.353388
v 8.816277 8.314878 -2.353388
v 8.816277 8.314878 -2.683661
v 1.331160 8.314878 -2.683661
v 5.205460 -0.854686 -2.635351
v 4.820460 -0.854686 -2.635351
v 4.820460 -0.854686 -2.419802
v 5.205460 -0.854686 -2.419802
v 8.915463 -0.854686 -2.635351
v 8.530463 -0.854686 -2.635351
v 8.530463 -0.854686 -2.419802
v 8.915463 -0.854686 -2.419802
v 1.640121 -0.854686 -2.635351
v 1.255134 -0.854686 -2.635351
v 1.255134 -0.854686 -2.419802
v 1.640121 -0.854686 -2.419802
v 5.205460 -0.854687 0.827638
v 4.820460 -0.854687 0.827638
v 5.205460 -0.854687 1.004812
v 4.820460 -0.854687 1.004812
v 8.915463 -0.854687 0.827638
v 8.530463 -0.854687 0.827638
v 8.915463 -0.854687 1.004812
v 8.530463 -0.854687 1.004812
v 1.640121 -0.854687 0.827638
v 1.255134 -0.854687 0.827638
v 1.640121 -0.854687 1.004812
v 1.255134 -0.854687 1.004812
v 5.205460 -0.895816 -2.635351
v 4.820460 -0.895816 -2.635351
v 4.820460 -0.895816 -2.419802
v 5.205460 -0.895816 -2.419802
v 8.915463 -0.895816 -2.635351
v 8.530463 -0.895816 -2.635351
v 8.530463 -0.895816 -2.419802
v 8.915463 -0.895816 -2.419802
v 1.640121 -0.895816 -2.635351
v 1.255134 -0.895816 -2.635351
v 1.255134 -0.895816 -2.419802
v 1.640121 -0.895816 -2.419802
v 5.205460 -0.895816 0.827638
v 4.820460 -0.895816 0.827638
v 5.205460 -0.895816 1.004812
v 4.820460 -0.895816 1.004812
v 8.915463 -0.895816 0.827638
v 8.530463 -0.895816 0.827638
v 8.915463 -0.895816 1.004812
v 8.530463 -0.895816 1.004812
v 1.640121 -0.895816 0.827638
v 1.255134 -0.895816 0.827638
v 1.640121 -0.895816 1.004812
v 1.255134 -0.895816 1.004812
v 5.012967 -0.895816 -2.527585
v 8.722969 -0.895816 -2.527585
v 1.447628 -0.895816 -2.527585
v 5.012967 -0.895816 0.916216
v 8.722969 -0.895816 0.916216
v 1.447628 -0.895816 0.916216
v 6.678804 3.441730 0.664412
v 6.678804 3.441731 -2.400263
v 8.550735 3.441731 -2.400263
v 8.550735 3.441730 0.664412
v 8.550735 3.801719 0.664412
v 6.678804 3.801719 0.664412
v 8.550735 3.801719 -2.400263
v 6.678804 3.801719 -2.400263
v 6.800729 3.801719 -2.329751
v 8.428809 3.801719 -2.329751
v 6.800729 3.801719 0.506723
v 8.428809 3.801719 0.506723
v 6.845415 3.760766 -2.251931
v 8.384137 3.760766 -2.251931
v 6.845415 3.760766 0.428904
v 8.384137 3.760766 0.428904
v 7.614776 3.760766 -0.911514
v 2.084442 2.234057 1.022511
v 1.680141 2.163651 1.066914
v 1.710523 1.670679 0.978809
v 2.107960 1.773891 0.978826
v 2.505781 2.234427 1.126001
v 2.517910 1.862429 0.977407
v 2.939709 2.169611 1.273264
v 2.939198 1.889043 1.142263
v 3.354312 2.306827 1.356130
v 3.357418 2.042537 1.204557
v 3.760301 2.382701 1.216122
v 3.775497 2.094513 1.164184
v 4.183582 2.300160 1.223394
v 4.171784 1.890207 1.186157
v 4.591947 2.371361 1.272686
v 4.570909 1.999962 1.325535
v 5.013593 2.416829 1.266728
v 5.041534 2.056735 1.323152
v 5.384380 2.391397 0.992915
v 5.387307 2.012343 1.001991
v 5.795518 2.397146 1.001659
v 5.808466 2.026893 0.880207
v 6.193121 2.369967 1.164622
v 6.206875 1.981548 1.114524
v 6.607609 2.449245 1.018936
v 6.613885 2.020103 1.133711
v 7.016102 2.507430 1.122689
v 7.037499 2.044866 1.155948
v 7.434412 2.520128 1.134377
v 7.460193 2.163915 1.008580
v 7.843927 2.492580 1.034304
v 7.863752 2.189682 0.987938
v 2.077553 2.545244 1.006197
v 1.724992 2.482526 1.030642
v 2.499236 2.541734 1.168705
v 2.917763 2.549141 1.177449
v 3.338182 2.551928 1.277259
v 3.753590 2.590959 1.214089
v 4.164358 2.638190 1.138653
v 4.578296 2.685193 1.224305
v 4.998689 2.744541 1.182863
v 5.384903 2.791473 0.924978
v 5.799992 2.793414 1.026752
v 6.211834 2.804383 1.146486
v 6.597780 2.834472 0.882100
v 7.017074 2.824948 0.858847
v 7.422857 2.845284 1.097316
v 7.839659 2.795777 1.026156
v 2.068746 2.847841 1.001851
v 1.735499 2.820168 1.010017
v 2.493766 2.874967 1.316686
v 2.912037 2.851774 1.306978
v 3.326857 2.864491 1.293836
v 3.741856 2.904791 1.253656
v 4.154516 2.941441 1.262225
v 4.557014 3.025851 1.218452
v 4.975388 3.088004 1.260805
v 5.379906 3.091284 0.980911
v 5.794854 3.100120 1.040840
v 6.202759 3.127986 1.144488
v 6.619586 3.158340 1.126597
v 7.024526 3.161108 0.993914
v 7.433811 3.161108 1.088835
v 7.848478 3.097369 0.982944
v 2.072171 3.183313 1.085173
v 1.657479 3.113595 1.014941
v 2.484410 3.203049 1.185527
v 2.902387 3.222027 1.307925
v 3.316172 3.236912 1.274456
v 3.728448 3.268782 1.248574
v 4.140354 3.298959 1.235029
v 4.547594 3.354780 1.291716
v 4.968013 3.395275 1.168407
v 5.376941 3.407021 1.077568
v 5.788424 3.435540 1.049584
v 6.198822 3.456087 1.079215
v 6.612058 3.471714 1.072854
v 7.024244 3.488733 1.071523
v 7.439844 3.473089 1.056768
v 7.854895 3.408855 0.958377
v 2.062470 3.492895 1.072048
v 1.685663 3.487534 1.026138
v 2.476510 3.512243 1.071330
v 2.888851 3.560657 1.108461
v 3.301255 3.581450 1.090044
v 3.714605 3.630852 1.086715
v 4.128736 3.648489 1.063550
v 4.541779 3.661981 1.045852
v 4.955449 3.681029 1.029117
v 5.368926 3.706673 0.991986
v 5.782123 3.736197 0.956940
v 6.193824 3.728807 0.929832
v 6.605756 3.736585 0.911713
v 6.889895 3.743217 0.889845
v 7.436700 3.736021 0.885236
v 7.856262 3.578435 0.958360
v 2.055887 3.725774 0.866890
v 1.641668 3.610128 0.951052
v 2.469736 3.732970 0.851873
v 2.882536 3.725544 0.823363
v 3.295797 3.732670 0.805892
v 3.708572 3.725439 0.788054
v 4.121731 3.740448 0.765239
v 4.535400 3.754628 0.742775
v 4.948073 3.732299 0.723605
v 5.359365 3.788314 0.694149
v 5.772384 3.839427 0.666638
v 6.186220 3.835952 0.640896
v 6.596464 3.855035 0.628420
v 6.816502 3.911297 0.630313
v 7.430501 3.902126 0.622480
v 7.847507 3.803430 0.662520
v 2.047093 3.768861 0.562429
v 1.576698 3.595789 0.547867
v 2.461338 3.749443 0.544100
v 2.875289 3.758279 0.518218
v 3.288729 3.728155 0.499048
v 3.702118 3.720906 0.480106
v 4.115813 3.728014 0.459446
v 4.529789 3.720694 0.436649
v 4.943574 3.727785 0.414850
v 5.357819 3.720518 0.392772
v 5.770146 3.777997 0.364069
v 6.184366 3.737220 0.349227
v 6.594329 3.811648 0.323521
v 6.768302 3.915565 0.321085
v 7.422729 3.906429 0.313428
v 7.776977 3.795158 0.438682
v 2.039079 3.716779 0.259632
v 1.568467 3.599052 0.241181
v 2.453311 3.723869 0.237606
v 2.867812 3.716550 0.214178
v 3.282134 3.723640 0.192327
v 3.696033 3.716391 0.173051
v 4.109984 3.723498 0.151410
v 4.524370 3.716197 0.128718
v 4.938781 3.723393 0.107077
v 5.353358 3.716038 0.084245
v 5.768140 3.723111 0.060519
v 6.183254 3.715879 0.040666
v 6.593115 3.753376 0.019761
v 6.763803 3.918740 0.012769
v 7.417028 3.910680 0.005059
v 7.770919 3.760801 -0.040781
v 2.031295 3.712052 -0.047493
v 1.616884 3.595772 -0.068222
v 2.445847 3.719442 -0.069011
v 2.860590 3.711876 -0.092632
v 3.275270 3.719125 -0.114430
v 3.689808 3.711805 -0.134354
v 4.104424 3.719001 -0.156433
v 4.519244 3.711664 -0.179160
v 4.934179 3.718807 -0.201046
v 5.349396 3.711541 -0.224141
v 5.764881 3.718649 -0.247692
v 6.180442 3.711418 -0.268352
v 6.588360 3.745334 -0.289344
v 6.757041 3.914543 -0.295214
v 7.411596 3.914931 -0.302924
v 7.794756 3.763588 -0.347871
v 2.023971 3.707167 -0.354547
v 1.641629 3.593832 -0.376626
v 2.438676 3.714839 -0.376048
v 2.853650 3.707009 -0.399423
v 3.268610 3.714628 -0.421222
v 3.683597 3.706938 -0.441759
v 4.098711 3.714487 -0.464118
v 4.514093 3.706815 -0.486933
v 4.929578 3.714310 -0.509152
v 5.345395 3.706744 -0.532387
v 5.761340 3.714169 -0.555956
v 6.176825 3.706673 -0.577369
v 6.590111 3.744293 -0.598519
v 6.753092 3.910327 -0.603548
v 7.407366 3.919128 -0.610224
v 7.790704 3.763941 -0.654259
v 2.016711 3.702264 -0.661496
v 1.583217 3.601522 -0.681069
v 2.431582 3.710307 -0.683102
v 2.846747 3.702123 -0.706162
v 3.262015 3.710113 -0.728031
v 3.677398 3.702070 -0.749006
v 4.093061 3.709989 -0.771628
v 4.509006 3.701947 -0.794636
v 4.925181 3.709830 -0.817048
v 5.341778 3.701911 -0.840493
v 5.758669 3.709707 -0.864342
v 6.175496 3.701876 -0.886771
v 6.591581 3.725721 -0.908535
v 6.750752 3.906165 -0.911549
v 7.404745 3.915318 -0.917086
v 7.867689 3.764293 -0.960157
v 2.009464 3.697379 -0.968288
v 1.575906 3.596090 -0.987721
v 2.424463 3.705791 -0.989999
v 2.839794 3.697237 -1.012831
v 3.255343 3.705597 -1.034770
v 3.671122 3.697202 -1.056043
v 4.087361 3.705492 -1.078945
v 4.503995 3.697097 -1.102198
v 4.920938 3.705350 -1.124698
v 5.338480 3.697097 -1.148389
v 5.756534 3.705245 -1.172676
v 6.174920 3.697097 -1.196192
v 6.592987 3.712352 -1.219445
v 6.749526 3.902020 -1.219199
v 7.402892 3.911174 -1.223282
v 7.912962 3.760890 -1.265985
v 2.002114 3.692493 -1.274940
v 1.641629 3.599405 -1.297719
v 2.417203 3.701276 -1.296721
v 2.832675 3.692370 -1.319378
v 3.248441 3.701082 -1.341352
v 3.664590 3.692335 -1.362782
v 4.081481 3.700977 -1.386018
v 4.498960 3.692264 -1.409603
v 4.916605 3.700871 -1.431980
v 5.335208 3.692282 -1.456004
v 5.754566 3.700800 -1.480799
v 6.174831 3.692317 -1.505489
v 6.595288 3.703146 -1.531475
v 6.750292 3.897929 -1.526727
v 7.403032 3.907082 -1.529828
v 7.818594 3.762547 -1.572164
v 1.994535 3.687608 -1.581416
v 1.634050 3.592827 -1.604125
v 2.409610 3.696391 -1.603214
v 2.825185 3.687484 -1.625802
v 3.241130 3.696268 -1.647758
v 3.657407 3.687449 -1.669048
v 4.085149 3.697978 -1.595294
v 4.503421 3.689125 -1.619318
v 4.911914 3.696250 -1.738825
v 5.331488 3.687467 -1.763181
v 5.752495 3.696321 -1.788432
v 6.175534 3.687572 -1.814261
v 6.611137 3.695791 -1.845346
v 6.733165 3.893855 -1.834307
v 7.403838 3.903008 -1.836550
v 7.782000 3.762424 -1.878657
v 1.985434 3.622951 -1.864306
v 1.572071 3.596954 -1.907746
v 2.401481 3.630764 -1.949485
v 2.814486 3.623022 -1.892711
v 3.230572 3.631822 -1.914685
v 3.627267 3.622351 -1.950554
v 4.053233 3.633145 -1.855738
v 4.472016 3.624309 -1.880270
v 4.906520 3.630676 -2.085533
v 5.326581 3.621910 -2.053572
v 5.748891 3.630782 -2.193755
v 6.174486 3.622104 -2.281160
v 6.655733 3.624256 -2.192476
v 6.678267 3.815776 -2.181541
v 7.403621 3.761137 -2.219724
v 7.701449 3.759161 -2.111362
vt 0.373800 0.650100
vt 0.373800 0.628900
vt 0.374700 0.626500
vt 0.374700 0.652400
vt 0.373800 0.594800
vt 0.373800 0.573600
vt 0.374700 0.571300
vt 0.374700 0.597200
vt 0.580500 0.012100
vt 0.580500 0.005800
vt 0.582800 0.005100
vt 0.582800 0.012800
vt 0.635700 0.127100
vt 0.635700 0.120900
vt 0.638300 0.120200
vt 0.638300 0.127800
vt 0.177800 0.719000
vt 0.199000 0.719000
vt 0.201400 0.719900
vt 0.175400 0.719900
vt 0.373800 0.622500
vt 0.373800 0.601200
vt 0.374700 0.598900
vt 0.374700 0.624800
vt 0.635700 0.182400
vt 0.635700 0.176100
vt 0.638100 0.175400
vt 0.638100 0.183100
vt 0.638100 0.157700
vt 0.638100 0.164000
vt 0.635700 0.164700
vt 0.635700 0.157000
vt 0.373800 0.677700
vt 0.373800 0.656500
vt 0.374700 0.654100
vt 0.374700 0.680100
vt 0.373800 0.567200
vt 0.373800 0.546000
vt 0.374700 0.543600
vt 0.374700 0.569600
vt 0.635700 0.108700
vt 0.635700 0.102500
vt 0.638300 0.101800
vt 0.638300 0.109400
vt 0.585100 0.012100
vt 0.585100 0.005800
vt 0.587600 0.005100
vt 0.587600 0.012800
vt 0.875500 0.130000
vt 0.875500 0.108700
vt 0.876400 0.106400
vt 0.876400 0.132300
vt 0.383700 0.670500
vt 0.378500 0.670500
vt 0.377900 0.667900
vt 0.384200 0.667900
vt 0.208700 0.702700
vt 0.203600 0.702700
vt 0.203000 0.700100
vt 0.209300 0.700100
vt 0.122500 0.719000
vt 0.143800 0.719000
vt 0.146100 0.719900
vt 0.120200 0.719900
vt 0.383700 0.693500
vt 0.378500 0.693500
vt 0.377900 0.690900
vt 0.384200 0.690900
vt 0.709400 0.171900
vt 0.709400 0.166800
vt 0.711900 0.166200
vt 0.711900 0.172500
vt 0.150200 0.719000
vt 0.171400 0.719000
vt 0.173700 0.719900
vt 0.147800 0.719900
vt 0.704700 0.287000
vt 0.704700 0.281900
vt 0.707300 0.281300
vt 0.707300 0.287600
vt 0.383700 0.592200
vt 0.378500 0.592200
vt 0.377900 0.589700
vt 0.384200 0.589700
vt 0.392300 0.021500
vt 0.371100 0.021500
vt 0.368700 0.020500
vt 0.394700 0.020500
vt 0.318700 0.021500
vt 0.297400 0.021500
vt 0.295100 0.020500
vt 0.321000 0.020500
vt 0.355500 0.021500
vt 0.334300 0.021500
vt 0.331900 0.020500
vt 0.357900 0.020500
vt 0.376400 0.626500
vt 0.376400 0.652400
vt 0.376400 0.571300
vt 0.376400 0.597200
vt 0.109400 0.554500
vt 0.101800 0.554500
vt 0.101800 0.552900
vt 0.109400 0.552900
vt 0.517000 0.859000
vt 0.517000 0.851400
vt 0.518700 0.851400
vt 0.518700 0.859000
vt 0.201400 0.721600
vt 0.175400 0.721600
vt 0.376400 0.598900
vt 0.376400 0.624800
vt 0.635700 0.146200
vt 0.635700 0.138600
vt 0.637300 0.138600
vt 0.637300 0.146200
vt 0.517000 0.895800
vt 0.517000 0.888200
vt 0.518700 0.888200
vt 0.518700 0.895800
vt 0.376400 0.654100
vt 0.376400 0.680100
vt 0.376400 0.543600
vt 0.376400 0.569600
vt 0.008200 0.549900
vt 0.000500 0.549900
vt 0.000500 0.548200
vt 0.008200 0.548200
vt 0.517000 0.877400
vt 0.517000 0.869800
vt 0.518700 0.869800
vt 0.518700 0.877400
vt 0.878100 0.106400
vt 0.878100 0.132300
vt 0.704700 0.306000
vt 0.704700 0.299700
vt 0.706400 0.299700
vt 0.706400 0.306000
vt 0.669600 0.006700
vt 0.663300 0.006700
vt 0.663300 0.005100
vt 0.669600 0.005100
vt 0.146100 0.721600
vt 0.120200 0.721600
vt 0.635700 0.200100
vt 0.635700 0.193800
vt 0.637300 0.193800
vt 0.637300 0.200100
vt 0.688000 0.006700
vt 0.681700 0.006700
vt 0.681700 0.005100
vt 0.688000 0.005100
vt 0.173700 0.721600
vt 0.147800 0.721600
vt 0.249400 0.774500
vt 0.249400 0.768200
vt 0.251000 0.768200
vt 0.251000 0.774500
vt 0.706400 0.006700
vt 0.700100 0.006700
vt 0.700100 0.005100
vt 0.706400 0.005100
vt 0.368700 0.018900
vt 0.394700 0.018900
vt 0.295100 0.018900
vt 0.321000 0.018900
vt 0.331900 0.018900
vt 0.357900 0.018900
vt 0.212200 0.714000
vt 0.238200 0.714000
vt 0.225200 0.717800
vt 0.238200 0.721600
vt 0.212200 0.721600
vt 0.552900 0.014300
vt 0.578800 0.014300
vt 0.565800 0.018100
vt 0.578800 0.022000
vt 0.552900 0.022000
vt 0.256700 0.723200
vt 0.256700 0.749100
vt 0.252900 0.736100
vt 0.249100 0.749100
vt 0.249100 0.723200
vt 0.255300 0.778400
vt 0.255300 0.804300
vt 0.252200 0.791400
vt 0.249100 0.804300
vt 0.249100 0.778400
vt 0.552900 0.005100
vt 0.578800 0.005100
vt 0.565800 0.008200
vt 0.578800 0.011400
vt 0.552900 0.011400
vt 0.028100 0.548200
vt 0.054100 0.548200
vt 0.041100 0.551400
vt 0.054100 0.554500
vt 0.028100 0.554500
vt 0.722200 0.240300
vt 0.831900 0.240300
vt 0.840100 0.249700
vt 0.714000 0.249700
vt 0.722200 0.139600
vt 0.714000 0.134000
vt 0.831900 0.139600
vt 0.840100 0.134000
vt 0.725200 0.237500
vt 0.828900 0.237500
vt 0.725200 0.142300
vt 0.828900 0.142300
vt 0.777000 0.189900
vt 0.743100 0.839900
vt 0.617300 0.839900
vt 0.617300 0.787600
vt 0.743100 0.787600
vt 0.936600 0.783400
vt 0.884300 0.783400
vt 0.884300 0.658700
vt 0.936600 0.658700
vt 0.540700 0.020700
vt 0.488400 0.020700
vt 0.488400 0.014800
vt 0.540700 0.014800
vt 0.875100 0.784500
vt 0.875100 0.659800
vt 0.876200 0.658700
vt 0.882100 0.658700
vt 0.882100 0.784500
vt 0.842800 0.971700
vt 0.895100 0.971700
vt 0.895100 0.978700
vt 0.842800 0.978700
vt 0.935100 0.520600
vt 0.935100 0.644200
vt 0.930300 0.644200
vt 0.930300 0.520600
vt 0.742000 0.841000
vt 0.618400 0.841000
vt 0.937700 0.783400
vt 0.937200 0.783900
vt 0.937700 0.659800
vt 0.541400 0.014300
vt 0.541800 0.014800
vt 0.541800 0.019500
vt 0.896300 0.972800
vt 0.896300 0.977600
vt 0.585200 0.530600
vt 0.405600 0.530600
vt 0.405600 0.023500
vt 0.585200 0.023500
vt 0.401100 0.023500
vt 0.401100 0.530600
vt 0.221400 0.530600
vt 0.221400 0.023500
vt 0.209300 0.023500
vt 0.209300 0.530600
vt 0.203000 0.530600
vt 0.203000 0.023500
vt 0.893600 0.103400
vt 0.714000 0.103400
vt 0.714000 0.097200
vt 0.893600 0.097200
vt 0.212200 0.530600
vt 0.212200 0.023500
vt 0.218500 0.023500
vt 0.218500 0.530600
vt 0.714000 0.088000
vt 0.893600 0.088000
vt 0.893600 0.094200
vt 0.714000 0.094200
vt 0.212200 0.650100
vt 0.212200 0.628900
vt 0.212200 0.594800
vt 0.212200 0.573600
vt 0.548700 0.637400
vt 0.387100 0.637400
vt 0.387100 0.631100
vt 0.548700 0.631100
vt 0.243800 0.846700
vt 0.243800 0.825400
vt 0.250000 0.825400
vt 0.250000 0.846700
vt 0.387100 0.621900
vt 0.548700 0.621900
vt 0.548700 0.628200
vt 0.387100 0.628200
vt 0.177800 0.557500
vt 0.199000 0.557500
vt 0.212200 0.622500
vt 0.212200 0.601200
vt 0.548700 0.646600
vt 0.387100 0.646600
vt 0.387100 0.640300
vt 0.548700 0.640300
vt 0.244500 0.873300
vt 0.244500 0.852000
vt 0.250700 0.852000
vt 0.250700 0.873300
vt 0.387100 0.612700
vt 0.548700 0.612700
vt 0.548700 0.618900
vt 0.387100 0.618900
vt 0.212200 0.677700
vt 0.212200 0.656500
vt 0.212200 0.567200
vt 0.212200 0.546000
vt 0.548700 0.655800
vt 0.387100 0.655800
vt 0.387100 0.649500
vt 0.548700 0.649500
vt 0.482000 0.706400
vt 0.460800 0.706400
vt 0.460800 0.700100
vt 0.482000 0.700100
vt 0.387100 0.603500
vt 0.548700 0.603500
vt 0.548700 0.609700
vt 0.387100 0.609700
vt 0.714000 0.130000
vt 0.714000 0.108700
vt 0.212200 0.711100
vt 0.212200 0.692100
vt 0.371500 0.692100
vt 0.371500 0.711100
vt 0.387100 0.562100
vt 0.548700 0.562100
vt 0.548700 0.567200
vt 0.387100 0.567200
vt 0.417600 0.705300
vt 0.396400 0.705300
vt 0.396400 0.700100
vt 0.417600 0.700100
vt 0.387100 0.571300
vt 0.548700 0.571300
vt 0.548700 0.576400
vt 0.387100 0.576400
vt 0.122500 0.557500
vt 0.143800 0.557500
vt 0.547600 0.581600
vt 0.547600 0.600600
vt 0.388300 0.600600
vt 0.388300 0.581600
vt 0.548700 0.558000
vt 0.387100 0.558000
vt 0.387100 0.552900
vt 0.548700 0.552900
vt 0.635700 0.090800
vt 0.635700 0.069500
vt 0.640800 0.069500
vt 0.640800 0.090800
vt 0.373800 0.686900
vt 0.212200 0.686900
vt 0.212200 0.681700
vt 0.373800 0.681700
vt 0.150200 0.557500
vt 0.171400 0.557500
vt 0.387100 0.678800
vt 0.387100 0.659800
vt 0.546500 0.659800
vt 0.546500 0.678800
vt 0.387100 0.543600
vt 0.548700 0.543600
vt 0.548700 0.548800
vt 0.387100 0.548800
vt 0.244500 0.928500
vt 0.244500 0.907300
vt 0.249600 0.907300
vt 0.249600 0.928500
vt 0.401000 0.534400
vt 0.562500 0.534400
vt 0.562500 0.539600
vt 0.401000 0.539600
vt 0.529800 0.962500
vt 0.645600 0.962500
vt 0.645600 0.967800
vt 0.529800 0.967800
vt 0.939500 0.520600
vt 0.944800 0.520600
vt 0.944800 0.636400
vt 0.939500 0.636400
vt 0.704700 0.115600
vt 0.710100 0.115600
vt 0.710100 0.128800
vt 0.704700 0.128800
vt 0.961900 0.520600
vt 0.961900 0.636400
vt 0.948700 0.636400
vt 0.948700 0.520600
vt 0.203000 0.608100
vt 0.208400 0.608100
vt 0.208400 0.621300
vt 0.203000 0.621300
vt 0.952700 0.778400
vt 0.952700 0.894100
vt 0.939500 0.894100
vt 0.939500 0.778400
vt 0.649500 0.971700
vt 0.765300 0.971700
vt 0.765300 0.977000
vt 0.649500 0.977000
vt 0.939500 0.649500
vt 0.944800 0.649500
vt 0.944800 0.765300
vt 0.939500 0.765300
vt 0.142600 0.548200
vt 0.142600 0.553600
vt 0.129400 0.553600
vt 0.129400 0.548200
vt 0.961900 0.649500
vt 0.961900 0.765300
vt 0.948700 0.765300
vt 0.948700 0.649500
vt 0.203000 0.580500
vt 0.208400 0.580500
vt 0.208400 0.593700
vt 0.203000 0.593700
vt 0.134000 0.980900
vt 0.249700 0.980900
vt 0.249700 0.994100
vt 0.134000 0.994100
vt 0.147800 0.023500
vt 0.153800 0.023500
vt 0.153800 0.547100
vt 0.147800 0.547100
vt 0.135400 0.023500
vt 0.135400 0.547100
vt 0.129400 0.547100
vt 0.129400 0.023500
vt 0.179400 0.023500
vt 0.179400 0.547100
vt 0.166200 0.547100
vt 0.166200 0.023500
vt 0.203000 0.663300
vt 0.209000 0.663300
vt 0.209000 0.676500
vt 0.203000 0.676500
vt 0.105800 0.023500
vt 0.105800 0.547100
vt 0.092600 0.547100
vt 0.092600 0.023500
vt 0.704700 0.143200
vt 0.710700 0.143200
vt 0.710700 0.156400
vt 0.704700 0.156400
vt 0.009700 0.023500
vt 0.015700 0.023500
vt 0.015700 0.547100
vt 0.009700 0.547100
vt 0.144600 0.023500
vt 0.144600 0.547100
vt 0.138600 0.547100
vt 0.138600 0.023500
vt 0.197800 0.023500
vt 0.197800 0.547100
vt 0.184600 0.547100
vt 0.184600 0.023500
vt 0.920500 0.134000
vt 0.920500 0.140000
vt 0.907300 0.140000
vt 0.907300 0.134000
vt 0.124200 0.023500
vt 0.124200 0.547100
vt 0.111000 0.547100
vt 0.111000 0.023500
vt 0.888300 0.134000
vt 0.888300 0.140000
vt 0.875100 0.140000
vt 0.875100 0.134000
vt 0.816900 0.646400
vt 0.764600 0.646400
vt 0.764600 0.520600
vt 0.816900 0.520600
vt 0.660400 0.658700
vt 0.660400 0.784500
vt 0.608100 0.784500
vt 0.608100 0.658700
vt 0.992500 0.959600
vt 0.985500 0.959600
vt 0.985500 0.907300
vt 0.992500 0.907300
vt 0.384000 0.824400
vt 0.384000 0.831400
vt 0.258300 0.831400
vt 0.258300 0.824400
vt 0.992500 0.830700
vt 0.985500 0.830700
vt 0.985500 0.778400
vt 0.992500 0.778400
vt 0.512700 0.834000
vt 0.507900 0.834000
vt 0.507900 0.710500
vt 0.512700 0.710500
vt 0.513800 0.709400
vt 0.513800 0.835100
vt 0.506800 0.835100
vt 0.506800 0.709400
vt 0.241400 0.896300
vt 0.115600 0.896300
vt 0.115600 0.842800
vt 0.241400 0.842800
vt 0.246000 0.723200
vt 0.246000 0.776600
vt 0.120200 0.776600
vt 0.120200 0.723200
vt 0.974100 0.842800
vt 0.974100 0.896300
vt 0.967100 0.896300
vt 0.967100 0.842800
vt 0.241400 0.840600
vt 0.115600 0.840600
vt 0.115600 0.833600
vt 0.241400 0.833600
vt 0.974100 0.520600
vt 0.974100 0.574100
vt 0.967100 0.574100
vt 0.967100 0.520600
vt 0.449400 0.709400
vt 0.449400 0.835100
vt 0.442400 0.835100
vt 0.442400 0.709400
vt 0.873200 0.658700
vt 0.873200 0.784500
vt 0.819800 0.784500
vt 0.819800 0.658700
vt 0.384000 0.714000
vt 0.384000 0.767400
vt 0.258300 0.767400
vt 0.258300 0.714000
vt 0.974100 0.714000
vt 0.974100 0.767400
vt 0.967100 0.767400
vt 0.967100 0.714000
vt 0.236800 0.969500
vt 0.111000 0.969500
vt 0.111000 0.962500
vt 0.236800 0.962500
vt 0.983300 0.649500
vt 0.983300 0.702900
vt 0.976300 0.702900
vt 0.976300 0.649500
vt 0.974100 0.005100
vt 0.974100 0.130900
vt 0.967100 0.130900
vt 0.967100 0.005100
vt 0.908800 0.500400
vt 0.783000 0.500400
vt 0.783000 0.447000
vt 0.908800 0.447000
vt 0.379400 0.898100
vt 0.379400 0.951500
vt 0.253700 0.951500
vt 0.253700 0.898100
vt 0.983300 0.778400
vt 0.983300 0.831800
vt 0.976300 0.831800
vt 0.976300 0.778400
vt 0.253700 0.953300
vt 0.379400 0.953300
vt 0.379400 0.960300
vt 0.253700 0.960300
vt 0.983300 0.842800
vt 0.983300 0.896300
vt 0.976300 0.896300
vt 0.976300 0.842800
vt 0.960300 0.143200
vt 0.960300 0.269000
vt 0.953300 0.269000
vt 0.953300 0.143200
vt 0.241400 0.831800
vt 0.115600 0.831800
vt 0.115600 0.778400
vt 0.241400 0.778400
vt 0.902700 0.005100
vt 0.956100 0.005100
vt 0.956100 0.130900
vt 0.902700 0.130900
vt 0.978700 0.401000
vt 0.978700 0.454400
vt 0.971700 0.454400
vt 0.971700 0.401000
vt 0.964900 0.005100
vt 0.964900 0.130900
vt 0.957900 0.130900
vt 0.957900 0.005100
vt 0.911900 0.474600
vt 0.965300 0.474600
vt 0.965300 0.481600
vt 0.911900 0.481600
vt 0.391700 0.957900
vt 0.517500 0.957900
vt 0.517500 0.964900
vt 0.391700 0.964900
vt 0.258300 0.769200
vt 0.384000 0.769200
vt 0.384000 0.822600
vt 0.258300 0.822600
vt 0.512900 0.847400
vt 0.512900 0.900900
vt 0.387100 0.900900
vt 0.387100 0.847400
vt 0.974100 0.778400
vt 0.974100 0.831800
vt 0.967100 0.831800
vt 0.967100 0.778400
vt 0.992500 0.005100
vt 0.992500 0.130900
vt 0.985500 0.130900
vt 0.985500 0.005100
vt 0.983300 0.585100
vt 0.983300 0.638500
vt 0.976300 0.638500
vt 0.976300 0.585100
vt 0.582900 0.829000
vt 0.582900 0.954800
vt 0.575900 0.954800
vt 0.575900 0.829000
vt 0.387100 0.835100
vt 0.387100 0.709400
vt 0.440600 0.709400
vt 0.440600 0.835100
vt 0.864000 0.922600
vt 0.810600 0.922600
vt 0.810600 0.796800
vt 0.864000 0.796800
vt 0.879700 0.934900
vt 0.933100 0.934900
vt 0.933100 0.941900
vt 0.879700 0.941900
vt 0.587500 0.690900
vt 0.587500 0.816700
vt 0.580500 0.816700
vt 0.580500 0.690900
vt 0.879700 0.944100
vt 0.933100 0.944100
vt 0.933100 0.951100
vt 0.879700 0.951100
vt 0.601300 0.829000
vt 0.601300 0.954800
vt 0.594300 0.954800
vt 0.594300 0.829000
vt 0.842800 0.269000
vt 0.842800 0.143200
vt 0.896300 0.143200
vt 0.896300 0.269000
vt 0.847400 0.325500
vt 0.847400 0.272100
vt 0.973200 0.272100
vt 0.973200 0.325500
vt 0.964900 0.907300
vt 0.964900 0.960700
vt 0.957900 0.960700
vt 0.957900 0.907300
vt 0.847400 0.382500
vt 0.973200 0.382500
vt 0.973200 0.389500
vt 0.847400 0.389500
vt 0.778400 0.971700
vt 0.831800 0.971700
vt 0.831800 0.978700
vt 0.778400 0.978700
vt 0.679500 0.520600
vt 0.679500 0.646400
vt 0.672500 0.646400
vt 0.672500 0.520600
vt 0.391700 0.902700
vt 0.517500 0.902700
vt 0.517500 0.956100
vt 0.391700 0.956100
vt 0.830500 0.391700
vt 0.830500 0.445200
vt 0.704700 0.445200
vt 0.704700 0.391700
vt 0.911900 0.456200
vt 0.965300 0.456200
vt 0.965300 0.463200
vt 0.911900 0.463200
vt 0.592100 0.829000
vt 0.592100 0.954800
vt 0.585100 0.954800
vt 0.585100 0.829000
vt 0.946500 0.907300
vt 0.946500 0.960700
vt 0.939500 0.960700
vt 0.939500 0.907300
vt 0.718600 0.784500
vt 0.718600 0.658700
vt 0.725600 0.658700
vt 0.725600 0.784500
vt 0.526300 0.816700
vt 0.526300 0.690900
vt 0.578700 0.690900
vt 0.578700 0.816700
vt 0.609200 0.520600
vt 0.661500 0.520600
vt 0.661500 0.646400
vt 0.609200 0.646400
vt 0.913000 0.493000
vt 0.965300 0.493000
vt 0.965300 0.500000
vt 0.913000 0.500000
vt 0.670300 0.520600
vt 0.670300 0.646400
vt 0.663300 0.646400
vt 0.663300 0.520600
vt 0.787600 0.962500
vt 0.839900 0.962500
vt 0.839900 0.969500
vt 0.787600 0.969500
vt 0.999500 0.005100
vt 0.999500 0.128700
vt 0.994700 0.128700
vt 0.994700 0.005100
vt 0.525200 0.815600
vt 0.525200 0.692100
vt 0.608100 0.645300
vt 0.608100 0.521700
vt 0.911900 0.498900
vt 0.911900 0.494100
vt 0.841000 0.963600
vt 0.841000 0.968400
vt 0.520600 0.971700
vt 0.636400 0.971700
vt 0.636400 0.977000
vt 0.520600 0.977000
vt 0.249700 0.971700
vt 0.249700 0.977000
vt 0.134000 0.977000
vt 0.134000 0.971700
vt 0.879700 0.115600
vt 0.885000 0.115600
vt 0.885000 0.128800
vt 0.879700 0.128800
vt 0.005100 0.980900
vt 0.120900 0.980900
vt 0.120900 0.994100
vt 0.005100 0.994100
vt 0.170200 0.548200
vt 0.170200 0.553600
vt 0.157000 0.553600
vt 0.157000 0.548200
vt 0.507500 0.989500
vt 0.391700 0.989500
vt 0.391700 0.976300
vt 0.507500 0.976300
vt 0.990100 0.258900
vt 0.990100 0.143200
vt 0.995500 0.143200
vt 0.995500 0.258900
vt 0.976300 0.272100
vt 0.981600 0.272100
vt 0.981600 0.387800
vt 0.976300 0.387800
vt 0.605200 0.823700
vt 0.610500 0.823700
vt 0.610500 0.837000
vt 0.605200 0.837000
vt 0.750800 0.925700
vt 0.866500 0.925700
vt 0.866500 0.938900
vt 0.750800 0.938900
vt 0.203000 0.635700
vt 0.208400 0.635700
vt 0.208400 0.648900
vt 0.203000 0.648900
vt 0.750800 0.944100
vt 0.866500 0.944100
vt 0.866500 0.957300
vt 0.750800 0.957300
vt 0.157000 0.023500
vt 0.163000 0.023500
vt 0.163000 0.547100
vt 0.157000 0.547100
vt 0.043300 0.023500
vt 0.043300 0.547100
vt 0.037300 0.547100
vt 0.037300 0.023500
vt 0.032100 0.023500
vt 0.032100 0.547100
vt 0.018900 0.547100
vt 0.018900 0.023500
vt 0.197800 0.548200
vt 0.197800 0.554200
vt 0.184600 0.554200
vt 0.184600 0.548200
vt 0.005100 0.000500
vt 0.528700 0.000500
vt 0.528700 0.013700
vt 0.005100 0.013700
vt 0.203000 0.552900
vt 0.209000 0.552900
vt 0.209000 0.566100
vt 0.203000 0.566100
vt 0.083400 0.023500
vt 0.089300 0.023500
vt 0.089300 0.547100
vt 0.083400 0.547100
vt 0.006500 0.018900
vt 0.006500 0.542500
vt 0.000500 0.542500
vt 0.000500 0.018900
vt 0.059800 0.023500
vt 0.059800 0.547100
vt 0.046500 0.547100
vt 0.046500 0.023500
vt 0.888900 0.115600
vt 0.894800 0.115600
vt 0.894800 0.128800
vt 0.888900 0.128800
vt 0.078200 0.023500
vt 0.078200 0.547100
vt 0.064900 0.547100
vt 0.064900 0.023500
vt 0.865300 0.134000
vt 0.865300 0.140000
vt 0.852000 0.140000
vt 0.852000 0.134000
vt 0.612700 0.895100
vt 0.612700 0.842800
vt 0.738500 0.842800
vt 0.738500 0.895100
vt 0.927400 0.796800
vt 0.927400 0.921500
vt 0.875100 0.921500
vt 0.875100 0.796800
vt 0.985500 0.842800
vt 0.991400 0.842800
vt 0.991400 0.895100
vt 0.985500 0.895100
vt 0.808400 0.922600
vt 0.802500 0.922600
vt 0.801400 0.921500
vt 0.801400 0.796800
vt 0.808400 0.796800
vt 0.992500 0.766300
vt 0.985500 0.766300
vt 0.985500 0.714000
vt 0.992500 0.714000
vt 0.816500 0.783400
vt 0.811700 0.783400
vt 0.811700 0.659800
vt 0.816500 0.659800
vt 0.817600 0.658700
vt 0.817600 0.784500
vt 0.810600 0.784500
vt 0.810600 0.659800
vt 0.811300 0.659400
vt 0.811700 0.658700
vt 0.612700 0.907300
vt 0.738500 0.907300
vt 0.738500 0.960700
vt 0.612700 0.960700
vt 0.727800 0.659800
vt 0.781200 0.659800
vt 0.781200 0.784500
vt 0.727800 0.784500
vt 0.973000 0.649500
vt 0.973000 0.702900
vt 0.967100 0.702900
vt 0.967100 0.649500
vt 0.700100 0.646400
vt 0.700100 0.521700
vt 0.701300 0.520600
vt 0.707100 0.520600
vt 0.707100 0.646400
vt 0.983300 0.520600
vt 0.983300 0.574100
vt 0.976300 0.574100
vt 0.976300 0.520600
vt 0.790000 0.659800
vt 0.790000 0.784500
vt 0.783000 0.784500
vt 0.783000 0.658700
vt 0.788900 0.658700
vt 0.875100 0.646400
vt 0.875100 0.520600
vt 0.928500 0.520600
vt 0.928500 0.646400
vt 0.646000 0.500400
vt 0.646000 0.447000
vt 0.770700 0.447000
vt 0.770700 0.500400
vt 0.963800 0.778400
vt 0.963800 0.831800
vt 0.957900 0.831800
vt 0.957900 0.778400
vt 0.598900 0.816700
vt 0.598900 0.692100
vt 0.600000 0.690900
vt 0.605900 0.690900
vt 0.605900 0.816700
vt 0.983300 0.907300
vt 0.983300 0.960700
vt 0.976300 0.960700
vt 0.976300 0.907300
vt 0.690900 0.645300
vt 0.690900 0.520600
vt 0.697900 0.520600
vt 0.697900 0.646400
vt 0.692100 0.646400
vt 0.746200 0.922600
vt 0.746200 0.796800
vt 0.799600 0.796800
vt 0.799600 0.922600
vt 0.848600 0.380700
vt 0.848600 0.327300
vt 0.973200 0.327300
vt 0.973200 0.380700
vt 0.963800 0.842800
vt 0.963800 0.896300
vt 0.957900 0.896300
vt 0.957900 0.842800
vt 0.969500 0.143200
vt 0.969500 0.267900
vt 0.968400 0.269000
vt 0.962500 0.269000
vt 0.962500 0.143200
vt 0.983300 0.714000
vt 0.983300 0.767400
vt 0.976300 0.767400
vt 0.976300 0.714000
vt 0.589700 0.815600
vt 0.589700 0.690900
vt 0.596700 0.690900
vt 0.596700 0.816700
vt 0.590800 0.816700
vt 0.716700 0.658700
vt 0.716700 0.784500
vt 0.663300 0.784500
vt 0.663300 0.658700
vt 0.552900 0.554000
vt 0.606300 0.554000
vt 0.606300 0.678600
vt 0.552900 0.678600
vt 0.986800 0.401000
vt 0.986800 0.454400
vt 0.980900 0.454400
vt 0.980900 0.401000
vt 0.976300 0.130900
vt 0.976300 0.006200
vt 0.977400 0.005100
vt 0.983300 0.005100
vt 0.983300 0.130900
vt 0.396400 0.838200
vt 0.449800 0.838200
vt 0.449800 0.845200
vt 0.396400 0.845200
vt 0.516000 0.815600
vt 0.516000 0.690900
vt 0.523000 0.690900
vt 0.523000 0.816700
vt 0.517100 0.816700
vt 0.968600 0.445200
vt 0.842800 0.445200
vt 0.842800 0.391700
vt 0.968600 0.391700
vt 0.505000 0.834000
vt 0.451600 0.834000
vt 0.451600 0.709400
vt 0.505000 0.709400
vt 0.973000 0.907300
vt 0.973000 0.960700
vt 0.967100 0.960700
vt 0.967100 0.907300
vt 0.384000 0.840600
vt 0.259400 0.840600
vt 0.258300 0.839500
vt 0.258300 0.833600
vt 0.384000 0.833600
vt 0.974100 0.585100
vt 0.974100 0.638500
vt 0.967100 0.638500
vt 0.967100 0.585100
vt 0.865900 0.921500
vt 0.865900 0.796800
vt 0.872800 0.796800
vt 0.872800 0.922600
vt 0.867000 0.922600
vt 0.520600 0.954800
vt 0.520600 0.829000
vt 0.574100 0.829000
vt 0.574100 0.954800
vt 0.240200 0.907300
vt 0.240200 0.960700
vt 0.115600 0.960700
vt 0.115600 0.907300
vt 0.879700 0.925700
vt 0.933100 0.925700
vt 0.933100 0.931600
vt 0.879700 0.931600
vt 0.374800 0.969500
vt 0.250200 0.969500
vt 0.249100 0.968400
vt 0.249100 0.962500
vt 0.374800 0.962500
vt 0.990100 0.454400
vt 0.990100 0.401000
vt 0.997100 0.401000
vt 0.997100 0.454400
vt 0.240200 0.905100
vt 0.115600 0.905100
vt 0.115600 0.898100
vt 0.241400 0.898100
vt 0.241400 0.904000
vt 0.898100 0.269000
vt 0.898100 0.143200
vt 0.951500 0.143200
vt 0.951500 0.269000
vt 0.819800 0.521700
vt 0.873200 0.521700
vt 0.873200 0.646400
vt 0.819800 0.646400
vt 0.954600 0.907300
vt 0.954600 0.960700
vt 0.948700 0.960700
vt 0.948700 0.907300
vt 0.801400 0.784500
vt 0.801400 0.659800
vt 0.802500 0.658700
vt 0.808400 0.658700
vt 0.808400 0.784500
vt 0.879700 0.953300
vt 0.933100 0.953300
vt 0.933100 0.960300
vt 0.879700 0.960300
vt 0.799200 0.659800
vt 0.799200 0.784500
vt 0.792200 0.784500
vt 0.792200 0.658700
vt 0.798100 0.658700
vt 0.253700 0.842800
vt 0.379400 0.842800
vt 0.379400 0.896300
vt 0.253700 0.896300
vt 0.709400 0.521700
vt 0.762800 0.521700
vt 0.762800 0.646400
vt 0.709400 0.646400
vt 0.710600 0.193800
vt 0.710600 0.247200
vt 0.704700 0.247200
vt 0.704700 0.193800
vt 0.738500 0.905100
vt 0.613800 0.905100
vt 0.612700 0.904000
vt 0.612700 0.898100
vt 0.738500 0.898100
vt 0.852000 0.962500
vt 0.905500 0.962500
vt 0.905500 0.969500
vt 0.852000 0.969500
vt 0.681700 0.645300
vt 0.681700 0.520600
vt 0.688700 0.520600
vt 0.688700 0.646400
vt 0.682800 0.646400
vt 0.089100 0.549400
vt 0.088000 0.548200
vt 0.109200 0.548200
vt 0.108100 0.549400
vt 0.388300 0.568300
vt 0.547600 0.568300
vt 0.372700 0.690900
vt 0.372700 0.712200
vt 0.388300 0.577500
vt 0.547600 0.577500
vt 0.448100 0.020000
vt 0.447000 0.018900
vt 0.468200 0.018900
vt 0.467100 0.020000
vt 0.548700 0.601700
vt 0.387100 0.601700
vt 0.387100 0.580500
vt 0.548700 0.580500
vt 0.415900 0.020000
vt 0.414800 0.018900
vt 0.436000 0.018900
vt 0.434900 0.020000
vt 0.388300 0.549900
vt 0.547600 0.549900
vt 0.547600 0.658700
vt 0.547600 0.679900
vt 0.402100 0.540700
vt 0.561400 0.540700
vt 0.976300 0.506700
vt 0.977900 0.507000
vt 0.977000 0.507500
vt 0.282000 0.018900
vt 0.282700 0.019700
vt 0.282100 0.020500
vt 0.985700 0.456200
vt 0.987300 0.456500
vt 0.230700 0.021000
vt 0.230600 0.019400
vt 0.727800 0.658700
vt 0.781200 0.658700
vt 0.644900 0.500400
vt 0.644900 0.447000
vt 0.847400 0.380700
vt 0.847400 0.327300
vt 0.552900 0.552900
vt 0.606300 0.552900
vt 0.505000 0.835100
vt 0.451600 0.835100
vt 0.241400 0.907300
vt 0.241400 0.960700
vt 0.819800 0.520600
vt 0.873200 0.520600
vt 0.709400 0.520600
vt 0.762800 0.520600
vt 0.262900 0.990100
vt 0.378600 0.990100
vt 0.378600 0.995500
vt 0.262900 0.995500
vt 0.774500 0.962500
vt 0.774500 0.967800
vt 0.658700 0.967800
vt 0.658700 0.962500
vt 0.245300 0.813800
vt 0.250700 0.813800
vt 0.250700 0.818200
vt 0.245300 0.818200
vt 0.999100 0.272100
vt 0.999100 0.387800
vt 0.994700 0.387800
vt 0.994700 0.272100
vt 0.249100 0.760000
vt 0.254400 0.760000
vt 0.254400 0.764300
vt 0.249100 0.764300
vt 0.520600 0.980900
vt 0.636400 0.980900
vt 0.636400 0.985300
vt 0.520600 0.985300
vt 0.985500 0.387800
vt 0.985500 0.272100
vt 0.990800 0.272100
vt 0.990800 0.387800
vt 0.930300 0.796800
vt 0.935600 0.796800
vt 0.935600 0.912600
vt 0.930300 0.912600
vt 0.115600 0.557500
vt 0.120900 0.557500
vt 0.120900 0.561800
vt 0.115600 0.561800
vt 0.391700 0.967100
vt 0.507500 0.967100
vt 0.507500 0.971400
vt 0.391700 0.971400
vt 0.700100 0.377900
vt 0.705500 0.377900
vt 0.705500 0.382300
vt 0.700100 0.382300
vt 0.649500 0.980900
vt 0.765300 0.980900
vt 0.765300 0.985300
vt 0.649500 0.985300
vt 0.460800 0.838200
vt 0.472500 0.838200
vt 0.472500 0.845300
vt 0.460800 0.845300
vt 0.382500 0.911900
vt 0.389600 0.911900
vt 0.389600 0.923600
vt 0.382500 0.923600
vt 0.389400 0.534400
vt 0.389400 0.541500
vt 0.207600 0.541500
vt 0.207600 0.534400
vt 0.900300 0.018900
vt 0.900300 0.030600
vt 0.718600 0.030600
vt 0.718600 0.018900
vt 0.900300 0.032700
vt 0.900300 0.039800
vt 0.718600 0.039800
vt 0.718600 0.032700
vt 0.900300 0.005100
vt 0.900300 0.016800
vt 0.718600 0.016800
vt 0.718600 0.005100
vt 0.483800 0.838200
vt 0.495500 0.838200
vt 0.495500 0.845300
vt 0.483800 0.845300
vt 0.942000 0.134000
vt 0.942000 0.141000
vt 0.930300 0.141000
vt 0.930300 0.134000
vt 0.895700 0.041900
vt 0.895700 0.049000
vt 0.714000 0.049000
vt 0.714000 0.041900
vt 0.895700 0.051100
vt 0.895700 0.062900
vt 0.714000 0.062900
vt 0.714000 0.051100
vt 0.895700 0.078700
vt 0.895700 0.085800
vt 0.714000 0.085800
vt 0.714000 0.078700
vt 0.895700 0.064900
vt 0.895700 0.076700
vt 0.714000 0.076700
vt 0.714000 0.064900
vt 0.589700 0.005100
vt 0.601400 0.005100
vt 0.601400 0.509600
vt 0.589700 0.509600
vt 0.633600 0.005100
vt 0.633600 0.509600
vt 0.621900 0.509600
vt 0.621900 0.005100
vt 0.611700 0.005100
vt 0.611700 0.509600
vt 0.603500 0.509600
vt 0.603500 0.005100
vt 0.562100 0.543600
vt 0.573800 0.543600
vt 0.573800 0.551800
vt 0.562100 0.551800
vt 0.620900 0.005100
vt 0.620900 0.509600
vt 0.612700 0.509600
vt 0.612700 0.005100
vt 0.390700 0.934900
vt 0.390700 0.946600
vt 0.382500 0.946600
vt 0.382500 0.934900
vt 0.709400 0.387800
vt 0.709400 0.272100
vt 0.835500 0.272100
vt 0.835500 0.387800
vt 0.709400 0.253700
vt 0.835500 0.253700
vt 0.835500 0.267900
vt 0.709400 0.267900
vt 0.985900 0.143200
vt 0.985900 0.258900
vt 0.971700 0.258900
vt 0.971700 0.143200
vt 0.387100 0.681700
vt 0.513300 0.681700
vt 0.513300 0.695900
vt 0.387100 0.695900
vt 0.262900 0.971700
vt 0.378600 0.971700
vt 0.378600 0.985900
vt 0.262900 0.985900
vt 0.101400 0.720700
vt 0.100600 0.704200
vt 0.112400 0.704800
vt 0.110900 0.721000
vt 0.102600 0.737900
vt 0.110300 0.737600
vt 0.105200 0.755700
vt 0.110700 0.755100
vt 0.102700 0.772500
vt 0.107900 0.772500
vt 0.101400 0.789200
vt 0.106800 0.789600
vt 0.104200 0.806200
vt 0.112400 0.805300
vt 0.103200 0.822800
vt 0.110700 0.821700
vt 0.102700 0.839900
vt 0.110200 0.840500
vt 0.103100 0.856000
vt 0.110600 0.855900
vt 0.103400 0.872600
vt 0.110800 0.872800
vt 0.104400 0.889000
vt 0.112100 0.889400
vt 0.103200 0.906000
vt 0.112300 0.905900
vt 0.103000 0.922800
vt 0.112500 0.923400
vt 0.102100 0.939600
vt 0.109300 0.940700
vt 0.101300 0.956400
vt 0.108500 0.957100
vt 0.094000 0.720800
vt 0.093200 0.706500
vt 0.095300 0.738200
vt 0.096100 0.755100
vt 0.096600 0.772200
vt 0.096500 0.789100
vt 0.096100 0.805800
vt 0.095600 0.822600
vt 0.094700 0.839800
vt 0.093600 0.856300
vt 0.093900 0.873100
vt 0.094000 0.889900
vt 0.093900 0.906100
vt 0.094100 0.922400
vt 0.094300 0.939200
vt 0.094100 0.956100
vt 0.086900 0.720800
vt 0.085200 0.707400
vt 0.087000 0.738800
vt 0.088600 0.755400
vt 0.089200 0.772100
vt 0.089000 0.788900
vt 0.088600 0.805700
vt 0.087600 0.822000
vt 0.086300 0.838900
vt 0.086500 0.856100
vt 0.086500 0.873000
vt 0.086300 0.889600
vt 0.085100 0.906400
vt 0.086000 0.923000
vt 0.086700 0.939700
vt 0.086900 0.956400
vt 0.078800 0.721600
vt 0.078100 0.704700
vt 0.079000 0.738400
vt 0.080100 0.755500
vt 0.080400 0.772100
vt 0.080300 0.788800
vt 0.080200 0.805500
vt 0.079900 0.821900
vt 0.079000 0.839100
vt 0.078900 0.855900
vt 0.078500 0.872800
vt 0.078300 0.889500
vt 0.077900 0.906300
vt 0.078200 0.923100
vt 0.079200 0.940000
vt 0.079700 0.956800
vt 0.071400 0.721600
vt 0.070900 0.706300
vt 0.071300 0.738400
vt 0.071200 0.755200
vt 0.071200 0.771900
vt 0.071100 0.788600
vt 0.071100 0.805400
vt 0.071100 0.822100
vt 0.071500 0.839000
vt 0.071400 0.855800
vt 0.071100 0.872600
vt 0.071000 0.889400
vt 0.070800 0.906200
vt 0.070900 0.917800
vt 0.072000 0.940000
vt 0.072500 0.957000
vt 0.064200 0.721500
vt 0.063800 0.704700
vt 0.064300 0.738300
vt 0.064100 0.755100
vt 0.064200 0.771800
vt 0.064300 0.788600
vt 0.064400 0.805300
vt 0.064400 0.822100
vt 0.064800 0.838900
vt 0.064700 0.855700
vt 0.064500 0.872500
vt 0.064300 0.889300
vt 0.064100 0.906100
vt 0.064100 0.915200
vt 0.065100 0.940000
vt 0.065600 0.956900
vt 0.057600 0.721400
vt 0.057300 0.702400
vt 0.057700 0.738200
vt 0.057600 0.755000
vt 0.057700 0.771700
vt 0.057800 0.788500
vt 0.057900 0.805300
vt 0.057900 0.822100
vt 0.058100 0.838900
vt 0.058000 0.855700
vt 0.057900 0.872500
vt 0.057700 0.889300
vt 0.057400 0.906000
vt 0.057600 0.913500
vt 0.058500 0.940000
vt 0.059000 0.954300
vt 0.051000 0.721300
vt 0.050800 0.702300
vt 0.051100 0.738100
vt 0.051100 0.754900
vt 0.051200 0.771700
vt 0.051300 0.788500
vt 0.051300 0.805200
vt 0.051400 0.822100
vt 0.051500 0.838900
vt 0.051400 0.855700
vt 0.051200 0.872500
vt 0.051100 0.889300
vt 0.050800 0.905800
vt 0.051000 0.913600
vt 0.052000 0.940000
vt 0.052500 0.954300
vt 0.044500 0.721200
vt 0.044300 0.704400
vt 0.044600 0.738000
vt 0.044500 0.754800
vt 0.044600 0.771600
vt 0.044700 0.788400
vt 0.044800 0.805200
vt 0.044800 0.822000
vt 0.044900 0.838800
vt 0.044800 0.855600
vt 0.044600 0.872500
vt 0.044500 0.889300
vt 0.044300 0.905800
vt 0.044500 0.913700
vt 0.045400 0.940100
vt 0.046000 0.955600
vt 0.037900 0.721100
vt 0.037800 0.705600
vt 0.038000 0.737900
vt 0.038000 0.754700
vt 0.038100 0.771500
vt 0.038200 0.788300
vt 0.038200 0.805100
vt 0.038200 0.822000
vt 0.038300 0.838800
vt 0.038200 0.855600
vt 0.038000 0.872500
vt 0.037900 0.889300
vt 0.037700 0.906100
vt 0.037900 0.913800
vt 0.038900 0.940200
vt 0.039500 0.955700
vt 0.031400 0.721000
vt 0.031300 0.703500
vt 0.031500 0.737800
vt 0.031500 0.754600
vt 0.031500 0.771400
vt 0.031600 0.788300
vt 0.031700 0.805100
vt 0.031700 0.821900
vt 0.031700 0.838800
vt 0.031600 0.855600
vt 0.031500 0.872500
vt 0.031300 0.889400
vt 0.031100 0.906200
vt 0.031400 0.914000
vt 0.032400 0.940400
vt 0.033100 0.959100
vt 0.024800 0.720900
vt 0.024800 0.703400
vt 0.024900 0.737700
vt 0.024900 0.754500
vt 0.025000 0.771400
vt 0.025100 0.788200
vt 0.025100 0.805000
vt 0.025100 0.821900
vt 0.025100 0.838800
vt 0.025000 0.855700
vt 0.024900 0.872600
vt 0.024700 0.889500
vt 0.024500 0.906400
vt 0.024800 0.914200
vt 0.025800 0.940600
vt 0.026700 0.961200
vt 0.018300 0.720800
vt 0.018200 0.706200
vt 0.018400 0.737600
vt 0.018400 0.754400
vt 0.018500 0.771300
vt 0.018500 0.788100
vt 0.018600 0.805000
vt 0.018600 0.821900
vt 0.018600 0.838800
vt 0.018500 0.855700
vt 0.018300 0.872600
vt 0.018100 0.889600
vt 0.017800 0.906700
vt 0.018200 0.914500
vt 0.019300 0.940900
vt 0.020000 0.957700
vt 0.011800 0.720700
vt 0.011700 0.706100
vt 0.011800 0.737500
vt 0.011900 0.754300
vt 0.011900 0.771200
vt 0.012000 0.788000
vt 0.014100 0.805300
vt 0.014100 0.822200
vt 0.012000 0.838700
vt 0.011900 0.855700
vt 0.011700 0.872700
vt 0.011500 0.889800
vt 0.011100 0.907100
vt 0.011600 0.914100
vt 0.012800 0.941200
vt 0.013400 0.956500
vt 0.006600 0.720500
vt 0.005200 0.703800
vt 0.005300 0.737400
vt 0.007000 0.754100
vt 0.007100 0.770900
vt 0.006800 0.787000
vt 0.009400 0.804100
vt 0.009400 0.821000
vt 0.005500 0.838700
vt 0.006600 0.855600
vt 0.004000 0.872700
vt 0.002400 0.889900
vt 0.004600 0.907300
vt 0.005100 0.914500
vt 0.005500 0.941600
vt 0.008300 0.953500
vn -0.4506 0.5660 -0.6904
vn 0.4506 0.5660 -0.6903
vn 0.6429 0.4014 -0.6523
vn -0.6429 0.4014 -0.6523
vn 0.4506 0.5660 0.6904
vn -0.4506 0.5660 0.6904
vn -0.6429 0.4014 0.6523
vn 0.6429 0.4014 0.6523
vn 0.4941 0.5660 -0.6599
vn 0.4941 0.5660 0.6599
vn 0.6834 0.3643 0.6326
vn 0.6834 0.3643 -0.6326
vn -0.4941 0.5660 0.6599
vn -0.4941 0.5660 -0.6599
vn -0.6834 0.3643 -0.6327
vn -0.6834 0.3643 0.6327
vn -0.4506 0.5660 -0.6903
vn 0.4506 0.5660 -0.6904
vn 0.6834 0.3643 0.6327
vn 0.6834 0.3643 -0.6327
vn -0.6834 0.3643 -0.6326
vn -0.6834 0.3643 0.6326
vn 0.4506 0.5660 0.6903
vn 0.6834 0.3644 0.6326
vn 0.6834 0.3644 -0.6326
vn -0.4523 0.5264 -0.7200
vn 0.4523 0.5264 -0.7200
vn 0.6531 0.3928 -0.6475
vn -0.6531 0.3928 -0.6475
vn 0.4900 0.5261 -0.6950
vn 0.6333 0.3743 0.6774
vn 0.6900 0.3569 0.6296
vn 0.6900 0.3569 -0.6296
vn -0.6333 0.3743 0.6773
vn -0.4900 0.5262 -0.6950
vn -0.6901 0.3569 -0.6296
vn -0.6901 0.3569 0.6296
vn -0.4523 0.5263 -0.7200
vn 0.4900 0.5262 -0.6950
vn 0.6333 0.3743 0.6773
vn 0.6901 0.3569 0.6296
vn 0.6901 0.3569 -0.6296
vn -0.6333 0.3744 0.6774
vn -0.4900 0.5261 -0.6950
vn -0.6900 0.3570 -0.6296
vn -0.6900 0.3570 0.6296
vn -0.6333 0.3743 0.6774
vn -0.6900 0.3569 -0.6296
vn -0.6900 0.3569 0.6296
vn 0.6041 0.3753 0.7030
vn -0.6041 0.3754 0.7029
vn -0.6531 0.3928 0.6475
vn 0.6531 0.3928 0.6475
vn 0.6041 0.3754 0.7029
vn -0.6042 0.3754 0.7029
vn -0.6488 0.4449 -0.6174
vn 0.6488 0.4449 -0.6174
vn 0.5773 -0.5774 -0.5774
vn -0.5774 -0.5773 -0.5774
vn 0.6488 0.4449 0.6174
vn -0.6488 0.4449 0.6174
vn -0.5773 -0.5774 0.5774
vn 0.5774 -0.5773 0.5774
vn 0.5774 -0.5774 0.5773
vn 0.5774 -0.5773 -0.5774
vn -0.5774 -0.5774 -0.5773
vn -0.5774 -0.5773 0.5774
vn -0.6533 0.4401 -0.6160
vn 0.6533 0.4401 -0.6160
vn 0.6533 0.4400 -0.6161
vn 0.6533 0.4400 0.6161
vn -0.6533 0.4400 0.6161
vn -0.6533 0.4400 -0.6161
vn 0.6533 0.4401 0.6160
vn -0.6533 0.4401 0.6160
vn -0.5484 -0.5774 -0.6049
vn 0.5484 -0.5774 -0.6049
vn 0.0000 -1.0000 0.0000
vn 0.5484 -0.5774 0.6049
vn -0.5484 -0.5774 0.6049
vn 0.5437 -0.5774 -0.6091
vn 0.5437 -0.5774 0.6091
vn -0.5437 -0.5774 0.6091
vn -0.5437 -0.5774 -0.6091
vn -0.5523 -0.5774 -0.6014
vn 0.5523 -0.5774 -0.6014
vn 0.5476 -0.5774 -0.6056
vn 0.5476 -0.5774 0.6056
vn -0.5476 -0.5774 0.6056
vn -0.5476 -0.5774 -0.6056
vn -0.5523 -0.5773 -0.6014
vn 0.5523 -0.5773 -0.6014
vn 0.5523 -0.5774 0.6014
vn -0.5523 -0.5774 0.6014
vn 0.0652 0.9952 0.0735
vn -0.0652 0.9952 0.0735
vn 0.5477 0.5774 -0.6056
vn -0.5477 0.5774 -0.6056
vn 0.0651 0.9952 -0.0736
vn 0.0657 0.9952 0.0730
vn -0.5431 0.5774 -0.6097
vn -0.5372 0.5774 0.6149
vn -0.0649 0.9952 -0.0738
vn 0.0649 0.9952 -0.0738
vn -0.5376 0.5774 0.6145
vn 0.5376 0.5774 0.6145
vn -0.0657 0.9952 0.0730
vn -0.0651 0.9952 -0.0736
vn 0.5372 0.5774 0.6149
vn 0.5431 0.5774 -0.6097
vn 0.2461 0.9503 0.1907
vn -0.2462 0.9503 0.1907
vn -0.0818 0.9937 0.0767
vn 0.0818 0.9937 0.0767
vn 0.3702 0.9149 -0.1612
vn 0.3702 0.9149 0.1612
vn 0.2195 0.9738 0.0594
vn 0.2195 0.9738 -0.0594
vn -0.2462 0.9503 -0.1907
vn 0.2461 0.9503 -0.1907
vn 0.0818 0.9937 -0.0767
vn -0.0818 0.9937 -0.0767
vn -0.3703 0.9148 0.1612
vn -0.3703 0.9148 -0.1612
vn -0.2195 0.9738 -0.0594
vn -0.2195 0.9738 0.0594
vn -0.2104 0.9571 0.1993
vn 0.2103 0.9571 0.1993
vn 0.0000 1.0000 0.0000
vn 0.2035 0.9571 0.2063
vn 0.2035 0.9571 -0.2063
vn 0.2103 0.9571 -0.1993
vn -0.2104 0.9571 -0.1993
vn -0.2036 0.9571 -0.2063
vn -0.2036 0.9571 0.2063
vn -0.4314 -0.6356 0.6402
vn -0.4313 -0.6357 -0.6402
vn 0.5774 -0.5774 -0.5773
vn 0.5773 -0.5774 0.5774
vn -0.3569 0.8909 0.2811
vn 0.6349 0.7217 0.2756
vn 0.5773 0.5774 -0.5774
vn -0.4313 0.6357 -0.6403
vn 0.6257 0.3185 0.7121
vn -0.3743 0.3270 0.8677
vn 0.5774 0.5774 -0.5773
vn 0.6349 0.7213 0.2768
vn 0.6257 0.3174 0.7126
vn -0.4312 0.6357 -0.6402
vn 0.5774 0.5773 -0.5774
vn -0.9361 -0.2618 -0.2347
vn -0.9362 -0.2618 0.2346
vn -0.9360 0.2622 0.2348
vn -0.9361 0.2620 -0.2347
vn -0.5296 -0.5502 0.6456
vn -0.9677 -0.1141 0.2247
vn -0.9677 -0.1141 -0.2248
vn -0.5294 -0.5504 -0.6456
vn -0.9676 0.1145 0.2249
vn -0.7731 0.4042 0.4889
vn -0.4827 0.8331 0.2703
vn -0.5295 0.5503 -0.6456
vn -0.9677 0.1143 -0.2248
vn -0.7655 0.5157 0.3847
vn -0.9626 0.2534 0.0958
vn -0.9627 -0.2530 0.0956
vn -0.5237 -0.6416 0.5604
vn -0.4891 0.3170 0.8125
vn -0.5237 -0.6417 -0.5603
vn -0.9627 -0.2530 -0.0957
vn -0.9627 0.2532 -0.0956
vn -0.5236 0.6417 -0.5604
vn -0.5773 0.5774 -0.5774
vn 0.5773 0.5774 0.5774
vn -0.5774 0.5773 0.5774
vn -0.5773 -0.5774 -0.5774
vn -0.5774 -0.5774 0.5773
vn 0.5774 0.5773 0.5774
vn -0.5774 0.5774 -0.5773
vn -0.5773 0.5774 0.5774
vn 0.5774 0.5774 0.5773
vn -0.5774 0.5773 -0.5774
vn -0.5774 0.5774 0.5773
vn -0.4462 0.6114 -0.6535
vn 0.4462 0.6114 -0.6535
vn -0.4462 0.6114 0.6535
vn 0.4462 0.6114 0.6535
vn 0.4463 0.6113 -0.6535
vn 0.4463 0.6113 0.6535
vn -0.4463 0.6113 -0.6535
vn -0.4463 0.6113 0.6535
vn -0.4442 0.5732 -0.6886
vn 0.4442 0.5732 -0.6886
vn -0.3677 -0.3176 0.8740
vn 0.3679 -0.3176 0.8739
vn 0.3679 0.3176 0.8739
vn -0.3677 0.3176 0.8740
vn 0.6553 0.6660 0.3564
vn 0.6089 0.4422 0.6586
vn -0.6553 0.6659 0.3565
vn -0.6089 0.4422 0.6586
vn -0.3679 -0.3176 0.8739
vn 0.3677 -0.3176 0.8740
vn 0.3677 0.3176 0.8740
vn -0.3679 0.3176 0.8739
vn 0.6553 0.6659 0.3565
vn -0.6553 0.6660 0.3564
vn 0.4313 -0.6357 0.6403
vn 0.4311 -0.6357 -0.6403
vn 0.4311 0.6357 0.6403
vn 0.4311 0.6357 -0.6403
vn 0.4312 -0.6357 0.6402
vn 0.4312 0.6357 0.6403
vn 0.4312 0.6357 -0.6403
vn 0.4312 -0.6357 -0.6403
vn 0.9361 -0.2620 -0.2348
vn 0.9360 0.2621 -0.2348
vn 0.9361 0.2621 0.2347
vn 0.9361 -0.2620 0.2347
vn 0.5294 -0.5503 0.6457
vn 0.5294 -0.5503 -0.6457
vn 0.9677 -0.1142 -0.2248
vn 0.9677 -0.1142 0.2248
vn 0.5294 0.5503 -0.6457
vn 0.5294 0.5503 0.6457
vn 0.9677 0.1143 0.2247
vn 0.9677 0.1143 -0.2248
vn 0.5236 0.6417 0.5604
vn 0.5237 -0.6417 0.5603
vn 0.9627 -0.2532 0.0955
vn 0.9627 0.2533 0.0956
vn 0.5237 -0.6417 -0.5603
vn 0.5237 0.6417 -0.5603
vn 0.9627 0.2533 -0.0956
vn 0.9627 -0.2532 -0.0957
vn -0.4313 0.6356 0.6403
vn -0.9361 0.2620 0.2346
vn -0.9677 0.1143 0.2247
vn -0.5295 0.5502 0.6457
vn -0.5237 0.6416 0.5604
vn -0.9627 0.2532 0.0956
vn 0.5773 -0.5774 0.5773
vn 0.5773 -0.5773 -0.5774
vn -0.5773 0.5774 0.5773
vn -0.5773 0.5773 -0.5774
vn -0.5773 -0.5773 -0.5774
vn 0.5774 -0.5773 -0.5773
vn 0.3566 0.8910 0.2811
vn -0.6349 0.7217 0.2756
vn 0.3741 0.3271 0.8678
vn -0.6257 0.3185 0.7121
vn -0.6257 0.3174 0.7126
vn -0.6349 0.7213 0.2768
vn 0.9360 0.2622 0.2349
vn 0.5294 0.5502 -0.6457
vn 0.4824 0.8332 0.2703
vn 0.7731 0.4041 0.4889
vn 0.9676 0.1144 0.2249
vn 0.4890 0.3171 0.8126
vn 0.9626 0.2534 0.0958
vn 0.7655 0.5157 0.3847
vn 0.9627 0.2533 -0.0957
vn 0.5773 -0.5774 -0.5773
vn -0.5773 0.5774 -0.5773
vn -0.3955 -0.3314 0.8566
vn -0.6799 0.4038 0.6121
vn 0.6799 0.4038 0.6121
vn 0.3956 -0.3314 0.8565
vn 0.4833 -0.3058 0.8203
vn 0.6989 0.4454 0.5596
vn 0.6909 0.6682 0.2761
vn 0.4833 0.3058 0.8203
vn 0.3956 0.3314 0.8565
vn 0.6420 0.6937 0.3265
vn -0.6420 0.6937 0.3265
vn -0.3955 0.3314 0.8566
vn -0.4832 0.3058 0.8204
vn -0.6909 0.6681 0.2761
vn -0.6990 0.4453 0.5595
vn -0.4832 -0.3058 0.8204
vn -0.3956 -0.3314 0.8565
vn 0.3954 -0.3313 0.8567
vn 0.4831 -0.3058 0.8204
vn 0.6990 0.4454 0.5595
vn 0.6909 0.6681 0.2761
vn 0.4831 0.3058 0.8204
vn 0.3954 0.3313 0.8567
vn -0.6419 0.6938 0.3264
vn -0.3956 0.3314 0.8565
vn -0.4834 0.3058 0.8203
vn -0.6909 0.6682 0.2760
vn -0.6990 0.4454 0.5595
vn -0.4834 -0.3058 0.8203
vn -0.4833 0.3058 0.8203
vn -0.6909 0.6682 0.2761
vn -0.6989 0.4454 0.5596
vn -0.4833 -0.3058 0.8203
vn -0.4100 0.3338 0.8488
vn -0.3910 0.8717 0.2954
vn -0.7618 0.4679 0.4481
vn 0.4099 0.3339 0.8488
vn 0.7616 0.4680 0.4482
vn 0.3908 0.8718 0.2954
vn 0.6257 0.3162 0.7131
vn 0.6350 0.7208 0.2780
vn -0.6350 0.7208 0.2780
vn -0.6257 0.3162 0.7131
vn -0.0644 -0.0200 0.9977
vn 0.1080 -0.0520 0.9928
vn 0.0564 -0.1737 0.9832
vn 0.0167 -0.0894 0.9959
vn -0.2730 -0.2511 0.9287
vn -0.1288 -0.3626 0.9230
vn -0.2197 -0.1449 0.9647
vn -0.1859 -0.4128 0.8917
vn 0.0748 -0.0760 0.9943
vn 0.1031 -0.4984 0.8608
vn 0.1539 -0.0612 0.9862
vn -0.0062 -0.1780 0.9840
vn -0.0825 0.0571 0.9950
vn -0.2003 -0.0784 0.9766
vn -0.0773 0.1478 0.9860
vn -0.1997 0.1487 0.9685
vn 0.3035 0.2130 0.9287
vn 0.3601 0.1787 0.9156
vn 0.3136 0.0879 0.9455
vn 0.4705 0.0207 0.8822
vn -0.2033 -0.1860 0.9613
vn -0.1485 -0.3067 0.9401
vn -0.0444 -0.0474 0.9979
vn -0.2580 -0.1344 0.9568
vn 0.0172 0.2938 0.9557
vn -0.0525 0.2565 0.9651
vn -0.1446 0.3669 0.9190
vn 0.0793 0.0903 0.9928
vn 0.0925 -0.1022 0.9905
vn 0.2156 -0.3061 0.9273
vn 0.2187 -0.0589 0.9740
vn 0.0828 -0.1447 0.9860
vn -0.1593 0.0310 0.9867
vn 0.0558 0.0864 0.9947
vn -0.2013 -0.2774 0.9394
vn -0.1251 -0.0832 0.9886
vn -0.0376 0.1339 0.9903
vn 0.1619 -0.0500 0.9855
vn -0.0020 -0.0688 0.9976
vn -0.0574 0.0829 0.9949
vn 0.3398 0.0332 0.9399
vn 0.1765 -0.0128 0.9842
vn -0.2504 -0.0543 0.9666
vn 0.1497 0.0260 0.9884
vn 0.2880 -0.1495 0.9459
vn -0.2023 0.1503 0.9677
vn -0.1640 0.0675 0.9841
vn 0.1861 0.0795 0.9793
vn -0.2763 -0.1143 0.9542
vn 0.0208 0.0252 0.9995
vn -0.2854 -0.0097 0.9584
vn 0.0042 -0.2081 0.9781
vn 0.0581 0.0018 0.9983
vn 0.0529 -0.0556 0.9970
vn 0.0545 -0.1561 0.9862
vn 0.0228 -0.1008 0.9947
vn 0.2392 0.0560 0.9693
vn 0.2202 -0.2261 0.9489
vn -0.1854 -0.0397 0.9819
vn -0.0874 0.0983 0.9913
vn 0.1809 -0.2179 0.9590
vn 0.0180 -0.3074 0.9514
vn 0.0139 0.0676 0.9976
vn 0.2532 0.1017 0.9620
vn -0.1893 -0.0982 0.9770
vn -0.1433 -0.0418 0.9888
vn -0.2498 0.3451 0.9047
vn -0.0950 0.2501 0.9636
vn 0.0503 0.2681 0.9621
vn 0.0279 0.2174 0.9757
vn -0.0616 0.2565 0.9646
vn 0.0407 0.2207 0.9745
vn 0.2002 0.3718 0.9065
vn 0.1450 -0.0095 0.9894
vn -0.0177 0.1388 0.9902
vn -0.0399 0.3408 0.9393
vn 0.0103 0.3501 0.9367
vn 0.0267 0.2060 0.9782
vn 0.1352 0.3336 0.9330
vn 0.2282 0.0316 0.9731
vn -0.0731 0.3641 0.9285
vn -0.1140 0.2608 0.9586
vn -0.0863 0.5352 0.8403
vn -0.0696 0.7047 0.7061
vn -0.0314 0.7046 0.7089
vn -0.0326 0.7457 0.6655
vn -0.0055 0.7625 0.6470
vn -0.0055 0.8271 0.5620
vn 0.0105 0.7961 0.6051
vn 0.0128 0.7110 0.7031
vn 0.0259 0.7009 0.7128
vn 0.0273 0.7568 0.6531
vn 0.0112 0.7575 0.6528
vn 0.0172 0.7341 0.6788
vn 0.0885 0.7289 0.6789
vn 0.0243 0.3475 0.9373
vn -0.0843 0.8892 0.4497
vn -0.1549 0.8534 0.4976
vn 0.0136 0.9124 0.4091
vn 0.0112 0.9512 0.3084
vn 0.0075 0.9722 0.2341
vn -0.0064 0.9892 0.1463
vn -0.0257 0.9912 0.1295
vn 0.0103 0.9958 0.0913
vn -0.0340 0.9964 0.0777
vn -0.1177 0.9927 0.0264
vn -0.0480 0.9963 0.0711
vn -0.0185 0.9998 0.0119
vn -0.1499 0.9802 0.1296
vn -0.1109 0.9453 0.3069
vn 0.1128 0.9568 0.2681
vn 0.1950 0.9207 0.3380
vn -0.1490 0.9888 -0.0074
vn -0.3356 0.9418 0.0208
vn 0.0103 0.9998 -0.0149
vn 0.0213 0.9996 -0.0163
vn 0.0381 0.9991 -0.0163
vn -0.0013 0.9999 -0.0148
vn -0.0038 0.9996 -0.0280
vn -0.0021 0.9981 -0.0621
vn -0.0039 0.9999 -0.0149
vn -0.0676 0.9909 -0.1164
vn -0.0309 0.9816 -0.1884
vn -0.0472 0.9797 -0.1948
vn -0.3452 0.9257 -0.1546
vn -0.2670 0.9629 0.0402
vn 0.1605 0.9870 0.0110
vn 0.3270 0.9378 -0.1169
vn -0.1336 0.9868 -0.0911
vn -0.2497 0.9682 -0.0133
vn -0.0018 0.9988 -0.0488
vn -0.0019 0.9972 -0.0752
vn 0.0024 0.9999 -0.0145
vn -0.0006 0.9999 -0.0147
vn -0.0006 0.9999 -0.0146
vn -0.0049 0.9999 -0.0151
vn -0.0058 0.9953 -0.0963
vn -0.0392 0.9984 -0.0417
vn -0.4144 0.9053 -0.0931
vn -0.3664 0.9304 0.0079
vn 0.2019 0.9794 0.0096
vn 0.3839 0.9233 -0.0112
vn -0.1448 0.9894 -0.0117
vn -0.2679 0.9626 -0.0407
vn -0.0005 0.9999 -0.0146
vn -0.0004 0.9999 -0.0155
vn -0.0007 0.9999 -0.0147
vn -0.0007 0.9999 -0.0153
vn -0.0007 0.9999 -0.0146
vn -0.0006 0.9999 -0.0150
vn -0.0007 0.9999 -0.0149
vn -0.0006 0.9999 -0.0149
vn -0.0341 0.9993 -0.0145
vn -0.4194 0.9077 -0.0113
vn -0.3846 0.9231 -0.0055
vn 0.1879 0.9821 0.0105
vn 0.3704 0.9287 0.0152
vn -0.1506 0.9885 -0.0124
vn -0.2803 0.9595 0.0293
vn -0.0007 0.9999 -0.0150
vn -0.0006 0.9999 -0.0160
vn -0.0007 0.9999 -0.0159
vn -0.0007 0.9999 -0.0145
vn -0.0007 0.9999 -0.0148
vn -0.0007 0.9999 -0.0151
vn -0.0356 0.9993 -0.0150
vn -0.4307 0.9019 -0.0316
vn -0.3935 0.9193 -0.0076
vn 0.1824 0.9832 -0.0017
vn 0.3748 0.9255 0.0543
vn -0.1255 0.9920 -0.0129
vn -0.2316 0.9725 0.0245
vn -0.0007 0.9999 -0.0157
vn -0.0007 0.9999 -0.0160
vn -0.0008 0.9999 -0.0145
vn -0.0007 0.9999 -0.0156
vn -0.0205 0.9997 -0.0155
vn -0.4379 0.8977 -0.0483
vn -0.4181 0.9084 -0.0085
vn 0.1508 0.9885 -0.0143
vn 0.3178 0.9466 0.0543
vn -0.1253 0.9920 -0.0128
vn -0.2282 0.9733 -0.0243
vn -0.0007 0.9999 -0.0158
vn -0.0007 0.9999 -0.0155
vn -0.0008 0.9999 -0.0146
vn -0.0008 0.9999 -0.0144
vn -0.0098 0.9998 -0.0155
vn -0.4428 0.8959 -0.0352
vn -0.4334 0.9011 -0.0108
vn 0.1369 0.9905 -0.0134
vn 0.2851 0.9582 -0.0241
vn -0.1358 0.9907 -0.0124
vn -0.2473 0.9685 -0.0289
vn -0.0008 0.9999 -0.0155
vn -0.0010 0.9999 -0.0146
vn -0.0005 0.9999 -0.0152
vn -0.0008 0.9999 -0.0147
vn -0.0008 0.9999 -0.0158
vn -0.0039 0.9999 -0.0154
vn -0.4414 0.8965 -0.0380
vn -0.4338 0.9010 0.0015
vn 0.1575 0.9874 -0.0127
vn 0.3223 0.9441 -0.0689
vn -0.1314 0.9850 -0.1118
vn -0.2420 0.9698 0.0297
vn -0.0051 0.9949 -0.1012
vn -0.0053 0.9920 -0.1259
vn -0.0066 0.9920 -0.1257
vn 0.0073 0.9915 -0.1296
vn 0.0051 0.9926 -0.1211
vn -0.0198 0.9927 -0.1193
vn -0.0183 0.9941 -0.1069
vn -0.0077 0.9929 -0.1185
vn -0.0079 0.9961 -0.0874
vn -0.0034 0.9970 -0.0772
vn -0.4897 0.8580 -0.1551
vn -0.4666 0.8831 -0.0489
vn 0.1550 0.9725 -0.1738
vn 0.3213 0.9431 -0.0861
vn -0.0643 0.9729 -0.2221
vn -0.0946 0.9950 0.0313
vn -0.0065 0.9825 -0.1861
vn 0.0077 0.9719 -0.2351
vn -0.0146 0.9721 -0.2341
vn 0.0129 0.9739 -0.2266
vn 0.0185 0.9696 -0.2439
vn -0.0579 0.9709 -0.2324
vn -0.0253 0.9823 -0.1855
vn -0.0286 0.9753 -0.2189
vn -0.0336 0.9869 -0.1575
vn 0.0046 0.9903 -0.1390
vn -0.5880 0.7652 -0.2620
vn -0.7621 0.6474 0.0088
vn 0.0955 0.9331 -0.3466
vn 0.0457 0.9984 -0.0330
usemtl Workbench
s off
f 1922/1899/207 1925/1900/208 2269/1901/209 2270/1902/210
f 1927/1903/211 1926/1904/212 2271/1905/213 2272/1906/214
f 1925/1907/215 1927/1908/216 2272/1909/217 2269/1910/218
f 1926/1911/219 1922/1912/220 2270/1913/221 2271/1914/222
f 1930/1915/223 1933/1916/224 2273/1917/209 2274/1918/210
f 1935/1919/211 1934/1920/212 2275/1921/213 2276/1922/214
f 1933/1923/215 1935/1924/216 2276/1925/225 2273/1926/226
f 1934/1927/219 1930/1928/220 2274/1929/227 2275/1930/228
f 1938/1931/223 1941/1932/224 2277/1933/209 2278/1934/210
f 1943/1935/229 1942/1936/212 2279/1937/213 2280/1938/214
f 1941/1939/215 1943/1940/216 2280/1941/230 2277/1942/231
f 1942/1943/219 1938/1944/220 2278/1945/227 2279/1946/228
f 1946/1947/232 1949/1948/233 2281/1949/234 2282/1950/235
f 1949/1951/236 1955/1952/237 2283/1953/238 2281/1954/239
f 1957/1955/240 1946/1956/241 2282/1957/242 2284/1958/243
f 1958/1959/244 1961/1960/233 2285/1961/234 2286/1962/235
f 1961/1963/245 1967/1964/246 2287/1965/247 2285/1966/248
f 1969/1967/249 1958/1968/250 2286/1969/251 2288/1970/252
f 1970/1971/232 1973/1972/233 2289/1973/234 2290/1974/235
f 1973/1975/245 1979/1976/246 2291/1977/247 2289/1978/248
f 1981/1979/253 1970/1980/250 2290/1981/254 2292/1982/255
f 1955/1983/256 1957/1984/257 2284/1985/258 2283/1986/259
f 1967/1987/260 1969/1988/261 2288/1989/258 2287/1990/259
f 1979/1991/260 1981/1992/261 2292/1993/258 2291/1994/259
f 2270/1902/262 2269/1901/263 2293/1995/264 2294/1996/265
f 2272/1906/266 2271/1905/267 2295/1997/268 2296/1998/269
f 2269/1999/263 2272/2000/266 2296/2001/270 2293/2002/271
f 2271/2003/267 2270/2004/262 2294/2005/272 2295/2006/273
f 2274/1918/262 2273/1917/263 2297/2007/264 2298/2008/265
f 2276/1922/266 2275/1921/267 2299/2009/268 2300/2010/269
f 2273/2011/263 2276/2012/266 2300/2013/270 2297/2014/271
f 2275/2015/267 2274/2016/262 2298/2017/272 2299/2018/273
f 2278/1934/262 2277/1933/263 2301/2019/264 2302/2020/265
f 2280/1938/266 2279/1937/267 2303/2021/268 2304/2022/269
f 2277/2023/263 2280/2024/266 2304/2025/270 2301/2026/271
f 2279/2027/267 2278/2028/262 2302/2029/272 2303/2030/273
f 2282/1950/274 2281/1949/275 2305/2031/264 2306/2032/265
f 2281/2033/276 2283/2034/277 2307/2035/270 2305/2036/271
f 2284/2037/278 2282/2038/279 2306/2039/272 2308/2040/273
f 2286/1962/274 2285/1961/275 2309/2041/264 2310/2042/265
f 2285/2043/276 2287/2044/277 2311/2045/270 2309/2046/271
f 2288/2047/278 2286/2048/279 2310/2049/272 2312/2050/273
f 2290/1974/274 2289/1973/275 2313/2051/264 2314/2052/265
f 2289/2053/276 2291/2054/277 2315/2055/270 2313/2056/271
f 2292/2057/278 2290/2058/279 2314/2059/272 2316/2060/273
f 2283/1986/280 2284/1985/281 2308/2061/268 2307/2062/269
f 2287/1990/280 2288/1989/281 2312/2063/268 2311/2064/269
f 2291/1994/280 2292/1993/281 2316/2065/268 2315/2066/269
f 2294/2067/282 2293/2068/283 2317/2069/284
f 2296/2070/285 2295/2071/286 2317/2069/284
f 2293/2068/287 2296/2070/288 2317/2069/284
f 2295/2071/289 2294/2067/290 2317/2069/284
f 2298/2072/282 2297/2073/283 2318/2074/284
f 2300/2075/285 2299/2076/286 2318/2074/284
f 2297/2073/287 2300/2075/288 2318/2074/284
f 2299/2076/289 2298/2072/290 2318/2074/284
f 2302/2077/282 2301/2078/283 2319/2079/284
f 2304/2080/285 2303/2081/286 2319/2079/284
f 2301/2078/287 2304/2080/288 2319/2079/284
f 2303/2081/289 2302/2077/290 2319/2079/284
f 2306/2082/291 2305/2083/292 2320/2084/284
f 2305/2083/293 2307/2085/294 2320/2084/284
f 2308/2086/295 2306/2082/296 2320/2084/284
f 2310/2087/291 2309/2088/292 2321/2089/284
f 2309/2088/293 2311/2090/294 2321/2089/284
f 2312/2091/295 2310/2087/296 2321/2089/284
f 2314/2092/297 2313/2093/298 2322/2094/284
f 2313/2093/293 2315/2095/294 2322/2094/284
f 2316/2096/295 2314/2092/296 2322/2094/284
f 2307/2085/299 2308/2086/300 2320/2084/284
f 2311/2090/299 2312/2091/300 2321/2089/284
f 2315/2095/299 2316/2096/300 2322/2094/284
f 2331/2097/301 2332/2098/302 2329/2099/303 2330/2100/304
f 2333/2101/305 2331/2097/306 2330/2100/307 2328/2102/308
f 2334/2103/309 2333/2101/310 2328/2102/311 2327/2104/312
f 2332/2098/313 2334/2103/314 2327/2104/315 2329/2099/316
f 2335/2105/317 2336/2106/318 2332/2098/319 2331/2097/320
f 2337/2107/321 2335/2105/322 2331/2097/323 2333/2101/324
f 2338/2108/325 2337/2107/326 2333/2101/327 2334/2103/328
f 2336/2106/329 2338/2108/330 2334/2103/331 2332/2098/332
f 2336/2106/333 2335/2105/334 2339/2109/335
f 2335/2105/336 2337/2107/337 2339/2109/335
f 2337/2107/338 2338/2108/339 2339/2109/335
f 2338/2108/340 2336/2106/341 2339/2109/335
s 1
f 1899/2110/342 1900/2111/343 1901/2112/344 1902/2113/345
f 1903/2114/346 1904/2115/347 1905/2116/348 1906/2117/349
f 1899/2118/342 1902/2119/269 1907/2120/350 1908/2121/351
f 1905/2122/352 1904/2123/353 1907/2124/354 1902/2125/270 1901/2126/271
f 1901/2127/264 1900/2128/343 1906/2129/355 1905/2130/356
f 1909/2131/357 1910/2132/358 1911/2133/359 1912/2134/360
f 1899/2110/361 1910/2135/362 1909/2136/363 1900/2111/364
f 1911/2137/365 1913/2138/366 1903/2114/367 1906/2117/368 1912/2139/369
f 1913/2140/370 1911/2141/371 1910/2142/372 1899/2118/373 1908/2121/374
f 1900/2128/375 1909/2143/376 1912/2144/377 1906/2129/378
f 1914/2145/265 1915/2146/379 1916/2147/356 1917/2148/264
f 1918/2149/268 1919/2150/269 1920/2151/380 1921/2152/381
f 1914/2153/382 1917/2154/344 1919/2155/345 1918/2156/383
f 1917/2157/271 1916/2158/352 1920/2159/384 1919/2160/270
f 1916/2161/348 1915/2162/385 1921/2163/386 1920/2164/387
f 1915/2165/388 1914/2166/272 1918/2167/273 1921/2168/389
f 1922/1899/390 1923/2169/379 1924/2170/356 1925/1900/391
f 1926/1904/392 1927/1903/393 1928/2171/380 1929/2172/381
f 1925/2173/394 1924/2174/352 1928/2175/384 1927/2176/395
f 1924/2177/348 1923/2178/385 1929/2179/386 1928/2180/387
f 1923/2181/388 1922/2182/396 1926/2183/397 1929/2184/389
f 1930/1915/390 1931/2185/379 1932/2186/356 1933/1916/391
f 1934/1920/392 1935/1919/393 1936/2187/380 1937/2188/381
f 1933/2189/394 1932/2190/352 1936/2191/384 1935/2192/395
f 1932/2193/348 1931/2194/385 1937/2195/386 1936/2196/387
f 1931/2197/388 1930/2198/396 1934/2199/397 1937/2200/389
f 1938/1931/390 1939/2201/379 1940/2202/356 1941/1932/391
f 1942/1936/392 1943/1935/393 1944/2203/380 1945/2204/381
f 1941/2205/394 1940/2206/352 1944/2207/384 1943/2208/395
f 1940/2209/348 1939/2210/385 1945/2211/386 1944/2212/387
f 1939/2213/388 1938/2214/396 1942/2215/397 1945/2216/389
f 1946/1947/398 1947/2217/379 1948/2218/356 1949/1948/399
f 1950/2219/400 1951/2220/401 1952/2221/402 1953/2222/403
f 1949/2223/399 1948/2224/352 1954/2225/404 1955/2226/405
f 1948/2227/348 1947/2228/385 1956/2229/406 1954/2230/404
f 1947/2231/388 1946/2232/398 1957/2233/407 1956/2234/406
f 1958/1959/398 1959/2235/379 1960/2236/356 1961/1960/399
f 1962/2237/408 1963/2238/409 1964/2239/410 1965/2240/411
f 1961/2241/399 1960/2242/352 1966/2243/412 1967/2244/405
f 1960/2245/348 1959/2246/385 1968/2247/413 1966/2248/412
f 1959/2249/388 1958/2250/398 1969/2251/407 1968/2252/413
f 1970/1971/398 1971/2253/379 1972/2254/356 1973/1972/399
f 1974/2255/408 1975/2256/409 1976/2257/410 1977/2258/411
f 1973/2259/399 1972/2260/352 1978/2261/412 1979/2262/405
f 1972/2263/348 1971/2264/385 1980/2265/413 1978/2266/412
f 1971/2267/388 1970/2268/398 1981/2269/407 1980/2270/413
f 1982/2271/383 1983/2272/382 1984/2273/344 1985/2274/345
f 1986/2275/386 1987/2276/387 1988/2277/348 1989/2278/385
f 1982/2279/268 1985/2280/269 1987/2281/380 1986/2282/381
f 1985/2283/270 1984/2284/271 1988/2285/352 1987/2286/384
f 1984/2287/264 1983/2288/265 1989/2289/379 1988/2290/356
f 1983/2291/272 1982/2292/273 1986/2293/389 1989/2294/388
f 1990/2295/383 1991/2296/382 1992/2297/344 1993/2298/345
f 1994/2299/386 1995/2300/387 1996/2301/348 1997/2302/385
f 1990/2303/268 1993/2304/269 1995/2305/380 1994/2306/381
f 1993/2307/270 1992/2308/271 1996/2309/352 1995/2310/384
f 1992/2311/264 1991/2312/265 1997/2313/379 1996/2314/356
f 1991/2315/272 1990/2316/273 1994/2317/389 1997/2318/388
f 1998/2319/383 1999/2320/382 2000/2321/344 2001/2322/345
f 2002/2323/386 2003/2324/387 2004/2325/348 2005/2326/385
f 1998/2327/268 2001/2328/269 2003/2329/380 2002/2330/381
f 2001/2331/270 2000/2332/271 2004/2333/352 2003/2334/384
f 2000/2335/264 1999/2336/265 2005/2337/379 2004/2338/356
f 1999/2339/272 1998/2340/273 2002/2341/389 2005/2342/388
f 2006/2343/383 2007/2344/382 2008/2345/344 2009/2346/345
f 2010/2347/386 2011/2348/387 2012/2349/348 2013/2350/385
f 2006/2351/268 2009/2352/269 2011/2353/380 2010/2354/381
f 2009/2355/270 2008/2356/271 2012/2357/352 2011/2358/384
f 2008/2359/264 2007/2360/265 2013/2361/379 2012/2362/356
f 2007/2363/272 2006/2364/273 2010/2365/389 2013/2366/388
f 2014/2367/414 2015/2368/383 2016/2369/382 2017/2370/415
f 2018/2371/416 2019/2372/417 2020/2373/385 2021/2374/386
f 2014/2375/418 2018/2376/419 2021/2377/381 2015/2378/268
f 2015/2379/273 2021/2380/389 2020/2381/388 2016/2382/272
f 2016/2383/265 2020/2384/379 2019/2385/420 2017/2386/421
f 2022/2387/422 2023/2388/423 2024/2389/424 2025/2390/425
f 2014/2391/426 2017/2392/427 2022/2387/428 2025/2390/429
f 2019/2393/430 2018/2394/431 2024/2389/432 2023/2388/433
f 2018/2394/434 2014/2391/435 2025/2390/436 2024/2389/437
f 2017/2392/438 2019/2393/439 2023/2388/440 2022/2387/441
f 2026/2395/383 2027/2396/382 2028/2397/344 2029/2398/345
f 2030/2399/386 2031/2400/387 2032/2401/348 2033/2402/385
f 2026/2403/268 2029/2404/269 2031/2405/380 2030/2406/381
f 2029/2407/270 2028/2408/271 2032/2409/352 2031/2410/384
f 2028/2411/264 2027/2412/265 2033/2413/379 2032/2414/356
f 2027/2415/272 2026/2416/273 2030/2417/389 2033/2418/388
f 2034/2419/383 2035/2420/382 2036/2421/344 2037/2422/345
f 2038/2423/386 2039/2424/387 2040/2425/348 2041/2426/385
f 2034/2427/268 2037/2428/269 2039/2429/380 2038/2430/381
f 2037/2431/270 2036/2432/271 2040/2433/352 2039/2434/384
f 2036/2435/264 2035/2436/265 2041/2437/379 2040/2438/356
f 2035/2439/272 2034/2440/273 2038/2441/389 2041/2442/388
f 2042/2443/383 2043/2444/382 2044/2445/344 2045/2446/345
f 2046/2447/386 2047/2448/387 2048/2449/348 2049/2450/385
f 2042/2451/268 2045/2452/269 2047/2453/380 2046/2454/381
f 2045/2455/270 2044/2456/271 2048/2457/352 2047/2458/384
f 2044/2459/264 2043/2460/265 2049/2461/379 2048/2462/356
f 2043/2463/272 2042/2464/273 2046/2465/389 2049/2466/388
f 2050/2467/383 2051/2468/382 2052/2469/344 2053/2470/345
f 2054/2471/386 2055/2472/387 2056/2473/348 2057/2474/385
f 2050/2475/268 2053/2476/269 2055/2477/380 2054/2478/381
f 2053/2479/270 2052/2480/271 2056/2481/352 2055/2482/384
f 2052/2483/264 2051/2484/265 2057/2485/379 2056/2486/356
f 2051/2487/272 2050/2488/273 2054/2489/389 2057/2490/388
f 2058/2491/383 2059/2492/382 2060/2493/344 2061/2494/345
f 2062/2495/386 2063/2496/387 2064/2497/348 2065/2498/385
f 2058/2499/268 2061/2500/269 2063/2501/380 2062/2502/381
f 2061/2503/270 2060/2504/271 2064/2505/352 2063/2506/384
f 2060/2507/264 2059/2508/265 2065/2509/379 2064/2510/356
f 2059/2511/272 2058/2512/273 2062/2513/389 2065/2514/388
f 2066/2515/383 2067/2516/382 2068/2517/344 2069/2518/345
f 2070/2519/386 2071/2520/387 2072/2521/348 2073/2522/385
f 2066/2523/268 2069/2524/269 2071/2525/380 2070/2526/381
f 2069/2527/270 2068/2528/271 2072/2529/352 2071/2530/384
f 2068/2531/264 2067/2532/265 2073/2533/379 2072/2534/356
f 2067/2535/272 2066/2536/273 2070/2537/389 2073/2538/388
f 2074/2539/383 2075/2540/382 2076/2541/344 2077/2542/345
f 2078/2543/386 2079/2544/387 2080/2545/348 2081/2546/385
f 2074/2547/268 2077/2548/269 2079/2549/380 2078/2550/381
f 2077/2551/270 2076/2552/271 2080/2553/352 2079/2554/384
f 2076/2555/264 2075/2556/265 2081/2557/379 2080/2558/356
f 2075/2559/272 2074/2560/273 2078/2561/389 2081/2562/388
f 2082/2563/383 2083/2564/382 2084/2565/344 2085/2566/345
f 2086/2567/386 2087/2568/387 2088/2569/348 2089/2570/385
f 2082/2571/268 2085/2572/269 2087/2573/380 2086/2574/381
f 2085/2575/270 2084/2576/271 2088/2577/352 2087/2578/384
f 2084/2579/264 2083/2580/265 2089/2581/379 2088/2582/356
f 2083/2583/272 2082/2584/273 2086/2585/389 2089/2586/388
f 2090/2587/342 2091/2588/343 2092/2589/344 2093/2590/345
f 2094/2591/442 2095/2592/387 2096/2593/348 2097/2594/349
f 2090/2595/342 2093/2596/269 2095/2597/380 2094/2598/442
f 2093/2599/270 2092/2600/271 2096/2601/352 2095/2602/384
f 2092/2603/264 2091/2604/343 2097/2605/355 2096/2606/356
f 2098/2607/357 2099/2608/358 2100/2609/443 2101/2610/360
f 2090/2587/361 2099/2611/362 2098/2612/363 2091/2588/364
f 2097/2594/368 2101/2613/369 2100/2614/444 2094/2591/445
f 2094/2598/446 2100/2615/447 2099/2616/372 2090/2595/373
f 2091/2604/375 2098/2617/376 2101/2618/377 2097/2605/378
f 2102/2619/383 2103/2620/382 2104/2621/344 2105/2622/345
f 2106/2623/386 2107/2624/387 2108/2625/348 2109/2626/385
f 2102/2627/268 2105/2628/269 2107/2629/380 2106/2630/381
f 2105/2631/448 2104/2632/449 2108/2633/352 2107/2634/384
f 2104/2635/264 2103/2636/265 2109/2637/379 2108/2638/356
f 2103/2639/272 2102/2640/273 2106/2641/450 2109/2642/451
f 2110/2643/383 2111/2644/382 2112/2645/344 2113/2646/345
f 2114/2647/386 2115/2648/387 2116/2649/348 2117/2650/385
f 2110/2651/268 2113/2652/269 2115/2653/380 2114/2654/381
f 2113/2655/270 2112/2656/271 2116/2657/352 2115/2658/384
f 2112/2659/264 2111/2660/265 2117/2661/379 2116/2662/356
f 2111/2663/272 2110/2664/273 2114/2665/389 2117/2666/388
f 2118/2667/383 2119/2668/452 2120/2669/453 2121/2670/345
f 2122/2671/386 2123/2672/387 2124/2673/348 2125/2674/385
f 2118/2675/268 2121/2676/269 2123/2677/380 2122/2678/381
f 2121/2679/270 2120/2680/271 2124/2681/352 2123/2682/384
f 2120/2683/264 2119/2684/265 2125/2685/379 2124/2686/356
f 2119/2687/272 2118/2688/273 2122/2689/389 2125/2690/388
f 2126/2691/383 2127/2692/382 2128/2693/344 2129/2694/345
f 2130/2695/386 2131/2696/387 2132/2697/348 2133/2698/385
f 2126/2699/268 2129/2700/269 2131/2701/380 2130/2702/381
f 2129/2703/270 2128/2704/271 2132/2705/352 2131/2706/384
f 2128/2707/264 2127/2708/265 2133/2709/379 2132/2710/356
f 2127/2711/272 2126/2712/273 2130/2713/389 2133/2714/388
f 2134/2715/414 2135/2716/383 2136/2717/382 2137/2718/415
f 2138/2719/454 2139/2720/417 2140/2721/385 2141/2722/455
f 2134/2723/418 2142/2724/456 2143/2725/457 2135/2726/268
f 2135/2727/273 2143/2728/458 2141/2729/459 2140/2730/388 2136/2731/272
f 2136/2732/265 2140/2733/379 2139/2734/420 2137/2735/421
f 2144/2736/422 2145/2737/423 2146/2738/460 2147/2739/425
f 2134/2740/426 2137/2741/427 2144/2736/428 2147/2739/429
f 2139/2742/461 2138/2743/462 2148/2744/463 2146/2738/464 2145/2737/433
f 2142/2745/465 2134/2740/435 2147/2739/436 2146/2738/466 2148/2744/467
f 2137/2741/438 2139/2742/439 2145/2737/468 2144/2736/441
f 2149/2746/383 2150/2747/382 2151/2748/344 2152/2749/345
f 2153/2750/455 2154/2751/347 2155/2752/348 2156/2753/385
f 2149/2754/268 2152/2755/269 2157/2756/350 2158/2757/457
f 2155/2758/356 2154/2759/353 2157/2760/354 2152/2761/448 2151/2762/469
f 2151/2763/264 2150/2764/265 2156/2765/379 2155/2766/356
f 2153/2767/459 2156/2768/470 2150/2769/265 2149/2770/273 2158/2771/458
f 2159/2772/383 2160/2773/382 2161/2774/344 2162/2775/345
f 2163/2776/455 2164/2777/347 2165/2778/348 2166/2779/385
f 2159/2780/268 2162/2781/269 2167/2782/350 2168/2783/457
f 2165/2784/356 2164/2785/353 2167/2786/354 2162/2787/270 2161/2788/344
f 2161/2789/264 2160/2790/265 2166/2791/379 2165/2792/356
f 2163/2793/459 2166/2794/451 2160/2795/272 2159/2796/273 2168/2797/458
f 2169/2798/383 2170/2799/382 2171/2800/344 2172/2801/345
f 2173/2802/455 2174/2803/347 2175/2804/348 2176/2805/385
f 2169/2806/268 2172/2807/269 2177/2808/350 2178/2809/457
f 2175/2810/356 2174/2811/353 2177/2812/354 2172/2813/448 2171/2814/469
f 2171/2815/264 2170/2816/265 2176/2817/379 2175/2818/356
f 2173/2819/459 2176/2820/451 2170/2821/272 2169/2822/273 2178/2823/458
f 2179/2824/383 2180/2825/382 2181/2826/344 2182/2827/345
f 2183/2828/455 2184/2829/347 2185/2830/348 2186/2831/385
f 2179/2832/268 2182/2833/269 2187/2834/350 2188/2835/457
f 2185/2836/356 2184/2837/353 2187/2838/354 2182/2839/448 2181/2840/469
f 2181/2841/264 2180/2842/265 2186/2843/379 2185/2844/356
f 2183/2845/459 2186/2846/385 2180/2847/265 2179/2848/273 2188/2849/458
f 2189/2850/383 2190/2851/382 2191/2852/344 2192/2853/345
f 2193/2854/455 2194/2855/347 2195/2856/348 2196/2857/385
f 2189/2858/268 2192/2859/269 2197/2860/350 2198/2861/457
f 2195/2862/356 2194/2863/353 2197/2864/354 2192/2865/270 2191/2866/344
f 2191/2867/264 2190/2868/265 2196/2869/379 2195/2870/356
f 2193/2871/459 2196/2872/385 2190/2873/265 2189/2874/273 2198/2875/458
f 2199/2876/383 2200/2877/382 2201/2878/344 2202/2879/345
f 2203/2880/455 2204/2881/347 2205/2882/348 2206/2883/385
f 2199/2884/268 2202/2885/269 2207/2886/350 2208/2887/457
f 2205/2888/356 2204/2889/353 2207/2890/354 2202/2891/448 2201/2892/469
f 2201/2893/264 2200/2894/265 2206/2895/379 2205/2896/356
f 2203/2897/459 2206/2898/385 2200/2899/265 2199/2900/273 2208/2901/458
f 2209/2902/383 2210/2903/382 2211/2904/344 2212/2905/345
f 2213/2906/455 2214/2907/347 2215/2908/348 2216/2909/385
f 2209/2910/268 2212/2911/269 2217/2912/350 2218/2913/457
f 2215/2914/356 2214/2915/353 2217/2916/354 2212/2917/448 2211/2918/469
f 2211/2919/264 2210/2920/265 2216/2921/379 2215/2922/356
f 2213/2923/459 2216/2924/385 2210/2925/265 2209/2926/273 2218/2927/458
f 2219/2928/383 2220/2929/382 2221/2930/344 2222/2931/345
f 2223/2932/455 2224/2933/347 2225/2934/348 2226/2935/385
f 2219/2936/268 2222/2937/269 2227/2938/350 2228/2939/457
f 2225/2940/356 2224/2941/353 2227/2942/354 2222/2943/448 2221/2944/469
f 2221/2945/264 2220/2946/265 2226/2947/379 2225/2948/356
f 2223/2949/459 2226/2950/385 2220/2951/265 2219/2952/273 2228/2953/458
f 1950/2954/471 1957/2955/472 1955/2956/473 1951/2957/474
f 1951/2958/475 1955/2226/476 1954/2225/477 1952/2959/478
f 1952/2221/479 1954/2960/480 1956/2961/481 1953/2222/482
f 1953/2962/483 1956/2234/484 1957/2233/485 1950/2963/486
f 1962/2964/487 1969/2965/472 1967/2966/473 1963/2967/488
f 1963/2238/489 1967/2968/490 1966/2969/491 1964/2239/492
f 1964/2239/493 1966/2969/480 1968/2970/494 1965/2240/495
f 1965/2240/496 1968/2970/497 1969/2971/498 1962/2237/499
f 1974/2972/487 1981/2973/472 1979/2974/473 1975/2975/488
f 1975/2976/489 1979/2262/490 1978/2261/491 1976/2977/492
f 1976/2257/493 1978/2978/480 1980/2979/481 1977/2258/495
f 1977/2980/500 1980/2270/501 1981/2269/502 1974/2981/503
f 1908/2982/504 1903/2983/505 1913/2984/506
f 2142/2985/507 2148/2986/508 2138/2987/509
f 1903/2983/505 1908/2982/504 1907/2988/510 1904/2989/511
f 2141/2990/512 2143/2991/513 2142/2985/507 2138/2987/509
f 2153/2750/512 2158/2992/513 2157/2993/510 2154/2751/511
f 2163/2776/512 2168/2994/513 2167/2995/510 2164/2777/511
f 2173/2802/512 2178/2996/513 2177/2997/510 2174/2803/511
f 2183/2828/512 2188/2998/513 2187/2999/510 2184/2829/511
f 2193/2854/512 2198/3000/513 2197/3001/510 2194/2855/511
f 2203/2880/512 2208/3002/513 2207/3003/510 2204/2881/511
f 2213/2906/512 2218/3004/513 2217/3005/510 2214/2907/511
f 2223/2932/512 2228/3006/513 2227/3007/510 2224/2933/511
f 2229/3008/383 2230/3009/382 2231/3010/344 2232/3011/345
f 2233/3012/386 2234/3013/387 2235/3014/348 2236/3015/385
f 2229/3016/268 2232/3017/269 2234/3018/380 2233/3019/381
f 2232/3020/270 2231/3021/271 2235/3022/352 2234/3023/384
f 2231/3024/264 2230/3025/265 2236/3026/379 2235/3027/356
f 2230/3028/272 2229/3029/273 2233/3030/389 2236/3031/388
f 2237/3032/383 2238/3033/382 2239/3034/344 2240/3035/345
f 2241/3036/386 2242/3037/387 2243/3038/348 2244/3039/385
f 2237/3040/268 2240/3041/269 2242/3042/380 2241/3043/381
f 2240/3044/270 2239/3045/271 2243/3046/352 2242/3047/384
f 2239/3048/264 2238/3049/265 2244/3050/379 2243/3051/356
f 2238/3052/272 2237/3053/273 2241/3054/389 2244/3055/388
f 2245/3056/383 2246/3057/382 2247/3058/344 2248/3059/345
f 2249/3060/386 2250/3061/387 2251/3062/348 2252/3063/385
f 2245/3064/268 2248/3065/269 2250/3066/380 2249/3067/381
f 2248/3068/270 2247/3069/271 2251/3070/352 2250/3071/384
f 2247/3072/264 2246/3073/265 2252/3074/379 2251/3075/356
f 2246/3076/272 2245/3077/273 2249/3078/389 2252/3079/388
f 2253/3080/383 2254/3081/382 2255/3082/344 2256/3083/345
f 2257/3084/386 2258/3085/387 2259/3086/348 2260/3087/385
f 2253/3088/268 2256/3089/269 2258/3090/380 2257/3091/381
f 2256/3092/270 2255/3093/271 2259/3094/352 2258/3095/384
f 2255/3096/264 2254/3097/265 2260/3098/379 2259/3099/356
f 2254/3100/272 2253/3101/273 2257/3102/389 2260/3103/388
f 2261/3104/383 2262/3105/382 2263/3106/344 2264/3107/345
f 2265/3108/386 2266/3109/387 2267/3110/348 2268/3111/385
f 2261/3112/268 2264/3113/269 2266/3114/380 2265/3115/381
f 2264/3116/270 2263/3117/271 2267/3118/352 2266/3119/384
f 2263/3120/264 2262/3121/265 2268/3122/379 2267/3123/356
f 2262/3124/272 2261/3125/273 2265/3126/389 2268/3127/388
f 2323/3128/383 2324/3129/382 2325/3130/344 2326/3131/345
f 2323/3132/268 2326/3133/269 2327/3134/380 2328/3135/381
f 2326/3136/270 2325/3137/271 2329/3138/352 2327/3139/384
f 2325/3140/264 2324/3141/265 2330/3142/379 2329/3143/356
f 2324/3144/272 2323/3145/273 2328/3146/389 2330/3147/388
f 2340/3148/514 2341/3149/515 2342/3150/516 2343/3151/517
f 2344/3152/518 2340/3148/514 2343/3151/517 2345/3153/519
f 2346/3154/520 2344/3152/518 2345/3153/519 2347/3155/521
f 2348/3156/522 2346/3154/520 2347/3155/521 2349/3157/523
f 2350/3158/524 2348/3156/522 2349/3157/523 2351/3159/525
f 2352/3160/526 2350/3158/524 2351/3159/525 2353/3161/527
f 2354/3162/528 2352/3160/526 2353/3161/527 2355/3163/529
f 2356/3164/530 2354/3162/528 2355/3163/529 2357/3165/531
f 2358/3166/532 2356/3164/530 2357/3165/531 2359/3167/533
f 2360/3168/534 2358/3166/532 2359/3167/533 2361/3169/535
f 2362/3170/536 2360/3168/534 2361/3169/535 2363/3171/537
f 2364/3172/538 2362/3170/536 2363/3171/537 2365/3173/539
f 2366/3174/540 2364/3172/538 2365/3173/539 2367/3175/541
f 2368/3176/542 2366/3174/540 2367/3175/541 2369/3177/543
f 2370/3178/544 2368/3176/542 2369/3177/543 2371/3179/545
f 2372/3180/546 2373/3181/547 2341/3149/515 2340/3148/514
f 2374/3182/548 2372/3180/546 2340/3148/514 2344/3152/518
f 2375/3183/549 2374/3182/548 2344/3152/518 2346/3154/520
f 2376/3184/550 2375/3183/549 2346/3154/520 2348/3156/522
f 2377/3185/551 2376/3184/550 2348/3156/522 2350/3158/524
f 2378/3186/552 2377/3185/551 2350/3158/524 2352/3160/526
f 2379/3187/553 2378/3186/552 2352/3160/526 2354/3162/528
f 2380/3188/554 2379/3187/553 2354/3162/528 2356/3164/530
f 2381/3189/555 2380/3188/554 2356/3164/530 2358/3166/532
f 2382/3190/556 2381/3189/555 2358/3166/532 2360/3168/534
f 2383/3191/557 2382/3190/556 2360/3168/534 2362/3170/536
f 2384/3192/558 2383/3191/557 2362/3170/536 2364/3172/538
f 2385/3193/559 2384/3192/558 2364/3172/538 2366/3174/540
f 2386/3194/560 2385/3193/559 2366/3174/540 2368/3176/542
f 2387/3195/561 2386/3194/560 2368/3176/542 2370/3178/544
f 2388/3196/562 2389/3197/563 2373/3181/547 2372/3180/546
f 2390/3198/564 2388/3196/562 2372/3180/546 2374/3182/548
f 2391/3199/565 2390/3198/564 2374/3182/548 2375/3183/549
f 2392/3200/566 2391/3199/565 2375/3183/549 2376/3184/550
f 2393/3201/567 2392/3200/566 2376/3184/550 2377/3185/551
f 2394/3202/568 2393/3201/567 2377/3185/551 2378/3186/552
f 2395/3203/569 2394/3202/568 2378/3186/552 2379/3187/553
f 2396/3204/570 2395/3203/569 2379/3187/553 2380/3188/554
f 2397/3205/571 2396/3204/570 2380/3188/554 2381/3189/555
f 2398/3206/572 2397/3205/571 2381/3189/555 2382/3190/556
f 2399/3207/573 2398/3206/572 2382/3190/556 2383/3191/557
f 2400/3208/574 2399/3207/573 2383/3191/557 2384/3192/558
f 2401/3209/575 2400/3208/574 2384/3192/558 2385/3193/559
f 2402/3210/576 2401/3209/575 2385/3193/559 2386/3194/560
f 2403/3211/577 2402/3210/576 2386/3194/560 2387/3195/561
f 2404/3212/578 2405/3213/579 2389/3197/563 2388/3196/562
f 2406/3214/580 2404/3212/578 2388/3196/562 2390/3198/564
f 2407/3215/581 2406/3214/580 2390/3198/564 2391/3199/565
f 2408/3216/582 2407/3215/581 2391/3199/565 2392/3200/566
f 2409/3217/583 2408/3216/582 2392/3200/566 2393/3201/567
f 2410/3218/584 2409/3217/583 2393/3201/567 2394/3202/568
f 2411/3219/585 2410/3218/584 2394/3202/568 2395/3203/569
f 2412/3220/586 2411/3219/585 2395/3203/569 2396/3204/570
f 2413/3221/587 2412/3220/586 2396/3204/570 2397/3205/571
f 2414/3222/588 2413/3221/587 2397/3205/571 2398/3206/572
f 2415/3223/589 2414/3222/588 2398/3206/572 2399/3207/573
f 2416/3224/590 2415/3223/589 2399/3207/573 2400/3208/574
f 2417/3225/591 2416/3224/590 2400/3208/574 2401/3209/575
f 2418/3226/592 2417/3225/591 2401/3209/575 2402/3210/576
f 2419/3227/593 2418/3226/592 2402/3210/576 2403/3211/577
f 2420/3228/594 2421/3229/595 2405/3213/579 2404/3212/578
f 2422/3230/596 2420/3228/594 2404/3212/578 2406/3214/580
f 2423/3231/597 2422/3230/596 2406/3214/580 2407/3215/581
f 2424/3232/598 2423/3231/597 2407/3215/581 2408/3216/582
f 2425/3233/599 2424/3232/598 2408/3216/582 2409/3217/583
f 2426/3234/600 2425/3233/599 2409/3217/583 2410/3218/584
f 2427/3235/601 2426/3234/600 2410/3218/584 2411/3219/585
f 2428/3236/602 2427/3235/601 2411/3219/585 2412/3220/586
f 2429/3237/603 2428/3236/602 2412/3220/586 2413/3221/587
f 2430/3238/604 2429/3237/603 2413/3221/587 2414/3222/588
f 2431/3239/605 2430/3238/604 2414/3222/588 2415/3223/589
f 2432/3240/606 2431/3239/605 2415/3223/589 2416/3224/590
f 2433/3241/607 2432/3240/606 2416/3224/590 2417/3225/591
f 2434/3242/608 2433/3241/607 2417/3225/591 2418/3226/592
f 2435/3243/609 2434/3242/608 2418/3226/592 2419/3227/593
f 2436/3244/610 2437/3245/611 2421/3229/595 2420/3228/594
f 2438/3246/612 2436/3244/610 2420/3228/594 2422/3230/596
f 2439/3247/613 2438/3246/612 2422/3230/596 2423/3231/597
f 2440/3248/614 2439/3247/613 2423/3231/597 2424/3232/598
f 2441/3249/615 2440/3248/614 2424/3232/598 2425/3233/599
f 2442/3250/616 2441/3249/615 2425/3233/599 2426/3234/600
f 2443/3251/617 2442/3250/616 2426/3234/600 2427/3235/601
f 2444/3252/618 2443/3251/617 2427/3235/601 2428/3236/602
f 2445/3253/619 2444/3252/618 2428/3236/602 2429/3237/603
f 2446/3254/620 2445/3253/619 2429/3237/603 2430/3238/604
f 2447/3255/621 2446/3254/620 2430/3238/604 2431/3239/605
f 2448/3256/622 2447/3255/621 2431/3239/605 2432/3240/606
f 2449/3257/623 2448/3256/622 2432/3240/606 2433/3241/607
f 2450/3258/624 2449/3257/623 2433/3241/607 2434/3242/608
f 2451/3259/625 2450/3258/624 2434/3242/608 2435/3243/609
f 2452/3260/626 2453/3261/627 2437/3245/611 2436/3244/610
f 2454/3262/628 2452/3260/626 2436/3244/610 2438/3246/612
f 2455/3263/629 2454/3262/628 2438/3246/612 2439/3247/613
f 2456/3264/630 2455/3263/629 2439/3247/613 2440/3248/614
f 2457/3265/631 2456/3264/630 2440/3248/614 2441/3249/615
f 2458/3266/632 2457/3265/631 2441/3249/615 2442/3250/616
f 2459/3267/633 2458/3266/632 2442/3250/616 2443/3251/617
f 2460/3268/634 2459/3267/633 2443/3251/617 2444/3252/618
f 2461/3269/635 2460/3268/634 2444/3252/618 2445/3253/619
f 2462/3270/636 2461/3269/635 2445/3253/619 2446/3254/620
f 2463/3271/637 2462/3270/636 2446/3254/620 2447/3255/621
f 2464/3272/638 2463/3271/637 2447/3255/621 2448/3256/622
f 2465/3273/639 2464/3272/638 2448/3256/622 2449/3257/623
f 2466/3274/640 2465/3273/639 2449/3257/623 2450/3258/624
f 2467/3275/641 2466/3274/640 2450/3258/624 2451/3259/625
f 2468/3276/642 2469/3277/643 2453/3261/627 2452/3260/626
f 2470/3278/644 2468/3276/642 2452/3260/626 2454/3262/628
f 2471/3279/645 2470/3278/644 2454/3262/628 2455/3263/629
f 2472/3280/646 2471/3279/645 2455/3263/629 2456/3264/630
f 2473/3281/647 2472/3280/646 2456/3264/630 2457/3265/631
f 2474/3282/647 2473/3281/647 2457/3265/631 2458/3266/632
f 2475/3283/648 2474/3282/647 2458/3266/632 2459/3267/633
f 2476/3284/648 2475/3283/648 2459/3267/633 2460/3268/634
f 2477/3285/649 2476/3284/648 2460/3268/634 2461/3269/635
f 2478/3286/650 2477/3285/649 2461/3269/635 2462/3270/636
f 2479/3287/651 2478/3286/650 2462/3270/636 2463/3271/637
f 2480/3288/652 2479/3287/651 2463/3271/637 2464/3272/638
f 2481/3289/653 2480/3288/652 2464/3272/638 2465/3273/639
f 2482/3290/654 2481/3289/653 2465/3273/639 2466/3274/640
f 2483/3291/655 2482/3290/654 2466/3274/640 2467/3275/641
f 2484/3292/656 2485/3293/657 2469/3277/643 2468/3276/642
f 2486/3294/658 2484/3292/656 2468/3276/642 2470/3278/644
f 2487/3295/659 2486/3294/658 2470/3278/644 2471/3279/645
f 2488/3296/660 2487/3295/659 2471/3279/645 2472/3280/646
f 2489/3297/661 2488/3296/660 2472/3280/646 2473/3281/647
f 2490/3298/662 2489/3297/661 2473/3281/647 2474/3282/647
f 2491/3299/663 2490/3298/662 2474/3282/647 2475/3283/648
f 2492/3300/664 2491/3299/663 2475/3283/648 2476/3284/648
f 2493/3301/665 2492/3300/664 2476/3284/648 2477/3285/649
f 2494/3302/647 2493/3301/665 2477/3285/649 2478/3286/650
f 2495/3303/666 2494/3302/647 2478/3286/650 2479/3287/651
f 2496/3304/667 2495/3303/666 2479/3287/651 2480/3288/652
f 2497/3305/668 2496/3304/667 2480/3288/652 2481/3289/653
f 2498/3306/669 2497/3305/668 2481/3289/653 2482/3290/654
f 2499/3307/670 2498/3306/669 2482/3290/654 2483/3291/655
f 2500/3308/671 2501/3309/672 2485/3293/657 2484/3292/656
f 2502/3310/673 2500/3308/671 2484/3292/656 2486/3294/658
f 2503/3311/674 2502/3310/673 2486/3294/658 2487/3295/659
f 2504/3312/660 2503/3311/674 2487/3295/659 2488/3296/660
f 2505/3313/675 2504/3312/660 2488/3296/660 2489/3297/661
f 2506/3314/676 2505/3313/675 2489/3297/661 2490/3298/662
f 2507/3315/675 2506/3314/676 2490/3298/662 2491/3299/663
f 2508/3316/677 2507/3315/675 2491/3299/663 2492/3300/664
f 2509/3317/678 2508/3316/677 2492/3300/664 2493/3301/665
f 2510/3318/673 2509/3317/678 2493/3301/665 2494/3302/647
f 2511/3319/679 2510/3318/673 2494/3302/647 2495/3303/666
f 2512/3320/680 2511/3319/679 2495/3303/666 2496/3304/667
f 2513/3321/681 2512/3320/680 2496/3304/667 2497/3305/668
f 2514/3322/682 2513/3321/681 2497/3305/668 2498/3306/669
f 2515/3323/683 2514/3322/682 2498/3306/669 2499/3307/670
f 2516/3324/684 2517/3325/685 2501/3309/672 2500/3308/671
f 2518/3326/660 2516/3324/684 2500/3308/671 2502/3310/673
f 2519/3327/675 2518/3326/660 2502/3310/673 2503/3311/674
f 2520/3328/660 2519/3327/675 2503/3311/674 2504/3312/660
f 2521/3329/686 2520/3328/660 2504/3312/660 2505/3313/675
f 2522/3330/676 2521/3329/686 2505/3313/675 2506/3314/676
f 2523/3331/687 2522/3330/676 2506/3314/676 2507/3315/675
f 2524/3332/688 2523/3331/687 2507/3315/675 2508/3316/677
f 2525/3333/689 2524/3332/688 2508/3316/677 2509/3317/678
f 2526/3334/688 2525/3333/689 2509/3317/678 2510/3318/673
f 2527/3335/690 2526/3334/688 2510/3318/673 2511/3319/679
f 2528/3336/691 2527/3335/690 2511/3319/679 2512/3320/680
f 2529/3337/692 2528/3336/691 2512/3320/680 2513/3321/681
f 2530/3338/693 2529/3337/692 2513/3321/681 2514/3322/682
f 2531/3339/694 2530/3338/693 2514/3322/682 2515/3323/683
f 2532/3340/695 2533/3341/696 2517/3325/685 2516/3324/684
f 2534/3342/660 2532/3340/695 2516/3324/684 2518/3326/660
f 2535/3343/687 2534/3342/660 2518/3326/660 2519/3327/675
f 2536/3344/677 2535/3343/687 2519/3327/675 2520/3328/660
f 2537/3345/697 2536/3344/677 2520/3328/660 2521/3329/686
f 2538/3346/662 2537/3345/697 2521/3329/686 2522/3330/676
f 2539/3347/698 2538/3346/662 2522/3330/676 2523/3331/687
f 2540/3348/699 2539/3347/698 2523/3331/687 2524/3332/688
f 2541/3349/678 2540/3348/699 2524/3332/688 2525/3333/689
f 2542/3350/700 2541/3349/678 2525/3333/689 2526/3334/688
f 2543/3351/701 2542/3350/700 2526/3334/688 2527/3335/690
f 2544/3352/702 2543/3351/701 2527/3335/690 2528/3336/691
f 2545/3353/703 2544/3352/702 2528/3336/691 2529/3337/692
f 2546/3354/704 2545/3353/703 2529/3337/692 2530/3338/693
f 2547/3355/705 2546/3354/704 2530/3338/693 2531/3339/694
f 2548/3356/706 2549/3357/707 2533/3341/696 2532/3340/695
f 2550/3358/678 2548/3356/706 2532/3340/695 2534/3342/660
f 2551/3359/675 2550/3358/678 2534/3342/660 2535/3343/687
f 2552/3360/708 2551/3359/675 2535/3343/687 2536/3344/677
f 2553/3361/697 2552/3360/708 2536/3344/677 2537/3345/697
f 2554/3362/709 2553/3361/697 2537/3345/697 2538/3346/662
f 2555/3363/710 2554/3362/709 2538/3346/662 2539/3347/698
f 2556/3364/711 2555/3363/710 2539/3347/698 2540/3348/699
f 2557/3365/712 2556/3364/711 2540/3348/699 2541/3349/678
f 2558/3366/709 2557/3365/712 2541/3349/678 2542/3350/700
f 2559/3367/713 2558/3366/709 2542/3350/700 2543/3351/701
f 2560/3368/714 2559/3367/713 2543/3351/701 2544/3352/702
f 2561/3369/715 2560/3368/714 2544/3352/702 2545/3353/703
f 2562/3370/716 2561/3369/715 2545/3353/703 2546/3354/704
f 2563/3371/717 2562/3370/716 2546/3354/704 2547/3355/705
f 2564/3372/718 2565/3373/719 2549/3357/707 2548/3356/706
f 2566/3374/720 2564/3372/718 2548/3356/706 2550/3358/678
f 2567/3375/721 2566/3374/720 2550/3358/678 2551/3359/675
f 2568/3376/722 2567/3375/721 2551/3359/675 2552/3360/708
f 2569/3377/723 2568/3376/722 2552/3360/708 2553/3361/697
f 2570/3378/724 2569/3377/723 2553/3361/697 2554/3362/709
f 2571/3379/725 2570/3378/724 2554/3362/709 2555/3363/710
f 2572/3380/726 2571/3379/725 2555/3363/710 2556/3364/711
f 2573/3381/727 2572/3380/726 2556/3364/711 2557/3365/712
f 2574/3382/728 2573/3381/727 2557/3365/712 2558/3366/709
f 2575/3383/729 2574/3382/728 2558/3366/709 2559/3367/713
f 2576/3384/730 2575/3383/729 2559/3367/713 2560/3368/714
f 2577/3385/731 2576/3384/730 2560/3368/714 2561/3369/715
f 2578/3386/732 2577/3385/731 2561/3369/715 2562/3370/716
f 2579/3387/733 2578/3386/732 2562/3370/716 2563/3371/717
f 2580/3388/734 2581/3389/735 2565/3373/719 2564/3372/718
f 2582/3390/736 2580/3388/734 2564/3372/718 2566/3374/720
f 2583/3391/737 2582/3390/736 2566/3374/720 2567/3375/721
f 2584/3392/738 2583/3391/737 2567/3375/721 2568/3376/722
f 2585/3393/739 2584/3392/738 2568/3376/722 2569/3377/723
f 2586/3394/740 2585/3393/739 2569/3377/723 2570/3378/724
f 2587/3395/741 2586/3394/740 2570/3378/724 2571/3379/725
f 2588/3396/742 2587/3395/741 2571/3379/725 2572/3380/726
f 2589/3397/743 2588/3396/742 2572/3380/726 2573/3381/727
f 2590/3398/744 2589/3397/743 2573/3381/727 2574/3382/728
f 2591/3399/745 2590/3398/744 2574/3382/728 2575/3383/729
f 2592/3400/746 2591/3399/745 2575/3383/729 2576/3384/730
f 2593/3401/747 2592/3400/746 2576/3384/730 2577/3385/731
f 2594/3402/748 2593/3401/747 2577/3385/731 2578/3386/732
f 2595/3403/749 2594/3402/748 2578/3386/732 2579/3387/733
o Workbench.000
v -8.142458 3.416757 0.948722
v -8.142458 3.416757 -2.595241
v -7.366322 3.416757 -2.595241
v -7.366322 3.416757 0.948722
v -8.142458 3.594220 0.917321
v -7.366322 3.594220 0.917321
v -7.366322 3.594220 -2.595241
v -8.142458 3.594220 -2.595241
v -7.366322 3.565965 0.948722
v -8.142458 3.565965 0.948722
v -8.158985 3.445029 -2.563857
v -8.158985 3.445028 0.917321
v -8.158985 3.565965 0.917321
v -8.158985 3.565966 -2.563857
v -8.151993 3.577906 0.930586
v -7.923570 3.602315 -2.596958
v -7.923570 8.160184 -2.596957
v -0.399967 8.160184 -2.596957
v -0.399967 3.602315 -2.596958
v -7.923570 3.602315 -2.420642
v -0.399967 3.602315 -2.420642
v -0.399967 8.160184 -2.420641
v -7.923570 8.160184 -2.420641
v -4.379346 -0.830383 -2.615743
v -4.379346 3.267548 -2.615742
v -4.064416 3.267548 -2.615742
v -4.064416 -0.830383 -2.615743
v -4.379346 -0.830383 -2.439410
v -4.064416 -0.830383 -2.439410
v -4.064416 3.267548 -2.439409
v -4.379346 3.267548 -2.439409
v -0.669330 -0.830383 -2.615743
v -0.669330 3.267548 -2.615742
v -0.354400 3.267548 -2.615742
v -0.354400 -0.830383 -2.615743
v -0.669330 -0.830383 -2.439410
v -0.354400 -0.830383 -2.439410
v -0.354400 3.267548 -2.439409
v -0.669330 3.267548 -2.439409
v -7.944672 -0.830383 -2.615743
v -7.944672 3.267548 -2.615742
v -7.629755 3.267548 -2.615742
v -7.629755 -0.830383 -2.615743
v -7.944672 -0.830383 -2.439410
v -7.629755 -0.830383 -2.439410
v -7.629755 3.267548 -2.439409
v -7.944672 3.267548 -2.439409
v -4.379346 -0.830383 0.843759
v -4.379346 3.267548 0.843759
v -4.064416 3.267548 0.843759
v -4.064416 -0.830383 0.843759
v -4.362806 -0.802129 1.020075
v -4.080943 -0.802129 1.020075
v -4.080943 3.239293 1.020075
v -4.362806 3.239293 1.020075
v -4.064416 3.267548 0.988692
v -4.064416 -0.830383 0.988691
v -4.379346 3.267548 0.988692
v -4.379346 -0.830383 0.988691
v -0.669330 -0.830383 0.843759
v -0.669330 3.267548 0.843759
v -0.354400 3.267548 0.843759
v -0.354400 -0.830383 0.843759
v -0.652803 -0.802129 1.020075
v -0.370940 -0.802129 1.020075
v -0.370940 3.239293 1.020075
v -0.652803 3.239293 1.020075
v -0.354400 3.267548 0.988692
v -0.354400 -0.830383 0.988691
v -0.669330 3.267548 0.988692
v -0.669330 -0.830383 0.988691
v -7.944672 -0.830383 0.843759
v -7.944672 3.267548 0.843759
v -7.629742 3.267548 0.843759
v -7.629742 -0.830383 0.843759
v -7.928145 -0.802129 1.020075
v -7.646282 -0.802129 1.020075
v -7.646282 3.239293 1.020075
v -7.928145 3.239293 1.020075
v -7.629742 3.267548 0.988692
v -7.629742 -0.830383 0.988691
v -7.944672 3.267548 0.988692
v -7.944672 -0.830383 0.988691
v -0.250791 0.550767 0.839974
v -0.250791 0.550768 -2.421414
v -0.171825 0.550768 -2.421414
v -0.171825 0.550767 0.839974
v -0.250791 0.886205 0.839974
v -0.171825 0.886205 0.839974
v -0.171825 0.886205 -2.421414
v -0.250791 0.886205 -2.421414
v -8.113533 0.550767 0.839974
v -8.113533 0.550768 -2.421414
v -8.034579 0.550768 -2.421414
v -8.034579 0.550767 0.839974
v -8.113533 0.886205 0.839974
v -8.034579 0.886205 0.839974
v -8.034579 0.886205 -2.421414
v -8.113533 0.886205 -2.421414
v -8.026041 0.550768 -2.271277
v -8.026041 0.550768 -2.439515
v -0.257642 0.550768 -2.439515
v -0.257642 0.550768 -2.271277
v -8.026041 0.886205 -2.271277
v -0.257642 0.886205 -2.271277
v -0.257642 0.886205 -2.439515
v -8.026041 0.886205 -2.439515
v -8.026041 0.550767 0.838239
v -8.026041 0.550767 0.670002
v -0.257642 0.550767 0.670002
v -0.257642 0.550767 0.838239
v -8.026041 0.886205 0.838239
v -0.257642 0.886205 0.838239
v -0.257642 0.886205 0.670002
v -8.026041 0.886205 0.670002
v -0.142759 0.888798 0.948722
v -0.918895 0.888798 0.948722
v -0.918895 0.888798 -2.595241
v -0.142759 0.888798 -2.595241
v -0.142759 1.066261 0.948722
v -0.142759 1.066261 -2.595241
v -0.918895 1.066261 -2.595241
v -0.918895 1.066261 0.948722
v -0.126219 0.917070 -2.563858
v -0.126219 1.038007 -2.563858
v -0.126219 1.038006 0.917320
v -0.126219 0.917070 0.917320
v -1.723380 0.888798 0.948722
v -1.723380 0.888798 -2.595241
v -0.930718 0.888798 -2.595241
v -0.930718 0.888798 0.948722
v -1.723380 1.066261 0.948722
v -0.930718 1.066261 0.948722
v -0.930718 1.066261 -2.595241
v -1.723380 1.066261 -2.595241
v -2.527431 0.888798 0.948722
v -2.527431 0.888798 -2.595241
v -1.734769 0.888798 -2.595241
v -1.734769 0.888798 0.948722
v -2.527431 1.066261 0.948722
v -1.734769 1.066261 0.948722
v -1.734769 1.066261 -2.595241
v -2.527431 1.066261 -2.595241
v -3.331150 0.888798 0.948722
v -3.331150 0.888798 -2.595241
v -2.538488 0.888798 -2.595241
v -2.538488 0.888798 0.948722
v -3.331150 1.066261 0.948722
v -2.538488 1.066261 0.948722
v -2.538488 1.066261 -2.595241
v -3.331150 1.066261 -2.595241
v -4.134243 0.888798 0.948722
v -4.134243 0.888798 -2.595241
v -3.341568 0.888798 -2.595241
v -3.341568 0.888798 0.948722
v -4.134243 1.066261 0.948722
v -3.341568 1.066261 0.948722
v -3.341568 1.066261 -2.595241
v -4.134243 1.066261 -2.595241
v -4.936811 0.888798 0.948722
v -4.936811 0.888798 -2.595241
v -4.144149 0.888798 -2.595241
v -4.144149 0.888798 0.948722
v -4.936811 1.066261 0.948722
v -4.144149 1.066261 0.948722
v -4.144149 1.066261 -2.595241
v -4.936811 1.066261 -2.595241
v -5.741463 0.888798 0.948722
v -5.741463 0.888798 -2.595241
v -4.948801 0.888798 -2.595241
v -4.948801 0.888798 0.948722
v -5.741463 1.066261 0.948722
v -4.948801 1.066261 0.948722
v -4.948801 1.066261 -2.595241
v -5.741463 1.066261 -2.595241
v -6.544607 0.888798 0.948722
v -6.544607 0.888798 -2.595241
v -5.751944 0.888798 -2.595241
v -5.751944 0.888798 0.948722
v -6.544607 1.066261 0.948722
v -5.751944 1.066261 0.948722
v -5.751944 1.066261 -2.595241
v -6.544607 1.066261 -2.595241
v -7.350115 0.888798 0.948722
v -7.350115 0.888798 -2.595241
v -6.557452 0.888798 -2.595241
v -6.557452 0.888798 0.948722
v -7.350115 1.066261 0.948722
v -6.557452 1.066261 0.948722
v -6.557452 1.066261 -2.595241
v -7.350115 1.066261 -2.595241
v -8.142458 0.888798 0.948722
v -8.142458 0.888798 -2.595241
v -7.366322 0.888798 -2.595241
v -7.366322 0.888798 0.948722
v -8.142458 1.066261 0.948722
v -7.366322 1.066261 0.948722
v -7.366322 1.066261 -2.595241
v -8.142458 1.066261 -2.595241
v -8.158985 0.917070 -2.563858
v -8.158985 0.917070 0.917320
v -8.158985 1.038006 0.917320
v -8.158985 1.038007 -2.563858
v -0.250791 3.078444 0.839974
v -0.250791 3.078445 -2.421413
v -0.171825 3.078445 -2.421413
v -0.171825 3.078444 0.839974
v -0.250791 3.413882 0.839975
v -0.171825 3.413882 0.839975
v -0.171825 3.413882 -2.421413
v -0.250791 3.413882 -2.421413
v -8.113533 3.078444 0.839974
v -8.113533 3.078445 -2.421413
v -8.034579 3.078445 -2.421413
v -8.034579 3.078444 0.839974
v -8.113533 3.413882 0.839975
v -8.034579 3.413882 0.839975
v -8.034579 3.413882 -2.421413
v -8.113533 3.413882 -2.421413
v -8.026041 3.078445 -2.271276
v -8.026041 3.078445 -2.439514
v -0.257642 3.078445 -2.439514
v -0.257642 3.078445 -2.271276
v -8.026041 3.413882 -2.271276
v -0.257642 3.413882 -2.271276
v -0.257642 3.413882 -2.439514
v -8.026041 3.413882 -2.439514
v -8.026041 3.078444 0.838240
v -8.026041 3.078444 0.670002
v -0.257642 3.078444 0.670002
v -0.257642 3.078444 0.838240
v -8.026041 3.413882 0.838240
v -0.257642 3.413882 0.838240
v -0.257642 3.413882 0.670002
v -8.026041 3.413882 0.670002
v -0.142759 3.416757 0.948722
v -0.918895 3.416757 0.948722
v -0.918895 3.416757 -2.595241
v -0.142759 3.416757 -2.595241
v -0.142759 3.594220 0.917321
v -0.142759 3.594220 -2.595241
v -0.918895 3.594220 -2.595241
v -0.918895 3.594220 0.917321
v -0.142759 3.565965 0.948722
v -0.918895 3.565965 0.948722
v -0.126219 3.445029 -2.563857
v -0.126219 3.565966 -2.563857
v -0.126219 3.565965 0.917321
v -0.126219 3.445028 0.917321
v -0.133211 3.577906 0.930586
v -1.723380 3.416757 0.948722
v -1.723380 3.416757 -2.595241
v -0.930718 3.416757 -2.595241
v -0.930718 3.416757 0.948722
v -1.723380 3.594220 0.917321
v -0.930718 3.594220 0.917321
v -0.930718 3.594220 -2.595241
v -1.723380 3.594220 -2.595241
v -0.930718 3.565965 0.948722
v -1.723380 3.565965 0.948722
v -2.527431 3.416757 0.948722
v -2.527431 3.416757 -2.595241
v -1.734769 3.416757 -2.595241
v -1.734769 3.416757 0.948722
v -2.527431 3.594220 0.917321
v -1.734769 3.594220 0.917321
v -1.734769 3.594220 -2.595241
v -2.527431 3.594220 -2.595241
v -1.734769 3.565965 0.948722
v -2.527431 3.565965 0.948722
v -3.331150 3.416757 0.948722
v -3.331150 3.416757 -2.595241
v -2.538488 3.416757 -2.595241
v -2.538488 3.416757 0.948722
v -3.331150 3.594220 0.917321
v -2.538488 3.594220 0.917321
v -2.538488 3.594220 -2.595241
v -3.331150 3.594220 -2.595241
v -2.538488 3.565965 0.948722
v -3.331150 3.565965 0.948722
v -4.134243 3.416757 0.948722
v -4.134243 3.416757 -2.595241
v -3.341568 3.416757 -2.595241
v -3.341568 3.416757 0.948722
v -4.134243 3.594220 0.917321
v -3.341568 3.594220 0.917321
v -3.341568 3.594220 -2.595241
v -4.134243 3.594220 -2.595241
v -3.341568 3.565965 0.948722
v -4.134243 3.565965 0.948722
v -4.936811 3.416757 0.948722
v -4.936811 3.416757 -2.595241
v -4.144149 3.416757 -2.595241
v -4.144149 3.416757 0.948722
v -4.936811 3.594220 0.917321
v -4.144149 3.594220 0.917321
v -4.144149 3.594220 -2.595241
v -4.936811 3.594220 -2.595241
v -4.144149 3.565965 0.948722
v -4.936811 3.565965 0.948722
v -5.741463 3.416757 0.948722
v -5.741463 3.416757 -2.595241
v -4.948801 3.416757 -2.595241
v -4.948801 3.416757 0.948722
v -5.741463 3.594220 0.917321
v -4.948801 3.594220 0.917321
v -4.948801 3.594220 -2.595241
v -5.741463 3.594220 -2.595241
v -4.948801 3.565965 0.948722
v -5.741463 3.565965 0.948722
v -6.544607 3.416757 0.948722
v -6.544607 3.416757 -2.595241
v -5.751944 3.416757 -2.595241
v -5.751944 3.416757 0.948722
v -6.544607 3.594220 0.917321
v -5.751944 3.594220 0.917321
v -5.751944 3.594220 -2.595241
v -6.544607 3.594220 -2.595241
v -5.751944 3.565965 0.948722
v -6.544607 3.565965 0.948722
v -7.350115 3.416757 0.948722
v -7.350115 3.416757 -2.595241
v -6.557452 3.416757 -2.595241
v -6.557452 3.416757 0.948722
v -7.350115 3.594220 0.917321
v -6.557452 3.594220 0.917321
v -6.557452 3.594220 -2.595241
v -7.350115 3.594220 -2.595241
v -6.557452 3.565965 0.948722
v -7.350115 3.565965 0.948722
v -8.005437 3.589952 0.664412
v -8.005437 3.589952 -2.596993
v -7.926484 3.589952 -2.596993
v -7.926484 3.589952 0.664412
v -8.005437 3.699724 0.664412
v -7.926484 3.699724 0.664412
v -7.926484 3.699724 -2.596993
v -8.005437 3.699724 -2.596993
v -0.397040 3.589952 0.664412
v -0.397040 3.589952 -2.596993
v -0.318087 3.589952 -2.596993
v -0.318087 3.589952 0.664412
v -0.397040 3.699724 0.664412
v -0.318087 3.699724 0.664412
v -0.318087 3.699724 -2.596993
v -0.397040 3.699724 -2.596993
v -0.417772 3.703852 -2.353389
v -0.417772 3.703852 -2.683662
v -0.313434 3.703852 -2.683662
v -0.313434 3.703852 -2.353389
v -0.417772 8.315019 -2.353388
v -0.313434 8.315019 -2.353388
v -0.313434 8.315019 -2.683661
v -0.417772 8.315019 -2.683661
v -8.009399 3.703852 -2.353389
v -8.009399 3.703852 -2.683662
v -7.905036 3.703852 -2.683662
v -7.905036 3.703852 -2.353389
v -8.009399 8.314842 -2.353388
v -7.905036 8.314842 -2.353388
v -7.905036 8.314842 -2.683661
v -8.009399 8.314842 -2.683661
v -7.903681 8.107308 -2.353388
v -7.903681 8.107308 -2.683661
v -0.418552 8.107308 -2.683661
v -0.418552 8.107308 -2.353388
v -7.903681 8.314878 -2.353388
v -0.418552 8.314878 -2.353388
v -0.418552 8.314878 -2.683661
v -7.903681 8.314878 -2.683661
v -4.029381 -0.854686 -2.635351
v -4.414381 -0.854686 -2.635351
v -4.414381 -0.854686 -2.419802
v -4.029381 -0.854686 -2.419802
v -0.319365 -0.854686 -2.635351
v -0.704365 -0.854686 -2.635351
v -0.704365 -0.854686 -2.419802
v -0.319365 -0.854686 -2.419802
v -7.594707 -0.854686 -2.635351
v -7.979707 -0.854686 -2.635351
v -7.979707 -0.854686 -2.419802
v -7.594707 -0.854686 -2.419802
v -4.029381 -0.854687 0.827638
v -4.414381 -0.854687 0.827638
v -4.029381 -0.854687 1.004812
v -4.414381 -0.854687 1.004812
v -0.319365 -0.854687 0.827638
v -0.704365 -0.854687 0.827638
v -0.319365 -0.854687 1.004812
v -0.704365 -0.854687 1.004812
v -7.594707 -0.854687 0.827638
v -7.979707 -0.854687 0.827638
v -7.594707 -0.854687 1.004812
v -7.979707 -0.854687 1.004812
v -4.029381 -0.895816 -2.635351
v -4.414381 -0.895816 -2.635351
v -4.414381 -0.895816 -2.419802
v -4.029381 -0.895816 -2.419802
v -0.319365 -0.895816 -2.635351
v -0.704365 -0.895816 -2.635351
v -0.704365 -0.895816 -2.419802
v -0.319365 -0.895816 -2.419802
v -7.594707 -0.895816 -2.635351
v -7.979707 -0.895816 -2.635351
v -7.979707 -0.895816 -2.419802
v -7.594707 -0.895816 -2.419802
v -4.029381 -0.895816 0.827638
v -4.414381 -0.895816 0.827638
v -4.029381 -0.895816 1.004812
v -4.414381 -0.895816 1.004812
v -0.319365 -0.895816 0.827638
v -0.704365 -0.895816 0.827638
v -0.319365 -0.895816 1.004812
v -0.704365 -0.895816 1.004812
v -7.594707 -0.895816 0.827638
v -7.979707 -0.895816 0.827638
v -7.594707 -0.895816 1.004812
v -7.979707 -0.895816 1.004812
v -4.221875 -0.895816 -2.527585
v -0.511872 -0.895816 -2.527585
v -7.787213 -0.895816 -2.527585
v -4.221875 -0.895816 0.916216
v -0.511872 -0.895816 0.916216
v -7.787213 -0.895816 0.916216
v -2.556037 3.441730 0.664412
v -2.556037 3.441731 -2.400263
v -0.684093 3.441731 -2.400263
v -0.684093 3.441730 0.664412
v -0.684093 3.801719 0.664412
v -2.556037 3.801719 0.664412
v -0.684093 3.801719 -2.400263
v -2.556037 3.801719 -2.400263
v -2.434099 3.801719 -2.329751
v -0.806032 3.801719 -2.329751
v -2.434099 3.801719 0.506723
v -0.806032 3.801719 0.506723
v -2.389427 3.760766 -2.251931
v -0.850691 3.760766 -2.251931
v -2.389427 3.760766 0.428904
v -0.850691 3.760766 0.428904
v -1.620065 3.760766 -0.911514
vt 0.373800 0.650100
vt 0.373800 0.628900
vt 0.374700 0.626500
vt 0.374700 0.652400
vt 0.373800 0.594800
vt 0.373800 0.573600
vt 0.374700 0.571300
vt 0.374700 0.597200
vt 0.580500 0.012100
vt 0.580500 0.005800
vt 0.582800 0.005100
vt 0.582800 0.012800
vt 0.635700 0.127100
vt 0.635700 0.120900
vt 0.638300 0.120200
vt 0.638300 0.127800
vt 0.177800 0.719000
vt 0.199000 0.719000
vt 0.201400 0.719900
vt 0.175400 0.719900
vt 0.373800 0.622500
vt 0.373800 0.601200
vt 0.374700 0.598900
vt 0.374700 0.624800
vt 0.635700 0.182400
vt 0.635700 0.176100
vt 0.638100 0.175400
vt 0.638100 0.183100
vt 0.638100 0.157700
vt 0.638100 0.164000
vt 0.635700 0.164700
vt 0.635700 0.157000
vt 0.373800 0.677700
vt 0.373800 0.656500
vt 0.374700 0.654100
vt 0.374700 0.680100
vt 0.373800 0.567200
vt 0.373800 0.546000
vt 0.374700 0.543600
vt 0.374700 0.569600
vt 0.635700 0.108700
vt 0.635700 0.102500
vt 0.638300 0.101800
vt 0.638300 0.109400
vt 0.585100 0.012100
vt 0.585100 0.005800
vt 0.587600 0.005100
vt 0.587600 0.012800
vt 0.875500 0.130000
vt 0.875500 0.108700
vt 0.876400 0.106400
vt 0.876400 0.132300
vt 0.383700 0.670500
vt 0.378500 0.670500
vt 0.377900 0.667900
vt 0.384200 0.667900
vt 0.208700 0.702700
vt 0.203600 0.702700
vt 0.203000 0.700100
vt 0.209300 0.700100
vt 0.122500 0.719000
vt 0.143800 0.719000
vt 0.146100 0.719900
vt 0.120200 0.719900
vt 0.383700 0.693500
vt 0.378500 0.693500
vt 0.377900 0.690900
vt 0.384200 0.690900
vt 0.709400 0.171900
vt 0.709400 0.166800
vt 0.711900 0.166200
vt 0.711900 0.172500
vt 0.150200 0.719000
vt 0.171400 0.719000
vt 0.173700 0.719900
vt 0.147800 0.719900
vt 0.704700 0.287000
vt 0.704700 0.281900
vt 0.707300 0.281300
vt 0.707300 0.287600
vt 0.383700 0.592200
vt 0.378500 0.592200
vt 0.377900 0.589700
vt 0.384200 0.589700
vt 0.392300 0.021500
vt 0.371100 0.021500
vt 0.368700 0.020500
vt 0.394700 0.020500
vt 0.318700 0.021500
vt 0.297400 0.021500
vt 0.295100 0.020500
vt 0.321000 0.020500
vt 0.355500 0.021500
vt 0.334300 0.021500
vt 0.331900 0.020500
vt 0.357900 0.020500
vt 0.376400 0.626500
vt 0.376400 0.652400
vt 0.376400 0.571300
vt 0.376400 0.597200
vt 0.109400 0.554500
vt 0.101800 0.554500
vt 0.101800 0.552900
vt 0.109400 0.552900
vt 0.517000 0.859000
vt 0.517000 0.851400
vt 0.518700 0.851400
vt 0.518700 0.859000
vt 0.201400 0.721600
vt 0.175400 0.721600
vt 0.376400 0.598900
vt 0.376400 0.624800
vt 0.635700 0.146200
vt 0.635700 0.138600
vt 0.637300 0.138600
vt 0.637300 0.146200
vt 0.517000 0.895800
vt 0.517000 0.888200
vt 0.518700 0.888200
vt 0.518700 0.895800
vt 0.376400 0.654100
vt 0.376400 0.680100
vt 0.376400 0.543600
vt 0.376400 0.569600
vt 0.008200 0.549900
vt 0.000500 0.549900
vt 0.000500 0.548200
vt 0.008200 0.548200
vt 0.517000 0.877400
vt 0.517000 0.869800
vt 0.518700 0.869800
vt 0.518700 0.877400
vt 0.878100 0.106400
vt 0.878100 0.132300
vt 0.704700 0.306000
vt 0.704700 0.299700
vt 0.706400 0.299700
vt 0.706400 0.306000
vt 0.669600 0.006700
vt 0.663300 0.006700
vt 0.663300 0.005100
vt 0.669600 0.005100
vt 0.146100 0.721600
vt 0.120200 0.721600
vt 0.635700 0.200100
vt 0.635700 0.193800
vt 0.637300 0.193800
vt 0.637300 0.200100
vt 0.688000 0.006700
vt 0.681700 0.006700
vt 0.681700 0.005100
vt 0.688000 0.005100
vt 0.173700 0.721600
vt 0.147800 0.721600
vt 0.249400 0.774500
vt 0.249400 0.768200
vt 0.251000 0.768200
vt 0.251000 0.774500
vt 0.706400 0.006700
vt 0.700100 0.006700
vt 0.700100 0.005100
vt 0.706400 0.005100
vt 0.368700 0.018900
vt 0.394700 0.018900
vt 0.295100 0.018900
vt 0.321000 0.018900
vt 0.331900 0.018900
vt 0.357900 0.018900
vt 0.212200 0.714000
vt 0.238200 0.714000
vt 0.225200 0.717800
vt 0.238200 0.721600
vt 0.212200 0.721600
vt 0.552900 0.014300
vt 0.578800 0.014300
vt 0.565800 0.018100
vt 0.578800 0.022000
vt 0.552900 0.022000
vt 0.256700 0.723200
vt 0.256700 0.749100
vt 0.252900 0.736100
vt 0.249100 0.749100
vt 0.249100 0.723200
vt 0.255300 0.778400
vt 0.255300 0.804300
vt 0.252200 0.791400
vt 0.249100 0.804300
vt 0.249100 0.778400
vt 0.552900 0.005100
vt 0.578800 0.005100
vt 0.565800 0.008200
vt 0.578800 0.011400
vt 0.552900 0.011400
vt 0.028100 0.548200
vt 0.054100 0.548200
vt 0.041100 0.551400
vt 0.054100 0.554500
vt 0.028100 0.554500
vt 0.722200 0.240300
vt 0.831900 0.240300
vt 0.840100 0.249700
vt 0.714000 0.249700
vt 0.722200 0.139600
vt 0.714000 0.134000
vt 0.831900 0.139600
vt 0.840100 0.134000
vt 0.725200 0.237500
vt 0.828900 0.237500
vt 0.725200 0.142300
vt 0.828900 0.142300
vt 0.777000 0.189900
vt 0.743100 0.839900
vt 0.617300 0.839900
vt 0.617300 0.787600
vt 0.743100 0.787600
vt 0.936600 0.783400
vt 0.884300 0.783400
vt 0.884300 0.658700
vt 0.936600 0.658700
vt 0.540700 0.020700
vt 0.488400 0.020700
vt 0.488400 0.014800
vt 0.540700 0.014800
vt 0.875100 0.784500
vt 0.875100 0.659800
vt 0.876200 0.658700
vt 0.882100 0.658700
vt 0.882100 0.784500
vt 0.842800 0.971700
vt 0.895100 0.971700
vt 0.895100 0.978700
vt 0.842800 0.978700
vt 0.935100 0.520600
vt 0.935100 0.644200
vt 0.930300 0.644200
vt 0.930300 0.520600
vt 0.742000 0.841000
vt 0.618400 0.841000
vt 0.937700 0.783400
vt 0.937200 0.783900
vt 0.937700 0.659800
vt 0.541400 0.014300
vt 0.541800 0.014800
vt 0.541800 0.019500
vt 0.896300 0.972800
vt 0.896300 0.977600
vt 0.585200 0.530600
vt 0.405600 0.530600
vt 0.405600 0.023500
vt 0.585200 0.023500
vt 0.401100 0.023500
vt 0.401100 0.530600
vt 0.221400 0.530600
vt 0.221400 0.023500
vt 0.209300 0.023500
vt 0.209300 0.530600
vt 0.203000 0.530600
vt 0.203000 0.023500
vt 0.893600 0.103400
vt 0.714000 0.103400
vt 0.714000 0.097200
vt 0.893600 0.097200
vt 0.212200 0.530600
vt 0.212200 0.023500
vt 0.218500 0.023500
vt 0.218500 0.530600
vt 0.714000 0.088000
vt 0.893600 0.088000
vt 0.893600 0.094200
vt 0.714000 0.094200
vt 0.212200 0.650100
vt 0.212200 0.628900
vt 0.212200 0.594800
vt 0.212200 0.573600
vt 0.548700 0.637400
vt 0.387100 0.637400
vt 0.387100 0.631100
vt 0.548700 0.631100
vt 0.243800 0.846700
vt 0.243800 0.825400
vt 0.250000 0.825400
vt 0.250000 0.846700
vt 0.387100 0.621900
vt 0.548700 0.621900
vt 0.548700 0.628200
vt 0.387100 0.628200
vt 0.177800 0.557500
vt 0.199000 0.557500
vt 0.212200 0.622500
vt 0.212200 0.601200
vt 0.548700 0.646600
vt 0.387100 0.646600
vt 0.387100 0.640300
vt 0.548700 0.640300
vt 0.244500 0.873300
vt 0.244500 0.852000
vt 0.250700 0.852000
vt 0.250700 0.873300
vt 0.387100 0.612700
vt 0.548700 0.612700
vt 0.548700 0.618900
vt 0.387100 0.618900
vt 0.212200 0.677700
vt 0.212200 0.656500
vt 0.212200 0.567200
vt 0.212200 0.546000
vt 0.548700 0.655800
vt 0.387100 0.655800
vt 0.387100 0.649500
vt 0.548700 0.649500
vt 0.482000 0.706400
vt 0.460800 0.706400
vt 0.460800 0.700100
vt 0.482000 0.700100
vt 0.387100 0.603500
vt 0.548700 0.603500
vt 0.548700 0.609700
vt 0.387100 0.609700
vt 0.714000 0.130000
vt 0.714000 0.108700
vt 0.212200 0.711100
vt 0.212200 0.692100
vt 0.371500 0.692100
vt 0.371500 0.711100
vt 0.387100 0.562100
vt 0.548700 0.562100
vt 0.548700 0.567200
vt 0.387100 0.567200
vt 0.417600 0.705300
vt 0.396400 0.705300
vt 0.396400 0.700100
vt 0.417600 0.700100
vt 0.387100 0.571300
vt 0.548700 0.571300
vt 0.548700 0.576400
vt 0.387100 0.576400
vt 0.122500 0.557500
vt 0.143800 0.557500
vt 0.547600 0.581600
vt 0.547600 0.600600
vt 0.388300 0.600600
vt 0.388300 0.581600
vt 0.548700 0.558000
vt 0.387100 0.558000
vt 0.387100 0.552900
vt 0.548700 0.552900
vt 0.635700 0.090800
vt 0.635700 0.069500
vt 0.640800 0.069500
vt 0.640800 0.090800
vt 0.373800 0.686900
vt 0.212200 0.686900
vt 0.212200 0.681700
vt 0.373800 0.681700
vt 0.150200 0.557500
vt 0.171400 0.557500
vt 0.387100 0.678800
vt 0.387100 0.659800
vt 0.546500 0.659800
vt 0.546500 0.678800
vt 0.387100 0.543600
vt 0.548700 0.543600
vt 0.548700 0.548800
vt 0.387100 0.548800
vt 0.244500 0.928500
vt 0.244500 0.907300
vt 0.249600 0.907300
vt 0.249600 0.928500
vt 0.401000 0.534400
vt 0.562500 0.534400
vt 0.562500 0.539600
vt 0.401000 0.539600
vt 0.529800 0.962500
vt 0.645600 0.962500
vt 0.645600 0.967800
vt 0.529800 0.967800
vt 0.939500 0.520600
vt 0.944800 0.520600
vt 0.944800 0.636400
vt 0.939500 0.636400
vt 0.704700 0.115600
vt 0.710100 0.115600
vt 0.710100 0.128800
vt 0.704700 0.128800
vt 0.961900 0.520600
vt 0.961900 0.636400
vt 0.948700 0.636400
vt 0.948700 0.520600
vt 0.203000 0.608100
vt 0.208400 0.608100
vt 0.208400 0.621300
vt 0.203000 0.621300
vt 0.952700 0.778400
vt 0.952700 0.894100
vt 0.939500 0.894100
vt 0.939500 0.778400
vt 0.649500 0.971700
vt 0.765300 0.971700
vt 0.765300 0.977000
vt 0.649500 0.977000
vt 0.939500 0.649500
vt 0.944800 0.649500
vt 0.944800 0.765300
vt 0.939500 0.765300
vt 0.142600 0.548200
vt 0.142600 0.553600
vt 0.129400 0.553600
vt 0.129400 0.548200
vt 0.961900 0.649500
vt 0.961900 0.765300
vt 0.948700 0.765300
vt 0.948700 0.649500
vt 0.203000 0.580500
vt 0.208400 0.580500
vt 0.208400 0.593700
vt 0.203000 0.593700
vt 0.134000 0.980900
vt 0.249700 0.980900
vt 0.249700 0.994100
vt 0.134000 0.994100
vt 0.147800 0.023500
vt 0.153800 0.023500
vt 0.153800 0.547100
vt 0.147800 0.547100
vt 0.135400 0.023500
vt 0.135400 0.547100
vt 0.129400 0.547100
vt 0.129400 0.023500
vt 0.179400 0.023500
vt 0.179400 0.547100
vt 0.166200 0.547100
vt 0.166200 0.023500
vt 0.203000 0.663300
vt 0.209000 0.663300
vt 0.209000 0.676500
vt 0.203000 0.676500
vt 0.105800 0.023500
vt 0.105800 0.547100
vt 0.092600 0.547100
vt 0.092600 0.023500
vt 0.704700 0.143200
vt 0.710700 0.143200
vt 0.710700 0.156400
vt 0.704700 0.156400
vt 0.009700 0.023500
vt 0.015700 0.023500
vt 0.015700 0.547100
vt 0.009700 0.547100
vt 0.144600 0.023500
vt 0.144600 0.547100
vt 0.138600 0.547100
vt 0.138600 0.023500
vt 0.197800 0.023500
vt 0.197800 0.547100
vt 0.184600 0.547100
vt 0.184600 0.023500
vt 0.920500 0.134000
vt 0.920500 0.140000
vt 0.907300 0.140000
vt 0.907300 0.134000
vt 0.124200 0.023500
vt 0.124200 0.547100
vt 0.111000 0.547100
vt 0.111000 0.023500
vt 0.888300 0.134000
vt 0.888300 0.140000
vt 0.875100 0.140000
vt 0.875100 0.134000
vt 0.816900 0.646400
vt 0.764600 0.646400
vt 0.764600 0.520600
vt 0.816900 0.520600
vt 0.660400 0.658700
vt 0.660400 0.784500
vt 0.608100 0.784500
vt 0.608100 0.658700
vt 0.992500 0.959600
vt 0.985500 0.959600
vt 0.985500 0.907300
vt 0.992500 0.907300
vt 0.384000 0.824400
vt 0.384000 0.831400
vt 0.258300 0.831400
vt 0.258300 0.824400
vt 0.992500 0.830700
vt 0.985500 0.830700
vt 0.985500 0.778400
vt 0.992500 0.778400
vt 0.512700 0.834000
vt 0.507900 0.834000
vt 0.507900 0.710500
vt 0.512700 0.710500
vt 0.513800 0.709400
vt 0.513800 0.835100
vt 0.506800 0.835100
vt 0.506800 0.709400
vt 0.241400 0.896300
vt 0.115600 0.896300
vt 0.115600 0.842800
vt 0.241400 0.842800
vt 0.246000 0.723200
vt 0.246000 0.776600
vt 0.120200 0.776600
vt 0.120200 0.723200
vt 0.974100 0.842800
vt 0.974100 0.896300
vt 0.967100 0.896300
vt 0.967100 0.842800
vt 0.241400 0.840600
vt 0.115600 0.840600
vt 0.115600 0.833600
vt 0.241400 0.833600
vt 0.974100 0.520600
vt 0.974100 0.574100
vt 0.967100 0.574100
vt 0.967100 0.520600
vt 0.449400 0.709400
vt 0.449400 0.835100
vt 0.442400 0.835100
vt 0.442400 0.709400
vt 0.873200 0.658700
vt 0.873200 0.784500
vt 0.819800 0.784500
vt 0.819800 0.658700
vt 0.384000 0.714000
vt 0.384000 0.767400
vt 0.258300 0.767400
vt 0.258300 0.714000
vt 0.974100 0.714000
vt 0.974100 0.767400
vt 0.967100 0.767400
vt 0.967100 0.714000
vt 0.236800 0.969500
vt 0.111000 0.969500
vt 0.111000 0.962500
vt 0.236800 0.962500
vt 0.983300 0.649500
vt 0.983300 0.702900
vt 0.976300 0.702900
vt 0.976300 0.649500
vt 0.974100 0.005100
vt 0.974100 0.130900
vt 0.967100 0.130900
vt 0.967100 0.005100
vt 0.908800 0.500400
vt 0.783000 0.500400
vt 0.783000 0.447000
vt 0.908800 0.447000
vt 0.379400 0.898100
vt 0.379400 0.951500
vt 0.253700 0.951500
vt 0.253700 0.898100
vt 0.983300 0.778400
vt 0.983300 0.831800
vt 0.976300 0.831800
vt 0.976300 0.778400
vt 0.253700 0.953300
vt 0.379400 0.953300
vt 0.379400 0.960300
vt 0.253700 0.960300
vt 0.983300 0.842800
vt 0.983300 0.896300
vt 0.976300 0.896300
vt 0.976300 0.842800
vt 0.960300 0.143200
vt 0.960300 0.269000
vt 0.953300 0.269000
vt 0.953300 0.143200
vt 0.241400 0.831800
vt 0.115600 0.831800
vt 0.115600 0.778400
vt 0.241400 0.778400
vt 0.902700 0.005100
vt 0.956100 0.005100
vt 0.956100 0.130900
vt 0.902700 0.130900
vt 0.978700 0.401000
vt 0.978700 0.454400
vt 0.971700 0.454400
vt 0.971700 0.401000
vt 0.964900 0.005100
vt 0.964900 0.130900
vt 0.957900 0.130900
vt 0.957900 0.005100
vt 0.911900 0.474600
vt 0.965300 0.474600
vt 0.965300 0.481600
vt 0.911900 0.481600
vt 0.391700 0.957900
vt 0.517500 0.957900
vt 0.517500 0.964900
vt 0.391700 0.964900
vt 0.258300 0.769200
vt 0.384000 0.769200
vt 0.384000 0.822600
vt 0.258300 0.822600
vt 0.512900 0.847400
vt 0.512900 0.900900
vt 0.387100 0.900900
vt 0.387100 0.847400
vt 0.974100 0.778400
vt 0.974100 0.831800
vt 0.967100 0.831800
vt 0.967100 0.778400
vt 0.992500 0.005100
vt 0.992500 0.130900
vt 0.985500 0.130900
vt 0.985500 0.005100
vt 0.983300 0.585100
vt 0.983300 0.638500
vt 0.976300 0.638500
vt 0.976300 0.585100
vt 0.582900 0.829000
vt 0.582900 0.954800
vt 0.575900 0.954800
vt 0.575900 0.829000
vt 0.387100 0.835100
vt 0.387100 0.709400
vt 0.440600 0.709400
vt 0.440600 0.835100
vt 0.864000 0.922600
vt 0.810600 0.922600
vt 0.810600 0.796800
vt 0.864000 0.796800
vt 0.879700 0.934900
vt 0.933100 0.934900
vt 0.933100 0.941900
vt 0.879700 0.941900
vt 0.587500 0.690900
vt 0.587500 0.816700
vt 0.580500 0.816700
vt 0.580500 0.690900
vt 0.879700 0.944100
vt 0.933100 0.944100
vt 0.933100 0.951100
vt 0.879700 0.951100
vt 0.601300 0.829000
vt 0.601300 0.954800
vt 0.594300 0.954800
vt 0.594300 0.829000
vt 0.842800 0.269000
vt 0.842800 0.143200
vt 0.896300 0.143200
vt 0.896300 0.269000
vt 0.847400 0.325500
vt 0.847400 0.272100
vt 0.973200 0.272100
vt 0.973200 0.325500
vt 0.964900 0.907300
vt 0.964900 0.960700
vt 0.957900 0.960700
vt 0.957900 0.907300
vt 0.847400 0.382500
vt 0.973200 0.382500
vt 0.973200 0.389500
vt 0.847400 0.389500
vt 0.778400 0.971700
vt 0.831800 0.971700
vt 0.831800 0.978700
vt 0.778400 0.978700
vt 0.679500 0.520600
vt 0.679500 0.646400
vt 0.672500 0.646400
vt 0.672500 0.520600
vt 0.391700 0.902700
vt 0.517500 0.902700
vt 0.517500 0.956100
vt 0.391700 0.956100
vt 0.830500 0.391700
vt 0.830500 0.445200
vt 0.704700 0.445200
vt 0.704700 0.391700
vt 0.911900 0.456200
vt 0.965300 0.456200
vt 0.965300 0.463200
vt 0.911900 0.463200
vt 0.592100 0.829000
vt 0.592100 0.954800
vt 0.585100 0.954800
vt 0.585100 0.829000
vt 0.946500 0.907300
vt 0.946500 0.960700
vt 0.939500 0.960700
vt 0.939500 0.907300
vt 0.718600 0.784500
vt 0.718600 0.658700
vt 0.725600 0.658700
vt 0.725600 0.784500
vt 0.526300 0.816700
vt 0.526300 0.690900
vt 0.578700 0.690900
vt 0.578700 0.816700
vt 0.609200 0.520600
vt 0.661500 0.520600
vt 0.661500 0.646400
vt 0.609200 0.646400
vt 0.913000 0.493000
vt 0.965300 0.493000
vt 0.965300 0.500000
vt 0.913000 0.500000
vt 0.670300 0.520600
vt 0.670300 0.646400
vt 0.663300 0.646400
vt 0.663300 0.520600
vt 0.787600 0.962500
vt 0.839900 0.962500
vt 0.839900 0.969500
vt 0.787600 0.969500
vt 0.999500 0.005100
vt 0.999500 0.128700
vt 0.994700 0.128700
vt 0.994700 0.005100
vt 0.525200 0.815600
vt 0.525200 0.692100
vt 0.608100 0.645300
vt 0.608100 0.521700
vt 0.911900 0.498900
vt 0.911900 0.494100
vt 0.841000 0.963600
vt 0.841000 0.968400
vt 0.520600 0.971700
vt 0.636400 0.971700
vt 0.636400 0.977000
vt 0.520600 0.977000
vt 0.249700 0.971700
vt 0.249700 0.977000
vt 0.134000 0.977000
vt 0.134000 0.971700
vt 0.879700 0.115600
vt 0.885000 0.115600
vt 0.885000 0.128800
vt 0.879700 0.128800
vt 0.005100 0.980900
vt 0.120900 0.980900
vt 0.120900 0.994100
vt 0.005100 0.994100
vt 0.170200 0.548200
vt 0.170200 0.553600
vt 0.157000 0.553600
vt 0.157000 0.548200
vt 0.507500 0.989500
vt 0.391700 0.989500
vt 0.391700 0.976300
vt 0.507500 0.976300
vt 0.990100 0.258900
vt 0.990100 0.143200
vt 0.995500 0.143200
vt 0.995500 0.258900
vt 0.976300 0.272100
vt 0.981600 0.272100
vt 0.981600 0.387800
vt 0.976300 0.387800
vt 0.605200 0.823700
vt 0.610500 0.823700
vt 0.610500 0.837000
vt 0.605200 0.837000
vt 0.750800 0.925700
vt 0.866500 0.925700
vt 0.866500 0.938900
vt 0.750800 0.938900
vt 0.203000 0.635700
vt 0.208400 0.635700
vt 0.208400 0.648900
vt 0.203000 0.648900
vt 0.750800 0.944100
vt 0.866500 0.944100
vt 0.866500 0.957300
vt 0.750800 0.957300
vt 0.157000 0.023500
vt 0.163000 0.023500
vt 0.163000 0.547100
vt 0.157000 0.547100
vt 0.043300 0.023500
vt 0.043300 0.547100
vt 0.037300 0.547100
vt 0.037300 0.023500
vt 0.032100 0.023500
vt 0.032100 0.547100
vt 0.018900 0.547100
vt 0.018900 0.023500
vt 0.197800 0.548200
vt 0.197800 0.554200
vt 0.184600 0.554200
vt 0.184600 0.548200
vt 0.005100 0.000500
vt 0.528700 0.000500
vt 0.528700 0.013700
vt 0.005100 0.013700
vt 0.203000 0.552900
vt 0.209000 0.552900
vt 0.209000 0.566100
vt 0.203000 0.566100
vt 0.083400 0.023500
vt 0.089300 0.023500
vt 0.089300 0.547100
vt 0.083400 0.547100
vt 0.006500 0.018900
vt 0.006500 0.542500
vt 0.000500 0.542500
vt 0.000500 0.018900
vt 0.059800 0.023500
vt 0.059800 0.547100
vt 0.046500 0.547100
vt 0.046500 0.023500
vt 0.888900 0.115600
vt 0.894800 0.115600
vt 0.894800 0.128800
vt 0.888900 0.128800
vt 0.078200 0.023500
vt 0.078200 0.547100
vt 0.064900 0.547100
vt 0.064900 0.023500
vt 0.865300 0.134000
vt 0.865300 0.140000
vt 0.852000 0.140000
vt 0.852000 0.134000
vt 0.612700 0.895100
vt 0.612700 0.842800
vt 0.738500 0.842800
vt 0.738500 0.895100
vt 0.927400 0.796800
vt 0.927400 0.921500
vt 0.875100 0.921500
vt 0.875100 0.796800
vt 0.985500 0.842800
vt 0.991400 0.842800
vt 0.991400 0.895100
vt 0.985500 0.895100
vt 0.808400 0.922600
vt 0.802500 0.922600
vt 0.801400 0.921500
vt 0.801400 0.796800
vt 0.808400 0.796800
vt 0.992500 0.766300
vt 0.985500 0.766300
vt 0.985500 0.714000
vt 0.992500 0.714000
vt 0.816500 0.783400
vt 0.811700 0.783400
vt 0.811700 0.659800
vt 0.816500 0.659800
vt 0.817600 0.658700
vt 0.817600 0.784500
vt 0.810600 0.784500
vt 0.810600 0.659800
vt 0.811300 0.659400
vt 0.811700 0.658700
vt 0.612700 0.907300
vt 0.738500 0.907300
vt 0.738500 0.960700
vt 0.612700 0.960700
vt 0.727800 0.659800
vt 0.781200 0.659800
vt 0.781200 0.784500
vt 0.727800 0.784500
vt 0.973000 0.649500
vt 0.973000 0.702900
vt 0.967100 0.702900
vt 0.967100 0.649500
vt 0.700100 0.646400
vt 0.700100 0.521700
vt 0.701300 0.520600
vt 0.707100 0.520600
vt 0.707100 0.646400
vt 0.983300 0.520600
vt 0.983300 0.574100
vt 0.976300 0.574100
vt 0.976300 0.520600
vt 0.790000 0.659800
vt 0.790000 0.784500
vt 0.783000 0.784500
vt 0.783000 0.658700
vt 0.788900 0.658700
vt 0.875100 0.646400
vt 0.875100 0.520600
vt 0.928500 0.520600
vt 0.928500 0.646400
vt 0.646000 0.500400
vt 0.646000 0.447000
vt 0.770700 0.447000
vt 0.770700 0.500400
vt 0.963800 0.778400
vt 0.963800 0.831800
vt 0.957900 0.831800
vt 0.957900 0.778400
vt 0.598900 0.816700
vt 0.598900 0.692100
vt 0.600000 0.690900
vt 0.605900 0.690900
vt 0.605900 0.816700
vt 0.983300 0.907300
vt 0.983300 0.960700
vt 0.976300 0.960700
vt 0.976300 0.907300
vt 0.690900 0.645300
vt 0.690900 0.520600
vt 0.697900 0.520600
vt 0.697900 0.646400
vt 0.692100 0.646400
vt 0.746200 0.922600
vt 0.746200 0.796800
vt 0.799600 0.796800
vt 0.799600 0.922600
vt 0.848600 0.380700
vt 0.848600 0.327300
vt 0.973200 0.327300
vt 0.973200 0.380700
vt 0.963800 0.842800
vt 0.963800 0.896300
vt 0.957900 0.896300
vt 0.957900 0.842800
vt 0.969500 0.143200
vt 0.969500 0.267900
vt 0.968400 0.269000
vt 0.962500 0.269000
vt 0.962500 0.143200
vt 0.983300 0.714000
vt 0.983300 0.767400
vt 0.976300 0.767400
vt 0.976300 0.714000
vt 0.589700 0.815600
vt 0.589700 0.690900
vt 0.596700 0.690900
vt 0.596700 0.816700
vt 0.590800 0.816700
vt 0.716700 0.658700
vt 0.716700 0.784500
vt 0.663300 0.784500
vt 0.663300 0.658700
vt 0.552900 0.554000
vt 0.606300 0.554000
vt 0.606300 0.678600
vt 0.552900 0.678600
vt 0.986800 0.401000
vt 0.986800 0.454400
vt 0.980900 0.454400
vt 0.980900 0.401000
vt 0.976300 0.130900
vt 0.976300 0.006200
vt 0.977400 0.005100
vt 0.983300 0.005100
vt 0.983300 0.130900
vt 0.396400 0.838200
vt 0.449800 0.838200
vt 0.449800 0.845200
vt 0.396400 0.845200
vt 0.516000 0.815600
vt 0.516000 0.690900
vt 0.523000 0.690900
vt 0.523000 0.816700
vt 0.517100 0.816700
vt 0.968600 0.445200
vt 0.842800 0.445200
vt 0.842800 0.391700
vt 0.968600 0.391700
vt 0.505000 0.834000
vt 0.451600 0.834000
vt 0.451600 0.709400
vt 0.505000 0.709400
vt 0.973000 0.907300
vt 0.973000 0.960700
vt 0.967100 0.960700
vt 0.967100 0.907300
vt 0.384000 0.840600
vt 0.259400 0.840600
vt 0.258300 0.839500
vt 0.258300 0.833600
vt 0.384000 0.833600
vt 0.974100 0.585100
vt 0.974100 0.638500
vt 0.967100 0.638500
vt 0.967100 0.585100
vt 0.865900 0.921500
vt 0.865900 0.796800
vt 0.872800 0.796800
vt 0.872800 0.922600
vt 0.867000 0.922600
vt 0.520600 0.954800
vt 0.520600 0.829000
vt 0.574100 0.829000
vt 0.574100 0.954800
vt 0.240200 0.907300
vt 0.240200 0.960700
vt 0.115600 0.960700
vt 0.115600 0.907300
vt 0.879700 0.925700
vt 0.933100 0.925700
vt 0.933100 0.931600
vt 0.879700 0.931600
vt 0.374800 0.969500
vt 0.250200 0.969500
vt 0.249100 0.968400
vt 0.249100 0.962500
vt 0.374800 0.962500
vt 0.990100 0.454400
vt 0.990100 0.401000
vt 0.997100 0.401000
vt 0.997100 0.454400
vt 0.240200 0.905100
vt 0.115600 0.905100
vt 0.115600 0.898100
vt 0.241400 0.898100
vt 0.241400 0.904000
vt 0.898100 0.269000
vt 0.898100 0.143200
vt 0.951500 0.143200
vt 0.951500 0.269000
vt 0.819800 0.521700
vt 0.873200 0.521700
vt 0.873200 0.646400
vt 0.819800 0.646400
vt 0.954600 0.907300
vt 0.954600 0.960700
vt 0.948700 0.960700
vt 0.948700 0.907300
vt 0.801400 0.784500
vt 0.801400 0.659800
vt 0.802500 0.658700
vt 0.808400 0.658700
vt 0.808400 0.784500
vt 0.879700 0.953300
vt 0.933100 0.953300
vt 0.933100 0.960300
vt 0.879700 0.960300
vt 0.799200 0.659800
vt 0.799200 0.784500
vt 0.792200 0.784500
vt 0.792200 0.658700
vt 0.798100 0.658700
vt 0.253700 0.842800
vt 0.379400 0.842800
vt 0.379400 0.896300
vt 0.253700 0.896300
vt 0.709400 0.521700
vt 0.762800 0.521700
vt 0.762800 0.646400
vt 0.709400 0.646400
vt 0.710600 0.193800
vt 0.710600 0.247200
vt 0.704700 0.247200
vt 0.704700 0.193800
vt 0.738500 0.905100
vt 0.613800 0.905100
vt 0.612700 0.904000
vt 0.612700 0.898100
vt 0.738500 0.898100
vt 0.852000 0.962500
vt 0.905500 0.962500
vt 0.905500 0.969500
vt 0.852000 0.969500
vt 0.681700 0.645300
vt 0.681700 0.520600
vt 0.688700 0.520600
vt 0.688700 0.646400
vt 0.682800 0.646400
vt 0.089100 0.549400
vt 0.088000 0.548200
vt 0.109200 0.548200
vt 0.108100 0.549400
vt 0.388300 0.568300
vt 0.547600 0.568300
vt 0.372700 0.690900
vt 0.372700 0.712200
vt 0.388300 0.577500
vt 0.547600 0.577500
vt 0.448100 0.020000
vt 0.447000 0.018900
vt 0.468200 0.018900
vt 0.467100 0.020000
vt 0.548700 0.601700
vt 0.387100 0.601700
vt 0.387100 0.580500
vt 0.548700 0.580500
vt 0.415900 0.020000
vt 0.414800 0.018900
vt 0.436000 0.018900
vt 0.434900 0.020000
vt 0.388300 0.549900
vt 0.547600 0.549900
vt 0.547600 0.658700
vt 0.547600 0.679900
vt 0.402100 0.540700
vt 0.561400 0.540700
vt 0.976300 0.506700
vt 0.977900 0.507000
vt 0.977000 0.507500
vt 0.282000 0.018900
vt 0.282700 0.019700
vt 0.282100 0.020500
vt 0.985700 0.456200
vt 0.987300 0.456500
vt 0.230700 0.021000
vt 0.230600 0.019400
vt 0.727800 0.658700
vt 0.781200 0.658700
vt 0.644900 0.500400
vt 0.644900 0.447000
vt 0.847400 0.380700
vt 0.847400 0.327300
vt 0.552900 0.552900
vt 0.606300 0.552900
vt 0.505000 0.835100
vt 0.451600 0.835100
vt 0.241400 0.907300
vt 0.241400 0.960700
vt 0.819800 0.520600
vt 0.873200 0.520600
vt 0.709400 0.520600
vt 0.762800 0.520600
vt 0.262900 0.990100
vt 0.378600 0.990100
vt 0.378600 0.995500
vt 0.262900 0.995500
vt 0.774500 0.962500
vt 0.774500 0.967800
vt 0.658700 0.967800
vt 0.658700 0.962500
vt 0.245300 0.813800
vt 0.250700 0.813800
vt 0.250700 0.818200
vt 0.245300 0.818200
vt 0.999100 0.272100
vt 0.999100 0.387800
vt 0.994700 0.387800
vt 0.994700 0.272100
vt 0.249100 0.760000
vt 0.254400 0.760000
vt 0.254400 0.764300
vt 0.249100 0.764300
vt 0.520600 0.980900
vt 0.636400 0.980900
vt 0.636400 0.985300
vt 0.520600 0.985300
vt 0.985500 0.387800
vt 0.985500 0.272100
vt 0.990800 0.272100
vt 0.990800 0.387800
vt 0.930300 0.796800
vt 0.935600 0.796800
vt 0.935600 0.912600
vt 0.930300 0.912600
vt 0.115600 0.557500
vt 0.120900 0.557500
vt 0.120900 0.561800
vt 0.115600 0.561800
vt 0.391700 0.967100
vt 0.507500 0.967100
vt 0.507500 0.971400
vt 0.391700 0.971400
vt 0.700100 0.377900
vt 0.705500 0.377900
vt 0.705500 0.382300
vt 0.700100 0.382300
vt 0.649500 0.980900
vt 0.765300 0.980900
vt 0.765300 0.985300
vt 0.649500 0.985300
vt 0.460800 0.838200
vt 0.472500 0.838200
vt 0.472500 0.845300
vt 0.460800 0.845300
vt 0.382500 0.911900
vt 0.389600 0.911900
vt 0.389600 0.923600
vt 0.382500 0.923600
vt 0.389400 0.534400
vt 0.389400 0.541500
vt 0.207600 0.541500
vt 0.207600 0.534400
vt 0.900300 0.018900
vt 0.900300 0.030600
vt 0.718600 0.030600
vt 0.718600 0.018900
vt 0.900300 0.032700
vt 0.900300 0.039800
vt 0.718600 0.039800
vt 0.718600 0.032700
vt 0.900300 0.005100
vt 0.900300 0.016800
vt 0.718600 0.016800
vt 0.718600 0.005100
vt 0.483800 0.838200
vt 0.495500 0.838200
vt 0.495500 0.845300
vt 0.483800 0.845300
vt 0.942000 0.134000
vt 0.942000 0.141000
vt 0.930300 0.141000
vt 0.930300 0.134000
vt 0.895700 0.041900
vt 0.895700 0.049000
vt 0.714000 0.049000
vt 0.714000 0.041900
vt 0.895700 0.051100
vt 0.895700 0.062900
vt 0.714000 0.062900
vt 0.714000 0.051100
vt 0.895700 0.078700
vt 0.895700 0.085800
vt 0.714000 0.085800
vt 0.714000 0.078700
vt 0.895700 0.064900
vt 0.895700 0.076700
vt 0.714000 0.076700
vt 0.714000 0.064900
vt 0.589700 0.005100
vt 0.601400 0.005100
vt 0.601400 0.509600
vt 0.589700 0.509600
vt 0.633600 0.005100
vt 0.633600 0.509600
vt 0.621900 0.509600
vt 0.621900 0.005100
vt 0.611700 0.005100
vt 0.611700 0.509600
vt 0.603500 0.509600
vt 0.603500 0.005100
vt 0.562100 0.543600
vt 0.573800 0.543600
vt 0.573800 0.551800
vt 0.562100 0.551800
vt 0.620900 0.005100
vt 0.620900 0.509600
vt 0.612700 0.509600
vt 0.612700 0.005100
vt 0.390700 0.934900
vt 0.390700 0.946600
vt 0.382500 0.946600
vt 0.382500 0.934900
vt 0.709400 0.387800
vt 0.709400 0.272100
vt 0.835500 0.272100
vt 0.835500 0.387800
vt 0.709400 0.253700
vt 0.835500 0.253700
vt 0.835500 0.267900
vt 0.709400 0.267900
vt 0.985900 0.143200
vt 0.985900 0.258900
vt 0.971700 0.258900
vt 0.971700 0.143200
vt 0.387100 0.681700
vt 0.513300 0.681700
vt 0.513300 0.695900
vt 0.387100 0.695900
vt 0.262900 0.971700
vt 0.378600 0.971700
vt 0.378600 0.985900
vt 0.262900 0.985900
vn -0.4506 0.5660 -0.6903
vn 0.4506 0.5660 -0.6903
vn 0.6429 0.4014 -0.6523
vn -0.6429 0.4014 -0.6523
vn 0.4506 0.5660 0.6904
vn -0.4506 0.5660 0.6904
vn -0.6429 0.4014 0.6523
vn 0.6429 0.4014 0.6523
vn 0.4941 0.5660 -0.6599
vn 0.4941 0.5660 0.6599
vn 0.6834 0.3643 0.6326
vn 0.6834 0.3643 -0.6326
vn -0.4941 0.5660 0.6599
vn -0.4941 0.5660 -0.6599
vn -0.6834 0.3643 -0.6326
vn -0.6834 0.3643 0.6326
vn 0.4506 0.5660 0.6903
vn 0.6834 0.3644 0.6327
vn 0.6834 0.3644 -0.6327
vn -0.4523 0.5264 -0.7200
vn 0.4523 0.5264 -0.7200
vn 0.6531 0.3928 -0.6475
vn -0.6531 0.3928 -0.6475
vn 0.4900 0.5261 -0.6950
vn 0.6333 0.3744 0.6774
vn 0.6900 0.3570 0.6296
vn 0.6900 0.3570 -0.6296
vn -0.6333 0.3743 0.6774
vn -0.4900 0.5261 -0.6950
vn -0.6900 0.3569 -0.6296
vn -0.6900 0.3569 0.6296
vn 0.4523 0.5263 -0.7200
vn 0.6900 0.3569 0.6296
vn 0.6900 0.3569 -0.6296
vn -0.6333 0.3744 0.6774
vn -0.6900 0.3570 0.6296
vn -0.4523 0.5263 -0.7200
vn -0.6900 0.3570 -0.6296
vn 0.6041 0.3753 0.7030
vn -0.6042 0.3754 0.7029
vn -0.6531 0.3928 0.6475
vn 0.6531 0.3928 0.6475
vn -0.6488 0.4449 -0.6174
vn 0.6488 0.4449 -0.6174
vn 0.5773 -0.5774 -0.5774
vn -0.5774 -0.5773 -0.5774
vn 0.6488 0.4449 0.6174
vn -0.6488 0.4449 0.6174
vn -0.5773 -0.5774 0.5774
vn 0.5774 -0.5773 0.5774
vn 0.5774 -0.5774 0.5773
vn 0.5774 -0.5773 -0.5774
vn -0.5774 -0.5774 -0.5773
vn -0.5774 -0.5773 0.5774
vn -0.6533 0.4401 -0.6160
vn 0.6533 0.4401 -0.6160
vn 0.6533 0.4400 -0.6161
vn 0.6533 0.4400 0.6161
vn -0.6533 0.4400 0.6161
vn -0.6533 0.4400 -0.6161
vn 0.6533 0.4401 0.6160
vn -0.6533 0.4401 0.6160
vn -0.5484 -0.5774 -0.6049
vn 0.5484 -0.5774 -0.6049
vn 0.0000 -1.0000 0.0000
vn 0.5484 -0.5774 0.6049
vn -0.5484 -0.5774 0.6049
vn 0.5437 -0.5774 -0.6091
vn 0.5437 -0.5774 0.6091
vn -0.5437 -0.5774 0.6091
vn -0.5437 -0.5774 -0.6091
vn -0.5523 -0.5774 -0.6014
vn 0.5523 -0.5774 -0.6014
vn 0.5476 -0.5774 -0.6056
vn 0.5476 -0.5774 0.6056
vn -0.5476 -0.5774 0.6056
vn -0.5476 -0.5774 -0.6056
vn -0.5523 -0.5773 -0.6014
vn 0.5523 -0.5773 -0.6014
vn 0.5523 -0.5774 0.6014
vn -0.5523 -0.5774 0.6014
vn 0.0652 0.9952 0.0735
vn -0.0652 0.9952 0.0735
vn 0.5477 0.5774 -0.6056
vn -0.5477 0.5774 -0.6056
vn 0.0651 0.9952 -0.0736
vn 0.0657 0.9952 0.0731
vn -0.5431 0.5774 -0.6097
vn -0.5372 0.5774 0.6149
vn -0.0649 0.9952 -0.0738
vn 0.0649 0.9952 -0.0738
vn -0.5376 0.5774 0.6145
vn 0.5376 0.5774 0.6145
vn -0.0657 0.9952 0.0731
vn -0.0651 0.9952 -0.0736
vn 0.5372 0.5774 0.6149
vn 0.5431 0.5774 -0.6097
vn 0.2461 0.9503 0.1907
vn -0.2462 0.9503 0.1907
vn -0.0818 0.9937 0.0767
vn 0.0818 0.9937 0.0767
vn 0.3702 0.9149 -0.1612
vn 0.3702 0.9149 0.1612
vn 0.2195 0.9738 0.0594
vn 0.2195 0.9738 -0.0594
vn -0.2462 0.9503 -0.1907
vn 0.2461 0.9503 -0.1907
vn 0.0818 0.9937 -0.0767
vn -0.0818 0.9937 -0.0767
vn -0.3703 0.9148 0.1612
vn -0.3703 0.9148 -0.1612
vn -0.2195 0.9738 -0.0594
vn -0.2195 0.9738 0.0594
vn -0.2104 0.9571 0.1993
vn 0.2103 0.9571 0.1993
vn 0.0000 1.0000 0.0000
vn 0.2035 0.9571 0.2063
vn 0.2035 0.9571 -0.2063
vn 0.2103 0.9571 -0.1993
vn -0.2104 0.9571 -0.1993
vn -0.2036 0.9571 -0.2063
vn -0.2036 0.9571 0.2063
vn -0.4314 -0.6356 0.6402
vn -0.4313 -0.6357 -0.6402
vn 0.5774 -0.5774 -0.5773
vn 0.5773 -0.5774 0.5774
vn -0.3569 0.8909 0.2811
vn 0.6349 0.7217 0.2756
vn 0.5773 0.5774 -0.5774
vn -0.4313 0.6357 -0.6403
vn 0.6257 0.3185 0.7121
vn -0.3743 0.3270 0.8677
vn 0.5774 0.5774 -0.5773
vn 0.6349 0.7213 0.2768
vn 0.6257 0.3174 0.7126
vn -0.4312 0.6357 -0.6402
vn 0.5774 0.5773 -0.5774
vn -0.9361 -0.2618 -0.2347
vn -0.9362 -0.2618 0.2346
vn -0.9360 0.2622 0.2349
vn -0.9361 0.2620 -0.2347
vn -0.5295 -0.5503 0.6456
vn -0.9677 -0.1141 0.2247
vn -0.9677 -0.1141 -0.2248
vn -0.5294 -0.5504 -0.6456
vn -0.9676 0.1144 0.2249
vn -0.7731 0.4042 0.4889
vn -0.4827 0.8330 0.2703
vn -0.5295 0.5503 -0.6456
vn -0.9677 0.1143 -0.2248
vn -0.7655 0.5157 0.3847
vn -0.9626 0.2534 0.0959
vn -0.9627 -0.2530 0.0956
vn -0.5237 -0.6416 0.5604
vn -0.4891 0.3170 0.8125
vn -0.5237 -0.6417 -0.5603
vn -0.9627 -0.2530 -0.0957
vn -0.9627 0.2532 -0.0957
vn -0.5236 0.6417 -0.5604
vn -0.5773 0.5774 -0.5774
vn 0.5773 0.5774 0.5774
vn -0.5774 0.5773 0.5774
vn -0.5773 -0.5774 -0.5774
vn -0.5774 -0.5774 0.5773
vn 0.5774 0.5773 0.5774
vn -0.5774 0.5774 -0.5773
vn -0.5773 0.5774 0.5774
vn 0.5774 0.5774 0.5773
vn -0.5774 0.5773 -0.5774
vn -0.5774 0.5774 0.5773
vn -0.4462 0.6114 -0.6535
vn 0.4462 0.6114 -0.6535
vn -0.4462 0.6114 0.6535
vn 0.4462 0.6114 0.6535
vn 0.4463 0.6113 -0.6535
vn 0.4463 0.6113 0.6535
vn -0.4463 0.6113 -0.6535
vn -0.4463 0.6113 0.6535
vn -0.4442 0.5732 -0.6886
vn 0.4442 0.5732 -0.6886
vn -0.3677 -0.3176 0.8740
vn 0.3679 -0.3176 0.8739
vn 0.3679 0.3176 0.8739
vn -0.3677 0.3176 0.8740
vn 0.6553 0.6660 0.3564
vn 0.6089 0.4422 0.6586
vn -0.6553 0.6659 0.3565
vn -0.6089 0.4422 0.6586
vn -0.3679 -0.3176 0.8739
vn 0.3677 -0.3176 0.8740
vn 0.3677 0.3176 0.8740
vn -0.3679 0.3176 0.8739
vn 0.6553 0.6659 0.3565
vn -0.6553 0.6660 0.3564
vn 0.4313 -0.6357 0.6403
vn 0.4311 -0.6357 -0.6403
vn 0.4311 0.6357 0.6403
vn 0.4311 0.6357 -0.6403
vn 0.4312 -0.6357 0.6402
vn 0.4312 0.6357 0.6403
vn 0.4312 0.6357 -0.6403
vn 0.4312 -0.6357 -0.6403
vn 0.9361 -0.2620 -0.2348
vn 0.9360 0.2621 -0.2348
vn 0.9361 0.2621 0.2347
vn 0.9361 -0.2620 0.2347
vn 0.5294 -0.5503 0.6456
vn 0.5294 -0.5503 -0.6457
vn 0.9677 -0.1143 -0.2248
vn 0.9677 -0.1143 0.2248
vn 0.5294 0.5503 -0.6457
vn 0.5294 0.5503 0.6457
vn 0.9677 0.1143 0.2248
vn 0.9677 0.1144 -0.2249
vn 0.5236 0.6417 0.5604
vn 0.5237 -0.6417 0.5604
vn 0.9627 -0.2532 0.0957
vn 0.9626 0.2533 0.0957
vn 0.5236 -0.6417 -0.5604
vn 0.5236 0.6417 -0.5604
vn 0.9626 0.2533 -0.0957
vn 0.9627 -0.2532 -0.0957
vn -0.4313 0.6356 0.6403
vn -0.9361 0.2620 0.2346
vn -0.5294 0.5503 -0.6457
vn -0.9677 0.1143 0.2247
vn -0.5295 0.5502 0.6457
vn -0.5237 0.6416 0.5605
vn -0.9627 0.2532 0.0956
vn 0.5773 0.5774 -0.5773
vn 0.5773 0.5773 0.5774
vn -0.5773 -0.5774 -0.5773
vn -0.5773 -0.5773 0.5774
vn -0.5773 -0.5773 -0.5774
vn 0.5774 -0.5773 -0.5773
vn 0.3566 0.8910 0.2811
vn -0.6349 0.7217 0.2756
vn 0.3741 0.3271 0.8678
vn -0.6257 0.3185 0.7121
vn -0.6257 0.3174 0.7126
vn -0.6349 0.7213 0.2768
vn 0.9360 0.2622 0.2349
vn 0.4824 0.8332 0.2703
vn 0.7731 0.4041 0.4889
vn 0.9676 0.1144 0.2249
vn 0.4889 0.3171 0.8126
vn 0.9627 -0.2532 0.0956
vn 0.9626 0.2534 0.0958
vn 0.7655 0.5157 0.3847
vn 0.5236 -0.6417 -0.5603
vn -0.5773 -0.5774 0.5773
vn -0.3954 -0.3313 0.8567
vn -0.6799 0.4038 0.6121
vn 0.6799 0.4038 0.6121
vn 0.3956 -0.3314 0.8565
vn 0.4833 -0.3058 0.8203
vn 0.6989 0.4454 0.5596
vn 0.6909 0.6682 0.2761
vn 0.4833 0.3058 0.8203
vn 0.3956 0.3314 0.8565
vn 0.6420 0.6937 0.3265
vn -0.6420 0.6937 0.3265
vn -0.3954 0.3313 0.8567
vn -0.4831 0.3058 0.8204
vn -0.6909 0.6681 0.2761
vn -0.6990 0.4454 0.5596
vn -0.4831 -0.3058 0.8204
vn -0.3956 -0.3314 0.8565
vn 0.3954 -0.3313 0.8567
vn 0.4831 -0.3058 0.8204
vn 0.6990 0.4454 0.5595
vn 0.6909 0.6681 0.2761
vn 0.4831 0.3058 0.8204
vn 0.3954 0.3313 0.8567
vn -0.3956 0.3314 0.8565
vn -0.4833 0.3058 0.8203
vn -0.6909 0.6682 0.2761
vn -0.6989 0.4454 0.5596
vn -0.4833 -0.3058 0.8203
vn 0.6909 0.6681 0.2762
vn -0.4100 0.3338 0.8488
vn -0.3910 0.8717 0.2954
vn -0.7618 0.4679 0.4481
vn 0.4099 0.3339 0.8488
vn 0.7617 0.4680 0.4482
vn 0.3908 0.8718 0.2954
vn 0.6257 0.3162 0.7131
vn 0.6350 0.7208 0.2780
vn -0.6350 0.7208 0.2780
vn -0.6257 0.3162 0.7131
vn -0.6350 0.7208 0.2779
vn 0.6350 0.7208 0.2779
usemtl Workbench
s off
f 2619/3404/750 2622/3405/751 2966/3406/752 2967/3407/753
f 2624/3408/754 2623/3409/755 2968/3410/756 2969/3411/757
f 2622/3412/758 2624/3413/759 2969/3414/760 2966/3415/761
f 2623/3416/762 2619/3417/763 2967/3418/764 2968/3419/765
f 2627/3420/750 2630/3421/751 2970/3422/752 2971/3423/753
f 2632/3424/754 2631/3425/755 2972/3426/756 2973/3427/757
f 2630/3428/758 2632/3429/759 2973/3430/760 2970/3431/761
f 2631/3432/762 2627/3433/763 2971/3434/764 2972/3435/765
f 2635/3436/750 2638/3437/751 2974/3438/752 2975/3439/753
f 2640/3440/766 2639/3441/755 2976/3442/756 2977/3443/757
f 2638/3444/758 2640/3445/759 2977/3446/767 2974/3447/768
f 2639/3448/762 2635/3449/763 2975/3450/764 2976/3451/765
f 2643/3452/769 2646/3453/770 2978/3454/771 2979/3455/772
f 2646/3456/773 2652/3457/774 2980/3458/775 2978/3459/776
f 2654/3460/777 2643/3461/778 2979/3462/779 2981/3463/780
f 2655/3464/769 2658/3465/781 2982/3466/771 2983/3467/772
f 2658/3468/773 2664/3469/774 2984/3470/782 2982/3471/783
f 2666/3472/784 2655/3473/778 2983/3474/779 2985/3475/785
f 2667/3476/786 2670/3477/781 2986/3478/771 2987/3479/772
f 2670/3480/773 2676/3481/774 2988/3482/775 2986/3483/776
f 2678/3484/784 2667/3485/778 2987/3486/787 2989/3487/785
f 2652/3488/788 2654/3489/789 2981/3490/790 2980/3491/791
f 2664/3492/788 2666/3493/789 2985/3494/790 2984/3495/791
f 2676/3496/788 2678/3497/789 2989/3498/790 2988/3499/791
f 2967/3407/792 2966/3406/793 2990/3500/794 2991/3501/795
f 2969/3411/796 2968/3410/797 2992/3502/798 2993/3503/799
f 2966/3504/793 2969/3505/796 2993/3506/800 2990/3507/801
f 2968/3508/797 2967/3509/792 2991/3510/802 2992/3511/803
f 2971/3423/792 2970/3422/793 2994/3512/794 2995/3513/795
f 2973/3427/796 2972/3426/797 2996/3514/798 2997/3515/799
f 2970/3516/793 2973/3517/796 2997/3518/800 2994/3519/801
f 2972/3520/797 2971/3521/792 2995/3522/802 2996/3523/803
f 2975/3439/792 2974/3438/793 2998/3524/794 2999/3525/795
f 2977/3443/796 2976/3442/797 3000/3526/798 3001/3527/799
f 2974/3528/793 2977/3529/796 3001/3530/800 2998/3531/801
f 2976/3532/797 2975/3533/792 2999/3534/802 3000/3535/803
f 2979/3455/804 2978/3454/805 3002/3536/794 3003/3537/795
f 2978/3538/806 2980/3539/807 3004/3540/800 3002/3541/801
f 2981/3542/808 2979/3543/809 3003/3544/802 3005/3545/803
f 2983/3467/804 2982/3466/805 3006/3546/794 3007/3547/795
f 2982/3548/806 2984/3549/807 3008/3550/800 3006/3551/801
f 2985/3552/808 2983/3553/809 3007/3554/802 3009/3555/803
f 2987/3479/804 2986/3478/805 3010/3556/794 3011/3557/795
f 2986/3558/806 2988/3559/807 3012/3560/800 3010/3561/801
f 2989/3562/808 2987/3563/809 3011/3564/802 3013/3565/803
f 2980/3491/810 2981/3490/811 3005/3566/798 3004/3567/799
f 2984/3495/810 2985/3494/811 3009/3568/798 3008/3569/799
f 2988/3499/810 2989/3498/811 3013/3570/798 3012/3571/799
f 2991/3572/812 2990/3573/813 3014/3574/814
f 2993/3575/815 2992/3576/816 3014/3574/814
f 2990/3573/817 2993/3575/818 3014/3574/814
f 2992/3576/819 2991/3572/820 3014/3574/814
f 2995/3577/812 2994/3578/813 3015/3579/814
f 2997/3580/815 2996/3581/816 3015/3579/814
f 2994/3578/817 2997/3580/818 3015/3579/814
f 2996/3581/819 2995/3577/820 3015/3579/814
f 2999/3582/812 2998/3583/813 3016/3584/814
f 3001/3585/815 3000/3586/816 3016/3584/814
f 2998/3583/817 3001/3585/818 3016/3584/814
f 3000/3586/819 2999/3582/820 3016/3584/814
f 3003/3587/821 3002/3588/822 3017/3589/814
f 3002/3588/823 3004/3590/824 3017/3589/814
f 3005/3591/825 3003/3587/826 3017/3589/814
f 3007/3592/827 3006/3593/828 3018/3594/814
f 3006/3593/823 3008/3595/824 3018/3594/814
f 3009/3596/825 3007/3592/826 3018/3594/814
f 3011/3597/821 3010/3598/822 3019/3599/814
f 3010/3598/823 3012/3600/824 3019/3599/814
f 3013/3601/825 3011/3597/826 3019/3599/814
f 3004/3590/829 3005/3591/830 3017/3589/814
f 3008/3595/829 3009/3596/830 3018/3594/814
f 3012/3600/829 3013/3601/830 3019/3599/814
f 3028/3602/831 3029/3603/832 3026/3604/833 3027/3605/834
f 3030/3606/835 3028/3602/836 3027/3605/837 3025/3607/838
f 3031/3608/839 3030/3606/840 3025/3607/841 3024/3609/842
f 3029/3603/843 3031/3608/844 3024/3609/845 3026/3604/846
f 3032/3610/847 3033/3611/848 3029/3603/849 3028/3602/850
f 3034/3612/851 3032/3610/852 3028/3602/853 3030/3606/854
f 3035/3613/855 3034/3612/856 3030/3606/857 3031/3608/858
f 3033/3611/859 3035/3613/860 3031/3608/861 3029/3603/862
f 3033/3611/863 3032/3610/864 3036/3614/865
f 3032/3610/866 3034/3612/867 3036/3614/865
f 3034/3612/868 3035/3613/869 3036/3614/865
f 3035/3613/870 3033/3611/871 3036/3614/865
s 1
f 2596/3615/872 2597/3616/873 2598/3617/874 2599/3618/875
f 2600/3619/876 2601/3620/877 2602/3621/878 2603/3622/879
f 2596/3623/872 2599/3624/799 2604/3625/880 2605/3626/881
f 2602/3627/882 2601/3628/883 2604/3629/884 2599/3630/799 2598/3631/801
f 2598/3632/794 2597/3633/873 2603/3634/885 2602/3635/886
f 2606/3636/887 2607/3637/888 2608/3638/889 2609/3639/890
f 2596/3615/891 2607/3640/892 2606/3641/893 2597/3616/894
f 2608/3642/895 2610/3643/896 2600/3619/897 2603/3622/898 2609/3644/899
f 2610/3645/900 2608/3646/901 2607/3647/902 2596/3623/903 2605/3626/904
f 2597/3633/905 2606/3648/906 2609/3649/907 2603/3634/908
f 2611/3650/795 2612/3651/909 2613/3652/886 2614/3653/794
f 2615/3654/798 2616/3655/799 2617/3656/910 2618/3657/911
f 2611/3658/912 2614/3659/874 2616/3660/875 2615/3661/913
f 2614/3662/801 2613/3663/882 2617/3664/914 2616/3665/800
f 2613/3666/878 2612/3667/915 2618/3668/916 2617/3669/917
f 2612/3670/918 2611/3671/802 2615/3672/803 2618/3673/919
f 2619/3404/920 2620/3674/909 2621/3675/886 2622/3405/921
f 2623/3409/922 2624/3408/923 2625/3676/910 2626/3677/911
f 2622/3678/924 2621/3679/882 2625/3680/914 2624/3681/925
f 2621/3682/878 2620/3683/915 2626/3684/916 2625/3685/917
f 2620/3686/918 2619/3687/926 2623/3688/927 2626/3689/919
f 2627/3420/920 2628/3690/909 2629/3691/886 2630/3421/921
f 2631/3425/922 2632/3424/923 2633/3692/910 2634/3693/911
f 2630/3694/924 2629/3695/882 2633/3696/914 2632/3697/925
f 2629/3698/878 2628/3699/915 2634/3700/916 2633/3701/917
f 2628/3702/918 2627/3703/926 2631/3704/927 2634/3705/919
f 2635/3436/920 2636/3706/909 2637/3707/886 2638/3437/921
f 2639/3441/922 2640/3440/923 2641/3708/910 2642/3709/911
f 2638/3710/924 2637/3711/882 2641/3712/914 2640/3713/925
f 2637/3714/878 2636/3715/915 2642/3716/916 2641/3717/917
f 2636/3718/918 2635/3719/926 2639/3720/927 2642/3721/919
f 2643/3452/928 2644/3722/909 2645/3723/886 2646/3453/929
f 2647/3724/930 2648/3725/931 2649/3726/932 2650/3727/933
f 2646/3728/929 2645/3729/882 2651/3730/934 2652/3731/935
f 2645/3732/878 2644/3733/915 2653/3734/936 2651/3735/934
f 2644/3736/918 2643/3737/928 2654/3738/937 2653/3739/936
f 2655/3464/928 2656/3740/909 2657/3741/886 2658/3465/929
f 2659/3742/938 2660/3743/939 2661/3744/940 2662/3745/941
f 2658/3746/929 2657/3747/882 2663/3748/942 2664/3749/935
f 2657/3750/878 2656/3751/915 2665/3752/943 2663/3753/942
f 2656/3754/918 2655/3755/928 2666/3756/937 2665/3757/943
f 2667/3476/928 2668/3758/909 2669/3759/886 2670/3477/929
f 2671/3760/938 2672/3761/939 2673/3762/940 2674/3763/941
f 2670/3764/929 2669/3765/882 2675/3766/942 2676/3767/935
f 2669/3768/878 2668/3769/915 2677/3770/943 2675/3771/942
f 2668/3772/918 2667/3773/928 2678/3774/937 2677/3775/943
f 2679/3776/913 2680/3777/912 2681/3778/874 2682/3779/875
f 2683/3780/916 2684/3781/917 2685/3782/878 2686/3783/915
f 2679/3784/798 2682/3785/799 2684/3786/910 2683/3787/911
f 2682/3788/800 2681/3789/801 2685/3790/882 2684/3791/914
f 2681/3792/794 2680/3793/795 2686/3794/909 2685/3795/886
f 2680/3796/802 2679/3797/803 2683/3798/919 2686/3799/918
f 2687/3800/913 2688/3801/912 2689/3802/874 2690/3803/875
f 2691/3804/916 2692/3805/917 2693/3806/878 2694/3807/915
f 2687/3808/798 2690/3809/799 2692/3810/910 2691/3811/911
f 2690/3812/800 2689/3813/801 2693/3814/882 2692/3815/914
f 2689/3816/794 2688/3817/795 2694/3818/909 2693/3819/886
f 2688/3820/802 2687/3821/803 2691/3822/919 2694/3823/918
f 2695/3824/913 2696/3825/912 2697/3826/874 2698/3827/875
f 2699/3828/916 2700/3829/917 2701/3830/878 2702/3831/915
f 2695/3832/798 2698/3833/799 2700/3834/910 2699/3835/911
f 2698/3836/800 2697/3837/801 2701/3838/882 2700/3839/914
f 2697/3840/794 2696/3841/795 2702/3842/909 2701/3843/886
f 2696/3844/802 2695/3845/803 2699/3846/919 2702/3847/918
f 2703/3848/913 2704/3849/912 2705/3850/874 2706/3851/875
f 2707/3852/916 2708/3853/917 2709/3854/878 2710/3855/915
f 2703/3856/798 2706/3857/799 2708/3858/910 2707/3859/911
f 2706/3860/800 2705/3861/801 2709/3862/882 2708/3863/914
f 2705/3864/794 2704/3865/795 2710/3866/909 2709/3867/886
f 2704/3868/802 2703/3869/803 2707/3870/919 2710/3871/918
f 2711/3872/944 2712/3873/913 2713/3874/912 2714/3875/945
f 2715/3876/946 2716/3877/947 2717/3878/915 2718/3879/916
f 2711/3880/948 2715/3881/949 2718/3882/911 2712/3883/798
f 2712/3884/803 2718/3885/919 2717/3886/918 2713/3887/802
f 2713/3888/795 2717/3889/909 2716/3890/950 2714/3891/951
f 2719/3892/952 2720/3893/953 2721/3894/954 2722/3895/955
f 2711/3896/956 2714/3897/957 2719/3892/958 2722/3895/959
f 2716/3898/960 2715/3899/961 2721/3894/962 2720/3893/963
f 2715/3899/964 2711/3896/965 2722/3895/966 2721/3894/967
f 2714/3897/968 2716/3898/969 2720/3893/970 2719/3892/971
f 2723/3900/913 2724/3901/912 2725/3902/874 2726/3903/875
f 2727/3904/916 2728/3905/917 2729/3906/878 2730/3907/915
f 2723/3908/798 2726/3909/799 2728/3910/910 2727/3911/911
f 2726/3912/800 2725/3913/801 2729/3914/882 2728/3915/914
f 2725/3916/794 2724/3917/795 2730/3918/909 2729/3919/886
f 2724/3920/802 2723/3921/803 2727/3922/919 2730/3923/918
f 2731/3924/913 2732/3925/912 2733/3926/874 2734/3927/875
f 2735/3928/916 2736/3929/917 2737/3930/878 2738/3931/915
f 2731/3932/798 2734/3933/799 2736/3934/910 2735/3935/911
f 2734/3936/800 2733/3937/801 2737/3938/882 2736/3939/914
f 2733/3940/794 2732/3941/795 2738/3942/909 2737/3943/886
f 2732/3944/802 2731/3945/803 2735/3946/919 2738/3947/918
f 2739/3948/913 2740/3949/912 2741/3950/874 2742/3951/875
f 2743/3952/916 2744/3953/917 2745/3954/878 2746/3955/915
f 2739/3956/798 2742/3957/799 2744/3958/910 2743/3959/911
f 2742/3960/800 2741/3961/801 2745/3962/882 2744/3963/914
f 2741/3964/794 2740/3965/795 2746/3966/909 2745/3967/886
f 2740/3968/802 2739/3969/803 2743/3970/919 2746/3971/918
f 2747/3972/913 2748/3973/912 2749/3974/874 2750/3975/875
f 2751/3976/916 2752/3977/917 2753/3978/878 2754/3979/915
f 2747/3980/798 2750/3981/799 2752/3982/910 2751/3983/911
f 2750/3984/800 2749/3985/801 2753/3986/882 2752/3987/914
f 2749/3988/794 2748/3989/795 2754/3990/909 2753/3991/886
f 2748/3992/802 2747/3993/803 2751/3994/919 2754/3995/918
f 2755/3996/913 2756/3997/912 2757/3998/874 2758/3999/875
f 2759/4000/916 2760/4001/917 2761/4002/878 2762/4003/915
f 2755/4004/798 2758/4005/799 2760/4006/910 2759/4007/911
f 2758/4008/800 2757/4009/801 2761/4010/882 2760/4011/914
f 2757/4012/794 2756/4013/795 2762/4014/909 2761/4015/886
f 2756/4016/802 2755/4017/803 2759/4018/919 2762/4019/918
f 2763/4020/913 2764/4021/912 2765/4022/874 2766/4023/875
f 2767/4024/916 2768/4025/917 2769/4026/878 2770/4027/915
f 2763/4028/798 2766/4029/799 2768/4030/910 2767/4031/911
f 2766/4032/800 2765/4033/801 2769/4034/882 2768/4035/914
f 2765/4036/794 2764/4037/795 2770/4038/909 2769/4039/886
f 2764/4040/802 2763/4041/803 2767/4042/919 2770/4043/918
f 2771/4044/913 2772/4045/912 2773/4046/874 2774/4047/875
f 2775/4048/916 2776/4049/917 2777/4050/878 2778/4051/915
f 2771/4052/798 2774/4053/799 2776/4054/910 2775/4055/911
f 2774/4056/800 2773/4057/801 2777/4058/882 2776/4059/914
f 2773/4060/794 2772/4061/795 2778/4062/909 2777/4063/886
f 2772/4064/802 2771/4065/803 2775/4066/919 2778/4067/918
f 2779/4068/913 2780/4069/912 2781/4070/874 2782/4071/875
f 2783/4072/916 2784/4073/917 2785/4074/878 2786/4075/915
f 2779/4076/798 2782/4077/799 2784/4078/910 2783/4079/911
f 2782/4080/800 2781/4081/801 2785/4082/882 2784/4083/914
f 2781/4084/794 2780/4085/795 2786/4086/909 2785/4087/886
f 2780/4088/802 2779/4089/803 2783/4090/919 2786/4091/918
f 2787/4092/872 2788/4093/873 2789/4094/874 2790/4095/875
f 2791/4096/972 2792/4097/917 2793/4098/878 2794/4099/879
f 2787/4100/872 2790/4101/799 2792/4102/910 2791/4103/972
f 2790/4104/800 2789/4105/801 2793/4106/882 2792/4107/914
f 2789/4108/794 2788/4109/873 2794/4110/885 2793/4111/886
f 2795/4112/887 2796/4113/888 2797/4114/973 2798/4115/890
f 2787/4092/891 2796/4116/892 2795/4117/893 2788/4093/894
f 2794/4099/974 2798/4118/899 2797/4119/975 2791/4096/976
f 2791/4103/977 2797/4120/978 2796/4121/902 2787/4100/903
f 2788/4109/905 2795/4122/906 2798/4123/907 2794/4110/908
f 2799/4124/913 2800/4125/912 2801/4126/874 2802/4127/875
f 2803/4128/916 2804/4129/917 2805/4130/878 2806/4131/915
f 2799/4132/798 2802/4133/799 2804/4134/910 2803/4135/911
f 2802/4136/800 2801/4137/801 2805/4138/882 2804/4139/914
f 2801/4140/794 2800/4141/795 2806/4142/909 2805/4143/886
f 2800/4144/802 2799/4145/803 2803/4146/919 2806/4147/918
f 2807/4148/913 2808/4149/912 2809/4150/874 2810/4151/875
f 2811/4152/916 2812/4153/917 2813/4154/878 2814/4155/915
f 2807/4156/798 2810/4157/799 2812/4158/910 2811/4159/911
f 2810/4160/800 2809/4161/801 2813/4162/979 2812/4163/980
f 2809/4164/794 2808/4165/795 2814/4166/909 2813/4167/886
f 2808/4168/981 2807/4169/982 2811/4170/919 2814/4171/918
f 2815/4172/913 2816/4173/983 2817/4174/984 2818/4175/875
f 2819/4176/916 2820/4177/917 2821/4178/878 2822/4179/915
f 2815/4180/798 2818/4181/799 2820/4182/910 2819/4183/911
f 2818/4184/800 2817/4185/801 2821/4186/882 2820/4187/914
f 2817/4188/794 2816/4189/795 2822/4190/909 2821/4191/886
f 2816/4192/802 2815/4193/803 2819/4194/919 2822/4195/918
f 2823/4196/913 2824/4197/912 2825/4198/874 2826/4199/875
f 2827/4200/916 2828/4201/917 2829/4202/878 2830/4203/915
f 2823/4204/798 2826/4205/799 2828/4206/910 2827/4207/911
f 2826/4208/800 2825/4209/801 2829/4210/882 2828/4211/914
f 2825/4212/794 2824/4213/795 2830/4214/909 2829/4215/886
f 2824/4216/802 2823/4217/803 2827/4218/919 2830/4219/918
f 2831/4220/944 2832/4221/913 2833/4222/912 2834/4223/945
f 2835/4224/985 2836/4225/947 2837/4226/915 2838/4227/986
f 2831/4228/948 2839/4229/987 2840/4230/988 2832/4231/798
f 2832/4232/913 2840/4233/989 2838/4234/990 2837/4235/918 2833/4236/802
f 2833/4237/795 2837/4238/909 2836/4239/950 2834/4240/951
f 2841/4241/952 2842/4242/953 2843/4243/991 2844/4244/955
f 2831/4245/956 2834/4246/957 2841/4241/958 2844/4244/959
f 2836/4247/960 2835/4248/992 2845/4249/993 2843/4243/994 2842/4242/963
f 2839/4250/995 2831/4245/965 2844/4244/996 2843/4243/997 2845/4249/998
f 2834/4246/999 2836/4247/969 2842/4242/970 2841/4241/971
f 2846/4251/913 2847/4252/912 2848/4253/874 2849/4254/875
f 2850/4255/986 2851/4256/877 2852/4257/878 2853/4258/915
f 2846/4259/798 2849/4260/799 2854/4261/880 2855/4262/988
f 2852/4263/882 2851/4264/883 2854/4265/884 2849/4266/800 2848/4267/801
f 2848/4268/794 2847/4269/795 2853/4270/909 2852/4271/886
f 2850/4272/990 2853/4273/918 2847/4274/802 2846/4275/913 2855/4276/989
f 2856/4277/913 2857/4278/912 2858/4279/874 2859/4280/875
f 2860/4281/986 2861/4282/877 2862/4283/878 2863/4284/915
f 2856/4285/798 2859/4286/799 2864/4287/880 2865/4288/988
f 2862/4289/882 2861/4290/883 2864/4291/884 2859/4292/800 2858/4293/801
f 2858/4294/794 2857/4295/795 2863/4296/909 2862/4297/886
f 2860/4298/990 2863/4299/918 2857/4300/802 2856/4301/803 2865/4302/989
f 2866/4303/913 2867/4304/912 2868/4305/874 2869/4306/875
f 2870/4307/986 2871/4308/877 2872/4309/878 2873/4310/915
f 2866/4311/798 2869/4312/799 2874/4313/880 2875/4314/988
f 2872/4315/882 2871/4316/883 2874/4317/884 2869/4318/800 2868/4319/801
f 2868/4320/794 2867/4321/795 2873/4322/909 2872/4323/886
f 2870/4324/990 2873/4325/918 2867/4326/802 2866/4327/913 2875/4328/989
f 2876/4329/913 2877/4330/912 2878/4331/874 2879/4332/875
f 2880/4333/986 2881/4334/877 2882/4335/878 2883/4336/915
f 2876/4337/798 2879/4338/799 2884/4339/880 2885/4340/988
f 2882/4341/882 2881/4342/883 2884/4343/884 2879/4344/799 2878/4345/801
f 2878/4346/794 2877/4347/795 2883/4348/909 2882/4349/886
f 2880/4350/990 2883/4351/918 2877/4352/802 2876/4353/913 2885/4354/989
f 2886/4355/913 2887/4356/912 2888/4357/874 2889/4358/875
f 2890/4359/986 2891/4360/877 2892/4361/878 2893/4362/915
f 2886/4363/798 2889/4364/799 2894/4365/880 2895/4366/988
f 2892/4367/882 2891/4368/883 2894/4369/884 2889/4370/799 2888/4371/801
f 2888/4372/794 2887/4373/795 2893/4374/909 2892/4375/886
f 2890/4376/990 2893/4377/918 2887/4378/802 2886/4379/913 2895/4380/989
f 2896/4381/913 2897/4382/912 2898/4383/874 2899/4384/875
f 2900/4385/986 2901/4386/877 2902/4387/878 2903/4388/915
f 2896/4389/798 2899/4390/799 2904/4391/880 2905/4392/988
f 2902/4393/882 2901/4394/883 2904/4395/884 2899/4396/799 2898/4397/801
f 2898/4398/794 2897/4399/795 2903/4400/909 2902/4401/886
f 2900/4402/990 2903/4403/918 2897/4404/802 2896/4405/913 2905/4406/989
f 2906/4407/913 2907/4408/912 2908/4409/874 2909/4410/875
f 2910/4411/986 2911/4412/877 2912/4413/878 2913/4414/915
f 2906/4415/798 2909/4416/799 2914/4417/880 2915/4418/988
f 2912/4419/979 2911/4420/883 2914/4421/884 2909/4422/799 2908/4423/801
f 2908/4424/794 2907/4425/795 2913/4426/909 2912/4427/886
f 2910/4428/990 2913/4429/918 2907/4430/802 2906/4431/803 2915/4432/989
f 2916/4433/913 2917/4434/912 2918/4435/874 2919/4436/875
f 2920/4437/986 2921/4438/877 2922/4439/878 2923/4440/915
f 2916/4441/798 2919/4442/799 2924/4443/880 2925/4444/988
f 2922/4445/979 2921/4446/883 2924/4447/884 2919/4448/800 2918/4449/801
f 2918/4450/794 2917/4451/795 2923/4452/909 2922/4453/886
f 2920/4454/990 2923/4455/918 2917/4456/981 2916/4457/1000 2925/4458/989
f 2647/4459/1001 2654/4460/1002 2652/4461/1003 2648/4462/1004
f 2648/4463/1005 2652/3731/1006 2651/3730/1007 2649/4464/1008
f 2649/3726/1009 2651/4465/1010 2653/4466/1011 2650/3727/1012
f 2650/4467/1013 2653/3739/1014 2654/3738/1015 2647/4468/1016
f 2659/4469/1017 2666/4470/1002 2664/4471/1003 2660/4472/1018
f 2660/3743/1019 2664/4473/1020 2663/4474/1021 2661/3744/1022
f 2661/3744/1023 2663/4474/1010 2665/4475/1011 2662/3745/1024
f 2662/3745/1025 2665/4475/1026 2666/4476/1027 2659/3742/1028
f 2671/4477/1017 2678/4478/1002 2676/4479/1003 2672/4480/1018
f 2672/4481/1019 2676/3767/1020 2675/3766/1029 2673/4482/1022
f 2673/3762/1023 2675/4483/1010 2677/4484/1011 2674/3763/1024
f 2674/4485/1025 2677/3775/1026 2678/3774/1027 2671/4486/1028
f 2605/4487/1030 2600/4488/1031 2610/4489/1032
f 2839/4490/1033 2845/4491/1034 2835/4492/1035
f 2600/4488/1031 2605/4487/1030 2604/4493/1036 2601/4494/1037
f 2838/4495/1038 2840/4496/1039 2839/4490/1033 2835/4492/1035
f 2850/4255/1040 2855/4497/1039 2854/4498/1036 2851/4256/1041
f 2860/4281/1040 2865/4499/1039 2864/4500/1036 2861/4282/1041
f 2870/4307/1038 2875/4501/1039 2874/4502/1036 2871/4308/1037
f 2880/4333/1038 2885/4503/1039 2884/4504/1036 2881/4334/1037
f 2890/4359/1038 2895/4505/1039 2894/4506/1036 2891/4360/1037
f 2900/4385/1038 2905/4507/1039 2904/4508/1036 2901/4386/1037
f 2910/4411/1038 2915/4509/1039 2914/4510/1036 2911/4412/1037
f 2920/4437/1038 2925/4511/1039 2924/4512/1036 2921/4438/1037
f 2926/4513/913 2927/4514/912 2928/4515/874 2929/4516/875
f 2930/4517/916 2931/4518/917 2932/4519/878 2933/4520/915
f 2926/4521/798 2929/4522/799 2931/4523/910 2930/4524/911
f 2929/4525/800 2928/4526/801 2932/4527/882 2931/4528/914
f 2928/4529/794 2927/4530/795 2933/4531/909 2932/4532/886
f 2927/4533/802 2926/4534/803 2930/4535/919 2933/4536/918
f 2934/4537/913 2935/4538/912 2936/4539/874 2937/4540/875
f 2938/4541/916 2939/4542/917 2940/4543/878 2941/4544/915
f 2934/4545/798 2937/4546/799 2939/4547/910 2938/4548/911
f 2937/4549/800 2936/4550/801 2940/4551/882 2939/4552/914
f 2936/4553/794 2935/4554/795 2941/4555/909 2940/4556/886
f 2935/4557/802 2934/4558/803 2938/4559/919 2941/4560/918
f 2942/4561/913 2943/4562/912 2944/4563/874 2945/4564/875
f 2946/4565/916 2947/4566/917 2948/4567/878 2949/4568/915
f 2942/4569/798 2945/4570/799 2947/4571/910 2946/4572/911
f 2945/4573/800 2944/4574/801 2948/4575/882 2947/4576/914
f 2944/4577/794 2943/4578/795 2949/4579/909 2948/4580/886
f 2943/4581/802 2942/4582/803 2946/4583/919 2949/4584/918
f 2950/4585/913 2951/4586/912 2952/4587/874 2953/4588/875
f 2954/4589/916 2955/4590/917 2956/4591/878 2957/4592/915
f 2950/4593/798 2953/4594/799 2955/4595/910 2954/4596/911
f 2953/4597/800 2952/4598/801 2956/4599/882 2955/4600/914
f 2952/4601/794 2951/4602/795 2957/4603/909 2956/4604/886
f 2951/4605/802 2950/4606/803 2954/4607/919 2957/4608/918
f 2958/4609/913 2959/4610/912 2960/4611/874 2961/4612/875
f 2962/4613/916 2963/4614/917 2964/4615/878 2965/4616/915
f 2958/4617/798 2961/4618/799 2963/4619/910 2962/4620/911
f 2961/4621/800 2960/4622/801 2964/4623/882 2963/4624/914
f 2960/4625/794 2959/4626/795 2965/4627/909 2964/4628/886
f 2959/4629/802 2958/4630/803 2962/4631/919 2965/4632/918
f 3020/4633/913 3021/4634/912 3022/4635/874 3023/4636/875
f 3020/4637/798 3023/4638/799 3024/4639/910 3025/4640/911
f 3023/4641/800 3022/4642/801 3026/4643/882 3024/4644/914
f 3022/4645/794 3021/4646/795 3027/4647/909 3026/4648/886
f 3021/4649/802 3020/4650/803 3025/4651/919 3027/4652/918
