# 3ds Max Wavefront OBJ Exporter v0.97b - (c)2007 guruware
# File Created: 20.04.2017 21:48:27

mtllib concrane1.mtl

#
# object Mesh_1528
#

v  -3.9377 5.1246 16.1551
v  -3.3293 4.3784 16.1551
v  -3.9377 4.3784 16.1551
v  3.3294 4.3784 14.9628
v  3.9378 5.1246 14.9628
v  3.3294 4.3784 14.8548
v  3.9378 5.1246 14.8548
v  3.9378 5.1246 14.6277
v  3.9378 5.2896 14.6277
v  3.9378 5.2896 16.5064
v  3.9378 5.1246 16.1551
v  3.9378 5.1246 16.2793
v  3.3294 4.3784 16.1551
v  3.3294 4.3784 16.2793
v  3.9378 5.1246 16.5064
v  3.9378 4.3784 14.9628
v  3.9378 4.3784 16.1551
v  5.6576 5.1246 16.2793
v  5.6576 4.6876 16.2793
v  5.6576 5.1246 14.8548
v  5.6576 4.6876 14.8548
v  -5.6575 4.6876 16.2793
v  -8.3164 3.8294 16.2793
v  -8.3164 3.1952 16.2793
v  -3.3293 4.3784 16.2793
v  0.0001 3.1952 16.2793
v  0.0001 4.3784 16.2793
v  8.3165 3.1952 16.2793
v  8.3165 3.8294 16.2793
v  -5.6575 5.1246 16.2793
v  -3.9377 5.1246 16.2793
v  0.0001 4.3784 14.8548
v  -3.3293 4.3784 14.8548
v  -3.3293 4.3784 14.9628
v  0.0001 4.3784 14.9008
v  0.0001 4.3784 16.2264
v  -3.9377 4.3784 14.9628
v  5.7564 5.1246 16.5064
v  5.7564 5.1246 14.6277
v  4.0767 5.2896 14.8548
v  4.0767 5.2896 16.2793
v  5.7564 5.2896 16.5064
v  5.3936 5.2896 16.2793
v  5.7564 5.2904 14.6277
v  5.3936 5.2904 14.8548
v  4.0767 18.4416 14.7278
v  5.3936 18.4423 14.7278
v  4.0767 18.4416 16.2793
v  -8.3164 3.8294 -14.9140
v  -8.3164 3.8294 -13.4896
v  -5.6575 4.6876 -14.9140
v  -5.6575 4.6876 -13.4896
v  -8.3164 3.1952 -13.4896
v  -8.3164 3.1952 -14.9140
v  -4.0766 5.2896 -14.9140
v  -5.3935 5.2896 -14.9140
v  -4.0766 18.4416 -14.9140
v  -5.3935 18.4416 -14.9140
v  0.0001 3.1952 -14.9140
v  0.0001 3.1952 -13.4896
v  0.0001 4.3784 -14.9140
v  -3.3293 4.3784 -14.9140
v  -3.9377 5.1246 -14.9140
v  -5.6575 5.1246 -14.9140
v  -3.3293 4.3784 -14.7898
v  0.0001 4.3784 -14.8612
v  0.0001 4.3784 -13.5355
v  -3.3293 4.3784 -13.4896
v  0.0001 4.3784 -13.4896
v  -3.3293 4.3784 -13.5976
v  -3.9377 4.3784 -13.5976
v  -3.9377 4.3784 -14.7898
v  -3.9377 5.1246 -13.5976
v  -3.9377 5.1246 -13.4896
v  -3.9377 5.1246 -13.2624
v  -3.9377 5.2896 -13.2624
v  -3.9377 5.2896 -15.1411
v  -3.9377 5.1246 -14.7898
v  -3.9377 5.1246 -15.1411
v  -5.6575 5.1246 -13.4896
v  -5.7563 5.1246 -15.1411
v  -5.7563 5.1246 -13.2624
v  -4.0766 5.2896 -13.4896
v  -5.7563 5.2896 -15.1411
v  -5.7563 5.2904 -13.2624
v  -5.3935 5.2904 -13.4896
v  -4.0766 18.4416 -13.3626
v  -5.3935 18.4423 -13.3626
v  5.6576 4.6876 -13.4896
v  8.3165 3.8294 -13.4896
v  5.6576 4.6876 -14.9140
v  8.3165 3.8294 -14.9140
v  8.3165 3.1952 -14.9140
v  8.3165 3.1952 -13.4896
v  5.3936 5.2904 -13.4896
v  5.3936 5.2896 -14.9140
v  5.3936 18.4423 -13.3626
v  5.3936 18.4416 -14.9140
v  4.0767 18.4416 -14.9140
v  4.0767 5.2896 -14.9140
v  3.9378 4.3784 -14.7898
v  3.3294 4.3784 -14.7898
v  3.9378 4.3784 -13.5976
v  3.3294 4.3784 -13.5976
v  3.3294 4.3784 -13.4896
v  3.3294 4.3784 -14.9140
v  3.9378 5.1246 -13.4896
v  3.9378 5.1246 -13.5976
v  3.9378 5.1246 -14.9140
v  3.9378 5.1246 -14.7898
v  3.9378 5.2896 -15.1411
v  3.9378 5.2896 -13.2624
v  3.9378 5.1246 -13.2624
v  3.9378 5.1246 -15.1411
v  5.6576 5.1246 -13.4896
v  5.6576 5.1246 -14.9140
v  5.7564 5.2904 -13.2624
v  5.7564 5.1246 -13.2624
v  5.7564 5.2896 -15.1411
v  5.7564 5.1246 -15.1411
v  4.0767 18.4416 -13.3626
v  4.0767 5.2896 -13.4896
v  -4.0766 28.4461 14.6009
v  -5.3935 28.4468 14.6009
v  -4.0766 28.8460 14.1948
v  -5.3935 28.8467 14.1948
v  -5.3935 30.4299 -14.9140
v  -5.3935 30.4319 -14.7714
v  -6.7239 30.7114 -14.9140
v  -6.7239 30.7114 -14.7714
v  -3.7368 30.7285 -14.9140
v  -3.7368 30.7285 -3.4029
v  -4.0766 30.7285 -14.9140
v  -4.0766 30.7285 -3.4029
v  -3.7368 30.7285 16.2793
v  -4.0766 30.7285 16.2793
v  -3.7368 30.9313 -14.9140
v  -6.7239 30.9313 -14.9140
v  -5.3935 30.6831 -3.5605
v  -6.7239 30.7114 -3.5605
v  -5.3935 30.6831 -14.7714
v  -6.7239 30.7114 -3.4029
v  -5.3935 30.4299 -3.4029
v  -5.3935 30.4299 -3.5605
v  -6.7239 30.9313 -3.4029
v  -5.3935 30.9313 -3.4029
v  -3.7368 30.9313 -3.4029
v  -3.7368 30.9313 16.2793
v  -5.3935 28.8467 -12.8296
v  -5.3935 28.4468 -13.2357
v  -4.0766 28.8460 -12.8296
v  -4.0766 28.4461 -13.2357
v  -5.3935 28.8467 -3.4029
v  -4.0766 28.8460 -3.4029
v  -5.3935 18.4409 16.2793
v  -5.3935 28.4454 16.2793
v  -5.3935 18.4423 14.7278
v  -5.3935 30.9306 16.2793
v  -4.0766 18.4416 14.7278
v  -4.0766 18.4416 16.2793
v  -4.0766 28.4461 16.2793
v  5.3936 28.8467 14.1948
v  5.3936 28.4468 14.6009
v  4.0767 28.8460 14.1948
v  4.0767 28.4461 14.6009
v  6.7240 30.7114 -14.7714
v  5.3936 30.4319 -14.7714
v  6.7240 30.7114 -14.9140
v  5.3936 30.4299 -14.9140
v  6.7240 30.7114 -3.5605
v  5.3936 30.6831 -14.7714
v  5.3936 30.6831 -3.5605
v  5.3936 30.4299 -3.5605
v  5.3936 30.4299 -3.4029
v  6.7240 30.7114 -3.4029
v  5.3936 30.9313 -3.4029
v  6.7240 30.9313 -3.4029
v  6.7240 30.9313 -14.9140
v  4.0767 28.4461 -13.2357
v  5.3936 28.4468 -13.2357
v  4.0767 28.8460 -12.8296
v  5.3936 28.8467 -12.8296
v  4.0767 28.8460 -3.4029
v  5.3936 28.8467 -3.4029
v  5.3936 30.9306 16.2793
v  3.7369 30.9313 16.2793
v  3.7369 30.9313 -3.4029
v  3.7369 30.9313 -14.9140
v  5.3936 18.4409 16.2793
v  4.0767 28.4461 16.2793
v  5.3936 28.4454 16.2793
v  4.0767 30.7285 16.2793
v  3.7369 30.7285 16.2793
v  3.7369 30.7285 -14.9140
v  4.0767 30.7285 -14.9140
v  4.0767 30.7285 -3.4029
v  0.0001 36.0854 -5.9038
v  -0.0442 36.0854 -5.9804
v  0.0001 25.7578 -6.0963
v  -0.0442 25.7578 -6.1729
v  0.0443 36.0854 -5.9804
v  0.0443 25.7578 -6.1729
v  -0.0442 36.0854 -6.7051
v  0.0443 36.0854 -6.7051
v  -0.0442 25.7578 -6.6002
v  0.0443 25.7578 -6.6002
v  0.0001 36.0854 -6.6284
v  0.0001 25.7578 -6.5235
v  -2.0620 32.8072 -5.6342
v  -1.9734 32.8072 -5.6342
v  -2.0620 24.4773 -5.6342
v  -1.9734 24.4773 -5.6342
v  -2.0177 32.8072 -5.5575
v  -2.0177 24.4773 -5.5575
v  -2.0177 32.8072 -6.0324
v  -2.0620 32.8072 -6.1090
v  -2.0177 24.4773 -6.0324
v  -2.0620 24.4773 -6.1090
v  -1.9734 32.8072 -6.1090
v  -1.9734 24.4773 -6.1090
v  -2.0620 32.8072 -6.5839
v  -1.9734 32.8072 -6.5839
v  -2.0620 24.4773 -6.5839
v  -1.9734 24.4773 -6.5839
v  -2.0177 32.8072 -6.5072
v  -2.0177 24.4773 -6.5072
v  -2.0620 32.8072 -7.0588
v  -1.9734 32.8072 -7.0588
v  -2.0620 24.4773 -7.0588
v  -1.9734 24.4773 -7.0588
v  -2.0177 32.8072 -6.9821
v  -2.0177 24.4773 -6.9821
v  2.0493 32.8072 -6.5839
v  2.1377 32.8072 -6.5839
v  2.0493 24.4773 -6.5839
v  2.1377 24.4773 -6.5839
v  2.0935 32.8072 -6.5072
v  2.0935 24.4773 -6.5072
v  2.0935 32.8072 -6.0324
v  2.0493 32.8072 -6.1090
v  2.0935 24.4773 -6.0324
v  2.0493 24.4773 -6.1090
v  2.1377 32.8072 -6.1090
v  2.1377 24.4773 -6.1090
v  2.1377 32.8072 -5.6342
v  2.0935 32.8072 -5.5575
v  2.1377 24.4773 -5.6342
v  2.0935 24.4773 -5.5575
v  2.0493 32.8072 -5.6342
v  2.0493 24.4773 -5.6342
v  2.0493 32.8072 -7.0588
v  2.1377 32.8072 -7.0588
v  2.0493 24.4773 -7.0588
v  2.1377 24.4773 -7.0588
v  2.0935 32.8072 -6.9821
v  2.0935 24.4773 -6.9821
v  4.4641 31.0315 7.7633
v  4.4641 31.0315 14.8440
v  4.6179 31.0813 7.7633
v  4.6179 31.0813 14.8440
v  4.7716 31.0813 7.7633
v  4.7716 31.0813 14.8440
v  4.9254 31.0315 7.7633
v  4.9254 31.0315 14.8440
v  4.6195 31.4070 7.7633
v  4.6195 31.4070 14.8440
v  4.9254 30.9313 7.7633
v  4.9254 30.9313 14.8440
v  4.7700 31.4070 7.7633
v  4.7700 31.4070 14.8440
v  4.4641 30.9313 7.7633
v  4.4641 30.9313 14.8440
v  -4.6178 31.0813 7.7633
v  -4.6178 31.0813 14.8440
v  -4.4640 31.0315 7.7633
v  -4.4640 31.0315 14.8440
v  -4.9253 31.0315 7.7633
v  -4.9253 31.0315 14.8440
v  -4.7715 31.0813 7.7633
v  -4.7715 31.0813 14.8440
v  -4.6194 31.4070 7.7633
v  -4.6194 31.4070 14.8440
v  -4.9253 30.9313 7.7633
v  -4.9253 30.9313 14.8440
v  -4.7699 31.4070 7.7633
v  -4.7699 31.4070 14.8440
v  -4.4640 30.9313 7.7633
v  -4.4640 30.9313 14.8440
v  4.4641 31.0315 0.6826
v  4.6179 31.0813 0.6826
v  4.7716 31.0813 0.6826
v  4.9254 31.0315 0.6826
v  4.6195 31.4070 0.6826
v  4.9254 30.9313 0.6826
v  4.7700 31.4070 0.6826
v  4.4641 30.9313 0.6826
v  -4.6178 31.0813 0.6826
v  -4.4640 31.0315 0.6826
v  -4.9253 31.0315 0.6826
v  -4.7715 31.0813 0.6826
v  -4.6194 31.4070 0.6826
v  -4.9253 30.9313 0.6826
v  -4.7699 31.4070 0.6826
v  -4.4640 30.9313 0.6826
v  -2.7831 13.7583 -13.3210
v  -2.7545 13.7583 -13.2715
v  -2.7831 12.1743 -13.3210
v  -2.7545 12.1743 -13.2715
v  -2.8116 13.7583 -13.2715
v  -2.8116 12.1743 -13.2715
v  -3.8401 13.7583 -13.3210
v  -3.8115 13.7583 -13.2715
v  -3.8401 12.1743 -13.3210
v  -3.8115 12.1743 -13.2715
v  -3.8687 13.7583 -13.2715
v  -3.8687 12.1743 -13.2715
v  -4.0002 13.7583 -13.4742
v  -4.0574 13.7583 -13.4742
v  -4.0002 12.1743 -13.4742
v  -4.0574 12.1743 -13.4742
v  -4.0288 13.7583 -13.5237
v  -4.0288 12.1743 -13.5237
v  -4.0288 13.7583 -14.9595
v  -4.0002 13.7583 -14.9100
v  -4.0288 12.1743 -14.9595
v  -4.0002 12.1743 -14.9100
v  -4.0574 13.7583 -14.9100
v  -4.0574 12.1743 -14.9100
v  -4.0574 13.7583 -16.3113
v  -4.0288 13.7583 -16.3608
v  -4.0574 12.1743 -16.3113
v  -4.0288 12.1743 -16.3608
v  -4.0002 13.7583 -16.3113
v  -4.0002 12.1743 -16.3113
v  -3.8401 13.7583 -16.5467
v  -3.8115 13.7583 -16.4972
v  -3.8401 12.1743 -16.5467
v  -3.8115 12.1743 -16.4972
v  -3.8687 13.7583 -16.4972
v  -3.8687 12.1743 -16.4972
v  -2.8116 13.7583 -16.4972
v  -2.7831 13.7583 -16.5467
v  -2.8116 12.1743 -16.4972
v  -2.7831 12.1743 -16.5467
v  -2.7545 13.7583 -16.4972
v  -2.7545 12.1743 -16.4972
v  -3.8693 13.0684 -13.3058
v  -3.8693 13.0061 -13.3058
v  -3.9787 13.0684 -13.3451
v  -3.9787 13.0061 -13.3451
v  -3.8738 13.0373 -13.2774
v  -3.9990 13.0373 -13.3248
v  -4.0180 13.0684 -13.4545
v  -4.0180 13.0061 -13.4545
v  -4.0464 13.0373 -13.4499
v  -4.0180 13.0684 -16.3508
v  -4.0180 13.0061 -16.3508
v  -3.9787 13.0684 -16.4602
v  -3.9787 13.0061 -16.4602
v  -4.0464 13.0373 -16.3554
v  -3.9990 13.0373 -16.4805
v  -3.8693 13.0684 -16.4995
v  -3.8693 13.0061 -16.4995
v  -3.8738 13.0373 -16.5279
v  -2.6083 13.0684 -13.3054
v  -2.6083 13.0061 -13.3054
v  -2.6083 13.0373 -13.2767
v  -2.6083 13.0373 -16.5286
v  -2.6083 13.0684 -16.4999
v  -2.6083 13.0061 -16.4999
v  -3.8693 13.7872 -13.3058
v  -3.8693 13.7249 -13.3058
v  -3.9787 13.7872 -13.3451
v  -3.9787 13.7249 -13.3451
v  -3.8738 13.7561 -13.2774
v  -3.9990 13.7561 -13.3248
v  -4.0180 13.7872 -13.4545
v  -4.0180 13.7249 -13.4545
v  -4.0464 13.7561 -13.4499
v  -4.0180 13.7872 -16.3508
v  -4.0180 13.7249 -16.3508
v  -3.9787 13.7872 -16.4602
v  -3.9787 13.7249 -16.4602
v  -4.0464 13.7561 -16.3554
v  -3.9990 13.7561 -16.4805
v  -3.8693 13.7872 -16.4995
v  -3.8693 13.7249 -16.4995
v  -3.8738 13.7561 -16.5279
v  -2.6083 13.7872 -13.3054
v  -2.6083 13.7249 -13.3054
v  -2.6083 13.7561 -13.2767
v  -2.6083 13.7561 -16.5286
v  -2.6083 13.7872 -16.4999
v  -2.6083 13.7249 -16.4999
v  2.8259 20.7734 -16.2361
v  2.8590 20.7734 -16.3461
v  2.8259 20.8269 -16.2361
v  2.8590 20.8269 -16.3461
v  2.7905 20.8001 -16.2419
v  2.7905 20.8001 -16.1481
v  2.8336 20.8001 -16.3714
v  2.9632 20.8001 -16.4146
v  2.9689 20.7734 -16.3792
v  2.9689 20.8269 -16.3792
v  2.8264 20.8269 -16.1481
v  2.8264 20.7734 -16.1481
v  2.8590 20.8269 -15.0495
v  2.8590 20.7734 -15.0495
v  2.8259 20.8269 -15.1594
v  2.8259 20.7734 -15.1594
v  2.9689 20.8269 -15.0163
v  2.9689 20.7734 -15.0163
v  2.9632 20.8001 -14.9809
v  2.8336 20.8001 -15.0240
v  2.7905 20.8001 -15.1536
v  2.7905 20.8001 -15.2158
v  2.8264 20.7734 -15.2158
v  2.8264 20.8269 -15.2158
v  5.6471 20.7734 -15.0495
v  5.6471 20.8269 -15.0495
v  5.6802 20.7734 -15.1594
v  5.6802 20.8269 -15.1594
v  5.7156 20.8001 -15.1536
v  5.6724 20.8001 -15.0240
v  5.5429 20.8001 -14.9809
v  5.5372 20.7734 -15.0163
v  5.5372 20.8269 -15.0163
v  5.4034 20.8001 -14.9809
v  5.4034 20.7734 -15.0168
v  5.4034 20.8269 -15.0168
v  5.6704 21.4644 -15.1724
v  5.6990 21.4644 -15.2219
v  5.6704 19.8804 -15.1724
v  5.6990 19.8804 -15.2219
v  5.7276 21.4644 -15.1724
v  5.7276 19.8804 -15.1724
v  5.6704 21.4644 -16.2004
v  5.6990 21.4644 -16.2499
v  5.6704 19.8804 -16.2004
v  5.6990 19.8804 -16.2499
v  5.7276 21.4644 -16.2004
v  5.7276 19.8804 -16.2004
v  5.5438 21.4644 -16.3781
v  5.4866 21.4644 -16.3781
v  5.5438 19.8804 -16.3781
v  5.4866 19.8804 -16.3781
v  5.5152 21.4644 -16.4276
v  5.5152 19.8804 -16.4276
v  3.0033 21.4644 -16.3781
v  2.9462 21.4644 -16.3781
v  3.0033 19.8804 -16.3781
v  2.9462 19.8804 -16.3781
v  2.9748 21.4644 -16.4276
v  2.9748 19.8804 -16.4276
v  2.8062 21.4644 -16.2666
v  2.8348 21.4644 -16.2171
v  2.8062 19.8804 -16.2666
v  2.8348 19.8804 -16.2171
v  2.7776 21.4644 -16.2171
v  2.7776 19.8804 -16.2171
v  2.8259 21.4307 -16.2361
v  2.8590 21.4307 -16.3461
v  2.8259 21.4842 -16.2361
v  2.8590 21.4842 -16.3461
v  2.7905 21.4574 -16.2419
v  2.7905 21.4574 -16.1481
v  2.8336 21.4574 -16.3714
v  2.9632 21.4574 -16.4146
v  2.9689 21.4307 -16.3792
v  2.9689 21.4842 -16.3792
v  2.8264 21.4842 -16.1481
v  2.8264 21.4307 -16.1481
v  3.7369 30.7285 -3.4029
v  2.8590 21.4842 -15.0495
v  2.8590 21.4307 -15.0495
v  2.8259 21.4842 -15.1594
v  2.8259 21.4307 -15.1594
v  2.9689 21.4842 -15.0163
v  2.9689 21.4307 -15.0163
v  2.9632 21.4574 -14.9809
v  2.8336 21.4574 -15.0240
v  2.7905 21.4574 -15.1536
v  2.7905 21.4574 -15.2158
v  2.8264 21.4307 -15.2158
v  2.8264 21.4842 -15.2158
v  5.6471 21.4307 -15.0495
v  5.6471 21.4842 -15.0495
v  5.6802 21.4307 -15.1594
v  5.6802 21.4842 -15.1594
v  5.7156 21.4574 -15.1536
v  5.6724 21.4574 -15.0240
v  5.5429 21.4574 -14.9809
v  5.5372 21.4307 -15.0163
v  5.5372 21.4842 -15.0163
v  5.4034 21.4574 -14.9809
v  5.4034 21.4307 -15.0168
v  5.4034 21.4842 -15.0168
v  5.7156 21.4574 -16.2419
v  5.6724 21.4574 -16.3714
v  5.6802 21.4842 -16.2361
v  5.6471 21.4842 -16.3461
v  5.5429 21.4574 -16.4146
v  5.5372 21.4842 -16.3792
v  5.6471 21.4307 -16.3461
v  5.5372 21.4307 -16.3792
v  5.6802 21.4307 -16.2361
v  4.3349 21.4574 -14.9809
v  4.3349 21.4307 -15.0168
v  4.3349 21.4842 -15.0168
v  4.1457 24.5810 -15.3585
v  4.1904 24.6270 -15.4152
v  4.1465 24.5810 -15.9147
v  4.1908 24.6270 -15.9089
v  4.1908 24.5351 -15.9089
v  4.2817 24.5351 -16.2437
v  4.1904 24.5351 -15.4152
v  4.2430 24.5810 -16.2661
v  4.4340 24.5351 -15.1554
v  4.3892 24.5810 -15.0988
v  4.4340 24.6270 -15.1554
v  5.2122 24.6270 -16.4930
v  5.2122 24.5351 -16.4930
v  5.4616 24.6270 -16.2437
v  4.8716 24.5351 -16.5843
v  4.8716 24.6270 -16.5843
v  4.5310 24.5351 -16.4930
v  4.5310 24.6270 -16.4930
v  4.2817 24.6270 -16.2437
v  4.5086 24.5810 -16.5317
v  4.8716 24.5810 -16.6290
v  5.2346 24.5810 -16.5317
v  5.5003 24.5810 -16.2661
v  5.4616 24.5351 -16.2437
v  5.5525 24.5351 -15.9089
v  5.5968 24.5810 -15.9147
v  5.5528 24.5351 -15.4152
v  5.5976 24.5810 -15.3585
v  5.5528 24.6270 -15.4152
v  5.5525 24.6270 -15.9089
v  5.3628 24.5810 -15.0988
v  5.3181 24.6270 -15.1554
v  5.3181 24.5351 -15.1554
v  4.1457 26.0785 -15.3585
v  4.1904 26.1244 -15.4152
v  4.1465 26.0785 -15.9147
v  4.1908 26.1244 -15.9089
v  4.1908 26.0326 -15.9089
v  4.2817 26.0326 -16.2437
v  4.1904 26.0326 -15.4152
v  4.2430 26.0785 -16.2661
v  4.4340 26.0326 -15.1554
v  4.3892 26.0785 -15.0988
v  4.4340 26.1244 -15.1554
v  5.2122 26.1245 -16.4930
v  5.2122 26.0326 -16.4930
v  5.4616 26.1245 -16.2437
v  4.8716 26.0326 -16.5843
v  4.8716 26.1245 -16.5843
v  4.5310 26.0326 -16.4930
v  4.5310 26.1245 -16.4930
v  4.2817 26.1245 -16.2437
v  4.5086 26.0785 -16.5317
v  4.8716 26.0785 -16.6290
v  5.2346 26.0785 -16.5317
v  5.5003 26.0785 -16.2661
v  5.4616 26.0326 -16.2437
v  5.5525 26.0326 -15.9089
v  5.5968 26.0785 -15.9147
v  5.5528 26.0326 -15.4152
v  5.5976 26.0785 -15.3585
v  5.5528 26.1244 -15.4152
v  5.5525 26.1244 -15.9089
v  5.3628 26.0785 -15.0988
v  5.3181 26.1244 -15.1554
v  5.3181 26.0326 -15.1554
v  5.5897 24.5864 -15.5038
v  5.5897 28.2960 -15.5038
v  5.5897 24.5864 -15.4582
v  5.5502 28.2960 -15.4810
v  5.5502 24.5864 -15.4810
v  5.5897 28.2960 -15.4582
v  5.5897 31.9773 -15.5038
v  5.5502 31.9773 -15.4810
v  5.5897 31.9773 -15.4582
v  4.1457 27.5592 -15.3585
v  4.1904 27.6051 -15.4152
v  4.1465 27.5592 -15.9147
v  4.1908 27.6051 -15.9089
v  4.1908 27.5133 -15.9089
v  4.2817 27.5133 -16.2437
v  4.1904 27.5133 -15.4152
v  4.2430 27.5592 -16.2661
v  4.4340 27.5133 -15.1554
v  4.3892 27.5592 -15.0988
v  4.4340 27.6051 -15.1554
v  5.2122 27.6051 -16.4930
v  5.2122 27.5133 -16.4930
v  5.4616 27.6051 -16.2437
v  4.8716 27.5133 -16.5843
v  4.8716 27.6051 -16.5843
v  4.5310 27.5133 -16.4930
v  4.5310 27.6051 -16.4930
v  4.2817 27.6051 -16.2437
v  4.5086 27.5592 -16.5317
v  4.8716 27.5592 -16.6290
v  5.2346 27.5592 -16.5317
v  5.5003 27.5592 -16.2661
v  5.4616 27.5133 -16.2437
v  5.5525 27.5133 -15.9089
v  5.5968 27.5592 -15.9147
v  5.5528 27.5133 -15.4152
v  5.5976 27.5592 -15.3585
v  5.5528 27.6051 -15.4152
v  5.5525 27.6051 -15.9089
v  5.3628 27.5592 -15.0988
v  5.3181 27.6051 -15.1554
v  5.3181 27.5133 -15.1554
v  4.8848 28.2960 -16.5752
v  4.8848 31.9773 -16.5752
v  4.8453 28.2960 -16.5979
v  4.8453 31.9773 -16.5979
v  4.8848 28.2960 -16.6207
v  4.8848 31.9773 -16.6207
v  4.8848 24.5864 -16.5752
v  4.8453 24.5864 -16.5979
v  4.8848 24.5864 -16.6207
v  4.1875 31.9773 -15.5026
v  4.1875 28.2960 -15.5026
v  4.1481 31.9773 -15.4798
v  4.1875 28.2960 -15.4570
v  4.1875 31.9773 -15.4570
v  4.1481 28.2960 -15.4798
v  4.1481 24.5864 -15.4798
v  4.1875 24.5864 -15.5026
v  4.1875 24.5864 -15.4570
v  5.3636 31.9773 -16.4037
v  5.3636 28.2960 -16.4037
v  5.3242 31.9773 -16.3809
v  5.3636 28.2960 -16.3581
v  5.3636 31.9773 -16.3581
v  5.3242 28.2960 -16.3809
v  5.3636 24.5864 -16.4037
v  5.3636 24.5864 -16.3581
v  5.3242 24.5864 -16.3809
v  5.3181 28.9825 -15.1554
v  5.5528 28.9825 -15.4152
v  5.3628 29.0284 -15.0988
v  5.5976 29.0284 -15.3585
v  5.3181 29.0744 -15.1554
v  5.5528 29.0744 -15.4152
v  5.5525 29.0744 -15.9089
v  5.5525 28.9825 -15.9089
v  5.4616 28.9825 -16.2437
v  5.4616 29.0744 -16.2437
v  5.2122 28.9825 -16.4930
v  5.5968 29.0284 -15.9147
v  5.5003 29.0284 -16.2661
v  5.2122 29.0744 -16.4930
v  5.2346 29.0284 -16.5317
v  4.8716 29.0744 -16.5843
v  4.8716 29.0284 -16.6290
v  4.5310 29.0744 -16.4930
v  4.5086 29.0284 -16.5317
v  4.2817 29.0744 -16.2437
v  4.2430 29.0284 -16.2661
v  4.2817 28.9825 -16.2437
v  4.5310 28.9825 -16.4930
v  4.8716 28.9825 -16.5843
v  4.1908 29.0744 -15.9089
v  4.1465 29.0284 -15.9147
v  4.1457 29.0284 -15.3585
v  4.1904 29.0744 -15.4152
v  4.1908 28.9825 -15.9089
v  4.1904 28.9825 -15.4152
v  4.4340 28.9825 -15.1554
v  4.3892 29.0284 -15.0988
v  4.4340 29.0744 -15.1554
v  4.3948 31.9773 -16.3657
v  4.3948 28.2960 -16.3657
v  4.3948 31.9773 -16.4113
v  4.3553 28.2960 -16.3884
v  4.3553 31.9773 -16.3884
v  4.3948 28.2960 -16.4113
v  4.3948 24.5864 -16.3657
v  4.3553 24.5864 -16.3884
v  4.3948 24.5864 -16.4113
v  4.1781 28.2960 -15.9344
v  4.1781 31.9773 -15.9344
v  4.1781 28.2960 -15.8888
v  4.1781 31.9773 -15.8888
v  4.1386 31.9773 -15.9115
v  4.1386 28.2960 -15.9115
v  4.1781 24.5864 -15.9344
v  4.1781 24.5864 -15.8888
v  4.1386 24.5864 -15.9115
v  5.5897 31.9773 -15.8879
v  5.5897 28.2960 -15.8879
v  5.5897 31.9773 -15.9335
v  5.5502 28.2960 -15.9108
v  5.5502 31.9773 -15.9108
v  5.5897 28.2960 -15.9335
v  5.5897 24.5864 -15.8879
v  5.5502 24.5864 -15.9108
v  5.5897 24.5864 -15.9335
v  5.3181 30.4632 -15.1554
v  5.5528 30.4632 -15.4152
v  5.3628 30.5091 -15.0988
v  5.5976 30.5091 -15.3585
v  5.3181 30.5550 -15.1554
v  5.5528 30.5550 -15.4152
v  5.5525 30.5550 -15.9089
v  5.5525 30.4632 -15.9089
v  5.4616 30.4632 -16.2437
v  5.4616 30.5550 -16.2437
v  5.2122 30.4632 -16.4930
v  5.5968 30.5091 -15.9147
v  5.5003 30.5091 -16.2661
v  5.2122 30.5550 -16.4930
v  5.2346 30.5091 -16.5317
v  4.8716 30.5550 -16.5843
v  4.8716 30.5091 -16.6290
v  4.5310 30.5550 -16.4930
v  4.5086 30.5091 -16.5317
v  4.2817 30.5550 -16.2437
v  4.2430 30.5091 -16.2661
v  4.2817 30.4632 -16.2437
v  4.5310 30.4632 -16.4930
v  4.8716 30.4632 -16.5843
v  4.1908 30.5550 -15.9089
v  4.1465 30.5091 -15.9147
v  4.1457 30.5091 -15.3585
v  4.1904 30.5550 -15.4152
v  4.1908 30.4632 -15.9089
v  4.1904 30.4632 -15.4152
v  4.4340 30.4632 -15.1554
v  4.3892 30.5091 -15.0988
v  4.4340 30.5550 -15.1554
v  5.3181 31.9338 -15.1554
v  5.5528 31.9338 -15.4152
v  5.3628 31.9797 -15.0988
v  5.5976 31.9797 -15.3585
v  5.3181 32.0257 -15.1554
v  5.5528 32.0257 -15.4152
v  5.5525 32.0257 -15.9089
v  5.5525 31.9338 -15.9089
v  5.4616 31.9338 -16.2437
v  5.4616 32.0257 -16.2437
v  5.2122 31.9338 -16.4930
v  5.5968 31.9797 -15.9147
v  5.5003 31.9798 -16.2661
v  5.2122 32.0257 -16.4930
v  5.2346 31.9798 -16.5317
v  4.8716 32.0257 -16.5843
v  4.8716 31.9798 -16.6290
v  4.5310 32.0257 -16.4930
v  4.5086 31.9798 -16.5317
v  4.2817 32.0257 -16.2437
v  4.2430 31.9798 -16.2661
v  4.2817 31.9338 -16.2437
v  4.5310 31.9338 -16.4930
v  4.8716 31.9338 -16.5843
v  4.1908 32.0257 -15.9089
v  4.1465 31.9797 -15.9147
v  4.1457 31.9797 -15.3585
v  4.1904 32.0257 -15.4152
v  4.1908 31.9338 -15.9089
v  4.1904 31.9338 -15.4152
v  4.4340 31.9338 -15.1554
v  4.3892 31.9797 -15.0988
v  4.4340 32.0257 -15.1554
v  1.3957 34.1242 -14.2734
v  1.4709 34.1242 -14.4993
v  1.4410 34.0825 -14.2661
v  1.5034 34.0825 -14.4668
v  1.6968 34.1242 -14.5746
v  1.7041 34.0825 -14.5292
v  1.5034 34.1660 -14.4668
v  1.7041 34.1660 -14.5292
v  1.4410 34.1660 -14.2661
v  1.4410 34.1660 -13.1113
v  1.3957 34.1242 -13.1039
v  1.4410 34.0825 -13.1113
v  1.7041 34.8817 -14.5292
v  1.7041 34.7982 -14.5292
v  2.9914 34.8817 -14.5168
v  2.9914 34.7982 -14.5168
v  1.6968 34.8399 -14.5746
v  2.9987 34.8399 -14.5621
v  2.9914 34.1660 -14.5168
v  2.9914 34.0825 -14.5168
v  2.9987 34.1242 -14.5621
v  2.9822 34.8399 -4.0925
v  2.9069 34.8399 -3.8667
v  2.9368 34.7982 -4.0999
v  2.8744 34.7982 -3.8992
v  2.6810 34.8399 -3.7914
v  2.6737 34.7982 -3.8368
v  2.8744 34.8817 -3.8992
v  2.6737 34.8817 -3.8368
v  2.9368 34.8817 -4.0999
v  2.9822 34.1242 -4.0925
v  2.9069 34.1242 -3.8667
v  2.9368 34.0825 -4.0999
v  2.8744 34.0825 -3.8992
v  2.6810 34.1242 -3.7914
v  2.6737 34.0825 -3.8368
v  2.8744 34.1660 -3.8992
v  2.6737 34.1660 -3.8368
v  2.9368 34.1660 -4.0999
v  2.9822 34.1242 -12.9558
v  2.9368 34.0825 -12.9517
v  2.9368 34.1660 -12.9517
v  2.9368 34.8817 -12.9517
v  2.9822 34.8399 -12.9558
v  2.9368 34.7982 -12.9517
v  -6.5104 31.7862 -14.4723
v  -6.5104 31.7862 -3.9788
v  -6.5104 31.7082 -14.4723
v  -6.5104 31.7082 -3.9788
v  -6.5557 31.7472 -14.4796
v  -6.5557 31.7472 -3.9714
v  -6.5104 32.5240 -14.4723
v  -6.5104 32.5240 -3.9788
v  -6.5104 32.4460 -14.4723
v  -6.5104 32.4460 -3.9788
v  -6.5557 32.4850 -14.4796
v  -6.5557 32.4850 -3.9714
v  6.5414 30.9220 -9.1447
v  6.5414 32.5060 -9.1447
v  6.5699 30.9220 -9.0952
v  6.5699 32.5060 -9.0952
v  6.5128 30.9220 -9.0952
v  6.5128 32.5060 -9.0952
v  6.5414 30.9220 -6.5747
v  6.5414 32.5060 -6.5747
v  6.5699 30.9220 -6.5252
v  6.5699 32.5060 -6.5252
v  6.5128 30.9220 -6.5252
v  6.5128 32.5060 -6.5252
v  6.1974 30.9220 -3.7293
v  6.1974 32.5060 -3.7293
v  6.2259 30.9220 -3.6798
v  6.2259 32.5060 -3.6798
v  6.1688 30.9220 -3.6798
v  6.1688 32.5060 -3.6798
v  6.5414 30.9220 -4.0047
v  6.5414 32.5060 -4.0047
v  6.5699 30.9220 -3.9552
v  6.5699 32.5060 -3.9552
v  6.5128 30.9220 -3.9552
v  6.5128 32.5060 -3.9552
v  6.5414 30.9220 -11.7147
v  6.5414 32.5060 -11.7147
v  6.5699 30.9220 -11.6652
v  6.5699 32.5060 -11.6652
v  6.5128 30.9220 -11.6652
v  6.5128 32.5060 -11.6652
v  6.5414 30.9220 -14.2848
v  6.5414 32.5060 -14.2848
v  6.5699 30.9220 -14.2353
v  6.5699 32.5060 -14.2353
v  6.5128 30.9220 -14.2353
v  6.5128 32.5060 -14.2353
v  5.6682 30.9220 -14.7788
v  5.6682 32.5060 -14.7788
v  5.6968 30.9220 -14.7293
v  5.6968 32.5060 -14.7293
v  5.6397 30.9220 -14.7293
v  5.6397 32.5060 -14.7293
v  6.1665 30.9220 -14.7788
v  6.1665 32.5060 -14.7788
v  6.1951 30.9220 -14.7293
v  6.1951 32.5060 -14.7293
v  6.1379 30.9220 -14.7293
v  6.1379 32.5060 -14.7293
v  5.2068 30.9220 -3.7293
v  5.2068 32.5060 -3.7293
v  5.2354 30.9220 -3.6798
v  5.2354 32.5060 -3.6798
v  5.1782 30.9220 -3.6798
v  5.1782 32.5060 -3.6798
v  6.2576 31.7082 -3.7259
v  6.4506 31.7082 -3.7858
v  6.2650 31.7472 -3.6805
v  6.5558 31.7472 -3.9714
v  6.4831 31.7472 -3.7533
v  6.5105 31.7082 -3.9788
v  6.4506 31.7862 -3.7858
v  6.5105 31.7862 -3.9788
v  6.2576 31.7862 -3.7259
v  -2.8965 34.8404 -14.5176
v  -2.9536 34.8404 -14.5176
v  -2.8965 33.2564 -14.5176
v  -2.9536 33.2564 -14.5176
v  -2.9250 34.8404 -14.5671
v  -2.9250 33.2564 -14.5671
v  -0.8777 33.2564 -9.4514
v  -0.8777 34.8404 -9.4514
v  -0.8491 33.2564 -9.4019
v  -0.8491 34.8404 -9.4019
v  -0.9063 33.2564 -9.4019
v  -0.9063 34.8404 -9.4019
v  -0.8659 34.8404 -3.7957
v  -0.9231 34.8404 -3.7957
v  -0.8659 33.2564 -3.7957
v  -0.9231 33.2564 -3.7957
v  -0.8945 34.8404 -3.8452
v  -0.8945 33.2564 -3.8452
v  -2.5787 34.8404 -3.7957
v  -2.6359 34.8404 -3.7957
v  -2.5787 33.2564 -3.7957
v  -2.6359 33.2564 -3.7957
v  -2.6073 34.8404 -3.8452
v  -2.6073 33.2564 -3.8452
v  -2.9272 34.8404 -4.1399
v  -2.9844 34.8404 -4.1399
v  -2.9272 33.2564 -4.1399
v  -2.9844 33.2564 -4.1399
v  -2.9558 34.8404 -4.1894
v  -2.9558 33.2564 -4.1894
v  -2.9272 34.8404 -6.2233
v  -2.9844 34.8404 -6.2233
v  -2.9272 33.2564 -6.2233
v  -2.9844 33.2564 -6.2233
v  -2.9558 34.8404 -6.2728
v  -2.9558 33.2564 -6.2728
v  -2.9272 34.8404 -8.3027
v  -2.9844 34.8404 -8.3027
v  -2.9272 33.2564 -8.3027
v  -2.9844 33.2564 -8.3027
v  -2.9558 34.8404 -8.3522
v  -2.9558 33.2564 -8.3522
v  -2.9272 34.8404 -10.3820
v  -2.9844 34.8404 -10.3820
v  -2.9272 33.2564 -10.3820
v  -2.9844 33.2564 -10.3820
v  -2.9558 34.8404 -10.4315
v  -2.9558 33.2564 -10.4315
v  -0.8777 33.2564 -11.4749
v  -0.8777 34.8404 -11.4749
v  -0.8491 33.2564 -11.4254
v  -0.8491 34.8404 -11.4254
v  -0.9063 33.2564 -11.4254
v  -0.9063 34.8404 -11.4254
v  -1.4228 33.2564 -14.2476
v  -1.4228 34.8404 -14.2476
v  -1.3942 33.2564 -14.1981
v  -1.3942 34.8404 -14.1981
v  -1.4514 33.2564 -14.1981
v  -1.4514 34.8404 -14.1981
v  -0.8702 34.8404 -12.7879
v  -0.9273 34.8404 -12.7879
v  -0.8702 33.2564 -12.7879
v  -0.9273 33.2564 -12.7879
v  -0.8987 34.8404 -12.8374
v  -0.8987 33.2564 -12.8374
v  -1.4228 33.2564 -13.2951
v  -1.4228 34.8404 -13.2951
v  -1.3942 33.2564 -13.2456
v  -1.3942 34.8404 -13.2456
v  -1.4514 33.2564 -13.2456
v  -1.4514 34.8404 -13.2456
v  -1.7321 33.2564 -14.5740
v  -1.7321 34.8404 -14.5740
v  -1.7035 33.2564 -14.5245
v  -1.7035 34.8404 -14.5245
v  -1.7607 33.2564 -14.5245
v  -1.7607 34.8404 -14.5245
v  -3.1111 33.9608 -13.2843
v  -3.1557 33.9966 -13.2843
v  -4.1027 32.7256 -13.2843
v  -4.1473 32.7614 -13.2843
v  -3.1334 33.9787 -13.3338
v  -4.1250 32.7435 -13.3338
v  -3.1111 33.9608 -14.3038
v  -3.1557 33.9966 -14.3038
v  -4.1027 32.7256 -14.3038
v  -4.1473 32.7614 -14.3038
v  -3.1334 33.9787 -14.3533
v  -4.1250 32.7435 -14.3533
v  -3.1111 34.6358 -14.3038
v  -3.1557 34.6716 -14.3038
v  -4.1027 33.4006 -14.3038
v  -4.1473 33.4364 -14.3038
v  -3.1334 34.6537 -14.3533
v  -4.1250 33.4185 -14.3533
v  -3.1111 34.6358 -13.2843
v  -3.1557 34.6716 -13.2843
v  -4.1027 33.4006 -13.2843
v  -4.1473 33.4364 -13.2843
v  -3.1334 34.6537 -13.3338
v  -4.1250 33.4185 -13.3338
v  -2.9272 34.8404 -12.9263
v  -2.9844 34.8404 -12.9263
v  -2.9272 33.2564 -12.9263
v  -2.9844 33.2564 -12.9263
v  -2.9558 34.8404 -12.9758
v  -2.9558 33.2564 -12.9758
v  -3.2661 34.4948 -13.2843
v  -3.3232 34.4948 -13.2843
v  -3.2661 32.9108 -13.2843
v  -3.3232 32.9108 -13.2843
v  -3.2947 34.4948 -13.3338
v  -3.2947 32.9108 -13.3338
v  -3.2661 34.4948 -14.3038
v  -3.3232 34.4948 -14.3038
v  -3.2661 32.9108 -14.3038
v  -3.3232 32.9108 -14.3038
v  -3.2947 34.4948 -14.3533
v  -3.2947 32.9108 -14.3533
v  -3.9153 33.6255 -13.2843
v  -3.9724 33.6255 -13.2843
v  -3.9153 32.0415 -13.2843
v  -3.9724 32.0415 -13.2843
v  -3.9439 33.6255 -13.3338
v  -3.9439 32.0415 -13.3338
v  -3.9153 33.6255 -14.3038
v  -3.9724 33.6255 -14.3038
v  -3.9153 32.0415 -14.3038
v  -3.9724 32.0415 -14.3038
v  -3.9439 33.6255 -14.3533
v  -3.9439 32.0415 -14.3533
v  2.8965 33.2564 -14.5176
v  2.8965 34.8404 -14.5176
v  2.9251 33.2564 -14.5671
v  2.9251 34.8404 -14.5671
v  2.9537 33.2564 -14.5176
v  2.9537 34.8404 -14.5176
v  6.2576 32.4460 -3.7259
v  6.4506 32.4460 -3.7858
v  6.2650 32.4850 -3.6805
v  6.5558 32.4850 -3.9714
v  6.4831 32.4850 -3.7533
v  6.5105 32.4460 -3.9788
v  6.4506 32.5240 -3.7858
v  6.5105 32.5240 -3.9788
v  6.2576 32.5240 -3.7259
v  0.8492 34.8404 -9.4019
v  0.8777 34.8404 -9.4514
v  0.8492 33.2564 -9.4019
v  0.8777 33.2564 -9.4514
v  0.9063 34.8404 -9.4019
v  0.9063 33.2564 -9.4019
v  0.8660 33.2564 -3.7957
v  0.8660 34.8404 -3.7957
v  0.8946 33.2564 -3.8452
v  0.8946 34.8404 -3.8452
v  0.9232 33.2564 -3.7957
v  0.9232 34.8404 -3.7957
v  -4.5697 32.0698 -9.9790
v  -4.5697 32.2349 -9.9790
v  -4.4197 32.0698 -10.3303
v  -4.4197 32.2349 -10.3303
v  -4.0541 32.0698 -10.4818
v  -4.0541 32.2349 -10.4818
v  -3.6886 32.0698 -10.3303
v  -3.6886 32.2349 -10.3303
v  -3.5386 32.0698 -9.9790
v  -3.5386 32.2349 -9.9790
v  -4.9380 31.2229 -10.2035
v  -4.8177 31.2229 -10.2035
v  -4.8177 31.2229 -9.5171
v  -4.9380 31.2229 -8.2750
v  -4.8177 31.2229 -8.9614
v  -4.8177 31.2229 -8.2750
v  -4.8180 31.8647 -9.5171
v  -4.8177 31.8146 -10.2035
v  -4.8177 32.5064 -9.5171
v  -4.8180 31.8647 -8.9614
v  -4.8177 31.8146 -8.2750
v  -4.8177 32.5064 -8.9614
v  -4.9384 32.5064 -9.5167
v  -4.9380 31.8146 -10.2035
v  2.5789 33.2564 -3.7957
v  2.5789 34.8404 -3.7957
v  2.6075 33.2564 -3.8452
v  2.6075 34.8404 -3.8452
v  2.6360 33.2564 -3.7957
v  2.6360 34.8404 -3.7957
v  -4.9380 31.8146 -8.2750
v  -4.9384 32.5064 -8.9610
v  2.9273 33.2564 -4.1399
v  2.9273 34.8404 -4.1399
v  2.9559 33.2564 -4.1894
v  2.9559 34.8404 -4.1894
v  2.9845 33.2564 -4.1399
v  2.9845 34.8404 -4.1399
v  -4.6713 32.2349 -12.0192
v  -4.6706 32.2349 -11.9401
v  -4.4983 32.2349 -12.0201
v  -4.5705 32.2349 -11.9410
v  -4.4983 32.2349 -11.5786
v  -4.5697 32.2349 -11.5644
v  -4.4197 32.2349 -11.2130
v  -4.3682 32.2349 -11.2645
v  -4.0541 32.2349 -11.0616
v  -4.0541 32.2349 -11.1344
v  -3.6886 32.2349 -11.2130
v  -3.7401 32.2349 -11.2645
v  -3.5386 32.2349 -11.5644
v  -3.6100 32.2349 -11.5786
v  -3.5379 32.2349 -11.9410
v  -3.6100 32.2349 -12.0201
v  -3.4370 32.2349 -12.0192
v  -3.4377 32.2349 -11.9401
v  -3.4370 32.0698 -12.0192
v  -3.4377 32.0698 -11.9401
v  -3.6100 32.0698 -12.0201
v  -3.5379 32.0698 -11.9410
v  -3.6100 32.0698 -11.5786
v  -3.5386 32.0698 -11.5644
v  -3.6886 32.0698 -11.2130
v  -3.7401 32.0698 -11.2645
v  -4.0541 32.0698 -11.0616
v  -4.0541 32.0698 -11.1344
v  -4.4197 32.0698 -11.2130
v  -4.3682 32.0698 -11.2645
v  -4.5697 32.0698 -11.5644
v  -4.4983 32.0698 -11.5786
v  -4.5705 32.0698 -11.9410
v  -4.4983 32.0698 -12.0201
v  -4.6713 32.0698 -12.0192
v  -4.6706 32.0698 -11.9401
v  -4.8177 31.8146 -13.2684
v  -4.8177 32.5064 -12.5820
v  -4.8180 31.8647 -12.5820
v  -4.8177 31.2229 -13.2684
v  -4.8177 31.2229 -12.5820
v  -4.8180 31.8647 -12.0262
v  -4.8177 31.2229 -12.0262
v  -4.8177 31.8146 -11.3398
v  -4.8177 31.2229 -11.3398
v  -4.8177 32.5064 -12.0262
v  2.9273 33.2564 -6.2233
v  2.9273 34.8404 -6.2233
v  2.9559 33.2564 -6.2728
v  2.9559 34.8404 -6.2728
v  2.9845 33.2564 -6.2233
v  2.9845 34.8404 -6.2233
v  -4.1728 31.8647 -12.5820
v  -4.1111 32.5064 -12.5820
v  -4.0489 31.8647 -12.5820
v  -4.0489 31.1003 -12.5820
v  -4.1734 31.2199 -12.5820
v  -1.5592 31.8654 -12.5820
v  -1.5592 32.5071 -12.5820
v  -4.9380 31.2229 -11.3398
v  -4.9380 31.2229 -13.2684
v  -4.9380 31.8146 -11.3398
v  -4.9384 32.5064 -12.0266
v  2.9273 33.2564 -8.3027
v  2.9273 34.8404 -8.3027
v  2.9559 33.2564 -8.3522
v  2.9559 34.8404 -8.3522
v  2.9845 33.2564 -8.3027
v  2.9845 34.8404 -8.3027
v  -4.9380 31.8146 -13.2684
v  -4.9384 32.5064 -12.5824
v  2.9273 33.2564 -10.3820
v  2.9273 34.8404 -10.3820
v  2.9559 33.2564 -10.4315
v  2.9559 34.8404 -10.4315
v  2.9845 33.2564 -10.3820
v  2.9845 34.8404 -10.3820
v  4.6714 32.2349 -9.5241
v  4.6707 32.2349 -9.6032
v  4.4984 32.2349 -9.5232
v  4.5706 32.2349 -9.6023
v  4.4984 32.2349 -9.9648
v  4.5699 32.2349 -9.9790
v  4.4198 32.2349 -10.3303
v  4.3683 32.2349 -10.2789
v  4.0542 32.2349 -10.4818
v  4.0542 32.2349 -10.4090
v  3.6887 32.2349 -10.3303
v  3.7402 32.2349 -10.2789
v  3.5387 32.2349 -9.9790
v  3.6101 32.2349 -9.9648
v  3.5380 32.2349 -9.6023
v  3.6101 32.2349 -9.5232
v  3.4371 32.2349 -9.5241
v  3.4378 32.2349 -9.6032
v  3.4371 32.0698 -9.5241
v  3.4378 32.0698 -9.6032
v  3.6101 32.0698 -9.5232
v  3.5380 32.0698 -9.6023
v  3.6101 32.0698 -9.9648
v  3.5387 32.0698 -9.9790
v  3.6887 32.0698 -10.3303
v  3.7402 32.0698 -10.2789
v  4.0542 32.0698 -10.4818
v  4.0542 32.0698 -10.4090
v  4.4198 32.0698 -10.3303
v  4.3683 32.0698 -10.2789
v  4.5699 32.0698 -9.9790
v  4.4984 32.0698 -9.9648
v  4.5706 32.0698 -9.6023
v  4.4984 32.0698 -9.5232
v  4.6714 32.0698 -9.5241
v  4.6707 32.0698 -9.6032
v  4.8178 31.8146 -8.2750
v  4.8178 32.5064 -8.9614
v  4.8181 31.8647 -8.9614
v  4.8178 31.2229 -8.2750
v  4.8178 31.2229 -8.9614
v  4.8181 31.8647 -9.5171
v  4.8178 31.2229 -9.5171
v  4.8178 31.8146 -10.2035
v  4.8178 31.2229 -10.2035
v  4.8178 32.5064 -9.5171
v  0.8492 34.8404 -11.4254
v  0.8777 34.8404 -11.4749
v  0.8492 33.2564 -11.4254
v  0.8777 33.2564 -11.4749
v  0.9063 34.8404 -11.4254
v  0.9063 33.2564 -11.4254
v  1.3943 34.8404 -14.1981
v  1.4229 34.8404 -14.2476
v  1.3943 33.2564 -14.1981
v  1.4229 33.2564 -14.2476
v  1.4515 34.8404 -14.1981
v  1.4515 33.2564 -14.1981
v  0.8703 33.2564 -12.7879
v  0.8703 34.8404 -12.7879
v  0.8988 33.2564 -12.8374
v  0.8988 34.8404 -12.8374
v  0.9274 33.2564 -12.7879
v  0.9274 34.8404 -12.7879
v  4.1729 31.8647 -8.9614
v  4.1112 32.5064 -8.9614
v  4.0490 31.8647 -8.9614
v  4.0490 31.1003 -8.9614
v  4.1735 31.2199 -8.9614
v  1.5593 31.8654 -8.9614
v  1.5593 32.5071 -8.9614
v  4.9382 31.2229 -10.2035
v  4.9382 31.2229 -8.2750
v  4.9382 31.8146 -10.2035
v  4.9385 32.5064 -9.5167
v  1.3943 34.8404 -13.2456
v  1.4229 34.8404 -13.2951
v  1.3943 33.2564 -13.2456
v  1.4229 33.2564 -13.2951
v  1.4515 34.8404 -13.2456
v  1.4515 33.2564 -13.2456
v  1.7036 34.8404 -14.5245
v  1.7322 34.8404 -14.5740
v  1.7036 33.2564 -14.5245
v  1.7322 33.2564 -14.5740
v  1.7607 34.8404 -14.5245
v  1.7607 33.2564 -14.5245
v  4.1028 32.7256 -13.2843
v  3.1112 33.9608 -13.2843
v  4.1251 32.7435 -13.3338
v  3.1335 33.9787 -13.3338
v  4.1474 32.7614 -13.2843
v  3.1558 33.9966 -13.2843
v  4.9382 31.8146 -8.2750
v  4.9385 32.5064 -8.9610
v  4.1028 32.7256 -14.3038
v  3.1112 33.9608 -14.3038
v  4.1251 32.7435 -14.3533
v  3.1335 33.9787 -14.3533
v  4.1474 32.7614 -14.3038
v  3.1558 33.9966 -14.3038
v  4.8181 31.6890 -12.5536
v  4.1729 31.6890 -12.5536
v  4.8181 31.8329 -12.3045
v  4.1729 31.8329 -12.3045
v  4.8181 31.6890 -12.0554
v  4.1729 31.6890 -12.0554
v  4.8181 31.4014 -12.0554
v  4.1729 31.4014 -12.0554
v  4.8181 31.2575 -12.3045
v  4.1729 31.2575 -12.3045
v  4.8181 31.4014 -12.5536
v  4.1729 31.4014 -12.5536
v  4.1028 33.4006 -14.3038
v  3.1112 34.6358 -14.3038
v  4.1251 33.4185 -14.3533
v  3.1335 34.6537 -14.3533
v  4.1474 33.4364 -14.3038
v  3.1558 34.6716 -14.3038
v  3.6101 32.9139 -11.5786
v  3.7402 32.9139 -11.2645
v  3.7402 32.9139 -11.8926
v  4.0542 32.9139 -11.1344
v  4.0542 32.9139 -12.0227
v  4.3683 32.9139 -11.2645
v  4.3683 32.9139 -11.8926
v  4.4984 32.9139 -11.5786
v  4.0542 31.9532 -11.1344
v  3.7402 31.9532 -11.2645
v  3.6101 31.9532 -11.5786
v  3.7402 31.9532 -11.8926
v  4.0542 31.9532 -12.0227
v  4.3683 31.9532 -11.8926
v  4.4984 31.9532 -11.5786
v  4.3683 31.9532 -11.2645
v  4.1028 33.4006 -13.2843
v  3.1112 34.6358 -13.2843
v  4.1251 33.4185 -13.3338
v  3.1335 34.6537 -13.3338
v  4.1474 33.4364 -13.2843
v  3.1558 34.6716 -13.2843
v  4.3683 32.2349 -11.2645
v  4.4198 32.2349 -11.2130
v  4.4984 32.2349 -11.5786
v  4.5699 32.2349 -11.5644
v  4.5706 32.2349 -11.9410
v  4.4984 32.2349 -12.0201
v  4.6707 32.2349 -11.9401
v  4.6714 32.2349 -12.0192
v  3.4378 32.2349 -11.9401
v  3.5380 32.2349 -11.9410
v  3.4371 32.2349 -12.0192
v  3.6101 32.2349 -12.0201
v  3.6101 32.2349 -11.5786
v  3.5387 32.2349 -11.5644
v  3.7402 32.2349 -11.2645
v  3.6887 32.2349 -11.2130
v  4.0542 32.2349 -11.1344
v  4.0542 32.2349 -11.0616
v  3.7402 32.0698 -11.2645
v  3.6887 32.0698 -11.2130
v  3.6101 32.0698 -11.5786
v  3.5387 32.0698 -11.5644
v  3.5380 32.0698 -11.9410
v  3.6101 32.0698 -12.0201
v  3.4378 32.0698 -11.9401
v  3.4371 32.0698 -12.0192
v  4.6707 32.0698 -11.9401
v  4.5706 32.0698 -11.9410
v  4.6714 32.0698 -12.0192
v  4.4984 32.0698 -12.0201
v  4.4984 32.0698 -11.5786
v  4.5699 32.0698 -11.5644
v  4.3683 32.0698 -11.2645
v  4.4198 32.0698 -11.2130
v  4.0542 32.0698 -11.1344
v  4.0542 32.0698 -11.0616
v  4.8181 31.8647 -12.0262
v  4.8178 32.5064 -12.0262
v  4.1729 31.8647 -12.0262
v  4.1112 32.5064 -12.0262
v  4.0490 31.8647 -12.0262
v  2.6318 32.3469 -12.0262
v  2.6318 32.0242 -12.0262
v  1.5593 31.8654 -12.0262
v  2.4602 32.0242 -12.0262
v  1.5593 32.5071 -12.0262
v  2.4602 32.3469 -12.0262
v  4.0490 31.1003 -12.0262
v  4.1735 31.2199 -12.0262
v  4.9382 31.2229 -11.3398
v  4.8178 31.2229 -11.3398
v  4.8178 31.2229 -12.0262
v  4.9382 31.2229 -13.2684
v  4.8178 31.2229 -12.5820
v  4.8178 31.2229 -13.2684
v  4.8178 31.8146 -11.3398
v  4.8181 31.8647 -12.5820
v  4.8178 31.8146 -13.2684
v  4.8178 32.5064 -12.5820
v  4.9385 32.5064 -12.0266
v  4.9382 31.8146 -11.3398
v  2.9273 33.2564 -12.9263
v  2.9273 34.8404 -12.9263
v  2.9559 33.2564 -12.9758
v  2.9559 34.8404 -12.9758
v  2.9845 33.2564 -12.9263
v  2.9845 34.8404 -12.9263
v  4.9382 31.8146 -13.2684
v  4.9385 32.5064 -12.5824
v  3.2662 32.9108 -13.2843
v  3.2662 34.4948 -13.2843
v  3.2948 32.9108 -13.3338
v  3.2948 34.4948 -13.3338
v  3.3234 32.9108 -13.2843
v  3.3234 34.4948 -13.2843
v  -2.5920 12.1090 -14.8194
v  -2.5920 12.0518 -14.8194
v  -4.0637 12.1090 -14.8194
v  -4.0067 12.0518 -14.8194
v  -4.0637 10.8302 -14.8194
v  -4.0067 10.8302 -14.8194
v  4.2008 19.8854 -14.9202
v  5.7660 19.8854 -14.9202
v  5.7660 19.8854 -16.4753
v  2.7204 19.8854 -16.4753
v  2.7204 19.8854 -14.9202
v  3.2662 32.9108 -14.3038
v  3.2662 34.4948 -14.3038
v  3.2948 32.9108 -14.3533
v  3.2948 34.4948 -14.3533
v  3.3234 32.9108 -14.3038
v  3.3234 34.4948 -14.3038
v  5.4720 19.7729 -14.9771
v  5.4206 19.0521 -14.9795
v  5.1837 19.7729 -14.9771
v  5.4206 18.8254 -14.9795
v  5.4720 18.5512 -14.9771
v  5.2351 18.8254 -14.9795
v  5.1837 18.5512 -14.9771
v  5.2351 19.0521 -14.9795
v  3.9154 32.0415 -13.2843
v  3.9154 33.6255 -13.2843
v  3.9440 32.0415 -13.3338
v  3.9440 33.6255 -13.3338
v  3.9725 32.0415 -13.2843
v  3.9725 33.6255 -13.2843
v  5.4720 19.7729 -16.3918
v  5.4206 19.7729 -16.2689
v  5.1837 19.7729 -16.3918
v  5.4206 19.7729 -15.9617
v  5.2351 19.7729 -15.9617
v  5.2351 19.7729 -16.2689
v  3.9154 32.0415 -14.3038
v  3.9154 33.6255 -14.3038
v  3.9440 32.0415 -14.3533
v  3.9440 33.6255 -14.3533
v  3.9725 32.0415 -14.3038
v  3.9725 33.6255 -14.3038
v  5.1837 19.8301 -16.3918
v  5.1837 19.8300 -14.9202
v  5.1837 18.5512 -14.9202
v  4.4890 19.7729 -14.9771
v  4.4377 19.0521 -14.9795
v  4.2008 19.7729 -14.9771
v  4.4377 18.8254 -14.9795
v  4.4890 18.5512 -14.9771
v  4.2522 18.8254 -14.9795
v  4.2008 18.5512 -14.9771
v  4.2522 19.0521 -14.9795
v  -6.5413 32.5060 -9.1447
v  -6.5127 32.5060 -9.0952
v  -6.5413 30.9220 -9.1447
v  -6.5127 30.9220 -9.0952
v  -6.5699 32.5060 -9.0952
v  -6.5699 30.9220 -9.0952
v  -6.5413 32.5060 -6.5747
v  -6.5127 32.5060 -6.5252
v  -6.5413 30.9220 -6.5747
v  -6.5127 30.9220 -6.5252
v  -6.5699 32.5060 -6.5252
v  -6.5699 30.9220 -6.5252
v  -6.1972 32.5060 -3.7293
v  -6.1687 32.5060 -3.6798
v  -6.1972 30.9220 -3.7293
v  -6.1687 30.9220 -3.6798
v  -6.2258 32.5060 -3.6798
v  -6.2258 30.9220 -3.6798
v  -6.5413 32.5060 -4.0047
v  -6.5127 32.5060 -3.9552
v  -6.5413 30.9220 -4.0047
v  -6.5127 30.9220 -3.9552
v  -6.5699 32.5060 -3.9552
v  -6.5699 30.9220 -3.9552
v  -6.5413 32.5060 -11.7147
v  -6.5127 32.5060 -11.6652
v  -6.5413 30.9220 -11.7147
v  -6.5127 30.9220 -11.6652
v  -6.5699 32.5060 -11.6652
v  -6.5699 30.9220 -11.6652
v  -6.5413 32.5060 -14.2848
v  -6.5127 32.5060 -14.2353
v  -6.5413 30.9220 -14.2848
v  -6.5127 30.9220 -14.2353
v  -6.5699 32.5060 -14.2353
v  -6.5699 30.9220 -14.2353
v  -5.6681 32.5060 -14.7788
v  -5.6396 32.5060 -14.7293
v  -5.6681 30.9220 -14.7788
v  -5.6396 30.9220 -14.7293
v  -5.6967 32.5060 -14.7293
v  -5.6967 30.9220 -14.7293
v  -6.1664 32.5060 -14.7788
v  -6.1378 32.5060 -14.7293
v  -6.1664 30.9220 -14.7788
v  -6.1378 30.9220 -14.7293
v  -6.1950 32.5060 -14.7293
v  -6.1950 30.9220 -14.7293
v  -5.2067 32.5060 -3.7293
v  -5.1781 32.5060 -3.6798
v  -5.2067 30.9220 -3.7293
v  -5.1781 30.9220 -3.6798
v  -5.2352 32.5060 -3.6798
v  -5.2352 30.9220 -3.6798
v  -6.4505 31.7082 -3.7858
v  -6.4830 31.7472 -3.7533
v  -6.4505 31.7862 -3.7858
v  -6.2575 31.7082 -3.7259
v  -6.2575 31.7862 -3.7259
v  -6.2649 31.7472 -3.6805
v  -6.4830 31.7472 -14.6978
v  -6.4505 31.7862 -14.6653
v  -6.4505 31.7082 -14.6653
v  -6.2649 31.7472 -14.7705
v  -6.2575 31.7082 -14.7252
v  -6.2575 31.7862 -14.7252
v  -5.0704 31.7472 -3.6805
v  -5.0704 31.7862 -3.7265
v  -5.0704 31.7082 -3.7265
v  4.4890 19.7729 -16.3918
v  4.4377 19.7729 -16.2689
v  4.2008 19.7729 -16.3918
v  4.4377 19.7729 -15.9617
v  4.2522 19.7729 -15.9617
v  4.2522 19.7729 -16.2689
v  -5.6601 31.7472 -14.7705
v  -5.6601 31.7082 -14.7246
v  -5.6601 31.7862 -14.7246
v  4.2008 19.8301 -16.3918
v  4.2008 19.8300 -14.9202
v  4.2008 18.5512 -14.9202
v  4.7716 31.0813 -13.4787
v  4.9254 31.0315 -13.4787
v  4.9254 30.9313 -13.4787
v  4.7700 31.4070 -13.4787
v  4.6195 31.4070 -13.4787
v  4.6179 31.0813 -13.4787
v  4.4641 30.9313 -13.4787
v  4.4641 31.0315 -13.4787
v  -6.4505 32.4460 -3.7858
v  -6.4830 32.4850 -3.7533
v  -6.4505 32.5240 -3.7858
v  -6.2575 32.4460 -3.7259
v  -6.2575 32.5240 -3.7259
v  -6.2649 32.4850 -3.6805
v  -6.4830 32.4850 -14.6978
v  -6.4505 32.5240 -14.6653
v  -6.4505 32.4460 -14.6653
v  -6.2649 32.4850 -14.7705
v  -6.2575 32.4460 -14.7252
v  -6.2575 32.5240 -14.7252
v  -5.0704 32.4850 -3.6805
v  -5.0704 32.5240 -3.7265
v  -5.0704 32.4460 -3.7265
v  -5.6601 32.4850 -14.7705
v  -5.6601 32.4460 -14.7246
v  -5.6601 32.5240 -14.7246
v  -4.4640 31.0315 -13.4787
v  -4.4640 30.9313 -13.4787
v  -4.6178 31.0813 -13.4787
v  -4.9253 30.9313 -13.4787
v  -4.7715 31.0813 -13.4787
v  -4.9253 31.0315 -13.4787
v  -4.6194 31.4070 -13.4787
v  -4.7699 31.4070 -13.4787
v  -0.0901 35.6807 -6.3068
v  0.0902 35.6807 -6.3068
v  -0.0901 35.7991 -6.0209
v  0.0902 35.7991 -6.0209
v  -0.0901 36.0850 -5.9025
v  0.0902 36.0850 -5.9025
v  -0.0901 36.3709 -6.0209
v  0.0902 36.3709 -6.0209
v  -0.0901 36.4894 -6.3068
v  0.0902 36.4894 -6.3068
v  -0.0901 36.3709 -6.5927
v  0.0902 36.3709 -6.5927
v  -0.0901 36.0850 -6.7111
v  0.0902 36.0850 -6.7111
v  -0.0901 35.7991 -6.5927
v  0.0902 35.7991 -6.5927
v  -0.2270 36.1976 -8.0762
v  -0.1018 36.1976 -6.7279
v  0.2271 36.1976 -8.0762
v  -0.1018 36.1976 -5.8856
v  -0.2270 36.1976 -4.5385
v  0.1019 36.1976 -5.8856
v  0.2271 36.1976 -4.5385
v  0.1019 36.1976 -6.7279
v  6.5558 31.7472 -14.4796
v  6.4831 31.7472 -14.6978
v  6.5105 31.7862 -14.4723
v  6.4506 31.7862 -14.6653
v  6.2650 31.7472 -14.7705
v  6.2576 31.7862 -14.7252
v  6.2576 31.7082 -14.7252
v  6.4506 31.7082 -14.6653
v  6.5105 31.7082 -14.4723
v  0.2271 35.9605 -7.7639
v  0.1019 35.9605 -6.7279
v  -0.2270 35.9605 -7.7639
v  0.1019 35.9605 -5.8856
v  0.2271 35.9605 -4.8509
v  -0.1018 35.9605 -5.8856
v  -0.2270 35.9605 -4.8509
v  -0.1018 35.9605 -6.7279
v  5.0705 31.7472 -3.6805
v  5.0705 31.7082 -3.7265
v  5.0705 31.7862 -3.7265
v  5.6602 31.7472 -14.7705
v  5.6602 31.7862 -14.7246
v  5.6602 31.7082 -14.7246
v  -0.2270 33.2427 -4.1324
v  -0.2270 33.4021 -4.1324
v  -0.2270 34.1273 -4.5385
v  -0.2270 33.2427 -5.2570
v  -0.2270 34.1273 -4.8509
v  -0.2270 34.1273 -8.0762
v  -0.2270 34.1273 -7.7639
v  -0.2270 33.2427 -7.3578
v  -0.2270 33.2427 -8.4823
v  -0.2270 33.4021 -8.4823
v  -0.2270 33.4021 -7.3578
v  -3.4370 32.0698 -9.5241
v  -3.4377 32.0698 -9.6032
v  -3.4370 32.2349 -9.5241
v  -3.4377 32.2349 -9.6032
v  -3.5379 32.0698 -9.6023
v  -3.5379 32.2349 -9.6023
v  0.2271 33.2427 -5.2570
v  0.2271 33.4021 -5.2570
v  0.2271 34.1273 -4.8509
v  0.2271 33.2427 -4.1324
v  0.2271 34.1273 -4.5385
v  0.2271 34.1273 -7.7639
v  0.2271 34.1273 -8.0762
v  0.2271 33.2427 -8.4823
v  0.2271 33.2427 -7.3578
v  0.2271 33.4021 -7.3578
v  0.2271 33.4021 -8.4823
v  -1.5592 31.8654 -8.9614
v  -4.0489 31.8647 -8.9614
v  -1.5592 31.8654 -9.5171
v  -4.0489 31.8647 -9.5171
v  -4.1734 31.2199 -8.9614
v  -4.0489 31.1003 -8.9614
v  -4.1728 31.8647 -8.9614
v  -4.1111 32.5064 -8.9614
v  -1.5592 32.5071 -8.9614
v  0.2271 33.4021 -4.1324
v  -4.1728 31.8647 -9.5171
v  -4.3245 31.2199 -9.5171
v  -4.3982 31.1003 -9.5171
v  -4.3245 31.2199 -8.9614
v  -4.3982 31.1003 -8.9614
v  -4.1111 32.5064 -9.5171
v  -1.5592 32.5071 -9.5171
v  -0.2270 33.4021 -5.2570
v  -2.6317 32.0242 -10.7717
v  -2.6317 32.3469 -10.7717
v  -2.6317 32.0242 -12.0262
v  -2.6317 32.3469 -12.0262
v  -2.4601 32.3469 -10.7717
v  -2.4601 32.3469 -12.0262
v  -2.4601 32.0242 -10.7717
v  -2.4601 32.0242 -12.0262
v  -4.3245 31.2199 -12.0262
v  -4.3982 31.1003 -12.0262
v  -4.1734 31.2199 -12.0262
v  -4.0489 31.1003 -12.0262
v  -4.3245 31.2199 -12.5820
v  -4.3982 31.1003 -12.5820
v  -4.0489 31.8647 -12.0262
v  -4.1728 31.8647 -12.0262
v  -4.1111 32.5064 -12.0262
v  -1.5592 31.8654 -12.0262
v  -1.5592 32.5071 -12.0262
v  -4.8180 31.6890 -12.5536
v  -4.1728 31.6890 -12.5536
v  -4.8180 31.4014 -12.5536
v  -4.1728 31.4014 -12.5536
v  -4.1728 31.2575 -12.3045
v  -4.8180 31.2575 -12.3045
v  -4.1728 31.4014 -12.0554
v  -4.8180 31.4014 -12.0554
v  -4.1728 31.6890 -12.0554
v  -4.8180 31.6890 -12.0554
v  -4.1728 31.8329 -12.3045
v  -4.8180 31.8329 -12.3045
v  -4.3682 32.9139 -11.8926
v  -4.4983 32.9139 -11.5786
v  -4.3682 32.9139 -11.2645
v  -4.0541 32.9139 -12.0227
v  -4.0541 32.9139 -11.1344
v  -3.7401 32.9139 -11.8926
v  -3.7401 32.9139 -11.2645
v  -3.6100 32.9139 -11.5786
v  -3.7401 31.9532 -11.8926
v  -3.6100 31.9532 -11.5786
v  -3.7401 31.9532 -11.2645
v  -4.0541 31.9532 -12.0227
v  -4.0541 31.9532 -11.1344
v  -4.3682 31.9532 -11.8926
v  -4.3682 31.9532 -11.2645
v  -4.4983 31.9532 -11.5786
v  -1.7844 33.0410 -4.9638
v  -2.5094 33.0353 -3.8835
v  -2.3339 33.0410 -4.9638
v  0.0001 33.0409 -3.6156
v  -1.7364 33.0353 -9.0452
v  -2.3339 33.0410 -7.7350
v  -2.5094 33.0353 -7.7511
v  2.6318 32.0242 -10.7717
v  2.6318 32.3469 -10.7717
v  2.6318 32.0242 -9.5171
v  2.6318 32.3469 -9.5171
v  2.4602 32.3469 -10.7717
v  2.4602 32.3469 -9.5171
v  2.4602 32.0242 -10.7717
v  2.4602 32.0242 -9.5171
v  4.3246 31.2199 -9.5171
v  4.3983 31.1003 -9.5171
v  4.1735 31.2199 -9.5171
v  4.0490 31.1003 -9.5171
v  4.3246 31.2199 -8.9614
v  4.3983 31.1003 -8.9614
v  4.0490 31.8647 -9.5171
v  4.1729 31.8647 -9.5171
v  4.1112 32.5064 -9.5171
v  1.5593 31.8654 -9.5171
v  1.5593 32.5071 -9.5171
v  4.8181 31.6890 -8.9897
v  4.1729 31.6890 -8.9897
v  4.8181 31.4014 -8.9897
v  4.1729 31.4014 -8.9897
v  4.1729 31.2575 -9.2389
v  4.8181 31.2575 -9.2389
v  4.1729 31.4014 -9.4880
v  4.8181 31.4014 -9.4880
v  4.1729 31.6890 -9.4880
v  4.8181 31.6890 -9.4880
v  4.1729 31.8329 -9.2389
v  4.8181 31.8329 -9.2389
v  4.3683 32.9139 -9.6507
v  4.4984 32.9139 -9.9648
v  4.3683 32.9139 -10.2789
v  4.0542 32.9139 -9.5206
v  4.0542 32.9139 -10.4090
v  3.7402 32.9139 -9.6507
v  3.7402 32.9139 -10.2789
v  3.6101 32.9139 -9.9648
v  3.7402 31.9532 -9.6507
v  3.6101 31.9532 -9.9648
v  3.7402 31.9532 -10.2789
v  4.0542 31.9532 -9.5206
v  4.0542 31.9532 -10.4090
v  4.3683 31.9532 -9.6507
v  4.3683 31.9532 -10.2789
v  4.4984 31.9532 -9.9648
v  -1.7364 32.5076 -12.6593
v  -1.7364 33.0353 -12.6593
v  -1.7364 32.5076 -9.0452
v  -2.5094 32.5076 -7.7511
v  -2.5094 32.5076 -3.8835
v  -1.9205 33.0353 -12.6593
v  -1.9205 32.5076 -12.6593
v  -1.9205 33.0353 -9.1402
v  -1.9205 32.5076 -9.1402
v  -2.6934 33.0353 -7.8460
v  -2.6935 32.5076 -7.8460
v  -2.6934 33.0353 -3.8835
v  -2.6935 32.5076 -3.8835
v  -1.7849 34.7547 -7.3560
v  -1.7849 34.7547 -5.3433
v  -1.7849 33.5526 -7.7350
v  -1.7849 33.5526 -4.9638
v  -1.7849 33.2268 -7.7350
v  -1.7849 33.2268 -4.9638
v  2.5095 33.0353 -3.8835
v  1.7845 33.0410 -4.9638
v  2.3340 33.0410 -4.9638
v  0.8482 33.0409 -11.1818
v  1.2701 33.0409 -13.0081
v  1.7365 33.0353 -12.6593
v  -1.2701 33.0409 -13.0081
v  -0.8481 33.0409 -11.1818
v  4.3983 31.1003 -12.0262
v  4.3246 31.2199 -12.0262
v  4.1735 31.2199 -12.5820
v  4.3246 31.2199 -12.5820
v  4.0490 31.1003 -12.5820
v  4.3983 31.1003 -12.5820
v  4.0490 31.8647 -12.5820
v  4.1729 31.8647 -12.5820
v  2.3340 33.0410 -7.7350
v  1.7365 33.0353 -9.0452
v  2.5095 33.0353 -7.7511
v  0.8482 33.2268 -9.6826
v  1.7850 33.2268 -7.7350
v  2.3345 33.2268 -7.7350
v  -0.8481 33.2268 -9.6826
v  -2.3344 33.2268 -7.7350
v  -3.1578 33.2268 -13.0081
v  -0.8481 33.2268 -11.1818
v  -1.2701 33.2268 -13.0081
v  0.8482 33.2268 -11.1818
v  1.2701 33.2268 -13.0081
v  3.1579 33.2268 -13.0081
v  3.1579 33.2268 -3.6156
v  2.3345 33.2268 -4.9638
v  1.7850 33.2268 -4.9638
v  0.0001 33.2268 -3.6156
v  1.4661 33.2268 -5.7618
v  -1.4660 33.2268 -5.7618
v  -1.4660 33.2268 -6.9003
v  1.4661 33.2268 -6.9003
v  -3.1578 33.2268 -3.6156
v  -2.3344 33.2268 -4.9638
v  4.6440 26.3073 -14.9496
v  4.6440 26.3073 -14.9978
v  4.5202 26.3073 -14.9978
v  4.4801 26.3073 -14.9496
v  4.5202 26.3073 -15.2461
v  4.4801 26.3073 -15.2079
v  4.4065 26.3073 -15.2079
v  4.3664 26.3073 -15.2461
v  4.4065 26.3073 -14.9496
v  4.3664 26.3073 -14.9978
v  4.2426 26.3073 -14.9496
v  4.2426 26.3073 -14.9978
v  4.5202 26.1990 -14.9978
v  4.6440 26.1990 -14.9978
v  4.6440 26.1990 -14.9496
v  4.3664 26.1990 -14.9978
v  4.4065 26.1990 -14.9496
v  4.2426 26.1990 -14.9496
v  4.4065 26.1990 -15.2079
v  4.3664 26.1990 -15.2461
v  4.4801 26.1990 -15.2079
v  4.5202 26.1990 -15.2461
v  4.4801 26.1990 -14.9496
v  4.2426 26.1990 -14.9978
v  4.6440 30.8142 -14.9496
v  4.6440 30.8142 -14.9978
v  4.5202 30.8142 -14.9978
v  4.4801 30.8142 -14.9496
v  4.5202 30.8142 -15.2461
v  4.4801 30.8142 -15.2079
v  4.4065 30.8142 -15.2079
v  4.3664 30.8142 -15.2461
v  4.4065 30.8142 -14.9496
v  4.3664 30.8142 -14.9978
v  4.2426 30.8142 -14.9496
v  4.2426 30.8142 -14.9978
v  1.5593 31.8654 -12.5820
v  4.1112 32.5064 -12.5820
v  1.5593 32.5071 -12.5820
v  4.5202 30.7060 -14.9978
v  4.6440 30.7060 -14.9978
v  4.6440 30.7060 -14.9496
v  4.3664 30.7060 -14.9978
v  4.4065 30.7060 -14.9496
v  4.2426 30.7060 -14.9496
v  4.4065 30.7060 -15.2079
v  4.3664 30.7060 -15.2461
v  4.4801 30.7060 -15.2079
v  4.5202 30.7060 -15.2461
v  4.4801 30.7060 -14.9496
v  4.2426 30.7060 -14.9978
v  5.0922 26.3073 -14.9978
v  5.0922 26.3073 -14.9496
v  5.2159 26.3073 -14.9978
v  5.4935 26.3073 -14.9496
v  5.3698 26.3073 -14.9978
v  5.3297 26.3073 -14.9496
v  5.3698 26.3073 -15.2461
v  5.3297 26.3073 -15.2079
v  5.2159 26.3073 -15.2461
v  5.2561 26.3073 -15.2079
v  5.2561 26.3073 -14.9496
v  5.4935 26.3073 -14.9978
v  5.0922 26.1990 -14.9978
v  5.2159 26.1990 -14.9978
v  5.0922 26.1990 -14.9496
v  5.3297 26.1990 -14.9496
v  5.3698 26.1990 -14.9978
v  5.4935 26.1990 -14.9496
v  5.3297 26.1990 -15.2079
v  5.3698 26.1990 -15.2461
v  5.2561 26.1990 -15.2079
v  5.2159 26.1990 -15.2461
v  5.2561 26.1990 -14.9496
v  5.4935 26.1990 -14.9978
v  -4.0043 11.3311 -14.7680
v  -4.0043 11.3311 -14.5825
v  -3.0221 12.0518 -14.7680
v  -3.0221 12.0518 -14.5825
v  -2.7149 12.0518 -14.7680
v  -2.7149 12.0518 -14.5825
v  -4.0043 11.1044 -14.7680
v  -4.0043 11.1044 -14.5825
v  -2.5920 12.0518 -14.5311
v  -2.5920 12.1090 -14.5311
v  -4.0637 10.8302 -14.5311
v  -4.0067 10.8302 -14.5311
v  -4.0637 12.1090 -14.5311
v  -4.0067 12.0518 -14.5311
v  5.0922 30.8142 -14.9978
v  5.0922 30.8142 -14.9496
v  5.2159 30.8142 -14.9978
v  5.4935 30.8142 -14.9496
v  5.3698 30.8142 -14.9978
v  5.3297 30.8142 -14.9496
v  5.3698 30.8142 -15.2461
v  5.3297 30.8142 -15.2079
v  5.2159 30.8142 -15.2461
v  5.2561 30.8142 -15.2079
v  5.2561 30.8142 -14.9496
v  5.4935 30.8142 -14.9978
v  5.0922 30.7060 -14.9978
v  5.2159 30.7060 -14.9978
v  5.0922 30.7060 -14.9496
v  5.3297 30.7060 -14.9496
v  5.3698 30.7060 -14.9978
v  5.4935 30.7060 -14.9496
v  5.3297 30.7060 -15.2079
v  5.3698 30.7060 -15.2461
v  5.2561 30.7060 -15.2079
v  5.2159 30.7060 -15.2461
v  5.2561 30.7060 -14.9496
v  5.4935 30.7060 -14.9978
v  2.7204 19.8300 -14.9202
v  2.7204 19.8301 -16.4753
v  5.7660 19.8301 -16.4753
v  5.7660 19.8300 -14.9202
v  5.4720 19.8300 -14.9202
v  5.4720 19.8301 -16.3918
v  4.4890 19.8300 -14.9202
v  4.4890 19.8301 -16.3918
v  5.4720 18.5512 -14.9202
v  4.4891 26.8308 -15.1513
v  5.2670 26.8308 -15.1513
v  4.4891 26.7795 -15.0999
v  5.2670 26.7795 -15.0999
v  4.4891 26.8308 -15.0486
v  5.2670 26.8308 -15.0486
v  4.4891 26.8822 -15.0999
v  5.2670 26.8822 -15.0999
v  4.4891 27.4422 -15.1513
v  5.2670 27.4422 -15.1513
v  4.4891 27.3909 -15.0999
v  5.2670 27.3909 -15.0999
v  4.4891 27.4422 -15.0486
v  5.2670 27.4422 -15.0486
v  4.4891 27.4936 -15.0999
v  5.2670 27.4936 -15.0999
v  4.4891 28.0536 -15.1513
v  5.2670 28.0536 -15.1513
v  4.4891 28.0023 -15.0999
v  5.2670 28.0023 -15.0999
v  4.4891 28.0536 -15.0486
v  5.2670 28.0536 -15.0486
v  4.4891 28.1050 -15.0999
v  5.2670 28.1050 -15.0999
v  4.4891 28.6651 -15.1513
v  5.2670 28.6651 -15.1513
v  4.4891 28.6137 -15.0999
v  5.2670 28.6137 -15.0999
v  4.4891 28.6651 -15.0486
v  5.2670 28.6651 -15.0486
v  4.4891 28.7164 -15.0999
v  5.2670 28.7164 -15.0999
v  4.4891 29.7753 -15.1513
v  5.2670 29.7753 -15.1513
v  4.4891 29.7240 -15.0999
v  5.2670 29.7240 -15.0999
v  4.4891 29.7753 -15.0486
v  5.2670 29.7753 -15.0486
v  4.4891 29.8267 -15.0999
v  5.2670 29.8267 -15.0999
v  4.4891 30.3868 -15.1513
v  5.2670 30.3868 -15.1513
v  4.4891 30.3354 -15.0999
v  5.2670 30.3354 -15.0999
v  4.4891 30.3868 -15.0486
v  5.2670 30.3868 -15.0486
v  4.4891 30.4381 -15.0999
v  5.2670 30.4381 -15.0999
v  4.4891 30.9982 -15.1513
v  5.2670 30.9982 -15.1513
v  4.4891 30.9468 -15.0999
v  5.2670 30.9468 -15.0999
v  4.4891 30.9982 -15.0486
v  5.2670 30.9982 -15.0486
v  4.4891 31.0495 -15.0999
v  5.2670 31.0495 -15.0999
v  4.4891 31.6096 -15.1513
v  5.2670 31.6096 -15.1513
v  4.4891 31.5582 -15.0999
v  5.2670 31.5582 -15.0999
v  4.4891 31.6096 -15.0486
v  5.2670 31.6096 -15.0486
v  4.4891 31.6609 -15.0999
v  5.2670 31.6609 -15.0999
v  4.4891 20.9066 -15.1513
v  5.2670 20.9066 -15.1513
v  4.4891 20.8553 -15.0999
v  5.2670 20.8553 -15.0999
v  4.4891 20.9066 -15.0486
v  5.2670 20.9066 -15.0486
v  4.4891 20.9580 -15.0999
v  5.2670 20.9580 -15.0999
v  4.4891 21.5180 -15.1513
v  5.2670 21.5180 -15.1513
v  4.4891 21.4667 -15.0999
v  5.2670 21.4667 -15.0999
v  4.4891 21.5180 -15.0486
v  5.2670 21.5180 -15.0486
v  4.4891 21.5694 -15.0999
v  5.2670 21.5694 -15.0999
v  4.4891 22.1295 -15.1513
v  5.2670 22.1295 -15.1513
v  4.4891 22.0781 -15.0999
v  5.2670 22.0781 -15.0999
v  4.4891 22.1295 -15.0486
v  5.2670 22.1295 -15.0486
v  4.4891 22.1808 -15.0999
v  5.2670 22.1808 -15.0999
v  4.4891 22.7409 -15.1513
v  5.2670 22.7409 -15.1513
v  4.4891 22.6895 -15.0999
v  5.2670 22.6895 -15.0999
v  4.4891 22.7409 -15.0486
v  5.2670 22.7409 -15.0486
v  4.4891 22.7922 -15.0999
v  5.2670 22.7922 -15.0999
v  4.4891 23.8678 -15.1513
v  5.2670 23.8678 -15.1513
v  4.4891 23.8164 -15.0999
v  5.2670 23.8164 -15.0999
v  4.4891 23.8678 -15.0486
v  5.2670 23.8678 -15.0486
v  4.4891 23.9191 -15.0999
v  5.2670 23.9191 -15.0999
v  4.4891 24.4792 -15.1513
v  5.2670 24.4792 -15.1513
v  4.4891 24.4278 -15.0999
v  5.2670 24.4278 -15.0999
v  4.4891 24.4792 -15.0486
v  5.2670 24.4792 -15.0486
v  4.4891 24.5305 -15.0999
v  5.2670 24.5305 -15.0999
v  4.4891 25.0906 -15.1513
v  5.2670 25.0906 -15.1513
v  4.4891 25.0393 -15.0999
v  5.2670 25.0393 -15.0999
v  4.4891 25.0906 -15.0486
v  5.2670 25.0906 -15.0486
v  4.4891 25.1420 -15.0999
v  5.2670 25.1420 -15.0999
v  4.4891 25.7020 -15.1513
v  5.2670 25.7020 -15.1513
v  4.4891 25.6507 -15.0999
v  5.2670 25.6507 -15.0999
v  4.4891 25.7020 -15.0486
v  5.2670 25.7020 -15.0486
v  4.4891 25.7534 -15.0999
v  5.2670 25.7534 -15.0999
v  0.1090 25.3805 -6.4599
v  0.2845 24.8747 -6.4641
v  -0.0028 25.3805 -6.5062
v  -0.2060 24.4448 -6.4641
v  -0.2901 24.6479 -6.4641
v  -0.0028 24.3606 -6.4641
v  0.2845 24.6479 -6.4641
v  -0.2901 24.8747 -6.4641
v  -0.1146 25.3805 -6.4599
v  -0.1146 25.6505 -6.4599
v  -0.0028 25.6505 -6.5062
v  0.1090 25.6505 -6.4599
v  0.2003 24.4448 -6.4641
v  4.4890 18.5512 -14.9202
v  -0.1146 25.3805 -6.2362
v  -0.2901 24.8747 -6.2319
v  -0.0028 25.3805 -6.1899
v  -0.0028 24.3606 -6.2319
v  0.2003 24.4448 -6.2319
v  -0.2060 24.4448 -6.2319
v  -0.2901 24.6479 -6.2319
v  0.2845 24.6479 -6.2319
v  0.2845 24.8747 -6.2319
v  0.1090 25.3805 -6.2362
v  0.1090 25.6505 -6.2362
v  -0.0028 25.6505 -6.1899
v  -0.1146 25.6505 -6.2362
v  -0.1609 25.3805 -6.3481
v  -0.1609 25.6505 -6.3481
v  3.1199 19.8584 -15.1674
v  3.1199 19.8584 -15.0988
v  -2.6194 12.1354 -15.1674
v  -2.6194 12.1354 -15.0988
v  2.7573 19.8584 -15.1674
v  -2.9820 12.1354 -15.1674
v  3.1199 19.8584 -16.1917
v  3.1199 19.8584 -16.1230
v  -2.6194 12.1354 -16.1917
v  -2.6194 12.1354 -16.1230
v  2.7573 19.8584 -16.1917
v  -2.9820 12.1354 -16.1917
v  1.6838 18.0334 -15.1335
v  1.6838 17.9730 -15.1335
v  1.6838 18.0334 -16.1353
v  1.6838 17.9730 -16.1353
v  1.4072 18.0334 -15.1335
v  1.4072 18.0334 -16.1353
v  1.4072 17.9730 -15.1335
v  1.4072 17.9730 -16.1353
v  2.7815 19.5106 -15.1335
v  2.7815 19.4502 -15.1335
v  2.7815 19.5106 -16.1353
v  2.7815 19.4502 -16.1353
v  2.5050 19.5106 -15.1335
v  2.5050 19.5106 -16.1353
v  2.5050 19.4502 -15.1335
v  2.5050 19.4502 -16.1353
v  2.5119 19.1478 -15.1335
v  2.5119 19.0874 -15.1335
v  2.5119 19.1478 -16.1353
v  2.5119 19.0874 -16.1353
v  2.2354 19.1478 -15.1335
v  2.2354 19.1478 -16.1353
v  2.2354 19.0874 -15.1335
v  2.2354 19.0874 -16.1353
v  2.2386 18.7800 -15.1335
v  2.2386 18.7196 -15.1335
v  2.2386 18.7800 -16.1353
v  2.2386 18.7196 -16.1353
v  1.9620 18.7800 -15.1335
v  1.9620 18.7800 -16.1353
v  1.9620 18.7196 -15.1335
v  1.9620 18.7196 -16.1353
v  1.9625 18.4085 -15.1335
v  1.9625 18.3481 -15.1335
v  1.9625 18.4085 -16.1353
v  1.9625 18.3481 -16.1353
v  1.6860 18.4085 -15.1335
v  1.6860 18.4085 -16.1353
v  1.6860 18.3481 -15.1335
v  1.6860 18.3481 -16.1353
v  1.4034 17.6561 -15.1335
v  1.4034 17.5957 -15.1335
v  1.4034 17.6561 -16.1353
v  1.4034 17.5957 -16.1353
v  1.1269 17.6561 -15.1335
v  1.1269 17.6561 -16.1353
v  1.1269 17.5957 -15.1335
v  1.1269 17.5957 -16.1353
v  1.1187 17.2730 -15.1335
v  1.1187 17.2126 -15.1335
v  1.1187 17.2730 -16.1353
v  1.1187 17.2126 -16.1353
v  0.8422 17.2730 -15.1335
v  0.8422 17.2730 -16.1353
v  0.8422 17.2126 -15.1335
v  0.8422 17.2126 -16.1353
v  0.8340 16.8899 -15.1335
v  0.8340 16.8295 -15.1335
v  0.8340 16.8899 -16.1353
v  0.8340 16.8295 -16.1353
v  0.5575 16.8899 -15.1335
v  0.5575 16.8899 -16.1353
v  0.5575 16.8295 -15.1335
v  0.5575 16.8295 -16.1353
v  0.5439 16.4996 -15.1335
v  0.5439 16.4392 -15.1335
v  0.5439 16.4996 -16.1353
v  0.5439 16.4392 -16.1353
v  0.2674 16.4996 -15.1335
v  0.2674 16.4996 -16.1353
v  0.2674 16.4392 -15.1335
v  0.2674 16.4392 -16.1353
v  0.2517 16.1063 -15.1335
v  0.2517 16.0460 -15.1335
v  0.2517 16.1063 -16.1353
v  0.2517 16.0460 -16.1353
v  -0.0248 16.1063 -15.1335
v  -0.0248 16.1063 -16.1353
v  -0.0248 16.0460 -15.1335
v  -0.0248 16.0460 -16.1353
v  -0.0443 15.7080 -15.1335
v  -0.0443 15.6476 -15.1335
v  -0.0443 15.7080 -16.1353
v  -0.0443 15.6476 -16.1353
v  -0.3208 15.7080 -15.1335
v  -0.3208 15.7080 -16.1353
v  -0.3208 15.6476 -15.1335
v  -0.3208 15.6476 -16.1353
v  -0.9517 14.4869 -15.1335
v  -0.9517 14.4266 -15.1335
v  -0.9517 14.4869 -16.1353
v  -0.9517 14.4266 -16.1353
v  -1.2283 14.4869 -15.1335
v  -1.2283 14.4869 -16.1353
v  -1.2283 14.4266 -15.1335
v  -1.2283 14.4266 -16.1353
v  -0.6460 14.8983 -15.1335
v  -0.6460 14.8379 -15.1335
v  -0.6460 14.8983 -16.1353
v  -0.6460 14.8379 -16.1353
v  -0.9226 14.8983 -15.1335
v  -0.9226 14.8983 -16.1353
v  -0.9226 14.8379 -15.1335
v  -0.9226 14.8379 -16.1353
v  -0.3435 15.3053 -15.1335
v  -0.3435 15.2450 -15.1335
v  -0.3435 15.3053 -16.1353
v  -0.3435 15.2450 -16.1353
v  -0.6201 15.3053 -15.1335
v  -0.6201 15.3053 -16.1353
v  -0.6201 15.2450 -15.1335
v  -0.6201 15.2450 -16.1353
v  -1.2585 14.0741 -15.1335
v  -1.2585 14.0137 -15.1335
v  -1.2585 14.0741 -16.1353
v  -1.2585 14.0137 -16.1353
v  -1.5351 14.0741 -15.1335
v  -1.5351 14.0741 -16.1353
v  -1.5351 14.0137 -15.1335
v  -1.5351 14.0137 -16.1353
v  -1.5696 13.6555 -15.1335
v  -1.5696 13.5951 -15.1335
v  -1.5696 13.6555 -16.1353
v  -1.5696 13.5951 -16.1353
v  -1.8462 13.6555 -15.1335
v  -1.8462 13.6555 -16.1353
v  -1.8462 13.5951 -15.1335
v  -1.8462 13.5951 -16.1353
v  -2.5218 12.3742 -15.1335
v  -2.5218 12.3138 -15.1335
v  -2.5218 12.3742 -16.1353
v  -2.5218 12.3138 -16.1353
v  -2.7984 12.3742 -15.1335
v  -2.7984 12.3742 -16.1353
v  -2.7984 12.3138 -15.1335
v  -2.7984 12.3138 -16.1353
v  -2.2005 12.8066 -15.1335
v  -2.2005 12.7462 -15.1335
v  -2.2005 12.8066 -16.1353
v  -2.2005 12.7462 -16.1353
v  -2.4770 12.8066 -15.1335
v  -2.4770 12.8066 -16.1353
v  -2.4770 12.7462 -15.1335
v  -2.4770 12.7462 -16.1353
v  -1.8834 13.2332 -15.1335
v  -1.8834 13.1728 -15.1335
v  -1.8834 13.2332 -16.1353
v  -1.8834 13.1728 -16.1353
v  -2.1600 13.2332 -15.1335
v  -2.1600 13.2332 -16.1353
v  -2.1600 13.1728 -15.1335
v  -2.1600 13.1728 -16.1353
v  -2.9820 12.1354 -15.0988
v  2.7573 19.8584 -15.0988
v  -2.9820 12.1354 -16.1230
v  2.7573 19.8584 -16.1230
v  2.7983 4.3942 -13.6440
v  -2.9409 12.1172 -13.6440
v  2.7983 4.3942 -13.7126
v  -2.9409 12.1172 -13.7126
v  3.1610 4.3942 -13.7126
v  -2.5783 12.1172 -13.7126
v  2.7983 4.3942 -14.6682
v  -2.9409 12.1172 -14.6682
v  2.7983 4.3942 -14.7369
v  -2.9409 12.1172 -14.7369
v  3.1610 4.3942 -14.7369
v  -2.5783 12.1172 -14.7369
v  -1.5048 10.2318 -14.6805
v  -1.5048 10.2318 -13.6787
v  -1.5048 10.2922 -14.6805
v  -1.5048 10.2922 -13.6787
v  -1.2282 10.2922 -14.6805
v  -1.2282 10.2922 -13.6787
v  -1.2282 10.2318 -14.6805
v  -1.2282 10.2318 -13.6787
v  -2.6025 11.7090 -14.6805
v  -2.6025 11.7090 -13.6787
v  -2.6025 11.7694 -14.6805
v  -2.6025 11.7694 -13.6787
v  -2.3260 11.7694 -14.6805
v  -2.3260 11.7694 -13.6787
v  -2.3260 11.7090 -14.6805
v  -2.3260 11.7090 -13.6787
v  -2.3329 11.3462 -14.6805
v  -2.3329 11.3462 -13.6787
v  -2.3329 11.4066 -14.6805
v  -2.3329 11.4066 -13.6787
v  -2.0564 11.4066 -14.6805
v  -2.0564 11.4066 -13.6787
v  -2.0564 11.3462 -14.6805
v  -2.0564 11.3462 -13.6787
v  -2.0596 10.9784 -14.6805
v  -2.0596 10.9784 -13.6787
v  -2.0596 11.0388 -14.6805
v  -2.0596 11.0388 -13.6787
v  -1.7831 11.0388 -14.6805
v  -1.7831 11.0388 -13.6787
v  -1.7831 10.9784 -14.6805
v  -1.7831 10.9784 -13.6787
v  -1.7835 10.6069 -14.6805
v  -1.7835 10.6069 -13.6787
v  -1.7835 10.6673 -14.6805
v  -1.7835 10.6673 -13.6787
v  -1.5070 10.6673 -14.6805
v  -1.5070 10.6673 -13.6787
v  -1.5070 10.6069 -14.6805
v  -1.5070 10.6069 -13.6787
v  -1.2244 9.8545 -14.6805
v  -1.2244 9.8545 -13.6787
v  -1.2244 9.9149 -14.6805
v  -1.2244 9.9149 -13.6787
v  -0.9478 9.9149 -14.6805
v  -0.9478 9.9149 -13.6787
v  -0.9478 9.8545 -14.6805
v  -0.9478 9.8545 -13.6787
v  -0.9397 9.4714 -14.6805
v  -0.9397 9.4714 -13.6787
v  -0.9397 9.5318 -14.6805
v  -0.9397 9.5318 -13.6787
v  -0.6632 9.5318 -14.6805
v  -0.6632 9.5318 -13.6787
v  -0.6632 9.4714 -14.6805
v  -0.6632 9.4714 -13.6787
v  -0.6551 9.0883 -14.6805
v  -0.6551 9.0883 -13.6787
v  -0.6551 9.1487 -14.6805
v  -0.6551 9.1487 -13.6787
v  -0.3785 9.1487 -14.6805
v  -0.3785 9.1487 -13.6787
v  -0.3785 9.0883 -14.6805
v  -0.3785 9.0883 -13.6787
v  -0.3650 8.6980 -14.6805
v  -0.3650 8.6980 -13.6787
v  -0.3650 8.7584 -14.6805
v  -0.3650 8.7584 -13.6787
v  -0.0884 8.7584 -14.6805
v  -0.0884 8.7584 -13.6787
v  -0.0884 8.6980 -14.6805
v  -0.0884 8.6980 -13.6787
v  -0.0727 8.3048 -14.6805
v  -0.0727 8.3048 -13.6787
v  -0.0727 8.3651 -14.6805
v  -0.0727 8.3651 -13.6787
v  0.2038 8.3651 -14.6805
v  0.2038 8.3651 -13.6787
v  0.2038 8.3048 -14.6805
v  0.2038 8.3048 -13.6787
v  0.2233 7.9064 -14.6805
v  0.2233 7.9064 -13.6787
v  0.2233 7.9668 -14.6805
v  0.2233 7.9668 -13.6787
v  0.4998 7.9668 -14.6805
v  0.4998 7.9668 -13.6787
v  0.4998 7.9064 -14.6805
v  0.4998 7.9064 -13.6787
v  1.1307 6.6854 -14.6805
v  1.1307 6.6854 -13.6787
v  1.1307 6.7457 -14.6805
v  1.1307 6.7457 -13.6787
v  1.4073 6.7457 -14.6805
v  1.4073 6.7457 -13.6787
v  1.4073 6.6854 -14.6805
v  1.4073 6.6854 -13.6787
v  0.8250 7.0967 -14.6805
v  0.8250 7.0967 -13.6787
v  0.8250 7.1571 -14.6805
v  0.8250 7.1571 -13.6787
v  1.1015 7.1571 -14.6805
v  1.1015 7.1571 -13.6787
v  1.1015 7.0967 -14.6805
v  1.1015 7.0967 -13.6787
v  0.5226 7.5038 -14.6805
v  0.5226 7.5038 -13.6787
v  0.5226 7.5641 -14.6805
v  0.5226 7.5641 -13.6787
v  0.7991 7.5641 -14.6805
v  0.7991 7.5641 -13.6787
v  0.7991 7.5038 -14.6805
v  0.7991 7.5038 -13.6787
v  1.4375 6.2725 -14.6805
v  1.4375 6.2725 -13.6787
v  1.4375 6.3329 -14.6805
v  1.4375 6.3329 -13.6787
v  1.7141 6.3329 -14.6805
v  1.7141 6.3329 -13.6787
v  1.7141 6.2725 -14.6805
v  1.7141 6.2725 -13.6787
v  1.7486 5.8539 -14.6805
v  1.7486 5.8539 -13.6787
v  1.7486 5.9143 -14.6805
v  1.7486 5.9143 -13.6787
v  2.0252 5.9143 -14.6805
v  2.0252 5.9143 -13.6787
v  2.0252 5.8539 -14.6805
v  2.0252 5.8539 -13.6787
v  2.7008 4.5726 -14.6805
v  2.7008 4.5726 -13.6787
v  2.7008 4.6329 -14.6805
v  2.7008 4.6329 -13.6787
v  2.9774 4.6329 -14.6805
v  2.9774 4.6329 -13.6787
v  2.9774 4.5726 -14.6805
v  2.9774 4.5726 -13.6787
v  2.3795 5.0050 -14.6805
v  2.3795 5.0050 -13.6787
v  2.3795 5.0654 -14.6805
v  2.3795 5.0654 -13.6787
v  2.6560 5.0654 -14.6805
v  2.6560 5.0654 -13.6787
v  2.6560 5.0050 -14.6805
v  2.6560 5.0050 -13.6787
v  2.0624 5.4316 -14.6805
v  2.0624 5.4316 -13.6787
v  2.0624 5.4920 -14.6805
v  2.0624 5.4920 -13.6787
v  2.3390 5.4920 -14.6805
v  2.3390 5.4920 -13.6787
v  2.3390 5.4316 -14.6805
v  2.3390 5.4316 -13.6787
v  -2.5783 12.1172 -13.6440
v  3.1610 4.3942 -13.6440
v  -2.5783 12.1172 -14.6682
v  3.1610 4.3942 -14.6682
v  -4.9113 24.0919 -4.7525
v  -4.9199 24.0871 -4.7676
v  -4.9199 24.0916 -4.7524
v  -4.6831 24.0919 -4.7525
v  -4.6745 24.0871 -4.7676
v  -4.6745 24.0916 -4.7524
v  -4.7163 22.9517 -4.7418
v  -4.7163 22.9380 -4.6893
v  -4.7163 23.5209 -4.5374
v  -4.7163 22.8732 -4.8430
v  -4.7163 22.6878 -4.6619
v  -4.7163 22.8253 -4.5245
v  -4.7163 22.7850 -4.4273
v  -4.7163 22.5906 -4.6217
v  -4.7163 22.6878 -4.3871
v  -4.7163 22.5504 -4.5245
v  -4.7163 22.5906 -4.4273
v  -4.8781 22.9380 -4.6893
v  -4.8781 22.9517 -4.7418
v  -4.8781 23.5209 -4.5374
v  -4.8781 22.8732 -4.8430
v  -4.8781 22.6878 -4.6619
v  -4.8781 22.8253 -4.5245
v  -4.8781 22.7850 -4.4273
v  -4.8781 22.5906 -4.6217
v  -4.8781 22.6878 -4.3871
v  -4.8781 22.5504 -4.5245
v  -4.8781 22.5906 -4.4273
v  -4.9199 22.6878 -4.3871
v  -4.9199 22.7850 -4.4273
v  -4.9199 22.8253 -4.5245
v  -4.9199 22.9380 -4.6893
v  -4.9199 22.8732 -4.8430
v  -4.9199 22.6878 -4.6619
v  -4.9199 22.5906 -4.6217
v  -4.9199 22.5504 -4.5245
v  -4.9199 22.5906 -4.4273
v  -4.9199 23.5209 -4.5374
v  -4.9199 23.5549 -4.6237
v  -4.9199 24.0871 -7.9355
v  -4.9113 24.0919 -7.9507
v  -4.9199 24.0916 -7.9508
v  -4.6831 24.0919 -7.9507
v  -4.6745 24.0871 -7.9355
v  -4.6745 24.0916 -7.9508
v  -0.1638 34.1273 -4.5385
v  -0.1638 33.4021 -4.1324
v  -0.1638 33.2427 -4.5385
v  -0.1638 33.2427 -4.1324
v  0.1639 34.1273 -4.8509
v  0.1639 33.4021 -5.2570
v  0.1639 33.2427 -4.8509
v  0.1639 33.2427 -5.2570
v  0.1639 33.2427 -4.5385
v  0.1639 33.2427 -4.1324
v  0.1639 34.1273 -4.5385
v  0.1639 33.4021 -4.1324
v  -0.1638 33.2427 -4.8509
v  -0.1638 33.2427 -5.2570
v  -0.1638 34.1273 -4.8509
v  -0.1638 33.4021 -5.2570
v  0.1639 34.1273 -8.0762
v  0.1639 33.4021 -8.4823
v  0.1639 33.2427 -8.0762
v  0.1639 33.2427 -8.4823
v  -0.1638 34.1273 -7.7639
v  -0.1638 33.4021 -7.3578
v  -0.1638 33.2427 -7.7639
v  -0.1638 33.2427 -7.3578
v  -0.1638 33.2427 -8.0762
v  -0.1638 33.2427 -8.4823
v  -0.1638 34.1273 -8.0762
v  -0.1638 33.4021 -8.4823
v  0.1639 33.2427 -7.7639
v  0.1639 33.2427 -7.3578
v  0.1639 34.1273 -7.7639
v  0.1639 33.4021 -7.3578
v  -4.3071 31.6047 -13.3042
v  -4.0306 31.6047 -13.3042
v  -4.3071 31.6047 -14.3061
v  -4.0306 31.6047 -14.3061
v  -4.3071 31.5443 -13.3042
v  -4.3071 31.5443 -14.3061
v  -4.0306 31.5443 -13.3042
v  -4.0306 31.5443 -14.3061
v  4.0646 31.4515 -13.2695
v  2.7867 33.1711 -13.2695
v  4.0646 31.4515 -13.3381
v  2.7867 33.1711 -13.3381
v  4.4272 31.4515 -13.3381
v  3.1494 33.1711 -13.3381
v  4.0646 31.4515 -14.2938
v  2.7867 33.1711 -14.2938
v  4.0646 31.4515 -14.3624
v  2.7867 33.1711 -14.3624
v  4.4272 31.4515 -14.3624
v  3.1494 33.1711 -14.3624
v  3.1494 33.1711 -13.2695
v  4.4272 31.4515 -13.2695
v  3.1494 33.1711 -14.2938
v  4.4272 31.4515 -14.2938
v  3.1432 32.7385 -14.3061
v  3.1432 32.7385 -13.3042
v  3.1432 32.7989 -14.3061
v  3.1432 32.7989 -13.3042
v  3.4197 32.7989 -14.3061
v  3.4197 32.7989 -13.3042
v  3.4197 32.7385 -14.3061
v  3.4197 32.7385 -13.3042
v  3.4354 32.3453 -14.3061
v  3.4354 32.3453 -13.3042
v  3.4354 32.4057 -14.3061
v  3.4354 32.4057 -13.3042
v  3.7120 32.4057 -14.3061
v  3.7120 32.4057 -13.3042
v  3.7120 32.3453 -14.3061
v  3.7120 32.3453 -13.3042
v  3.7314 31.9470 -14.3061
v  3.7314 31.9470 -13.3042
v  3.7314 32.0073 -14.3061
v  3.7314 32.0073 -13.3042
v  4.0080 32.0073 -14.3061
v  4.0080 32.0073 -13.3042
v  4.0080 31.9470 -14.3061
v  4.0080 31.9470 -13.3042
v  4.0307 31.5443 -14.3061
v  4.0307 31.5443 -13.3042
v  4.0307 31.6047 -14.3061
v  4.0307 31.6047 -13.3042
v  4.3073 31.6047 -14.3061
v  4.3073 31.6047 -13.3042
v  4.3073 31.5443 -14.3061
v  4.3073 31.5443 -13.3042
v  -2.3344 34.7547 -7.3560
v  -2.3344 34.7547 -5.3433
v  1.7850 34.7547 -5.3433
v  2.3345 34.7547 -5.3433
v  1.7850 34.7547 -7.3560
v  2.3345 34.7547 -7.3560
v  1.7850 33.5526 -7.7350
v  2.3345 33.5526 -7.7350
v  2.3345 33.5526 -4.9638
v  1.7850 33.5526 -4.9638
v  -2.3344 33.5526 -4.9638
v  -2.3344 33.5526 -7.7350
v  -3.1578 33.0410 -3.6156
v  3.1579 33.0410 -3.6156
v  2.6935 33.0353 -3.8835
v  1.4661 33.0409 -5.7618
v  -1.4660 33.0409 -5.7618
v  -4.7163 22.9380 -8.0139
v  -4.7163 22.9517 -7.9614
v  -4.7163 23.5209 -8.1658
v  -4.7163 22.8732 -7.8602
v  -4.7163 22.6878 -8.0412
v  -4.7163 22.8253 -8.1786
v  -4.7163 22.7850 -8.2758
v  -4.7163 22.5906 -8.0815
v  -4.7163 22.6878 -8.3161
v  -4.7163 22.5504 -8.1786
v  -4.7163 22.5906 -8.2758
v  -4.6745 22.6878 -8.3161
v  -4.6745 22.7850 -8.2758
v  -4.6745 22.8253 -8.1786
v  -4.6745 22.9380 -8.0139
v  -4.6745 22.8732 -7.8602
v  -4.6745 22.6878 -8.0412
v  -4.6745 22.5906 -8.0815
v  -4.6745 22.5504 -8.1786
v  -4.6745 22.5906 -8.2758
v  -4.8781 22.9517 -7.9614
v  -4.8781 22.9380 -8.0139
v  -4.8781 23.5209 -8.1658
v  -4.8781 22.8732 -7.8602
v  -4.8781 22.6878 -8.0412
v  -4.8781 22.8253 -8.1786
v  -4.8781 22.7850 -8.2758
v  -4.8781 22.5906 -8.0815
v  -4.8781 22.6878 -8.3161
v  -4.8781 22.5504 -8.1786
v  -4.8781 22.5906 -8.2758
v  -3.1578 33.0409 -13.0081
v  -1.2701 33.0409 -14.6457
v  -3.1578 33.0409 -14.6457
v  -0.8481 33.0409 -9.6826
v  -1.7844 33.0410 -7.7350
v  -1.4660 33.0409 -6.9003
v  -4.6745 23.5209 -8.1658
v  -4.9199 23.5209 -8.1658
v  -4.9199 22.9380 -8.0139
v  -2.3344 32.7452 -4.9638
v  -2.3344 32.7452 -7.7350
v  -1.7849 32.7452 -4.9638
v  -1.7849 32.7452 -7.7350
v  -1.2701 33.2268 -14.6457
v  -3.1578 33.2268 -14.6457
v  -2.3344 24.5008 -7.3703
v  -1.7849 24.5008 -7.3703
v  -2.3344 23.2987 -7.7498
v  -1.7849 23.2987 -7.7498
v  -2.3344 21.9270 -7.7498
v  -1.7849 21.9270 -7.7498
v  -4.8694 22.8344 -8.0095
v  -4.8694 22.9039 -8.1775
v  -4.8694 22.8344 -8.3454
v  -4.8694 22.6664 -8.4141
v  -4.8694 22.6664 -7.9399
v  -4.8694 22.4911 -7.9399
v  -4.8694 22.4911 -8.4141
v  -4.7259 22.4911 -8.4141
v  -4.7259 22.6664 -8.4141
v  -4.7259 22.8344 -8.3454
v  3.1579 33.0409 -14.6457
v  3.1579 33.0409 -13.0081
v  1.2701 33.0409 -14.6457
v  1.9206 33.0353 -12.6593
v  1.7845 33.0410 -7.7350
v  0.8482 33.0409 -9.6826
v  2.6935 33.0353 -7.8460
v  1.9206 33.0353 -9.1402
v  1.4661 33.0409 -6.9003
v  -4.8571 22.4911 -7.5601
v  -4.6492 22.4911 -7.5601
v  -4.8571 22.4911 -7.8130
v  -4.7259 22.4911 -7.9399
v  -4.9462 22.4911 -7.8130
v  -4.9462 22.4911 -8.4141
v  -4.6492 22.4911 -8.4141
v  -4.8571 23.1240 -7.3621
v  -4.8571 22.4911 -7.1095
v  -4.8571 22.4911 -7.3621
v  1.7850 32.7452 -7.7350
v  2.3345 32.7452 -7.7350
v  1.7850 32.7452 -4.9638
v  2.3345 32.7452 -4.9638
v  3.1579 33.2268 -14.6457
v  1.2701 33.2268 -14.6457
v  -4.8571 23.1240 -7.5601
v  2.5095 32.5076 -3.8835
v  2.5095 32.5076 -7.7511
v  1.7365 32.5076 -9.0452
v  1.7365 32.5076 -12.6593
v  2.6936 32.5076 -3.8835
v  2.6936 32.5076 -7.8460
v  1.9207 32.5076 -9.1402
v  1.9207 32.5076 -12.6593
v  -4.9462 21.6661 -8.4141
v  -4.9462 21.6661 -8.0066
v  -4.9462 22.0699 -7.8130
v  -4.9462 22.4911 -7.1095
v  -4.9462 23.1240 -7.5601
v  -4.9462 23.1240 -7.3621
v  -4.9462 22.4911 -5.5937
v  -4.9462 22.0699 -4.8901
v  -4.9462 23.1240 -5.3410
v  -4.9462 23.1240 -5.1430
v  -4.9462 22.4911 -4.8901
v  -4.9462 22.4911 -4.2891
v  -4.9462 21.6661 -4.6966
v  -4.9462 21.6661 -4.2891
v  -4.6492 22.0699 -7.3621
v  -2.3350 22.0701 -7.3622
v  -4.6492 22.4911 -7.3621
v  -2.3350 23.1245 -7.3622
v  5.3216 32.0603 -15.0020
v  5.2639 32.0603 -15.0020
v  5.3216 26.2769 -15.0020
v  5.2639 26.2769 -15.0020
v  5.2639 32.0603 -15.2000
v  5.2639 26.2769 -15.2000
v  5.3216 32.0603 -15.2000
v  5.3216 26.2769 -15.2000
v  4.4922 32.0603 -15.0020
v  4.4922 26.2769 -15.0020
v  4.4922 32.0603 -15.2000
v  4.4922 26.2769 -15.2000
v  4.4346 32.0603 -15.0020
v  4.4346 26.2769 -15.0020
v  4.4346 32.0603 -15.2000
v  4.4346 26.2769 -15.2000
v  5.3216 26.2730 -15.0020
v  5.2639 26.2730 -15.0020
v  5.3216 20.3528 -15.0020
v  5.2639 20.3528 -15.0020
v  5.2639 26.2730 -15.2000
v  5.2639 20.3528 -15.2000
v  5.3216 26.2730 -15.2000
v  5.3216 20.3528 -15.2000
v  4.4922 26.2730 -15.0020
v  4.4922 20.3528 -15.0020
v  4.4922 26.2730 -15.2000
v  4.4922 20.3528 -15.2000
v  4.4346 26.2730 -15.0020
v  4.4346 20.3528 -15.0020
v  4.4346 26.2730 -15.2000
v  4.4346 20.3528 -15.2000
v  -0.1118 25.6505 -6.4570
v  -0.1581 25.6505 -6.3452
v  -0.2189 25.6505 -6.7213
v  -0.2189 25.6505 -5.9748
v  -0.1118 25.6505 -6.2333
v  0.0001 25.6505 -6.1871
v  0.2190 25.6505 -5.9748
v  0.1119 25.6505 -6.2333
v  0.1582 25.6505 -6.3452
v  0.2190 25.6505 -6.7213
v  0.1119 25.6505 -6.4570
v  0.0001 25.6505 -6.5033
v  -2.3344 22.0701 -7.5602
v  -4.6492 22.0699 -7.5601
v  -2.3344 23.1245 -7.5602
v  -4.7259 22.8344 -4.6936
v  -4.8694 22.8344 -4.6936
v  -4.7259 22.9039 -4.5257
v  -4.8694 22.9039 -4.5257
v  -4.7259 22.8344 -4.3578
v  -4.8694 22.8344 -4.3578
v  -4.6492 22.4911 -4.2891
v  -4.7259 22.4911 -4.2891
v  -4.6492 21.6661 -4.2891
v  -4.8694 22.4911 -4.2891
v  -1.7849 24.5008 -5.3329
v  -2.3344 24.5008 -5.3329
v  -4.6745 23.5209 -4.5374
v  -4.6745 22.9380 -4.6893
v  -4.6745 22.5504 -4.5245
v  -4.6745 22.5906 -4.6217
v  -4.6745 22.6878 -4.6619
v  -4.6745 22.8732 -4.8430
v  -4.6745 22.8253 -4.5245
v  -4.6745 22.7850 -4.4273
v  -4.6745 22.6878 -4.3871
v  -4.6745 22.5906 -4.4273
v  -4.6745 23.5549 -4.6237
v  -4.8571 22.4911 -5.5937
v  -4.8571 23.1240 -5.3410
v  -4.8571 22.4911 -5.3410
v  -4.9199 23.5549 -8.0795
v  -4.6745 23.5549 -8.0795
v  -4.9199 22.8732 -7.8602
v  -4.8571 23.1240 -5.1430
v  -4.8571 22.4911 -4.8901
v  -4.8571 22.4911 -5.1430
v  -4.9199 22.5504 -8.1786
v  -4.9199 22.5906 -8.0815
v  -4.9199 22.6878 -8.0412
v  -4.9199 22.8253 -8.1786
v  -4.9199 22.7850 -8.2758
v  -4.9199 22.6878 -8.3161
v  -4.9199 22.5906 -8.2758
v  -4.6492 22.4911 -5.3410
v  -1.7844 22.0701 -5.3410
v  -1.7844 22.0701 -7.3622
v  -1.7844 23.1245 -5.3410
v  -1.7844 23.1245 -7.3622
v  -1.7828 22.0701 -5.1430
v  -1.7849 21.9270 -4.9533
v  -1.7828 22.0701 -7.5602
v  -1.7828 23.1245 -7.5602
v  -1.7849 23.2987 -4.9533
v  -1.7828 23.1245 -5.1430
v  -2.3344 23.2987 -4.9533
v  -2.3350 23.1245 -5.3410
v  -2.3344 23.1245 -5.1430
v  -2.3344 22.0701 -5.1430
v  -2.3344 21.9270 -4.9533
v  -2.3350 22.0701 -5.3410
v  -4.6492 22.0699 -5.3410
v  -4.7259 22.6664 -7.9399
v  -4.7259 22.8344 -8.0095
v  -4.7259 22.9039 -8.1775
v  -4.6492 22.4911 -5.1430
v  -4.6492 22.0699 -5.1430
v  4.9200 24.0871 -4.7676
v  4.9114 24.0919 -4.7525
v  4.9200 24.0916 -4.7524
v  4.6832 24.0919 -4.7525
v  4.6746 24.0871 -4.7676
v  4.6746 24.0916 -4.7524
v  -4.6492 22.0699 -7.8130
v  -4.6492 21.6661 -8.0066
v  -4.6492 21.6661 -8.4141
v  4.7164 22.9380 -4.6893
v  4.7164 22.9517 -4.7418
v  4.7164 23.5209 -4.5374
v  4.7164 22.8732 -4.8430
v  4.7164 22.6878 -4.6619
v  4.7164 22.8253 -4.5245
v  4.7164 22.7850 -4.4273
v  4.7164 22.5906 -4.6217
v  4.7164 22.6878 -4.3871
v  4.7164 22.5504 -4.5245
v  4.7164 22.5906 -4.4273
v  4.6746 22.6878 -4.3871
v  4.6746 22.7850 -4.4273
v  4.6746 22.8253 -4.5245
v  4.6746 22.9380 -4.6893
v  4.6746 22.8732 -4.8430
v  4.6746 22.6878 -4.6619
v  4.6746 22.5906 -4.6217
v  4.6746 22.5504 -4.5245
v  4.6746 22.5906 -4.4273
v  4.8782 22.9517 -4.7418
v  4.8782 22.9380 -4.6893
v  4.8782 23.5209 -4.5374
v  4.8782 22.8732 -4.8430
v  4.8782 22.6878 -4.6619
v  4.8782 22.8253 -4.5245
v  4.8782 22.7850 -4.4273
v  4.8782 22.5906 -4.6217
v  4.8782 22.6878 -4.3871
v  4.8782 22.5504 -4.5245
v  4.8782 22.5906 -4.4273
v  -4.8694 22.6664 -4.2891
v  -4.8694 22.4911 -4.7632
v  -4.8694 22.6664 -4.7632
v  -4.7259 22.4911 -4.7632
v  -4.7259 22.6664 -4.7632
v  -4.7259 22.6664 -4.2891
v  4.6746 23.5209 -4.5374
v  4.9200 23.5209 -4.5374
v  4.9200 22.9380 -4.6893
v  -4.6492 21.6661 -4.6966
v  -4.6492 22.0699 -4.8901
v  4.9114 24.0919 -7.9507
v  4.9200 24.0871 -7.9355
v  4.9200 24.0916 -7.9508
v  4.6832 24.0919 -7.9507
v  4.6746 24.0871 -7.9355
v  4.6746 24.0916 -7.9508
v  4.7164 22.9517 -7.9614
v  4.7164 22.9380 -8.0139
v  4.7164 23.5209 -8.1658
v  4.7164 22.8732 -7.8602
v  4.7164 22.6878 -8.0412
v  4.7164 22.8253 -8.1786
v  4.7164 22.7850 -8.2758
v  4.7164 22.5906 -8.0815
v  4.7164 22.6878 -8.3161
v  4.7164 22.5504 -8.1786
v  4.7164 22.5906 -8.2758
v  4.8782 22.9380 -8.0139
v  4.8782 22.9517 -7.9614
v  4.8782 23.5209 -8.1658
v  4.8782 22.8732 -7.8602
v  4.8782 22.6878 -8.0412
v  4.8782 22.8253 -8.1786
v  4.8782 22.7850 -8.2758
v  4.8782 22.5906 -8.0815
v  4.8782 22.6878 -8.3161
v  4.8782 22.5504 -8.1786
v  4.8782 22.5906 -8.2758
v  4.9200 22.6878 -8.3161
v  4.9200 22.7850 -8.2758
v  4.9200 22.8253 -8.1786
v  4.9200 22.9380 -8.0139
v  4.9200 22.8732 -7.8602
v  4.9200 22.6878 -8.0412
v  4.9200 22.5906 -8.0815
v  4.9200 22.5504 -8.1786
v  4.9200 22.5906 -8.2758
v  4.9200 23.5209 -8.1658
v  4.9200 23.5549 -8.0795
v  4.7260 22.8344 -8.0095
v  4.8695 22.8344 -8.0095
v  4.7260 22.9039 -8.1775
v  4.8695 22.9039 -8.1775
v  4.7260 22.8344 -8.3454
v  4.8695 22.8344 -8.3454
v  4.6493 22.4911 -8.4141
v  4.7260 22.4911 -8.4141
v  4.6493 21.6661 -8.4141
v  4.8695 22.4911 -8.4141
v  4.9463 21.6661 -8.4141
v  4.9463 22.4911 -8.4141
v  2.3345 24.5008 -5.3329
v  2.3345 24.5008 -7.3703
v  1.7850 24.5008 -5.3329
v  1.7850 24.5008 -7.3703
v  4.9200 23.5549 -4.6237
v  4.6746 23.5549 -4.6237
v  4.9200 22.8732 -4.8430
v  4.8572 22.4911 -7.1095
v  4.8572 23.1240 -7.3621
v  4.8572 22.4911 -7.3621
v  4.9200 22.5504 -4.5245
v  4.9200 22.5906 -4.6217
v  4.9200 22.6878 -4.6619
v  4.9200 22.8253 -4.5245
v  4.9200 22.7850 -4.4273
v  4.9200 22.6878 -4.3871
v  4.9200 22.5906 -4.4273
v  4.8572 23.1240 -7.5601
v  4.8572 22.4911 -7.8130
v  4.8572 22.4911 -7.5601
v  4.6746 23.5209 -8.1658
v  4.6746 22.9380 -8.0139
v  4.6746 22.5504 -8.1786
v  4.6746 22.5906 -8.0815
v  4.6746 22.6878 -8.0412
v  4.6746 22.8732 -7.8602
v  4.6746 22.8253 -8.1786
v  4.6746 22.7850 -8.2758
v  4.6746 22.6878 -8.3161
v  4.6746 22.5906 -8.2758
v  4.6746 23.5549 -8.0795
v  2.3351 23.1245 -7.3622
v  2.3346 23.1245 -7.5602
v  2.3345 23.2987 -4.9533
v  2.3351 23.1245 -5.3410
v  2.3351 22.0701 -5.3410
v  2.3351 22.0701 -7.3622
v  2.3346 23.1245 -5.1430
v  2.3346 22.0701 -5.1430
v  2.3345 21.9270 -4.9533
v  2.3345 21.9270 -7.7498
v  2.3346 22.0701 -7.5602
v  2.3345 23.2987 -7.7498
v  4.8695 22.8344 -4.6936
v  4.8695 22.9039 -4.5257
v  4.8695 22.8344 -4.3578
v  4.8695 22.6664 -4.2891
v  4.8695 22.6664 -4.7632
v  4.8695 22.4911 -4.7632
v  4.8695 22.4911 -4.2891
v  4.7260 22.4911 -4.2891
v  4.7260 22.6664 -4.2891
v  4.7260 22.8344 -4.3578
v  1.7845 23.1245 -7.3622
v  1.7845 22.0701 -7.3622
v  1.7845 23.1245 -5.3410
v  1.7845 22.0701 -5.3410
v  1.7829 22.0701 -5.1430
v  1.7850 21.9270 -4.9533
v  1.7850 21.9270 -7.7498
v  1.7829 22.0701 -7.5602
v  1.7829 23.1245 -7.5602
v  1.7850 23.2987 -7.7498
v  1.7850 23.2987 -4.9533
v  1.7829 23.1245 -5.1430
v  4.8572 22.4911 -5.1430
v  4.6493 22.4911 -5.1430
v  4.8572 22.4911 -4.8901
v  4.7260 22.4911 -4.7632
v  4.9463 22.4911 -4.8901
v  4.9463 22.4911 -4.2891
v  4.6493 22.4911 -4.2891
v  4.8572 23.1240 -5.3410
v  4.8572 22.4911 -5.5937
v  4.8572 22.4911 -5.3410
v  4.8695 22.6664 -8.4141
v  4.8695 22.4911 -7.9399
v  4.8695 22.6664 -7.9399
v  4.7260 22.4911 -7.9399
v  4.6493 22.4911 -7.5601
v  4.9463 22.4911 -7.8130
v  4.7260 22.6664 -7.9399
v  4.7260 22.6664 -8.4141
v  4.8572 23.1240 -5.1430
v  4.9463 21.6661 -8.0066
v  4.9463 22.0699 -7.8130
v  4.6493 21.6661 -8.0066
v  4.6493 22.0699 -7.8130
v  4.9463 22.4911 -5.5937
v  4.9463 23.1240 -5.1430
v  4.9463 22.0699 -4.8901
v  4.9463 22.4911 -7.1095
v  4.9463 23.1240 -7.5601
v  4.9463 23.1240 -7.3621
v  4.9463 23.1240 -5.3410
v  4.9463 21.6661 -4.6966
v  4.9463 21.6661 -4.2891
v  4.6493 22.0699 -5.3410
v  4.6493 22.4911 -5.3410
v  4.6493 22.0699 -7.5601
v  4.6493 22.0699 -5.1430
v  1.4499 3.1571 14.4717
v  1.4499 3.1571 14.7629
v  1.8244 3.1571 14.4717
v  -0.8482 3.1571 16.6290
v  -0.8482 3.1571 16.3378
v  -2.0434 3.1571 16.6290
v  -0.8482 3.1571 14.7629
v  1.4499 3.1571 16.3378
v  1.8244 3.1571 16.6290
v  1.4499 3.1571 16.6290
v  -0.8482 3.1571 14.4717
v  -2.0434 3.1571 14.4717
v  1.8244 1.0358 16.6290
v  -0.8482 3.6728 16.6290
v  1.4499 3.6728 16.6290
v  -2.0434 1.0358 16.6290
v  -2.0434 1.0358 14.4717
v  1.8244 1.0358 14.4717
v  -0.8482 3.6728 14.4717
v  1.4499 3.6728 14.4717
v  4.6493 22.0699 -7.3621
v  4.6493 22.4911 -7.3621
v  0.5077 22.8617 -5.3410
v  0.3943 22.8617 -6.0925
v  -0.5076 22.8617 -5.3410
v  0.3943 22.8617 -6.6107
v  0.5077 22.8617 -7.3622
v  -0.3942 22.8617 -6.6107
v  -0.5076 22.8617 -7.3622
v  -0.3942 22.8617 -6.0925
v  4.7260 22.6664 -4.7632
v  4.7260 22.8344 -4.6936
v  4.7260 22.9039 -4.5257
v  -0.2168 24.8786 -6.0925
v  -0.2168 24.8786 -6.1812
v  -0.3942 24.4792 -6.0925
v  -0.3942 24.4792 -6.1812
v  -0.3942 24.3341 -6.1812
v  -0.3942 24.3341 -6.5220
v  -0.3942 24.4792 -6.6107
v  -0.3942 24.4792 -6.5220
v  -0.2168 24.8786 -6.6107
v  -0.2168 24.8786 -6.5220
v  0.2169 24.8786 -6.1812
v  0.2169 24.8786 -6.0925
v  0.3943 24.4792 -6.1812
v  0.3943 24.4792 -6.0925
v  0.3943 24.3341 -6.1812
v  0.3943 24.3341 -6.5220
v  0.3943 24.4792 -6.5220
v  0.3943 24.4792 -6.6107
v  0.2169 24.8786 -6.5220
v  0.2169 24.8786 -6.6107
v  0.5077 22.3480 -7.3622
v  -0.5076 22.3480 -7.3622
v  0.5077 22.3480 -5.3410
v  -0.5076 22.3480 -5.3410
v  4.6493 22.0699 -4.8901
v  4.6493 21.6661 -4.6966
v  4.6493 21.6661 -4.2891
v  1.5589 27.9723 -9.5335
v  1.5589 27.9727 -12.8755
v  1.5589 30.8822 -8.5334
v  1.5593 32.7330 -12.8751
v  1.5589 32.7330 -8.5339
v  -0.8482 3.3487 16.3378
v  1.4499 3.3487 16.3378
v  -0.8482 3.6728 16.5614
v  1.4499 3.6728 16.5614
v  -0.8482 3.6728 14.5393
v  -0.8482 3.3487 14.7629
v  1.4499 3.6728 14.5393
v  1.4499 3.3487 14.7629
v  -1.5588 32.7330 -8.5339
v  -1.5588 30.8822 -8.5334
v  -1.5588 27.9723 -9.5335
v  -8.1631 0.0803 15.3350
v  -7.9438 0.2997 15.3350
v  -8.1631 0.0803 15.6709
v  -8.0575 0.3653 15.2685
v  -8.2288 0.1940 15.2685
v  -8.2288 0.1940 15.7373
v  -8.0575 0.3653 15.7373
v  -7.9438 0.2997 15.6709
v  -7.8635 0.5994 15.3350
v  -7.9948 0.5994 15.2685
v  -7.9948 0.5994 15.7373
v  -7.8635 0.5994 15.6709
v  -7.9438 0.8990 15.3350
v  -8.0575 0.8334 15.2685
v  -8.0575 0.8334 15.7373
v  -7.9438 0.8990 15.6709
v  -8.1631 1.1184 15.3350
v  -8.2288 1.0047 15.2685
v  -8.2288 1.0047 15.7373
v  -8.1631 1.1184 15.6709
v  -8.4628 1.1987 15.3350
v  -8.4628 1.0674 15.2685
v  -8.4628 1.0674 15.7373
v  -8.4628 1.1987 15.6709
v  -8.7625 1.1184 15.3350
v  -8.6968 1.0047 15.2685
v  -8.9819 0.8990 15.3350
v  -8.8681 0.8334 15.2685
v  -8.6968 1.0047 15.7373
v  -8.7625 1.1184 15.6709
v  -8.9819 0.8990 15.6709
v  -9.0622 0.5994 15.3350
v  -8.9308 0.5994 15.2685
v  -8.8681 0.8334 15.7373
v  -8.9308 0.5994 15.7373
v  -9.0622 0.5994 15.6709
v  -8.9819 0.2997 15.3350
v  -8.8681 0.3653 15.2685
v  -8.7625 0.0803 15.3350
v  -8.6968 0.1940 15.2685
v  -8.8681 0.3653 15.7373
v  -8.9819 0.2997 15.6709
v  -8.7625 0.0803 15.6709
v  -8.4628 0.0000 15.6709
v  -8.4628 0.0000 15.3350
v  -8.4628 0.1313 15.2685
v  -8.6968 0.1940 15.7373
v  -8.4628 0.1313 15.7373
v  -1.5588 32.7330 -12.8751
v  -1.5588 27.9727 -12.8755
v  -5.2390 0.1940 15.2682
v  -5.4730 0.1313 15.2682
v  -5.7070 0.1940 15.2682
v  -5.0677 0.3653 15.2682
v  -5.8783 0.3653 15.2682
v  -5.0050 0.5994 15.2682
v  -5.9410 0.5994 15.2682
v  -5.0677 0.8334 15.2682
v  -5.8783 0.8334 15.2682
v  -5.2390 1.0047 15.2682
v  -5.7070 1.0047 15.2682
v  -5.4730 1.0674 15.2682
v  -5.7070 0.1940 15.7371
v  -5.4730 0.1313 15.7371
v  -5.2390 0.1940 15.7371
v  -5.8783 0.3653 15.7371
v  -5.0677 0.3653 15.7371
v  -5.9410 0.5994 15.7371
v  -5.0050 0.5994 15.7371
v  -5.8783 0.8334 15.7371
v  -5.0677 0.8334 15.7371
v  -5.7070 1.0047 15.7371
v  -5.2390 1.0047 15.7371
v  -5.4730 1.0674 15.7371
v  -4.9539 0.2997 15.3347
v  -5.1733 0.0803 15.3347
v  -5.4730 0.0000 15.6706
v  -5.1733 0.0803 15.6706
v  -4.9539 0.2997 15.6706
v  -4.8736 0.5994 15.6706
v  -4.8736 0.5994 15.3347
v  -4.9539 0.8990 15.6706
v  -4.9539 0.8990 15.3347
v  -5.7727 0.0803 15.3347
v  -5.9921 0.2997 15.3347
v  -6.0724 0.5994 15.6706
v  -5.9921 0.2997 15.6706
v  -5.7727 0.0803 15.6706
v  -5.4730 0.0000 15.3347
v  -5.9921 0.8990 15.6706
v  -6.0724 0.5994 15.3347
v  -5.7727 1.1184 15.6706
v  -5.9921 0.8990 15.3347
v  -5.4730 1.1987 15.6706
v  -5.7727 1.1184 15.3347
v  -5.1733 1.1184 15.6706
v  -5.4730 1.1987 15.3347
v  -5.1733 1.1184 15.3347
v  -7.6516 2.8947 15.2033
v  -6.2841 2.8947 15.2033
v  -7.4398 2.8947 15.2911
v  -5.9731 2.8947 15.8140
v  -6.2568 2.8947 15.9401
v  -6.0723 2.8947 15.7148
v  -5.9845 2.8947 15.5029
v  -5.8443 2.8947 15.5029
v  -6.0723 2.8947 15.2911
v  -5.9731 2.8947 15.1919
v  -6.2568 2.8947 15.0658
v  -7.6790 2.8947 15.0658
v  -7.8635 2.8947 15.2911
v  -7.9627 2.8947 15.1919
v  -7.9512 2.8947 15.5029
v  -8.0915 2.8947 15.5029
v  -7.8635 2.8947 15.7148
v  -7.9627 2.8947 15.8140
v  -7.6516 2.8947 15.8025
v  -7.6790 2.8947 15.9401
v  -6.4960 2.8947 15.2911
v  -7.3521 2.8947 15.5029
v  -6.5838 2.8947 15.5029
v  -7.4398 2.8947 15.7148
v  -6.4960 2.8947 15.7148
v  -6.2841 2.8947 15.8025
v  -6.5838 1.5621 15.8035
v  -5.7982 1.5621 15.8035
v  -6.5838 1.1935 15.8035
v  -5.4738 1.0313 15.8035
v  -5.9052 0.5999 15.8035
v  -5.7788 0.2949 15.8035
v  -5.1687 0.9050 15.8035
v  -5.4738 0.1685 15.8035
v  -5.0424 0.5999 15.8035
v  -5.1687 0.2949 15.8035
v  -5.9052 0.5999 15.9406
v  -6.5838 1.1935 15.9406
v  -6.5838 1.5621 15.2023
v  -5.7982 1.5621 15.2023
v  -5.4738 0.1685 15.9406
v  -5.1687 0.2949 15.9406
v  -5.0424 0.5999 15.9406
v  -5.7788 0.2949 15.9406
v  -5.1687 0.9050 15.9406
v  -5.4738 1.0313 15.9406
v  -5.9846 1.8626 15.9406
v  -6.5838 1.8626 15.9406
v  -6.2841 2.1752 15.8025
v  -6.5838 1.1936 15.2023
v  -6.5838 1.1936 15.0652
v  -5.9052 0.5999 15.2023
v  -5.9052 0.5999 15.0652
v  -5.4738 1.0313 15.0652
v  -5.9846 1.8626 15.0652
v  -5.4738 1.0313 15.2023
v  -5.9845 2.1752 15.5029
v  -5.7788 0.2949 15.2023
v  -5.1687 0.9050 15.2023
v  -5.0424 0.5999 15.2023
v  -5.4738 0.1685 15.2023
v  -5.1687 0.2949 15.2023
v  -5.1680 0.9050 15.0652
v  -5.0424 0.5999 15.0652
v  -5.1687 0.2949 15.0652
v  -5.4738 0.1685 15.0652
v  -5.7780 0.2949 15.0652
v  -6.5838 1.8626 15.0652
v  -6.5838 2.1752 15.5029
v  -6.0723 2.1752 15.2911
v  -6.2841 2.1752 15.2033
v  -6.4960 2.1752 15.2911
v  -6.4960 2.1752 15.7148
v  -6.0723 2.1752 15.7148
v  -7.3520 1.5621 15.2023
v  -8.1375 1.5621 15.2023
v  -7.3520 1.1936 15.2023
v  -8.4620 1.0313 15.2023
v  -8.0306 0.5999 15.2023
v  -8.1570 0.2949 15.2023
v  -8.7670 0.9050 15.2023
v  -8.4620 0.1685 15.2023
v  -8.8934 0.5999 15.2023
v  -8.7670 0.2949 15.2023
v  -5.9732 3.1958 15.1919
v  -6.2569 3.1958 15.0658
v  -7.6791 3.1958 15.0658
v  -7.9628 3.1958 15.1919
v  -8.0916 3.1958 15.5029
v  -7.9628 3.1958 15.8140
v  -7.6791 3.1958 15.9401
v  -6.2569 3.1958 15.9401
v  -5.9732 3.1958 15.8140
v  -5.8445 3.1958 15.5029
v  -8.0306 0.5999 15.0652
v  -7.3520 1.1936 15.0652
v  -7.3520 1.5621 15.8035
v  -8.1375 1.5621 15.8035
v  -8.4620 0.1685 15.0652
v  -8.7670 0.2949 15.0652
v  -8.8934 0.5999 15.0652
v  -8.1577 0.2949 15.0654
v  -8.7679 0.9050 15.0654
v  -8.4620 1.0313 15.0652
v  -7.9512 1.8626 15.0652
v  -7.3520 1.8626 15.0652
v  -7.6516 2.1752 15.2033
v  -7.3520 1.1935 15.8035
v  -7.3520 1.1935 15.9406
v  -8.0306 0.5999 15.8035
v  -8.0306 0.5999 15.9406
v  -8.4620 1.0313 15.9406
v  -7.9512 1.8626 15.9406
v  -8.4620 1.0313 15.8035
v  -7.9512 2.1752 15.5029
v  -8.1570 0.2949 15.8035
v  -8.7670 0.9050 15.8035
v  -8.8934 0.5999 15.8035
v  -8.4620 0.1685 15.8035
v  -8.7670 0.2949 15.8035
v  -8.7679 0.9050 15.9406
v  -8.8934 0.5999 15.9406
v  -8.7670 0.2949 15.9406
v  -8.4620 0.1685 15.9406
v  -8.1577 0.2949 15.9406
v  -7.3520 1.8626 15.9406
v  -7.3521 2.1752 15.5029
v  -7.8635 2.1752 15.7148
v  -7.6516 2.1752 15.8025
v  -7.4398 2.1752 15.7148
v  -7.4398 2.1752 15.2911
v  -7.8635 2.1752 15.2911
v  -8.9308 0.5994 -14.3721
v  -8.8681 0.3654 -14.3721
v  -9.0622 0.5994 -14.3056
v  -8.9819 0.2997 -14.3056
v  -8.9819 0.2997 -13.9697
v  -9.0622 0.5994 -13.9697
v  -8.8681 0.3654 -13.9033
v  -8.9308 0.5994 -13.9033
v  -8.6968 0.1940 -13.9033
v  -8.7625 0.0803 -13.9697
v  -8.7625 0.0803 -14.3056
v  -8.6968 0.1940 -14.3721
v  -8.4628 0.1313 -13.9033
v  -8.4628 0.0000 -13.9697
v  -8.4628 0.0000 -14.3056
v  -8.4628 0.1313 -14.3721
v  -8.2288 0.1940 -13.9033
v  -8.1631 0.0803 -13.9697
v  -8.1631 0.0803 -14.3056
v  -8.2288 0.1940 -14.3721
v  -8.6968 1.0047 -14.3721
v  -8.8681 0.8334 -14.3721
v  -8.7625 1.1184 -14.3056
v  -8.9819 0.8991 -14.3056
v  -8.8681 0.8334 -13.9033
v  -8.9819 0.8991 -13.9697
v  -8.7625 1.1184 -13.9697
v  -8.4628 1.1987 -14.3056
v  -8.4628 1.0674 -14.3721
v  -8.6968 1.0047 -13.9033
v  -8.1631 1.1184 -14.3056
v  -8.4628 1.1987 -13.9697
v  -8.4628 1.0674 -13.9033
v  -8.2288 1.0047 -14.3721
v  -8.2288 1.0047 -13.9033
v  -8.1631 1.1184 -13.9697
v  -7.9438 0.8990 -14.3056
v  -8.0575 0.8334 -14.3721
v  -8.0575 0.8334 -13.9033
v  -7.9438 0.8991 -13.9697
v  -7.8635 0.5994 -14.3056
v  -7.9948 0.5994 -14.3721
v  -7.9948 0.5994 -13.9033
v  -7.8635 0.5994 -13.9697
v  -7.9438 0.2997 -14.3056
v  -8.0575 0.3654 -14.3721
v  -8.0575 0.3654 -13.9033
v  -7.9438 0.2997 -13.9697
v  -5.4730 0.1313 -14.3719
v  -5.2390 0.1940 -14.3719
v  -5.4730 0.0000 -14.3054
v  -5.1733 0.0803 -14.3054
v  -5.1733 0.0803 -13.9695
v  -5.4730 0.0000 -13.9695
v  -5.2390 0.1940 -13.9030
v  -5.4730 0.1313 -13.9030
v  -5.0677 0.3654 -13.9030
v  -4.9539 0.2997 -13.9695
v  -4.9539 0.2997 -14.3054
v  -5.0677 0.3654 -14.3719
v  -5.0050 0.5994 -13.9030
v  -4.8736 0.5994 -13.9695
v  -4.8736 0.5994 -14.3054
v  -5.0050 0.5994 -14.3719
v  -5.0677 0.8334 -13.9030
v  -4.9539 0.8991 -13.9695
v  -4.9539 0.8991 -14.3054
v  -5.0677 0.8334 -14.3719
v  -5.8783 0.3654 -14.3719
v  -5.7070 0.1940 -14.3719
v  -5.9921 0.2997 -14.3054
v  -5.7727 0.0803 -14.3054
v  -5.7070 0.1940 -13.9030
v  -5.7727 0.0803 -13.9695
v  -5.9921 0.2997 -13.9695
v  -6.0724 0.5994 -14.3054
v  -5.9410 0.5994 -14.3719
v  -5.8783 0.3654 -13.9030
v  -5.9921 0.8991 -14.3054
v  -6.0724 0.5994 -13.9695
v  -5.9410 0.5994 -13.9030
v  -5.8783 0.8334 -14.3719
v  -5.8783 0.8334 -13.9030
v  -5.9921 0.8991 -13.9695
v  -5.7727 1.1184 -14.3054
v  -5.7070 1.0047 -14.3719
v  -5.7070 1.0047 -13.9030
v  -5.7727 1.1184 -13.9695
v  -5.4730 1.1987 -14.3054
v  -5.4730 1.0674 -14.3719
v  -5.4730 1.0674 -13.9030
v  -5.4730 1.1987 -13.9695
v  -5.1733 1.1184 -14.3054
v  -5.2390 1.0047 -14.3719
v  -5.2390 1.0047 -13.9030
v  -5.1733 1.1184 -13.9695
v  -7.6516 2.8947 -13.8381
v  -7.6790 2.8947 -13.7005
v  -7.8635 2.8947 -13.9258
v  -7.9627 2.8947 -13.8266
v  -7.9512 2.8947 -14.1377
v  -8.0915 2.8947 -14.1377
v  -7.8635 2.8947 -14.3495
v  -7.9627 2.8947 -14.4487
v  -7.6516 2.8947 -14.4373
v  -7.6790 2.8947 -14.5748
v  -7.4398 2.8947 -13.9258
v  -6.2841 2.8947 -13.8381
v  -6.4960 2.8947 -13.9258
v  -7.3521 2.8947 -14.1377
v  -6.5838 2.8947 -14.1377
v  -7.4398 2.8947 -14.3495
v  -6.4960 2.8947 -14.3495
v  -6.2841 2.8947 -14.4373
v  -6.2568 2.8947 -14.5748
v  -6.0723 2.8947 -14.3495
v  -5.9731 2.8947 -14.4487
v  -5.9845 2.8947 -14.1377
v  -5.8443 2.8947 -14.1377
v  -6.0723 2.8947 -13.9258
v  -5.9731 2.8947 -13.8266
v  -6.2568 2.8947 -13.7005
v  -5.1687 0.2949 -14.4383
v  -5.0424 0.5999 -14.4383
v  -5.4738 0.1685 -14.4383
v  -5.1687 0.9050 -14.4383
v  -5.7788 0.2949 -14.4383
v  -5.4738 1.0313 -14.4383
v  -5.9052 0.5999 -14.4383
v  -6.5838 1.1936 -14.4383
v  -5.7982 1.5621 -14.4383
v  -6.5838 1.5621 -14.4383
v  -5.9846 1.8626 -14.5754
v  -6.0723 2.1752 -14.3495
v  -5.9845 2.1752 -14.1377
v  -6.0723 2.1752 -13.9258
v  -5.9846 1.8626 -13.7000
v  -6.5838 1.8626 -14.5754
v  -6.5838 1.8626 -13.7000
v  -6.5838 2.1752 -14.1377
v  -6.5838 1.1936 -14.5754
v  -6.5838 1.5621 -13.8371
v  -6.5838 1.1936 -13.7000
v  -6.5838 1.1936 -13.8371
v  -6.4960 2.1752 -14.3495
v  -6.2841 2.1752 -14.4373
v  -6.4960 2.1752 -13.9258
v  -5.4738 1.0313 -14.5754
v  -5.7982 1.5621 -13.8371
v  -5.4738 1.0313 -13.8371
v  -5.4738 1.0313 -13.7000
v  -5.1687 0.2949 -13.8371
v  -5.4738 0.1685 -13.8371
v  -5.0424 0.5999 -13.8371
v  -5.7788 0.2949 -13.8371
v  -5.1687 0.9050 -13.8371
v  -5.9052 0.5999 -13.8371
v  -5.9052 0.5999 -13.7000
v  -5.7780 0.2949 -13.7000
v  -5.4738 0.1685 -13.7000
v  -5.1687 0.2949 -13.7000
v  -5.0424 0.5999 -13.7000
v  -5.1680 0.9050 -13.7000
v  -6.2841 2.1752 -13.8381
v  -5.9732 3.1958 -13.8266
v  -5.8445 3.1958 -14.1377
v  -5.9732 3.1958 -14.4487
v  -6.2569 3.1958 -14.5748
v  -7.6791 3.1958 -14.5748
v  -7.9628 3.1958 -14.4487
v  -8.0916 3.1958 -14.1377
v  -7.9628 3.1958 -13.8266
v  -7.6791 3.1958 -13.7005
v  -6.2569 3.1958 -13.7005
v  -8.7670 0.2949 -13.8371
v  -8.8934 0.5999 -13.8371
v  -8.4620 0.1685 -13.8371
v  -8.7670 0.9050 -13.8371
v  -8.1570 0.2949 -13.8371
v  -8.4620 1.0313 -13.8371
v  -8.0306 0.5999 -13.8371
v  -7.3520 1.1936 -13.8371
v  -8.1375 1.5621 -13.8371
v  -7.3520 1.5621 -13.8371
v  -5.9052 0.5999 -14.5754
v  -5.1687 0.9050 -14.5754
v  -5.0424 0.5999 -14.5754
v  -5.1687 0.2949 -14.5754
v  -5.4738 0.1685 -14.5754
v  -5.7788 0.2949 -14.5754
v  -7.9512 1.8626 -13.7000
v  -7.8635 2.1752 -13.9258
v  -7.9512 2.1752 -14.1377
v  -7.8635 2.1752 -14.3495
v  -7.9512 1.8626 -14.5754
v  -7.3520 1.8626 -13.7000
v  -7.3520 1.8626 -14.5754
v  -7.3521 2.1752 -14.1377
v  -7.3520 1.1936 -13.7000
v  -7.3520 1.5621 -14.4383
v  -7.3520 1.1936 -14.5754
v  -7.3520 1.1936 -14.4383
v  -7.4398 2.1752 -13.9258
v  -7.6516 2.1752 -13.8381
v  -7.4398 2.1752 -14.3495
v  -8.4620 1.0313 -13.7000
v  -8.1375 1.5621 -14.4383
v  -8.4620 1.0313 -14.4383
v  -8.4620 1.0313 -14.5754
v  -8.7670 0.2949 -14.4383
v  -8.4620 0.1685 -14.4383
v  -8.8934 0.5999 -14.4383
v  -8.1570 0.2949 -14.4383
v  -8.7670 0.9050 -14.4383
v  -8.0306 0.5999 -14.4383
v  -8.0306 0.5999 -14.5754
v  -8.1577 0.2949 -14.5754
v  -8.4620 0.1685 -14.5754
v  -8.7670 0.2949 -14.5754
v  -8.8934 0.5999 -14.5754
v  -8.7679 0.9050 -14.5754
v  -7.6516 2.1752 -14.4373
v  -8.0306 0.5999 -13.7000
v  -8.7679 0.9050 -13.7002
v  -8.8934 0.5999 -13.7000
v  -8.7670 0.2949 -13.7000
v  -8.4620 0.1685 -13.7000
v  -8.1577 0.2949 -13.7002
v  8.9309 0.5994 15.7373
v  8.8682 0.3653 15.7373
v  9.0622 0.5994 15.6709
v  8.9820 0.2997 15.6709
v  8.9820 0.2997 15.3350
v  9.0622 0.5994 15.3350
v  8.8682 0.3653 15.2685
v  8.9309 0.5994 15.2685
v  8.6969 0.1940 15.2685
v  8.7626 0.0803 15.3350
v  8.7626 0.0803 15.6709
v  8.6969 0.1940 15.7373
v  8.4629 0.1313 15.2685
v  8.4629 0.0000 15.3350
v  8.4629 0.0000 15.6709
v  8.4629 0.1313 15.7373
v  8.2289 0.1940 15.2685
v  8.1632 0.0803 15.3350
v  8.1632 0.0803 15.6709
v  8.2289 0.1940 15.7373
v  8.6969 1.0047 15.7373
v  8.8682 0.8334 15.7373
v  8.7626 1.1184 15.6709
v  8.9820 0.8990 15.6709
v  8.8682 0.8334 15.2685
v  8.9820 0.8990 15.3350
v  8.7626 1.1184 15.3350
v  8.4629 1.1987 15.6709
v  8.4629 1.0674 15.7373
v  8.6969 1.0047 15.2685
v  8.1632 1.1184 15.6709
v  8.4629 1.1987 15.3350
v  8.4629 1.0674 15.2685
v  8.2289 1.0047 15.7373
v  8.2289 1.0047 15.2685
v  8.1632 1.1184 15.3350
v  7.9439 0.8990 15.6709
v  8.0576 0.8334 15.7373
v  8.0576 0.8334 15.2685
v  7.9439 0.8990 15.3350
v  7.8636 0.5994 15.6709
v  7.9949 0.5994 15.7373
v  7.9949 0.5994 15.2685
v  7.8636 0.5994 15.3350
v  7.9439 0.2997 15.6709
v  8.0576 0.3653 15.7373
v  8.0576 0.3653 15.2685
v  7.9439 0.2997 15.3350
v  5.4731 0.1313 15.7371
v  5.2391 0.1940 15.7371
v  5.4731 0.0000 15.6706
v  5.1734 0.0803 15.6706
v  5.1734 0.0803 15.3347
v  5.4731 0.0000 15.3347
v  5.2391 0.1940 15.2682
v  5.4731 0.1313 15.2682
v  5.0678 0.3653 15.2682
v  4.9540 0.2997 15.3347
v  4.9540 0.2997 15.6706
v  5.0678 0.3653 15.7371
v  5.0051 0.5994 15.2682
v  4.8737 0.5994 15.3347
v  4.8737 0.5994 15.6706
v  5.0051 0.5994 15.7371
v  5.0678 0.8334 15.2682
v  4.9540 0.8990 15.3347
v  4.9540 0.8990 15.6706
v  5.0678 0.8334 15.7371
v  5.8784 0.3653 15.7371
v  5.7071 0.1940 15.7371
v  5.9922 0.2997 15.6706
v  5.7728 0.0803 15.6706
v  5.7071 0.1940 15.2682
v  5.7728 0.0803 15.3347
v  5.9922 0.2997 15.3347
v  6.0724 0.5994 15.6706
v  5.9411 0.5994 15.7371
v  5.8784 0.3653 15.2682
v  5.9922 0.8990 15.6706
v  6.0724 0.5994 15.3347
v  5.9411 0.5994 15.2682
v  5.8784 0.8334 15.7371
v  5.8784 0.8334 15.2682
v  5.9922 0.8990 15.3347
v  5.7728 1.1184 15.6706
v  5.7071 1.0047 15.7371
v  5.7071 1.0047 15.2682
v  5.7728 1.1184 15.3347
v  5.4731 1.1987 15.6706
v  5.4731 1.0674 15.7371
v  5.4731 1.0674 15.2682
v  5.4731 1.1987 15.3347
v  5.1734 1.1184 15.6706
v  5.2391 1.0047 15.7371
v  5.2391 1.0047 15.2682
v  5.1734 1.1184 15.3347
v  5.9847 1.8626 15.9406
v  6.0724 2.1752 15.7148
v  5.9846 2.1752 15.5029
v  6.0724 2.1752 15.2911
v  5.9847 1.8626 15.0652
v  6.5839 1.8626 15.9406
v  6.5839 1.8626 15.0652
v  6.5839 2.1752 15.5029
v  6.5839 1.1935 15.9406
v  6.5839 1.1935 15.8035
v  6.5839 1.5621 15.8035
v  6.5839 1.5621 15.2023
v  6.5839 1.1936 15.0652
v  6.5839 1.1936 15.2023
v  6.4961 2.1752 15.7148
v  6.2843 2.1752 15.8025
v  6.4961 2.1752 15.2911
v  5.4739 1.0313 15.9406
v  5.4739 1.0313 15.8035
v  5.7983 1.5621 15.8035
v  5.7983 1.5621 15.2023
v  5.4739 1.0313 15.2023
v  5.4739 1.0313 15.0652
v  5.9053 0.5999 15.0652
v  5.9053 0.5999 15.2023
v  5.7782 0.2949 15.0652
v  5.7789 0.2949 15.2023
v  5.4739 0.1685 15.0652
v  5.4739 0.1685 15.2023
v  5.1688 0.2949 15.0652
v  5.1688 0.2949 15.2023
v  5.0425 0.5999 15.0652
v  5.0425 0.5999 15.2023
v  5.1681 0.9050 15.0652
v  5.1688 0.9050 15.2023
v  6.2843 2.1752 15.2033
v  6.4961 2.8947 15.2911
v  6.2843 2.8947 15.2033
v  6.0724 2.8947 15.2911
v  5.9846 2.8947 15.5029
v  6.0724 2.8947 15.7148
v  6.2843 2.8947 15.8025
v  6.4961 2.8947 15.7148
v  6.5839 2.8947 15.5029
v  8.7672 0.2949 15.2023
v  8.8935 0.5999 15.2023
v  8.4621 0.1685 15.2023
v  8.7672 0.9050 15.2023
v  8.1571 0.2949 15.2023
v  8.4621 1.0313 15.2023
v  8.0307 0.5999 15.2023
v  7.3521 1.1936 15.2023
v  8.1377 1.5621 15.2023
v  7.3521 1.5621 15.2023
v  7.9513 1.8626 15.0652
v  7.8636 2.1752 15.2911
v  7.9513 2.1752 15.5029
v  7.8636 2.1752 15.7148
v  7.9513 1.8626 15.9406
v  7.3521 1.8626 15.0652
v  7.3521 1.8626 15.9406
v  7.3521 2.1752 15.5029
v  7.3521 1.1936 15.0652
v  7.3521 1.5621 15.8035
v  7.3521 1.1935 15.9406
v  7.3521 1.1935 15.8035
v  7.4399 2.1752 15.2911
v  7.6517 2.1752 15.2033
v  7.4399 2.1752 15.7148
v  8.4621 1.0313 15.0652
v  8.1377 1.5621 15.8035
v  8.4621 1.0313 15.8035
v  8.4621 1.0313 15.9406
v  8.7672 0.2949 15.8035
v  8.4621 0.1685 15.8035
v  8.8935 0.5999 15.8035
v  8.1571 0.2949 15.8035
v  8.7672 0.9050 15.8035
v  8.0307 0.5999 15.8035
v  8.0307 0.5999 15.9406
v  8.1579 0.2949 15.9406
v  8.4621 0.1685 15.9406
v  8.7672 0.2949 15.9406
v  8.8935 0.5999 15.9406
v  8.7680 0.9050 15.9406
v  7.6517 2.1752 15.8025
v  7.4399 2.8947 15.7148
v  7.6517 2.8947 15.8025
v  7.8636 2.8947 15.7148
v  7.9513 2.8947 15.5029
v  7.8636 2.8947 15.2911
v  7.6517 2.8947 15.2033
v  7.4399 2.8947 15.2911
v  7.3521 2.8947 15.5029
v  8.1632 0.0803 -13.9697
v  7.9439 0.2997 -13.9697
v  8.1632 0.0803 -14.3056
v  8.0576 0.3654 -13.9033
v  8.2289 0.1940 -13.9033
v  8.2289 0.1940 -14.3721
v  8.0576 0.3654 -14.3721
v  7.9439 0.2997 -14.3056
v  7.8636 0.5994 -13.9697
v  7.9949 0.5994 -13.9033
v  7.9949 0.5994 -14.3721
v  7.8636 0.5994 -14.3056
v  7.9439 0.8991 -13.9697
v  8.0576 0.8334 -13.9033
v  8.0576 0.8334 -14.3721
v  7.9439 0.8990 -14.3056
v  8.1632 1.1184 -13.9697
v  8.2289 1.0047 -13.9033
v  8.2289 1.0047 -14.3721
v  8.1632 1.1184 -14.3056
v  8.4629 1.1987 -13.9697
v  8.4629 1.0674 -13.9033
v  8.4629 1.0674 -14.3721
v  8.4629 1.1987 -14.3056
v  8.7626 1.1184 -13.9697
v  8.6969 1.0047 -13.9033
v  8.9820 0.8991 -13.9697
v  8.8682 0.8334 -13.9033
v  8.6969 1.0047 -14.3721
v  8.7626 1.1184 -14.3056
v  8.9820 0.8991 -14.3056
v  9.0622 0.5994 -13.9697
v  8.9309 0.5994 -13.9033
v  8.8682 0.8334 -14.3721
v  8.9309 0.5994 -14.3721
v  9.0622 0.5994 -14.3056
v  8.9820 0.2997 -13.9697
v  8.8682 0.3654 -13.9033
v  8.7626 0.0803 -13.9697
v  8.6969 0.1940 -13.9033
v  8.8682 0.3654 -14.3721
v  8.9820 0.2997 -14.3056
v  8.7626 0.0803 -14.3056
v  8.4629 0.0000 -14.3056
v  8.4629 0.0000 -13.9697
v  8.4629 0.1313 -13.9033
v  8.6969 0.1940 -14.3721
v  8.4629 0.1313 -14.3721
v  4.9540 0.8991 -13.9695
v  5.1734 1.1184 -13.9695
v  4.9540 0.8991 -14.3054
v  5.2391 1.0047 -13.9030
v  5.0678 0.8334 -13.9030
v  5.0678 0.8334 -14.3719
v  5.2391 1.0047 -14.3719
v  5.1734 1.1184 -14.3054
v  5.4731 1.1987 -13.9695
v  5.4731 1.0674 -13.9030
v  5.4731 1.0674 -14.3719
v  5.4731 1.1987 -14.3054
v  5.7728 1.1184 -13.9695
v  5.7071 1.0047 -13.9030
v  5.7071 1.0047 -14.3719
v  5.7728 1.1184 -14.3054
v  5.9922 0.8991 -13.9695
v  5.8784 0.8334 -13.9030
v  5.8784 0.8334 -14.3719
v  5.9922 0.8991 -14.3054
v  6.0724 0.5994 -13.9695
v  5.9411 0.5994 -13.9030
v  5.9411 0.5994 -14.3719
v  6.0724 0.5994 -14.3054
v  5.9922 0.2997 -13.9695
v  5.8784 0.3654 -13.9030
v  5.7728 0.0803 -13.9695
v  5.7071 0.1940 -13.9030
v  5.8784 0.3654 -14.3719
v  5.9922 0.2997 -14.3054
v  5.7728 0.0803 -14.3054
v  5.4731 0.0000 -13.9695
v  5.4731 0.1313 -13.9030
v  5.7071 0.1940 -14.3719
v  5.4731 0.1313 -14.3719
v  5.4731 0.0000 -14.3054
v  5.1734 0.0803 -13.9695
v  5.2391 0.1940 -13.9030
v  4.9540 0.2997 -13.9695
v  5.0678 0.3654 -13.9030
v  5.2391 0.1940 -14.3719
v  5.1734 0.0803 -14.3054
v  4.9540 0.2997 -14.3054
v  4.8737 0.5994 -14.3054
v  4.8737 0.5994 -13.9695
v  5.0051 0.5994 -13.9030
v  5.0678 0.3654 -14.3719
v  5.0051 0.5994 -14.3719
v  7.6517 2.8947 -13.8381
v  6.2843 2.8947 -13.8381
v  7.4399 2.8947 -13.9258
v  5.9732 2.8947 -14.4487
v  6.2569 2.8947 -14.5748
v  6.0724 2.8947 -14.3495
v  5.9846 2.8947 -14.1377
v  5.8444 2.8947 -14.1377
v  6.0724 2.8947 -13.9258
v  5.9732 2.8947 -13.8266
v  6.2569 2.8947 -13.7005
v  7.6791 2.8947 -13.7005
v  7.8636 2.8947 -13.9258
v  7.9628 2.8947 -13.8266
v  7.9513 2.8947 -14.1377
v  8.0916 2.8947 -14.1377
v  7.8636 2.8947 -14.3495
v  7.9628 2.8947 -14.4487
v  7.6517 2.8947 -14.4373
v  7.6791 2.8947 -14.5748
v  6.4961 2.8947 -13.9258
v  7.3521 2.8947 -14.1377
v  6.5839 2.8947 -14.1377
v  7.4399 2.8947 -14.3495
v  6.4961 2.8947 -14.3495
v  6.2843 2.8947 -14.4373
v  6.5839 1.5621 -14.4383
v  5.7983 1.5621 -14.4383
v  6.5839 1.1936 -14.4383
v  5.4739 1.0313 -14.4383
v  5.9053 0.5999 -14.4383
v  5.7789 0.2949 -14.4383
v  5.1688 0.9050 -14.4383
v  5.4739 0.1685 -14.4383
v  5.0425 0.5999 -14.4383
v  5.1688 0.2949 -14.4383
v  8.0307 0.5999 15.0652
v  8.7680 0.9050 15.0654
v  8.8935 0.5999 15.0652
v  8.7672 0.2949 15.0652
v  8.4621 0.1685 15.0652
v  8.1579 0.2949 15.0654
v  5.9053 0.5999 -14.5754
v  5.7789 0.2949 -14.5754
v  5.4739 0.1685 -14.5754
v  5.1688 0.2949 -14.5754
v  5.0425 0.5999 -14.5754
v  5.1688 0.9050 -14.5754
v  5.4739 1.0313 -14.5754
v  6.0724 2.1752 -14.3495
v  5.9847 1.8626 -14.5754
v  5.9846 2.1752 -14.1377
v  5.9847 1.8626 -13.7000
v  6.0724 2.1752 -13.9258
v  6.5839 1.8626 -13.7000
v  6.5839 1.8626 -14.5754
v  6.5839 2.1752 -14.1377
v  6.5839 1.1936 -13.7000
v  6.5839 1.1936 -13.8371
v  6.5839 1.5621 -13.8371
v  6.5839 1.1936 -14.5754
v  6.4961 2.1752 -14.3495
v  6.2843 2.1752 -14.4373
v  6.4961 2.1752 -13.9258
v  5.4739 1.0313 -13.7000
v  5.4739 1.0313 -13.8371
v  5.7983 1.5621 -13.8371
v  6.2843 2.1752 -13.8381
v  7.3521 1.5621 -13.8371
v  8.1377 1.5621 -13.8371
v  7.3521 1.1936 -13.8371
v  8.4621 1.0313 -13.8371
v  8.0307 0.5999 -13.8371
v  8.1571 0.2949 -13.8371
v  8.7672 0.9050 -13.8371
v  8.4621 0.1685 -13.8371
v  8.8935 0.5999 -13.8371
v  8.7672 0.2949 -13.8371
v  5.9053 0.5999 -13.8371
v  5.9053 0.5999 -13.7000
v  5.7789 0.2949 -13.8371
v  5.1688 0.9050 -13.8371
v  5.0425 0.5999 -13.8371
v  5.4739 0.1685 -13.8371
v  5.1688 0.2949 -13.8371
v  5.1681 0.9050 -13.7000
v  5.0425 0.5999 -13.7000
v  5.1688 0.2949 -13.7000
v  5.4739 0.1685 -13.7000
v  5.7782 0.2949 -13.7000
v  8.0307 0.5999 -13.7000
v  8.1579 0.2949 -13.7002
v  8.4621 0.1685 -13.7000
v  8.7672 0.2949 -13.7000
v  8.8935 0.5999 -13.7000
v  8.7680 0.9050 -13.7002
v  8.4621 1.0313 -13.7000
v  7.8636 2.1752 -13.9258
v  7.9513 1.8626 -13.7000
v  7.9513 2.1752 -14.1377
v  7.9513 1.8626 -14.5754
v  7.8636 2.1752 -14.3495
v  7.3521 1.8626 -14.5754
v  7.3521 1.8626 -13.7000
v  7.3521 2.1752 -14.1377
v  7.3521 1.1936 -14.5754
v  7.3521 1.1936 -14.4383
v  7.3521 1.5621 -14.4383
v  7.3521 1.1936 -13.7000
v  7.4399 2.1752 -13.9258
v  7.6517 2.1752 -13.8381
v  7.4399 2.1752 -14.3495
v  8.4621 1.0313 -14.5754
v  8.4621 1.0313 -14.4383
v  8.1377 1.5621 -14.4383
v  7.6517 2.1752 -14.4373
v  -3.9377 5.1246 14.9628
v  5.9734 3.1958 -13.8266
v  6.2570 3.1958 -13.7005
v  7.6792 3.1958 -13.7005
v  7.9629 3.1958 -13.8266
v  8.0917 3.1958 -14.1377
v  7.9629 3.1958 -14.4487
v  7.6792 3.1958 -14.5748
v  6.2570 3.1958 -14.5748
v  5.9734 3.1958 -14.4487
v  5.8445 3.1958 -14.1377
v  8.0307 0.5999 -14.4383
v  8.0307 0.5999 -14.5754
v  8.1571 0.2949 -14.4383
v  8.7672 0.9050 -14.4383
v  8.8935 0.5999 -14.4383
v  8.4621 0.1685 -14.4383
v  8.7672 0.2949 -14.4383
v  8.7680 0.9050 -14.5754
v  8.8935 0.5999 -14.5754
v  8.7672 0.2949 -14.5754
v  8.4621 0.1685 -14.5754
v  8.1579 0.2949 -14.5754
v  -3.9377 5.1246 16.5064
v  -3.9377 5.2896 16.5064
v  -3.9377 5.2896 14.6277
v  -3.9377 5.1246 14.8548
v  -3.9377 5.1246 14.6277
v  -5.7563 5.1246 14.6277
v  -5.6575 5.1246 14.8548
v  -5.7563 5.1246 16.5064
v  -4.0766 5.2896 16.2793
v  -4.0766 5.2896 14.8548
v  -5.7563 5.2896 16.5064
v  -5.3935 5.2896 16.2793
v  -5.7563 5.2904 14.6277
v  -5.3935 5.2904 14.8548
v  -5.6575 4.6876 14.8548
v  -8.3164 3.8294 14.8548
v  -8.3164 3.1952 14.8548
v  0.0001 3.1952 14.8548
v  8.3165 3.1952 14.8548
v  8.3165 3.8294 14.8548
v  -5.3935 18.4416 16.2793
v  6.5558 32.4850 -14.4796
v  6.4831 32.4850 -14.6978
v  6.5105 32.5240 -14.4723
v  6.4506 32.5240 -14.6653
v  6.2650 32.4850 -14.7705
v  6.2576 32.5240 -14.7252
v  6.2576 32.4460 -14.7252
v  6.4506 32.4460 -14.6653
v  6.5105 32.4460 -14.4723
v  -4.8180 31.6890 -8.9897
v  -4.1728 31.6890 -8.9897
v  -4.8180 31.8329 -9.2389
v  -4.1728 31.8329 -9.2389
v  -4.8180 31.6890 -9.4880
v  -4.1728 31.6890 -9.4880
v  -4.8180 31.4014 -9.4880
v  -4.1728 31.4014 -9.4880
v  -4.8180 31.2575 -9.2389
v  -4.1728 31.2575 -9.2389
v  -4.8180 31.4014 -8.9897
v  -4.1728 31.4014 -8.9897
v  5.0705 32.4850 -3.6805
v  5.0705 32.4460 -3.7265
v  5.0705 32.5240 -3.7265
v  5.6602 32.4850 -14.7705
v  5.6602 32.5240 -14.7246
v  5.6602 32.4460 -14.7246
v  -4.0637 12.1771 -13.2542
v  -2.5086 12.1771 -13.2542
v  -4.0637 12.1771 -14.8144
v  -2.5086 12.1771 -14.9049
v  -4.0637 12.1771 -16.5747
v  -2.5086 12.1771 -16.5747
v  -2.5086 12.1090 -16.5747
v  -2.5086 12.1090 -14.9049
v  -2.5086 12.1090 -13.2542
v  -2.5920 12.0518 -13.5482
v  -2.7149 12.0518 -13.5995
v  -2.5920 12.0518 -13.8365
v  -3.0221 12.0518 -13.5995
v  -4.0067 12.0518 -13.5482
v  -3.0221 12.0518 -13.7851
v  -4.0067 12.0518 -13.8365
v  -2.7149 12.0518 -13.7851
v  -2.6317 32.3469 -9.5171
v  -2.6317 32.0242 -9.5171
v  -2.4601 32.3469 -9.5171
v  -2.4601 32.0242 -9.5171
v  -4.0489 31.1003 -9.5171
v  -4.1734 31.2199 -9.5171
v  -3.6100 32.2349 -9.5232
v  -3.6100 32.2349 -9.9648
v  -3.6100 32.0698 -9.5232
v  -3.6100 32.0698 -9.9648
v  -4.4983 32.0698 -9.5232
v  -4.4983 32.0698 -9.9648
v  -4.4983 32.2349 -9.5232
v  -4.4983 32.2349 -9.9648
v  -2.5920 12.1090 -13.8365
v  -4.0637 12.1090 -13.8365
v  -4.0637 10.8302 -13.8365
v  -4.0067 10.8302 -13.8365
v  0.1553 25.3805 -6.3481
v  0.1553 25.6505 -6.3481
v  -0.2189 26.9216 -6.8777
v  -0.0729 26.9216 -6.8777
v  -0.0729 25.8348 -6.7439
v  0.0731 25.8348 -6.7439
v  0.2190 26.9216 -6.8777
v  0.0731 26.9216 -6.8777
v  7.6791 2.8947 15.0658
v  7.9628 2.8947 15.1919
v  8.0916 2.8947 15.5029
v  7.9628 2.8947 15.8140
v  7.6791 2.8947 15.9401
v  6.2569 2.8947 15.9401
v  5.9732 2.8947 15.8140
v  5.8444 2.8947 15.5029
v  5.9732 2.8947 15.1919
v  6.2569 2.8947 15.0658
v  -4.0637 12.1090 -16.5747
v  -4.0637 12.1090 -13.2542
v  -4.0637 10.8983 -14.5311
v  -4.0637 10.8983 -14.8194
v  -2.5920 12.1090 -13.5482
v  -4.0637 12.1090 -13.5482
v  5.9734 3.1958 15.1919
v  5.8445 3.1958 15.5029
v  5.9734 3.1958 15.8140
v  6.2570 3.1958 15.9401
v  7.6792 3.1958 15.9401
v  7.9629 3.1958 15.8140
v  8.0917 3.1958 15.5029
v  7.9629 3.1958 15.1919
v  7.6792 3.1958 15.0658
v  6.2570 3.1958 15.0658
v  0.2190 26.9216 -5.8184
v  0.0731 26.9216 -5.8184
v  0.0731 25.8348 -5.9521
v  -0.0729 25.8348 -5.9521
v  -0.2189 26.9216 -5.8184
v  -0.0729 26.9216 -5.8184
v  -0.2189 27.1701 -6.6578
v  -0.2189 27.1701 -6.0383
v  -1.3955 34.8399 -14.2734
v  -1.4409 34.7982 -14.2661
v  -1.4708 34.8399 -14.4993
v  -1.5033 34.7982 -14.4667
v  -1.6967 34.8399 -14.5746
v  -1.7040 34.7982 -14.5292
v  -1.5033 34.8817 -14.4667
v  -1.7040 34.8817 -14.5292
v  -1.4409 34.8817 -14.2661
v  -1.4409 34.8817 -13.1113
v  -1.4409 34.7982 -13.1113
v  -1.3955 34.8399 -13.1039
v  -1.3955 34.1242 -14.2734
v  -1.4409 34.0825 -14.2661
v  -1.4708 34.1242 -14.4993
v  -1.5033 34.0825 -14.4668
v  -1.6967 34.1242 -14.5746
v  -1.7040 34.0825 -14.5292
v  -1.5033 34.1660 -14.4668
v  -1.7040 34.1660 -14.5292
v  -1.4409 34.1660 -14.2661
v  -2.9821 34.8399 -4.0925
v  -2.9367 34.7982 -4.0999
v  -2.9068 34.8399 -3.8667
v  -2.8743 34.7982 -3.8992
v  -2.6809 34.8399 -3.7914
v  -2.6736 34.7982 -3.8368
v  -2.8743 34.8817 -3.8992
v  -2.6736 34.8817 -3.8368
v  -2.9367 34.8817 -4.0999
v  -2.9821 34.1242 -4.0925
v  -2.9367 34.0825 -4.0999
v  -2.9068 34.1242 -3.8667
v  -2.8743 34.0825 -3.8992
v  -2.6809 34.1242 -3.7914
v  -2.6736 34.0825 -3.8368
v  -2.8743 34.1660 -3.8992
v  -2.6736 34.1660 -3.8368
v  -2.9367 34.1660 -4.0999
v  -4.0043 11.3311 -13.7851
v  -4.0043 11.1044 -13.7851
v  -4.0067 10.8302 -13.5482
v  -4.0043 11.1044 -13.5995
v  -4.0043 11.3311 -13.5995
v  -4.0637 10.8302 -13.5482
v  -4.0637 10.8983 -13.5482
v  -4.0637 10.8983 -13.8365
v  -3.6100 32.9139 -9.9648
v  -3.7401 32.9139 -10.2789
v  -3.7401 32.9139 -9.6507
v  -4.0541 32.9139 -10.4090
v  -4.0541 32.9139 -9.5206
v  -4.3682 32.9139 -10.2789
v  -4.3682 32.9139 -9.6507
v  -4.4983 32.9139 -9.9648
v  -4.0541 31.9532 -10.4090
v  -3.7401 31.9532 -10.2789
v  -3.6100 31.9532 -9.9648
v  -3.7401 31.9532 -9.6507
v  -4.0541 31.9532 -9.5206
v  -4.3682 31.9532 -9.6507
v  -4.4983 31.9532 -9.9648
v  -4.3682 31.9532 -10.2789
v  -2.7866 33.1711 -13.3381
v  -2.7866 33.1711 -13.2695
v  -4.0645 31.4515 -13.3381
v  -4.0645 31.4515 -13.2695
v  -3.1493 33.1711 -13.3381
v  -4.4271 31.4515 -13.3381
v  -2.7866 33.1711 -14.3624
v  -2.7866 33.1711 -14.2938
v  -4.0645 31.4515 -14.3624
v  -4.0645 31.4515 -14.2938
v  -3.1493 33.1711 -14.3624
v  -4.4271 31.4515 -14.3624
v  -4.4271 31.4515 -13.2695
v  -3.1493 33.1711 -13.2695
v  -4.4271 31.4515 -14.2938
v  -3.1493 33.1711 -14.2938
v  -3.1431 32.7989 -13.3042
v  -3.1431 32.7385 -13.3042
v  -3.1431 32.7989 -14.3061
v  -3.1431 32.7385 -14.3061
v  -3.4196 32.7989 -13.3042
v  -3.4196 32.7989 -14.3061
v  -3.4196 32.7385 -13.3042
v  -3.4196 32.7385 -14.3061
v  -3.4353 32.4057 -13.3042
v  -3.4353 32.3453 -13.3042
v  -3.4353 32.4057 -14.3061
v  -3.4353 32.3453 -14.3061
v  -3.7119 32.4057 -13.3042
v  -3.7119 32.4057 -14.3061
v  -3.7119 32.3453 -13.3042
v  -3.7119 32.3453 -14.3061
v  -3.7313 32.0073 -13.3042
v  -3.7313 31.9470 -13.3042
v  -3.7313 32.0073 -14.3061
v  -3.7313 31.9470 -14.3061
v  -4.0079 32.0073 -13.3042
v  -4.0079 32.0073 -14.3061
v  -4.0079 31.9470 -13.3042
v  -4.0079 31.9470 -14.3061
v  -0.0729 27.1701 -6.6578
v  -0.0729 27.1701 -6.0383
v  0.0731 27.1701 -6.0383
v  0.0731 27.1701 -6.6578
v  0.2190 27.1701 -6.0383
v  0.2190 27.1701 -6.6578
v  -4.3682 32.0698 -10.2789
v  -4.5705 32.0698 -9.6023
v  -4.6713 32.0698 -9.5241
v  -4.6706 32.0698 -9.6032
v  -3.7401 32.0698 -10.2789
v  -4.0541 32.0698 -10.4090
v  -4.5705 32.2349 -9.6023
v  -4.6706 32.2349 -9.6032
v  -4.6713 32.2349 -9.5241
v  5.1688 0.2949 15.8035
v  5.0425 0.5999 15.8035
v  5.4739 0.1685 15.8035
v  5.1688 0.9050 15.8035
v  5.7789 0.2949 15.8035
v  5.9053 0.5999 15.8035
v  5.9053 0.5999 15.9406
v  5.3936 18.4416 16.2793
v  -3.7401 32.2349 -10.2789
v  -4.3682 32.2349 -10.2789
v  -4.0541 32.2349 -10.4090
v  5.1688 0.9050 15.9406
v  5.0425 0.5999 15.9406
v  5.1688 0.2949 15.9406
v  5.4739 0.1685 15.9406
v  5.7789 0.2949 15.9406
v  5.7156 20.8001 -16.2419
v  5.6724 20.8001 -16.3714
v  5.6802 20.8269 -16.2361
v  5.6471 20.8269 -16.3461
v  5.5429 20.8001 -16.4146
v  5.5372 20.8269 -16.3792
v  5.6471 20.7734 -16.3461
v  5.5372 20.7734 -16.3792
v  5.6802 20.7734 -16.2361
v  4.3349 20.8001 -14.9809
v  4.3349 20.7734 -15.0168
v  4.3349 20.8269 -15.0168
v  5.4835 21.4644 -14.9847
v  5.5121 21.4644 -15.0342
v  5.4835 19.8804 -14.9847
v  5.5121 19.8804 -15.0342
v  5.5406 21.4644 -14.9847
v  5.5406 19.8804 -14.9847
v  4.1761 21.4644 -15.0342
v  4.2047 21.4644 -14.9847
v  4.1761 19.8804 -15.0342
v  4.2047 19.8804 -14.9847
v  4.1476 21.4644 -14.9847
v  4.1476 19.8804 -14.9847
v  2.9802 21.4644 -15.0342
v  3.0088 21.4644 -14.9847
v  2.9802 19.8804 -15.0342
v  3.0088 19.8804 -14.9847
v  2.9517 21.4644 -14.9847
v  2.9517 19.8804 -14.9847
v  2.7776 19.8804 -15.1227
v  2.8348 19.8804 -15.1227
v  2.7776 21.4644 -15.1227
v  2.8348 21.4644 -15.1227
v  2.8062 19.8804 -15.1722
v  2.8062 21.4644 -15.1722
v  -1.4409 34.0825 -13.1113
v  -1.3955 34.1242 -13.1039
v  -1.4409 34.1660 -13.1113
v  1.4410 34.8817 -14.2661
v  1.3957 34.8399 -14.2734
v  1.4410 34.8817 -13.1113
v  1.3957 34.8399 -13.1039
v  1.4410 34.7982 -14.2661
v  1.4410 34.7982 -13.1113
v  1.5034 34.7982 -14.4667
v  1.5034 34.8817 -14.4667
v  1.4709 34.8399 -14.4993
v  1.4492 34.8817 -12.7870
v  -1.4491 34.8817 -12.7870
v  1.4492 34.7982 -12.7870
v  -1.4491 34.7982 -12.7870
v  -1.4565 34.8399 -12.8324
v  1.4566 34.8399 -12.8324
v  -2.9912 34.8817 -14.5168
v  -2.9986 34.8399 -14.5621
v  -2.9912 34.7982 -14.5168
v  0.9625 34.1660 -11.4260
v  -0.9624 34.1660 -11.4260
v  0.9625 34.0825 -11.4260
v  -0.9624 34.0825 -11.4260
v  0.9699 34.1242 -11.4714
v  -0.9698 34.1242 -11.4714
v  0.9625 34.8817 -11.4260
v  -0.9624 34.8817 -11.4260
v  0.9625 34.7982 -11.4260
v  -0.9624 34.7982 -11.4260
v  0.9699 34.8399 -11.4714
v  -0.9698 34.8399 -11.4714
v  0.9625 34.1660 -9.4028
v  -0.9624 34.1660 -9.4028
v  0.9625 34.0825 -9.4028
v  -0.9624 34.0825 -9.4028
v  0.9699 34.1242 -9.4482
v  -0.9698 34.1242 -9.4482
v  0.9625 34.8817 -9.4028
v  -0.9624 34.8817 -9.4028
v  0.9625 34.7982 -9.4028
v  -0.9624 34.7982 -9.4028
v  0.9699 34.8399 -9.4482
v  -0.9698 34.8399 -9.4482
v  -2.9367 34.1660 -12.9517
v  -2.9367 34.0825 -12.9517
v  -2.9821 34.1242 -12.9558
v  1.4492 34.0825 -12.7870
v  1.4492 34.1660 -12.7870
v  -1.4491 34.0825 -12.7870
v  -1.4491 34.1660 -12.7870
v  1.4566 34.1242 -12.8324
v  -1.4565 34.1242 -12.8324
v  -2.9912 34.1660 -14.5168
v  -2.9986 34.1242 -14.5621
v  -2.9912 34.0825 -14.5168
v  -2.9821 34.8399 -12.9558
v  -2.9367 34.8817 -12.9517
v  -2.9367 34.7982 -12.9517
# 4307 vertices

vn 0.0000 -0.0000 -1.0000
vn -0.7751 0.6319 -0.0000
vn -0.9750 0.2220 -0.0000
vn -1.0000 0.0000 -0.0000
vn 1.0000 0.0000 -0.0000
vn 0.0000 0.0000 1.0000
vn 0.0000 1.0000 -0.0000
vn -0.0000 1.0000 0.0000
vn 0.0000 1.0000 0.0000
vn 0.0000 -1.0000 0.0000
vn 0.0000 -1.0000 -0.0000
vn -0.0000 -1.0000 -0.0000
vn -0.0003 1.0000 0.0001
vn -0.0002 1.0000 0.0002
vn -0.0002 1.0000 0.0003
vn -0.0001 1.0000 0.0002
vn -0.0000 1.0000 0.0001
vn -0.0001 1.0000 -0.0001
vn 0.0000 -0.0097 -1.0000
vn -0.3072 0.9517 -0.0000
vn -0.3072 0.9517 0.0000
vn 0.7751 0.6319 -0.0000
vn 0.9750 0.2220 -0.0000
vn 0.0004 1.0000 -0.0001
vn 0.0003 1.0000 -0.0002
vn 0.0002 1.0000 -0.0003
vn 0.0001 1.0000 -0.0002
vn 0.0000 1.0000 -0.0001
vn 0.0001 1.0000 0.0001
vn -0.0000 -0.0097 1.0000
vn 0.3072 0.9517 0.0000
vn 0.3072 0.9517 -0.0000
vn 0.0000 -0.0097 1.0000
vn -0.0004 -0.7125 -0.7016
vn -0.2070 -0.9782 0.0140
vn -0.2069 -0.9783 0.0131
vn -0.2057 -0.9786 0.0009
vn -0.2056 -0.9786 0.0000
vn -0.0213 -0.9998 0.0000
vn -0.2070 -0.9783 0.0000
vn -0.0004 -0.7125 0.7016
vn -0.0006 -1.0000 -0.0000
vn -0.0006 -1.0000 0.0000
vn -0.0000 -0.0127 -0.9999
vn -0.0000 -0.0127 0.9999
vn 0.0004 -0.7125 -0.7016
vn 0.2056 -0.9786 0.0000
vn 0.2069 -0.9783 0.0131
vn 0.2057 -0.9786 0.0009
vn 0.2070 -0.9782 0.0140
vn 0.0213 -0.9998 0.0000
vn 0.2070 -0.9783 0.0000
vn 0.0004 -0.7125 0.7016
vn 0.0006 -1.0000 0.0000
vn 0.0006 -1.0000 -0.0000
vn 0.0004 1.0000 0.0000
vn 0.0000 -0.0127 -0.9999
vn 0.0000 -0.0127 0.9999
vn -0.8660 -0.0093 0.4999
vn -0.8704 0.0092 -0.4922
vn -0.8615 0.0095 -0.5076
vn 0.8704 0.0092 -0.4922
vn 0.8615 0.0095 -0.5076
vn 0.8660 -0.0093 0.4999
vn 0.0000 -0.0102 -0.9999
vn 0.8636 -0.0051 -0.5042
vn 0.8684 -0.0050 -0.4958
vn 0.0000 0.0102 0.9999
vn -0.8661 0.0051 0.4999
vn 0.8661 -0.0000 -0.5000
vn -0.0001 0.0000 1.0000
vn -0.8661 0.0000 0.4999
vn -0.8660 -0.0000 -0.5000
vn 0.8660 0.0000 0.5001
vn 0.8660 -0.0000 -0.5000
vn -0.8662 0.0000 0.4997
vn -0.8660 -0.0000 -0.5001
vn 0.8661 0.0000 0.4999
vn -0.3082 0.9513 -0.0000
vn 0.3082 0.9513 -0.0000
vn -1.0000 0.0051 -0.0000
vn 1.0000 0.0050 -0.0000
vn -1.0000 0.0050 -0.0000
vn 0.3081 0.9513 -0.0000
vn -0.3081 0.9513 -0.0000
vn 0.8660 -0.0000 -0.5001
vn 0.8661 0.0000 0.5000
vn -0.8659 0.0000 0.5002
vn -0.8663 -0.0000 -0.4996
vn 0.8661 -0.0000 -0.4998
vn -0.8661 0.0000 0.5000
vn -0.8660 0.0000 0.5001
vn -0.0000 -0.0000 -1.0000
vn -0.8661 -0.0000 -0.4998
vn -0.0003 -0.0000 -1.0000
vn 0.3378 -0.0000 -0.9412
vn 0.0898 -0.9640 -0.2502
vn 0.7071 -0.0000 -0.7071
vn 0.0749 -0.9944 -0.0749
vn -0.3415 0.0001 0.9399
vn -0.7090 0.0017 0.7052
vn 0.9412 -0.0000 -0.3378
vn 0.2515 -0.9636 -0.0902
vn -0.9376 0.0035 0.3476
vn -0.6991 0.6653 0.2619
vn -0.5227 0.6807 0.5133
vn -0.2501 0.6720 0.6970
vn -0.0003 1.0000 -0.0002
vn -0.0002 1.0000 -0.0003
vn -0.0001 1.0000 -0.0002
vn -0.0000 1.0000 -0.0001
vn -0.0001 1.0000 0.0001
vn -0.0004 1.0000 -0.0001
vn 0.9413 0.0000 0.3376
vn 0.2516 -0.9636 0.0903
vn 0.7071 0.0000 0.7071
vn 0.0750 -0.9944 0.0748
vn -0.9399 -0.0000 -0.3413
vn -0.7052 0.0016 -0.7090
vn 0.3378 0.0000 0.9412
vn 0.0897 -0.9641 0.2500
vn -0.3474 0.0033 -0.9377
vn -0.2619 0.6650 -0.6995
vn -0.5134 0.6806 -0.5227
vn -0.6972 0.6718 -0.2501
vn 0.0003 -0.0000 -1.0000
vn 0.0001 -0.9315 -0.3637
vn -0.0002 -0.9597 -0.2810
vn -0.0005 0.0001 1.0000
vn -0.0004 0.6779 0.7351
vn -0.0002 0.6738 0.7389
vn -0.7395 -0.6731 -0.0000
vn -1.0000 0.0001 -0.0000
vn -0.7395 -0.6732 0.0000
vn -1.0000 0.0000 0.0000
vn 0.2789 0.9603 -0.0000
vn 0.2788 0.9603 0.0000
vn -0.0004 0.6732 -0.7394
vn -0.0002 0.9598 0.2805
vn -0.0002 0.6779 -0.7352
vn 0.0001 0.9315 0.3638
vn 0.0001 -0.9599 0.2804
vn -0.0002 -0.9315 0.3637
vn -0.0002 -0.6733 -0.7393
vn -0.0004 -0.6780 -0.7351
vn -0.3415 0.0000 0.9399
vn -0.9376 0.0034 0.3476
vn -0.6992 0.6653 0.2619
vn -0.5228 0.6806 0.5133
vn -0.2501 0.6720 0.6971
vn 0.2516 -0.9636 0.0902
vn 0.0749 -0.9944 0.0748
vn -0.9399 0.0000 -0.3413
vn -0.7052 0.0017 -0.7090
vn 0.0897 -0.9641 0.2499
vn -0.3474 0.0034 -0.9377
vn -0.0004 1.0000 0.0000
vn -0.0004 0.6779 0.7352
vn -0.0002 0.6738 0.7390
vn 0.2789 0.9603 0.0000
vn -0.0002 -0.6733 -0.7394
vn -0.0004 -0.6779 -0.7351
vn 0.3725 -0.9265 0.0536
vn 0.1271 -0.9838 0.1266
vn 0.3720 0.9266 0.0550
vn 0.1350 0.9839 0.1169
vn -0.5951 -0.7985 -0.0905
vn -0.5992 -0.8006 0.0022
vn -0.4228 -0.8017 -0.4226
vn -0.1803 -0.7920 -0.5832
vn 0.1117 -0.9221 0.3705
vn 0.0938 0.9246 0.3692
vn -0.4156 0.8055 -0.4224
vn -0.5945 0.7991 -0.0894
vn -0.1906 0.7979 -0.5719
vn 0.4500 0.8930 -0.0048
vn 0.4508 -0.8926 -0.0023
vn -0.5976 0.8018 -0.0000
vn 0.1175 0.9838 -0.1351
vn 0.1175 -0.9839 -0.1350
vn 0.3712 0.9275 -0.0434
vn 0.3703 -0.9278 -0.0452
vn 0.1118 0.9220 -0.3707
vn 0.1117 -0.9220 -0.3707
vn -0.1801 -0.7924 0.5828
vn -0.4221 -0.8059 0.4152
vn -0.5891 -0.8026 0.0943
vn -0.5977 -0.8017 0.0000
vn 0.4509 -0.8925 0.0069
vn 0.4522 0.8919 0.0036
vn -0.5997 0.8002 -0.0028
vn -0.5899 0.8018 0.0956
vn -0.4220 0.8059 0.4152
vn -0.1801 0.7925 0.5827
vn -0.1173 -0.9839 -0.1351
vn -0.1173 0.9839 -0.1351
vn -0.3695 -0.9245 -0.0941
vn -0.3695 0.9244 -0.0941
vn 0.5717 -0.7980 0.1906
vn 0.4221 -0.8058 0.4154
vn 0.0896 -0.7990 0.5946
vn -0.0552 -0.9264 -0.3724
vn -0.0542 0.9263 -0.3728
vn 0.0000 -0.8019 0.5975
vn 0.0033 -0.8932 -0.4496
vn 0.0015 0.8929 -0.4502
vn -0.0016 0.8012 0.5984
vn 0.0904 0.7987 0.5949
vn 0.4221 0.8058 0.4153
vn 0.5716 0.7981 0.1905
vn -0.0005 -0.0000 -1.0000
vn 0.8661 0.0000 0.4998
vn 0.0002 -0.0000 -1.0000
vn 0.3719 0.9266 0.0549
vn 0.1350 0.9839 0.1168
vn -0.4157 0.8054 -0.4225
vn -0.1907 0.7978 -0.5720
vn -0.5977 0.8017 -0.0000
vn 0.1175 0.9839 -0.1350
vn 0.3712 0.9276 -0.0434
vn 0.1117 0.9220 -0.3707
vn 0.4521 0.8919 0.0036
vn -0.5998 0.8002 -0.0028
vn -0.4221 0.8059 0.4152
vn -0.1801 0.7924 0.5828
vn -0.3695 0.9245 -0.0941
vn 0.0015 0.8930 -0.4502
vn -0.0016 0.8011 0.5985
vn 0.0904 0.7986 0.5950
vn 0.4221 0.8058 0.4154
vn 0.5717 0.7980 0.1906
vn 0.5714 0.7982 -0.1906
vn 0.4227 0.8054 -0.4156
vn -0.3707 0.9240 0.0942
vn -0.1171 0.9840 0.1346
vn 0.1803 0.7921 -0.5832
vn -0.1118 0.9218 0.3711
vn -0.1270 -0.9838 0.1267
vn -0.1118 -0.9218 0.3711
vn 0.1803 -0.7921 -0.5832
vn 0.4228 -0.8016 -0.4227
vn 0.5828 -0.7924 -0.1802
vn -0.3720 -0.9214 0.1121
vn 0.0000 -0.7982 0.6024
vn -0.0004 -0.9273 -0.3743
vn 0.0002 -0.8018 0.5976
vn -0.0001 -0.8936 -0.4488
vn -0.0001 0.9273 -0.3742
vn -0.0004 0.8937 -0.4487
vn 0.0002 0.7983 0.6023
vn 0.0000 0.8019 0.5975
vn 0.0000 -0.9274 0.3740
vn 0.0000 -0.9276 0.3735
vn 0.0000 0.0000 -1.0000
vn 0.0000 0.7979 -0.6028
vn 0.6026 0.7980 0.0000
vn -0.3730 0.9278 0.0000
vn -0.3740 0.9274 0.0000
vn -0.3730 -0.9278 -0.0000
vn -0.3740 -0.9274 -0.0000
vn 0.6026 -0.7980 -0.0000
vn -0.8975 -0.0001 0.4410
vn 0.1721 0.9674 -0.1858
vn -0.9911 0.0002 -0.1333
vn 0.3032 0.9521 0.0391
vn 0.9912 0.0000 0.1326
vn 0.8652 0.0000 0.5015
vn 0.9301 -0.0000 -0.3674
vn -0.8649 0.0002 -0.5019
vn -0.6185 -0.6985 -0.3600
vn -0.7099 -0.6979 -0.0950
vn -0.6117 -0.7773 0.1469
vn -0.3946 -0.8411 0.3700
vn -0.7295 -0.0000 0.6840
vn 0.3037 0.9092 -0.2847
vn 0.7295 -0.0000 -0.6840
vn -0.1152 0.9731 0.1997
vn -0.5000 0.0000 0.8660
vn -0.2012 0.9728 0.1145
vn -0.0000 0.9731 0.2304
vn 0.5000 0.0000 0.8660
vn 0.1154 0.9730 0.1997
vn 0.2006 0.9728 0.1159
vn -0.5000 -0.0001 -0.8660
vn -0.3580 -0.6979 -0.6203
vn -0.0000 -0.0001 -1.0000
vn -0.0000 -0.6977 -0.7164
vn 0.5000 -0.0001 -0.8660
vn 0.3582 -0.6978 -0.6203
vn 0.8649 -0.0004 -0.5020
vn 0.6198 -0.6976 -0.3594
vn 0.7101 -0.6975 -0.0960
vn 0.9911 -0.0004 -0.1332
vn 0.6146 -0.7758 0.1432
vn 0.9016 -0.0001 0.4326
vn -0.1781 0.9666 -0.1845
vn -0.3035 0.9520 0.0405
vn 0.7419 -0.0001 0.6705
vn -0.3028 0.9130 -0.2736
vn -0.7419 -0.0000 -0.6705
vn -0.9334 -0.0000 -0.3589
vn -0.9912 0.0000 0.1324
vn -0.8652 0.0000 0.5014
vn 0.4021 -0.8404 0.3634
vn -0.8975 -0.0000 0.4410
vn -0.8649 0.0003 -0.5019
vn -0.7099 -0.6978 -0.0950
vn -0.6117 -0.7773 0.1470
vn -0.5000 -0.0000 -0.8660
vn 0.5000 -0.0000 -0.8660
vn 0.3582 -0.6977 -0.6204
vn 0.8649 -0.0003 -0.5020
vn 0.6146 -0.7757 0.1432
vn 0.4022 -0.8404 0.3634
vn 0.5006 -0.0000 -0.8657
vn 0.4996 0.0000 0.8663
vn -1.0000 -0.0000 -0.0012
vn -0.8975 0.0000 0.4410
vn -0.9911 0.0003 -0.1333
vn 0.3033 0.9521 0.0391
vn -0.7100 -0.6977 -0.0950
vn -0.6118 -0.7772 0.1470
vn -0.3946 -0.8410 0.3700
vn -0.7295 0.0000 0.6840
vn 0.7102 -0.6974 -0.0961
vn 0.9911 -0.0003 -0.1332
vn 0.6147 -0.7757 0.1433
vn 0.9016 0.0000 0.4326
vn 0.7419 0.0000 0.6705
vn -0.3028 0.9129 -0.2736
vn 0.4022 -0.8403 0.3635
vn 0.5002 0.0000 0.8659
vn -1.0000 -0.0000 -0.0000
vn 0.5002 -0.0000 -0.8659
vn 0.5001 -0.0000 -0.8660
vn -1.0000 -0.0000 -0.0004
vn 0.4997 0.0000 0.8662
vn 0.4998 0.0000 0.8661
vn 0.7419 -0.0000 0.6705
vn 0.9016 -0.0000 0.4326
vn -0.6185 -0.6985 -0.3599
vn -0.3580 -0.6980 -0.6202
vn -0.0000 0.0000 1.0000
vn -0.3947 -0.8410 0.3701
vn -0.7295 0.0001 0.6840
vn -0.0000 -0.6978 -0.7163
vn 0.6198 -0.6977 -0.3593
vn 0.4998 -0.0000 -0.8661
vn -1.0000 0.0000 0.0004
vn 0.4999 0.0000 0.8661
vn 0.5003 -0.0000 -0.8659
vn 0.4023 -0.8403 0.3635
vn 0.6147 -0.7756 0.1433
vn 0.7419 0.0001 0.6705
vn 0.9016 0.0001 0.4326
vn -0.2013 0.9728 0.1146
vn 0.9911 -0.0002 -0.1332
vn 0.8649 -0.0002 -0.5020
vn -0.1153 0.9730 0.1997
vn 0.5000 0.0001 -0.8660
vn -0.0000 0.9731 0.2305
vn -0.0000 0.0001 -1.0000
vn 0.1155 0.9730 0.1997
vn -0.5000 0.0001 -0.8660
vn 0.2007 0.9728 0.1160
vn -0.8649 0.0004 -0.5019
vn -0.6186 -0.6984 -0.3600
vn -0.3581 -0.6978 -0.6204
vn -0.9911 0.0004 -0.1333
vn -0.8975 0.0001 0.4410
vn 0.1722 0.9674 -0.1859
vn -0.7101 -0.6977 -0.0950
vn 0.3037 0.9092 -0.2848
vn -0.0000 -0.6976 -0.7165
vn 0.6199 -0.6975 -0.3594
vn 0.5000 0.0000 -0.8660
vn -0.0000 0.0000 -1.0000
vn -0.5000 0.0000 -0.8660
vn -0.6185 -0.6984 -0.3600
vn -0.9911 0.0002 -0.1332
vn -0.6425 -0.7357 -0.2142
vn -0.4757 -0.7437 -0.4697
vn 0.3194 -0.9439 0.0835
vn 0.0827 -0.9918 0.0979
vn -0.2052 -0.7307 -0.6511
vn 0.0994 -0.9423 0.3197
vn 0.0907 0.9917 0.0909
vn 0.0994 0.9423 0.3197
vn -0.2052 0.7308 -0.6511
vn -0.4754 0.7403 -0.4754
vn -0.6512 0.7306 -0.2053
vn 0.3200 0.9422 0.0995
vn -0.6773 0.7357 -0.0000
vn 0.3242 -0.9460 0.0000
vn -0.0096 0.0000 1.0000
vn -0.0031 -0.9474 0.3200
vn -0.0032 -0.9442 0.3293
vn 0.0096 -0.0000 -1.0000
vn 0.0065 0.7355 -0.6775
vn 0.0065 0.7362 -0.6767
vn -0.0031 -0.9474 0.3199
vn 0.0096 0.0000 -1.0000
vn 0.6421 -0.7361 0.2140
vn 0.4755 -0.7440 0.4694
vn -0.3195 -0.9439 -0.0836
vn -0.0830 -0.9917 -0.0979
vn 0.2052 -0.7308 0.6510
vn -0.0994 -0.9423 -0.3197
vn -0.0910 0.9917 -0.0909
vn -0.0994 0.9423 -0.3197
vn 0.2052 0.7308 0.6510
vn 0.4752 0.7405 0.4752
vn 0.6509 0.7309 0.2052
vn -0.3201 0.9421 -0.0996
vn 0.6422 -0.7360 0.2141
vn 0.4756 -0.7439 0.4695
vn -0.0830 -0.9917 -0.0978
vn 0.2052 -0.7307 0.6511
vn 0.6770 -0.7360 0.0000
vn -0.3572 -0.9340 0.0000
vn -0.3245 -0.9459 0.0000
vn -0.3572 0.9340 -0.0000
vn -0.3245 0.9459 -0.0000
vn 0.6770 0.7360 -0.0000
vn 1.0000 -0.0000 0.0000
vn 0.3417 -0.9398 0.0000
vn 0.3413 -0.9400 0.0000
vn -0.6522 0.7580 -0.0000
vn -1.0000 -0.0000 0.0000
vn -0.6523 0.7580 -0.0000
vn 0.8658 -0.0000 -0.5004
vn -0.8661 0.0000 0.4998
vn -0.8658 -0.0000 -0.5004
vn -0.8658 0.0000 0.5004
vn -0.8664 -0.0000 -0.4993
vn 0.1930 -0.7590 0.6219
vn 0.4611 -0.7650 0.4497
vn 0.3002 0.0000 0.9539
vn 0.9513 -0.0038 0.3081
vn 0.7094 -0.0017 0.7048
vn 0.6250 -0.7530 0.2061
vn -0.1042 0.9891 -0.1041
vn -0.3366 0.9358 -0.1044
vn -0.9551 -0.0000 -0.2962
vn -0.7072 -0.0000 -0.7071
vn -0.2964 -0.0000 -0.9551
vn -0.1043 0.9361 -0.3360
vn -0.0002 -0.0000 -1.0000
vn 0.8663 -0.0000 -0.4996
vn 0.0006 -0.0000 -1.0000
vn 0.8664 -0.0000 -0.4993
vn -0.6754 0.5422 0.4998
vn -0.6753 0.5422 0.4999
vn 0.0001 -0.0001 -1.0000
vn 0.6755 -0.5423 -0.4997
vn 0.6753 -0.5421 -0.5001
vn -0.6753 0.5422 0.5000
vn -0.0001 0.0001 -1.0000
vn 0.7094 -0.0018 0.7048
vn -0.1041 0.9891 -0.1040
vn -0.3366 0.9359 -0.1044
vn -0.9197 -0.0000 -0.3927
vn -0.7033 -0.0000 -0.7109
vn 0.7033 -0.0000 -0.7109
vn 0.9197 -0.0000 -0.3927
vn 1.0000 0.0001 0.0003
vn 1.0000 0.0000 0.0002
vn 1.0000 -0.0004 0.0004
vn 1.0000 0.0003 0.0001
vn 1.0000 0.0003 -0.0001
vn 1.0000 0.0001 -0.0003
vn 1.0000 0.0000 -0.0002
vn 1.0000 -0.0004 -0.0004
vn -1.0000 -0.0000 -0.0005
vn -1.0000 0.0000 0.0005
vn -1.0000 0.0000 -0.0002
vn -1.0000 -0.0004 -0.0004
vn -1.0000 0.0001 -0.0002
vn -1.0000 0.0003 -0.0001
vn -1.0000 0.0001 0.0002
vn -1.0000 0.0003 0.0001
vn -1.0000 0.0000 0.0002
vn -1.0000 -0.0004 0.0004
vn 1.0000 -0.0000 -0.0005
vn -0.6754 -0.5422 -0.4999
vn -0.0002 -0.0001 -1.0000
vn -0.0001 -0.0001 -1.0000
vn 0.6753 0.5421 0.5001
vn 0.6754 0.5422 0.4999
vn 1.0000 0.0000 0.0005
vn 0.0000 0.8660 -0.5000
vn 0.0000 0.5000 0.8660
vn 0.0000 -0.5000 0.8660
vn 0.0000 -0.5000 -0.8660
vn -0.6754 -0.5422 -0.4998
vn -0.0001 -0.0000 -1.0000
vn -0.7071 0.0000 0.7071
vn -0.9239 -0.0000 -0.3827
vn -0.3826 -0.0000 -0.9239
vn 1.0000 -0.0000 -0.0000
vn 1.0000 0.0000 0.0000
vn 0.9197 0.0000 0.3926
vn 0.7033 0.0000 0.7109
vn -0.7033 0.0000 0.7109
vn -0.9197 0.0000 0.3926
vn 0.0021 0.0032 -1.0000
vn 0.0308 0.0012 -0.9995
vn -0.0021 0.0032 -1.0000
vn 0.0297 -0.0033 -0.9996
vn 0.0056 -0.0078 -1.0000
vn -0.0297 -0.0033 -0.9996
vn -0.0056 -0.0078 -1.0000
vn -0.0308 0.0012 -0.9995
vn -0.0002 -1.0000 -0.0000
vn 0.0309 0.0012 -0.9995
vn 0.8659 0.0000 0.5002
vn -0.4611 -0.7650 0.4497
vn -0.7095 -0.0017 0.7047
vn -0.6251 -0.7528 0.2060
vn -0.9514 -0.0037 0.3080
vn 0.1041 0.9891 -0.1041
vn 0.3366 0.9358 -0.1044
vn 0.9551 -0.0000 -0.2961
vn 0.7072 -0.0000 -0.7070
vn 0.2964 -0.0000 -0.9551
vn 0.1043 0.9361 -0.3360
vn -0.3002 0.0000 0.9539
vn -0.1930 -0.7590 0.6219
vn -0.6188 0.7580 -0.2062
vn 0.3354 0.9379 0.0889
vn -0.4578 0.7658 -0.4517
vn 0.0961 0.9892 0.1109
vn 0.3361 -0.9361 0.1042
vn 0.1040 -0.9891 0.1041
vn -0.6277 -0.7530 -0.1974
vn -0.4576 -0.7624 -0.4575
vn -0.1973 -0.7532 -0.6275
vn 0.1043 -0.9360 0.3362
vn 0.1043 0.9360 0.3362
vn -0.1973 0.7533 -0.6274
vn 0.0000 0.7580 0.6522
vn 0.0003 0.7625 0.6470
vn -0.0006 0.9399 -0.3416
vn -0.0002 0.9073 -0.4205
vn -0.0002 -0.9399 -0.3414
vn -0.0006 -0.9074 -0.4204
vn 0.0004 -0.7581 0.6521
vn 0.0000 -0.7626 0.6469
vn 0.0000 -0.7623 -0.6472
vn -0.0011 -0.9074 0.4203
vn 0.0006 -0.7585 -0.6517
vn -0.0003 -0.9399 0.3415
vn -0.0003 0.9399 0.3415
vn -0.0011 0.9074 0.4203
vn 0.0006 0.7585 -0.6516
vn 0.0000 0.7624 -0.6471
vn -0.7095 -0.0018 0.7047
vn -0.9514 -0.0038 0.3080
vn 0.1041 0.9891 -0.1040
vn 0.3366 0.9359 -0.1043
vn -0.6189 0.7580 -0.2062
vn 0.3354 0.9379 0.0888
vn -0.1974 -0.7532 -0.6275
vn 0.0000 0.7580 0.6523
vn -0.0006 0.9399 -0.3415
vn -0.0010 0.0000 1.0000
vn 0.0006 0.7583 -0.6519
vn 0.0000 -0.7071 0.7071
vn 0.0000 -0.0000 1.0000
vn 0.0000 0.3827 0.9239
vn 0.0000 0.9239 0.3827
vn 0.0000 0.7071 -0.7071
vn 0.0000 -0.7071 -0.7071
vn 0.6186 0.7581 -0.2062
vn 0.4577 0.7658 -0.4517
vn -0.3354 0.9379 0.0888
vn -0.0962 0.9892 0.1109
vn 0.1973 0.7533 -0.6274
vn -0.1043 0.9360 0.3362
vn -0.1043 -0.9360 0.3362
vn -0.1040 -0.9891 0.1041
vn 0.1973 -0.7532 -0.6275
vn 0.4575 -0.7624 -0.4575
vn 0.6276 -0.7531 -0.1974
vn -0.3361 -0.9360 0.1043
vn 0.0006 -0.9074 -0.4204
vn -0.0004 -0.7581 0.6521
vn 0.0002 -0.9399 -0.3414
vn 0.0002 0.9073 -0.4205
vn 0.0006 0.9399 -0.3416
vn -0.0003 0.7625 0.6470
vn 0.0011 0.9074 0.4203
vn -0.0006 0.7585 -0.6516
vn 0.0003 0.9399 0.3415
vn 0.0011 -0.9074 0.4203
vn 0.0003 -0.9399 0.3415
vn -0.0006 -0.7585 -0.6517
vn 0.6521 0.7582 -0.0000
vn -0.3414 -0.9399 0.0000
vn -0.3418 -0.9398 0.0000
vn 1.0000 -0.0000 -0.0086
vn 0.7010 -0.0000 -0.7132
vn 0.7034 -0.0000 -0.7108
vn 1.0000 -0.0000 -0.0019
vn 0.0003 -1.0000 0.0000
vn -0.8514 0.5245 -0.0000
vn -0.0027 0.7043 -0.7099
vn -0.0002 0.7046 -0.7096
vn -0.0025 0.7044 -0.7098
vn 0.0000 0.7046 -0.7096
vn 0.0024 0.7041 0.7101
vn 0.0002 0.7043 0.7099
vn 0.0022 0.7041 0.7100
vn 0.0000 0.7043 0.7099
vn -0.0001 1.0000 -0.0000
vn -0.0003 1.0000 -0.0000
vn -1.0000 -0.0003 0.0000
vn -1.0000 0.0009 -0.0000
vn -0.7071 -0.0000 -0.7071
vn 0.3826 -0.0000 -0.9239
vn 0.9239 -0.0000 -0.3827
vn -1.0000 0.0000 0.0019
vn -0.7032 0.0000 0.7110
vn -0.7007 0.0000 0.7134
vn -1.0000 0.0000 0.0089
vn 0.0000 -1.0000 -0.0053
vn 1.0000 0.0000 0.0019
vn 0.7032 0.0000 0.7110
vn 0.7008 0.0000 0.7133
vn 1.0000 0.0000 0.0086
vn 0.0026 -1.0000 -0.0035
vn 0.0000 0.7046 0.7096
vn -0.0002 0.7046 0.7096
vn -0.0022 0.7044 0.7098
vn -0.0024 0.7044 0.7098
vn 0.0000 0.7043 -0.7099
vn 0.0002 0.7043 -0.7099
vn 0.0025 0.7041 -0.7101
vn 0.0027 0.7041 -0.7101
vn 0.0307 -0.9994 0.0183
vn 1.0000 0.0009 -0.0000
vn 0.0000 0.5000 -0.8660
vn 0.0000 0.8661 0.5000
vn -0.3826 0.0000 0.9239
vn -0.9239 0.0000 0.3827
vn 0.7009 -0.0000 -0.7133
vn 1.0000 -0.0000 -0.0089
vn 0.9640 0.0000 0.2660
vn -0.9640 0.0001 -0.2660
vn -0.9640 0.0002 -0.2660
vn -1.0000 0.0002 -0.0000
vn -1.0000 -0.0000 -0.0018
vn -0.7034 -0.0000 -0.7108
vn -0.7010 -0.0000 -0.7132
vn -1.0000 -0.0000 -0.0086
vn -0.0026 -1.0000 -0.0035
vn -0.0003 -1.0000 0.0000
vn 0.8514 0.5245 -0.0000
vn 0.0002 0.7046 -0.7096
vn 0.0025 0.7044 -0.7098
vn 0.0027 0.7043 -0.7099
vn -0.0002 0.7043 0.7099
vn -0.0022 0.7041 0.7100
vn -0.0024 0.7041 0.7101
vn 0.0003 1.0000 -0.0000
vn 0.0001 1.0000 -0.0000
vn -0.0015 -1.0000 -0.0004
vn -0.0048 -1.0000 -0.0011
vn -0.0103 -0.9999 -0.0024
vn 0.0048 -1.0000 -0.0011
vn 0.0015 -1.0000 -0.0004
vn 0.0103 -0.9999 -0.0024
vn 1.0000 -0.0003 0.0000
vn -0.0307 -0.9994 0.0183
vn 1.0000 0.0000 0.0089
vn 0.7007 0.0000 0.7134
vn -1.0000 0.0000 0.0086
vn -0.7008 0.0000 0.7133
vn -1.0000 0.0000 0.0018
vn 0.0000 -1.0000 0.0001
vn 0.0001 -1.0000 0.0001
vn -0.0000 -1.0000 0.0000
vn -0.0001 -1.0000 0.0001
vn -0.0000 -1.0000 0.0001
vn 0.0024 0.7044 0.7098
vn 0.0002 0.7046 0.7096
vn 0.0022 0.7044 0.7098
vn -0.0027 0.7041 -0.7101
vn -0.0002 0.7043 -0.7099
vn -0.0025 0.7041 -0.7101
vn -0.5916 0.8062 -0.0000
vn 0.5921 -0.8058 0.0000
vn 0.0000 0.8062 0.5916
vn 0.0000 -0.8058 -0.5921
vn 0.0000 -0.7075 -0.7068
vn 0.0000 -1.0000 0.0004
vn 0.0000 -0.0001 1.0000
vn 0.0000 1.0000 0.0004
vn 0.0000 0.7074 -0.7068
vn 0.0000 -0.7074 -0.7068
vn 0.0000 0.7074 -0.7069
vn 0.0000 -0.7074 -0.7069
vn 0.0000 0.0001 1.0000
vn 0.0000 0.7075 -0.7068
vn 0.3813 0.0758 -0.9213
vn 0.0269 -0.0213 -0.9994
vn -0.0001 0.0359 -0.9994
vn -0.0269 -0.0213 -0.9994
vn -0.3814 0.0759 -0.9213
vn -0.3825 -0.0000 -0.9239
vn 0.3824 -0.0000 -0.9240
vn -0.3817 0.0760 0.9211
vn -0.0269 -0.0213 0.9994
vn -0.0001 0.0360 0.9994
vn 0.0269 -0.0213 0.9994
vn 0.3816 0.0760 0.9212
vn 0.3827 0.0000 0.9239
vn -0.3828 0.0000 0.9238
vn -0.9134 0.1498 -0.3785
vn -0.9911 0.1301 -0.0266
vn -0.9857 0.1687 -0.0000
vn -0.7071 -0.7071 0.0000
vn -0.9808 -0.1951 0.0000
vn -0.9911 0.1301 0.0266
vn -0.9134 0.1498 0.3785
vn -0.9238 0.0000 0.3828
vn -0.9238 -0.0000 -0.3828
vn 0.8026 -0.5965 0.0000
vn 0.8026 -0.5965 0.0001
vn -0.8026 0.5965 -0.0000
vn -0.8026 -0.5965 0.0000
vn 0.8026 0.5965 -0.0000
vn -0.0133 0.9556 -0.2942
vn -0.0122 0.9555 -0.2948
vn -0.0386 0.9590 -0.2809
vn 0.0133 0.9556 -0.2942
vn 0.0122 0.9555 -0.2948
vn 0.0387 0.9590 -0.2809
vn 0.0000 0.7071 0.7071
vn 0.0000 0.8793 0.4762
vn 0.0000 0.8253 0.5646
vn 0.0000 -0.6989 -0.7153
vn 0.0000 -0.5506 -0.8348
vn 0.0000 -0.7070 -0.7072
vn -0.0122 0.9557 0.2941
vn -0.0133 0.9559 0.2935
vn -0.0386 0.9592 0.2802
vn 0.0133 0.9559 0.2935
vn 0.0122 0.9557 0.2941
vn 0.0387 0.9592 0.2802
vn 0.0000 0.4886 0.8725
vn 0.0000 0.4886 -0.8725
vn 0.0000 0.3006 -0.9537
vn 0.0000 0.3010 0.9536
vn 0.0000 -0.9998 0.0212
vn -0.0000 -0.9998 0.0212
vn 0.0000 0.8793 -0.4762
vn 0.0000 0.8254 -0.5645
vn 0.0000 -0.6987 0.7154
vn 0.0000 -0.5507 0.8347
vn 0.0000 -0.9999 -0.0162
vn 0.0097 -0.9999 0.0047
vn 0.0020 -1.0000 0.0044
vn 0.0083 -1.0000 0.0046
vn 0.0000 -1.0000 0.0043
vn 0.0063 -1.0000 0.0000
vn 0.0064 -1.0000 0.0000
vn -0.0046 -1.0000 0.0000
vn -0.0019 -1.0000 -0.0008
vn -0.0040 -1.0000 -0.0002
vn -0.0016 -1.0000 -0.0009
vn -0.0122 -0.9999 0.0000
vn 0.0324 -0.9995 0.0000
vn -0.0001 -1.0000 -0.0000
vn -0.0001 -1.0000 0.0000
vn -0.0008 0.3526 -0.9358
vn -0.0000 0.0527 -0.9986
vn -0.0004 0.3526 -0.9358
vn 0.0000 0.1575 -0.9875
vn 0.0004 0.3526 -0.9358
vn 0.0007 0.3526 -0.9358
vn 0.0000 0.0527 -0.9986
vn 0.0000 -0.2522 -0.9677
vn 1.0000 -0.0017 0.0000
vn -1.0000 0.0017 -0.0000
vn 0.0000 0.3011 -0.9536
vn 0.0000 0.1523 -0.9883
vn 0.0000 0.1930 -0.9812
vn 0.0000 0.3787 -0.9255
vn -0.0020 -1.0000 0.0044
vn -0.0083 -1.0000 0.0046
vn -0.0097 -0.9999 0.0047
vn -0.0063 -1.0000 0.0000
vn 0.0016 -1.0000 -0.0009
vn 0.0019 -1.0000 -0.0008
vn 0.0040 -1.0000 -0.0002
vn 0.0046 -1.0000 0.0000
vn 0.0122 -0.9999 0.0000
vn -0.0324 -0.9995 0.0000
vn 0.0001 -1.0000 0.0000
vn 0.0001 -1.0000 -0.0000
vn -0.0000 1.0000 -0.0000
vn -1.0000 -0.0017 0.0000
vn 1.0000 0.0018 -0.0000
vn -0.9640 0.0000 0.2660
vn 1.0000 0.0001 -0.0000
vn 0.9640 0.0001 -0.2660
vn 0.0000 0.9239 -0.3827
vn 0.0000 0.1576 0.9875
vn 0.0000 -0.2521 0.9677
vn -0.0000 0.0527 0.9986
vn 0.0000 0.0527 0.9986
vn 0.0007 0.3526 0.9358
vn 0.0004 0.3526 0.9358
vn -0.0004 0.3526 0.9358
vn -0.0008 0.3526 0.9358
vn 0.0000 0.0236 -0.9997
vn 0.0000 0.3063 -0.9519
vn 0.0000 -0.2611 -0.9653
vn 0.0000 -0.7905 0.6124
vn 0.0000 -0.5877 0.8091
vn 0.0000 -0.3379 0.9412
vn 0.0000 0.0235 0.9997
vn 0.0000 -0.2612 0.9653
vn 0.0000 0.3063 0.9519
vn 0.0000 -0.3379 -0.9412
vn 0.0000 -0.5876 -0.8091
vn 0.0000 -0.7904 -0.6126
vn 1.0000 -0.0041 -0.0006
vn 1.0000 -0.0041 0.0006
vn 1.0000 0.0036 -0.0007
vn 1.0000 0.0036 0.0007
vn 0.9999 -0.0137 0.0010
vn 1.0000 -0.0056 0.0051
vn 1.0000 -0.0056 -0.0051
vn 0.9999 -0.0137 -0.0010
vn 0.9999 0.0108 -0.0014
vn 1.0000 0.0028 -0.0024
vn 1.0000 0.0028 0.0024
vn 0.9999 0.0108 0.0014
vn -1.0000 0.0001 -0.0001
vn -1.0000 0.0002 0.0004
vn -1.0000 0.0018 0.0003
vn -1.0000 -0.0014 0.0016
vn -1.0000 0.0016 0.0015
vn -1.0000 -0.0003 0.0007
vn -1.0000 -0.0022 0.0002
vn -1.0000 -0.0003 -0.0007
vn -1.0000 -0.0022 -0.0002
vn -1.0000 0.0016 -0.0015
vn -1.0000 0.0008 -0.0002
vn -0.9996 0.0277 -0.0018
vn -0.0000 -0.0000 1.0000
vn 0.0000 0.3828 0.9238
vn 0.0000 0.1952 0.9808
vn 0.0000 -0.4322 0.9018
vn 0.0000 0.3708 0.9287
vn 0.0000 0.3711 -0.9286
vn -0.0002 1.0000 -0.0000
vn 0.0000 0.1523 0.9883
vn 0.0000 0.3011 0.9536
vn 0.0000 0.1952 -0.9808
vn 0.0000 0.3828 -0.9238
vn 0.0008 0.3526 0.9358
vn -0.0000 0.1576 0.9875
vn -0.0007 0.3526 0.9358
vn 0.0000 0.3785 0.9256
vn 0.0000 0.1929 0.9812
vn 0.0000 -0.4321 -0.9018
vn 0.0000 0.3708 -0.9287
vn 0.0000 0.3711 0.9286
vn 0.0000 -0.6660 0.7460
vn 0.0000 -0.9239 0.3827
vn -0.0002 1.0000 0.0000
vn -0.0000 0.1575 -0.9875
vn 0.0008 0.3526 -0.9358
vn 0.9996 0.0267 -0.0018
vn 1.0000 0.0008 -0.0002
vn 1.0000 0.0002 0.0004
vn 1.0000 0.0017 0.0002
vn 1.0000 -0.0022 0.0002
vn 1.0000 -0.0022 -0.0002
vn 1.0000 -0.0013 0.0015
vn 1.0000 0.0016 0.0015
vn 1.0000 -0.0003 0.0007
vn 1.0000 -0.0003 -0.0007
vn 1.0000 0.0016 -0.0015
vn 1.0000 0.0001 -0.0001
vn -1.0000 0.0036 0.0007
vn -1.0000 -0.0041 0.0006
vn -1.0000 0.0036 -0.0007
vn -1.0000 -0.0041 -0.0006
vn -0.9999 -0.0137 0.0010
vn -1.0000 -0.0056 0.0051
vn -1.0000 -0.0056 -0.0051
vn -0.9999 -0.0137 -0.0010
vn -0.9999 0.0108 -0.0014
vn -1.0000 0.0028 -0.0024
vn -1.0000 0.0028 0.0024
vn -0.9999 0.0108 0.0014
vn 0.0002 1.0000 -0.0000
vn -0.9139 0.4059 -0.0000
vn -0.9782 0.2075 -0.0000
vn 0.9139 0.4060 -0.0000
vn 0.9782 0.2075 -0.0000
vn 1.0000 -0.0001 0.0000
vn 1.0000 -0.0000 0.0001
vn 1.0000 -0.0001 0.0001
vn 1.0000 0.0000 0.0001
vn 0.0002 1.0000 0.0000
vn 0.0000 0.2974 -0.9548
vn 0.0000 0.5679 -0.8231
vn 0.0000 0.5678 0.8231
vn 0.0000 0.2974 0.9548
vn 0.0000 0.0003 1.0000
vn 0.0000 -0.1646 0.9864
vn 0.0000 -0.3250 0.9457
vn 0.6220 -0.6220 -0.4756
vn 0.7557 -0.4363 -0.4884
vn 0.6221 -0.6220 0.4755
vn 0.3282 -0.3282 -0.8858
vn 0.3282 -0.3282 0.8858
vn 0.7557 -0.4363 0.4884
vn 0.8726 0.0000 -0.4884
vn 0.4483 -0.1201 -0.8858
vn 0.4484 -0.1201 -0.8857
vn 0.4484 -0.1201 0.8857
vn 0.4483 -0.1201 0.8858
vn 0.8726 -0.0000 0.4884
vn 0.7557 0.4363 -0.4884
vn 0.4483 0.1201 -0.8858
vn 0.4483 0.1201 0.8858
vn 0.4483 0.1202 0.8857
vn 0.7557 0.4363 0.4884
vn 0.4363 0.7557 -0.4884
vn 0.3282 0.3282 -0.8858
vn 0.3282 0.3282 0.8858
vn 0.4363 0.7557 0.4884
vn 0.0000 0.8726 -0.4884
vn 0.1201 0.4483 -0.8858
vn 0.1201 0.4483 0.8858
vn 0.0000 0.8726 0.4885
vn -0.4363 0.7557 -0.4884
vn -0.1201 0.4483 -0.8858
vn -0.7557 0.4363 -0.4885
vn -0.3281 0.3281 -0.8858
vn -0.3282 0.3281 -0.8858
vn -0.1201 0.4483 0.8858
vn -0.4363 0.7557 0.4885
vn -0.7557 0.4363 0.4885
vn -0.8726 -0.0000 -0.4885
vn -0.4482 0.1201 -0.8858
vn -0.4481 0.1201 -0.8859
vn -0.3282 0.3281 0.8858
vn -0.3281 0.3281 0.8858
vn -0.4481 0.1201 0.8859
vn -0.4482 0.1201 0.8858
vn -0.8726 -0.0000 0.4885
vn -0.7557 -0.4363 -0.4885
vn -0.4482 -0.1201 -0.8859
vn -0.4482 -0.1202 -0.8858
vn -0.4363 -0.7557 -0.4885
vn -0.3281 -0.3281 -0.8858
vn -0.3281 -0.3280 -0.8858
vn -0.4482 -0.1202 0.8858
vn -0.4481 -0.1201 0.8859
vn -0.7557 -0.4363 0.4885
vn -0.4363 -0.7557 0.4884
vn 0.0000 -0.8726 0.4884
vn 0.0000 -0.8726 -0.4885
vn -0.1201 -0.4483 -0.8858
vn -0.3281 -0.3280 0.8859
vn -0.3281 -0.3281 0.8858
vn -0.1201 -0.4483 0.8858
vn 0.1201 -0.4483 0.8858
vn 0.2277 -0.8497 0.4756
vn 0.2277 -0.8496 -0.4757
vn 0.1201 -0.4483 -0.8858
vn 0.0000 -1.0000 -0.0001
vn 0.0000 0.0001 -1.0000
vn 0.7557 -0.4363 -0.4883
vn 0.4363 -0.7557 -0.4884
vn 0.3283 -0.3283 -0.8857
vn 0.1202 -0.4485 0.8857
vn 0.0000 -0.8727 0.4883
vn 0.4363 -0.7557 0.4883
vn 0.7557 -0.4363 0.4883
vn 0.8727 -0.0000 0.4883
vn 0.8727 0.0000 -0.4883
vn 0.4485 -0.1202 -0.8857
vn 0.3283 -0.3283 0.8857
vn 0.4485 -0.1202 0.8857
vn 0.4485 0.1202 0.8857
vn 0.8497 0.2277 0.4755
vn 0.8497 0.2277 -0.4755
vn 0.4485 0.1202 -0.8857
vn -0.4363 -0.7557 -0.4884
vn -0.7557 -0.4363 -0.4884
vn -0.3283 -0.3283 -0.8857
vn -0.3282 -0.3282 -0.8857
vn -0.4485 -0.1203 0.8856
vn -0.8726 -0.0000 0.4884
vn -0.4484 -0.1201 0.8857
vn -0.7557 -0.4363 0.4884
vn -0.4363 -0.7557 0.4883
vn 0.0000 -0.8726 -0.4884
vn -0.1202 -0.4485 -0.8857
vn -0.3283 -0.3282 0.8857
vn -0.3283 -0.3283 0.8857
vn -0.1202 -0.4485 0.8857
vn 0.1202 -0.4485 -0.8857
vn -0.4483 0.1202 0.8857
vn -0.7557 0.4363 0.4884
vn -0.4485 0.1202 0.8857
vn -0.8726 -0.0000 -0.4884
vn -0.4484 -0.1201 -0.8857
vn -0.4485 -0.1202 -0.8856
vn -0.3283 0.3283 0.8857
vn -0.4363 0.7557 0.4884
vn -0.7557 0.4363 -0.4884
vn -0.4485 0.1202 -0.8857
vn -0.4483 0.1202 -0.8857
vn -0.1202 0.4485 0.8857
vn 0.0000 0.8726 0.4884
vn -0.3283 0.3283 -0.8857
vn 0.1202 0.4485 0.8857
vn 0.0000 0.8727 -0.4883
vn -0.1202 0.4485 -0.8857
vn 0.3283 0.3284 0.8857
vn 0.6220 0.6220 0.4755
vn 0.3283 0.3283 0.8857
vn 0.4363 0.7557 -0.4883
vn 0.1202 0.4485 -0.8857
vn 0.6221 0.6220 -0.4755
vn 0.3283 0.3283 -0.8857
vn 0.3283 0.3284 -0.8857
vn -0.6584 -0.7527 0.0000
vn 0.0000 0.1177 0.9930
vn 0.0000 0.1448 0.9895
vn 0.0000 0.4040 0.9148
vn 0.8520 0.5235 -0.0000
vn 0.9213 0.3889 -0.0018
vn 0.8521 0.5234 -0.0014
vn 0.8518 0.5238 -0.0095
vn 0.9213 0.3889 0.0018
vn 0.8518 0.5238 0.0095
vn 0.8521 0.5234 0.0014
vn 1.0000 -0.0001 -0.0000
vn 0.3827 0.9239 -0.0000
vn 0.7062 0.7080 0.0037
vn 0.3825 0.9240 0.0005
vn 0.7077 0.7065 0.0033
vn 1.0000 -0.0008 0.0007
vn 1.0000 -0.0011 0.0000
vn 0.7071 -0.7071 0.0000
vn -0.0001 -1.0000 -0.0003
vn -0.7081 -0.7061 -0.0039
vn -0.7065 -0.7077 -0.0035
vn -0.9232 -0.3843 -0.0014
vn -0.9230 -0.3848 0.0000
vn -1.0000 0.0001 0.0000
vn -1.0000 0.0003 0.0000
vn 0.7070 -0.0000 -0.7072
vn -0.7072 0.0000 0.7070
vn -0.7072 0.0000 0.7071
vn -0.9239 -0.3827 0.0000
vn 0.7071 0.7071 -0.0000
vn 0.8143 0.4723 0.3374
vn 0.8143 0.4723 -0.3374
vn -0.3026 0.6126 0.7302
vn 0.3026 0.6125 0.7303
vn -0.8143 0.4724 0.3372
vn -0.8143 0.4724 -0.3373
vn -0.3024 0.6126 -0.7303
vn 0.3024 0.6125 -0.7303
vn 0.0000 0.4041 -0.9147
vn 0.0000 0.1178 -0.9930
vn 0.0000 0.1448 -0.9895
vn 0.7162 0.0003 -0.6979
vn 0.2078 0.0001 -0.9782
vn 0.7161 0.0002 -0.6980
vn 0.2076 0.0001 -0.9782
vn -0.2076 -0.0001 -0.9782
vn -0.2077 -0.0001 -0.9782
vn -0.7161 -0.0003 -0.6980
vn -0.7162 -0.0003 -0.6979
vn -1.0000 -0.0004 -0.0000
vn -0.9239 -0.0004 0.3826
vn -0.4063 -0.0002 0.9137
vn -0.2076 -0.0001 0.9782
vn -0.2077 -0.0001 0.9782
vn 0.2078 0.0001 0.9782
vn 0.2076 0.0001 0.9782
vn 0.7162 0.0002 0.6979
vn 0.7161 0.0003 0.6980
vn 1.0000 0.0005 -0.0001
vn 0.6584 -0.7527 0.0000
vn 0.0003 0.0003 -1.0000
vn -0.0002 -0.0002 -1.0000
vn -0.8520 0.5235 -0.0000
vn -0.9213 0.3890 0.0018
vn -0.8521 0.5234 0.0014
vn -0.8518 0.5238 0.0095
vn -0.9213 0.3889 -0.0017
vn -0.8518 0.5238 -0.0095
vn -0.8521 0.5234 -0.0014
vn -1.0000 -0.0001 -0.0000
vn -0.3827 0.9239 -0.0000
vn -0.7061 0.7081 -0.0039
vn -0.3825 0.9240 -0.0006
vn -0.7077 0.7065 -0.0035
vn -1.0000 -0.0009 -0.0008
vn -1.0000 -0.0011 0.0000
vn 0.0001 -1.0000 0.0003
vn 0.7080 -0.7062 0.0038
vn 0.7065 -0.7077 0.0033
vn 0.9233 -0.3842 0.0013
vn 0.9231 -0.3847 0.0000
vn 1.0000 0.0001 0.0000
vn 1.0000 0.0003 0.0000
vn 0.3828 0.0000 0.9238
vn 0.9238 0.0000 0.3828
vn -0.7070 -0.0000 -0.7072
vn 0.9233 -0.3842 -0.0013
vn 0.7065 -0.7077 -0.0033
vn 0.7080 -0.7062 -0.0038
vn 0.0000 -1.0000 -0.0003
vn -1.0000 -0.0012 0.0000
vn -1.0000 -0.0009 0.0008
vn -0.7077 0.7065 0.0035
vn -0.7061 0.7081 0.0039
vn -0.3825 0.9240 0.0006
vn -0.8143 0.4723 -0.3374
vn -0.8143 0.4723 0.3374
vn 0.3025 0.6126 -0.7302
vn -0.3025 0.6125 -0.7303
vn 0.8141 0.4726 -0.3374
vn 0.8142 0.4726 0.3374
vn 0.3026 0.6126 0.7302
vn -0.3026 0.6125 0.7302
vn -0.4481 -0.1201 -0.8859
vn -0.3281 -0.3280 -0.8859
vn 0.2277 -0.8497 0.4757
vn 0.2277 -0.8497 -0.4757
vn -0.4363 0.7557 -0.4885
vn 0.0000 0.8726 -0.4885
vn 0.8726 -0.0000 -0.4884
vn 0.4483 0.1202 -0.8857
vn 0.6220 -0.6220 0.4756
vn 0.4363 -0.7557 -0.4883
vn 0.4363 -0.7557 0.4884
vn 0.1201 -0.4482 0.8858
vn 0.3281 -0.3282 0.8858
vn 0.8727 -0.0000 -0.4883
vn 0.8497 0.2277 0.4756
vn -0.3283 -0.3282 -0.8857
vn -0.4363 -0.7557 0.4885
vn -0.4485 -0.1203 -0.8856
vn -0.4482 -0.1201 0.8858
vn -0.4483 -0.1202 0.8858
vn -0.4483 0.1201 0.8858
vn -0.3282 0.3283 -0.8857
vn 0.6220 0.6220 -0.4755
vn 0.6220 0.6220 0.4756
vn 0.8143 0.4724 0.3374
vn -1.0000 0.0003 -0.0000
vn -0.8143 0.4724 -0.3372
vn -0.8143 0.4725 0.3373
vn 0.9213 0.3890 0.0018
vn 0.9213 0.3890 -0.0018
vn 0.8518 0.5238 -0.0096
vn 0.8518 0.5238 0.0096
vn -0.9232 -0.3843 0.0014
vn -0.7065 -0.7077 0.0035
vn -0.7081 -0.7061 0.0039
vn -0.0001 -1.0000 0.0003
vn 1.0000 -0.0008 -0.0007
vn 0.7077 0.7065 -0.0033
vn 0.7062 0.7080 -0.0037
vn 0.3825 0.9240 -0.0005
vn -0.3025 0.6126 0.7302
vn 0.0000 0.1178 0.9930
vn 0.0000 0.4041 0.9147
vn 0.7162 0.0003 0.6979
vn 1.0000 0.0005 0.0001
vn 0.7161 0.0003 -0.6980
vn 0.2077 0.0001 -0.9782
vn -0.4062 -0.0002 -0.9138
vn -0.9239 -0.0004 -0.3826
vn -1.0000 -0.0004 0.0000
vn -0.7162 -0.0003 0.6979
vn -0.7161 -0.0003 0.6980
vn -0.8143 0.4724 0.3374
vn 1.0000 0.0003 -0.0000
vn 0.3026 0.6126 0.7301
vn 0.8141 0.4726 0.3374
vn 0.8142 0.4725 -0.3373
vn -1.0000 -0.0001 0.0000
vn -0.9213 0.3890 -0.0018
vn 0.0001 -1.0000 -0.0003
vn 0.3827 -0.0000 -0.9239
vn 0.9238 -0.0000 -0.3828
vn 0.0000 -1.0000 0.0003
vn -0.0002 -0.0002 1.0000
vn -0.0003 -0.0003 1.0000
vn 0.0004 0.0004 1.0000
vn 0.7557 -0.4363 -0.4885
vn 0.3281 -0.3281 -0.8858
vn 0.4363 -0.7557 -0.4885
vn 0.3281 -0.3281 0.8858
vn 0.1201 -0.4482 -0.8858
vn -0.0000 -0.8726 -0.4885
vn -0.0000 -0.8726 0.4884
vn -0.2277 -0.8497 -0.4756
vn -0.2277 -0.8497 0.4756
vn 0.3281 0.3281 0.8858
vn 0.4363 0.7557 0.4885
vn 0.3281 0.3281 -0.8858
vn -0.3282 0.3282 0.8858
vn -0.3282 0.3282 0.8857
vn -0.3282 0.3282 -0.8858
vn -0.4482 0.1200 0.8858
vn -0.4482 0.1200 -0.8858
vn -0.4483 0.1201 -0.8858
vn -0.4483 -0.1201 0.8858
vn -0.4483 -0.1201 -0.8858
vn -0.6220 -0.6220 0.4756
vn -0.3282 -0.3282 0.8858
vn -0.3281 -0.3282 0.8858
vn -0.3281 -0.3282 -0.8858
vn -0.6220 -0.6220 -0.4756
vn -0.3282 -0.3282 -0.8858
vn -0.0000 -0.8727 0.4883
vn -0.0000 -0.8726 -0.4884
vn -0.4484 -0.1202 -0.8857
vn -0.4485 -0.1202 -0.8857
vn -0.8726 0.0000 -0.4884
vn -0.8726 0.0000 0.4884
vn -0.4484 -0.1202 0.8857
vn -0.4484 0.1202 -0.8857
vn -0.8497 0.2277 -0.4756
vn -0.8497 0.2277 0.4756
vn -0.4484 0.1202 0.8857
vn 0.3283 -0.3284 0.8857
vn 0.4363 -0.7558 0.4883
vn 0.1201 -0.4485 0.8857
vn 0.4363 -0.7558 -0.4883
vn 0.3283 -0.3284 -0.8857
vn 0.7557 0.4363 0.4883
vn 0.7557 0.4363 -0.4883
vn 0.4363 0.7558 0.4883
vn 0.3284 0.3284 0.8856
vn 0.3284 0.3284 -0.8856
vn 0.4363 0.7558 -0.4883
vn -0.0000 0.8726 0.4884
vn 0.1201 0.4485 0.8857
vn 0.1201 0.4485 -0.8857
vn -0.0000 0.8727 -0.4883
vn -0.4363 0.7557 -0.4883
vn -0.6221 0.6220 0.4755
vn -0.6221 0.6220 -0.4755
vn -0.8144 0.4722 0.3373
vn -0.8144 0.4722 -0.3373
vn 1.0000 0.0002 0.0000
vn -0.3026 0.6125 0.7303
vn 0.8143 0.4724 0.3373
vn -0.9212 0.3890 0.0018
vn -0.8521 0.5234 0.0015
vn -0.8518 0.5238 0.0096
vn -0.8518 0.5238 -0.0096
vn -0.8521 0.5234 -0.0015
vn -1.0000 -0.0008 0.0007
vn -0.7077 0.7066 0.0033
vn -0.7061 0.7081 0.0037
vn -0.3825 0.9240 0.0005
vn 0.3024 0.6126 -0.7303
vn 0.8144 0.4722 -0.3373
vn 0.8144 0.4722 0.3373
vn -0.3025 0.6126 -0.7303
vn 0.3025 0.6125 -0.7303
vn -0.8142 0.4725 -0.3374
vn -0.8142 0.4725 0.3374
vn 0.9212 0.3890 0.0018
vn 0.9212 0.3890 -0.0018
vn 0.8521 0.5234 -0.0015
vn 0.8518 0.5238 -0.0097
vn 0.8518 0.5238 0.0097
vn 0.8521 0.5234 0.0015
vn -0.9230 -0.3847 0.0000
vn -0.9232 -0.3842 0.0013
vn -0.7065 -0.7077 0.0033
vn -0.7080 -0.7062 0.0038
vn 0.7072 0.0000 0.7070
vn 0.7072 0.0000 0.7071
vn -0.3282 0.3282 -0.8857
vn 0.4363 0.7557 -0.4885
vn -0.6220 0.6220 0.4756
vn -0.3283 0.3282 -0.8857
vn 0.3281 0.3282 0.8858
vn 0.8726 -0.0000 0.4885
vn 0.1201 -0.4485 -0.8857
vn -0.1201 -0.4482 0.8858
vn -0.3282 -0.3281 0.8858
vn -0.8496 0.2277 0.4757
vn -0.4483 0.1202 0.8858
vn 0.3824 0.9240 0.0005
vn 1.0000 -0.0012 0.0000
vn -0.7080 -0.7062 -0.0038
vn -0.7065 -0.7077 -0.0033
vn -0.9232 -0.3842 -0.0013
vn 0.0002 -0.0002 -1.0000
vn -0.0003 0.0003 -1.0000
vn 0.9239 -0.3827 0.0000
vn -0.7071 0.7071 -0.0000
vn 1.0000 0.0002 -0.0000
vn 0.8143 0.4724 -0.3373
vn 0.8142 0.4725 0.3373
vn -0.9212 0.3890 -0.0018
vn 0.3025 0.6126 0.7302
vn -0.7061 0.7081 -0.0037
vn -0.3825 0.9240 -0.0005
vn -0.7077 0.7065 -0.0033
vn -1.0000 -0.0008 -0.0007
vn 0.3026 0.6125 0.7302
vn -0.7162 0.0004 0.6979
vn -0.2077 0.0001 0.9782
vn -0.7161 0.0004 0.6980
vn -0.2076 0.0001 0.9782
vn 0.2076 -0.0001 0.9782
vn 0.2077 -0.0001 0.9782
vn 0.7161 -0.0003 0.6980
vn 0.7162 -0.0003 0.6979
vn 1.0000 -0.0004 0.0000
vn 0.9239 -0.0004 -0.3825
vn 0.4062 -0.0002 -0.9138
vn 0.2075 -0.0001 -0.9782
vn 0.2077 -0.0001 -0.9782
vn -0.2077 0.0001 -0.9782
vn -0.2076 0.0001 -0.9782
vn -0.7162 0.0003 -0.6979
vn -0.7161 0.0003 -0.6980
vn -1.0000 0.0004 -0.0000
vn -0.0004 0.0004 1.0000
vn 0.0003 -0.0003 1.0000
vn 0.0002 -0.0002 1.0000
vn -0.3827 -0.0000 -0.9239
vn 0.0002 1.0000 0.0002
vn 0.0002 1.0000 0.0003
vn 0.0001 1.0000 0.0002
vn 0.0000 1.0000 0.0001
vn 0.0001 1.0000 -0.0001
vn 0.0003 1.0000 0.0001
vn -0.0000 -0.0097 -1.0000
vn 0.6187 0.7581 -0.2062
vn 0.4578 0.7658 -0.4517
vn -0.0961 0.9892 0.1109
vn 0.1974 -0.7532 -0.6275
vn 0.0006 0.9399 -0.3415
vn 0.6521 0.7581 -0.0000
vn 0.9135 0.1498 -0.3782
vn 0.9857 0.1687 -0.0000
vn 0.9911 0.1301 -0.0265
vn 0.9239 -0.0000 -0.3826
vn 0.9239 0.0000 0.3826
vn 0.9135 0.1498 0.3782
vn 0.9911 0.1301 0.0266
vn 0.9808 -0.1951 0.0000
vn 0.0000 -0.1222 -0.9925
vn 0.0001 -0.1221 -0.9925
vn 0.0002 -0.1221 -0.9925
vn -0.0001 -0.1221 -0.9925
vn -0.0000 -0.1222 -0.9925
vn -0.7161 0.0004 -0.6980
vn -0.7162 0.0004 -0.6979
vn -1.0000 0.0004 0.0000
vn -0.7161 0.0003 0.6980
vn -0.7162 0.0003 0.6979
vn 0.4063 -0.0002 0.9138
vn 0.9239 -0.0004 0.3825
vn 1.0000 -0.0004 -0.0000
vn 0.7162 -0.0003 -0.6979
vn 0.7161 -0.0003 -0.6980
vn 0.2076 -0.0001 -0.9782
vn 0.0000 -0.1222 0.9925
vn -0.0000 -0.1222 0.9925
vn 0.6423 -0.7360 -0.2141
vn -0.3194 -0.9439 0.0836
vn 0.4754 -0.7441 -0.4694
vn -0.0830 -0.9917 0.0982
vn 0.2053 -0.7309 -0.6509
vn -0.0995 -0.9422 0.3198
vn -0.0909 0.9917 0.0911
vn -0.0995 0.9422 0.3198
vn 0.2053 0.7309 -0.6509
vn 0.4751 0.7406 -0.4752
vn 0.6511 0.7307 -0.2053
vn -0.3200 0.9422 0.0996
vn -0.3244 -0.9459 0.0000
vn 0.6771 0.7359 -0.0000
vn 0.6424 -0.7359 -0.2141
vn 0.4757 -0.7438 -0.4696
vn -0.0828 -0.9917 0.0979
vn 0.2052 -0.7308 -0.6510
vn -0.0995 -0.9422 0.3199
vn -0.0908 0.9917 0.0909
vn -0.0995 0.9422 0.3199
vn 0.2052 0.7308 -0.6510
vn 0.4753 0.7404 -0.4753
vn 0.6511 0.7307 -0.2052
vn -0.3201 0.9422 0.0995
vn -0.6422 -0.7361 0.2141
vn 0.3196 -0.9439 -0.0835
vn -0.4756 -0.7439 0.4695
vn 0.0828 -0.9917 -0.0979
vn -0.2052 -0.7308 0.6510
vn 0.0994 -0.9423 -0.3197
vn 0.0908 0.9917 -0.0908
vn 0.0994 0.9423 -0.3197
vn -0.2052 0.7308 0.6510
vn -0.4753 0.7404 0.4753
vn -0.6510 0.7309 0.2052
vn 0.3202 0.9421 -0.0996
vn -0.6422 -0.7360 0.2141
vn 0.3195 -0.9439 -0.0835
vn -0.4757 -0.7438 0.4695
vn 0.0828 -0.9918 -0.0978
vn -0.2052 -0.7307 0.6511
vn 0.0000 0.7360 0.6770
vn 0.0000 -0.9458 -0.3249
vn 0.9989 -0.0000 -0.0469
vn 1.0000 -0.0088 0.0000
vn 0.9989 0.0000 0.0470
vn 1.0000 0.0033 -0.0000
vn 0.9239 0.0000 0.3827
vn 0.3826 0.0000 0.9239
vn 0.9989 0.0000 0.0469
vn 0.0000 0.6626 0.7490
vn 0.0000 0.6625 -0.7491
vn -1.0000 -0.0000 -0.0019
vn -0.7009 -0.0000 -0.7133
vn -1.0000 -0.0000 -0.0089
vn 0.5714 0.7983 -0.1906
vn 0.4227 0.8054 -0.4155
vn -0.3707 0.9239 0.0942
vn -0.1172 0.9839 0.1346
vn 0.1802 0.7922 -0.5831
vn -0.1119 0.9218 0.3712
vn -0.0001 0.9273 -0.3743
vn -0.0004 0.8937 -0.4488
vn 0.0002 0.7983 0.6022
vn 0.0000 0.8019 0.5974
vn 0.0000 0.7979 -0.6027
vn 0.6025 0.7981 0.0000
vn 0.6199 -0.6976 -0.3594
vn 0.6772 -0.7358 0.0000
vn -0.3244 0.9459 -0.0000
vn 0.0829 -0.9917 0.0982
vn 0.0908 0.9917 0.0911
vn 0.3194 -0.9439 0.0836
vn 0.3199 0.9422 0.0995
vn -0.4752 0.7405 -0.4753
vn -0.2053 0.7308 -0.6510
vn 0.0994 0.9423 0.3196
vn 0.0995 -0.9423 0.3196
vn -0.2053 -0.7309 -0.6509
vn -0.4755 -0.7440 -0.4695
vn -0.6424 -0.7358 -0.2141
vn 0.0000 0.9457 -0.3249
vn 0.0000 -0.7360 0.6770
vn 0.0000 -0.7361 0.6769
vn 0.0000 -0.9459 0.3244
vn 0.0000 0.7357 -0.6773
vn -0.0065 0.7362 -0.6767
vn -0.0065 0.7355 -0.6775
vn -0.0096 -0.0000 -1.0000
vn 0.0032 -0.9442 0.3293
vn 0.0031 -0.9475 0.3198
vn 0.0096 0.0000 1.0000
vn 0.0000 -0.9458 0.3249
vn 0.0000 -0.9458 0.3247
vn 0.0000 0.7360 -0.6770
vn 0.0000 -0.9457 0.3249
vn 0.0000 -0.9459 0.3246
vn 0.0000 -0.9458 0.3246
vn 0.3245 -0.9459 0.0000
vn 0.3572 -0.9340 0.0000
vn -0.6770 0.7360 -0.0000
vn 0.0000 0.9459 0.3244
vn 0.0000 -0.7357 -0.6773
vn -0.0096 0.0000 -1.0000
vn 0.0031 -0.9475 0.3197
vn 0.3245 0.9459 -0.0000
vn 0.3572 0.9340 -0.0000
vn 0.3245 -0.9459 -0.0000
vn -0.6770 -0.7360 -0.0000
vn -0.6769 -0.7361 0.0000
# 1496 vertex normals

vt 1.5681 0.8552 0.0000
vt 1.5588 0.8781 0.0000
vt 1.5681 0.8781 0.0000
vt 1.5303 0.8787 0.0000
vt 1.5451 0.8787 0.0000
vt 1.5303 0.8820 0.0000
vt 1.5451 0.8820 0.0000
vt 1.5451 0.8890 0.0000
vt 1.5477 0.8890 0.0000
vt 1.5477 0.8311 0.0000
vt 1.5451 0.8419 0.0000
vt 1.5451 0.8381 0.0000
vt 1.5303 0.8419 0.0000
vt 1.5303 0.8381 0.0000
vt 1.5451 0.8311 0.0000
vt 1.5336 0.8787 0.0000
vt 1.5336 0.8419 0.0000
vt 1.5310 0.8924 0.0000
vt 1.5378 0.8924 0.0000
vt 1.5310 0.9362 0.0000
vt 1.5378 0.9362 0.0000
vt 1.8091 0.8755 0.0000
vt 1.7998 0.8526 0.0000
vt 1.8356 0.8756 0.0000
vt 1.8356 0.8622 0.0000
vt 1.8764 0.8359 0.0000
vt 1.8764 0.8164 0.0000
vt 1.7487 0.8161 0.0000
vt 1.7487 0.8525 0.0000
vt 1.8553 0.8124 0.0000
vt 1.8041 0.8124 0.0000
vt 1.8553 0.8091 0.0000
vt 1.8041 0.8110 0.0000
vt 1.8553 0.7724 0.0000
vt 1.8646 0.8091 0.0000
vt 1.8646 0.7724 0.0000
vt 1.8553 0.7686 0.0000
vt 1.8041 0.7686 0.0000
vt 1.8041 0.7702 0.0000
vt 1.5513 0.8426 0.0000
vt 1.5628 0.8426 0.0000
vt 1.5513 0.8613 0.0000
vt 1.5756 0.8170 0.0000
vt 1.5756 0.8699 0.0000
vt 1.5721 0.8170 0.0000
vt 1.5721 0.8729 0.0000
vt 1.5975 0.8699 0.0000
vt 1.6010 0.8729 0.0000
vt 1.5975 0.8170 0.0000
vt 1.6010 0.8170 0.0000
vt 1.5498 0.8820 0.0000
vt 1.5498 0.8381 0.0000
vt 1.5757 0.8311 0.0000
vt 1.5701 0.8381 0.0000
vt 1.5757 0.8890 0.0000
vt 1.5701 0.8820 0.0000
vt 1.6035 0.8729 0.0000
vt 1.6035 0.8170 0.0000
vt 1.5721 0.8780 0.0000
vt 1.6010 0.8780 0.0000
vt 1.5696 0.8170 0.0000
vt 1.5696 0.8729 0.0000
vt 1.8787 0.1397 0.0000
vt 1.8793 0.5467 0.0000
vt 1.8995 0.1397 0.0000
vt 1.8997 0.5467 0.0000
vt 1.1953 0.0229 0.0000
vt 1.1952 0.0710 0.0000
vt 1.3988 0.0240 0.0000
vt 1.3987 0.0698 0.0000
vt 1.5807 0.8924 0.0000
vt 1.5807 0.9362 0.0000
vt 1.5904 0.9362 0.0000
vt 1.5904 0.8924 0.0000
vt 1.9263 0.0953 0.0000
vt 1.9055 0.0953 0.0000
vt 1.9257 0.5023 0.0000
vt 1.9053 0.5023 0.0000
vt 1.7182 0.8924 0.0000
vt 1.7182 0.9362 0.0000
vt 1.7041 0.8763 0.0000
vt 1.7041 0.8628 0.0000
vt 1.6776 0.8762 0.0000
vt 1.6683 0.8533 0.0000
vt 1.7450 0.8171 0.0000
vt 1.6172 0.8168 0.0000
vt 1.6172 0.8531 0.0000
vt 1.7449 0.8366 0.0000
vt 0.5378 0.9362 0.0000
vt 0.5807 0.9362 0.0000
vt 0.5378 0.8925 0.0000
vt 0.5807 0.8925 0.0000
vt 0.5905 0.8925 0.0000
vt 0.5905 0.9362 0.0000
vt 0.5698 0.9426 0.0000
vt 0.5698 0.9867 0.0000
vt 0.7733 0.9386 0.0000
vt 0.7733 0.9866 0.0000
vt 0.9053 0.5023 0.0000
vt 0.9055 0.0953 0.0000
vt 0.9257 0.5023 0.0000
vt 0.9263 0.0953 0.0000
vt 0.7182 0.9362 0.0000
vt 0.7182 0.8925 0.0000
vt 0.8645 0.7726 0.0000
vt 0.8551 0.7726 0.0000
vt 0.8645 0.8092 0.0000
vt 0.8551 0.8092 0.0000
vt 0.8040 0.8111 0.0000
vt 0.8040 0.8126 0.0000
vt 0.8551 0.8126 0.0000
vt 0.8551 0.7688 0.0000
vt 0.8040 0.7688 0.0000
vt 0.8040 0.7704 0.0000
vt 0.5451 0.8821 0.0000
vt 0.5451 0.8788 0.0000
vt 0.5303 0.8821 0.0000
vt 0.5303 0.8788 0.0000
vt 0.5303 0.8382 0.0000
vt 0.5303 0.8420 0.0000
vt 0.5451 0.8382 0.0000
vt 0.5451 0.8420 0.0000
vt 0.5476 0.8312 0.0000
vt 0.5477 0.8891 0.0000
vt 0.5451 0.8891 0.0000
vt 0.5451 0.8312 0.0000
vt 0.5336 0.8420 0.0000
vt 0.5336 0.8788 0.0000
vt 0.5311 0.9362 0.0000
vt 0.5311 0.8925 0.0000
vt 0.6134 0.8170 0.0000
vt 0.6109 0.8170 0.0000
vt 0.6134 0.8729 0.0000
vt 0.6109 0.8729 0.0000
vt 0.6109 0.8780 0.0000
vt 0.5821 0.8780 0.0000
vt 0.5820 0.8729 0.0000
vt 0.5795 0.8729 0.0000
vt 0.5795 0.8170 0.0000
vt 0.5820 0.8170 0.0000
vt 0.8997 0.5467 0.0000
vt 0.8793 0.5467 0.0000
vt 0.8995 0.1397 0.0000
vt 0.8787 0.1397 0.0000
vt 1.9714 0.9933 0.0000
vt 1.9918 0.9933 0.0000
vt 1.9714 0.9808 0.0000
vt 1.9918 0.9808 0.0000
vt 1.9163 0.8926 0.0000
vt 1.9141 0.8916 0.0000
vt 1.9125 0.9331 0.0000
vt 1.9103 0.9325 0.0000
vt 1.5277 0.9181 0.0000
vt 1.3496 0.9181 0.0000
vt 1.5277 0.9286 0.0000
vt 1.3496 0.9286 0.0000
vt 1.0450 0.9181 0.0000
vt 1.0450 0.9286 0.0000
vt 0.5953 0.8179 0.0000
vt 0.5985 0.8179 0.0000
vt 0.5953 0.7255 0.0000
vt 0.5985 0.8073 0.0000
vt 0.7886 0.8086 0.0000
vt 0.7886 0.7678 0.0000
vt 0.6031 0.7670 0.0000
vt 0.5987 0.7256 0.0000
vt 0.7449 0.8171 0.0000
vt 0.7449 0.8366 0.0000
vt 0.7040 0.8628 0.0000
vt 0.6171 0.8531 0.0000
vt 0.6171 0.8168 0.0000
vt 0.6683 0.8533 0.0000
vt 0.6776 0.8762 0.0000
vt 0.7040 0.8763 0.0000
vt 1.7368 0.8915 0.0000
vt 1.7368 0.9325 0.0000
vt 1.9103 0.8915 0.0000
vt 1.7344 0.9334 0.0000
vt 1.7305 0.8925 0.0000
vt 1.7329 0.8916 0.0000
vt 1.7313 0.9362 0.0000
vt 1.7233 0.8982 0.0000
vt 1.5277 0.9118 0.0000
vt 1.3496 0.9118 0.0000
vt 1.0450 0.9118 0.0000
vt 1.9918 0.1445 0.0000
vt 1.9918 0.1319 0.0000
vt 1.9714 0.1445 0.0000
vt 1.9714 0.1319 0.0000
vt 1.9918 0.4362 0.0000
vt 1.9714 0.4362 0.0000
vt 0.8354 0.8624 0.0000
vt 0.8762 0.8361 0.0000
vt 0.8762 0.8166 0.0000
vt 0.7996 0.8528 0.0000
vt 0.8354 0.8758 0.0000
vt 0.7485 0.8163 0.0000
vt 0.7484 0.8527 0.0000
vt 0.8089 0.8757 0.0000
vt 1.7732 0.0201 0.0000
vt 1.9280 0.0209 0.0000
vt 1.7732 0.0681 0.0000
vt 1.9280 0.0729 0.0000
vt 1.9665 0.0211 0.0000
vt 1.9342 0.0855 0.0000
vt 1.9343 0.6302 0.0000
vt 1.9587 0.6302 0.0000
vt 1.9665 0.6302 0.0000
vt 1.9588 0.6350 0.0000
vt 1.9627 0.9820 0.0000
vt 1.9342 0.9219 0.0000
vt 1.9281 0.9345 0.0000
vt 1.9588 0.9819 0.0000
vt 1.7733 0.9866 0.0000
vt 1.9588 0.9864 0.0000
vt 1.7733 0.9386 0.0000
vt 1.9627 0.6350 0.0000
vt 1.5698 0.9867 0.0000
vt 1.5698 0.9426 0.0000
vt 1.5515 0.9474 0.0000
vt 1.3967 0.9470 0.0000
vt 1.5515 0.9883 0.0000
vt 1.3968 0.9867 0.0000
vt 1.8800 0.8562 0.0000
vt 1.8999 0.8563 0.0000
vt 1.1952 0.9370 0.0000
vt 1.0404 0.9354 0.0000
vt 1.1953 0.9852 0.0000
vt 1.0405 0.9864 0.0000
vt 1.0344 0.9222 0.0000
vt 1.0052 0.9864 0.0000
vt 1.0350 0.3775 0.0000
vt 1.0059 0.3775 0.0000
vt 1.0344 0.0855 0.0000
vt 1.0051 0.0215 0.0000
vt 1.0404 0.0724 0.0000
vt 0.5628 0.8427 0.0000
vt 0.5513 0.8427 0.0000
vt 0.5513 0.8614 0.0000
vt 0.9918 0.9808 0.0000
vt 0.9918 0.9933 0.0000
vt 0.9714 0.9808 0.0000
vt 0.9714 0.9933 0.0000
vt 0.9103 0.9325 0.0000
vt 0.9141 0.8916 0.0000
vt 0.9125 0.9331 0.0000
vt 0.9163 0.8927 0.0000
vt 0.7368 0.9325 0.0000
vt 0.9103 0.8916 0.0000
vt 0.7368 0.8916 0.0000
vt 0.7329 0.8916 0.0000
vt 0.7305 0.8925 0.0000
vt 0.7344 0.9334 0.0000
vt 0.7233 0.8983 0.0000
vt 0.7313 0.9363 0.0000
vt 0.3496 0.8126 0.0000
vt 0.3520 0.8126 0.0000
vt 0.3496 0.8194 0.0000
vt 0.5277 0.8194 0.0000
vt 0.5255 0.8126 0.0000
vt 0.5277 0.8126 0.0000
vt 0.9714 0.1319 0.0000
vt 0.9918 0.1319 0.0000
vt 0.9714 0.1445 0.0000
vt 0.9918 0.1445 0.0000
vt 0.9714 0.4362 0.0000
vt 0.9918 0.4362 0.0000
vt 0.0450 0.8605 0.0000
vt 0.3496 0.8605 0.0000
vt 0.0450 0.9118 0.0000
vt 0.3496 0.9118 0.0000
vt 0.5277 0.9118 0.0000
vt 0.3916 0.9453 0.0000
vt 0.3916 0.9862 0.0000
vt 0.2368 0.9466 0.0000
vt 0.2368 0.9869 0.0000
vt 0.1983 0.9872 0.0000
vt 0.2014 0.9465 0.0000
vt 0.1983 0.9360 0.0000
vt 0.2015 0.9360 0.0000
vt 0.9342 0.0855 0.0000
vt 0.9343 0.6302 0.0000
vt 0.9665 0.0211 0.0000
vt 0.9280 0.0729 0.0000
vt 0.9280 0.0209 0.0000
vt 0.7732 0.0681 0.0000
vt 0.7732 0.0201 0.0000
vt 0.9588 0.9864 0.0000
vt 0.9588 0.9819 0.0000
vt 0.9281 0.9345 0.0000
vt 0.9627 0.9820 0.0000
vt 0.9342 0.9219 0.0000
vt 0.9588 0.6350 0.0000
vt 0.9587 0.6302 0.0000
vt 0.9665 0.6302 0.0000
vt 0.9627 0.6350 0.0000
vt 0.3968 0.9867 0.0000
vt 0.3967 0.9470 0.0000
vt 0.5515 0.9883 0.0000
vt 0.5515 0.9474 0.0000
vt 0.9304 0.8889 0.0000
vt 0.8842 0.8889 0.0000
vt 0.9304 0.8826 0.0000
vt 0.9251 0.8826 0.0000
vt 0.9049 0.8734 0.0000
vt 0.8842 0.8821 0.0000
vt 0.8999 0.8563 0.0000
vt 0.8800 0.8562 0.0000
vt 0.3987 0.0698 0.0000
vt 0.1952 0.0710 0.0000
vt 0.3988 0.0240 0.0000
vt 0.1953 0.0229 0.0000
vt 0.0404 0.0724 0.0000
vt 0.0051 0.0215 0.0000
vt 0.0344 0.0855 0.0000
vt 0.0059 0.3775 0.0000
vt 0.0350 0.3775 0.0000
vt 0.0052 0.9864 0.0000
vt 0.0344 0.9222 0.0000
vt 0.0405 0.9864 0.0000
vt 0.0404 0.9354 0.0000
vt 0.1953 0.9852 0.0000
vt 0.1952 0.9370 0.0000
vt 0.5681 0.8553 0.0000
vt 0.5588 0.8782 0.0000
vt 0.5681 0.8782 0.0000
vt 0.1962 0.2618 0.0000
vt 0.2391 0.2618 0.0000
vt 0.1962 0.2189 0.0000
vt 0.2391 0.2189 0.0000
vt 0.6240 0.0631 0.0000
vt 0.7693 0.0631 0.0000
vt 0.6240 0.0452 0.0000
vt 0.7693 0.0452 0.0000
vt 0.6240 0.0131 0.0000
vt 0.7693 0.0131 0.0000
vt 0.6240 0.0064 0.0000
vt 0.7693 0.0064 0.0000
vt 0.6240 0.0411 0.0000
vt 0.7693 0.0411 0.0000
vt 0.6240 0.0023 0.0000
vt 0.7693 0.0023 0.0000
vt 0.6240 0.0285 0.0000
vt 0.7693 0.0285 0.0000
vt 0.6240 0.0672 0.0000
vt 0.7693 0.0672 0.0000
vt 0.4860 0.1563 0.0000
vt 0.4860 0.1567 0.0000
vt 0.4799 0.1563 0.0000
vt 0.4799 0.1567 0.0000
vt 0.4860 0.1571 0.0000
vt 0.4799 0.1571 0.0000
vt 0.4860 0.1576 0.0000
vt 0.4799 0.1576 0.0000
vt 0.4860 0.1535 0.0000
vt 0.4860 0.1539 0.0000
vt 0.4799 0.1535 0.0000
vt 0.4799 0.1539 0.0000
vt 0.4860 0.1543 0.0000
vt 0.4799 0.1543 0.0000
vt 0.4860 0.1548 0.0000
vt 0.4799 0.1548 0.0000
vt 0.4860 0.1619 0.0000
vt 0.4860 0.1623 0.0000
vt 0.4799 0.1619 0.0000
vt 0.4799 0.1623 0.0000
vt 0.4860 0.1627 0.0000
vt 0.4799 0.1627 0.0000
vt 0.4860 0.1632 0.0000
vt 0.4799 0.1632 0.0000
vt 0.4677 0.1949 0.0000
vt 0.4677 0.1953 0.0000
vt 0.4617 0.1949 0.0000
vt 0.4617 0.1953 0.0000
vt 0.4677 0.1958 0.0000
vt 0.4617 0.1958 0.0000
vt 0.4677 0.1962 0.0000
vt 0.4617 0.1962 0.0000
vt 0.4518 0.2005 0.0000
vt 0.4518 0.2009 0.0000
vt 0.4458 0.2005 0.0000
vt 0.4458 0.2009 0.0000
vt 0.4518 0.2014 0.0000
vt 0.4458 0.2014 0.0000
vt 0.4518 0.2018 0.0000
vt 0.4458 0.2018 0.0000
vt 0.4860 0.1591 0.0000
vt 0.4860 0.1595 0.0000
vt 0.4799 0.1591 0.0000
vt 0.4799 0.1595 0.0000
vt 0.4860 0.1599 0.0000
vt 0.4799 0.1599 0.0000
vt 0.4860 0.1604 0.0000
vt 0.4799 0.1604 0.0000
vt 0.4598 0.1977 0.0000
vt 0.4598 0.1981 0.0000
vt 0.4537 0.1977 0.0000
vt 0.4537 0.1981 0.0000
vt 0.4598 0.1986 0.0000
vt 0.4537 0.1986 0.0000
vt 0.4598 0.1990 0.0000
vt 0.4537 0.1990 0.0000
vt 0.4879 0.1709 0.0000
vt 0.4879 0.1704 0.0000
vt 0.4884 0.1709 0.0000
vt 0.4884 0.1704 0.0000
vt 0.4879 0.1701 0.0000
vt 0.4884 0.1701 0.0000
vt 0.4889 0.1709 0.0000
vt 0.4889 0.1704 0.0000
vt 0.4889 0.1701 0.0000
vt 0.4889 0.1697 0.0000
vt 0.4884 0.1698 0.0000
vt 0.4879 0.1697 0.0000
vt 0.6074 0.8170 0.0000
vt 0.6074 0.8699 0.0000
vt 0.5855 0.8699 0.0000
vt 0.5855 0.8170 0.0000
vt 0.5498 0.8382 0.0000
vt 0.5498 0.8821 0.0000
vt 0.5757 0.8311 0.0000
vt 0.5701 0.8382 0.0000
vt 0.5757 0.8891 0.0000
vt 0.5701 0.8821 0.0000
vt 0.4717 0.2289 0.0000
vt 0.4717 0.2294 0.0000
vt 0.4712 0.2289 0.0000
vt 0.4712 0.2294 0.0000
vt 0.4717 0.2297 0.0000
vt 0.4712 0.2297 0.0000
vt 0.4707 0.2289 0.0000
vt 0.4707 0.2294 0.0000
vt 0.4707 0.2297 0.0000
vt 0.4707 0.2301 0.0000
vt 0.4712 0.2300 0.0000
vt 0.4717 0.2301 0.0000
vt 0.4813 0.2220 0.0000
vt 0.4813 0.2215 0.0000
vt 0.4862 0.2220 0.0000
vt 0.4862 0.2215 0.0000
vt 0.4813 0.2212 0.0000
vt 0.4863 0.2212 0.0000
vt 0.4813 0.2208 0.0000
vt 0.4862 0.2208 0.0000
vt 0.4571 0.1925 0.0000
vt 0.4571 0.1929 0.0000
vt 0.4458 0.1925 0.0000
vt 0.4458 0.1929 0.0000
vt 0.4571 0.1932 0.0000
vt 0.4458 0.1932 0.0000
vt 0.4571 0.1937 0.0000
vt 0.4458 0.1937 0.0000
vt 0.4757 0.2220 0.0000
vt 0.4758 0.2217 0.0000
vt 0.4807 0.2220 0.0000
vt 0.4807 0.2217 0.0000
vt 0.4758 0.2212 0.0000
vt 0.4807 0.2212 0.0000
vt 0.4757 0.2208 0.0000
vt 0.4807 0.2208 0.0000
vt 0.4731 0.2301 0.0000
vt 0.4731 0.2296 0.0000
vt 0.4735 0.2300 0.0000
vt 0.4735 0.2295 0.0000
vt 0.4730 0.2292 0.0000
vt 0.4735 0.2292 0.0000
vt 0.4740 0.2301 0.0000
vt 0.4740 0.2296 0.0000
vt 0.4740 0.2292 0.0000
vt 0.4740 0.2289 0.0000
vt 0.4735 0.2289 0.0000
vt 0.4731 0.2289 0.0000
vt 0.4661 0.2289 0.0000
vt 0.4661 0.2293 0.0000
vt 0.4657 0.2289 0.0000
vt 0.4657 0.2294 0.0000
vt 0.4662 0.2297 0.0000
vt 0.4657 0.2297 0.0000
vt 0.4652 0.2288 0.0000
vt 0.4652 0.2293 0.0000
vt 0.4652 0.2297 0.0000
vt 0.4652 0.2300 0.0000
vt 0.4657 0.2300 0.0000
vt 0.4661 0.2300 0.0000
vt 1.3496 0.8194 0.0000
vt 1.3496 0.8605 0.0000
vt 1.5277 0.8194 0.0000
vt 1.0450 0.8605 0.0000
vt 0.4757 0.2267 0.0000
vt 0.4757 0.2262 0.0000
vt 0.4807 0.2267 0.0000
vt 0.4807 0.2262 0.0000
vt 0.4757 0.2259 0.0000
vt 0.4807 0.2259 0.0000
vt 0.4757 0.2256 0.0000
vt 0.4807 0.2256 0.0000
vt 0.4571 0.1902 0.0000
vt 0.4571 0.1905 0.0000
vt 0.4458 0.1902 0.0000
vt 0.4458 0.1905 0.0000
vt 0.4571 0.1908 0.0000
vt 0.4458 0.1908 0.0000
vt 0.4571 0.1913 0.0000
vt 0.4458 0.1913 0.0000
vt 0.4757 0.2244 0.0000
vt 0.4758 0.2240 0.0000
vt 0.4807 0.2244 0.0000
vt 0.4807 0.2240 0.0000
vt 0.4758 0.2235 0.0000
vt 0.4807 0.2235 0.0000
vt 0.4757 0.2232 0.0000
vt 0.4807 0.2232 0.0000
vt 0.4856 0.2082 0.0000
vt 0.4852 0.2083 0.0000
vt 0.4856 0.2078 0.0000
vt 0.4852 0.2078 0.0000
vt 0.4856 0.2086 0.0000
vt 0.4860 0.2086 0.0000
vt 0.4852 0.2086 0.0000
vt 0.4847 0.2085 0.0000
vt 0.4847 0.2082 0.0000
vt 0.4847 0.2079 0.0000
vt 0.4852 0.2075 0.0000
vt 0.4856 0.2075 0.0000
vt 0.4847 0.2075 0.0000
vt 0.4860 0.2078 0.0000
vt 0.4860 0.2082 0.0000
vt 0.4860 0.2075 0.0000
vt 1.5277 0.8126 0.0000
vt 1.5255 0.8126 0.0000
vt 1.3520 0.8126 0.0000
vt 1.3496 0.8126 0.0000
vt 0.4853 0.2123 0.0000
vt 0.4853 0.2127 0.0000
vt 0.4849 0.2123 0.0000
vt 0.4849 0.2127 0.0000
vt 0.4858 0.2123 0.0000
vt 0.4858 0.2127 0.0000
vt 0.4858 0.2130 0.0000
vt 0.4853 0.2130 0.0000
vt 0.4848 0.2130 0.0000
vt 0.4846 0.2130 0.0000
vt 0.4846 0.2127 0.0000
vt 0.4846 0.2123 0.0000
vt 0.4846 0.2120 0.0000
vt 0.4848 0.2120 0.0000
vt 0.4853 0.2119 0.0000
vt 0.4858 0.2120 0.0000
vt 1.2015 0.9360 0.0000
vt 1.1983 0.9360 0.0000
vt 1.2014 0.9465 0.0000
vt 1.1983 0.9872 0.0000
vt 1.2368 0.9466 0.0000
vt 1.2368 0.9869 0.0000
vt 1.3916 0.9862 0.0000
vt 1.3916 0.9453 0.0000
vt 0.4888 0.1957 0.0000
vt 0.4888 0.1952 0.0000
vt 0.4892 0.1956 0.0000
vt 0.4892 0.1953 0.0000
vt 0.4893 0.1959 0.0000
vt 0.4888 0.1960 0.0000
vt 0.4883 0.1960 0.0000
vt 0.4883 0.1957 0.0000
vt 0.4883 0.1953 0.0000
vt 0.4878 0.1960 0.0000
vt 0.4878 0.1957 0.0000
vt 0.4878 0.1953 0.0000
vt 0.4878 0.1949 0.0000
vt 0.4883 0.1949 0.0000
vt 0.4888 0.1949 0.0000
vt 0.4647 0.2208 0.0000
vt 0.4647 0.2213 0.0000
vt 0.4587 0.2208 0.0000
vt 0.4587 0.2213 0.0000
vt 0.4647 0.2217 0.0000
vt 0.4587 0.2217 0.0000
vt 0.4647 0.2221 0.0000
vt 0.4587 0.2221 0.0000
vt 0.4712 0.2164 0.0000
vt 0.4712 0.2168 0.0000
vt 0.4652 0.2164 0.0000
vt 0.4652 0.2168 0.0000
vt 0.4712 0.2172 0.0000
vt 0.4652 0.2172 0.0000
vt 0.4712 0.2177 0.0000
vt 0.4652 0.2177 0.0000
vt 0.4842 0.2119 0.0000
vt 0.4842 0.2124 0.0000
vt 0.4782 0.2119 0.0000
vt 0.4782 0.2124 0.0000
vt 0.4842 0.2128 0.0000
vt 0.4782 0.2128 0.0000
vt 0.4842 0.2132 0.0000
vt 0.4782 0.2132 0.0000
vt 0.4517 0.2253 0.0000
vt 0.4517 0.2257 0.0000
vt 0.4458 0.2253 0.0000
vt 0.4458 0.2257 0.0000
vt 0.4517 0.2261 0.0000
vt 0.4458 0.2261 0.0000
vt 0.4517 0.2266 0.0000
vt 0.4458 0.2266 0.0000
vt 0.4841 0.2142 0.0000
vt 0.4841 0.2146 0.0000
vt 0.4781 0.2142 0.0000
vt 0.4781 0.2146 0.0000
vt 0.4841 0.2150 0.0000
vt 0.4781 0.2150 0.0000
vt 0.4841 0.2154 0.0000
vt 0.4781 0.2154 0.0000
vt 0.4890 0.1654 0.0000
vt 0.4886 0.1654 0.0000
vt 0.4890 0.1650 0.0000
vt 0.4886 0.1650 0.0000
vt 0.4890 0.1657 0.0000
vt 0.4894 0.1657 0.0000
vt 0.4886 0.1658 0.0000
vt 0.4881 0.1657 0.0000
vt 0.4881 0.1654 0.0000
vt 0.4881 0.1650 0.0000
vt 0.4886 0.1646 0.0000
vt 0.4890 0.1647 0.0000
vt 0.4881 0.1647 0.0000
vt 0.4894 0.1650 0.0000
vt 0.4894 0.1654 0.0000
vt 0.4894 0.1647 0.0000
vt 0.0450 0.9286 0.0000
vt 0.0450 0.9181 0.0000
vt 0.3496 0.9286 0.0000
vt 0.3496 0.9181 0.0000
vt 0.5277 0.9286 0.0000
vt 0.5277 0.9181 0.0000
vt 0.4854 0.2100 0.0000
vt 0.4854 0.2105 0.0000
vt 0.4849 0.2101 0.0000
vt 0.4849 0.2105 0.0000
vt 0.4858 0.2101 0.0000
vt 0.4858 0.2104 0.0000
vt 0.4859 0.2098 0.0000
vt 0.4854 0.2108 0.0000
vt 0.4849 0.2108 0.0000
vt 0.4847 0.2108 0.0000
vt 0.4847 0.2105 0.0000
vt 0.4847 0.2101 0.0000
vt 0.4847 0.2098 0.0000
vt 0.4849 0.2097 0.0000
vt 0.4854 0.2097 0.0000
vt 0.4857 0.2060 0.0000
vt 0.4857 0.2056 0.0000
vt 0.4861 0.2060 0.0000
vt 0.4861 0.2056 0.0000
vt 0.4861 0.2063 0.0000
vt 0.4857 0.2064 0.0000
vt 0.4852 0.2063 0.0000
vt 0.4852 0.2060 0.0000
vt 0.4852 0.2056 0.0000
vt 0.4847 0.2063 0.0000
vt 0.4847 0.2060 0.0000
vt 0.4847 0.2056 0.0000
vt 0.4847 0.2053 0.0000
vt 0.4852 0.2053 0.0000
vt 0.4857 0.2053 0.0000
vt 0.4861 0.2053 0.0000
vt 0.4781 0.2165 0.0000
vt 0.4785 0.2164 0.0000
vt 0.4781 0.2168 0.0000
vt 0.4785 0.2167 0.0000
vt 0.4790 0.2165 0.0000
vt 0.4790 0.2168 0.0000
vt 0.4785 0.2172 0.0000
vt 0.4790 0.2171 0.0000
vt 0.4785 0.2175 0.0000
vt 0.4781 0.2171 0.0000
vt 0.4837 0.1912 0.0000
vt 0.4837 0.1909 0.0000
vt 0.4889 0.1912 0.0000
vt 0.4889 0.1909 0.0000
vt 0.4837 0.1905 0.0000
vt 0.4889 0.1905 0.0000
vt 0.4837 0.1902 0.0000
vt 0.4889 0.1902 0.0000
vt 0.4740 0.1736 0.0000
vt 0.4740 0.1732 0.0000
vt 0.4837 0.1736 0.0000
vt 0.4837 0.1732 0.0000
vt 0.4740 0.1729 0.0000
vt 0.4837 0.1729 0.0000
vt 0.4740 0.1725 0.0000
vt 0.4837 0.1725 0.0000
vt 0.4837 0.1936 0.0000
vt 0.4837 0.1933 0.0000
vt 0.4878 0.1936 0.0000
vt 0.4878 0.1933 0.0000
vt 0.4837 0.1929 0.0000
vt 0.4878 0.1929 0.0000
vt 0.4837 0.1925 0.0000
vt 0.4878 0.1925 0.0000
vt 0.4611 0.1665 0.0000
vt 0.4612 0.1660 0.0000
vt 0.4629 0.1673 0.0000
vt 0.4629 0.1669 0.0000
vt 0.4630 0.1662 0.0000
vt 0.4642 0.1666 0.0000
vt 0.4613 0.1654 0.0000
vt 0.4641 0.1677 0.0000
vt 0.4641 0.1681 0.0000
vt 0.4628 0.1677 0.0000
vt 0.4611 0.1670 0.0000
vt 0.4599 0.1664 0.0000
vt 0.4599 0.1658 0.0000
vt 0.4600 0.1652 0.0000
vt 0.4601 0.1646 0.0000
vt 0.4679 0.1676 0.0000
vt 0.4678 0.1669 0.0000
vt 0.4691 0.1674 0.0000
vt 0.4666 0.1670 0.0000
vt 0.4666 0.1676 0.0000
vt 0.4654 0.1669 0.0000
vt 0.4654 0.1675 0.0000
vt 0.4641 0.1673 0.0000
vt 0.4654 0.1680 0.0000
vt 0.4653 0.1684 0.0000
vt 0.4666 0.1681 0.0000
vt 0.4666 0.1685 0.0000
vt 0.4679 0.1680 0.0000
vt 0.4679 0.1685 0.0000
vt 0.4691 0.1679 0.0000
vt 0.4691 0.1683 0.0000
vt 0.4704 0.1680 0.0000
vt 0.4703 0.1675 0.0000
vt 0.4721 0.1673 0.0000
vt 0.4722 0.1668 0.0000
vt 0.4720 0.1663 0.0000
vt 0.4703 0.1671 0.0000
vt 0.4733 0.1662 0.0000
vt 0.4732 0.1656 0.0000
vt 0.4731 0.1650 0.0000
vt 0.4719 0.1657 0.0000
vt 0.4703 0.1664 0.0000
vt 0.4691 0.1668 0.0000
vt 0.4734 0.1668 0.0000
vt 0.4469 0.1716 0.0000
vt 0.4471 0.1711 0.0000
vt 0.4488 0.1724 0.0000
vt 0.4488 0.1719 0.0000
vt 0.4489 0.1713 0.0000
vt 0.4501 0.1717 0.0000
vt 0.4472 0.1705 0.0000
vt 0.4500 0.1728 0.0000
vt 0.4500 0.1732 0.0000
vt 0.4487 0.1728 0.0000
vt 0.4470 0.1721 0.0000
vt 0.4458 0.1715 0.0000
vt 0.4458 0.1709 0.0000
vt 0.4459 0.1703 0.0000
vt 0.4460 0.1697 0.0000
vt 0.4538 0.1727 0.0000
vt 0.4537 0.1720 0.0000
vt 0.4550 0.1725 0.0000
vt 0.4525 0.1721 0.0000
vt 0.4525 0.1727 0.0000
vt 0.4513 0.1720 0.0000
vt 0.4513 0.1726 0.0000
vt 0.4500 0.1724 0.0000
vt 0.4512 0.1731 0.0000
vt 0.4512 0.1735 0.0000
vt 0.4525 0.1732 0.0000
vt 0.4525 0.1736 0.0000
vt 0.4538 0.1731 0.0000
vt 0.4538 0.1736 0.0000
vt 0.4550 0.1730 0.0000
vt 0.4550 0.1734 0.0000
vt 0.4563 0.1731 0.0000
vt 0.4562 0.1726 0.0000
vt 0.4580 0.1724 0.0000
vt 0.4581 0.1719 0.0000
vt 0.4579 0.1714 0.0000
vt 0.4562 0.1722 0.0000
vt 0.4592 0.1713 0.0000
vt 0.4591 0.1707 0.0000
vt 0.4590 0.1701 0.0000
vt 0.4578 0.1708 0.0000
vt 0.4562 0.1715 0.0000
vt 0.4550 0.1719 0.0000
vt 0.4592 0.1719 0.0000
vt 0.4839 0.1857 0.0000
vt 0.4744 0.1857 0.0000
vt 0.4839 0.1855 0.0000
vt 0.4744 0.1859 0.0000
vt 0.4839 0.1859 0.0000
vt 0.4744 0.1855 0.0000
vt 0.4651 0.1857 0.0000
vt 0.4651 0.1859 0.0000
vt 0.4651 0.1861 0.0000
vt 0.4752 0.1665 0.0000
vt 0.4753 0.1660 0.0000
vt 0.4770 0.1673 0.0000
vt 0.4770 0.1668 0.0000
vt 0.4771 0.1662 0.0000
vt 0.4783 0.1666 0.0000
vt 0.4754 0.1654 0.0000
vt 0.4782 0.1677 0.0000
vt 0.4782 0.1681 0.0000
vt 0.4769 0.1677 0.0000
vt 0.4752 0.1670 0.0000
vt 0.4740 0.1664 0.0000
vt 0.4740 0.1658 0.0000
vt 0.4741 0.1652 0.0000
vt 0.4743 0.1646 0.0000
vt 0.4820 0.1676 0.0000
vt 0.4819 0.1669 0.0000
vt 0.4832 0.1674 0.0000
vt 0.4807 0.1670 0.0000
vt 0.4807 0.1676 0.0000
vt 0.4795 0.1669 0.0000
vt 0.4795 0.1675 0.0000
vt 0.4782 0.1672 0.0000
vt 0.4795 0.1679 0.0000
vt 0.4794 0.1684 0.0000
vt 0.4807 0.1680 0.0000
vt 0.4807 0.1685 0.0000
vt 0.4820 0.1680 0.0000
vt 0.4820 0.1684 0.0000
vt 0.4832 0.1678 0.0000
vt 0.4833 0.1683 0.0000
vt 0.4845 0.1679 0.0000
vt 0.4845 0.1675 0.0000
vt 0.4862 0.1673 0.0000
vt 0.4863 0.1667 0.0000
vt 0.4861 0.1663 0.0000
vt 0.4844 0.1671 0.0000
vt 0.4874 0.1661 0.0000
vt 0.4873 0.1656 0.0000
vt 0.4872 0.1650 0.0000
vt 0.4860 0.1657 0.0000
vt 0.4844 0.1664 0.0000
vt 0.4832 0.1668 0.0000
vt 0.4875 0.1667 0.0000
vt 0.4668 0.1833 0.0000
vt 0.4574 0.1833 0.0000
vt 0.4668 0.1831 0.0000
vt 0.4574 0.1831 0.0000
vt 0.4668 0.1829 0.0000
vt 0.4574 0.1829 0.0000
vt 0.4762 0.1833 0.0000
vt 0.4762 0.1831 0.0000
vt 0.4762 0.1829 0.0000
vt 0.4458 0.1875 0.0000
vt 0.4551 0.1875 0.0000
vt 0.4458 0.1870 0.0000
vt 0.4551 0.1873 0.0000
vt 0.4458 0.1873 0.0000
vt 0.4551 0.1870 0.0000
vt 0.4646 0.1870 0.0000
vt 0.4646 0.1875 0.0000
vt 0.4646 0.1873 0.0000
vt 0.4458 0.1859 0.0000
vt 0.4551 0.1859 0.0000
vt 0.4458 0.1855 0.0000
vt 0.4551 0.1857 0.0000
vt 0.4458 0.1857 0.0000
vt 0.4551 0.1855 0.0000
vt 0.4646 0.1859 0.0000
vt 0.4646 0.1857 0.0000
vt 0.4646 0.1855 0.0000
vt 0.4734 0.1718 0.0000
vt 0.4721 0.1724 0.0000
vt 0.4733 0.1712 0.0000
vt 0.4722 0.1718 0.0000
vt 0.4732 0.1707 0.0000
vt 0.4720 0.1714 0.0000
vt 0.4731 0.1701 0.0000
vt 0.4719 0.1708 0.0000
vt 0.4703 0.1722 0.0000
vt 0.4703 0.1715 0.0000
vt 0.4691 0.1719 0.0000
vt 0.4691 0.1725 0.0000
vt 0.4678 0.1720 0.0000
vt 0.4703 0.1726 0.0000
vt 0.4691 0.1729 0.0000
vt 0.4679 0.1727 0.0000
vt 0.4679 0.1731 0.0000
vt 0.4666 0.1727 0.0000
vt 0.4666 0.1731 0.0000
vt 0.4654 0.1726 0.0000
vt 0.4654 0.1730 0.0000
vt 0.4641 0.1723 0.0000
vt 0.4641 0.1728 0.0000
vt 0.4641 0.1732 0.0000
vt 0.4653 0.1735 0.0000
vt 0.4666 0.1721 0.0000
vt 0.4654 0.1720 0.0000
vt 0.4642 0.1717 0.0000
vt 0.4629 0.1719 0.0000
vt 0.4629 0.1724 0.0000
vt 0.4611 0.1716 0.0000
vt 0.4612 0.1711 0.0000
vt 0.4630 0.1713 0.0000
vt 0.4613 0.1705 0.0000
vt 0.4628 0.1728 0.0000
vt 0.4611 0.1721 0.0000
vt 0.4599 0.1715 0.0000
vt 0.4599 0.1709 0.0000
vt 0.4600 0.1703 0.0000
vt 0.4601 0.1697 0.0000
vt 0.4666 0.1736 0.0000
vt 0.4679 0.1735 0.0000
vt 0.4691 0.1734 0.0000
vt 0.4704 0.1730 0.0000
vt 0.4599 0.1778 0.0000
vt 0.4692 0.1778 0.0000
vt 0.4599 0.1781 0.0000
vt 0.4692 0.1776 0.0000
vt 0.4599 0.1776 0.0000
vt 0.4692 0.1781 0.0000
vt 0.4787 0.1778 0.0000
vt 0.4787 0.1776 0.0000
vt 0.4787 0.1781 0.0000
vt 0.4551 0.1890 0.0000
vt 0.4458 0.1890 0.0000
vt 0.4551 0.1888 0.0000
vt 0.4458 0.1888 0.0000
vt 0.4458 0.1886 0.0000
vt 0.4551 0.1886 0.0000
vt 0.4646 0.1890 0.0000
vt 0.4646 0.1888 0.0000
vt 0.4646 0.1886 0.0000
vt 0.4667 0.1805 0.0000
vt 0.4761 0.1805 0.0000
vt 0.4667 0.1801 0.0000
vt 0.4761 0.1803 0.0000
vt 0.4667 0.1803 0.0000
vt 0.4761 0.1801 0.0000
vt 0.4855 0.1805 0.0000
vt 0.4855 0.1803 0.0000
vt 0.4855 0.1801 0.0000
vt 0.4592 0.1668 0.0000
vt 0.4580 0.1673 0.0000
vt 0.4592 0.1662 0.0000
vt 0.4581 0.1668 0.0000
vt 0.4591 0.1656 0.0000
vt 0.4579 0.1663 0.0000
vt 0.4590 0.1650 0.0000
vt 0.4578 0.1657 0.0000
vt 0.4562 0.1671 0.0000
vt 0.4562 0.1665 0.0000
vt 0.4550 0.1668 0.0000
vt 0.4550 0.1674 0.0000
vt 0.4537 0.1670 0.0000
vt 0.4562 0.1675 0.0000
vt 0.4550 0.1679 0.0000
vt 0.4538 0.1676 0.0000
vt 0.4538 0.1680 0.0000
vt 0.4525 0.1676 0.0000
vt 0.4525 0.1681 0.0000
vt 0.4513 0.1675 0.0000
vt 0.4512 0.1680 0.0000
vt 0.4500 0.1673 0.0000
vt 0.4500 0.1677 0.0000
vt 0.4500 0.1681 0.0000
vt 0.4512 0.1684 0.0000
vt 0.4525 0.1670 0.0000
vt 0.4513 0.1669 0.0000
vt 0.4501 0.1666 0.0000
vt 0.4488 0.1669 0.0000
vt 0.4488 0.1673 0.0000
vt 0.4469 0.1665 0.0000
vt 0.4471 0.1660 0.0000
vt 0.4489 0.1662 0.0000
vt 0.4472 0.1654 0.0000
vt 0.4487 0.1677 0.0000
vt 0.4470 0.1670 0.0000
vt 0.4458 0.1664 0.0000
vt 0.4458 0.1658 0.0000
vt 0.4459 0.1652 0.0000
vt 0.4460 0.1646 0.0000
vt 0.4525 0.1685 0.0000
vt 0.4538 0.1685 0.0000
vt 0.4550 0.1683 0.0000
vt 0.4563 0.1680 0.0000
vt 0.4592 0.1769 0.0000
vt 0.4580 0.1775 0.0000
vt 0.4592 0.1763 0.0000
vt 0.4581 0.1769 0.0000
vt 0.4591 0.1758 0.0000
vt 0.4579 0.1765 0.0000
vt 0.4590 0.1752 0.0000
vt 0.4578 0.1759 0.0000
vt 0.4562 0.1773 0.0000
vt 0.4562 0.1766 0.0000
vt 0.4550 0.1770 0.0000
vt 0.4550 0.1776 0.0000
vt 0.4537 0.1771 0.0000
vt 0.4562 0.1777 0.0000
vt 0.4550 0.1780 0.0000
vt 0.4538 0.1778 0.0000
vt 0.4538 0.1782 0.0000
vt 0.4525 0.1778 0.0000
vt 0.4525 0.1782 0.0000
vt 0.4513 0.1777 0.0000
vt 0.4512 0.1781 0.0000
vt 0.4500 0.1774 0.0000
vt 0.4500 0.1779 0.0000
vt 0.4500 0.1783 0.0000
vt 0.4512 0.1786 0.0000
vt 0.4525 0.1772 0.0000
vt 0.4513 0.1771 0.0000
vt 0.4501 0.1768 0.0000
vt 0.4488 0.1770 0.0000
vt 0.4488 0.1775 0.0000
vt 0.4469 0.1766 0.0000
vt 0.4471 0.1762 0.0000
vt 0.4489 0.1764 0.0000
vt 0.4472 0.1756 0.0000
vt 0.4487 0.1779 0.0000
vt 0.4470 0.1772 0.0000
vt 0.4458 0.1766 0.0000
vt 0.4458 0.1760 0.0000
vt 0.4459 0.1754 0.0000
vt 0.4460 0.1748 0.0000
vt 0.4730 0.2261 0.0000
vt 0.4739 0.2261 0.0000
vt 0.4731 0.2266 0.0000
vt 0.4739 0.2265 0.0000
vt 0.4748 0.2261 0.0000
vt 0.4747 0.2266 0.0000
vt 0.4739 0.2272 0.0000
vt 0.4747 0.2272 0.0000
vt 0.4748 0.2276 0.0000
vt 0.4739 0.2277 0.0000
vt 0.4730 0.2276 0.0000
vt 0.4731 0.2272 0.0000
vt 0.4696 0.2236 0.0000
vt 0.4696 0.2241 0.0000
vt 0.4652 0.2236 0.0000
vt 0.4652 0.2241 0.0000
vt 0.4696 0.2246 0.0000
vt 0.4652 0.2246 0.0000
vt 0.4696 0.2252 0.0000
vt 0.4652 0.2252 0.0000
vt 0.4588 0.2246 0.0000
vt 0.4588 0.2240 0.0000
vt 0.4636 0.2246 0.0000
vt 0.4636 0.2240 0.0000
vt 0.4587 0.2235 0.0000
vt 0.4637 0.2235 0.0000
vt 0.4588 0.2230 0.0000
vt 0.4636 0.2230 0.0000
vt 0.4652 0.2224 0.0000
vt 0.4652 0.2218 0.0000
vt 0.4701 0.2224 0.0000
vt 0.4701 0.2218 0.0000
vt 0.4652 0.2213 0.0000
vt 0.4701 0.2213 0.0000
vt 0.4652 0.2208 0.0000
vt 0.4701 0.2208 0.0000
vt 0.4813 0.2257 0.0000
vt 0.4822 0.2256 0.0000
vt 0.4814 0.2261 0.0000
vt 0.4822 0.2261 0.0000
vt 0.4830 0.2257 0.0000
vt 0.4830 0.2261 0.0000
vt 0.4822 0.2267 0.0000
vt 0.4830 0.2267 0.0000
vt 0.4830 0.2271 0.0000
vt 0.4822 0.2272 0.0000
vt 0.4813 0.2271 0.0000
vt 0.4814 0.2267 0.0000
vt 0.4707 0.2261 0.0000
vt 0.4716 0.2261 0.0000
vt 0.4708 0.2265 0.0000
vt 0.4716 0.2265 0.0000
vt 0.4724 0.2262 0.0000
vt 0.4724 0.2266 0.0000
vt 0.4716 0.2272 0.0000
vt 0.4724 0.2272 0.0000
vt 0.4724 0.2276 0.0000
vt 0.4716 0.2277 0.0000
vt 0.4707 0.2276 0.0000
vt 0.4707 0.2271 0.0000
vt 0.4458 0.1591 0.0000
vt 0.4793 0.1591 0.0000
vt 0.4458 0.1595 0.0000
vt 0.4793 0.1595 0.0000
vt 0.4458 0.1602 0.0000
vt 0.4793 0.1602 0.0000
vt 0.4458 0.1606 0.0000
vt 0.4793 0.1606 0.0000
vt 0.4458 0.1535 0.0000
vt 0.4793 0.1535 0.0000
vt 0.4458 0.1539 0.0000
vt 0.4793 0.1539 0.0000
vt 0.4458 0.1544 0.0000
vt 0.4793 0.1544 0.0000
vt 0.4458 0.1550 0.0000
vt 0.4793 0.1550 0.0000
vt 0.4458 0.1447 0.0000
vt 0.4856 0.1445 0.0000
vt 0.4458 0.1441 0.0000
vt 0.4856 0.1439 0.0000
vt 0.4458 0.1436 0.0000
vt 0.4857 0.1434 0.0000
vt 0.4458 0.1432 0.0000
vt 0.4856 0.1430 0.0000
vt 0.4458 0.1526 0.0000
vt 0.4856 0.1524 0.0000
vt 0.4458 0.1520 0.0000
vt 0.4856 0.1518 0.0000
vt 0.4458 0.1515 0.0000
vt 0.4857 0.1513 0.0000
vt 0.4458 0.1510 0.0000
vt 0.4856 0.1508 0.0000
vt 0.4649 0.2018 0.0000
vt 0.4589 0.2018 0.0000
vt 0.4649 0.2014 0.0000
vt 0.4589 0.2014 0.0000
vt 0.4649 0.2009 0.0000
vt 0.4589 0.2009 0.0000
vt 0.4649 0.2005 0.0000
vt 0.4589 0.2005 0.0000
vt 0.4583 0.2043 0.0000
vt 0.4522 0.2043 0.0000
vt 0.4583 0.2039 0.0000
vt 0.4522 0.2039 0.0000
vt 0.4583 0.2035 0.0000
vt 0.4522 0.2035 0.0000
vt 0.4583 0.2030 0.0000
vt 0.4522 0.2030 0.0000
vt 0.4518 0.2066 0.0000
vt 0.4458 0.2066 0.0000
vt 0.4518 0.2061 0.0000
vt 0.4458 0.2061 0.0000
vt 0.4518 0.2057 0.0000
vt 0.4458 0.2057 0.0000
vt 0.4518 0.2053 0.0000
vt 0.4458 0.2053 0.0000
vt 0.4703 0.1938 0.0000
vt 0.4642 0.1938 0.0000
vt 0.4703 0.1934 0.0000
vt 0.4642 0.1934 0.0000
vt 0.4703 0.1930 0.0000
vt 0.4642 0.1930 0.0000
vt 0.4703 0.1925 0.0000
vt 0.4642 0.1925 0.0000
vt 0.4703 0.1915 0.0000
vt 0.4642 0.1915 0.0000
vt 0.4703 0.1910 0.0000
vt 0.4642 0.1910 0.0000
vt 0.4703 0.1906 0.0000
vt 0.4642 0.1906 0.0000
vt 0.4703 0.1902 0.0000
vt 0.4642 0.1902 0.0000
vt 0.4744 0.1962 0.0000
vt 0.4683 0.1962 0.0000
vt 0.4744 0.1958 0.0000
vt 0.4683 0.1958 0.0000
vt 0.4744 0.1953 0.0000
vt 0.4683 0.1953 0.0000
vt 0.4744 0.1949 0.0000
vt 0.4683 0.1949 0.0000
vt 0.4664 0.1990 0.0000
vt 0.4604 0.1990 0.0000
vt 0.4664 0.1986 0.0000
vt 0.4604 0.1986 0.0000
vt 0.4664 0.1981 0.0000
vt 0.4604 0.1981 0.0000
vt 0.4664 0.1977 0.0000
vt 0.4604 0.1977 0.0000
vt 0.4585 0.2018 0.0000
vt 0.4524 0.2018 0.0000
vt 0.4585 0.2014 0.0000
vt 0.4524 0.2014 0.0000
vt 0.4585 0.2009 0.0000
vt 0.4524 0.2009 0.0000
vt 0.4585 0.2005 0.0000
vt 0.4524 0.2005 0.0000
vt 0.4518 0.2043 0.0000
vt 0.4458 0.2043 0.0000
vt 0.4518 0.2039 0.0000
vt 0.4458 0.2039 0.0000
vt 0.4518 0.2035 0.0000
vt 0.4458 0.2035 0.0000
vt 0.4518 0.2030 0.0000
vt 0.4458 0.2030 0.0000
vt 0.4866 0.1563 0.0000
vt 0.4874 0.1563 0.0000
vt 0.4866 0.1568 0.0000
vt 0.4883 0.1567 0.0000
vt 0.4874 0.1567 0.0000
vt 0.4882 0.1563 0.0000
vt 0.4874 0.1571 0.0000
vt 0.4882 0.1572 0.0000
vt 0.4882 0.1578 0.0000
vt 0.4874 0.1577 0.0000
vt 0.4867 0.1578 0.0000
vt 0.4867 0.1572 0.0000
vt 0.4458 0.2164 0.0000
vt 0.4458 0.2168 0.0000
vt 0.4518 0.2164 0.0000
vt 0.4518 0.2168 0.0000
vt 0.4458 0.2173 0.0000
vt 0.4518 0.2173 0.0000
vt 0.4458 0.2177 0.0000
vt 0.4518 0.2177 0.0000
vt 0.4782 0.2035 0.0000
vt 0.4782 0.2039 0.0000
vt 0.4842 0.2035 0.0000
vt 0.4842 0.2039 0.0000
vt 0.4782 0.2030 0.0000
vt 0.4842 0.2030 0.0000
vt 0.4782 0.2043 0.0000
vt 0.4842 0.2043 0.0000
vt 0.4717 0.2053 0.0000
vt 0.4717 0.2057 0.0000
vt 0.4777 0.2053 0.0000
vt 0.4777 0.2057 0.0000
vt 0.4717 0.2061 0.0000
vt 0.4777 0.2061 0.0000
vt 0.4717 0.2066 0.0000
vt 0.4777 0.2066 0.0000
vt 0.4652 0.2075 0.0000
vt 0.4652 0.2079 0.0000
vt 0.4713 0.2075 0.0000
vt 0.4713 0.2079 0.0000
vt 0.4652 0.2084 0.0000
vt 0.4713 0.2084 0.0000
vt 0.4652 0.2088 0.0000
vt 0.4713 0.2088 0.0000
vt 0.4587 0.2097 0.0000
vt 0.4587 0.2101 0.0000
vt 0.4648 0.2097 0.0000
vt 0.4648 0.2101 0.0000
vt 0.4587 0.2106 0.0000
vt 0.4648 0.2106 0.0000
vt 0.4587 0.2110 0.0000
vt 0.4648 0.2110 0.0000
vt 0.4522 0.2119 0.0000
vt 0.4522 0.2124 0.0000
vt 0.4583 0.2119 0.0000
vt 0.4583 0.2124 0.0000
vt 0.4522 0.2128 0.0000
vt 0.4583 0.2128 0.0000
vt 0.4522 0.2132 0.0000
vt 0.4583 0.2132 0.0000
vt 0.4458 0.2142 0.0000
vt 0.4458 0.2146 0.0000
vt 0.4518 0.2142 0.0000
vt 0.4518 0.2146 0.0000
vt 0.4458 0.2150 0.0000
vt 0.4518 0.2150 0.0000
vt 0.4458 0.2155 0.0000
vt 0.4518 0.2155 0.0000
vt 0.4784 0.2005 0.0000
vt 0.4784 0.2009 0.0000
vt 0.4844 0.2005 0.0000
vt 0.4844 0.2009 0.0000
vt 0.4784 0.2014 0.0000
vt 0.4844 0.2014 0.0000
vt 0.4784 0.2018 0.0000
vt 0.4844 0.2018 0.0000
vt 0.4717 0.2035 0.0000
vt 0.4717 0.2039 0.0000
vt 0.4777 0.2035 0.0000
vt 0.4777 0.2039 0.0000
vt 0.4717 0.2030 0.0000
vt 0.4777 0.2030 0.0000
vt 0.4717 0.2043 0.0000
vt 0.4777 0.2043 0.0000
vt 0.4652 0.2057 0.0000
vt 0.4652 0.2061 0.0000
vt 0.4713 0.2057 0.0000
vt 0.4713 0.2061 0.0000
vt 0.4652 0.2053 0.0000
vt 0.4713 0.2053 0.0000
vt 0.4652 0.2066 0.0000
vt 0.4713 0.2066 0.0000
vt 0.4587 0.2075 0.0000
vt 0.4587 0.2079 0.0000
vt 0.4648 0.2075 0.0000
vt 0.4648 0.2079 0.0000
vt 0.4587 0.2084 0.0000
vt 0.4648 0.2084 0.0000
vt 0.4587 0.2088 0.0000
vt 0.4648 0.2088 0.0000
vt 0.4522 0.2101 0.0000
vt 0.4522 0.2106 0.0000
vt 0.4583 0.2101 0.0000
vt 0.4583 0.2106 0.0000
vt 0.4522 0.2097 0.0000
vt 0.4583 0.2097 0.0000
vt 0.4522 0.2110 0.0000
vt 0.4583 0.2110 0.0000
vt 0.4458 0.2124 0.0000
vt 0.4458 0.2128 0.0000
vt 0.4518 0.2124 0.0000
vt 0.4518 0.2128 0.0000
vt 0.4458 0.2119 0.0000
vt 0.4518 0.2119 0.0000
vt 0.4458 0.2132 0.0000
vt 0.4518 0.2132 0.0000
vt 0.4522 0.2208 0.0000
vt 0.4522 0.2213 0.0000
vt 0.4583 0.2208 0.0000
vt 0.4583 0.2213 0.0000
vt 0.4522 0.2217 0.0000
vt 0.4583 0.2217 0.0000
vt 0.4522 0.2221 0.0000
vt 0.4583 0.2221 0.0000
vt 0.4719 0.2005 0.0000
vt 0.4719 0.2009 0.0000
vt 0.4779 0.2005 0.0000
vt 0.4779 0.2009 0.0000
vt 0.4719 0.2014 0.0000
vt 0.4779 0.2014 0.0000
vt 0.4719 0.2018 0.0000
vt 0.4779 0.2018 0.0000
vt 0.4652 0.2030 0.0000
vt 0.4652 0.2035 0.0000
vt 0.4713 0.2030 0.0000
vt 0.4713 0.2035 0.0000
vt 0.4652 0.2039 0.0000
vt 0.4713 0.2039 0.0000
vt 0.4652 0.2043 0.0000
vt 0.4713 0.2043 0.0000
vt 0.4587 0.2053 0.0000
vt 0.4587 0.2057 0.0000
vt 0.4648 0.2053 0.0000
vt 0.4648 0.2057 0.0000
vt 0.4587 0.2061 0.0000
vt 0.4648 0.2061 0.0000
vt 0.4587 0.2066 0.0000
vt 0.4648 0.2066 0.0000
vt 0.4522 0.2075 0.0000
vt 0.4522 0.2079 0.0000
vt 0.4583 0.2075 0.0000
vt 0.4583 0.2079 0.0000
vt 0.4522 0.2084 0.0000
vt 0.4583 0.2084 0.0000
vt 0.4522 0.2088 0.0000
vt 0.4583 0.2088 0.0000
vt 0.4458 0.2097 0.0000
vt 0.4458 0.2101 0.0000
vt 0.4518 0.2097 0.0000
vt 0.4518 0.2101 0.0000
vt 0.4458 0.2106 0.0000
vt 0.4518 0.2106 0.0000
vt 0.4458 0.2110 0.0000
vt 0.4518 0.2110 0.0000
vt 0.4772 0.1925 0.0000
vt 0.4772 0.1930 0.0000
vt 0.4832 0.1925 0.0000
vt 0.4832 0.1930 0.0000
vt 0.4772 0.1934 0.0000
vt 0.4832 0.1934 0.0000
vt 0.4772 0.1938 0.0000
vt 0.4832 0.1938 0.0000
vt 0.4772 0.1902 0.0000
vt 0.4772 0.1906 0.0000
vt 0.4832 0.1902 0.0000
vt 0.4832 0.1906 0.0000
vt 0.4772 0.1910 0.0000
vt 0.4832 0.1910 0.0000
vt 0.4772 0.1915 0.0000
vt 0.4832 0.1915 0.0000
vt 0.4813 0.1949 0.0000
vt 0.4813 0.1953 0.0000
vt 0.4873 0.1949 0.0000
vt 0.4873 0.1953 0.0000
vt 0.4813 0.1958 0.0000
vt 0.4873 0.1958 0.0000
vt 0.4813 0.1962 0.0000
vt 0.4873 0.1962 0.0000
vt 0.4794 0.1990 0.0000
vt 0.4734 0.1990 0.0000
vt 0.4794 0.1986 0.0000
vt 0.4734 0.1986 0.0000
vt 0.4794 0.1981 0.0000
vt 0.4734 0.1981 0.0000
vt 0.4794 0.1977 0.0000
vt 0.4734 0.1977 0.0000
vt 0.4866 0.1619 0.0000
vt 0.4874 0.1619 0.0000
vt 0.4866 0.1624 0.0000
vt 0.4883 0.1623 0.0000
vt 0.4874 0.1623 0.0000
vt 0.4882 0.1619 0.0000
vt 0.4874 0.1627 0.0000
vt 0.4882 0.1628 0.0000
vt 0.4882 0.1634 0.0000
vt 0.4874 0.1633 0.0000
vt 0.4867 0.1634 0.0000
vt 0.4867 0.1628 0.0000
vt 0.4714 0.2014 0.0000
vt 0.4654 0.2014 0.0000
vt 0.4714 0.2009 0.0000
vt 0.4654 0.2009 0.0000
vt 0.4714 0.2005 0.0000
vt 0.4654 0.2005 0.0000
vt 0.4714 0.2018 0.0000
vt 0.4654 0.2018 0.0000
vt 0.4859 0.1990 0.0000
vt 0.4798 0.1990 0.0000
vt 0.4859 0.1986 0.0000
vt 0.4798 0.1986 0.0000
vt 0.4859 0.1981 0.0000
vt 0.4798 0.1981 0.0000
vt 0.4859 0.1977 0.0000
vt 0.4798 0.1977 0.0000
vt 1.0445 0.1459 0.0000
vt 1.0479 0.1459 0.0000
vt 1.0445 0.1614 0.0000
vt 1.0479 0.1614 0.0000
vt 1.0445 0.1774 0.0000
vt 1.0479 0.1774 0.0000
vt 1.0445 0.1934 0.0000
vt 1.0479 0.1934 0.0000
vt 1.0445 0.2089 0.0000
vt 1.0479 0.2089 0.0000
vt 1.0495 0.1233 0.0000
vt 1.0520 0.1233 0.0000
vt 1.0520 0.1515 0.0000
vt 1.0495 0.2025 0.0000
vt 1.0520 0.1743 0.0000
vt 1.0520 0.2025 0.0000
vt 1.0793 0.2297 0.0000
vt 1.0932 0.2277 0.0000
vt 1.0793 0.2557 0.0000
vt 1.0932 0.2037 0.0000
vt 1.0793 0.2037 0.0000
vt 1.0681 0.2037 0.0000
vt 1.0681 0.2297 0.0000
vt 1.0542 0.2277 0.0000
vt 1.0681 0.2557 0.0000
vt 1.0542 0.2037 0.0000
vt 1.1085 0.2553 0.0000
vt 1.0946 0.2273 0.0000
vt 1.0946 0.2033 0.0000
vt 0.4583 0.2155 0.0000
vt 0.4522 0.2155 0.0000
vt 0.4583 0.2150 0.0000
vt 0.4522 0.2150 0.0000
vt 0.4583 0.2146 0.0000
vt 0.4522 0.2146 0.0000
vt 0.4583 0.2142 0.0000
vt 0.4522 0.2142 0.0000
vt 1.1337 0.2033 0.0000
vt 1.1337 0.2273 0.0000
vt 1.1198 0.2553 0.0000
vt 0.4648 0.2132 0.0000
vt 0.4587 0.2132 0.0000
vt 0.4648 0.2128 0.0000
vt 0.4587 0.2128 0.0000
vt 0.4648 0.2124 0.0000
vt 0.4587 0.2124 0.0000
vt 0.4648 0.2119 0.0000
vt 0.4587 0.2119 0.0000
vt 1.1626 0.2965 0.0000
vt 1.1626 0.2933 0.0000
vt 1.1591 0.2966 0.0000
vt 1.1605 0.2933 0.0000
vt 1.1590 0.2787 0.0000
vt 1.1604 0.2781 0.0000
vt 1.1574 0.2639 0.0000
vt 1.1563 0.2660 0.0000
vt 1.1499 0.2578 0.0000
vt 1.1499 0.2607 0.0000
vt 1.1425 0.2639 0.0000
vt 1.1436 0.2660 0.0000
vt 1.1395 0.2781 0.0000
vt 1.1409 0.2787 0.0000
vt 1.1394 0.2933 0.0000
vt 1.1408 0.2966 0.0000
vt 1.1373 0.2965 0.0000
vt 1.1373 0.2933 0.0000
vt 1.1492 0.2702 0.0000
vt 1.1492 0.2734 0.0000
vt 1.1527 0.2701 0.0000
vt 1.1512 0.2733 0.0000
vt 1.1528 0.2880 0.0000
vt 1.1513 0.2886 0.0000
vt 1.1544 0.3028 0.0000
vt 1.1555 0.3007 0.0000
vt 1.1618 0.3089 0.0000
vt 1.1618 0.3059 0.0000
vt 1.1692 0.3028 0.0000
vt 1.1682 0.3007 0.0000
vt 1.1723 0.2886 0.0000
vt 1.1709 0.2880 0.0000
vt 1.1724 0.2733 0.0000
vt 1.1710 0.2701 0.0000
vt 1.1745 0.2702 0.0000
vt 1.1745 0.2734 0.0000
vt 0.4712 0.2110 0.0000
vt 0.4652 0.2110 0.0000
vt 0.4712 0.2106 0.0000
vt 0.4652 0.2106 0.0000
vt 0.4712 0.2101 0.0000
vt 0.4652 0.2101 0.0000
vt 0.4712 0.2097 0.0000
vt 0.4652 0.2097 0.0000
vt 1.1518 0.1985 0.0000
vt 1.1518 0.1725 0.0000
vt 1.1387 0.1985 0.0000
vt 1.1375 0.1725 0.0000
vt 1.1362 0.1985 0.0000
vt 1.1362 0.2294 0.0000
vt 1.1387 0.2246 0.0000
vt 1.0858 0.1984 0.0000
vt 1.0858 0.1724 0.0000
vt 0.4777 0.2088 0.0000
vt 0.4717 0.2088 0.0000
vt 0.4777 0.2084 0.0000
vt 0.4717 0.2084 0.0000
vt 0.4777 0.2079 0.0000
vt 0.4717 0.2079 0.0000
vt 0.4777 0.2075 0.0000
vt 0.4717 0.2075 0.0000
vt 0.4842 0.2066 0.0000
vt 0.4782 0.2066 0.0000
vt 0.4842 0.2061 0.0000
vt 0.4782 0.2061 0.0000
vt 0.4842 0.2057 0.0000
vt 0.4782 0.2057 0.0000
vt 0.4842 0.2053 0.0000
vt 0.4782 0.2053 0.0000
vt 0.4648 0.2195 0.0000
vt 0.4587 0.2195 0.0000
vt 0.4648 0.2190 0.0000
vt 0.4587 0.2190 0.0000
vt 0.4648 0.2186 0.0000
vt 0.4587 0.2186 0.0000
vt 0.4648 0.2199 0.0000
vt 0.4587 0.2199 0.0000
vt 0.4518 0.2195 0.0000
vt 0.4458 0.2195 0.0000
vt 0.4518 0.2190 0.0000
vt 0.4458 0.2190 0.0000
vt 0.4518 0.2186 0.0000
vt 0.4458 0.2186 0.0000
vt 0.4518 0.2199 0.0000
vt 0.4458 0.2199 0.0000
vt 0.4583 0.2177 0.0000
vt 0.4522 0.2177 0.0000
vt 0.4583 0.2173 0.0000
vt 0.4522 0.2173 0.0000
vt 0.4583 0.2168 0.0000
vt 0.4522 0.2168 0.0000
vt 0.4583 0.2164 0.0000
vt 0.4522 0.2164 0.0000
vt 0.4648 0.2150 0.0000
vt 0.4587 0.2150 0.0000
vt 0.4648 0.2146 0.0000
vt 0.4587 0.2146 0.0000
vt 0.4648 0.2142 0.0000
vt 0.4587 0.2142 0.0000
vt 0.4648 0.2155 0.0000
vt 0.4587 0.2155 0.0000
vt 0.4712 0.2128 0.0000
vt 0.4652 0.2128 0.0000
vt 0.4712 0.2124 0.0000
vt 0.4652 0.2124 0.0000
vt 0.4712 0.2119 0.0000
vt 0.4652 0.2119 0.0000
vt 0.4712 0.2132 0.0000
vt 0.4652 0.2132 0.0000
vt 0.4777 0.2110 0.0000
vt 0.4717 0.2110 0.0000
vt 0.4777 0.2106 0.0000
vt 0.4717 0.2106 0.0000
vt 0.4777 0.2101 0.0000
vt 0.4717 0.2101 0.0000
vt 0.4777 0.2097 0.0000
vt 0.4717 0.2097 0.0000
vt 0.4842 0.2088 0.0000
vt 0.4782 0.2088 0.0000
vt 0.4842 0.2084 0.0000
vt 0.4782 0.2084 0.0000
vt 0.4842 0.2079 0.0000
vt 0.4782 0.2079 0.0000
vt 0.4842 0.2075 0.0000
vt 0.4782 0.2075 0.0000
vt 0.0423 0.1196 0.0000
vt 0.0423 0.0935 0.0000
vt 0.0481 0.1196 0.0000
vt 0.0481 0.0935 0.0000
vt 0.0539 0.1196 0.0000
vt 0.0539 0.0935 0.0000
vt 0.0597 0.1196 0.0000
vt 0.0597 0.0935 0.0000
vt 0.0656 0.1196 0.0000
vt 0.0656 0.0935 0.0000
vt 0.0714 0.1196 0.0000
vt 0.0714 0.0935 0.0000
vt 0.0772 0.0935 0.0000
vt 0.0772 0.1196 0.0000
vt 0.4518 0.2221 0.0000
vt 0.4458 0.2221 0.0000
vt 0.4518 0.2217 0.0000
vt 0.4458 0.2217 0.0000
vt 0.4518 0.2213 0.0000
vt 0.4458 0.2213 0.0000
vt 0.4518 0.2208 0.0000
vt 0.4458 0.2208 0.0000
vt 0.1198 0.2829 0.0000
vt 0.1198 0.2691 0.0000
vt 0.1246 0.2928 0.0000
vt 0.1247 0.2595 0.0000
vt 0.1315 0.2929 0.0000
vt 0.1316 0.2596 0.0000
vt 0.1364 0.2832 0.0000
vt 0.1365 0.2695 0.0000
vt 0.1745 0.1333 0.0000
vt 0.1550 0.1333 0.0000
vt 0.1745 0.1195 0.0000
vt 0.1550 0.1195 0.0000
vt 0.1745 0.1057 0.0000
vt 0.1550 0.1057 0.0000
vt 0.1745 0.0920 0.0000
vt 0.1550 0.0920 0.0000
vt 0.1745 0.2022 0.0000
vt 0.1550 0.2022 0.0000
vt 0.1745 0.1884 0.0000
vt 0.1550 0.1884 0.0000
vt 0.1745 0.1746 0.0000
vt 0.1550 0.1746 0.0000
vt 0.1745 0.1608 0.0000
vt 0.1550 0.1608 0.0000
vt 0.1745 0.1471 0.0000
vt 0.1550 0.1471 0.0000
vt 0.4583 0.2199 0.0000
vt 0.4522 0.2199 0.0000
vt 0.4583 0.2195 0.0000
vt 0.4522 0.2195 0.0000
vt 0.4583 0.2190 0.0000
vt 0.4522 0.2190 0.0000
vt 0.4583 0.2186 0.0000
vt 0.4522 0.2186 0.0000
vt 0.1563 0.2660 0.0000
vt 0.1574 0.2639 0.0000
vt 0.1590 0.2787 0.0000
vt 0.1604 0.2781 0.0000
vt 0.1605 0.2933 0.0000
vt 0.1591 0.2966 0.0000
vt 0.1626 0.2933 0.0000
vt 0.1626 0.2965 0.0000
vt 0.1373 0.2933 0.0000
vt 0.1394 0.2933 0.0000
vt 0.1373 0.2965 0.0000
vt 0.1408 0.2966 0.0000
vt 0.1409 0.2787 0.0000
vt 0.1395 0.2781 0.0000
vt 0.1436 0.2660 0.0000
vt 0.1425 0.2639 0.0000
vt 0.1499 0.2607 0.0000
vt 0.1499 0.2578 0.0000
vt 0.1555 0.3007 0.0000
vt 0.1544 0.3028 0.0000
vt 0.1528 0.2880 0.0000
vt 0.1513 0.2886 0.0000
vt 0.1512 0.2733 0.0000
vt 0.1527 0.2701 0.0000
vt 0.1492 0.2734 0.0000
vt 0.1492 0.2702 0.0000
vt 0.1745 0.2734 0.0000
vt 0.1724 0.2733 0.0000
vt 0.1745 0.2702 0.0000
vt 0.1710 0.2701 0.0000
vt 0.1709 0.2880 0.0000
vt 0.1723 0.2886 0.0000
vt 0.1682 0.3007 0.0000
vt 0.1692 0.3028 0.0000
vt 0.1618 0.3059 0.0000
vt 0.1618 0.3089 0.0000
vt 0.0445 0.1459 0.0000
vt 0.0479 0.1459 0.0000
vt 0.0445 0.1614 0.0000
vt 0.0479 0.1614 0.0000
vt 0.0445 0.1774 0.0000
vt 0.0479 0.1774 0.0000
vt 0.0445 0.1934 0.0000
vt 0.0479 0.1934 0.0000
vt 0.0445 0.2089 0.0000
vt 0.0479 0.2089 0.0000
vt 0.1518 0.1239 0.0000
vt 0.1518 0.1499 0.0000
vt 0.1387 0.1239 0.0000
vt 0.1375 0.1499 0.0000
vt 0.1362 0.1239 0.0000
vt 0.1075 0.1435 0.0000
vt 0.1075 0.1304 0.0000
vt 0.0858 0.1240 0.0000
vt 0.1040 0.1304 0.0000
vt 0.0858 0.1500 0.0000
vt 0.1040 0.1435 0.0000
vt 0.1362 0.0930 0.0000
vt 0.1387 0.0978 0.0000
vt 0.0495 0.1233 0.0000
vt 0.0520 0.1233 0.0000
vt 0.0520 0.1515 0.0000
vt 0.0495 0.2025 0.0000
vt 0.0520 0.1743 0.0000
vt 0.0520 0.2025 0.0000
vt 0.0793 0.2297 0.0000
vt 0.0932 0.2277 0.0000
vt 0.0793 0.2557 0.0000
vt 0.0932 0.2037 0.0000
vt 0.0793 0.2037 0.0000
vt 0.0681 0.2037 0.0000
vt 0.0681 0.2297 0.0000
vt 0.0542 0.2277 0.0000
vt 0.0681 0.2557 0.0000
vt 0.0542 0.2037 0.0000
vt 0.1085 0.2553 0.0000
vt 0.0946 0.2273 0.0000
vt 0.0946 0.2033 0.0000
vt 0.4648 0.2177 0.0000
vt 0.4587 0.2177 0.0000
vt 0.4648 0.2173 0.0000
vt 0.4587 0.2173 0.0000
vt 0.4648 0.2168 0.0000
vt 0.4587 0.2168 0.0000
vt 0.4648 0.2164 0.0000
vt 0.4587 0.2164 0.0000
vt 0.1337 0.2033 0.0000
vt 0.1337 0.2273 0.0000
vt 0.1198 0.2553 0.0000
vt 0.4712 0.2155 0.0000
vt 0.4652 0.2155 0.0000
vt 0.4712 0.2150 0.0000
vt 0.4652 0.2150 0.0000
vt 0.4712 0.2146 0.0000
vt 0.4652 0.2146 0.0000
vt 0.4712 0.2142 0.0000
vt 0.4652 0.2142 0.0000
vt 0.4146 0.5624 0.0000
vt 0.4158 0.5624 0.0000
vt 0.4146 0.6217 0.0000
vt 0.4158 0.6195 0.0000
vt 0.4404 0.6217 0.0000
vt 0.4404 0.6195 0.0000
vt 0.2961 0.6388 0.0000
vt 0.2645 0.6388 0.0000
vt 0.2645 0.5761 0.0000
vt 0.3259 0.5761 0.0000
vt 0.3259 0.6388 0.0000
vt 0.4777 0.2132 0.0000
vt 0.4717 0.2132 0.0000
vt 0.4777 0.2128 0.0000
vt 0.4717 0.2128 0.0000
vt 0.4777 0.2124 0.0000
vt 0.4717 0.2124 0.0000
vt 0.4777 0.2119 0.0000
vt 0.4717 0.2119 0.0000
vt 0.3707 0.4996 0.0000
vt 0.3852 0.5017 0.0000
vt 0.3707 0.5112 0.0000
vt 0.3898 0.5017 0.0000
vt 0.3953 0.4996 0.0000
vt 0.3898 0.5091 0.0000
vt 0.3953 0.5112 0.0000
vt 0.3852 0.5091 0.0000
vt 0.4842 0.2110 0.0000
vt 0.4782 0.2110 0.0000
vt 0.4842 0.2106 0.0000
vt 0.4782 0.2106 0.0000
vt 0.4842 0.2101 0.0000
vt 0.4782 0.2101 0.0000
vt 0.4842 0.2097 0.0000
vt 0.4782 0.2097 0.0000
vt 0.3421 0.4996 0.0000
vt 0.3446 0.5017 0.0000
vt 0.3421 0.5112 0.0000
vt 0.3508 0.5017 0.0000
vt 0.3508 0.5091 0.0000
vt 0.3446 0.5091 0.0000
vt 0.4518 0.2244 0.0000
vt 0.4458 0.2244 0.0000
vt 0.4518 0.2239 0.0000
vt 0.4458 0.2239 0.0000
vt 0.4518 0.2235 0.0000
vt 0.4458 0.2235 0.0000
vt 0.4518 0.2231 0.0000
vt 0.4458 0.2231 0.0000
vt 0.4036 0.5803 0.0000
vt 0.4024 0.5803 0.0000
vt 0.4034 0.5210 0.0000
vt 0.4023 0.5233 0.0000
vt 0.3777 0.5212 0.0000
vt 0.3777 0.5235 0.0000
vt 0.3707 0.4833 0.0000
vt 0.3852 0.4854 0.0000
vt 0.3707 0.4949 0.0000
vt 0.3898 0.4854 0.0000
vt 0.3953 0.4833 0.0000
vt 0.3898 0.4928 0.0000
vt 0.3953 0.4949 0.0000
vt 0.3852 0.4928 0.0000
vt 0.4577 0.1902 0.0000
vt 0.4577 0.1906 0.0000
vt 0.4638 0.1902 0.0000
vt 0.4638 0.1906 0.0000
vt 0.4577 0.1910 0.0000
vt 0.4638 0.1910 0.0000
vt 0.4577 0.1915 0.0000
vt 0.4638 0.1915 0.0000
vt 0.4577 0.1925 0.0000
vt 0.4577 0.1930 0.0000
vt 0.4638 0.1925 0.0000
vt 0.4638 0.1930 0.0000
vt 0.4577 0.1934 0.0000
vt 0.4638 0.1934 0.0000
vt 0.4577 0.1938 0.0000
vt 0.4638 0.1938 0.0000
vt 0.4587 0.2030 0.0000
vt 0.4587 0.2035 0.0000
vt 0.4648 0.2030 0.0000
vt 0.4648 0.2035 0.0000
vt 0.4587 0.2039 0.0000
vt 0.4648 0.2039 0.0000
vt 0.4587 0.2043 0.0000
vt 0.4648 0.2043 0.0000
vt 0.4669 0.1977 0.0000
vt 0.4669 0.1981 0.0000
vt 0.4729 0.1977 0.0000
vt 0.4729 0.1981 0.0000
vt 0.4669 0.1986 0.0000
vt 0.4729 0.1986 0.0000
vt 0.4669 0.1990 0.0000
vt 0.4729 0.1990 0.0000
vt 0.4522 0.2053 0.0000
vt 0.4522 0.2057 0.0000
vt 0.4583 0.2053 0.0000
vt 0.4583 0.2057 0.0000
vt 0.4522 0.2061 0.0000
vt 0.4583 0.2061 0.0000
vt 0.4522 0.2066 0.0000
vt 0.4583 0.2066 0.0000
vt 0.4458 0.2075 0.0000
vt 0.4458 0.2079 0.0000
vt 0.4518 0.2075 0.0000
vt 0.4518 0.2079 0.0000
vt 0.4458 0.2084 0.0000
vt 0.4518 0.2084 0.0000
vt 0.4458 0.2088 0.0000
vt 0.4518 0.2088 0.0000
vt 0.4707 0.1925 0.0000
vt 0.4707 0.1930 0.0000
vt 0.4768 0.1925 0.0000
vt 0.4768 0.1930 0.0000
vt 0.4707 0.1934 0.0000
vt 0.4768 0.1934 0.0000
vt 0.4707 0.1938 0.0000
vt 0.4768 0.1938 0.0000
vt 0.4707 0.1902 0.0000
vt 0.4707 0.1906 0.0000
vt 0.4768 0.1902 0.0000
vt 0.4768 0.1906 0.0000
vt 0.4707 0.1910 0.0000
vt 0.4768 0.1910 0.0000
vt 0.4707 0.1915 0.0000
vt 0.4768 0.1915 0.0000
vt 0.4748 0.1949 0.0000
vt 0.4748 0.1953 0.0000
vt 0.4809 0.1949 0.0000
vt 0.4809 0.1953 0.0000
vt 0.4748 0.1958 0.0000
vt 0.4809 0.1958 0.0000
vt 0.4748 0.1962 0.0000
vt 0.4809 0.1962 0.0000
vt 0.4874 0.1535 0.0000
vt 0.4874 0.1539 0.0000
vt 0.4882 0.1535 0.0000
vt 0.4883 0.1539 0.0000
vt 0.4874 0.1544 0.0000
vt 0.4882 0.1544 0.0000
vt 0.4882 0.1550 0.0000
vt 0.4874 0.1549 0.0000
vt 0.4867 0.1550 0.0000
vt 0.4867 0.1544 0.0000
vt 0.4866 0.1540 0.0000
vt 0.4866 0.1535 0.0000
vt 0.4836 0.2285 0.0000
vt 0.4837 0.2289 0.0000
vt 0.4845 0.2284 0.0000
vt 0.4845 0.2289 0.0000
vt 0.4837 0.2295 0.0000
vt 0.4845 0.2295 0.0000
vt 0.4836 0.2299 0.0000
vt 0.4845 0.2300 0.0000
vt 0.4853 0.2299 0.0000
vt 0.4853 0.2295 0.0000
vt 0.4853 0.2289 0.0000
vt 0.4853 0.2285 0.0000
vt 0.4849 0.2020 0.0000
vt 0.4894 0.2020 0.0000
vt 0.4849 0.2015 0.0000
vt 0.4894 0.2015 0.0000
vt 0.4849 0.2010 0.0000
vt 0.4894 0.2010 0.0000
vt 0.4849 0.2005 0.0000
vt 0.4894 0.2005 0.0000
vt 0.3421 0.4833 0.0000
vt 0.3446 0.4854 0.0000
vt 0.3421 0.4949 0.0000
vt 0.3508 0.4854 0.0000
vt 0.3508 0.4928 0.0000
vt 0.3446 0.4928 0.0000
vt 0.4861 0.1456 0.0000
vt 0.4861 0.1461 0.0000
vt 0.4884 0.1456 0.0000
vt 0.4884 0.1461 0.0000
vt 0.4884 0.1467 0.0000
vt 0.4861 0.1467 0.0000
vt 0.4884 0.1471 0.0000
vt 0.4861 0.1471 0.0000
vt 0.4017 0.5843 0.0000
vt 0.4005 0.5843 0.0000
vt 0.4015 0.5249 0.0000
vt 0.4004 0.5272 0.0000
vt 0.3758 0.5251 0.0000
vt 0.3758 0.5274 0.0000
vt 0.3281 0.5122 0.0000
vt 0.3282 0.5074 0.0000
vt 0.3318 0.5146 0.0000
vt 0.3392 0.5076 0.0000
vt 0.3355 0.5147 0.0000
vt 0.3392 0.5124 0.0000
vt 0.3318 0.5303 0.0000
vt 0.3354 0.5304 0.0000
vt 0.3281 0.5123 0.0000
vt 0.3280 0.5075 0.0000
vt 0.3319 0.5303 0.0000
vt 0.3355 0.5302 0.0000
vt 0.3355 0.5146 0.0000
vt 0.3391 0.5073 0.0000
vt 0.3391 0.5121 0.0000
vt 0.4874 0.1591 0.0000
vt 0.4874 0.1595 0.0000
vt 0.4882 0.1591 0.0000
vt 0.4883 0.1595 0.0000
vt 0.4874 0.1599 0.0000
vt 0.4882 0.1600 0.0000
vt 0.4882 0.1606 0.0000
vt 0.4874 0.1605 0.0000
vt 0.4867 0.1606 0.0000
vt 0.4867 0.1600 0.0000
vt 0.4866 0.1596 0.0000
vt 0.4866 0.1591 0.0000
vt 0.4863 0.1978 0.0000
vt 0.4864 0.1982 0.0000
vt 0.4872 0.1977 0.0000
vt 0.4872 0.1982 0.0000
vt 0.4864 0.1987 0.0000
vt 0.4872 0.1988 0.0000
vt 0.4863 0.1992 0.0000
vt 0.4872 0.1993 0.0000
vt 0.4880 0.1992 0.0000
vt 0.4880 0.1988 0.0000
vt 0.4880 0.1982 0.0000
vt 0.4880 0.1978 0.0000
vt 0.4652 0.2279 0.0000
vt 0.4697 0.2279 0.0000
vt 0.4652 0.2275 0.0000
vt 0.4697 0.2275 0.0000
vt 0.4652 0.2269 0.0000
vt 0.4697 0.2269 0.0000
vt 0.4652 0.2264 0.0000
vt 0.4697 0.2264 0.0000
vt 0.4861 0.1508 0.0000
vt 0.4861 0.1513 0.0000
vt 0.4884 0.1509 0.0000
vt 0.4884 0.1513 0.0000
vt 0.4884 0.1519 0.0000
vt 0.4861 0.1519 0.0000
vt 0.4884 0.1524 0.0000
vt 0.4861 0.1524 0.0000
vt 0.3729 0.4790 0.0000
vt 0.3729 0.4716 0.0000
vt 0.3792 0.4790 0.0000
vt 0.3792 0.4716 0.0000
vt 0.3855 0.4790 0.0000
vt 0.3855 0.4716 0.0000
vt 0.3918 0.4790 0.0000
vt 0.3918 0.4716 0.0000
vt 0.3414 0.4790 0.0000
vt 0.3414 0.4716 0.0000
vt 0.3477 0.4790 0.0000
vt 0.3477 0.4716 0.0000
vt 0.3540 0.4790 0.0000
vt 0.3540 0.4716 0.0000
vt 0.3603 0.4790 0.0000
vt 0.3603 0.4716 0.0000
vt 0.3666 0.4790 0.0000
vt 0.3666 0.4716 0.0000
vt 0.1736 0.3392 0.0000
vt 0.1462 0.3443 0.0000
vt 0.1736 0.3577 0.0000
vt 0.1291 0.3443 0.0000
vt 0.1017 0.3392 0.0000
vt 0.1291 0.3526 0.0000
vt 0.1017 0.3577 0.0000
vt 0.1462 0.3526 0.0000
vt 0.4860 0.2284 0.0000
vt 0.4868 0.2284 0.0000
vt 0.4860 0.2289 0.0000
vt 0.4868 0.2288 0.0000
vt 0.4876 0.2284 0.0000
vt 0.4876 0.2289 0.0000
vt 0.4876 0.2294 0.0000
vt 0.4868 0.2295 0.0000
vt 0.4876 0.2299 0.0000
vt 0.4868 0.2299 0.0000
vt 0.4860 0.2298 0.0000
vt 0.4860 0.2294 0.0000
vt 0.1561 0.3168 0.0000
vt 0.1350 0.3219 0.0000
vt 0.1561 0.3352 0.0000
vt 0.1179 0.3219 0.0000
vt 0.0969 0.3168 0.0000
vt 0.1179 0.3301 0.0000
vt 0.0969 0.3352 0.0000
vt 0.1350 0.3301 0.0000
vt 0.4633 0.2286 0.0000
vt 0.4633 0.2291 0.0000
vt 0.4587 0.2286 0.0000
vt 0.4588 0.2291 0.0000
vt 0.4633 0.2297 0.0000
vt 0.4588 0.2297 0.0000
vt 0.4633 0.2301 0.0000
vt 0.4587 0.2301 0.0000
vt 0.4861 0.1445 0.0000
vt 0.4861 0.1440 0.0000
vt 0.4884 0.1445 0.0000
vt 0.4884 0.1440 0.0000
vt 0.4861 0.1434 0.0000
vt 0.4884 0.1434 0.0000
vt 0.4884 0.1430 0.0000
vt 0.4861 0.1430 0.0000
vt 0.1439 0.5066 0.0000
vt 0.1439 0.5001 0.0000
vt 0.1356 0.4708 0.0000
vt 0.1211 0.5069 0.0000
vt 0.1292 0.4709 0.0000
vt 0.1353 0.3867 0.0000
vt 0.1290 0.3964 0.0000
vt 0.0635 0.3867 0.0000
vt 0.0698 0.3964 0.0000
vt 0.0632 0.4708 0.0000
vt 0.0696 0.4709 0.0000
vt 0.0777 0.5069 0.0000
vt 0.0549 0.5066 0.0000
vt 0.0549 0.5001 0.0000
vt 0.0777 0.5004 0.0000
vt 0.4856 0.1482 0.0000
vt 0.4857 0.1487 0.0000
vt 0.4458 0.1484 0.0000
vt 0.4458 0.1489 0.0000
vt 0.4856 0.1491 0.0000
vt 0.4458 0.1493 0.0000
vt 0.4856 0.1497 0.0000
vt 0.4458 0.1499 0.0000
vt 1.0445 0.2315 0.0000
vt 1.0445 0.2282 0.0000
vt 1.0479 0.2315 0.0000
vt 1.0479 0.2282 0.0000
vt 1.0445 0.2242 0.0000
vt 1.0479 0.2242 0.0000
vt 0.1041 0.4057 0.0000
vt 0.1041 0.4122 0.0000
vt 0.1122 0.4417 0.0000
vt 0.1269 0.4060 0.0000
vt 0.1186 0.4418 0.0000
vt 0.1120 0.5162 0.0000
vt 0.1183 0.5259 0.0000
vt 0.0528 0.5162 0.0000
vt 0.0465 0.5259 0.0000
vt 0.0526 0.4417 0.0000
vt 0.0462 0.4418 0.0000
vt 0.0379 0.4060 0.0000
vt 0.0607 0.4057 0.0000
vt 0.0607 0.4122 0.0000
vt 0.0379 0.4125 0.0000
vt 1.1778 0.1928 0.0000
vt 1.1778 0.0919 0.0000
vt 1.1891 0.1928 0.0000
vt 1.1891 0.0919 0.0000
vt 0.1269 0.4125 0.0000
vt 1.1212 0.0960 0.0000
vt 1.1343 0.0959 0.0000
vt 1.1212 0.1185 0.0000
vt 1.1343 0.1185 0.0000
vt 1.1051 0.1185 0.0000
vt 1.1023 0.1185 0.0000
vt 1.1051 0.0960 0.0000
vt 1.1022 0.0960 0.0000
vt 1.0405 0.1871 0.0000
vt 1.0405 0.1476 0.0000
vt 1.0429 0.1871 0.0000
vt 1.0429 0.1476 0.0000
vt 1.0429 0.2096 0.0000
vt 1.0429 0.2491 0.0000
vt 1.0405 0.2096 0.0000
vt 1.0405 0.2491 0.0000
vt 1.0429 0.1236 0.0000
vt 1.0405 0.1236 0.0000
vt 1.0429 0.2731 0.0000
vt 1.0405 0.2731 0.0000
vt 1.1518 0.1499 0.0000
vt 1.1375 0.1499 0.0000
vt 1.0858 0.1500 0.0000
vt 0.1211 0.5004 0.0000
vt 1.1728 0.2302 0.0000
vt 1.1728 0.2171 0.0000
vt 1.1474 0.2302 0.0000
vt 1.1474 0.2171 0.0000
vt 1.1728 0.2102 0.0000
vt 1.1474 0.2102 0.0000
vt 1.1728 0.2502 0.0000
vt 1.1728 0.2372 0.0000
vt 1.1474 0.2502 0.0000
vt 1.1474 0.2372 0.0000
vt 1.1418 0.0978 0.0000
vt 1.1433 0.0930 0.0000
vt 1.1387 0.0978 0.0000
vt 1.1362 0.0930 0.0000
vt 1.1082 0.0960 0.0000
vt 1.1082 0.1185 0.0000
vt 1.1433 0.2294 0.0000
vt 1.1418 0.2246 0.0000
vt 1.0952 0.1185 0.0000
vt 1.0952 0.0960 0.0000
vt 1.0797 0.1185 0.0000
vt 1.0797 0.0960 0.0000
vt 1.1387 0.1239 0.0000
vt 1.1362 0.1239 0.0000
vt 1.1518 0.1239 0.0000
vt 1.1075 0.1435 0.0000
vt 1.1075 0.1304 0.0000
vt 1.0858 0.1240 0.0000
vt 1.1040 0.1304 0.0000
vt 1.1040 0.1435 0.0000
vt 1.0730 0.2324 0.0000
vt 1.0696 0.2324 0.0000
vt 1.0730 0.2503 0.0000
vt 1.0696 0.2503 0.0000
vt 1.0744 0.2502 0.0000
vt 1.0777 0.2502 0.0000
vt 1.0744 0.2323 0.0000
vt 1.0777 0.2323 0.0000
vt 1.1364 0.2832 0.0000
vt 1.1365 0.2695 0.0000
vt 1.1316 0.2596 0.0000
vt 1.1315 0.2929 0.0000
vt 1.1247 0.2595 0.0000
vt 1.1246 0.2928 0.0000
vt 1.1198 0.2691 0.0000
vt 1.1198 0.2829 0.0000
vt 1.1182 0.2837 0.0000
vt 1.1182 0.2699 0.0000
vt 1.1134 0.2601 0.0000
vt 1.1133 0.2933 0.0000
vt 1.1065 0.2600 0.0000
vt 1.1064 0.2932 0.0000
vt 1.1016 0.2696 0.0000
vt 1.1015 0.2834 0.0000
vt 1.1550 0.1608 0.0000
vt 1.1550 0.1746 0.0000
vt 1.1745 0.1608 0.0000
vt 1.1745 0.1746 0.0000
vt 1.1550 0.1884 0.0000
vt 1.1745 0.1884 0.0000
vt 1.1550 0.2022 0.0000
vt 1.1745 0.2022 0.0000
vt 1.1550 0.0920 0.0000
vt 1.1550 0.1057 0.0000
vt 1.1745 0.0920 0.0000
vt 1.1745 0.1057 0.0000
vt 1.1550 0.1195 0.0000
vt 1.1745 0.1195 0.0000
vt 1.1550 0.1333 0.0000
vt 1.1745 0.1333 0.0000
vt 1.1550 0.1471 0.0000
vt 1.1745 0.1471 0.0000
vt 1.0479 0.1306 0.0000
vt 1.0445 0.1306 0.0000
vt 1.0445 0.1266 0.0000
vt 1.0479 0.1266 0.0000
vt 1.0445 0.1234 0.0000
vt 1.0479 0.1234 0.0000
vt 0.7104 0.3653 0.0000
vt 0.7253 0.3209 0.0000
vt 0.7217 0.3653 0.0000
vt 0.6738 0.3099 0.0000
vt 0.7094 0.5329 0.0000
vt 0.7217 0.4791 0.0000
vt 0.7253 0.4797 0.0000
vt 0.8714 0.1746 0.0000
vt 0.8714 0.1961 0.0000
vt 0.7978 0.1746 0.0000
vt 0.7978 0.1961 0.0000
vt 0.7671 0.1746 0.0000
vt 0.7671 0.1961 0.0000
vt 0.6884 0.1746 0.0000
vt 0.6884 0.1961 0.0000
vt 0.7117 0.1339 0.0000
vt 0.7117 0.1124 0.0000
vt 0.7833 0.1339 0.0000
vt 0.7833 0.1124 0.0000
vt 0.8140 0.1339 0.0000
vt 0.8140 0.1124 0.0000
vt 0.8947 0.1339 0.0000
vt 0.8947 0.1124 0.0000
vt 0.4439 0.1345 0.0000
vt 0.4439 0.1269 0.0000
vt 0.5162 0.1345 0.0000
vt 0.5181 0.1269 0.0000
vt 0.5428 0.1662 0.0000
vt 0.5447 0.1587 0.0000
vt 0.6241 0.1662 0.0000
vt 0.6241 0.1587 0.0000
vt 0.2142 0.4769 0.0000
vt 0.2552 0.4769 0.0000
vt 0.2065 0.5258 0.0000
vt 0.2629 0.5258 0.0000
vt 0.2065 0.5391 0.0000
vt 0.2629 0.5391 0.0000
vt 0.6222 0.3209 0.0000
vt 0.6371 0.3653 0.0000
vt 0.6258 0.3653 0.0000
vt 0.6564 0.6206 0.0000
vt 0.6477 0.6956 0.0000
vt 0.6381 0.6812 0.0000
vt 0.6998 0.6956 0.0000
vt 0.6912 0.6206 0.0000
vt 0.7094 0.6812 0.0000
vt 0.1474 0.2171 0.0000
vt 0.1728 0.2171 0.0000
vt 0.1474 0.2302 0.0000
vt 0.1728 0.2302 0.0000
vt 0.1474 0.2102 0.0000
vt 0.1728 0.2102 0.0000
vt 0.1474 0.2372 0.0000
vt 0.1728 0.2372 0.0000
vt 0.1474 0.2502 0.0000
vt 0.1728 0.2502 0.0000
vt 0.1433 0.0930 0.0000
vt 0.1418 0.0978 0.0000
vt 0.1082 0.1185 0.0000
vt 0.1051 0.1185 0.0000
vt 0.1082 0.0960 0.0000
vt 0.1051 0.0960 0.0000
vt 0.1387 0.2246 0.0000
vt 0.1418 0.2246 0.0000
vt 0.1362 0.2294 0.0000
vt 0.1433 0.2294 0.0000
vt 0.0952 0.0960 0.0000
vt 0.1022 0.0960 0.0000
vt 0.0952 0.1185 0.0000
vt 0.1023 0.1185 0.0000
vt 0.0797 0.0960 0.0000
vt 0.0797 0.1185 0.0000
vt 0.1212 0.1185 0.0000
vt 0.1212 0.0960 0.0000
vt 0.0696 0.2503 0.0000
vt 0.0696 0.2324 0.0000
vt 0.0730 0.2503 0.0000
vt 0.0730 0.2324 0.0000
vt 0.0777 0.2323 0.0000
vt 0.0777 0.2502 0.0000
vt 0.0744 0.2323 0.0000
vt 0.0744 0.2502 0.0000
vt 0.1015 0.2834 0.0000
vt 0.1016 0.2696 0.0000
vt 0.1064 0.2932 0.0000
vt 0.1065 0.2600 0.0000
vt 0.1133 0.2933 0.0000
vt 0.1134 0.2601 0.0000
vt 0.1182 0.2837 0.0000
vt 0.1182 0.2699 0.0000
vt 0.6258 0.4791 0.0000
vt 0.6381 0.5329 0.0000
vt 0.6222 0.4797 0.0000
vt 0.0479 0.1234 0.0000
vt 0.0479 0.1266 0.0000
vt 0.0445 0.1234 0.0000
vt 0.0445 0.1266 0.0000
vt 0.0479 0.1306 0.0000
vt 0.0445 0.1306 0.0000
vt 0.8264 0.5554 0.0000
vt 0.8456 0.4755 0.0000
vt 0.8569 0.4755 0.0000
vt 0.7723 0.4755 0.0000
vt 0.7916 0.5554 0.0000
vt 0.7610 0.4755 0.0000
vt 0.7441 0.6920 0.0000
vt 0.7916 0.6170 0.0000
vt 0.7829 0.6920 0.0000
vt 0.8264 0.6170 0.0000
vt 0.8350 0.6920 0.0000
vt 0.8738 0.6920 0.0000
vt 0.8738 0.3063 0.0000
vt 0.8569 0.3617 0.0000
vt 0.8456 0.3617 0.0000
vt 0.8090 0.3063 0.0000
vt 0.8391 0.3945 0.0000
vt 0.7789 0.3945 0.0000
vt 0.7723 0.3617 0.0000
vt 0.7789 0.4412 0.0000
vt 0.8391 0.4412 0.0000
vt 0.7441 0.3063 0.0000
vt 0.7610 0.3617 0.0000
vt 0.8235 0.5871 0.0000
vt 0.8226 0.5871 0.0000
vt 0.8226 0.5922 0.0000
vt 0.8235 0.5938 0.0000
vt 0.8175 0.5922 0.0000
vt 0.8182 0.5938 0.0000
vt 0.8182 0.5969 0.0000
vt 0.8175 0.5985 0.0000
vt 0.8235 0.5969 0.0000
vt 0.8226 0.5985 0.0000
vt 0.8235 0.6036 0.0000
vt 0.8226 0.6036 0.0000
vt 0.0445 0.2315 0.0000
vt 0.0445 0.2282 0.0000
vt 0.0479 0.2315 0.0000
vt 0.0479 0.2282 0.0000
vt 0.0445 0.2242 0.0000
vt 0.0479 0.2242 0.0000
vt 0.8226 0.5800 0.0000
vt 0.8226 0.5850 0.0000
vt 0.8236 0.5850 0.0000
vt 0.8226 0.5737 0.0000
vt 0.8236 0.5753 0.0000
vt 0.8236 0.5686 0.0000
vt 0.8183 0.5753 0.0000
vt 0.8175 0.5737 0.0000
vt 0.8183 0.5783 0.0000
vt 0.8175 0.5800 0.0000
vt 0.8236 0.5783 0.0000
vt 0.8226 0.5686 0.0000
vt 0.8148 0.6124 0.0000
vt 0.8157 0.6124 0.0000
vt 0.8157 0.6073 0.0000
vt 0.8148 0.6056 0.0000
vt 0.8208 0.6073 0.0000
vt 0.8201 0.6056 0.0000
vt 0.8201 0.6026 0.0000
vt 0.8208 0.6010 0.0000
vt 0.8148 0.6026 0.0000
vt 0.8157 0.6010 0.0000
vt 0.8148 0.5959 0.0000
vt 0.8157 0.5959 0.0000
vt 0.1778 0.1928 0.0000
vt 0.1778 0.0919 0.0000
vt 0.1891 0.1928 0.0000
vt 0.1891 0.0919 0.0000
vt 0.1387 0.1985 0.0000
vt 0.1362 0.1985 0.0000
vt 0.1518 0.1985 0.0000
vt 0.1518 0.1725 0.0000
vt 0.1375 0.1725 0.0000
vt 0.0858 0.1724 0.0000
vt 0.0858 0.1984 0.0000
vt 0.8158 0.5834 0.0000
vt 0.8158 0.5783 0.0000
vt 0.8148 0.5783 0.0000
vt 0.8158 0.5897 0.0000
vt 0.8148 0.5881 0.0000
vt 0.8148 0.5948 0.0000
vt 0.8201 0.5881 0.0000
vt 0.8209 0.5897 0.0000
vt 0.8201 0.5851 0.0000
vt 0.8209 0.5834 0.0000
vt 0.8148 0.5851 0.0000
vt 0.8158 0.5948 0.0000
vt 0.1343 0.0959 0.0000
vt 0.1343 0.1185 0.0000
vt 0.0405 0.1871 0.0000
vt 0.0405 0.1476 0.0000
vt 0.0429 0.1871 0.0000
vt 0.0429 0.1476 0.0000
vt 0.0429 0.2096 0.0000
vt 0.0429 0.2491 0.0000
vt 0.0405 0.2096 0.0000
vt 0.0405 0.2491 0.0000
vt 0.5061 0.5578 0.0000
vt 0.5098 0.5578 0.0000
vt 0.5061 0.6070 0.0000
vt 0.5098 0.6070 0.0000
vt 0.5173 0.6169 0.0000
vt 0.5135 0.6169 0.0000
vt 0.5173 0.5524 0.0000
vt 0.5135 0.5524 0.0000
vt 0.5209 0.6070 0.0000
vt 0.5209 0.5578 0.0000
vt 0.4995 0.5950 0.0000
vt 0.4995 0.5973 0.0000
vt 0.4937 0.5950 0.0000
vt 0.4937 0.5973 0.0000
vt 0.4087 0.5821 0.0000
vt 0.4099 0.5821 0.0000
vt 0.4087 0.6337 0.0000
vt 0.4099 0.6314 0.0000
vt 0.4384 0.6337 0.0000
vt 0.4384 0.6314 0.0000
vt 0.2992 0.5768 0.0000
vt 0.2981 0.5768 0.0000
vt 0.2992 0.5141 0.0000
vt 0.2981 0.5141 0.0000
vt 0.3168 0.5758 0.0000
vt 0.3157 0.5758 0.0000
vt 0.3168 0.5161 0.0000
vt 0.3157 0.5161 0.0000
vt 0.2645 0.5059 0.0000
vt 0.2645 0.5037 0.0000
vt 0.3259 0.5059 0.0000
vt 0.3259 0.5037 0.0000
vt 0.2973 0.5766 0.0000
vt 0.2962 0.5766 0.0000
vt 0.2973 0.5139 0.0000
vt 0.2962 0.5139 0.0000
vt 0.3202 0.5709 0.0000
vt 0.3202 0.5116 0.0000
vt 0.3261 0.5709 0.0000
vt 0.3261 0.5082 0.0000
vt 0.3144 0.5116 0.0000
vt 0.3004 0.5709 0.0000
vt 0.3004 0.5116 0.0000
vt 0.3144 0.5709 0.0000
vt 0.2945 0.5116 0.0000
vt 0.2647 0.5082 0.0000
vt 0.2647 0.5709 0.0000
vt 0.2945 0.5709 0.0000
vt 0.3352 0.4779 0.0000
vt 0.3352 0.4854 0.0000
vt 0.3106 0.4779 0.0000
vt 0.3106 0.4854 0.0000
vt 0.3056 0.5002 0.0000
vt 0.3056 0.4927 0.0000
vt 0.3379 0.5002 0.0000
vt 0.3379 0.4927 0.0000
vt 0.3056 0.4706 0.0000
vt 0.3379 0.4705 0.0000
vt 0.3410 0.5112 0.0000
vt 0.3410 0.4996 0.0000
vt 0.3964 0.4996 0.0000
vt 0.3964 0.5112 0.0000
vt 0.3997 0.5803 0.0000
vt 0.3986 0.5803 0.0000
vt 0.3997 0.5287 0.0000
vt 0.3986 0.5310 0.0000
vt 0.3700 0.5287 0.0000
vt 0.3700 0.5310 0.0000
vt 0.8130 0.5596 0.0000
vt 0.8216 0.5596 0.0000
vt 0.8130 0.5612 0.0000
vt 0.8216 0.5612 0.0000
vt 0.8130 0.5628 0.0000
vt 0.8216 0.5628 0.0000
vt 0.8130 0.5644 0.0000
vt 0.8216 0.5644 0.0000
vt 0.8130 0.5660 0.0000
vt 0.8216 0.5660 0.0000
vt 0.6665 0.5761 0.0000
vt 0.6701 0.5969 0.0000
vt 0.6642 0.5761 0.0000
vt 0.6600 0.6145 0.0000
vt 0.6583 0.6062 0.0000
vt 0.6642 0.6180 0.0000
vt 0.6701 0.6062 0.0000
vt 0.6583 0.5969 0.0000
vt 0.6619 0.5761 0.0000
vt 0.6619 0.5650 0.0000
vt 0.6642 0.5650 0.0000
vt 0.6665 0.5650 0.0000
vt 0.6684 0.6145 0.0000
vt 0.3009 0.4777 0.0000
vt 0.3009 0.4852 0.0000
vt 0.2763 0.4777 0.0000
vt 0.2763 0.4852 0.0000
vt 0.2713 0.5000 0.0000
vt 0.2713 0.4925 0.0000
vt 0.3036 0.5000 0.0000
vt 0.3036 0.4926 0.0000
vt 0.2713 0.4704 0.0000
vt 0.3036 0.4703 0.0000
vt 0.3410 0.4949 0.0000
vt 0.3410 0.4833 0.0000
vt 0.3964 0.4833 0.0000
vt 0.3964 0.4949 0.0000
vt 0.4053 0.5689 0.0000
vt 0.4041 0.5689 0.0000
vt 0.4053 0.5173 0.0000
vt 0.4041 0.5196 0.0000
vt 0.3756 0.5173 0.0000
vt 0.3756 0.5196 0.0000
vt 0.6780 0.6059 0.0000
vt 0.6744 0.5851 0.0000
vt 0.6803 0.6059 0.0000
vt 0.6803 0.5640 0.0000
vt 0.6845 0.5675 0.0000
vt 0.6761 0.5675 0.0000
vt 0.6744 0.5758 0.0000
vt 0.6862 0.5758 0.0000
vt 0.6862 0.5851 0.0000
vt 0.6826 0.6059 0.0000
vt 0.6826 0.6170 0.0000
vt 0.6803 0.6170 0.0000
vt 0.6780 0.6170 0.0000
vt 0.5758 0.7792 0.0000
vt 0.5757 0.7584 0.0000
vt 0.5781 0.7792 0.0000
vt 0.5757 0.7324 0.0000
vt 0.5804 0.7324 0.0000
vt 0.5757 0.7408 0.0000
vt 0.5804 0.7408 0.0000
vt 0.5757 0.7491 0.0000
vt 0.5804 0.7491 0.0000
vt 0.5804 0.7584 0.0000
vt 0.5804 0.7792 0.0000
vt 0.5804 0.7903 0.0000
vt 0.5781 0.7903 0.0000
vt 0.5758 0.7903 0.0000
vt 0.4916 0.1808 0.0000
vt 0.4916 0.1757 0.0000
vt 0.6741 0.1808 0.0000
vt 0.6741 0.1757 0.0000
vt 0.4957 0.1919 0.0000
vt 0.6782 0.1919 0.0000
vt 0.5099 0.2230 0.0000
vt 0.5099 0.2179 0.0000
vt 0.6924 0.2230 0.0000
vt 0.6924 0.2179 0.0000
vt 0.5140 0.2340 0.0000
vt 0.6965 0.2340 0.0000
vt 0.5243 0.6088 0.0000
vt 0.5243 0.6113 0.0000
vt 0.5449 0.6088 0.0000
vt 0.5449 0.6113 0.0000
vt 0.5243 0.6252 0.0000
vt 0.5243 0.6365 0.0000
vt 0.5449 0.6252 0.0000
vt 0.5449 0.6365 0.0000
vt 0.5243 0.6227 0.0000
vt 0.5449 0.6227 0.0000
vt 0.6782 0.1969 0.0000
vt 0.4957 0.1969 0.0000
vt 0.6741 0.2080 0.0000
vt 0.4916 0.2080 0.0000
vt 0.6965 0.2391 0.0000
vt 0.5140 0.2391 0.0000
vt 0.6924 0.2501 0.0000
vt 0.5099 0.2501 0.0000
vt 0.7693 0.0633 0.0000
vt 0.7693 0.0453 0.0000
vt 0.4787 0.0633 0.0000
vt 0.4787 0.0453 0.0000
vt 0.7693 0.0132 0.0000
vt 0.7693 0.0066 0.0000
vt 0.4787 0.0132 0.0000
vt 0.4787 0.0066 0.0000
vt 0.7693 0.0412 0.0000
vt 0.4787 0.0412 0.0000
vt 0.7693 0.0025 0.0000
vt 0.4787 0.0025 0.0000
vt 0.4787 0.0286 0.0000
vt 0.7693 0.0286 0.0000
vt 0.7693 0.0674 0.0000
vt 0.4787 0.0674 0.0000
vt 0.4787 0.0452 0.0000
vt 0.4787 0.0631 0.0000
vt 0.4787 0.0064 0.0000
vt 0.4787 0.0131 0.0000
vt 0.4787 0.0411 0.0000
vt 0.4787 0.0023 0.0000
vt 0.4787 0.0285 0.0000
vt 0.4787 0.0672 0.0000
vt 0.3743 0.4633 0.0000
vt 0.3680 0.4631 0.0000
vt 0.3788 0.4544 0.0000
vt 0.3635 0.4541 0.0000
vt 0.3788 0.4418 0.0000
vt 0.3636 0.4415 0.0000
vt 0.3744 0.4328 0.0000
vt 0.3681 0.4327 0.0000
vt 1.5870 0.6478 0.0000
vt 1.5872 0.6484 0.0000
vt 1.5872 0.6478 0.0000
vt 1.5825 0.6478 0.0000
vt 1.5823 0.6484 0.0000
vt 1.5823 0.6478 0.0000
vt 1.8244 0.4116 0.0000
vt 1.8234 0.4123 0.0000
vt 1.8245 0.4357 0.0000
vt 1.8245 0.4064 0.0000
vt 1.8194 0.4066 0.0000
vt 1.8196 0.4143 0.0000
vt 1.8177 0.4160 0.0000
vt 1.8175 0.4052 0.0000
vt 1.8158 0.4146 0.0000
vt 1.8156 0.4069 0.0000
vt 1.8149 0.4109 0.0000
vt 0.3592 0.4426 0.0000
vt 0.3592 0.4552 0.0000
vt 0.3548 0.4336 0.0000
vt 0.3547 0.4640 0.0000
vt 0.3485 0.4335 0.0000
vt 0.3484 0.4639 0.0000
vt 0.3440 0.4423 0.0000
vt 0.3440 0.4549 0.0000
vt 1.8287 0.4123 0.0000
vt 1.8277 0.4116 0.0000
vt 1.8277 0.4357 0.0000
vt 1.8276 0.4064 0.0000
vt 1.8327 0.4066 0.0000
vt 1.8325 0.4142 0.0000
vt 1.8344 0.4160 0.0000
vt 1.8347 0.4052 0.0000
vt 1.8364 0.4146 0.0000
vt 1.8366 0.4069 0.0000
vt 1.8373 0.4109 0.0000
vt 1.5872 0.7256 0.0000
vt 1.5864 0.7256 0.0000
vt 1.5872 0.7298 0.0000
vt 1.5864 0.7298 0.0000
vt 1.5872 0.7340 0.0000
vt 1.5864 0.7340 0.0000
vt 1.5872 0.7419 0.0000
vt 1.5864 0.7419 0.0000
vt 1.5872 0.6987 0.0000
vt 1.5863 0.6987 0.0000
vt 1.5872 0.7089 0.0000
vt 1.5864 0.7089 0.0000
vt 1.5872 0.7131 0.0000
vt 1.5864 0.7131 0.0000
vt 1.5872 0.7173 0.0000
vt 1.5864 0.7173 0.0000
vt 1.5872 0.7215 0.0000
vt 1.5864 0.7215 0.0000
vt 1.6641 0.4245 0.0000
vt 1.6642 0.4251 0.0000
vt 1.6760 0.4196 0.0000
vt 1.6750 0.4227 0.0000
vt 1.6877 0.4354 0.0000
vt 1.6869 0.4290 0.0000
vt 1.6919 0.4295 0.0000
vt 1.6896 0.4233 0.0000
vt 1.6939 0.4285 0.0000
vt 1.6907 0.4197 0.0000
vt 1.6950 0.4249 0.0000
vt 1.6927 0.4187 0.0000
vt 1.6945 0.4209 0.0000
vt 1.5684 0.6497 0.0000
vt 1.5686 0.6491 0.0000
vt 1.5684 0.6491 0.0000
vt 1.5731 0.6491 0.0000
vt 1.5733 0.6497 0.0000
vt 1.5733 0.6491 0.0000
vt 0.1125 0.3834 0.0000
vt 0.1125 0.3737 0.0000
vt 0.0954 0.3834 0.0000
vt 0.0954 0.3737 0.0000
vt 0.0913 0.3834 0.0000
vt 0.0913 0.3737 0.0000
vt 0.0742 0.3834 0.0000
vt 0.0742 0.3737 0.0000
vt 0.0700 0.3737 0.0000
vt 0.0700 0.3834 0.0000
vt 0.0597 0.3392 0.0000
vt 0.0428 0.3391 0.0000
vt 0.0597 0.3418 0.0000
vt 0.0428 0.3417 0.0000
vt 0.0814 0.3999 0.0000
vt 0.0731 0.4293 0.0000
vt 0.0814 0.4358 0.0000
vt 0.0731 0.4358 0.0000
vt 0.0597 0.3168 0.0000
vt 0.0428 0.3167 0.0000
vt 0.0597 0.3193 0.0000
vt 0.0428 0.3192 0.0000
vt 0.0884 0.4770 0.0000
vt 0.0966 0.4475 0.0000
vt 0.0884 0.4411 0.0000
vt 0.0966 0.4411 0.0000
vt 0.0880 0.4358 0.0000
vt 0.0963 0.4358 0.0000
vt 0.0880 0.3999 0.0000
vt 0.0963 0.4293 0.0000
vt 0.0597 0.3551 0.0000
vt 0.0428 0.3552 0.0000
vt 0.0597 0.3577 0.0000
vt 0.0428 0.3578 0.0000
vt 0.0817 0.4411 0.0000
vt 0.0735 0.4411 0.0000
vt 0.0817 0.4770 0.0000
vt 0.0735 0.4475 0.0000
vt 0.0597 0.3326 0.0000
vt 0.0428 0.3327 0.0000
vt 0.0597 0.3352 0.0000
vt 0.0428 0.3353 0.0000
vt 0.0396 0.3417 0.0000
vt 0.0396 0.3391 0.0000
vt 0.0396 0.3192 0.0000
vt 0.0396 0.3167 0.0000
vt 0.0396 0.3578 0.0000
vt 0.0396 0.3552 0.0000
vt 0.0396 0.3353 0.0000
vt 0.0396 0.3328 0.0000
vt 0.2156 0.3577 0.0000
vt 0.2325 0.3578 0.0000
vt 0.2156 0.3551 0.0000
vt 0.2325 0.3552 0.0000
vt 0.0919 0.4930 0.0000
vt 0.1066 0.5095 0.0000
vt 0.1098 0.4930 0.0000
vt 0.1098 0.5095 0.0000
vt 0.1933 0.3352 0.0000
vt 0.2102 0.3353 0.0000
vt 0.1933 0.3326 0.0000
vt 0.2102 0.3327 0.0000
vt 0.0462 0.3641 0.0000
vt 0.0379 0.3935 0.0000
vt 0.0462 0.4000 0.0000
vt 0.0379 0.4000 0.0000
vt 0.1098 0.4797 0.0000
vt 0.1098 0.4632 0.0000
vt 0.0919 0.4797 0.0000
vt 0.1066 0.4632 0.0000
vt 0.2156 0.3418 0.0000
vt 0.2325 0.3417 0.0000
vt 0.2156 0.3392 0.0000
vt 0.2325 0.3391 0.0000
vt 0.0528 0.4000 0.0000
vt 0.0611 0.4000 0.0000
vt 0.0528 0.3641 0.0000
vt 0.0611 0.3935 0.0000
vt 0.1933 0.3193 0.0000
vt 0.2102 0.3192 0.0000
vt 0.1933 0.3168 0.0000
vt 0.2102 0.3167 0.0000
vt 0.1613 0.4230 0.0000
vt 0.1613 0.4344 0.0000
vt 0.1408 0.4230 0.0000
vt 0.1408 0.4344 0.0000
vt 0.1613 0.4205 0.0000
vt 0.1408 0.4205 0.0000
vt 0.1613 0.4092 0.0000
vt 0.1408 0.4092 0.0000
vt 0.1808 0.3968 0.0000
vt 0.1402 0.3968 0.0000
vt 0.1808 0.3917 0.0000
vt 0.1402 0.3917 0.0000
vt 0.1849 0.3807 0.0000
vt 0.1443 0.3807 0.0000
vt 0.2244 0.3968 0.0000
vt 0.1838 0.3968 0.0000
vt 0.2244 0.3917 0.0000
vt 0.1838 0.3917 0.0000
vt 0.2285 0.3807 0.0000
vt 0.1879 0.3807 0.0000
vt 0.1443 0.3756 0.0000
vt 0.1849 0.3756 0.0000
vt 0.1402 0.3646 0.0000
vt 0.1808 0.3646 0.0000
vt 0.1879 0.3756 0.0000
vt 0.2285 0.3756 0.0000
vt 0.1838 0.3646 0.0000
vt 0.2244 0.3646 0.0000
vt 0.1408 0.4067 0.0000
vt 0.1613 0.4067 0.0000
vt 0.1800 0.6422 0.0000
vt 0.1800 0.6198 0.0000
vt 0.2210 0.6422 0.0000
vt 0.2210 0.6198 0.0000
vt 0.0727 0.6410 0.0000
vt 0.0727 0.6186 0.0000
vt 0.1137 0.6410 0.0000
vt 0.1137 0.6186 0.0000
vt 0.1393 0.6410 0.0000
vt 0.1393 0.6186 0.0000
vt 0.0470 0.6186 0.0000
vt 0.0470 0.6410 0.0000
vt 0.2466 0.6422 0.0000
vt 0.2466 0.6198 0.0000
vt 0.1543 0.6198 0.0000
vt 0.1543 0.6422 0.0000
vt 0.7291 0.3209 0.0000
vt 0.7386 0.3099 0.0000
vt 0.6089 0.3099 0.0000
vt 0.6185 0.3209 0.0000
vt 0.6437 0.3980 0.0000
vt 0.7039 0.3980 0.0000
vt 1.8085 0.4230 0.0000
vt 1.8095 0.4237 0.0000
vt 1.8095 0.3996 0.0000
vt 1.8096 0.4289 0.0000
vt 1.8045 0.4288 0.0000
vt 1.8046 0.4211 0.0000
vt 1.8027 0.4194 0.0000
vt 1.8025 0.4303 0.0000
vt 1.8008 0.4208 0.0000
vt 1.8006 0.4285 0.0000
vt 1.7999 0.4246 0.0000
vt 1.5733 0.7269 0.0000
vt 1.5725 0.7269 0.0000
vt 1.5733 0.7311 0.0000
vt 1.5725 0.7311 0.0000
vt 1.5733 0.7353 0.0000
vt 1.5725 0.7353 0.0000
vt 1.5733 0.7432 0.0000
vt 1.5725 0.7432 0.0000
vt 1.5733 0.7000 0.0000
vt 1.5725 0.7000 0.0000
vt 1.5733 0.7102 0.0000
vt 1.5725 0.7102 0.0000
vt 1.5733 0.7144 0.0000
vt 1.5725 0.7144 0.0000
vt 1.5733 0.7186 0.0000
vt 1.5725 0.7186 0.0000
vt 1.5733 0.7228 0.0000
vt 1.5725 0.7228 0.0000
vt 1.8127 0.4237 0.0000
vt 1.8138 0.4230 0.0000
vt 1.8126 0.3996 0.0000
vt 1.8127 0.4289 0.0000
vt 1.8178 0.4287 0.0000
vt 1.8176 0.4210 0.0000
vt 1.8194 0.4192 0.0000
vt 1.8197 0.4301 0.0000
vt 1.8214 0.4206 0.0000
vt 1.8216 0.4283 0.0000
vt 1.8223 0.4244 0.0000
vt 0.7386 0.6956 0.0000
vt 0.6998 0.7628 0.0000
vt 0.7386 0.7628 0.0000
vt 0.7132 0.6812 0.0000
vt 0.6912 0.5590 0.0000
vt 0.7104 0.4791 0.0000
vt 0.7132 0.5368 0.0000
vt 0.7291 0.4836 0.0000
vt 0.7039 0.4448 0.0000
vt 1.5733 0.7913 0.0000
vt 1.5733 0.7671 0.0000
vt 1.5731 0.7913 0.0000
vt 1.5725 0.7671 0.0000
vt 1.5686 0.7913 0.0000
vt 1.5692 0.7671 0.0000
vt 1.5684 0.7913 0.0000
vt 1.5684 0.7671 0.0000
vt 1.5692 0.7432 0.0000
vt 1.5684 0.7432 0.0000
vt 0.3346 0.5487 0.0000
vt 0.3910 0.5487 0.0000
vt 0.3346 0.5711 0.0000
vt 0.3910 0.5711 0.0000
vt 0.3910 0.5831 0.0000
vt 0.3346 0.5831 0.0000
vt 0.3970 0.5487 0.0000
vt 0.3970 0.5711 0.0000
vt 0.3286 0.5711 0.0000
vt 0.3286 0.5487 0.0000
vt 0.3346 0.5367 0.0000
vt 0.3910 0.5367 0.0000
vt 0.7829 0.7592 0.0000
vt 0.7441 0.7592 0.0000
vt 0.7168 0.2637 0.0000
vt 0.7168 0.2562 0.0000
vt 0.7502 0.2637 0.0000
vt 0.7502 0.2562 0.0000
vt 0.8739 0.2722 0.0000
vt 0.8739 0.2798 0.0000
vt 0.8406 0.2722 0.0000
vt 0.8406 0.2798 0.0000
vt 0.6493 0.2722 0.0000
vt 0.6493 0.2798 0.0000
vt 0.6784 0.2561 0.0000
vt 0.6784 0.2637 0.0000
vt 0.6846 0.1961 0.0000
vt 0.6846 0.1746 0.0000
vt 0.8751 0.1746 0.0000
vt 0.8751 0.1961 0.0000
vt 0.1477 0.6198 0.0000
vt 0.1477 0.6422 0.0000
vt 0.2533 0.6422 0.0000
vt 0.2533 0.6198 0.0000
vt 0.2039 0.5461 0.0000
vt 0.2039 0.5594 0.0000
vt 0.1475 0.5461 0.0000
vt 0.1475 0.5594 0.0000
vt 0.1552 0.6083 0.0000
vt 0.1962 0.6083 0.0000
vt 1.3680 0.1887 0.0000
vt 1.3793 0.1887 0.0000
vt 1.3680 0.1393 0.0000
vt 1.3793 0.1393 0.0000
vt 1.3680 0.0830 0.0000
vt 1.3793 0.0830 0.0000
vt 1.5474 0.5865 0.0000
vt 1.5440 0.5836 0.0000
vt 1.5405 0.5865 0.0000
vt 1.5391 0.5934 0.0000
vt 1.5489 0.5934 0.0000
vt 1.5489 0.6006 0.0000
vt 1.5391 0.6006 0.0000
vt 1.6286 0.1599 0.0000
vt 1.6286 0.1658 0.0000
vt 1.6322 0.1599 0.0000
vt 1.6322 0.1658 0.0000
vt 1.6356 0.1658 0.0000
vt 1.6356 0.1599 0.0000
vt 0.8364 0.2180 0.0000
vt 0.8058 0.2180 0.0000
vt 0.8364 0.2104 0.0000
vt 0.8058 0.2104 0.0000
vt 0.8140 0.2476 0.0000
vt 0.7909 0.2476 0.0000
vt 0.8140 0.2401 0.0000
vt 0.7909 0.2401 0.0000
vt 0.6089 0.7628 0.0000
vt 0.6089 0.6956 0.0000
vt 0.6477 0.7628 0.0000
vt 0.6343 0.6812 0.0000
vt 0.6371 0.4791 0.0000
vt 0.6564 0.5590 0.0000
vt 0.6185 0.4836 0.0000
vt 0.6343 0.5368 0.0000
vt 0.6437 0.4448 0.0000
vt 1.4658 0.0430 0.0000
vt 1.4615 0.0430 0.0000
vt 1.4658 0.0534 0.0000
vt 1.4631 0.0586 0.0000
vt 1.4661 0.0586 0.0000
vt 1.4676 0.0534 0.0000
vt 1.4676 0.0781 0.0000
vt 1.4661 0.0781 0.0000
vt 1.4616 0.0781 0.0000
vt 1.4631 0.0781 0.0000
vt 1.4970 0.3368 0.0000
vt 1.5022 0.3108 0.0000
vt 1.4970 0.3108 0.0000
vt 0.8709 0.2180 0.0000
vt 0.8709 0.2104 0.0000
vt 0.8737 0.2476 0.0000
vt 0.8737 0.2401 0.0000
vt 0.3904 0.6017 0.0000
vt 0.3904 0.6241 0.0000
vt 0.3340 0.6017 0.0000
vt 0.3340 0.6241 0.0000
vt 0.3340 0.5897 0.0000
vt 0.3904 0.5897 0.0000
vt 0.3964 0.6017 0.0000
vt 0.3964 0.6241 0.0000
vt 0.3279 0.6241 0.0000
vt 0.3279 0.6017 0.0000
vt 0.3904 0.6361 0.0000
vt 0.3340 0.6361 0.0000
vt 0.8738 0.7592 0.0000
vt 0.8350 0.7592 0.0000
vt 0.8019 0.2562 0.0000
vt 0.8353 0.2562 0.0000
vt 0.8019 0.2637 0.0000
vt 0.8353 0.2637 0.0000
vt 0.6820 0.2959 0.0000
vt 0.6487 0.2959 0.0000
vt 0.6820 0.2883 0.0000
vt 0.6487 0.2883 0.0000
vt 0.8733 0.2959 0.0000
vt 0.8733 0.2883 0.0000
vt 0.8737 0.2637 0.0000
vt 0.8737 0.2562 0.0000
vt 0.7312 0.2401 0.0000
vt 0.7312 0.2476 0.0000
vt 0.8728 0.2329 0.0000
vt 0.8085 0.2329 0.0000
vt 0.8728 0.2253 0.0000
vt 0.8085 0.2253 0.0000
vt 0.7442 0.2253 0.0000
vt 0.7442 0.2329 0.0000
vt 1.5022 0.2681 0.0000
vt 1.4970 0.2421 0.0000
vt 1.4970 0.2681 0.0000
vt 0.8947 0.1038 0.0000
vt 0.8160 0.1038 0.0000
vt 0.8947 0.0823 0.0000
vt 0.8160 0.0823 0.0000
vt 0.7853 0.1038 0.0000
vt 0.7853 0.0823 0.0000
vt 0.7117 0.1038 0.0000
vt 0.7117 0.0823 0.0000
vt 0.6884 0.1445 0.0000
vt 0.7691 0.1445 0.0000
vt 0.6884 0.1660 0.0000
vt 0.7691 0.1660 0.0000
vt 0.7997 0.1445 0.0000
vt 0.7997 0.1660 0.0000
vt 0.8714 0.1445 0.0000
vt 0.8714 0.1660 0.0000
vt 0.4400 0.1204 0.0000
vt 0.5194 0.1204 0.0000
vt 0.4400 0.1129 0.0000
vt 0.5213 0.1129 0.0000
vt 0.5460 0.1522 0.0000
vt 0.5479 0.1446 0.0000
vt 0.6202 0.1522 0.0000
vt 0.6202 0.1446 0.0000
vt 0.6846 0.1445 0.0000
vt 0.6846 0.1660 0.0000
vt 0.8752 0.1660 0.0000
vt 0.8752 0.1445 0.0000
vt 0.1476 0.5391 0.0000
vt 0.1476 0.5258 0.0000
vt 0.2041 0.5391 0.0000
vt 0.2041 0.5258 0.0000
vt 0.1554 0.4769 0.0000
vt 0.1963 0.4769 0.0000
vt 0.1460 0.6410 0.0000
vt 0.1460 0.6186 0.0000
vt 0.0404 0.6186 0.0000
vt 0.0404 0.6410 0.0000
vt 0.2140 0.6083 0.0000
vt 0.2063 0.5594 0.0000
vt 0.2550 0.6083 0.0000
vt 0.2627 0.5594 0.0000
vt 0.2627 0.5461 0.0000
vt 0.2063 0.5461 0.0000
vt 1.6770 0.1061 0.0000
vt 1.6770 0.0723 0.0000
vt 1.6686 0.0723 0.0000
vt 1.6647 0.0889 0.0000
vt 1.6647 0.1061 0.0000
vt 1.6502 0.1061 0.0000
vt 1.6595 0.1321 0.0000
vt 1.6554 0.1321 0.0000
vt 1.6191 0.1061 0.0000
vt 1.6047 0.0889 0.0000
vt 1.6139 0.1321 0.0000
vt 1.6099 0.1321 0.0000
vt 1.6047 0.1061 0.0000
vt 1.5923 0.1061 0.0000
vt 1.6007 0.0723 0.0000
vt 1.5923 0.0723 0.0000
vt 1.4927 0.2935 0.0000
vt 1.4452 0.2935 0.0000
vt 1.4927 0.3108 0.0000
vt 1.4452 0.3368 0.0000
vt 0.7713 0.2180 0.0000
vt 0.7713 0.2104 0.0000
vt 0.7408 0.2104 0.0000
vt 0.7408 0.2180 0.0000
vt 0.7080 0.2401 0.0000
vt 0.7080 0.2476 0.0000
vt 0.8141 0.5881 0.0000
vt 0.8118 0.5881 0.0000
vt 0.8141 0.5944 0.0000
vt 0.8118 0.5944 0.0000
vt 0.8088 0.6012 0.0000
vt 0.8110 0.6012 0.0000
vt 0.8088 0.5982 0.0000
vt 0.8110 0.5982 0.0000
vt 0.8141 0.5779 0.0000
vt 0.8141 0.5728 0.0000
vt 0.8118 0.5779 0.0000
vt 0.8118 0.5728 0.0000
vt 0.8110 0.6118 0.0000
vt 0.8088 0.6118 0.0000
vt 0.8118 0.5708 0.0000
vt 0.8141 0.5708 0.0000
vt 0.8118 0.6097 0.0000
vt 0.8141 0.6097 0.0000
vt 0.8118 0.6046 0.0000
vt 0.8141 0.6046 0.0000
vt 0.8110 0.5876 0.0000
vt 0.8088 0.5876 0.0000
vt 0.8141 0.6117 0.0000
vt 0.8118 0.6117 0.0000
vt 0.8080 0.5881 0.0000
vt 0.8058 0.5881 0.0000
vt 0.8080 0.5944 0.0000
vt 0.8058 0.5944 0.0000
vt 0.8088 0.5754 0.0000
vt 0.8110 0.5754 0.0000
vt 0.8088 0.5724 0.0000
vt 0.8110 0.5724 0.0000
vt 0.8080 0.5779 0.0000
vt 0.8080 0.5728 0.0000
vt 0.8058 0.5779 0.0000
vt 0.8058 0.5728 0.0000
vt 0.8110 0.5861 0.0000
vt 0.8088 0.5861 0.0000
vt 0.8058 0.5708 0.0000
vt 0.8080 0.5708 0.0000
vt 0.8058 0.6097 0.0000
vt 0.8080 0.6097 0.0000
vt 0.8058 0.6046 0.0000
vt 0.8080 0.6046 0.0000
vt 0.8110 0.5618 0.0000
vt 0.8088 0.5618 0.0000
vt 0.8080 0.6117 0.0000
vt 0.8058 0.6117 0.0000
vt 0.4859 0.0873 0.0000
vt 0.4853 0.0858 0.0000
vt 0.5650 0.0873 0.0000
vt 0.5650 0.0858 0.0000
vt 0.4853 0.0803 0.0000
vt 0.5650 0.0803 0.0000
vt 0.4859 0.0788 0.0000
vt 0.5650 0.0788 0.0000
vt 0.5261 0.5647 0.0000
vt 0.6058 0.5647 0.0000
vt 0.5261 0.5701 0.0000
vt 0.6058 0.5701 0.0000
vt 0.4859 0.0928 0.0000
vt 0.5650 0.0928 0.0000
vt 0.5267 0.5631 0.0000
vt 0.6058 0.5631 0.0000
vt 0.5267 0.5717 0.0000
vt 0.6058 0.5717 0.0000
vt 0.5267 0.5771 0.0000
vt 0.6058 0.5771 0.0000
vt 0.4834 0.0803 0.0000
vt 0.4834 0.0858 0.0000
vt 0.5242 0.5701 0.0000
vt 0.5242 0.5647 0.0000
vt 0.4842 0.0873 0.0000
vt 0.4842 0.0858 0.0000
vt 0.4842 0.0803 0.0000
vt 0.4842 0.0788 0.0000
vt 0.5250 0.5647 0.0000
vt 0.5250 0.5701 0.0000
vt 0.4842 0.0928 0.0000
vt 0.5250 0.5631 0.0000
vt 0.5250 0.5717 0.0000
vt 0.5250 0.5771 0.0000
vt 0.5291 0.2941 0.0000
vt 0.5269 0.2923 0.0000
vt 0.5344 0.2899 0.0000
vt 0.5196 0.2899 0.0000
vt 0.5247 0.2941 0.0000
vt 0.5238 0.2985 0.0000
vt 0.5196 0.3072 0.0000
vt 0.5247 0.3030 0.0000
vt 0.5269 0.3048 0.0000
vt 0.5344 0.3072 0.0000
vt 0.5291 0.3030 0.0000
vt 0.5300 0.2985 0.0000
vt 1.4927 0.2681 0.0000
vt 1.4452 0.2854 0.0000
vt 1.4927 0.2854 0.0000
vt 1.4452 0.2421 0.0000
vt 1.6420 0.1558 0.0000
vt 1.6420 0.1499 0.0000
vt 1.6393 0.1558 0.0000
vt 1.6393 0.1499 0.0000
vt 1.6356 0.1558 0.0000
vt 1.6356 0.1499 0.0000
vt 1.5862 0.1061 0.0000
vt 1.5878 0.1061 0.0000
vt 1.5862 0.0723 0.0000
vt 1.5908 0.1061 0.0000
vt 1.3793 0.2724 0.0000
vt 1.3680 0.2724 0.0000
vt 1.5831 0.7658 0.0000
vt 1.5831 0.7419 0.0000
vt 1.5823 0.7658 0.0000
vt 1.5822 0.7419 0.0000
vt 1.5872 0.7658 0.0000
vt 1.5863 0.7658 0.0000
vt 1.5872 0.7900 0.0000
vt 1.5870 0.7900 0.0000
vt 1.5825 0.7900 0.0000
vt 1.5823 0.7900 0.0000
vt 1.5831 0.7173 0.0000
vt 1.5831 0.7131 0.0000
vt 1.5822 0.7173 0.0000
vt 1.5822 0.7131 0.0000
vt 1.5831 0.7089 0.0000
vt 1.5823 0.7089 0.0000
vt 1.5831 0.6987 0.0000
vt 1.5823 0.6987 0.0000
vt 1.5831 0.7340 0.0000
vt 1.5822 0.7340 0.0000
vt 1.5831 0.7298 0.0000
vt 1.5822 0.7298 0.0000
vt 1.5831 0.7256 0.0000
vt 1.5822 0.7256 0.0000
vt 1.5831 0.7215 0.0000
vt 1.5822 0.7215 0.0000
vt 1.6868 0.4021 0.0000
vt 1.6885 0.4044 0.0000
vt 1.6889 0.4085 0.0000
vt 1.6847 0.4029 0.0000
vt 1.6878 0.4119 0.0000
vt 1.6836 0.4064 0.0000
vt 1.6857 0.4128 0.0000
vt 1.6808 0.4120 0.0000
vt 1.6815 0.4184 0.0000
vt 1.6700 0.4017 0.0000
vt 1.6690 0.4048 0.0000
vt 1.6581 0.4057 0.0000
vt 1.6581 0.4064 0.0000
vt 1.4688 0.0389 0.0000
vt 1.4636 0.0129 0.0000
vt 1.4636 0.0389 0.0000
vt 1.5823 0.6703 0.0000
vt 1.5872 0.6703 0.0000
vt 1.5684 0.6716 0.0000
vt 1.5733 0.6716 0.0000
vt 1.5692 0.7000 0.0000
vt 1.5684 0.7000 0.0000
vt 1.6455 0.4318 0.0000
vt 1.6563 0.4295 0.0000
vt 1.6454 0.4311 0.0000
vt 1.6573 0.4263 0.0000
vt 1.6690 0.4422 0.0000
vt 1.6682 0.4358 0.0000
vt 1.6732 0.4363 0.0000
vt 1.6709 0.4301 0.0000
vt 1.6752 0.4353 0.0000
vt 1.6720 0.4265 0.0000
vt 1.6763 0.4318 0.0000
vt 1.6740 0.4255 0.0000
vt 1.6758 0.4277 0.0000
vt 1.4636 0.1076 0.0000
vt 1.4688 0.0816 0.0000
vt 1.4636 0.0816 0.0000
vt 1.5692 0.7186 0.0000
vt 1.5692 0.7144 0.0000
vt 1.5684 0.7186 0.0000
vt 1.5684 0.7144 0.0000
vt 1.5692 0.7102 0.0000
vt 1.5684 0.7102 0.0000
vt 1.5692 0.7353 0.0000
vt 1.5684 0.7353 0.0000
vt 1.5692 0.7311 0.0000
vt 1.5684 0.7311 0.0000
vt 1.5692 0.7269 0.0000
vt 1.5684 0.7269 0.0000
vt 1.5692 0.7228 0.0000
vt 1.5684 0.7228 0.0000
vt 1.5367 0.4478 0.0000
vt 1.5419 0.4478 0.0000
vt 1.5367 0.4392 0.0000
vt 1.5730 0.4478 0.0000
vt 1.5782 0.4392 0.0000
vt 1.5782 0.4478 0.0000
vt 1.5419 0.4514 0.0000
vt 1.5730 0.4514 0.0000
vt 1.6472 0.4090 0.0000
vt 1.6454 0.4112 0.0000
vt 1.6449 0.4152 0.0000
vt 1.6492 0.4100 0.0000
vt 1.6460 0.4188 0.0000
vt 1.6503 0.4136 0.0000
vt 1.6480 0.4198 0.0000
vt 1.6530 0.4193 0.0000
vt 1.6522 0.4257 0.0000
vt 1.6639 0.4099 0.0000
vt 1.6649 0.4130 0.0000
vt 1.6757 0.4154 0.0000
vt 1.6758 0.4148 0.0000
vt 1.3928 0.2171 0.0000
vt 1.4343 0.2171 0.0000
vt 1.3928 0.1738 0.0000
vt 1.4343 0.1738 0.0000
vt 1.3888 0.2171 0.0000
vt 1.3849 0.2230 0.0000
vt 1.4423 0.2230 0.0000
vt 1.4384 0.2171 0.0000
vt 1.4384 0.1738 0.0000
vt 1.4423 0.1667 0.0000
vt 1.3849 0.1667 0.0000
vt 1.3888 0.1738 0.0000
vt 1.4345 0.1173 0.0000
vt 1.3927 0.1173 0.0000
vt 1.4345 0.3512 0.0000
vt 1.4423 0.3019 0.0000
vt 1.3927 0.3512 0.0000
vt 1.3849 0.3019 0.0000
vt 1.3928 0.2947 0.0000
vt 1.3888 0.2947 0.0000
vt 1.3888 0.2514 0.0000
vt 1.3849 0.2456 0.0000
vt 1.3928 0.2514 0.0000
vt 1.4423 0.2456 0.0000
vt 1.4343 0.2514 0.0000
vt 1.4384 0.2514 0.0000
vt 1.4384 0.2947 0.0000
vt 1.4343 0.2947 0.0000
vt 1.4593 0.0389 0.0000
vt 1.4118 0.0129 0.0000
vt 1.4118 0.0562 0.0000
vt 1.4593 0.0562 0.0000
vt 1.4218 0.3788 0.0000
vt 1.4120 0.3788 0.0000
vt 1.4218 0.3860 0.0000
vt 1.4120 0.3860 0.0000
vt 1.4134 0.3929 0.0000
vt 1.4203 0.3929 0.0000
vt 1.4169 0.3957 0.0000
vt 1.4118 0.0643 0.0000
vt 1.4593 0.0816 0.0000
vt 1.4593 0.0643 0.0000
vt 1.4118 0.1076 0.0000
vt 1.6420 0.1658 0.0000
vt 1.6454 0.1658 0.0000
vt 1.6420 0.1599 0.0000
vt 1.6454 0.1599 0.0000
vt 1.6490 0.1599 0.0000
vt 1.6490 0.1658 0.0000
vt 0.5872 0.6484 0.0000
vt 0.5870 0.6478 0.0000
vt 0.5872 0.6478 0.0000
vt 0.5825 0.6478 0.0000
vt 0.5823 0.6484 0.0000
vt 0.5823 0.6478 0.0000
vt 1.6393 0.1658 0.0000
vt 1.6393 0.1599 0.0000
vt 1.6057 0.4952 0.0000
vt 1.5996 0.4952 0.0000
vt 1.6057 0.5136 0.0000
vt 1.5996 0.5136 0.0000
vt 1.6057 0.5303 0.0000
vt 1.5996 0.5303 0.0000
vt 1.6915 0.0723 0.0000
vt 1.6831 0.0723 0.0000
vt 1.6831 0.1061 0.0000
vt 1.6955 0.0889 0.0000
vt 1.7006 0.1061 0.0000
vt 1.7006 0.0889 0.0000
vt 1.6786 0.1061 0.0000
vt 1.6815 0.1061 0.0000
vt 1.5838 0.5848 0.0000
vt 1.5703 0.5848 0.0000
vt 1.5838 0.5884 0.0000
vt 1.5703 0.5884 0.0000
vt 1.5664 0.5848 0.0000
vt 1.5529 0.5848 0.0000
vt 1.5664 0.5884 0.0000
vt 1.5529 0.5884 0.0000
vt 1.4452 0.3449 0.0000
vt 1.4970 0.3449 0.0000
vt 1.5367 0.4219 0.0000
vt 1.5782 0.4219 0.0000
vt 1.3793 0.3780 0.0000
vt 1.3793 0.3217 0.0000
vt 1.3680 0.3780 0.0000
vt 1.3680 0.3217 0.0000
vt 0.8234 0.4123 0.0000
vt 0.8244 0.4116 0.0000
vt 0.8245 0.4357 0.0000
vt 0.8245 0.4064 0.0000
vt 0.8194 0.4066 0.0000
vt 0.8196 0.4143 0.0000
vt 0.8177 0.4160 0.0000
vt 0.8175 0.4052 0.0000
vt 0.8158 0.4146 0.0000
vt 0.8156 0.4069 0.0000
vt 0.8149 0.4109 0.0000
vt 0.5822 0.7256 0.0000
vt 0.5831 0.7256 0.0000
vt 0.5822 0.7298 0.0000
vt 0.5831 0.7298 0.0000
vt 0.5822 0.7340 0.0000
vt 0.5831 0.7340 0.0000
vt 0.5822 0.7419 0.0000
vt 0.5831 0.7419 0.0000
vt 0.5823 0.6987 0.0000
vt 0.5831 0.6987 0.0000
vt 0.5823 0.7089 0.0000
vt 0.5831 0.7089 0.0000
vt 0.5822 0.7131 0.0000
vt 0.5831 0.7131 0.0000
vt 0.5822 0.7173 0.0000
vt 0.5831 0.7173 0.0000
vt 0.5822 0.7215 0.0000
vt 0.5831 0.7215 0.0000
vt 0.8277 0.4116 0.0000
vt 0.8287 0.4123 0.0000
vt 0.8277 0.4357 0.0000
vt 0.8276 0.4064 0.0000
vt 0.8327 0.4066 0.0000
vt 0.8325 0.4142 0.0000
vt 0.8344 0.4160 0.0000
vt 0.8347 0.4052 0.0000
vt 0.8364 0.4146 0.0000
vt 0.8366 0.4069 0.0000
vt 0.8373 0.4109 0.0000
vt 1.4894 0.4226 0.0000
vt 1.4894 0.4298 0.0000
vt 1.4992 0.4226 0.0000
vt 1.4992 0.4298 0.0000
vt 1.4977 0.4367 0.0000
vt 1.4909 0.4367 0.0000
vt 1.4943 0.4395 0.0000
vt 1.4963 0.2720 0.0000
vt 1.4947 0.2720 0.0000
vt 1.4963 0.2914 0.0000
vt 1.4947 0.3070 0.0000
vt 1.4992 0.2720 0.0000
vt 1.4992 0.2914 0.0000
vt 1.5008 0.2720 0.0000
vt 1.5008 0.2966 0.0000
vt 1.4990 0.2966 0.0000
vt 1.4990 0.3070 0.0000
vt 1.5319 0.5830 0.0000
vt 1.5284 0.5859 0.0000
vt 1.5353 0.5859 0.0000
vt 1.5367 0.5928 0.0000
vt 1.5270 0.5928 0.0000
vt 1.5270 0.6000 0.0000
vt 1.5367 0.6000 0.0000
vt 1.6490 0.1499 0.0000
vt 1.6454 0.1499 0.0000
vt 1.6490 0.1558 0.0000
vt 1.6454 0.1558 0.0000
vt 0.5823 0.7900 0.0000
vt 0.5823 0.7658 0.0000
vt 0.5825 0.7900 0.0000
vt 0.5831 0.7658 0.0000
vt 0.5870 0.7900 0.0000
vt 0.5863 0.7658 0.0000
vt 0.5872 0.7900 0.0000
vt 0.5872 0.7658 0.0000
vt 0.5864 0.7419 0.0000
vt 0.5872 0.7419 0.0000
vt 1.6322 0.1558 0.0000
vt 1.6322 0.1499 0.0000
vt 1.6286 0.1499 0.0000
vt 1.6286 0.1558 0.0000
vt 1.5996 0.3568 0.0000
vt 1.5996 0.3752 0.0000
vt 1.6057 0.3568 0.0000
vt 1.6057 0.3752 0.0000
vt 1.5996 0.3401 0.0000
vt 1.6057 0.3401 0.0000
vt 1.5687 0.0889 0.0000
vt 1.5687 0.1061 0.0000
vt 1.5739 0.0889 0.0000
vt 1.5779 0.0723 0.0000
vt 0.5686 0.6491 0.0000
vt 0.5684 0.6497 0.0000
vt 0.5684 0.6491 0.0000
vt 0.5731 0.6491 0.0000
vt 0.5733 0.6497 0.0000
vt 0.5733 0.6491 0.0000
vt 0.8095 0.4237 0.0000
vt 0.8085 0.4230 0.0000
vt 0.8095 0.3996 0.0000
vt 0.8096 0.4289 0.0000
vt 0.8045 0.4288 0.0000
vt 0.8046 0.4211 0.0000
vt 0.8027 0.4194 0.0000
vt 0.8025 0.4303 0.0000
vt 0.8008 0.4208 0.0000
vt 0.8006 0.4285 0.0000
vt 0.7999 0.4246 0.0000
vt 1.5659 0.5960 0.0000
vt 1.5659 0.5924 0.0000
vt 1.5524 0.5960 0.0000
vt 1.5524 0.5924 0.0000
vt 1.5833 0.5960 0.0000
vt 1.5833 0.5924 0.0000
vt 1.5698 0.5960 0.0000
vt 1.5698 0.5924 0.0000
vt 1.6057 0.3856 0.0000
vt 1.6057 0.3937 0.0000
vt 1.6057 0.4767 0.0000
vt 1.6057 0.4848 0.0000
vt 0.8138 0.4230 0.0000
vt 0.8127 0.4237 0.0000
vt 0.8126 0.3996 0.0000
vt 0.8127 0.4289 0.0000
vt 0.8178 0.4287 0.0000
vt 0.8176 0.4210 0.0000
vt 0.8194 0.4192 0.0000
vt 0.8197 0.4301 0.0000
vt 0.8214 0.4206 0.0000
vt 0.8216 0.4283 0.0000
vt 0.8223 0.4244 0.0000
vt 0.5684 0.7269 0.0000
vt 0.5692 0.7269 0.0000
vt 0.5684 0.7311 0.0000
vt 0.5692 0.7311 0.0000
vt 0.5684 0.7353 0.0000
vt 0.5692 0.7353 0.0000
vt 0.5684 0.7432 0.0000
vt 0.5692 0.7432 0.0000
vt 0.5684 0.7000 0.0000
vt 0.5692 0.7000 0.0000
vt 0.5684 0.7102 0.0000
vt 0.5692 0.7102 0.0000
vt 0.5684 0.7144 0.0000
vt 0.5692 0.7144 0.0000
vt 0.5684 0.7186 0.0000
vt 0.5692 0.7186 0.0000
vt 0.5684 0.7228 0.0000
vt 0.5692 0.7228 0.0000
vt 0.6758 0.4148 0.0000
vt 0.6757 0.4154 0.0000
vt 0.6639 0.4099 0.0000
vt 0.6649 0.4130 0.0000
vt 0.6522 0.4257 0.0000
vt 0.6530 0.4193 0.0000
vt 0.6480 0.4198 0.0000
vt 0.6503 0.4136 0.0000
vt 0.6460 0.4188 0.0000
vt 0.6492 0.4100 0.0000
vt 0.6449 0.4152 0.0000
vt 0.6472 0.4090 0.0000
vt 0.6454 0.4112 0.0000
vt 0.6420 0.1599 0.0000
vt 0.6420 0.1658 0.0000
vt 0.6393 0.1599 0.0000
vt 0.6393 0.1658 0.0000
vt 0.6356 0.1599 0.0000
vt 0.6356 0.1658 0.0000
vt 0.6831 0.1061 0.0000
vt 0.6815 0.1061 0.0000
vt 0.6831 0.0723 0.0000
vt 0.6786 0.1061 0.0000
vt 0.6770 0.0723 0.0000
vt 0.6770 0.1061 0.0000
vt 1.4636 0.0048 0.0000
vt 1.4118 0.0048 0.0000
vt 0.3680 0.2724 0.0000
vt 0.3680 0.1887 0.0000
vt 0.3793 0.2724 0.0000
vt 0.3793 0.1887 0.0000
vt 0.5872 0.6703 0.0000
vt 0.5823 0.6703 0.0000
vt 0.5863 0.6987 0.0000
vt 0.5872 0.6987 0.0000
vt 0.6581 0.4064 0.0000
vt 0.6690 0.4048 0.0000
vt 0.6581 0.4057 0.0000
vt 0.6700 0.4017 0.0000
vt 0.6815 0.4184 0.0000
vt 0.6808 0.4120 0.0000
vt 0.6857 0.4128 0.0000
vt 0.6836 0.4064 0.0000
vt 0.6878 0.4119 0.0000
vt 0.6847 0.4029 0.0000
vt 0.6889 0.4085 0.0000
vt 0.6868 0.4021 0.0000
vt 0.6885 0.4044 0.0000
vt 0.5022 0.3108 0.0000
vt 0.4970 0.3368 0.0000
vt 0.4970 0.3108 0.0000
vt 0.5864 0.7173 0.0000
vt 0.5864 0.7131 0.0000
vt 0.5872 0.7173 0.0000
vt 0.5872 0.7131 0.0000
vt 0.5864 0.7089 0.0000
vt 0.5872 0.7089 0.0000
vt 0.5864 0.7340 0.0000
vt 0.5872 0.7340 0.0000
vt 0.5864 0.7298 0.0000
vt 0.5872 0.7298 0.0000
vt 0.5864 0.7256 0.0000
vt 0.5872 0.7256 0.0000
vt 0.5864 0.7215 0.0000
vt 0.5872 0.7215 0.0000
vt 0.4970 0.2421 0.0000
vt 0.5022 0.2681 0.0000
vt 0.4970 0.2681 0.0000
vt 0.6927 0.4187 0.0000
vt 0.6945 0.4209 0.0000
vt 0.6950 0.4249 0.0000
vt 0.6907 0.4197 0.0000
vt 0.6939 0.4285 0.0000
vt 0.6896 0.4233 0.0000
vt 0.6919 0.4295 0.0000
vt 0.6869 0.4290 0.0000
vt 0.6877 0.4354 0.0000
vt 0.6760 0.4196 0.0000
vt 0.6750 0.4227 0.0000
vt 0.6642 0.4251 0.0000
vt 0.6641 0.4245 0.0000
vt 0.5725 0.7671 0.0000
vt 0.5725 0.7432 0.0000
vt 0.5733 0.7671 0.0000
vt 0.5733 0.7432 0.0000
vt 0.5684 0.7671 0.0000
vt 0.5692 0.7671 0.0000
vt 0.5684 0.7913 0.0000
vt 0.5686 0.7913 0.0000
vt 0.5731 0.7913 0.0000
vt 0.5733 0.7913 0.0000
vt 0.5725 0.7186 0.0000
vt 0.5725 0.7144 0.0000
vt 0.5733 0.7186 0.0000
vt 0.5733 0.7144 0.0000
vt 0.5725 0.7102 0.0000
vt 0.5733 0.7102 0.0000
vt 0.5725 0.7000 0.0000
vt 0.5733 0.7000 0.0000
vt 0.5725 0.7353 0.0000
vt 0.5733 0.7353 0.0000
vt 0.5725 0.7311 0.0000
vt 0.5733 0.7311 0.0000
vt 0.5725 0.7269 0.0000
vt 0.5733 0.7269 0.0000
vt 0.5725 0.7228 0.0000
vt 0.5733 0.7228 0.0000
vt 0.6740 0.4255 0.0000
vt 0.6758 0.4277 0.0000
vt 0.6763 0.4318 0.0000
vt 0.6720 0.4265 0.0000
vt 0.6752 0.4353 0.0000
vt 0.6709 0.4301 0.0000
vt 0.6732 0.4363 0.0000
vt 0.6682 0.4358 0.0000
vt 0.6690 0.4422 0.0000
vt 0.6573 0.4263 0.0000
vt 0.6563 0.4295 0.0000
vt 0.6454 0.4311 0.0000
vt 0.6455 0.4318 0.0000
vt 0.4343 0.2947 0.0000
vt 0.4384 0.2947 0.0000
vt 0.3849 0.3019 0.0000
vt 0.3928 0.2947 0.0000
vt 0.3928 0.2514 0.0000
vt 0.4343 0.2514 0.0000
vt 0.3888 0.2947 0.0000
vt 0.3888 0.2514 0.0000
vt 0.3849 0.2456 0.0000
vt 0.4423 0.2456 0.0000
vt 0.4384 0.2514 0.0000
vt 0.4423 0.3019 0.0000
vt 0.3927 0.3512 0.0000
vt 0.4345 0.3512 0.0000
vt 0.4977 0.4367 0.0000
vt 0.4943 0.4395 0.0000
vt 0.4909 0.4367 0.0000
vt 0.4894 0.4298 0.0000
vt 0.4992 0.4298 0.0000
vt 0.4992 0.4226 0.0000
vt 0.4894 0.4226 0.0000
vt 0.6286 0.1558 0.0000
vt 0.6286 0.1499 0.0000
vt 0.6322 0.1558 0.0000
vt 0.6322 0.1499 0.0000
vt 0.6356 0.1499 0.0000
vt 0.6356 0.1558 0.0000
vt 0.5733 0.6716 0.0000
vt 0.5684 0.6716 0.0000
vt 0.4343 0.1738 0.0000
vt 0.4343 0.2171 0.0000
vt 0.3928 0.1738 0.0000
vt 0.3928 0.2171 0.0000
vt 0.3888 0.2171 0.0000
vt 0.3849 0.2230 0.0000
vt 0.4423 0.2230 0.0000
vt 0.4384 0.2171 0.0000
vt 0.4384 0.1738 0.0000
vt 0.4423 0.1667 0.0000
vt 0.3849 0.1667 0.0000
vt 0.3888 0.1738 0.0000
vt 0.3927 0.1173 0.0000
vt 0.4345 0.1173 0.0000
vt 0.4990 0.3070 0.0000
vt 0.4947 0.3070 0.0000
vt 0.4990 0.2966 0.0000
vt 0.4963 0.2914 0.0000
vt 0.4992 0.2914 0.0000
vt 0.5008 0.2966 0.0000
vt 0.5008 0.2720 0.0000
vt 0.4992 0.2720 0.0000
vt 0.4947 0.2720 0.0000
vt 0.4963 0.2720 0.0000
vt 0.4636 0.0129 0.0000
vt 0.4688 0.0389 0.0000
vt 0.4636 0.0389 0.0000
vt 0.3793 0.0830 0.0000
vt 0.3793 0.1393 0.0000
vt 0.3680 0.0830 0.0000
vt 0.3680 0.1393 0.0000
vt 0.5391 0.6006 0.0000
vt 0.5391 0.5934 0.0000
vt 0.5489 0.6006 0.0000
vt 0.5489 0.5934 0.0000
vt 0.5474 0.5865 0.0000
vt 0.5405 0.5865 0.0000
vt 0.5440 0.5836 0.0000
vt 0.4631 0.0781 0.0000
vt 0.4616 0.0781 0.0000
vt 0.4631 0.0586 0.0000
vt 0.4615 0.0430 0.0000
vt 0.4661 0.0781 0.0000
vt 0.4661 0.0586 0.0000
vt 0.4676 0.0781 0.0000
vt 0.4676 0.0534 0.0000
vt 0.4658 0.0534 0.0000
vt 0.4658 0.0430 0.0000
vt 0.4169 0.3957 0.0000
vt 0.4134 0.3929 0.0000
vt 0.4203 0.3929 0.0000
vt 0.4218 0.3860 0.0000
vt 0.4120 0.3860 0.0000
vt 0.4120 0.3788 0.0000
vt 0.4218 0.3788 0.0000
vt 0.6490 0.1658 0.0000
vt 0.6454 0.1658 0.0000
vt 0.6490 0.1599 0.0000
vt 0.6454 0.1599 0.0000
vt 0.4688 0.0816 0.0000
vt 0.4636 0.1076 0.0000
vt 0.4636 0.0816 0.0000
vt 0.6322 0.1599 0.0000
vt 0.6322 0.1658 0.0000
vt 0.6286 0.1658 0.0000
vt 0.6286 0.1599 0.0000
vt 0.5996 0.5136 0.0000
vt 0.5996 0.4952 0.0000
vt 0.6057 0.5136 0.0000
vt 0.6057 0.4952 0.0000
vt 0.6686 0.0723 0.0000
vt 0.6647 0.0889 0.0000
vt 0.6647 0.1061 0.0000
vt 0.6047 0.1061 0.0000
vt 0.6191 0.1061 0.0000
vt 0.6099 0.1321 0.0000
vt 0.6047 0.0889 0.0000
vt 0.6502 0.1061 0.0000
vt 0.6595 0.1321 0.0000
vt 0.6554 0.1321 0.0000
vt 0.6139 0.1321 0.0000
vt 0.5923 0.1061 0.0000
vt 0.6007 0.0723 0.0000
vt 0.5923 0.0723 0.0000
vt 0.4593 0.0562 0.0000
vt 0.4118 0.0562 0.0000
vt 0.4593 0.0389 0.0000
vt 0.4118 0.0129 0.0000
vt 0.5996 0.5303 0.0000
vt 0.6057 0.5303 0.0000
vt 0.7006 0.0889 0.0000
vt 0.7006 0.1061 0.0000
vt 0.6955 0.0889 0.0000
vt 0.6915 0.0723 0.0000
vt 0.4593 0.0816 0.0000
vt 0.4118 0.0643 0.0000
vt 0.4593 0.0643 0.0000
vt 0.4118 0.1076 0.0000
vt 0.2020 0.1945 0.0000
vt 0.2020 0.2064 0.0000
vt 0.1943 0.1945 0.0000
vt 0.2491 0.2831 0.0000
vt 0.2491 0.2711 0.0000
vt 0.2737 0.2831 0.0000
vt 0.2491 0.2064 0.0000
vt 0.2020 0.2711 0.0000
vt 0.1943 0.2831 0.0000
vt 0.2020 0.2831 0.0000
vt 0.2491 0.1945 0.0000
vt 0.2737 0.1945 0.0000
vt 0.2780 0.1016 0.0000
vt 0.2857 0.1016 0.0000
vt 0.2780 0.1887 0.0000
vt 0.3329 0.0804 0.0000
vt 0.3329 0.1016 0.0000
vt 0.2857 0.0804 0.0000
vt 0.3574 0.1887 0.0000
vt 0.3574 0.1016 0.0000
vt 0.1957 0.1016 0.0000
vt 0.2203 0.1016 0.0000
vt 0.1957 0.1887 0.0000
vt 0.2751 0.1887 0.0000
vt 0.2674 0.1016 0.0000
vt 0.2203 0.0804 0.0000
vt 0.2674 0.0804 0.0000
vt 0.2751 0.1016 0.0000
vt 0.4970 0.3449 0.0000
vt 0.4452 0.3449 0.0000
vt 0.4452 0.3368 0.0000
vt 0.4927 0.2935 0.0000
vt 0.4452 0.2935 0.0000
vt 0.4927 0.2854 0.0000
vt 0.4452 0.2854 0.0000
vt 0.5782 0.4392 0.0000
vt 0.5367 0.4392 0.0000
vt 0.5782 0.4219 0.0000
vt 0.5367 0.4219 0.0000
vt 0.3793 0.3217 0.0000
vt 0.3680 0.3217 0.0000
vt 0.3680 0.3780 0.0000
vt 0.3793 0.3780 0.0000
vt 0.5375 0.2569 0.0000
vt 0.5352 0.2878 0.0000
vt 0.5167 0.2569 0.0000
vt 0.5352 0.3091 0.0000
vt 0.5375 0.3399 0.0000
vt 0.5190 0.3091 0.0000
vt 0.5167 0.3399 0.0000
vt 0.5190 0.2878 0.0000
vt 0.5367 0.6000 0.0000
vt 0.5270 0.6000 0.0000
vt 0.5367 0.5928 0.0000
vt 0.5270 0.5928 0.0000
vt 0.5284 0.5859 0.0000
vt 0.5353 0.5859 0.0000
vt 0.5319 0.5830 0.0000
vt 0.5891 0.6103 0.0000
vt 0.5891 0.6139 0.0000
vt 0.5809 0.6103 0.0000
vt 0.5809 0.6139 0.0000
vt 0.5477 0.6103 0.0000
vt 0.5779 0.6139 0.0000
vt 0.5779 0.6279 0.0000
vt 0.5477 0.6316 0.0000
vt 0.5809 0.6316 0.0000
vt 0.5809 0.6279 0.0000
vt 0.5891 0.6316 0.0000
vt 0.5891 0.6279 0.0000
vt 0.5933 0.3605 0.0000
vt 0.5951 0.3605 0.0000
vt 0.5933 0.3778 0.0000
vt 0.5951 0.3778 0.0000
vt 0.5933 0.3836 0.0000
vt 0.5951 0.4419 0.0000
vt 0.5848 0.4419 0.0000
vt 0.5866 0.3836 0.0000
vt 0.5866 0.3778 0.0000
vt 0.5848 0.3778 0.0000
vt 0.5866 0.3605 0.0000
vt 0.5848 0.3605 0.0000
vt 0.4609 0.4521 0.0000
vt 0.4871 0.4407 0.0000
vt 0.5341 0.4521 0.0000
vt 0.4871 0.4196 0.0000
vt 0.4609 0.4088 0.0000
vt 0.5079 0.4196 0.0000
vt 0.5341 0.4088 0.0000
vt 0.5079 0.4407 0.0000
vt 0.6420 0.1499 0.0000
vt 0.6454 0.1499 0.0000
vt 0.6420 0.1558 0.0000
vt 0.6454 0.1558 0.0000
vt 0.6490 0.1558 0.0000
vt 0.6490 0.1499 0.0000
vt 0.4576 0.3653 0.0000
vt 0.4314 0.3761 0.0000
vt 0.3844 0.3653 0.0000
vt 0.4314 0.3972 0.0000
vt 0.4576 0.4086 0.0000
vt 0.4106 0.3972 0.0000
vt 0.3844 0.4086 0.0000
vt 0.4106 0.3761 0.0000
vt 0.6393 0.1499 0.0000
vt 0.6393 0.1558 0.0000
vt 0.6057 0.3752 0.0000
vt 0.5996 0.3752 0.0000
vt 0.6057 0.3568 0.0000
vt 0.5996 0.3568 0.0000
vt 0.6057 0.3401 0.0000
vt 0.5996 0.3401 0.0000
vt 0.5779 0.0723 0.0000
vt 0.5862 0.0723 0.0000
vt 0.5862 0.1061 0.0000
vt 0.5739 0.0889 0.0000
vt 0.5687 0.1061 0.0000
vt 0.5687 0.0889 0.0000
vt 0.5908 0.1061 0.0000
vt 0.5878 0.1061 0.0000
vt 0.5524 0.5924 0.0000
vt 0.5659 0.5924 0.0000
vt 0.5524 0.5960 0.0000
vt 0.5659 0.5960 0.0000
vt 0.5698 0.5924 0.0000
vt 0.5833 0.5924 0.0000
vt 0.5698 0.5960 0.0000
vt 0.5833 0.5960 0.0000
vt 0.5782 0.4478 0.0000
vt 0.5730 0.4478 0.0000
vt 0.5419 0.4514 0.0000
vt 0.5419 0.4478 0.0000
vt 0.5730 0.4514 0.0000
vt 0.5367 0.4478 0.0000
vt 0.0650 0.6554 0.0000
vt 0.1334 0.6554 0.0000
vt 0.0446 0.7744 0.0000
vt 0.1334 0.8502 0.0000
vt 0.0446 0.8502 0.0000
vt 0.4118 0.0048 0.0000
vt 0.4636 0.0048 0.0000
vt 0.1734 0.4336 0.0000
vt 0.1734 0.4257 0.0000
vt 0.2206 0.4336 0.0000
vt 0.2206 0.4257 0.0000
vt 0.1734 0.4124 0.0000
vt 0.2206 0.4124 0.0000
vt 0.2206 0.4393 0.0000
vt 0.2206 0.4526 0.0000
vt 0.1734 0.4393 0.0000
vt 0.1734 0.4526 0.0000
vt 0.2206 0.4605 0.0000
vt 0.1734 0.4605 0.0000
vt 0.2639 0.2942 0.0000
vt 0.2599 0.2942 0.0000
vt 0.2639 0.3062 0.0000
vt 0.2533 0.3062 0.0000
vt 0.2533 0.3034 0.0000
vt 0.4762 0.6412 0.0000
vt 0.4762 0.7984 0.0000
vt 0.4384 0.6412 0.0000
vt 0.4384 0.7984 0.0000
vt 0.3754 0.7984 0.0000
vt 0.3754 0.6412 0.0000
vt 0.2185 0.0867 0.0000
vt 0.2185 0.0895 0.0000
vt 0.2079 0.0867 0.0000
vt 0.2119 0.0987 0.0000
vt 0.2079 0.0987 0.0000
vt 0.3468 0.0867 0.0000
vt 0.3508 0.0867 0.0000
vt 0.3468 0.0987 0.0000
vt 0.3574 0.0987 0.0000
vt 0.3574 0.0959 0.0000
vt 1.3798 0.3960 0.0000
vt 1.3731 0.3960 0.0000
vt 1.3798 0.4105 0.0000
vt 1.3739 0.3899 0.0000
vt 1.3791 0.3899 0.0000
vt 1.3791 0.4166 0.0000
vt 1.3739 0.4166 0.0000
vt 1.3731 0.4105 0.0000
vt 1.3665 0.3960 0.0000
vt 1.3672 0.3899 0.0000
vt 1.3724 0.3899 0.0000
vt 1.3724 0.4166 0.0000
vt 1.3672 0.4166 0.0000
vt 1.3665 0.4105 0.0000
vt 1.3598 0.3960 0.0000
vt 1.3605 0.3899 0.0000
vt 1.3657 0.3899 0.0000
vt 1.3657 0.4166 0.0000
vt 1.3605 0.4166 0.0000
vt 1.3598 0.4105 0.0000
vt 1.3531 0.3960 0.0000
vt 1.3538 0.3899 0.0000
vt 1.3590 0.3899 0.0000
vt 1.3590 0.4166 0.0000
vt 1.3538 0.4166 0.0000
vt 1.3531 0.4105 0.0000
vt 1.3464 0.3960 0.0000
vt 1.3472 0.3899 0.0000
vt 1.3524 0.3899 0.0000
vt 1.3524 0.4166 0.0000
vt 1.3472 0.4166 0.0000
vt 1.3464 0.4105 0.0000
vt 1.3397 0.3960 0.0000
vt 1.3405 0.3899 0.0000
vt 1.3457 0.3899 0.0000
vt 1.3331 0.3960 0.0000
vt 1.3338 0.3899 0.0000
vt 1.3390 0.3899 0.0000
vt 1.3457 0.4166 0.0000
vt 1.3405 0.4166 0.0000
vt 1.3397 0.4105 0.0000
vt 1.3331 0.4105 0.0000
vt 1.3264 0.3960 0.0000
vt 1.3271 0.3899 0.0000
vt 1.3323 0.3899 0.0000
vt 1.3390 0.4166 0.0000
vt 1.3338 0.4166 0.0000
vt 1.3323 0.4166 0.0000
vt 1.3271 0.4166 0.0000
vt 1.3264 0.4105 0.0000
vt 1.3197 0.3960 0.0000
vt 1.3204 0.3899 0.0000
vt 1.3257 0.3899 0.0000
vt 1.3130 0.3960 0.0000
vt 1.3138 0.3899 0.0000
vt 1.3190 0.3899 0.0000
vt 1.3257 0.4166 0.0000
vt 1.3204 0.4166 0.0000
vt 1.3197 0.4105 0.0000
vt 1.3130 0.4105 0.0000
vt 1.3064 0.4105 0.0000
vt 1.3064 0.3960 0.0000
vt 1.3071 0.3899 0.0000
vt 1.3123 0.3899 0.0000
vt 1.3190 0.4166 0.0000
vt 1.3138 0.4166 0.0000
vt 1.3123 0.4166 0.0000
vt 1.3071 0.4166 0.0000
vt 1.3056 0.4166 0.0000
vt 1.3004 0.4166 0.0000
vt 1.2997 0.4105 0.0000
vt 1.2997 0.3960 0.0000
vt 1.3004 0.3899 0.0000
vt 1.3056 0.3899 0.0000
vt 0.2607 0.2868 0.0000
vt 0.2607 0.2895 0.0000
vt 0.2501 0.2868 0.0000
vt 0.2540 0.2987 0.0000
vt 0.2501 0.2987 0.0000
vt 0.2206 0.4096 0.0000
vt 0.1734 0.4096 0.0000
vt 0.2206 0.4366 0.0000
vt 0.1734 0.4366 0.0000
vt 0.3574 0.2831 0.0000
vt 0.2780 0.2831 0.0000
vt 0.3574 0.1945 0.0000
vt 0.2780 0.1945 0.0000
vt 0.3131 0.3788 0.0000
vt 0.3131 0.2917 0.0000
vt 0.3574 0.3788 0.0000
vt 0.3574 0.2917 0.0000
vt 0.2660 0.2917 0.0000
vt 0.3102 0.2917 0.0000
vt 0.2660 0.3788 0.0000
vt 0.3102 0.3788 0.0000
vt 0.5950 0.5055 0.0000
vt 0.5950 0.5114 0.0000
vt 0.5788 0.5055 0.0000
vt 0.5788 0.5114 0.0000
vt 0.5913 0.5278 0.0000
vt 0.5824 0.5278 0.0000
vt 0.5788 0.4915 0.0000
vt 0.5788 0.4855 0.0000
vt 0.5950 0.4915 0.0000
vt 0.5950 0.4855 0.0000
vt 0.5824 0.4691 0.0000
vt 0.5913 0.4691 0.0000
vt 0.5799 0.3551 0.0000
vt 0.5818 0.3551 0.0000
vt 0.5799 0.3729 0.0000
vt 0.5818 0.3729 0.0000
vt 0.5385 0.4086 0.0000
vt 0.5367 0.4086 0.0000
vt 0.5385 0.3908 0.0000
vt 0.5367 0.3908 0.0000
vt 0.5467 0.3835 0.0000
vt 0.5467 0.4159 0.0000
vt 0.5799 0.3835 0.0000
vt 0.5799 0.4159 0.0000
vt 0.5717 0.3802 0.0000
vt 0.5717 0.3478 0.0000
vt 0.5385 0.3802 0.0000
vt 0.5385 0.3478 0.0000
vt 0.5061 0.2569 0.0000
vt 0.5061 0.3399 0.0000
vt 0.5689 0.2569 0.0000
vt 0.5689 0.3399 0.0000
vt 0.5480 0.2569 0.0000
vt 0.5480 0.3399 0.0000
vt 0.5341 0.4006 0.0000
vt 0.4609 0.4006 0.0000
vt 0.5341 0.3574 0.0000
vt 0.4609 0.3574 0.0000
vt 0.4609 0.4602 0.0000
vt 0.5341 0.4602 0.0000
vt 0.3844 0.4168 0.0000
vt 0.4576 0.4168 0.0000
vt 0.4576 0.3572 0.0000
vt 0.3844 0.3572 0.0000
vt 0.4576 0.4600 0.0000
vt 0.3844 0.4600 0.0000
vt 0.5651 0.7984 0.0000
vt 0.5651 0.6412 0.0000
vt 0.3008 0.8502 0.0000
vt 0.2120 0.8502 0.0000
vt 0.3008 0.7744 0.0000
vt 0.2120 0.6554 0.0000
vt 0.2804 0.6554 0.0000
vt 0.3070 0.6412 0.0000
vt 0.3070 0.7984 0.0000
vt 1.2450 0.2943 0.0000
vt 1.2398 0.2943 0.0000
vt 1.2353 0.2996 0.0000
vt 1.2496 0.2994 0.0000
vt 1.2327 0.3087 0.0000
vt 1.2522 0.3084 0.0000
vt 1.2328 0.3191 0.0000
vt 1.2522 0.3189 0.0000
vt 1.2354 0.3281 0.0000
vt 1.2496 0.3279 0.0000
vt 1.2399 0.3333 0.0000
vt 1.2451 0.3332 0.0000
vt 1.2523 0.3727 0.0000
vt 1.2575 0.3726 0.0000
vt 1.2620 0.3674 0.0000
vt 1.2478 0.3675 0.0000
vt 1.2646 0.3583 0.0000
vt 1.2451 0.3585 0.0000
vt 1.2646 0.3479 0.0000
vt 1.2451 0.3481 0.0000
vt 1.2619 0.3389 0.0000
vt 1.2477 0.3390 0.0000
vt 1.2574 0.3337 0.0000
vt 1.2522 0.3338 0.0000
vt 1.3211 0.4454 0.0000
vt 1.3332 0.4454 0.0000
vt 1.3230 0.4438 0.0000
vt 1.3360 0.4346 0.0000
vt 1.3335 0.4324 0.0000
vt 1.3351 0.4363 0.0000
vt 1.3359 0.4401 0.0000
vt 1.3371 0.4401 0.0000
vt 1.3351 0.4438 0.0000
vt 1.3360 0.4456 0.0000
vt 1.3335 0.4478 0.0000
vt 1.3209 0.4478 0.0000
vt 1.3193 0.4438 0.0000
vt 1.3184 0.4456 0.0000
vt 1.3185 0.4401 0.0000
vt 1.3172 0.4401 0.0000
vt 1.3193 0.4363 0.0000
vt 1.3184 0.4346 0.0000
vt 1.3211 0.4348 0.0000
vt 1.3209 0.4324 0.0000
vt 1.3314 0.4438 0.0000
vt 1.3238 0.4401 0.0000
vt 1.3306 0.4401 0.0000
vt 1.3230 0.4363 0.0000
vt 1.3314 0.4363 0.0000
vt 1.3332 0.4348 0.0000
vt 1.2509 0.4300 0.0000
vt 1.2509 0.4439 0.0000
vt 1.2542 0.4300 0.0000
vt 1.2556 0.4496 0.0000
vt 1.2594 0.4420 0.0000
vt 1.2621 0.4442 0.0000
vt 1.2567 0.4550 0.0000
vt 1.2633 0.4496 0.0000
vt 1.2594 0.4572 0.0000
vt 1.2621 0.4550 0.0000
vt 1.2506 0.4047 0.0000
vt 1.2427 0.4048 0.0000
vt 1.2506 0.4072 0.0000
vt 1.2427 0.4072 0.0000
vt 1.2456 0.4300 0.0000
vt 1.2456 0.4439 0.0000
vt 1.2647 0.4356 0.0000
vt 1.2641 0.4413 0.0000
vt 1.2656 0.4463 0.0000
vt 1.2672 0.4325 0.0000
vt 1.2685 0.4475 0.0000
vt 1.2700 0.4338 0.0000
vt 1.2709 0.4444 0.0000
vt 1.2778 0.4300 0.0000
vt 1.2796 0.4454 0.0000
vt 1.2826 0.4367 0.0000
vt 1.2836 0.4446 0.0000
vt 1.2427 0.4179 0.0000
vt 1.2427 0.4203 0.0000
vt 1.2506 0.4179 0.0000
vt 1.2506 0.4203 0.0000
vt 1.2682 0.4203 0.0000
vt 1.2768 0.4203 0.0000
vt 1.2682 0.4179 0.0000
vt 1.2737 0.4179 0.0000
vt 1.2768 0.4048 0.0000
vt 1.2737 0.4072 0.0000
vt 1.2682 0.4072 0.0000
vt 1.2682 0.4048 0.0000
vt 1.2796 0.4125 0.0000
vt 1.2424 0.4300 0.0000
vt 1.2409 0.4496 0.0000
vt 1.2371 0.4420 0.0000
vt 1.2344 0.4442 0.0000
vt 1.2398 0.4550 0.0000
vt 1.2371 0.4572 0.0000
vt 1.2333 0.4496 0.0000
vt 1.2344 0.4550 0.0000
vt 1.2653 0.4179 0.0000
vt 1.2653 0.4203 0.0000
vt 1.2623 0.4179 0.0000
vt 1.2623 0.4203 0.0000
vt 1.2594 0.4179 0.0000
vt 1.2594 0.4203 0.0000
vt 1.2565 0.4179 0.0000
vt 1.2565 0.4203 0.0000
vt 1.2536 0.4179 0.0000
vt 1.2536 0.4203 0.0000
vt 1.2394 0.4179 0.0000
vt 1.2367 0.4203 0.0000
vt 1.2394 0.4072 0.0000
vt 1.2367 0.4048 0.0000
vt 1.2340 0.4125 0.0000
vt 1.2907 0.4003 0.0000
vt 1.2927 0.4003 0.0000
vt 1.2907 0.3875 0.0000
vt 1.2927 0.3875 0.0000
vt 1.2948 0.4003 0.0000
vt 1.2948 0.3875 0.0000
vt 1.2968 0.4003 0.0000
vt 1.2968 0.3875 0.0000
vt 1.2806 0.4003 0.0000
vt 1.2826 0.4003 0.0000
vt 1.2806 0.3875 0.0000
vt 1.2826 0.3875 0.0000
vt 1.2846 0.3875 0.0000
vt 1.2846 0.4003 0.0000
vt 1.2867 0.3875 0.0000
vt 1.2867 0.4003 0.0000
vt 1.2887 0.3875 0.0000
vt 1.2887 0.4003 0.0000
vt 1.2536 0.4047 0.0000
vt 1.2536 0.4072 0.0000
vt 1.2565 0.4048 0.0000
vt 1.2565 0.4072 0.0000
vt 1.2594 0.4048 0.0000
vt 1.2594 0.4072 0.0000
vt 1.2623 0.4048 0.0000
vt 1.2623 0.4072 0.0000
vt 1.2653 0.4048 0.0000
vt 1.2653 0.4072 0.0000
vt 1.2798 0.4085 0.0000
vt 1.2798 0.4166 0.0000
vt 1.2850 0.4418 0.0000
vt 1.2828 0.4483 0.0000
vt 1.2338 0.4085 0.0000
vt 1.2338 0.4166 0.0000
vt 1.2960 0.4380 0.0000
vt 1.2935 0.4430 0.0000
vt 1.2950 0.4458 0.0000
vt 1.2958 0.4495 0.0000
vt 1.2990 0.4467 0.0000
vt 1.2583 0.4753 0.0000
vt 1.2583 0.4614 0.0000
vt 1.2551 0.4753 0.0000
vt 1.2536 0.4557 0.0000
vt 1.2498 0.4633 0.0000
vt 1.2471 0.4611 0.0000
vt 1.2525 0.4503 0.0000
vt 1.2460 0.4557 0.0000
vt 1.2498 0.4481 0.0000
vt 1.2471 0.4503 0.0000
vt 1.3008 0.4312 0.0000
vt 1.3076 0.4457 0.0000
vt 1.3086 0.4350 0.0000
vt 1.3101 0.4488 0.0000
vt 1.3114 0.4338 0.0000
vt 1.3139 0.4369 0.0000
vt 1.3129 0.4476 0.0000
vt 1.3145 0.4426 0.0000
vt 1.3245 0.4275 0.0000
vt 1.3273 0.4275 0.0000
vt 1.3245 0.4222 0.0000
vt 1.3273 0.4222 0.0000
vt 1.3399 0.4275 0.0000
vt 1.3399 0.4222 0.0000
vt 1.3426 0.4275 0.0000
vt 1.3426 0.4222 0.0000
vt 1.3456 0.4275 0.0000
vt 1.3456 0.4222 0.0000
vt 1.3486 0.4275 0.0000
vt 1.3486 0.4222 0.0000
vt 1.3005 0.4275 0.0000
vt 1.3032 0.4275 0.0000
vt 1.3005 0.4222 0.0000
vt 1.3032 0.4222 0.0000
vt 1.3158 0.4275 0.0000
vt 1.3158 0.4222 0.0000
vt 1.3186 0.4275 0.0000
vt 1.3186 0.4222 0.0000
vt 1.3216 0.4275 0.0000
vt 1.3216 0.4222 0.0000
vt 1.2506 0.3875 0.0000
vt 1.2427 0.3876 0.0000
vt 1.2506 0.3900 0.0000
vt 1.2427 0.3900 0.0000
vt 1.2636 0.4753 0.0000
vt 1.2636 0.4614 0.0000
vt 1.2774 0.4537 0.0000
vt 1.2768 0.4594 0.0000
vt 1.2783 0.4644 0.0000
vt 1.2799 0.4506 0.0000
vt 1.2812 0.4656 0.0000
vt 1.2827 0.4519 0.0000
vt 1.2837 0.4625 0.0000
vt 1.2905 0.4481 0.0000
vt 1.2923 0.4635 0.0000
vt 1.2953 0.4548 0.0000
vt 1.2963 0.4627 0.0000
vt 1.2427 0.4007 0.0000
vt 1.2427 0.4031 0.0000
vt 1.2506 0.4007 0.0000
vt 1.2506 0.4032 0.0000
vt 1.2682 0.4031 0.0000
vt 1.2768 0.4031 0.0000
vt 1.2682 0.4007 0.0000
vt 1.2737 0.4007 0.0000
vt 1.2768 0.3876 0.0000
vt 1.2737 0.3900 0.0000
vt 1.2682 0.3900 0.0000
vt 1.2682 0.3876 0.0000
vt 1.2796 0.3953 0.0000
vt 1.2669 0.4753 0.0000
vt 1.2683 0.4557 0.0000
vt 1.2722 0.4633 0.0000
vt 1.2749 0.4611 0.0000
vt 1.2695 0.4503 0.0000
vt 1.2722 0.4481 0.0000
vt 1.2760 0.4557 0.0000
vt 1.2749 0.4503 0.0000
vt 1.2653 0.4007 0.0000
vt 1.2653 0.4031 0.0000
vt 1.2623 0.4007 0.0000
vt 1.2623 0.4031 0.0000
vt 1.2594 0.4007 0.0000
vt 1.2594 0.4031 0.0000
vt 1.2565 0.4007 0.0000
vt 1.2565 0.4031 0.0000
vt 1.2536 0.4007 0.0000
vt 1.2536 0.4032 0.0000
vt 1.2394 0.4007 0.0000
vt 1.2367 0.4031 0.0000
vt 1.2394 0.3900 0.0000
vt 1.2367 0.3876 0.0000
vt 1.2340 0.3953 0.0000
vt 1.2907 0.4175 0.0000
vt 1.2927 0.4175 0.0000
vt 1.2907 0.4047 0.0000
vt 1.2927 0.4047 0.0000
vt 1.2948 0.4175 0.0000
vt 1.2948 0.4047 0.0000
vt 1.2968 0.4175 0.0000
vt 1.2968 0.4047 0.0000
vt 1.2806 0.4175 0.0000
vt 1.2826 0.4175 0.0000
vt 1.2806 0.4047 0.0000
vt 1.2826 0.4047 0.0000
vt 1.2846 0.4047 0.0000
vt 1.2846 0.4175 0.0000
vt 1.2867 0.4047 0.0000
vt 1.2867 0.4175 0.0000
vt 1.2887 0.4047 0.0000
vt 1.2887 0.4175 0.0000
vt 1.2536 0.3875 0.0000
vt 1.2536 0.3900 0.0000
vt 1.2565 0.3876 0.0000
vt 1.2565 0.3900 0.0000
vt 1.2594 0.3876 0.0000
vt 1.2594 0.3900 0.0000
vt 1.2623 0.3876 0.0000
vt 1.2623 0.3900 0.0000
vt 1.2653 0.3876 0.0000
vt 1.2653 0.3900 0.0000
vt 1.2798 0.3913 0.0000
vt 1.2798 0.3994 0.0000
vt 1.2977 0.4599 0.0000
vt 1.2955 0.4664 0.0000
vt 1.2338 0.3913 0.0000
vt 1.2338 0.3994 0.0000
vt 1.3017 0.4551 0.0000
vt 1.2993 0.4601 0.0000
vt 1.3008 0.4629 0.0000
vt 1.3016 0.4666 0.0000
vt 1.3048 0.4638 0.0000
vt 1.3066 0.4483 0.0000
vt 1.3134 0.4628 0.0000
vt 1.3143 0.4521 0.0000
vt 1.3159 0.4659 0.0000
vt 1.3172 0.4509 0.0000
vt 1.3197 0.4540 0.0000
vt 1.3187 0.4647 0.0000
vt 1.3203 0.4597 0.0000
vt 0.3798 0.3960 0.0000
vt 0.3731 0.3960 0.0000
vt 0.3798 0.4105 0.0000
vt 0.3739 0.3899 0.0000
vt 0.3791 0.3899 0.0000
vt 0.3791 0.4166 0.0000
vt 0.3739 0.4166 0.0000
vt 0.3731 0.4105 0.0000
vt 0.3665 0.3960 0.0000
vt 0.3672 0.3899 0.0000
vt 0.3724 0.3899 0.0000
vt 0.3724 0.4166 0.0000
vt 0.3672 0.4166 0.0000
vt 0.3665 0.4105 0.0000
vt 0.3598 0.3960 0.0000
vt 0.3605 0.3899 0.0000
vt 0.3657 0.3899 0.0000
vt 0.3657 0.4166 0.0000
vt 0.3605 0.4166 0.0000
vt 0.3598 0.4105 0.0000
vt 0.3531 0.3960 0.0000
vt 0.3538 0.3899 0.0000
vt 0.3590 0.3899 0.0000
vt 0.3590 0.4166 0.0000
vt 0.3538 0.4166 0.0000
vt 0.3531 0.4105 0.0000
vt 0.3464 0.3960 0.0000
vt 0.3472 0.3899 0.0000
vt 0.3524 0.3899 0.0000
vt 0.3524 0.4166 0.0000
vt 0.3472 0.4166 0.0000
vt 0.3464 0.4105 0.0000
vt 0.3397 0.3960 0.0000
vt 0.3405 0.3899 0.0000
vt 0.3457 0.3899 0.0000
vt 0.3331 0.3960 0.0000
vt 0.3338 0.3899 0.0000
vt 0.3390 0.3899 0.0000
vt 0.3457 0.4166 0.0000
vt 0.3405 0.4166 0.0000
vt 0.3397 0.4105 0.0000
vt 0.3331 0.4105 0.0000
vt 0.3264 0.3960 0.0000
vt 0.3271 0.3899 0.0000
vt 0.3323 0.3899 0.0000
vt 0.3390 0.4166 0.0000
vt 0.3338 0.4166 0.0000
vt 0.3323 0.4166 0.0000
vt 0.3271 0.4166 0.0000
vt 0.3264 0.4105 0.0000
vt 0.3197 0.3960 0.0000
vt 0.3204 0.3899 0.0000
vt 0.3257 0.3899 0.0000
vt 0.3130 0.3960 0.0000
vt 0.3138 0.3899 0.0000
vt 0.3190 0.3899 0.0000
vt 0.3257 0.4166 0.0000
vt 0.3204 0.4166 0.0000
vt 0.3197 0.4105 0.0000
vt 0.3130 0.4105 0.0000
vt 0.3064 0.4105 0.0000
vt 0.3064 0.3960 0.0000
vt 0.3071 0.3899 0.0000
vt 0.3123 0.3899 0.0000
vt 0.3190 0.4166 0.0000
vt 0.3138 0.4166 0.0000
vt 0.3123 0.4166 0.0000
vt 0.3071 0.4166 0.0000
vt 0.3056 0.4166 0.0000
vt 0.3004 0.4166 0.0000
vt 0.2997 0.4105 0.0000
vt 0.2997 0.3960 0.0000
vt 0.3004 0.3899 0.0000
vt 0.3056 0.3899 0.0000
vt 0.3211 0.4454 0.0000
vt 0.3332 0.4454 0.0000
vt 0.3230 0.4438 0.0000
vt 0.3360 0.4346 0.0000
vt 0.3335 0.4324 0.0000
vt 0.3351 0.4363 0.0000
vt 0.3359 0.4401 0.0000
vt 0.3371 0.4401 0.0000
vt 0.3351 0.4438 0.0000
vt 0.3360 0.4456 0.0000
vt 0.3335 0.4478 0.0000
vt 0.3209 0.4478 0.0000
vt 0.3193 0.4438 0.0000
vt 0.3184 0.4456 0.0000
vt 0.3185 0.4401 0.0000
vt 0.3172 0.4401 0.0000
vt 0.3193 0.4363 0.0000
vt 0.3184 0.4346 0.0000
vt 0.3211 0.4348 0.0000
vt 0.3209 0.4324 0.0000
vt 0.3314 0.4438 0.0000
vt 0.3238 0.4401 0.0000
vt 0.3306 0.4401 0.0000
vt 0.3230 0.4363 0.0000
vt 0.3314 0.4363 0.0000
vt 0.3332 0.4348 0.0000
vt 0.2509 0.4300 0.0000
vt 0.2509 0.4439 0.0000
vt 0.2542 0.4300 0.0000
vt 0.2556 0.4496 0.0000
vt 0.2594 0.4420 0.0000
vt 0.2621 0.4442 0.0000
vt 0.2567 0.4550 0.0000
vt 0.2633 0.4496 0.0000
vt 0.2594 0.4572 0.0000
vt 0.2621 0.4550 0.0000
vt 0.2506 0.4047 0.0000
vt 0.2506 0.4072 0.0000
vt 0.2536 0.4047 0.0000
vt 0.2536 0.4072 0.0000
vt 0.2565 0.4048 0.0000
vt 0.2565 0.4072 0.0000
vt 0.2594 0.4048 0.0000
vt 0.2594 0.4072 0.0000
vt 0.2623 0.4048 0.0000
vt 0.2623 0.4072 0.0000
vt 0.2653 0.4048 0.0000
vt 0.2653 0.4072 0.0000
vt 0.2682 0.4048 0.0000
vt 0.2682 0.4072 0.0000
vt 0.2798 0.4085 0.0000
vt 0.2768 0.4048 0.0000
vt 0.2796 0.4125 0.0000
vt 0.2768 0.4203 0.0000
vt 0.2798 0.4166 0.0000
vt 0.2367 0.4203 0.0000
vt 0.2367 0.4048 0.0000
vt 0.2340 0.4125 0.0000
vt 0.2427 0.4203 0.0000
vt 0.2427 0.4179 0.0000
vt 0.2394 0.4179 0.0000
vt 0.2394 0.4072 0.0000
vt 0.2427 0.4048 0.0000
vt 0.2427 0.4072 0.0000
vt 0.2850 0.4418 0.0000
vt 0.2826 0.4367 0.0000
vt 0.2836 0.4446 0.0000
vt 0.2828 0.4483 0.0000
vt 0.2796 0.4454 0.0000
vt 0.2338 0.4085 0.0000
vt 0.2338 0.4166 0.0000
vt 0.2682 0.4203 0.0000
vt 0.2682 0.4179 0.0000
vt 0.2737 0.4179 0.0000
vt 0.2737 0.4072 0.0000
vt 0.2960 0.4380 0.0000
vt 0.2935 0.4430 0.0000
vt 0.2950 0.4458 0.0000
vt 0.2958 0.4495 0.0000
vt 0.2990 0.4467 0.0000
vt 0.2583 0.4753 0.0000
vt 0.2583 0.4614 0.0000
vt 0.2551 0.4753 0.0000
vt 0.2536 0.4557 0.0000
vt 0.2498 0.4633 0.0000
vt 0.2471 0.4611 0.0000
vt 0.2525 0.4503 0.0000
vt 0.2460 0.4557 0.0000
vt 0.2498 0.4481 0.0000
vt 0.2471 0.4503 0.0000
vt 0.2450 0.2943 0.0000
vt 0.2398 0.2943 0.0000
vt 0.2353 0.2996 0.0000
vt 0.2496 0.2994 0.0000
vt 0.2327 0.3087 0.0000
vt 0.2522 0.3084 0.0000
vt 0.2328 0.3191 0.0000
vt 0.2522 0.3189 0.0000
vt 0.2354 0.3281 0.0000
vt 0.2496 0.3279 0.0000
vt 0.2399 0.3333 0.0000
vt 0.2451 0.3332 0.0000
vt 0.2523 0.3727 0.0000
vt 0.2575 0.3726 0.0000
vt 0.2620 0.3674 0.0000
vt 0.2478 0.3675 0.0000
vt 0.2646 0.3583 0.0000
vt 0.2451 0.3585 0.0000
vt 0.2646 0.3479 0.0000
vt 0.2451 0.3481 0.0000
vt 0.2619 0.3389 0.0000
vt 0.2477 0.3390 0.0000
vt 0.2574 0.3337 0.0000
vt 0.2522 0.3338 0.0000
vt 0.2456 0.4300 0.0000
vt 0.2456 0.4439 0.0000
vt 0.2647 0.4356 0.0000
vt 0.2641 0.4413 0.0000
vt 0.2656 0.4463 0.0000
vt 0.2672 0.4325 0.0000
vt 0.2685 0.4475 0.0000
vt 0.2700 0.4338 0.0000
vt 0.2709 0.4444 0.0000
vt 0.2778 0.4300 0.0000
vt 0.2506 0.4179 0.0000
vt 0.2506 0.4203 0.0000
vt 0.2424 0.4300 0.0000
vt 0.2409 0.4496 0.0000
vt 0.2371 0.4420 0.0000
vt 0.2344 0.4442 0.0000
vt 0.2398 0.4550 0.0000
vt 0.2371 0.4572 0.0000
vt 0.2333 0.4496 0.0000
vt 0.2344 0.4550 0.0000
vt 0.2653 0.4179 0.0000
vt 0.2653 0.4203 0.0000
vt 0.2623 0.4179 0.0000
vt 0.2623 0.4203 0.0000
vt 0.2594 0.4179 0.0000
vt 0.2594 0.4203 0.0000
vt 0.2565 0.4179 0.0000
vt 0.2565 0.4203 0.0000
vt 0.2536 0.4179 0.0000
vt 0.2536 0.4203 0.0000
vt 0.2907 0.4003 0.0000
vt 0.2927 0.4003 0.0000
vt 0.2907 0.3875 0.0000
vt 0.2927 0.3875 0.0000
vt 0.2948 0.4003 0.0000
vt 0.2948 0.3875 0.0000
vt 0.2968 0.4003 0.0000
vt 0.2968 0.3875 0.0000
vt 0.2806 0.4003 0.0000
vt 0.2826 0.4003 0.0000
vt 0.2806 0.3875 0.0000
vt 0.2826 0.3875 0.0000
vt 0.2846 0.3875 0.0000
vt 0.2846 0.4003 0.0000
vt 0.2867 0.3875 0.0000
vt 0.2867 0.4003 0.0000
vt 0.2887 0.3875 0.0000
vt 0.2887 0.4003 0.0000
vt 0.2506 0.3875 0.0000
vt 0.2506 0.3900 0.0000
vt 0.2536 0.3875 0.0000
vt 0.2536 0.3900 0.0000
vt 0.2565 0.3876 0.0000
vt 0.2565 0.3900 0.0000
vt 0.2594 0.3876 0.0000
vt 0.2594 0.3900 0.0000
vt 0.2623 0.3876 0.0000
vt 0.2623 0.3900 0.0000
vt 0.2653 0.3876 0.0000
vt 0.2653 0.3900 0.0000
vt 0.2682 0.3876 0.0000
vt 0.2682 0.3900 0.0000
vt 0.2798 0.3913 0.0000
vt 0.2768 0.3876 0.0000
vt 0.2796 0.3953 0.0000
vt 0.2768 0.4031 0.0000
vt 0.2798 0.3994 0.0000
vt 0.2367 0.4031 0.0000
vt 0.2367 0.3876 0.0000
vt 0.2340 0.3953 0.0000
vt 0.2427 0.4031 0.0000
vt 0.2427 0.4007 0.0000
vt 0.2394 0.4007 0.0000
vt 0.2394 0.3900 0.0000
vt 0.2427 0.3876 0.0000
vt 0.2427 0.3900 0.0000
vt 0.2977 0.4599 0.0000
vt 0.2953 0.4548 0.0000
vt 0.2963 0.4627 0.0000
vt 0.2955 0.4664 0.0000
vt 0.2923 0.4635 0.0000
vt 0.2338 0.3913 0.0000
vt 0.2338 0.3994 0.0000
vt 0.2682 0.4031 0.0000
vt 0.2682 0.4007 0.0000
vt 0.2737 0.4007 0.0000
vt 0.2737 0.3900 0.0000
vt 0.3017 0.4551 0.0000
vt 0.2993 0.4601 0.0000
vt 0.3008 0.4629 0.0000
vt 0.3016 0.4666 0.0000
vt 0.3048 0.4638 0.0000
vt 0.3008 0.4312 0.0000
vt 0.3076 0.4457 0.0000
vt 0.3086 0.4350 0.0000
vt 0.3101 0.4488 0.0000
vt 0.3114 0.4338 0.0000
vt 0.3139 0.4369 0.0000
vt 0.3129 0.4476 0.0000
vt 0.3145 0.4426 0.0000
vt 0.3245 0.4275 0.0000
vt 0.3273 0.4275 0.0000
vt 0.3245 0.4222 0.0000
vt 0.3273 0.4222 0.0000
vt 0.3399 0.4275 0.0000
vt 0.3399 0.4222 0.0000
vt 0.3426 0.4275 0.0000
vt 0.3426 0.4222 0.0000
vt 0.3456 0.4275 0.0000
vt 0.3456 0.4222 0.0000
vt 0.3486 0.4275 0.0000
vt 0.3486 0.4222 0.0000
vt 0.3005 0.4275 0.0000
vt 0.3032 0.4275 0.0000
vt 0.3005 0.4222 0.0000
vt 0.3032 0.4222 0.0000
vt 0.3158 0.4275 0.0000
vt 0.3158 0.4222 0.0000
vt 0.3186 0.4275 0.0000
vt 0.3186 0.4222 0.0000
vt 0.3216 0.4275 0.0000
vt 0.3216 0.4222 0.0000
vt 0.2636 0.4753 0.0000
vt 0.2636 0.4614 0.0000
vt 0.2774 0.4537 0.0000
vt 0.2768 0.4594 0.0000
vt 0.2783 0.4644 0.0000
vt 0.2799 0.4506 0.0000
vt 0.2812 0.4656 0.0000
vt 0.2827 0.4519 0.0000
vt 0.2837 0.4625 0.0000
vt 0.2905 0.4481 0.0000
vt 0.2506 0.4007 0.0000
vt 0.2506 0.4032 0.0000
vt 0.2669 0.4753 0.0000
vt 0.2683 0.4557 0.0000
vt 0.2722 0.4633 0.0000
vt 0.2749 0.4611 0.0000
vt 0.2695 0.4503 0.0000
vt 0.2722 0.4481 0.0000
vt 0.2760 0.4557 0.0000
vt 0.2749 0.4503 0.0000
vt 0.2653 0.4007 0.0000
vt 0.2653 0.4031 0.0000
vt 0.2623 0.4007 0.0000
vt 0.2623 0.4031 0.0000
vt 0.2594 0.4007 0.0000
vt 0.2594 0.4031 0.0000
vt 0.2565 0.4007 0.0000
vt 0.2565 0.4031 0.0000
vt 0.2536 0.4007 0.0000
vt 0.2536 0.4032 0.0000
vt 0.2907 0.4175 0.0000
vt 0.2927 0.4175 0.0000
vt 0.2907 0.4047 0.0000
vt 0.2927 0.4047 0.0000
vt 0.2948 0.4175 0.0000
vt 0.2948 0.4047 0.0000
vt 0.2968 0.4175 0.0000
vt 0.2968 0.4047 0.0000
vt 0.2806 0.4175 0.0000
vt 0.2826 0.4175 0.0000
vt 0.2806 0.4047 0.0000
vt 0.2826 0.4047 0.0000
vt 0.2846 0.4047 0.0000
vt 0.2846 0.4175 0.0000
vt 0.2867 0.4047 0.0000
vt 0.2867 0.4175 0.0000
vt 0.2887 0.4047 0.0000
vt 0.2887 0.4175 0.0000
vt 0.3066 0.4483 0.0000
vt 0.3134 0.4628 0.0000
vt 0.3143 0.4521 0.0000
vt 0.3159 0.4659 0.0000
vt 0.3172 0.4509 0.0000
vt 0.3197 0.4540 0.0000
vt 0.3187 0.4647 0.0000
vt 0.3203 0.4597 0.0000
vt 1.5381 0.9362 0.0000
vt 1.5811 0.9362 0.0000
vt 1.5381 0.8924 0.0000
vt 1.5811 0.8924 0.0000
vt 1.5908 0.8924 0.0000
vt 1.5908 0.9362 0.0000
vt 1.5314 0.9362 0.0000
vt 1.5314 0.8924 0.0000
vt 0.4860 0.2256 0.0000
vt 0.4868 0.2256 0.0000
vt 0.4860 0.2261 0.0000
vt 0.4868 0.2260 0.0000
vt 0.4876 0.2257 0.0000
vt 0.4876 0.2261 0.0000
vt 0.4876 0.2266 0.0000
vt 0.4868 0.2267 0.0000
vt 0.4876 0.2271 0.0000
vt 0.4868 0.2271 0.0000
vt 0.4860 0.2271 0.0000
vt 0.4860 0.2266 0.0000
vt 0.4752 0.2236 0.0000
vt 0.4752 0.2241 0.0000
vt 0.4707 0.2236 0.0000
vt 0.4707 0.2241 0.0000
vt 0.4752 0.2247 0.0000
vt 0.4707 0.2247 0.0000
vt 0.4752 0.2251 0.0000
vt 0.4707 0.2251 0.0000
vt 0.4861 0.1497 0.0000
vt 0.4861 0.1493 0.0000
vt 0.4884 0.1497 0.0000
vt 0.4884 0.1493 0.0000
vt 0.4861 0.1487 0.0000
vt 0.4884 0.1487 0.0000
vt 0.4884 0.1482 0.0000
vt 0.4861 0.1482 0.0000
vt 0.4174 0.5473 0.0000
vt 0.4174 0.4846 0.0000
vt 0.4489 0.5473 0.0000
vt 0.4507 0.4846 0.0000
vt 0.4844 0.5473 0.0000
vt 0.4844 0.4846 0.0000
vt 0.5106 0.6310 0.0000
vt 0.5106 0.6338 0.0000
vt 0.4770 0.6310 0.0000
vt 0.4770 0.6338 0.0000
vt 0.4437 0.6310 0.0000
vt 0.4437 0.6338 0.0000
vt 0.4861 0.5955 0.0000
vt 0.4871 0.5906 0.0000
vt 0.4919 0.5955 0.0000
vt 0.4871 0.5782 0.0000
vt 0.4861 0.5385 0.0000
vt 0.4909 0.5782 0.0000
vt 0.4919 0.5385 0.0000
vt 0.4909 0.5906 0.0000
vt 0.4856 0.1456 0.0000
vt 0.4857 0.1461 0.0000
vt 0.4458 0.1458 0.0000
vt 0.4458 0.1463 0.0000
vt 0.4856 0.1465 0.0000
vt 0.4458 0.1467 0.0000
vt 0.4856 0.1471 0.0000
vt 0.4458 0.1473 0.0000
vt 0.0429 0.1236 0.0000
vt 0.0405 0.1236 0.0000
vt 0.0429 0.2731 0.0000
vt 0.0405 0.2731 0.0000
vt 0.4109 0.5698 0.0000
vt 0.4120 0.5698 0.0000
vt 0.4109 0.6292 0.0000
vt 0.4120 0.6269 0.0000
vt 0.4367 0.6292 0.0000
vt 0.4367 0.6269 0.0000
vt 0.5758 0.6857 0.0000
vt 0.5781 0.6857 0.0000
vt 0.5757 0.7064 0.0000
vt 0.5758 0.6746 0.0000
vt 0.5781 0.6746 0.0000
vt 0.5804 0.6746 0.0000
vt 0.5804 0.6857 0.0000
vt 0.5804 0.7064 0.0000
vt 0.5804 0.7158 0.0000
vt 0.5757 0.7158 0.0000
vt 0.5757 0.7241 0.0000
vt 0.5804 0.7241 0.0000
vt 0.5793 0.5591 0.0000
vt 0.5793 0.5531 0.0000
vt 0.6054 0.5591 0.0000
vt 0.6016 0.5531 0.0000
vt 0.6054 0.5411 0.0000
vt 0.6016 0.5471 0.0000
vt 0.5793 0.5411 0.0000
vt 0.5793 0.5471 0.0000
vt 0.4438 0.6197 0.0000
vt 0.4792 0.6197 0.0000
vt 0.4438 0.6224 0.0000
vt 0.4793 0.6224 0.0000
vt 0.5074 0.6249 0.0000
vt 0.5074 0.6277 0.0000
vt 0.4760 0.6249 0.0000
vt 0.4760 0.6277 0.0000
vt 0.4750 0.6252 0.0000
vt 0.4750 0.6279 0.0000
vt 0.4436 0.6252 0.0000
vt 0.4436 0.6279 0.0000
vt 0.4937 0.4886 0.0000
vt 0.4937 0.4863 0.0000
vt 0.4995 0.4886 0.0000
vt 0.4995 0.4863 0.0000
vt 0.4937 0.4836 0.0000
vt 0.4995 0.4836 0.0000
vt 0.4232 0.6138 0.0000
vt 0.4290 0.6138 0.0000
vt 0.4173 0.6172 0.0000
vt 0.4506 0.6172 0.0000
vt 0.4430 0.6138 0.0000
vt 0.4488 0.6138 0.0000
vt 0.4232 0.5544 0.0000
vt 0.4173 0.5544 0.0000
vt 0.4430 0.5544 0.0000
vt 0.4290 0.5544 0.0000
vt 0.4842 0.6172 0.0000
vt 0.4842 0.5544 0.0000
vt 0.4488 0.5544 0.0000
vt 0.5547 0.5411 0.0000
vt 0.5547 0.5471 0.0000
vt 0.5284 0.5411 0.0000
vt 0.5322 0.5471 0.0000
vt 0.5284 0.5591 0.0000
vt 0.5322 0.5531 0.0000
vt 0.5547 0.5591 0.0000
vt 0.5547 0.5531 0.0000
vt 0.5740 0.4749 0.0000
vt 0.5555 0.5271 0.0000
vt 0.5708 0.5271 0.0000
vt 0.5523 0.4749 0.0000
vt 0.5568 0.4647 0.0000
vt 0.5695 0.4647 0.0000
vt 0.4927 0.3108 0.0000
vt 0.4798 0.2280 0.0000
vt 0.4798 0.2285 0.0000
vt 0.4789 0.2280 0.0000
vt 0.4789 0.2284 0.0000
vt 0.4781 0.2280 0.0000
vt 0.4781 0.2285 0.0000
vt 0.4789 0.2291 0.0000
vt 0.4781 0.2291 0.0000
vt 0.4781 0.2295 0.0000
vt 0.4789 0.2296 0.0000
vt 0.4798 0.2295 0.0000
vt 0.4798 0.2291 0.0000
vt 0.4566 0.2296 0.0000
vt 0.4523 0.2296 0.0000
vt 0.4566 0.2290 0.0000
vt 0.4523 0.2290 0.0000
vt 0.4567 0.2285 0.0000
vt 0.4522 0.2285 0.0000
vt 0.4566 0.2281 0.0000
vt 0.4523 0.2281 0.0000
vt 0.4873 0.1698 0.0000
vt 0.4872 0.1702 0.0000
vt 0.4864 0.1697 0.0000
vt 0.4864 0.1702 0.0000
vt 0.4856 0.1698 0.0000
vt 0.4857 0.1702 0.0000
vt 0.4864 0.1708 0.0000
vt 0.4857 0.1708 0.0000
vt 0.4856 0.1712 0.0000
vt 0.4864 0.1713 0.0000
vt 0.4873 0.1712 0.0000
vt 0.4872 0.1708 0.0000
vt 0.4813 0.2300 0.0000
vt 0.4814 0.2295 0.0000
vt 0.4822 0.2300 0.0000
vt 0.4822 0.2296 0.0000
vt 0.4830 0.2300 0.0000
vt 0.4830 0.2295 0.0000
vt 0.4822 0.2289 0.0000
vt 0.4830 0.2289 0.0000
vt 0.4830 0.2285 0.0000
vt 0.4822 0.2284 0.0000
vt 0.4813 0.2285 0.0000
vt 0.4814 0.2289 0.0000
vt 0.4854 0.2257 0.0000
vt 0.4853 0.2261 0.0000
vt 0.4845 0.2256 0.0000
vt 0.4845 0.2261 0.0000
vt 0.4836 0.2257 0.0000
vt 0.4837 0.2261 0.0000
vt 0.4845 0.2267 0.0000
vt 0.4837 0.2267 0.0000
vt 0.4836 0.2271 0.0000
vt 0.4845 0.2272 0.0000
vt 0.4854 0.2271 0.0000
vt 0.4853 0.2267 0.0000
vt 0.4458 0.1799 0.0000
vt 0.4660 0.1799 0.0000
vt 0.4458 0.1804 0.0000
vt 0.4661 0.1804 0.0000
vt 0.4458 0.1808 0.0000
vt 0.4660 0.1808 0.0000
vt 0.4660 0.1815 0.0000
vt 0.4458 0.1815 0.0000
vt 0.4909 0.5094 0.0000
vt 0.4919 0.4892 0.0000
vt 0.4909 0.5002 0.0000
vt 0.4861 0.4892 0.0000
vt 0.4871 0.5002 0.0000
vt 0.4871 0.5094 0.0000
vt 0.5171 0.4936 0.0000
vt 0.5133 0.4936 0.0000
vt 0.5171 0.5427 0.0000
vt 0.5133 0.5427 0.0000
vt 0.5059 0.5527 0.0000
vt 0.5097 0.5527 0.0000
vt 0.5059 0.4882 0.0000
vt 0.5097 0.4882 0.0000
vt 0.5022 0.5427 0.0000
vt 0.5022 0.4936 0.0000
vt 0.4919 0.5979 0.0000
vt 0.4861 0.5979 0.0000
vt 0.4861 0.4869 0.0000
vt 0.4919 0.4869 0.0000
vt 0.4861 0.4841 0.0000
vt 0.4919 0.4841 0.0000
vt 0.4127 0.5740 0.0000
vt 0.4139 0.5740 0.0000
vt 0.4127 0.6256 0.0000
vt 0.4139 0.6232 0.0000
vt 0.4424 0.6256 0.0000
vt 0.4424 0.6232 0.0000
vt 0.4995 0.5379 0.0000
vt 0.4985 0.5088 0.0000
vt 0.4985 0.4997 0.0000
vt 0.4947 0.4997 0.0000
vt 0.4937 0.5379 0.0000
vt 0.4947 0.5088 0.0000
vt 0.2357 0.3552 0.0000
vt 0.2357 0.3578 0.0000
vt 0.2134 0.3328 0.0000
vt 0.2134 0.3353 0.0000
vt 0.2357 0.3391 0.0000
vt 0.2357 0.3417 0.0000
vt 0.2134 0.3167 0.0000
vt 0.2134 0.3192 0.0000
vt 0.6074 0.2628 0.0000
vt 0.6074 0.2953 0.0000
vt 0.5851 0.2573 0.0000
vt 0.5851 0.3008 0.0000
vt 0.5800 0.2918 0.0000
vt 0.5800 0.2663 0.0000
vt 0.6104 0.2953 0.0000
vt 0.6104 0.2628 0.0000
vt 0.6327 0.3008 0.0000
vt 0.6327 0.2573 0.0000
vt 0.6378 0.2663 0.0000
vt 0.6378 0.2918 0.0000
vt 0.5615 0.5591 0.0000
vt 0.5615 0.5531 0.0000
vt 0.5615 0.5411 0.0000
vt 0.5615 0.5471 0.0000
vt 0.5742 0.5591 0.0000
vt 0.5742 0.5531 0.0000
vt 0.5742 0.5411 0.0000
vt 0.5742 0.5471 0.0000
vt 0.5703 0.5884 0.0000
vt 0.5703 0.5848 0.0000
vt 0.5838 0.5884 0.0000
vt 0.5838 0.5848 0.0000
vt 0.5529 0.5884 0.0000
vt 0.5529 0.5848 0.0000
vt 0.5664 0.5884 0.0000
vt 0.5664 0.5848 0.0000
vt 0.6057 0.4848 0.0000
vt 0.6057 0.4767 0.0000
vt 0.6057 0.3937 0.0000
vt 0.6057 0.3856 0.0000
vt 0.5446 0.5312 0.0000
vt 0.5319 0.5312 0.0000
vt 0.5491 0.5210 0.0000
vt 0.5274 0.5210 0.0000
vt 0.5306 0.4688 0.0000
vt 0.5459 0.4688 0.0000
vt 0.4927 0.2681 0.0000
vt 0.4452 0.2421 0.0000
vt 0.4985 0.5900 0.0000
vt 0.4947 0.5900 0.0000
vt 0.4985 0.5777 0.0000
vt 0.4947 0.5777 0.0000
vt 0.4716 0.2187 0.0000
vt 0.4721 0.2186 0.0000
vt 0.4717 0.2190 0.0000
vt 0.4721 0.2189 0.0000
vt 0.4726 0.2187 0.0000
vt 0.4726 0.2190 0.0000
vt 0.4721 0.2194 0.0000
vt 0.4726 0.2194 0.0000
vt 0.4726 0.2197 0.0000
vt 0.4721 0.2197 0.0000
vt 0.4716 0.2197 0.0000
vt 0.4717 0.2194 0.0000
vt 0.4841 0.1736 0.0000
vt 0.4842 0.1733 0.0000
vt 0.4893 0.1736 0.0000
vt 0.4893 0.1733 0.0000
vt 0.4842 0.1729 0.0000
vt 0.4893 0.1729 0.0000
vt 0.4841 0.1725 0.0000
vt 0.4893 0.1725 0.0000
vt 0.4792 0.1787 0.0000
vt 0.4792 0.1783 0.0000
vt 0.4888 0.1787 0.0000
vt 0.4888 0.1783 0.0000
vt 0.4792 0.1780 0.0000
vt 0.4889 0.1780 0.0000
vt 0.4792 0.1776 0.0000
vt 0.4888 0.1776 0.0000
vt 0.4847 0.2041 0.0000
vt 0.4847 0.2038 0.0000
vt 0.4888 0.2041 0.0000
vt 0.4888 0.2038 0.0000
vt 0.4847 0.2034 0.0000
vt 0.4888 0.2034 0.0000
vt 0.4847 0.2030 0.0000
vt 0.4888 0.2030 0.0000
vt 0.4777 0.2142 0.0000
vt 0.4777 0.2146 0.0000
vt 0.4717 0.2142 0.0000
vt 0.4717 0.2146 0.0000
vt 0.4777 0.2150 0.0000
vt 0.4717 0.2150 0.0000
vt 0.4777 0.2154 0.0000
vt 0.4717 0.2154 0.0000
vt 0.4776 0.2164 0.0000
vt 0.4776 0.2168 0.0000
vt 0.4716 0.2164 0.0000
vt 0.4716 0.2168 0.0000
vt 0.4776 0.2172 0.0000
vt 0.4716 0.2172 0.0000
vt 0.4776 0.2177 0.0000
vt 0.4716 0.2177 0.0000
vt 0.4582 0.2231 0.0000
vt 0.4582 0.2235 0.0000
vt 0.4522 0.2231 0.0000
vt 0.4522 0.2235 0.0000
vt 0.4582 0.2239 0.0000
vt 0.4522 0.2239 0.0000
vt 0.4582 0.2243 0.0000
vt 0.4522 0.2243 0.0000
vt 0.4652 0.2199 0.0000
vt 0.4652 0.2195 0.0000
vt 0.4712 0.2199 0.0000
vt 0.4712 0.2195 0.0000
vt 0.4652 0.2190 0.0000
vt 0.4712 0.2190 0.0000
vt 0.4652 0.2186 0.0000
vt 0.4712 0.2186 0.0000
vt 0.4525 0.1787 0.0000
vt 0.4538 0.1786 0.0000
vt 0.4550 0.1785 0.0000
vt 0.4563 0.1781 0.0000
vt 0.4588 0.2258 0.0000
vt 0.4631 0.2258 0.0000
vt 0.4587 0.2263 0.0000
vt 0.4632 0.2263 0.0000
vt 0.4588 0.2268 0.0000
vt 0.4631 0.2268 0.0000
vt 0.4588 0.2274 0.0000
vt 0.4631 0.2274 0.0000
vt 0.4751 0.2208 0.0000
vt 0.4751 0.2213 0.0000
vt 0.4707 0.2208 0.0000
vt 0.4707 0.2213 0.0000
vt 0.4751 0.2218 0.0000
vt 0.4707 0.2218 0.0000
vt 0.4751 0.2224 0.0000
vt 0.4707 0.2224 0.0000
vt 0.4766 0.2284 0.0000
vt 0.4766 0.2291 0.0000
vt 0.4758 0.2285 0.0000
vt 0.4758 0.2291 0.0000
vt 0.4757 0.2295 0.0000
vt 0.4766 0.2296 0.0000
vt 0.4775 0.2295 0.0000
vt 0.4774 0.2291 0.0000
vt 0.4774 0.2285 0.0000
vt 0.4775 0.2280 0.0000
vt 0.4766 0.2280 0.0000
vt 0.4757 0.2280 0.0000
vt 0.4599 0.1764 0.0000
vt 0.4599 0.1758 0.0000
vt 0.4801 0.1764 0.0000
vt 0.4801 0.1758 0.0000
vt 0.4802 0.1753 0.0000
vt 0.4599 0.1753 0.0000
vt 0.4599 0.1748 0.0000
vt 0.4801 0.1748 0.0000
vt 0.4458 0.1827 0.0000
vt 0.4568 0.1827 0.0000
vt 0.4458 0.1833 0.0000
vt 0.4568 0.1833 0.0000
vt 0.4568 0.1838 0.0000
vt 0.4458 0.1838 0.0000
vt 0.4458 0.1843 0.0000
vt 0.4568 0.1843 0.0000
vt 0.4458 0.2275 0.0000
vt 0.4507 0.2275 0.0000
vt 0.4458 0.2280 0.0000
vt 0.4507 0.2280 0.0000
vt 0.4458 0.2284 0.0000
vt 0.4507 0.2284 0.0000
vt 0.4458 0.2291 0.0000
vt 0.4507 0.2291 0.0000
vt 0.4808 0.1748 0.0000
vt 0.4881 0.1748 0.0000
vt 0.4808 0.1755 0.0000
vt 0.4881 0.1755 0.0000
vt 0.4808 0.1759 0.0000
vt 0.4881 0.1759 0.0000
vt 0.4881 0.1764 0.0000
vt 0.4808 0.1764 0.0000
vt 0.4531 0.1993 0.0000
vt 0.4458 0.1993 0.0000
vt 0.4531 0.1986 0.0000
vt 0.4458 0.1986 0.0000
vt 0.4531 0.1982 0.0000
vt 0.4458 0.1982 0.0000
vt 0.4458 0.1977 0.0000
vt 0.4531 0.1977 0.0000
vt 0.4537 0.1949 0.0000
vt 0.4610 0.1949 0.0000
vt 0.4537 0.1955 0.0000
vt 0.4610 0.1955 0.0000
vt 0.4537 0.1960 0.0000
vt 0.4611 0.1960 0.0000
vt 0.4610 0.1965 0.0000
vt 0.4537 0.1965 0.0000
vt 0.4458 0.1949 0.0000
vt 0.4531 0.1949 0.0000
vt 0.4458 0.1955 0.0000
vt 0.4531 0.1955 0.0000
vt 0.4458 0.1960 0.0000
vt 0.4531 0.1960 0.0000
vt 0.4531 0.1965 0.0000
vt 0.4458 0.1965 0.0000
vt 0.4793 0.1563 0.0000
vt 0.4793 0.1569 0.0000
vt 0.4458 0.1563 0.0000
vt 0.4458 0.1569 0.0000
vt 0.4793 0.1574 0.0000
vt 0.4458 0.1574 0.0000
vt 0.4793 0.1578 0.0000
vt 0.4458 0.1578 0.0000
vt 0.4850 0.1697 0.0000
vt 0.4850 0.1704 0.0000
vt 0.4740 0.1697 0.0000
vt 0.4740 0.1704 0.0000
vt 0.4850 0.1708 0.0000
vt 0.4740 0.1708 0.0000
vt 0.4740 0.1713 0.0000
vt 0.4850 0.1713 0.0000
vt 0.4523 0.2253 0.0000
vt 0.4571 0.2253 0.0000
vt 0.4522 0.2257 0.0000
vt 0.4572 0.2257 0.0000
vt 0.4523 0.2262 0.0000
vt 0.4571 0.2262 0.0000
vt 0.4523 0.2268 0.0000
vt 0.4571 0.2268 0.0000
vt 0.4793 0.1619 0.0000
vt 0.4793 0.1623 0.0000
vt 0.4458 0.1619 0.0000
vt 0.4458 0.1623 0.0000
vt 0.4793 0.1629 0.0000
vt 0.4458 0.1629 0.0000
vt 0.4793 0.1634 0.0000
vt 0.4458 0.1634 0.0000
# 5206 texture coords

g Mesh_1528
usemtl wire_154154229
s 1
f 1/1/1 2/2/1 3/3/1 
s 2
f 4/4/2 5/5/3 6/6/2 
s 3
f 7/7/3 6/6/2 5/5/3 
s 4
f 8/8/4 7/7/3 9/9/4 
s 5
f 7/7/3 5/5/3 9/9/4 
s 6
f 9/9/4 5/5/3 10/10/4 
s 7
f 11/11/3 10/10/4 5/5/3 
s 8
f 11/11/3 12/12/3 10/10/4 
s 9
f 11/11/3 13/13/2 12/12/3 
s 10
f 14/14/2 12/12/3 13/13/2 
s 11
f 12/12/3 15/15/4 10/10/4 
s 12
f 5/5/4 16/16/4 11/11/4 
s 13
f 17/17/4 11/11/4 16/16/4 
s 14
f 18/18/5 19/19/5 20/20/5 
s 15
f 21/21/5 20/20/5 19/19/5 
s 16
f 12/22/6 14/23/6 18/24/6 
s 17
f 19/25/6 18/24/6 14/23/6 
s 18
f 22/25/6 23/26/6 24/27/6 
s 19
f 24/27/6 25/23/6 22/25/6 
s 20
f 24/27/6 26/28/6 25/23/6 
s 21
f 27/29/6 25/23/6 26/28/6 
s 22
f 27/29/6 26/28/6 14/23/6 
s 23
f 28/27/6 14/23/6 26/28/6 
s 24
f 14/23/6 28/27/6 19/25/6 
s 25
f 29/26/6 19/25/6 28/27/6 
s 26
f 22/25/6 25/23/6 30/24/6 
s 27
f 31/22/6 30/24/6 25/23/6 
s 28
f 6/30/7 32/31/7 4/32/8 
s 29
f 33/30/7 34/32/9 32/31/7 
s 30
f 35/33/8 32/31/7 34/32/9 
s 31
f 35/33/8 4/32/8 32/31/7 
s 32
f 4/32/8 35/33/8 13/34/8 
s 33
f 4/32/8 13/34/8 16/35/9 
s 34
f 17/36/9 16/35/9 13/34/8 
s 35
f 14/37/7 13/34/8 27/38/7 
s 36
f 36/39/9 27/38/7 13/34/8 
s 37
f 36/39/9 13/34/8 35/33/8 
s 38
f 36/39/9 35/33/8 2/34/9 
s 39
f 34/32/9 2/34/9 35/33/8 
s 40
f 34/32/9 37/35/9 2/34/9 
s 41
f 3/36/9 2/34/9 37/35/9 
s 42
f 36/39/9 2/34/9 27/38/7 
s 43
f 25/37/7 27/38/7 2/34/9 
s 44
f 16/40/6 5/41/6 4/42/6 
s 45
f 12/43/10 18/44/11 15/45/10 
s 46
f 38/46/11 15/45/10 18/44/11 
s 47
f 18/44/11 20/47/12 38/46/11 
s 48
f 39/48/12 38/46/11 20/47/12 
s 49
f 20/47/12 7/49/10 39/48/12 
s 50
f 8/50/10 39/48/12 7/49/10 
s 51
f 9/9/13 10/10/9 40/51/14 
s 52
f 41/52/7 40/51/14 10/10/9 
s 53
f 10/10/9 42/53/15 41/52/7 
s 54
f 43/54/16 41/52/7 42/53/15 
s 55
f 42/53/15 44/55/17 43/54/16 
s 56
f 45/56/18 43/54/16 44/55/17 
s 57
f 44/55/17 9/9/13 45/56/18 
s 58
f 40/51/14 45/56/18 9/9/13 
s 59
f 39/48/1 8/50/1 44/57/1 
s 60
f 9/58/1 44/57/1 8/50/1 
s 61
f 38/46/5 39/48/5 42/59/5 
s 62
f 44/60/5 42/59/5 39/48/5 
s 63
f 15/45/6 38/46/6 10/61/6 
s 64
f 42/62/6 10/61/6 38/46/6 
s 65
f 40/63/19 46/64/19 45/65/19 
s 66
f 47/66/19 45/65/19 46/64/19 
s 67
f 48/67/4 46/68/4 41/69/4 
s 68
f 40/70/4 41/69/4 46/68/4 
s 69
f 49/71/20 50/72/21 51/19/21 
s 70
f 52/21/21 51/19/21 50/72/21 
s 71
f 50/72/4 49/71/4 53/73/4 
s 72
f 54/74/4 53/73/4 49/71/4 
s 73
f 55/75/1 56/76/1 57/77/1 
s 74
f 58/78/1 57/77/1 56/76/1 
s 75
f 59/79/10 60/80/10 54/74/10 
s 76
f 53/73/10 54/74/10 60/80/10 
s 77
f 61/29/1 59/28/1 62/23/1 
s 78
f 54/27/1 62/23/1 59/28/1 
s 79
f 63/22/1 62/23/1 64/24/1 
s 80
f 51/25/1 64/24/1 62/23/1 
s 81
f 62/23/1 54/27/1 51/25/1 
s 82
f 49/26/1 51/25/1 54/27/1 
s 83
f 62/37/7 65/34/7 61/38/7 
s 84
f 66/39/7 61/38/7 65/34/7 
s 85
f 66/39/7 65/34/7 67/33/7 
s 86
f 68/30/7 69/31/7 70/32/7 
s 87
f 67/33/7 70/32/7 69/31/7 
s 88
f 70/32/7 67/33/7 65/34/7 
s 89
f 70/32/7 65/34/7 71/35/7 
s 90
f 72/36/7 71/35/7 65/34/7 
s 91
f 13/2/1 11/1/1 17/3/1 
s 92
f 70/4/22 73/5/23 68/6/22 
s 93
f 74/7/23 68/6/22 73/5/23 
s 94
f 75/8/5 74/7/23 76/9/5 
s 95
f 74/7/23 73/5/23 76/9/5 
s 96
f 76/9/5 73/5/23 77/10/5 
s 97
f 78/11/23 77/10/5 73/5/23 
s 98
f 78/11/23 63/12/23 77/10/5 
s 99
f 78/11/23 65/13/22 63/12/23 
s 100
f 62/14/22 63/12/23 65/13/22 
s 101
f 63/12/23 79/15/5 77/10/5 
s 102
f 73/5/5 71/16/5 78/11/5 
s 103
f 72/17/5 78/11/5 71/16/5 
s 104
f 80/81/6 52/82/6 74/83/6 
s 105
f 68/84/6 74/83/6 52/82/6 
s 106
f 52/82/6 53/85/6 68/84/6 
s 107
f 53/85/6 60/86/6 68/84/6 
s 108
f 69/87/6 68/84/6 60/86/6 
s 109
f 50/88/6 53/85/6 52/82/6 
s 110
f 71/40/1 73/41/1 70/42/1 
s 111
f 64/18/4 51/19/4 80/20/4 
s 112
f 52/21/4 80/20/4 51/19/4 
s 113
f 63/43/10 64/44/10 79/45/10 
s 114
f 81/46/10 79/45/10 64/44/10 
s 115
f 64/44/10 80/47/10 81/46/10 
s 116
f 82/48/10 81/46/10 80/47/10 
s 117
f 80/47/10 74/49/10 82/48/10 
s 118
f 75/50/10 82/48/10 74/49/10 
s 119
f 76/9/24 77/10/7 83/51/25 
s 120
f 55/52/7 83/51/25 77/10/7 
s 121
f 77/10/7 84/53/26 55/52/7 
s 122
f 56/54/27 55/52/7 84/53/26 
s 123
f 84/53/26 85/55/28 56/54/27 
s 124
f 86/56/29 56/54/27 85/55/28 
s 125
f 85/55/28 76/9/24 86/56/29 
s 126
f 83/51/25 86/56/29 76/9/24 
s 127
f 82/48/6 75/50/6 85/57/6 
s 128
f 76/58/6 85/57/6 75/50/6 
s 129
f 81/46/4 82/48/4 84/59/4 
s 130
f 85/60/4 84/59/4 82/48/4 
s 131
f 79/45/1 81/46/1 77/61/1 
s 132
f 84/62/1 77/61/1 81/46/1 
s 133
f 83/63/30 87/64/30 86/65/30 
s 134
f 88/66/30 86/65/30 87/64/30 
s 135
f 89/89/31 90/90/31 91/91/31 
s 136
f 92/92/32 91/91/31 90/90/31 
s 137
f 93/93/5 92/92/5 94/94/5 
s 138
f 90/90/5 94/94/5 92/92/5 
s 139
f 95/95/5 96/96/5 97/97/5 
s 140
f 98/98/5 97/97/5 96/96/5 
s 141
f 98/99/1 96/100/1 99/101/1 
s 142
f 100/102/1 99/101/1 96/100/1 
s 143
f 94/94/10 60/103/10 93/93/10 
s 144
f 59/104/10 93/93/10 60/103/10 
s 145
f 101/105/7 102/106/7 103/107/7 
s 146
f 104/108/7 103/107/7 102/106/7 
s 147
f 104/108/7 102/106/7 67/109/7 
s 148
f 67/109/7 69/110/7 104/108/7 
s 149
f 105/111/7 104/108/7 69/110/7 
s 150
f 106/112/7 61/113/7 102/106/7 
s 151
f 66/114/7 102/106/7 61/113/7 
s 152
f 66/114/7 67/109/7 102/106/7 
s 153
f 65/2/6 78/1/6 72/3/6 
s 154
f 107/115/3 108/116/3 105/117/2 
s 155
f 104/118/2 105/117/2 108/116/3 
s 156
f 106/119/2 102/120/2 109/121/3 
s 157
f 110/122/3 109/121/3 102/120/2 
s 158
f 109/121/3 110/122/3 111/123/4 
s 159
f 110/122/3 108/116/3 111/123/4 
s 160
f 112/124/4 111/123/4 108/116/3 
s 161
f 108/116/3 107/115/3 112/124/4 
s 162
f 107/115/3 113/125/4 112/124/4 
s 163
f 114/126/4 109/121/3 111/123/4 
s 164
f 101/127/4 103/128/4 110/122/4 
s 165
f 108/116/4 110/122/4 103/128/4 
s 166
f 89/89/5 91/91/5 115/129/5 
s 167
f 116/130/5 115/129/5 91/91/5 
s 168
f 112/131/6 113/132/6 117/133/6 
s 169
f 118/134/6 117/133/6 113/132/6 
s 170
f 117/135/5 118/134/5 119/136/5 
s 171
f 120/137/5 119/136/5 118/134/5 
s 172
f 119/138/1 120/137/1 111/139/1 
s 173
f 114/140/1 111/139/1 120/137/1 
s 174
f 97/141/33 121/142/33 95/143/33 
s 175
f 122/144/33 95/143/33 121/142/33 
s 176
f 123/145/34 124/146/34 125/147/34 
s 177
f 126/148/34 125/147/34 124/146/34 
s 178
f 127/149/35 128/150/36 129/151/37 
s 179
f 130/152/38 129/151/37 128/150/36 
s 180
f 131/153/10 132/154/11 133/155/10 
s 181
f 134/156/11 133/155/10 132/154/11 
s 182
f 132/154/11 135/157/11 134/156/11 
s 183
f 136/158/11 134/156/11 135/157/11 
s 184
f 137/159/1 131/160/1 138/161/1 
s 185
f 133/162/1 138/161/1 131/160/1 
s 186
f 57/163/1 58/164/1 133/162/1 
s 187
f 127/165/1 133/162/1 58/164/1 
s 188
f 133/162/1 127/165/1 138/161/1 
s 189
f 129/166/1 138/161/1 127/165/1 
s 190
f 94/167/6 90/168/6 89/169/6 
s 191
f 69/170/6 60/171/6 105/172/6 
s 192
f 94/167/6 105/172/6 60/171/6 
s 193
f 94/167/6 89/169/6 105/172/6 
s 194
f 105/172/6 89/169/6 107/173/6 
s 195
f 115/174/6 107/173/6 89/169/6 
s 196
f 139/175/39 140/176/39 141/177/39 
s 197
f 130/152/39 141/177/39 140/176/39 
s 198
f 142/178/40 140/176/40 143/179/40 
s 199
f 144/180/40 143/179/40 140/176/40 
s 200
f 145/181/6 142/178/6 146/182/6 
s 201
f 143/179/6 146/182/6 142/178/6 
s 202
f 137/183/5 147/184/5 131/153/5 
s 203
f 132/154/5 131/153/5 147/184/5 
s 204
f 147/184/5 148/185/5 132/154/5 
s 205
f 135/157/5 132/154/5 148/185/5 
s 206
f 149/186/41 150/187/41 151/188/41 
s 207
f 152/189/41 151/188/41 150/187/41 
s 208
f 149/186/42 151/188/42 153/190/43 
s 209
f 154/191/43 153/190/43 151/188/42 
s 210
f 153/190/43 154/191/43 126/148/43 
s 211
f 125/147/43 126/148/43 154/191/43 
s 212
f 91/192/1 92/193/1 93/194/1 
s 213
f 91/192/1 106/195/1 116/196/1 
s 214
f 93/194/1 106/195/1 91/192/1 
s 215
f 93/194/1 59/197/1 106/195/1 
s 216
f 61/198/1 106/195/1 59/197/1 
s 217
f 109/199/1 116/196/1 106/195/1 
s 218
f 155/200/4 156/201/4 157/202/4 
s 219
f 124/203/4 157/202/4 156/201/4 
s 220
f 156/201/4 158/204/4 124/203/4 
s 221
f 126/205/4 124/203/4 158/204/4 
s 222
f 126/205/4 158/204/4 153/206/4 
s 223
f 143/207/4 158/204/4 146/208/4 
s 224
f 143/207/4 153/206/4 158/204/4 
s 225
f 153/206/4 143/207/4 144/209/4 
s 226
f 144/209/4 141/210/4 153/206/4 
s 227
f 149/211/4 153/206/4 141/210/4 
s 228
f 149/211/4 141/210/4 150/212/4 
s 229
f 128/213/4 150/212/4 141/210/4 
s 230
f 128/213/4 58/214/4 150/212/4 
s 231
f 128/213/4 127/215/4 58/214/4 
s 232
f 88/216/4 150/212/4 58/214/4 
s 233
f 139/217/4 141/210/4 144/209/4 
s 234
f 58/214/4 56/218/4 88/216/4 
s 235
f 86/219/4 88/216/4 56/218/4 
s 236
f 157/220/44 124/221/44 159/222/44 
s 237
f 123/223/44 159/222/44 124/221/44 
s 238
f 152/224/45 150/225/45 87/64/45 
s 239
f 88/66/45 87/64/45 150/225/45 
s 240
f 159/226/5 123/227/5 160/228/5 
s 241
f 161/229/5 160/228/5 123/227/5 
s 242
f 123/227/5 125/230/5 161/229/5 
s 243
f 136/231/5 161/229/5 125/230/5 
s 244
f 125/230/5 154/232/5 136/231/5 
s 245
f 134/233/5 136/231/5 154/232/5 
s 246
f 154/232/5 151/234/5 134/233/5 
s 247
f 133/235/5 134/233/5 151/234/5 
s 248
f 151/234/5 152/236/5 133/235/5 
s 249
f 133/235/5 152/236/5 57/67/5 
s 250
f 87/68/5 57/67/5 152/236/5 
s 251
f 57/67/5 87/68/5 55/69/5 
s 252
f 83/70/5 55/69/5 87/68/5 
s 253
f 108/237/1 103/238/1 104/239/1 
s 254
f 162/240/46 163/241/46 164/242/46 
s 255
f 165/243/46 164/242/46 163/241/46 
s 256
f 166/244/47 167/245/48 168/246/49 
s 257
f 169/247/50 168/246/49 167/245/48 
s 258
f 166/244/51 170/248/51 171/249/51 
s 259
f 172/250/51 171/249/51 170/248/51 
s 260
f 173/251/52 170/248/52 174/252/52 
s 261
f 175/253/52 174/252/52 170/248/52 
s 262
f 174/252/6 175/253/6 176/254/6 
s 263
f 177/255/6 176/254/6 175/253/6 
s 264
f 175/256/5 170/257/5 177/258/5 
s 265
f 177/258/5 170/257/5 178/259/5 
s 266
f 166/260/5 178/259/5 170/257/5 
s 267
f 168/261/5 178/259/5 166/260/5 
s 268
f 179/262/53 180/263/53 181/264/53 
s 269
f 182/265/53 181/264/53 180/263/53 
s 270
f 164/242/54 183/266/54 162/240/54 
s 271
f 184/267/54 162/240/54 183/266/54 
s 272
f 183/266/54 181/264/55 184/267/54 
s 273
f 182/265/55 184/267/54 181/264/55 
s 274
f 185/268/56 176/269/9 186/270/56 
s 275
f 187/271/9 186/270/56 176/269/9 
s 276
f 176/269/9 178/259/7 187/271/9 
s 277
f 176/269/9 177/258/7 178/259/7 
s 278
f 178/259/7 188/272/7 187/271/9 
s 279
f 48/273/6 189/274/6 190/275/6 
s 280
f 191/276/6 190/275/6 189/274/6 
s 281
f 191/276/6 185/277/6 190/275/6 
s 282
f 192/278/6 190/275/6 185/277/6 
s 283
f 185/277/6 186/279/6 192/278/6 
s 284
f 193/280/6 192/278/6 186/279/6 
s 285
f 162/281/5 184/282/5 185/283/5 
s 286
f 162/281/5 185/283/5 163/284/5 
s 287
f 191/285/5 163/284/5 185/283/5 
s 288
f 163/284/5 191/285/5 47/286/5 
s 289
f 189/287/5 47/286/5 191/285/5 
s 290
f 169/288/5 167/289/5 98/98/5 
s 291
f 167/289/5 180/290/5 98/98/5 
s 292
f 167/289/5 171/291/5 180/290/5 
s 293
f 182/292/5 180/290/5 171/291/5 
s 294
f 182/292/5 171/291/5 184/282/5 
s 295
f 173/293/5 184/282/5 171/291/5 
s 296
f 174/294/5 184/282/5 173/293/5 
s 297
f 174/294/5 185/283/5 184/282/5 
s 298
f 185/283/5 174/294/5 176/295/5 
s 299
f 171/291/5 172/296/5 173/293/5 
s 300
f 97/97/5 98/98/5 180/290/5 
s 301
f 165/297/57 163/298/57 46/299/57 
s 302
f 47/300/57 46/299/57 163/298/57 
s 303
f 188/301/1 178/302/1 194/303/1 
s 304
f 195/304/1 194/303/1 178/302/1 
s 305
f 195/304/1 178/302/1 169/305/1 
s 306
f 169/305/1 98/99/1 195/304/1 
s 307
f 99/101/1 195/304/1 98/99/1 
s 308
f 168/306/1 169/305/1 178/302/1 
s 309
f 97/141/58 180/307/58 121/142/58 
s 310
f 179/308/58 121/142/58 180/307/58 
s 311
f 122/309/4 121/310/4 100/311/4 
s 312
f 99/312/4 100/311/4 121/310/4 
s 313
f 121/310/4 179/313/4 99/312/4 
s 314
f 195/314/4 99/312/4 179/313/4 
s 315
f 179/313/4 181/315/4 195/314/4 
s 316
f 195/314/4 181/315/4 196/316/4 
s 317
f 183/317/4 196/316/4 181/315/4 
s 318
f 196/316/4 183/317/4 192/318/4 
s 319
f 164/319/4 192/318/4 183/317/4 
s 320
f 192/318/4 164/319/4 190/320/4 
s 321
f 165/321/4 190/320/4 164/319/4 
s 322
f 190/320/4 165/321/4 48/322/4 
s 323
f 46/323/4 48/322/4 165/321/4 
s 324
f 110/324/6 102/325/6 101/326/6 
s 325
f 197/327/59 198/328/60 199/329/59 
s 326
f 200/330/61 199/329/59 198/328/60 
s 327
f 198/328/60 201/328/62 200/330/61 
s 328
f 202/330/63 200/330/61 201/328/62 
s 329
f 201/328/62 197/327/64 202/330/63 
s 330
f 199/329/64 202/330/63 197/327/64 
s 331
f 203/328/65 204/328/66 205/330/65 
s 332
f 206/330/67 205/330/65 204/328/66 
s 333
f 204/328/66 207/327/68 206/330/67 
s 334
f 208/329/68 206/330/67 207/327/68 
s 335
f 207/327/68 203/328/69 208/329/68 
s 336
f 205/330/69 208/329/68 203/328/69 
s 337
f 209/328/1 210/328/70 211/330/1 
s 338
f 212/330/70 211/330/1 210/328/70 
s 339
f 210/328/70 213/327/71 212/330/70 
s 340
f 214/329/71 212/330/70 213/327/71 
s 341
f 213/327/71 209/328/72 214/329/71 
s 342
f 211/330/72 214/329/71 209/328/72 
s 343
f 215/327/72 216/328/73 217/329/72 
s 344
f 218/330/73 217/329/72 216/328/73 
s 345
f 216/328/73 219/328/70 218/330/73 
s 346
f 220/330/70 218/330/73 219/328/70 
s 347
f 219/328/70 215/327/74 220/330/70 
s 348
f 217/329/74 220/330/70 215/327/74 
s 349
f 221/328/1 222/328/70 223/330/1 
s 350
f 224/330/70 223/330/1 222/328/70 
s 351
f 222/328/70 225/327/71 224/330/70 
s 352
f 226/329/71 224/330/70 225/327/71 
s 353
f 225/327/71 221/328/72 226/329/71 
s 354
f 223/330/72 226/329/71 221/328/72 
s 355
f 227/328/1 228/328/70 229/330/1 
s 356
f 230/330/70 229/330/1 228/328/70 
s 357
f 228/328/70 231/327/71 230/330/70 
s 358
f 232/329/71 230/330/70 231/327/71 
s 359
f 231/327/71 227/328/72 232/329/71 
s 360
f 229/330/72 232/329/71 227/328/72 
s 361
f 233/328/1 234/328/75 235/330/1 
s 362
f 236/330/75 235/330/1 234/328/75 
s 363
f 234/328/75 237/327/71 236/330/75 
s 364
f 238/329/71 236/330/75 237/327/71 
s 365
f 237/327/71 233/328/76 238/329/71 
s 366
f 235/330/76 238/329/71 233/328/76 
s 367
f 239/327/76 240/328/77 241/329/76 
s 368
f 242/330/77 241/329/76 240/328/77 
s 369
f 240/328/77 243/328/75 242/330/77 
s 370
f 244/330/75 242/330/77 243/328/75 
s 371
f 243/328/75 239/327/78 244/330/75 
s 372
f 241/329/78 244/330/75 239/327/78 
s 373
f 245/328/78 246/327/71 247/330/78 
s 374
f 248/329/71 247/330/78 246/327/71 
s 375
f 246/327/71 249/328/77 248/329/71 
s 376
f 250/330/77 248/329/71 249/328/77 
s 377
f 249/328/77 245/328/1 250/330/77 
s 378
f 247/330/1 250/330/77 245/328/1 
s 379
f 251/328/1 252/328/75 253/330/1 
s 380
f 254/330/75 253/330/1 252/328/75 
s 381
f 252/328/75 255/327/71 254/330/75 
s 382
f 256/329/71 254/330/75 255/327/71 
s 383
f 255/327/71 251/328/76 256/329/71 
s 384
f 253/330/76 256/329/71 251/328/76 
s 385
f 257/331/79 258/332/79 259/333/79 
s 386
f 260/334/79 259/333/79 258/332/79 
s 387
f 261/335/80 262/336/80 263/337/80 
s 388
f 264/338/80 263/337/80 262/336/80 
s 389
f 259/333/81 260/334/81 265/339/81 
s 390
f 266/340/81 265/339/81 260/334/81 
s 391
f 263/337/5 264/338/5 267/341/5 
s 392
f 268/342/5 267/341/5 264/338/5 
s 393
f 269/343/82 270/344/82 261/335/82 
s 394
f 262/336/82 261/335/82 270/344/82 
s 395
f 265/339/7 266/340/7 269/343/7 
s 396
f 270/344/7 269/343/7 266/340/7 
s 397
f 271/345/4 272/346/4 257/331/4 
s 398
f 258/332/4 257/331/4 272/346/4 
s 399
f 273/333/80 274/334/80 275/331/80 
s 400
f 276/332/80 275/331/80 274/334/80 
s 401
f 277/337/79 278/338/79 279/335/79 
s 402
f 280/336/79 279/335/79 278/338/79 
s 403
f 281/339/82 282/340/82 273/333/82 
s 404
f 274/334/82 273/333/82 282/340/82 
s 405
f 283/341/4 284/342/4 277/337/4 
s 406
f 278/338/4 277/337/4 284/342/4 
s 407
f 279/335/83 280/336/83 285/343/83 
s 408
f 286/344/83 285/343/83 280/336/83 
s 409
f 285/343/7 286/344/7 281/339/7 
s 410
f 282/340/7 281/339/7 286/344/7 
s 411
f 275/331/5 276/332/5 287/345/5 
s 412
f 288/346/5 287/345/5 276/332/5 
s 413
f 289/332/79 257/331/79 290/334/79 
s 414
f 259/333/79 290/334/79 257/331/79 
s 415
f 291/336/80 261/335/80 292/338/80 
s 416
f 263/337/80 292/338/80 261/335/80 
s 417
f 290/334/81 259/333/81 293/340/81 
s 418
f 265/339/81 293/340/81 259/333/81 
s 419
f 292/338/5 263/337/5 294/342/5 
s 420
f 267/341/5 294/342/5 263/337/5 
s 421
f 295/344/82 269/343/82 291/336/82 
s 422
f 261/335/82 291/336/82 269/343/82 
s 423
f 293/340/7 265/339/7 295/344/7 
s 424
f 269/343/7 295/344/7 265/339/7 
s 425
f 296/346/4 271/345/4 289/332/4 
s 426
f 257/331/4 289/332/4 271/345/4 
s 427
f 297/334/84 273/333/80 298/332/84 
s 428
f 275/331/80 298/332/84 273/333/80 
s 429
f 299/338/85 277/337/79 300/336/85 
s 430
f 279/335/79 300/336/85 277/337/79 
s 431
f 301/340/82 281/339/82 297/334/82 
s 432
f 273/333/82 297/334/82 281/339/82 
s 433
f 302/342/4 283/341/4 299/338/4 
s 434
f 277/337/4 299/338/4 283/341/4 
s 435
f 300/336/83 279/335/83 303/344/83 
s 436
f 285/343/83 303/344/83 279/335/83 
s 437
f 303/344/7 285/343/7 301/340/7 
s 438
f 281/339/7 301/340/7 285/343/7 
s 439
f 298/332/5 275/331/5 304/346/5 
s 440
f 287/345/5 304/346/5 275/331/5 
s 441
f 305/347/86 306/348/87 307/349/86 
s 442
f 308/350/87 307/349/86 306/348/87 
s 443
f 306/348/87 309/351/88 308/350/87 
s 444
f 310/352/88 308/350/87 309/351/88 
s 445
f 309/351/88 305/353/89 310/352/88 
s 446
f 307/354/89 310/352/88 305/353/89 
s 447
f 311/355/90 312/356/74 313/357/90 
s 448
f 314/358/74 313/357/90 312/356/74 
s 449
f 312/356/74 315/359/91 314/358/74 
s 450
f 316/360/91 314/358/74 315/359/91 
s 451
f 315/359/91 311/361/77 316/360/91 
s 452
f 313/362/77 316/360/91 311/361/77 
s 453
f 317/363/6 318/364/92 319/365/6 
s 454
f 320/366/92 319/365/6 318/364/92 
s 455
f 318/364/92 321/367/1 320/366/92 
s 456
f 322/368/93 320/366/92 321/367/1 
s 457
f 321/367/1 317/369/90 322/368/93 
s 458
f 319/370/90 322/368/93 317/369/90 
s 459
f 323/371/90 324/372/74 325/373/90 
s 460
f 326/374/74 325/373/90 324/372/74 
s 461
f 324/372/74 327/375/92 326/374/74 
s 462
f 328/376/92 326/374/74 327/375/92 
s 463
f 327/375/92 323/377/94 328/376/92 
s 464
f 325/378/94 328/376/92 323/377/94 
s 465
f 329/379/94 330/380/1 331/381/94 
s 466
f 332/382/1 331/381/94 330/380/1 
s 467
f 330/380/1 333/383/74 332/382/1 
s 468
f 334/384/74 332/382/1 333/383/74 
s 469
f 333/383/74 329/385/6 334/384/74 
s 470
f 331/386/6 334/384/74 329/385/6 
s 471
f 335/387/90 336/388/74 337/389/90 
s 472
f 338/390/74 337/389/90 336/388/74 
s 473
f 336/388/74 339/391/91 338/390/74 
s 474
f 340/392/91 338/390/74 339/391/91 
s 475
f 339/391/91 335/393/77 340/392/91 
s 476
f 337/394/77 340/392/91 335/393/77 
s 477
f 341/395/89 342/396/95 343/397/89 
s 478
f 344/398/95 343/397/89 342/396/95 
s 479
f 342/396/95 345/399/87 344/398/95 
s 480
f 346/400/87 344/398/95 345/399/87 
s 481
f 345/399/87 341/401/6 346/400/87 
s 482
f 343/402/6 346/400/87 341/401/6 
s 483
f 347/403/96 348/404/97 349/405/98 
s 484
f 350/406/99 349/405/98 348/404/97 
s 485
f 348/404/97 351/407/100 350/406/99 
s 486
f 352/408/101 350/406/99 351/407/100 
s 487
f 353/409/102 349/405/98 354/410/103 
s 488
f 350/406/99 354/410/103 349/405/98 
s 489
f 354/410/103 350/406/99 355/411/104 
s 490
f 352/408/101 355/411/104 350/406/99 
s 491
f 355/411/104 352/408/101 353/412/105 
s 492
f 349/413/106 353/412/105 352/408/101 
s 493
f 352/408/101 351/407/100 349/413/106 
s 494
f 347/414/107 349/413/106 351/407/100 
s 495
f 113/132/10 107/415/10 118/134/10 
s 496
f 115/416/10 118/134/10 107/415/10 
s 497
f 118/134/10 115/416/10 120/137/10 
s 498
f 116/417/10 120/137/10 115/416/10 
s 499
f 120/137/10 116/417/10 114/140/10 
s 500
f 109/418/10 114/140/10 116/417/10 
s 501
f 100/419/7 111/123/7 122/420/108 
s 502
f 111/123/7 100/419/7 119/421/109 
s 503
f 96/422/110 119/421/109 100/419/7 
s 504
f 119/421/109 96/422/110 117/423/111 
s 505
f 95/424/112 117/423/111 96/422/110 
s 506
f 117/423/111 95/424/112 112/124/113 
s 507
f 122/420/108 112/124/113 95/424/112 
s 508
f 112/124/113 122/420/108 111/123/7 
s 509
f 356/425/114 357/426/115 358/427/116 
s 510
f 359/428/117 358/427/116 357/426/115 
s 511
f 357/426/115 360/429/118 359/428/117 
s 512
f 361/430/119 359/428/117 360/429/118 
s 513
f 362/431/120 358/427/116 363/432/121 
s 514
f 359/428/117 363/432/121 358/427/116 
s 515
f 363/432/121 359/428/117 364/433/122 
s 516
f 361/430/119 364/433/122 359/428/117 
s 517
f 364/433/122 361/430/119 362/434/123 
s 518
f 358/435/124 362/434/123 361/430/119 
s 519
f 361/430/119 360/429/118 358/435/124 
s 520
f 356/436/125 358/435/124 360/429/118 
s 521
f 140/176/1 139/175/1 144/180/1 
s 522
f 365/437/126 366/438/127 347/439/126 
s 523
f 348/440/128 347/439/126 366/438/127 
s 524
f 366/438/127 367/441/129 348/440/128 
s 525
f 351/442/129 348/440/128 367/441/129 
s 526
f 367/441/129 365/443/130 351/442/129 
s 527
f 347/444/131 351/442/129 365/443/130 
s 528
f 354/445/132 355/446/133 357/447/134 
s 529
f 360/448/135 357/447/134 355/446/133 
s 530
f 355/446/133 353/449/136 360/448/135 
s 531
f 356/450/137 360/448/135 353/449/136 
s 532
f 353/449/136 354/451/5 356/450/137 
s 533
f 357/452/5 356/450/137 354/451/5 
s 534
f 364/453/138 362/454/139 368/455/140 
s 535
f 369/456/141 368/455/140 362/454/139 
s 536
f 362/454/139 363/457/142 369/456/141 
s 537
f 370/458/143 369/456/141 363/457/142 
s 538
f 363/457/142 364/459/144 370/458/143 
s 539
f 368/460/145 370/458/143 364/459/144 
s 540
f 371/461/96 372/462/97 373/463/98 
s 541
f 374/464/99 373/463/98 372/462/97 
s 542
f 372/462/97 375/465/146 374/464/99 
s 543
f 376/466/101 374/464/99 375/465/146 
s 544
f 377/467/102 373/463/98 378/468/103 
s 545
f 374/464/99 378/468/103 373/463/98 
s 546
f 378/468/103 374/464/99 379/469/147 
s 547
f 376/466/101 379/469/147 374/464/99 
s 548
f 379/469/147 376/466/101 377/470/148 
s 549
f 373/471/149 377/470/148 376/466/101 
s 550
f 376/466/101 375/465/146 373/471/149 
s 551
f 371/472/150 373/471/149 375/465/146 
s 552
f 128/150/6 141/177/6 130/152/6 
s 553
f 380/473/114 381/474/151 382/475/116 
s 554
f 383/476/152 382/475/116 381/474/151 
s 555
f 381/474/151 384/477/153 383/476/152 
s 556
f 385/478/154 383/476/152 384/477/153 
s 557
f 386/479/120 382/475/116 387/480/155 
s 558
f 383/476/152 387/480/155 382/475/116 
s 559
f 387/480/155 383/476/152 388/481/156 
s 560
f 385/478/154 388/481/156 383/476/152 
s 561
f 388/481/156 385/478/154 386/482/123 
s 562
f 382/483/124 386/482/123 385/478/154 
s 563
f 385/478/154 384/477/153 382/483/124 
s 564
f 380/484/125 382/483/124 384/477/153 
s 565
f 145/485/7 146/486/8 138/487/7 
s 566
f 137/183/7 138/487/7 147/184/9 
s 567
f 138/487/7 146/486/8 147/184/9 
s 568
f 147/184/9 146/486/8 148/185/157 
s 569
f 158/488/157 148/185/157 146/486/8 
s 570
f 389/489/126 390/490/127 371/491/126 
s 571
f 372/492/128 371/491/126 390/490/127 
s 572
f 390/490/127 391/493/129 372/492/128 
s 573
f 375/494/129 372/492/128 391/493/129 
s 574
f 391/493/129 389/495/158 375/494/129 
s 575
f 371/496/159 375/494/129 389/495/158 
s 576
f 378/497/132 379/498/4 381/499/132 
s 577
f 384/500/135 381/499/132 379/498/4 
s 578
f 379/498/4 377/501/160 384/500/135 
s 579
f 380/502/137 384/500/135 377/501/160 
s 580
f 377/501/160 378/503/5 380/502/137 
s 581
f 381/504/5 380/502/137 378/503/5 
s 582
f 388/505/138 386/506/139 392/507/140 
s 583
f 393/508/141 392/507/140 386/506/139 
s 584
f 386/506/139 387/509/142 393/508/141 
s 585
f 394/510/143 393/508/141 387/509/142 
s 586
f 387/509/142 388/511/161 394/510/143 
s 587
f 392/512/162 394/510/143 388/511/161 
s 588
f 395/513/163 396/514/164 397/515/165 
s 589
f 398/516/166 397/515/165 396/514/164 
s 590
f 399/517/167 395/513/163 400/518/168 
s 591
f 395/513/163 399/517/167 396/514/164 
s 592
f 401/519/169 396/514/164 399/517/167 
s 593
f 401/519/169 402/520/170 396/514/164 
s 594
f 403/521/171 396/514/164 402/520/170 
s 595
f 403/521/171 404/522/172 396/514/164 
s 596
f 398/516/166 396/514/164 404/522/172 
s 597
f 398/516/166 404/522/172 401/523/173 
s 598
f 401/523/173 399/524/174 398/516/166 
s 599
f 397/515/165 398/516/166 399/524/174 
s 600
f 402/525/175 401/523/173 404/522/172 
s 601
f 397/515/165 399/524/174 405/526/176 
s 602
f 405/526/176 406/527/177 397/515/165 
s 603
f 395/513/163 397/515/165 406/527/177 
s 604
f 406/527/177 400/518/168 395/513/163 
s 605
f 400/528/178 405/526/176 399/524/174 
s 606
f 138/487/4 129/529/4 130/530/4 
s 607
f 130/530/4 140/531/4 138/487/4 
s 608
f 145/485/4 138/487/4 140/531/4 
s 609
f 140/531/4 142/532/4 145/485/4 
s 610
f 407/533/179 408/534/180 409/535/181 
s 611
f 410/536/182 409/535/181 408/534/180 
s 612
f 407/533/179 411/537/183 408/534/180 
s 613
f 412/538/184 408/534/180 411/537/183 
s 614
f 412/538/184 413/539/185 408/534/180 
s 615
f 414/540/186 408/534/180 413/539/185 
s 616
f 408/534/180 414/540/186 410/536/182 
s 617
f 415/541/187 410/536/182 414/540/186 
s 618
f 416/542/188 417/543/189 415/541/187 
s 619
f 410/536/182 415/541/187 417/543/189 
s 620
f 417/543/189 418/544/190 410/536/182 
s 621
f 409/535/181 410/536/182 418/544/190 
s 622
f 418/544/190 416/545/191 409/535/181 
s 623
f 415/546/192 409/535/181 416/545/191 
s 624
f 415/546/192 414/547/193 409/535/181 
s 625
f 407/533/179 409/535/181 414/547/193 
s 626
f 414/547/193 413/548/194 407/533/179 
s 627
f 411/537/183 407/533/179 413/548/194 
s 628
f 135/549/6 148/550/6 136/551/6 
s 629
f 158/552/6 136/551/6 148/550/6 
s 630
f 136/551/6 158/552/6 161/553/6 
s 631
f 156/554/6 161/553/6 158/552/6 
s 632
f 156/554/6 155/555/6 161/553/6 
s 633
f 160/556/6 161/553/6 155/555/6 
s 634
f 419/557/195 420/558/196 421/559/197 
s 635
f 422/560/198 421/559/197 420/558/196 
s 636
f 423/561/199 424/562/200 421/559/197 
s 637
f 419/557/195 421/559/197 424/562/200 
s 638
f 424/562/200 425/563/201 419/557/195 
s 639
f 426/564/202 419/557/195 425/563/201 
s 640
f 419/557/195 426/564/202 420/558/196 
s 641
f 427/565/203 420/558/196 426/564/202 
s 642
f 428/566/204 429/567/205 425/563/201 
s 643
f 426/564/202 425/563/201 429/567/205 
s 644
f 429/567/205 430/568/206 426/564/202 
s 645
f 427/565/203 426/564/202 430/568/206 
s 646
f 430/568/206 428/569/207 427/565/203 
s 647
f 425/570/208 427/565/203 428/569/207 
s 648
f 427/565/203 425/570/208 420/558/196 
s 649
f 424/571/209 420/558/196 425/570/208 
s 650
f 420/558/196 424/571/209 422/560/198 
s 651
f 423/561/210 422/560/198 424/571/209 
s 652
f 431/572/89 432/573/211 433/574/89 
s 653
f 434/575/211 433/574/89 432/573/211 
s 654
f 432/573/211 435/576/212 434/575/211 
s 655
f 436/577/212 434/575/211 435/576/212 
s 656
f 435/576/212 431/578/6 436/577/212 
s 657
f 433/579/6 436/577/212 431/578/6 
s 658
f 437/580/89 438/581/211 439/582/89 
s 659
f 440/583/211 439/582/89 438/581/211 
s 660
f 438/581/211 441/584/212 440/583/211 
s 661
f 442/585/212 440/583/211 441/584/212 
s 662
f 441/584/212 437/586/6 442/585/212 
s 663
f 439/587/6 442/585/212 437/586/6 
s 664
f 443/588/6 444/589/91 445/590/6 
s 665
f 446/591/91 445/590/6 444/589/91 
s 666
f 444/589/91 447/592/1 446/591/91 
s 667
f 448/593/93 446/591/91 447/592/1 
s 668
f 447/592/1 443/594/86 448/593/93 
s 669
f 445/595/86 448/593/93 443/594/86 
s 670
f 449/596/6 450/597/91 451/598/6 
s 671
f 452/599/91 451/598/6 450/597/91 
s 672
f 450/597/91 453/600/213 452/599/91 
s 673
f 454/601/213 452/599/91 453/600/213 
s 674
f 453/600/213 449/602/90 454/601/213 
s 675
f 451/603/90 454/601/213 449/602/90 
s 676
f 455/604/90 456/605/74 457/606/90 
s 677
f 458/607/74 457/606/90 456/605/74 
s 678
f 456/605/74 459/608/91 458/607/74 
s 679
f 460/609/91 458/607/74 459/608/91 
s 680
f 459/608/91 455/610/77 460/609/91 
s 681
f 457/611/77 460/609/91 455/610/77 
s 682
f 461/612/163 462/613/164 463/614/214 
s 683
f 464/615/215 463/614/214 462/613/164 
s 684
f 465/616/167 461/612/163 466/617/168 
s 685
f 461/612/163 465/616/167 462/613/164 
s 686
f 467/618/169 462/613/164 465/616/167 
s 687
f 467/618/169 468/619/170 462/613/164 
s 688
f 469/620/171 462/613/164 468/619/170 
s 689
f 469/620/171 470/621/172 462/613/164 
s 690
f 464/615/215 462/613/164 470/621/172 
s 691
f 464/615/215 470/621/172 467/622/216 
s 692
f 467/622/216 465/623/174 464/615/215 
s 693
f 463/614/214 464/615/215 465/623/174 
s 694
f 468/624/217 467/622/216 470/621/172 
s 695
f 463/614/214 465/623/174 471/625/176 
s 696
f 471/625/176 472/626/177 463/614/214 
s 697
f 461/612/163 463/614/214 472/626/177 
s 698
f 472/626/177 466/617/168 461/612/163 
s 699
f 466/627/218 471/625/176 465/623/174 
s 700
f 192/628/11 193/629/11 196/630/11 
s 701
f 473/631/11 196/630/11 193/629/11 
s 702
f 196/630/11 473/631/11 195/632/10 
s 703
f 194/633/10 195/632/10 473/631/11 
s 704
f 172/250/1 170/248/1 173/251/1 
s 705
f 474/634/219 475/635/180 476/636/220 
s 706
f 477/637/182 476/636/220 475/635/180 
s 707
f 474/634/219 478/638/221 475/635/180 
s 708
f 479/639/184 475/635/180 478/638/221 
s 709
f 479/639/184 480/640/185 475/635/180 
s 710
f 481/641/186 475/635/180 480/640/185 
s 711
f 475/635/180 481/641/186 477/637/182 
s 712
f 482/642/187 477/637/182 481/641/186 
s 713
f 483/643/188 484/644/189 482/642/187 
s 714
f 477/637/182 482/642/187 484/644/189 
s 715
f 484/644/189 485/645/222 477/637/182 
s 716
f 476/636/220 477/637/182 485/645/222 
s 717
f 485/645/222 483/646/223 476/636/220 
s 718
f 482/647/192 476/636/220 483/646/223 
s 719
f 482/647/192 481/648/224 476/636/220 
s 720
f 474/634/219 476/636/220 481/648/224 
s 721
f 481/648/224 480/640/225 474/634/219 
s 722
f 478/638/221 474/634/219 480/640/225 
s 723
f 171/249/6 167/245/6 166/244/6 
s 724
f 486/649/195 487/650/196 488/651/197 
s 725
f 489/652/226 488/651/197 487/650/196 
s 726
f 490/653/199 491/654/200 488/651/197 
s 727
f 486/649/195 488/651/197 491/654/200 
s 728
f 491/654/200 492/655/201 486/649/195 
s 729
f 493/656/202 486/649/195 492/655/201 
s 730
f 486/649/195 493/656/202 487/650/196 
s 731
f 494/657/203 487/650/196 493/656/202 
s 732
f 495/658/204 496/659/205 492/655/201 
s 733
f 493/656/202 492/655/201 496/659/205 
s 734
f 496/659/205 497/660/227 493/656/202 
s 735
f 494/657/203 493/656/202 497/660/227 
s 736
f 497/660/227 495/661/228 494/657/203 
s 737
f 492/662/229 494/657/203 495/661/228 
s 738
f 494/657/203 492/662/229 487/650/196 
s 739
f 491/663/230 487/650/196 492/662/229 
s 740
f 487/650/196 491/663/230 489/652/226 
s 741
f 490/664/231 489/652/226 491/663/230 
s 742
f 498/665/232 499/666/233 500/667/234 
s 743
f 501/668/235 500/667/234 499/666/233 
s 744
f 499/666/233 502/669/236 501/668/235 
s 745
f 503/670/237 501/668/235 502/669/236 
s 746
f 501/668/235 503/670/237 504/671/238 
s 747
f 505/672/239 504/671/238 503/670/237 
s 748
f 505/672/239 502/669/240 504/671/238 
s 749
f 499/673/241 504/671/238 502/669/240 
s 750
f 499/673/241 498/665/242 504/671/238 
s 751
f 506/674/243 504/671/238 498/665/242 
s 752
f 506/674/243 500/667/234 504/671/238 
s 753
f 501/668/235 504/671/238 500/667/234 
s 754
f 480/675/244 479/676/245 507/677/246 
s 755
f 508/678/247 507/677/246 479/676/245 
s 756
f 479/676/245 478/679/248 508/678/247 
s 757
f 509/680/249 508/678/247 478/679/248 
s 758
f 478/679/248 480/681/250 509/680/249 
s 759
f 507/682/251 509/680/249 480/681/250 
s 760
f 470/683/6 469/684/252 503/685/6 
s 761
f 505/686/253 503/685/6 469/684/252 
s 762
f 469/684/252 468/687/1 505/686/253 
s 763
f 502/688/254 505/686/253 468/687/1 
s 764
f 468/687/1 470/689/255 502/688/254 
s 765
f 503/690/255 502/688/254 470/689/255 
s 766
f 498/691/256 500/692/257 490/693/256 
s 767
f 489/694/258 490/693/256 500/692/257 
s 768
f 500/692/257 506/695/259 489/694/258 
s 769
f 488/696/260 489/694/258 506/695/259 
s 770
f 506/695/259 498/697/261 488/696/260 
s 771
f 490/698/261 488/696/260 498/697/261 
s 772
f 510/699/262 511/700/263 512/701/264 
s 773
f 513/702/265 512/701/264 511/700/263 
s 774
f 513/702/265 511/700/263 514/703/266 
s 775
f 514/703/266 515/704/267 513/702/265 
s 776
f 516/705/268 514/703/266 511/700/263 
s 777
f 517/706/269 515/707/270 512/701/264 
s 778
f 514/708/271 512/701/264 515/707/270 
s 779
f 514/708/271 516/709/272 512/701/264 
s 780
f 510/699/262 512/701/264 516/709/272 
s 781
f 516/709/272 518/710/273 510/699/262 
s 782
f 519/711/274 510/699/262 518/710/273 
s 783
f 510/699/262 519/711/274 511/700/263 
s 784
f 520/712/275 511/700/263 519/711/274 
s 785
f 511/700/263 520/712/275 516/705/268 
s 786
f 518/713/276 516/705/268 520/712/275 
s 787
f 521/714/277 522/715/278 523/716/279 
s 788
f 522/715/278 521/714/277 524/717/6 
s 789
f 525/718/280 524/717/6 521/714/277 
s 790
f 524/717/6 525/718/280 526/719/281 
s 791
f 527/720/282 526/719/281 525/718/280 
s 792
f 526/719/281 527/720/282 515/704/267 
s 793
f 528/721/283 515/704/267 527/720/282 
s 794
f 528/721/283 513/702/265 515/704/267 
s 795
f 528/721/283 517/706/269 513/702/265 
s 796
f 512/701/264 513/702/265 517/706/269 
s 797
f 527/720/282 529/722/284 528/721/283 
s 798
f 517/706/269 528/721/283 529/722/284 
s 799
f 517/706/269 529/722/284 515/707/270 
s 800
f 526/723/285 515/707/270 529/722/284 
s 801
f 529/722/284 530/724/286 526/723/285 
s 802
f 524/725/287 526/723/285 530/724/286 
s 803
f 530/724/286 531/726/288 524/725/287 
s 804
f 522/727/289 524/725/287 531/726/288 
s 805
f 531/726/288 532/728/290 522/727/289 
s 806
f 533/729/291 522/727/289 532/728/290 
s 807
f 533/729/291 532/728/290 534/730/292 
s 808
f 535/731/293 534/730/292 532/728/290 
s 809
f 534/730/292 535/731/293 536/732/294 
s 810
f 537/733/295 536/732/294 535/731/293 
s 811
f 537/733/295 535/731/293 538/734/296 
s 812
f 539/735/297 538/734/296 535/731/293 
s 813
f 539/735/297 535/731/293 523/716/279 
s 814
f 532/728/290 523/716/279 535/731/293 
s 815
f 523/716/279 532/728/290 521/714/277 
s 816
f 531/726/288 521/714/277 532/728/290 
s 817
f 521/714/277 531/726/288 525/718/280 
s 818
f 530/724/286 525/718/280 531/726/288 
s 819
f 525/718/280 530/724/286 527/720/282 
s 820
f 529/722/284 527/720/282 530/724/286 
s 821
f 537/733/295 540/736/298 536/732/294 
s 822
f 540/736/298 537/733/295 541/737/299 
s 823
f 538/734/296 541/737/299 537/733/295 
s 824
f 541/737/299 538/734/296 542/738/300 
s 825
f 536/739/301 542/738/300 538/734/296 
s 826
f 538/734/296 539/735/297 536/739/301 
s 827
f 534/740/302 536/739/301 539/735/297 
s 828
f 534/740/302 539/735/297 533/741/303 
s 829
f 523/716/279 533/741/303 539/735/297 
s 830
f 533/741/303 523/716/279 522/715/278 
s 831
f 542/742/304 536/732/294 540/736/298 
s 832
f 543/743/305 544/744/263 545/745/264 
s 833
f 546/746/265 545/745/264 544/744/263 
s 834
f 546/746/265 544/744/263 547/747/266 
s 835
f 547/747/266 548/748/267 546/746/265 
s 836
f 549/749/268 547/747/266 544/744/263 
s 837
f 550/750/306 548/751/270 545/745/264 
s 838
f 547/752/307 545/745/264 548/751/270 
s 839
f 547/752/307 549/753/308 545/745/264 
s 840
f 543/743/305 545/745/264 549/753/308 
s 841
f 549/753/308 551/754/273 543/743/305 
s 842
f 552/755/274 543/743/305 551/754/273 
s 843
f 543/743/305 552/755/274 544/744/263 
s 844
f 553/756/275 544/744/263 552/755/274 
s 845
f 544/744/263 553/756/275 549/749/268 
s 846
f 551/757/276 549/749/268 553/756/275 
s 847
f 554/758/277 555/759/278 556/760/279 
s 848
f 555/759/278 554/758/277 557/761/6 
s 849
f 558/762/280 557/761/6 554/758/277 
s 850
f 557/761/6 558/762/280 559/763/281 
s 851
f 560/764/282 559/763/281 558/762/280 
s 852
f 559/763/281 560/764/282 548/748/267 
s 853
f 561/765/283 548/748/267 560/764/282 
s 854
f 561/765/283 546/746/265 548/748/267 
s 855
f 561/765/283 550/750/306 546/746/265 
s 856
f 545/745/264 546/746/265 550/750/306 
s 857
f 560/764/282 562/766/309 561/765/283 
s 858
f 550/750/306 561/765/283 562/766/309 
s 859
f 550/750/306 562/766/309 548/751/270 
s 860
f 559/767/285 548/751/270 562/766/309 
s 861
f 562/766/309 563/768/93 559/767/285 
s 862
f 557/769/287 559/767/285 563/768/93 
s 863
f 563/768/93 564/770/310 557/769/287 
s 864
f 555/771/311 557/769/287 564/770/310 
s 865
f 564/770/310 565/772/312 555/771/311 
s 866
f 566/773/291 555/771/311 565/772/312 
s 867
f 566/773/291 565/772/312 567/774/292 
s 868
f 568/775/293 567/774/292 565/772/312 
s 869
f 567/774/292 568/775/293 569/776/313 
s 870
f 570/777/295 569/776/313 568/775/293 
s 871
f 570/777/295 568/775/293 571/778/296 
s 872
f 572/779/297 571/778/296 568/775/293 
s 873
f 572/779/297 568/775/293 556/760/279 
s 874
f 565/772/312 556/760/279 568/775/293 
s 875
f 556/760/279 565/772/312 554/758/277 
s 876
f 564/770/310 554/758/277 565/772/312 
s 877
f 554/758/277 564/770/310 558/762/280 
s 878
f 563/768/93 558/762/280 564/770/310 
s 879
f 558/762/280 563/768/93 560/764/282 
s 880
f 562/766/309 560/764/282 563/768/93 
s 881
f 570/777/295 573/780/298 569/776/313 
s 882
f 573/780/298 570/777/295 574/781/299 
s 883
f 571/778/296 574/781/299 570/777/295 
s 884
f 574/781/299 571/778/296 575/782/300 
s 885
f 569/783/301 575/782/300 571/778/296 
s 886
f 571/778/296 572/779/297 569/783/301 
s 887
f 567/784/302 569/783/301 572/779/297 
s 888
f 567/784/302 572/779/297 566/785/303 
s 889
f 556/760/279 566/785/303 572/779/297 
s 890
f 566/785/303 556/760/279 555/759/278 
s 891
f 575/786/314 569/776/313 573/780/298 
s 892
f 576/787/315 577/788/315 578/789/316 
s 893
f 577/788/315 576/787/315 579/790/317 
s 894
f 580/791/317 579/790/317 576/787/315 
s 895
f 580/791/317 578/789/316 579/790/317 
s 896
f 581/792/316 579/790/317 578/789/316 
s 897
f 581/792/316 578/789/316 577/788/315 
s 898
f 577/788/315 582/793/315 581/792/316 
s 899
f 582/793/315 577/788/315 583/794/317 
s 900
f 579/790/317 583/794/317 577/788/315 
s 901
f 583/794/317 579/790/317 584/795/316 
s 902
f 581/792/316 584/795/316 579/790/317 
s 903
f 584/795/316 581/792/316 582/793/315 
s 904
f 585/796/318 586/797/263 587/798/319 
s 905
f 588/799/320 587/798/319 586/797/263 
s 906
f 588/799/320 586/797/263 589/800/266 
s 907
f 589/800/266 590/801/267 588/799/320 
s 908
f 591/802/268 589/800/266 586/797/263 
s 909
f 592/803/306 590/804/270 587/798/319 
s 910
f 589/805/321 587/798/319 590/804/270 
s 911
f 589/805/321 591/806/322 587/798/319 
s 912
f 585/796/318 587/798/319 591/806/322 
s 913
f 591/806/322 593/807/323 585/796/318 
s 914
f 594/808/324 585/796/318 593/807/323 
s 915
f 585/796/318 594/808/324 586/797/263 
s 916
f 595/809/275 586/797/263 594/808/324 
s 917
f 586/797/263 595/809/275 591/802/268 
s 918
f 593/810/276 591/802/268 595/809/275 
s 919
f 596/811/277 597/812/278 598/813/279 
s 920
f 597/812/278 596/811/277 599/814/6 
s 921
f 600/815/280 599/814/6 596/811/277 
s 922
f 599/814/6 600/815/280 601/816/281 
s 923
f 602/817/282 601/816/281 600/815/280 
s 924
f 601/816/281 602/817/282 590/801/267 
s 925
f 603/818/283 590/801/267 602/817/282 
s 926
f 603/818/283 588/799/320 590/801/267 
s 927
f 603/818/283 592/803/306 588/799/320 
s 928
f 587/798/319 588/799/320 592/803/306 
s 929
f 602/817/282 604/819/309 603/818/283 
s 930
f 592/803/306 603/818/283 604/819/309 
s 931
f 592/803/306 604/819/309 590/804/270 
s 932
f 601/820/285 590/804/270 604/819/309 
s 933
f 604/819/309 605/821/93 601/820/285 
s 934
f 599/822/287 601/820/285 605/821/93 
s 935
f 605/821/93 606/823/310 599/822/287 
s 936
f 597/824/311 599/822/287 606/823/310 
s 937
f 606/823/310 607/825/312 597/824/311 
s 938
f 608/826/291 597/824/311 607/825/312 
s 939
f 608/826/291 607/825/312 609/827/325 
s 940
f 610/828/326 609/827/325 607/825/312 
s 941
f 609/827/325 610/828/326 611/829/327 
s 942
f 612/830/328 611/829/327 610/828/326 
s 943
f 612/830/328 610/828/326 613/831/296 
s 944
f 614/832/297 613/831/296 610/828/326 
s 945
f 614/832/297 610/828/326 598/813/279 
s 946
f 607/825/312 598/813/279 610/828/326 
s 947
f 598/813/279 607/825/312 596/811/277 
s 948
f 606/823/310 596/811/277 607/825/312 
s 949
f 596/811/277 606/823/310 600/815/280 
s 950
f 605/821/93 600/815/280 606/823/310 
s 951
f 600/815/280 605/821/93 602/817/282 
s 952
f 604/819/309 602/817/282 605/821/93 
s 953
f 612/830/328 615/833/329 611/829/327 
s 954
f 615/833/329 612/830/328 616/834/330 
s 955
f 613/831/296 616/834/330 612/830/328 
s 956
f 616/834/330 613/831/296 617/835/300 
s 957
f 611/836/301 617/835/300 613/831/296 
s 958
f 613/831/296 614/832/297 611/836/301 
s 959
f 609/837/302 611/836/301 614/832/297 
s 960
f 609/837/302 614/832/297 608/838/303 
s 961
f 598/813/279 608/838/303 614/832/297 
s 962
f 608/838/303 598/813/279 597/812/278 
s 963
f 617/839/331 611/829/327 615/833/329 
s 964
f 618/840/332 619/841/332 620/842/135 
s 965
f 621/843/333 620/842/135 619/841/332 
s 966
f 620/842/135 621/843/333 622/844/334 
s 967
f 623/845/334 622/844/334 621/843/333 
s 968
f 623/845/334 619/841/332 622/844/334 
s 969
f 618/840/332 622/844/334 619/841/332 
s 970
f 618/840/332 624/846/332 622/844/334 
s 971
f 624/846/332 618/840/332 625/847/4 
s 972
f 620/842/135 625/847/4 618/840/332 
s 973
f 620/842/135 622/844/334 625/847/4 
s 974
f 626/848/334 625/847/4 622/844/334 
s 975
f 626/848/334 622/844/334 624/846/332 
s 976
f 193/629/4 186/270/4 473/631/4 
s 977
f 187/271/4 473/631/4 186/270/4 
s 978
f 473/631/4 187/271/4 194/633/4 
s 979
f 188/272/4 194/633/4 187/271/4 
s 980
f 627/849/335 628/850/335 629/851/336 
s 981
f 628/850/335 627/849/335 630/852/337 
s 982
f 631/853/337 630/852/337 627/849/335 
s 983
f 631/853/337 629/851/336 630/852/337 
s 984
f 632/854/336 630/852/337 629/851/336 
s 985
f 632/854/336 629/851/336 628/850/335 
s 986
f 632/854/336 628/850/335 633/855/336 
s 987
f 634/856/335 633/855/336 628/850/335 
s 988
f 634/856/335 628/850/335 635/857/337 
s 989
f 630/852/337 635/857/337 628/850/335 
s 990
f 635/857/337 630/852/337 633/855/336 
s 991
f 632/854/336 633/855/336 630/852/337 
s 992
f 636/858/334 637/859/334 638/860/336 
s 993
f 637/859/334 636/858/334 639/861/338 
s 994
f 640/862/338 639/861/338 636/858/334 
s 995
f 640/862/338 638/860/336 639/861/338 
s 996
f 641/863/336 639/861/338 638/860/336 
s 997
f 641/863/336 638/860/336 637/859/334 
s 998
f 637/859/334 642/864/334 641/863/336 
s 999
f 642/864/334 637/859/334 643/865/338 
s 1000
f 639/861/338 643/865/338 637/859/334 
s 1001
f 639/861/338 641/863/336 643/865/338 
s 1002
f 644/866/336 643/865/338 641/863/336 
s 1003
f 644/866/336 641/863/336 642/864/334 
s 1004
f 645/867/314 646/868/313 647/869/339 
s 1005
f 648/870/340 647/869/339 646/868/313 
s 1006
f 647/869/339 648/870/340 649/871/330 
s 1007
f 650/872/296 649/871/330 648/870/340 
s 1008
f 649/871/330 650/872/296 645/873/300 
s 1009
f 646/874/301 645/873/300 650/872/296 
s 1010
f 650/872/296 651/875/297 646/874/301 
s 1011
f 652/876/302 646/874/301 651/875/297 
s 1012
f 652/876/302 651/875/297 653/877/303 
s 1013
f 654/878/279 653/877/303 651/875/297 
s 1014
f 653/877/303 654/878/279 655/879/278 
s 1015
f 648/870/340 656/880/293 650/872/296 
s 1016
f 651/875/297 650/872/296 656/880/293 
s 1017
f 651/875/297 656/880/293 654/878/279 
s 1018
f 657/881/290 654/878/279 656/880/293 
s 1019
f 654/878/279 657/881/290 658/882/277 
s 1020
f 659/883/288 658/882/277 657/881/290 
s 1021
f 658/882/277 659/883/288 660/884/280 
s 1022
f 661/885/286 660/884/280 659/883/288 
s 1023
f 660/884/280 661/885/286 662/886/282 
s 1024
f 663/887/284 662/886/282 661/885/286 
s 1025
f 662/886/282 663/887/284 664/888/283 
s 1026
f 665/889/269 664/888/283 663/887/284 
s 1027
f 665/889/269 663/887/284 666/890/341 
s 1028
f 667/891/342 666/890/341 663/887/284 
s 1029
f 658/882/277 655/879/278 654/878/279 
s 1030
f 655/879/278 658/882/277 668/892/343 
s 1031
f 660/884/280 668/892/343 658/882/277 
s 1032
f 668/892/343 660/884/280 667/893/281 
s 1033
f 662/886/282 667/893/281 660/884/280 
s 1034
f 667/893/281 662/886/282 666/894/267 
s 1035
f 664/888/283 666/894/267 662/886/282 
s 1036
f 664/888/283 669/895/320 666/894/267 
s 1037
f 664/888/283 665/889/269 669/895/320 
s 1038
f 670/896/319 669/895/320 665/889/269 
s 1039
f 671/897/305 672/898/263 670/896/319 
s 1040
f 669/895/320 670/896/319 672/898/263 
s 1041
f 669/895/320 672/898/263 673/899/266 
s 1042
f 673/899/266 666/894/267 669/895/320 
s 1043
f 674/900/268 673/899/266 672/898/263 
s 1044
f 665/889/269 666/890/341 670/896/319 
s 1045
f 673/901/307 670/896/319 666/890/341 
s 1046
f 673/901/307 674/902/272 670/896/319 
s 1047
f 671/897/305 670/896/319 674/902/272 
s 1048
f 674/902/272 675/903/344 671/897/305 
s 1049
f 676/904/345 671/897/305 675/903/344 
s 1050
f 671/897/305 676/904/345 672/898/263 
s 1051
f 677/905/275 672/898/263 676/904/345 
s 1052
f 672/898/263 677/905/275 674/900/268 
s 1053
f 675/906/276 674/900/268 677/905/275 
s 1054
f 663/887/284 661/885/286 667/891/342 
s 1055
f 668/907/346 667/891/342 661/885/286 
s 1056
f 661/885/286 659/883/288 668/907/346 
s 1057
f 655/908/289 668/907/346 659/883/288 
s 1058
f 659/883/288 657/881/290 655/908/289 
s 1059
f 653/909/347 655/908/289 657/881/290 
s 1060
f 653/909/347 657/881/290 652/910/292 
s 1061
f 656/880/293 652/910/292 657/881/290 
s 1062
f 652/910/292 656/880/293 646/868/313 
s 1063
f 648/870/340 646/868/313 656/880/293 
s 1064
f 678/911/332 679/912/332 680/913/348 
s 1065
f 679/912/332 678/911/332 681/914/349 
s 1066
f 682/915/349 681/914/349 678/911/332 
s 1067
f 682/915/349 680/913/348 681/914/349 
s 1068
f 683/916/348 681/914/349 680/913/348 
s 1069
f 683/916/348 680/913/348 679/912/332 
s 1070
f 679/912/332 684/917/332 683/916/348 
s 1071
f 679/912/332 681/914/349 684/917/332 
s 1072
f 685/918/349 684/917/332 681/914/349 
s 1073
f 685/918/349 681/914/349 686/919/348 
s 1074
f 683/916/348 686/919/348 681/914/349 
s 1075
f 686/919/348 683/916/348 684/917/332 
s 1076
f 687/920/348 688/921/348 689/922/332 
s 1077
f 690/923/332 689/922/332 688/921/348 
s 1078
f 690/923/332 691/924/349 689/922/332 
s 1079
f 692/925/349 689/922/332 691/924/349 
s 1080
f 691/924/349 688/921/348 692/925/349 
s 1081
f 687/920/348 692/925/349 688/921/348 
s 1082
f 687/920/348 693/926/348 692/925/349 
s 1083
f 693/926/348 687/920/348 694/927/332 
s 1084
f 689/922/332 694/927/332 687/920/348 
s 1085
f 689/922/332 692/925/349 694/927/332 
s 1086
f 695/928/349 694/927/332 692/925/349 
s 1087
f 695/928/349 692/925/349 693/926/348 
s 1088
f 696/929/350 697/930/350 698/931/351 
s 1089
f 697/930/350 696/929/350 699/932/336 
s 1090
f 700/933/336 699/932/336 696/929/350 
s 1091
f 700/933/336 698/931/351 699/932/336 
s 1092
f 701/934/351 699/932/336 698/931/351 
s 1093
f 701/934/351 698/931/351 697/930/350 
s 1094
f 697/930/350 702/935/350 701/934/351 
s 1095
f 702/935/350 697/930/350 703/936/336 
s 1096
f 699/932/336 703/936/336 697/930/350 
s 1097
f 699/932/336 701/934/351 703/936/336 
s 1098
f 704/937/351 703/936/336 701/934/351 
s 1099
f 704/937/351 701/934/351 702/935/350 
s 1100
f 705/938/352 706/939/353 707/940/354 
s 1101
f 708/941/355 707/940/354 706/939/353 
s 1102
f 707/940/354 708/941/355 709/942/330 
s 1103
f 710/943/296 709/942/330 708/941/355 
s 1104
f 709/942/330 710/943/296 705/944/300 
s 1105
f 706/945/301 705/944/300 710/943/296 
s 1106
f 710/943/296 711/946/297 706/945/301 
s 1107
f 712/947/302 706/945/301 711/946/297 
s 1108
f 712/947/302 711/946/297 713/948/303 
s 1109
f 714/949/356 713/948/303 711/946/297 
s 1110
f 713/948/303 714/949/356 715/950/278 
s 1111
f 708/941/355 716/951/357 710/943/296 
s 1112
f 711/946/297 710/943/296 716/951/357 
s 1113
f 711/946/297 716/951/357 714/949/356 
s 1114
f 717/952/358 714/949/356 716/951/357 
s 1115
f 714/949/356 717/952/358 718/953/359 
s 1116
f 719/954/360 718/953/359 717/952/358 
s 1117
f 718/953/359 719/954/360 720/955/361 
s 1118
f 721/956/362 720/955/361 719/954/360 
s 1119
f 720/955/361 721/956/362 722/957/363 
s 1120
f 723/958/364 722/957/363 721/956/362 
s 1121
f 722/957/363 723/958/364 724/959/365 
s 1122
f 725/960/366 724/959/365 723/958/364 
s 1123
f 725/960/366 723/958/364 726/961/367 
s 1124
f 727/962/368 726/961/367 723/958/364 
s 1125
f 718/953/359 715/950/278 714/949/356 
s 1126
f 715/950/278 718/953/359 728/963/6 
s 1127
f 720/955/361 728/963/6 718/953/359 
s 1128
f 728/963/6 720/955/361 727/964/281 
s 1129
f 722/957/363 727/964/281 720/955/361 
s 1130
f 727/964/281 722/957/363 726/965/267 
s 1131
f 724/959/365 726/965/267 722/957/363 
s 1132
f 724/959/365 729/966/320 726/965/267 
s 1133
f 724/959/365 725/960/366 729/966/320 
s 1134
f 730/967/369 729/966/320 725/960/366 
s 1135
f 731/968/370 732/969/371 730/967/369 
s 1136
f 729/966/320 730/967/369 732/969/371 
s 1137
f 729/966/320 732/969/371 733/970/266 
s 1138
f 733/970/266 726/965/267 729/966/320 
s 1139
f 734/971/268 733/970/266 732/969/371 
s 1140
f 725/960/366 726/961/367 730/967/369 
s 1141
f 733/972/372 730/967/369 726/961/367 
s 1142
f 733/972/372 734/973/322 730/967/369 
s 1143
f 731/968/370 730/967/369 734/973/322 
s 1144
f 734/973/322 735/974/344 731/968/370 
s 1145
f 736/975/345 731/968/370 735/974/344 
s 1146
f 731/968/370 736/975/345 732/969/371 
s 1147
f 737/976/373 732/969/371 736/975/345 
s 1148
f 732/969/371 737/976/373 734/971/268 
s 1149
f 735/977/276 734/971/268 737/976/373 
s 1150
f 723/958/364 721/956/362 727/962/368 
s 1151
f 728/978/374 727/962/368 721/956/362 
s 1152
f 721/956/362 719/954/360 728/978/374 
s 1153
f 715/979/311 728/978/374 719/954/360 
s 1154
f 719/954/360 717/952/358 715/979/311 
s 1155
f 713/980/375 715/979/311 717/952/358 
s 1156
f 713/980/375 717/952/358 712/981/325 
s 1157
f 716/951/357 712/981/325 717/952/358 
s 1158
f 712/981/325 716/951/357 706/939/353 
s 1159
f 708/941/355 706/939/353 716/951/357 
s 1160
f 738/982/314 739/983/313 740/984/298 
s 1161
f 741/985/295 740/984/298 739/983/313 
s 1162
f 740/984/298 741/985/295 742/986/299 
s 1163
f 743/987/296 742/986/299 741/985/295 
s 1164
f 742/986/299 743/987/296 738/988/300 
s 1165
f 739/989/301 738/988/300 743/987/296 
s 1166
f 743/987/296 744/990/297 739/989/301 
s 1167
f 745/991/302 739/989/301 744/990/297 
s 1168
f 745/991/302 744/990/297 746/992/303 
s 1169
f 747/993/279 746/992/303 744/990/297 
s 1170
f 746/992/303 747/993/279 748/994/278 
s 1171
f 741/985/295 749/995/293 743/987/296 
s 1172
f 744/990/297 743/987/296 749/995/293 
s 1173
f 744/990/297 749/995/293 747/993/279 
s 1174
f 750/996/312 747/993/279 749/995/293 
s 1175
f 747/993/279 750/996/312 751/997/277 
s 1176
f 752/998/376 751/997/277 750/996/312 
s 1177
f 751/997/277 752/998/376 753/999/280 
s 1178
f 754/1000/377 753/999/280 752/998/376 
s 1179
f 753/999/280 754/1000/377 755/1001/282 
s 1180
f 756/1002/378 755/1001/282 754/1000/377 
s 1181
f 755/1001/282 756/1002/378 757/1003/283 
s 1182
f 758/1004/306 757/1003/283 756/1002/378 
s 1183
f 758/1004/306 756/1002/378 759/1005/379 
s 1184
f 760/1006/285 759/1005/379 756/1002/378 
s 1185
f 751/997/277 748/994/278 747/993/279 
s 1186
f 748/994/278 751/997/277 761/1007/6 
s 1187
f 753/999/280 761/1007/6 751/997/277 
s 1188
f 761/1007/6 753/999/280 760/1008/281 
s 1189
f 755/1001/282 760/1008/281 753/999/280 
s 1190
f 760/1008/281 755/1001/282 759/1009/267 
s 1191
f 757/1003/283 759/1009/267 755/1001/282 
s 1192
f 757/1003/283 762/1010/265 759/1009/267 
s 1193
f 757/1003/283 758/1004/306 762/1010/265 
s 1194
f 763/1011/380 762/1010/265 758/1004/306 
s 1195
f 764/1012/305 765/1013/263 763/1011/380 
s 1196
f 762/1010/265 763/1011/380 765/1013/263 
s 1197
f 762/1010/265 765/1013/263 766/1014/266 
s 1198
f 766/1014/266 759/1009/267 762/1010/265 
s 1199
f 767/1015/268 766/1014/266 765/1013/263 
s 1200
f 758/1004/306 759/1005/379 763/1011/380 
s 1201
f 766/1016/307 763/1011/380 759/1005/379 
s 1202
f 766/1016/307 767/1017/308 763/1011/380 
s 1203
f 764/1012/305 763/1011/380 767/1017/308 
s 1204
f 767/1017/308 768/1018/273 764/1012/305 
s 1205
f 769/1019/274 764/1012/305 768/1018/273 
s 1206
f 764/1012/305 769/1019/274 765/1013/263 
s 1207
f 770/1020/275 765/1013/263 769/1019/274 
s 1208
f 765/1013/263 770/1020/275 767/1015/268 
s 1209
f 768/1021/276 767/1015/268 770/1020/275 
s 1210
f 771/1022/381 772/1023/382 773/1024/383 
s 1211
f 774/1025/384 773/1024/383 772/1023/382 
s 1212
f 772/1023/382 775/1026/385 774/1025/384 
s 1213
f 776/1027/386 774/1025/384 775/1026/385 
s 1214
f 774/1025/384 776/1027/386 777/1028/387 
s 1215
f 778/1029/388 777/1028/387 776/1027/386 
s 1216
f 778/1029/388 775/1030/389 777/1028/387 
s 1217
f 772/1031/390 777/1028/387 775/1030/389 
s 1218
f 772/1031/390 771/1032/391 777/1028/387 
s 1219
f 779/1033/392 777/1028/387 771/1032/391 
s 1220
f 779/1033/392 773/1024/383 777/1028/387 
s 1221
f 774/1025/384 777/1028/387 773/1024/383 
s 1222
f 779/1034/393 771/1035/4 780/1036/393 
s 1223
f 781/1037/4 780/1036/393 771/1035/4 
s 1224
f 771/1035/4 773/1038/394 781/1037/4 
s 1225
f 782/1039/394 781/1037/4 773/1038/394 
s 1226
f 773/1038/394 779/1040/5 782/1039/394 
s 1227
f 780/1041/5 782/1039/394 779/1040/5 
s 1228
f 783/1042/395 784/1043/396 785/1044/395 
s 1229
f 786/1045/397 785/1044/395 784/1043/396 
s 1230
f 784/1043/396 787/1046/398 786/1045/397 
s 1231
f 788/1047/398 786/1045/397 787/1046/398 
s 1232
f 787/1046/398 783/1048/399 788/1047/398 
s 1233
f 785/1049/400 788/1047/398 783/1048/399 
s 1234
f 778/1050/395 776/1051/401 789/1052/395 
s 1235
f 790/1053/397 789/1052/395 776/1051/401 
s 1236
f 776/1051/401 775/1054/402 790/1053/397 
s 1237
f 791/1055/402 790/1053/397 775/1054/402 
s 1238
f 775/1054/402 778/1056/399 791/1055/402 
s 1239
f 789/1057/400 791/1055/402 778/1056/399 
s 1240
f 792/1058/403 793/1059/404 794/1060/405 
s 1241
f 795/1061/406 794/1060/405 793/1059/404 
s 1242
f 793/1059/404 796/1062/407 795/1061/406 
s 1243
f 797/1063/408 795/1061/406 796/1062/407 
s 1244
f 795/1061/406 797/1063/408 798/1064/409 
s 1245
f 799/1065/410 798/1064/409 797/1063/408 
s 1246
f 799/1065/410 796/1066/411 798/1064/409 
s 1247
f 793/1067/412 798/1064/409 796/1066/411 
s 1248
f 793/1067/412 792/1068/413 798/1064/409 
s 1249
f 800/1069/414 798/1064/409 792/1068/413 
s 1250
f 800/1069/414 794/1060/405 798/1064/409 
s 1251
f 795/1061/406 798/1064/409 794/1060/405 
s 1252
f 801/1070/415 802/1071/416 803/1072/405 
s 1253
f 804/1073/417 803/1072/405 802/1071/416 
s 1254
f 802/1071/416 805/1074/418 804/1073/417 
s 1255
f 806/1075/408 804/1073/417 805/1074/418 
s 1256
f 804/1073/417 806/1075/408 807/1076/409 
s 1257
f 808/1077/410 807/1076/409 806/1075/408 
s 1258
f 808/1077/410 805/1078/411 807/1076/409 
s 1259
f 802/1079/412 807/1076/409 805/1078/411 
s 1260
f 802/1079/412 801/1080/413 807/1076/409 
s 1261
f 809/1081/414 807/1076/409 801/1080/413 
s 1262
f 809/1081/414 803/1072/405 807/1076/409 
s 1263
f 804/1073/417 807/1076/409 803/1072/405 
s 1264
f 810/1082/419 801/1083/419 811/1084/420 
s 1265
f 803/1085/421 811/1084/420 801/1083/419 
s 1266
f 811/1084/420 803/1085/421 812/1086/422 
s 1267
f 809/1087/423 812/1086/422 803/1085/421 
s 1268
f 812/1086/422 809/1087/423 810/1088/424 
s 1269
f 801/1089/424 810/1088/424 809/1087/423 
s 1270
f 813/1090/424 800/1091/424 814/1092/425 
s 1271
f 792/1093/425 814/1092/425 800/1091/424 
s 1272
f 814/1092/425 792/1093/425 815/1094/420 
s 1273
f 794/1095/421 815/1094/420 792/1093/425 
s 1274
f 815/1094/420 794/1095/421 813/1096/4 
s 1275
f 800/1097/4 813/1096/4 794/1095/421 
s 1276
f 816/1098/5 817/1099/5 818/1100/426 
s 1277
f 819/1101/427 818/1100/426 817/1099/5 
s 1278
f 818/1100/426 819/1101/427 820/1102/4 
s 1279
f 821/1103/4 820/1102/4 819/1101/427 
s 1280
f 820/1102/4 821/1103/4 816/1104/428 
s 1281
f 817/1105/428 816/1104/428 821/1103/4 
s 1282
f 822/1106/5 823/1107/5 824/1108/426 
s 1283
f 825/1109/427 824/1108/426 823/1107/5 
s 1284
f 824/1108/426 825/1109/427 826/1110/429 
s 1285
f 827/1111/4 826/1110/429 825/1109/427 
s 1286
f 826/1110/429 827/1111/4 822/1112/430 
s 1287
f 823/1113/430 822/1112/430 827/1111/4 
s 1288
f 828/1114/431 829/1115/431 830/1116/212 
s 1289
f 831/1117/212 830/1116/212 829/1115/431 
s 1290
f 830/1116/212 831/1117/212 832/1118/432 
s 1291
f 833/1119/432 832/1118/432 831/1117/212 
s 1292
f 832/1118/432 833/1119/432 828/1120/433 
s 1293
f 829/1121/433 828/1120/433 833/1119/432 
s 1294
f 834/1122/86 835/1123/86 836/1124/87 
s 1295
f 837/1125/87 836/1124/87 835/1123/86 
s 1296
f 836/1124/87 837/1125/87 838/1126/91 
s 1297
f 839/1127/91 838/1126/91 837/1125/87 
s 1298
f 838/1126/91 839/1127/91 834/1128/77 
s 1299
f 835/1129/77 834/1128/77 839/1127/91 
s 1300
f 840/1130/86 841/1131/86 842/1132/87 
s 1301
f 843/1133/87 842/1132/87 841/1131/86 
s 1302
f 842/1132/87 843/1133/87 844/1134/91 
s 1303
f 845/1135/91 844/1134/91 843/1133/87 
s 1304
f 844/1134/91 845/1135/91 840/1136/77 
s 1305
f 841/1137/77 840/1136/77 845/1135/91 
s 1306
f 846/1138/86 847/1139/86 848/1140/87 
s 1307
f 849/1141/87 848/1140/87 847/1139/86 
s 1308
f 848/1140/87 849/1141/87 850/1142/91 
s 1309
f 851/1143/91 850/1142/91 849/1141/87 
s 1310
f 850/1142/91 851/1143/91 846/1144/77 
s 1311
f 847/1145/77 846/1144/77 851/1143/91 
s 1312
f 852/1146/86 853/1147/86 854/1148/87 
s 1313
f 855/1149/87 854/1148/87 853/1147/86 
s 1314
f 854/1148/87 855/1149/87 856/1150/91 
s 1315
f 857/1151/91 856/1150/91 855/1149/87 
s 1316
f 856/1150/91 857/1151/91 852/1152/77 
s 1317
f 853/1153/77 852/1152/77 857/1151/91 
s 1318
f 858/1154/86 859/1155/86 860/1156/87 
s 1319
f 861/1157/87 860/1156/87 859/1155/86 
s 1320
f 860/1156/87 861/1157/87 862/1158/91 
s 1321
f 863/1159/91 862/1158/91 861/1157/87 
s 1322
f 862/1158/91 863/1159/91 858/1160/77 
s 1323
f 859/1161/77 858/1160/77 863/1159/91 
s 1324
f 864/1162/86 865/1163/86 866/1164/87 
s 1325
f 867/1165/87 866/1164/87 865/1163/86 
s 1326
f 866/1164/87 867/1165/87 868/1166/434 
s 1327
f 869/1167/434 868/1166/434 867/1165/87 
s 1328
f 868/1166/434 869/1167/434 864/1168/435 
s 1329
f 865/1169/435 864/1168/435 869/1167/434 
s 1330
f 870/1170/86 871/1171/86 872/1172/87 
s 1331
f 873/1173/87 872/1172/87 871/1171/86 
s 1332
f 872/1172/87 873/1173/87 874/1174/91 
s 1333
f 875/1175/91 874/1174/91 873/1173/87 
s 1334
f 874/1174/91 875/1175/91 870/1176/77 
s 1335
f 871/1177/77 870/1176/77 875/1175/91 
s 1336
f 876/1178/431 877/1179/431 878/1180/212 
s 1337
f 879/1181/212 878/1180/212 877/1179/431 
s 1338
f 878/1180/212 879/1181/212 880/1182/91 
s 1339
f 881/1183/91 880/1182/91 879/1181/212 
s 1340
f 880/1182/91 881/1183/91 876/1184/77 
s 1341
f 877/1185/77 876/1184/77 881/1183/91 
s 1342
f 882/1186/436 883/1187/437 884/1188/438 
s 1343
f 885/1189/439 886/1190/440 887/1191/441 
s 1344
f 886/1190/440 885/1189/439 888/1192/442 
s 1345
f 889/1193/443 888/1192/442 885/1189/439 
s 1346
f 889/1193/443 887/1194/444 888/1192/442 
s 1347
f 883/1195/445 888/1192/442 887/1194/444 
s 1348
f 883/1195/445 882/1196/446 888/1192/442 
s 1349
f 890/1197/447 888/1192/442 882/1196/446 
s 1350
f 890/1197/447 884/1188/438 888/1192/442 
s 1351
f 886/1190/440 888/1192/442 884/1188/438 
s 1352
f 886/1190/440 884/1188/438 883/1187/437 
s 1353
f 883/1187/437 887/1191/441 886/1190/440 
s 1354
f 891/1198/6 892/1199/92 893/1200/6 
s 1355
f 894/1201/92 893/1200/6 892/1199/92 
s 1356
f 892/1199/92 895/1202/448 894/1201/92 
s 1357
f 896/1203/448 894/1201/92 895/1202/448 
s 1358
f 895/1202/448 891/1204/86 896/1203/448 
s 1359
f 893/1205/86 896/1203/448 891/1204/86 
s 1360
f 897/1206/90 898/1207/90 899/1208/90 
s 1361
f 900/1209/90 899/1208/90 898/1207/90 
s 1362
f 899/1210/6 900/1206/6 901/1211/6 
s 1363
f 902/1208/6 901/1211/6 900/1206/6 
s 1364
f 901/1207/77 902/1212/77 897/1209/77 
s 1365
f 898/1213/77 897/1209/77 902/1212/77 
s 1366
f 903/1214/6 904/1215/91 905/1216/6 
s 1367
f 906/1217/91 905/1216/6 904/1215/91 
s 1368
f 904/1215/91 907/1218/1 906/1217/91 
s 1369
f 908/1219/1 906/1217/91 907/1218/1 
s 1370
f 907/1218/1 903/1220/86 908/1219/1 
s 1371
f 905/1221/86 908/1219/1 903/1220/86 
s 1372
f 909/1222/6 910/1223/91 911/1224/6 
s 1373
f 912/1225/91 911/1224/6 910/1223/91 
s 1374
f 910/1223/91 913/1226/448 912/1225/91 
s 1375
f 914/1227/448 912/1225/91 913/1226/448 
s 1376
f 913/1226/448 909/1228/431 914/1227/448 
s 1377
f 911/1229/431 914/1227/448 909/1228/431 
s 1378
f 915/1230/6 916/1231/91 917/1232/6 
s 1379
f 918/1233/91 917/1232/6 916/1231/91 
s 1380
f 916/1231/91 919/1234/126 918/1233/91 
s 1381
f 920/1235/126 918/1233/91 919/1234/126 
s 1382
f 919/1234/126 915/1236/449 920/1235/126 
s 1383
f 917/1237/449 920/1235/126 915/1236/449 
s 1384
f 921/1238/6 922/1239/91 923/1240/6 
s 1385
f 924/1241/91 923/1240/6 922/1239/91 
s 1386
f 922/1239/91 925/1242/126 924/1241/91 
s 1387
f 926/1243/126 924/1241/91 925/1242/126 
s 1388
f 925/1242/126 921/1244/449 926/1243/126 
s 1389
f 923/1245/449 926/1243/126 921/1244/449 
s 1390
f 927/1246/6 928/1247/91 929/1248/6 
s 1391
f 930/1249/91 929/1248/6 928/1247/91 
s 1392
f 928/1247/91 931/1250/126 930/1249/91 
s 1393
f 932/1251/126 930/1249/91 931/1250/126 
s 1394
f 931/1250/126 927/1252/449 932/1251/126 
s 1395
f 929/1253/449 932/1251/126 927/1252/449 
s 1396
f 933/1254/6 934/1255/91 935/1256/6 
s 1397
f 936/1257/91 935/1256/6 934/1255/91 
s 1398
f 934/1255/91 937/1258/126 936/1257/91 
s 1399
f 938/1259/126 936/1257/91 937/1258/126 
s 1400
f 937/1258/126 933/1260/449 938/1259/126 
s 1401
f 935/1261/449 938/1259/126 933/1260/449 
s 1402
f 939/1262/90 940/1263/90 941/1264/90 
s 1403
f 942/1265/90 941/1264/90 940/1263/90 
s 1404
f 941/1266/6 942/1262/6 943/1267/6 
s 1405
f 944/1264/6 943/1267/6 942/1262/6 
s 1406
f 943/1263/77 944/1268/77 939/1265/77 
s 1407
f 940/1269/77 939/1265/77 944/1268/77 
s 1408
f 945/1270/90 946/1271/90 947/1272/90 
s 1409
f 948/1273/90 947/1272/90 946/1271/90 
s 1410
f 947/1274/6 948/1270/6 949/1275/6 
s 1411
f 950/1272/6 949/1275/6 948/1270/6 
s 1412
f 949/1271/433 950/1276/433 945/1273/433 
s 1413
f 946/1277/433 945/1273/433 950/1276/433 
s 1414
f 951/1278/6 952/1279/432 953/1280/6 
s 1415
f 954/1281/432 953/1280/6 952/1279/432 
s 1416
f 952/1279/432 955/1282/450 954/1281/432 
s 1417
f 956/1283/450 954/1281/432 955/1282/450 
s 1418
f 955/1282/450 951/1284/451 956/1283/450 
s 1419
f 953/1285/451 956/1283/450 951/1284/451 
s 1420
f 957/1286/90 958/1287/90 959/1288/90 
s 1421
f 960/1289/90 959/1288/90 958/1287/90 
s 1422
f 959/1290/6 960/1286/6 961/1291/6 
s 1423
f 962/1288/6 961/1291/6 960/1286/6 
s 1424
f 961/1287/433 962/1292/433 957/1289/433 
s 1425
f 958/1293/433 957/1289/433 962/1292/433 
s 1426
f 963/1294/431 964/1295/431 965/1296/431 
s 1427
f 966/1297/431 965/1296/431 964/1295/431 
s 1428
f 965/1298/6 966/1294/6 967/1299/6 
s 1429
f 968/1296/6 967/1299/6 966/1294/6 
s 1430
f 967/1295/89 968/1300/89 963/1297/89 
s 1431
f 964/1301/89 963/1297/89 968/1300/89 
s 1432
f 969/1302/6 970/1303/452 971/1304/6 
s 1433
f 972/1305/453 971/1304/6 970/1303/452 
s 1434
f 970/1303/452 973/1306/454 972/1305/453 
s 1435
f 974/1307/377 972/1305/453 973/1306/454 
s 1436
f 973/1306/454 969/1308/455 974/1307/377 
s 1437
f 971/1309/456 974/1307/377 969/1308/455 
s 1438
f 975/1310/6 976/1311/452 977/1312/6 
s 1439
f 978/1313/453 977/1312/6 976/1311/452 
s 1440
f 976/1311/452 979/1314/454 978/1313/453 
s 1441
f 980/1315/377 978/1313/453 979/1314/454 
s 1442
f 979/1314/454 975/1316/455 980/1315/377 
s 1443
f 977/1317/456 980/1315/377 975/1316/455 
s 1444
f 981/1318/6 982/1319/452 983/1320/6 
s 1445
f 984/1321/457 983/1320/6 982/1319/452 
s 1446
f 982/1319/452 985/1322/454 984/1321/457 
s 1447
f 986/1323/458 984/1321/457 985/1322/454 
s 1448
f 985/1322/454 981/1324/455 986/1323/458 
s 1449
f 983/1325/456 986/1323/458 981/1324/455 
s 1450
f 987/1326/6 988/1327/452 989/1328/6 
s 1451
f 990/1329/457 989/1328/6 988/1327/452 
s 1452
f 988/1327/452 991/1330/454 990/1329/457 
s 1453
f 992/1331/458 990/1329/457 991/1330/454 
s 1454
f 991/1330/454 987/1332/455 992/1331/458 
s 1455
f 989/1333/456 992/1331/458 987/1332/455 
s 1456
f 993/1334/6 994/1335/91 995/1336/6 
s 1457
f 996/1337/91 995/1336/6 994/1335/91 
s 1458
f 994/1335/91 997/1338/126 996/1337/91 
s 1459
f 998/1339/126 996/1337/91 997/1338/126 
s 1460
f 997/1338/126 993/1340/449 998/1339/126 
s 1461
f 995/1341/449 998/1339/126 993/1340/449 
s 1462
f 999/1342/6 1000/1343/88 1001/1344/6 
s 1463
f 1002/1345/88 1001/1344/6 1000/1343/88 
s 1464
f 1000/1343/88 1003/1346/95 1002/1345/88 
s 1465
f 1004/1347/95 1002/1345/88 1003/1346/95 
s 1466
f 1003/1346/95 999/1348/86 1004/1347/95 
s 1467
f 1001/1349/86 1004/1347/95 999/1348/86 
s 1468
f 1005/1350/6 1006/1351/88 1007/1352/6 
s 1469
f 1008/1353/88 1007/1352/6 1006/1351/88 
s 1470
f 1006/1351/88 1009/1354/95 1008/1353/88 
s 1471
f 1010/1355/95 1008/1353/88 1009/1354/95 
s 1472
f 1009/1354/95 1005/1356/86 1010/1355/95 
s 1473
f 1007/1357/86 1010/1355/95 1005/1356/86 
s 1474
f 1011/1358/6 1012/1359/91 1013/1360/6 
s 1475
f 1014/1361/91 1013/1360/6 1012/1359/91 
s 1476
f 1012/1359/91 1015/1362/1 1014/1361/91 
s 1477
f 1016/1363/93 1014/1361/91 1015/1362/1 
s 1478
f 1015/1362/1 1011/1364/86 1016/1363/93 
s 1479
f 1013/1365/86 1016/1363/93 1011/1364/86 
s 1480
f 1017/1366/6 1018/1367/91 1019/1368/6 
s 1481
f 1020/1369/91 1019/1368/6 1018/1367/91 
s 1482
f 1018/1367/91 1021/1370/1 1020/1369/91 
s 1483
f 1022/1371/93 1020/1369/91 1021/1370/1 
s 1484
f 1021/1370/1 1017/1372/86 1022/1371/93 
s 1485
f 1019/1373/86 1022/1371/93 1017/1372/86 
s 1486
f 1023/1374/77 1024/1375/77 1025/1376/448 
s 1487
f 1026/1377/448 1025/1376/448 1024/1375/77 
s 1488
f 1025/1376/448 1026/1377/448 1027/1378/212 
s 1489
f 1028/1379/212 1027/1378/212 1026/1377/448 
s 1490
f 1027/1378/212 1028/1379/212 1023/1380/6 
s 1491
f 1024/1381/6 1023/1380/6 1028/1379/212 
s 1492
f 1029/1382/436 1030/1383/437 1031/1384/438 
s 1493
f 1032/1385/439 1033/1386/459 1034/1387/441 
s 1494
f 1033/1386/459 1032/1385/439 1035/1388/460 
s 1495
f 1036/1389/461 1035/1388/460 1032/1385/439 
s 1496
f 1036/1389/461 1034/1390/444 1035/1388/460 
s 1497
f 1030/1391/445 1035/1388/460 1034/1390/444 
s 1498
f 1030/1391/445 1029/1392/446 1035/1388/460 
s 1499
f 1037/1393/447 1035/1388/460 1029/1392/446 
s 1500
f 1037/1393/447 1031/1384/438 1035/1388/460 
s 1501
f 1033/1386/459 1035/1388/460 1031/1384/438 
s 1502
f 1033/1386/459 1031/1384/438 1030/1383/437 
s 1503
f 1030/1383/437 1034/1387/441 1033/1386/459 
s 1504
f 1038/1394/94 1039/1395/94 1040/1396/94 
s 1505
f 1041/1397/94 1040/1396/94 1039/1395/94 
s 1506
f 1042/1396/6 1038/1397/6 1043/1398/6 
s 1507
f 1040/1399/6 1043/1398/6 1038/1397/6 
s 1508
f 1039/1400/86 1042/1401/86 1041/1394/86 
s 1509
f 1043/1395/86 1041/1394/86 1042/1401/86 
s 1510
f 1044/1402/77 1045/1403/77 1046/1404/1 
s 1511
f 1047/1405/1 1046/1404/1 1045/1403/77 
s 1512
f 1046/1404/1 1047/1405/1 1048/1406/87 
s 1513
f 1049/1407/87 1048/1406/87 1047/1405/1 
s 1514
f 1048/1406/87 1049/1407/87 1044/1408/6 
s 1515
f 1045/1409/6 1044/1408/6 1049/1407/87 
s 1516
f 1050/1410/462 1051/1411/462 1052/1412/463 
s 1517
f 1053/1413/463 1052/1412/463 1051/1411/462 
s 1518
f 1052/1412/463 1053/1413/463 1054/1414/1 
s 1519
f 1055/1415/1 1054/1414/1 1053/1413/463 
s 1520
f 1054/1414/1 1055/1415/1 1056/1416/464 
s 1521
f 1057/1417/464 1056/1416/464 1055/1415/1 
s 1522
f 1056/1416/464 1057/1417/464 1058/1418/465 
s 1523
f 1059/1419/465 1058/1418/465 1057/1417/464 
s 1524
f 1060/1420/10 1061/1421/10 1062/1422/10 
s 1525
f 1060/1420/10 1062/1422/10 1063/1423/10 
s 1526
f 1064/1424/10 1063/1423/10 1062/1422/10 
s 1527
f 1064/1424/10 1065/1425/10 1063/1423/10 
s 1528
f 1066/1426/466 1067/1427/467 1068/1428/468 
s 1529
f 1061/1429/5 1067/1427/467 1062/1430/469 
s 1530
f 1066/1426/466 1062/1430/469 1067/1427/467 
s 1531
f 1062/1430/469 1066/1426/466 1064/1431/470 
s 1532
f 1069/1432/471 1064/1431/470 1066/1426/466 
s 1533
f 1069/1432/471 1070/1433/472 1064/1431/470 
s 1534
f 1071/1434/473 1070/1433/472 1069/1432/471 
s 1535
f 1065/1435/5 1064/1431/470 1070/1433/472 
s 1536
f 1072/1436/474 1073/1437/474 1060/1438/474 
s 1537
f 1074/1439/77 1075/1440/77 1076/1441/1 
s 1538
f 1077/1442/1 1076/1441/1 1075/1440/77 
s 1539
f 1076/1441/1 1077/1442/1 1078/1443/87 
s 1540
f 1079/1444/87 1078/1443/87 1077/1442/1 
s 1541
f 1078/1443/87 1079/1444/87 1074/1445/6 
s 1542
f 1075/1446/6 1074/1445/6 1079/1444/87 
s 1543
f 1063/1447/475 1080/1448/475 1081/1449/475 
s 1544
f 1082/1450/89 1083/1451/89 1084/1452/211 
s 1545
f 1085/1453/211 1084/1452/211 1083/1451/89 
s 1546
f 1084/1452/211 1085/1453/211 1086/1454/212 
s 1547
f 1087/1455/212 1086/1454/212 1085/1453/211 
s 1548
f 1086/1454/212 1087/1455/212 1082/1456/6 
s 1549
f 1083/1457/6 1082/1456/6 1087/1455/212 
s 1550
f 1088/1458/7 1089/1459/7 1090/1460/7 
s 1551
f 1091/1461/7 1090/1460/7 1089/1459/7 
s 1552
f 1090/1460/7 1091/1461/7 1092/1462/7 
s 1553
f 1093/1463/7 1092/1462/7 1091/1461/7 
s 1554
f 1093/1463/7 1094/1464/7 1092/1462/7 
s 1555
f 1095/1465/7 1092/1462/7 1094/1464/7 
s 1556
f 1094/1464/7 1096/1466/7 1095/1465/7 
s 1557
f 1097/1467/7 1095/1465/7 1096/1466/7 
s 1558
f 1096/1466/7 1098/1468/7 1097/1467/7 
s 1559
f 1099/1469/7 1097/1467/7 1098/1468/7 
s 1560
f 1098/1468/7 1100/1470/7 1099/1469/7 
s 1561
f 1101/1471/7 1099/1469/7 1100/1470/7 
s 1562
f 1100/1470/7 1102/1472/7 1101/1471/7 
s 1563
f 1103/1473/7 1101/1471/7 1102/1472/7 
s 1564
f 1103/1473/7 1102/1472/7 1104/1474/7 
s 1565
f 1105/1475/7 1104/1474/7 1102/1472/7 
s 1566
f 1106/1476/10 1107/1477/10 1108/1478/10 
s 1567
f 1109/1479/10 1108/1478/10 1107/1477/10 
s 1568
f 1108/1478/10 1109/1479/10 1110/1480/10 
s 1569
f 1111/1481/10 1110/1480/10 1109/1479/10 
s 1570
f 1111/1481/10 1112/1482/10 1110/1480/10 
s 1571
f 1113/1483/10 1110/1480/10 1112/1482/10 
s 1572
f 1112/1482/10 1114/1484/10 1113/1483/10 
s 1573
f 1115/1485/10 1113/1483/10 1114/1484/10 
s 1574
f 1114/1484/10 1116/1486/10 1115/1485/10 
s 1575
f 1117/1487/10 1115/1485/10 1116/1486/10 
s 1576
f 1116/1486/10 1118/1488/10 1117/1487/10 
s 1577
f 1119/1489/10 1117/1487/10 1118/1488/10 
s 1578
f 1118/1488/10 1120/1490/10 1119/1489/10 
s 1579
f 1121/1491/10 1119/1489/10 1120/1490/10 
s 1580
f 1121/1491/10 1120/1490/10 1122/1492/10 
s 1581
f 1123/1493/10 1122/1492/10 1120/1490/10 
s 1582
f 1124/1433/467 1125/1434/468 1126/1432/466 
s 1583
f 1127/1435/5 1124/1433/467 1128/1431/469 
s 1584
f 1126/1432/466 1128/1431/469 1124/1433/467 
s 1585
f 1126/1432/466 1129/1426/471 1128/1431/469 
s 1586
f 1130/1430/470 1128/1431/469 1129/1426/471 
s 1587
f 1129/1426/471 1131/1427/472 1130/1430/470 
s 1588
f 1132/1429/5 1130/1430/470 1131/1427/472 
s 1589
f 1131/1427/472 1129/1426/471 1133/1428/473 
s 1590
f 1134/1494/89 1135/1495/89 1136/1496/211 
s 1591
f 1137/1497/211 1136/1496/211 1135/1495/89 
s 1592
f 1136/1496/211 1137/1497/211 1138/1498/212 
s 1593
f 1139/1499/212 1138/1498/212 1137/1497/211 
s 1594
f 1138/1498/212 1139/1499/212 1134/1500/6 
s 1595
f 1135/1501/6 1134/1500/6 1139/1499/212 
s 1596
f 1126/1502/1 1125/1503/1 1140/1504/1 
s 1597
f 1141/1505/1 1140/1504/1 1125/1503/1 
s 1598
f 1142/1506/1 1140/1504/1 1141/1505/1 
s 1599
f 1142/1506/1 1143/1507/1 1140/1504/1 
s 1600
f 1144/1508/1 1140/1504/1 1143/1507/1 
s 1601
f 1145/1509/1 1142/1506/1 1146/1510/1 
s 1602
f 1141/1505/1 1146/1510/1 1142/1506/1 
s 1603
f 1132/1421/10 1147/1420/10 1130/1422/10 
s 1604
f 1128/1424/10 1130/1422/10 1148/1423/10 
s 1605
f 1147/1420/10 1148/1423/10 1130/1422/10 
s 1606
f 1127/1425/10 1128/1424/10 1148/1423/10 
s 1607
f 1149/1437/475 1150/1436/475 1147/1438/475 
s 1608
f 1151/1511/89 1152/1512/89 1153/1513/211 
s 1609
f 1154/1514/211 1153/1513/211 1152/1512/89 
s 1610
f 1153/1513/211 1154/1514/211 1155/1515/212 
s 1611
f 1156/1516/212 1155/1515/212 1154/1514/211 
s 1612
f 1155/1515/212 1156/1516/212 1151/1517/6 
s 1613
f 1152/1518/6 1151/1517/6 1156/1516/212 
s 1614
f 1157/1448/474 1148/1447/474 1158/1449/474 
s 1615
f 1159/1519/89 1160/1520/89 1161/1521/211 
s 1616
f 1162/1522/211 1161/1521/211 1160/1520/89 
s 1617
f 1161/1521/211 1162/1522/211 1163/1523/212 
s 1618
f 1164/1524/212 1163/1523/212 1162/1522/211 
s 1619
f 1163/1523/212 1164/1524/212 1159/1525/6 
s 1620
f 1160/1526/6 1159/1525/6 1164/1524/212 
s 1621
f 1165/1458/7 1166/1459/7 1167/1460/7 
s 1622
f 1168/1461/7 1167/1460/7 1166/1459/7 
s 1623
f 1167/1460/7 1168/1461/7 1169/1462/7 
s 1624
f 1170/1463/7 1169/1462/7 1168/1461/7 
s 1625
f 1170/1463/7 1171/1464/7 1169/1462/7 
s 1626
f 1172/1465/7 1169/1462/7 1171/1464/7 
s 1627
f 1171/1464/7 1173/1466/7 1172/1465/7 
s 1628
f 1174/1467/7 1172/1465/7 1173/1466/7 
s 1629
f 1173/1466/7 1175/1468/7 1174/1467/7 
s 1630
f 1176/1469/7 1174/1467/7 1175/1468/7 
s 1631
f 1175/1468/7 1177/1470/7 1176/1469/7 
s 1632
f 1178/1471/7 1176/1469/7 1177/1470/7 
s 1633
f 1177/1470/7 1179/1472/7 1178/1471/7 
s 1634
f 1180/1473/7 1178/1471/7 1179/1472/7 
s 1635
f 1180/1473/7 1179/1472/7 1181/1474/7 
s 1636
f 1182/1475/7 1181/1474/7 1179/1472/7 
s 1637
f 1183/1476/10 1184/1477/10 1185/1478/10 
s 1638
f 1186/1479/10 1185/1478/10 1184/1477/10 
s 1639
f 1185/1478/10 1186/1479/10 1187/1480/10 
s 1640
f 1188/1481/10 1187/1480/10 1186/1479/10 
s 1641
f 1188/1481/10 1189/1482/10 1187/1480/10 
s 1642
f 1190/1483/10 1187/1480/10 1189/1482/10 
s 1643
f 1189/1482/10 1191/1484/10 1190/1483/10 
s 1644
f 1192/1485/10 1190/1483/10 1191/1484/10 
s 1645
f 1191/1484/10 1193/1486/10 1192/1485/10 
s 1646
f 1194/1487/10 1192/1485/10 1193/1486/10 
s 1647
f 1193/1486/10 1195/1488/10 1194/1487/10 
s 1648
f 1196/1489/10 1194/1487/10 1195/1488/10 
s 1649
f 1195/1488/10 1197/1490/10 1196/1489/10 
s 1650
f 1198/1491/10 1196/1489/10 1197/1490/10 
s 1651
f 1198/1491/10 1197/1490/10 1199/1492/10 
s 1652
f 1200/1493/10 1199/1492/10 1197/1490/10 
s 1653
f 1201/1433/476 1202/1434/477 1203/1432/478 
s 1654
f 1204/1435/4 1201/1433/476 1205/1431/479 
s 1655
f 1203/1432/478 1205/1431/479 1201/1433/476 
s 1656
f 1203/1432/478 1206/1426/480 1205/1431/479 
s 1657
f 1207/1430/481 1205/1431/479 1206/1426/480 
s 1658
f 1206/1426/480 1208/1427/482 1207/1430/481 
s 1659
f 1209/1429/4 1207/1430/481 1208/1427/482 
s 1660
f 1208/1427/482 1206/1426/480 1210/1428/483 
s 1661
f 1211/1527/94 1212/1528/94 1213/1529/94 
s 1662
f 1214/1530/94 1213/1529/94 1212/1528/94 
s 1663
f 1215/1529/6 1211/1530/6 1216/1531/6 
s 1664
f 1213/1532/6 1216/1531/6 1211/1530/6 
s 1665
f 1212/1533/86 1215/1534/86 1214/1527/86 
s 1666
f 1216/1528/86 1214/1527/86 1215/1534/86 
s 1667
f 1217/1535/77 1218/1536/77 1219/1537/77 
s 1668
f 1220/1538/77 1219/1537/77 1218/1536/77 
s 1669
f 1221/1537/6 1217/1538/6 1222/1539/6 
s 1670
f 1219/1540/6 1222/1539/6 1217/1538/6 
s 1671
f 1218/1541/86 1221/1542/86 1220/1535/86 
s 1672
f 1222/1536/86 1220/1535/86 1221/1542/86 
s 1673
f 1223/1543/89 1224/1544/89 1225/1545/95 
s 1674
f 1226/1546/95 1225/1545/95 1224/1544/89 
s 1675
f 1225/1545/95 1226/1546/95 1227/1547/87 
s 1676
f 1228/1548/87 1227/1547/87 1226/1546/95 
s 1677
f 1227/1547/87 1228/1548/87 1223/1549/6 
s 1678
f 1224/1550/6 1223/1549/6 1228/1548/87 
s 1679
f 1203/1502/6 1202/1503/6 1229/1504/6 
s 1680
f 1230/1505/6 1229/1504/6 1202/1503/6 
s 1681
f 1231/1506/6 1229/1504/6 1230/1505/6 
s 1682
f 1231/1506/6 1232/1507/6 1229/1504/6 
s 1683
f 1233/1508/6 1229/1504/6 1232/1507/6 
s 1684
f 1234/1509/6 1231/1506/6 1235/1510/6 
s 1685
f 1230/1505/6 1235/1510/6 1231/1506/6 
s 1686
f 1209/1421/10 1236/1420/10 1207/1422/10 
s 1687
f 1205/1424/10 1207/1422/10 1237/1423/10 
s 1688
f 1236/1420/10 1237/1423/10 1207/1422/10 
s 1689
f 1204/1425/10 1205/1424/10 1237/1423/10 
s 1690
f 1238/1437/484 1239/1436/484 1236/1438/484 
s 1691
f 1240/1551/77 1241/1552/77 1242/1553/77 
s 1692
f 1243/1554/77 1242/1553/77 1241/1552/77 
s 1693
f 1244/1553/6 1240/1554/6 1245/1555/6 
s 1694
f 1242/1556/6 1245/1555/6 1240/1554/6 
s 1695
f 1241/1557/86 1244/1558/86 1243/1551/86 
s 1696
f 1245/1552/86 1243/1551/86 1244/1558/86 
s 1697
f 1246/1559/77 1247/1560/77 1248/1561/77 
s 1698
f 1249/1562/77 1248/1561/77 1247/1560/77 
s 1699
f 1250/1561/6 1246/1562/6 1251/1563/6 
s 1700
f 1248/1564/6 1251/1563/6 1246/1562/6 
s 1701
f 1247/1565/449 1250/1566/449 1249/1559/449 
s 1702
f 1251/1560/449 1249/1559/449 1250/1566/449 
s 1703
f 1252/1567/485 1253/1568/485 1254/1569/486 
s 1704
f 1255/1570/487 1254/1569/486 1253/1568/485 
s 1705
f 1254/1569/486 1255/1570/487 1256/1571/488 
s 1706
f 1257/1572/489 1256/1571/488 1255/1570/487 
s 1707
f 1256/1571/488 1257/1572/489 1252/1573/6 
s 1708
f 1253/1574/6 1252/1573/6 1257/1572/489 
s 1709
f 1258/1448/490 1237/1447/490 1259/1449/490 
s 1710
f 1260/1575/485 1261/1576/485 1262/1577/486 
s 1711
f 1263/1578/487 1262/1577/486 1261/1576/485 
s 1712
f 1262/1577/486 1263/1578/487 1264/1579/488 
s 1713
f 1265/1580/489 1264/1579/488 1263/1578/487 
s 1714
f 1264/1579/488 1265/1580/489 1260/1581/6 
s 1715
f 1261/1582/6 1260/1581/6 1265/1580/489 
s 1716
f 1266/1583/491 1267/1584/491 1268/1585/7 
s 1717
f 1269/1586/7 1268/1585/7 1267/1584/491 
s 1718
f 1268/1585/7 1269/1586/7 1270/1587/492 
s 1719
f 1271/1588/492 1270/1587/492 1269/1586/7 
s 1720
f 1270/1587/492 1271/1588/492 1272/1589/493 
s 1721
f 1273/1590/493 1272/1589/493 1271/1588/492 
s 1722
f 1272/1589/493 1273/1590/493 1274/1591/10 
s 1723
f 1275/1592/10 1274/1591/10 1273/1590/493 
s 1724
f 1274/1591/10 1275/1592/10 1276/1593/494 
s 1725
f 1277/1594/494 1276/1593/494 1275/1592/10 
s 1726
f 1277/1594/494 1267/1595/1 1276/1593/494 
s 1727
f 1266/1596/1 1276/1593/494 1267/1595/1 
s 1728
f 1278/1597/485 1279/1598/495 1280/1599/496 
s 1729
f 1281/1600/487 1280/1599/496 1279/1598/495 
s 1730
f 1280/1599/496 1281/1600/487 1282/1601/488 
s 1731
f 1283/1602/489 1282/1601/488 1281/1600/487 
s 1732
f 1282/1601/488 1283/1602/489 1278/1603/6 
s 1733
f 1279/1604/6 1278/1603/6 1283/1602/489 
s 1734
f 1284/1605/7 1285/1606/7 1286/1607/7 
s 1735
f 1285/1606/7 1287/1608/7 1286/1607/7 
s 1736
f 1288/1609/7 1286/1607/7 1287/1608/7 
s 1737
f 1287/1608/7 1289/1610/7 1288/1609/7 
s 1738
f 1290/1611/7 1288/1609/7 1289/1610/7 
s 1739
f 1291/1612/7 1290/1611/7 1289/1610/7 
s 1740
f 1292/1613/6 1287/1614/343 1293/1615/497 
s 1741
f 1285/1616/497 1293/1615/497 1287/1614/343 
s 1742
f 1293/1615/497 1285/1616/497 1294/1617/135 
s 1743
f 1284/1618/333 1294/1617/135 1285/1616/497 
s 1744
f 1294/1617/135 1284/1618/333 1295/1619/498 
s 1745
f 1286/1620/498 1295/1619/498 1284/1618/333 
s 1746
f 1295/1621/499 1286/1622/499 1296/1623/1 
s 1747
f 1288/1624/1 1296/1623/1 1286/1622/499 
s 1748
f 1296/1623/1 1288/1624/1 1297/1625/98 
s 1749
f 1290/1626/98 1297/1625/98 1288/1624/1 
s 1750
f 1297/1625/98 1290/1626/98 1298/1627/500 
s 1751
f 1291/1628/501 1298/1627/500 1290/1626/98 
s 1752
f 1298/1627/500 1291/1628/501 1299/1629/116 
s 1753
f 1289/1630/116 1299/1629/116 1291/1628/501 
s 1754
f 1299/1629/116 1289/1630/116 1292/1613/6 
s 1755
f 1287/1614/343 1292/1613/6 1289/1630/116 
s 1756
f 1300/1631/485 1301/1632/495 1302/1633/496 
s 1757
f 1303/1634/487 1302/1633/496 1301/1632/495 
s 1758
f 1302/1633/496 1303/1634/487 1304/1635/488 
s 1759
f 1305/1636/489 1304/1635/488 1303/1634/487 
s 1760
f 1304/1635/488 1305/1636/489 1300/1637/6 
s 1761
f 1301/1638/6 1300/1637/6 1305/1636/489 
s 1762
f 1306/1639/7 1307/1640/7 1308/1641/7 
s 1763
f 1309/1642/7 1308/1641/7 1307/1640/7 
s 1764
f 1309/1642/7 1310/1643/7 1308/1641/7 
s 1765
f 1311/1644/7 1308/1641/7 1310/1643/7 
s 1766
f 1310/1643/7 1312/1645/7 1311/1644/7 
s 1767
f 1313/1646/7 1311/1644/7 1312/1645/7 
s 1768
f 1314/1647/7 1315/1648/7 1316/1649/7 
s 1769
f 1317/1650/7 1316/1649/7 1315/1648/7 
s 1770
f 1317/1650/7 1315/1648/7 1318/1651/7 
s 1771
f 1319/1652/7 1318/1651/7 1315/1648/7 
s 1772
f 1318/1651/7 1319/1652/7 1320/1653/7 
s 1773
f 1321/1654/7 1320/1653/7 1319/1652/7 
s 1774
f 1320/1653/7 1321/1654/7 1322/1655/7 
s 1775
f 1323/1656/7 1322/1655/7 1321/1654/7 
s 1776
f 1322/1655/7 1323/1656/7 1306/1639/7 
s 1777
f 1307/1640/7 1306/1639/7 1323/1656/7 
s 1778
f 1324/1657/10 1325/1658/10 1326/1659/10 
s 1779
f 1327/1660/10 1326/1659/10 1325/1658/10 
s 1780
f 1327/1660/10 1328/1661/10 1326/1659/10 
s 1781
f 1329/1662/10 1326/1659/10 1328/1661/10 
s 1782
f 1328/1661/10 1330/1663/10 1329/1662/10 
s 1783
f 1331/1664/10 1329/1662/10 1330/1663/10 
s 1784
f 1332/1665/10 1333/1666/10 1334/1667/10 
s 1785
f 1335/1668/10 1334/1667/10 1333/1666/10 
s 1786
f 1335/1668/10 1333/1666/10 1336/1669/10 
s 1787
f 1337/1670/10 1336/1669/10 1333/1666/10 
s 1788
f 1336/1669/10 1337/1670/10 1338/1671/10 
s 1789
f 1339/1672/10 1338/1671/10 1337/1670/10 
s 1790
f 1338/1671/10 1339/1672/10 1340/1673/10 
s 1791
f 1341/1674/10 1340/1673/10 1339/1672/10 
s 1792
f 1340/1673/10 1341/1674/10 1324/1657/10 
s 1793
f 1325/1658/10 1324/1657/10 1341/1674/10 
s 1794
f 1337/1675/502 1309/1676/502 1339/1677/503 
s 1795
f 1307/1678/503 1339/1677/503 1309/1676/502 
s 1796
f 1339/1677/503 1307/1678/503 1341/1679/343 
s 1797
f 1323/1680/343 1341/1679/343 1307/1678/503 
s 1798
f 1341/1679/343 1323/1680/343 1325/1681/504 
s 1799
f 1321/1682/504 1325/1681/504 1323/1680/343 
s 1800
f 1325/1681/504 1321/1682/504 1327/1683/505 
s 1801
f 1319/1684/505 1327/1683/505 1321/1682/504 
s 1802
f 1342/1685/6 1343/1686/6 1344/1687/6 
s 1803
f 1345/1688/6 1344/1687/6 1343/1686/6 
s 1804
f 1344/1687/6 1345/1688/6 1346/1689/6 
s 1805
f 1345/1688/6 1347/1690/6 1346/1689/6 
s 1806
f 1348/1691/6 1346/1689/6 1347/1690/6 
s 1807
f 1346/1689/6 1348/1691/6 1349/1692/6 
s 1808
f 1350/1693/6 1349/1692/6 1348/1691/6 
s 1809
f 1349/1692/6 1350/1693/6 1351/1694/6 
s 1810
f 1352/1695/6 1351/1694/6 1350/1693/6 
s 1811
f 1351/1694/6 1352/1695/6 1345/1688/6 
s 1812
f 1347/1690/6 1345/1688/6 1352/1695/6 
s 1813
f 1346/1689/6 1353/1696/6 1344/1687/6 
s 1814
f 1354/1697/6 1344/1687/6 1353/1696/6 
s 1815
f 1355/1698/10 1356/1699/10 1357/1700/10 
s 1816
f 1355/1698/10 1357/1700/10 1358/1701/10 
s 1817
f 1359/1702/10 1358/1701/10 1357/1700/10 
s 1818
f 1359/1702/10 1360/1703/10 1358/1701/10 
s 1819
f 1342/1704/478 1361/1705/476 1343/1706/477 
s 1820
f 1356/1707/4 1361/1705/476 1357/1708/479 
s 1821
f 1342/1704/478 1357/1708/479 1361/1705/476 
s 1822
f 1357/1708/479 1342/1704/478 1359/1709/481 
s 1823
f 1362/1710/480 1359/1709/481 1342/1704/478 
s 1824
f 1362/1710/480 1363/1711/482 1359/1709/481 
s 1825
f 1364/1712/483 1363/1711/482 1362/1710/480 
s 1826
f 1360/1713/4 1359/1709/481 1363/1711/482 
s 1827
f 1365/1714/490 1366/1715/490 1355/1716/490 
s 1828
f 1367/1717/89 1368/1718/89 1369/1719/211 
s 1829
f 1370/1720/211 1369/1719/211 1368/1718/89 
s 1830
f 1369/1719/211 1370/1720/211 1371/1721/212 
s 1831
f 1372/1722/212 1371/1721/212 1370/1720/211 
s 1832
f 1371/1721/212 1372/1722/212 1367/1723/6 
s 1833
f 1368/1724/6 1367/1723/6 1372/1722/212 
s 1834
f 1358/1725/484 1373/1726/484 1374/1727/484 
s 1835
f 1375/1728/77 1376/1729/77 1377/1730/213 
s 1836
f 1378/1731/213 1377/1730/213 1376/1729/77 
s 1837
f 1377/1730/213 1378/1731/213 1379/1732/74 
s 1838
f 1380/1733/74 1379/1732/74 1378/1731/213 
s 1839
f 1379/1732/74 1380/1733/74 1375/1734/6 
s 1840
f 1376/1735/6 1375/1734/6 1380/1733/74 
s 1841
f 1381/1736/1 1382/1737/1 1383/1738/1 
s 1842
f 1384/1739/1 1383/1738/1 1382/1737/1 
s 1843
f 1383/1738/1 1384/1739/1 1385/1740/1 
s 1844
f 1386/1741/1 1385/1740/1 1384/1739/1 
s 1845
f 1387/1742/9 1388/1743/9 1389/1744/9 
s 1846
f 1389/1744/9 1390/1745/9 1387/1742/9 
s 1847
f 1391/1746/9 1387/1742/9 1390/1745/9 
s 1848
f 1392/1747/77 1393/1748/77 1394/1749/213 
s 1849
f 1395/1750/213 1394/1749/213 1393/1748/77 
s 1850
f 1394/1749/213 1395/1750/213 1396/1751/74 
s 1851
f 1397/1752/74 1396/1751/74 1395/1750/213 
s 1852
f 1396/1751/74 1397/1752/74 1392/1753/6 
s 1853
f 1393/1754/6 1392/1753/6 1397/1752/74 
s 1854
f 1398/1755/506 1399/1756/507 1400/1757/508 
s 1855
f 1399/1756/507 1398/1755/506 1401/1758/509 
s 1856
f 1402/1759/510 1401/1758/509 1398/1755/506 
s 1857
f 1401/1758/509 1402/1759/510 1403/1760/511 
s 1858
f 1404/1761/512 1403/1760/511 1402/1759/510 
s 1859
f 1403/1760/511 1404/1761/512 1405/1762/513 
s 1860
f 1400/1757/508 1405/1762/513 1404/1761/512 
s 1861
f 1405/1762/513 1400/1757/508 1399/1756/507 
s 1862
f 1406/1763/94 1407/1764/94 1408/1765/448 
s 1863
f 1409/1766/448 1408/1765/448 1407/1764/94 
s 1864
f 1408/1765/448 1409/1766/448 1410/1767/87 
s 1865
f 1411/1768/87 1410/1767/87 1409/1766/448 
s 1866
f 1410/1767/87 1411/1768/87 1406/1769/6 
s 1867
f 1407/1770/6 1406/1769/6 1411/1768/87 
s 1868
f 1412/1771/12 1413/1772/12 1414/1773/11 
s 1869
f 1413/1772/12 1412/1771/12 1415/1774/11 
s 1870
f 1398/1755/11 1415/1774/11 1412/1771/12 
s 1871
f 1415/1774/11 1398/1755/11 1416/1775/514 
s 1872
f 1400/1757/12 1416/1775/514 1398/1755/11 
s 1873
f 1416/1775/514 1400/1757/12 1417/1776/11 
s 1874
f 1414/1773/11 1417/1776/11 1400/1757/12 
s 1875
f 1417/1776/11 1414/1773/11 1413/1772/12 
s 1876
f 1418/1777/94 1419/1778/94 1420/1779/448 
s 1877
f 1421/1780/448 1420/1779/448 1419/1778/94 
s 1878
f 1420/1779/448 1421/1780/448 1422/1781/87 
s 1879
f 1423/1782/87 1422/1781/87 1421/1780/448 
s 1880
f 1422/1781/87 1423/1782/87 1418/1783/6 
s 1881
f 1419/1784/6 1418/1783/6 1423/1782/87 
s 1882
f 1424/1785/4 1414/1786/4 1425/1787/4 
s 1883
f 1400/1788/4 1425/1787/4 1414/1786/4 
s 1884
f 1425/1787/4 1400/1788/4 1426/1789/4 
s 1885
f 1404/1790/4 1426/1789/4 1400/1788/4 
s 1886
f 1427/1791/506 1428/1792/515 1429/1793/508 
s 1887
f 1428/1792/515 1427/1791/506 1430/1794/509 
s 1888
f 1431/1795/510 1430/1794/509 1427/1791/506 
s 1889
f 1430/1794/509 1431/1795/510 1432/1796/511 
s 1890
f 1433/1797/512 1432/1796/511 1431/1795/510 
s 1891
f 1432/1796/511 1433/1797/512 1434/1798/513 
s 1892
f 1429/1793/508 1434/1798/513 1433/1797/512 
s 1893
f 1434/1798/513 1429/1793/508 1428/1792/515 
s 1894
f 1435/1799/431 1436/1800/212 1437/1801/431 
s 1895
f 1438/1802/212 1437/1801/431 1436/1800/212 
s 1896
f 1436/1800/212 1439/1803/432 1438/1802/212 
s 1897
f 1440/1804/432 1438/1802/212 1439/1803/432 
s 1898
f 1439/1803/432 1435/1805/433 1440/1804/432 
s 1899
f 1437/1806/433 1440/1804/432 1435/1805/433 
s 1900
f 1441/1807/86 1442/1808/87 1443/1809/86 
s 1901
f 1444/1810/87 1443/1809/86 1442/1808/87 
s 1902
f 1442/1808/87 1445/1811/91 1444/1810/87 
s 1903
f 1446/1812/91 1444/1810/87 1445/1811/91 
s 1904
f 1445/1811/91 1441/1813/77 1446/1812/91 
s 1905
f 1443/1814/77 1446/1812/91 1441/1813/77 
s 1906
f 1447/1815/86 1448/1816/87 1449/1817/86 
s 1907
f 1450/1818/87 1449/1817/86 1448/1816/87 
s 1908
f 1448/1816/87 1451/1819/91 1450/1818/87 
s 1909
f 1452/1820/91 1450/1818/87 1451/1819/91 
s 1910
f 1451/1819/91 1447/1821/77 1452/1820/91 
s 1911
f 1449/1822/77 1452/1820/91 1447/1821/77 
s 1912
f 1453/1823/86 1454/1824/87 1455/1825/86 
s 1913
f 1456/1826/87 1455/1825/86 1454/1824/87 
s 1914
f 1454/1824/87 1457/1827/91 1456/1826/87 
s 1915
f 1458/1828/91 1456/1826/87 1457/1827/91 
s 1916
f 1457/1827/91 1453/1829/77 1458/1828/91 
s 1917
f 1455/1830/77 1458/1828/91 1453/1829/77 
s 1918
f 1459/1831/86 1460/1832/87 1461/1833/86 
s 1919
f 1462/1834/87 1461/1833/86 1460/1832/87 
s 1920
f 1460/1832/87 1463/1835/91 1462/1834/87 
s 1921
f 1464/1836/91 1462/1834/87 1463/1835/91 
s 1922
f 1463/1835/91 1459/1837/77 1464/1836/91 
s 1923
f 1461/1838/77 1464/1836/91 1459/1837/77 
s 1924
f 1465/1839/86 1466/1840/87 1467/1841/86 
s 1925
f 1468/1842/87 1467/1841/86 1466/1840/87 
s 1926
f 1466/1840/87 1469/1843/91 1468/1842/87 
s 1927
f 1470/1844/91 1468/1842/87 1469/1843/91 
s 1928
f 1469/1843/91 1465/1845/77 1470/1844/91 
s 1929
f 1467/1846/77 1470/1844/91 1465/1845/77 
s 1930
f 1471/1847/449 1472/1848/516 1473/1849/449 
s 1931
f 1474/1850/516 1473/1849/449 1472/1848/516 
s 1932
f 1472/1848/516 1475/1851/91 1474/1850/516 
s 1933
f 1476/1852/91 1474/1850/516 1475/1851/91 
s 1934
f 1475/1851/91 1471/1853/77 1476/1852/91 
s 1935
f 1473/1854/77 1476/1852/91 1471/1853/77 
s 1936
f 1477/1855/449 1478/1856/516 1479/1857/449 
s 1937
f 1480/1858/516 1479/1857/449 1478/1856/516 
s 1938
f 1478/1856/516 1481/1859/91 1480/1858/516 
s 1939
f 1482/1860/91 1480/1858/516 1481/1859/91 
s 1940
f 1481/1859/91 1477/1861/77 1482/1860/91 
s 1941
f 1479/1862/77 1482/1860/91 1477/1861/77 
s 1942
f 1483/1863/86 1484/1864/87 1485/1865/86 
s 1943
f 1486/1866/87 1485/1865/86 1484/1864/87 
s 1944
f 1484/1864/87 1487/1867/92 1486/1866/87 
s 1945
f 1488/1868/92 1486/1866/87 1487/1867/92 
s 1946
f 1487/1867/92 1483/1869/94 1488/1868/92 
s 1947
f 1485/1870/94 1488/1868/92 1483/1869/94 
s 1948
f 1489/1871/517 1490/1872/518 819/1873/519 
s 1949
f 821/1874/520 819/1873/519 1490/1872/518 
s 1950
f 1490/1872/518 1491/1875/521 821/1874/520 
s 1951
f 817/1876/522 821/1874/520 1491/1875/521 
s 1952
f 817/1876/522 1491/1875/521 819/1877/523 
s 1953
f 1489/1878/524 819/1877/523 1491/1875/521 
s 1954
f 1489/1878/524 1491/1875/521 1492/1879/525 
s 1955
f 1493/1880/526 1492/1879/525 1491/1875/521 
s 1956
f 1493/1880/526 1491/1875/521 1494/1881/527 
s 1957
f 1490/1872/518 1494/1881/527 1491/1875/521 
s 1958
f 1490/1872/518 1489/1871/517 1494/1881/527 
s 1959
f 1492/1882/528 1494/1881/527 1489/1871/517 
s 1960
f 820/1883/529 816/1884/530 1495/1885/531 
s 1961
f 1496/1886/532 1495/1885/531 816/1884/530 
s 1962
f 816/1884/530 818/1887/533 1496/1886/532 
s 1963
f 1497/1888/534 1496/1886/532 818/1887/533 
s 1964
f 818/1887/533 820/1889/535 1497/1888/534 
s 1965
f 1495/1890/536 1497/1888/534 820/1889/535 
s 1966
f 1495/1890/536 1498/1891/537 1497/1888/534 
s 1967
f 1499/1892/538 1497/1888/534 1498/1891/537 
s 1968
f 1497/1888/534 1499/1892/538 1496/1886/532 
s 1969
f 1500/1893/539 1496/1886/532 1499/1892/538 
s 1970
f 1500/1893/539 1498/1894/540 1496/1886/532 
s 1971
f 1495/1885/531 1496/1886/532 1498/1894/540 
s 1972
f 1494/1895/541 1501/1896/542 1493/1897/543 
s 1973
f 1502/1898/544 1493/1897/543 1501/1896/542 
s 1974
f 1493/1897/543 1502/1898/544 1492/1899/545 
s 1975
f 1503/1900/546 1492/1899/545 1502/1898/544 
s 1976
f 1492/1899/545 1503/1900/546 1494/1901/547 
s 1977
f 1501/1902/548 1494/1901/547 1503/1900/546 
s 1978
f 1504/1903/12 1505/1904/12 1506/1905/11 
s 1979
f 1505/1904/12 1504/1903/12 1507/1906/11 
s 1980
f 1427/1791/11 1507/1906/11 1504/1903/12 
s 1981
f 1507/1906/11 1427/1791/11 1508/1907/514 
s 1982
f 1429/1793/12 1508/1907/514 1427/1791/11 
s 1983
f 1508/1907/514 1429/1793/12 1509/1908/11 
s 1984
f 1506/1905/11 1509/1908/11 1429/1793/12 
s 1985
f 1509/1908/11 1506/1905/11 1505/1904/12 
s 1986
f 1510/1909/549 1511/1910/550 1498/1911/551 
s 1987
f 1499/1912/552 1498/1911/551 1511/1910/550 
s 1988
f 1499/1912/552 1511/1910/550 1500/1913/553 
s 1989
f 1512/1914/554 1500/1913/553 1511/1910/550 
s 1990
f 1500/1913/553 1512/1914/554 1498/1915/555 
s 1991
f 1510/1916/556 1498/1915/555 1512/1914/554 
s 1992
f 1513/1917/4 1506/1918/4 1514/1919/4 
s 1993
f 1429/1920/4 1514/1919/4 1506/1918/4 
s 1994
f 1514/1919/4 1429/1920/4 1515/1921/4 
s 1995
f 1433/1922/4 1515/1921/4 1429/1920/4 
s 1996
f 258/1923/6 272/1924/6 260/1925/6 
s 1997
f 272/1924/6 268/1926/6 260/1925/6 
s 1998
f 262/1927/6 260/1925/6 268/1926/6 
s 1999
f 264/1928/6 262/1927/6 268/1926/6 
s 2000
f 260/1925/6 262/1927/6 266/1929/6 
s 2001
f 270/1930/6 266/1929/6 262/1927/6 
s 2002
f 1516/1925/1 1517/1931/1 1518/1932/1 
s 2003
f 1519/1933/1 1516/1925/1 1520/1934/1 
s 2004
f 1521/1935/1 1520/1934/1 1516/1925/1 
s 2005
f 1516/1925/1 1518/1932/1 1521/1935/1 
s 2006
f 1522/1936/1 1521/1935/1 1518/1932/1 
s 2007
f 1522/1936/1 1523/1937/1 1521/1935/1 
s 2008
f 1524/1938/517 1525/1939/557 825/1940/519 
s 2009
f 827/1941/558 825/1940/519 1525/1939/557 
s 2010
f 1525/1939/557 1526/1942/559 827/1941/558 
s 2011
f 823/1943/560 827/1941/558 1526/1942/559 
s 2012
f 823/1943/560 1526/1942/559 825/1944/523 
s 2013
f 1524/1945/524 825/1944/523 1526/1942/559 
s 2014
f 1524/1945/524 1526/1942/559 1527/1946/525 
s 2015
f 1528/1947/526 1527/1946/525 1526/1942/559 
s 2016
f 1528/1947/526 1526/1942/559 1529/1948/527 
s 2017
f 1525/1939/557 1529/1948/527 1526/1942/559 
s 2018
f 1525/1939/557 1524/1938/517 1529/1948/527 
s 2019
f 1527/1949/528 1529/1948/527 1524/1938/517 
s 2020
f 826/1950/561 822/1951/562 1530/1952/531 
s 2021
f 1531/1953/532 1530/1952/531 822/1951/562 
s 2022
f 822/1951/562 824/1954/533 1531/1953/532 
s 2023
f 1532/1955/534 1531/1953/532 824/1954/533 
s 2024
f 824/1954/533 826/1956/535 1532/1955/534 
s 2025
f 1530/1957/536 1532/1955/534 826/1956/535 
s 2026
f 1530/1957/536 1533/1958/563 1532/1955/534 
s 2027
f 1534/1959/538 1532/1955/534 1533/1958/563 
s 2028
f 1532/1955/534 1534/1959/538 1531/1953/532 
s 2029
f 1535/1960/539 1531/1953/532 1534/1959/538 
s 2030
f 1535/1960/539 1533/1961/540 1531/1953/532 
s 2031
f 1530/1952/531 1531/1953/532 1533/1961/540 
s 2032
f 1529/1962/564 1536/1963/542 1528/1964/565 
s 2033
f 1537/1965/544 1528/1964/565 1536/1963/542 
s 2034
f 1528/1964/565 1537/1965/544 1527/1966/545 
s 2035
f 1538/1967/546 1527/1966/545 1537/1965/544 
s 2036
f 1527/1966/545 1538/1967/546 1529/1968/547 
s 2037
f 1536/1969/548 1529/1968/547 1538/1967/546 
s 2038
f 280/1925/6 278/1931/6 284/1932/6 
s 2039
f 286/1933/6 280/1925/6 282/1934/6 
s 2040
f 274/1935/6 282/1934/6 280/1925/6 
s 2041
f 280/1925/6 284/1932/6 274/1935/6 
s 2042
f 288/1936/6 274/1935/6 284/1932/6 
s 2043
f 288/1936/6 276/1937/6 274/1935/6 
s 2044
f 1539/1970/549 1540/1971/550 1533/1972/551 
s 2045
f 1534/1973/552 1533/1972/551 1540/1971/550 
s 2046
f 1534/1973/552 1540/1971/550 1535/1974/566 
s 2047
f 1541/1975/554 1535/1974/566 1540/1971/550 
s 2048
f 1535/1974/567 1541/1975/554 1533/1976/555 
s 2049
f 1539/1977/556 1533/1976/555 1541/1975/554 
s 2050
f 1542/1923/1 1543/1924/1 1544/1925/1 
s 2051
f 1543/1924/1 1545/1926/1 1544/1925/1 
s 2052
f 1546/1927/1 1544/1925/1 1545/1926/1 
s 2053
f 1547/1928/1 1546/1927/1 1545/1926/1 
s 2054
f 1544/1925/1 1546/1927/1 1548/1929/1 
s 2055
f 1549/1930/1 1548/1929/1 1546/1927/1 
s 2056
f 1550/1978/10 1551/1979/10 1552/1980/568 
s 2057
f 1553/1981/568 1552/1980/568 1551/1979/10 
s 2058
f 1552/1980/568 1553/1981/568 1554/1982/569 
s 2059
f 1555/1983/569 1554/1982/569 1553/1981/568 
s 2060
f 1554/1982/569 1555/1983/569 1556/1984/570 
s 2061
f 1557/1985/570 1556/1984/570 1555/1983/569 
s 2062
f 1556/1986/571 1557/1987/571 1558/1988/9 
s 2063
f 1559/1989/9 1558/1988/9 1557/1987/571 
s 2064
f 1558/1988/9 1559/1989/9 1560/1990/572 
s 2065
f 1561/1991/572 1560/1990/572 1559/1989/9 
s 2066
f 1560/1990/572 1561/1991/572 1562/1992/1 
s 2067
f 1563/1993/1 1562/1992/1 1561/1991/572 
s 2068
f 1562/1992/1 1563/1993/1 1564/1994/573 
s 2069
f 1565/1995/573 1564/1994/573 1563/1993/1 
s 2070
f 1564/1994/573 1565/1995/573 1550/1978/10 
s 2071
f 1551/1979/10 1550/1978/10 1565/1995/573 
s 2072
f 1566/1996/7 1567/1997/7 1568/1998/7 
s 2073
f 1567/1997/7 1566/1996/7 1569/1999/7 
s 2074
f 1570/2000/7 1569/1999/7 1566/1996/7 
s 2075
f 1569/1999/7 1570/2000/7 1571/2001/7 
s 2076
f 1572/2002/7 1571/2001/7 1570/2000/7 
s 2077
f 1571/2001/7 1572/2002/7 1573/2003/7 
s 2078
f 1568/1998/7 1573/2003/7 1572/2002/7 
s 2079
f 1573/2003/7 1568/1998/7 1567/1997/7 
s 2080
f 1574/2004/574 1575/2005/575 1576/2006/576 
s 2081
f 1577/2007/577 1576/2006/576 1575/2005/575 
s 2082
f 1575/2005/575 1578/2008/578 1577/2007/577 
s 2083
f 1579/2009/579 1577/2007/577 1578/2008/578 
s 2084
f 1579/2009/579 1580/2010/580 1577/2007/577 
s 2085
f 1581/2011/581 1577/2007/577 1580/2010/580 
s 2086
f 1580/2010/580 1578/2012/582 1581/2011/581 
s 2087
f 1575/2013/583 1581/2011/581 1578/2012/582 
s 2088
f 1575/2013/583 1574/2014/584 1581/2011/581 
s 2089
f 1582/2015/585 1581/2011/581 1574/2014/584 
s 2090
f 1581/2011/581 1582/2015/585 1577/2007/577 
s 2091
f 1576/2006/576 1577/2007/577 1582/2015/585 
s 2092
f 1583/2016/10 1584/2017/10 1585/2018/10 
s 2093
f 1584/2017/10 1583/2016/10 1586/2019/10 
s 2094
f 1587/2020/10 1586/2019/10 1583/2016/10 
s 2095
f 1586/2019/10 1587/2020/10 1588/2021/10 
s 2096
f 1589/2022/10 1588/2021/10 1587/2020/10 
s 2097
f 1588/2021/10 1589/2022/10 1590/2023/10 
s 2098
f 1585/2018/10 1590/2023/10 1589/2022/10 
s 2099
f 1590/2023/10 1585/2018/10 1584/2017/10 
s 2100
f 1591/2024/548 1592/2025/586 884/2026/587 
s 2101
f 882/2027/588 884/2026/587 1592/2025/586 
s 2102
f 1592/2025/586 1593/2028/589 882/2027/588 
s 2103
f 890/2029/590 882/2027/588 1593/2028/589 
s 2104
f 1593/2028/589 1591/2030/591 890/2029/590 
s 2105
f 884/2031/541 890/2029/590 1591/2030/591 
s 2106
f 1594/2032/556 1595/2033/592 1578/2034/593 
s 2107
f 1579/2035/594 1578/2034/593 1595/2033/592 
s 2108
f 1595/2033/592 1596/2036/595 1579/2035/594 
s 2109
f 1580/2037/596 1579/2035/594 1596/2036/595 
s 2110
f 1580/2037/596 1596/2036/595 1578/2038/597 
s 2111
f 1594/2039/549 1578/2038/597 1596/2036/595 
s 2112
f 1597/2040/4 1598/2041/4 1599/2042/4 
s 2113
f 1600/2043/4 1597/2040/4 1601/2044/4 
s 2114
f 1599/2042/4 1601/2044/4 1597/2040/4 
s 2115
f 1599/2042/4 1570/2045/4 1601/2044/4 
s 2116
f 1589/2046/4 1601/2044/4 1570/2045/4 
s 2117
f 1570/2045/4 1566/2047/4 1589/2046/4 
s 2118
f 1585/2048/4 1589/2046/4 1566/2047/4 
s 2119
f 1566/2047/4 1602/2049/4 1585/2048/4 
s 2120
f 1603/2050/4 1585/2048/4 1602/2049/4 
s 2121
f 1603/2050/4 1602/2049/4 1604/2051/4 
s 2122
f 1605/2052/4 1604/2051/4 1602/2049/4 
s 2123
f 1606/2053/4 1605/2052/4 1602/2049/4 
s 2124
f 1604/2051/4 1607/2054/4 1603/2050/4 
s 2125
f 889/2055/598 885/2056/5 1576/2057/598 
s 2126
f 1574/2058/5 1576/2057/598 885/2056/5 
s 2127
f 885/2056/5 887/2059/599 1574/2058/5 
s 2128
f 1582/2060/600 1574/2058/5 887/2059/599 
s 2129
f 887/2059/599 889/2061/4 1582/2060/600 
s 2130
f 1576/2062/4 1582/2060/600 889/2061/4 
s 2131
f 1608/2063/601 1609/2064/602 1610/2065/601 
s 2132
f 1611/2066/602 1610/2065/601 1609/2064/602 
s 2133
f 1609/2064/602 1612/2067/603 1611/2066/602 
s 2134
f 1613/2068/603 1611/2066/602 1612/2067/603 
s 2135
f 1613/2068/603 1612/2067/603 1059/1419/604 
s 2136
f 1058/1418/604 1059/1419/604 1612/2067/603 
s 2137
f 1614/2069/5 1615/2070/5 1616/2071/5 
s 2138
f 1617/2072/5 1614/2069/5 1618/2073/5 
s 2139
f 1616/2071/5 1618/2073/5 1614/2069/5 
s 2140
f 1616/2071/5 1587/2074/5 1618/2073/5 
s 2141
f 1572/2075/5 1618/2073/5 1587/2074/5 
s 2142
f 1587/2074/5 1583/2076/5 1572/2075/5 
s 2143
f 1568/2077/5 1572/2075/5 1583/2076/5 
s 2144
f 1583/2076/5 1619/2078/5 1568/2077/5 
s 2145
f 1620/2079/5 1568/2077/5 1619/2078/5 
s 2146
f 1620/2079/5 1619/2078/5 1621/2080/5 
s 2147
f 1622/2081/5 1621/2080/5 1619/2078/5 
s 2148
f 1623/2082/5 1622/2081/5 1619/2078/5 
s 2149
f 1621/2080/5 1624/2083/5 1620/2079/5 
s 2150
f 1625/2084/605 1626/2085/605 1627/2086/605 
s 2151
f 1628/2087/605 1627/2086/605 1626/2085/605 
s 2152
f 1629/1508/6 1630/1507/6 1631/1504/6 
s 2153
f 1626/1506/6 1631/1504/6 1630/1507/6 
s 2154
f 1069/1502/6 1631/1504/6 1071/1503/6 
s 2155
f 1632/1505/6 1071/1503/6 1631/1504/6 
s 2156
f 1631/1504/6 1626/1506/6 1632/1505/6 
s 2157
f 1632/1505/6 1626/1506/6 1633/1510/6 
s 2158
f 1625/1509/6 1633/1510/6 1626/1506/6 
s 2159
f 1634/2088/5 1617/2072/5 1618/2073/5 
s 2160
f 1631/2089/10 1069/2090/10 1635/2091/10 
s 2161
f 1066/2092/10 1635/2091/10 1069/2090/10 
s 2162
f 1636/2093/606 1637/2094/606 1638/2095/606 
s 2163
f 1639/2096/606 1638/2095/606 1637/2094/606 
s 2164
f 1068/2097/607 1067/2098/608 1072/2099/609 
s 2165
f 1073/2100/610 1072/2099/609 1067/2098/608 
s 2166
f 1081/2101/611 1080/2102/612 1071/2103/613 
s 2167
f 1070/2104/614 1071/2103/613 1080/2102/612 
s 2168
f 1073/2100/1 1067/2098/1 1060/2105/1 
s 2169
f 1061/2106/1 1060/2105/1 1067/2098/1 
s 2170
f 1081/2101/7 1071/2103/7 1072/2099/7 
s 2171
f 1068/2097/7 1072/2099/7 1071/2103/7 
s 2172
f 1063/2107/6 1065/2108/6 1080/2102/6 
s 2173
f 1070/2104/6 1080/2102/6 1065/2108/6 
s 2174
f 1071/1503/7 1632/1505/615 1068/2109/7 
s 2175
f 1640/2110/615 1068/2109/7 1632/1505/615 
s 2176
f 1640/2110/615 1632/1505/615 1641/2111/616 
s 2177
f 1633/1510/616 1641/2111/616 1632/1505/615 
s 2178
f 1642/2112/4 1600/2043/4 1601/2044/4 
s 2179
f 1063/1447/617 1081/1449/617 1060/1438/617 
s 2180
f 1072/1436/617 1060/1438/617 1081/1449/617 
s 2181
f 1643/2113/4 1644/2114/4 1645/2115/4 
s 2182
f 1646/2116/4 1645/2115/4 1644/2114/4 
s 2183
f 1644/2114/7 1647/2117/7 1646/2116/7 
s 2184
f 1648/2118/7 1646/2116/7 1647/2117/7 
s 2185
f 1647/2119/5 1649/2120/5 1648/2121/5 
s 2186
f 1650/2122/5 1648/2121/5 1649/2120/5 
s 2187
f 1649/2120/10 1643/2113/10 1650/2122/10 
s 2188
f 1645/2115/10 1650/2122/10 1643/2113/10 
s 2189
f 1651/2123/6 1652/2124/6 1653/2125/6 
s 2190
f 1654/2126/6 1653/2125/6 1652/2124/6 
s 2191
f 1655/2095/7 1651/2093/7 1144/2127/7 
s 2192
f 1653/2128/7 1144/2127/7 1651/2093/7 
s 2193
f 1656/2129/1 1655/2130/1 1143/1507/1 
s 2194
f 1144/1508/1 1143/1507/1 1655/2130/1 
s 2195
f 1652/2094/10 1656/2096/10 1654/2131/10 
s 2196
f 1143/2132/10 1654/2131/10 1656/2096/10 
s 2197
f 1654/2131/5 1143/2132/5 1657/2133/5 
s 2198
f 1142/2134/5 1657/2133/5 1143/2132/5 
s 2199
f 1653/2125/6 1654/2126/6 1658/2135/6 
s 2200
f 1657/2136/6 1658/2135/6 1654/2126/6 
s 2201
f 1129/2137/6 1658/2135/6 1133/2109/6 
s 2202
f 1659/2110/6 1133/2109/6 1658/2135/6 
s 2203
f 1659/2110/6 1658/2135/6 1657/2136/6 
s 2204
f 1659/2110/6 1657/2136/6 1646/2138/6 
s 2205
f 1645/2139/6 1646/2138/6 1657/2136/6 
s 2206
f 1657/2136/6 1660/2140/6 1645/2139/6 
s 2207
f 1650/2141/6 1645/2139/6 1660/2140/6 
s 2208
f 1660/2140/6 1661/2111/6 1650/2141/6 
s 2209
f 1648/2142/6 1650/2141/6 1661/2111/6 
s 2210
f 1661/2111/6 1659/2110/6 1648/2142/6 
s 2211
f 1646/2138/6 1648/2142/6 1659/2110/6 
s 2212
f 1144/2127/618 1653/2128/618 1140/2089/618 
s 2213
f 1658/2091/618 1140/2089/618 1653/2128/618 
s 2214
f 1662/1596/1 1663/1595/1 1664/1593/494 
s 2215
f 1665/1594/494 1664/1593/494 1663/1595/1 
s 2216
f 1665/1594/494 1666/1592/10 1664/1593/494 
s 2217
f 1667/1591/10 1664/1593/494 1666/1592/10 
s 2218
f 1666/1592/10 1668/1590/493 1667/1591/10 
s 2219
f 1669/1589/493 1667/1591/10 1668/1590/493 
s 2220
f 1668/1590/493 1670/1588/492 1669/1589/493 
s 2221
f 1671/1587/492 1669/1589/493 1670/1588/492 
s 2222
f 1670/1588/492 1672/1586/7 1671/1587/492 
s 2223
f 1673/1585/7 1671/1587/492 1672/1586/7 
s 2224
f 1672/1586/7 1663/1584/491 1673/1585/7 
s 2225
f 1662/1583/491 1673/1585/7 1663/1584/491 
s 2226
f 1110/2143/4 1101/2144/4 1108/2145/4 
s 2227
f 1103/2146/4 1108/2145/4 1101/2144/4 
s 2228
f 1092/2147/5 1119/2148/5 1090/2149/5 
s 2229
f 1121/2150/5 1090/2149/5 1119/2148/5 
s 2230
f 1674/2151/7 1675/2152/7 1676/2153/7 
s 2231
f 1674/2151/7 1676/2153/7 1677/2154/7 
s 2232
f 1678/2155/7 1677/2154/7 1676/2153/7 
s 2233
f 1677/2154/7 1678/2155/7 1679/2156/7 
s 2234
f 1680/2157/7 1679/2156/7 1678/2155/7 
s 2235
f 1680/2157/7 1681/2158/7 1679/2156/7 
s 2236
f 1682/2159/10 1683/2160/10 1684/2161/10 
s 2237
f 1682/2159/10 1684/2161/10 1685/2162/10 
s 2238
f 1686/2163/10 1685/2162/10 1684/2161/10 
s 2239
f 1685/2162/10 1686/2163/10 1687/2164/10 
s 2240
f 1688/2165/10 1687/2164/10 1686/2163/10 
s 2241
f 1688/2165/10 1689/2166/10 1687/2164/10 
s 2242
f 1675/2167/135 1674/2168/619 1689/2169/333 
s 2243
f 1687/2170/619 1689/2169/333 1674/2168/619 
s 2244
f 1674/2168/619 1677/2171/1 1687/2170/619 
s 2245
f 1685/2172/93 1687/2170/619 1677/2171/1 
s 2246
f 1677/2171/1 1679/2173/620 1685/2172/93 
s 2247
f 1682/2174/620 1685/2172/93 1679/2173/620 
s 2248
f 1679/2175/621 1681/2176/500 1682/2177/621 
s 2249
f 1683/2178/501 1682/2177/621 1681/2176/500 
s 2250
f 1681/2176/500 1680/2179/116 1683/2178/501 
s 2251
f 1684/2180/116 1683/2178/501 1680/2179/116 
s 2252
f 1680/2179/116 1678/2181/6 1684/2180/116 
s 2253
f 1686/2182/343 1684/2180/116 1678/2181/6 
s 2254
f 1678/2181/6 1676/2183/497 1686/2182/343 
s 2255
f 1688/2184/497 1686/2182/343 1676/2183/497 
s 2256
f 1676/2183/497 1675/2167/135 1688/2184/497 
s 2257
f 1689/2169/333 1688/2184/497 1675/2167/135 
s 2258
f 1093/1411/622 1091/2185/623 1118/1410/622 
s 2259
f 1120/2186/623 1118/1410/622 1091/2185/623 
s 2260
f 1120/2186/623 1091/2185/623 1123/2187/624 
s 2261
f 1089/2188/624 1123/2187/624 1091/2185/623 
s 2262
f 1123/2187/624 1089/2188/624 1122/2189/625 
s 2263
f 1088/2190/625 1122/2189/625 1089/2188/624 
s 2264
f 1690/2191/626 1691/2192/626 1692/2193/626 
s 2265
f 1111/1418/627 1109/2067/628 1100/1419/627 
s 2266
f 1102/2068/628 1100/1419/627 1109/2067/628 
s 2267
f 1102/2068/628 1109/2067/628 1105/2066/629 
s 2268
f 1107/2064/629 1105/2066/629 1109/2067/628 
s 2269
f 1105/2066/629 1107/2064/629 1104/2065/630 
s 2270
f 1106/2063/630 1104/2065/630 1107/2064/629 
s 2271
f 1690/2191/631 1693/2194/631 1691/2192/631 
s 2272
f 1100/1419/502 1098/1417/503 1111/1418/502 
s 2273
f 1112/1416/503 1111/1418/502 1098/1417/503 
s 2274
f 1098/1417/503 1096/1415/6 1112/1416/503 
s 2275
f 1114/1414/6 1112/1416/503 1096/1415/6 
s 2276
f 1096/1415/6 1094/1413/504 1114/1414/6 
s 2277
f 1116/1412/504 1114/1414/6 1094/1413/504 
s 2278
f 1094/1413/504 1093/1411/505 1116/1412/504 
s 2279
f 1118/1410/505 1116/1412/504 1093/1411/505 
s 2280
f 1657/2087/605 1142/2085/605 1660/2086/605 
s 2281
f 1145/2084/605 1660/2086/605 1142/2085/605 
s 2282
f 1129/2092/10 1126/2090/10 1658/2091/10 
s 2283
f 1140/2089/10 1658/2091/10 1126/2090/10 
s 2284
f 1656/2096/606 1652/2094/606 1655/2095/606 
s 2285
f 1651/2093/606 1655/2095/606 1652/2094/606 
s 2286
f 1149/2100/632 1131/2098/633 1150/2099/634 
s 2287
f 1133/2097/635 1150/2099/634 1131/2098/633 
s 2288
f 1124/2104/636 1157/2102/637 1125/2103/638 
s 2289
f 1158/2101/639 1125/2103/638 1157/2102/637 
s 2290
f 1132/2106/6 1131/2098/6 1147/2105/6 
s 2291
f 1149/2100/6 1147/2105/6 1131/2098/6 
s 2292
f 1133/2097/7 1125/2103/7 1150/2099/7 
s 2293
f 1158/2101/7 1150/2099/7 1125/2103/7 
s 2294
f 1124/2104/1 1127/2108/1 1157/2102/1 
s 2295
f 1148/2107/1 1157/2102/1 1127/2108/1 
s 2296
f 1146/1510/616 1141/1505/615 1661/2111/616 
s 2297
f 1659/2110/615 1661/2111/616 1141/1505/615 
s 2298
f 1659/2110/615 1141/1505/615 1133/2109/7 
s 2299
f 1125/1503/7 1133/2109/7 1141/1505/615 
s 2300
f 1694/2195/640 1695/2196/640 1696/2197/640 
s 2301
f 1150/1436/617 1158/1449/617 1147/1438/617 
s 2302
f 1148/1447/617 1147/1438/617 1158/1449/617 
s 2303
f 1697/2113/5 1698/2114/5 1699/2115/5 
s 2304
f 1700/2116/5 1699/2115/5 1698/2114/5 
s 2305
f 1698/2114/7 1701/2117/7 1700/2116/7 
s 2306
f 1702/2118/7 1700/2116/7 1701/2117/7 
s 2307
f 1701/2119/4 1703/2120/4 1702/2121/4 
s 2308
f 1704/2122/4 1702/2121/4 1703/2120/4 
s 2309
f 1703/2120/10 1697/2113/10 1704/2122/10 
s 2310
f 1699/2115/10 1704/2122/10 1697/2113/10 
s 2311
f 1705/2123/1 1706/2124/1 1707/2125/1 
s 2312
f 1708/2126/1 1707/2125/1 1706/2124/1 
s 2313
f 1709/2095/7 1705/2093/7 1233/2127/7 
s 2314
f 1707/2128/7 1233/2127/7 1705/2093/7 
s 2315
f 1710/2129/6 1709/2130/6 1232/1507/6 
s 2316
f 1233/1508/6 1232/1507/6 1709/2130/6 
s 2317
f 1706/2094/10 1710/2096/10 1708/2131/10 
s 2318
f 1232/2132/10 1708/2131/10 1710/2096/10 
s 2319
f 1708/2131/4 1232/2132/4 1711/2133/4 
s 2320
f 1231/2134/4 1711/2133/4 1232/2132/4 
s 2321
f 1707/2125/1 1708/2126/1 1712/2135/1 
s 2322
f 1711/2136/1 1712/2135/1 1708/2126/1 
s 2323
f 1206/2137/1 1712/2135/1 1210/2109/1 
s 2324
f 1713/2110/1 1210/2109/1 1712/2135/1 
s 2325
f 1713/2110/1 1712/2135/1 1711/2136/1 
s 2326
f 1713/2110/1 1711/2136/1 1700/2138/1 
s 2327
f 1699/2139/1 1700/2138/1 1711/2136/1 
s 2328
f 1711/2136/1 1714/2140/1 1699/2139/1 
s 2329
f 1704/2141/1 1699/2139/1 1714/2140/1 
s 2330
f 1714/2140/1 1715/2111/1 1704/2141/1 
s 2331
f 1702/2142/1 1704/2141/1 1715/2111/1 
s 2332
f 1715/2111/1 1713/2110/1 1702/2142/1 
s 2333
f 1700/2138/1 1702/2142/1 1713/2110/1 
s 2334
f 1233/2127/641 1707/2128/641 1229/2089/641 
s 2335
f 1712/2091/641 1229/2089/641 1707/2128/641 
s 2336
f 1716/1596/6 1717/1595/6 1718/1593/493 
s 2337
f 1719/1594/493 1718/1593/493 1717/1595/6 
s 2338
f 1719/1594/493 1720/1592/11 1718/1593/493 
s 2339
f 1721/1591/11 1718/1593/493 1720/1592/11 
s 2340
f 1720/1592/11 1722/1590/494 1721/1591/11 
s 2341
f 1723/1589/494 1721/1591/11 1722/1590/494 
s 2342
f 1722/1590/494 1724/1588/642 1723/1589/494 
s 2343
f 1725/1587/642 1723/1589/494 1724/1588/642 
s 2344
f 1724/1588/642 1726/1586/7 1725/1587/642 
s 2345
f 1727/1585/7 1725/1587/642 1726/1586/7 
s 2346
f 1726/1586/7 1717/1584/643 1727/1585/7 
s 2347
f 1716/1583/643 1727/1585/7 1717/1584/643 
s 2348
f 1187/2143/5 1178/2144/5 1185/2145/5 
s 2349
f 1180/2146/5 1185/2145/5 1178/2144/5 
s 2350
f 1169/2147/4 1196/2148/4 1167/2149/4 
s 2351
f 1198/2150/4 1167/2149/4 1196/2148/4 
s 2352
f 1728/2151/7 1729/2152/7 1730/2153/7 
s 2353
f 1728/2151/7 1730/2153/7 1731/2154/7 
s 2354
f 1732/2155/7 1731/2154/7 1730/2153/7 
s 2355
f 1731/2154/7 1732/2155/7 1733/2156/7 
s 2356
f 1734/2157/7 1733/2156/7 1732/2155/7 
s 2357
f 1734/2157/7 1735/2158/7 1733/2156/7 
s 2358
f 1736/2159/10 1737/2160/10 1738/2161/10 
s 2359
f 1736/2159/10 1738/2161/10 1739/2162/10 
s 2360
f 1740/2163/10 1739/2162/10 1738/2161/10 
s 2361
f 1739/2162/10 1740/2163/10 1741/2164/10 
s 2362
f 1742/2165/10 1741/2164/10 1740/2163/10 
s 2363
f 1742/2165/10 1743/2166/10 1741/2164/10 
s 2364
f 1729/2167/500 1728/2168/116 1743/2169/501 
s 2365
f 1741/2170/116 1743/2169/501 1728/2168/116 
s 2366
f 1728/2168/116 1731/2171/6 1741/2170/116 
s 2367
f 1739/2172/6 1741/2170/116 1731/2171/6 
s 2368
f 1731/2171/6 1733/2173/644 1739/2172/6 
s 2369
f 1736/2174/644 1739/2172/6 1733/2173/644 
s 2370
f 1733/2175/645 1735/2176/135 1736/2177/645 
s 2371
f 1737/2178/333 1736/2177/645 1735/2176/135 
s 2372
f 1735/2176/135 1734/2179/619 1737/2178/333 
s 2373
f 1738/2180/619 1737/2178/333 1734/2179/619 
s 2374
f 1734/2179/619 1732/2181/93 1738/2180/619 
s 2375
f 1740/2182/1 1738/2180/619 1732/2181/93 
s 2376
f 1732/2181/93 1730/2183/98 1740/2182/1 
s 2377
f 1742/2184/98 1740/2182/1 1730/2183/98 
s 2378
f 1730/2183/98 1729/2167/500 1742/2184/98 
s 2379
f 1743/2169/501 1742/2184/98 1729/2167/500 
s 2380
f 1170/1411/604 1168/2185/603 1195/1410/604 
s 2381
f 1197/2186/603 1195/1410/604 1168/2185/603 
s 2382
f 1197/2186/603 1168/2185/603 1200/2187/646 
s 2383
f 1166/2188/646 1200/2187/646 1168/2185/603 
s 2384
f 1200/2187/646 1166/2188/646 1199/2189/647 
s 2385
f 1165/2190/647 1199/2189/647 1166/2188/646 
s 2386
f 1744/2198/5 1745/2199/5 1746/2200/648 
s 2387
f 1694/2201/648 1746/2200/648 1745/2199/5 
s 2388
f 1746/2200/648 1694/2201/648 1747/2202/648 
s 2389
f 1696/2203/648 1747/2202/648 1694/2201/648 
s 2390
f 1747/2202/648 1696/2203/648 1748/2204/5 
s 2391
f 1691/2205/5 1748/2204/5 1696/2203/648 
s 2392
f 1749/2206/133 1750/2207/133 1751/2208/649 
s 2393
f 1752/2209/649 1751/2208/649 1750/2207/133 
s 2394
f 1751/2208/649 1752/2209/649 1753/2210/649 
s 2395
f 1754/2211/650 1753/2210/649 1752/2209/649 
s 2396
f 1753/2210/649 1754/2211/650 1755/2212/651 
s 2397
f 1756/2213/651 1755/2212/651 1754/2211/650 
s 2398
f 1750/2214/10 1744/2215/10 1752/2216/10 
s 2399
f 1746/2217/10 1752/2216/10 1744/2215/10 
s 2400
f 1752/2216/10 1746/2217/10 1754/2218/10 
s 2401
f 1747/2219/10 1754/2218/10 1746/2217/10 
s 2402
f 1754/2218/10 1747/2219/10 1756/2220/10 
s 2403
f 1748/2221/10 1756/2220/10 1747/2219/10 
s 2404
f 1757/2222/5 1758/2223/5 1759/2224/5 
s 2405
f 1760/2225/5 1759/2224/5 1758/2223/5 
s 2406
f 1759/2224/5 1760/2225/5 1761/2226/5 
s 2407
f 1762/2227/5 1761/2226/5 1760/2225/5 
s 2408
f 1763/2228/626 1764/2229/626 1765/2230/626 
s 2409
f 1188/1418/652 1186/2067/653 1177/1419/652 
s 2410
f 1179/2068/653 1177/1419/652 1186/2067/653 
s 2411
f 1179/2068/653 1186/2067/653 1182/2066/654 
s 2412
f 1184/2064/654 1182/2066/654 1186/2067/653 
s 2413
f 1182/2066/654 1184/2064/654 1181/2065/655 
s 2414
f 1183/2063/655 1181/2065/655 1184/2064/654 
s 2415
f 1693/2194/656 1764/2229/656 1763/2228/656 
s 2416
f 1177/1419/462 1175/1417/463 1188/1418/462 
s 2417
f 1189/1416/463 1188/1418/462 1175/1417/463 
s 2418
f 1175/1417/463 1173/1415/93 1189/1416/463 
s 2419
f 1191/1414/93 1189/1416/463 1173/1415/93 
s 2420
f 1173/1415/93 1171/1413/464 1191/1414/93 
s 2421
f 1193/1412/464 1191/1414/93 1171/1413/464 
s 2422
f 1171/1413/464 1170/1411/465 1193/1412/464 
s 2423
f 1195/1410/465 1193/1412/464 1170/1411/465 
s 2424
f 1711/2087/657 1231/2085/657 1714/2086/657 
s 2425
f 1234/2084/657 1714/2086/657 1231/2085/657 
s 2426
f 1206/2092/10 1203/2090/10 1712/2091/10 
s 2427
f 1229/2089/10 1712/2091/10 1203/2090/10 
s 2428
f 1710/2096/658 1706/2094/658 1709/2095/658 
s 2429
f 1705/2093/658 1709/2095/658 1706/2094/658 
s 2430
f 1238/2100/610 1208/2098/659 1239/2099/660 
s 2431
f 1210/2097/661 1239/2099/660 1208/2098/659 
s 2432
f 1201/2104/614 1258/2102/662 1202/2103/663 
s 2433
f 1259/2101/664 1202/2103/663 1258/2102/662 
s 2434
f 1209/2106/1 1208/2098/1 1236/2105/1 
s 2435
f 1238/2100/1 1236/2105/1 1208/2098/1 
s 2436
f 1210/2097/7 1202/2103/7 1239/2099/7 
s 2437
f 1259/2101/7 1239/2099/7 1202/2103/7 
s 2438
f 1201/2104/6 1204/2108/6 1258/2102/6 
s 2439
f 1237/2107/6 1258/2102/6 1204/2108/6 
s 2440
f 1235/1510/665 1230/1505/666 1715/2111/665 
s 2441
f 1713/2110/666 1715/2111/665 1230/1505/666 
s 2442
f 1713/2110/666 1230/1505/666 1210/2109/7 
s 2443
f 1202/1503/7 1210/2109/7 1230/1505/666 
s 2444
f 1766/2231/667 1767/2232/668 1768/2233/669 
s 2445
f 1767/2232/668 1766/2231/667 1769/2234/670 
s 2446
f 1770/2235/671 1769/2234/670 1766/2231/667 
s 2447
f 1769/2234/670 1770/2235/671 1745/2236/672 
s 2448
f 1239/1436/673 1259/1449/673 1236/1438/673 
s 2449
f 1237/1447/673 1236/1438/673 1259/1449/673 
s 2450
f 1347/2237/5 1698/2238/5 1348/2239/5 
s 2451
f 1697/2240/5 1348/2239/5 1698/2238/5 
s 2452
f 1352/2241/7 1701/2242/7 1347/2237/7 
s 2453
f 1698/2238/7 1347/2237/7 1701/2242/7 
s 2454
f 1350/2243/4 1703/2244/4 1352/2245/4 
s 2455
f 1701/2246/4 1352/2245/4 1703/2244/4 
s 2456
f 1348/2239/10 1697/2240/10 1350/2243/10 
s 2457
f 1703/2244/10 1350/2243/10 1697/2240/10 
s 2458
f 1353/1696/6 1771/2247/6 1354/1697/6 
s 2459
f 1772/2248/6 1354/1697/6 1771/2247/6 
s 2460
f 1354/2249/7 1772/2250/7 1773/2251/7 
s 2461
f 1774/2252/7 1773/2251/7 1772/2250/7 
s 2462
f 1773/2253/1 1774/2254/1 1775/2255/1 
s 2463
f 1776/2256/1 1775/2255/1 1774/2254/1 
s 2464
f 1775/2257/10 1776/2258/10 1353/2259/10 
s 2465
f 1771/2260/10 1353/2259/10 1776/2258/10 
s 2466
f 1777/2261/4 1775/2257/4 1346/2262/4 
s 2467
f 1353/2259/4 1346/2262/4 1775/2257/4 
s 2468
f 1344/2263/641 1354/2249/641 1778/2264/641 
s 2469
f 1773/2251/641 1778/2264/641 1354/2249/641 
s 2470
f 1317/2265/5 1318/2266/5 1329/2267/5 
s 2471
f 1326/2268/5 1329/2267/5 1318/2266/5 
s 2472
f 1335/2269/4 1336/2270/4 1311/2271/4 
s 2473
f 1308/2272/4 1311/2271/4 1336/2270/4 
s 2474
f 1298/2273/10 1299/2274/10 1297/2275/10 
s 2475
f 1299/2274/10 1292/2276/10 1297/2275/10 
s 2476
f 1296/2277/10 1297/2275/10 1292/2276/10 
s 2477
f 1292/2276/10 1293/2278/10 1296/2277/10 
s 2478
f 1295/2279/10 1296/2277/10 1293/2278/10 
s 2479
f 1294/2280/10 1295/2279/10 1293/2278/10 
s 2480
f 1779/2281/674 1780/2282/674 1781/2283/674 
s 2481
f 1313/2284/675 1312/2285/676 1334/2286/675 
s 2482
f 1332/2287/676 1334/2286/675 1312/2285/676 
s 2483
f 1312/2285/676 1310/2288/628 1332/2287/676 
s 2484
f 1333/2289/628 1332/2287/676 1310/2288/628 
s 2485
f 1333/2289/628 1310/2288/628 1337/1675/627 
s 2486
f 1309/1676/627 1337/1675/627 1310/2288/628 
s 2487
f 1782/2290/7 1783/2291/7 1784/2292/7 
s 2488
f 1783/2291/7 1782/2290/7 1761/2293/7 
s 2489
f 1785/2294/7 1761/2293/7 1782/2290/7 
s 2490
f 1761/2293/7 1785/2294/7 1786/2295/7 
s 2491
f 1785/2294/7 1787/2296/7 1786/2295/7 
s 2492
f 1788/2297/7 1787/2296/7 1785/2294/7 
s 2493
f 1787/2296/7 1788/2297/7 1789/2298/7 
s 2494
f 1788/2297/7 1790/2299/7 1789/2298/7 
s 2495
f 1791/2300/7 1789/2298/7 1790/2299/7 
s 2496
f 1792/2301/7 1791/2300/7 1790/2299/7 
s 2497
f 1792/2301/7 1790/2299/7 1782/2290/7 
s 2498
f 1792/2301/7 1782/2290/7 1784/2292/7 
s 2499
f 1792/2301/7 1784/2292/7 1793/2302/7 
s 2500
f 1794/2303/7 1793/2302/7 1784/2292/7 
s 2501
f 1793/2302/7 1794/2303/7 1795/2304/7 
s 2502
f 1795/2304/7 1796/2305/7 1793/2302/7 
s 2503
f 1797/2306/7 1796/2305/7 1795/2304/7 
s 2504
f 1798/2307/7 1796/2305/7 1797/2306/7 
s 2505
f 1762/2308/7 1796/2305/7 1798/2307/7 
s 2506
f 1762/2308/7 1798/2307/7 1761/2293/7 
s 2507
f 1799/2309/7 1761/2293/7 1798/2307/7 
s 2508
f 1761/2293/7 1799/2309/7 1783/2291/7 
s 2509
f 1800/2310/7 1783/2291/7 1799/2309/7 
s 2510
f 1800/2310/7 1797/2306/7 1783/2291/7 
s 2511
f 1795/2304/7 1783/2291/7 1797/2306/7 
s 2512
f 1787/2296/7 1801/2311/7 1786/2295/7 
s 2513
f 1802/2312/7 1786/2295/7 1801/2311/7 
s 2514
f 1802/2312/7 1801/2311/7 1762/2308/7 
s 2515
f 1796/2305/7 1762/2308/7 1801/2311/7 
s 2516
f 1803/2313/7 1804/2314/7 1805/2315/7 
s 2517
f 1803/2313/7 1805/2315/7 1806/2316/7 
s 2518
f 1805/2315/7 1807/2317/7 1806/2316/7 
s 2519
f 1808/2318/7 1806/2316/7 1807/2317/7 
s 2520
f 1808/2318/7 1807/2317/7 1809/2319/7 
s 2521
f 1810/2320/7 1809/2319/7 1807/2317/7 
s 2522
f 1809/2319/7 1810/2320/7 1811/2321/7 
s 2523
f 1812/2322/7 1811/2321/7 1810/2320/7 
s 2524
f 1812/2322/7 1813/2323/7 1811/2321/7 
s 2525
f 1814/2324/7 1813/2323/7 1812/2322/7 
s 2526
f 1331/2325/677 1330/2326/678 1316/2327/677 
s 2527
f 1314/2328/678 1316/2327/677 1330/2326/678 
s 2528
f 1330/2326/678 1328/2329/504 1314/2328/678 
s 2529
f 1315/2330/504 1314/2328/678 1328/2329/504 
s 2530
f 1315/2330/504 1328/2329/504 1319/1684/679 
s 2531
f 1327/1683/679 1319/1684/679 1328/2329/504 
s 2532
f 1815/2331/680 1816/2332/680 1817/2333/680 
s 2533
f 1818/2334/681 1819/2335/680 1820/2336/680 
s 2534
f 1819/2335/680 1818/2334/681 1821/2337/10 
s 2535
f 1822/2338/10 1821/2337/10 1818/2334/681 
s 2536
f 1821/2337/10 1822/2338/10 1823/2339/682 
s 2537
f 1824/2340/10 1823/2339/682 1822/2338/10 
s 2538
f 1824/2340/10 1815/2331/683 1823/2339/682 
s 2539
f 1825/2341/684 1823/2339/682 1815/2331/683 
s 2540
f 1825/2341/684 1815/2331/683 1817/2333/680 
s 2541
f 1826/2342/680 1818/2334/680 1820/2336/680 
s 2542
f 1827/2343/7 1828/2344/7 1829/2345/7 
s 2543
f 1827/2343/7 1829/2345/7 1830/2346/7 
s 2544
f 1829/2345/7 1831/2347/7 1830/2346/7 
s 2545
f 1832/2348/7 1830/2346/7 1831/2347/7 
s 2546
f 1832/2348/7 1831/2347/7 1833/2349/7 
s 2547
f 1834/2350/7 1833/2349/7 1831/2347/7 
s 2548
f 1833/2349/7 1834/2350/7 1835/2351/7 
s 2549
f 1836/2352/7 1835/2351/7 1834/2350/7 
s 2550
f 1836/2352/7 1837/2353/7 1835/2351/7 
s 2551
f 1838/2354/7 1837/2353/7 1836/2352/7 
s 2552
f 1839/2355/657 1777/2356/657 1349/2357/657 
s 2553
f 1346/2358/657 1349/2357/657 1777/2356/657 
s 2554
f 1773/2253/1 1775/2255/1 1778/2359/1 
s 2555
f 1777/2360/1 1778/2359/1 1775/2255/1 
s 2556
f 1362/2361/1 1778/2359/1 1364/2362/1 
s 2557
f 1840/2363/1 1364/2362/1 1778/2359/1 
s 2558
f 1778/2359/1 1777/2360/1 1840/2363/1 
s 2559
f 1840/2363/1 1777/2360/1 1841/2364/1 
s 2560
f 1839/2365/1 1841/2364/1 1777/2360/1 
s 2561
f 1842/2366/10 1843/2367/10 1844/2368/10 
s 2562
f 1845/2369/10 1846/2370/10 1847/2371/10 
s 2563
f 1846/2370/10 1845/2369/10 1848/2372/10 
s 2564
f 1849/2373/10 1848/2372/10 1845/2369/10 
s 2565
f 1848/2372/10 1849/2373/10 1850/2374/10 
s 2566
f 1851/2375/10 1850/2374/10 1849/2373/10 
s 2567
f 1851/2375/10 1842/2366/10 1850/2374/10 
s 2568
f 1852/2376/10 1850/2374/10 1842/2366/10 
s 2569
f 1852/2376/10 1842/2366/10 1844/2368/10 
s 2570
f 1853/2377/10 1845/2369/10 1847/2371/10 
s 2571
f 1854/2314/7 1855/2313/7 1856/2315/7 
s 2572
f 1857/2323/7 1858/2322/7 1859/2321/7 
s 2573
f 1858/2322/7 1860/2320/7 1859/2321/7 
s 2574
f 1861/2319/7 1859/2321/7 1860/2320/7 
s 2575
f 1860/2320/7 1862/2317/7 1861/2319/7 
s 2576
f 1863/2318/7 1861/2319/7 1862/2317/7 
s 2577
f 1863/2318/7 1862/2317/7 1864/2316/7 
s 2578
f 1856/2315/7 1864/2316/7 1862/2317/7 
s 2579
f 1856/2315/7 1855/2313/7 1864/2316/7 
s 2580
f 1857/2323/7 1865/2324/7 1858/2322/7 
s 2581
f 1866/2332/680 1867/2331/680 1868/2333/680 
s 2582
f 1869/2335/684 1870/2334/683 1871/2336/680 
s 2583
f 1869/2335/684 1872/2337/682 1870/2334/683 
s 2584
f 1873/2338/10 1870/2334/683 1872/2337/682 
s 2585
f 1872/2337/682 1874/2339/10 1873/2338/10 
s 2586
f 1875/2340/10 1873/2338/10 1874/2339/10 
s 2587
f 1875/2340/10 1874/2339/10 1867/2331/681 
s 2588
f 1876/2341/680 1867/2331/681 1874/2339/10 
s 2589
f 1867/2331/681 1876/2341/680 1868/2333/680 
s 2590
f 1870/2334/680 1877/2342/680 1871/2336/680 
s 2591
f 1778/2264/10 1362/2378/10 1344/2263/10 
s 2592
f 1342/2379/10 1344/2263/10 1362/2378/10 
s 2593
f 1772/2250/658 1771/2260/658 1774/2252/658 
s 2594
f 1776/2258/658 1774/2252/658 1771/2260/658 
s 2595
f 1343/2380/685 1361/2381/686 1365/2382/687 
s 2596
f 1366/2383/632 1365/2382/687 1361/2381/686 
s 2597
f 1374/2384/688 1373/2385/689 1364/2386/690 
s 2598
f 1363/2387/636 1364/2386/690 1373/2385/689 
s 2599
f 1878/2388/691 1879/2389/691 1880/2390/691 
s 2600
f 1881/2391/691 1880/2390/691 1879/2389/691 
s 2601
f 1882/2392/692 1883/2393/692 1884/2394/692 
s 2602
f 1885/2395/692 1884/2394/692 1883/2393/692 
s 2603
f 1885/2395/6 1883/2393/6 1879/2389/6 
s 2604
f 1881/2391/6 1879/2389/6 1883/2393/6 
s 2605
f 1880/2396/1 1882/2392/1 1878/2397/1 
s 2606
f 1884/2394/1 1878/2397/1 1882/2392/1 
s 2607
f 1382/2398/5 1381/2399/5 1886/2400/5 
s 2608
f 1887/2401/5 1886/2400/5 1381/2399/5 
s 2609
f 1888/2402/6 1889/2403/6 1890/2404/6 
s 2610
f 1891/2405/6 1890/2404/6 1889/2403/6 
s 2611
f 1890/2404/6 1891/2405/6 1887/2406/6 
s 2612
f 1886/2407/6 1887/2406/6 1891/2405/6 
s 2613
f 1892/2344/7 1893/2343/7 1894/2345/7 
s 2614
f 1895/2353/7 1896/2352/7 1897/2351/7 
s 2615
f 1896/2352/7 1898/2350/7 1897/2351/7 
s 2616
f 1899/2349/7 1897/2351/7 1898/2350/7 
s 2617
f 1898/2350/7 1900/2347/7 1899/2349/7 
s 2618
f 1901/2348/7 1899/2349/7 1900/2347/7 
s 2619
f 1901/2348/7 1900/2347/7 1902/2346/7 
s 2620
f 1894/2345/7 1902/2346/7 1900/2347/7 
s 2621
f 1894/2345/7 1893/2343/7 1902/2346/7 
s 2622
f 1895/2353/7 1903/2354/7 1896/2352/7 
s 2623
f 1904/2367/10 1905/2366/10 1906/2368/10 
s 2624
f 1907/2370/10 1908/2369/10 1909/2371/10 
s 2625
f 1907/2370/10 1910/2372/10 1908/2369/10 
s 2626
f 1911/2373/10 1908/2369/10 1910/2372/10 
s 2627
f 1910/2372/10 1912/2374/10 1911/2373/10 
s 2628
f 1913/2375/10 1911/2373/10 1912/2374/10 
s 2629
f 1913/2375/10 1912/2374/10 1905/2366/10 
s 2630
f 1914/2376/10 1905/2366/10 1912/2374/10 
s 2631
f 1905/2366/10 1914/2376/10 1906/2368/10 
s 2632
f 1908/2369/10 1915/2377/10 1909/2371/10 
s 2633
f 1916/2408/4 1391/2409/4 1917/2410/4 
s 2634
f 1390/2411/4 1917/2410/4 1391/2409/4 
s 2635
f 1514/2412/6 1387/2413/6 1916/2414/6 
s 2636
f 1391/2415/6 1916/2414/6 1387/2413/6 
s 2637
f 1917/2416/1 1390/2417/1 1918/2418/1 
s 2638
f 1389/2419/1 1918/2418/1 1390/2417/1 
s 2639
f 1918/2420/5 1389/2421/5 1919/2422/5 
s 2640
f 1388/2423/5 1919/2422/5 1389/2421/5 
s 2641
f 1920/2424/11 1921/2425/12 1919/2426/12 
s 2642
f 1918/2427/12 1919/2426/12 1921/2425/12 
s 2643
f 1921/2425/12 1424/2428/11 1918/2427/12 
s 2644
f 1922/2429/11 1923/2430/11 1425/2431/11 
s 2645
f 1424/2428/11 1425/2431/11 1923/2430/11 
s 2646
f 1923/2430/11 1918/2427/12 1424/2428/11 
s 2647
f 1923/2430/11 1513/2432/11 1918/2427/12 
s 2648
f 1917/2433/11 1918/2427/12 1513/2432/11 
s 2649
f 1917/2433/11 1513/2432/11 1916/2434/11 
s 2650
f 1514/2435/11 1916/2434/11 1513/2432/11 
s 2651
f 1405/2436/693 1399/2437/693 1416/2438/693 
s 2652
f 1415/2439/693 1416/2438/693 1399/2437/693 
s 2653
f 1417/2440/694 1413/2441/694 1403/2442/694 
s 2654
f 1401/2443/694 1403/2442/694 1413/2441/694 
s 2655
f 1401/2443/5 1413/2441/5 1399/2437/5 
s 2656
f 1415/2439/5 1399/2437/5 1413/2441/5 
s 2657
f 1416/2438/4 1417/2444/4 1405/2436/4 
s 2658
f 1403/2445/4 1405/2436/4 1417/2444/4 
s 2659
f 1414/1773/1 1424/2446/1 1412/1771/1 
s 2660
f 1921/2447/1 1412/1771/1 1424/2446/1 
s 2661
f 1402/1759/10 1924/2448/10 1404/1761/10 
s 2662
f 1426/2449/10 1404/1761/10 1924/2448/10 
s 2663
f 1924/2450/5 1402/2451/5 1920/2452/5 
s 2664
f 1398/2453/5 1920/2452/5 1402/2451/5 
s 2665
f 1920/2452/5 1398/2453/5 1921/2454/5 
s 2666
f 1412/2455/5 1921/2454/5 1398/2453/5 
s 2667
f 1925/2456/695 1926/2457/695 1927/2458/696 
s 2668
f 1928/2459/696 1927/2458/696 1926/2457/695 
s 2669
f 1927/2458/696 1928/2459/696 1929/2460/697 
s 2670
f 1930/2461/697 1929/2460/697 1928/2459/696 
s 2671
f 1929/2460/697 1930/2461/697 1931/2462/698 
s 2672
f 1932/2463/698 1931/2462/698 1930/2461/697 
s 2673
f 1931/2462/698 1932/2463/698 1925/2464/699 
s 2674
f 1926/2465/699 1925/2464/699 1932/2463/698 
s 2675
f 1933/2456/700 1934/2457/700 1935/2458/696 
s 2676
f 1936/2459/696 1935/2458/696 1934/2457/700 
s 2677
f 1935/2458/696 1936/2459/696 1937/2460/6 
s 2678
f 1938/2461/6 1937/2460/6 1936/2459/696 
s 2679
f 1937/2460/6 1938/2461/6 1939/2462/698 
s 2680
f 1940/2463/698 1939/2462/698 1938/2461/6 
s 2681
f 1939/2462/698 1940/2463/698 1933/2464/699 
s 2682
f 1934/2465/699 1933/2464/699 1940/2463/698 
s 2683
f 1941/2456/700 1942/2457/700 1943/2458/696 
s 2684
f 1944/2459/696 1943/2458/696 1942/2457/700 
s 2685
f 1943/2458/696 1944/2459/696 1945/2460/569 
s 2686
f 1946/2461/569 1945/2460/569 1944/2459/696 
s 2687
f 1945/2460/569 1946/2461/569 1947/2462/698 
s 2688
f 1948/2463/698 1947/2462/698 1946/2461/569 
s 2689
f 1947/2462/698 1948/2463/698 1941/2464/699 
s 2690
f 1942/2465/699 1941/2464/699 1948/2463/698 
s 2691
f 1949/2456/695 1950/2457/695 1951/2458/696 
s 2692
f 1952/2459/696 1951/2458/696 1950/2457/695 
s 2693
f 1951/2458/696 1952/2459/696 1953/2460/697 
s 2694
f 1954/2461/697 1953/2460/697 1952/2459/696 
s 2695
f 1953/2460/697 1954/2461/697 1955/2462/698 
s 2696
f 1956/2463/698 1955/2462/698 1954/2461/697 
s 2697
f 1955/2462/698 1956/2463/698 1949/2464/699 
s 2698
f 1950/2465/699 1949/2464/699 1956/2463/698 
s 2699
f 1957/2456/700 1958/2457/700 1959/2458/696 
s 2700
f 1960/2459/696 1959/2458/696 1958/2457/700 
s 2701
f 1959/2458/696 1960/2459/696 1961/2460/6 
s 2702
f 1962/2461/6 1961/2460/6 1960/2459/696 
s 2703
f 1961/2460/6 1962/2461/6 1963/2462/698 
s 2704
f 1964/2463/698 1963/2462/698 1962/2461/6 
s 2705
f 1963/2462/698 1964/2463/698 1957/2464/699 
s 2706
f 1958/2465/699 1957/2464/699 1964/2463/698 
s 2707
f 1965/2456/695 1966/2457/695 1967/2458/696 
s 2708
f 1968/2459/696 1967/2458/696 1966/2457/695 
s 2709
f 1967/2458/696 1968/2459/696 1969/2460/697 
s 2710
f 1970/2461/697 1969/2460/697 1968/2459/696 
s 2711
f 1969/2460/697 1970/2461/697 1971/2462/698 
s 2712
f 1972/2463/698 1971/2462/698 1970/2461/697 
s 2713
f 1971/2462/698 1972/2463/698 1965/2464/701 
s 2714
f 1966/2465/701 1965/2464/701 1972/2463/698 
s 2715
f 1973/2456/695 1974/2457/695 1975/2458/696 
s 2716
f 1976/2459/696 1975/2458/696 1974/2457/695 
s 2717
f 1975/2458/696 1976/2459/696 1977/2460/697 
s 2718
f 1978/2461/697 1977/2460/697 1976/2459/696 
s 2719
f 1977/2460/697 1978/2461/697 1979/2462/698 
s 2720
f 1980/2463/698 1979/2462/698 1978/2461/697 
s 2721
f 1979/2462/698 1980/2463/698 1973/2464/699 
s 2722
f 1974/2465/699 1973/2464/699 1980/2463/698 
s 2723
f 1981/2456/700 1982/2457/700 1983/2458/696 
s 2724
f 1984/2459/696 1983/2458/696 1982/2457/700 
s 2725
f 1983/2458/696 1984/2459/696 1985/2460/6 
s 2726
f 1986/2461/6 1985/2460/6 1984/2459/696 
s 2727
f 1985/2460/6 1986/2461/6 1987/2462/698 
s 2728
f 1988/2463/698 1987/2462/698 1986/2461/6 
s 2729
f 1987/2462/698 1988/2463/698 1981/2464/699 
s 2730
f 1982/2465/699 1981/2464/699 1988/2463/698 
s 2731
f 1989/2456/700 1990/2457/700 1991/2458/696 
s 2732
f 1992/2459/696 1991/2458/696 1990/2457/700 
s 2733
f 1991/2458/696 1992/2459/696 1993/2460/569 
s 2734
f 1994/2461/569 1993/2460/569 1992/2459/696 
s 2735
f 1993/2460/569 1994/2461/569 1995/2462/698 
s 2736
f 1996/2463/698 1995/2462/698 1994/2461/569 
s 2737
f 1995/2462/698 1996/2463/698 1989/2464/699 
s 2738
f 1990/2465/699 1989/2464/699 1996/2463/698 
s 2739
f 1997/2456/700 1998/2457/700 1999/2458/696 
s 2740
f 2000/2459/696 1999/2458/696 1998/2457/700 
s 2741
f 1999/2458/696 2000/2459/696 2001/2460/6 
s 2742
f 2002/2461/6 2001/2460/6 2000/2459/696 
s 2743
f 2001/2460/6 2002/2461/6 2003/2462/698 
s 2744
f 2004/2463/698 2003/2462/698 2002/2461/6 
s 2745
f 2003/2462/698 2004/2463/698 1997/2464/699 
s 2746
f 1998/2465/699 1997/2464/699 2004/2463/698 
s 2747
f 2005/2456/700 2006/2457/700 2007/2458/696 
s 2748
f 2008/2459/696 2007/2458/696 2006/2457/700 
s 2749
f 2007/2458/696 2008/2459/696 2009/2460/6 
s 2750
f 2010/2461/6 2009/2460/6 2008/2459/696 
s 2751
f 2009/2460/6 2010/2461/6 2011/2462/698 
s 2752
f 2012/2463/698 2011/2462/698 2010/2461/6 
s 2753
f 2011/2462/698 2012/2463/698 2005/2464/699 
s 2754
f 2006/2465/699 2005/2464/699 2012/2463/698 
s 2755
f 2013/2456/700 2014/2457/700 2015/2458/696 
s 2756
f 2016/2459/696 2015/2458/696 2014/2457/700 
s 2757
f 2015/2458/696 2016/2459/696 2017/2460/6 
s 2758
f 2018/2461/6 2017/2460/6 2016/2459/696 
s 2759
f 2017/2460/6 2018/2461/6 2019/2462/698 
s 2760
f 2020/2463/698 2019/2462/698 2018/2461/6 
s 2761
f 2019/2462/698 2020/2463/698 2013/2464/699 
s 2762
f 2014/2465/699 2013/2464/699 2020/2463/698 
s 2763
f 2021/2456/702 2022/2457/702 2023/2458/696 
s 2764
f 2024/2459/696 2023/2458/696 2022/2457/702 
s 2765
f 2023/2458/696 2024/2459/696 2025/2460/703 
s 2766
f 2026/2461/703 2025/2460/703 2024/2459/696 
s 2767
f 2025/2460/703 2026/2461/703 2027/2462/698 
s 2768
f 2028/2463/698 2027/2462/698 2026/2461/703 
s 2769
f 2027/2462/698 2028/2463/698 2021/2464/704 
s 2770
f 2022/2465/704 2021/2464/704 2028/2463/698 
s 2771
f 2029/2456/700 2030/2457/700 2031/2458/696 
s 2772
f 2032/2459/696 2031/2458/696 2030/2457/700 
s 2773
f 2031/2458/696 2032/2459/696 2033/2460/6 
s 2774
f 2034/2461/6 2033/2460/6 2032/2459/696 
s 2775
f 2033/2460/6 2034/2461/6 2035/2462/698 
s 2776
f 2036/2463/698 2035/2462/698 2034/2461/6 
s 2777
f 2035/2462/698 2036/2463/698 2029/2464/699 
s 2778
f 2030/2465/699 2029/2464/699 2036/2463/698 
s 2779
f 2037/2456/700 2038/2457/700 2039/2458/696 
s 2780
f 2040/2459/696 2039/2458/696 2038/2457/700 
s 2781
f 2039/2458/696 2040/2459/696 2041/2460/6 
s 2782
f 2042/2461/6 2041/2460/6 2040/2459/696 
s 2783
f 2041/2460/6 2042/2461/6 2043/2462/698 
s 2784
f 2044/2463/698 2043/2462/698 2042/2461/6 
s 2785
f 2043/2462/698 2044/2463/698 2037/2464/699 
s 2786
f 2038/2465/699 2037/2464/699 2044/2463/698 
s 2787
f 2045/2456/700 2046/2457/700 2047/2458/696 
s 2788
f 2048/2459/696 2047/2458/696 2046/2457/700 
s 2789
f 2047/2458/696 2048/2459/696 2049/2460/6 
s 2790
f 2050/2461/6 2049/2460/6 2048/2459/696 
s 2791
f 2049/2460/6 2050/2461/6 2051/2462/698 
s 2792
f 2052/2463/698 2051/2462/698 2050/2461/6 
s 2793
f 2051/2462/698 2052/2463/698 2045/2464/699 
s 2794
f 2046/2465/699 2045/2464/699 2052/2463/698 
s 2795
f 2053/2466/705 2054/2467/706 2055/2468/707 
s 2796
f 2056/2469/1 2057/2470/1 2058/2471/1 
s 2797
f 2057/2470/1 2059/2472/1 2058/2471/1 
s 2798
f 2057/2470/1 2060/2473/708 2059/2472/1 
s 2799
f 2054/2467/706 2059/2472/1 2060/2473/708 
s 2800
f 2060/2473/708 2055/2468/707 2054/2467/706 
s 2801
f 2061/2474/709 2055/2468/707 2060/2473/708 
s 2802
f 2061/2474/709 2062/2475/710 2055/2468/707 
s 2803
f 2063/2476/496 2055/2468/707 2062/2475/710 
s 2804
f 2055/2468/707 2063/2476/496 2053/2466/705 
s 2805
f 2064/2477/711 2053/2466/705 2063/2476/496 
s 2806
f 2058/2471/1 2059/2472/1 2065/2478/1 
s 2807
f 1434/2479/693 1428/2480/693 1508/2481/693 
s 2808
f 1507/2482/693 1508/2481/693 1428/2480/693 
s 2809
f 1509/2483/694 1505/2484/694 1432/2485/694 
s 2810
f 1430/2486/694 1432/2485/694 1505/2484/694 
s 2811
f 1430/2486/5 1505/2484/5 1428/2480/5 
s 2812
f 1507/2482/5 1428/2480/5 1505/2484/5 
s 2813
f 1508/2481/4 1509/2487/4 1434/2479/4 
s 2814
f 1432/2488/4 1434/2479/4 1509/2487/4 
s 2815
f 1506/1905/1 1513/2489/1 1504/1903/1 
s 2816
f 1923/2490/1 1504/1903/1 1513/2489/1 
s 2817
f 1431/1795/10 2066/2491/10 1433/1797/10 
s 2818
f 1515/2492/10 1433/1797/10 2066/2491/10 
s 2819
f 2066/2493/5 1431/2494/5 1922/2495/5 
s 2820
f 1427/2496/5 1922/2495/5 1431/2494/5 
s 2821
f 1922/2495/5 1427/2496/5 1923/2497/5 
s 2822
f 1504/2498/5 1923/2497/5 1427/2496/5 
s 2823
f 2067/2499/712 2068/2500/713 2069/2501/714 
s 2824
f 2070/2502/6 2071/2503/6 2072/2504/6 
s 2825
f 2072/2504/6 2071/2503/6 2073/2505/6 
s 2826
f 2073/2505/6 2071/2503/6 2074/2506/6 
s 2827
f 2074/2506/6 2075/2507/715 2073/2505/6 
s 2828
f 2068/2500/713 2073/2505/6 2075/2507/715 
s 2829
f 2075/2507/715 2069/2501/714 2068/2500/713 
s 2830
f 2076/2508/716 2069/2501/714 2075/2507/715 
s 2831
f 2076/2508/716 2077/2509/717 2069/2501/714 
s 2832
f 2078/2510/71 2069/2501/714 2077/2509/717 
s 2833
f 2069/2501/714 2078/2510/71 2067/2499/712 
s 2834
f 2079/2511/718 2067/2499/712 2078/2510/71 
s 2835
f 2061/2512/719 2060/2513/720 2080/2514/721 
s 2836
f 2058/2515/10 2070/2516/682 2056/2517/722 
s 2837
f 2072/2518/722 2056/2517/722 2070/2516/682 
s 2838
f 2056/2517/722 2072/2518/722 2057/2519/723 
s 2839
f 2073/2520/723 2057/2519/723 2072/2518/722 
s 2840
f 2073/2520/723 2068/2521/724 2057/2519/723 
s 2841
f 2060/2513/720 2057/2519/723 2068/2521/724 
s 2842
f 2068/2521/724 2080/2514/721 2060/2513/720 
s 2843
f 2067/2522/725 2080/2514/721 2068/2521/724 
s 2844
f 2067/2522/725 2079/2523/726 2080/2514/721 
s 2845
f 2081/2524/135 2080/2514/721 2079/2523/726 
s 2846
f 2080/2514/721 2081/2524/135 2061/2512/719 
s 2847
f 2062/2525/727 2061/2512/719 2081/2524/135 
s 2848
f 2082/2526/728 2083/2527/728 2084/2528/728 
s 2849
f 2085/2529/728 2084/2528/728 2083/2527/728 
s 2850
f 2082/2526/1 2084/2528/1 2086/2530/1 
s 2851
f 2087/2531/1 2086/2530/1 2084/2528/1 
s 2852
f 2088/2532/729 2089/2533/729 2090/2534/728 
s 2853
f 2091/2535/728 2090/2534/728 2089/2533/729 
s 2854
f 2088/2532/1 2090/2534/1 2092/2536/1 
s 2855
f 2093/2537/1 2092/2536/1 2090/2534/1 
s 2856
f 2094/2538/5 2095/2539/5 2096/2540/5 
s 2857
f 2097/2541/5 2096/2540/5 2095/2539/5 
s 2858
f 2098/2542/9 2094/2543/9 2099/2544/9 
s 2859
f 2096/2545/9 2099/2544/9 2094/2543/9 
s 2860
f 2100/2546/4 2098/2542/4 2101/2547/4 
s 2861
f 2099/2544/4 2101/2547/4 2098/2542/4 
s 2862
f 2095/2539/11 2100/2546/11 2097/2541/11 
s 2863
f 2101/2547/11 2097/2541/11 2100/2546/11 
s 2864
f 2102/2538/5 2103/2539/5 2104/2540/5 
s 2865
f 2105/2541/5 2104/2540/5 2103/2539/5 
s 2866
f 2106/2542/9 2102/2543/9 2107/2544/9 
s 2867
f 2104/2545/9 2107/2544/9 2102/2543/9 
s 2868
f 2108/2546/4 2106/2542/4 2109/2547/4 
s 2869
f 2107/2544/4 2109/2547/4 2106/2542/4 
s 2870
f 2103/2539/11 2108/2546/11 2105/2541/11 
s 2871
f 2109/2547/11 2105/2541/11 2108/2546/11 
s 2872
f 2110/2538/5 2111/2539/5 2112/2540/5 
s 2873
f 2113/2541/5 2112/2540/5 2111/2539/5 
s 2874
f 2114/2542/9 2110/2543/9 2115/2544/9 
s 2875
f 2112/2545/9 2115/2544/9 2110/2543/9 
s 2876
f 2116/2546/4 2114/2542/4 2117/2547/4 
s 2877
f 2115/2544/4 2117/2547/4 2114/2542/4 
s 2878
f 2111/2539/11 2116/2546/11 2113/2541/11 
s 2879
f 2117/2547/11 2113/2541/11 2116/2546/11 
s 2880
f 2118/2538/5 2119/2539/5 2120/2540/5 
s 2881
f 2121/2541/5 2120/2540/5 2119/2539/5 
s 2882
f 2122/2542/9 2118/2543/9 2123/2544/9 
s 2883
f 2120/2545/9 2123/2544/9 2118/2543/9 
s 2884
f 2124/2546/4 2122/2542/4 2125/2547/4 
s 2885
f 2123/2544/4 2125/2547/4 2122/2542/4 
s 2886
f 2119/2539/11 2124/2546/11 2121/2541/11 
s 2887
f 2125/2547/11 2121/2541/11 2124/2546/11 
s 2888
f 2126/2538/5 2127/2539/5 2128/2540/5 
s 2889
f 2129/2541/5 2128/2540/5 2127/2539/5 
s 2890
f 2130/2542/9 2126/2543/9 2131/2544/9 
s 2891
f 2128/2545/9 2131/2544/9 2126/2543/9 
s 2892
f 2132/2546/4 2130/2542/4 2133/2547/4 
s 2893
f 2131/2544/4 2133/2547/4 2130/2542/4 
s 2894
f 2127/2539/11 2132/2546/11 2129/2541/11 
s 2895
f 2133/2547/11 2129/2541/11 2132/2546/11 
s 2896
f 2134/2538/5 2135/2539/5 2136/2540/5 
s 2897
f 2137/2541/5 2136/2540/5 2135/2539/5 
s 2898
f 2138/2542/9 2134/2543/9 2139/2544/9 
s 2899
f 2136/2545/9 2139/2544/9 2134/2543/9 
s 2900
f 2140/2546/4 2138/2542/4 2141/2547/4 
s 2901
f 2139/2544/4 2141/2547/4 2138/2542/4 
s 2902
f 2135/2539/11 2140/2546/11 2137/2541/11 
s 2903
f 2141/2547/11 2137/2541/11 2140/2546/11 
s 2904
f 2142/2538/5 2143/2539/5 2144/2540/5 
s 2905
f 2145/2541/5 2144/2540/5 2143/2539/5 
s 2906
f 2146/2542/9 2142/2543/9 2147/2544/9 
s 2907
f 2144/2545/9 2147/2544/9 2142/2543/9 
s 2908
f 2148/2546/4 2146/2542/4 2149/2547/4 
s 2909
f 2147/2544/4 2149/2547/4 2146/2542/4 
s 2910
f 2143/2539/11 2148/2546/11 2145/2541/11 
s 2911
f 2149/2547/11 2145/2541/11 2148/2546/11 
s 2912
f 2150/2538/5 2151/2539/5 2152/2540/5 
s 2913
f 2153/2541/5 2152/2540/5 2151/2539/5 
s 2914
f 2154/2542/9 2150/2543/9 2155/2544/9 
s 2915
f 2152/2545/9 2155/2544/9 2150/2543/9 
s 2916
f 2156/2546/4 2154/2542/4 2157/2547/4 
s 2917
f 2155/2544/4 2157/2547/4 2154/2542/4 
s 2918
f 2151/2539/10 2156/2546/10 2153/2541/10 
s 2919
f 2157/2547/10 2153/2541/10 2156/2546/10 
s 2920
f 2158/2538/5 2159/2539/5 2160/2540/5 
s 2921
f 2161/2541/5 2160/2540/5 2159/2539/5 
s 2922
f 2162/2542/9 2158/2543/9 2163/2544/9 
s 2923
f 2160/2545/9 2163/2544/9 2158/2543/9 
s 2924
f 2164/2546/4 2162/2542/4 2165/2547/4 
s 2925
f 2163/2544/4 2165/2547/4 2162/2542/4 
s 2926
f 2159/2539/11 2164/2546/11 2161/2541/11 
s 2927
f 2165/2547/11 2161/2541/11 2164/2546/11 
s 2928
f 2166/2538/5 2167/2539/5 2168/2540/5 
s 2929
f 2169/2541/5 2168/2540/5 2167/2539/5 
s 2930
f 2170/2542/9 2166/2543/9 2171/2544/9 
s 2931
f 2168/2545/9 2171/2544/9 2166/2543/9 
s 2932
f 2172/2546/4 2170/2542/4 2173/2547/4 
s 2933
f 2171/2544/4 2173/2547/4 2170/2542/4 
s 2934
f 2167/2539/11 2172/2546/11 2169/2541/11 
s 2935
f 2173/2547/11 2169/2541/11 2172/2546/11 
s 2936
f 2174/2538/5 2175/2539/5 2176/2540/5 
s 2937
f 2177/2541/5 2176/2540/5 2175/2539/5 
s 2938
f 2178/2542/9 2174/2543/9 2179/2544/9 
s 2939
f 2176/2545/9 2179/2544/9 2174/2543/9 
s 2940
f 2180/2546/4 2178/2542/4 2181/2547/4 
s 2941
f 2179/2544/4 2181/2547/4 2178/2542/4 
s 2942
f 2175/2539/11 2180/2546/11 2177/2541/11 
s 2943
f 2181/2547/11 2177/2541/11 2180/2546/11 
s 2944
f 2182/2538/5 2183/2539/5 2184/2540/5 
s 2945
f 2185/2541/5 2184/2540/5 2183/2539/5 
s 2946
f 2186/2542/9 2182/2543/9 2187/2544/9 
s 2947
f 2184/2545/9 2187/2544/9 2182/2543/9 
s 2948
f 2188/2546/4 2186/2542/4 2189/2547/4 
s 2949
f 2187/2544/4 2189/2547/4 2186/2542/4 
s 2950
f 2183/2539/11 2188/2546/11 2185/2541/11 
s 2951
f 2189/2547/11 2185/2541/11 2188/2546/11 
s 2952
f 2190/2538/5 2191/2539/5 2192/2540/5 
s 2953
f 2193/2541/5 2192/2540/5 2191/2539/5 
s 2954
f 2194/2542/9 2190/2543/9 2195/2544/9 
s 2955
f 2192/2545/9 2195/2544/9 2190/2543/9 
s 2956
f 2196/2546/4 2194/2542/4 2197/2547/4 
s 2957
f 2195/2544/4 2197/2547/4 2194/2542/4 
s 2958
f 2191/2539/11 2196/2546/11 2193/2541/11 
s 2959
f 2197/2547/11 2193/2541/11 2196/2546/11 
s 2960
f 2198/2538/5 2199/2539/5 2200/2540/5 
s 2961
f 2201/2541/5 2200/2540/5 2199/2539/5 
s 2962
f 2202/2542/9 2198/2543/9 2203/2544/9 
s 2963
f 2200/2545/9 2203/2544/9 2198/2543/9 
s 2964
f 2204/2546/4 2202/2542/4 2205/2547/4 
s 2965
f 2203/2544/4 2205/2547/4 2202/2542/4 
s 2966
f 2199/2539/11 2204/2546/11 2201/2541/11 
s 2967
f 2205/2547/11 2201/2541/11 2204/2546/11 
s 2968
f 2206/2538/5 2207/2539/5 2208/2540/5 
s 2969
f 2209/2541/5 2208/2540/5 2207/2539/5 
s 2970
f 2210/2542/9 2206/2543/9 2211/2544/9 
s 2971
f 2208/2545/9 2211/2544/9 2206/2543/9 
s 2972
f 2212/2546/4 2210/2542/4 2213/2547/4 
s 2973
f 2211/2544/4 2213/2547/4 2210/2542/4 
s 2974
f 2207/2539/11 2212/2546/11 2209/2541/11 
s 2975
f 2213/2547/11 2209/2541/11 2212/2546/11 
s 2976
f 2214/2538/5 2215/2539/5 2216/2540/5 
s 2977
f 2217/2541/5 2216/2540/5 2215/2539/5 
s 2978
f 2218/2542/9 2214/2543/9 2219/2544/9 
s 2979
f 2216/2545/9 2219/2544/9 2214/2543/9 
s 2980
f 2220/2546/4 2218/2542/4 2221/2547/4 
s 2981
f 2219/2544/4 2221/2547/4 2218/2542/4 
s 2982
f 2215/2539/11 2220/2546/11 2217/2541/11 
s 2983
f 2221/2547/11 2217/2541/11 2220/2546/11 
s 2984
f 2222/2538/5 2223/2539/5 2224/2540/5 
s 2985
f 2225/2541/5 2224/2540/5 2223/2539/5 
s 2986
f 2226/2542/9 2222/2543/9 2227/2544/9 
s 2987
f 2224/2545/9 2227/2544/9 2222/2543/9 
s 2988
f 2228/2546/4 2226/2542/4 2229/2547/4 
s 2989
f 2227/2544/4 2229/2547/4 2226/2542/4 
s 2990
f 2223/2539/11 2228/2546/11 2225/2541/11 
s 2991
f 2229/2547/11 2225/2541/11 2228/2546/11 
s 2992
f 2230/2538/5 2231/2539/5 2232/2540/5 
s 2993
f 2233/2541/5 2232/2540/5 2231/2539/5 
s 2994
f 2234/2542/9 2230/2543/9 2235/2544/9 
s 2995
f 2232/2545/9 2235/2544/9 2230/2543/9 
s 2996
f 2236/2546/4 2234/2542/4 2237/2547/4 
s 2997
f 2235/2544/4 2237/2547/4 2234/2542/4 
s 2998
f 2231/2539/11 2236/2546/11 2233/2541/11 
s 2999
f 2237/2547/11 2233/2541/11 2236/2546/11 
s 3000
f 2238/2538/5 2239/2539/5 2240/2540/5 
s 3001
f 2241/2541/5 2240/2540/5 2239/2539/5 
s 3002
f 2242/2542/7 2238/2543/7 2243/2544/7 
s 3003
f 2240/2545/7 2243/2544/7 2238/2543/7 
s 3004
f 2244/2546/135 2242/2542/135 2245/2547/135 
s 3005
f 2243/2544/135 2245/2547/135 2242/2542/135 
s 3006
f 2239/2539/11 2244/2546/11 2241/2541/11 
s 3007
f 2245/2547/11 2241/2541/11 2244/2546/11 
s 3008
f 2246/2548/730 2247/2549/730 2087/2531/730 
s 3009
f 2086/2530/730 2087/2531/730 2247/2549/730 
s 3010
f 2246/2548/6 2085/2550/6 2247/2549/6 
s 3011
f 2083/2551/6 2247/2549/6 2085/2550/6 
s 3012
f 2248/2552/730 2249/2553/730 2093/2537/730 
s 3013
f 2092/2536/730 2093/2537/730 2249/2553/730 
s 3014
f 2248/2552/6 2091/2554/6 2249/2553/6 
s 3015
f 2089/2555/6 2249/2553/6 2091/2554/6 
s 3016
f 2250/2529/731 2251/2527/731 2252/2528/731 
s 3017
f 2253/2526/731 2252/2528/731 2251/2527/731 
s 3018
f 2254/2531/1 2252/2528/1 2255/2530/1 
s 3019
f 2253/2526/1 2255/2530/1 2252/2528/1 
s 3020
f 2256/2535/731 2257/2533/731 2258/2534/731 
s 3021
f 2259/2532/731 2258/2534/731 2257/2533/731 
s 3022
f 2260/2537/1 2258/2534/1 2261/2536/1 
s 3023
f 2259/2532/1 2261/2536/1 2258/2534/1 
s 3024
f 2262/2541/4 2263/2539/4 2264/2540/4 
s 3025
f 2265/2538/4 2264/2540/4 2263/2539/4 
s 3026
f 2264/2545/7 2265/2543/7 2266/2544/7 
s 3027
f 2267/2542/7 2266/2544/7 2265/2543/7 
s 3028
f 2266/2544/5 2267/2542/5 2268/2547/5 
s 3029
f 2269/2546/5 2268/2547/5 2267/2542/5 
s 3030
f 2268/2547/10 2269/2546/10 2262/2541/10 
s 3031
f 2263/2539/10 2262/2541/10 2269/2546/10 
s 3032
f 2270/2541/4 2271/2539/4 2272/2540/4 
s 3033
f 2273/2538/4 2272/2540/4 2271/2539/4 
s 3034
f 2272/2545/7 2273/2543/7 2274/2544/7 
s 3035
f 2275/2542/7 2274/2544/7 2273/2543/7 
s 3036
f 2274/2544/5 2275/2542/5 2276/2547/5 
s 3037
f 2277/2546/5 2276/2547/5 2275/2542/5 
s 3038
f 2276/2547/10 2277/2546/10 2270/2541/10 
s 3039
f 2271/2539/10 2270/2541/10 2277/2546/10 
s 3040
f 2278/2541/4 2279/2539/4 2280/2540/4 
s 3041
f 2281/2538/4 2280/2540/4 2279/2539/4 
s 3042
f 2280/2545/7 2281/2543/7 2282/2544/7 
s 3043
f 2283/2542/7 2282/2544/7 2281/2543/7 
s 3044
f 2282/2544/5 2283/2542/5 2284/2547/5 
s 3045
f 2285/2546/5 2284/2547/5 2283/2542/5 
s 3046
f 2284/2547/10 2285/2546/10 2278/2541/10 
s 3047
f 2279/2539/10 2278/2541/10 2285/2546/10 
s 3048
f 2286/2541/4 2287/2539/4 2288/2540/4 
s 3049
f 2289/2538/4 2288/2540/4 2287/2539/4 
s 3050
f 2288/2545/7 2289/2543/7 2290/2544/7 
s 3051
f 2291/2542/7 2290/2544/7 2289/2543/7 
s 3052
f 2290/2544/5 2291/2542/5 2292/2547/5 
s 3053
f 2293/2546/5 2292/2547/5 2291/2542/5 
s 3054
f 2292/2547/10 2293/2546/10 2286/2541/10 
s 3055
f 2287/2539/10 2286/2541/10 2293/2546/10 
s 3056
f 2294/2541/4 2295/2539/4 2296/2540/4 
s 3057
f 2297/2538/4 2296/2540/4 2295/2539/4 
s 3058
f 2296/2545/7 2297/2543/7 2298/2544/7 
s 3059
f 2299/2542/7 2298/2544/7 2297/2543/7 
s 3060
f 2298/2544/5 2299/2542/5 2300/2547/5 
s 3061
f 2301/2546/5 2300/2547/5 2299/2542/5 
s 3062
f 2300/2547/10 2301/2546/10 2294/2541/10 
s 3063
f 2295/2539/10 2294/2541/10 2301/2546/10 
s 3064
f 2302/2541/4 2303/2539/4 2304/2540/4 
s 3065
f 2305/2538/4 2304/2540/4 2303/2539/4 
s 3066
f 2304/2545/7 2305/2543/7 2306/2544/7 
s 3067
f 2307/2542/7 2306/2544/7 2305/2543/7 
s 3068
f 2306/2544/5 2307/2542/5 2308/2547/5 
s 3069
f 2309/2546/5 2308/2547/5 2307/2542/5 
s 3070
f 2308/2547/10 2309/2546/10 2302/2541/10 
s 3071
f 2303/2539/10 2302/2541/10 2309/2546/10 
s 3072
f 2310/2541/4 2311/2539/4 2312/2540/4 
s 3073
f 2313/2538/4 2312/2540/4 2311/2539/4 
s 3074
f 2312/2545/7 2313/2543/7 2314/2544/7 
s 3075
f 2315/2542/7 2314/2544/7 2313/2543/7 
s 3076
f 2314/2544/5 2315/2542/5 2316/2547/5 
s 3077
f 2317/2546/5 2316/2547/5 2315/2542/5 
s 3078
f 2316/2547/10 2317/2546/10 2310/2541/10 
s 3079
f 2311/2539/10 2310/2541/10 2317/2546/10 
s 3080
f 2318/2541/4 2319/2539/4 2320/2540/4 
s 3081
f 2321/2538/4 2320/2540/4 2319/2539/4 
s 3082
f 2320/2545/7 2321/2543/7 2322/2544/7 
s 3083
f 2323/2542/7 2322/2544/7 2321/2543/7 
s 3084
f 2322/2544/5 2323/2542/5 2324/2547/5 
s 3085
f 2325/2546/5 2324/2547/5 2323/2542/5 
s 3086
f 2324/2547/10 2325/2546/10 2318/2541/10 
s 3087
f 2319/2539/10 2318/2541/10 2325/2546/10 
s 3088
f 2326/2541/4 2327/2539/4 2328/2540/4 
s 3089
f 2329/2538/4 2328/2540/4 2327/2539/4 
s 3090
f 2328/2545/7 2329/2543/7 2330/2544/7 
s 3091
f 2331/2542/7 2330/2544/7 2329/2543/7 
s 3092
f 2330/2544/5 2331/2542/5 2332/2547/5 
s 3093
f 2333/2546/5 2332/2547/5 2331/2542/5 
s 3094
f 2332/2547/10 2333/2546/10 2326/2541/10 
s 3095
f 2327/2539/10 2326/2541/10 2333/2546/10 
s 3096
f 2334/2541/4 2335/2539/4 2336/2540/4 
s 3097
f 2337/2538/4 2336/2540/4 2335/2539/4 
s 3098
f 2336/2545/7 2337/2543/7 2338/2544/7 
s 3099
f 2339/2542/7 2338/2544/7 2337/2543/7 
s 3100
f 2338/2544/5 2339/2542/5 2340/2547/5 
s 3101
f 2341/2546/5 2340/2547/5 2339/2542/5 
s 3102
f 2340/2547/10 2341/2546/10 2334/2541/10 
s 3103
f 2335/2539/10 2334/2541/10 2341/2546/10 
s 3104
f 2342/2541/4 2343/2539/4 2344/2540/4 
s 3105
f 2345/2538/4 2344/2540/4 2343/2539/4 
s 3106
f 2344/2545/7 2345/2543/7 2346/2544/7 
s 3107
f 2347/2542/7 2346/2544/7 2345/2543/7 
s 3108
f 2346/2544/5 2347/2542/5 2348/2547/5 
s 3109
f 2349/2546/5 2348/2547/5 2347/2542/5 
s 3110
f 2348/2547/10 2349/2546/10 2342/2541/10 
s 3111
f 2343/2539/10 2342/2541/10 2349/2546/10 
s 3112
f 2350/2541/4 2351/2539/4 2352/2540/4 
s 3113
f 2353/2538/4 2352/2540/4 2351/2539/4 
s 3114
f 2352/2545/7 2353/2543/7 2354/2544/7 
s 3115
f 2355/2542/7 2354/2544/7 2353/2543/7 
s 3116
f 2354/2544/5 2355/2542/5 2356/2547/5 
s 3117
f 2357/2546/5 2356/2547/5 2355/2542/5 
s 3118
f 2356/2547/10 2357/2546/10 2350/2541/10 
s 3119
f 2351/2539/10 2350/2541/10 2357/2546/10 
s 3120
f 2358/2541/4 2359/2539/4 2360/2540/4 
s 3121
f 2361/2538/4 2360/2540/4 2359/2539/4 
s 3122
f 2360/2545/7 2361/2543/7 2362/2544/7 
s 3123
f 2363/2542/7 2362/2544/7 2361/2543/7 
s 3124
f 2362/2544/5 2363/2542/5 2364/2547/5 
s 3125
f 2365/2546/5 2364/2547/5 2363/2542/5 
s 3126
f 2364/2547/10 2365/2546/10 2358/2541/10 
s 3127
f 2359/2539/10 2358/2541/10 2365/2546/10 
s 3128
f 2366/2541/4 2367/2539/4 2368/2540/4 
s 3129
f 2369/2538/4 2368/2540/4 2367/2539/4 
s 3130
f 2368/2545/7 2369/2543/7 2370/2544/7 
s 3131
f 2371/2542/7 2370/2544/7 2369/2543/7 
s 3132
f 2370/2544/5 2371/2542/5 2372/2547/5 
s 3133
f 2373/2546/5 2372/2547/5 2371/2542/5 
s 3134
f 2372/2547/10 2373/2546/10 2366/2541/10 
s 3135
f 2367/2539/10 2366/2541/10 2373/2546/10 
s 3136
f 2374/2541/4 2375/2539/4 2376/2540/4 
s 3137
f 2377/2538/4 2376/2540/4 2375/2539/4 
s 3138
f 2376/2545/7 2377/2543/7 2378/2544/7 
s 3139
f 2379/2542/7 2378/2544/7 2377/2543/7 
s 3140
f 2378/2544/5 2379/2542/5 2380/2547/5 
s 3141
f 2381/2546/5 2380/2547/5 2379/2542/5 
s 3142
f 2380/2547/10 2381/2546/10 2374/2541/10 
s 3143
f 2375/2539/10 2374/2541/10 2381/2546/10 
s 3144
f 2382/2541/4 2383/2539/4 2384/2540/4 
s 3145
f 2385/2538/4 2384/2540/4 2383/2539/4 
s 3146
f 2384/2545/7 2385/2543/7 2386/2544/7 
s 3147
f 2387/2542/7 2386/2544/7 2385/2543/7 
s 3148
f 2386/2544/5 2387/2542/5 2388/2547/5 
s 3149
f 2389/2546/5 2388/2547/5 2387/2542/5 
s 3150
f 2388/2547/10 2389/2546/10 2382/2541/10 
s 3151
f 2383/2539/10 2382/2541/10 2389/2546/10 
s 3152
f 2390/2541/4 2391/2539/4 2392/2540/4 
s 3153
f 2393/2538/4 2392/2540/4 2391/2539/4 
s 3154
f 2392/2545/7 2393/2543/7 2394/2544/7 
s 3155
f 2395/2542/7 2394/2544/7 2393/2543/7 
s 3156
f 2394/2544/5 2395/2542/5 2396/2547/5 
s 3157
f 2397/2546/5 2396/2547/5 2395/2542/5 
s 3158
f 2396/2547/10 2397/2546/10 2390/2541/10 
s 3159
f 2391/2539/10 2390/2541/10 2397/2546/10 
s 3160
f 2398/2541/4 2399/2539/4 2400/2540/4 
s 3161
f 2401/2538/4 2400/2540/4 2399/2539/4 
s 3162
f 2400/2545/7 2401/2543/7 2402/2544/7 
s 3163
f 2403/2542/7 2402/2544/7 2401/2543/7 
s 3164
f 2402/2544/5 2403/2542/5 2404/2547/5 
s 3165
f 2405/2546/5 2404/2547/5 2403/2542/5 
s 3166
f 2404/2547/10 2405/2546/10 2398/2541/10 
s 3167
f 2399/2539/10 2398/2541/10 2405/2546/10 
s 3168
f 2406/2541/4 2407/2539/4 2408/2540/4 
s 3169
f 2409/2538/4 2408/2540/4 2407/2539/4 
s 3170
f 2408/2545/7 2409/2543/7 2410/2544/7 
s 3171
f 2411/2542/7 2410/2544/7 2409/2543/7 
s 3172
f 2410/2544/5 2411/2542/5 2412/2547/5 
s 3173
f 2413/2546/5 2412/2547/5 2411/2542/5 
s 3174
f 2412/2547/10 2413/2546/10 2406/2541/10 
s 3175
f 2407/2539/10 2406/2541/10 2413/2546/10 
s 3176
f 2255/2530/732 2414/2549/732 2254/2531/732 
s 3177
f 2415/2548/732 2254/2531/732 2414/2549/732 
s 3178
f 2251/2551/6 2250/2550/6 2414/2549/6 
s 3179
f 2415/2548/6 2414/2549/6 2250/2550/6 
s 3180
f 2261/2536/732 2416/2553/732 2260/2537/732 
s 3181
f 2417/2552/732 2260/2537/732 2416/2553/732 
s 3182
f 2257/2555/6 2256/2554/6 2416/2553/6 
s 3183
f 2417/2552/6 2416/2553/6 2256/2554/6 
s 3184
f 289/2556/79 290/2557/79 1523/2558/79 
s 3185
f 1521/2559/79 1523/2558/79 290/2557/79 
s 3186
f 291/2560/80 292/2561/80 1516/2562/80 
s 3187
f 1517/2563/80 1516/2562/80 292/2561/80 
s 3188
f 290/2557/81 293/2564/81 1521/2559/81 
s 3189
f 1520/2565/81 1521/2559/81 293/2564/81 
s 3190
f 292/2561/5 294/2566/5 1517/2563/5 
s 3191
f 1518/2567/5 1517/2563/5 294/2566/5 
s 3192
f 1519/2568/82 295/2569/82 1516/2562/82 
s 3193
f 291/2560/82 1516/2562/82 295/2569/82 
s 3194
f 293/2564/7 295/2569/7 1520/2565/7 
s 3195
f 1519/2568/7 1520/2565/7 295/2569/7 
s 3196
f 296/2570/4 289/2556/4 1522/2571/4 
s 3197
f 1523/2558/4 1522/2571/4 289/2556/4 
s 3198
f 1544/2572/84 297/334/84 1542/2573/84 
s 3199
f 298/332/84 1542/2573/84 297/334/84 
s 3200
f 1547/2574/85 299/338/85 1546/2575/85 
s 3201
f 300/336/85 1546/2575/85 299/338/85 
s 3202
f 1548/2576/82 301/340/82 1544/2572/82 
s 3203
f 297/334/82 1544/2572/82 301/340/82 
s 3204
f 1545/2577/4 302/342/4 1547/2574/4 
s 3205
f 299/338/4 1547/2574/4 302/342/4 
s 3206
f 300/336/83 303/344/83 1546/2575/83 
s 3207
f 1549/2578/83 1546/2575/83 303/344/83 
s 3208
f 1549/2578/7 303/344/7 1548/2576/7 
s 3209
f 301/340/7 1548/2576/7 303/344/7 
s 3210
f 1542/2573/5 298/332/5 1543/2579/5 
s 3211
f 304/346/5 1543/2579/5 298/332/5 
s 3212
f 1559/2580/5 1557/2581/5 1561/2582/5 
s 3213
f 1557/2581/5 1555/2583/5 1561/2582/5 
s 3214
f 1563/2584/5 1561/2582/5 1555/2583/5 
s 3215
f 1555/2583/5 1553/2585/5 1563/2584/5 
s 3216
f 1565/2586/5 1563/2584/5 1553/2585/5 
s 3217
f 1551/2587/5 1565/2586/5 1553/2585/5 
s 3218
f 2418/2588/733 2419/2589/734 2420/2590/735 
s 3219
f 2418/2588/733 2421/2591/736 2419/2589/734 
s 3220
f 2422/2592/737 2419/2589/734 2421/2591/736 
s 3221
f 2423/2593/738 2422/2592/737 2421/2591/736 
s 3222
f 2424/2594/4 2425/2595/4 2426/2596/4 
s 3223
f 2424/2594/4 2427/2597/4 2425/2595/4 
s 3224
f 2428/2598/4 2425/2595/4 2427/2597/4 
s 3225
f 2428/2598/4 2429/2599/4 2425/2595/4 
s 3226
f 2429/2599/4 2428/2598/4 2430/2600/4 
s 3227
f 2431/2601/4 2430/2600/4 2428/2598/4 
s 3228
f 2430/2600/4 2431/2601/4 2432/2602/4 
s 3229
f 2433/2603/4 2432/2602/4 2431/2601/4 
s 3230
f 2433/2603/4 2434/2604/4 2432/2602/4 
s 3231
f 1558/2605/4 1560/2606/4 1556/2607/4 
s 3232
f 1560/2606/4 1562/2608/4 1556/2607/4 
s 3233
f 1554/2609/4 1556/2607/4 1562/2608/4 
s 3234
f 1562/2608/4 1564/2610/4 1554/2609/4 
s 3235
f 1552/2611/4 1554/2609/4 1564/2610/4 
s 3236
f 1550/2612/4 1552/2611/4 1564/2610/4 
s 3237
f 2435/2613/5 2436/2614/5 2437/2615/5 
s 3238
f 2436/2614/5 2435/2613/5 2438/2616/5 
s 3239
f 2439/2617/5 2438/2616/5 2435/2613/5 
s 3240
f 2440/2618/5 2439/2617/5 2435/2613/5 
s 3241
f 2440/2618/5 2441/2619/5 2439/2617/5 
s 3242
f 2442/2620/5 2439/2617/5 2441/2619/5 
s 3243
f 2441/2619/5 2443/2621/5 2442/2620/5 
s 3244
f 2444/2622/5 2442/2620/5 2443/2621/5 
s 3245
f 2445/2623/5 2444/2622/5 2443/2621/5 
s 3246
f 2446/2624/569 2443/2625/569 2447/2626/739 
s 3247
f 2441/2627/739 2447/2626/739 2443/2625/569 
s 3248
f 2447/2626/739 2441/2627/739 2448/2628/740 
s 3249
f 2440/2629/740 2448/2628/740 2441/2627/739 
s 3250
f 2448/2628/740 2440/2629/740 2449/2630/741 
s 3251
f 2435/2631/741 2449/2630/741 2440/2629/740 
s 3252
f 2450/2632/742 2438/2633/742 2451/2634/743 
s 3253
f 2439/2635/743 2451/2634/743 2438/2633/742 
s 3254
f 2451/2634/743 2439/2635/743 2452/2636/744 
s 3255
f 2442/2637/744 2452/2636/744 2439/2635/743 
s 3256
f 2452/2636/744 2442/2637/744 2453/2638/10 
s 3257
f 2444/2639/10 2453/2638/10 2442/2637/744 
s 3258
f 2453/2638/10 2444/2639/10 2454/2640/568 
s 3259
f 2445/2641/568 2454/2640/568 2444/2639/10 
s 3260
f 2454/2640/568 2445/2641/568 2446/2624/569 
s 3261
f 2443/2625/569 2446/2624/569 2445/2641/568 
s 3262
f 2420/2642/4 2419/2643/4 2455/2644/4 
s 3263
f 2456/2645/4 2455/2644/4 2419/2643/4 
s 3264
f 2456/2645/4 2450/2646/4 2455/2644/4 
s 3265
f 2449/2647/4 2455/2644/4 2450/2646/4 
s 3266
f 2450/2646/4 2451/2648/4 2449/2647/4 
s 3267
f 2448/2649/4 2449/2647/4 2451/2648/4 
s 3268
f 2451/2648/4 2452/2650/4 2448/2649/4 
s 3269
f 2447/2651/4 2448/2649/4 2452/2650/4 
s 3270
f 2452/2650/4 2453/2652/4 2447/2651/4 
s 3271
f 2446/2653/4 2447/2651/4 2453/2652/4 
s 3272
f 2454/2654/4 2446/2653/4 2453/2652/4 
s 3273
f 2457/2655/745 2458/2656/746 2459/2657/747 
s 3274
f 2458/2656/746 2457/2655/745 2460/2658/748 
s 3275
f 2461/2659/749 2460/2658/748 2457/2655/745 
s 3276
f 2461/2659/749 2462/2660/750 2460/2658/748 
s 3277
f 1569/2661/5 1588/2662/5 1567/2663/5 
s 3278
f 1590/2664/5 1567/2663/5 1588/2662/5 
s 3279
f 1573/2665/4 1584/2666/4 1571/2667/4 
s 3280
f 1586/2668/4 1571/2667/4 1584/2666/4 
s 3281
f 1590/2664/6 1584/2666/6 1567/2663/6 
s 3282
f 1573/2665/6 1567/2663/6 1584/2666/6 
s 3283
f 1586/2668/1 1588/2669/1 1571/2667/1 
s 3284
f 1569/2670/1 1571/2667/1 1588/2669/1 
s 3285
f 1599/2671/751 1598/2672/751 2463/2673/751 
s 3286
f 2464/2674/751 2463/2673/751 1598/2672/751 
s 3287
f 2463/2675/5 2464/2676/5 2465/2677/5 
s 3288
f 2466/2678/5 2465/2677/5 2464/2676/5 
s 3289
f 1616/2679/752 1615/2680/752 2467/2681/752 
s 3290
f 2468/2682/752 2467/2681/752 1615/2680/752 
s 3291
f 2467/2683/4 2468/2684/4 2469/2685/4 
s 3292
f 2470/2686/4 2469/2685/4 2468/2684/4 
s 3293
f 2471/2687/4 2472/2688/4 2473/2689/4 
s 3294
f 2474/2690/4 2473/2689/4 2472/2688/4 
s 3295
f 2473/2691/751 2474/2692/751 1618/2693/751 
s 3296
f 1634/2694/751 1618/2693/751 2474/2692/751 
s 3297
f 2475/2695/5 2476/2696/5 2477/2697/5 
s 3298
f 2478/2698/5 2477/2697/5 2476/2696/5 
s 3299
f 2477/2699/752 2478/2700/752 1601/2701/752 
s 3300
f 1642/2702/752 1601/2701/752 2478/2700/752 
s 3301
f 2466/2703/6 2464/2674/6 1597/2704/6 
s 3302
f 1598/2672/6 1597/2704/6 2464/2674/6 
s 3303
f 2470/2705/1 2468/2682/1 1614/2706/1 
s 3304
f 1615/2680/1 1614/2706/1 2468/2682/1 
s 3305
f 1599/2671/6 2463/2673/6 1570/2000/6 
s 3306
f 1570/2000/6 2463/2673/6 1572/2002/6 
s 3307
f 2473/2691/6 1572/2002/6 2463/2673/6 
s 3308
f 1572/2002/6 2473/2691/6 1618/2693/6 
s 3309
f 1634/2694/6 2474/2692/6 1617/2707/6 
s 3310
f 2472/2708/6 1617/2707/6 2474/2692/6 
s 3311
f 1616/2679/1 2467/2681/1 1587/2020/1 
s 3312
f 1587/2020/1 2467/2681/1 1589/2022/1 
s 3313
f 2477/2699/1 1589/2022/1 2467/2681/1 
s 3314
f 1589/2022/1 2477/2699/1 1601/2701/1 
s 3315
f 1642/2702/1 2478/2700/1 1600/2709/1 
s 3316
f 2476/2710/1 1600/2709/1 2478/2700/1 
s 3317
f 2473/2689/6 2463/2675/6 2471/2687/6 
s 3318
f 2465/2677/6 2471/2687/6 2463/2675/6 
s 3319
f 2477/2697/1 2467/2683/1 2475/2695/1 
s 3320
f 2469/2685/1 2475/2695/1 2467/2683/1 
s 3321
f 1620/2711/752 1624/2712/752 2479/2713/752 
s 3322
f 2480/2714/752 2479/2713/752 1624/2712/752 
s 3323
f 2479/2715/4 2480/2716/4 2481/2717/4 
s 3324
f 2482/2718/4 2481/2717/4 2480/2716/4 
s 3325
f 1603/2719/751 1607/2720/751 2483/2721/751 
s 3326
f 2484/2722/751 2483/2721/751 1607/2720/751 
s 3327
f 2483/2723/5 2484/2724/5 2485/2725/5 
s 3328
f 2486/2726/5 2485/2725/5 2484/2724/5 
s 3329
f 2487/2727/5 2488/2728/5 2489/2729/5 
s 3330
f 2490/2730/5 2489/2729/5 2488/2728/5 
s 3331
f 2489/2731/752 2490/2732/752 1602/2733/752 
s 3332
f 1606/2734/752 1602/2733/752 2490/2732/752 
s 3333
f 2491/2735/4 2492/2736/4 2493/2737/4 
s 3334
f 2494/2738/4 2493/2737/4 2492/2736/4 
s 3335
f 2493/2739/751 2494/2740/751 1619/2741/751 
s 3336
f 1623/2742/751 1619/2741/751 2494/2740/751 
s 3337
f 2495/2743/7 2496/2744/7 2497/2745/7 
s 3338
f 2498/2746/7 2497/2745/7 2496/2744/7 
s 3339
f 2499/2747/4 2495/2743/4 2500/2748/4 
s 3340
f 2497/2745/4 2500/2748/4 2495/2743/4 
s 3341
f 2501/2749/10 2499/2747/10 2502/2750/10 
s 3342
f 2500/2748/10 2502/2750/10 2499/2747/10 
s 3343
f 2503/2751/731 2504/2752/731 2505/2753/731 
s 3344
f 2506/2754/731 2505/2753/731 2504/2752/731 
s 3345
f 2507/2755/1 2505/2753/1 2508/2756/1 
s 3346
f 2506/2754/1 2508/2756/1 2505/2753/1 
s 3347
f 2509/2757/731 2510/2758/731 2511/2759/731 
s 3348
f 2512/2760/731 2511/2759/731 2510/2758/731 
s 3349
f 2513/2761/1 2511/2759/1 2514/2762/1 
s 3350
f 2512/2760/1 2514/2762/1 2511/2759/1 
s 3351
f 2515/2763/732 2516/2764/732 2508/2756/732 
s 3352
f 2507/2755/732 2508/2756/732 2516/2764/732 
s 3353
f 2504/2765/6 2503/2766/6 2515/2763/6 
s 3354
f 2516/2764/6 2515/2763/6 2503/2766/6 
s 3355
f 2517/2767/732 2518/2768/732 2514/2762/732 
s 3356
f 2513/2761/732 2514/2762/732 2518/2768/732 
s 3357
f 2510/2769/6 2509/2770/6 2517/2767/6 
s 3358
f 2518/2768/6 2517/2767/6 2509/2770/6 
s 3359
f 2519/2750/4 2520/2749/4 2521/2771/4 
s 3360
f 2522/2772/4 2521/2771/4 2520/2749/4 
s 3361
f 2521/2746/7 2522/2744/7 2523/2745/7 
s 3362
f 2524/2743/7 2523/2745/7 2522/2744/7 
s 3363
f 2523/2745/5 2524/2743/5 2525/2748/5 
s 3364
f 2526/2747/5 2525/2748/5 2524/2743/5 
s 3365
f 2525/2748/10 2526/2747/10 2519/2750/10 
s 3366
f 2520/2749/10 2519/2750/10 2526/2747/10 
s 3367
f 2527/2750/4 2528/2749/4 2529/2771/4 
s 3368
f 2530/2772/4 2529/2771/4 2528/2749/4 
s 3369
f 2529/2746/7 2530/2744/7 2531/2745/7 
s 3370
f 2532/2743/7 2531/2745/7 2530/2744/7 
s 3371
f 2531/2745/5 2532/2743/5 2533/2748/5 
s 3372
f 2534/2747/5 2533/2748/5 2532/2743/5 
s 3373
f 2533/2748/10 2534/2747/10 2527/2750/10 
s 3374
f 2528/2749/10 2527/2750/10 2534/2747/10 
s 3375
f 2535/2750/4 2536/2749/4 2537/2771/4 
s 3376
f 2538/2772/4 2537/2771/4 2536/2749/4 
s 3377
f 2537/2746/7 2538/2744/7 2539/2745/7 
s 3378
f 2540/2743/7 2539/2745/7 2538/2744/7 
s 3379
f 2539/2745/5 2540/2743/5 2541/2748/5 
s 3380
f 2542/2747/5 2541/2748/5 2540/2743/5 
s 3381
f 2541/2748/10 2542/2747/10 2535/2750/10 
s 3382
f 2536/2749/10 2535/2750/10 2542/2747/10 
s 3383
f 2543/2750/4 2544/2749/4 2545/2771/4 
s 3384
f 2546/2772/4 2545/2771/4 2544/2749/4 
s 3385
f 2545/2746/7 2546/2744/7 2547/2745/7 
s 3386
f 2548/2743/7 2547/2745/7 2546/2744/7 
s 3387
f 2547/2745/5 2548/2743/5 2549/2748/5 
s 3388
f 2550/2747/5 2549/2748/5 2548/2743/5 
s 3389
f 2549/2748/10 2550/2747/10 2543/2750/10 
s 3390
f 2544/2749/10 2543/2750/10 2550/2747/10 
s 3391
f 1757/2773/7 2551/2774/7 1758/2775/7 
s 3392
f 2552/2776/7 1758/2775/7 2551/2774/7 
s 3393
f 2553/2777/7 2554/2778/7 2555/2779/7 
s 3394
f 2556/2780/7 2555/2779/7 2554/2778/7 
s 3395
f 2557/2781/753 2555/2779/753 2558/2782/753 
s 3396
f 2556/2780/753 2558/2782/753 2555/2779/753 
s 3397
f 2559/2783/754 2554/2778/754 2560/2784/754 
s 3398
f 2553/2777/754 2560/2784/754 2554/2778/754 
s 3399
f 1760/2785/754 1758/2775/754 2561/2786/754 
s 3400
f 2552/2776/754 2561/2786/754 1758/2775/754 
s 3401
f 2562/2787/753 2551/2774/753 1759/2788/753 
s 3402
f 1757/2773/753 1759/2788/753 2551/2774/753 
s 3403
f 1755/2789/755 1691/2192/756 2563/2790/756 
s 3404
f 1693/2194/756 2563/2790/756 1691/2192/756 
s 3405
f 1693/2194/755 1763/2228/755 2564/2791/755 
s 3406
f 2565/2792/755 2564/2791/755 1763/2228/755 
s 3407
f 1764/2229/10 1693/2194/10 2566/2793/10 
s 3408
f 2566/2793/10 1693/2194/10 2567/2794/682 
s 3409
f 1693/2194/10 1690/2191/682 2567/2794/682 
s 3410
f 2568/2795/4 2569/2796/4 2570/2797/4 
s 3411
f 2569/2796/4 2568/2795/4 2571/2798/4 
s 3412
f 2572/2799/4 2571/2798/4 2568/2795/4 
s 3413
f 2573/2800/4 2572/2799/4 2568/2795/4 
s 3414
f 2573/2800/4 2574/2801/4 2572/2799/4 
s 3415
f 2575/2802/4 2572/2799/4 2574/2801/4 
s 3416
f 2574/2801/4 2576/2803/4 2575/2802/4 
s 3417
f 2577/2804/4 2575/2802/4 2576/2803/4 
s 3418
f 2578/2805/4 2577/2804/4 2576/2803/4 
s 3419
f 2579/2806/1 2576/2807/1 2580/2808/572 
s 3420
f 2574/2809/572 2580/2808/572 2576/2807/1 
s 3421
f 2580/2808/572 2574/2809/572 2581/2810/757 
s 3422
f 2573/2811/757 2581/2810/757 2574/2809/572 
s 3423
f 2581/2810/757 2573/2811/757 2582/2812/758 
s 3424
f 2568/2813/758 2582/2812/758 2573/2811/757 
s 3425
f 2583/2814/759 2571/2815/759 2584/2816/760 
s 3426
f 2572/2817/760 2584/2816/760 2571/2815/759 
s 3427
f 2584/2816/760 2572/2817/760 2585/2818/568 
s 3428
f 2575/2819/568 2585/2818/568 2572/2817/760 
s 3429
f 2585/2818/568 2575/2819/568 2586/2820/10 
s 3430
f 2577/2821/10 2586/2820/10 2575/2819/568 
s 3431
f 2586/2820/10 2577/2821/10 2587/2822/573 
s 3432
f 2578/2823/573 2587/2822/573 2577/2821/10 
s 3433
f 2587/2822/573 2578/2823/573 2579/2806/1 
s 3434
f 2576/2807/1 2579/2806/1 2578/2823/573 
s 3435
f 2588/2824/5 2589/2825/5 2590/2826/5 
s 3436
f 2588/2824/5 2591/2827/5 2589/2825/5 
s 3437
f 2592/2828/5 2589/2825/5 2591/2827/5 
s 3438
f 2592/2828/5 2593/2829/5 2589/2825/5 
s 3439
f 2593/2829/5 2592/2828/5 2594/2830/5 
s 3440
f 2595/2831/5 2594/2830/5 2592/2828/5 
s 3441
f 2594/2830/5 2595/2831/5 2596/2832/5 
s 3442
f 2597/2833/5 2596/2832/5 2595/2831/5 
s 3443
f 2597/2833/5 2598/2834/5 2596/2832/5 
s 3444
f 1769/2234/10 2599/2835/10 2600/2836/10 
s 3445
f 2601/2837/10 2600/2836/10 2599/2835/10 
s 3446
f 1745/2236/761 1749/2838/761 1769/2234/761 
s 3447
f 2599/2835/761 1769/2234/761 1749/2838/761 
s 3448
f 2602/2839/762 2603/2840/763 1694/2195/764 
s 3449
f 1695/2196/765 1694/2195/764 2603/2840/763 
s 3450
f 1745/2236/766 1770/2235/766 1694/2195/766 
s 3451
f 2602/2839/767 1694/2195/766 1770/2235/766 
s 3452
f 1749/2838/768 1751/2841/769 2599/2835/770 
s 3453
f 1753/2842/771 2599/2835/770 1751/2841/769 
s 3454
f 1755/2789/772 2563/2790/772 1753/2842/772 
s 3455
f 2599/2835/772 1753/2842/772 2563/2790/772 
s 3456
f 1691/2192/773 1696/2197/773 1692/2193/773 
s 3457
f 1695/2196/773 1692/2193/773 1696/2197/773 
s 3458
f 2603/2840/774 2602/2839/774 2604/2843/774 
s 3459
f 2603/2840/774 2604/2843/774 1690/2191/775 
s 3460
f 2567/2794/775 1690/2191/775 2604/2843/774 
s 3461
f 2462/2844/776 2605/2845/777 2460/2846/778 
s 3462
f 2570/2847/779 2460/2846/778 2605/2845/777 
s 3463
f 2460/2846/778 2570/2847/779 2458/2848/780 
s 3464
f 2590/2849/779 2458/2848/780 2570/2847/779 
s 3465
f 2458/2848/780 2590/2849/779 2459/2850/781 
s 3466
f 2606/2851/782 2459/2850/781 2590/2849/779 
s 3467
f 2590/2849/779 2589/2852/783 2606/2851/782 
s 3468
f 2607/2853/783 2606/2851/782 2589/2852/783 
s 3469
f 2582/2812/783 2568/2813/783 2605/2845/777 
s 3470
f 2570/2847/779 2605/2845/777 2568/2813/783 
s 3471
f 2608/2854/10 2609/2855/10 2610/2856/10 
s 3472
f 2611/2857/10 2610/2856/10 2609/2855/10 
s 3473
f 2603/2858/784 1690/2859/784 2611/2857/784 
s 3474
f 2610/2856/784 2611/2857/784 1690/2859/784 
s 3475
f 2609/2855/1 1695/2860/1 2611/2857/1 
s 3476
f 2603/2861/1 2611/2857/1 1695/2860/1 
s 3477
f 2610/2856/6 1690/2862/6 2608/2854/6 
s 3478
f 1692/2863/6 2608/2854/6 1690/2862/6 
s 3479
f 2608/2854/785 1692/2864/785 2609/2855/785 
s 3480
f 1695/2865/785 2609/2855/785 1692/2864/785 
s 3481
f 2612/2866/7 2613/2867/7 1789/2298/7 
s 3482
f 1787/2296/7 1789/2298/7 2613/2867/7 
s 3483
f 2600/2868/5 2612/2869/5 1769/2870/5 
s 3484
f 1789/2871/5 1769/2870/5 2612/2869/5 
s 3485
f 2613/2872/4 2601/2873/4 1787/2874/4 
s 3486
f 2599/2875/4 1787/2874/4 2601/2873/4 
s 3487
f 1801/2876/4 1787/2874/4 2563/2877/4 
s 3488
f 2599/2875/4 2563/2877/4 1787/2874/4 
s 3489
f 2613/2878/1 2612/2869/1 2601/2879/1 
s 3490
f 2600/2868/1 2601/2879/1 2612/2869/1 
s 3491
f 1691/2205/6 1755/2880/6 1748/2204/6 
s 3492
f 1756/2881/6 1748/2204/6 1755/2880/6 
s 3493
f 1750/2882/1 1749/2883/1 1744/2198/1 
s 3494
f 1745/2199/1 1744/2198/1 1749/2883/1 
s 3495
f 1786/2884/1 2562/2787/1 1761/2885/1 
s 3496
f 1759/2788/1 1761/2885/1 2562/2787/1 
s 3497
f 1762/2886/6 1760/2785/6 1802/2887/6 
s 3498
f 2561/2786/6 1802/2887/6 1760/2785/6 
s 3499
f 1802/2888/4 2561/2889/4 1786/2890/4 
s 3500
f 2562/2891/4 1786/2890/4 2561/2889/4 
s 3501
f 2562/2891/4 2561/2889/4 2551/2892/4 
s 3502
f 2552/2893/4 2551/2892/4 2561/2889/4 
s 3503
f 2614/2894/786 2615/2895/786 2616/2896/787 
s 3504
f 2617/2897/787 2616/2896/787 2615/2895/786 
s 3505
f 2616/2896/787 2617/2897/787 2618/2898/1 
s 3506
f 2619/2899/1 2618/2898/1 2617/2897/787 
s 3507
f 2620/2900/4 2621/2901/4 2622/2902/4 
s 3508
f 2622/2902/4 2623/2903/4 2620/2900/4 
s 3509
f 2624/2904/4 2620/2900/4 2623/2903/4 
s 3510
f 2624/2904/4 2623/2903/4 2625/2905/4 
s 3511
f 2626/2906/4 2625/2905/4 2623/2903/4 
s 3512
f 2627/2907/1 2626/2908/1 2628/2909/788 
s 3513
f 2623/2910/788 2628/2909/788 2626/2908/1 
s 3514
f 2623/2910/788 2622/2911/789 2628/2909/788 
s 3515
f 2629/2912/789 2628/2909/788 2622/2911/789 
s 3516
f 1788/2913/5 1785/2914/5 1770/2915/5 
s 3517
f 2602/2916/5 1770/2915/5 1785/2914/5 
s 3518
f 1799/2917/5 1798/2918/5 2604/2919/5 
s 3519
f 2567/2920/5 2604/2919/5 1798/2918/5 
s 3520
f 2630/2921/10 2631/2922/10 2632/2923/10 
s 3521
f 1767/2232/10 2632/2923/10 2631/2922/10 
s 3522
f 2631/2922/761 2633/2924/761 1767/2232/761 
s 3523
f 1768/2233/761 1767/2232/761 2633/2924/761 
s 3524
f 1779/2281/765 2634/2925/790 1780/2282/791 
s 3525
f 2635/2926/792 1780/2282/791 2634/2925/790 
s 3526
f 2635/2926/793 1766/2231/793 1780/2282/793 
s 3527
f 1768/2233/793 1780/2282/793 1766/2231/793 
s 3528
f 2636/2927/794 2637/2928/795 2631/2922/796 
s 3529
f 2633/2924/797 2631/2922/796 2637/2928/795 
s 3530
f 2631/2922/798 2564/2791/798 2636/2927/798 
s 3531
f 2565/2792/798 2636/2927/798 2564/2791/798 
s 3532
f 1779/2281/799 1781/2283/799 1765/2230/799 
s 3533
f 1763/2228/799 1765/2230/799 1781/2283/799 
s 3534
f 2566/2793/800 2638/2929/801 1764/2229/800 
s 3535
f 2634/2925/801 1764/2229/800 2638/2929/801 
s 3536
f 2635/2926/801 2634/2925/801 2638/2929/801 
s 3537
f 2639/2930/7 2640/2931/802 2641/2932/7 
s 3538
f 2642/2933/802 2641/2932/7 2640/2931/802 
s 3539
f 2642/2933/802 2625/2934/7 2641/2932/7 
s 3540
f 2643/2935/7 2641/2932/7 2625/2934/7 
s 3541
f 2643/2935/7 2625/2934/7 2644/2936/666 
s 3542
f 2626/2937/666 2644/2936/666 2625/2934/7 
s 3543
f 2640/2931/802 2645/2938/615 2642/2933/802 
s 3544
f 2627/2939/615 2642/2933/802 2645/2938/615 
s 3545
f 2646/2940/5 2647/2941/5 2648/2942/5 
s 3546
f 1790/2943/6 1788/2913/6 1766/2944/6 
s 3547
f 1770/2915/6 1766/2944/6 1788/2913/6 
s 3548
f 1800/2945/6 1799/2917/6 2638/2946/6 
s 3549
f 2604/2919/6 2638/2946/6 1799/2917/6 
s 3550
f 2649/2947/10 2650/2948/10 2651/2949/10 
s 3551
f 2652/2950/10 2651/2949/10 2650/2948/10 
s 3552
f 2651/2949/803 1764/2951/803 2649/2947/803 
s 3553
f 2634/2952/803 2649/2947/803 1764/2951/803 
s 3554
f 2634/2953/1 1779/2954/1 2649/2947/1 
s 3555
f 2650/2948/1 2649/2947/1 1779/2954/1 
s 3556
f 1765/2955/6 1764/2956/6 2652/2950/6 
s 3557
f 2651/2949/6 2652/2950/6 1764/2956/6 
s 3558
f 1779/2957/804 1765/2958/804 2650/2948/804 
s 3559
f 2652/2950/804 2650/2948/804 1765/2958/804 
s 3560
f 1792/2301/7 2653/2959/7 1791/2300/7 
s 3561
f 2654/2960/7 1791/2300/7 2653/2959/7 
s 3562
f 1791/2961/4 2654/2962/4 1767/2963/4 
s 3563
f 2632/2964/4 1767/2963/4 2654/2962/4 
s 3564
f 2631/2965/5 2630/2966/5 1792/2967/5 
s 3565
f 2653/2968/5 1792/2967/5 2630/2966/5 
s 3566
f 2631/2965/5 1792/2967/5 2564/2969/5 
s 3567
f 1793/2970/5 2564/2969/5 1792/2967/5 
s 3568
f 1789/2871/1 1791/2961/1 1769/2870/1 
s 3569
f 1767/2963/1 1769/2870/1 1791/2961/1 
s 3570
f 2638/2929/10 2604/2843/10 2635/2926/10 
s 3571
f 2602/2839/10 2635/2926/10 2604/2843/10 
s 3572
f 2632/2964/1 2654/2962/1 2630/2971/1 
s 3573
f 2653/2972/1 2630/2971/1 2654/2962/1 
s 3574
f 2567/2920/1 1798/2918/1 2566/2973/1 
s 3575
f 1797/2974/1 2566/2973/1 1798/2918/1 
s 3576
f 2563/2975/6 1693/2976/6 1801/2977/6 
s 3577
f 1796/2978/6 1801/2977/6 1693/2976/6 
s 3578
f 1796/2978/6 1693/2976/6 1793/2979/6 
s 3579
f 2564/2980/6 1793/2979/6 1693/2976/6 
s 3580
f 2641/2981/5 2655/2982/5 2639/2983/5 
s 3581
f 1763/2984/4 1781/2985/805 2656/2986/4 
s 3582
f 2657/2987/805 2656/2986/4 1781/2985/805 
s 3583
f 1781/2985/805 1780/2988/805 2657/2987/805 
s 3584
f 2658/2989/805 2657/2987/805 1780/2988/805 
s 3585
f 1780/2988/805 1768/2990/4 2658/2989/805 
s 3586
f 2659/2991/4 2658/2989/805 1768/2990/4 
s 3587
f 2660/2992/806 2661/2993/807 2565/2994/806 
s 3588
f 2636/2995/807 2565/2994/806 2661/2993/807 
s 3589
f 2661/2993/807 2662/2996/807 2636/2995/807 
s 3590
f 2637/2997/807 2636/2995/807 2662/2996/807 
s 3591
f 2662/2996/807 2663/2998/806 2637/2997/807 
s 3592
f 2633/2999/806 2637/2997/807 2663/2998/806 
s 3593
f 2656/3000/10 2657/3001/10 2660/3002/10 
s 3594
f 2661/3003/10 2660/3002/10 2657/3001/10 
s 3595
f 2657/3001/10 2658/3004/10 2661/3003/10 
s 3596
f 2662/3005/10 2661/3003/10 2658/3004/10 
s 3597
f 2658/3004/10 2659/3006/10 2662/3005/10 
s 3598
f 2663/3007/10 2662/3005/10 2659/3006/10 
s 3599
f 2660/2992/6 2565/2994/6 2656/3008/6 
s 3600
f 1763/3009/6 2656/3008/6 2565/2994/6 
s 3601
f 1768/3010/1 2633/2999/1 2659/3011/1 
s 3602
f 2663/2998/1 2659/3011/1 2633/2999/1 
s 3603
f 1795/3012/4 2560/3013/4 1783/3014/4 
s 3604
f 2557/3015/4 1783/3014/4 2560/3013/4 
s 3605
f 2560/3013/4 2553/3016/4 2557/3015/4 
s 3606
f 2555/3017/4 2557/3015/4 2553/3016/4 
s 3607
f 2557/2781/1 2558/2782/1 1783/3018/1 
s 3608
f 1784/3019/1 1783/3018/1 2558/2782/1 
s 3609
f 2559/2783/6 2560/2784/6 1794/3020/6 
s 3610
f 1795/3021/6 1794/3020/6 2560/2784/6 
s 3611
f 2554/3022/5 2559/3023/5 2556/3024/5 
s 3612
f 2558/3025/5 2556/3024/5 2559/3023/5 
s 3613
f 2558/3025/5 2559/3023/5 1784/3026/5 
s 3614
f 1794/3027/5 1784/3026/5 2559/3023/5 
s 3615
f 2644/3028/4 2664/3029/4 2665/3030/4 
s 3616
f 2665/3030/4 2666/3031/4 2644/3028/4 
s 3617
f 2643/3032/4 2644/3028/4 2666/3031/4 
s 3618
f 2643/3032/4 2666/3031/4 2667/3033/4 
s 3619
f 2643/3032/4 2667/3033/4 2668/3034/4 
s 3620
f 2669/3035/4 2668/3034/4 2667/3033/4 
s 3621
f 2667/3033/4 2666/3031/4 2670/3036/4 
s 3622
f 2671/3037/4 2670/3036/4 2666/3031/4 
s 3623
f 2672/3038/4 2670/3036/4 2673/3039/4 
s 3624
f 2674/3040/4 2673/3039/4 2670/3036/4 
s 3625
f 2671/3037/4 2674/3040/4 2670/3036/4 
s 3626
f 2674/3040/4 2671/3037/4 2675/3041/4 
s 3627
f 2676/3042/4 2675/3041/4 2671/3037/4 
s 3628
f 2677/3043/4 2675/3041/4 2676/3042/4 
s 3629
f 2678/3044/6 2679/3045/6 2680/3046/6 
s 3630
f 2679/3045/6 2681/3047/6 2680/3046/6 
s 3631
f 2646/2940/6 2680/3046/6 2681/3047/6 
s 3632
f 2646/2940/6 2648/2942/6 2680/3046/6 
s 3633
f 1785/2914/1 1782/3048/1 2602/2916/1 
s 3634
f 2635/3049/1 2602/2916/1 1782/3048/1 
s 3635
f 2635/3049/4 1782/3048/4 1766/3050/4 
s 3636
f 1790/3051/4 1766/3050/4 1782/3048/4 
s 3637
f 2566/2973/4 1797/2974/4 2638/3052/4 
s 3638
f 1800/3053/4 2638/3052/4 1797/2974/4 
s 3639
f 1807/3054/1 1824/3055/1 1810/3056/1 
s 3640
f 1822/3057/1 1810/3056/1 1824/3055/1 
s 3641
f 1823/3058/6 1808/3059/6 1821/3060/6 
s 3642
f 1809/3061/6 1821/3060/6 1808/3059/6 
s 3643
f 1805/3062/1 1804/3063/1 1815/3064/1 
s 3644
f 1816/3065/1 1815/3064/1 1804/3063/1 
s 3645
f 1815/3064/5 1824/3055/5 1805/3062/5 
s 3646
f 1807/3054/5 1805/3062/5 1824/3055/5 
s 3647
f 1806/3066/4 1808/3059/4 1825/3067/4 
s 3648
f 1823/3058/4 1825/3067/4 1808/3059/4 
s 3649
f 1816/3065/5 1804/3063/5 1817/3068/5 
s 3650
f 1803/3069/5 1817/3068/5 1804/3063/5 
s 3651
f 1826/3070/1 1814/3071/1 1818/3072/1 
s 3652
f 1812/3073/1 1818/3072/1 1814/3071/1 
s 3653
f 1818/3072/4 1812/3073/4 1822/3057/4 
s 3654
f 1810/3056/4 1822/3057/4 1812/3073/4 
s 3655
f 1811/3074/5 1819/3075/5 1809/3061/5 
s 3656
f 1821/3060/5 1809/3061/5 1819/3075/5 
s 3657
f 1813/3076/4 1814/3071/4 1820/3077/4 
s 3658
f 1826/3070/4 1820/3077/4 1814/3071/4 
s 3659
f 1831/3078/1 1851/3079/1 1834/3080/1 
s 3660
f 1849/3081/1 1834/3080/1 1851/3079/1 
s 3661
f 1850/3082/6 1832/3083/6 1848/3084/6 
s 3662
f 1833/3085/6 1848/3084/6 1832/3083/6 
s 3663
f 1829/3086/1 1828/3087/1 1842/3088/1 
s 3664
f 1843/3089/1 1842/3088/1 1828/3087/1 
s 3665
f 1842/3088/5 1851/3079/5 1829/3086/5 
s 3666
f 1831/3078/5 1829/3086/5 1851/3079/5 
s 3667
f 1830/3090/4 1832/3083/4 1852/3091/4 
s 3668
f 1850/3082/4 1852/3091/4 1832/3083/4 
s 3669
f 1843/3089/5 1828/3087/5 1844/3092/5 
s 3670
f 1827/3093/5 1844/3092/5 1828/3087/5 
s 3671
f 1853/3094/1 1838/3095/1 1845/3096/1 
s 3672
f 1836/3097/1 1845/3096/1 1838/3095/1 
s 3673
f 1845/3096/4 1836/3097/4 1849/3081/4 
s 3674
f 1834/3080/4 1849/3081/4 1836/3097/4 
s 3675
f 1835/3098/5 1846/3099/5 1833/3085/5 
s 3676
f 1848/3084/5 1833/3085/5 1846/3099/5 
s 3677
f 1837/3100/4 1838/3095/4 1847/3101/4 
s 3678
f 1853/3094/4 1847/3101/4 1838/3095/4 
s 3679
f 1873/3057/1 1875/3055/1 1860/3056/1 
s 3680
f 1862/3054/1 1860/3056/1 1875/3055/1 
s 3681
f 1861/3061/6 1863/3059/6 1872/3060/6 
s 3682
f 1874/3058/6 1872/3060/6 1863/3059/6 
s 3683
f 1866/3065/1 1854/3063/1 1867/3064/1 
s 3684
f 1856/3062/1 1867/3064/1 1854/3063/1 
s 3685
f 1862/3054/4 1875/3055/4 1856/3062/4 
s 3686
f 1867/3064/4 1856/3062/4 1875/3055/4 
s 3687
f 1874/3058/5 1863/3059/5 1876/3067/5 
s 3688
f 1864/3066/5 1876/3067/5 1863/3059/5 
s 3689
f 1855/3069/4 1854/3063/4 1868/3068/4 
s 3690
f 1866/3065/4 1868/3068/4 1854/3063/4 
s 3691
f 1858/3073/1 1865/3071/1 1870/3072/1 
s 3692
f 1877/3070/1 1870/3072/1 1865/3071/1 
s 3693
f 1860/3056/5 1858/3073/5 1873/3057/5 
s 3694
f 1870/3072/5 1873/3057/5 1858/3073/5 
s 3695
f 1872/3060/4 1869/3075/4 1861/3061/4 
s 3696
f 1859/3074/4 1861/3061/4 1869/3075/4 
s 3697
f 1877/3070/5 1865/3071/5 1871/3077/5 
s 3698
f 1857/3076/5 1871/3077/5 1865/3071/5 
s 3699
f 1911/3081/1 1913/3079/1 1898/3080/1 
s 3700
f 1900/3078/1 1898/3080/1 1913/3079/1 
s 3701
f 1899/3085/6 1901/3083/6 1910/3084/6 
s 3702
f 1912/3082/6 1910/3084/6 1901/3083/6 
s 3703
f 1904/3089/1 1892/3087/1 1905/3088/1 
s 3704
f 1894/3086/1 1905/3088/1 1892/3087/1 
s 3705
f 1900/3078/4 1913/3079/4 1894/3086/4 
s 3706
f 1905/3088/4 1894/3086/4 1913/3079/4 
s 3707
f 1912/3082/5 1901/3083/5 1914/3091/5 
s 3708
f 1902/3090/5 1914/3091/5 1901/3083/5 
s 3709
f 1893/3093/4 1892/3087/4 1906/3092/4 
s 3710
f 1904/3089/4 1906/3092/4 1892/3087/4 
s 3711
f 1896/3097/1 1903/3095/1 1908/3096/1 
s 3712
f 1915/3094/1 1908/3096/1 1903/3095/1 
s 3713
f 1898/3080/5 1896/3097/5 1911/3081/5 
s 3714
f 1908/3096/5 1911/3081/5 1896/3097/5 
s 3715
f 1910/3084/4 1907/3099/4 1899/3085/4 
s 3716
f 1897/3098/4 1899/3085/4 1907/3099/4 
s 3717
f 1915/3094/5 1903/3095/5 1909/3101/5 
s 3718
f 1895/3100/5 1909/3101/5 1903/3095/5 
s 3719
f 2682/3102/6 2683/3103/6 2684/3104/6 
s 3720
f 2685/3105/6 2684/3104/6 2683/3103/6 
s 3721
f 2686/3106/4 2687/3107/4 2683/3103/4 
s 3722
f 2685/3105/4 2683/3103/4 2687/3107/4 
s 3723
f 2688/3108/1 2689/3109/1 2686/3106/1 
s 3724
f 2687/3107/1 2686/3106/1 2689/3109/1 
s 3725
f 2690/3110/5 2691/3111/5 2692/3112/5 
s 3726
f 2693/3113/5 2692/3112/5 2691/3111/5 
s 3727
f 2682/3102/5 2684/3104/5 2688/3114/5 
s 3728
f 2689/3115/5 2688/3114/5 2684/3104/5 
s 3729
f 2694/3116/6 2695/3117/6 2690/3110/6 
s 3730
f 2691/3111/6 2690/3110/6 2695/3117/6 
s 3731
f 2696/3118/4 2697/3119/4 2694/3120/4 
s 3732
f 2695/3121/4 2694/3120/4 2697/3119/4 
s 3733
f 2693/3113/1 2697/3119/1 2692/3112/1 
s 3734
f 2696/3118/1 2692/3112/1 2697/3119/1 
s 3735
f 2686/3106/7 2683/3103/7 2688/3122/7 
s 3736
f 2682/3123/7 2688/3122/7 2683/3103/7 
s 3737
f 2696/3124/7 2694/3125/7 2692/3112/7 
s 3738
f 2690/3110/7 2692/3112/7 2694/3125/7 
s 3739
f 2698/3126/6 2699/3127/6 2700/3104/6 
s 3740
f 2701/3105/6 2700/3104/6 2699/3127/6 
s 3741
f 2702/3128/4 2703/3107/4 2699/3127/4 
s 3742
f 2701/3105/4 2699/3127/4 2703/3107/4 
s 3743
f 2704/3129/1 2705/3109/1 2702/3128/1 
s 3744
f 2703/3107/1 2702/3128/1 2705/3109/1 
s 3745
f 2706/3130/5 2707/3111/5 2708/3131/5 
s 3746
f 2709/3113/5 2708/3131/5 2707/3111/5 
s 3747
f 2698/3126/5 2700/3104/5 2704/3132/5 
s 3748
f 2705/3115/5 2704/3132/5 2700/3104/5 
s 3749
f 2710/3133/6 2711/3117/6 2706/3130/6 
s 3750
f 2707/3111/6 2706/3130/6 2711/3117/6 
s 3751
f 2712/3134/4 2713/3119/4 2710/3135/4 
s 3752
f 2711/3121/4 2710/3135/4 2713/3119/4 
s 3753
f 2709/3113/1 2713/3119/1 2708/3131/1 
s 3754
f 2712/3134/1 2708/3131/1 2713/3119/1 
s 3755
f 2702/3128/7 2699/3127/7 2704/3122/7 
s 3756
f 2698/3123/7 2704/3122/7 2699/3127/7 
s 3757
f 2712/3124/7 2710/3125/7 2708/3131/7 
s 3758
f 2706/3130/7 2708/3131/7 2710/3125/7 
s 3759
f 2714/3136/10 2715/3137/10 2716/3138/10 
s 3760
f 2717/3139/10 2716/3138/10 2715/3137/10 
s 3761
f 2715/3137/10 2718/3140/10 2717/3139/10 
s 3762
f 2718/3140/10 2719/3141/10 2717/3139/10 
s 3763
f 2720/3142/10 2717/3139/10 2719/3141/10 
s 3764
f 2719/3141/10 2721/3143/10 2720/3142/10 
s 3765
f 2721/3143/10 2722/3144/10 2720/3142/10 
s 3766
f 2723/3145/10 2720/3142/10 2722/3144/10 
s 3767
f 2722/3144/10 2724/3146/10 2723/3145/10 
s 3768
f 2724/3146/10 2725/3147/10 2723/3145/10 
s 3769
f 2716/3138/10 2723/3145/10 2725/3147/10 
s 3770
f 2725/3147/10 2714/3136/10 2716/3138/10 
s 3771
f 2640/3148/93 2726/3149/93 2727/3150/93 
s 3772
f 2726/3149/93 2640/3148/93 2728/3151/93 
s 3773
f 2655/2982/93 2728/3151/93 2640/3148/93 
s 3774
f 2640/3148/93 2639/2983/1 2655/2982/93 
s 3775
f 2729/3152/808 2730/3153/808 2731/3154/7 
s 3776
f 2732/3155/7 2731/3154/7 2730/3153/808 
s 3777
f 2731/3154/7 2732/3155/7 2733/3156/571 
s 3778
f 2734/3157/571 2733/3156/571 2732/3155/7 
s 3779
f 2735/3158/6 2736/3159/6 2737/3160/6 
s 3780
f 2736/3159/6 2738/3161/6 2737/3160/6 
s 3781
f 2677/3043/6 2737/3160/6 2738/3161/6 
s 3782
f 2738/3161/6 2675/3041/6 2677/3043/6 
s 3783
f 2615/2895/7 2614/2894/7 2739/3162/7 
s 3784
f 2740/3163/7 2739/3162/7 2614/2894/7 
s 3785
f 2426/3164/809 2425/3165/810 2741/3166/811 
s 3786
f 2742/3167/810 2741/3166/811 2425/3165/810 
s 3787
f 2449/2630/810 2435/2631/810 2455/3168/812 
s 3788
f 2437/3169/809 2455/3168/812 2435/2631/810 
s 3789
f 2455/3168/812 2437/3169/809 2420/3170/813 
s 3790
f 2418/3171/814 2420/3170/813 2437/3169/809 
s 3791
f 2437/3169/809 2426/3164/809 2418/3171/814 
s 3792
f 2421/3172/815 2418/3171/814 2426/3164/809 
s 3793
f 2426/3164/809 2741/3166/811 2421/3172/815 
s 3794
f 2423/3173/816 2421/3172/815 2741/3166/811 
s 3795
f 2433/3174/10 2431/3175/744 2743/3176/10 
s 3796
f 2744/3177/744 2743/3176/10 2431/3175/744 
s 3797
f 2431/3175/744 2428/3178/743 2744/3177/744 
s 3798
f 2745/3179/743 2744/3177/744 2428/3178/743 
s 3799
f 2428/3178/743 2427/3180/742 2745/3179/743 
s 3800
f 2746/3181/742 2745/3179/743 2427/3180/742 
s 3801
f 2425/3165/741 2429/3182/740 2742/3167/741 
s 3802
f 2747/3183/740 2742/3167/741 2429/3182/740 
s 3803
f 2429/3182/740 2430/3184/739 2747/3183/740 
s 3804
f 2748/3185/739 2747/3183/740 2430/3184/739 
s 3805
f 2430/3184/739 2432/3186/569 2748/3185/739 
s 3806
f 2749/3187/569 2748/3185/739 2432/3186/569 
s 3807
f 2432/3186/569 2434/3188/568 2749/3187/569 
s 3808
f 2750/3189/568 2749/3187/569 2434/3188/568 
s 3809
f 2434/3188/568 2433/3174/10 2750/3189/568 
s 3810
f 2743/3176/10 2750/3189/568 2433/3174/10 
s 3811
f 2749/3190/5 2750/3191/5 2743/3192/5 
s 3812
f 2749/3190/5 2743/3192/5 2748/3193/5 
s 3813
f 2744/3194/5 2748/3193/5 2743/3192/5 
s 3814
f 2748/3193/5 2744/3194/5 2747/3195/5 
s 3815
f 2745/3196/5 2747/3195/5 2744/3194/5 
s 3816
f 2747/3195/5 2745/3196/5 2742/3197/5 
s 3817
f 2746/3198/5 2742/3197/5 2745/3196/5 
s 3818
f 2742/3197/5 2746/3198/5 2741/3199/5 
s 3819
f 2751/3200/5 2741/3199/5 2746/3198/5 
s 3820
f 2741/3199/5 2751/3200/5 2423/3201/5 
s 3821
f 2422/3202/5 2423/3201/5 2751/3200/5 
s 3822
f 2752/3203/5 2753/3204/5 2754/3205/5 
s 3823
f 2751/3206/817 2746/3181/818 2427/3180/818 
s 3824
f 2427/3180/818 2438/2633/818 2751/3206/817 
s 3825
f 2450/2632/818 2456/3207/817 2438/2633/818 
s 3826
f 2456/3207/817 2751/3206/817 2438/2633/818 
s 3827
f 2456/3207/817 2419/2589/819 2751/3206/817 
s 3828
f 2422/2592/819 2751/3206/817 2419/2589/819 
s 3829
f 2427/2597/820 2424/2594/821 2438/2616/820 
s 3830
f 2436/2614/821 2438/2616/820 2424/2594/821 
s 3831
f 2424/2594/821 2426/2596/822 2436/2614/821 
s 3832
f 2437/2615/822 2436/2614/821 2426/2596/822 
s 3833
f 2755/3208/823 2756/3209/823 2457/2655/824 
s 3834
f 2461/2659/824 2457/2655/824 2756/3209/823 
s 3835
f 2583/2814/825 2756/3209/823 2571/2815/825 
s 3836
f 2571/2815/825 2756/3209/823 2591/3210/825 
s 3837
f 2755/3208/823 2591/3210/825 2756/3209/823 
s 3838
f 2755/3208/823 2757/3211/825 2591/3210/825 
s 3839
f 2461/3212/5 2756/3213/5 2462/3214/5 
s 3840
f 2605/3215/5 2462/3214/5 2756/3213/5 
s 3841
f 2756/3213/5 2583/3216/5 2605/3215/5 
s 3842
f 2582/3217/5 2605/3215/5 2583/3216/5 
s 3843
f 2583/3216/5 2584/3218/5 2582/3217/5 
s 3844
f 2581/3219/5 2582/3217/5 2584/3218/5 
s 3845
f 2584/3218/5 2585/3220/5 2581/3219/5 
s 3846
f 2580/3221/5 2581/3219/5 2585/3220/5 
s 3847
f 2585/3220/5 2586/3222/5 2580/3221/5 
s 3848
f 2579/3223/5 2580/3221/5 2586/3222/5 
s 3849
f 2587/3224/5 2579/3223/5 2586/3222/5 
s 3850
f 2758/3225/5 2759/3226/5 2760/3227/5 
s 3851
f 2597/3228/10 2595/3229/568 2761/3230/10 
s 3852
f 2762/3231/568 2761/3230/10 2595/3229/568 
s 3853
f 2595/3229/568 2592/3232/760 2762/3231/568 
s 3854
f 2763/3233/760 2762/3231/568 2592/3232/760 
s 3855
f 2592/3232/760 2591/3210/759 2763/3233/760 
s 3856
f 2757/3211/759 2763/3233/760 2591/3210/759 
s 3857
f 2589/2852/758 2593/3234/757 2607/2853/758 
s 3858
f 2764/3235/757 2607/2853/758 2593/3234/757 
s 3859
f 2593/3234/757 2594/3236/572 2764/3235/757 
s 3860
f 2765/3237/572 2764/3235/757 2594/3236/572 
s 3861
f 2594/3236/572 2596/3238/1 2765/3237/572 
s 3862
f 2766/3239/1 2765/3237/572 2596/3238/1 
s 3863
f 2596/3238/1 2598/3240/573 2766/3239/1 
s 3864
f 2767/3241/573 2766/3239/1 2598/3240/573 
s 3865
f 2598/3240/573 2597/3228/10 2767/3241/573 
s 3866
f 2761/3230/10 2767/3241/573 2597/3228/10 
s 3867
f 2590/2826/826 2570/2797/826 2588/2824/827 
s 3868
f 2569/2796/827 2588/2824/827 2570/2797/826 
s 3869
f 2588/2824/827 2569/2796/827 2591/2827/828 
s 3870
f 2571/2798/828 2591/2827/828 2569/2796/827 
s 3871
f 2648/3242/7 2647/3243/7 2680/3244/7 
s 3872
f 2647/3243/7 2752/3245/7 2680/3244/7 
s 3873
f 2768/3246/7 2680/3244/7 2752/3245/7 
s 3874
f 2752/3245/7 2754/3247/7 2768/3246/7 
s 3875
f 2667/3248/7 2670/3249/7 2647/3243/7 
s 3876
f 2752/3245/7 2647/3243/7 2670/3249/7 
s 3877
f 2766/3250/4 2767/3251/4 2761/3252/4 
s 3878
f 2766/3250/4 2761/3252/4 2765/3253/4 
s 3879
f 2762/3254/4 2765/3253/4 2761/3252/4 
s 3880
f 2765/3253/4 2762/3254/4 2764/3255/4 
s 3881
f 2763/3256/4 2764/3255/4 2762/3254/4 
s 3882
f 2764/3255/4 2763/3256/4 2607/3257/4 
s 3883
f 2757/3258/4 2607/3257/4 2763/3256/4 
s 3884
f 2607/3257/4 2757/3258/4 2606/3259/4 
s 3885
f 2755/3260/4 2606/3259/4 2757/3258/4 
s 3886
f 2755/3260/4 2457/3261/4 2606/3259/4 
s 3887
f 2459/3262/4 2606/3259/4 2457/3261/4 
s 3888
f 2769/3263/829 2770/3264/830 2771/3265/831 
s 3889
f 2772/3266/832 2771/3265/831 2770/3264/830 
s 3890
f 2769/3263/829 2773/3267/833 2774/3268/834 
s 3891
f 2774/3268/834 2619/3269/835 2769/3263/829 
s 3892
f 2770/3264/830 2769/3263/829 2619/3269/835 
s 3893
f 2619/3269/835 2775/3270/836 2770/3264/830 
s 3894
f 2775/3270/836 2619/3269/835 2776/3271/837 
s 3895
f 2617/3272/838 2776/3271/837 2619/3269/835 
s 3896
f 2617/3272/838 2772/3266/832 2776/3271/837 
s 3897
f 2617/3272/838 2777/3273/839 2772/3266/832 
s 3898
f 2771/3265/831 2772/3266/832 2777/3273/839 
s 3899
f 2778/3274/840 2771/3265/831 2777/3273/839 
s 3900
f 2777/3273/839 2774/3268/834 2778/3274/840 
s 3901
f 2773/3267/833 2778/3274/840 2774/3268/834 
s 3902
f 2617/3272/838 2615/3275/5 2777/3273/839 
s 3903
f 2739/3276/5 2777/3273/839 2615/3275/5 
s 3904
f 2614/3277/4 2616/3278/841 2740/3279/4 
s 3905
f 2779/3280/842 2740/3279/4 2616/3278/841 
s 3906
f 2780/3281/843 2781/3282/844 2779/3280/842 
s 3907
f 2781/3282/844 2782/3283/845 2779/3280/842 
s 3908
f 2783/3284/846 2779/3280/842 2782/3283/845 
s 3909
f 2783/3284/846 2782/3283/845 2784/3285/847 
s 3910
f 2783/3284/846 2784/3285/847 2618/3286/848 
s 3911
f 2679/3287/849 2618/3286/848 2784/3285/847 
s 3912
f 2679/3287/849 2726/3288/850 2618/3286/848 
s 3913
f 2618/3286/848 2726/3288/850 2616/3278/841 
s 3914
f 2728/3289/851 2616/3278/841 2726/3288/850 
s 3915
f 2616/3278/841 2728/3289/851 2779/3280/842 
s 3916
f 2728/3289/851 2681/3290/852 2779/3280/842 
s 3917
f 2681/3290/852 2780/3281/843 2779/3280/842 
s 3918
f 2780/3281/843 2681/3290/852 2784/3285/847 
s 3919
f 2679/3287/849 2784/3285/847 2681/3290/852 
s 3920
f 2754/3205/1 2753/3204/254 2768/3291/254 
s 3921
f 2753/3204/254 2780/3292/254 2768/3291/254 
s 3922
f 2784/3293/1 2768/3291/254 2780/3292/254 
s 3923
f 2784/3293/1 2785/3294/1 2768/3291/254 
s 3924
f 2642/3295/5 2627/3296/5 2786/3297/5 
s 3925
f 2628/3298/5 2786/3297/5 2627/3296/5 
s 3926
f 2628/3298/5 2629/3299/5 2786/3297/5 
s 3927
f 2787/3300/5 2786/3297/5 2629/3299/5 
s 3928
f 2629/3299/5 2788/3301/5 2787/3300/5 
s 3929
f 2782/3302/343 2789/3303/853 2790/3304/343 
s 3930
f 2782/3302/343 2781/3305/853 2789/3303/853 
s 3931
f 2758/3225/853 2789/3303/853 2781/3305/853 
s 3932
f 2760/3227/6 2789/3303/853 2758/3225/853 
s 3933
f 2620/3306/854 2624/3307/855 2787/3308/854 
s 3934
f 2786/3309/855 2787/3308/854 2624/3307/855 
s 3935
f 2786/3309/855 2624/3307/855 2642/3310/6 
s 3936
f 2625/3311/6 2642/3310/6 2624/3307/855 
s 3937
f 2791/3312/737 2792/3313/736 2793/3314/738 
s 3938
f 2792/3313/736 2791/3312/737 2794/3315/733 
s 3939
f 2795/3316/734 2794/3315/733 2791/3312/737 
s 3940
f 2795/3316/734 2796/3317/735 2794/3315/733 
s 3941
f 2622/2911/808 2621/3318/7 2629/2912/808 
s 3942
f 2788/3319/7 2629/2912/808 2621/3318/7 
s 3943
f 2621/3318/7 2620/3306/571 2788/3319/7 
s 3944
f 2787/3308/571 2788/3319/7 2620/3306/571 
s 3945
f 2797/3320/856 2666/3321/856 2798/3322/856 
s 3946
f 2665/3323/856 2798/3322/856 2666/3321/856 
s 3947
f 2798/3322/10 2665/3323/10 2799/3324/10 
s 3948
f 2664/3325/10 2799/3324/10 2665/3323/10 
s 3949
f 2798/3326/5 2799/3327/5 2645/3328/5 
s 3950
f 2798/3326/5 2645/3328/5 2797/3329/5 
s 3951
f 2640/3330/5 2797/3329/5 2645/3328/5 
s 3952
f 2640/3330/5 2727/3331/5 2797/3329/5 
s 3953
f 2644/3028/1 2626/3332/1 2664/3029/1 
s 3954
f 2664/3029/1 2626/3332/1 2799/3327/1 
s 3955
f 2627/3333/1 2799/3327/1 2626/3332/1 
s 3956
f 2627/3333/1 2645/3328/1 2799/3327/1 
s 3957
f 2647/3334/857 2646/3335/857 2667/3336/857 
s 3958
f 2669/3337/857 2667/3336/857 2646/3335/857 
s 3959
f 2655/3338/858 2641/3339/858 2668/3340/858 
s 3960
f 2643/3341/858 2668/3340/858 2641/3339/858 
s 3961
f 2646/3335/7 2655/3338/7 2669/3337/7 
s 3962
f 2668/3340/7 2669/3337/7 2655/3338/7 
s 3963
f 2681/3047/859 2728/3342/859 2646/2940/859 
s 3964
f 2655/3343/859 2646/2940/859 2728/3342/859 
s 3965
f 2726/3149/800 2679/3045/800 2727/3150/800 
s 3966
f 2678/3044/800 2727/3150/800 2679/3045/800 
s 3967
f 2678/3344/5 2680/3244/5 2785/3345/5 
s 3968
f 2768/3246/5 2785/3345/5 2680/3244/5 
s 3969
f 2783/3284/10 2618/3286/10 2774/3268/10 
s 3970
f 2619/3269/10 2774/3268/10 2618/3286/10 
s 3971
f 2774/3346/6 2777/3347/860 2783/3348/6 
s 3972
f 2779/3349/860 2783/3348/6 2777/3347/860 
s 3973
f 2779/3349/860 2777/3347/860 2740/3163/861 
s 3974
f 2739/3162/861 2740/3163/861 2777/3347/860 
s 3975
f 2800/3350/5 2801/3351/5 2802/3352/5 
s 3976
f 2801/3351/5 2800/3350/5 2803/3353/5 
s 3977
f 2804/3354/5 2803/3353/5 2800/3350/5 
s 3978
f 2805/3355/5 2804/3354/5 2800/3350/5 
s 3979
f 2805/3355/5 2806/3356/5 2804/3354/5 
s 3980
f 2807/3357/5 2804/3354/5 2806/3356/5 
s 3981
f 2806/3356/5 2808/3358/5 2807/3357/5 
s 3982
f 2809/3359/5 2807/3357/5 2808/3358/5 
s 3983
f 2810/3360/5 2809/3359/5 2808/3358/5 
s 3984
f 2811/3361/569 2808/3362/569 2812/3363/739 
s 3985
f 2806/3364/739 2812/3363/739 2808/3362/569 
s 3986
f 2812/3363/739 2806/3364/739 2813/3365/740 
s 3987
f 2805/3366/740 2813/3365/740 2806/3364/739 
s 3988
f 2813/3365/740 2805/3366/740 2814/3367/741 
s 3989
f 2800/3368/741 2814/3367/741 2805/3366/740 
s 3990
f 2815/3369/742 2803/3370/742 2816/3371/743 
s 3991
f 2804/3372/743 2816/3371/743 2803/3370/742 
s 3992
f 2816/3371/743 2804/3372/743 2817/3373/744 
s 3993
f 2807/3374/744 2817/3373/744 2804/3372/743 
s 3994
f 2817/3373/744 2807/3374/744 2818/3375/10 
s 3995
f 2809/3376/10 2818/3375/10 2807/3374/744 
s 3996
f 2818/3375/10 2809/3376/10 2819/3377/568 
s 3997
f 2810/3378/568 2819/3377/568 2809/3376/10 
s 3998
f 2819/3377/568 2810/3378/568 2811/3361/569 
s 3999
f 2808/3362/569 2811/3361/569 2810/3378/568 
s 4000
f 2820/3379/4 2821/3380/4 2822/3381/4 
s 4001
f 2820/3379/4 2823/3382/4 2821/3380/4 
s 4002
f 2824/3383/4 2821/3380/4 2823/3382/4 
s 4003
f 2824/3383/4 2825/3384/4 2821/3380/4 
s 4004
f 2825/3384/4 2824/3383/4 2826/3385/4 
s 4005
f 2827/3386/4 2826/3385/4 2824/3383/4 
s 4006
f 2826/3385/4 2827/3386/4 2828/3387/4 
s 4007
f 2829/3388/4 2828/3387/4 2827/3386/4 
s 4008
f 2829/3388/4 2830/3389/4 2828/3387/4 
s 4009
f 2738/3390/4 2831/3391/4 2832/3392/4 
s 4010
f 2833/3393/4 2832/3392/4 2831/3391/4 
s 4011
f 2833/3393/4 2831/3391/4 2730/3394/4 
s 4012
f 2734/3395/4 2730/3394/4 2831/3391/4 
s 4013
f 2732/3396/4 2730/3394/4 2734/3395/4 
s 4014
f 2736/3397/615 2735/3398/615 2834/3399/8 
s 4015
f 2789/3400/8 2834/3399/8 2735/3398/615 
s 4016
f 2738/3401/666 2832/3402/9 2675/3403/666 
s 4017
f 2674/3404/9 2675/3403/666 2832/3402/9 
s 4018
f 2674/3404/9 2832/3402/9 2759/3405/9 
s 4019
f 2834/3399/8 2759/3405/9 2832/3402/9 
s 4020
f 2759/3405/9 2834/3399/8 2789/3400/8 
s 4021
f 2789/3400/8 2760/3406/7 2759/3405/9 
s 4022
f 2731/3407/5 2733/3408/5 2729/3409/5 
s 4023
f 2729/3409/5 2733/3408/5 2835/3410/5 
s 4024
f 2836/3411/5 2835/3410/5 2733/3408/5 
s 4025
f 2836/3411/5 2736/3412/5 2835/3410/5 
s 4026
f 2834/3413/5 2835/3410/5 2736/3412/5 
s 4027
f 2832/3414/1 2833/3415/862 2834/3416/1 
s 4028
f 2835/3417/862 2834/3416/1 2833/3415/862 
s 4029
f 2835/3417/862 2833/3415/862 2729/3152/863 
s 4030
f 2730/3153/863 2729/3152/863 2833/3415/862 
s 4031
f 2796/3418/864 2837/3419/812 2794/3420/814 
s 4032
f 2802/3421/809 2794/3420/814 2837/3419/812 
s 4033
f 2794/3420/814 2802/3421/809 2792/3422/815 
s 4034
f 2822/3423/865 2792/3422/815 2802/3421/809 
s 4035
f 2792/3422/815 2822/3423/865 2793/3424/866 
s 4036
f 2838/3425/812 2793/3424/866 2822/3423/865 
s 4037
f 2822/3423/865 2821/3426/810 2838/3425/812 
s 4038
f 2839/3427/810 2838/3425/812 2821/3426/810 
s 4039
f 2814/3367/810 2800/3368/810 2837/3419/812 
s 4040
f 2802/3421/809 2837/3419/812 2800/3368/810 
s 4041
f 2733/3156/867 2734/3157/867 2836/3428/868 
s 4042
f 2831/3429/868 2836/3428/868 2734/3157/867 
s 4043
f 2831/3429/868 2738/3430/6 2836/3428/868 
s 4044
f 2736/3431/6 2836/3428/868 2738/3430/6 
s 4045
f 2676/3432/869 2671/3433/869 2840/3434/869 
s 4046
f 2841/3435/869 2840/3434/869 2671/3433/869 
s 4047
f 2677/3436/10 2676/3432/10 2737/3437/10 
s 4048
f 2840/3434/10 2737/3437/10 2676/3432/10 
s 4049
f 2790/3438/5 2789/3439/5 2841/3440/5 
s 4050
f 2789/3439/5 2735/3158/5 2841/3440/5 
s 4051
f 2840/3441/5 2841/3440/5 2735/3158/5 
s 4052
f 2737/3160/5 2840/3441/5 2735/3158/5 
s 4053
f 2842/3442/748 2843/3443/749 2844/3444/750 
s 4054
f 2842/3442/748 2845/3445/746 2843/3443/749 
s 4055
f 2846/3446/745 2843/3443/749 2845/3445/746 
s 4056
f 2847/3447/747 2846/3446/745 2845/3445/746 
s 4057
f 2848/3448/5 2849/3449/5 2850/3450/5 
s 4058
f 2848/3448/5 2851/3451/5 2849/3449/5 
s 4059
f 2852/3452/5 2849/3449/5 2851/3451/5 
s 4060
f 2852/3452/5 2853/3453/5 2849/3449/5 
s 4061
f 2853/3453/5 2852/3452/5 2854/3454/5 
s 4062
f 2855/3455/5 2854/3454/5 2852/3452/5 
s 4063
f 2854/3454/5 2855/3455/5 2856/3456/5 
s 4064
f 2857/3457/5 2856/3456/5 2855/3455/5 
s 4065
f 2857/3457/5 2858/3458/5 2856/3456/5 
s 4066
f 2672/3459/870 2753/3460/870 2670/3461/870 
s 4067
f 2752/3462/870 2670/3461/870 2753/3460/870 
s 4068
f 2674/3463/871 2759/3464/871 2673/3465/871 
s 4069
f 2758/3466/871 2673/3465/871 2759/3464/871 
s 4070
f 2841/3435/10 2671/3433/10 2790/3467/10 
s 4071
f 2790/3467/10 2671/3433/10 2785/3468/10 
s 4072
f 2671/3433/10 2666/3321/10 2785/3468/10 
s 4073
f 2678/3469/10 2785/3468/10 2666/3321/10 
s 4074
f 2666/3321/10 2727/3470/10 2678/3469/10 
s 4075
f 2666/3321/10 2797/3320/10 2727/3470/10 
s 4076
f 2859/3471/4 2860/3472/4 2861/3473/4 
s 4077
f 2860/3472/4 2859/3471/4 2862/3474/4 
s 4078
f 2863/3475/4 2862/3474/4 2859/3471/4 
s 4079
f 2864/3476/4 2863/3475/4 2859/3471/4 
s 4080
f 2864/3476/4 2865/3477/4 2863/3475/4 
s 4081
f 2866/3478/4 2863/3475/4 2865/3477/4 
s 4082
f 2865/3477/4 2867/3479/4 2866/3478/4 
s 4083
f 2868/3480/4 2866/3478/4 2867/3479/4 
s 4084
f 2869/3481/4 2868/3480/4 2867/3479/4 
s 4085
f 2870/3482/1 2867/3483/1 2871/3484/572 
s 4086
f 2865/3485/572 2871/3484/572 2867/3483/1 
s 4087
f 2871/3484/572 2865/3485/572 2872/3486/757 
s 4088
f 2864/3487/757 2872/3486/757 2865/3485/572 
s 4089
f 2872/3486/757 2864/3487/757 2873/3488/758 
s 4090
f 2859/3489/758 2873/3488/758 2864/3487/757 
s 4091
f 2874/3490/759 2862/3491/759 2875/3492/760 
s 4092
f 2863/3493/760 2875/3492/760 2862/3491/759 
s 4093
f 2875/3492/760 2863/3493/760 2876/3494/568 
s 4094
f 2866/3495/872 2876/3494/568 2863/3493/760 
s 4095
f 2876/3494/568 2866/3495/872 2877/3496/10 
s 4096
f 2868/3497/10 2877/3496/10 2866/3495/873 
s 4097
f 2877/3496/10 2868/3497/10 2878/3498/573 
s 4098
f 2869/3499/573 2878/3498/573 2868/3497/10 
s 4099
f 2878/3498/573 2869/3499/573 2870/3482/1 
s 4100
f 2867/3483/1 2870/3482/1 2869/3499/573 
s 4101
f 2844/3500/5 2843/3501/5 2879/3502/5 
s 4102
f 2880/3503/5 2879/3502/5 2843/3501/5 
s 4103
f 2880/3503/5 2874/3504/5 2879/3502/5 
s 4104
f 2873/3505/5 2879/3502/5 2874/3504/5 
s 4105
f 2874/3504/5 2875/3506/5 2873/3505/5 
s 4106
f 2872/3507/5 2873/3505/5 2875/3506/5 
s 4107
f 2875/3506/5 2876/3508/5 2872/3507/5 
s 4108
f 2871/3509/5 2872/3507/5 2876/3508/5 
s 4109
f 2876/3508/5 2877/3510/5 2871/3509/5 
s 4110
f 2870/3511/5 2871/3509/5 2877/3510/5 
s 4111
f 2878/3512/5 2870/3511/5 2877/3510/5 
s 4112
f 2881/3513/571 2882/3514/571 2883/3515/7 
s 4113
f 2884/3516/7 2883/3515/7 2882/3514/571 
s 4114
f 2883/3515/7 2884/3516/7 2885/3517/808 
s 4115
f 2886/3518/808 2885/3517/808 2884/3516/7 
s 4116
f 2887/3519/1 2888/3520/1 2889/3521/1 
s 4117
f 2888/3520/1 2890/3522/1 2889/3521/1 
s 4118
f 2891/3523/1 2889/3521/1 2890/3522/1 
s 4119
f 2890/3522/1 2892/3524/1 2891/3523/1 
s 4120
f 2673/3465/7 2758/3466/7 2672/3459/7 
s 4121
f 2753/3460/7 2672/3459/7 2758/3466/7 
s 4122
f 2758/3525/859 2781/3526/874 2753/3204/859 
s 4123
f 2780/3292/874 2753/3204/859 2781/3526/874 
s 4124
f 2785/3294/800 2784/3293/801 2790/3304/800 
s 4125
f 2782/3302/801 2790/3304/800 2784/3293/801 
s 4126
f 2893/3527/7 2894/3528/7 2895/3529/7 
s 4127
f 2896/3530/7 2895/3529/7 2894/3528/7 
s 4128
f 2897/3531/817 2898/3532/817 2791/3312/819 
s 4129
f 2795/3316/819 2791/3312/819 2898/3532/817 
s 4130
f 2815/3369/818 2898/3532/817 2803/3370/818 
s 4131
f 2803/3370/818 2898/3532/817 2823/3533/818 
s 4132
f 2897/3531/817 2823/3533/818 2898/3532/817 
s 4133
f 2897/3531/817 2899/3534/818 2823/3533/818 
s 4134
f 2795/3535/4 2898/3536/4 2796/3537/4 
s 4135
f 2837/3538/4 2796/3537/4 2898/3536/4 
s 4136
f 2898/3536/4 2815/3539/4 2837/3538/4 
s 4137
f 2814/3540/4 2837/3538/4 2815/3539/4 
s 4138
f 2815/3539/4 2816/3541/4 2814/3540/4 
s 4139
f 2813/3542/4 2814/3540/4 2816/3541/4 
s 4140
f 2816/3541/4 2817/3543/4 2813/3542/4 
s 4141
f 2812/3544/4 2813/3542/4 2817/3543/4 
s 4142
f 2817/3543/4 2818/3545/4 2812/3544/4 
s 4143
f 2811/3546/4 2812/3544/4 2818/3545/4 
s 4144
f 2819/3547/4 2811/3546/4 2818/3545/4 
s 4145
f 2900/3548/4 2901/3549/4 2902/3550/4 
s 4146
f 2829/3551/10 2827/3552/744 2903/3553/10 
s 4147
f 2904/3554/744 2903/3553/10 2827/3552/744 
s 4148
f 2827/3552/744 2824/3555/743 2904/3554/744 
s 4149
f 2905/3556/743 2904/3554/744 2824/3555/743 
s 4150
f 2824/3555/743 2823/3533/742 2905/3556/743 
s 4151
f 2899/3534/742 2905/3556/743 2823/3533/742 
s 4152
f 2821/3426/741 2825/3557/740 2839/3427/741 
s 4153
f 2906/3558/740 2839/3427/741 2825/3557/740 
s 4154
f 2825/3557/740 2826/3559/739 2906/3558/740 
s 4155
f 2907/3560/739 2906/3558/740 2826/3559/739 
s 4156
f 2826/3559/739 2828/3561/569 2907/3560/739 
s 4157
f 2908/3562/569 2907/3560/739 2828/3561/569 
s 4158
f 2828/3561/569 2830/3563/568 2908/3562/569 
s 4159
f 2909/3564/568 2908/3562/569 2830/3563/568 
s 4160
f 2830/3563/568 2829/3551/10 2909/3564/568 
s 4161
f 2903/3553/10 2909/3564/568 2829/3551/10 
s 4162
f 2822/3381/822 2802/3352/822 2820/3379/821 
s 4163
f 2801/3351/821 2820/3379/821 2802/3352/822 
s 4164
f 2820/3379/821 2801/3351/821 2823/3382/820 
s 4165
f 2803/3353/820 2823/3382/820 2801/3351/821 
s 4166
f 2910/3565/4 2911/3566/4 2912/3567/4 
s 4167
f 2908/3568/5 2909/3569/5 2903/3570/5 
s 4168
f 2908/3568/5 2903/3570/5 2907/3571/5 
s 4169
f 2904/3572/5 2907/3571/5 2903/3570/5 
s 4170
f 2907/3571/5 2904/3572/5 2906/3573/5 
s 4171
f 2905/3574/5 2906/3573/5 2904/3572/5 
s 4172
f 2906/3573/5 2905/3574/5 2839/3575/5 
s 4173
f 2899/3576/5 2839/3575/5 2905/3574/5 
s 4174
f 2839/3575/5 2899/3576/5 2838/3577/5 
s 4175
f 2897/3578/5 2838/3577/5 2899/3576/5 
s 4176
f 2897/3578/5 2791/3579/5 2838/3577/5 
s 4177
f 2793/3580/5 2838/3577/5 2791/3579/5 
s 4178
f 2850/3581/779 2849/3582/783 2913/3583/782 
s 4179
f 2914/3584/783 2913/3583/782 2849/3582/783 
s 4180
f 2873/3488/783 2859/3489/783 2879/3585/782 
s 4181
f 2861/3586/875 2879/3585/782 2859/3489/783 
s 4182
f 2879/3585/782 2861/3586/875 2844/3587/776 
s 4183
f 2842/3588/778 2844/3587/776 2861/3586/875 
s 4184
f 2861/3586/875 2850/3581/779 2842/3588/778 
s 4185
f 2845/3589/780 2842/3588/778 2850/3581/779 
s 4186
f 2850/3581/779 2913/3583/782 2845/3589/780 
s 4187
f 2847/3590/876 2845/3589/780 2913/3583/782 
s 4188
f 2857/3591/10 2855/3592/568 2915/3593/10 
s 4189
f 2916/3594/568 2915/3593/10 2855/3592/568 
s 4190
f 2855/3592/568 2852/3595/760 2916/3594/568 
s 4191
f 2917/3596/760 2916/3594/568 2852/3595/760 
s 4192
f 2852/3595/760 2851/3597/759 2917/3596/760 
s 4193
f 2918/3598/759 2917/3596/760 2851/3597/759 
s 4194
f 2849/3582/758 2853/3599/757 2914/3584/758 
s 4195
f 2919/3600/757 2914/3584/758 2853/3599/757 
s 4196
f 2853/3599/757 2854/3601/572 2919/3600/757 
s 4197
f 2920/3602/572 2919/3600/757 2854/3601/572 
s 4198
f 2854/3601/572 2856/3603/1 2920/3602/572 
s 4199
f 2921/3604/1 2920/3602/572 2856/3603/1 
s 4200
f 2856/3603/1 2858/3605/573 2921/3604/1 
s 4201
f 2922/3606/573 2921/3604/1 2858/3605/573 
s 4202
f 2858/3605/573 2857/3591/10 2922/3606/573 
s 4203
f 2915/3593/10 2922/3606/573 2857/3591/10 
s 4204
f 2921/3607/4 2922/3608/4 2915/3609/4 
s 4205
f 2921/3607/4 2915/3609/4 2920/3610/4 
s 4206
f 2916/3611/4 2920/3610/4 2915/3609/4 
s 4207
f 2920/3610/4 2916/3611/4 2919/3612/4 
s 4208
f 2917/3613/4 2919/3612/4 2916/3611/4 
s 4209
f 2919/3612/4 2917/3613/4 2914/3614/4 
s 4210
f 2918/3615/4 2914/3614/4 2917/3613/4 
s 4211
f 2914/3614/4 2918/3615/4 2913/3616/4 
s 4212
f 2923/3617/4 2913/3616/4 2918/3615/4 
s 4213
f 2913/3616/4 2923/3617/4 2847/3618/4 
s 4214
f 2846/3619/4 2847/3618/4 2923/3617/4 
s 4215
f 2924/3620/877 2925/3621/878 2926/3622/879 
s 4216
f 2927/3623/880 2924/3620/877 2926/3622/879 
s 4217
f 2927/3623/880 2928/3624/881 2924/3620/877 
s 4218
f 2929/3625/882 2924/3620/877 2928/3624/881 
s 4219
f 2930/3626/883 2927/3623/880 2926/3622/879 
s 4220
f 2930/3626/883 2926/3622/879 2931/3627/884 
s 4221
f 2932/3628/885 2931/3627/884 2926/3622/879 
s 4222
f 2931/3627/884 2932/3628/885 2928/3624/881 
s 4223
f 2932/3628/885 2933/3629/886 2928/3624/881 
s 4224
f 2929/3625/882 2928/3624/881 2933/3629/886 
s 4225
f 2934/3630/887 2929/3625/882 2933/3629/886 
s 4226
f 2933/3629/886 2935/3631/888 2934/3630/887 
s 4227
f 2925/3621/878 2934/3630/887 2935/3631/888 
s 4228
f 2925/3621/878 2935/3631/888 2926/3622/879 
s 4229
f 2926/3622/879 2935/3631/888 2893/3632/5 
s 4230
f 2894/3633/5 2893/3632/5 2935/3631/888 
s 4231
f 2936/3634/5 2937/3635/5 2938/3636/5 
s 4232
f 2938/3636/5 2939/3637/5 2936/3634/5 
s 4233
f 2940/3638/5 2936/3634/5 2939/3637/5 
s 4234
f 2940/3638/5 2939/3637/5 2941/3639/5 
s 4235
f 2942/3640/5 2941/3639/5 2939/3637/5 
s 4236
f 2943/3641/6 2942/3642/6 2944/3643/868 
s 4237
f 2939/3644/868 2944/3643/868 2942/3642/6 
s 4238
f 2939/3644/868 2938/3645/867 2944/3643/868 
s 4239
f 2945/3646/867 2944/3643/868 2938/3645/867 
s 4240
f 2923/3647/823 2918/3598/825 2851/3597/825 
s 4241
f 2851/3597/825 2862/3491/825 2923/3647/823 
s 4242
f 2874/3490/825 2880/3648/823 2862/3491/825 
s 4243
f 2880/3648/823 2923/3647/823 2862/3491/825 
s 4244
f 2880/3648/823 2843/3443/824 2923/3647/823 
s 4245
f 2846/3446/824 2923/3647/823 2843/3443/824 
s 4246
f 2851/3451/828 2848/3448/827 2862/3474/828 
s 4247
f 2860/3472/827 2862/3474/828 2848/3448/827 
s 4248
f 2848/3448/827 2850/3450/826 2860/3472/827 
s 4249
f 2861/3473/826 2860/3472/827 2850/3450/826 
s 4250
f 2946/3649/889 2947/3650/890 2948/3651/891 
s 4251
f 2949/3652/892 2948/3651/891 2947/3650/890 
s 4252
f 2950/3653/893 2949/3652/892 2951/3654/894 
s 4253
f 2951/3654/894 2949/3652/892 2952/3655/895 
s 4254
f 2947/3650/890 2952/3655/895 2949/3652/892 
s 4255
f 2953/3656/896 2952/3655/895 2947/3650/890 
s 4256
f 2953/3656/896 2954/3657/897 2952/3655/895 
s 4257
f 2955/3658/898 2952/3655/895 2954/3657/897 
s 4258
f 2946/3649/889 2955/3658/898 2954/3657/897 
s 4259
f 2955/3658/898 2946/3649/889 2956/3659/899 
s 4260
f 2948/3651/891 2956/3659/899 2946/3649/889 
s 4261
f 2948/3651/891 2957/3660/900 2956/3659/899 
s 4262
f 2956/3659/899 2957/3660/900 2951/3654/894 
s 4263
f 2950/3653/893 2951/3654/894 2957/3660/900 
s 4264
f 2895/3661/4 2896/3662/4 2956/3659/899 
s 4265
f 2955/3658/898 2956/3659/899 2896/3662/4 
s 4266
f 2958/3663/7 2959/3664/9 2960/3665/8 
s 4267
f 2961/3666/9 2960/3665/8 2959/3664/9 
s 4268
f 2961/3666/9 2941/3667/8 2960/3665/8 
s 4269
f 2962/3668/8 2960/3665/8 2941/3667/8 
s 4270
f 2962/3668/8 2941/3667/8 2963/3669/615 
s 4271
f 2942/3670/615 2963/3669/615 2941/3667/8 
s 4272
f 2959/3664/9 2964/3671/666 2961/3666/9 
s 4273
f 2943/3672/666 2961/3666/9 2964/3671/666 
s 4274
f 2965/3673/4 2966/3674/4 2967/3675/4 
s 4275
f 2952/3676/1 2955/3677/787 2933/3678/1 
s 4276
f 2935/3679/787 2933/3678/1 2955/3677/787 
s 4277
f 2955/3677/787 2896/3530/786 2935/3679/787 
s 4278
f 2894/3528/786 2935/3679/787 2896/3530/786 
s 4279
f 2890/3680/5 2968/3681/5 2969/3682/5 
s 4280
f 2970/3683/5 2969/3682/5 2968/3681/5 
s 4281
f 2970/3683/5 2968/3681/5 2882/3684/5 
s 4282
f 2886/3685/5 2882/3684/5 2968/3681/5 
s 4283
f 2884/3686/5 2882/3684/5 2886/3685/5 
s 4284
f 2888/3687/666 2887/3688/666 2971/3689/7 
s 4285
f 2972/3690/7 2971/3689/7 2887/3688/666 
s 4286
f 2890/3691/615 2969/3692/802 2892/3693/615 
s 4287
f 2973/3694/802 2892/3693/615 2969/3692/802 
s 4288
f 2973/3694/802 2969/3692/802 2911/3695/802 
s 4289
f 2971/3689/7 2911/3695/802 2969/3692/802 
s 4290
f 2911/3695/802 2971/3689/7 2972/3690/7 
s 4291
f 2972/3690/7 2912/3696/7 2911/3695/802 
s 4292
f 2883/3697/4 2885/3698/4 2881/3699/4 
s 4293
f 2881/3699/4 2885/3698/4 2974/3700/4 
s 4294
f 2975/3701/4 2974/3700/4 2885/3698/4 
s 4295
f 2975/3701/4 2888/3702/4 2974/3700/4 
s 4296
f 2971/3703/4 2974/3700/4 2888/3702/4 
s 4297
f 2969/3704/6 2970/3705/855 2971/3706/6 
s 4298
f 2974/3707/855 2971/3706/6 2970/3705/855 
s 4299
f 2974/3707/855 2970/3705/855 2881/3513/854 
s 4300
f 2882/3514/854 2881/3513/854 2970/3705/855 
s 4301
f 2960/3708/4 2976/3709/4 2958/3710/4 
s 4302
f 2885/3517/789 2886/3518/789 2975/3711/788 
s 4303
f 2968/3712/788 2975/3711/788 2886/3518/789 
s 4304
f 2968/3712/788 2890/3713/1 2975/3711/788 
s 4305
f 2888/3714/1 2975/3711/788 2890/3713/1 
s 4306
f 2977/3715/856 2978/3716/856 2979/3717/856 
s 4307
f 2980/3718/856 2979/3717/856 2978/3716/856 
s 4308
f 2891/3523/5 2892/3524/5 2977/3719/5 
s 4309
f 2977/3719/5 2892/3524/5 2978/3720/5 
s 4310
f 2973/3721/5 2978/3720/5 2892/3524/5 
s 4311
f 2962/3722/5 2981/3723/5 2982/3724/5 
s 4312
f 2962/3722/5 2983/3725/5 2981/3723/5 
s 4313
f 2983/3725/5 2978/3720/5 2981/3723/5 
s 4314
f 2984/3726/5 2981/3723/5 2978/3720/5 
s 4315
f 2978/3720/5 2973/3721/5 2984/3726/5 
s 4316
f 2973/3721/5 2985/3727/5 2984/3726/5 
s 4317
f 2986/3728/5 2984/3726/5 2985/3727/5 
s 4318
f 2987/3729/5 2982/3724/5 2981/3723/5 
s 4319
f 2962/3722/5 2963/3730/5 2983/3725/5 
s 4320
f 2988/3731/5 2983/3725/5 2963/3730/5 
s 4321
f 2963/3730/5 2989/3732/5 2988/3731/5 
s 4322
f 2990/3733/93 2928/3734/93 2991/3735/377 
s 4323
f 2928/3734/93 2927/3736/377 2991/3735/377 
s 4324
f 2965/3673/377 2991/3735/377 2927/3736/377 
s 4325
f 2965/3673/377 2967/3675/1 2991/3735/377 
s 4326
f 2891/3737/10 2977/3715/10 2889/3738/10 
s 4327
f 2979/3717/10 2889/3738/10 2977/3715/10 
s 4328
f 2992/3739/4 2972/3740/4 2980/3741/4 
s 4329
f 2972/3740/4 2887/3519/4 2980/3741/4 
s 4330
f 2979/3742/4 2980/3741/4 2887/3519/4 
s 4331
f 2889/3521/4 2979/3742/4 2887/3519/4 
s 4332
f 2959/3743/569 2931/3744/6 2993/3745/6 
s 4333
f 2931/3744/6 2959/3743/569 2930/3746/569 
s 4334
f 2976/3709/569 2930/3746/569 2959/3743/569 
s 4335
f 2959/3743/569 2958/3710/6 2976/3709/569 
s 4336
f 2994/3747/7 2995/3748/9 2996/3749/9 
s 4337
f 2997/3750/7 2998/3751/9 2999/3752/9 
s 4338
f 2998/3751/9 3000/3753/8 2999/3752/9 
s 4339
f 2998/3751/9 3001/3754/8 3000/3753/8 
s 4340
f 2995/3748/9 3000/3753/8 3001/3754/8 
s 4341
f 2995/3748/9 3001/3754/8 2996/3749/9 
s 4342
f 3002/3755/8 2996/3749/9 3001/3754/8 
s 4343
f 3003/3756/7 3002/3755/8 3001/3754/8 
s 4344
f 3004/3757/7 3005/3758/8 3000/3753/8 
s 4345
f 3005/3758/8 2999/3752/9 3000/3753/8 
s 4346
f 3002/3759/6 3003/3760/6 3006/3761/6 
s 4347
f 3007/3762/6 2997/3763/6 3008/3764/6 
s 4348
f 3003/3760/6 3008/3764/6 2997/3763/6 
s 4349
f 3003/3760/6 2997/3763/6 3006/3761/6 
s 4350
f 3009/3765/6 3006/3761/6 2997/3763/6 
s 4351
f 2999/3766/6 3009/3765/6 2997/3763/6 
s 4352
f 3005/3767/1 3004/3768/1 3010/3769/1 
s 4353
f 3011/3770/1 3010/3769/1 2994/3771/1 
s 4354
f 3004/3768/1 2994/3771/1 3010/3769/1 
s 4355
f 3004/3768/1 3012/3772/1 2994/3771/1 
s 4356
f 3013/3773/1 2994/3771/1 3012/3772/1 
s 4357
f 2996/3774/1 3011/3770/1 2994/3771/1 
s 4358
f 2910/3775/901 2925/3776/901 2901/3549/901 
s 4359
f 2924/3777/901 2901/3549/901 2925/3776/901 
s 4360
f 3014/3778/775 2929/3779/775 2992/3780/775 
s 4361
f 2934/3781/775 2992/3780/775 2929/3779/775 
s 4362
f 2991/3782/4 3015/3783/4 2990/3784/4 
s 4363
f 3014/3785/4 2990/3784/4 3015/3783/4 
s 4364
f 2952/3655/10 2933/3629/10 2951/3654/10 
s 4365
f 2932/3628/10 2951/3654/10 2933/3629/10 
s 4366
f 2895/3529/861 2956/3786/860 2893/3527/861 
s 4367
f 2926/3787/860 2893/3527/861 2956/3786/860 
s 4368
f 2926/3787/860 2956/3786/860 2932/3788/6 
s 4369
f 2951/3789/6 2932/3788/6 2956/3786/860 
s 4370
f 3016/3790/7 3017/3791/7 3018/3792/7 
s 4371
f 3017/3791/7 3016/3790/7 3019/3793/7 
s 4372
f 3020/3794/7 3019/3793/7 3016/3790/7 
s 4373
f 3019/3793/7 3020/3794/7 3021/3795/7 
s 4374
f 3022/3796/7 3021/3795/7 3020/3794/7 
s 4375
f 3021/3795/7 3022/3796/7 3023/3797/7 
s 4376
f 3018/3792/7 3023/3797/7 3022/3796/7 
s 4377
f 3023/3797/7 3018/3792/7 3017/3791/7 
s 4378
f 2961/3798/4 2943/3799/4 3024/3800/4 
s 4379
f 2944/3801/4 3024/3800/4 2943/3799/4 
s 4380
f 2944/3801/4 2945/3802/4 3024/3800/4 
s 4381
f 3025/3803/4 3024/3800/4 2945/3802/4 
s 4382
f 2945/3802/4 3026/3804/4 3025/3803/4 
s 4383
f 3027/3805/902 3028/3806/902 3029/3807/903 
s 4384
f 3030/3808/903 3029/3807/903 3028/3806/902 
s 4385
f 3029/3807/903 3030/3808/903 3023/3809/4 
s 4386
f 3031/3810/4 3023/3809/4 3030/3808/903 
s 4387
f 3031/3810/4 3032/3811/4 3023/3809/4 
s 4388
f 3021/3812/4 3023/3809/4 3032/3811/4 
s 4389
f 3021/3812/4 3032/3811/4 3033/3813/903 
s 4390
f 3034/3814/903 3033/3813/903 3032/3811/4 
s 4391
f 3033/3813/903 3034/3814/903 3035/3815/902 
s 4392
f 3036/3816/902 3035/3815/902 3034/3814/903 
s 4393
f 3037/3817/904 3038/3818/904 3039/3819/905 
s 4394
f 3040/3820/905 3039/3819/905 3038/3818/904 
s 4395
f 3039/3819/905 3040/3820/905 3041/3821/5 
s 4396
f 3017/3822/5 3041/3821/5 3040/3820/905 
s 4397
f 3017/3822/5 3019/3823/5 3041/3821/5 
s 4398
f 3042/3824/5 3041/3821/5 3019/3823/5 
s 4399
f 3042/3824/5 3019/3823/5 3043/3825/905 
s 4400
f 3044/3826/905 3043/3825/905 3019/3823/5 
s 4401
f 3043/3825/905 3044/3826/905 3045/3827/904 
s 4402
f 3046/3828/904 3045/3827/904 3044/3826/905 
s 4403
f 2947/3829/6 3047/3830/6 2770/3831/6 
s 4404
f 3047/3830/6 2947/3829/6 3020/3832/6 
s 4405
f 2946/3833/6 3020/3832/6 2947/3829/6 
s 4406
f 3020/3832/6 2946/3833/6 3022/3834/6 
s 4407
f 2772/3835/6 3022/3834/6 2946/3833/6 
s 4408
f 3022/3834/6 2772/3835/6 3048/3836/6 
s 4409
f 2770/3831/6 3048/3836/6 2772/3835/6 
s 4410
f 3048/3836/6 2770/3831/6 3047/3830/6 
s 4411
f 2936/3837/863 2940/3838/862 3025/3839/863 
s 4412
f 3024/3840/862 3025/3839/863 2940/3838/862 
s 4413
f 3024/3840/862 2940/3838/862 2961/3841/1 
s 4414
f 2941/3842/1 2961/3841/1 2940/3838/862 
s 4415
f 2948/3843/1 3016/3844/1 2771/3845/1 
s 4416
f 3016/3844/1 2948/3843/1 3049/3846/1 
s 4417
f 2949/3847/1 3049/3846/1 2948/3843/1 
s 4418
f 3049/3846/1 2949/3847/1 3050/3848/1 
s 4419
f 2769/3849/1 3050/3848/1 2949/3847/1 
s 4420
f 3050/3848/1 2769/3849/1 3018/3850/1 
s 4421
f 2771/3845/1 3018/3850/1 2769/3849/1 
s 4422
f 3018/3850/1 2771/3845/1 3016/3844/1 
s 4423
f 2938/3645/571 2937/3851/7 2945/3646/571 
s 4424
f 3026/3852/7 2945/3646/571 2937/3851/7 
s 4425
f 2937/3851/7 2936/3837/808 3026/3852/7 
s 4426
f 3025/3839/808 3026/3852/7 2936/3837/808 
s 4427
f 3051/3853/869 2983/3854/869 3052/3855/869 
s 4428
f 2988/3856/869 3052/3855/869 2983/3854/869 
s 4429
f 3052/3855/10 2988/3856/10 3053/3857/10 
s 4430
f 2989/3858/10 3053/3857/10 2988/3856/10 
s 4431
f 3052/3859/4 3053/3860/4 2964/3861/4 
s 4432
f 3052/3859/4 2964/3861/4 3051/3862/4 
s 4433
f 2959/3863/4 3051/3862/4 2964/3861/4 
s 4434
f 2959/3863/4 2993/3864/4 3051/3862/4 
s 4435
f 2963/3730/6 2942/3865/6 2989/3732/6 
s 4436
f 2989/3732/6 2942/3865/6 3053/3860/6 
s 4437
f 2943/3866/6 3053/3860/6 2942/3865/6 
s 4438
f 2943/3866/6 2964/3861/6 3053/3860/6 
s 4439
f 2966/3867/870 2965/3868/870 2981/3869/870 
s 4440
f 2987/3870/870 2981/3869/870 2965/3868/870 
s 4441
f 2976/3871/871 2960/3872/871 2982/3873/871 
s 4442
f 2962/3874/871 2982/3873/871 2960/3872/871 
s 4443
f 2967/3875/7 2966/3876/7 2991/3782/7 
s 4444
f 2991/3782/7 2966/3876/7 3015/3783/7 
s 4445
f 2984/3877/7 2900/3878/7 2981/3879/7 
s 4446
f 2966/3876/7 2981/3879/7 2900/3878/7 
s 4447
f 2900/3878/7 3015/3783/7 2966/3876/7 
s 4448
f 2900/3878/7 2902/3880/7 3015/3783/7 
s 4449
f 3054/3881/5 3055/3882/906 3056/3883/907 
s 4450
f 3055/3882/906 3057/3884/908 3056/3883/907 
s 4451
f 3058/3885/909 3056/3883/907 3057/3884/908 
s 4452
f 2965/3868/7 2976/3871/7 2987/3870/7 
s 4453
f 2982/3873/7 2987/3870/7 2976/3871/7 
s 4454
f 2927/3736/910 2930/3886/910 2965/3673/901 
s 4455
f 2976/3887/901 2965/3673/901 2930/3886/910 
s 4456
f 2931/3744/774 2928/3734/774 2993/3745/775 
s 4457
f 2990/3733/775 2993/3745/775 2928/3734/774 
s 4458
f 2998/3888/1 3059/3889/911 3001/3890/1 
s 4459
f 3060/3891/911 3001/3890/1 3059/3889/911 
s 4460
f 3059/3889/911 3061/3892/912 3060/3891/911 
s 4461
f 3062/3893/912 3060/3891/911 3061/3892/912 
s 4462
f 3063/3894/913 3064/3895/914 3065/3896/913 
s 4463
f 3066/3897/914 3065/3896/913 3064/3895/914 
s 4464
f 3064/3895/914 3000/3898/6 3066/3897/914 
s 4465
f 2995/3899/6 3066/3897/914 3000/3898/6 
s 4466
f 3001/3900/5 3060/3901/5 3003/3902/5 
s 4467
f 3003/3902/5 3060/3901/5 3008/3903/5 
s 4468
f 3062/3904/5 3008/3903/5 3060/3901/5 
s 4469
f 3058/3905/915 3067/3906/915 3056/3907/916 
s 4470
f 3068/3908/916 3056/3907/916 3067/3906/915 
s 4471
f 3068/3908/916 3069/3909/917 3056/3907/916 
s 4472
f 3054/3910/917 3056/3907/916 3069/3909/917 
s 4473
f 3013/3911/5 3065/3912/5 2994/3913/5 
s 4474
f 3066/3914/5 2994/3913/5 3065/3912/5 
s 4475
f 2995/3915/5 2994/3913/5 3066/3914/5 
s 4476
f 3000/3916/4 3064/3917/4 3004/3918/4 
s 4477
f 3004/3918/4 3064/3917/4 3012/3919/4 
s 4478
f 3063/3920/4 3012/3919/4 3064/3917/4 
s 4479
f 3070/3921/918 3071/3922/919 3072/3923/920 
s 4480
f 3071/3922/919 3070/3921/918 3073/3924/921 
s 4481
f 3074/3925/921 3073/3924/921 3070/3921/918 
s 4482
f 3075/3926/922 3072/3923/920 3076/3927/922 
s 4483
f 3077/3928/923 3076/3927/922 3072/3923/920 
s 4484
f 3077/3928/923 3072/3923/920 3071/3922/919 
s 4485
f 3071/3922/919 3078/3929/924 3077/3928/923 
s 4486
f 3078/3929/924 3071/3922/919 3079/3930/925 
s 4487
f 3073/3931/926 3079/3930/925 3071/3922/919 
s 4488
f 3076/3932/927 3077/3928/923 3080/3933/928 
s 4489
f 3081/3934/929 3080/3933/928 3077/3928/923 
s 4490
f 3081/3934/929 3077/3928/923 3078/3929/924 
s 4491
f 3078/3929/924 3082/3935/930 3081/3934/929 
s 4492
f 3082/3935/930 3078/3929/924 3083/3936/931 
s 4493
f 3079/3937/931 3083/3936/931 3078/3929/924 
s 4494
f 3080/3938/932 3081/3934/929 3084/3939/933 
s 4495
f 3085/3940/934 3084/3939/933 3081/3934/929 
s 4496
f 3085/3940/934 3081/3934/929 3082/3935/930 
s 4497
f 3082/3935/930 3086/3941/935 3085/3940/934 
s 4498
f 3086/3941/935 3082/3935/930 3087/3942/936 
s 4499
f 3083/3943/936 3087/3942/936 3082/3935/930 
s 4500
f 3084/3944/937 3085/3940/934 3088/3945/937 
s 4501
f 3089/3946/938 3088/3945/937 3085/3940/934 
s 4502
f 3089/3946/938 3085/3940/934 3086/3941/935 
s 4503
f 3086/3941/935 3090/3947/939 3089/3946/938 
s 4504
f 3090/3947/939 3086/3941/935 3091/3948/940 
s 4505
f 3087/3949/940 3091/3948/940 3086/3941/935 
s 4506
f 3088/3950/941 3089/3946/938 3092/3951/941 
s 4507
f 3093/3952/942 3092/3951/941 3089/3946/938 
s 4508
f 3093/3952/942 3089/3946/938 3090/3947/939 
s 4509
f 3090/3947/939 3094/3953/943 3093/3952/942 
s 4510
f 3094/3953/943 3090/3947/939 3095/3954/944 
s 4511
f 3091/3955/944 3095/3954/944 3090/3947/939 
s 4512
f 3096/3956/945 3094/3953/943 3097/3957/946 
s 4513
f 3095/3958/947 3097/3957/946 3094/3953/943 
s 4514
f 3092/3959/948 3093/3952/942 3098/3960/948 
s 4515
f 3099/3961/949 3098/3960/948 3093/3952/942 
s 4516
f 3099/3961/949 3093/3952/942 3094/3953/943 
s 4517
f 3099/3961/949 3094/3953/943 3100/3962/950 
s 4518
f 3096/3956/945 3100/3962/950 3094/3953/943 
s 4519
f 3096/3956/945 3101/3963/951 3100/3962/950 
s 4520
f 3101/3963/951 3096/3956/945 3102/3964/952 
s 4521
f 3097/3965/953 3102/3964/952 3096/3956/945 
s 4522
f 3098/3966/954 3099/3961/949 3103/3967/955 
s 4523
f 3100/3962/950 3103/3967/955 3099/3961/949 
s 4524
f 3103/3968/956 3100/3962/950 3104/3969/957 
s 4525
f 3105/3970/958 3104/3969/957 3100/3962/950 
s 4526
f 3105/3970/958 3100/3962/950 3101/3963/951 
s 4527
f 3101/3963/951 3106/3971/959 3105/3970/958 
s 4528
f 3106/3971/959 3101/3963/951 3107/3972/960 
s 4529
f 3102/3973/961 3107/3972/960 3101/3963/951 
s 4530
f 3108/3974/962 3106/3971/959 3109/3975/963 
s 4531
f 3107/3976/964 3109/3975/963 3106/3971/959 
s 4532
f 3104/3977/965 3105/3970/958 3110/3978/966 
s 4533
f 3111/3979/967 3110/3978/966 3105/3970/958 
s 4534
f 3111/3979/967 3105/3970/958 3106/3971/959 
s 4535
f 3111/3979/967 3106/3971/959 3112/3980/968 
s 4536
f 3108/3974/962 3112/3980/968 3106/3971/959 
s 4537
f 3112/3980/968 3108/3974/962 3113/3981/969 
s 4538
f 3114/3982/970 3113/3981/969 3108/3974/962 
s 4539
f 3114/3982/970 3108/3974/962 3115/3983/971 
s 4540
f 3109/3984/971 3115/3983/971 3108/3974/962 
s 4541
f 3110/3985/972 3111/3979/967 3116/3986/973 
s 4542
f 3112/3980/968 3116/3986/973 3111/3979/967 
s 4543
f 3116/3987/974 3112/3980/968 3117/3988/974 
s 4544
f 3113/3981/969 3117/3988/974 3112/3980/968 
s 4545
f 3117/3989/975 3113/3981/969 3075/3990/975 
s 4546
f 3072/3991/976 3075/3990/975 3113/3981/969 
s 4547
f 3072/3991/976 3113/3981/969 3070/3992/977 
s 4548
f 3114/3982/970 3070/3992/977 3113/3981/969 
s 4549
f 3070/3992/977 3114/3982/970 3074/3993/978 
s 4550
f 3115/3994/978 3074/3993/978 3114/3982/970 
s 4551
f 3007/3995/4 3061/3996/4 2997/3997/4 
s 4552
f 3059/3998/4 2997/3997/4 3061/3996/4 
s 4553
f 2998/3999/4 2997/3997/4 3059/3998/4 
s 4554
f 3008/4000/7 3062/3893/7 3007/4001/7 
s 4555
f 3061/3892/7 3007/4001/7 3062/3893/7 
s 4556
f 3012/4002/7 3063/3894/7 3013/4003/7 
s 4557
f 3065/3896/7 3013/4003/7 3063/3894/7 
s 4558
f 3006/4004/11 3009/4005/11 3011/4006/11 
s 4559
f 3010/4007/11 3011/4006/11 3009/4005/11 
s 4560
f 3011/4008/5 2996/4009/5 3006/4010/5 
s 4561
f 3002/4011/5 3006/4010/5 2996/4009/5 
s 4562
f 2999/4012/4 3005/4013/4 3009/4014/4 
s 4563
f 3010/4015/4 3009/4014/4 3005/4013/4 
s 4564
f 3042/4016/6 3043/4017/6 3032/4018/6 
s 4565
f 3034/4019/6 3032/4018/6 3043/4017/6 
s 4566
f 3043/4017/6 3045/4020/6 3034/4019/6 
s 4567
f 3036/4021/6 3034/4019/6 3045/4020/6 
s 4568
f 3031/4022/1 3030/4023/1 3041/4024/1 
s 4569
f 3039/4025/1 3041/4024/1 3030/4023/1 
s 4570
f 3030/4023/1 3028/4026/1 3039/4025/1 
s 4571
f 3037/4027/1 3039/4025/1 3028/4026/1 
s 4572
f 3041/4024/7 3042/4016/7 3031/4022/7 
s 4573
f 3032/4018/7 3031/4022/7 3042/4016/7 
s 4574
f 3035/4028/7 3036/4029/7 3046/4030/7 
s 4575
f 3045/4031/7 3046/4030/7 3036/4029/7 
s 4576
f 3038/4032/7 3037/4033/7 3027/4034/7 
s 4577
f 3028/4035/7 3027/4034/7 3037/4033/7 
s 4578
f 3027/4034/6 3029/4036/6 3038/4032/6 
s 4579
f 3040/4037/6 3038/4032/6 3029/4036/6 
s 4580
f 3029/4036/6 3023/4038/6 3040/4037/6 
s 4581
f 3017/4039/6 3040/4037/6 3023/4038/6 
s 4582
f 3046/4030/1 3044/4040/1 3035/4028/1 
s 4583
f 3033/4041/1 3035/4028/1 3044/4040/1 
s 4584
f 3044/4040/1 3019/4042/1 3033/4041/1 
s 4585
f 3021/4043/1 3033/4041/1 3019/4042/1 
s 4586
f 3018/3792/4 3022/3796/4 3050/4044/4 
s 4587
f 3048/4045/4 3050/4044/4 3022/3796/4 
s 4588
f 3050/4046/10 3048/4047/10 3049/4048/10 
s 4589
f 3047/4049/10 3049/4048/10 3048/4047/10 
s 4590
f 3049/4048/5 3047/4049/5 3016/3790/5 
s 4591
f 3020/3794/5 3016/3790/5 3047/4049/5 
s 4592
f 2776/4050/7 2772/3835/7 2954/4051/7 
s 4593
f 2946/3833/7 2954/4051/7 2772/3835/7 
s 4594
f 2775/4052/1 2776/4050/1 2953/4053/1 
s 4595
f 2954/4051/1 2953/4053/1 2776/4050/1 
s 4596
f 2947/3829/10 2770/3831/10 2953/4054/10 
s 4597
f 2775/4055/10 2953/4054/10 2770/3831/10 
s 4598
f 2773/4056/10 2769/3849/10 2950/4057/10 
s 4599
f 2949/3847/10 2950/4057/10 2769/3849/10 
s 4600
f 2948/3843/7 2771/3845/7 2957/4058/7 
s 4601
f 2778/4059/7 2957/4058/7 2771/3845/7 
s 4602
f 2957/4060/6 2778/4061/6 2950/4057/6 
s 4603
f 2773/4056/6 2950/4057/6 2778/4061/6 
s 4604
f 3067/3906/7 3058/3905/7 3118/4062/7 
s 4605
f 3057/4063/7 3118/4062/7 3058/3905/7 
s 4606
f 3067/4064/4 3118/4065/4 3068/4066/4 
s 4607
f 3119/4067/4 3068/4066/4 3118/4065/4 
s 4608
f 3119/4067/4 3069/4068/4 3068/4066/4 
s 4609
f 3055/4069/979 3054/3910/979 3119/4070/979 
s 4610
f 3069/3909/979 3119/4070/979 3054/3910/979 
s 4611
f 3055/3882/980 3119/4067/980 3057/3884/980 
s 4612
f 3118/4065/980 3057/3884/980 3119/4067/980 
s 4613
f 3107/4071/1 3102/4072/1 3097/4073/1 
s 4614
f 3107/4071/1 3097/4073/1 3109/4074/1 
s 4615
f 3095/4075/1 3109/4074/1 3097/4073/1 
s 4616
f 3109/4074/1 3095/4075/1 3115/4076/1 
s 4617
f 3091/4077/1 3115/4076/1 3095/4075/1 
s 4618
f 3115/4076/1 3091/4077/1 3074/4078/1 
s 4619
f 3087/4079/1 3074/4078/1 3091/4077/1 
s 4620
f 3074/4078/1 3087/4079/1 3073/4080/1 
s 4621
f 3083/4081/1 3073/4080/1 3087/4079/1 
s 4622
f 3083/4081/1 3079/4082/1 3073/4080/1 
s 4623
f 3103/4083/6 3104/4084/6 3110/4085/6 
s 4624
f 3103/4083/6 3110/4085/6 3098/4086/6 
s 4625
f 3116/4087/6 3098/4086/6 3110/4085/6 
s 4626
f 3098/4086/6 3116/4087/6 3092/4088/6 
s 4627
f 3117/4089/6 3092/4088/6 3116/4087/6 
s 4628
f 3092/4088/6 3117/4089/6 3088/4090/6 
s 4629
f 3075/4091/6 3088/4090/6 3117/4089/6 
s 4630
f 3088/4090/6 3075/4091/6 3084/4092/6 
s 4631
f 3076/4093/6 3084/4092/6 3075/4091/6 
s 4632
f 3076/4093/6 3080/4094/6 3084/4092/6 
s 4633
f 3120/4071/1 3121/4072/1 3122/4073/1 
s 4634
f 3120/4071/1 3122/4073/1 3123/4074/1 
s 4635
f 3124/4075/1 3123/4074/1 3122/4073/1 
s 4636
f 3123/4074/1 3124/4075/1 3125/4076/1 
s 4637
f 3126/4077/1 3125/4076/1 3124/4075/1 
s 4638
f 3125/4076/1 3126/4077/1 3127/4078/1 
s 4639
f 3128/4079/1 3127/4078/1 3126/4077/1 
s 4640
f 3127/4078/1 3128/4079/1 3129/4080/1 
s 4641
f 3130/4081/1 3129/4080/1 3128/4079/1 
s 4642
f 3130/4081/1 3131/4082/1 3129/4080/1 
s 4643
f 3132/4083/6 3133/4084/6 3134/4085/6 
s 4644
f 3132/4083/6 3134/4085/6 3135/4086/6 
s 4645
f 3136/4087/6 3135/4086/6 3134/4085/6 
s 4646
f 3135/4086/6 3136/4087/6 3137/4088/6 
s 4647
f 3138/4089/6 3137/4088/6 3136/4087/6 
s 4648
f 3137/4088/6 3138/4089/6 3139/4090/6 
s 4649
f 3140/4091/6 3139/4090/6 3138/4089/6 
s 4650
f 3139/4090/6 3140/4091/6 3141/4092/6 
s 4651
f 3142/4093/6 3141/4092/6 3140/4091/6 
s 4652
f 3142/4093/6 3143/4094/6 3141/4092/6 
s 4653
f 3144/3974/981 3145/3971/982 3123/3975/983 
s 4654
f 3120/3976/983 3123/3975/983 3145/3971/982 
s 4655
f 3133/3977/984 3146/3970/985 3134/3978/984 
s 4656
f 3147/3979/986 3134/3978/984 3146/3970/985 
s 4657
f 3147/3979/986 3146/3970/985 3145/3971/982 
s 4658
f 3147/3979/986 3145/3971/982 3148/3980/987 
s 4659
f 3144/3974/981 3148/3980/987 3145/3971/982 
s 4660
f 3148/3980/987 3144/3974/981 3149/3981/988 
s 4661
f 3150/3982/989 3149/3981/988 3144/3974/981 
s 4662
f 3150/3982/989 3144/3974/981 3125/3983/990 
s 4663
f 3123/3984/990 3125/3983/990 3144/3974/981 
s 4664
f 3134/3985/991 3147/3979/986 3136/3986/991 
s 4665
f 3148/3980/987 3136/3986/991 3147/3979/986 
s 4666
f 3136/3987/992 3148/3980/987 3138/3988/992 
s 4667
f 3149/3981/988 3138/3988/992 3148/3980/987 
s 4668
f 3138/3989/993 3149/3981/988 3140/3990/993 
s 4669
f 3151/3991/994 3140/3990/993 3149/3981/988 
s 4670
f 3151/3991/994 3149/3981/988 3152/3992/995 
s 4671
f 3150/3982/989 3152/3992/995 3149/3981/988 
s 4672
f 3152/3992/995 3150/3982/989 3127/3993/996 
s 4673
f 3125/3994/996 3127/3993/996 3150/3982/989 
s 4674
f 3153/3956/997 3154/3953/998 3122/3957/999 
s 4675
f 3124/3958/1000 3122/3957/999 3154/3953/998 
s 4676
f 3137/3959/1001 3155/3952/1002 3135/3960/1003 
s 4677
f 3156/3961/1004 3135/3960/1003 3155/3952/1002 
s 4678
f 3156/3961/1004 3155/3952/1002 3154/3953/998 
s 4679
f 3156/3961/1004 3154/3953/998 3157/3962/1005 
s 4680
f 3153/3956/997 3157/3962/1005 3154/3953/998 
s 4681
f 3153/3956/997 3158/3963/1006 3157/3962/1005 
s 4682
f 3158/3963/1006 3153/3956/997 3121/3964/1007 
s 4683
f 3122/3965/1007 3121/3964/1007 3153/3956/997 
s 4684
f 3135/3966/1008 3156/3961/1004 3132/3967/1009 
s 4685
f 3157/3962/1005 3132/3967/1009 3156/3961/1004 
s 4686
f 3132/3968/1010 3157/3962/1005 3133/3969/1010 
s 4687
f 3146/3970/985 3133/3969/1010 3157/3962/1005 
s 4688
f 3146/3970/985 3157/3962/1005 3158/3963/1006 
s 4689
f 3158/3963/1006 3145/3971/982 3146/3970/985 
s 4690
f 3145/3971/982 3158/3963/1006 3120/3972/1011 
s 4691
f 3121/3973/1011 3120/3972/1011 3158/3963/1006 
s 4692
f 3139/3950/1012 3159/3946/1013 3137/3951/1014 
s 4693
f 3155/3952/1002 3137/3951/1014 3159/3946/1013 
s 4694
f 3155/3952/1002 3159/3946/1013 3160/3947/1015 
s 4695
f 3160/3947/1015 3154/3953/998 3155/3952/1002 
s 4696
f 3154/3953/998 3160/3947/1015 3124/3954/1016 
s 4697
f 3126/3955/1017 3124/3954/1016 3160/3947/1015 
s 4698
f 3141/3944/1018 3161/3940/1019 3139/3945/1018 
s 4699
f 3159/3946/1013 3139/3945/1018 3161/3940/1019 
s 4700
f 3159/3946/1013 3161/3940/1019 3162/3941/1020 
s 4701
f 3162/3941/1020 3160/3947/1015 3159/3946/1013 
s 4702
f 3160/3947/1015 3162/3941/1020 3126/3948/1021 
s 4703
f 3128/3949/1022 3126/3948/1021 3162/3941/1020 
s 4704
f 3143/3938/1023 3163/3934/1024 3141/3939/1023 
s 4705
f 3161/3940/1019 3141/3939/1023 3163/3934/1024 
s 4706
f 3161/3940/1019 3163/3934/1024 3164/3935/943 
s 4707
f 3164/3935/943 3162/3941/1020 3161/3940/1019 
s 4708
f 3162/3941/1020 3164/3935/943 3128/3942/1025 
s 4709
f 3130/3943/1025 3128/3942/1025 3164/3935/943 
s 4710
f 3142/3932/1026 3165/3928/938 3143/3933/1026 
s 4711
f 3163/3934/1024 3143/3933/1026 3165/3928/938 
s 4712
f 3163/3934/1024 3165/3928/938 3166/3929/1027 
s 4713
f 3166/3929/1027 3164/3935/943 3163/3934/1024 
s 4714
f 3164/3935/943 3166/3929/1027 3130/3936/1028 
s 4715
f 3131/3937/1028 3130/3936/1028 3166/3929/1027 
s 4716
f 3140/3926/1029 3151/3923/1030 3142/3927/1031 
s 4717
f 3165/3928/938 3142/3927/1031 3151/3923/1030 
s 4718
f 3165/3928/938 3151/3923/1030 3167/3922/1032 
s 4719
f 3167/3922/1032 3166/3929/1027 3165/3928/938 
s 4720
f 3166/3929/1027 3167/3922/1032 3131/3930/1033 
s 4721
f 3129/3931/1033 3131/3930/1033 3167/3922/1032 
s 4722
f 3152/3921/1034 3167/3922/1032 3151/3923/1030 
s 4723
f 3167/3922/1032 3152/3921/1034 3129/3924/1035 
s 4724
f 3127/3925/1036 3129/3924/1035 3152/3921/1034 
s 4725
f 3168/4095/10 3169/4096/10 3170/4097/10 
s 4726
f 3171/4098/11 3172/4099/10 3173/4100/11 
s 4727
f 3173/4100/11 3174/4101/11 3171/4098/11 
s 4728
f 3175/4102/11 3171/4098/11 3174/4101/11 
s 4729
f 3174/4101/11 3176/4103/10 3175/4102/11 
s 4730
f 3177/4104/10 3175/4102/11 3176/4103/10 
s 4731
f 3176/4103/10 3169/4096/10 3177/4104/10 
s 4732
f 3178/4105/10 3177/4104/10 3169/4096/10 
s 4733
f 3169/4096/10 3168/4095/10 3178/4105/10 
s 4734
f 3179/4106/10 3178/4105/10 3168/4095/10 
s 4735
f 3168/4095/10 3180/4107/10 3179/4106/10 
s 4736
f 3181/4108/10 3179/4106/10 3180/4107/10 
s 4737
f 3180/4107/10 3182/4109/11 3181/4108/10 
s 4738
f 3183/4110/12 3181/4108/10 3182/4109/11 
s 4739
f 3182/4109/11 3184/4111/12 3183/4110/12 
s 4740
f 3185/4112/12 3183/4110/12 3184/4111/12 
s 4741
f 3184/4111/12 3186/4113/10 3185/4112/12 
s 4742
f 3187/4114/10 3185/4112/12 3186/4113/10 
s 4743
f 3188/4115/10 3170/4097/10 3169/4096/10 
s 4744
f 3170/4097/10 3188/4115/10 3189/4116/11 
s 4745
f 3190/4117/11 3189/4116/11 3188/4115/10 
s 4746
f 3189/4116/11 3190/4117/11 3191/4118/11 
s 4747
f 3192/4119/11 3191/4118/11 3190/4117/11 
s 4748
f 3191/4118/11 3192/4119/11 3186/4113/10 
s 4749
f 3193/4120/10 3186/4113/10 3192/4119/11 
s 4750
f 3186/4113/10 3193/4120/10 3187/4114/10 
s 4751
f 3172/4099/10 3187/4114/10 3193/4120/10 
s 4752
f 3193/4120/10 3173/4100/11 3172/4099/10 
s 4753
f 3194/4121/1 3195/4122/1 3196/4123/1 
s 4754
f 3197/4124/1 3196/4123/1 3195/4122/1 
s 4755
f 3198/4125/1 3196/4123/1 3197/4124/1 
s 4756
f 3198/4125/1 3197/4124/1 3199/4126/1 
s 4757
f 3200/4127/1 3199/4126/1 3197/4124/1 
s 4758
f 3199/4126/1 3200/4127/1 3201/4128/1 
s 4759
f 3202/4129/1 3201/4128/1 3200/4127/1 
s 4760
f 3202/4129/1 3203/4130/1 3201/4128/1 
s 4761
f 3204/4131/1037 3205/4132/1037 3198/4133/1037 
s 4762
f 3196/4134/1037 3198/4133/1037 3205/4132/1037 
s 4763
f 3206/4135/11 3207/4136/11 3194/4121/11 
s 4764
f 3195/4122/11 3194/4121/11 3207/4136/11 
s 4765
f 3208/4137/6 3209/4138/6 3210/4139/6 
s 4766
f 3208/4137/6 3210/4139/6 3211/4140/6 
s 4767
f 3212/4141/6 3211/4140/6 3210/4139/6 
s 4768
f 3211/4140/6 3212/4141/6 3204/4142/6 
s 4769
f 3213/4143/6 3204/4142/6 3212/4141/6 
s 4770
f 3204/4142/6 3213/4143/6 3205/4144/6 
s 4771
f 3214/4145/1038 3205/4144/6 3213/4143/6 
s 4772
f 3215/4146/1039 3205/4144/6 3214/4145/1038 
s 4773
f 3214/4145/1038 3216/4147/1040 3215/4146/1039 
s 4774
f 3217/4148/1037 3218/4149/1037 3219/4150/1037 
s 4775
f 3220/4151/1037 3219/4150/1037 3218/4149/1037 
s 4776
f 3221/4152/1041 3222/4153/1042 3223/4154/1043 
s 4777
f 3207/4155/1044 3223/4154/1043 3222/4153/1042 
s 4778
f 3222/4153/1042 3214/4156/1045 3207/4155/1044 
s 4779
f 3195/4157/1046 3207/4155/1044 3214/4156/1045 
s 4780
f 3195/4157/1046 3214/4156/1045 3197/4158/1047 
s 4781
f 3213/4159/1041 3197/4158/1047 3214/4156/1045 
s 4782
f 3222/4153/1042 3224/4160/1048 3214/4156/1045 
s 4783
f 3206/4135/6 3217/4161/6 3207/4136/6 
s 4784
f 3223/4162/6 3207/4136/6 3217/4161/6 
s 4785
f 3217/4161/6 3219/4163/6 3223/4162/6 
s 4786
f 3219/4163/6 3225/4164/6 3223/4162/6 
s 4787
f 3226/4165/6 3223/4162/6 3225/4164/6 
s 4788
f 3226/4165/6 3225/4164/6 3227/4166/6 
s 4789
f 3228/4167/6 3227/4166/6 3225/4164/6 
s 4790
f 3228/4167/6 3229/4168/6 3227/4166/6 
s 4791
f 3223/4154/1049 3226/4169/1050 3221/4152/1051 
s 4792
f 3230/4170/1052 3221/4152/1051 3226/4169/1050 
s 4793
f 3226/4169/1050 3227/4171/1053 3230/4170/1052 
s 4794
f 3231/4172/1054 3230/4170/1052 3227/4171/1053 
s 4795
f 3227/4171/1053 3229/4173/1055 3231/4172/1054 
s 4796
f 3232/4174/1055 3231/4172/1054 3229/4173/1055 
s 4797
f 3229/4173/1055 3228/4175/10 3232/4174/1055 
s 4798
f 3233/4176/1056 3232/4174/1055 3228/4175/10 
s 4799
f 3228/4175/10 3225/4177/1057 3233/4176/1056 
s 4800
f 3234/4178/1058 3233/4176/1056 3225/4177/1057 
s 4801
f 3225/4177/1057 3219/4150/1059 3234/4178/1058 
s 4802
f 3220/4151/1060 3234/4178/1058 3219/4150/1059 
s 4803
f 3218/4149/4 3217/4148/4 3206/4179/4 
s 4804
f 3218/4149/4 3206/4179/4 3235/4180/1061 
s 4805
f 3206/4179/4 3194/4181/4 3235/4180/1061 
s 4806
f 3215/4182/1061 3235/4180/1061 3194/4181/4 
s 4807
f 3194/4181/4 3205/4132/4 3215/4182/1061 
s 4808
f 3196/4134/4 3205/4132/4 3194/4181/4 
s 4809
f 3235/4180/1061 3215/4182/1061 3236/4183/1062 
s 4810
f 3224/4184/500 3237/4185/1063 3174/4186/500 
s 4811
f 3176/4187/1063 3174/4186/500 3237/4185/1063 
s 4812
f 3237/4185/1063 3238/4188/1 3176/4187/1063 
s 4813
f 3169/4189/93 3176/4187/1063 3238/4188/1 
s 4814
f 3238/4188/1 3239/4190/499 3169/4189/93 
s 4815
f 3188/4191/499 3169/4189/93 3239/4190/499 
s 4816
f 3239/4192/498 3236/4193/333 3188/4194/498 
s 4817
f 3190/4195/333 3188/4194/498 3236/4193/333 
s 4818
f 3190/4195/333 3236/4193/333 3192/4196/1064 
s 4819
f 3240/4197/1065 3192/4196/1064 3236/4193/333 
s 4820
f 3192/4196/1064 3240/4197/1065 3193/4198/6 
s 4821
f 3216/4199/343 3193/4198/6 3240/4197/1065 
s 4822
f 3193/4198/6 3216/4199/343 3173/4200/116 
s 4823
f 3241/4201/116 3173/4200/116 3216/4199/343 
s 4824
f 3173/4200/116 3241/4201/116 3174/4186/500 
s 4825
f 3224/4184/500 3174/4186/500 3241/4201/116 
s 4826
f 3204/4131/1066 3198/4133/1066 3211/4202/722 
s 4827
f 3199/4203/722 3211/4202/722 3198/4133/1066 
s 4828
f 3211/4202/722 3199/4203/722 3208/4204/10 
s 4829
f 3201/4205/10 3208/4204/10 3199/4203/722 
s 4830
f 3208/4204/10 3201/4205/10 3209/4206/1055 
s 4831
f 3203/4207/1055 3209/4206/1055 3201/4205/10 
s 4832
f 3209/4206/1055 3203/4207/1055 3210/4208/5 
s 4833
f 3202/4209/5 3210/4208/5 3203/4207/1055 
s 4834
f 3210/4208/5 3202/4209/5 3212/4210/1067 
s 4835
f 3200/4211/1067 3212/4210/1067 3202/4209/5 
s 4836
f 3212/4210/1067 3200/4211/1067 3213/4159/1049 
s 4837
f 3197/4158/1049 3213/4159/1049 3200/4211/1067 
s 4838
f 3241/4212/1068 3214/4156/1068 3224/4160/1068 
s 4839
f 3222/4153/1069 3237/4213/1069 3224/4160/1069 
s 4840
f 3240/4214/1070 3215/4146/1070 3216/4147/1070 
s 4841
f 3241/4215/1071 3216/4147/1071 3214/4145/1071 
s 4842
f 3240/4216/1072 3236/4183/1072 3215/4182/1072 
s 4843
f 3236/4183/1073 3239/4217/1073 3235/4180/1073 
s 4844
f 3235/4218/1074 3239/4219/1074 3238/4220/1074 
s 4845
f 3238/4220/1075 3237/4221/1075 3222/4222/1075 
s 4846
f 3242/4223/6 3243/4224/6 3244/4225/6 
s 4847
f 3245/4226/6 3244/4225/6 3243/4224/6 
s 4848
f 3246/4227/6 3244/4225/6 3245/4226/6 
s 4849
f 3246/4227/6 3245/4226/6 3247/4228/6 
s 4850
f 3248/4229/6 3247/4228/6 3245/4226/6 
s 4851
f 3247/4228/6 3248/4229/6 3249/4230/6 
s 4852
f 3250/4231/6 3249/4230/6 3248/4229/6 
s 4853
f 3250/4231/6 3251/4232/6 3249/4230/6 
s 4854
f 3238/4220/1076 3222/4222/1077 3235/4218/1078 
s 4855
f 3218/4233/1 3235/4218/1078 3222/4222/1077 
s 4856
f 3222/4222/1077 3221/4234/1 3218/4233/1 
s 4857
f 3220/4235/1 3218/4233/1 3221/4234/1 
s 4858
f 3221/4234/1 3230/4236/1 3220/4235/1 
s 4859
f 3234/4237/1 3220/4235/1 3230/4236/1 
s 4860
f 3234/4237/1 3230/4236/1 3233/4238/1 
s 4861
f 3231/4239/1 3233/4238/1 3230/4236/1 
s 4862
f 3231/4239/1 3232/4240/1 3233/4238/1 
s 4863
f 3177/4241/1079 3178/4242/1080 3252/4243/1081 
s 4864
f 3253/4244/1082 3252/4243/1081 3178/4242/1080 
s 4865
f 3178/4242/1080 3179/4245/1083 3253/4244/1082 
s 4866
f 3254/4246/1084 3253/4244/1082 3179/4245/1083 
s 4867
f 3179/4245/1083 3181/4247/1085 3254/4246/1084 
s 4868
f 3255/4248/1086 3254/4246/1084 3181/4247/1085 
s 4869
f 3181/4247/1085 3183/4249/1087 3255/4248/1086 
s 4870
f 3256/4250/1087 3255/4248/1086 3183/4249/1087 
s 4871
f 3183/4249/1087 3185/4251/1088 3256/4250/1087 
s 4872
f 3257/4252/1088 3256/4250/1087 3185/4251/1088 
s 4873
f 3185/4253/1089 3187/4254/1090 3257/4255/1089 
s 4874
f 3258/4256/1091 3257/4255/1089 3187/4254/1090 
s 4875
f 3187/4254/1090 3172/4257/1092 3258/4256/1091 
s 4876
f 3259/4258/1093 3258/4256/1091 3172/4257/1092 
s 4877
f 3172/4257/1092 3171/4259/1094 3259/4258/1093 
s 4878
f 3260/4260/1095 3259/4258/1093 3171/4259/1094 
s 4879
f 3171/4259/1094 3175/4261/1096 3260/4260/1095 
s 4880
f 3261/4262/1096 3260/4260/1095 3175/4261/1096 
s 4881
f 3175/4261/1096 3177/4241/1079 3261/4262/1096 
s 4882
f 3252/4243/1081 3261/4262/1096 3177/4241/1079 
s 4883
f 3262/4263/1097 3263/4264/1097 3246/4265/1097 
s 4884
f 3244/4266/1097 3246/4265/1097 3263/4264/1097 
s 4885
f 3264/4267/11 3265/4268/11 3242/4223/11 
s 4886
f 3243/4224/11 3242/4223/11 3265/4268/11 
s 4887
f 3266/4269/1098 3267/4270/1 3268/4271/1098 
s 4888
f 3266/4269/1098 3268/4271/1098 3269/4272/254 
s 4889
f 3270/4273/254 3269/4272/254 3268/4271/1098 
s 4890
f 3269/4272/254 3270/4273/254 3262/4274/1099 
s 4891
f 3271/4275/1099 3262/4274/1099 3270/4273/254 
s 4892
f 3262/4274/1099 3271/4275/1099 3263/4276/1 
s 4893
f 3272/4277/1077 3263/4276/1 3271/4275/1099 
s 4894
f 3273/4278/1078 3263/4276/1 3272/4277/1077 
s 4895
f 3272/4277/1077 3274/4279/1076 3273/4278/1078 
s 4896
f 3275/4280/1097 3276/4281/1097 3277/4282/1097 
s 4897
f 3278/4283/1097 3277/4282/1097 3276/4281/1097 
s 4898
f 3279/4284/1100 3280/4285/1101 3281/4286/1102 
s 4899
f 3265/4287/1103 3281/4286/1102 3280/4285/1101 
s 4900
f 3280/4285/1101 3272/4288/1104 3265/4287/1103 
s 4901
f 3243/4289/1105 3265/4287/1103 3272/4288/1104 
s 4902
f 3243/4289/1105 3272/4288/1104 3245/4290/1106 
s 4903
f 3271/4291/1100 3245/4290/1106 3272/4288/1104 
s 4904
f 3280/4285/1101 3282/4292/1107 3272/4288/1104 
s 4905
f 3264/4267/1 3275/4293/1 3265/4268/1 
s 4906
f 3281/4294/1 3265/4268/1 3275/4293/1 
s 4907
f 3275/4293/1 3277/4295/1 3281/4294/1 
s 4908
f 3277/4295/1 3283/4296/1 3281/4294/1 
s 4909
f 3284/4297/1 3281/4294/1 3283/4296/1 
s 4910
f 3284/4297/1 3283/4296/1 3285/4298/1 
s 4911
f 3286/4299/1 3285/4298/1 3283/4296/1 
s 4912
f 3286/4299/1 3287/4300/1 3285/4298/1 
s 4913
f 3281/4286/1108 3284/4301/1109 3279/4284/1110 
s 4914
f 3288/4302/1111 3279/4284/1110 3284/4301/1109 
s 4915
f 3284/4301/1109 3285/4303/1112 3288/4302/1111 
s 4916
f 3289/4304/1113 3288/4302/1111 3285/4303/1112 
s 4917
f 3285/4303/1112 3287/4305/722 3289/4304/1113 
s 4918
f 3290/4306/722 3289/4304/1113 3287/4305/722 
s 4919
f 3287/4305/722 3286/4307/10 3290/4306/722 
s 4920
f 3291/4308/1114 3290/4306/722 3286/4307/10 
s 4921
f 3286/4307/10 3283/4309/1115 3291/4308/1114 
s 4922
f 3292/4310/1116 3291/4308/1114 3283/4309/1115 
s 4923
f 3283/4309/1115 3277/4282/1117 3292/4310/1116 
s 4924
f 3278/4283/1118 3292/4310/1116 3277/4282/1117 
s 4925
f 3276/4281/5 3275/4280/5 3264/4311/5 
s 4926
f 3276/4281/5 3264/4311/5 3293/4312/1119 
s 4927
f 3264/4311/5 3242/4313/5 3293/4312/1119 
s 4928
f 3273/4314/1119 3293/4312/1119 3242/4313/5 
s 4929
f 3242/4313/5 3263/4264/5 3273/4314/1119 
s 4930
f 3244/4266/5 3263/4264/5 3242/4313/5 
s 4931
f 3293/4312/1119 3273/4314/1119 3294/4315/1120 
s 4932
f 3282/4316/333 3295/4317/497 3182/4318/333 
s 4933
f 3184/4319/497 3182/4318/333 3295/4317/497 
s 4934
f 3295/4317/497 3296/4320/6 3184/4319/497 
s 4935
f 3186/4321/343 3184/4319/497 3296/4320/6 
s 4936
f 3296/4320/6 3297/4322/1121 3186/4321/343 
s 4937
f 3191/4323/1121 3186/4321/343 3297/4322/1121 
s 4938
f 3297/4324/1122 3294/4325/500 3191/4326/1122 
s 4939
f 3189/4327/500 3191/4326/1122 3294/4325/500 
s 4940
f 3189/4327/500 3294/4325/500 3170/4328/1063 
s 4941
f 3298/4329/1063 3170/4328/1063 3294/4325/500 
s 4942
f 3170/4328/1063 3298/4329/1063 3168/4330/1 
s 4943
f 3274/4331/93 3168/4330/1 3298/4329/1063 
s 4944
f 3168/4330/1 3274/4331/93 3180/4332/1123 
s 4945
f 3299/4333/1123 3180/4332/1123 3274/4331/93 
s 4946
f 3180/4332/1123 3299/4333/1123 3182/4318/333 
s 4947
f 3282/4316/333 3182/4318/333 3299/4333/1123 
s 4948
f 3262/4263/1118 3246/4265/1124 3269/4334/1125 
s 4949
f 3247/4335/1126 3269/4334/1125 3246/4265/1124 
s 4950
f 3269/4334/1125 3247/4335/1126 3266/4336/1127 
s 4951
f 3249/4337/10 3266/4336/1127 3247/4335/1126 
s 4952
f 3266/4336/1127 3249/4337/10 3267/4338/722 
s 4953
f 3251/4339/722 3267/4338/722 3249/4337/10 
s 4954
f 3267/4338/722 3251/4339/722 3268/4340/1128 
s 4955
f 3250/4341/1129 3268/4340/1128 3251/4339/722 
s 4956
f 3268/4340/1128 3250/4341/1129 3270/4342/1130 
s 4957
f 3248/4343/1131 3270/4342/1130 3250/4341/1129 
s 4958
f 3270/4342/1130 3248/4343/1131 3271/4291/1132 
s 4959
f 3245/4290/1108 3271/4291/1132 3248/4343/1131 
s 4960
f 3299/4344/1133 3272/4288/1133 3282/4292/1133 
s 4961
f 3280/4285/1134 3295/4345/1134 3282/4292/1134 
s 4962
f 3298/4346/1135 3273/4278/1135 3274/4279/1135 
s 4963
f 3299/4347/1136 3274/4279/1136 3272/4277/1136 
s 4964
f 3298/4348/1137 3294/4315/1137 3273/4314/1137 
s 4965
f 3294/4315/1138 3297/4349/1138 3293/4312/1138 
s 4966
f 3293/4350/1139 3297/4351/1139 3296/4352/1139 
s 4967
f 3296/4352/1140 3295/4353/1140 3280/4354/1140 
s 4968
f 3300/3977/961 3301/3978/1141 3302/3970/951 
s 4969
f 3303/3979/959 3302/3970/951 3301/3978/1141 
s 4970
f 3303/3979/959 3304/3971/967 3302/3970/951 
s 4971
f 3305/3963/958 3302/3970/951 3304/3971/967 
s 4972
f 3304/3971/967 3306/3972/966 3305/3963/958 
s 4973
f 3307/3973/965 3305/3963/958 3306/3972/966 
s 4974
f 3306/3976/972 3304/3971/967 3308/3975/973 
s 4975
f 3309/3974/968 3308/3975/973 3304/3971/967 
s 4976
f 3309/3974/968 3304/3971/967 3310/3980/997 
s 4977
f 3303/3979/959 3310/3980/997 3304/3971/967 
s 4978
f 3310/3980/997 3303/3979/959 3311/3986/963 
s 4979
f 3301/3985/1142 3311/3986/963 3303/3979/959 
s 4980
f 3308/3984/974 3309/3974/968 3312/3983/974 
s 4981
f 3313/3982/969 3312/3983/974 3309/3974/968 
s 4982
f 3313/3982/969 3309/3974/968 3314/3981/1006 
s 4983
f 3310/3980/997 3314/3981/1006 3309/3974/968 
s 4984
f 3314/3981/1006 3310/3980/997 3315/3988/971 
s 4985
f 3311/3987/971 3315/3988/971 3310/3980/997 
s 4986
f 3312/3994/975 3313/3982/969 3316/3993/975 
s 4987
f 3317/3992/1143 3316/3993/975 3313/3982/969 
s 4988
f 3313/3982/969 3314/3981/1006 3317/3992/1143 
s 4989
f 3318/3991/1144 3317/3992/1143 3314/3981/1006 
s 4990
f 3318/3991/1144 3314/3981/1006 3319/3990/978 
s 4991
f 3315/3989/978 3319/3990/978 3314/3981/1006 
s 4992
f 3320/3966/947 3321/3967/946 3322/3961/1145 
s 4993
f 3323/3962/945 3322/3961/1145 3321/3967/946 
s 4994
f 3302/3970/951 3305/3963/958 3323/3962/945 
s 4995
f 3302/3970/951 3323/3962/945 3300/3969/952 
s 4996
f 3321/3968/953 3300/3969/952 3323/3962/945 
s 4997
f 3324/3965/956 3325/3956/950 3307/3964/957 
s 4998
f 3305/3963/958 3307/3964/957 3325/3956/950 
s 4999
f 3325/3956/950 3323/3962/945 3305/3963/958 
s 5000
f 3325/3956/950 3326/3953/949 3323/3962/945 
s 5001
f 3322/3961/1145 3323/3962/945 3326/3953/949 
s 5002
f 3322/3961/1145 3326/3953/949 3327/3952/1146 
s 5003
f 3322/3961/1145 3327/3952/1146 3320/3960/944 
s 5004
f 3328/3959/944 3320/3960/944 3327/3952/1146 
s 5005
f 3329/3958/954 3326/3953/949 3324/3957/955 
s 5006
f 3325/3956/950 3324/3957/955 3326/3953/949 
s 5007
f 3327/3952/1146 3330/3946/935 3328/3951/940 
s 5008
f 3327/3952/1146 3331/3947/942 3330/3946/935 
s 5009
f 3331/3947/942 3327/3952/1146 3326/3953/949 
s 5010
f 3326/3953/949 3329/3954/948 3331/3947/942 
s 5011
f 3332/3955/948 3331/3947/942 3329/3954/948 
s 5012
f 3333/3950/940 3328/3951/940 3330/3946/935 
s 5013
f 3334/3949/941 3335/3941/938 3332/3948/941 
s 5014
f 3331/3947/942 3332/3948/941 3335/3941/938 
s 5015
f 3335/3941/938 3330/3946/935 3331/3947/942 
s 5016
f 3330/3946/935 3335/3941/938 3336/3940/930 
s 5017
f 3330/3946/935 3336/3940/930 3333/3945/936 
s 5018
f 3337/3944/936 3333/3945/936 3336/3940/930 
s 5019
f 3338/3943/937 3339/3935/934 3334/3942/937 
s 5020
f 3335/3941/938 3334/3942/937 3339/3935/934 
s 5021
f 3339/3935/934 3336/3940/930 3335/3941/938 
s 5022
f 3336/3940/930 3339/3935/934 3340/3934/1147 
s 5023
f 3336/3940/930 3340/3934/1147 3337/3939/1148 
s 5024
f 3341/3938/931 3337/3939/1148 3340/3934/1147 
s 5025
f 3342/3937/932 3343/3929/929 3338/3936/932 
s 5026
f 3339/3935/934 3338/3936/932 3343/3929/929 
s 5027
f 3343/3929/929 3340/3934/1147 3339/3935/934 
s 5028
f 3340/3934/1147 3343/3929/929 3344/3928/919 
s 5029
f 3340/3934/1147 3344/3928/919 3341/3933/925 
s 5030
f 3345/3932/926 3341/3933/925 3344/3928/919 
s 5031
f 3346/3931/927 3347/3922/923 3342/3930/928 
s 5032
f 3343/3929/929 3342/3930/928 3347/3922/923 
s 5033
f 3347/3922/923 3344/3928/919 3343/3929/929 
s 5034
f 3344/3928/919 3347/3922/923 3318/3923/918 
s 5035
f 3344/3928/919 3318/3923/918 3345/3927/921 
s 5036
f 3319/3926/921 3345/3927/921 3318/3923/918 
s 5037
f 3316/3925/922 3317/3921/1149 3346/3924/922 
s 5038
f 3347/3922/923 3346/3924/922 3317/3921/1149 
s 5039
f 3317/3921/1149 3318/3923/918 3347/3922/923 
s 5040
f 3348/3977/1011 3349/3978/1011 3350/3970/1006 
s 5041
f 3351/3979/1150 3350/3970/1006 3349/3978/1011 
s 5042
f 3351/3979/1150 3352/3971/1151 3350/3970/1006 
s 5043
f 3353/3963/969 3350/3970/1006 3352/3971/1151 
s 5044
f 3352/3971/1151 3354/3972/975 3353/3963/969 
s 5045
f 3355/3973/1152 3353/3963/969 3354/3972/975 
s 5046
f 3354/3976/1153 3352/3971/1151 3356/3975/922 
s 5047
f 3357/3974/923 3356/3975/922 3352/3971/1151 
s 5048
f 3357/3974/923 3352/3971/1151 3358/3980/981 
s 5049
f 3351/3979/1150 3358/3980/981 3352/3971/1151 
s 5050
f 3358/3980/981 3351/3979/1150 3359/3986/983 
s 5051
f 3349/3985/983 3359/3986/983 3351/3979/1150 
s 5052
f 3356/3984/928 3357/3974/923 3360/3983/928 
s 5053
f 3361/3982/929 3360/3983/928 3357/3974/923 
s 5054
f 3361/3982/929 3357/3974/923 3362/3981/1154 
s 5055
f 3358/3980/981 3362/3981/1154 3357/3974/923 
s 5056
f 3362/3981/1154 3358/3980/981 3363/3988/990 
s 5057
f 3359/3987/990 3363/3988/990 3358/3980/981 
s 5058
f 3360/3994/932 3361/3982/929 3364/3993/932 
s 5059
f 3365/3992/1155 3364/3993/932 3361/3982/929 
s 5060
f 3361/3982/929 3362/3981/1154 3365/3992/1155 
s 5061
f 3366/3991/995 3365/3992/1155 3362/3981/1154 
s 5062
f 3366/3991/995 3362/3981/1154 3367/3990/996 
s 5063
f 3363/3989/996 3367/3990/996 3362/3981/1154 
s 5064
f 3368/3966/1156 3369/3967/999 3370/3961/998 
s 5065
f 3371/3962/997 3370/3961/998 3369/3967/999 
s 5066
f 3350/3970/1006 3353/3963/969 3371/3962/997 
s 5067
f 3350/3970/1006 3371/3962/997 3348/3969/1007 
s 5068
f 3369/3968/1007 3348/3969/1007 3371/3962/997 
s 5069
f 3372/3965/974 3373/3956/1157 3355/3964/974 
s 5070
f 3353/3963/969 3355/3964/974 3373/3956/1157 
s 5071
f 3373/3956/1157 3371/3962/997 3353/3963/969 
s 5072
f 3373/3956/1157 3374/3953/967 3371/3962/997 
s 5073
f 3370/3961/998 3371/3962/997 3374/3953/967 
s 5074
f 3370/3961/998 3374/3953/967 3375/3952/1015 
s 5075
f 3370/3961/998 3375/3952/1015 3368/3960/1016 
s 5076
f 3376/3959/1158 3368/3960/1016 3375/3952/1015 
s 5077
f 3377/3958/973 3374/3953/967 3372/3957/973 
s 5078
f 3373/3956/1157 3372/3957/973 3374/3953/967 
s 5079
f 3375/3952/1015 3378/3946/1020 3376/3951/1021 
s 5080
f 3375/3952/1015 3379/3947/1002 3378/3946/1020 
s 5081
f 3379/3947/1002 3375/3952/1015 3374/3953/967 
s 5082
f 3374/3953/967 3377/3954/1159 3379/3947/1002 
s 5083
f 3380/3955/1160 3379/3947/1002 3377/3954/1159 
s 5084
f 3381/3950/1022 3376/3951/1021 3378/3946/1020 
s 5085
f 3382/3949/956 3383/3941/950 3380/3948/1161 
s 5086
f 3379/3947/1002 3380/3948/1161 3383/3941/950 
s 5087
f 3383/3941/950 3378/3946/1020 3379/3947/1002 
s 5088
f 3378/3946/1020 3383/3941/950 3384/3940/943 
s 5089
f 3378/3946/1020 3384/3940/943 3381/3945/1162 
s 5090
f 3385/3944/1025 3381/3945/1162 3384/3940/943 
s 5091
f 3386/3943/954 3387/3935/949 3382/3942/955 
s 5092
f 3383/3941/950 3382/3942/955 3387/3935/949 
s 5093
f 3387/3935/949 3384/3940/943 3383/3941/950 
s 5094
f 3384/3940/943 3387/3935/949 3388/3934/1027 
s 5095
f 3384/3940/943 3388/3934/1027 3385/3939/1028 
s 5096
f 3389/3938/1028 3385/3939/1028 3388/3934/1027 
s 5097
f 3390/3937/948 3391/3929/1024 3386/3936/948 
s 5098
f 3387/3935/949 3386/3936/948 3391/3929/1024 
s 5099
f 3391/3929/1024 3388/3934/1027 3387/3935/949 
s 5100
f 3388/3934/1027 3391/3929/1024 3392/3928/1032 
s 5101
f 3388/3934/1027 3392/3928/1032 3389/3933/1033 
s 5102
f 3393/3932/1033 3389/3933/1033 3392/3928/1032 
s 5103
f 3394/3931/941 3395/3922/938 3390/3930/941 
s 5104
f 3391/3929/1024 3390/3930/941 3395/3922/938 
s 5105
f 3395/3922/938 3392/3928/1032 3391/3929/1024 
s 5106
f 3392/3928/1032 3395/3922/938 3366/3923/1163 
s 5107
f 3392/3928/1032 3366/3923/1163 3393/3927/1035 
s 5108
f 3367/3926/1036 3393/3927/1035 3366/3923/1163 
s 5109
f 3364/3925/937 3365/3921/1164 3394/3924/937 
s 5110
f 3395/3922/938 3394/3924/937 3365/3921/1164 
s 5111
f 3365/3921/1164 3366/3923/1163 3395/3922/938 
s 5112
f 3396/4095/10 3397/4106/10 3398/4107/10 
s 5113
f 3399/4108/10 3398/4107/10 3397/4106/10 
s 5114
f 3398/4107/10 3399/4108/10 3400/4109/10 
s 5115
f 3401/4110/10 3400/4109/10 3399/4108/10 
s 5116
f 3400/4109/10 3401/4110/10 3402/4111/10 
s 5117
f 3403/4112/10 3402/4111/10 3401/4110/10 
s 5118
f 3402/4111/10 3403/4112/10 3404/4113/10 
s 5119
f 3405/4114/10 3404/4113/10 3403/4112/10 
s 5120
f 3396/4095/10 3406/4097/10 3407/4096/10 
s 5121
f 3408/4115/10 3407/4096/10 3406/4097/10 
s 5122
f 3406/4097/10 3409/4116/10 3408/4115/10 
s 5123
f 3410/4117/10 3408/4115/10 3409/4116/10 
s 5124
f 3409/4116/10 3411/4118/10 3410/4117/10 
s 5125
f 3412/4119/10 3410/4117/10 3411/4118/10 
s 5126
f 3411/4118/10 3404/4113/10 3412/4119/10 
s 5127
f 3413/4120/10 3412/4119/10 3404/4113/10 
s 5128
f 3404/4113/10 3405/4114/10 3413/4120/10 
s 5129
f 3414/4099/10 3413/4120/10 3405/4114/10 
s 5130
f 3413/4120/10 3414/4099/10 3415/4100/10 
s 5131
f 3416/4098/10 3415/4100/10 3414/4099/10 
s 5132
f 3415/4100/10 3416/4098/10 3417/4101/10 
s 5133
f 3418/4102/10 3417/4101/10 3416/4098/10 
s 5134
f 3417/4101/10 3418/4102/10 3419/4103/10 
s 5135
f 3420/4104/10 3419/4103/10 3418/4102/10 
s 5136
f 3419/4103/10 3420/4104/10 3407/4096/10 
s 5137
f 3421/4105/10 3407/4096/10 3420/4104/10 
s 5138
f 3407/4096/10 3421/4105/10 3396/4095/10 
s 5139
f 3397/4106/10 3396/4095/10 3421/4105/10 
s 5140
f 3296/4352/1040 3280/4354/1038 3293/4350/1039 
s 5141
f 3276/4355/6 3293/4350/1039 3280/4354/1038 
s 5142
f 3280/4354/1038 3279/4356/6 3276/4355/6 
s 5143
f 3278/4357/6 3276/4355/6 3279/4356/6 
s 5144
f 3279/4356/6 3288/4358/6 3278/4357/6 
s 5145
f 3292/4359/6 3278/4357/6 3288/4358/6 
s 5146
f 3292/4359/6 3288/4358/6 3291/4360/6 
s 5147
f 3289/4361/6 3291/4360/6 3288/4358/6 
s 5148
f 3289/4361/6 3290/4362/6 3291/4360/6 
s 5149
f 3342/4082/6 3338/4081/6 3346/4080/6 
s 5150
f 3338/4081/6 3334/4079/6 3346/4080/6 
s 5151
f 3316/4078/6 3346/4080/6 3334/4079/6 
s 5152
f 3334/4079/6 3332/4077/6 3316/4078/6 
s 5153
f 3312/4076/6 3316/4078/6 3332/4077/6 
s 5154
f 3332/4077/6 3329/4075/6 3312/4076/6 
s 5155
f 3308/4074/6 3312/4076/6 3329/4075/6 
s 5156
f 3329/4075/6 3324/4073/6 3308/4074/6 
s 5157
f 3306/4071/6 3308/4074/6 3324/4073/6 
s 5158
f 3307/4072/6 3306/4071/6 3324/4073/6 
s 5159
f 3422/4130/6 3423/4129/6 3424/4128/6 
s 5160
f 3423/4129/6 3425/4127/6 3424/4128/6 
s 5161
f 3426/4126/6 3424/4128/6 3425/4127/6 
s 5162
f 3425/4127/6 3427/4124/6 3426/4126/6 
s 5163
f 3428/4125/6 3426/4126/6 3427/4124/6 
s 5164
f 3429/4123/6 3428/4125/6 3427/4124/6 
s 5165
f 3427/4124/6 3430/4122/6 3429/4123/6 
s 5166
f 3431/4121/6 3429/4123/6 3430/4122/6 
s 5167
f 3390/4082/6 3386/4081/6 3394/4080/6 
s 5168
f 3386/4081/6 3382/4079/6 3394/4080/6 
s 5169
f 3364/4078/6 3394/4080/6 3382/4079/6 
s 5170
f 3382/4079/6 3380/4077/6 3364/4078/6 
s 5171
f 3360/4076/6 3364/4078/6 3380/4077/6 
s 5172
f 3380/4077/6 3377/4075/6 3360/4076/6 
s 5173
f 3356/4074/6 3360/4076/6 3377/4075/6 
s 5174
f 3377/4075/6 3372/4073/6 3356/4074/6 
s 5175
f 3354/4071/6 3356/4074/6 3372/4073/6 
s 5176
f 3355/4072/6 3354/4071/6 3372/4073/6 
s 5177
f 3432/4156/1069 3433/4212/1069 3434/4160/1069 
s 5178
f 3435/4213/1165 3436/4153/1165 3434/4160/1165 
s 5179
f 3437/4182/133 3438/4180/133 3439/4183/1166 
s 5180
f 3440/4132/4 3429/4134/4 3431/4181/4 
s 5181
f 3440/4132/4 3431/4181/4 3437/4182/133 
s 5182
f 3437/4182/133 3431/4181/4 3438/4180/133 
s 5183
f 3441/4179/4 3438/4180/133 3431/4181/4 
s 5184
f 3441/4179/4 3442/4149/4 3438/4180/133 
s 5185
f 3443/4148/4 3442/4149/4 3441/4179/4 
s 5186
f 3437/4146/1074 3444/4214/1074 3445/4147/1074 
s 5187
f 3445/4147/1075 3433/4215/1075 3432/4145/1075 
s 5188
f 3439/4183/1167 3444/4216/1167 3437/4182/1167 
s 5189
f 3446/4217/1168 3439/4183/1168 3438/4180/1168 
s 5190
f 3434/4160/906 3436/4153/1169 3432/4156/1170 
s 5191
f 3447/4159/1041 3432/4156/1170 3427/4158/1043 
s 5192
f 3430/4157/1171 3427/4158/1043 3432/4156/1170 
s 5193
f 3430/4157/1171 3432/4156/1170 3448/4155/1172 
s 5194
f 3436/4153/1169 3448/4155/1172 3432/4156/1170 
s 5195
f 3448/4155/1172 3436/4153/1169 3449/4154/1047 
s 5196
f 3450/4152/1041 3449/4154/1047 3436/4153/1169 
s 5197
f 3451/4168/1 3452/4167/1 3453/4166/1 
s 5198
f 3452/4167/1 3454/4164/1 3453/4166/1 
s 5199
f 3455/4165/1 3453/4166/1 3454/4164/1 
s 5200
f 3455/4165/1 3454/4164/1 3449/4162/1 
s 5201
f 3456/4163/1 3449/4162/1 3454/4164/1 
s 5202
f 3456/4163/1 3443/4161/1 3449/4162/1 
s 5203
f 3449/4162/1 3443/4161/1 3448/4136/1 
s 5204
f 3441/4135/1 3448/4136/1 3443/4161/1 
s 5205
f 3457/4151/1060 3456/4150/1173 3458/4178/1174 
s 5206
f 3454/4177/1175 3458/4178/1174 3456/4150/1173 
s 5207
f 3458/4178/1174 3454/4177/1175 3459/4176/1176 
s 5208
f 3452/4175/10 3459/4176/1176 3454/4177/1175 
s 5209
f 3459/4176/1176 3452/4175/10 3460/4174/1055 
s 5210
f 3451/4173/1055 3460/4174/1055 3452/4175/10 
s 5211
f 3460/4174/1055 3451/4173/1055 3461/4172/1054 
s 5212
f 3453/4171/1177 3461/4172/1054 3451/4173/1055 
s 5213
f 3461/4172/1054 3453/4171/1177 3462/4170/1178 
s 5214
f 3455/4169/1179 3462/4170/1178 3453/4171/1177 
s 5215
f 3462/4170/1178 3455/4169/1179 3450/4152/1180 
s 5216
f 3449/4154/1049 3450/4152/1180 3455/4169/1179 
s 5217
f 3446/4219/1181 3438/4218/1181 3463/4220/1181 
s 5218
f 3435/4221/1139 3463/4220/1139 3436/4222/1139 
s 5219
f 3408/4191/718 3446/4190/718 3407/4189/6 
s 5220
f 3463/4188/343 3407/4189/6 3446/4190/718 
s 5221
f 3407/4189/6 3463/4188/343 3419/4187/116 
s 5222
f 3435/4185/116 3419/4187/116 3463/4188/343 
s 5223
f 3419/4187/116 3435/4185/116 3417/4186/501 
s 5224
f 3434/4184/501 3417/4186/501 3435/4185/116 
s 5225
f 3434/4184/501 3433/4201/1063 3417/4186/501 
s 5226
f 3415/4200/1063 3417/4186/501 3433/4201/1063 
s 5227
f 3433/4201/1063 3445/4199/1 3415/4200/1063 
s 5228
f 3413/4198/93 3415/4200/1063 3445/4199/1 
s 5229
f 3445/4199/1 3444/4197/619 3413/4198/93 
s 5230
f 3412/4196/619 3413/4198/93 3444/4197/619 
s 5231
f 3444/4197/619 3439/4193/135 3412/4196/619 
s 5232
f 3410/4195/135 3412/4196/619 3439/4193/135 
s 5233
f 3410/4195/135 3439/4193/135 3408/4194/645 
s 5234
f 3446/4192/645 3408/4194/645 3439/4193/135 
s 5235
f 3460/4240/6 3461/4239/6 3459/4238/6 
s 5236
f 3461/4239/6 3462/4236/6 3459/4238/6 
s 5237
f 3458/4237/6 3459/4238/6 3462/4236/6 
s 5238
f 3458/4237/6 3462/4236/6 3457/4235/6 
s 5239
f 3450/4234/6 3457/4235/6 3462/4236/6 
s 5240
f 3457/4235/6 3450/4234/6 3442/4233/6 
s 5241
f 3436/4222/1182 3442/4233/6 3450/4234/6 
s 5242
f 3438/4218/1039 3442/4233/6 3436/4222/1182 
s 5243
f 3436/4222/1182 3463/4220/1183 3438/4218/1039 
s 5244
f 3389/4094/1 3393/4093/1 3385/4092/1 
s 5245
f 3393/4093/1 3367/4091/1 3385/4092/1 
s 5246
f 3381/4090/1 3385/4092/1 3367/4091/1 
s 5247
f 3367/4091/1 3363/4089/1 3381/4090/1 
s 5248
f 3376/4088/1 3381/4090/1 3363/4089/1 
s 5249
f 3363/4089/1 3359/4087/1 3376/4088/1 
s 5250
f 3368/4086/1 3376/4088/1 3359/4087/1 
s 5251
f 3359/4087/1 3349/4085/1 3368/4086/1 
s 5252
f 3369/4083/1 3368/4086/1 3349/4085/1 
s 5253
f 3348/4084/1 3369/4083/1 3349/4085/1 
s 5254
f 3464/4243/1094 3420/4241/1184 3465/4262/1185 
s 5255
f 3418/4261/1185 3465/4262/1185 3420/4241/1184 
s 5256
f 3465/4262/1185 3418/4261/1185 3466/4260/1186 
s 5257
f 3416/4259/1081 3466/4260/1186 3418/4261/1185 
s 5258
f 3466/4260/1186 3416/4259/1081 3467/4258/1082 
s 5259
f 3414/4257/1187 3467/4258/1082 3416/4259/1081 
s 5260
f 3467/4258/1082 3414/4257/1187 3468/4256/1084 
s 5261
f 3405/4254/1083 3468/4256/1084 3414/4257/1187 
s 5262
f 3468/4256/1084 3405/4254/1083 3469/4255/1188 
s 5263
f 3403/4253/1188 3469/4255/1188 3405/4254/1083 
s 5264
f 3469/4252/1189 3403/4251/1189 3470/4250/1190 
s 5265
f 3401/4249/1190 3470/4250/1190 3403/4251/1189 
s 5266
f 3470/4250/1190 3401/4249/1190 3471/4248/1191 
s 5267
f 3399/4247/1192 3471/4248/1191 3401/4249/1190 
s 5268
f 3471/4248/1191 3399/4247/1192 3472/4246/1091 
s 5269
f 3397/4245/1090 3472/4246/1091 3399/4247/1192 
s 5270
f 3472/4246/1091 3397/4245/1090 3473/4244/1093 
s 5271
f 3421/4242/1092 3473/4244/1093 3397/4245/1090 
s 5272
f 3473/4244/1093 3421/4242/1092 3464/4243/1094 
s 5273
f 3420/4241/1184 3464/4243/1094 3421/4242/1092 
s 5274
f 3474/4232/1 3475/4231/1 3476/4230/1 
s 5275
f 3475/4231/1 3477/4229/1 3476/4230/1 
s 5276
f 3478/4228/1 3476/4230/1 3477/4229/1 
s 5277
f 3477/4229/1 3479/4226/1 3478/4228/1 
s 5278
f 3480/4227/1 3478/4228/1 3479/4226/1 
s 5279
f 3481/4225/1 3480/4227/1 3479/4226/1 
s 5280
f 3479/4226/1 3482/4224/1 3481/4225/1 
s 5281
f 3483/4223/1 3481/4225/1 3482/4224/1 
s 5282
f 3429/4134/1037 3440/4132/1037 3428/4133/1037 
s 5283
f 3484/4131/1037 3428/4133/1037 3440/4132/1037 
s 5284
f 3427/4158/1049 3425/4211/1067 3447/4159/1049 
s 5285
f 3485/4210/1067 3447/4159/1049 3425/4211/1067 
s 5286
f 3425/4211/1067 3423/4209/5 3485/4210/1067 
s 5287
f 3486/4208/5 3485/4210/1067 3423/4209/5 
s 5288
f 3423/4209/5 3422/4207/1055 3486/4208/5 
s 5289
f 3487/4206/1055 3486/4208/5 3422/4207/1055 
s 5290
f 3422/4207/1055 3424/4205/10 3487/4206/1055 
s 5291
f 3488/4204/10 3487/4206/1055 3424/4205/10 
s 5292
f 3424/4205/10 3426/4203/722 3488/4204/10 
s 5293
f 3489/4202/722 3488/4204/10 3426/4203/722 
s 5294
f 3426/4203/722 3428/4133/1066 3489/4202/722 
s 5295
f 3484/4131/1066 3489/4202/722 3428/4133/1066 
s 5296
f 3430/4122/10 3448/4136/10 3431/4121/10 
s 5297
f 3441/4135/10 3431/4121/10 3448/4136/10 
s 5298
f 3445/4147/1076 3432/4145/1077 3437/4146/1078 
s 5299
f 3440/4144/1 3437/4146/1078 3432/4145/1077 
s 5300
f 3432/4145/1077 3447/4143/1 3440/4144/1 
s 5301
f 3484/4142/1 3440/4144/1 3447/4143/1 
s 5302
f 3447/4143/1 3485/4141/1 3484/4142/1 
s 5303
f 3489/4140/1 3484/4142/1 3485/4141/1 
s 5304
f 3485/4141/1 3486/4139/1 3489/4140/1 
s 5305
f 3488/4137/1 3489/4140/1 3486/4139/1 
s 5306
f 3487/4138/1 3488/4137/1 3486/4139/1 
s 5307
f 3490/4288/1193 3491/4344/1193 3492/4292/1193 
s 5308
f 3493/4345/1133 3494/4285/1133 3492/4292/1133 
s 5309
f 3495/4314/806 3496/4312/806 3497/4315/1194 
s 5310
f 3498/4264/5 3481/4266/5 3483/4313/5 
s 5311
f 3498/4264/5 3483/4313/5 3495/4314/806 
s 5312
f 3495/4314/806 3483/4313/5 3496/4312/806 
s 5313
f 3499/4311/5 3496/4312/806 3483/4313/5 
s 5314
f 3499/4311/5 3500/4281/5 3496/4312/806 
s 5315
f 3501/4280/5 3500/4281/5 3499/4311/5 
s 5316
f 3495/4278/1195 3502/4346/1195 3503/4279/1195 
s 5317
f 3503/4279/1070 3491/4347/1070 3490/4277/1070 
s 5318
f 3497/4315/1196 3502/4348/1196 3495/4314/1196 
s 5319
f 3504/4349/1197 3497/4315/1197 3496/4312/1197 
s 5320
f 3492/4292/1198 3494/4285/1199 3490/4288/1101 
s 5321
f 3505/4291/1100 3490/4288/1101 3479/4290/1102 
s 5322
f 3482/4289/1103 3479/4290/1102 3490/4288/1101 
s 5323
f 3482/4289/1103 3490/4288/1101 3506/4287/1105 
s 5324
f 3494/4285/1199 3506/4287/1105 3490/4288/1101 
s 5325
f 3506/4287/1105 3494/4285/1199 3507/4286/1106 
s 5326
f 3508/4284/1100 3507/4286/1106 3494/4285/1199 
s 5327
f 3509/4300/6 3510/4299/6 3511/4298/6 
s 5328
f 3510/4299/6 3512/4296/6 3511/4298/6 
s 5329
f 3513/4297/6 3511/4298/6 3512/4296/6 
s 5330
f 3513/4297/6 3512/4296/6 3507/4294/6 
s 5331
f 3514/4295/6 3507/4294/6 3512/4296/6 
s 5332
f 3514/4295/6 3501/4293/6 3507/4294/6 
s 5333
f 3507/4294/6 3501/4293/6 3506/4268/6 
s 5334
f 3499/4267/6 3506/4268/6 3501/4293/6 
s 5335
f 3515/4283/1118 3514/4282/1124 3516/4310/1125 
s 5336
f 3512/4309/1126 3516/4310/1125 3514/4282/1124 
s 5337
f 3516/4310/1125 3512/4309/1126 3517/4308/1200 
s 5338
f 3510/4307/682 3517/4308/1200 3512/4309/1126 
s 5339
f 3517/4308/1200 3510/4307/682 3518/4306/722 
s 5340
f 3509/4305/722 3518/4306/722 3510/4307/682 
s 5341
f 3518/4306/722 3509/4305/722 3519/4304/1113 
s 5342
f 3511/4303/1129 3519/4304/1113 3509/4305/722 
s 5343
f 3519/4304/1113 3511/4303/1129 3520/4302/1130 
s 5344
f 3513/4301/1131 3520/4302/1130 3511/4303/1129 
s 5345
f 3520/4302/1130 3513/4301/1131 3508/4284/1132 
s 5346
f 3507/4286/1108 3508/4284/1132 3513/4301/1131 
s 5347
f 3504/4351/1135 3496/4350/1135 3521/4352/1135 
s 5348
f 3493/4353/1136 3521/4352/1136 3494/4354/1136 
s 5349
f 3411/4323/1201 3504/4322/1201 3404/4321/1 
s 5350
f 3521/4320/93 3404/4321/1 3504/4322/1201 
s 5351
f 3404/4321/1 3521/4320/93 3402/4319/619 
s 5352
f 3493/4317/619 3402/4319/619 3521/4320/93 
s 5353
f 3402/4319/619 3493/4317/619 3400/4318/135 
s 5354
f 3492/4316/135 3400/4318/135 3493/4317/619 
s 5355
f 3492/4316/135 3491/4333/497 3400/4318/135 
s 5356
f 3398/4332/497 3400/4318/135 3491/4333/497 
s 5357
f 3491/4333/497 3503/4331/6 3398/4332/497 
s 5358
f 3396/4330/343 3398/4332/497 3503/4331/6 
s 5359
f 3503/4331/6 3502/4329/116 3396/4330/343 
s 5360
f 3406/4328/116 3396/4330/343 3502/4329/116 
s 5361
f 3502/4329/116 3497/4325/501 3406/4328/116 
s 5362
f 3409/4327/501 3406/4328/116 3497/4325/501 
s 5363
f 3409/4327/501 3497/4325/501 3411/4326/1202 
s 5364
f 3504/4324/1202 3411/4326/1202 3497/4325/501 
s 5365
f 3518/4362/1 3519/4361/1 3517/4360/1 
s 5366
f 3519/4361/1 3520/4358/1 3517/4360/1 
s 5367
f 3516/4359/1 3517/4360/1 3520/4358/1 
s 5368
f 3516/4359/1 3520/4358/1 3515/4357/1 
s 5369
f 3508/4356/1 3515/4357/1 3520/4358/1 
s 5370
f 3515/4357/1 3508/4356/1 3500/4355/1 
s 5371
f 3494/4354/1077 3500/4355/1 3508/4356/1 
s 5372
f 3496/4350/1078 3500/4355/1 3494/4354/1077 
s 5373
f 3494/4354/1077 3521/4352/1076 3496/4350/1078 
s 5374
f 3457/4151/1037 3442/4149/1037 3456/4150/1037 
s 5375
f 3443/4148/1037 3456/4150/1037 3442/4149/1037 
s 5376
f 3481/4266/1097 3498/4264/1097 3480/4265/1097 
s 5377
f 3522/4263/1097 3480/4265/1097 3498/4264/1097 
s 5378
f 3479/4290/1108 3477/4343/1109 3505/4291/1110 
s 5379
f 3523/4342/1111 3505/4291/1110 3477/4343/1109 
s 5380
f 3477/4343/1109 3475/4341/1112 3523/4342/1111 
s 5381
f 3524/4340/1128 3523/4342/1111 3475/4341/1112 
s 5382
f 3475/4341/1112 3474/4339/722 3524/4340/1128 
s 5383
f 3525/4338/722 3524/4340/1128 3474/4339/722 
s 5384
f 3474/4339/722 3476/4337/10 3525/4338/722 
s 5385
f 3526/4336/1203 3525/4338/722 3476/4337/10 
s 5386
f 3476/4337/10 3478/4335/1115 3526/4336/1203 
s 5387
f 3527/4334/1116 3526/4336/1203 3478/4335/1115 
s 5388
f 3478/4335/1115 3480/4265/1117 3527/4334/1116 
s 5389
f 3522/4263/1118 3527/4334/1116 3480/4265/1117 
s 5390
f 3482/4224/10 3506/4268/10 3483/4223/10 
s 5391
f 3499/4267/10 3483/4223/10 3506/4268/10 
s 5392
f 3503/4279/1183 3490/4277/1182 3495/4278/1039 
s 5393
f 3498/4276/6 3495/4278/1039 3490/4277/1182 
s 5394
f 3490/4277/1182 3505/4275/1204 3498/4276/6 
s 5395
f 3522/4274/1205 3498/4276/6 3505/4275/1204 
s 5396
f 3505/4275/1204 3523/4273/6 3522/4274/1205 
s 5397
f 3527/4272/6 3522/4274/1205 3523/4273/6 
s 5398
f 3523/4273/6 3524/4271/1206 3527/4272/6 
s 5399
f 3526/4269/1206 3527/4272/6 3524/4271/1206 
s 5400
f 3525/4270/6 3526/4269/1206 3524/4271/1206 
s 5401
f 3528/3977/928 3529/3978/928 3530/3970/929 
s 5402
f 3531/3979/923 3530/3970/929 3529/3978/928 
s 5403
f 3531/3979/923 3532/3971/1207 3530/3970/929 
s 5404
f 3533/3963/924 3530/3970/929 3532/3971/1207 
s 5405
f 3532/3971/1207 3534/3972/925 3533/3963/924 
s 5406
f 3535/3973/925 3533/3963/924 3534/3972/925 
s 5407
f 3534/3976/1208 3532/3971/1207 3536/3975/1208 
s 5408
f 3537/3974/1209 3536/3975/1208 3532/3971/1207 
s 5409
f 3537/3974/1209 3532/3971/1207 3538/3980/1151 
s 5410
f 3531/3979/923 3538/3980/1151 3532/3971/1207 
s 5411
f 3538/3980/1151 3531/3979/923 3539/3986/1210 
s 5412
f 3529/3985/1210 3539/3986/1210 3531/3979/923 
s 5413
f 3536/3984/1211 3537/3974/1209 3540/3983/978 
s 5414
f 3541/3982/1212 3540/3983/978 3537/3974/1209 
s 5415
f 3541/3982/1212 3537/3974/1209 3542/3981/1213 
s 5416
f 3538/3980/1151 3542/3981/1213 3537/3974/1209 
s 5417
f 3542/3981/1213 3538/3980/1151 3543/3988/975 
s 5418
f 3539/3987/1152 3543/3988/975 3538/3980/1151 
s 5419
f 3540/3994/971 3541/3982/1212 3544/3993/971 
s 5420
f 3545/3992/1214 3544/3993/971 3541/3982/1212 
s 5421
f 3541/3982/1212 3542/3981/1213 3545/3992/1214 
s 5422
f 3546/3991/1215 3545/3992/1214 3542/3981/1213 
s 5423
f 3546/3991/1215 3542/3981/1213 3547/3990/974 
s 5424
f 3543/3989/974 3547/3990/974 3542/3981/1213 
s 5425
f 3548/3966/1216 3549/3967/1216 3550/3961/1217 
s 5426
f 3551/3962/934 3550/3961/1217 3549/3967/1216 
s 5427
f 3530/3970/929 3533/3963/924 3551/3962/934 
s 5428
f 3530/3970/929 3551/3962/934 3528/3969/932 
s 5429
f 3549/3968/932 3528/3969/932 3551/3962/934 
s 5430
f 3552/3965/931 3553/3956/930 3535/3964/931 
s 5431
f 3533/3963/924 3535/3964/931 3553/3956/930 
s 5432
f 3553/3956/930 3551/3962/934 3533/3963/924 
s 5433
f 3553/3956/930 3554/3953/935 3551/3962/934 
s 5434
f 3550/3961/1217 3551/3962/934 3554/3953/935 
s 5435
f 3550/3961/1217 3554/3953/935 3555/3952/942 
s 5436
f 3550/3961/1217 3555/3952/942 3548/3960/941 
s 5437
f 3556/3959/941 3548/3960/941 3555/3952/942 
s 5438
f 3557/3958/1218 3554/3953/935 3552/3957/1218 
s 5439
f 3553/3956/930 3552/3957/1218 3554/3953/935 
s 5440
f 3555/3952/942 3558/3946/1019 3556/3951/948 
s 5441
f 3555/3952/942 3559/3947/939 3558/3946/1019 
s 5442
f 3559/3947/939 3555/3952/942 3554/3953/935 
s 5443
f 3554/3953/935 3557/3954/940 3559/3947/939 
s 5444
f 3560/3955/940 3559/3947/939 3557/3954/940 
s 5445
f 3561/3950/948 3556/3951/948 3558/3946/1019 
s 5446
f 3562/3949/944 3563/3941/943 3560/3948/944 
s 5447
f 3559/3947/939 3560/3948/944 3563/3941/943 
s 5448
f 3563/3941/943 3558/3946/1019 3559/3947/939 
s 5449
f 3558/3946/1019 3563/3941/943 3564/3940/1013 
s 5450
f 3558/3946/1019 3564/3940/1013 3561/3945/1219 
s 5451
f 3565/3944/1220 3561/3945/1219 3564/3940/1013 
s 5452
f 3566/3943/1221 3567/3935/1020 3562/3942/1221 
s 5453
f 3563/3941/943 3562/3942/1221 3567/3935/1020 
s 5454
f 3567/3935/1020 3564/3940/1013 3563/3941/943 
s 5455
f 3564/3940/1013 3567/3935/1020 3568/3934/958 
s 5456
f 3564/3940/1013 3568/3934/958 3565/3939/1161 
s 5457
f 3569/3938/1222 3565/3939/1161 3568/3934/958 
s 5458
f 3570/3937/1223 3571/3929/951 3566/3936/1224 
s 5459
f 3567/3935/1020 3566/3936/1224 3571/3929/951 
s 5460
f 3571/3929/951 3568/3934/958 3567/3935/1020 
s 5461
f 3568/3934/958 3571/3929/951 3572/3928/1004 
s 5462
f 3568/3934/958 3572/3928/1004 3569/3933/1225 
s 5463
f 3573/3932/1003 3569/3933/1225 3572/3928/1004 
s 5464
f 3574/3931/1016 3575/3922/998 3570/3930/1226 
s 5465
f 3571/3929/951 3570/3930/1226 3575/3922/998 
s 5466
f 3575/3922/998 3572/3928/1004 3571/3929/951 
s 5467
f 3572/3928/1004 3575/3922/998 3546/3923/1227 
s 5468
f 3572/3928/1004 3546/3923/1227 3573/3927/1228 
s 5469
f 3547/3926/1229 3573/3927/1228 3546/3923/1227 
s 5470
f 3544/3925/1230 3545/3921/1231 3574/3924/1232 
s 5471
f 3575/3922/998 3574/3924/1232 3545/3921/1231 
s 5472
f 3545/3921/1231 3546/3923/1227 3575/3922/998 
s 5473
f 3576/3977/1010 3577/3978/1010 3578/3970/1233 
s 5474
f 3579/3979/1005 3578/3970/1233 3577/3978/1010 
s 5475
f 3579/3979/1005 3580/3971/997 3578/3970/1233 
s 5476
f 3581/3963/1234 3578/3970/1233 3580/3971/997 
s 5477
f 3580/3971/997 3582/3972/1007 3581/3963/1234 
s 5478
f 3583/3973/1007 3581/3963/1234 3582/3972/1007 
s 5479
f 3582/3976/999 3580/3971/997 3584/3975/999 
s 5480
f 3585/3974/998 3584/3975/999 3580/3971/997 
s 5481
f 3585/3974/998 3580/3971/997 3586/3980/1004 
s 5482
f 3579/3979/1005 3586/3980/1004 3580/3971/997 
s 5483
f 3586/3980/1004 3579/3979/1005 3587/3986/1009 
s 5484
f 3577/3985/1009 3587/3986/1009 3579/3979/1005 
s 5485
f 3584/3984/1235 3585/3974/998 3588/3983/1236 
s 5486
f 3589/3982/1237 3588/3983/1236 3585/3974/998 
s 5487
f 3589/3982/1237 3585/3974/998 3590/3981/1238 
s 5488
f 3586/3980/1004 3590/3981/1238 3585/3974/998 
s 5489
f 3590/3981/1238 3586/3980/1004 3591/3988/1239 
s 5490
f 3587/3987/1239 3591/3988/1239 3586/3980/1004 
s 5491
f 3588/3994/1021 3589/3982/1237 3592/3993/1240 
s 5492
f 3593/3992/1241 3592/3993/1240 3589/3982/1237 
s 5493
f 3589/3982/1237 3590/3981/1238 3593/3992/1241 
s 5494
f 3594/3991/1242 3593/3992/1241 3590/3981/1238 
s 5495
f 3594/3991/1242 3590/3981/1238 3595/3990/1243 
s 5496
f 3591/3989/1014 3595/3990/1243 3590/3981/1238 
s 5497
f 3596/3966/991 3597/3967/1244 3598/3961/987 
s 5498
f 3599/3962/1245 3598/3961/987 3597/3967/1244 
s 5499
f 3578/3970/1233 3581/3963/1234 3599/3962/1245 
s 5500
f 3578/3970/1233 3599/3962/1245 3576/3969/984 
s 5501
f 3597/3968/1246 3576/3969/984 3599/3962/1245 
s 5502
f 3600/3965/1011 3601/3956/1247 3583/3964/1011 
s 5503
f 3581/3963/1234 3583/3964/1011 3601/3956/1247 
s 5504
f 3601/3956/1247 3599/3962/1245 3581/3963/1234 
s 5505
f 3601/3956/1247 3602/3953/981 3599/3962/1245 
s 5506
f 3598/3961/987 3599/3962/1245 3602/3953/981 
s 5507
f 3598/3961/987 3602/3953/981 3603/3952/929 
s 5508
f 3598/3961/987 3603/3952/929 3596/3960/992 
s 5509
f 3604/3959/992 3596/3960/992 3603/3952/929 
s 5510
f 3605/3958/983 3602/3953/981 3600/3957/1248 
s 5511
f 3601/3956/1247 3600/3957/1248 3602/3953/981 
s 5512
f 3603/3952/929 3606/3946/1249 3604/3951/993 
s 5513
f 3603/3952/929 3607/3947/924 3606/3946/1249 
s 5514
f 3607/3947/924 3603/3952/929 3602/3953/981 
s 5515
f 3602/3953/981 3605/3954/990 3607/3947/924 
s 5516
f 3608/3955/990 3607/3947/924 3605/3954/990 
s 5517
f 3609/3950/993 3604/3951/993 3606/3946/1249 
s 5518
f 3610/3949/996 3611/3941/1250 3608/3948/996 
s 5519
f 3607/3947/924 3608/3948/996 3611/3941/1250 
s 5520
f 3611/3941/1250 3606/3946/1249 3607/3947/924 
s 5521
f 3606/3946/1249 3611/3941/1250 3612/3940/1251 
s 5522
f 3606/3946/1249 3612/3940/1251 3609/3945/1031 
s 5523
f 3613/3944/1252 3609/3945/1031 3612/3940/1251 
s 5524
f 3614/3943/1253 3615/3935/1254 3610/3942/1035 
s 5525
f 3611/3941/1250 3610/3942/1035 3615/3935/1254 
s 5526
f 3615/3935/1254 3612/3940/1251 3611/3941/1250 
s 5527
f 3612/3940/1251 3615/3935/1254 3616/3934/1255 
s 5528
f 3612/3940/1251 3616/3934/1255 3613/3939/1026 
s 5529
f 3617/3938/1256 3613/3939/1026 3616/3934/1255 
s 5530
f 3618/3937/1257 3619/3929/1258 3614/3936/1033 
s 5531
f 3615/3935/1254 3614/3936/1033 3619/3929/1258 
s 5532
f 3619/3929/1258 3616/3934/1255 3615/3935/1254 
s 5533
f 3616/3934/1255 3619/3929/1258 3620/3928/1019 
s 5534
f 3616/3934/1255 3620/3928/1019 3617/3933/1023 
s 5535
f 3621/3932/1023 3617/3933/1023 3620/3928/1019 
s 5536
f 3622/3931/1028 3623/3922/1259 3618/3930/1028 
s 5537
f 3619/3929/1258 3618/3930/1028 3623/3922/1259 
s 5538
f 3623/3922/1259 3620/3928/1019 3619/3929/1258 
s 5539
f 3620/3928/1019 3623/3922/1259 3594/3923/1260 
s 5540
f 3620/3928/1019 3594/3923/1260 3621/3927/1018 
s 5541
f 3595/3926/1018 3621/3927/1018 3594/3923/1260 
s 5542
f 3592/3925/1025 3593/3921/1261 3622/3924/1025 
s 5543
f 3623/3922/1259 3622/3924/1025 3593/3921/1261 
s 5544
f 3593/3921/1261 3594/3923/1260 3623/3922/1259 
s 5545
f 3624/4156/1262 3625/4212/1262 3626/4160/1262 
s 5546
f 3627/4213/1263 3628/4153/1263 3626/4160/1263 
s 5547
f 3629/4182/1119 3630/4180/1119 3631/4183/1264 
s 5548
f 3632/4132/5 3633/4134/5 3634/4181/5 
s 5549
f 3632/4132/5 3634/4181/5 3629/4182/1119 
s 5550
f 3629/4182/1119 3634/4181/5 3630/4180/1119 
s 5551
f 3635/4179/5 3630/4180/1119 3634/4181/5 
s 5552
f 3635/4179/5 3636/4149/5 3630/4180/1119 
s 5553
f 3637/4148/5 3636/4149/5 3635/4179/5 
s 5554
f 3629/4146/1139 3638/4214/1139 3639/4147/1139 
s 5555
f 3639/4147/1265 3625/4215/1265 3624/4145/1265 
s 5556
f 3631/4183/1266 3638/4216/1266 3629/4182/1266 
s 5557
f 3640/4217/1197 3631/4183/1197 3630/4180/1197 
s 5558
f 3626/4160/1107 3628/4153/1199 3624/4156/1267 
s 5559
f 3641/4159/1100 3624/4156/1267 3642/4158/1268 
s 5560
f 3643/4157/1269 3642/4158/1268 3624/4156/1267 
s 5561
f 3643/4157/1269 3624/4156/1267 3644/4155/1270 
s 5562
f 3628/4153/1199 3644/4155/1270 3624/4156/1267 
s 5563
f 3644/4155/1270 3628/4153/1199 3645/4154/1271 
s 5564
f 3646/4152/1100 3645/4154/1271 3628/4153/1199 
s 5565
f 3647/4151/1118 3648/4150/1124 3649/4178/1125 
s 5566
f 3650/4177/1126 3649/4178/1125 3648/4150/1124 
s 5567
f 3649/4178/1125 3650/4177/1126 3651/4176/1200 
s 5568
f 3652/4175/10 3651/4176/1200 3650/4177/1126 
s 5569
f 3651/4176/1200 3652/4175/10 3653/4174/722 
s 5570
f 3654/4173/722 3653/4174/722 3652/4175/10 
s 5571
f 3653/4174/722 3654/4173/722 3655/4172/1113 
s 5572
f 3656/4171/1272 3655/4172/1113 3654/4173/722 
s 5573
f 3655/4172/1113 3656/4171/1272 3657/4170/1273 
s 5574
f 3658/4169/1274 3657/4170/1273 3656/4171/1272 
s 5575
f 3657/4170/1273 3658/4169/1274 3646/4152/1275 
s 5576
f 3645/4154/1108 3646/4152/1275 3658/4169/1274 
s 5577
f 3640/4219/1276 3630/4218/1276 3659/4220/1276 
s 5578
f 3627/4221/1136 3659/4220/1136 3628/4222/1136 
s 5579
f 3660/4191/620 3640/4190/620 3661/4189/1 
s 5580
f 3659/4188/1 3661/4189/1 3640/4190/620 
s 5581
f 3661/4189/1 3659/4188/1 3662/4187/619 
s 5582
f 3627/4185/619 3662/4187/619 3659/4188/1 
s 5583
f 3662/4187/619 3627/4185/619 3663/4186/333 
s 5584
f 3626/4184/333 3663/4186/333 3627/4185/619 
s 5585
f 3626/4184/333 3625/4201/1065 3663/4186/333 
s 5586
f 3664/4200/1064 3663/4186/333 3625/4201/1065 
s 5587
f 3625/4201/1065 3639/4199/6 3664/4200/1064 
s 5588
f 3665/4198/343 3664/4200/1064 3639/4199/6 
s 5589
f 3639/4199/6 3638/4197/116 3665/4198/343 
s 5590
f 3666/4196/116 3665/4198/343 3638/4197/116 
s 5591
f 3638/4197/116 3631/4193/500 3666/4196/116 
s 5592
f 3667/4195/500 3666/4196/116 3631/4193/500 
s 5593
f 3667/4195/500 3631/4193/500 3660/4194/1202 
s 5594
f 3640/4192/1202 3660/4194/1202 3631/4193/500 
s 5595
f 3668/4232/6 3669/4231/6 3670/4230/6 
s 5596
f 3669/4231/6 3671/4229/6 3670/4230/6 
s 5597
f 3672/4228/6 3670/4230/6 3671/4229/6 
s 5598
f 3671/4229/6 3673/4226/6 3672/4228/6 
s 5599
f 3674/4227/6 3672/4228/6 3673/4226/6 
s 5600
f 3675/4225/6 3674/4227/6 3673/4226/6 
s 5601
f 3673/4226/6 3676/4224/6 3675/4225/6 
s 5602
f 3677/4223/6 3675/4225/6 3676/4224/6 
s 5603
f 3515/4283/1097 3500/4281/1097 3514/4282/1097 
s 5604
f 3501/4280/1097 3514/4282/1097 3500/4281/1097 
s 5605
f 3570/4082/1 3566/4081/1 3574/4080/1 
s 5606
f 3566/4081/1 3562/4079/1 3574/4080/1 
s 5607
f 3544/4078/1 3574/4080/1 3562/4079/1 
s 5608
f 3562/4079/1 3560/4077/1 3544/4078/1 
s 5609
f 3540/4076/1 3544/4078/1 3560/4077/1 
s 5610
f 3560/4077/1 3557/4075/1 3540/4076/1 
s 5611
f 3536/4074/1 3540/4076/1 3557/4075/1 
s 5612
f 3557/4075/1 3552/4073/1 3536/4074/1 
s 5613
f 3534/4071/1 3536/4074/1 3552/4073/1 
s 5614
f 3535/4072/1 3534/4071/1 3552/4073/1 
s 5615
f 3678/4288/1277 3679/4344/1277 3680/4292/1277 
s 5616
f 3681/4345/1278 3682/4285/1278 3680/4292/1278 
s 5617
f 3683/4314/135 3684/4312/135 3685/4315/1061 
s 5618
f 3686/4264/4 3675/4266/4 3677/4313/4 
s 5619
f 3686/4264/4 3677/4313/4 3683/4314/135 
s 5620
f 3683/4314/135 3677/4313/4 3684/4312/135 
s 5621
f 3687/4311/4 3684/4312/135 3677/4313/4 
s 5622
f 3687/4311/4 3688/4281/4 3684/4312/135 
s 5623
f 3689/4280/4 3688/4281/4 3687/4311/4 
s 5624
f 3683/4278/1279 3690/4346/1279 3691/4279/1279 
s 5625
f 3691/4279/1280 3679/4347/1280 3678/4277/1280 
s 5626
f 3685/4315/1281 3690/4348/1281 3683/4314/1281 
s 5627
f 3692/4349/1282 3685/4315/1282 3684/4312/1282 
s 5628
f 3680/4292/1048 3682/4285/1283 3678/4288/1284 
s 5629
f 3693/4291/1041 3678/4288/1284 3673/4290/1285 
s 5630
f 3676/4289/1286 3673/4290/1285 3678/4288/1284 
s 5631
f 3676/4289/1286 3678/4288/1284 3694/4287/1287 
s 5632
f 3682/4285/1283 3694/4287/1287 3678/4288/1284 
s 5633
f 3694/4287/1287 3682/4285/1283 3695/4286/1288 
s 5634
f 3696/4284/1041 3695/4286/1288 3682/4285/1283 
s 5635
f 3697/4300/1 3698/4299/1 3699/4298/1 
s 5636
f 3698/4299/1 3700/4296/1 3699/4298/1 
s 5637
f 3701/4297/1 3699/4298/1 3700/4296/1 
s 5638
f 3701/4297/1 3700/4296/1 3695/4294/1 
s 5639
f 3702/4295/1 3695/4294/1 3700/4296/1 
s 5640
f 3702/4295/1 3689/4293/1 3695/4294/1 
s 5641
f 3695/4294/1 3689/4293/1 3694/4268/1 
s 5642
f 3687/4267/1 3694/4268/1 3689/4293/1 
s 5643
f 3703/4283/1289 3702/4282/1290 3704/4310/1291 
s 5644
f 3700/4309/1292 3704/4310/1291 3702/4282/1290 
s 5645
f 3704/4310/1291 3700/4309/1292 3705/4308/1176 
s 5646
f 3698/4307/682 3705/4308/1176 3700/4309/1292 
s 5647
f 3705/4308/1176 3698/4307/682 3706/4306/1055 
s 5648
f 3697/4305/1055 3706/4306/1055 3698/4307/682 
s 5649
f 3706/4306/1055 3697/4305/1055 3707/4304/1054 
s 5650
f 3699/4303/1177 3707/4304/1054 3697/4305/1055 
s 5651
f 3707/4304/1054 3699/4303/1177 3708/4302/1178 
s 5652
f 3701/4301/1179 3708/4302/1178 3699/4303/1177 
s 5653
f 3708/4302/1178 3701/4301/1179 3696/4284/1180 
s 5654
f 3695/4286/1049 3696/4284/1180 3701/4301/1179 
s 5655
f 3692/4351/1070 3684/4350/1070 3709/4352/1070 
s 5656
f 3681/4353/1071 3709/4352/1071 3682/4354/1071 
s 5657
f 3710/4323/718 3692/4322/718 3711/4321/343 
s 5658
f 3709/4320/343 3711/4321/343 3692/4322/718 
s 5659
f 3711/4321/343 3709/4320/343 3712/4319/1293 
s 5660
f 3681/4317/1294 3712/4319/1293 3709/4320/343 
s 5661
f 3712/4319/1293 3681/4317/1294 3713/4318/500 
s 5662
f 3680/4316/500 3713/4318/500 3681/4317/1294 
s 5663
f 3680/4316/500 3679/4333/98 3713/4318/500 
s 5664
f 3714/4332/98 3713/4318/500 3679/4333/98 
s 5665
f 3679/4333/98 3691/4331/93 3714/4332/98 
s 5666
f 3715/4330/93 3714/4332/98 3691/4331/93 
s 5667
f 3691/4331/93 3690/4329/1123 3715/4330/93 
s 5668
f 3716/4328/1123 3715/4330/93 3690/4329/1123 
s 5669
f 3690/4329/1123 3685/4325/333 3716/4328/1123 
s 5670
f 3717/4327/333 3716/4328/1123 3685/4325/333 
s 5671
f 3717/4327/333 3685/4325/333 3710/4326/726 
s 5672
f 3692/4324/726 3710/4326/726 3685/4325/333 
s 5673
f 3706/4362/6 3707/4361/6 3705/4360/6 
s 5674
f 3707/4361/6 3708/4358/6 3705/4360/6 
s 5675
f 3704/4359/6 3705/4360/6 3708/4358/6 
s 5676
f 3704/4359/6 3708/4358/6 3703/4357/6 
s 5677
f 3696/4356/6 3703/4357/6 3708/4358/6 
s 5678
f 3703/4357/6 3696/4356/6 3688/4355/6 
s 5679
f 3682/4354/1038 3688/4355/6 3696/4356/6 
s 5680
f 3684/4350/1039 3688/4355/6 3682/4354/1038 
s 5681
f 3682/4354/1038 3709/4352/1040 3684/4350/1039 
s 5682
f 3569/4094/6 3573/4093/6 3565/4092/6 
s 5683
f 3573/4093/6 3547/4091/6 3565/4092/6 
s 5684
f 3561/4090/6 3565/4092/6 3547/4091/6 
s 5685
f 3547/4091/6 3543/4089/6 3561/4090/6 
s 5686
f 3556/4088/6 3561/4090/6 3543/4089/6 
s 5687
f 3543/4089/6 3539/4087/6 3556/4088/6 
s 5688
f 3548/4086/6 3556/4088/6 3539/4087/6 
s 5689
f 3539/4087/6 3529/4085/6 3548/4086/6 
s 5690
f 3549/4083/6 3548/4086/6 3529/4085/6 
s 5691
f 3528/4084/6 3549/4083/6 3529/4085/6 
s 5692
f 3718/4363/1227 3719/4364/1004 3720/4365/1231 
s 5693
f 3719/4364/1004 3718/4363/1227 3721/4366/1228 
s 5694
f 3722/4367/1229 3721/4366/1228 3718/4363/1227 
s 5695
f 3723/4368/1230 3720/4365/1231 3724/4369/1232 
s 5696
f 3725/4370/998 3724/4369/1232 3720/4365/1231 
s 5697
f 3725/4370/998 3720/4365/1231 3719/4364/1004 
s 5698
f 3719/4364/1004 3726/4371/958 3725/4370/998 
s 5699
f 3726/4371/958 3719/4364/1004 3727/4372/1225 
s 5700
f 3721/4373/1003 3727/4372/1225 3719/4364/1004 
s 5701
f 3724/4374/1016 3725/4370/998 3728/4375/1226 
s 5702
f 3729/4376/951 3728/4375/1226 3725/4370/998 
s 5703
f 3729/4376/951 3725/4370/998 3726/4371/958 
s 5704
f 3726/4371/958 3730/4377/1013 3729/4376/951 
s 5705
f 3730/4377/1013 3726/4371/958 3731/4378/1161 
s 5706
f 3727/4379/1222 3731/4378/1161 3726/4371/958 
s 5707
f 3728/4380/1223 3729/4376/951 3732/4381/1224 
s 5708
f 3733/4382/1020 3732/4381/1224 3729/4376/951 
s 5709
f 3733/4382/1020 3729/4376/951 3730/4377/1013 
s 5710
f 3730/4377/1013 3734/4383/1019 3733/4382/1020 
s 5711
f 3734/4383/1019 3730/4377/1013 3735/4384/1219 
s 5712
f 3731/4385/1219 3735/4384/1219 3730/4377/1013 
s 5713
f 3732/4386/1295 3733/4382/1020 3736/4387/1221 
s 5714
f 3737/4388/943 3736/4387/1221 3733/4382/1020 
s 5715
f 3737/4388/943 3733/4382/1020 3734/4383/1019 
s 5716
f 3734/4383/1019 3738/4389/942 3737/4388/943 
s 5717
f 3738/4389/942 3734/4383/1019 3739/4390/948 
s 5718
f 3735/4391/948 3739/4390/948 3734/4383/1019 
s 5719
f 3736/4392/944 3737/4388/943 3740/4393/944 
s 5720
f 3741/4394/1146 3740/4393/944 3737/4388/943 
s 5721
f 3741/4394/1146 3737/4388/943 3738/4389/942 
s 5722
f 3738/4389/942 3742/4395/1217 3741/4394/1146 
s 5723
f 3742/4395/1217 3738/4389/942 3743/4396/941 
s 5724
f 3739/4397/941 3743/4396/941 3738/4389/942 
s 5725
f 3744/4398/934 3742/4395/1217 3745/4399/1216 
s 5726
f 3743/4400/1216 3745/4399/1216 3742/4395/1217 
s 5727
f 3740/4401/940 3741/4394/1146 3746/4402/940 
s 5728
f 3747/4403/1296 3746/4402/940 3741/4394/1146 
s 5729
f 3747/4403/1296 3741/4394/1146 3742/4395/1217 
s 5730
f 3747/4403/1296 3742/4395/1217 3748/4404/930 
s 5731
f 3744/4398/934 3748/4404/930 3742/4395/1217 
s 5732
f 3744/4398/934 3749/4405/929 3748/4404/930 
s 5733
f 3749/4405/929 3744/4398/934 3750/4406/932 
s 5734
f 3745/4407/932 3750/4406/932 3744/4398/934 
s 5735
f 3746/4408/1218 3747/4403/1296 3751/4409/1218 
s 5736
f 3748/4404/930 3751/4409/1218 3747/4403/1296 
s 5737
f 3751/4410/931 3748/4404/930 3752/4411/931 
s 5738
f 3753/4412/1147 3752/4411/931 3748/4404/930 
s 5739
f 3753/4412/1147 3748/4404/930 3749/4405/929 
s 5740
f 3749/4405/929 3754/4413/923 3753/4412/1147 
s 5741
f 3754/4413/923 3749/4405/929 3755/4414/928 
s 5742
f 3750/4415/928 3755/4414/928 3749/4405/929 
s 5743
f 3756/4416/1151 3754/4413/923 3757/4417/1210 
s 5744
f 3755/4418/1210 3757/4417/1210 3754/4413/923 
s 5745
f 3752/4419/925 3753/4412/1147 3758/4420/925 
s 5746
f 3759/4421/919 3758/4420/925 3753/4412/1147 
s 5747
f 3759/4421/919 3753/4412/1147 3754/4413/923 
s 5748
f 3759/4421/919 3754/4413/923 3760/4422/982 
s 5749
f 3756/4416/1151 3760/4422/982 3754/4413/923 
s 5750
f 3760/4422/982 3756/4416/1151 3761/4423/1234 
s 5751
f 3762/4424/1213 3761/4423/1234 3756/4416/1151 
s 5752
f 3762/4424/1213 3756/4416/1151 3763/4425/975 
s 5753
f 3757/4426/1152 3763/4425/975 3756/4416/1151 
s 5754
f 3758/4427/1208 3759/4421/919 3764/4428/1208 
s 5755
f 3760/4422/982 3764/4428/1208 3759/4421/919 
s 5756
f 3764/4429/1211 3760/4422/982 3765/4430/978 
s 5757
f 3761/4423/1234 3765/4430/978 3760/4422/982 
s 5758
f 3765/4431/971 3761/4423/1234 3723/4432/971 
s 5759
f 3720/4433/1214 3723/4432/971 3761/4423/1234 
s 5760
f 3720/4433/1214 3761/4423/1234 3718/4434/1215 
s 5761
f 3762/4424/1213 3718/4434/1215 3761/4423/1234 
s 5762
f 3718/4434/1215 3762/4424/1213 3722/4435/974 
s 5763
f 3763/4436/974 3722/4435/974 3762/4424/1213 
s 5764
f 3618/4082/1 3614/4081/1 3622/4080/1 
s 5765
f 3614/4081/1 3610/4079/1 3622/4080/1 
s 5766
f 3592/4078/1 3622/4080/1 3610/4079/1 
s 5767
f 3610/4079/1 3608/4077/1 3592/4078/1 
s 5768
f 3588/4076/1 3592/4078/1 3608/4077/1 
s 5769
f 3608/4077/1 3605/4075/1 3588/4076/1 
s 5770
f 3584/4074/1 3588/4076/1 3605/4075/1 
s 5771
f 3605/4075/1 3600/4073/1 3584/4074/1 
s 5772
f 3582/4071/1 3584/4074/1 3600/4073/1 
s 5773
f 3583/4072/1 3582/4071/1 3600/4073/1 
s 5774
f 3766/4363/1297 3767/4364/1019 3768/4365/1261 
s 5775
f 3767/4364/1019 3766/4363/1297 3769/4366/955 
s 5776
f 3770/4367/955 3769/4366/955 3766/4363/1297 
s 5777
f 3771/4368/1298 3768/4365/1261 3772/4369/1025 
s 5778
f 3773/4370/1259 3772/4369/1025 3768/4365/1261 
s 5779
f 3773/4370/1259 3768/4365/1261 3767/4364/1019 
s 5780
f 3767/4364/1019 3774/4371/1255 3773/4370/1259 
s 5781
f 3774/4371/1255 3767/4364/1019 3775/4372/948 
s 5782
f 3769/4373/948 3775/4372/948 3767/4364/1019 
s 5783
f 3772/4374/1028 3773/4370/1259 3776/4375/1028 
s 5784
f 3777/4376/1258 3776/4375/1028 3773/4370/1259 
s 5785
f 3777/4376/1258 3773/4370/1259 3774/4371/1255 
s 5786
f 3774/4371/1255 3778/4377/938 3777/4376/1258 
s 5787
f 3778/4377/938 3774/4371/1255 3779/4378/941 
s 5788
f 3775/4379/941 3779/4378/941 3774/4371/1255 
s 5789
f 3776/4380/1033 3777/4376/1258 3780/4381/1033 
s 5790
f 3781/4382/1254 3780/4381/1033 3777/4376/1258 
s 5791
f 3781/4382/1254 3777/4376/1258 3778/4377/938 
s 5792
f 3778/4377/938 3782/4383/934 3781/4382/1254 
s 5793
f 3782/4383/934 3778/4377/938 3783/4384/1299 
s 5794
f 3779/4385/937 3783/4384/1299 3778/4377/938 
s 5795
f 3780/4386/1253 3781/4382/1254 3784/4387/1035 
s 5796
f 3785/4388/1250 3784/4387/1035 3781/4382/1254 
s 5797
f 3785/4388/1250 3781/4382/1254 3782/4383/934 
s 5798
f 3782/4383/934 3786/4389/1300 3785/4388/1250 
s 5799
f 3786/4389/1300 3782/4383/934 3787/4390/932 
s 5800
f 3783/4391/932 3787/4390/932 3782/4383/934 
s 5801
f 3784/4392/996 3785/4388/1250 3788/4393/996 
s 5802
f 3789/4394/1147 3788/4393/996 3785/4388/1250 
s 5803
f 3789/4394/1147 3785/4388/1250 3786/4389/1300 
s 5804
f 3786/4389/1300 3790/4395/923 3789/4394/1147 
s 5805
f 3790/4395/923 3786/4389/1300 3791/4396/928 
s 5806
f 3787/4397/928 3791/4396/928 3786/4389/1300 
s 5807
f 3792/4398/1151 3790/4395/923 3793/4399/922 
s 5808
f 3791/4400/1210 3793/4399/922 3790/4395/923 
s 5809
f 3788/4401/990 3789/4394/1147 3794/4402/990 
s 5810
f 3795/4403/981 3794/4402/990 3789/4394/1147 
s 5811
f 3795/4403/981 3789/4394/1147 3790/4395/923 
s 5812
f 3795/4403/981 3790/4395/923 3796/4404/1247 
s 5813
f 3792/4398/1151 3796/4404/1247 3790/4395/923 
s 5814
f 3792/4398/1151 3797/4405/1213 3796/4404/1247 
s 5815
f 3797/4405/1213 3792/4398/1151 3798/4406/975 
s 5816
f 3793/4407/975 3798/4406/975 3792/4398/1151 
s 5817
f 3794/4408/983 3795/4403/981 3799/4409/1248 
s 5818
f 3796/4404/1247 3799/4409/1248 3795/4403/981 
s 5819
f 3799/4410/1301 3796/4404/1247 3800/4411/1011 
s 5820
f 3801/4412/1234 3800/4411/1011 3796/4404/1247 
s 5821
f 3801/4412/1234 3796/4404/1247 3797/4405/1213 
s 5822
f 3797/4405/1213 3802/4413/968 3801/4412/1234 
s 5823
f 3802/4413/968 3797/4405/1213 3803/4414/974 
s 5824
f 3798/4415/1302 3803/4414/974 3797/4405/1213 
s 5825
f 3804/4416/967 3802/4413/968 3805/4417/973 
s 5826
f 3803/4418/1303 3805/4417/973 3802/4413/968 
s 5827
f 3800/4419/1007 3801/4412/1234 3806/4420/1007 
s 5828
f 3807/4421/997 3806/4420/1007 3801/4412/1234 
s 5829
f 3807/4421/997 3801/4412/1234 3802/4413/968 
s 5830
f 3807/4421/997 3802/4413/968 3808/4422/998 
s 5831
f 3804/4416/967 3808/4422/998 3802/4413/968 
s 5832
f 3808/4422/998 3804/4416/967 3809/4423/1237 
s 5833
f 3810/4424/1238 3809/4423/1237 3804/4416/967 
s 5834
f 3810/4424/1238 3804/4416/967 3811/4425/1159 
s 5835
f 3805/4426/965 3811/4425/1159 3804/4416/967 
s 5836
f 3806/4427/999 3807/4421/997 3812/4428/999 
s 5837
f 3808/4422/998 3812/4428/999 3807/4421/997 
s 5838
f 3812/4429/1235 3808/4422/998 3813/4430/1235 
s 5839
f 3809/4423/1237 3813/4430/1235 3808/4422/998 
s 5840
f 3813/4431/1021 3809/4423/1237 3771/4432/1240 
s 5841
f 3768/4433/1241 3771/4432/1240 3809/4423/1237 
s 5842
f 3768/4433/1241 3809/4423/1237 3766/4434/1304 
s 5843
f 3810/4424/1238 3766/4434/1304 3809/4423/1237 
s 5844
f 3766/4434/1304 3810/4424/1238 3770/4435/957 
s 5845
f 3811/4436/1305 3770/4435/957 3810/4424/1238 
s 5846
f 3617/4094/6 3621/4093/6 3613/4092/6 
s 5847
f 3621/4093/6 3595/4091/6 3613/4092/6 
s 5848
f 3609/4090/6 3613/4092/6 3595/4091/6 
s 5849
f 3595/4091/6 3591/4089/6 3609/4090/6 
s 5850
f 3604/4088/6 3609/4090/6 3591/4089/6 
s 5851
f 3591/4089/6 3587/4087/6 3604/4088/6 
s 5852
f 3596/4086/6 3604/4088/6 3587/4087/6 
s 5853
f 3587/4087/6 3577/4085/6 3596/4086/6 
s 5854
f 3597/4083/6 3596/4086/6 3577/4085/6 
s 5855
f 3576/4084/6 3597/4083/6 3577/4085/6 
s 5856
f 3814/4437/10 3815/4438/10 3816/4439/10 
s 5857
f 3817/4440/10 3818/4441/10 3819/4442/10 
s 5858
f 3819/4442/10 3820/4443/10 3817/4440/10 
s 5859
f 3821/4444/10 3817/4440/10 3820/4443/10 
s 5860
f 3820/4443/10 3822/4445/10 3821/4444/10 
s 5861
f 3823/4446/10 3821/4444/10 3822/4445/10 
s 5862
f 3822/4445/10 3815/4438/10 3823/4446/10 
s 5863
f 3824/4447/10 3823/4446/10 3815/4438/10 
s 5864
f 3815/4438/10 3814/4437/10 3824/4447/10 
s 5865
f 3825/4448/10 3824/4447/10 3814/4437/10 
s 5866
f 3814/4437/10 3826/4449/10 3825/4448/10 
s 5867
f 3827/4450/10 3825/4448/10 3826/4449/10 
s 5868
f 3826/4449/10 3828/4451/10 3827/4450/10 
s 5869
f 3829/4452/10 3827/4450/10 3828/4451/10 
s 5870
f 3828/4451/10 3830/4453/10 3829/4452/10 
s 5871
f 3831/4454/10 3829/4452/10 3830/4453/10 
s 5872
f 3830/4453/10 3832/4455/10 3831/4454/10 
s 5873
f 3833/4456/10 3831/4454/10 3832/4455/10 
s 5874
f 3834/4457/10 3816/4439/10 3815/4438/10 
s 5875
f 3816/4439/10 3834/4457/10 3835/4458/10 
s 5876
f 3836/4459/10 3835/4458/10 3834/4457/10 
s 5877
f 3835/4458/10 3836/4459/10 3837/4460/10 
s 5878
f 3838/4461/10 3837/4460/10 3836/4459/10 
s 5879
f 3837/4460/10 3838/4461/10 3832/4455/10 
s 5880
f 3839/4462/10 3832/4455/10 3838/4461/10 
s 5881
f 3832/4455/10 3839/4462/10 3833/4456/10 
s 5882
f 3818/4441/10 3833/4456/10 3839/4462/10 
s 5883
f 3839/4462/10 3819/4442/10 3818/4441/10 
s 5884
f 3840/4463/6 3841/4464/6 3842/4465/6 
s 5885
f 3843/4466/6 3842/4465/6 3841/4464/6 
s 5886
f 3844/4467/6 3842/4465/6 3843/4466/6 
s 5887
f 3844/4467/6 3843/4466/6 3845/4468/6 
s 5888
f 3846/4469/6 3845/4468/6 3843/4466/6 
s 5889
f 3845/4468/6 3846/4469/6 3847/4470/6 
s 5890
f 3848/4471/6 3847/4470/6 3846/4469/6 
s 5891
f 3848/4471/6 3849/4472/6 3847/4470/6 
s 5892
f 3643/4122/11 3644/4136/11 3634/4121/11 
s 5893
f 3635/4135/11 3634/4121/11 3644/4136/11 
s 5894
f 3647/4151/1097 3636/4149/1097 3648/4150/1097 
s 5895
f 3637/4148/1097 3648/4150/1097 3636/4149/1097 
s 5896
f 3675/4266/1037 3686/4264/1037 3674/4265/1037 
s 5897
f 3850/4263/1037 3674/4265/1037 3686/4264/1037 
s 5898
f 3673/4290/1049 3671/4343/1050 3693/4291/1306 
s 5899
f 3851/4342/1052 3693/4291/1306 3671/4343/1050 
s 5900
f 3671/4343/1050 3669/4341/1053 3851/4342/1052 
s 5901
f 3852/4340/1307 3851/4342/1052 3669/4341/1053 
s 5902
f 3669/4341/1053 3668/4339/1055 3852/4340/1307 
s 5903
f 3853/4338/1055 3852/4340/1307 3668/4339/1055 
s 5904
f 3668/4339/1055 3670/4337/682 3853/4338/1055 
s 5905
f 3854/4336/1056 3853/4338/1055 3670/4337/682 
s 5906
f 3670/4337/682 3672/4335/1308 3854/4336/1056 
s 5907
f 3855/4334/1309 3854/4336/1056 3672/4335/1308 
s 5908
f 3672/4335/1308 3674/4265/1310 3855/4334/1309 
s 5909
f 3850/4263/1289 3855/4334/1309 3674/4265/1310 
s 5910
f 3676/4224/11 3694/4268/11 3677/4223/11 
s 5911
f 3687/4267/11 3677/4223/11 3694/4268/11 
s 5912
f 3691/4279/1076 3678/4277/1077 3683/4278/1078 
s 5913
f 3686/4276/1 3683/4278/1078 3678/4277/1077 
s 5914
f 3678/4277/1077 3693/4275/1311 3686/4276/1 
s 5915
f 3850/4274/1311 3686/4276/1 3693/4275/1311 
s 5916
f 3693/4275/1311 3851/4273/377 3850/4274/1311 
s 5917
f 3855/4272/377 3850/4274/1311 3851/4273/377 
s 5918
f 3851/4273/377 3852/4271/1312 3855/4272/377 
s 5919
f 3854/4269/1312 3855/4272/377 3852/4271/1312 
s 5920
f 3853/4270/1 3854/4269/1312 3852/4271/1312 
s 5921
f 3856/4473/1313 3844/4474/1313 3857/4475/1055 
s 5922
f 3845/4476/1055 3857/4475/1055 3844/4474/1313 
s 5923
f 3857/4475/1055 3845/4476/1055 3858/4477/10 
s 5924
f 3847/4478/10 3858/4477/10 3845/4476/1055 
s 5925
f 3858/4477/10 3847/4478/10 3859/4479/722 
s 5926
f 3849/4480/722 3859/4479/722 3847/4478/10 
s 5927
f 3859/4479/722 3849/4480/722 3860/4481/4 
s 5928
f 3848/4482/4 3860/4481/4 3849/4480/722 
s 5929
f 3860/4481/4 3848/4482/4 3861/4483/1314 
s 5930
f 3846/4484/1314 3861/4483/1314 3848/4482/4 
s 5931
f 3861/4483/1314 3846/4484/1314 3862/4485/1108 
s 5932
f 3843/4486/1108 3862/4485/1108 3846/4484/1314 
s 5933
f 3863/4487/1263 3864/4488/1263 3865/4489/1263 
s 5934
f 3866/4490/1262 3867/4491/1262 3865/4489/1262 
s 5935
f 3868/4492/806 3869/4493/806 3870/4494/1315 
s 5936
f 3871/4495/5 3872/4496/5 3873/4497/5 
s 5937
f 3871/4495/5 3873/4497/5 3868/4492/806 
s 5938
f 3873/4497/5 3840/4498/5 3868/4492/806 
s 5939
f 3869/4493/806 3868/4492/806 3840/4498/5 
s 5940
f 3840/4498/5 3874/4499/5 3869/4493/806 
s 5941
f 3842/4500/5 3874/4499/5 3840/4498/5 
s 5942
f 3875/4501/1276 3869/4502/1276 3876/4503/1276 
s 5943
f 3863/4504/1136 3876/4503/1136 3864/4505/1136 
s 5944
f 3875/4506/1316 3870/4494/1316 3869/4493/1316 
s 5945
f 3870/4494/1317 3877/4507/1317 3868/4492/1317 
s 5946
f 3866/4490/1267 3865/4489/1198 3864/4488/1318 
s 5947
f 3878/4508/1100 3866/4490/1267 3879/4509/1268 
s 5948
f 3880/4510/1269 3879/4509/1268 3866/4490/1267 
s 5949
f 3866/4490/1267 3864/4488/1318 3880/4510/1269 
s 5950
f 3841/4511/1270 3880/4510/1269 3864/4488/1318 
s 5951
f 3841/4511/1270 3864/4488/1318 3843/4486/1271 
s 5952
f 3862/4485/1100 3843/4486/1271 3864/4488/1318 
s 5953
f 3868/4512/1319 3877/4513/1319 3881/4514/1319 
s 5954
f 3881/4514/1140 3867/4515/1140 3866/4516/1140 
s 5955
f 3882/4517/1 3883/4518/1 3884/4519/1 
s 5956
f 3885/4520/1 3884/4519/1 3883/4518/1 
s 5957
f 3886/4521/1 3884/4519/1 3885/4520/1 
s 5958
f 3886/4521/1 3885/4520/1 3887/4522/1 
s 5959
f 3888/4523/1 3887/4522/1 3885/4520/1 
s 5960
f 3887/4522/1 3888/4523/1 3889/4524/1 
s 5961
f 3890/4525/1 3889/4524/1 3888/4523/1 
s 5962
f 3890/4525/1 3891/4526/1 3889/4524/1 
s 5963
f 3703/4283/1037 3688/4281/1037 3702/4282/1037 
s 5964
f 3689/4280/1037 3702/4282/1037 3688/4281/1037 
s 5965
f 3755/4527/6 3750/4528/6 3745/4529/6 
s 5966
f 3755/4527/6 3745/4529/6 3757/4530/6 
s 5967
f 3743/4531/6 3757/4530/6 3745/4529/6 
s 5968
f 3757/4530/6 3743/4531/6 3763/4532/6 
s 5969
f 3739/4533/6 3763/4532/6 3743/4531/6 
s 5970
f 3763/4532/6 3739/4533/6 3722/4534/6 
s 5971
f 3735/4535/6 3722/4534/6 3739/4533/6 
s 5972
f 3722/4534/6 3735/4535/6 3721/4536/6 
s 5973
f 3731/4537/6 3721/4536/6 3735/4535/6 
s 5974
f 3731/4537/6 3727/4538/6 3721/4536/6 
s 5975
f 3751/4539/1 3752/4540/1 3758/4541/1 
s 5976
f 3751/4539/1 3758/4541/1 3746/4542/1 
s 5977
f 3764/4543/1 3746/4542/1 3758/4541/1 
s 5978
f 3746/4542/1 3764/4543/1 3740/4544/1 
s 5979
f 3765/4545/1 3740/4544/1 3764/4543/1 
s 5980
f 3740/4544/1 3765/4545/1 3736/4546/1 
s 5981
f 3723/4547/1 3736/4546/1 3765/4545/1 
s 5982
f 3736/4546/1 3723/4547/1 3732/4548/1 
s 5983
f 3724/4549/1 3732/4548/1 3723/4547/1 
s 5984
f 3724/4549/1 3728/4550/1 3732/4548/1 
s 5985
f 3803/4527/6 3798/4528/6 3793/4529/6 
s 5986
f 3803/4527/6 3793/4529/6 3805/4530/6 
s 5987
f 3791/4531/6 3805/4530/6 3793/4529/6 
s 5988
f 3805/4530/6 3791/4531/6 3811/4532/6 
s 5989
f 3787/4533/6 3811/4532/6 3791/4531/6 
s 5990
f 3811/4532/6 3787/4533/6 3770/4534/6 
s 5991
f 3783/4535/6 3770/4534/6 3787/4533/6 
s 5992
f 3770/4534/6 3783/4535/6 3769/4536/6 
s 5993
f 3779/4537/6 3769/4536/6 3783/4535/6 
s 5994
f 3779/4537/6 3775/4538/6 3769/4536/6 
s 5995
f 3799/4539/1 3800/4540/1 3806/4541/1 
s 5996
f 3799/4539/1 3806/4541/1 3794/4542/1 
s 5997
f 3812/4543/1 3794/4542/1 3806/4541/1 
s 5998
f 3794/4542/1 3812/4543/1 3788/4544/1 
s 5999
f 3813/4545/1 3788/4544/1 3812/4543/1 
s 6000
f 3788/4544/1 3813/4545/1 3784/4546/1 
s 6001
f 3771/4547/1 3784/4546/1 3813/4545/1 
s 6002
f 3784/4546/1 3771/4547/1 3780/4548/1 
s 6003
f 3772/4549/1 3780/4548/1 3771/4547/1 
s 6004
f 3772/4549/1 3776/4550/1 3780/4548/1 
s 6005
f 3856/4473/1097 3874/4499/1097 3844/4474/1097 
s 6006
f 3842/4500/1097 3844/4474/1097 3874/4499/1097 
s 6007
f 3873/4551/10 3880/4552/10 3840/4463/10 
s 6008
f 3841/4464/10 3840/4463/10 3880/4552/10 
s 6009
f 3858/4553/1 3859/4554/1 3860/4555/1 
s 6010
f 3858/4553/1 3860/4555/1 3857/4556/1 
s 6011
f 3861/4557/1 3857/4556/1 3860/4555/1 
s 6012
f 3857/4556/1 3861/4557/1 3856/4558/1 
s 6013
f 3862/4559/1 3856/4558/1 3861/4557/1 
s 6014
f 3856/4558/1 3862/4559/1 3874/4560/1 
s 6015
f 3864/4505/1077 3874/4560/1 3862/4559/1 
s 6016
f 3869/4502/1078 3874/4560/1 3864/4505/1077 
s 6017
f 3864/4505/1077 3876/4503/1076 3869/4502/1078 
s 6018
f 3872/4496/1097 3871/4495/1097 3892/4561/1097 
s 6019
f 3893/4562/1097 3892/4561/1097 3871/4495/1097 
s 6020
f 3873/4551/1 3872/4563/1 3880/4552/1 
s 6021
f 3879/4564/1 3880/4552/1 3872/4563/1 
s 6022
f 3872/4563/1 3892/4565/1 3879/4564/1 
s 6023
f 3892/4565/1 3894/4566/1 3879/4564/1 
s 6024
f 3895/4567/1 3879/4564/1 3894/4566/1 
s 6025
f 3895/4567/1 3894/4566/1 3896/4568/1 
s 6026
f 3897/4569/1 3896/4568/1 3894/4566/1 
s 6027
f 3897/4569/1 3898/4570/1 3896/4568/1 
s 6028
f 3879/4509/1108 3895/4571/1320 3878/4508/1321 
s 6029
f 3899/4572/1322 3878/4508/1321 3895/4571/1320 
s 6030
f 3895/4571/1320 3896/4573/1323 3899/4572/1322 
s 6031
f 3900/4574/1113 3899/4572/1322 3896/4573/1323 
s 6032
f 3896/4573/1323 3898/4575/722 3900/4574/1113 
s 6033
f 3901/4576/722 3900/4574/1113 3898/4575/722 
s 6034
f 3898/4575/722 3897/4577/10 3901/4576/722 
s 6035
f 3902/4578/1114 3901/4576/722 3897/4577/10 
s 6036
f 3897/4577/10 3894/4579/1115 3902/4578/1114 
s 6037
f 3903/4580/1116 3902/4578/1114 3894/4579/1115 
s 6038
f 3894/4579/1115 3892/4561/1117 3903/4580/1116 
s 6039
f 3893/4562/1118 3903/4580/1116 3892/4561/1117 
s 6040
f 3865/4581/135 3867/4582/497 3820/4583/135 
s 6041
f 3822/4584/497 3820/4583/135 3867/4582/497 
s 6042
f 3867/4582/497 3881/4585/6 3822/4584/497 
s 6043
f 3815/4586/343 3822/4584/497 3881/4585/6 
s 6044
f 3881/4585/6 3877/4587/1121 3815/4586/343 
s 6045
f 3834/4588/1121 3815/4586/343 3877/4587/1121 
s 6046
f 3877/4589/1122 3870/4590/501 3834/4591/1122 
s 6047
f 3836/4592/501 3834/4591/1122 3870/4590/501 
s 6048
f 3836/4592/501 3870/4590/501 3838/4593/98 
s 6049
f 3875/4594/98 3838/4593/98 3870/4590/501 
s 6050
f 3838/4593/98 3875/4594/98 3839/4595/1 
s 6051
f 3876/4596/1 3839/4595/1 3875/4594/98 
s 6052
f 3839/4595/1 3876/4596/1 3819/4597/619 
s 6053
f 3863/4598/619 3819/4597/619 3876/4596/1 
s 6054
f 3819/4597/619 3863/4598/619 3820/4583/135 
s 6055
f 3865/4581/135 3820/4583/135 3863/4598/619 
s 6056
f 3904/4599/1289 3886/4600/1290 3905/4601/1291 
s 6057
f 3887/4602/1292 3905/4601/1291 3886/4600/1290 
s 6058
f 3905/4601/1291 3887/4602/1292 3906/4603/1176 
s 6059
f 3889/4604/682 3906/4603/1176 3887/4602/1292 
s 6060
f 3906/4603/1176 3889/4604/682 3907/4605/1055 
s 6061
f 3891/4606/1055 3907/4605/1055 3889/4604/682 
s 6062
f 3907/4605/1055 3891/4606/1055 3908/4607/1307 
s 6063
f 3890/4608/1177 3908/4607/1307 3891/4606/1055 
s 6064
f 3908/4607/1307 3890/4608/1177 3909/4609/1178 
s 6065
f 3888/4610/1179 3909/4609/1178 3890/4608/1177 
s 6066
f 3909/4609/1178 3888/4610/1179 3910/4611/1180 
s 6067
f 3885/4612/1049 3910/4611/1180 3888/4610/1179 
s 6068
f 3911/4613/1278 3912/4614/1278 3913/4615/1278 
s 6069
f 3914/4616/1277 3915/4617/1277 3913/4615/1277 
s 6070
f 3916/4618/4 3917/4619/4 3918/4620/133 
s 6071
f 3919/4621/4 3920/4622/4 3921/4623/4 
s 6072
f 3919/4621/4 3921/4623/4 3916/4618/4 
s 6073
f 3921/4623/4 3882/4624/4 3916/4618/4 
s 6074
f 3917/4619/4 3916/4618/4 3882/4624/4 
s 6075
f 3882/4624/4 3922/4625/4 3917/4619/4 
s 6076
f 3884/4626/4 3922/4625/4 3882/4624/4 
s 6077
f 3923/4627/1070 3917/4628/1070 3924/4629/1070 
s 6078
f 3911/4630/1324 3924/4629/1324 3912/4631/1324 
s 6079
f 3923/4632/1282 3918/4620/1282 3917/4619/1282 
s 6080
f 3918/4620/1281 3925/4633/1281 3916/4618/1281 
s 6081
f 3914/4616/1284 3913/4615/906 3912/4614/1283 
s 6082
f 3926/4634/1041 3914/4616/1284 3927/4635/1285 
s 6083
f 3928/4636/1286 3927/4635/1285 3914/4616/1284 
s 6084
f 3914/4616/1284 3912/4614/1283 3928/4636/1286 
s 6085
f 3883/4637/1287 3928/4636/1286 3912/4614/1283 
s 6086
f 3883/4637/1287 3912/4614/1283 3885/4612/1288 
s 6087
f 3910/4611/1041 3885/4612/1288 3912/4614/1283 
s 6088
f 3916/4638/1279 3925/4639/1279 3929/4640/1279 
s 6089
f 3929/4640/1280 3915/4641/1280 3914/4642/1280 
s 6090
f 3930/41/6 37/40/6 34/42/6 
s 6091
f 3881/4514/1183 3866/4516/1182 3868/4512/1039 
s 6092
f 3871/4643/6 3868/4512/1039 3866/4516/1182 
s 6093
f 3866/4516/1182 3878/4644/6 3871/4643/6 
s 6094
f 3893/4645/6 3871/4643/6 3878/4644/6 
s 6095
f 3878/4644/6 3899/4646/6 3893/4645/6 
s 6096
f 3903/4647/6 3893/4645/6 3899/4646/6 
s 6097
f 3903/4647/6 3899/4646/6 3902/4648/6 
s 6098
f 3900/4649/6 3902/4648/6 3899/4646/6 
s 6099
f 3900/4649/6 3901/4650/6 3902/4648/6 
s 6100
f 3823/4651/1325 3824/4652/1326 3931/4653/1327 
s 6101
f 3932/4654/1328 3931/4653/1327 3824/4652/1326 
s 6102
f 3824/4652/1326 3825/4655/1329 3932/4654/1328 
s 6103
f 3933/4656/1330 3932/4654/1328 3825/4655/1329 
s 6104
f 3825/4655/1329 3827/4657/1331 3933/4656/1330 
s 6105
f 3934/4658/1332 3933/4656/1330 3827/4657/1331 
s 6106
f 3827/4657/1331 3829/4659/1333 3934/4658/1332 
s 6107
f 3935/4660/1333 3934/4658/1332 3829/4659/1333 
s 6108
f 3829/4659/1333 3831/4661/1334 3935/4660/1333 
s 6109
f 3936/4662/1334 3935/4660/1333 3831/4661/1334 
s 6110
f 3831/4663/1335 3833/4664/1336 3936/4665/1335 
s 6111
f 3937/4666/1337 3936/4665/1335 3833/4664/1336 
s 6112
f 3833/4664/1336 3818/4667/1338 3937/4666/1337 
s 6113
f 3938/4668/1339 3937/4666/1337 3818/4667/1338 
s 6114
f 3818/4667/1338 3817/4669/1340 3938/4668/1339 
s 6115
f 3939/4670/1341 3938/4668/1339 3817/4669/1340 
s 6116
f 3817/4669/1340 3821/4671/1342 3939/4670/1341 
s 6117
f 3940/4672/1342 3939/4670/1341 3821/4671/1342 
s 6118
f 3821/4671/1342 3823/4651/1325 3940/4672/1342 
s 6119
f 3931/4653/1327 3940/4672/1342 3823/4651/1325 
s 6120
f 3904/4599/1037 3922/4625/1037 3886/4600/1037 
s 6121
f 3884/4626/1037 3886/4600/1037 3922/4625/1037 
s 6122
f 3921/4673/10 3928/4674/10 3882/4517/10 
s 6123
f 3883/4518/10 3882/4517/10 3928/4674/10 
s 6124
f 3906/4675/1343 3907/4676/6 3908/4677/1343 
s 6125
f 3906/4675/1343 3908/4677/1343 3905/4678/343 
s 6126
f 3909/4679/343 3905/4678/343 3908/4677/1343 
s 6127
f 3905/4678/343 3909/4679/343 3904/4680/1344 
s 6128
f 3910/4681/1345 3904/4680/1344 3909/4679/343 
s 6129
f 3904/4680/1344 3910/4681/1345 3922/4682/6 
s 6130
f 3912/4631/1182 3922/4682/6 3910/4681/1345 
s 6131
f 3917/4628/1039 3922/4682/6 3912/4631/1182 
s 6132
f 3912/4631/1182 3924/4629/1183 3917/4628/1039 
s 6133
f 3920/4622/1037 3919/4621/1037 3941/4683/1037 
s 6134
f 3942/4684/1037 3941/4683/1037 3919/4621/1037 
s 6135
f 3921/4673/6 3920/4685/6 3928/4674/6 
s 6136
f 3927/4686/6 3928/4674/6 3920/4685/6 
s 6137
f 3920/4685/6 3941/4687/6 3927/4686/6 
s 6138
f 3941/4687/6 3943/4688/6 3927/4686/6 
s 6139
f 3944/4689/6 3927/4686/6 3943/4688/6 
s 6140
f 3944/4689/6 3943/4688/6 3945/4690/6 
s 6141
f 3946/4691/6 3945/4690/6 3943/4688/6 
s 6142
f 3946/4691/6 3947/4692/6 3945/4690/6 
s 6143
f 3927/4635/1049 3944/4693/1050 3926/4634/1051 
s 6144
f 3948/4694/1052 3926/4634/1051 3944/4693/1050 
s 6145
f 3944/4693/1050 3945/4695/1053 3948/4694/1052 
s 6146
f 3949/4696/1054 3948/4694/1052 3945/4695/1053 
s 6147
f 3945/4695/1053 3947/4697/1055 3949/4696/1054 
s 6148
f 3950/4698/1055 3949/4696/1054 3947/4697/1055 
s 6149
f 3947/4697/1055 3946/4699/682 3950/4698/1055 
s 6150
f 3951/4700/1056 3950/4698/1055 3946/4699/682 
s 6151
f 3946/4699/682 3943/4701/1308 3951/4700/1056 
s 6152
f 3952/4702/1309 3951/4700/1056 3943/4701/1308 
s 6153
f 3943/4701/1308 3941/4683/1310 3952/4702/1309 
s 6154
f 3942/4684/1289 3952/4702/1309 3941/4683/1310 
s 6155
f 3913/4703/501 3915/4704/98 3828/4705/501 
s 6156
f 3830/4706/98 3828/4705/501 3915/4704/98 
s 6157
f 3915/4704/98 3929/4707/93 3830/4706/98 
s 6158
f 3832/4708/93 3830/4706/98 3929/4707/93 
s 6159
f 3929/4707/93 3925/4709/1346 3832/4708/93 
s 6160
f 3837/4710/1346 3832/4708/93 3925/4709/1346 
s 6161
f 3925/4711/727 3918/4712/135 3837/4713/727 
s 6162
f 3835/4714/135 3837/4713/727 3918/4712/135 
s 6163
f 3835/4714/135 3918/4712/135 3816/4715/497 
s 6164
f 3923/4716/497 3816/4715/497 3918/4712/135 
s 6165
f 3816/4715/497 3923/4716/497 3814/4717/343 
s 6166
f 3924/4718/343 3814/4717/343 3923/4716/497 
s 6167
f 3814/4717/343 3924/4718/343 3826/4719/116 
s 6168
f 3911/4720/116 3826/4719/116 3924/4718/343 
s 6169
f 3826/4719/116 3911/4720/116 3828/4705/501 
s 6170
f 3913/4703/501 3828/4705/501 3911/4720/116 
s 6171
f 3953/15/5 31/12/23 3954/10/5 
s 6172
f 25/14/22 2/13/22 31/12/23 
s 6173
f 1/11/23 31/12/23 2/13/22 
s 6174
f 31/12/23 1/11/23 3954/10/5 
s 6175
f 1/11/23 3930/5/23 3954/10/5 
s 6176
f 3955/9/5 3954/10/5 3930/5/23 
s 6177
f 3930/5/23 3956/7/23 3955/9/5 
s 6178
f 3956/7/23 3957/8/5 3955/9/5 
s 6179
f 3956/7/23 3930/5/23 33/6/22 
s 6180
f 34/4/22 33/6/22 3930/5/23 
s 6181
f 3957/50/10 3956/49/10 3958/48/11 
s 6182
f 3959/47/11 3958/48/11 3956/49/10 
s 6183
f 3958/48/11 3959/47/11 3960/46/12 
s 6184
f 30/44/12 3960/46/12 3959/47/11 
s 6185
f 3960/46/12 30/44/12 3953/45/10 
s 6186
f 31/43/10 3953/45/10 30/44/12 
s 6187
f 3961/52/7 3954/10/8 3962/51/1347 
s 6188
f 3954/10/8 3961/52/7 3963/53/1348 
s 6189
f 3964/54/1349 3963/53/1348 3961/52/7 
s 6190
f 3963/53/1348 3964/54/1349 3965/55/1350 
s 6191
f 3966/56/1351 3965/55/1350 3964/54/1349 
s 6192
f 3965/55/1350 3966/56/1351 3955/9/1352 
s 6193
f 3962/51/1347 3955/9/1352 3966/56/1351 
s 6194
f 3955/9/1352 3962/51/1347 3954/10/8 
s 6195
f 3929/4640/1076 3914/4642/1077 3916/4638/1078 
s 6196
f 3919/4721/1 3916/4638/1078 3914/4642/1077 
s 6197
f 3914/4642/1077 3926/4722/1 3919/4721/1 
s 6198
f 3942/4723/1 3919/4721/1 3926/4722/1 
s 6199
f 3926/4722/1 3948/4724/1 3942/4723/1 
s 6200
f 3952/4725/1 3942/4723/1 3948/4724/1 
s 6201
f 3952/4725/1 3948/4724/1 3951/4726/1 
s 6202
f 3949/4727/1 3951/4726/1 3948/4724/1 
s 6203
f 3949/4727/1 3950/4728/1 3951/4726/1 
s 6204
f 3967/4729/21 3968/4730/21 22/4731/21 
s 6205
f 23/4732/21 22/4731/21 3968/4730/21 
s 6206
f 3959/81/1 3956/83/1 3967/82/1 
s 6207
f 33/84/1 3967/82/1 3956/83/1 
s 6208
f 3969/85/1 3968/88/1 3967/82/1 
s 6209
f 3969/85/1 3967/82/1 33/84/1 
s 6210
f 3969/85/1 33/84/1 3970/86/1 
s 6211
f 32/87/1 3970/86/1 33/84/1 
s 6212
f 32/87/1 6/84/1 3970/86/1 
s 6213
f 3971/85/1 3970/86/1 6/84/1 
s 6214
f 21/82/1 3971/85/1 6/84/1 
s 6215
f 6/84/1 7/83/1 21/82/1 
s 6216
f 20/81/1 21/82/1 7/83/1 
s 6217
f 3972/88/1 3971/85/1 21/82/1 
s 6218
f 24/4733/4 23/4732/4 3969/4734/4 
s 6219
f 3968/4730/4 3969/4734/4 23/4732/4 
s 6220
f 3966/219/4 3964/218/4 157/216/4 
s 6221
f 3973/214/4 157/216/4 3964/218/4 
s 6222
f 3973/78/6 3964/76/6 160/77/6 
s 6223
f 3961/75/6 160/77/6 3964/76/6 
s 6224
f 3/17/5 37/16/5 1/11/5 
s 6225
f 3930/5/5 1/11/5 37/16/5 
s 6226
f 3967/4729/4 22/4731/4 3959/4735/4 
s 6227
f 30/4736/4 3959/4735/4 22/4731/4 
s 6228
f 3955/58/1 3957/50/1 3965/57/1 
s 6229
f 3958/48/1 3965/57/1 3957/50/1 
s 6230
f 3965/60/4 3958/48/4 3963/59/4 
s 6231
f 3960/46/4 3963/59/4 3958/48/4 
s 6232
f 3963/62/6 3960/46/6 3954/61/6 
s 6233
f 3953/45/6 3954/61/6 3960/46/6 
s 6234
f 157/66/1353 159/64/1353 3966/65/1353 
s 6235
f 3962/63/1353 3966/65/1353 159/64/1353 
s 6236
f 3962/70/5 159/68/5 3961/69/5 
s 6237
f 160/67/5 3961/69/5 159/68/5 
s 6238
f 3974/4737/1354 3975/4738/1355 3976/4739/576 
s 6239
f 3977/4740/1356 3976/4739/576 3975/4738/1355 
s 6240
f 3975/4738/1355 3978/4741/578 3977/4740/1356 
s 6241
f 3979/4742/579 3977/4740/1356 3978/4741/578 
s 6242
f 3979/4742/579 3980/4743/580 3977/4740/1356 
s 6243
f 3981/4744/581 3977/4740/1356 3980/4743/580 
s 6244
f 3980/4743/580 3978/4745/1357 3981/4744/581 
s 6245
f 3975/4746/583 3981/4744/581 3978/4745/1357 
s 6246
f 3975/4746/583 3974/4747/584 3981/4744/581 
s 6247
f 3982/4748/585 3981/4744/581 3974/4747/584 
s 6248
f 3981/4744/581 3982/4748/585 3977/4740/1356 
s 6249
f 3976/4739/576 3977/4740/1356 3982/4748/585 
s 6250
f 3983/1583/643 3984/1584/643 3985/1585/7 
s 6251
f 3986/1586/7 3985/1585/7 3984/1584/643 
s 6252
f 3985/1585/7 3986/1586/7 3987/1587/642 
s 6253
f 3988/1588/642 3987/1587/642 3986/1586/7 
s 6254
f 3987/1587/642 3988/1588/642 3989/1589/494 
s 6255
f 3990/1590/494 3989/1589/494 3988/1588/642 
s 6256
f 3989/1589/494 3990/1590/494 3991/1591/11 
s 6257
f 3992/1592/11 3991/1591/11 3990/1590/494 
s 6258
f 3991/1591/11 3992/1592/11 3993/1593/493 
s 6259
f 3994/1594/493 3993/1593/493 3992/1592/11 
s 6260
f 3994/1594/493 3984/1595/6 3993/1593/493 
s 6261
f 3983/1596/6 3993/1593/493 3984/1595/6 
s 6262
f 3995/4749/548 3996/4750/586 1031/4751/587 
s 6263
f 1029/4752/588 1031/4751/587 3996/4750/586 
s 6264
f 3996/4750/586 3997/4753/589 1029/4752/588 
s 6265
f 1037/4754/1358 1029/4752/588 3997/4753/589 
s 6266
f 3997/4753/589 3995/4755/591 1037/4754/1358 
s 6267
f 1031/4756/564 1037/4754/1358 3995/4755/591 
s 6268
f 3998/4757/556 3999/4758/592 3978/4759/593 
s 6269
f 3979/4760/594 3978/4759/593 3999/4758/592 
s 6270
f 3999/4758/592 4000/4761/595 3979/4760/594 
s 6271
f 3980/4762/596 3979/4760/594 4000/4761/595 
s 6272
f 3980/4762/596 4000/4761/595 3978/4763/597 
s 6273
f 3998/4764/549 3978/4763/597 4000/4761/595 
s 6274
f 4001/4765/7 4002/4766/7 4003/4767/9 
s 6275
f 4004/4768/9 4003/4767/9 4002/4766/7 
s 6276
f 4003/4767/9 4004/4768/9 4005/4769/9 
s 6277
f 4006/4770/9 4005/4769/9 4004/4768/9 
s 6278
f 4007/4771/5 4006/4772/5 4008/4773/5 
s 6279
f 4004/4774/5 4008/4773/5 4006/4772/5 
s 6280
f 4008/4773/5 4004/4774/5 4009/4775/5 
s 6281
f 4002/4776/5 4009/4775/5 4004/4774/5 
s 6282
f 4010/4777/10 4011/4778/10 4012/4779/10 
s 6283
f 4011/4778/10 4010/4777/10 4013/4780/10 
s 6284
f 4014/4781/10 4013/4780/10 4010/4777/10 
s 6285
f 4013/4780/10 4014/4781/10 4015/4782/10 
s 6286
f 4016/4783/10 4015/4782/10 4014/4781/10 
s 6287
f 4015/4782/10 4016/4783/10 4017/4784/10 
s 6288
f 4012/4779/10 4017/4784/10 4016/4783/10 
s 6289
f 4017/4784/10 4012/4779/10 4011/4778/10 
s 6290
f 1036/4785/1359 1032/4786/5 3976/4787/1359 
s 6291
f 3974/4788/5 3976/4787/1359 1032/4786/5 
s 6292
f 1032/4786/5 1034/4789/599 3974/4788/5 
s 6293
f 3982/4790/600 3974/4788/5 1034/4789/599 
s 6294
f 1034/4789/599 1036/4791/4 3982/4790/600 
s 6295
f 3976/4792/4 3982/4790/600 1036/4791/4 
s 6296
f 4018/2116/4 1644/2114/4 4019/2115/4 
s 6297
f 1643/2113/4 4019/2115/4 1644/2114/4 
s 6298
f 4020/2118/7 1647/2117/7 4018/2116/7 
s 6299
f 1644/2114/7 4018/2116/7 1647/2117/7 
s 6300
f 4021/2122/5 1649/2120/5 4020/2121/5 
s 6301
f 1647/2119/5 4020/2121/5 1649/2120/5 
s 6302
f 4019/2115/10 1643/2113/10 4021/2122/10 
s 6303
f 1649/2120/10 4021/2122/10 1643/2113/10 
s 6304
f 4022/2126/1 1637/2124/1 4023/2125/1 
s 6305
f 1636/2123/1 4023/2125/1 1637/2124/1 
s 6306
f 4023/2128/7 1636/2093/7 1629/2127/7 
s 6307
f 1638/2095/7 1629/2127/7 1636/2093/7 
s 6308
f 1629/1508/6 1638/2130/6 1630/1507/6 
s 6309
f 1639/2129/6 1630/1507/6 1638/2130/6 
s 6310
f 1630/2132/10 1639/2096/10 4022/2131/10 
s 6311
f 1637/2094/10 4022/2131/10 1639/2096/10 
s 6312
f 1626/2134/5 1630/2132/5 1628/2133/5 
s 6313
f 4022/2131/5 1628/2133/5 1630/2132/5 
s 6314
f 1640/2110/1 1635/2135/1 1068/2109/1 
s 6315
f 1066/2137/1 1068/2109/1 1635/2135/1 
s 6316
f 4023/2125/1 1635/2135/1 4022/2126/1 
s 6317
f 1628/2136/1 4022/2126/1 1635/2135/1 
s 6318
f 1635/2135/1 1640/2110/1 1628/2136/1 
s 6319
f 1640/2110/1 4018/2138/1 1628/2136/1 
s 6320
f 4018/2138/1 1640/2110/1 4020/2142/1 
s 6321
f 1641/2111/1 4020/2142/1 1640/2110/1 
s 6322
f 4020/2142/1 1641/2111/1 4021/2141/1 
s 6323
f 1627/2140/1 4021/2141/1 1641/2111/1 
s 6324
f 4021/2141/1 1627/2140/1 4019/2139/1 
s 6325
f 1628/2136/1 4019/2139/1 1627/2140/1 
s 6326
f 4019/2139/1 1628/2136/1 4018/2138/1 
s 6327
f 1635/2091/618 4023/2128/618 1631/2089/618 
s 6328
f 1629/2127/618 1631/2089/618 4023/2128/618 
s 6329
f 4024/2146/4 4025/2144/4 4026/2145/4 
s 6330
f 4027/2143/4 4026/2145/4 4025/2144/4 
s 6331
f 4028/2150/5 4029/2148/5 4030/2149/5 
s 6332
f 4031/2147/5 4030/2149/5 4029/2148/5 
s 6333
f 1366/2383/6 1361/2381/6 1355/4793/6 
s 6334
f 1356/4794/6 1355/4793/6 1361/2381/6 
s 6335
f 1374/2384/7 1364/2386/7 1365/2382/7 
s 6336
f 1343/2380/7 1365/2382/7 1364/2386/7 
s 6337
f 1358/4795/1 1360/4796/1 1373/2385/1 
s 6338
f 1363/2387/1 1373/2385/1 1360/4796/1 
s 6339
f 1364/2362/7 1840/2363/666 1343/1686/7 
s 6340
f 1345/1688/666 1343/1686/7 1840/2363/666 
s 6341
f 1345/1688/666 1840/2363/666 1351/1694/665 
s 6342
f 1841/2364/665 1351/1694/665 1840/2363/666 
s 6343
f 4032/4797/1 4012/4798/1 4033/4799/1 
s 6344
f 4016/4800/1 4033/4799/1 4012/4798/1 
s 6345
f 4033/4799/1 4016/4800/1 4034/4801/1 
s 6346
f 4035/4802/1 4034/4801/1 4016/4800/1 
s 6347
f 2053/4803/1360 4036/4804/1361 2054/4805/1362 
s 6348
f 2053/4803/1360 2064/4806/1363 4036/4804/1361 
s 6349
f 4037/4807/5 4036/4804/1361 2064/4806/1363 
s 6350
f 2077/4808/1364 2076/4809/1365 4037/4807/5 
s 6351
f 4036/4804/1361 4037/4807/5 2076/4809/1365 
s 6352
f 2076/4809/1365 2075/4810/1366 4036/4804/1361 
s 6353
f 2054/4805/1362 4036/4804/1361 2075/4810/1366 
s 6354
f 2075/4810/1366 2074/4811/1367 2054/4805/1362 
s 6355
f 2059/4812/1367 2054/4805/1362 2074/4811/1367 
s 6356
f 2059/4812/1367 2074/4811/1367 2065/4813/1055 
s 6357
f 2071/4814/1055 2065/4813/1055 2074/4811/1367 
s 6358
f 2065/4813/1055 2071/4814/1055 2058/2515/10 
s 6359
f 2070/2516/682 2058/2515/10 2071/4814/1055 
s 6360
f 4038/4815/1368 4039/4816/1368 2716/4817/1369 
s 6361
f 4040/4818/1370 2716/4817/1369 4039/4816/1368 
s 6362
f 2716/4817/1369 4040/4818/1370 2723/4819/1371 
s 6363
f 4041/4820/1371 2723/4819/1371 4040/4818/1370 
s 6364
f 2723/4819/1371 4041/4820/1371 4042/4821/1372 
s 6365
f 4043/4822/1368 4042/4821/1372 4041/4820/1371 
s 6366
f 3715/4095/10 4044/4106/10 3714/4107/10 
s 6367
f 4045/4108/10 3714/4107/10 4044/4106/10 
s 6368
f 3714/4107/10 4045/4108/10 3713/4109/11 
s 6369
f 4046/4110/11 3713/4109/11 4045/4108/10 
s 6370
f 3713/4109/11 4046/4110/11 3712/4111/11 
s 6371
f 4047/4112/11 3712/4111/11 4046/4110/11 
s 6372
f 3712/4111/11 4047/4112/11 3711/4113/10 
s 6373
f 4048/4114/10 3711/4113/10 4047/4112/11 
s 6374
f 3715/4095/10 3716/4097/10 3661/4096/10 
s 6375
f 3660/4115/10 3661/4096/10 3716/4097/10 
s 6376
f 3716/4097/10 3717/4116/11 3660/4115/10 
s 6377
f 3667/4117/11 3660/4115/10 3717/4116/11 
s 6378
f 3717/4116/11 3710/4118/11 3667/4117/11 
s 6379
f 3666/4119/11 3667/4117/11 3710/4118/11 
s 6380
f 3710/4118/11 3711/4113/10 3666/4119/11 
s 6381
f 3665/4120/10 3666/4119/11 3711/4113/10 
s 6382
f 3711/4113/10 4048/4114/10 3665/4120/10 
s 6383
f 4049/4099/10 3665/4120/10 4048/4114/10 
s 6384
f 3665/4120/10 4049/4099/10 3664/4100/12 
s 6385
f 4050/4098/12 3664/4100/12 4049/4099/10 
s 6386
f 3664/4100/12 4050/4098/12 3663/4101/12 
s 6387
f 4051/4102/11 3663/4101/12 4050/4098/12 
s 6388
f 3663/4101/12 4051/4102/11 3662/4103/10 
s 6389
f 4052/4104/10 3662/4103/10 4051/4102/11 
s 6390
f 3662/4103/10 4052/4104/10 3661/4096/10 
s 6391
f 4053/4105/10 3661/4096/10 4052/4104/10 
s 6392
f 3661/4096/10 4053/4105/10 3715/4095/10 
s 6393
f 4044/4106/10 3715/4095/10 4053/4105/10 
s 6394
f 1358/1725/673 1374/1727/673 1355/1716/673 
s 6395
f 1365/1714/673 1355/1716/673 1374/1727/673 
s 6396
f 4054/4823/4 1383/4824/4 4005/4825/4 
s 6397
f 4003/4826/4 4005/4825/4 1383/4824/4 
s 6398
f 4054/4827/1 4005/4828/1 4007/4829/1 
s 6399
f 4006/4830/1 4007/4829/1 4005/4828/1 
s 6400
f 4009/4831/6 4002/4832/6 4055/4833/6 
s 6401
f 4001/4834/6 4055/4833/6 4002/4832/6 
s 6402
f 1889/4835/10 1888/4836/722 1386/4837/10 
s 6403
f 1385/4838/722 1386/4837/10 1888/4836/722 
s 6404
f 1888/4836/722 4056/4839/4 1385/4838/722 
s 6405
f 4057/4840/4 1385/4838/722 4056/4839/4 
s 6406
f 4058/4841/10 4032/4842/10 4009/4843/10 
s 6407
f 4009/4843/10 4032/4842/10 4008/4844/10 
s 6408
f 1887/4845/10 4008/4844/10 4032/4842/10 
s 6409
f 1381/4846/10 4008/4844/10 1887/4845/10 
s 6410
f 4059/4847/10 4058/4841/10 4055/4848/10 
s 6411
f 4009/4843/10 4055/4848/10 4058/4841/10 
s 6412
f 1890/4849/10 1887/4845/10 4033/4850/10 
s 6413
f 4032/4842/10 4033/4850/10 1887/4845/10 
s 6414
f 4007/4851/11 4008/4844/12 4054/4852/12 
s 6415
f 4054/4852/12 4008/4844/12 1383/4853/12 
s 6416
f 1381/4846/10 1383/4853/12 4008/4844/12 
s 6417
f 4060/4243/1373 4052/4241/1374 4061/4262/1342 
s 6418
f 4051/4261/1375 4061/4262/1342 4052/4241/1374 
s 6419
f 4061/4262/1342 4051/4261/1375 4062/4260/1376 
s 6420
f 4050/4259/1377 4062/4260/1376 4051/4261/1375 
s 6421
f 4062/4260/1376 4050/4259/1377 4063/4258/1328 
s 6422
f 4049/4257/1326 4063/4258/1328 4050/4259/1377 
s 6423
f 4063/4258/1328 4049/4257/1326 4064/4256/1330 
s 6424
f 4048/4254/1329 4064/4256/1330 4049/4257/1326 
s 6425
f 4064/4256/1330 4048/4254/1329 4065/4255/1378 
s 6426
f 4047/4253/1378 4065/4255/1378 4048/4254/1329 
s 6427
f 4065/4252/1379 4047/4251/1379 4066/4250/1380 
s 6428
f 4046/4249/1380 4066/4250/1380 4047/4251/1379 
s 6429
f 4066/4250/1380 4046/4249/1380 4067/4248/1381 
s 6430
f 4045/4247/1382 4067/4248/1381 4046/4249/1380 
s 6431
f 4067/4248/1381 4045/4247/1382 4068/4246/1337 
s 6432
f 4044/4245/1383 4068/4246/1337 4045/4247/1382 
s 6433
f 4068/4246/1337 4044/4245/1383 4069/4244/1339 
s 6434
f 4053/4242/1338 4069/4244/1339 4044/4245/1383 
s 6435
f 4069/4244/1339 4053/4242/1338 4060/4243/1373 
s 6436
f 4052/4241/1374 4060/4243/1373 4053/4242/1338 
s 6437
f 3654/4168/6 3652/4167/6 3656/4166/6 
s 6438
f 3652/4167/6 3650/4164/6 3656/4166/6 
s 6439
f 3658/4165/6 3656/4166/6 3650/4164/6 
s 6440
f 3658/4165/6 3650/4164/6 3645/4162/6 
s 6441
f 3648/4163/6 3645/4162/6 3650/4164/6 
s 6442
f 3648/4163/6 3637/4161/6 3645/4162/6 
s 6443
f 3645/4162/6 3637/4161/6 3644/4136/6 
s 6444
f 3635/4135/6 3644/4136/6 3637/4161/6 
s 6445
f 4070/4854/1384 4071/4855/1384 2720/4856/1384 
s 6446
f 4072/4857/1384 2720/4856/1384 4071/4855/1384 
s 6447
f 2720/4856/1384 4072/4857/1384 2717/4858/1385 
s 6448
f 4073/4859/1385 2717/4858/1385 4072/4857/1384 
s 6449
f 2717/4858/1385 4073/4859/1385 4074/4860/1385 
s 6450
f 4075/4861/1384 4074/4860/1385 4073/4859/1385 
s 6451
f 4074/4862/4 2716/4863/4 2717/4864/4 
s 6452
f 4038/4865/4 2716/4863/4 4074/4862/4 
s 6453
f 4076/4866/4 4038/4865/4 4074/4862/4 
s 6454
f 4077/4867/4 4076/4866/4 4074/4862/4 
s 6455
f 2902/3550/6 2901/3549/343 3015/4868/343 
s 6456
f 2901/3549/343 2924/3777/343 3015/4868/343 
s 6457
f 2929/3779/343 3015/4868/343 2924/3777/343 
s 6458
f 2929/3779/343 3014/3778/343 3015/4868/343 
s 6459
f 4078/4869/1386 4079/4870/1387 4080/4871/1388 
s 6460
f 4081/4872/1389 4080/4871/1388 4079/4870/1387 
s 6461
f 4080/4871/1388 4081/4872/1389 4082/4873/1390 
s 6462
f 4083/4874/1391 4082/4873/1390 4081/4872/1389 
s 6463
f 4081/4872/1389 4084/4875/1392 4083/4874/1391 
s 6464
f 4085/4876/1393 4083/4874/1391 4084/4875/1392 
s 6465
f 4085/4876/1393 4084/4875/1392 4082/4877/1394 
s 6466
f 4080/4878/1395 4082/4877/1394 4084/4875/1392 
s 6467
f 4080/4878/1395 4084/4875/1392 4078/4879/1396 
s 6468
f 4086/4880/1397 4078/4879/1396 4084/4875/1392 
s 6469
f 4086/4880/1397 4084/4875/1392 4079/4870/1387 
s 6470
f 4081/4872/1389 4079/4870/1387 4084/4875/1392 
s 6471
f 4087/4881/4 4086/4882/4 4088/4883/1398 
s 6472
f 4079/4884/1398 4088/4883/1398 4086/4882/4 
s 6473
f 4088/4883/1398 4079/4884/1398 4089/4885/425 
s 6474
f 4078/4886/425 4089/4885/425 4079/4884/1398 
s 6475
f 4089/4885/425 4078/4886/425 4087/4887/1399 
s 6476
f 4086/4888/1399 4087/4887/1399 4078/4886/425 
s 6477
f 4090/4889/1400 4091/4890/1387 4092/4891/1401 
s 6478
f 4093/4892/1402 4092/4891/1401 4091/4890/1387 
s 6479
f 4092/4891/1401 4093/4892/1402 4094/4893/1403 
s 6480
f 4095/4894/1404 4094/4893/1403 4093/4892/1402 
s 6481
f 4093/4892/1402 4096/4895/1405 4095/4894/1404 
s 6482
f 4097/4896/1406 4095/4894/1404 4096/4895/1405 
s 6483
f 4097/4896/1406 4096/4895/1405 4094/4897/1407 
s 6484
f 4092/4898/1408 4094/4897/1407 4096/4895/1405 
s 6485
f 4092/4898/1408 4096/4895/1405 4090/4899/1409 
s 6486
f 4098/4900/1410 4090/4899/1409 4096/4895/1405 
s 6487
f 4098/4900/1410 4096/4895/1405 4091/4890/1387 
s 6488
f 4093/4892/1402 4091/4890/1387 4096/4895/1405 
s 6489
f 4099/4901/1411 4100/4902/1412 4101/4903/1413 
s 6490
f 4102/4904/1414 4101/4903/1413 4100/4902/1412 
s 6491
f 4101/4903/1413 4102/4904/1414 4103/4905/1415 
s 6492
f 4104/4906/1416 4103/4905/1415 4102/4904/1414 
s 6493
f 4102/4904/1414 4105/4907/1417 4104/4906/1416 
s 6494
f 4106/4908/1418 4104/4906/1416 4105/4907/1417 
s 6495
f 4106/4908/1418 4105/4907/1417 4103/4909/1419 
s 6496
f 4101/4910/1420 4103/4909/1419 4105/4907/1417 
s 6497
f 4101/4910/1420 4105/4907/1417 4099/4911/1421 
s 6498
f 4107/4912/1422 4099/4911/1421 4105/4907/1417 
s 6499
f 4107/4912/1422 4105/4907/1417 4100/4902/1412 
s 6500
f 4102/4904/1414 4100/4902/1412 4105/4907/1417 
s 6501
f 4108/4913/1423 4109/4914/1424 4110/4915/1425 
s 6502
f 4111/4916/1426 4110/4915/1425 4109/4914/1424 
s 6503
f 4110/4915/1425 4111/4916/1426 4112/4917/1427 
s 6504
f 4113/4918/1416 4112/4917/1427 4111/4916/1426 
s 6505
f 4111/4916/1426 4114/4919/1417 4113/4918/1416 
s 6506
f 4115/4920/1418 4113/4918/1416 4114/4919/1417 
s 6507
f 4115/4920/1418 4114/4919/1417 4112/4921/1419 
s 6508
f 4110/4922/1420 4112/4921/1419 4114/4919/1417 
s 6509
f 4110/4922/1420 4114/4919/1417 4108/4923/1421 
s 6510
f 4116/4924/1422 4108/4923/1421 4114/4919/1417 
s 6511
f 4116/4924/1422 4114/4919/1417 4109/4914/1424 
s 6512
f 4111/4916/1426 4109/4914/1424 4114/4919/1417 
s 6513
f 808/4925/1428 4115/4926/1428 805/4927/6 
s 6514
f 4112/4928/6 805/4927/6 4115/4926/1428 
s 6515
f 805/4927/6 4112/4928/6 806/4929/1429 
s 6516
f 4113/4930/1429 806/4929/1429 4112/4928/6 
s 6517
f 4113/4930/1429 4115/4931/1 806/4929/1429 
s 6518
f 808/4932/1 806/4929/1429 4115/4931/1 
s 6519
f 4016/4783/1430 4117/4933/1430 4035/4934/1430 
s 6520
f 4118/4935/1430 4035/4934/1430 4117/4933/1430 
s 6521
f 4035/4934/1431 4118/4935/1431 4119/4936/1431 
s 6522
f 4120/4937/1431 4119/4936/1431 4118/4935/1431 
s 6523
f 4119/4936/1432 4120/4937/1432 4014/4781/1432 
s 6524
f 4121/4938/1432 4014/4781/1432 4120/4937/1432 
s 6525
f 4014/4781/1433 4121/4938/1433 4016/4783/1433 
s 6526
f 4117/4933/1433 4016/4783/1433 4121/4938/1433 
s 6527
f 4117/4939/691 4121/4940/691 4015/4941/691 
s 6528
f 4013/4942/691 4015/4941/691 4121/4940/691 
s 6529
f 4017/4943/692 4011/4944/692 4118/4945/692 
s 6530
f 4120/4946/692 4118/4945/692 4011/4944/692 
s 6531
f 4120/4946/6 4011/4944/6 4121/4940/6 
s 6532
f 4013/4942/6 4121/4940/6 4011/4944/6 
s 6533
f 4015/4947/1 4017/4943/1 4117/4948/1 
s 6534
f 4118/4945/1 4117/4948/1 4017/4943/1 
s 6535
f 4012/4779/5 4032/4949/5 4010/4777/5 
s 6536
f 4058/4950/5 4010/4777/5 4032/4949/5 
s 6537
f 4119/4936/10 4122/4951/722 4035/4934/10 
s 6538
f 4034/4952/722 4035/4934/10 4122/4951/722 
s 6539
f 4122/4951/722 4123/4953/4 4034/4952/722 
s 6540
f 4124/4954/4 4034/4952/722 4123/4953/4 
s 6541
f 4122/4955/6 4119/4956/6 4059/4957/6 
s 6542
f 4014/4958/6 4059/4957/6 4119/4956/6 
s 6543
f 4059/4957/6 4014/4958/6 4058/4959/6 
s 6544
f 4010/4960/6 4058/4959/6 4014/4958/6 
s 6545
f 4125/2158/7 4126/2157/7 4127/2156/7 
s 6546
f 4126/2157/7 4128/2155/7 4127/2156/7 
s 6547
f 4129/2154/7 4127/2156/7 4128/2155/7 
s 6548
f 4128/2155/7 4130/2153/7 4129/2154/7 
s 6549
f 4131/2151/7 4129/2154/7 4130/2153/7 
s 6550
f 4132/2152/7 4131/2151/7 4130/2153/7 
s 6551
f 4133/2182/93 4128/2181/1 4134/2180/98 
s 6552
f 4126/2179/98 4134/2180/98 4128/2181/1 
s 6553
f 4134/2180/98 4126/2179/98 4135/2178/500 
s 6554
f 4125/2176/501 4135/2178/500 4126/2179/98 
s 6555
f 4135/2178/500 4125/2176/501 4136/2177/1434 
s 6556
f 4127/2175/1434 4136/2177/1434 4125/2176/501 
s 6557
f 4136/2174/1435 4127/2173/1435 4137/2172/6 
s 6558
f 4129/2171/343 4137/2172/6 4127/2173/1435 
s 6559
f 4137/2172/6 4129/2171/343 4138/2170/497 
s 6560
f 4131/2168/497 4138/2170/497 4129/2171/343 
s 6561
f 4138/2170/497 4131/2168/497 4139/2169/135 
s 6562
f 4132/2167/333 4139/2169/135 4131/2168/497 
s 6563
f 4139/2169/135 4132/2167/333 4140/2184/619 
s 6564
f 4130/2183/619 4140/2184/619 4132/2167/333 
s 6565
f 4140/2184/619 4130/2183/619 4133/2182/93 
s 6566
f 4128/2181/1 4133/2182/93 4130/2183/619 
s 6567
f 1384/4961/1430 1878/4962/1430 1386/4837/1430 
s 6568
f 1884/4963/1430 1386/4837/1430 1878/4962/1430 
s 6569
f 1386/4837/1431 1884/4963/1431 1889/4835/1431 
s 6570
f 1885/4964/1431 1889/4835/1431 1884/4963/1431 
s 6571
f 1889/4835/1436 1885/4964/1436 1891/4965/1436 
s 6572
f 1879/4966/1436 1891/4965/1436 1885/4964/1436 
s 6573
f 1891/4965/1433 1879/4966/1433 1384/4961/1433 
s 6574
f 1878/4962/1433 1384/4961/1433 1879/4966/1433 
s 6575
f 2482/4967/1 2480/2714/1 1621/4968/1 
s 6576
f 1624/2712/1 1621/4968/1 2480/2714/1 
s 6577
f 2486/4969/6 2484/2722/6 1604/4970/6 
s 6578
f 1607/2720/6 1604/4970/6 2484/2722/6 
s 6579
f 1620/2711/1 2479/2713/1 1568/1998/1 
s 6580
f 1568/1998/1 2479/2713/1 1566/1996/1 
s 6581
f 2489/2731/1 1566/1996/1 2479/2713/1 
s 6582
f 1566/1996/1 2489/2731/1 1602/2733/1 
s 6583
f 1606/2734/1 2490/2732/1 1605/4971/1 
s 6584
f 2488/4972/1 1605/4971/1 2490/2732/1 
s 6585
f 1603/2719/6 2483/2721/6 1585/2018/6 
s 6586
f 1585/2018/6 2483/2721/6 1583/2016/6 
s 6587
f 2493/2739/6 1583/2016/6 2483/2721/6 
s 6588
f 1583/2016/6 2493/2739/6 1619/2741/6 
s 6589
f 1623/2742/6 2494/2740/6 1622/4973/6 
s 6590
f 2492/4974/6 1622/4973/6 2494/2740/6 
s 6591
f 2489/2729/1 2479/2715/1 2487/2727/1 
s 6592
f 2481/2717/1 2487/2727/1 2479/2715/1 
s 6593
f 2493/2737/6 2483/2723/6 2491/2735/6 
s 6594
f 2485/2725/6 2491/2735/6 2483/2723/6 
s 6595
f 4141/2754/728 4142/2752/728 4143/2753/728 
s 6596
f 4144/2751/728 4143/2753/728 4142/2752/728 
s 6597
f 4141/2754/1 4143/2753/1 4145/2756/1 
s 6598
f 4146/2755/1 4145/2756/1 4143/2753/1 
s 6599
f 4147/2760/728 4148/2758/728 4149/2759/728 
s 6600
f 4150/2757/728 4149/2759/728 4148/2758/728 
s 6601
f 4147/2760/1 4149/2759/1 4151/2762/1 
s 6602
f 4152/2761/1 4151/2762/1 4149/2759/1 
s 6603
f 4146/2755/730 4153/2764/730 4145/2756/730 
s 6604
f 4154/2763/730 4145/2756/730 4153/2764/730 
s 6605
f 4153/2764/6 4144/2766/6 4154/2763/6 
s 6606
f 4142/2765/6 4154/2763/6 4144/2766/6 
s 6607
f 4152/2761/730 4155/2768/730 4151/2762/730 
s 6608
f 4156/2767/730 4151/2762/730 4155/2768/730 
s 6609
f 4155/2768/6 4150/2770/6 4156/2767/6 
s 6610
f 4148/2769/6 4156/2767/6 4150/2770/6 
s 6611
f 4157/2772/5 4158/2749/5 4159/2771/5 
s 6612
f 4160/2750/5 4159/2771/5 4158/2749/5 
s 6613
f 4161/2743/7 4157/2744/7 4162/2745/7 
s 6614
f 4159/2746/7 4162/2745/7 4157/2744/7 
s 6615
f 4163/2747/4 4161/2743/4 4164/2748/4 
s 6616
f 4162/2745/4 4164/2748/4 4161/2743/4 
s 6617
f 4158/2749/10 4163/2747/10 4160/2750/10 
s 6618
f 4164/2748/10 4160/2750/10 4163/2747/10 
s 6619
f 4165/2772/5 4166/2749/5 4167/2771/5 
s 6620
f 4168/2750/5 4167/2771/5 4166/2749/5 
s 6621
f 4169/2743/7 4165/2744/7 4170/2745/7 
s 6622
f 4167/2746/7 4170/2745/7 4165/2744/7 
s 6623
f 4171/2747/4 4169/2743/4 4172/2748/4 
s 6624
f 4170/2745/4 4172/2748/4 4169/2743/4 
s 6625
f 4166/2749/10 4171/2747/10 4168/2750/10 
s 6626
f 4172/2748/10 4168/2750/10 4171/2747/10 
s 6627
f 4173/2772/5 4174/2749/5 4175/2771/5 
s 6628
f 4176/2750/5 4175/2771/5 4174/2749/5 
s 6629
f 4177/2743/7 4173/2744/7 4178/2745/7 
s 6630
f 4175/2746/7 4178/2745/7 4173/2744/7 
s 6631
f 4179/2747/4 4177/2743/4 4180/2748/4 
s 6632
f 4178/2745/4 4180/2748/4 4177/2743/4 
s 6633
f 4174/2749/10 4179/2747/10 4176/2750/10 
s 6634
f 4180/2748/10 4176/2750/10 4179/2747/10 
s 6635
f 2502/2750/5 2498/2771/5 2501/2749/5 
s 6636
f 2496/2772/5 2501/2749/5 2498/2771/5 
s 6637
f 4073/4975/5 4040/4976/5 4075/4977/5 
s 6638
f 4040/4976/5 4039/4978/5 4075/4977/5 
s 6639
f 4039/4978/5 4181/4979/5 4075/4977/5 
s 6640
f 4075/4977/5 4181/4979/5 4182/4980/5 
s 6641
f 4041/4981/4 4072/4982/4 4043/4983/4 
s 6642
f 4072/4982/4 4071/4984/4 4043/4983/4 
s 6643
f 4071/4984/4 4183/4985/4 4043/4983/4 
s 6644
f 4043/4983/4 4183/4985/4 4184/4986/4 
s 6645
f 4041/4981/7 4040/4976/7 4072/4982/7 
s 6646
f 4073/4975/7 4072/4982/7 4040/4976/7 
s 6647
f 4074/4860/1437 4075/4861/1437 4077/4987/1437 
s 6648
f 4182/4988/1437 4077/4987/1437 4075/4861/1437 
s 6649
f 4185/4989/1437 4183/4990/1437 4070/4854/1437 
s 6650
f 4071/4855/1437 4070/4854/1437 4183/4990/1437 
s 6651
f 4076/4991/1438 4181/4992/1438 4038/4815/1438 
s 6652
f 4039/4816/1438 4038/4815/1438 4181/4992/1438 
s 6653
f 4042/4821/1438 4043/4822/1438 4186/4993/1438 
s 6654
f 4184/4994/1438 4186/4993/1438 4043/4822/1438 
s 6655
f 4077/4987/7 4182/4988/7 4076/4991/7 
s 6656
f 4181/4992/7 4076/4991/7 4182/4988/7 
s 6657
f 4186/4993/7 4184/4994/7 4185/4989/7 
s 6658
f 4183/4990/7 4185/4989/7 4184/4994/7 
s 6659
f 2986/4995/857 2901/4996/857 2984/4997/857 
s 6660
f 2900/4998/857 2984/4997/857 2901/4996/857 
s 6661
f 2973/4999/858 2911/5000/858 2985/5001/858 
s 6662
f 2910/5002/858 2985/5001/858 2911/5000/858 
s 6663
f 2980/3718/10 2978/3716/10 2992/5003/10 
s 6664
f 2992/5003/10 2978/3716/10 3014/5004/10 
s 6665
f 3014/5004/10 2978/3716/10 2990/5005/10 
s 6666
f 2983/3854/10 2990/5005/10 2978/3716/10 
s 6667
f 2983/3854/10 2993/5006/10 2990/5005/10 
s 6668
f 2983/3854/10 3051/3853/10 2993/5006/10 
s 6669
f 1052/1486/10 4187/1487/10 1050/1488/10 
s 6670
f 4029/1489/10 1050/1488/10 4187/1487/10 
s 6671
f 1050/1488/10 4029/1489/10 4188/1490/10 
s 6672
f 4028/1491/10 4188/1490/10 4029/1489/10 
s 6673
f 4028/1491/10 4189/1492/10 4188/1490/10 
s 6674
f 4190/1493/10 4188/1490/10 4189/1492/10 
s 6675
f 1608/1476/10 4026/1478/10 1609/1477/10 
s 6676
f 1612/1479/10 1609/1477/10 4026/1478/10 
s 6677
f 4026/1478/10 4027/1480/10 1612/1479/10 
s 6678
f 1058/1481/10 1612/1479/10 4027/1480/10 
s 6679
f 1058/1481/10 4027/1480/10 1056/1482/10 
s 6680
f 4191/1483/10 1056/1482/10 4027/1480/10 
s 6681
f 1056/1482/10 4191/1483/10 1054/1484/10 
s 6682
f 4192/1485/10 1054/1484/10 4191/1483/10 
s 6683
f 1054/1484/10 4192/1485/10 1052/1486/10 
s 6684
f 4187/1487/10 1052/1486/10 4192/1485/10 
s 6685
f 1051/1411/1439 1050/1410/1439 4193/2185/653 
s 6686
f 4188/2186/653 4193/2185/653 1050/1410/1439 
s 6687
f 4188/2186/653 4190/2187/1440 4193/2185/653 
s 6688
f 4194/2188/1440 4193/2185/653 4190/2187/1440 
s 6689
f 4190/2187/1440 4189/2189/1441 4194/2188/1440 
s 6690
f 4195/2190/1441 4194/2188/1440 4189/2189/1441 
s 6691
f 2985/5001/7 2910/5002/7 2986/4995/7 
s 6692
f 2901/4996/7 2986/4995/7 2910/5002/7 
s 6693
f 3653/4240/1 3655/4239/1 3651/4238/1 
s 6694
f 3655/4239/1 3657/4236/1 3651/4238/1 
s 6695
f 3649/4237/1 3651/4238/1 3657/4236/1 
s 6696
f 3649/4237/1 3657/4236/1 3647/4235/1 
s 6697
f 3646/4234/1 3647/4235/1 3657/4236/1 
s 6698
f 3647/4235/1 3646/4234/1 3636/4233/1 
s 6699
f 3628/4222/1077 3636/4233/1 3646/4234/1 
s 6700
f 3630/4218/1078 3636/4233/1 3628/4222/1077 
s 6701
f 3628/4222/1077 3659/4220/1076 3630/4218/1078 
s 6702
f 4196/4130/1 4197/4129/1 4198/4128/1 
s 6703
f 4197/4129/1 4199/4127/1 4198/4128/1 
s 6704
f 4200/4126/1 4198/4128/1 4199/4127/1 
s 6705
f 4199/4127/1 3642/4124/1 4200/4126/1 
s 6706
f 4201/4125/1 4200/4126/1 3642/4124/1 
s 6707
f 3633/4123/1 4201/4125/1 3642/4124/1 
s 6708
f 3642/4124/1 3643/4122/1 3633/4123/1 
s 6709
f 3634/4121/1 3633/4123/1 3643/4122/1 
s 6710
f 3633/4134/1097 3632/4132/1097 4201/4133/1097 
s 6711
f 4202/4131/1097 4201/4133/1097 3632/4132/1097 
s 6712
f 29/71/31 3972/72/31 19/19/31 
s 6713
f 21/21/31 19/19/31 3972/72/31 
s 6714
f 3972/72/5 29/71/5 3971/73/5 
s 6715
f 28/74/5 3971/73/5 29/71/5 
s 6716
f 4203/214/5 43/218/5 47/216/5 
s 6717
f 45/219/5 47/216/5 43/218/5 
s 6718
f 41/75/6 43/76/6 48/77/6 
s 6719
f 4203/78/6 48/77/6 43/76/6 
s 6720
f 4186/5007/5 4185/5008/5 4042/5009/5 
s 6721
f 4185/5008/5 4070/5010/5 4042/5009/5 
s 6722
f 4070/5010/5 2720/5011/5 4042/5009/5 
s 6723
f 4042/5009/5 2720/5011/5 2723/5012/5 
s 6724
f 2912/3567/1 2972/5013/1 2910/3565/1 
s 6725
f 2910/3565/1 2972/5013/1 2925/5014/1 
s 6726
f 2934/3781/1 2925/5014/1 2972/5013/1 
s 6727
f 2934/3781/1 2972/5013/1 2992/3780/1 
s 6728
f 1882/5015/10 1382/2398/10 1883/5016/10 
s 6729
f 1382/2398/10 1882/5015/10 1384/4961/10 
s 6730
f 1880/5017/10 1384/4961/10 1882/5015/10 
s 6731
f 1384/4961/10 1880/5017/10 1891/4965/10 
s 6732
f 1881/5018/10 1891/4965/10 1880/5017/10 
s 6733
f 1891/4965/10 1881/5018/10 1886/2400/10 
s 6734
f 1883/5016/10 1886/2400/10 1881/5018/10 
s 6735
f 1886/2400/10 1883/5016/10 1382/2398/10 
s 6736
f 3969/4734/11 3970/80/11 24/4733/11 
s 6737
f 26/79/11 24/4733/11 3970/80/11 
s 6738
f 26/79/11 3970/80/11 28/74/11 
s 6739
f 3971/73/11 28/74/11 3970/80/11 
s 6740
f 3341/4094/1 3345/4093/1 3337/4092/1 
s 6741
f 3345/4093/1 3319/4091/1 3337/4092/1 
s 6742
f 3333/4090/1 3337/4092/1 3319/4091/1 
s 6743
f 3319/4091/1 3315/4089/1 3333/4090/1 
s 6744
f 3328/4088/1 3333/4090/1 3315/4089/1 
s 6745
f 3315/4089/1 3311/4087/1 3328/4088/1 
s 6746
f 3320/4086/1 3328/4088/1 3311/4087/1 
s 6747
f 3311/4087/1 3301/4085/1 3320/4086/1 
s 6748
f 3321/4083/1 3320/4086/1 3301/4085/1 
s 6749
f 3300/4084/1 3321/4083/1 3301/4085/1 
s 6750
f 1057/1468/7 4204/1469/7 1059/1470/7 
s 6751
f 4025/1471/7 1059/1470/7 4204/1469/7 
s 6752
f 1059/1470/7 4025/1471/7 1613/1472/7 
s 6753
f 4024/1473/7 1613/1472/7 4025/1471/7 
s 6754
f 4024/1473/7 1610/1474/7 1613/1472/7 
s 6755
f 1611/1475/7 1613/1472/7 1610/1474/7 
s 6756
f 4195/1458/7 4030/1460/7 4194/1459/7 
s 6757
f 4193/1461/7 4194/1459/7 4030/1460/7 
s 6758
f 4030/1460/7 4031/1462/7 4193/1461/7 
s 6759
f 1051/1463/7 4193/1461/7 4031/1462/7 
s 6760
f 1051/1463/7 4031/1462/7 1053/1464/7 
s 6761
f 4205/1465/7 1053/1464/7 4031/1462/7 
s 6762
f 1053/1464/7 4205/1465/7 1055/1466/7 
s 6763
f 4206/1467/7 1055/1466/7 4205/1465/7 
s 6764
f 1055/1466/7 4206/1467/7 1057/1468/7 
s 6765
f 4204/1469/7 1057/1468/7 4206/1467/7 
s 6766
f 3642/4158/1108 4199/4211/1314 3641/4159/1108 
s 6767
f 4207/4210/1314 3641/4159/1108 4199/4211/1314 
s 6768
f 4199/4211/1314 4197/4209/4 4207/4210/1314 
s 6769
f 4208/4208/4 4207/4210/1314 4197/4209/4 
s 6770
f 4197/4209/4 4196/4207/722 4208/4208/4 
s 6771
f 4209/4206/722 4208/4208/4 4196/4207/722 
s 6772
f 4196/4207/722 4198/4205/10 4209/4206/722 
s 6773
f 4210/4204/10 4209/4206/722 4198/4205/10 
s 6774
f 4198/4205/10 4200/4203/1055 4210/4204/10 
s 6775
f 4211/4202/1055 4210/4204/10 4200/4203/1055 
s 6776
f 4200/4203/1055 4201/4133/1313 4211/4202/1055 
s 6777
f 4202/4131/1313 4211/4202/1055 4201/4133/1313 
s 6778
f 3639/4147/1040 3624/4145/1038 3629/4146/1039 
s 6779
f 3632/4144/6 3629/4146/1039 3624/4145/1038 
s 6780
f 3624/4145/1038 3641/4143/6 3632/4144/6 
s 6781
f 4202/4142/6 3632/4144/6 3641/4143/6 
s 6782
f 3641/4143/6 4207/4141/6 4202/4142/6 
s 6783
f 4211/4140/6 4202/4142/6 4207/4141/6 
s 6784
f 4207/4141/6 4208/4139/6 4211/4140/6 
s 6785
f 4210/4137/6 4211/4140/6 4208/4139/6 
s 6786
f 4209/4138/6 4210/4137/6 4208/4139/6 
s 6787
f 4212/5019/1442 4213/5020/1443 4214/5021/1444 
s 6788
f 4215/5022/1445 4214/5021/1444 4213/5020/1443 
s 6789
f 4213/5020/1443 4216/5023/1446 4215/5022/1445 
s 6790
f 4217/5024/1447 4215/5022/1445 4216/5023/1446 
s 6791
f 4215/5022/1445 4217/5024/1447 4218/5025/238 
s 6792
f 4219/5026/239 4218/5025/238 4217/5024/1447 
s 6793
f 4219/5026/239 4216/5027/240 4218/5025/238 
s 6794
f 4213/5028/241 4218/5025/238 4216/5027/240 
s 6795
f 4213/5028/241 4212/5029/242 4218/5025/238 
s 6796
f 4220/5030/243 4218/5025/238 4212/5029/242 
s 6797
f 4220/5030/243 4214/5021/1444 4218/5025/238 
s 6798
f 4215/5022/1445 4218/5025/238 4214/5021/1444 
s 6799
f 413/5031/244 412/5032/245 4221/5033/246 
s 6800
f 4222/5034/247 4221/5033/246 412/5032/245 
s 6801
f 412/5032/245 411/5035/1448 4222/5034/247 
s 6802
f 4223/5036/1449 4222/5034/247 411/5035/1448 
s 6803
f 411/5035/1448 413/5037/1450 4223/5036/1449 
s 6804
f 4221/5038/1451 4223/5036/1449 413/5037/1450 
s 6805
f 404/5039/6 403/5040/252 4217/5041/6 
s 6806
f 4219/5042/253 4217/5041/6 403/5040/252 
s 6807
f 403/5040/252 402/5043/254 4219/5042/253 
s 6808
f 4216/5044/254 4219/5042/253 402/5043/254 
s 6809
f 402/5043/254 404/5045/1452 4216/5044/254 
s 6810
f 4217/5046/1452 4216/5044/254 404/5045/1452 
s 6811
f 4212/5047/1453 4214/5048/257 423/5049/1453 
s 6812
f 422/5050/258 423/5049/1453 4214/5048/257 
s 6813
f 4214/5048/257 4220/5051/259 422/5050/258 
s 6814
f 421/5052/260 422/5050/258 4220/5051/259 
s 6815
f 4220/5051/259 4212/5053/261 421/5052/260 
s 6816
f 423/5054/261 421/5052/260 4212/5053/261 
s 6817
f 4224/5055/77 4225/5056/126 4226/5057/77 
s 6818
f 4227/5058/126 4226/5057/77 4225/5056/126 
s 6819
f 4225/5056/126 4228/5059/516 4227/5058/126 
s 6820
f 4229/5060/516 4227/5058/126 4228/5059/516 
s 6821
f 4228/5059/516 4224/5061/6 4229/5060/516 
s 6822
f 4226/5062/6 4229/5060/516 4224/5061/6 
s 6823
f 4230/5063/86 4231/5064/87 4232/5065/86 
s 6824
f 4233/5066/87 4232/5065/86 4231/5064/87 
s 6825
f 4231/5064/87 4234/5067/91 4233/5066/87 
s 6826
f 4235/5068/91 4233/5066/87 4234/5067/91 
s 6827
f 4234/5067/91 4230/5069/77 4235/5068/91 
s 6828
f 4232/5070/77 4235/5068/91 4230/5069/77 
s 6829
f 4236/5071/86 4237/5072/87 4238/5073/86 
s 6830
f 4239/5074/87 4238/5073/86 4237/5072/87 
s 6831
f 4237/5072/87 4240/5075/88 4239/5074/87 
s 6832
f 4241/5076/88 4239/5074/87 4240/5075/88 
s 6833
f 4240/5075/88 4236/5077/89 4241/5076/88 
s 6834
f 4238/5078/89 4241/5076/88 4236/5077/89 
s 6835
f 4242/5079/6 4243/5080/74 4244/5081/6 
s 6836
f 4245/5082/74 4244/5081/6 4243/5080/74 
s 6837
f 4243/5080/74 4246/5083/213 4245/5082/74 
s 6838
f 4247/5084/213 4245/5082/74 4246/5083/213 
s 6839
f 4246/5083/213 4242/5085/77 4247/5084/213 
s 6840
f 4244/5086/77 4247/5084/213 4242/5085/77 
s 6841
f 756/1002/378 754/1000/377 760/1006/285 
s 6842
f 761/5087/374 760/1006/285 754/1000/377 
s 6843
f 754/1000/377 752/998/376 761/5087/374 
s 6844
f 748/5088/311 761/5087/374 752/998/376 
s 6845
f 752/998/376 750/996/312 748/5088/311 
s 6846
f 746/5089/1454 748/5088/311 750/996/312 
s 6847
f 746/5089/1454 750/996/312 745/5090/292 
s 6848
f 749/995/293 745/5090/292 750/996/312 
s 6849
f 745/5090/292 749/995/293 739/983/313 
s 6850
f 741/985/295 739/983/313 749/995/293 
s 6851
f 4139/2166/10 4140/2165/10 4138/2164/10 
s 6852
f 4140/2165/10 4133/2163/10 4138/2164/10 
s 6853
f 4137/2162/10 4138/2164/10 4133/2163/10 
s 6854
f 4133/2163/10 4134/2161/10 4137/2162/10 
s 6855
f 4136/2159/10 4137/2162/10 4134/2161/10 
s 6856
f 4135/2160/10 4136/2159/10 4134/2161/10 
s 6857
f 4248/5091/1455 4091/5092/1455 4249/5093/5 
s 6858
f 4090/5094/5 4249/5093/5 4091/5092/1455 
s 6859
f 4249/5093/5 4090/5094/5 4250/5095/1456 
s 6860
f 4098/5096/1456 4250/5095/1456 4090/5094/5 
s 6861
f 4250/5095/1456 4098/5096/1456 4248/5097/4 
s 6862
f 4091/5098/4 4248/5097/4 4098/5096/1456 
s 6863
f 4251/5099/393 4252/5100/429 4253/5101/393 
s 6864
f 4254/5102/429 4253/5101/393 4252/5100/429 
s 6865
f 4252/5100/429 4255/5103/394 4254/5102/429 
s 6866
f 4256/5104/394 4254/5102/429 4255/5103/394 
s 6867
f 4255/5103/394 4251/5105/5 4256/5104/394 
s 6868
f 4253/5106/5 4256/5104/394 4251/5105/5 
s 6869
f 4257/5107/1457 4258/5108/1458 4255/5109/1459 
s 6870
f 4251/5110/1460 4255/5109/1459 4258/5108/1458 
s 6871
f 4251/5110/1460 4258/5108/1458 4252/5111/391 
s 6872
f 4259/5112/1461 4252/5111/391 4258/5108/1458 
s 6873
f 4259/5112/1461 4258/5108/1458 787/5113/1462 
s 6874
f 783/5114/1463 787/5113/1462 4258/5108/1458 
s 6875
f 783/5114/1463 4258/5108/1458 784/5115/1464 
s 6876
f 4257/5107/1457 784/5115/1464 4258/5108/1458 
s 6877
f 784/5115/1464 4257/5107/1457 787/5116/1465 
s 6878
f 4259/5117/1466 787/5116/1465 4257/5107/1457 
s 6879
f 4257/5107/1457 4255/5109/1459 4259/5117/1466 
s 6880
f 4252/5118/1467 4259/5117/1466 4255/5109/1459 
s 6881
f 4104/5119/1 4106/5120/1468 797/5121/1 
s 6882
f 799/5122/1468 797/5121/1 4106/5120/1468 
s 6883
f 799/5122/1468 4106/5120/1468 796/5123/569 
s 6884
f 4103/5124/6 796/5123/569 4106/5120/1468 
s 6885
f 4103/5124/6 4104/5125/1469 796/5123/569 
s 6886
f 797/5126/1470 796/5123/569 4104/5125/1469 
s 6887
f 4260/5127/6 4261/5128/6 4262/5129/1471 
s 6888
f 4263/5130/1471 4262/5129/1471 4261/5128/6 
s 6889
f 4263/5130/1471 4264/5131/1 4262/5129/1471 
s 6890
f 4265/5132/1 4262/5129/1471 4264/5131/1 
s 6891
f 4265/5132/1 4264/5131/1 4260/5133/1472 
s 6892
f 4261/5134/1472 4260/5133/1472 4264/5131/1 
s 6893
f 4266/5135/1473 4085/5136/1474 4267/5137/1475 
s 6894
f 4082/5138/1475 4267/5137/1475 4085/5136/1474 
s 6895
f 4267/5137/1475 4082/5138/1475 4268/5139/1476 
s 6896
f 4083/5140/1477 4268/5139/1476 4082/5138/1475 
s 6897
f 4268/5139/1476 4083/5140/1477 4266/5141/1478 
s 6898
f 4085/5142/1478 4266/5141/1478 4083/5140/1477 
s 6899
f 4269/5143/6 4270/5144/6 4271/5145/1479 
s 6900
f 4272/5146/1480 4271/5145/1479 4270/5144/6 
s 6901
f 4271/5145/1479 4272/5146/1480 4273/5147/254 
s 6902
f 4274/5148/254 4273/5147/254 4272/5146/1480 
s 6903
f 4274/5148/254 4270/5149/1481 4273/5147/254 
s 6904
f 4269/5150/1481 4273/5147/254 4270/5149/1481 
s 6905
f 4275/5151/6 4276/5152/6 4277/5153/1482 
s 6906
f 4278/5154/1480 4277/5153/1482 4276/5152/6 
s 6907
f 4277/5153/1482 4278/5154/1480 4279/5155/1 
s 6908
f 4280/5156/1 4279/5155/1 4278/5154/1480 
s 6909
f 4280/5156/1 4276/5157/1481 4279/5155/1 
s 6910
f 4275/5158/1481 4279/5155/1 4276/5157/1481 
s 6911
f 4281/5159/6 4282/5160/6 4283/5161/1483 
s 6912
f 4284/5162/1471 4283/5161/1483 4282/5160/6 
s 6913
f 4283/5161/1483 4284/5162/1471 4285/5163/254 
s 6914
f 4286/5164/254 4285/5163/254 4284/5162/1471 
s 6915
f 4286/5164/254 4282/5165/1472 4285/5163/254 
s 6916
f 4281/5166/1472 4285/5163/254 4282/5165/1472 
s 6917
f 4287/5167/6 4288/5168/6 4289/5169/1484 
s 6918
f 4290/5170/1471 4289/5169/1484 4288/5168/6 
s 6919
f 4289/5169/1484 4290/5170/1471 4291/5171/1 
s 6920
f 4292/5172/1 4291/5171/1 4290/5170/1471 
s 6921
f 4292/5172/1 4288/5173/1472 4291/5171/1 
s 6922
f 4287/5174/1472 4291/5171/1 4288/5173/1472 
s 6923
f 4116/5175/5 4109/5176/1485 4293/5177/5 
s 6924
f 4294/5178/1486 4293/5177/5 4109/5176/1485 
s 6925
f 4109/5176/1485 4108/5179/4 4294/5178/1486 
s 6926
f 4295/5180/4 4294/5178/1486 4108/5179/4 
s 6927
f 4108/5179/4 4116/5181/1487 4295/5180/4 
s 6928
f 4293/5182/1487 4295/5180/4 4116/5181/1487 
s 6929
f 4296/5183/6 4297/5184/1488 4298/5185/6 
s 6930
f 4299/5186/1488 4298/5185/6 4297/5184/1488 
s 6931
f 4297/5184/1488 4300/5187/254 4299/5186/1488 
s 6932
f 4301/5188/254 4299/5186/1488 4300/5187/254 
s 6933
f 4301/5188/254 4300/5187/254 4298/5189/1489 
s 6934
f 4296/5190/1489 4298/5189/1489 4300/5187/254 
s 6935
f 4302/5191/1473 4097/5192/1474 4303/5193/1490 
s 6936
f 4094/5194/1490 4303/5193/1490 4097/5192/1474 
s 6937
f 4303/5193/1490 4094/5194/1490 4304/5195/1476 
s 6938
f 4095/5196/1491 4304/5195/1476 4094/5194/1490 
s 6939
f 4304/5195/1476 4095/5196/1491 4302/5197/1478 
s 6940
f 4097/5198/1478 4302/5197/1478 4095/5196/1491 
s 6941
f 4099/5199/1487 4107/5200/1492 4305/5201/1487 
s 6942
f 4306/5202/1493 4305/5201/1487 4107/5200/1492 
s 6943
f 4107/5200/1492 4100/5203/1494 4306/5202/1493 
s 6944
f 4307/5204/1486 4306/5202/1493 4100/5203/1494 
s 6945
f 4100/5203/1494 4099/5205/1495 4307/5204/1486 
s 6946
f 4305/5206/1496 4307/5204/1486 4099/5205/1495 
# 0 polygons - 6946 triangles