# 3ds Max Wavefront OBJ Exporter v0.97b - (c)2007 guruware
# File Created: 03.04.2017 21:29:34

mtllib tunnel.mtl

#
# object Mesh_787
#

v  -7.8774 0.0000 2.7588
v  -7.8774 1.3650 5.5422
v  -7.8774 0.0000 5.5422
v  -7.8774 1.3650 2.7588
v  -7.8774 0.0000 -0.0246
v  -7.8774 1.3650 -0.0246
v  -7.8774 0.0000 -2.8080
v  -7.8774 1.3650 -2.8080
v  -7.8774 0.0000 -5.5914
v  -7.8774 1.3650 -5.5914
v  -7.8775 0.0000 -8.0720
v  -7.8775 1.3650 -8.0720
v  -7.8775 0.0000 -11.4702
v  -7.8775 1.3650 -11.4702
v  -8.1380 1.5925 -8.0720
v  -8.1380 1.5925 -11.4702
v  -8.1379 1.5925 -5.5914
v  -8.1379 1.5925 -2.8080
v  -8.1379 1.5925 -0.0246
v  -8.1379 1.5925 2.7588
v  -8.1379 1.5925 5.5422
v  -8.1379 1.5925 8.3256
v  -7.8774 1.3650 8.3256
v  -7.8774 0.0000 8.3256
v  7.8822 1.3650 2.7588
v  8.1427 1.5925 -0.0246
v  7.8822 1.3650 -0.0246
v  8.1427 1.5925 2.7588
v  7.8822 1.3650 5.5422
v  8.1427 1.5925 5.5422
v  7.8822 1.3650 8.9865
v  8.1427 1.5925 8.9865
v  7.8822 0.0000 -5.5914
v  7.8822 1.3650 -8.0720
v  7.8822 0.0000 -8.0720
v  7.8822 1.3650 -5.5914
v  7.8822 0.0000 -2.8080
v  7.8822 1.3650 -2.8080
v  7.8822 0.0000 -0.0246
v  7.8822 0.0000 2.7588
v  7.8822 0.0000 5.5422
v  7.8822 0.0000 8.9865
v  7.8822 1.3650 -11.4702
v  7.8822 0.0000 -11.4702
v  8.1427 1.5925 -11.4702
v  8.1427 1.5925 -8.0720
v  8.1427 1.5925 -5.5914
v  8.1427 1.5925 -2.8080
v  8.1427 1.5925 8.8899
v  7.8822 1.3650 10.9267
v  8.1427 1.5925 10.9267
v  7.8822 1.3650 8.8899
v  7.8822 -0.0000 10.9267
v  7.8822 -0.0000 8.8899
v  -8.1380 1.5925 10.8380
v  -7.8775 1.3650 8.3177
v  -8.1380 1.5925 8.3177
v  -7.8775 1.3650 10.8380
v  -7.8775 -0.0000 8.3177
v  -7.8775 -0.0000 10.8380
v  8.1427 1.5925 -9.4907
v  7.9863 2.4676 -11.3044
v  8.1427 1.5925 -11.3044
v  7.9863 2.4676 -9.4907
v  7.5231 3.8012 -11.3044
v  8.1427 1.5925 -7.6771
v  7.5231 3.8012 -9.4907
v  6.7708 5.0303 -11.3044
v  7.9863 2.4676 -7.6771
v  8.1427 1.5925 -5.8634
v  7.9863 2.4676 -5.8634
v  8.1427 1.5925 -4.0498
v  7.9863 2.4676 -4.0498
v  8.1427 1.5925 -2.2361
v  7.9863 2.4676 -2.2361
v  7.5231 3.8012 -4.0498
v  7.5231 3.8012 -5.8634
v  7.5231 3.8012 -7.6771
v  6.7708 5.0303 -9.4907
v  5.7584 6.1076 -11.3044
v  5.7584 6.1076 -9.4907
v  5.7584 6.1076 -7.6771
v  4.5249 6.9917 -9.4907
v  6.7708 5.0303 -7.6771
v  6.7708 5.0303 -5.8634
v  6.7708 5.0303 -4.0498
v  7.5231 3.8012 -2.2361
v  6.7708 5.0303 -2.2361
v  5.7584 6.1076 -5.8634
v  4.5249 6.9917 -7.6771
v  4.5249 6.9917 -5.8634
v  3.1175 7.6487 -7.6771
v  3.1175 7.6487 -5.8634
v  1.5905 8.0532 -7.6771
v  1.5905 8.0532 -5.8634
v  0.0024 8.1898 -7.6771
v  0.0024 8.1898 -5.8634
v  -1.5857 8.0532 -7.6771
v  5.7584 6.1076 -4.0498
v  4.5249 6.9917 -4.0498
v  3.1175 7.6487 -4.0498
v  1.5905 8.0532 -4.0498
v  5.7584 6.1076 -2.2361
v  4.5249 6.9917 -2.2361
v  3.1175 7.6487 -2.2361
v  6.7708 5.0303 -0.4225
v  5.7584 6.1076 -0.4225
v  4.5249 6.9917 -0.4225
v  6.7708 5.0303 1.3912
v  5.7584 6.1076 1.3912
v  6.7708 5.0303 3.2048
v  7.5231 3.8012 -0.4225
v  7.5231 3.8012 1.3912
v  7.5231 3.8012 3.2048
v  7.5231 3.8012 5.0185
v  7.9863 2.4676 6.8321
v  7.9863 2.4676 5.0185
v  7.9863 2.4676 3.2048
v  7.9863 2.4676 1.3912
v  7.9863 2.4676 -0.4225
v  8.1427 1.5925 -0.4225
v  8.1427 1.5925 1.3912
v  8.1427 1.5925 3.2048
v  8.1427 1.5925 5.0185
v  8.1427 1.5925 6.8321
v  8.1427 1.5925 8.6458
v  7.9863 2.4676 8.6458
v  8.1427 1.5925 10.4594
v  7.9863 2.4676 10.4594
v  7.5231 3.8012 6.8321
v  6.7708 5.0303 5.0185
v  5.7584 6.1076 3.2048
v  4.5249 6.9917 1.3912
v  4.5249 6.9917 3.2048
v  5.7584 6.1076 5.0185
v  6.7708 5.0303 6.8321
v  7.5231 3.8012 8.6458
v  7.5231 3.8012 10.4594
v  6.7708 5.0303 8.6458
v  6.7708 5.0303 10.4594
v  5.7584 6.1076 6.8321
v  4.5249 6.9917 5.0185
v  3.1175 7.6487 3.2048
v  3.1175 7.6487 1.3912
v  1.5905 8.0532 1.3912
v  4.5249 6.9917 6.8321
v  3.1175 7.6487 5.0185
v  1.5905 8.0532 3.2048
v  0.0024 8.1898 1.3912
v  0.0024 8.1898 -0.4225
v  -1.5857 8.0532 -0.4225
v  -1.5857 8.0532 -2.2361
v  -3.1127 7.6487 -2.2361
v  3.1175 7.6487 6.8321
v  1.5905 8.0532 5.0185
v  0.0024 8.1898 3.2048
v  -1.5857 8.0532 1.3912
v  -3.1127 7.6487 -0.4225
v  -4.5201 6.9917 -2.2361
v  -1.5857 8.0532 3.2048
v  0.0024 8.1898 5.0185
v  1.5905 8.0532 6.8321
v  3.1175 7.6487 8.6458
v  4.5249 6.9917 8.6458
v  4.5249 6.9917 10.4594
v  3.1175 7.6487 10.4594
v  1.5905 8.0532 8.6458
v  0.0024 8.1898 6.8321
v  -1.5857 8.0532 5.0185
v  -1.5857 8.0532 6.8321
v  0.0024 8.1898 8.6458
v  -1.5857 8.0532 8.6458
v  -3.1127 7.6487 8.6458
v  -3.1127 7.6487 6.8321
v  -3.1127 7.6487 5.0185
v  -3.1127 7.6487 3.2048
v  1.5905 8.0532 10.4594
v  0.0024 8.1898 10.4594
v  -1.5857 8.0532 10.4594
v  -3.1127 7.6487 10.4594
v  -4.5201 6.9917 8.6458
v  -4.5201 6.9917 6.8321
v  -5.7537 6.1076 5.0185
v  -5.7537 6.1076 6.8321
v  -5.7537 6.1076 8.6458
v  -4.5201 6.9917 10.4594
v  -6.7661 5.0303 -0.4225
v  -5.7537 6.1076 1.3912
v  -6.7661 5.0303 1.3912
v  -5.7537 6.1076 3.2048
v  -6.7661 5.0303 3.2048
v  -6.7661 5.0303 5.0185
v  -6.7661 5.0303 6.8321
v  -6.7661 5.0303 8.6458
v  -5.7537 6.1076 10.4594
v  -7.5183 3.8012 -2.2361
v  -7.5183 3.8012 -0.4225
v  -7.5183 3.8012 1.3912
v  -7.5183 3.8012 3.2048
v  -7.5183 3.8012 5.0185
v  -7.5183 3.8012 6.8321
v  -7.9815 2.4676 8.6458
v  -7.5183 3.8012 10.4594
v  -7.9815 2.4676 10.4594
v  -7.5183 3.8012 8.6458
v  -7.9815 2.4676 6.8321
v  -7.9815 2.4676 5.0185
v  -7.9815 2.4676 3.2048
v  -7.9815 2.4676 1.3912
v  -8.1379 1.5925 3.2048
v  -8.1379 1.5925 5.0185
v  -8.1379 1.5925 6.8321
v  -8.1379 1.5925 8.6458
v  -8.1379 1.5925 10.4594
v  -6.7661 5.0303 10.4594
v  -3.1127 7.6487 1.3912
v  -4.5201 6.9917 5.0185
v  -4.5201 6.9917 3.2048
v  -4.5201 6.9917 1.3912
v  -4.5201 6.9917 -0.4225
v  -5.7537 6.1076 -4.0498
v  -5.7537 6.1076 -2.2361
v  -5.7537 6.1076 -0.4225
v  -4.5201 6.9917 -4.0498
v  -5.7537 6.1076 -5.8635
v  -6.7660 5.0303 -5.8635
v  -6.7661 5.0303 -4.0498
v  -6.7661 5.0303 -2.2361
v  -5.7537 6.1076 -7.6771
v  -4.5201 6.9917 -5.8634
v  -6.7660 5.0303 -7.6771
v  -7.5183 3.8012 -7.6771
v  -7.5183 3.8012 -5.8635
v  -7.5183 3.8012 -4.0498
v  -7.9815 2.4676 -0.4225
v  -7.9815 2.4676 -2.2362
v  -7.9815 2.4676 -4.0498
v  -7.9815 2.4676 -5.8635
v  -7.9815 2.4676 -7.6771
v  -8.1379 1.5925 -5.8635
v  -8.1379 1.5925 -4.0498
v  -8.1379 1.5925 -2.2362
v  -8.1379 1.5925 -0.4225
v  -8.1379 1.5925 1.3912
v  -7.5183 3.8012 -11.3044
v  -6.7660 5.0303 -9.4908
v  -7.5183 3.8012 -9.4908
v  -7.9815 2.4676 -11.3044
v  -7.9815 2.4676 -9.4908
v  -8.1379 1.5925 -11.3044
v  -8.1379 1.5925 -9.4908
v  -8.1379 1.5925 -7.6771
v  -5.7537 6.1076 -9.4908
v  -4.5201 6.9917 -7.6771
v  -4.5201 6.9917 -9.4908
v  -3.1127 7.6487 -7.6771
v  -3.1127 7.6487 -5.8634
v  -1.5857 8.0532 -5.8634
v  -3.1127 7.6487 -9.4908
v  -4.5201 6.9917 -11.3044
v  -5.7537 6.1076 -11.3044
v  -6.7660 5.0303 -11.3044
v  3.1175 7.6487 -0.4225
v  1.5905 8.0532 -2.2361
v  0.0024 8.1898 -4.0498
v  -1.5857 8.0532 -4.0498
v  0.0024 8.1898 -2.2361
v  1.5905 8.0532 -0.4225
v  -3.1127 7.6487 -4.0498
v  4.5249 6.9917 -11.3044
v  3.1175 7.6487 -11.3044
v  3.1175 7.6487 -9.4907
v  1.5905 8.0532 -11.3044
v  1.5905 8.0532 -9.4908
v  0.0024 8.1898 -11.3044
v  0.0024 8.1898 -9.4908
v  -1.5857 8.0532 -11.3044
v  -1.5857 8.0532 -9.4908
v  -3.1127 7.6487 -11.3044
v  5.7584 6.1076 8.6458
v  5.7584 6.1076 10.4594
v  7.9815 2.4676 -11.2766
v  7.5183 3.8012 -12.2752
v  7.5183 3.8012 -11.2766
v  7.9815 2.4676 -12.2752
v  8.1379 1.5925 -11.2766
v  8.1379 1.5925 -12.2752
v  8.1379 0.0000 -11.2766
v  8.1379 0.0000 -12.2752
v  3.1128 7.6487 -11.2767
v  1.5857 8.0532 -12.2752
v  1.5857 8.0532 -11.2766
v  3.1128 7.6487 -12.2752
v  4.5201 6.9917 -11.2767
v  4.5201 6.9917 -12.2752
v  5.7537 6.1076 -11.2767
v  5.7537 6.1076 -12.2752
v  6.7661 5.0303 -11.2766
v  6.7661 5.0303 -12.2752
v  7.3960 2.3507 -12.2752
v  6.9621 3.6000 -12.2752
v  7.5031 1.5925 -12.2752
v  7.5031 0.0000 -12.2752
v  2.8824 7.1629 -12.2752
v  1.4683 7.5375 -12.2752
v  4.1857 6.5545 -12.2752
v  5.3280 5.7358 -12.2752
v  6.2655 4.7382 -12.2752
v  -5.7584 6.1076 -12.2752
v  -4.1904 6.5545 -12.2752
v  -5.3328 5.7358 -12.2752
v  -4.5248 6.9917 -12.2752
v  -2.8872 7.1629 -12.2752
v  -3.1175 7.6487 -12.2752
v  -1.4730 7.5375 -12.2752
v  -1.5904 8.0532 -12.2752
v  -0.0024 7.6640 -12.2752
v  -0.0024 8.1898 -12.2752
v  -8.1427 1.5925 -12.2752
v  -7.5079 0.0000 -12.2752
v  -8.1427 0.0000 -12.2752
v  -7.5079 1.5925 -12.2752
v  -7.4007 2.3507 -12.2752
v  -7.9863 2.4676 -12.2752
v  -6.9668 3.6000 -12.2752
v  -7.5230 3.8012 -12.2752
v  -6.2702 4.7382 -12.2752
v  -6.7708 5.0303 -12.2752
v  -6.9668 3.6000 -11.2767
v  -7.4008 2.3507 -11.2766
v  -7.5079 1.5925 -11.2766
v  -7.5079 0.0000 -11.2766
v  -1.4731 7.5375 -11.2766
v  -1.4731 7.5375 -12.2752
v  -2.8872 7.1629 -11.2767
v  -4.1904 6.5546 -12.2752
v  -4.1904 6.5546 -11.2766
v  -5.3328 5.7358 -11.2766
v  -6.2702 4.7382 -11.2767
v  5.3280 5.7358 -11.2766
v  4.1857 6.5546 -12.2752
v  4.1857 6.5546 -11.2767
v  2.8824 7.1629 -11.2767
v  1.4683 7.5375 -11.2766
v  -0.0024 7.6640 -11.2767
v  7.5031 1.5925 -11.2766
v  7.5031 0.0000 -11.2766
v  7.3960 2.3507 -11.2766
v  6.9621 3.6000 -11.2766
v  6.2655 4.7382 -11.2767
v  -7.5183 3.8012 -4.8412
v  -7.3960 2.3507 -4.8412
v  -6.9621 3.6000 -4.8412
v  -7.9815 2.4676 -4.8412
v  -7.5031 1.5925 -4.8412
v  -8.1379 1.5925 -4.8412
v  -8.1379 0.0000 -4.8412
v  -7.5031 0.0000 -4.8412
v  -1.5857 8.0532 -4.8412
v  -2.8824 7.1629 -4.8412
v  -1.4683 7.5375 -4.8412
v  -3.1128 7.6487 -4.8412
v  -4.1857 6.5545 -4.8412
v  -4.5201 6.9917 -4.8412
v  -5.3280 5.7358 -4.8412
v  -5.7537 6.1076 -4.8412
v  -6.2655 4.7382 -4.8412
v  -6.7661 5.0303 -4.8412
v  5.7584 6.1076 -4.8412
v  4.1904 6.5545 -4.8412
v  5.3328 5.7358 -4.8412
v  4.5249 6.9917 -4.8412
v  2.8872 7.1629 -4.8412
v  3.1175 7.6487 -4.8412
v  1.4730 7.5375 -4.8412
v  1.5904 8.0532 -4.8412
v  0.0024 7.6640 -4.8412
v  0.0024 8.1898 -4.8412
v  8.1427 1.5925 -4.8412
v  7.5079 0.0000 -4.8412
v  8.1427 0.0000 -4.8412
v  7.5079 1.5925 -4.8412
v  7.4007 2.3507 -4.8412
v  7.9863 2.4676 -4.8412
v  6.9668 3.6000 -4.8412
v  7.5230 3.8012 -4.8412
v  6.2702 4.7382 -4.8412
v  6.7708 5.0303 -4.8412
v  6.9668 3.6000 -5.5793
v  7.4007 2.3507 -5.5793
v  7.5079 1.5925 -5.5793
v  7.5079 0.0000 -5.5793
v  1.4730 7.5375 -5.5793
v  2.8872 7.1629 -5.5793
v  4.1904 6.5545 -5.5793
v  5.3328 5.7358 -5.5793
v  6.2702 4.7382 -5.5793
v  -5.3280 5.7358 -5.5793
v  -4.1857 6.5545 -5.5793
v  -2.8824 7.1629 -5.5793
v  -1.4683 7.5375 -5.5793
v  0.0024 7.6640 -5.5793
v  -7.5031 1.5925 -5.5793
v  -7.5031 0.0000 -5.5793
v  -7.3960 2.3507 -5.5793
v  -6.9621 3.6000 -5.5793
v  -6.2655 4.7382 -5.5793
v  -7.5183 3.8012 3.4076
v  -7.3960 2.3507 3.4076
v  -6.9621 3.6000 3.4076
v  -7.9815 2.4676 3.4076
v  -7.5031 1.5925 3.4076
v  -8.1379 1.5925 3.4076
v  -8.1379 0.0000 3.4076
v  -7.5031 0.0000 3.4076
v  -1.5857 8.0532 3.4076
v  -2.8824 7.1629 3.4076
v  -1.4683 7.5375 3.4076
v  -3.1128 7.6487 3.4076
v  -4.1857 6.5545 3.4076
v  -4.5201 6.9917 3.4076
v  -5.3280 5.7358 3.4076
v  -5.7537 6.1076 3.4076
v  -6.2655 4.7382 3.4076
v  -6.7661 5.0303 3.4076
v  5.7584 6.1076 3.4076
v  4.1904 6.5545 3.4076
v  5.3328 5.7358 3.4076
v  4.5249 6.9917 3.4076
v  2.8872 7.1629 3.4076
v  3.1175 7.6487 3.4076
v  1.4730 7.5375 3.4076
v  1.5904 8.0532 3.4076
v  0.0024 7.6640 3.4076
v  0.0024 8.1898 3.4076
v  8.1427 1.5925 3.4076
v  7.5079 0.0000 3.4076
v  8.1427 0.0000 3.4076
v  7.5079 1.5925 3.4076
v  7.4007 2.3507 3.4076
v  7.9863 2.4676 3.4076
v  6.9668 3.6000 3.4076
v  7.5230 3.8012 3.4076
v  6.2702 4.7382 3.4076
v  6.7708 5.0303 3.4076
v  6.9668 3.6000 2.6696
v  7.4007 2.3507 2.6696
v  7.5079 1.5925 2.6696
v  7.5079 0.0000 2.6696
v  1.4730 7.5375 2.6696
v  2.8872 7.1629 2.6696
v  4.1904 6.5545 2.6696
v  5.3328 5.7358 2.6696
v  6.2702 4.7382 2.6696
v  -5.3280 5.7358 2.6696
v  -4.1857 6.5545 2.6696
v  -2.8824 7.1629 2.6696
v  -1.4683 7.5375 2.6696
v  0.0024 7.6640 2.6696
v  -7.5031 1.5925 2.6696
v  -7.5031 0.0000 2.6696
v  -7.3960 2.3507 2.6696
v  -6.9621 3.6000 2.6696
v  -6.2655 4.7382 2.6696
v  -7.5183 3.8012 11.4210
v  -7.3960 2.3506 11.4210
v  -6.9621 3.6000 11.4210
v  -7.9815 2.4675 11.4210
v  -7.5032 1.5925 11.4210
v  -8.1380 1.5925 11.4210
v  -8.1380 -0.0000 11.4210
v  -7.5032 -0.0000 11.4210
v  -1.5857 8.0532 11.4210
v  -2.8824 7.1629 11.4210
v  -1.4683 7.5375 11.4210
v  -3.1128 7.6486 11.4210
v  -4.1857 6.5545 11.4210
v  -4.5202 6.9917 11.4210
v  -5.3280 5.7358 11.4210
v  -5.7537 6.1076 11.4210
v  -6.2655 4.7381 11.4210
v  -6.7661 5.0303 11.4210
v  5.7584 6.1076 11.4210
v  4.1904 6.5545 11.4210
v  5.3327 5.7358 11.4210
v  4.5248 6.9917 11.4210
v  2.8871 7.1629 11.4210
v  3.1175 7.6486 11.4210
v  1.4730 7.5375 11.4210
v  1.5904 8.0532 11.4210
v  0.0023 7.6640 11.4210
v  0.0023 8.1898 11.4210
v  8.1427 1.5925 11.4210
v  7.5078 -0.0000 11.4210
v  8.1427 -0.0000 11.4210
v  7.5078 1.5925 11.4210
v  7.4007 2.3506 11.4210
v  7.9862 2.4675 11.4210
v  6.9668 3.6000 11.4210
v  7.5230 3.8012 11.4210
v  6.2702 4.7381 11.4210
v  6.7708 5.0303 11.4210
v  6.9668 3.6000 10.4225
v  7.4007 2.3507 11.4210
v  7.4007 2.3507 10.4225
v  7.5079 1.5925 11.4210
v  7.5079 1.5925 10.4225
v  7.5079 -0.0000 10.4225
v  7.5079 -0.0000 11.4210
v  1.4730 7.5375 10.4225
v  2.8872 7.1629 11.4210
v  2.8872 7.1629 10.4225
v  4.1904 6.5545 10.4225
v  5.3327 5.7358 10.4225
v  6.2702 4.7382 11.4210
v  6.2702 4.7382 10.4225
v  -5.3280 5.7358 10.4225
v  -4.1857 6.5545 10.4225
v  -2.8824 7.1629 10.4225
v  -1.4683 7.5375 10.4225
v  0.0024 7.6640 11.4210
v  0.0024 7.6640 10.4225
v  -7.5032 1.5925 10.4225
v  -7.5032 -0.0000 10.4225
v  -7.3960 2.3507 11.4210
v  -7.3960 2.3507 10.4225
v  -6.9621 3.6000 10.4225
v  -6.2655 4.7382 11.4210
v  -6.2655 4.7382 10.4225
v  8.1427 -0.0000 10.4225
v  8.1427 1.5925 10.4225
v  7.9863 2.4675 10.4225
v  7.5230 3.8012 10.4225
v  6.2702 4.7381 10.4225
v  6.7708 5.0303 10.4225
v  5.3328 5.7358 10.4225
v  5.7584 6.1076 10.4225
v  4.5249 6.9917 10.4225
v  3.1175 7.6486 10.4225
v  1.5904 8.0532 10.4225
v  0.0024 8.1898 10.4225
v  -1.5857 8.0532 10.4225
v  -3.1128 7.6486 10.4225
v  -4.5201 6.9917 10.4225
v  -5.7537 6.1076 10.4225
v  -6.2655 4.7381 10.4225
v  -6.7661 5.0303 10.4225
v  -7.5183 3.8012 10.4225
v  -7.9815 2.4675 10.4225
v  -7.5031 1.5925 10.4225
v  -8.1379 1.5925 10.4225
v  -7.5031 -0.0000 10.4225
v  -8.1379 -0.0000 10.4225
v  7.9863 2.4675 11.4210
v  4.5249 6.9917 11.4210
v  0.0024 8.1898 11.4210
v  -4.5201 6.9917 11.4210
v  -8.1379 1.5925 11.4210
v  -8.1379 -0.0000 11.4210
v  8.1427 0.0000 2.6696
v  8.1427 1.5925 2.6696
v  7.9863 2.4676 2.6696
v  7.5230 3.8012 2.6696
v  6.7708 5.0303 2.6696
v  5.7584 6.1076 2.6696
v  4.5249 6.9917 2.6696
v  3.1175 7.6487 2.6696
v  1.5904 8.0532 2.6696
v  0.0024 8.1898 2.6696
v  -1.5857 8.0532 2.6696
v  -3.1128 7.6487 2.6696
v  -4.5201 6.9917 2.6696
v  -5.7537 6.1076 2.6696
v  -6.7661 5.0303 2.6696
v  -7.5183 3.8012 2.6696
v  -7.9815 2.4676 2.6696
v  -8.1379 1.5925 2.6696
v  -8.1379 0.0000 2.6696
v  8.1427 0.0000 -5.5793
v  8.1427 1.5925 -5.5793
v  7.9863 2.4676 -5.5793
v  7.5230 3.8012 -5.5793
v  6.7708 5.0303 -5.5793
v  5.7584 6.1076 -5.5793
v  4.5249 6.9917 -5.5793
v  3.1175 7.6487 -5.5793
v  1.5904 8.0532 -5.5793
v  0.0024 8.1898 -5.5793
v  -1.5857 8.0532 -5.5793
v  -3.1128 7.6487 -5.5793
v  -4.5201 6.9917 -5.5793
v  -5.7537 6.1076 -5.5793
v  -6.7661 5.0303 -5.5793
v  -7.5183 3.8012 -5.5793
v  -7.9815 2.4676 -5.5793
v  -8.1379 1.5925 -5.5793
v  -8.1379 0.0000 -5.5793
v  -8.1427 0.0000 -11.2766
v  -8.1427 1.5925 -11.2766
v  -7.9863 2.4676 -11.2766
v  -6.9669 3.6000 -11.2767
v  -7.5231 3.8012 -11.2766
v  -6.7708 5.0303 -11.2767
v  -5.7585 6.1076 -11.2767
v  -4.1904 6.5545 -11.2766
v  -4.5249 6.9917 -11.2766
v  -3.1175 7.6487 -11.2767
v  -1.5905 8.0532 -11.2766
v  -0.0024 8.1898 -11.2767
v  3.1127 7.6487 -11.2767
v  4.1856 6.5545 -11.2767
v  5.3279 5.7358 -11.2766
v  6.2654 4.7382 -11.2767
v  6.7660 5.0303 -11.2766
v  -7.5230 3.8012 -11.2766
v  -5.7584 6.1076 -11.2767
v  -1.5904 8.0532 -11.2766
v  -7.8775 0.0000 2.7588
v  -7.8775 0.0000 5.5422
v  -7.8775 1.3650 5.5422
v  -7.8775 1.3650 2.7588
v  -7.8775 0.0000 -0.0246
v  -7.8775 1.3650 -0.0246
v  -7.8775 0.0000 -2.8080
v  -7.8775 1.3650 -2.8080
v  -7.8775 0.0000 -5.5914
v  -7.8775 1.3650 -5.5914
v  -7.8775 1.3650 8.3256
v  -7.8775 0.0000 8.3256
v  7.8822 1.3650 8.9864
v  8.1427 1.5925 8.9864
v  7.8822 0.0000 8.9864
v  8.1427 1.5925 10.9266
v  7.8822 1.3650 10.9266
v  7.8822 -0.0000 10.9266
v  7.9863 2.4675 -11.3044
v  7.9863 2.4675 -9.4907
v  7.9863 2.4675 -7.6771
v  7.9863 2.4675 -5.8634
v  7.9863 2.4675 -4.0498
v  7.9863 2.4675 -2.2361
v  5.7584 6.1076 -9.4908
v  1.5905 8.0532 -5.8635
v  0.0024 8.1898 -5.8635
v  7.5230 3.8012 1.3912
v  7.9863 2.4675 6.8321
v  7.9863 2.4675 5.0185
v  7.9863 2.4675 3.2048
v  7.9863 2.4675 1.3912
v  7.9863 2.4675 -0.4225
v  7.9863 2.4675 8.6458
v  7.9863 2.4675 10.4594
v  7.5230 3.8012 6.8321
v  7.5230 3.8012 8.6458
v  7.5230 3.8012 10.4594
v  -3.1128 7.6487 8.6458
v  -3.1128 7.6487 6.8321
v  -3.1128 7.6487 5.0185
v  -3.1128 7.6487 10.4594
v  -5.7537 6.1076 5.0184
v  -7.5183 3.8012 -2.2362
v  -7.9815 2.4675 8.6458
v  -7.9815 2.4675 10.4594
v  -7.9815 2.4675 6.8321
v  -7.9815 2.4675 5.0184
v  -7.9815 2.4675 3.2048
v  -7.9815 2.4675 1.3911
v  -8.1379 1.5925 5.0184
v  -5.7537 6.1076 -2.2362
v  -6.7661 5.0303 -5.8635
v  -6.7661 5.0303 -2.2362
v  -4.5201 6.9917 -5.8635
v  -6.7661 5.0303 -7.6771
v  -7.9815 2.4675 -0.4225
v  -7.9815 2.4675 -2.2362
v  -7.9815 2.4675 -4.0498
v  -7.9815 2.4675 -5.8635
v  -7.9815 2.4675 -7.6771
v  -8.1379 1.5925 1.3911
v  -6.7661 5.0303 -9.4908
v  -7.9815 2.4675 -11.3044
v  -7.9815 2.4675 -9.4908
v  -3.1127 7.6487 -5.8635
v  -1.5857 8.0532 -5.8635
v  -6.7661 5.0303 -11.3044
v  3.1175 7.6487 -9.4908
v  7.9815 2.4675 -11.2767
v  7.5183 3.8012 -11.2767
v  7.9815 2.4675 -12.2752
v  8.1379 1.5925 -11.2767
v  8.1379 0.0000 -11.2767
v  1.5857 8.0532 -11.2767
v  3.1127 7.6487 -12.2752
v  6.7660 5.0303 -11.2767
v  4.1856 6.5545 -12.2752
v  6.2654 4.7382 -12.2752
v  -4.5249 6.9917 -12.2752
v  -1.5905 8.0532 -12.2752
v  -7.4008 2.3507 -12.2752
v  -7.9863 2.4675 -12.2752
v  -7.5231 3.8012 -12.2752
v  -6.9669 3.6000 -12.2752
v  -7.4008 2.3507 -11.2767
v  -7.5079 1.5925 -11.2767
v  -7.5079 0.0000 -11.2767
v  -1.4731 7.5375 -11.2767
v  -4.1904 6.5545 -11.2767
v  -5.3328 5.7358 -11.2767
v  5.3279 5.7358 -11.2767
v  5.3279 5.7358 -12.2752
v  1.4683 7.5375 -11.2767
v  7.5031 1.5925 -11.2767
v  7.5031 0.0000 -11.2767
v  7.3960 2.3507 -11.2767
v  6.9621 3.6000 -11.2767
v  -7.9815 2.4675 -4.8412
v  2.8871 7.1629 -4.8412
v  7.9863 2.4675 -4.8412
v  2.8871 7.1629 -5.5793
v  0.0023 7.6640 -5.5793
v  -7.9815 2.4675 3.4076
v  4.5248 6.9917 3.4076
v  2.8871 7.1629 3.4076
v  7.9863 2.4675 3.4076
v  2.8871 7.1629 2.6696
v  -7.9816 2.4675 11.4210
v  -2.8825 7.1629 11.4210
v  -6.7661 5.0302 11.4210
v  6.7708 5.0302 11.4210
v  7.4007 2.3507 10.4224
v  7.5079 1.5925 10.4224
v  7.5079 -0.0000 10.4224
v  1.4730 7.5375 10.4224
v  2.8871 7.1629 10.4225
v  4.1904 6.5545 10.4224
v  5.3327 5.7358 10.4224
v  6.2702 4.7382 10.4224
v  -5.3280 5.7358 10.4224
v  -2.8825 7.1629 10.4225
v  -1.4683 7.5375 10.4224
v  0.0023 7.6640 10.4225
v  -7.5032 1.5925 10.4224
v  -7.5032 -0.0000 10.4224
v  -7.3960 2.3507 10.4224
v  -6.9621 3.6000 10.4224
v  -6.2655 4.7382 10.4224
v  8.1427 -0.0000 10.4224
v  8.1427 1.5925 10.4224
v  7.9862 2.4675 10.4224
v  7.5230 3.8012 10.4224
v  6.2702 4.7381 10.4224
v  6.7708 5.0302 10.4225
v  5.3328 5.7358 10.4224
v  5.7584 6.1076 10.4224
v  4.5248 6.9917 10.4224
v  1.5904 8.0532 10.4224
v  0.0023 8.1898 10.4225
v  -1.5857 8.0532 10.4224
v  -4.5202 6.9917 10.4225
v  -5.7537 6.1076 10.4224
v  -6.2655 4.7381 10.4224
v  -6.7661 5.0302 10.4224
v  -7.5183 3.8012 10.4224
v  -7.9816 2.4675 10.4224
v  -7.5031 1.5925 10.4224
v  -8.1380 1.5925 10.4224
v  -7.5031 -0.0000 10.4224
v  -8.1380 -0.0000 10.4224
v  7.9863 2.4675 2.6696
v  -7.9815 2.4675 2.6696
v  7.9863 2.4675 -5.5793
v  0.0023 8.1898 -5.5793
v  -7.9815 2.4675 -5.5793
v  -8.1427 0.0000 -11.2767
v  -8.1427 1.5925 -11.2767
v  -7.9863 2.4675 -11.2767
v  -7.5231 3.8012 -11.2767
v  -6.7709 5.0303 -11.2767
v  -4.5249 6.9917 -11.2767
v  -1.5905 8.0532 -11.2767
v  6.7661 5.0303 -11.2767
# 781 vertices

vn 1.0000 0.0000 -0.0000
vn 0.9104 0.4136 -0.0000
vn 1.0000 -0.0000 -0.0000
vn 0.6578 0.7532 -0.0000
vn -0.8952 0.4457 -0.0000
vn -0.6578 0.7532 -0.0000
vn -0.9104 0.4136 -0.0000
vn -1.0000 0.0000 0.0000
vn -0.9104 0.4136 0.0000
vn -1.0000 0.0000 -0.0000
vn -0.6578 0.7532 0.0000
vn 0.6578 0.7532 0.0000
vn 0.9104 0.4136 0.0000
vn -0.9844 -0.1760 0.0000
vn -0.9675 -0.2528 0.0000
vn -0.9659 -0.2588 -0.0000
vn -0.9040 -0.4275 0.0000
vn -0.9844 -0.1760 -0.0000
vn -0.9040 -0.4275 -0.0000
vn -0.7950 -0.6066 0.0000
vn -0.9675 -0.2528 -0.0000
vn -0.7950 -0.6066 -0.0000
vn -0.6588 -0.7524 -0.0000
vn -0.5049 -0.8632 -0.0000
vn -0.6588 -0.7524 0.0000
vn -0.3409 -0.9401 -0.0000
vn -0.1715 -0.9852 -0.0000
vn -0.1715 -0.9852 0.0000
vn 0.0000 -1.0000 0.0000
vn 0.1715 -0.9852 0.0000
vn -0.3409 -0.9401 0.0000
vn -0.6829 -0.7305 -0.0000
vn -0.5826 -0.8128 -0.0000
vn -0.5049 -0.8632 0.0000
vn -0.0000 -1.0000 0.0000
vn 0.3409 -0.9401 0.0000
vn 0.5049 -0.8632 0.0000
vn 0.0000 -1.0000 -0.0000
vn 0.6588 -0.7524 0.0000
vn 0.7950 -0.6066 0.0000
vn 0.6588 -0.7524 -0.0000
vn 0.9040 -0.4275 0.0000
vn 0.9040 -0.4275 -0.0000
vn 0.9675 -0.2528 -0.0000
vn 0.9675 -0.2528 0.0000
vn 0.9844 -0.1760 0.0000
vn 0.9844 -0.1760 -0.0000
vn 0.5049 -0.8632 -0.0000
vn 0.9675 0.2528 0.0000
vn 0.9446 0.3281 0.0000
vn 0.9234 0.3839 0.0000
vn 0.9598 0.2807 0.0000
vn 0.9961 0.0883 0.0000
vn 0.9844 0.1759 0.0000
vn 1.0000 0.0000 0.0000
vn 0.3409 0.9401 -0.0000
vn 0.1715 0.9852 -0.0000
vn 0.5049 0.8632 -0.0000
vn 0.6588 0.7524 -0.0000
vn 0.6588 0.7524 0.0000
vn 0.7950 0.6066 0.0000
vn 0.7798 0.6260 0.0000
vn 0.8529 0.5220 0.0000
vn -0.0000 0.0000 -1.0000
vn -0.0000 -0.0000 -1.0000
vn 0.0000 -0.0000 -1.0000
vn 0.0000 0.0000 -1.0000
vn 0.9720 -0.2351 0.0000
vn 0.9975 -0.0701 0.0000
vn 0.4852 -0.8744 0.0000
vn 0.5825 -0.8128 0.0000
vn -0.9975 -0.0701 -0.0000
vn -1.0000 -0.0000 -0.0000
vn -0.9720 -0.2351 -0.0000
vn 0.0000 0.0000 1.0000
vn 0.0000 -0.0000 1.0000
vn -0.0000 -0.0000 1.0000
vn -0.0000 0.0000 1.0000
vn -0.9720 -0.2351 0.0000
vn -0.9641 -0.2655 0.0000
vn -0.9975 -0.0701 0.0000
vn -0.9902 -0.1399 0.0000
vn 0.3409 -0.9401 -0.0000
vn 0.1715 -0.9852 -0.0000
vn 0.9720 -0.2351 -0.0000
vn 0.7950 -0.6066 -0.0000
vn 0.5049 -0.8631 0.0000
vn 0.9961 0.0883 -0.0000
vn 0.9675 0.2528 -0.0000
vn 0.9040 0.4275 -0.0000
vn 0.7950 0.6066 -0.0000
vn 0.0000 1.0000 -0.0000
vn -0.0000 1.0000 -0.0000
vn -0.1715 0.9852 -0.0000
vn -0.3409 0.9401 -0.0000
vn -0.5049 0.8632 -0.0000
vn -0.6588 0.7524 -0.0000
vn -0.6588 0.7524 0.0000
vn -0.7950 0.6066 0.0000
vn -0.9040 0.4275 0.0000
vn -0.9040 0.4275 -0.0000
vn -0.9675 0.2528 -0.0000
vn -0.9961 0.0883 -0.0000
vn -0.7950 0.6066 -0.0000
vn -0.9104 -0.4136 0.0000
vn -0.6578 -0.7532 0.0000
vn 0.8952 -0.4457 0.0000
vn 0.9104 -0.4136 0.0000
vn 0.6578 -0.7532 0.0000
vn 0.9104 -0.4136 -0.0000
vn 0.6578 -0.7532 -0.0000
vn -0.6578 -0.7532 -0.0000
vn -0.9104 -0.4136 -0.0000
vn 0.9844 0.1760 -0.0000
vn 0.9659 0.2588 0.0000
vn 0.9844 0.1760 0.0000
vn 0.9040 0.4275 0.0000
vn 0.5049 0.8632 0.0000
vn 0.3409 0.9401 0.0000
vn 0.1715 0.9852 0.0000
vn 0.6829 0.7305 0.0000
vn 0.5826 0.8128 0.0000
vn -0.9675 0.2528 0.0000
vn -0.9844 0.1760 -0.0000
vn -0.9844 0.1760 0.0000
vn -0.5049 0.8632 0.0000
vn -0.9234 -0.3839 -0.0000
vn -0.9446 -0.3281 -0.0000
vn -0.9598 -0.2807 -0.0000
vn -0.9961 -0.0883 -0.0000
vn -0.7798 -0.6260 -0.0000
vn -0.8529 -0.5220 -0.0000
vn -0.9720 0.2351 -0.0000
vn -0.9975 0.0701 -0.0000
vn -0.4852 0.8744 -0.0000
vn -0.5825 0.8128 -0.0000
vn 0.9975 0.0701 0.0000
vn 0.9720 0.2351 0.0000
vn 0.9720 0.2351 -0.0000
vn 0.9641 0.2655 -0.0000
vn 0.9975 0.0701 -0.0000
vn 0.9902 0.1399 -0.0000
vn -0.3409 0.9401 0.0000
vn -0.1715 0.9852 0.0000
vn -0.0000 1.0000 0.0000
vn -0.9720 0.2351 0.0000
vn -0.5049 0.8631 -0.0000
vn -0.9961 -0.0883 0.0000
vn 0.9961 -0.0883 0.0000
vn 0.6587 -0.7524 0.0000
# 150 vertex normals

vt 0.7668 0.8020 0.0000
vt 0.7980 0.8657 0.0000
vt 0.7668 0.8657 0.0000
vt 0.7980 0.8020 0.0000
vt 0.7668 0.7382 0.0000
vt 0.7980 0.7382 0.0000
vt 0.7668 0.6745 0.0000
vt 0.7980 0.6745 0.0000
vt 0.7668 0.6108 0.0000
vt 0.7980 0.6108 0.0000
vt 0.7668 0.5471 0.0000
vt 0.7980 0.5471 0.0000
vt 0.7668 0.5003 0.0000
vt 0.7980 0.5003 0.0000
vt 0.9153 0.0489 0.0000
vt 0.9094 0.0020 0.0000
vt 0.9153 0.0020 0.0000
vt 0.9094 0.0489 0.0000
vt 0.9153 0.1126 0.0000
vt 0.9094 0.1126 0.0000
vt 0.9153 0.1763 0.0000
vt 0.9094 0.1763 0.0000
vt 0.9153 0.2400 0.0000
vt 0.9094 0.2400 0.0000
vt 0.9153 0.3037 0.0000
vt 0.9094 0.3037 0.0000
vt 0.9153 0.3675 0.0000
vt 0.9094 0.3675 0.0000
vt 0.9153 0.4312 0.0000
vt 0.9094 0.4312 0.0000
vt 0.7980 0.9294 0.0000
vt 0.7668 0.9294 0.0000
vt 0.8040 0.8020 0.0000
vt 0.8040 0.7382 0.0000
vt 0.8040 0.8657 0.0000
vt 0.8040 0.9445 0.0000
vt 0.7980 0.9445 0.0000
vt 0.5028 0.1174 0.0000
vt 0.4715 0.0537 0.0000
vt 0.5028 0.0537 0.0000
vt 0.4715 0.1174 0.0000
vt 0.5028 0.1811 0.0000
vt 0.4715 0.1811 0.0000
vt 0.5028 0.2448 0.0000
vt 0.4715 0.2448 0.0000
vt 0.5028 0.3086 0.0000
vt 0.4715 0.3086 0.0000
vt 0.5028 0.3723 0.0000
vt 0.4715 0.3723 0.0000
vt 0.5028 0.4511 0.0000
vt 0.4715 0.4511 0.0000
vt 0.4715 0.0069 0.0000
vt 0.5028 0.0069 0.0000
vt 0.8040 0.5471 0.0000
vt 0.8040 0.5003 0.0000
vt 0.8040 0.6108 0.0000
vt 0.8040 0.6745 0.0000
vt 0.3894 0.9761 0.0000
vt 0.4361 0.9682 0.0000
vt 0.4361 0.9761 0.0000
vt 0.3894 0.9682 0.0000
vt 0.5318 0.8557 0.0000
vt 0.5631 0.9023 0.0000
vt 0.5318 0.9023 0.0000
vt 0.5631 0.8557 0.0000
vt 0.4238 0.9813 0.0000
vt 0.3661 0.9892 0.0000
vt 0.3661 0.9813 0.0000
vt 0.4238 0.9892 0.0000
vt 0.4124 0.7732 0.0000
vt 0.4437 0.8309 0.0000
vt 0.4124 0.8309 0.0000
vt 0.4437 0.7732 0.0000
vt 0.8781 0.0436 0.0000
vt 0.8578 0.0020 0.0000
vt 0.8781 0.0020 0.0000
vt 0.8578 0.0436 0.0000
vt 0.8258 0.0020 0.0000
vt 0.8781 0.0851 0.0000
vt 0.8258 0.0436 0.0000
vt 0.7951 0.0020 0.0000
vt 0.8578 0.0851 0.0000
vt 0.8781 0.1266 0.0000
vt 0.8578 0.1266 0.0000
vt 0.8781 0.1681 0.0000
vt 0.8578 0.1681 0.0000
vt 0.8781 0.2096 0.0000
vt 0.8578 0.2096 0.0000
vt 0.8258 0.1681 0.0000
vt 0.8258 0.1266 0.0000
vt 0.8258 0.0851 0.0000
vt 0.7951 0.0436 0.0000
vt 0.7668 0.0020 0.0000
vt 0.7668 0.0436 0.0000
vt 0.2635 0.0830 0.0000
vt 0.2353 0.0415 0.0000
vt 0.2635 0.0415 0.0000
vt 0.7951 0.0851 0.0000
vt 0.7668 0.0851 0.0000
vt 0.7951 0.1266 0.0000
vt 0.7951 0.1681 0.0000
vt 0.8258 0.2096 0.0000
vt 0.7951 0.2096 0.0000
vt 0.7668 0.1266 0.0000
vt 0.2635 0.1246 0.0000
vt 0.2353 0.0830 0.0000
vt 0.2353 0.1246 0.0000
vt 0.2031 0.0830 0.0000
vt 0.2031 0.1246 0.0000
vt 0.1681 0.0830 0.0000
vt 0.1681 0.1246 0.0000
vt 0.1318 0.0830 0.0000
vt 0.1318 0.1246 0.0000
vt 0.0954 0.0830 0.0000
vt 0.7668 0.1681 0.0000
vt 0.2635 0.1661 0.0000
vt 0.2353 0.1661 0.0000
vt 0.2031 0.1661 0.0000
vt 0.1681 0.1661 0.0000
vt 0.7668 0.2096 0.0000
vt 0.2635 0.2076 0.0000
vt 0.2353 0.2076 0.0000
vt 0.2031 0.2076 0.0000
vt 0.7951 0.2512 0.0000
vt 0.7668 0.2512 0.0000
vt 0.2635 0.2491 0.0000
vt 0.2353 0.2491 0.0000
vt 0.7951 0.2927 0.0000
vt 0.2635 0.2906 0.0000
vt 0.7668 0.2927 0.0000
vt 0.7951 0.3342 0.0000
vt 0.8258 0.2512 0.0000
vt 0.8258 0.2927 0.0000
vt 0.8258 0.3342 0.0000
vt 0.8258 0.3757 0.0000
vt 0.8578 0.4172 0.0000
vt 0.8578 0.3757 0.0000
vt 0.8578 0.3342 0.0000
vt 0.8578 0.2927 0.0000
vt 0.8578 0.2512 0.0000
vt 0.8781 0.2512 0.0000
vt 0.8781 0.2927 0.0000
vt 0.8781 0.3342 0.0000
vt 0.8781 0.3757 0.0000
vt 0.8781 0.4172 0.0000
vt 0.8781 0.4587 0.0000
vt 0.8578 0.4587 0.0000
vt 0.8781 0.5003 0.0000
vt 0.8578 0.5003 0.0000
vt 0.8258 0.4172 0.0000
vt 0.7951 0.3757 0.0000
vt 0.7668 0.3342 0.0000
vt 0.2353 0.2906 0.0000
vt 0.2635 0.3321 0.0000
vt 0.2353 0.3321 0.0000
vt 0.2635 0.3737 0.0000
vt 0.7668 0.3757 0.0000
vt 0.7951 0.4172 0.0000
vt 0.8258 0.4587 0.0000
vt 0.8258 0.5003 0.0000
vt 0.7951 0.4587 0.0000
vt 0.7951 0.5003 0.0000
vt 0.7668 0.4172 0.0000
vt 0.2635 0.4152 0.0000
vt 0.2353 0.3737 0.0000
vt 0.2031 0.3321 0.0000
vt 0.2031 0.2906 0.0000
vt 0.1681 0.2906 0.0000
vt 0.2353 0.4152 0.0000
vt 0.2031 0.3737 0.0000
vt 0.1681 0.3321 0.0000
vt 0.1318 0.2906 0.0000
vt 0.1318 0.2491 0.0000
vt 0.0954 0.2491 0.0000
vt 0.0954 0.2076 0.0000
vt 0.0605 0.2076 0.0000
vt 0.2031 0.4152 0.0000
vt 0.1681 0.3737 0.0000
vt 0.1318 0.3321 0.0000
vt 0.0954 0.2906 0.0000
vt 0.0605 0.2491 0.0000
vt 0.0282 0.2076 0.0000
vt 0.0954 0.3321 0.0000
vt 0.1318 0.3737 0.0000
vt 0.1681 0.4152 0.0000
vt 0.2031 0.4567 0.0000
vt 0.2353 0.4567 0.0000
vt 0.2353 0.4982 0.0000
vt 0.2031 0.4982 0.0000
vt 0.1681 0.4567 0.0000
vt 0.1318 0.4152 0.0000
vt 0.0954 0.3737 0.0000
vt 0.0954 0.4152 0.0000
vt 0.1318 0.4567 0.0000
vt 0.0954 0.4567 0.0000
vt 0.0605 0.4567 0.0000
vt 0.0605 0.4152 0.0000
vt 0.0605 0.3737 0.0000
vt 0.0605 0.3321 0.0000
vt 0.1681 0.4982 0.0000
vt 0.1318 0.4982 0.0000
vt 0.0954 0.4982 0.0000
vt 0.0605 0.4982 0.0000
vt 0.0282 0.4567 0.0000
vt 0.0282 0.4152 0.0000
vt 0.0000 0.3737 0.0000
vt 0.0000 0.4152 0.0000
vt 0.0000 0.4567 0.0000
vt 0.0282 0.4982 0.0000
vt 0.3704 0.2528 0.0000
vt 0.4043 0.2943 0.0000
vt 0.3704 0.2943 0.0000
vt 0.4043 0.3359 0.0000
vt 0.3704 0.3359 0.0000
vt 0.4043 0.3774 0.0000
vt 0.3704 0.3774 0.0000
vt 0.4043 0.4189 0.0000
vt 0.3704 0.4189 0.0000
vt 0.3704 0.4604 0.0000
vt 0.4043 0.4604 0.0000
vt 0.4043 0.5019 0.0000
vt 0.3381 0.2113 0.0000
vt 0.3381 0.2528 0.0000
vt 0.3381 0.2943 0.0000
vt 0.3381 0.3359 0.0000
vt 0.3381 0.3774 0.0000
vt 0.3381 0.4189 0.0000
vt 0.3086 0.4604 0.0000
vt 0.3381 0.5019 0.0000
vt 0.3086 0.5019 0.0000
vt 0.3381 0.4604 0.0000
vt 0.3086 0.4189 0.0000
vt 0.3086 0.3774 0.0000
vt 0.3086 0.3359 0.0000
vt 0.3086 0.2943 0.0000
vt 0.2916 0.3359 0.0000
vt 0.2916 0.3774 0.0000
vt 0.2916 0.4189 0.0000
vt 0.2916 0.4604 0.0000
vt 0.2916 0.5019 0.0000
vt 0.3704 0.5019 0.0000
vt 0.0605 0.2906 0.0000
vt 0.0282 0.3737 0.0000
vt 0.0282 0.3321 0.0000
vt 0.0282 0.2906 0.0000
vt 0.0282 0.2491 0.0000
vt 0.0000 0.1661 0.0000
vt 0.0000 0.2076 0.0000
vt 0.0000 0.2491 0.0000
vt 0.0000 0.2906 0.0000
vt 0.0000 0.3321 0.0000
vt 0.0282 0.1661 0.0000
vt 0.0000 0.1246 0.0000
vt 0.4043 0.1698 0.0000
vt 0.3704 0.1283 0.0000
vt 0.4043 0.1283 0.0000
vt 0.3704 0.1698 0.0000
vt 0.4043 0.2113 0.0000
vt 0.3704 0.2113 0.0000
vt 0.4043 0.2528 0.0000
vt 0.0000 0.0830 0.0000
vt 0.0282 0.1246 0.0000
vt 0.3704 0.0868 0.0000
vt 0.4043 0.0868 0.0000
vt 0.3381 0.0868 0.0000
vt 0.3381 0.1283 0.0000
vt 0.3381 0.1698 0.0000
vt 0.3086 0.2528 0.0000
vt 0.3086 0.2113 0.0000
vt 0.3086 0.1698 0.0000
vt 0.3086 0.1283 0.0000
vt 0.3086 0.0868 0.0000
vt 0.2916 0.1283 0.0000
vt 0.2916 0.1698 0.0000
vt 0.2916 0.2113 0.0000
vt 0.2916 0.2528 0.0000
vt 0.2916 0.2943 0.0000
vt 0.3381 0.0037 0.0000
vt 0.3704 0.0452 0.0000
vt 0.3381 0.0452 0.0000
vt 0.3086 0.0037 0.0000
vt 0.3086 0.0452 0.0000
vt 0.2916 0.0037 0.0000
vt 0.2916 0.0452 0.0000
vt 0.2916 0.0868 0.0000
vt 0.4043 0.0452 0.0000
vt 0.0000 0.0415 0.0000
vt 0.0282 0.0830 0.0000
vt 0.0282 0.0415 0.0000
vt 0.0605 0.0830 0.0000
vt 0.0605 0.1246 0.0000
vt 0.0954 0.1246 0.0000
vt 0.0605 0.0415 0.0000
vt 0.0282 0.0000 0.0000
vt 0.0000 0.0000 0.0000
vt 0.3704 0.0037 0.0000
vt 0.4043 0.0037 0.0000
vt 0.2031 0.2491 0.0000
vt 0.1681 0.2076 0.0000
vt 0.1318 0.1661 0.0000
vt 0.0954 0.1661 0.0000
vt 0.1318 0.2076 0.0000
vt 0.1681 0.2491 0.0000
vt 0.0605 0.1661 0.0000
vt 0.0000 0.4982 0.0000
vt 0.2353 0.0000 0.0000
vt 0.2635 0.0000 0.0000
vt 0.2031 0.0000 0.0000
vt 0.2031 0.0415 0.0000
vt 0.1681 0.0000 0.0000
vt 0.1681 0.0415 0.0000
vt 0.1318 0.0000 0.0000
vt 0.1318 0.0415 0.0000
vt 0.0954 0.0000 0.0000
vt 0.0954 0.0415 0.0000
vt 0.0605 0.0000 0.0000
vt 0.7668 0.4587 0.0000
vt 0.2635 0.4567 0.0000
vt 0.2635 0.4982 0.0000
vt 0.5759 0.0864 0.0000
vt 0.5531 0.0558 0.0000
vt 0.5759 0.0558 0.0000
vt 0.5531 0.0864 0.0000
vt 0.5759 0.1064 0.0000
vt 0.5531 0.1064 0.0000
vt 0.5759 0.1428 0.0000
vt 0.5531 0.1428 0.0000
vt 0.8420 0.7375 0.0000
vt 0.8191 0.7025 0.0000
vt 0.8420 0.7025 0.0000
vt 0.8191 0.7375 0.0000
vt 0.8420 0.7697 0.0000
vt 0.8191 0.7697 0.0000
vt 0.8420 0.7979 0.0000
vt 0.8191 0.7979 0.0000
vt 0.5759 0.0277 0.0000
vt 0.5531 0.0030 0.0000
vt 0.5759 0.0030 0.0000
vt 0.5531 0.0277 0.0000
vt 0.3582 0.9789 0.0000
vt 0.3249 0.9761 0.0000
vt 0.3535 0.9662 0.0000
vt 0.3276 0.9895 0.0000
vt 0.3076 0.9786 0.0000
vt 0.3076 0.9931 0.0000
vt 0.2711 0.9931 0.0000
vt 0.2711 0.9786 0.0000
vt 0.4555 0.8431 0.0000
vt 0.4351 0.8728 0.0000
vt 0.4437 0.8404 0.0000
vt 0.4462 0.8781 0.0000
vt 0.4212 0.9026 0.0000
vt 0.4312 0.9103 0.0000
vt 0.4024 0.9288 0.0000
vt 0.4110 0.9385 0.0000
vt 0.3796 0.9502 0.0000
vt 0.3863 0.9617 0.0000
vt 0.4110 0.6750 0.0000
vt 0.4212 0.7109 0.0000
vt 0.4024 0.6847 0.0000
vt 0.4312 0.7032 0.0000
vt 0.4351 0.7407 0.0000
vt 0.4462 0.7354 0.0000
vt 0.4437 0.7731 0.0000
vt 0.4555 0.7704 0.0000
vt 0.4466 0.8067 0.0000
vt 0.4586 0.8067 0.0000
vt 0.3076 0.6204 0.0000
vt 0.2711 0.6349 0.0000
vt 0.2711 0.6204 0.0000
vt 0.3076 0.6349 0.0000
vt 0.3249 0.6374 0.0000
vt 0.3276 0.6240 0.0000
vt 0.3535 0.6473 0.0000
vt 0.3582 0.6346 0.0000
vt 0.3796 0.6633 0.0000
vt 0.3863 0.6518 0.0000
vt 0.5528 0.1947 0.0000
vt 0.5300 0.2233 0.0000
vt 0.5300 0.1947 0.0000
vt 0.5528 0.2233 0.0000
vt 0.5300 0.2407 0.0000
vt 0.5528 0.2407 0.0000
vt 0.5528 0.2771 0.0000
vt 0.5300 0.2771 0.0000
vt 0.9239 0.6026 0.0000
vt 0.9011 0.6349 0.0000
vt 0.9011 0.6026 0.0000
vt 0.9239 0.6349 0.0000
vt 0.9011 0.6648 0.0000
vt 0.9239 0.6648 0.0000
vt 0.9011 0.6909 0.0000
vt 0.9239 0.6909 0.0000
vt 0.5528 0.1458 0.0000
vt 0.5300 0.1686 0.0000
vt 0.5300 0.1458 0.0000
vt 0.5528 0.1686 0.0000
vt 0.9239 0.4469 0.0000
vt 0.9011 0.4730 0.0000
vt 0.9011 0.4469 0.0000
vt 0.9239 0.4730 0.0000
vt 0.9011 0.5029 0.0000
vt 0.9239 0.5029 0.0000
vt 0.9011 0.5352 0.0000
vt 0.9239 0.5352 0.0000
vt 0.9011 0.5689 0.0000
vt 0.9239 0.5689 0.0000
vt 0.3214 0.5623 0.0000
vt 0.2850 0.5852 0.0000
vt 0.2850 0.5623 0.0000
vt 0.3214 0.5852 0.0000
vt 0.3388 0.5852 0.0000
vt 0.3388 0.5623 0.0000
vt 0.3674 0.5852 0.0000
vt 0.3674 0.5623 0.0000
vt 0.3934 0.5852 0.0000
vt 0.3934 0.5623 0.0000
vt 0.4163 0.5852 0.0000
vt 0.4163 0.5623 0.0000
vt 0.5591 0.6346 0.0000
vt 0.5923 0.6374 0.0000
vt 0.5637 0.6474 0.0000
vt 0.5896 0.6240 0.0000
vt 0.6097 0.6350 0.0000
vt 0.6097 0.6205 0.0000
vt 0.6461 0.6205 0.0000
vt 0.6461 0.6350 0.0000
vt 0.4618 0.7705 0.0000
vt 0.4821 0.7408 0.0000
vt 0.4736 0.7731 0.0000
vt 0.4710 0.7355 0.0000
vt 0.4961 0.7109 0.0000
vt 0.4861 0.7033 0.0000
vt 0.5148 0.6848 0.0000
vt 0.5063 0.6750 0.0000
vt 0.5377 0.6633 0.0000
vt 0.5310 0.6519 0.0000
vt 0.5063 0.9386 0.0000
vt 0.4961 0.9027 0.0000
vt 0.5148 0.9288 0.0000
vt 0.4861 0.9103 0.0000
vt 0.4821 0.8729 0.0000
vt 0.4710 0.8781 0.0000
vt 0.4736 0.8405 0.0000
vt 0.4618 0.8432 0.0000
vt 0.4707 0.8068 0.0000
vt 0.4586 0.8068 0.0000
vt 0.6097 0.9932 0.0000
vt 0.6461 0.9786 0.0000
vt 0.6461 0.9932 0.0000
vt 0.6097 0.9786 0.0000
vt 0.5923 0.9762 0.0000
vt 0.5896 0.9896 0.0000
vt 0.5637 0.9662 0.0000
vt 0.5591 0.9790 0.0000
vt 0.5377 0.9503 0.0000
vt 0.5310 0.9618 0.0000
vt 0.5508 0.7475 0.0000
vt 0.5676 0.7189 0.0000
vt 0.5676 0.7475 0.0000
vt 0.5508 0.7189 0.0000
vt 0.5676 0.7016 0.0000
vt 0.5508 0.7016 0.0000
vt 0.5508 0.6651 0.0000
vt 0.5676 0.6651 0.0000
vt 0.5779 0.3712 0.0000
vt 0.5948 0.3389 0.0000
vt 0.5948 0.3712 0.0000
vt 0.5779 0.3389 0.0000
vt 0.5948 0.3090 0.0000
vt 0.5779 0.3090 0.0000
vt 0.5948 0.2829 0.0000
vt 0.5779 0.2829 0.0000
vt 0.5508 0.7964 0.0000
vt 0.5676 0.7736 0.0000
vt 0.5676 0.7964 0.0000
vt 0.5508 0.7736 0.0000
vt 0.5779 0.5269 0.0000
vt 0.5948 0.5008 0.0000
vt 0.5948 0.5269 0.0000
vt 0.5779 0.5008 0.0000
vt 0.5948 0.4710 0.0000
vt 0.5779 0.4710 0.0000
vt 0.5948 0.4386 0.0000
vt 0.5779 0.4386 0.0000
vt 0.5948 0.4049 0.0000
vt 0.5779 0.4049 0.0000
vt 0.6014 0.7600 0.0000
vt 0.6183 0.7964 0.0000
vt 0.6014 0.7964 0.0000
vt 0.6183 0.7600 0.0000
vt 0.6183 0.7426 0.0000
vt 0.6014 0.7426 0.0000
vt 0.6183 0.7140 0.0000
vt 0.6014 0.7140 0.0000
vt 0.6183 0.6880 0.0000
vt 0.6014 0.6880 0.0000
vt 0.6183 0.6651 0.0000
vt 0.6014 0.6651 0.0000
vt 0.4618 0.7704 0.0000
vt 0.4821 0.8728 0.0000
vt 0.6097 0.9931 0.0000
vt 0.6461 0.9931 0.0000
vt 0.5310 0.9617 0.0000
vt 0.5845 0.7189 0.0000
vt 0.5845 0.7475 0.0000
vt 0.5845 0.7016 0.0000
vt 0.5845 0.6651 0.0000
vt 0.5028 0.0952 0.0000
vt 0.5197 0.0629 0.0000
vt 0.5197 0.0952 0.0000
vt 0.5028 0.0629 0.0000
vt 0.5197 0.0330 0.0000
vt 0.5028 0.0330 0.0000
vt 0.5197 0.0069 0.0000
vt 0.5845 0.7736 0.0000
vt 0.5845 0.7964 0.0000
vt 0.5028 0.2509 0.0000
vt 0.5197 0.2248 0.0000
vt 0.5197 0.2509 0.0000
vt 0.5028 0.2248 0.0000
vt 0.5197 0.1949 0.0000
vt 0.5028 0.1949 0.0000
vt 0.5197 0.1626 0.0000
vt 0.5028 0.1626 0.0000
vt 0.5197 0.1289 0.0000
vt 0.5028 0.1289 0.0000
vt 0.5631 0.9039 0.0000
vt 0.5800 0.9403 0.0000
vt 0.5631 0.9403 0.0000
vt 0.5800 0.9039 0.0000
vt 0.5800 0.8865 0.0000
vt 0.5631 0.8865 0.0000
vt 0.5800 0.8579 0.0000
vt 0.5631 0.8579 0.0000
vt 0.5800 0.8319 0.0000
vt 0.5631 0.8319 0.0000
vt 0.5800 0.8090 0.0000
vt 0.5631 0.8090 0.0000
vt 0.4822 0.7408 0.0000
vt 0.4822 0.8728 0.0000
vt 0.5528 0.2282 0.0000
vt 0.5757 0.1996 0.0000
vt 0.5757 0.2282 0.0000
vt 0.5528 0.1996 0.0000
vt 0.5757 0.1823 0.0000
vt 0.5528 0.1823 0.0000
vt 0.5757 0.1458 0.0000
vt 0.4487 0.1101 0.0000
vt 0.4715 0.0778 0.0000
vt 0.4715 0.1101 0.0000
vt 0.4487 0.0778 0.0000
vt 0.4715 0.0479 0.0000
vt 0.4487 0.0479 0.0000
vt 0.4715 0.0218 0.0000
vt 0.4487 0.0218 0.0000
vt 0.5757 0.2543 0.0000
vt 0.5757 0.2771 0.0000
vt 0.5528 0.2543 0.0000
vt 0.4487 0.2658 0.0000
vt 0.4715 0.2397 0.0000
vt 0.4715 0.2658 0.0000
vt 0.4487 0.2397 0.0000
vt 0.4715 0.2098 0.0000
vt 0.4487 0.2098 0.0000
vt 0.4715 0.1775 0.0000
vt 0.4487 0.1775 0.0000
vt 0.4715 0.1438 0.0000
vt 0.4487 0.1438 0.0000
vt 0.3798 0.5623 0.0000
vt 0.4163 0.5395 0.0000
vt 0.3798 0.5395 0.0000
vt 0.3625 0.5395 0.0000
vt 0.3625 0.5623 0.0000
vt 0.3339 0.5395 0.0000
vt 0.3339 0.5623 0.0000
vt 0.3078 0.5395 0.0000
vt 0.3078 0.5623 0.0000
vt 0.2850 0.5395 0.0000
vt 0.2712 0.9931 0.0000
vt 0.2712 0.9786 0.0000
vt 0.3250 0.9761 0.0000
vt 0.3277 0.9895 0.0000
vt 0.3536 0.9662 0.0000
vt 0.3796 0.9503 0.0000
vt 0.4025 0.9288 0.0000
vt 0.4463 0.8781 0.0000
vt 0.4466 0.8068 0.0000
vt 0.4587 0.8068 0.0000
vt 0.4463 0.7355 0.0000
vt 0.4025 0.6848 0.0000
vt 0.3536 0.6473 0.0000
vt 0.3250 0.6374 0.0000
vt 0.3277 0.6240 0.0000
vt 0.3076 0.6350 0.0000
vt 0.2712 0.6350 0.0000
vt 0.2712 0.6204 0.0000
vt 0.3110 0.8045 0.0000
vt 0.3338 0.8409 0.0000
vt 0.3110 0.8409 0.0000
vt 0.3338 0.8045 0.0000
vt 0.3110 0.7844 0.0000
vt 0.3338 0.7844 0.0000
vt 0.3110 0.7539 0.0000
vt 0.3338 0.7539 0.0000
vt 0.3110 0.7258 0.0000
vt 0.3338 0.7258 0.0000
vt 0.3110 0.7011 0.0000
vt 0.3338 0.7011 0.0000
vt 0.2687 0.2539 0.0000
vt 0.2916 0.2822 0.0000
vt 0.2687 0.2822 0.0000
vt 0.2916 0.2539 0.0000
vt 0.2687 0.2217 0.0000
vt 0.2916 0.2217 0.0000
vt 0.2687 0.1867 0.0000
vt 0.2916 0.1867 0.0000
vt 0.2687 0.1504 0.0000
vt 0.2916 0.1504 0.0000
vt 0.2687 0.1140 0.0000
vt 0.2916 0.1140 0.0000
vt 0.2687 0.0791 0.0000
vt 0.2916 0.0791 0.0000
vt 0.2687 0.0469 0.0000
vt 0.2916 0.0469 0.0000
vt 0.2687 0.0186 0.0000
vt 0.2916 0.0186 0.0000
vt 0.5759 0.1182 0.0000
vt 0.5988 0.1428 0.0000
vt 0.5988 0.1182 0.0000
vt 0.5759 0.0900 0.0000
vt 0.5988 0.0900 0.0000
vt 0.5759 0.0595 0.0000
vt 0.5988 0.0595 0.0000
vt 0.5759 0.0395 0.0000
vt 0.5988 0.0395 0.0000
vt 0.5988 0.0030 0.0000
vt 0.3077 0.9786 0.0000
vt 0.3077 0.9931 0.0000
vt 0.3797 0.9502 0.0000
vt 0.3864 0.9617 0.0000
vt 0.4313 0.9103 0.0000
vt 0.4352 0.8728 0.0000
vt 0.4556 0.8431 0.0000
vt 0.4587 0.8067 0.0000
vt 0.4556 0.7704 0.0000
vt 0.4352 0.7407 0.0000
vt 0.4463 0.7354 0.0000
vt 0.4313 0.7032 0.0000
vt 0.4025 0.6847 0.0000
vt 0.3797 0.6633 0.0000
vt 0.3864 0.6518 0.0000
vt 0.3077 0.6349 0.0000
vt 0.3077 0.6204 0.0000
vt 0.2712 0.6349 0.0000
vt 0.6461 0.6204 0.0000
vt 0.6097 0.6204 0.0000
vt 0.4618 0.8431 0.0000
vt 0.5531 0.0395 0.0000
vt 0.5302 0.0030 0.0000
vt 0.5302 0.0395 0.0000
vt 0.5531 0.0595 0.0000
vt 0.5302 0.0595 0.0000
vt 0.5531 0.0900 0.0000
vt 0.5302 0.0900 0.0000
vt 0.5531 0.1182 0.0000
vt 0.5302 0.1182 0.0000
vt 0.5302 0.1428 0.0000
vt 0.8420 0.5627 0.0000
vt 0.8191 0.5344 0.0000
vt 0.8420 0.5344 0.0000
vt 0.8191 0.5627 0.0000
vt 0.8420 0.5949 0.0000
vt 0.8191 0.5949 0.0000
vt 0.8420 0.6298 0.0000
vt 0.8191 0.6298 0.0000
vt 0.8420 0.6662 0.0000
vt 0.8191 0.6662 0.0000
vt 0.8781 0.3675 0.0000
vt 0.8781 0.3037 0.0000
vt 0.8781 0.2400 0.0000
vt 0.8781 0.1763 0.0000
vt 0.8781 0.1126 0.0000
vt 0.8781 0.0489 0.0000
vt 0.8781 0.4780 0.0000
vt 0.8781 0.4312 0.0000
vt 0.8841 0.4312 0.0000
vt 0.8841 0.4780 0.0000
vt 0.8781 0.5417 0.0000
vt 0.8841 0.5417 0.0000
vt 0.8781 0.6054 0.0000
vt 0.8841 0.6054 0.0000
vt 0.8781 0.6691 0.0000
vt 0.8841 0.6691 0.0000
vt 0.8781 0.7329 0.0000
vt 0.8841 0.7329 0.0000
vt 0.8781 0.7966 0.0000
vt 0.8841 0.7966 0.0000
vt 0.8781 0.8603 0.0000
vt 0.8841 0.8603 0.0000
vt 0.4355 0.3054 0.0000
vt 0.4355 0.2417 0.0000
vt 0.4415 0.2417 0.0000
vt 0.4415 0.3054 0.0000
vt 0.4355 0.3691 0.0000
vt 0.4415 0.3691 0.0000
vt 0.4355 0.4480 0.0000
vt 0.4415 0.4480 0.0000
vt 0.4043 0.1143 0.0000
vt 0.4043 0.0505 0.0000
vt 0.4355 0.0505 0.0000
vt 0.4355 0.1143 0.0000
vt 0.4043 0.1780 0.0000
vt 0.4355 0.1780 0.0000
vt 0.4043 0.2417 0.0000
vt 0.4043 0.3054 0.0000
vt 0.4043 0.3691 0.0000
vt 0.4043 0.4480 0.0000
vt 0.4355 0.0037 0.0000
vt 0.4415 0.0037 0.0000
vt 0.4415 0.0505 0.0000
vt 0.4415 0.1143 0.0000
vt 0.4415 0.1780 0.0000
vt 0.4961 0.9801 0.0000
vt 0.5427 0.9801 0.0000
vt 0.5427 0.9880 0.0000
vt 0.4961 0.9880 0.0000
vt 0.5318 0.8090 0.0000
vt 0.4882 0.9894 0.0000
vt 0.4305 0.9894 0.0000
vt 0.4305 0.9815 0.0000
vt 0.4882 0.9815 0.0000
vt 0.2695 0.6597 0.0000
vt 0.3272 0.6593 0.0000
vt 0.3274 0.6905 0.0000
vt 0.2698 0.6909 0.0000
vt 0.6541 0.5418 0.0000
vt 0.6541 0.5003 0.0000
vt 0.6744 0.5003 0.0000
vt 0.6744 0.5418 0.0000
vt 0.7063 0.5003 0.0000
vt 0.6541 0.5833 0.0000
vt 0.7063 0.5418 0.0000
vt 0.7371 0.5003 0.0000
vt 0.6744 0.5833 0.0000
vt 0.6541 0.6248 0.0000
vt 0.6744 0.6248 0.0000
vt 0.6541 0.6663 0.0000
vt 0.6744 0.6663 0.0000
vt 0.6541 0.7079 0.0000
vt 0.6744 0.7079 0.0000
vt 0.7063 0.6663 0.0000
vt 0.7063 0.6248 0.0000
vt 0.7063 0.5833 0.0000
vt 0.7371 0.5418 0.0000
vt 0.7654 0.5003 0.0000
vt 0.7654 0.5418 0.0000
vt 0.0000 0.5813 0.0000
vt 0.0000 0.5397 0.0000
vt 0.0282 0.5397 0.0000
vt 0.7654 0.5833 0.0000
vt 0.7371 0.5833 0.0000
vt 0.7371 0.6248 0.0000
vt 0.7371 0.6663 0.0000
vt 0.7063 0.7079 0.0000
vt 0.7371 0.7079 0.0000
vt 0.7654 0.6248 0.0000
vt 0.0000 0.6228 0.0000
vt 0.0282 0.5813 0.0000
vt 0.0282 0.6228 0.0000
vt 0.0605 0.5813 0.0000
vt 0.0605 0.6228 0.0000
vt 0.0954 0.5813 0.0000
vt 0.0954 0.6228 0.0000
vt 0.1318 0.5813 0.0000
vt 0.1318 0.6228 0.0000
vt 0.1681 0.5813 0.0000
vt 0.7654 0.6663 0.0000
vt 0.0000 0.6643 0.0000
vt 0.0282 0.6643 0.0000
vt 0.0605 0.6643 0.0000
vt 0.0954 0.6643 0.0000
vt 0.7654 0.7079 0.0000
vt 0.0000 0.7058 0.0000
vt 0.0282 0.7058 0.0000
vt 0.0605 0.7058 0.0000
vt 0.7371 0.7494 0.0000
vt 0.7654 0.7494 0.0000
vt 0.0000 0.7473 0.0000
vt 0.0282 0.7473 0.0000
vt 0.7371 0.7909 0.0000
vt 0.0000 0.7888 0.0000
vt 0.7654 0.7909 0.0000
vt 0.7371 0.8324 0.0000
vt 0.7063 0.7494 0.0000
vt 0.7063 0.7909 0.0000
vt 0.7063 0.8324 0.0000
vt 0.7063 0.8739 0.0000
vt 0.6744 0.9155 0.0000
vt 0.6744 0.8739 0.0000
vt 0.6744 0.8324 0.0000
vt 0.6744 0.7909 0.0000
vt 0.6744 0.7494 0.0000
vt 0.6541 0.7494 0.0000
vt 0.6541 0.7909 0.0000
vt 0.6541 0.8324 0.0000
vt 0.6541 0.8739 0.0000
vt 0.6541 0.9155 0.0000
vt 0.6541 0.9570 0.0000
vt 0.6744 0.9570 0.0000
vt 0.6744 0.9985 0.0000
vt 0.6541 0.9985 0.0000
vt 0.7063 0.9155 0.0000
vt 0.7371 0.8739 0.0000
vt 0.7654 0.8324 0.0000
vt 0.0282 0.7888 0.0000
vt 0.0282 0.8304 0.0000
vt 0.0000 0.8304 0.0000
vt 0.0000 0.8719 0.0000
vt 0.7654 0.8739 0.0000
vt 0.7371 0.9155 0.0000
vt 0.7063 0.9570 0.0000
vt 0.7063 0.9985 0.0000
vt 0.7371 0.9570 0.0000
vt 0.7371 0.9985 0.0000
vt 0.7654 0.9155 0.0000
vt 0.0000 0.9134 0.0000
vt 0.0282 0.8719 0.0000
vt 0.0605 0.8304 0.0000
vt 0.0605 0.7888 0.0000
vt 0.0954 0.7888 0.0000
vt 0.0282 0.9134 0.0000
vt 0.0605 0.8719 0.0000
vt 0.0954 0.8304 0.0000
vt 0.1318 0.7888 0.0000
vt 0.1318 0.7473 0.0000
vt 0.1681 0.7473 0.0000
vt 0.1681 0.7058 0.0000
vt 0.2031 0.7058 0.0000
vt 0.0605 0.9134 0.0000
vt 0.0954 0.8719 0.0000
vt 0.1318 0.8304 0.0000
vt 0.1681 0.7888 0.0000
vt 0.2031 0.7473 0.0000
vt 0.2353 0.7058 0.0000
vt 0.1681 0.8304 0.0000
vt 0.1318 0.8719 0.0000
vt 0.0954 0.9134 0.0000
vt 0.0605 0.9549 0.0000
vt 0.0282 0.9549 0.0000
vt 0.0282 0.9964 0.0000
vt 0.0605 0.9964 0.0000
vt 0.0954 0.9549 0.0000
vt 0.1318 0.9134 0.0000
vt 0.1681 0.8719 0.0000
vt 0.1681 0.9134 0.0000
vt 0.1318 0.9549 0.0000
vt 0.1681 0.9549 0.0000
vt 0.2031 0.9549 0.0000
vt 0.2031 0.9134 0.0000
vt 0.2031 0.8719 0.0000
vt 0.2031 0.8304 0.0000
vt 0.0954 0.9964 0.0000
vt 0.1318 0.9964 0.0000
vt 0.1681 0.9964 0.0000
vt 0.2031 0.9964 0.0000
vt 0.2353 0.9549 0.0000
vt 0.2353 0.9134 0.0000
vt 0.2635 0.8719 0.0000
vt 0.2635 0.9134 0.0000
vt 0.2635 0.9549 0.0000
vt 0.2353 0.9964 0.0000
vt 0.6879 0.2512 0.0000
vt 0.6879 0.2927 0.0000
vt 0.6541 0.2927 0.0000
vt 0.6541 0.3342 0.0000
vt 0.6879 0.3342 0.0000
vt 0.6541 0.3757 0.0000
vt 0.6879 0.3757 0.0000
vt 0.6541 0.4172 0.0000
vt 0.6879 0.4172 0.0000
vt 0.6879 0.4587 0.0000
vt 0.6541 0.4587 0.0000
vt 0.7202 0.2096 0.0000
vt 0.7202 0.2512 0.0000
vt 0.7202 0.2927 0.0000
vt 0.7202 0.3342 0.0000
vt 0.7202 0.3757 0.0000
vt 0.7202 0.4172 0.0000
vt 0.7497 0.4587 0.0000
vt 0.7497 0.5003 0.0000
vt 0.7202 0.5003 0.0000
vt 0.7202 0.4587 0.0000
vt 0.7497 0.4172 0.0000
vt 0.7497 0.3757 0.0000
vt 0.7497 0.3342 0.0000
vt 0.7497 0.2927 0.0000
vt 0.6879 0.5003 0.0000
vt 0.2031 0.7888 0.0000
vt 0.2353 0.8719 0.0000
vt 0.2353 0.8304 0.0000
vt 0.2353 0.7888 0.0000
vt 0.2353 0.7473 0.0000
vt 0.2635 0.6643 0.0000
vt 0.2635 0.7058 0.0000
vt 0.2635 0.7473 0.0000
vt 0.2635 0.7888 0.0000
vt 0.2635 0.8304 0.0000
vt 0.2353 0.6643 0.0000
vt 0.2635 0.6228 0.0000
vt 0.6541 0.1681 0.0000
vt 0.6541 0.1266 0.0000
vt 0.6879 0.1266 0.0000
vt 0.6879 0.1681 0.0000
vt 0.6541 0.2096 0.0000
vt 0.6879 0.2096 0.0000
vt 0.6541 0.2512 0.0000
vt 0.2635 0.5813 0.0000
vt 0.2353 0.6228 0.0000
vt 0.6541 0.0851 0.0000
vt 0.6879 0.0851 0.0000
vt 0.7202 0.0851 0.0000
vt 0.7202 0.1266 0.0000
vt 0.7202 0.1681 0.0000
vt 0.7497 0.2512 0.0000
vt 0.7497 0.2096 0.0000
vt 0.7497 0.1681 0.0000
vt 0.7497 0.1266 0.0000
vt 0.7497 0.0851 0.0000
vt 0.7202 0.0020 0.0000
vt 0.7202 0.0436 0.0000
vt 0.6879 0.0436 0.0000
vt 0.7497 0.0020 0.0000
vt 0.7497 0.0436 0.0000
vt 0.6541 0.0436 0.0000
vt 0.2635 0.5397 0.0000
vt 0.2353 0.5813 0.0000
vt 0.2353 0.5397 0.0000
vt 0.2031 0.5813 0.0000
vt 0.2031 0.6228 0.0000
vt 0.1681 0.6228 0.0000
vt 0.2031 0.5397 0.0000
vt 0.6541 0.0020 0.0000
vt 0.6879 0.0020 0.0000
vt 0.0605 0.7473 0.0000
vt 0.0954 0.7058 0.0000
vt 0.1318 0.6643 0.0000
vt 0.1681 0.6643 0.0000
vt 0.1318 0.7058 0.0000
vt 0.0954 0.7473 0.0000
vt 0.2031 0.6643 0.0000
vt 0.2635 0.9964 0.0000
vt 0.0605 0.5397 0.0000
vt 0.0954 0.5397 0.0000
vt 0.1318 0.5397 0.0000
vt 0.1681 0.5397 0.0000
vt 0.7654 0.9570 0.0000
vt 0.7654 0.9985 0.0000
vt 0.0000 0.9549 0.0000
vt 0.0000 0.9964 0.0000
vt 0.4024 0.7556 0.0000
vt 0.4024 0.7880 0.0000
vt 0.3795 0.7880 0.0000
vt 0.3795 0.7556 0.0000
vt 0.4024 0.7355 0.0000
vt 0.3795 0.7355 0.0000
vt 0.4024 0.7011 0.0000
vt 0.3795 0.7011 0.0000
vt 0.6541 0.0774 0.0000
vt 0.6541 0.1124 0.0000
vt 0.6312 0.1124 0.0000
vt 0.6312 0.0774 0.0000
vt 0.6541 0.0452 0.0000
vt 0.6312 0.0452 0.0000
vt 0.6541 0.0170 0.0000
vt 0.6312 0.0170 0.0000
vt 0.4024 0.8202 0.0000
vt 0.4024 0.8511 0.0000
vt 0.3795 0.8511 0.0000
vt 0.3795 0.8202 0.0000
vt 0.3105 0.7830 0.0000
vt 0.2877 0.7830 0.0000
vt 0.2877 0.7527 0.0000
vt 0.3105 0.7527 0.0000
vt 0.2877 0.7355 0.0000
vt 0.3105 0.7355 0.0000
vt 0.3105 0.7011 0.0000
vt 0.2877 0.7011 0.0000
vt 0.6499 0.3761 0.0000
vt 0.6270 0.3761 0.0000
vt 0.6270 0.3437 0.0000
vt 0.6499 0.3437 0.0000
vt 0.6270 0.3139 0.0000
vt 0.6499 0.3139 0.0000
vt 0.6270 0.2877 0.0000
vt 0.6499 0.2877 0.0000
vt 0.3105 0.8415 0.0000
vt 0.2877 0.8415 0.0000
vt 0.2877 0.8129 0.0000
vt 0.3105 0.8129 0.0000
vt 0.6499 0.5318 0.0000
vt 0.6270 0.5318 0.0000
vt 0.6270 0.5056 0.0000
vt 0.6499 0.5056 0.0000
vt 0.6270 0.4758 0.0000
vt 0.6499 0.4758 0.0000
vt 0.6270 0.4434 0.0000
vt 0.6499 0.4434 0.0000
vt 0.6270 0.4097 0.0000
vt 0.6499 0.4097 0.0000
vt 0.5986 0.2407 0.0000
vt 0.5986 0.2771 0.0000
vt 0.5757 0.2407 0.0000
vt 0.5757 0.2233 0.0000
vt 0.5986 0.2233 0.0000
vt 0.5757 0.1947 0.0000
vt 0.5986 0.1947 0.0000
vt 0.5757 0.1686 0.0000
vt 0.5986 0.1686 0.0000
vt 0.5986 0.1458 0.0000
vt 0.3536 0.6474 0.0000
vt 0.3076 0.6205 0.0000
vt 0.2712 0.6205 0.0000
vt 0.4555 0.7705 0.0000
vt 0.4351 0.7408 0.0000
vt 0.4312 0.7033 0.0000
vt 0.3863 0.6519 0.0000
vt 0.4110 0.9386 0.0000
vt 0.4212 0.9027 0.0000
vt 0.4351 0.8729 0.0000
vt 0.4437 0.8405 0.0000
vt 0.4555 0.8432 0.0000
vt 0.3076 0.9932 0.0000
vt 0.2712 0.9932 0.0000
vt 0.3250 0.9762 0.0000
vt 0.3276 0.9896 0.0000
vt 0.3582 0.9790 0.0000
vt 0.3863 0.9618 0.0000
vt 0.2708 0.7596 0.0000
vt 0.2877 0.7596 0.0000
vt 0.2877 0.7898 0.0000
vt 0.2708 0.7898 0.0000
vt 0.2877 0.8070 0.0000
vt 0.2708 0.8070 0.0000
vt 0.2708 0.8415 0.0000
vt 0.8420 0.6752 0.0000
vt 0.8589 0.6752 0.0000
vt 0.8589 0.7076 0.0000
vt 0.8420 0.7076 0.0000
vt 0.8589 0.7374 0.0000
vt 0.8420 0.7374 0.0000
vt 0.8589 0.7636 0.0000
vt 0.8420 0.7636 0.0000
vt 0.2708 0.7011 0.0000
vt 0.2877 0.7297 0.0000
vt 0.2708 0.7297 0.0000
vt 0.8420 0.5195 0.0000
vt 0.8589 0.5195 0.0000
vt 0.8589 0.5457 0.0000
vt 0.8420 0.5457 0.0000
vt 0.8589 0.5755 0.0000
vt 0.8420 0.5755 0.0000
vt 0.8589 0.6079 0.0000
vt 0.8420 0.6079 0.0000
vt 0.8589 0.6415 0.0000
vt 0.8420 0.6415 0.0000
vt 0.6014 0.7016 0.0000
vt 0.6014 0.7189 0.0000
vt 0.6014 0.7475 0.0000
vt 0.6014 0.7736 0.0000
vt 0.3277 0.9896 0.0000
vt 0.3434 0.6021 0.0000
vt 0.3434 0.5852 0.0000
vt 0.3737 0.5852 0.0000
vt 0.3737 0.6021 0.0000
vt 0.3909 0.5852 0.0000
vt 0.3909 0.6021 0.0000
vt 0.4253 0.6021 0.0000
vt 0.4253 0.5852 0.0000
vt 0.5580 0.4397 0.0000
vt 0.5749 0.4397 0.0000
vt 0.5749 0.4720 0.0000
vt 0.5580 0.4720 0.0000
vt 0.5749 0.5019 0.0000
vt 0.5580 0.5019 0.0000
vt 0.5749 0.5280 0.0000
vt 0.5580 0.5280 0.0000
vt 0.2850 0.6021 0.0000
vt 0.3136 0.5852 0.0000
vt 0.3136 0.6021 0.0000
vt 0.5580 0.2840 0.0000
vt 0.5749 0.2840 0.0000
vt 0.5749 0.3101 0.0000
vt 0.5580 0.3101 0.0000
vt 0.5749 0.3400 0.0000
vt 0.5580 0.3400 0.0000
vt 0.5749 0.3723 0.0000
vt 0.5580 0.3723 0.0000
vt 0.5749 0.4060 0.0000
vt 0.5580 0.4060 0.0000
vt 0.5250 0.3399 0.0000
vt 0.5250 0.3034 0.0000
vt 0.5419 0.3034 0.0000
vt 0.5419 0.3399 0.0000
vt 0.5419 0.3573 0.0000
vt 0.5250 0.3573 0.0000
vt 0.5419 0.3859 0.0000
vt 0.5250 0.3859 0.0000
vt 0.5419 0.4119 0.0000
vt 0.5250 0.4119 0.0000
vt 0.5419 0.4347 0.0000
vt 0.5250 0.4347 0.0000
vt 0.3077 0.6350 0.0000
vt 0.4313 0.7033 0.0000
vt 0.3797 0.9503 0.0000
vt 0.3567 0.7596 0.0000
vt 0.3795 0.7596 0.0000
vt 0.3795 0.7898 0.0000
vt 0.3567 0.7898 0.0000
vt 0.3795 0.8070 0.0000
vt 0.3567 0.8070 0.0000
vt 0.3567 0.8415 0.0000
vt 0.3795 0.8415 0.0000
vt 0.6006 0.4501 0.0000
vt 0.6235 0.4501 0.0000
vt 0.6235 0.4825 0.0000
vt 0.6007 0.4825 0.0000
vt 0.6235 0.5123 0.0000
vt 0.6006 0.5123 0.0000
vt 0.6235 0.5385 0.0000
vt 0.6006 0.5385 0.0000
vt 0.3567 0.7011 0.0000
vt 0.3795 0.7297 0.0000
vt 0.3567 0.7297 0.0000
vt 0.6006 0.2944 0.0000
vt 0.6235 0.2944 0.0000
vt 0.6235 0.3206 0.0000
vt 0.6007 0.3206 0.0000
vt 0.6235 0.3504 0.0000
vt 0.6007 0.3504 0.0000
vt 0.6235 0.3828 0.0000
vt 0.6006 0.3828 0.0000
vt 0.6235 0.4164 0.0000
vt 0.6007 0.4164 0.0000
vt 0.3214 0.5395 0.0000
vt 0.2850 0.5166 0.0000
vt 0.3214 0.5166 0.0000
vt 0.3388 0.5166 0.0000
vt 0.3388 0.5395 0.0000
vt 0.3674 0.5166 0.0000
vt 0.3674 0.5395 0.0000
vt 0.3934 0.5166 0.0000
vt 0.3934 0.5395 0.0000
vt 0.4163 0.5166 0.0000
vt 0.6216 0.0030 0.0000
vt 0.6216 0.0395 0.0000
vt 0.6216 0.0595 0.0000
vt 0.6216 0.0900 0.0000
vt 0.6216 0.1182 0.0000
vt 0.6216 0.1428 0.0000
vt 0.6233 0.6636 0.0000
vt 0.6233 0.6354 0.0000
vt 0.6461 0.6354 0.0000
vt 0.6461 0.6636 0.0000
vt 0.6233 0.6958 0.0000
vt 0.6461 0.6958 0.0000
vt 0.6233 0.7308 0.0000
vt 0.6461 0.7308 0.0000
vt 0.6233 0.7671 0.0000
vt 0.6461 0.7671 0.0000
vt 0.6233 0.8035 0.0000
vt 0.6461 0.8035 0.0000
vt 0.6233 0.8384 0.0000
vt 0.6461 0.8384 0.0000
vt 0.6233 0.8707 0.0000
vt 0.6461 0.8707 0.0000
vt 0.6233 0.8989 0.0000
vt 0.6461 0.8989 0.0000
vt 0.5986 0.1797 0.0000
vt 0.6214 0.1458 0.0000
vt 0.6214 0.1797 0.0000
vt 0.5986 0.2119 0.0000
vt 0.6214 0.2119 0.0000
vt 0.5986 0.2415 0.0000
vt 0.6214 0.2415 0.0000
vt 0.5986 0.2585 0.0000
vt 0.6214 0.2585 0.0000
vt 0.5986 0.2851 0.0000
vt 0.6214 0.2851 0.0000
vt 0.4213 0.7109 0.0000
vt 0.4438 0.7731 0.0000
vt 0.4467 0.8068 0.0000
vt 0.4438 0.8404 0.0000
vt 0.4213 0.9026 0.0000
vt 0.3567 0.8045 0.0000
vt 0.3567 0.8409 0.0000
vt 0.3567 0.7844 0.0000
vt 0.3567 0.7539 0.0000
vt 0.3567 0.7258 0.0000
vt 0.6541 0.2523 0.0000
vt 0.6541 0.2805 0.0000
vt 0.6312 0.2805 0.0000
vt 0.6312 0.2523 0.0000
vt 0.6541 0.2200 0.0000
vt 0.6312 0.2200 0.0000
vt 0.6541 0.1851 0.0000
vt 0.6312 0.1851 0.0000
vt 0.6541 0.1487 0.0000
vt 0.6312 0.1487 0.0000
# 1209 texture coords

g Mesh_787
usemtl Tex_0044_0_dds
s 65
f 1/1/1 2/2/2 3/3/1 
s 66
f 2/2/2 1/1/1 4/4/2 
s 67
f 5/5/1 4/4/2 1/1/1 
s 68
f 4/4/2 5/5/1 6/6/2 
s 69
f 7/7/1 6/6/2 5/5/1 
s 70
f 6/6/2 7/7/1 8/8/2 
s 71
f 9/9/3 8/8/2 7/7/1 
s 72
f 8/8/2 9/9/3 10/10/2 
s 73
f 11/11/3 10/10/2 9/9/3 
s 74
f 10/10/2 11/11/3 12/12/2 
s 75
f 13/13/1 12/12/2 11/11/3 
s 76
f 12/12/2 13/13/1 14/14/2 
s 77
f 15/15/4 14/16/2 16/17/4 
s 78
f 14/16/2 15/15/4 12/18/2 
s 79
f 17/19/4 12/18/2 15/15/4 
s 80
f 12/18/2 17/19/4 10/20/2 
s 81
f 18/21/4 10/20/2 17/19/4 
s 82
f 10/20/2 18/21/4 8/22/2 
s 83
f 19/23/4 8/22/2 18/21/4 
s 84
f 8/22/2 19/23/4 6/24/2 
s 85
f 20/25/4 6/24/2 19/23/4 
s 86
f 6/24/2 20/25/4 4/26/2 
s 87
f 21/27/4 4/26/2 20/25/4 
s 88
f 4/26/2 21/27/4 2/28/2 
s 89
f 22/29/4 2/28/2 21/27/4 
s 90
f 2/28/2 22/29/4 23/30/2 
s 91
f 23/31/2 3/3/1 2/2/2 
s 92
f 3/3/1 23/31/2 24/32/1 
s 113
f 25/33/5 26/6/6 27/34/7 
s 114
f 26/6/6 25/33/5 28/4/6 
s 115
f 29/35/7 28/4/6 25/33/5 
s 116
f 28/4/6 29/35/7 30/2/6 
s 117
f 31/36/7 30/2/6 29/35/7 
s 118
f 30/2/6 31/36/7 32/37/6 
s 119
f 33/38/8 34/39/9 35/40/8 
s 120
f 34/39/9 33/38/8 36/41/9 
s 121
f 37/42/10 36/41/9 33/38/8 
s 122
f 36/41/9 37/42/10 38/43/7 
s 123
f 39/44/10 38/43/7 37/42/10 
s 124
f 38/43/7 39/44/10 27/45/7 
s 125
f 40/46/10 27/45/7 39/44/10 
s 126
f 27/45/7 40/46/10 25/47/5 
s 127
f 41/48/10 25/47/5 40/46/10 
s 128
f 25/47/10 41/48/10 29/49/7 
s 129
f 42/50/10 29/49/7 41/48/10 
s 130
f 29/49/7 42/50/10 31/51/7 
s 131
f 35/40/8 43/52/7 44/53/10 
s 132
f 43/52/7 35/40/8 34/39/9 
s 133
f 34/54/9 45/14/6 43/55/7 
s 134
f 45/14/6 34/54/9 46/12/11 
s 135
f 36/56/9 46/12/11 34/54/9 
s 136
f 46/12/11 36/56/9 47/10/11 
s 137
f 38/57/7 47/10/11 36/56/9 
s 138
f 47/10/11 38/57/7 48/8/6 
s 139
f 27/34/7 48/8/6 38/57/7 
s 140
f 48/8/6 27/34/7 26/6/6 
s 173
f 49/58/11 50/59/9 51/60/6 
s 174
f 50/59/9 49/58/11 52/61/9 
s 175
f 52/62/9 53/63/10 50/64/9 
s 176
f 53/63/10 52/62/9 54/65/10 
s 177
f 55/66/12 56/67/13 57/68/4 
s 178
f 56/67/13 55/66/12 58/69/13 
s 191
f 59/70/1 58/71/13 60/72/1 
s 192
f 58/71/13 59/70/1 56/73/13 
usemtl Tex_0053_0_dds
s 1
f 61/74/14 62/75/15 63/76/14 
s 2
f 64/77/16 65/78/17 62/75/15 
s 3
f 62/75/15 61/74/14 64/77/16 
s 4
f 66/79/18 64/77/16 61/74/18 
s 5
f 67/80/19 68/81/20 65/78/17 
s 6
f 65/78/17 64/77/16 67/80/19 
s 7
f 69/82/21 67/80/19 64/77/16 
s 8
f 64/77/18 66/79/18 69/82/21 
s 9
f 70/83/14 69/82/21 66/79/18 
s 10
f 69/82/21 70/83/14 71/84/15 
s 11
f 72/85/14 71/84/15 70/83/14 
s 12
f 71/84/15 72/85/14 73/86/15 
s 13
f 74/87/14 73/86/15 72/85/14 
s 14
f 73/86/15 74/87/14 75/88/15 
s 15
f 75/88/15 76/89/17 73/86/15 
s 16
f 77/90/17 73/86/15 76/89/17 
s 17
f 73/86/15 77/90/17 71/84/15 
s 18
f 78/91/17 71/84/15 77/90/17 
s 19
f 71/84/15 78/91/17 69/82/21 
s 20
f 67/80/19 69/82/21 78/91/17 
s 21
f 78/91/17 79/92/22 67/80/19 
s 22
f 68/81/20 67/80/19 79/92/22 
s 23
f 79/92/22 80/93/23 68/81/20 
s 24
f 80/93/23 79/92/22 81/94/23 
s 25
f 82/95/23 83/96/24 81/97/23 
s 26
f 81/94/23 84/98/20 82/99/23 
s 27
f 84/98/20 81/94/23 79/92/22 
s 28
f 79/92/22 78/91/17 84/98/20 
s 29
f 77/90/17 84/98/20 78/91/17 
s 30
f 84/98/20 77/90/17 85/100/20 
s 31
f 76/89/17 85/100/20 77/90/17 
s 32
f 85/100/20 76/89/17 86/101/22 
s 33
f 87/102/19 86/101/22 76/89/17 
s 34
f 86/101/22 87/102/19 88/103/22 
s 35
f 85/100/20 82/99/23 84/98/20 
s 36
f 82/99/23 85/100/20 89/104/25 
s 37
f 89/105/25 90/106/24 82/95/23 
s 38
f 90/106/24 89/105/25 91/107/24 
s 39
f 91/107/24 92/108/26 90/106/24 
s 40
f 92/108/26 91/107/24 93/109/26 
s 41
f 93/109/26 94/110/27 92/108/26 
s 42
f 94/110/27 93/109/26 95/111/28 
s 43
f 95/111/28 96/112/29 94/110/27 
s 44
f 96/112/29 95/111/28 97/113/29 
s 45
f 97/113/29 98/114/30 96/112/29 
s 46
f 86/101/22 89/104/25 85/100/20 
s 47
f 89/104/25 86/101/22 99/115/23 
s 48
f 99/116/23 91/107/24 89/105/25 
s 49
f 91/107/24 99/116/23 100/117/24 
s 50
f 100/117/24 93/109/26 91/107/24 
s 51
f 93/109/26 100/117/24 101/118/31 
s 52
f 101/118/31 95/111/28 93/109/26 
s 53
f 95/111/28 101/118/31 102/119/27 
s 54
f 102/119/27 97/113/29 95/111/28 
s 55
f 88/103/22 99/115/23 86/101/22 
s 56
f 99/115/23 88/103/22 103/120/32 
s 57
f 103/121/32 100/117/24 99/116/23 
s 58
f 100/117/24 103/121/32 104/122/24 
s 59
f 104/122/24 101/118/31 100/117/24 
s 60
f 101/118/31 104/122/24 105/123/26 
s 61
f 105/123/26 102/119/27 101/118/31 
s 62
f 106/124/22 103/120/32 88/103/22 
s 63
f 103/120/32 106/124/22 107/125/23 
s 64
f 107/126/23 104/122/24 103/121/33 
s 65
f 104/122/24 107/126/23 108/127/34 
s 66
f 108/127/34 105/123/26 104/122/24 
s 67
f 109/128/20 107/125/23 106/124/22 
s 68
f 110/129/25 108/127/34 107/126/23 
s 69
f 107/125/23 109/128/20 110/130/25 
s 70
f 111/131/20 110/130/25 109/128/20 
s 71
f 112/132/19 88/103/22 87/102/19 
s 72
f 88/103/22 112/132/19 106/124/22 
s 73
f 113/133/19 106/124/22 112/132/19 
s 74
f 106/124/22 113/133/19 109/128/20 
s 75
f 114/134/17 109/128/20 113/133/19 
s 76
f 109/128/20 114/134/17 111/131/20 
s 77
f 115/135/19 111/131/20 114/134/17 
s 78
f 116/136/21 115/135/19 117/137/15 
s 79
f 114/134/17 117/137/15 115/135/19 
s 80
f 117/137/15 114/134/17 118/138/21 
s 81
f 113/133/19 118/138/21 114/134/17 
s 82
f 118/138/21 113/133/19 119/139/15 
s 83
f 112/132/19 119/139/15 113/133/19 
s 84
f 119/139/15 112/132/19 120/140/21 
s 85
f 87/102/19 120/140/21 112/132/19 
s 86
f 120/140/21 87/102/19 75/88/15 
s 87
f 76/89/17 75/88/15 87/102/19 
s 88
f 121/141/18 75/88/15 74/87/14 
s 89
f 75/88/15 121/141/18 120/140/21 
s 90
f 122/142/14 120/140/21 121/141/18 
s 91
f 120/140/21 122/142/14 119/139/15 
s 92
f 123/143/18 119/139/15 122/142/14 
s 93
f 119/139/15 123/143/18 118/138/21 
s 94
f 124/144/18 118/138/21 123/143/18 
s 95
f 118/138/21 124/144/18 117/137/15 
s 96
f 125/145/14 117/137/15 124/144/18 
s 97
f 117/137/15 125/145/14 116/136/21 
s 98
f 126/146/18 116/136/21 125/145/14 
s 101
f 127/147/21 128/148/18 129/149/21 
s 102
f 128/148/18 127/147/21 126/146/18 
s 103
f 116/136/21 126/146/18 127/147/21 
s 104
f 127/147/21 130/150/19 116/136/21 
s 105
f 115/135/19 116/136/21 130/150/19 
s 106
f 130/150/19 131/151/22 115/135/19 
s 107
f 111/131/20 115/135/19 131/151/22 
s 108
f 131/151/22 132/152/25 111/131/20 
s 109
f 133/153/34 132/154/25 134/155/34 
s 110
f 135/156/25 134/155/34 132/154/25 
s 111
f 132/152/25 131/151/22 135/157/25 
s 112
f 136/158/20 135/157/25 131/151/22 
s 113
f 131/151/22 130/150/19 136/158/20 
s 114
f 137/159/19 136/158/20 130/150/19 
s 115
f 130/150/19 127/147/21 137/159/19 
s 116
f 129/149/21 137/159/19 127/147/21 
s 117
f 137/159/19 129/149/21 138/160/17 
s 119
f 139/161/20 138/160/17 140/162/20 
s 120
f 138/160/17 139/161/20 137/159/19 
s 121
f 136/158/20 137/159/19 139/161/20 
s 122
f 139/161/20 141/163/25 136/158/20 
s 123
f 135/157/25 136/158/20 141/163/25 
s 124
f 141/164/25 142/165/34 135/156/25 
s 125
f 134/155/34 135/156/25 142/165/34 
s 126
f 142/165/34 143/166/31 134/155/34 
s 127
f 144/167/31 134/155/34 143/166/31 
s 128
f 143/166/31 145/168/28 144/167/31 
s 129
f 142/165/34 141/164/25 146/169/34 
s 130
f 146/169/34 147/170/31 142/165/34 
s 131
f 143/166/31 142/165/34 147/170/31 
s 132
f 147/170/31 148/171/28 143/166/31 
s 133
f 145/168/28 143/166/31 148/171/28 
s 134
f 148/171/28 149/172/35 145/168/28 
s 135
f 150/173/35 145/168/28 149/172/35 
s 136
f 149/172/35 151/174/30 150/173/35 
s 137
f 152/175/30 150/173/35 151/174/30 
s 138
f 151/174/30 153/176/36 152/175/30 
s 139
f 147/170/31 146/169/34 154/177/26 
s 140
f 154/177/26 155/178/28 147/170/31 
s 141
f 148/171/28 147/170/31 155/178/28 
s 142
f 155/178/28 156/179/35 148/171/28 
s 143
f 149/172/35 148/171/28 156/179/35 
s 144
f 156/179/35 157/180/30 149/172/35 
s 145
f 151/174/30 149/172/35 157/180/30 
s 146
f 157/180/30 158/181/36 151/174/30 
s 147
f 153/176/36 151/174/30 158/181/36 
s 148
f 158/181/36 159/182/37 153/176/36 
s 149
f 157/180/30 156/179/35 160/183/30 
s 150
f 161/184/35 160/183/30 156/179/35 
s 151
f 156/179/35 155/178/28 161/184/35 
s 152
f 162/185/27 161/184/35 155/178/28 
s 153
f 155/178/28 154/177/26 162/185/27 
s 154
f 163/186/26 162/185/27 154/177/26 
s 155
f 154/177/26 164/187/24 163/186/26 
s 156
f 165/188/24 163/186/26 164/187/24 
s 157
f 163/186/26 165/188/24 166/189/31 
s 158
f 166/189/31 167/190/28 163/186/26 
s 159
f 161/184/35 162/185/27 168/191/38 
s 160
f 168/191/38 169/192/30 161/184/35 
s 161
f 169/192/30 168/191/38 170/193/30 
s 162
f 162/185/27 163/186/26 167/190/28 
s 163
f 167/190/28 168/191/38 162/185/27 
s 164
f 168/191/38 167/190/28 171/194/29 
s 165
f 171/194/29 170/193/30 168/191/38 
s 166
f 170/193/30 171/194/29 172/195/30 
s 167
f 173/196/36 170/193/30 172/195/30 
s 168
f 170/193/30 173/196/36 174/197/36 
s 169
f 175/198/36 170/193/30 174/197/36 
s 170
f 170/193/30 175/198/36 169/192/30 
s 171
f 176/199/36 169/192/30 175/198/36 
s 172
f 169/192/30 176/199/36 160/183/30 
s 173
f 160/183/30 161/184/35 169/192/30 
s 174
f 167/190/28 166/189/31 177/200/28 
s 175
f 177/200/28 171/194/29 167/190/28 
s 176
f 171/194/29 177/200/28 178/201/29 
s 177
f 178/201/29 172/195/30 171/194/29 
s 178
f 172/195/30 178/201/29 179/202/30 
s 179
f 179/202/30 173/196/36 172/195/30 
s 180
f 173/196/36 179/202/30 180/203/36 
s 181
f 180/203/36 181/204/37 173/196/36 
s 182
f 181/204/37 174/197/36 173/196/36 
s 183
f 174/197/36 181/204/37 182/205/37 
s 184
f 183/206/39 182/205/37 184/207/39 
s 185
f 181/204/37 184/207/39 182/205/37 
s 186
f 184/207/39 181/204/37 185/208/39 
s 187
f 186/209/37 185/208/39 181/204/37 
s 188
f 181/204/37 180/203/36 186/209/37 
s 194
f 187/210/40 188/211/39 189/212/40 
s 195
f 190/213/41 189/212/40 188/211/39 
s 196
f 189/212/40 190/213/41 191/214/40 
s 197
f 183/215/39 191/214/40 190/213/41 
s 198
f 191/214/40 183/215/39 192/216/40 
s 199
f 184/217/39 192/216/40 183/215/39 
s 200
f 192/216/40 184/217/39 193/218/40 
s 201
f 184/217/39 194/219/40 193/218/40 
s 202
f 194/219/40 184/217/39 185/220/39 
s 203
f 195/221/39 194/219/40 185/220/39 
s 204
f 196/222/42 187/210/40 197/223/42 
s 205
f 189/212/40 197/223/42 187/210/40 
s 206
f 197/223/42 189/212/40 198/224/42 
s 207
f 191/214/40 198/224/42 189/212/40 
s 208
f 198/224/42 191/214/40 199/225/43 
s 209
f 192/216/40 199/225/43 191/214/40 
s 210
f 199/225/43 192/216/40 200/226/42 
s 211
f 193/218/40 200/226/42 192/216/40 
s 212
f 200/226/42 193/218/40 201/227/42 
s 213
f 194/219/40 201/227/42 193/218/40 
s 214
f 202/228/44 203/229/42 204/230/45 
s 215
f 203/229/42 202/228/44 205/231/42 
s 216
f 206/232/45 205/231/42 202/228/44 
s 217
f 205/231/42 206/232/45 201/227/42 
s 218
f 207/233/45 201/227/42 206/232/45 
s 219
f 201/227/42 207/233/45 200/226/42 
s 220
f 208/234/44 200/226/42 207/233/45 
s 221
f 200/226/42 208/234/44 199/225/43 
s 222
f 209/235/44 199/225/43 208/234/44 
s 223
f 199/225/43 209/235/44 198/224/42 
s 224
f 210/236/46 207/233/45 211/237/46 
s 225
f 206/232/45 211/237/46 207/233/45 
s 226
f 211/237/46 206/232/45 212/238/46 
s 227
f 202/228/44 212/238/46 206/232/45 
s 228
f 212/238/46 202/228/44 213/239/47 
s 229
f 204/230/45 213/239/47 202/228/44 
s 230
f 213/239/47 204/230/45 214/240/46 
s 244
f 201/227/42 194/219/40 205/231/42 
s 245
f 215/241/40 205/231/42 194/219/40 
s 246
f 205/231/42 215/241/40 203/229/42 
s 555
f 158/181/36 157/180/30 216/242/36 
s 556
f 160/183/30 216/242/36 157/180/30 
s 557
f 216/242/36 160/183/30 176/199/36 
s 558
f 217/243/37 174/197/36 182/205/37 
s 559
f 174/197/36 217/243/37 175/198/36 
s 560
f 218/244/48 175/198/36 217/243/37 
s 561
f 175/198/36 218/244/48 176/199/36 
s 562
f 219/245/37 176/199/36 218/244/48 
s 563
f 176/199/36 219/245/37 216/242/36 
s 564
f 220/246/37 216/242/36 219/245/37 
s 565
f 216/242/36 220/246/37 158/181/36 
s 566
f 159/182/37 158/181/36 220/246/37 
s 567
f 221/247/39 159/182/37 222/248/39 
s 568
f 220/246/37 222/248/39 159/182/37 
s 569
f 222/248/39 220/246/37 223/249/39 
s 570
f 219/245/37 223/249/39 220/246/37 
s 571
f 223/249/39 219/245/37 188/250/39 
s 572
f 218/244/48 188/250/39 219/245/37 
s 573
f 188/250/39 218/244/48 190/251/41 
s 574
f 217/243/37 190/251/41 218/244/48 
s 575
f 190/251/41 217/243/37 183/206/39 
s 576
f 182/205/37 183/206/39 217/243/37 
s 577
f 224/252/37 153/176/36 159/182/37 
s 578
f 159/182/37 221/247/39 224/252/37 
s 579
f 225/253/39 224/252/37 221/247/39 
s 580
f 221/254/39 226/255/40 225/256/39 
s 581
f 226/255/40 221/254/39 227/257/40 
s 582
f 222/258/39 227/257/40 221/254/39 
s 583
f 227/257/40 222/258/39 228/259/40 
s 584
f 223/260/39 228/259/40 222/258/39 
s 585
f 228/259/40 223/260/39 187/210/40 
s 586
f 188/211/39 187/210/40 223/260/39 
s 587
f 229/261/39 230/262/37 225/253/39 
s 588
f 225/256/39 231/263/40 229/264/39 
s 589
f 231/263/40 225/256/39 226/255/40 
s 590
f 226/255/40 232/265/42 231/263/40 
s 591
f 232/265/42 226/255/40 233/266/42 
s 592
f 227/257/40 233/266/42 226/255/40 
s 593
f 233/266/42 227/257/40 234/267/42 
s 594
f 228/259/40 234/267/42 227/257/40 
s 595
f 234/267/42 228/259/40 196/222/42 
s 596
f 187/210/40 196/222/42 228/259/40 
s 597
f 235/268/45 198/224/42 209/235/44 
s 598
f 198/224/42 235/268/45 197/223/42 
s 599
f 236/269/45 197/223/42 235/268/45 
s 600
f 197/223/42 236/269/45 196/222/42 
s 601
f 237/270/45 196/222/42 236/269/45 
s 602
f 196/222/42 237/270/45 234/267/42 
s 603
f 238/271/45 234/267/42 237/270/45 
s 604
f 234/267/42 238/271/45 233/266/42 
s 605
f 239/272/45 233/266/42 238/271/45 
s 606
f 233/266/42 239/272/45 232/265/42 
s 607
f 240/273/46 237/270/45 241/274/46 
s 608
f 236/269/45 241/274/46 237/270/45 
s 609
f 241/274/46 236/269/45 242/275/46 
s 610
f 235/268/45 242/275/46 236/269/45 
s 611
f 242/275/46 235/268/45 243/276/46 
s 612
f 209/235/44 243/276/46 235/268/45 
s 613
f 243/276/46 209/235/44 244/277/47 
s 614
f 208/234/44 244/277/47 209/235/44 
s 615
f 244/277/47 208/234/44 210/236/46 
s 616
f 207/233/45 210/236/46 208/234/44 
s 617
f 245/278/42 246/279/40 247/280/42 
s 618
f 247/280/42 248/281/45 245/278/42 
s 619
f 248/281/45 247/280/42 249/282/45 
s 620
f 249/282/45 250/283/46 248/281/45 
s 621
f 250/283/46 249/282/45 251/284/46 
s 622
f 239/272/45 251/284/46 249/282/45 
s 623
f 251/284/46 239/272/45 252/285/46 
s 624
f 238/271/45 252/285/46 239/272/45 
s 625
f 252/285/46 238/271/45 240/273/46 
s 626
f 237/270/45 240/273/46 238/271/45 
s 627
f 249/282/45 232/265/42 239/272/45 
s 628
f 232/265/42 249/282/45 247/280/42 
s 629
f 247/280/42 231/263/40 232/265/42 
s 630
f 231/263/40 247/280/42 246/279/40 
s 631
f 246/279/40 229/264/39 231/263/40 
s 632
f 229/264/39 246/279/40 253/286/39 
s 633
f 253/287/39 254/288/37 229/261/39 
s 634
f 254/288/37 253/287/39 255/289/37 
s 635
f 255/289/37 256/290/36 254/288/37 
s 636
f 257/291/36 254/288/37 256/290/36 
s 637
f 98/114/30 97/113/29 258/292/30 
s 638
f 258/292/30 256/290/36 98/114/30 
s 639
f 259/293/36 98/114/30 256/290/36 
s 640
f 256/290/36 255/289/37 259/293/36 
s 641
f 260/294/37 259/293/36 255/289/37 
s 642
f 255/289/37 261/295/39 260/294/37 
s 643
f 261/295/39 255/289/37 253/287/39 
s 644
f 253/286/39 262/296/40 261/297/39 
s 645
f 262/296/40 253/286/39 246/279/40 
s 646
f 246/279/40 245/278/42 262/296/40 
s 647
f 110/130/25 111/131/20 132/152/25 
s 648
f 132/154/25 133/153/34 110/129/25 
s 649
f 108/127/34 110/129/25 133/153/34 
s 650
f 133/153/34 263/298/31 108/127/34 
s 651
f 105/123/26 108/127/34 263/298/31 
s 652
f 263/298/31 264/299/27 105/123/26 
s 653
f 102/119/27 105/123/26 264/299/27 
s 654
f 264/299/27 265/300/29 102/119/27 
s 655
f 97/113/29 102/119/27 265/300/29 
s 656
f 265/300/29 258/292/30 97/113/29 
s 657
f 256/290/36 258/292/30 257/291/36 
s 658
f 266/301/30 257/291/36 258/292/30 
s 659
f 258/292/30 265/300/29 266/301/30 
s 660
f 267/302/35 266/301/30 265/300/29 
s 661
f 265/300/29 264/299/27 267/302/35 
s 662
f 268/303/28 267/302/35 264/299/27 
s 663
f 264/299/27 263/298/31 268/303/28 
s 664
f 144/167/31 268/303/28 263/298/31 
s 665
f 263/298/31 133/153/34 144/167/31 
s 666
f 134/155/34 144/167/31 133/153/34 
s 667
f 268/303/28 144/167/31 145/168/28 
s 668
f 145/168/28 150/173/35 268/303/28 
s 669
f 267/302/35 268/303/28 150/173/35 
s 670
f 150/173/35 152/175/30 267/302/35 
s 671
f 266/301/30 267/302/35 152/175/30 
s 672
f 152/175/30 269/304/36 266/301/30 
s 673
f 257/291/36 266/301/30 269/304/36 
s 674
f 269/304/36 230/262/37 257/291/36 
s 675
f 254/288/37 257/291/36 230/262/37 
s 676
f 230/262/37 229/261/39 254/288/37 
s 677
f 269/304/36 152/175/30 153/176/36 
s 678
f 153/176/36 224/252/37 269/304/36 
s 679
f 230/262/37 269/304/36 224/252/37 
s 680
f 224/252/37 225/253/39 230/262/37 
s 717
f 185/208/39 186/209/37 195/305/39 
s 737
f 194/219/40 195/221/39 215/241/40 
s 738
f 81/97/23 270/306/24 80/307/23 
s 739
f 270/306/24 81/97/23 83/96/24 
s 740
f 83/96/24 271/308/31 270/306/24 
s 741
f 271/308/31 83/96/24 272/309/26 
s 742
f 272/309/26 273/310/28 271/308/31 
s 743
f 273/310/28 272/309/26 274/311/28 
s 744
f 274/311/28 275/312/29 273/310/28 
s 745
f 275/312/29 274/311/28 276/313/29 
s 746
f 276/313/29 277/314/30 275/312/29 
s 747
f 277/314/30 276/313/29 278/315/30 
s 748
f 278/315/30 279/316/36 277/314/30 
s 749
f 279/316/36 278/315/30 259/293/36 
s 750
f 259/293/36 260/294/37 279/316/36 
s 751
f 98/114/30 259/293/36 278/315/30 
s 752
f 278/315/30 96/112/29 98/114/30 
s 753
f 96/112/29 278/315/30 276/313/29 
s 754
f 276/313/29 94/110/27 96/112/29 
s 755
f 94/110/27 276/313/29 274/311/28 
s 756
f 274/311/28 92/108/26 94/110/27 
s 757
f 92/108/26 274/311/28 272/309/26 
s 758
f 272/309/26 90/106/24 92/108/26 
s 759
f 90/106/24 272/309/26 83/96/24 
s 760
f 83/96/24 82/95/23 90/106/24 
s 765
f 280/317/25 140/162/20 281/13/23 
s 766
f 140/162/20 280/317/25 139/161/20 
s 767
f 141/163/25 139/161/20 280/317/25 
s 768
f 164/187/24 141/164/25 280/318/25 
s 769
f 141/164/25 164/187/24 146/169/34 
s 770
f 164/187/24 154/177/26 146/169/34 
s 779
f 164/187/24 281/319/23 165/188/24 
s 780
f 281/319/23 164/187/24 280/318/25 
usemtl Tex_0119_0_dds
s 1
f 282/320/49 283/321/50 284/322/51 
s 2
f 283/321/50 282/320/49 285/323/52 
s 3
f 286/324/53 285/323/52 282/320/49 
s 4
f 285/323/54 286/324/53 287/325/53 
s 5
f 288/326/55 287/325/53 286/324/53 
s 6
f 287/325/53 288/326/55 289/327/55 
s 7
f 290/328/56 291/329/57 292/330/57 
s 8
f 291/329/57 290/328/56 293/331/56 
s 9
f 294/332/58 293/331/56 290/328/56 
s 10
f 293/331/56 294/332/58 295/333/58 
s 11
f 296/334/59 295/333/58 294/332/58 
s 12
f 295/333/58 296/334/59 297/335/60 
s 13
f 298/336/61 297/337/60 296/338/59 
s 14
f 297/337/60 298/336/61 299/339/62 
s 15
f 284/322/51 299/339/62 298/336/61 
s 16
f 299/339/63 284/322/63 283/321/63 
s 17
f 283/340/64 300/341/65 301/342/66 
s 18
f 300/341/65 283/340/64 285/343/65 
s 19
f 285/343/65 302/344/65 300/341/65 
s 20
f 302/344/65 285/343/65 287/345/65 
s 21
f 289/346/65 302/344/65 287/345/65 
s 22
f 302/344/65 289/346/65 303/347/65 
s 23
f 291/348/66 304/349/66 305/350/66 
s 24
f 304/349/66 291/348/66 293/351/66 
s 25
f 293/351/66 306/352/66 304/349/66 
s 26
f 306/352/66 293/351/66 295/353/66 
s 27
f 295/353/66 307/354/66 306/352/66 
s 28
f 307/354/66 295/353/66 297/355/66 
s 29
f 297/355/66 308/356/66 307/354/66 
s 30
f 308/356/66 297/355/66 299/357/66 
s 31
f 299/357/66 301/342/66 308/356/66 
s 32
f 301/342/66 299/357/66 283/340/66 
s 33
f 309/358/67 310/359/65 311/360/66 
s 34
f 310/359/65 309/358/67 312/361/65 
s 35
f 312/361/65 313/362/67 310/359/65 
s 36
f 313/362/67 312/361/65 314/363/67 
s 37
f 314/363/67 315/364/67 313/362/67 
s 38
f 315/364/67 314/363/67 316/365/67 
s 39
f 316/365/67 317/366/66 315/364/67 
s 40
f 317/366/66 316/365/67 318/367/66 
s 41
f 318/367/66 305/350/66 317/366/66 
s 42
f 305/350/66 318/367/66 291/348/66 
s 43
f 319/368/65 320/369/65 321/370/65 
s 44
f 320/369/65 319/368/65 322/371/64 
s 45
f 319/368/65 323/372/65 322/371/64 
s 46
f 323/372/65 319/368/65 324/373/65 
s 47
f 324/373/65 325/374/67 323/372/65 
s 48
f 325/374/67 324/373/65 326/375/67 
s 49
f 326/375/67 327/376/66 325/374/67 
s 50
f 327/376/66 326/375/67 328/377/66 
s 51
f 328/377/66 311/360/66 327/376/66 
s 52
f 311/360/66 328/377/66 309/358/67 
s 53
f 329/378/42 323/379/68 325/380/42 
s 54
f 323/379/68 329/378/42 330/381/68 
s 55
f 330/381/68 322/382/69 323/379/68 
s 56
f 322/382/69 330/381/68 331/383/69 
s 57
f 332/384/1 322/382/69 331/383/69 
s 58
f 322/382/69 332/384/1 320/385/1 
s 59
f 333/386/30 313/387/36 334/388/30 
s 60
f 313/387/36 333/386/30 335/389/36 
s 61
f 335/389/36 336/390/37 313/387/36 
s 62
f 336/390/37 335/389/36 337/391/70 
s 63
f 337/391/70 311/392/39 336/390/37 
s 64
f 311/392/39 337/391/71 338/393/39 
s 65
f 338/394/39 327/395/40 311/396/39 
s 66
f 327/395/40 338/394/39 339/397/40 
s 67
f 339/397/40 325/380/42 327/395/40 
s 68
f 325/380/42 339/397/40 329/378/42 
s 69
f 340/398/23 341/399/24 307/400/25 
s 70
f 341/399/24 340/398/23 342/401/24 
s 71
f 342/401/24 304/402/26 341/399/24 
s 72
f 304/402/26 342/401/24 343/403/31 
s 73
f 343/403/31 305/404/28 304/402/26 
s 74
f 305/404/28 343/403/31 344/405/28 
s 75
f 344/405/28 317/406/35 305/404/28 
s 76
f 317/406/35 344/405/28 345/407/35 
s 77
f 345/407/35 334/388/30 317/406/35 
s 78
f 334/388/30 345/407/35 333/386/30 
s 79
f 346/408/72 303/409/73 347/410/73 
s 80
f 303/409/73 346/408/72 302/411/72 
s 81
f 346/408/72 300/412/74 302/411/72 
s 82
f 300/412/74 346/408/72 348/413/74 
s 83
f 348/413/74 301/414/19 300/412/74 
s 84
f 301/414/19 348/413/74 349/415/19 
s 85
f 349/415/19 308/416/22 301/414/19 
s 86
f 308/416/22 349/415/19 350/417/20 
s 87
f 350/417/20 307/418/25 308/416/22 
s 88
f 307/418/25 350/417/20 340/419/23 
s 89
f 351/420/75 352/421/75 353/422/76 
s 90
f 352/421/75 351/420/75 354/423/75 
s 91
f 354/423/75 355/424/75 352/421/75 
s 92
f 355/424/75 354/423/75 356/425/75 
s 93
f 357/426/75 355/424/75 356/425/75 
s 94
f 355/424/75 357/426/75 358/427/75 
s 95
f 359/428/76 360/429/76 361/430/76 
s 96
f 360/429/76 359/428/76 362/431/76 
s 97
f 362/431/76 363/432/77 360/429/76 
s 98
f 363/432/77 362/431/76 364/433/77 
s 99
f 364/433/77 365/434/77 363/432/77 
s 100
f 365/434/77 364/433/77 366/435/76 
s 101
f 366/435/76 367/436/76 365/434/77 
s 102
f 367/436/76 366/435/76 368/437/76 
s 103
f 368/437/76 353/422/76 367/436/76 
s 104
f 353/422/76 368/437/76 351/420/75 
s 105
f 369/438/77 370/439/77 371/440/78 
s 106
f 370/439/77 369/438/77 372/441/77 
s 107
f 372/441/77 373/442/77 370/439/77 
s 108
f 373/442/77 372/441/77 374/443/77 
s 109
f 374/443/77 375/444/77 373/442/77 
s 110
f 375/444/77 374/443/77 376/445/77 
s 111
f 376/445/77 377/446/76 375/444/77 
s 112
f 377/446/76 376/445/77 378/447/75 
s 113
f 378/447/75 361/430/76 377/446/76 
s 114
f 361/430/76 378/447/75 359/428/76 
s 115
f 379/448/77 380/449/78 381/450/78 
s 116
f 380/449/78 379/448/77 382/451/77 
s 117
f 379/448/77 383/452/77 382/451/77 
s 118
f 383/452/77 379/448/77 384/453/77 
s 119
f 384/453/77 385/454/78 383/452/77 
s 120
f 385/454/78 384/453/77 386/455/78 
s 121
f 386/455/78 387/456/76 385/454/78 
s 122
f 387/456/76 386/455/78 388/457/76 
s 123
f 388/457/76 371/440/78 387/456/76 
s 124
f 371/440/78 388/457/76 369/438/77 
s 125
f 389/458/17 383/459/79 385/460/17 
s 126
f 383/459/79 389/458/17 390/461/80 
s 127
f 390/461/80 382/462/81 383/459/79 
s 128
f 382/462/81 390/461/82 391/463/81 
s 129
f 392/464/10 382/462/81 391/463/81 
s 130
f 382/462/81 392/464/10 380/465/10 
s 131
f 393/466/28 373/467/31 375/468/28 
s 132
f 373/467/31 393/466/28 394/469/31 
s 133
f 394/469/31 370/470/34 373/467/31 
s 134
f 370/470/34 394/469/31 395/471/34 
s 135
f 395/471/34 371/472/25 370/470/34 
s 136
f 371/472/25 395/471/34 396/473/25 
s 137
f 396/474/25 387/475/20 371/476/25 
s 138
f 387/475/20 396/474/25 397/477/20 
s 139
f 397/477/20 385/460/17 387/475/20 
s 140
f 385/460/17 397/477/20 389/458/17 
s 141
f 398/478/41 363/479/48 365/480/41 
s 142
f 363/479/48 398/478/41 399/481/48 
s 143
f 399/481/48 360/482/83 363/479/48 
s 144
f 360/482/83 399/481/48 400/483/83 
s 145
f 400/483/83 361/484/84 360/482/83 
s 146
f 361/484/84 400/483/83 401/485/84 
s 147
f 401/485/84 377/486/35 361/484/84 
s 148
f 377/486/35 401/485/84 402/487/38 
s 149
f 402/487/38 375/468/28 377/486/35 
s 150
f 375/468/28 402/487/38 393/466/28 
s 151
f 403/488/69 358/489/1 404/490/1 
s 152
f 358/489/1 403/488/69 355/491/69 
s 153
f 403/488/69 352/492/68 355/491/69 
s 154
f 352/492/68 403/488/69 405/493/85 
s 155
f 405/493/85 353/494/43 352/492/68 
s 156
f 353/494/43 405/493/85 406/495/43 
s 157
f 406/495/43 367/496/86 353/494/43 
s 158
f 367/496/86 406/495/43 407/497/86 
s 159
f 407/497/86 365/498/41 367/496/86 
s 160
f 365/498/41 407/497/86 398/499/41 
s 161
f 408/420/75 409/421/75 410/422/75 
s 162
f 409/421/75 408/420/75 411/423/75 
s 163
f 411/423/75 412/424/75 409/421/75 
s 164
f 412/424/75 411/423/75 413/425/75 
s 165
f 414/426/75 412/424/75 413/425/75 
s 166
f 412/424/75 414/426/75 415/427/75 
s 167
f 416/500/76 417/429/76 418/430/75 
s 168
f 417/429/76 416/500/76 419/431/76 
s 169
f 419/431/76 420/432/77 417/429/76 
s 170
f 420/432/77 419/431/76 421/433/77 
s 171
f 421/433/77 422/434/75 420/432/77 
s 172
f 422/434/75 421/433/77 423/435/75 
s 173
f 423/435/75 424/436/75 422/434/75 
s 174
f 424/436/75 423/435/75 425/437/75 
s 175
f 425/437/75 410/422/75 424/436/75 
s 176
f 410/422/75 425/437/75 408/420/75 
s 177
f 426/438/76 427/439/76 428/440/78 
s 178
f 427/439/76 426/438/76 429/441/78 
s 179
f 429/441/78 430/501/78 427/439/76 
s 180
f 430/501/78 429/441/78 431/443/76 
s 181
f 431/443/76 432/444/78 430/501/78 
s 182
f 432/444/78 431/443/76 433/445/78 
s 183
f 433/445/78 434/446/75 432/444/78 
s 184
f 434/446/75 433/445/78 435/447/75 
s 185
f 435/447/75 418/430/75 434/446/75 
s 186
f 418/430/75 435/447/75 416/500/76 
s 187
f 436/502/75 437/449/75 438/503/75 
s 188
f 437/449/75 436/502/75 439/451/75 
s 189
f 436/502/75 440/452/75 439/451/75 
s 190
f 440/452/75 436/502/75 441/453/75 
s 191
f 441/453/75 442/454/75 440/452/75 
s 192
f 442/454/75 441/453/75 443/455/75 
s 193
f 443/455/75 444/456/76 442/454/75 
s 194
f 444/456/76 443/455/75 445/504/76 
s 195
f 445/504/76 428/440/78 444/456/76 
s 196
f 428/440/78 445/504/76 426/438/76 
s 197
f 446/460/17 440/505/79 442/506/17 
s 198
f 440/505/79 446/460/17 447/459/79 
s 199
f 447/459/79 439/507/81 440/505/79 
s 200
f 439/507/81 447/459/79 448/462/81 
s 201
f 449/465/10 439/507/81 448/462/81 
s 202
f 439/507/81 449/465/10 437/508/10 
s 203
f 450/509/28 430/510/31 432/511/28 
s 204
f 430/510/31 450/509/28 451/512/31 
s 205
f 451/512/31 427/513/34 430/510/31 
s 206
f 427/513/34 451/512/31 452/514/34 
s 207
f 452/514/34 428/515/25 427/513/34 
s 208
f 428/515/25 452/514/34 453/53/25 
s 209
f 453/476/25 444/516/20 428/517/25 
s 210
f 444/516/20 453/476/25 454/475/20 
s 211
f 454/475/20 442/506/17 444/516/20 
s 212
f 442/506/17 454/475/20 446/460/17 
s 213
f 455/518/39 420/519/37 422/520/39 
s 214
f 420/519/37 455/518/39 456/521/37 
s 215
f 456/521/37 417/522/36 420/519/37 
s 216
f 417/522/36 456/521/37 457/523/36 
s 217
f 457/523/36 418/524/30 417/522/36 
s 218
f 418/524/30 457/523/36 458/525/30 
s 219
f 458/525/30 434/526/35 418/524/30 
s 220
f 434/526/35 458/525/30 459/527/29 
s 221
f 459/527/29 432/511/28 434/526/35 
s 222
f 432/511/28 459/527/29 450/509/28 
s 223
f 460/528/69 415/529/1 461/530/1 
s 224
f 415/529/1 460/528/69 412/531/69 
s 225
f 460/528/69 409/532/68 412/531/69 
s 226
f 409/532/68 460/528/69 462/533/68 
s 227
f 462/533/68 410/534/42 409/532/68 
s 228
f 410/534/42 462/533/68 463/535/42 
s 229
f 463/535/42 424/536/40 410/534/42 
s 230
f 424/536/40 463/535/42 464/537/40 
s 231
f 464/537/40 422/538/39 424/536/40 
s 232
f 422/538/39 464/537/40 455/539/39 
s 377
f 465/420/75 466/421/76 467/422/75 
s 378
f 466/421/76 465/420/75 468/423/76 
s 379
f 468/423/76 469/424/76 466/421/76 
s 380
f 469/424/76 468/423/76 470/425/76 
s 381
f 471/426/75 469/424/76 470/425/76 
s 382
f 469/424/76 471/426/75 472/427/75 
s 383
f 473/428/76 474/540/76 475/430/76 
s 384
f 474/540/76 473/428/76 476/431/75 
s 385
f 476/431/75 477/432/75 474/540/76 
s 386
f 477/432/75 476/431/75 478/433/75 
s 387
f 478/433/75 479/434/75 477/432/75 
s 388
f 479/434/75 478/433/75 480/435/75 
s 389
f 480/435/75 481/436/75 479/434/75 
s 390
f 481/436/75 480/435/75 482/437/75 
s 391
f 482/437/75 467/422/75 481/436/75 
s 392
f 467/422/75 482/437/75 465/420/75 
s 393
f 483/438/78 484/439/76 485/440/77 
s 394
f 484/439/76 483/438/78 486/441/76 
s 395
f 486/441/76 487/541/78 484/439/76 
s 396
f 487/541/78 486/441/76 488/443/78 
s 397
f 488/443/78 489/444/78 487/541/78 
s 398
f 489/444/78 488/443/78 490/445/78 
s 399
f 490/445/78 491/446/78 489/444/78 
s 400
f 491/446/78 490/445/78 492/447/77 
s 401
f 492/447/77 475/430/76 491/446/78 
s 402
f 475/430/76 492/447/77 473/428/76 
s 403
f 493/448/76 494/449/75 495/450/75 
s 404
f 494/449/75 493/448/76 496/451/75 
s 405
f 493/448/76 497/452/76 496/451/75 
s 406
f 497/452/76 493/448/76 498/453/76 
s 407
f 498/453/76 499/454/78 497/452/76 
s 408
f 499/454/78 498/453/76 500/455/78 
s 409
f 500/455/78 501/456/77 499/454/78 
s 410
f 501/456/77 500/455/78 502/457/77 
s 411
f 502/457/77 485/440/77 501/456/77 
s 412
f 485/440/77 502/457/77 483/438/78 
s 413
f 503/542/17 504/543/79 499/544/17 
s 414
f 504/543/79 503/542/17 505/545/79 
s 415
f 505/545/79 506/546/81 504/543/79 
s 416
f 506/546/81 505/545/79 507/547/81 
s 417
f 508/394/10 506/546/81 507/547/81 
s 418
f 506/546/81 508/394/10 509/548/10 
s 419
f 510/549/28 511/550/31 489/551/28 
s 420
f 511/550/31 510/549/28 512/552/31 
s 421
f 512/552/31 484/553/34 511/550/31 
s 422
f 484/553/34 512/552/31 513/554/34 
s 423
f 513/554/34 485/555/25 484/553/34 
s 424
f 485/555/25 513/554/34 514/556/25 
s 425
f 514/384/25 515/557/20 485/558/25 
s 426
f 515/557/20 514/384/25 516/559/20 
s 427
f 516/559/20 499/544/17 515/557/20 
s 428
f 499/544/17 516/559/20 503/542/17 
s 429
f 517/560/39 477/561/87 479/562/39 
s 430
f 477/561/87 517/560/39 518/563/87 
s 431
f 518/563/87 474/564/36 477/561/87 
s 432
f 474/564/36 518/563/87 519/565/36 
s 433
f 519/565/36 475/566/30 474/564/36 
s 434
f 475/566/30 519/565/36 520/567/30 
s 435
f 520/567/30 521/568/29 475/566/30 
s 436
f 521/568/29 520/567/30 522/569/29 
s 437
f 522/569/29 489/551/28 521/568/29 
s 438
f 489/551/28 522/569/29 510/549/28 
s 439
f 523/570/69 472/571/1 524/419/1 
s 440
f 472/571/1 523/570/69 469/572/69 
s 441
f 523/570/69 525/573/68 469/572/69 
s 442
f 525/573/68 523/570/69 526/574/68 
s 443
f 526/574/68 467/575/42 525/573/68 
s 444
f 467/575/42 526/574/68 527/576/42 
s 445
f 527/576/42 528/577/40 467/575/42 
s 446
f 528/577/40 527/576/42 529/578/40 
s 447
f 529/578/40 479/579/39 528/577/40 
s 448
f 479/579/39 529/578/40 517/410/39 
s 557
f 507/344/66 530/580/66 508/581/66 
s 558
f 530/580/66 507/344/66 531/345/66 
s 559
f 505/582/64 531/345/66 507/344/66 
s 560
f 531/345/66 505/582/64 532/583/64 
s 561
f 503/584/65 532/583/64 505/582/64 
s 562
f 532/583/64 503/584/65 533/340/65 
s 563
f 534/585/67 533/340/65 503/584/65 
s 564
f 533/340/65 534/585/67 535/357/67 
s 565
f 536/586/66 535/357/67 534/585/67 
s 566
f 535/357/67 536/586/66 537/355/66 
s 567
f 513/352/64 537/355/66 536/586/66 
s 568
f 537/355/66 513/352/64 538/353/64 
s 569
f 512/349/66 538/353/64 513/352/64 
s 570
f 538/353/64 512/349/66 539/587/64 
s 571
f 510/350/65 539/587/64 512/349/66 
s 572
f 539/587/64 510/350/65 540/348/66 
s 573
f 522/588/67 540/348/66 510/350/65 
s 574
f 540/348/66 522/588/67 541/589/67 
s 575
f 520/364/66 541/589/67 522/588/67 
s 576
f 541/589/67 520/364/66 542/365/65 
s 577
f 519/362/65 542/365/65 520/364/66 
s 578
f 542/365/65 519/362/65 543/590/65 
s 579
f 518/359/67 543/590/65 519/362/65 
s 580
f 543/590/65 518/359/67 544/361/67 
s 581
f 517/591/67 544/361/67 518/359/67 
s 582
f 544/361/67 517/591/67 545/358/67 
s 583
f 546/376/66 545/358/67 517/591/67 
s 584
f 545/358/67 546/376/66 547/377/66 
s 585
f 527/592/66 547/377/66 546/376/66 
s 586
f 547/377/66 527/592/66 548/375/66 
s 587
f 526/593/66 548/375/66 527/592/66 
s 588
f 548/375/66 526/593/66 549/594/66 
s 589
f 550/595/66 549/594/66 526/593/66 
s 590
f 549/594/66 550/595/66 551/368/66 
s 591
f 552/596/66 551/368/66 550/595/66 
s 592
f 551/368/66 552/596/66 553/597/66 
s 593
f 531/598/88 495/599/1 530/600/1 
s 594
f 495/599/1 531/598/88 493/601/88 
s 595
f 532/602/89 493/601/88 531/598/88 
s 596
f 493/601/88 532/602/89 554/603/89 
s 597
f 533/604/90 554/603/89 532/602/89 
s 598
f 554/603/89 533/604/90 500/605/90 
s 599
f 535/606/91 500/605/90 533/604/90 
s 600
f 500/605/90 535/606/91 502/607/91 
s 601
f 537/608/59 502/607/91 535/606/91 
s 602
f 502/607/91 537/608/59 483/609/59 
s 603
f 538/610/58 483/611/59 537/612/59 
s 604
f 483/611/59 538/610/58 555/613/58 
s 605
f 539/614/56 555/613/58 538/610/58 
s 606
f 555/613/58 539/614/56 488/615/56 
s 607
f 540/616/57 488/615/56 539/614/56 
s 608
f 488/615/56 540/616/57 490/617/57 
s 609
f 541/618/92 490/617/57 540/616/57 
s 610
f 490/617/57 541/618/92 556/619/93 
s 611
f 542/620/94 556/619/93 541/618/92 
s 612
f 556/619/93 542/620/94 473/621/94 
s 613
f 543/622/95 473/621/94 542/620/94 
s 614
f 473/621/94 543/622/95 476/623/95 
s 615
f 544/624/96 476/623/95 543/622/95 
s 616
f 476/623/95 544/624/96 557/625/96 
s 617
f 545/626/97 557/625/96 544/624/96 
s 618
f 557/625/96 545/626/97 480/627/98 
s 619
f 547/628/99 480/629/98 545/326/97 
s 620
f 480/629/98 547/628/99 482/630/99 
s 621
f 548/631/100 482/630/99 547/628/99 
s 622
f 482/630/99 548/631/100 465/632/101 
s 623
f 549/633/102 465/632/101 548/631/100 
s 624
f 465/632/101 549/633/102 468/634/102 
s 625
f 551/635/103 468/634/102 549/633/102 
s 626
f 468/634/102 551/635/103 558/636/103 
s 627
f 553/338/10 558/636/103 551/635/103 
s 628
f 558/636/103 553/338/10 559/637/10 
s 701
f 448/638/66 560/580/66 449/581/66 
s 702
f 560/580/66 448/638/66 561/639/66 
s 703
f 447/582/64 561/639/66 448/638/66 
s 704
f 561/639/66 447/582/64 562/583/64 
s 705
f 446/584/65 562/583/64 447/582/64 
s 706
f 562/583/64 446/584/65 563/340/65 
s 707
f 454/640/65 563/340/65 446/584/65 
s 708
f 563/340/65 454/640/65 564/641/64 
s 709
f 453/586/66 564/641/64 454/640/65 
s 710
f 564/641/64 453/586/66 565/355/66 
s 711
f 452/352/66 565/355/66 453/586/66 
s 712
f 565/355/66 452/352/66 566/642/66 
s 713
f 451/643/66 566/642/66 452/352/66 
s 714
f 566/642/66 451/643/66 567/587/66 
s 715
f 450/350/64 567/587/66 451/643/66 
s 716
f 567/587/66 450/350/64 568/644/64 
s 717
f 459/366/67 568/644/64 450/350/64 
s 718
f 568/644/64 459/366/67 569/645/67 
s 719
f 458/364/67 569/645/67 459/366/67 
s 720
f 569/645/67 458/364/67 570/646/67 
s 721
f 457/647/64 570/646/67 458/364/67 
s 722
f 570/646/67 457/647/64 571/648/64 
s 723
f 456/359/67 571/648/64 457/647/64 
s 724
f 571/648/64 456/359/67 572/649/67 
s 725
f 455/650/65 572/649/67 456/359/67 
s 726
f 572/649/67 455/650/65 573/358/65 
s 727
f 464/651/66 573/358/65 455/650/65 
s 728
f 573/358/65 464/651/66 574/652/66 
s 729
f 463/592/66 574/652/66 464/651/66 
s 730
f 574/652/66 463/592/66 575/375/66 
s 731
f 462/593/66 575/375/66 463/592/66 
s 732
f 575/375/66 462/593/66 576/594/66 
s 733
f 460/653/66 576/594/66 462/593/66 
s 734
f 576/594/66 460/653/66 577/654/66 
s 735
f 461/655/66 577/654/66 460/653/66 
s 736
f 577/654/66 461/655/66 578/597/66 
s 737
f 391/344/66 579/580/66 392/581/66 
s 738
f 579/580/66 391/344/66 580/345/66 
s 739
f 390/582/64 580/345/66 391/344/66 
s 740
f 580/345/66 390/582/64 581/583/64 
s 741
f 389/584/65 581/583/64 390/582/64 
s 742
f 581/583/64 389/584/65 582/340/65 
s 743
f 397/640/64 582/340/65 389/584/65 
s 744
f 582/340/65 397/640/64 583/357/64 
s 745
f 396/586/66 583/357/64 397/640/64 
s 746
f 583/357/64 396/586/66 584/355/66 
s 747
f 395/352/64 584/355/66 396/586/66 
s 748
f 584/355/66 395/352/64 585/353/66 
s 749
f 394/643/66 585/353/66 395/352/64 
s 750
f 585/353/66 394/643/66 586/587/64 
s 751
f 393/350/65 586/587/64 394/643/66 
s 752
f 586/587/64 393/350/65 587/348/66 
s 753
f 402/588/67 587/348/66 393/350/65 
s 754
f 587/348/66 402/588/67 588/589/67 
s 755
f 401/364/67 588/589/67 402/588/67 
s 756
f 588/589/67 401/364/67 589/365/67 
s 757
f 400/647/64 589/365/67 401/364/67 
s 758
f 589/365/67 400/647/64 590/648/64 
s 759
f 399/359/66 590/648/64 400/647/64 
s 760
f 590/648/64 399/359/66 591/361/66 
s 761
f 398/650/65 591/361/66 399/359/66 
s 762
f 591/361/66 398/650/65 592/358/65 
s 763
f 407/651/65 592/358/65 398/650/65 
s 764
f 592/358/65 407/651/65 593/377/65 
s 765
f 406/592/66 593/377/65 407/651/65 
s 766
f 593/377/65 406/592/66 594/375/67 
s 767
f 405/593/66 594/375/67 406/592/66 
s 768
f 594/375/67 405/593/66 595/594/66 
s 769
f 403/371/66 595/594/66 405/593/66 
s 770
f 595/594/66 403/371/66 596/368/66 
s 771
f 404/655/66 596/368/66 403/371/66 
s 772
f 596/368/66 404/655/66 597/597/66 
s 773
f 331/424/75 598/656/75 332/427/75 
s 774
f 598/656/75 331/424/75 599/657/75 
s 775
f 330/421/75 599/657/75 331/424/75 
s 776
f 599/657/75 330/421/75 600/423/75 
s 777
f 601/422/76 600/423/75 330/421/75 
s 778
f 600/423/75 601/422/76 602/420/76 
s 779
f 339/436/76 602/420/76 601/422/76 
s 780
f 602/420/76 339/436/76 603/437/78 
s 781
f 338/434/78 603/437/78 339/436/76 
s 782
f 603/437/78 338/434/78 604/435/78 
s 783
f 605/432/75 604/435/78 338/434/78 
s 784
f 604/435/78 605/432/75 606/433/77 
s 785
f 335/429/77 606/433/77 605/432/75 
s 786
f 606/433/77 335/429/77 607/431/75 
s 787
f 333/430/75 607/431/75 335/429/77 
s 788
f 607/431/75 333/430/75 608/500/77 
s 789
f 345/446/78 608/500/77 333/430/75 
s 790
f 608/500/77 345/446/78 609/447/78 
s 791
f 344/444/77 609/447/78 345/446/78 
s 792
f 609/447/78 344/444/77 292/658/76 
s 793
f 343/501/76 292/658/76 344/444/77 
s 794
f 292/658/76 343/501/76 610/443/76 
s 795
f 611/439/78 610/443/76 343/501/76 
s 796
f 610/443/76 611/439/78 294/441/78 
s 797
f 612/440/75 294/441/78 611/439/78 
s 798
f 294/441/78 612/440/75 296/438/75 
s 799
f 613/456/77 296/438/75 612/440/75 
s 800
f 296/438/75 613/456/77 614/504/77 
s 801
f 349/454/77 614/504/77 613/456/77 
s 802
f 614/504/77 349/454/77 284/455/75 
s 803
f 348/452/75 284/455/75 349/454/77 
s 804
f 284/455/75 348/452/75 282/453/75 
s 805
f 346/451/75 282/453/75 348/452/75 
s 806
f 282/453/75 346/451/75 286/502/75 
s 807
f 347/449/75 286/502/75 346/451/75 
s 808
f 286/502/75 347/449/75 288/503/75 
s 809
f 599/659/103 321/660/73 598/337/73 
s 810
f 321/660/73 599/659/103 319/661/103 
s 811
f 600/662/102 319/661/103 599/659/103 
s 812
f 319/661/103 600/662/102 324/663/102 
s 813
f 615/664/101 324/663/102 600/662/102 
s 814
f 324/663/102 615/664/101 326/665/101 
s 815
f 603/666/104 326/665/101 615/664/101 
s 816
f 326/665/101 603/666/104 328/667/104 
s 817
f 616/327/97 328/667/104 603/666/104 
s 818
f 328/667/104 616/327/97 309/668/97 
s 819
f 606/669/96 309/670/97 616/671/97 
s 820
f 309/670/97 606/669/96 312/672/96 
s 821
f 607/673/95 312/672/96 606/669/96 
s 822
f 312/672/96 607/673/95 314/674/95 
s 823
f 617/675/94 314/674/95 607/673/95 
s 824
f 314/674/95 617/675/94 316/676/94 
s 825
f 609/677/92 316/676/94 617/675/94 
s 826
f 316/676/94 609/677/92 318/678/92 
s 827
f 292/330/57 318/678/92 609/677/92 
s 828
f 318/678/92 292/330/57 291/329/57 
usemtl Tex_0044_0_dds
s 65
f 618/26/10 619/28/10 620/679/105 
s 66
f 620/679/105 621/680/105 618/26/10 
s 67
f 622/24/10 618/26/10 621/680/105 
s 68
f 621/680/105 623/681/105 622/24/10 
s 69
f 624/22/10 622/24/10 623/681/105 
s 70
f 623/681/105 625/682/105 624/22/10 
s 71
f 626/20/8 624/22/10 625/682/105 
s 72
f 625/682/105 627/683/105 626/20/8 
s 73
f 11/18/8 626/20/8 627/683/105 
s 74
f 627/683/105 12/684/105 11/18/8 
s 75
f 13/16/10 11/18/8 12/684/105 
s 76
f 12/684/105 14/76/105 13/16/10 
s 77
f 15/685/106 16/686/106 14/687/105 
s 78
f 14/687/105 12/688/105 15/685/106 
s 79
f 17/689/106 15/685/106 12/688/105 
s 80
f 12/688/105 627/690/105 17/689/106 
s 81
f 18/691/106 17/689/106 627/690/105 
s 82
f 627/690/105 625/692/105 18/691/106 
s 83
f 19/693/106 18/691/106 625/692/105 
s 84
f 625/692/105 623/694/105 19/693/106 
s 85
f 20/695/106 19/693/106 623/694/105 
s 86
f 623/694/105 621/696/105 20/695/106 
s 87
f 21/697/106 20/695/106 621/696/105 
s 88
f 621/696/105 620/698/105 21/697/106 
s 89
f 22/699/106 21/697/106 620/698/105 
s 90
f 620/698/105 628/700/105 22/699/106 
s 91
f 628/686/105 620/679/105 619/28/10 
s 92
f 619/28/10 629/30/10 628/686/105 
s 113
f 25/701/107 27/702/108 26/703/109 
s 114
f 26/703/109 28/704/109 25/701/107 
s 115
f 29/705/108 25/701/107 28/704/109 
s 116
f 28/704/109 30/706/109 29/705/108 
s 117
f 630/707/108 29/705/108 30/706/109 
s 118
f 30/706/109 631/708/109 630/707/108 
s 119
f 33/709/3 35/710/3 34/711/110 
s 120
f 34/711/110 36/712/110 33/709/3 
s 121
f 37/713/1 33/709/3 36/712/110 
s 122
f 36/712/110 38/714/108 37/713/1 
s 123
f 39/715/1 37/713/1 38/714/108 
s 124
f 38/714/108 27/702/108 39/715/1 
s 125
f 40/716/1 39/715/1 27/702/108 
s 126
f 27/702/108 25/701/107 40/716/1 
s 127
f 41/717/1 40/716/1 25/701/107 
s 128
f 25/701/1 29/705/108 41/717/1 
s 129
f 632/718/1 41/717/1 29/705/108 
s 130
f 29/705/108 630/707/108 632/718/1 
s 131
f 35/710/3 44/297/1 43/719/108 
s 132
f 43/719/108 34/711/110 35/710/3 
s 133
f 34/711/110 43/719/108 45/720/109 
s 134
f 45/720/109 46/721/111 34/711/110 
s 135
f 36/712/110 34/711/110 46/721/111 
s 136
f 46/721/111 47/722/111 36/712/110 
s 137
f 38/714/108 36/712/110 47/722/111 
s 138
f 47/722/111 48/723/109 38/714/108 
s 139
f 27/702/108 38/714/108 48/723/109 
s 140
f 48/723/109 26/703/109 27/702/108 
s 173
f 49/724/111 633/725/109 634/726/110 
s 174
f 634/726/110 52/727/110 49/724/111 
s 175
f 52/539/110 634/65/110 635/62/1 
s 176
f 635/62/1 54/728/1 52/539/110 
s 177
f 55/729/112 57/730/106 56/731/113 
s 178
f 56/731/113 58/732/113 55/729/112 
s 191
f 59/733/10 60/734/10 58/735/113 
s 192
f 58/735/113 56/736/113 59/733/10 
usemtl Tex_0053_0_dds
s 1
f 61/737/114 63/738/114 636/739/89 
s 2
f 637/740/115 636/739/89 65/741/90 
s 3
f 636/739/89 637/740/115 61/737/114 
s 4
f 66/742/116 61/737/116 637/740/115 
s 5
f 67/743/117 65/741/90 68/744/91 
s 6
f 65/741/90 67/743/117 637/740/115 
s 7
f 638/745/49 637/740/115 67/743/117 
s 8
f 637/740/116 638/745/49 66/742/116 
s 9
f 70/746/114 66/742/116 638/745/49 
s 10
f 638/745/49 639/747/89 70/746/114 
s 11
f 72/748/114 70/746/114 639/747/89 
s 12
f 639/747/89 640/749/89 72/748/114 
s 13
f 74/750/114 72/748/114 640/749/89 
s 14
f 640/749/89 641/751/89 74/750/114 
s 15
f 641/751/89 640/749/89 76/752/90 
s 16
f 77/753/90 76/752/90 640/749/89 
s 17
f 640/749/89 639/747/89 77/753/90 
s 18
f 78/754/90 77/753/90 639/747/89 
s 19
f 639/747/89 638/745/49 78/754/90 
s 20
f 67/743/117 78/754/90 638/745/49 
s 21
f 78/754/90 67/743/117 79/755/61 
s 22
f 68/744/91 79/755/61 67/743/117 
s 23
f 79/755/61 68/744/91 80/756/60 
s 24
f 80/756/60 642/757/60 79/755/61 
s 25
f 82/758/60 642/759/60 83/760/118 
s 26
f 642/757/60 82/761/60 84/762/91 
s 27
f 84/762/91 79/755/61 642/757/60 
s 28
f 79/755/61 84/762/91 78/754/90 
s 29
f 77/753/90 78/754/90 84/762/91 
s 30
f 84/762/91 85/763/91 77/753/90 
s 31
f 76/752/90 77/753/90 85/763/91 
s 32
f 85/763/91 86/764/61 76/752/90 
s 33
f 87/765/117 76/752/90 86/764/61 
s 34
f 86/764/61 88/766/61 87/765/117 
s 35
f 85/763/91 84/762/91 82/761/60 
s 36
f 82/761/60 89/767/59 85/763/91 
s 37
f 89/768/59 82/758/60 90/769/118 
s 38
f 90/769/118 91/770/118 89/768/59 
s 39
f 91/770/118 90/769/118 92/771/119 
s 40
f 92/771/119 93/772/119 91/770/118 
s 41
f 93/772/119 92/771/119 94/773/120 
s 42
f 94/773/120 643/774/57 93/772/119 
s 43
f 643/774/57 94/773/120 96/775/93 
s 44
f 96/775/93 644/776/93 643/774/57 
s 45
f 644/776/93 96/775/93 98/777/94 
s 46
f 86/764/61 85/763/91 89/767/59 
s 47
f 89/767/59 99/778/60 86/764/61 
s 48
f 99/779/60 89/768/59 91/770/118 
s 49
f 91/770/118 100/780/118 99/779/60 
s 50
f 100/780/118 91/770/118 93/772/119 
s 51
f 93/772/119 101/781/56 100/780/118 
s 52
f 101/781/56 93/772/119 643/774/57 
s 53
f 643/774/57 102/782/120 101/781/56 
s 54
f 102/782/120 643/774/57 644/776/93 
s 55
f 88/766/61 86/764/61 99/778/60 
s 56
f 99/778/60 103/783/121 88/766/61 
s 57
f 103/784/121 99/779/60 100/780/118 
s 58
f 100/780/118 104/785/118 103/784/121 
s 59
f 104/785/118 100/780/118 101/781/56 
s 60
f 101/781/56 105/786/119 104/785/118 
s 61
f 105/786/119 101/781/56 102/782/120 
s 62
f 106/787/61 88/766/61 103/783/121 
s 63
f 103/783/121 107/788/60 106/787/61 
s 64
f 107/789/60 103/784/122 104/785/118 
s 65
f 104/785/118 108/790/58 107/789/60 
s 66
f 108/790/58 104/785/118 105/786/119 
s 67
f 109/791/91 106/787/61 107/788/60 
s 68
f 110/792/59 107/789/60 108/790/58 
s 69
f 107/788/60 110/793/59 109/791/91 
s 70
f 111/794/91 109/791/91 110/793/59 
s 71
f 112/795/117 87/765/117 88/766/61 
s 72
f 88/766/61 106/787/61 112/795/117 
s 73
f 645/796/117 112/795/117 106/787/61 
s 74
f 106/787/61 109/791/91 645/796/117 
s 75
f 114/797/90 645/796/117 109/791/91 
s 76
f 109/791/91 111/794/91 114/797/90 
s 77
f 115/798/117 114/797/90 111/794/91 
s 78
f 646/799/49 647/800/89 115/798/117 
s 79
f 114/797/90 115/798/117 647/800/89 
s 80
f 647/800/89 648/801/49 114/797/90 
s 81
f 645/796/117 114/797/90 648/801/49 
s 82
f 648/801/49 649/802/89 645/796/117 
s 83
f 112/795/117 645/796/117 649/802/89 
s 84
f 649/802/89 650/803/49 112/795/117 
s 85
f 87/765/117 112/795/117 650/803/49 
s 86
f 650/803/49 641/751/89 87/765/117 
s 87
f 76/752/90 87/765/117 641/751/89 
s 88
f 121/804/116 74/750/114 641/751/89 
s 89
f 641/751/89 650/803/49 121/804/116 
s 90
f 122/805/114 121/804/116 650/803/49 
s 91
f 650/803/49 649/802/89 122/805/114 
s 92
f 123/806/116 122/805/114 649/802/89 
s 93
f 649/802/89 648/801/49 123/806/116 
s 94
f 124/807/116 123/806/116 648/801/49 
s 95
f 648/801/49 647/800/89 124/807/116 
s 96
f 125/808/114 124/807/116 647/800/89 
s 97
f 647/800/89 646/799/49 125/808/114 
s 98
f 126/809/116 125/808/114 646/799/49 
s 101
f 651/810/49 652/811/49 128/812/116 
s 102
f 128/812/116 126/809/116 651/810/49 
s 103
f 646/799/49 651/810/49 126/809/116 
s 104
f 651/810/49 646/799/49 653/813/117 
s 105
f 115/798/117 653/813/117 646/799/49 
s 106
f 653/813/117 115/798/117 131/814/61 
s 107
f 111/794/91 131/814/61 115/798/117 
s 108
f 131/814/61 111/794/91 132/815/59 
s 109
f 133/816/58 134/817/58 132/818/59 
s 110
f 135/819/59 132/818/59 134/817/58 
s 111
f 132/815/59 135/820/59 131/814/61 
s 112
f 136/821/91 131/814/61 135/820/59 
s 113
f 131/814/61 136/821/91 653/813/117 
s 114
f 654/822/117 653/813/117 136/821/91 
s 115
f 653/813/117 654/822/117 651/810/49 
s 116
f 652/811/49 651/810/49 654/822/117 
s 117
f 654/822/117 655/823/90 652/811/49 
s 119
f 139/824/91 140/825/91 655/823/90 
s 120
f 655/823/90 654/822/117 139/824/91 
s 121
f 136/821/91 139/824/91 654/822/117 
s 122
f 139/824/91 136/821/91 141/826/59 
s 123
f 135/820/59 141/826/59 136/821/91 
s 124
f 141/827/59 135/819/59 142/828/58 
s 125
f 134/817/58 142/828/58 135/819/59 
s 126
f 142/828/58 134/817/58 143/829/56 
s 127
f 144/830/56 143/829/56 134/817/58 
s 128
f 143/829/56 144/830/56 145/831/57 
s 129
f 142/828/58 146/832/58 141/827/59 
s 130
f 146/832/58 142/828/58 147/833/56 
s 131
f 143/829/56 147/833/56 142/828/58 
s 132
f 147/833/56 143/829/56 148/834/57 
s 133
f 145/831/57 148/834/57 143/829/56 
s 134
f 148/834/57 145/831/57 149/835/92 
s 135
f 150/836/92 149/835/92 145/831/57 
s 136
f 149/835/92 150/836/92 151/837/94 
s 137
f 152/838/94 151/837/94 150/836/92 
s 138
f 151/837/94 152/838/94 153/839/95 
s 139
f 147/833/56 154/840/119 146/832/58 
s 140
f 154/840/119 147/833/56 155/841/57 
s 141
f 148/834/57 155/841/57 147/833/56 
s 142
f 155/841/57 148/834/57 156/842/92 
s 143
f 149/835/92 156/842/92 148/834/57 
s 144
f 156/842/92 149/835/92 157/843/94 
s 145
f 151/837/94 157/843/94 149/835/92 
s 146
f 157/843/94 151/837/94 158/844/95 
s 147
f 153/839/95 158/844/95 151/837/94 
s 148
f 158/844/95 153/839/95 159/845/96 
s 149
f 157/843/94 160/846/94 156/842/92 
s 150
f 161/847/92 156/842/92 160/846/94 
s 151
f 156/842/92 161/847/92 155/841/57 
s 152
f 162/848/120 155/841/57 161/847/92 
s 153
f 155/841/57 162/848/120 154/840/119 
s 154
f 163/849/119 154/840/119 162/848/120 
s 155
f 154/840/119 163/849/119 164/850/118 
s 156
f 165/851/118 164/850/118 163/849/119 
s 157
f 163/849/119 166/852/56 165/851/118 
s 158
f 166/852/56 163/849/119 167/853/57 
s 159
f 161/847/92 168/854/93 162/848/120 
s 160
f 168/854/93 161/847/92 169/855/94 
s 161
f 169/855/94 170/856/94 168/854/93 
s 162
f 162/848/120 167/853/57 163/849/119 
s 163
f 167/853/57 162/848/120 168/854/93 
s 164
f 168/854/93 171/857/93 167/853/57 
s 165
f 171/857/93 168/854/93 170/856/94 
s 166
f 170/856/94 172/858/94 171/857/93 
s 167
f 656/859/95 172/858/94 170/856/94 
s 168
f 170/856/94 657/860/95 656/859/95 
s 169
f 658/861/95 657/860/95 170/856/94 
s 170
f 170/856/94 169/855/94 658/861/95 
s 171
f 176/862/95 658/861/95 169/855/94 
s 172
f 169/855/94 160/846/94 176/862/95 
s 173
f 160/846/94 169/855/94 161/847/92 
s 174
f 167/853/57 177/863/57 166/852/56 
s 175
f 177/863/57 167/853/57 171/857/93 
s 176
f 171/857/93 178/864/93 177/863/57 
s 177
f 178/864/93 171/857/93 172/858/94 
s 178
f 172/858/94 179/865/94 178/864/93 
s 179
f 179/865/94 172/858/94 656/859/95 
s 180
f 656/859/95 659/866/95 179/865/94 
s 181
f 659/866/95 656/859/95 181/867/96 
s 182
f 181/867/96 656/859/95 657/860/95 
s 183
f 657/860/95 182/868/96 181/867/96 
s 184
f 660/869/97 184/870/97 182/868/96 
s 185
f 181/867/96 182/868/96 184/870/97 
s 186
f 184/870/97 185/871/97 181/867/96 
s 187
f 186/872/96 181/867/96 185/871/97 
s 188
f 181/867/96 186/872/96 659/866/95 
s 194
f 187/873/104 189/874/104 188/875/97 
s 195
f 190/876/98 188/875/97 189/874/104 
s 196
f 189/874/104 191/877/104 190/876/98 
s 197
f 660/878/97 190/876/98 191/877/104 
s 198
f 191/877/104 192/879/104 660/878/97 
s 199
f 184/880/97 660/878/97 192/879/104 
s 200
f 192/879/104 193/881/104 184/880/97 
s 201
f 184/880/97 193/881/104 194/882/104 
s 202
f 194/882/104 185/883/97 184/880/97 
s 203
f 195/738/97 185/883/97 194/882/104 
s 204
f 661/884/101 197/885/101 187/873/104 
s 205
f 189/874/104 187/873/104 197/885/101 
s 206
f 197/885/101 198/886/101 189/874/104 
s 207
f 191/877/104 189/874/104 198/886/101 
s 208
f 198/886/101 199/887/100 191/877/104 
s 209
f 192/879/104 191/877/104 199/887/100 
s 210
f 199/887/100 200/888/101 192/879/104 
s 211
f 193/881/104 192/879/104 200/888/101 
s 212
f 200/888/101 201/889/101 193/881/104 
s 213
f 194/882/104 193/881/104 201/889/101 
s 214
f 662/890/123 663/891/102 203/892/101 
s 215
f 203/892/101 205/893/101 662/890/123 
s 216
f 664/894/102 662/890/123 205/893/101 
s 217
f 205/893/101 201/889/101 664/894/102 
s 218
f 665/895/102 664/894/102 201/889/101 
s 219
f 201/889/101 200/888/101 665/895/102 
s 220
f 666/896/123 665/895/102 200/888/101 
s 221
f 200/888/101 199/887/100 666/896/123 
s 222
f 667/897/123 666/896/123 199/887/100 
s 223
f 199/887/100 198/886/101 667/897/123 
s 224
f 210/152/124 668/157/124 665/895/102 
s 225
f 664/894/102 665/895/102 668/157/124 
s 226
f 668/157/124 212/163/124 664/894/102 
s 227
f 662/890/123 664/894/102 212/163/124 
s 228
f 212/163/124 213/317/125 662/890/123 
s 229
f 663/891/102 662/890/123 213/317/125 
s 230
f 213/317/125 214/13/124 663/891/102 
s 244
f 201/889/101 205/893/101 194/882/104 
s 245
f 215/898/104 194/882/104 205/893/101 
s 246
f 205/893/101 203/892/101 215/898/104 
s 555
f 158/844/95 216/899/95 157/843/94 
s 556
f 160/846/94 157/843/94 216/899/95 
s 557
f 216/899/95 176/862/95 160/846/94 
s 558
f 217/900/96 182/868/96 657/860/95 
s 559
f 657/860/95 658/861/95 217/900/96 
s 560
f 218/901/126 217/900/96 658/861/95 
s 561
f 658/861/95 176/862/95 218/901/126 
s 562
f 219/902/96 218/901/126 176/862/95 
s 563
f 176/862/95 216/899/95 219/902/96 
s 564
f 220/903/96 219/902/96 216/899/95 
s 565
f 216/899/95 158/844/95 220/903/96 
s 566
f 159/845/96 220/903/96 158/844/95 
s 567
f 221/904/97 669/905/97 159/845/96 
s 568
f 220/903/96 159/845/96 669/905/97 
s 569
f 669/905/97 223/906/97 220/903/96 
s 570
f 219/902/96 220/903/96 223/906/97 
s 571
f 223/906/97 188/907/97 219/902/96 
s 572
f 218/901/126 219/902/96 188/907/97 
s 573
f 188/907/97 190/908/98 218/901/126 
s 574
f 217/900/96 218/901/126 190/908/98 
s 575
f 190/908/98 660/869/97 217/900/96 
s 576
f 182/868/96 217/900/96 660/869/97 
s 577
f 224/909/96 159/845/96 153/839/95 
s 578
f 159/845/96 224/909/96 221/904/97 
s 579
f 225/910/97 221/904/97 224/909/96 
s 580
f 221/911/97 225/912/97 670/913/104 
s 581
f 670/913/104 227/914/104 221/911/97 
s 582
f 669/915/97 221/911/97 227/914/104 
s 583
f 227/914/104 671/916/104 669/915/97 
s 584
f 223/917/97 669/915/97 671/916/104 
s 585
f 671/916/104 187/873/104 223/917/97 
s 586
f 188/875/97 223/917/97 187/873/104 
s 587
f 229/918/97 225/910/97 672/919/96 
s 588
f 225/912/97 229/920/97 673/921/104 
s 589
f 673/921/104 670/913/104 225/912/97 
s 590
f 670/913/104 673/921/104 232/922/101 
s 591
f 232/922/101 233/923/101 670/913/104 
s 592
f 227/914/104 670/913/104 233/923/101 
s 593
f 233/923/101 234/924/101 227/914/104 
s 594
f 671/916/104 227/914/104 234/924/101 
s 595
f 234/924/101 661/884/101 671/916/104 
s 596
f 187/873/104 671/916/104 661/884/101 
s 597
f 674/925/102 667/897/123 198/886/101 
s 598
f 198/886/101 197/885/101 674/925/102 
s 599
f 675/926/102 674/925/102 197/885/101 
s 600
f 197/885/101 661/884/101 675/926/102 
s 601
f 676/927/102 675/926/102 661/884/101 
s 602
f 661/884/101 234/924/101 676/927/102 
s 603
f 677/928/102 676/927/102 234/924/101 
s 604
f 234/924/101 233/923/101 677/928/102 
s 605
f 678/929/102 677/928/102 233/923/101 
s 606
f 233/923/101 232/922/101 678/929/102 
s 607
f 240/104/124 241/115/124 676/927/102 
s 608
f 675/926/102 676/927/102 241/115/124 
s 609
f 241/115/124 242/120/124 675/926/102 
s 610
f 674/925/102 675/926/102 242/120/124 
s 611
f 242/120/124 243/125/124 674/925/102 
s 612
f 667/897/123 674/925/102 243/125/124 
s 613
f 243/125/124 679/130/125 667/897/123 
s 614
f 666/896/123 667/897/123 679/130/125 
s 615
f 679/130/125 210/152/124 666/896/123 
s 616
f 665/895/102 666/896/123 210/152/124 
s 617
f 245/930/101 247/931/101 680/932/104 
s 618
f 247/931/101 245/930/101 681/933/102 
s 619
f 681/933/102 682/934/102 247/931/101 
s 620
f 682/934/102 681/933/102 250/93/124 
s 621
f 250/93/124 251/94/124 682/934/102 
s 622
f 678/929/102 682/934/102 251/94/124 
s 623
f 251/94/124 252/99/124 678/929/102 
s 624
f 677/928/102 678/929/102 252/99/124 
s 625
f 252/99/124 240/104/124 677/928/102 
s 626
f 676/927/102 677/928/102 240/104/124 
s 627
f 682/934/102 678/929/102 232/922/101 
s 628
f 232/922/101 247/931/101 682/934/102 
s 629
f 247/931/101 232/922/101 673/921/104 
s 630
f 673/921/104 680/932/104 247/931/101 
s 631
f 680/932/104 673/921/104 229/920/97 
s 632
f 229/920/97 253/935/97 680/932/104 
s 633
f 253/936/97 229/918/97 254/937/96 
s 634
f 254/937/96 255/938/96 253/936/97 
s 635
f 255/938/96 254/937/96 256/939/95 
s 636
f 683/940/95 256/939/95 254/937/96 
s 637
f 98/777/94 684/941/94 644/776/93 
s 638
f 684/941/94 98/777/94 256/939/95 
s 639
f 259/942/95 256/939/95 98/777/94 
s 640
f 256/939/95 259/942/95 255/938/96 
s 641
f 260/188/96 255/938/96 259/942/95 
s 642
f 255/938/96 260/188/96 261/319/97 
s 643
f 261/319/97 253/936/97 255/938/96 
s 644
f 253/935/97 261/943/97 685/944/104 
s 645
f 685/944/104 680/932/104 253/935/97 
s 646
f 680/932/104 685/944/104 245/930/101 
s 647
f 110/793/59 132/815/59 111/794/91 
s 648
f 132/818/59 110/792/59 133/816/58 
s 649
f 108/790/58 133/816/58 110/792/59 
s 650
f 133/816/58 108/790/58 263/945/56 
s 651
f 105/786/119 263/945/56 108/790/58 
s 652
f 263/945/56 105/786/119 264/946/120 
s 653
f 102/782/120 264/946/120 105/786/119 
s 654
f 264/946/120 102/782/120 265/947/92 
s 655
f 644/776/93 265/947/92 102/782/120 
s 656
f 265/947/92 644/776/93 684/941/94 
s 657
f 256/939/95 683/940/95 684/941/94 
s 658
f 266/948/94 684/941/94 683/940/95 
s 659
f 684/941/94 266/948/94 265/947/92 
s 660
f 267/949/92 265/947/92 266/948/94 
s 661
f 265/947/92 267/949/92 264/946/120 
s 662
f 268/950/57 264/946/120 267/949/92 
s 663
f 264/946/120 268/950/57 263/945/56 
s 664
f 144/830/56 263/945/56 268/950/57 
s 665
f 263/945/56 144/830/56 133/816/58 
s 666
f 134/817/58 133/816/58 144/830/56 
s 667
f 268/950/57 145/831/57 144/830/56 
s 668
f 145/831/57 268/950/57 150/836/92 
s 669
f 267/949/92 150/836/92 268/950/57 
s 670
f 150/836/92 267/949/92 152/838/94 
s 671
f 266/948/94 152/838/94 267/949/92 
s 672
f 152/838/94 266/948/94 269/951/95 
s 673
f 683/940/95 269/951/95 266/948/94 
s 674
f 269/951/95 683/940/95 672/919/96 
s 675
f 254/937/96 672/919/96 683/940/95 
s 676
f 672/919/96 254/937/96 229/918/97 
s 677
f 269/951/95 153/839/95 152/838/94 
s 678
f 153/839/95 269/951/95 224/909/96 
s 679
f 672/919/96 224/909/96 269/951/95 
s 680
f 224/909/96 672/919/96 225/910/97 
s 717
f 185/871/97 195/952/97 186/872/96 
s 737
f 194/882/104 215/898/104 195/738/97 
s 738
f 642/759/60 80/305/60 270/209/118 
s 739
f 270/209/118 83/760/118 642/759/60 
s 740
f 83/760/118 270/209/118 271/203/56 
s 741
f 271/203/56 686/953/119 83/760/118 
s 742
f 686/953/119 271/203/56 273/202/57 
s 743
f 273/202/57 274/954/57 686/953/119 
s 744
f 274/954/57 273/202/57 275/201/93 
s 745
f 275/201/93 276/955/93 274/954/57 
s 746
f 276/955/93 275/201/93 277/200/94 
s 747
f 277/200/94 278/956/94 276/955/93 
s 748
f 278/956/94 277/200/94 279/189/95 
s 749
f 279/189/95 259/942/95 278/956/94 
s 750
f 259/942/95 279/189/95 260/188/96 
s 751
f 98/777/94 278/956/94 259/942/95 
s 752
f 278/956/94 98/777/94 96/775/93 
s 753
f 96/775/93 276/955/93 278/956/94 
s 754
f 276/955/93 96/775/93 94/773/120 
s 755
f 94/773/120 274/954/57 276/955/93 
s 756
f 274/954/57 94/773/120 92/771/119 
s 757
f 92/771/119 686/953/119 274/954/57 
s 758
f 686/953/119 92/771/119 90/769/118 
s 759
f 90/769/118 83/760/118 686/953/119 
s 760
f 83/760/118 90/769/118 82/758/60 
s 765
f 280/957/59 281/958/60 140/825/91 
s 766
f 140/825/91 139/824/91 280/957/59 
s 767
f 141/826/59 280/957/59 139/824/91 
s 768
f 164/850/118 280/959/59 141/827/59 
s 769
f 141/827/59 146/832/58 164/850/118 
s 770
f 164/850/118 146/832/58 154/840/119 
s 779
f 164/850/118 165/851/118 281/960/60 
s 780
f 281/960/60 280/959/59 164/850/118 
usemtl Tex_0119_0_dds
s 1
f 687/961/21 688/962/127 283/963/128 
s 2
f 283/963/128 689/964/129 687/961/21 
s 3
f 690/965/130 687/961/21 689/964/129 
s 4
f 689/964/18 287/966/130 690/965/130 
s 5
f 691/967/73 690/965/130 287/966/130 
s 6
f 287/966/130 289/968/73 691/967/73 
s 7
f 610/969/31 692/970/28 291/971/28 
s 8
f 291/971/28 693/972/31 610/969/31 
s 9
f 294/973/34 610/969/31 693/972/31 
s 10
f 693/972/31 295/974/34 294/973/34 
s 11
f 296/975/25 294/973/34 295/974/34 
s 12
f 295/974/34 297/976/23 296/975/25 
s 13
f 694/977/22 296/978/25 297/979/23 
s 14
f 297/979/23 299/980/131 694/977/22 
s 15
f 688/962/127 694/977/22 299/980/131 
s 16
f 299/980/132 283/963/132 688/962/132 
s 17
f 283/455/76 301/454/75 300/452/75 
s 18
f 300/452/75 689/453/75 283/455/76 
s 19
f 689/453/75 300/452/75 302/451/75 
s 20
f 302/451/75 287/448/75 689/453/75 
s 21
f 289/450/75 287/448/75 302/451/75 
s 22
f 302/451/75 303/449/75 289/450/75 
s 23
f 291/445/75 305/444/75 304/501/75 
s 24
f 304/501/75 693/443/75 291/445/75 
s 25
f 693/443/75 304/501/75 695/439/75 
s 26
f 695/439/75 295/441/75 693/443/75 
s 27
f 295/441/75 695/439/75 307/440/75 
s 28
f 307/440/75 297/438/75 295/441/75 
s 29
f 297/438/75 307/440/75 696/456/75 
s 30
f 696/456/75 299/504/75 297/438/75 
s 31
f 299/504/75 696/456/75 301/454/75 
s 32
f 301/454/75 283/455/75 299/504/75 
s 33
f 309/435/77 311/434/78 310/432/75 
s 34
f 310/432/75 697/433/75 309/435/77 
s 35
f 697/433/75 310/432/75 313/429/77 
s 36
f 313/429/77 314/431/77 697/433/75 
s 37
f 314/431/77 313/429/77 334/430/77 
s 38
f 334/430/77 698/428/77 314/431/77 
s 39
f 698/428/77 334/430/77 317/446/75 
s 40
f 317/446/75 318/447/75 698/428/77 
s 41
f 318/447/75 317/446/75 305/444/75 
s 42
f 305/444/75 291/445/75 318/447/75 
s 43
f 319/425/75 321/426/75 320/427/75 
s 44
f 320/427/75 322/424/76 319/425/75 
s 45
f 319/425/75 322/424/76 699/421/75 
s 46
f 699/421/75 700/423/75 319/425/75 
s 47
f 700/423/75 699/421/75 325/422/77 
s 48
f 325/422/77 701/420/77 700/423/75 
s 49
f 701/420/77 325/422/77 327/436/78 
s 50
f 327/436/78 328/437/78 701/420/77 
s 51
f 328/437/78 327/436/78 311/434/78 
s 52
f 311/434/78 309/435/77 328/437/78 
s 53
f 601/981/101 702/982/101 699/983/133 
s 54
f 699/983/133 703/984/133 601/981/101 
s 55
f 703/984/133 699/983/133 322/985/134 
s 56
f 322/985/134 704/986/134 703/984/133 
s 57
f 705/987/73 704/986/134 322/985/134 
s 58
f 322/985/134 320/988/73 705/987/73 
s 59
f 706/989/94 334/990/94 313/991/95 
s 60
f 313/991/95 335/992/95 706/989/94 
s 61
f 335/992/95 313/991/95 310/993/96 
s 62
f 310/993/96 707/994/135 335/992/95 
s 63
f 707/994/135 310/993/96 311/995/97 
s 64
f 311/995/97 708/996/97 707/994/136 
s 65
f 708/997/97 311/998/97 327/999/99 
s 66
f 327/999/99 339/1000/99 708/997/97 
s 67
f 339/1000/99 327/999/99 702/982/101 
s 68
f 702/982/101 601/981/101 339/1000/99 
s 69
f 709/1001/60 710/1002/60 695/1003/118 
s 70
f 695/1003/118 611/1004/118 709/1001/60 
s 71
f 611/1004/118 695/1003/118 304/1005/119 
s 72
f 304/1005/119 343/1006/56 611/1004/118 
s 73
f 343/1006/56 304/1005/119 305/1007/57 
s 74
f 305/1007/57 711/1008/57 343/1006/56 
s 75
f 711/1008/57 305/1007/57 317/1009/92 
s 76
f 317/1009/92 345/1010/92 711/1008/57 
s 77
f 345/1010/92 317/1009/92 334/990/94 
s 78
f 334/990/94 706/989/94 345/1010/92 
s 79
f 712/1011/137 713/1012/55 303/558/55 
s 80
f 303/558/55 302/1013/137 712/1011/137 
s 81
f 712/1011/137 302/1013/137 300/1014/138 
s 82
f 300/1014/138 714/1015/138 712/1011/137 
s 83
f 714/1015/138 300/1014/138 301/1016/117 
s 84
f 301/1016/117 715/1017/117 714/1015/138 
s 85
f 715/1017/117 301/1016/117 696/1018/61 
s 86
f 696/1018/61 613/1019/61 715/1017/117 
s 87
f 613/1019/61 696/1018/61 710/548/60 
s 88
f 710/548/60 709/1020/60 613/1019/61 
s 89
f 351/375/66 353/1021/64 352/593/66 
s 90
f 352/593/66 716/373/66 351/375/66 
s 91
f 716/373/66 352/593/66 355/595/66 
s 92
f 355/595/66 356/1022/66 716/373/66 
s 93
f 357/1023/66 356/1022/66 355/595/66 
s 94
f 355/595/66 358/596/66 357/1023/66 
s 95
f 359/1024/64 361/364/64 360/1025/64 
s 96
f 360/1025/64 362/590/64 359/1024/64 
s 97
f 362/590/64 360/1025/64 363/359/67 
s 98
f 363/359/67 364/1026/67 362/590/64 
s 99
f 364/1026/67 363/359/67 365/591/67 
s 100
f 365/591/67 366/358/64 364/1026/67 
s 101
f 366/358/64 365/591/67 367/376/64 
s 102
f 367/376/64 368/1027/64 366/358/64 
s 103
f 368/1027/64 367/376/64 353/1021/64 
s 104
f 353/1021/64 351/375/66 368/1027/64 
s 105
f 369/1028/67 371/586/66 370/1029/67 
s 106
f 370/1029/67 372/353/67 369/1028/67 
s 107
f 372/353/67 370/1029/67 717/1030/67 
s 108
f 717/1030/67 374/587/67 372/353/67 
s 109
f 374/587/67 717/1030/67 375/1031/67 
s 110
f 375/1031/67 376/1032/67 374/587/67 
s 111
f 376/1032/67 375/1031/67 377/588/64 
s 112
f 377/588/64 378/447/65 376/1032/67 
s 113
f 378/447/65 377/588/64 361/364/64 
s 114
f 361/364/64 359/1024/64 378/447/65 
s 115
f 379/1033/67 381/1034/66 380/581/66 
s 116
f 380/581/66 382/344/67 379/1033/67 
s 117
f 379/1033/67 382/344/67 383/1035/67 
s 118
f 383/1035/67 718/1036/67 379/1033/67 
s 119
f 718/1036/67 383/1035/67 385/584/66 
s 120
f 385/584/66 386/1037/66 718/1036/67 
s 121
f 386/1037/66 385/584/66 387/585/64 
s 122
f 387/585/64 388/1038/64 386/1037/66 
s 123
f 388/1038/64 387/585/64 371/586/66 
s 124
f 371/586/66 369/1028/67 388/1038/64 
s 125
f 389/1039/90 385/1040/90 383/1041/139 
s 126
f 383/1041/139 390/1042/140 389/1039/90 
s 127
f 390/1042/140 383/1041/139 382/1043/141 
s 128
f 382/1043/141 391/1044/141 390/1042/142 
s 129
f 392/1045/1 391/1044/141 382/1043/141 
s 130
f 382/1043/141 380/998/1 392/1045/1 
s 131
f 393/1046/57 375/1047/57 717/1048/56 
s 132
f 717/1048/56 719/1049/56 393/1046/57 
s 133
f 719/1049/56 717/1048/56 370/1050/58 
s 134
f 370/1050/58 395/1051/58 719/1049/56 
s 135
f 395/1051/58 370/1050/58 371/1052/59 
s 136
f 371/1052/59 396/1053/59 395/1051/58 
s 137
f 396/1054/59 371/988/59 387/1055/91 
s 138
f 387/1055/91 397/1056/91 396/1054/59 
s 139
f 397/1056/91 387/1055/91 385/1040/90 
s 140
f 385/1040/90 389/1039/90 397/1056/91 
s 141
f 398/1057/98 365/1058/98 363/1059/126 
s 142
f 363/1059/126 399/1060/126 398/1057/98 
s 143
f 399/1060/126 363/1059/126 360/1061/143 
s 144
f 360/1061/143 400/1062/143 399/1060/126 
s 145
f 400/1062/143 360/1061/143 361/1063/144 
s 146
f 361/1063/144 401/1064/144 400/1062/143 
s 147
f 401/1064/144 361/1063/144 377/1065/92 
s 148
f 377/1065/92 720/1066/145 401/1064/144 
s 149
f 720/1066/145 377/1065/92 375/1047/57 
s 150
f 375/1047/57 393/1046/57 720/1066/145 
s 151
f 403/507/134 404/508/10 358/499/10 
s 152
f 358/499/10 355/1067/134 403/507/134 
s 153
f 403/507/134 355/1067/134 352/1068/133 
s 154
f 352/1068/133 405/505/146 403/507/134 
s 155
f 405/505/146 352/1068/133 353/1069/100 
s 156
f 353/1069/100 406/506/100 405/505/146 
s 157
f 406/506/100 353/1069/100 367/1070/99 
s 158
f 367/1070/99 407/516/99 406/506/100 
s 159
f 407/516/99 367/1070/99 365/490/98 
s 160
f 365/490/98 398/517/98 407/516/99 
s 161
f 408/375/66 410/1021/66 409/593/66 
s 162
f 409/593/66 721/594/66 408/375/66 
s 163
f 721/594/66 409/593/66 412/595/66 
s 164
f 412/595/66 413/368/66 721/594/66 
s 165
f 414/597/66 413/368/66 412/595/66 
s 166
f 412/595/66 415/596/66 414/597/66 
s 167
f 416/365/64 418/364/66 417/362/64 
s 168
f 417/362/64 419/590/64 416/365/64 
s 169
f 419/590/64 417/362/64 420/359/67 
s 170
f 420/359/67 421/1026/67 419/590/64 
s 171
f 421/1026/67 420/359/67 422/591/66 
s 172
f 422/591/66 423/358/66 421/1026/67 
s 173
f 423/358/66 422/591/66 424/376/66 
s 174
f 424/376/66 425/377/66 423/358/66 
s 175
f 425/377/66 424/376/66 410/1021/66 
s 176
f 410/1021/66 408/375/66 425/377/66 
s 177
f 426/1028/64 428/586/66 427/1029/64 
s 178
f 427/1029/64 722/353/66 426/1028/64 
s 179
f 722/353/66 427/1029/64 723/349/66 
s 180
f 723/349/66 431/587/64 722/353/66 
s 181
f 431/587/64 723/349/66 432/350/66 
s 182
f 432/350/66 433/348/66 431/587/64 
s 183
f 433/348/66 432/350/66 434/588/66 
s 184
f 434/588/66 435/589/66 433/348/66 
s 185
f 435/589/66 434/588/66 418/364/66 
s 186
f 418/364/66 416/365/64 435/589/66 
s 187
f 436/345/66 438/580/66 437/581/66 
s 188
f 437/581/66 439/344/66 436/345/66 
s 189
f 436/345/66 439/344/66 440/582/66 
s 190
f 440/582/66 724/1071/66 436/345/66 
s 191
f 724/1071/66 440/582/66 442/584/66 
s 192
f 442/584/66 443/340/66 724/1071/66 
s 193
f 443/340/66 442/584/66 444/585/64 
s 194
f 444/585/64 445/357/64 443/340/66 
s 195
f 445/357/64 444/585/64 428/586/66 
s 196
f 428/586/66 426/1028/64 445/357/64 
s 197
f 446/1072/90 442/1073/90 440/1074/139 
s 198
f 440/1074/139 447/1075/139 446/1072/90 
s 199
f 447/1075/139 440/1074/139 439/1076/141 
s 200
f 439/1076/141 448/1077/141 447/1075/139 
s 201
f 449/1078/1 448/1077/141 439/1076/141 
s 202
f 439/1076/141 437/1079/1 449/1078/1 
s 203
f 450/1080/57 432/1081/57 723/1082/56 
s 204
f 723/1082/56 725/1083/56 450/1080/57 
s 205
f 725/1083/56 723/1082/56 427/1084/58 
s 206
f 427/1084/58 452/1085/58 725/1083/56 
s 207
f 452/1085/58 427/1084/58 428/1086/59 
s 208
f 428/1086/59 453/1087/59 452/1085/58 
s 209
f 453/1088/59 428/409/59 444/1089/91 
s 210
f 444/1089/91 454/1090/91 453/1088/59 
s 211
f 454/1090/91 444/1089/91 442/1073/90 
s 212
f 442/1073/90 446/1072/90 454/1090/91 
s 213
f 455/1091/97 422/1092/97 420/1093/96 
s 214
f 420/1093/96 456/1094/96 455/1091/97 
s 215
f 456/1094/96 420/1093/96 417/1095/95 
s 216
f 417/1095/95 457/1096/95 456/1094/96 
s 217
f 457/1096/95 417/1095/95 418/1097/94 
s 218
f 418/1097/94 458/1098/94 457/1096/95 
s 219
f 458/1098/94 418/1097/94 434/1099/92 
s 220
f 434/1099/92 459/1100/92 458/1098/94 
s 221
f 459/1100/92 434/1099/92 432/1081/57 
s 222
f 432/1081/57 450/1080/57 459/1100/92 
s 223
f 460/1101/134 461/1102/10 415/1103/10 
s 224
f 415/1103/10 412/1104/134 460/1101/134 
s 225
f 460/1101/134 412/1104/134 409/1105/133 
s 226
f 409/1105/133 462/1106/133 460/1101/134 
s 227
f 462/1106/133 409/1105/133 410/1107/101 
s 228
f 410/1107/101 463/1108/101 462/1106/133 
s 229
f 463/1108/101 410/1107/101 424/1109/104 
s 230
f 424/1109/104 464/1110/104 463/1108/101 
s 231
f 464/1110/104 424/1109/104 422/1111/97 
s 232
f 422/1111/97 455/1112/97 464/1110/104 
s 377
f 465/375/65 467/1021/66 466/593/64 
s 378
f 466/593/64 726/594/64 465/375/65 
s 379
f 726/594/64 466/593/64 469/1113/64 
s 380
f 469/1113/64 470/654/64 726/594/64 
s 381
f 471/597/65 470/654/64 469/1113/64 
s 382
f 469/1113/64 472/596/65 471/597/65 
s 383
f 473/365/64 475/364/64 727/647/64 
s 384
f 727/647/64 476/590/66 473/365/64 
s 385
f 476/590/66 727/647/64 477/359/66 
s 386
f 477/359/66 478/1114/66 476/590/66 
s 387
f 478/1114/66 477/359/66 479/591/66 
s 388
f 479/591/66 480/358/66 478/1114/66 
s 389
f 480/358/66 479/591/66 481/651/66 
s 390
f 481/651/66 728/377/66 480/358/66 
s 391
f 728/377/66 481/651/66 467/1021/66 
s 392
f 467/1021/66 465/375/65 728/377/66 
s 393
f 483/1028/66 485/586/67 484/1029/64 
s 394
f 484/1029/64 486/642/64 483/1028/66 
s 395
f 486/642/64 484/1029/64 487/643/66 
s 396
f 487/643/66 488/587/66 486/642/64 
s 397
f 488/587/66 487/643/66 489/350/66 
s 398
f 489/350/66 490/348/66 488/587/66 
s 399
f 490/348/66 489/350/66 491/588/66 
s 400
f 491/588/66 492/589/67 490/348/66 
s 401
f 492/589/67 491/588/66 475/364/64 
s 402
f 475/364/64 473/365/64 492/589/67 
s 403
f 493/639/64 495/580/65 494/581/65 
s 404
f 494/581/65 496/638/65 493/639/64 
s 405
f 493/639/64 496/638/65 497/582/64 
s 406
f 497/582/64 498/1071/64 493/639/64 
s 407
f 498/1071/64 497/582/64 499/584/66 
s 408
f 499/584/66 500/340/66 498/1071/64 
s 409
f 500/340/66 499/584/66 501/1115/67 
s 410
f 501/1115/67 729/357/67 500/340/66 
s 411
f 729/357/67 501/1115/67 485/586/67 
s 412
f 485/586/67 483/1028/66 729/357/67 
s 413
f 503/1116/90 499/1117/90 504/1118/139 
s 414
f 504/1118/139 730/1119/139 503/1116/90 
s 415
f 730/1119/139 504/1118/139 506/1120/141 
s 416
f 506/1120/141 731/1121/141 730/1119/139 
s 417
f 732/1122/1 731/1121/141 506/1120/141 
s 418
f 506/1120/141 509/1123/1 732/1122/1 
s 419
f 733/1124/57 489/1125/57 487/1126/56 
s 420
f 487/1126/56 734/1127/56 733/1124/57 
s 421
f 734/1127/56 487/1126/56 484/1128/58 
s 422
f 484/1128/58 735/1129/58 734/1127/56 
s 423
f 735/1129/58 484/1128/58 485/1130/59 
s 424
f 485/1130/59 736/1131/59 735/1129/58 
s 425
f 736/1132/59 485/968/59 515/1133/91 
s 426
f 515/1133/91 737/1134/91 736/1132/59 
s 427
f 737/1134/91 515/1133/91 499/1117/90 
s 428
f 499/1117/90 503/1116/90 737/1134/91 
s 429
f 738/1135/97 479/1136/97 477/1137/147 
s 430
f 477/1137/147 518/1138/147 738/1135/97 
s 431
f 518/1138/147 477/1137/147 727/1139/95 
s 432
f 727/1139/95 739/1140/95 518/1138/147 
s 433
f 739/1140/95 727/1139/95 475/1141/94 
s 434
f 475/1141/94 740/1142/94 739/1140/95 
s 435
f 740/1142/94 475/1141/94 491/1143/93 
s 436
f 491/1143/93 741/1144/93 740/1142/94 
s 437
f 741/1144/93 491/1143/93 489/1125/57 
s 438
f 489/1125/57 733/1124/57 741/1144/93 
s 439
f 742/1145/134 743/579/10 472/1146/10 
s 440
f 472/1146/10 469/1147/134 742/1145/134 
s 441
f 742/1145/134 469/1147/134 525/1148/133 
s 442
f 525/1148/133 744/1149/133 742/1145/134 
s 443
f 744/1149/133 525/1148/133 467/1150/101 
s 444
f 467/1150/101 745/1151/101 744/1149/133 
s 445
f 745/1151/101 467/1150/101 528/1152/104 
s 446
f 528/1152/104 746/1153/104 745/1151/101 
s 447
f 746/1153/104 528/1152/104 479/1154/97 
s 448
f 479/1154/97 738/571/97 746/1153/104 
s 557
f 731/451/75 732/449/75 747/503/75 
s 558
f 747/503/75 748/502/75 731/451/75 
s 559
f 730/452/76 731/451/75 748/502/75 
s 560
f 748/502/75 749/453/76 730/452/76 
s 561
f 503/454/75 730/452/76 749/453/76 
s 562
f 749/453/76 750/455/75 503/454/75 
s 563
f 751/456/77 503/454/75 750/455/75 
s 564
f 750/455/75 752/504/77 751/456/77 
s 565
f 753/440/78 751/456/77 752/504/77 
s 566
f 752/504/77 754/438/78 753/440/78 
s 567
f 735/439/76 753/440/78 754/438/78 
s 568
f 754/438/78 755/441/76 735/439/76 
s 569
f 734/501/78 735/439/76 755/441/76 
s 570
f 755/441/76 539/443/76 734/501/78 
s 571
f 733/444/75 734/501/78 539/443/76 
s 572
f 539/443/76 756/658/78 733/444/75 
s 573
f 741/446/77 733/444/75 756/658/78 
s 574
f 756/658/78 757/447/77 741/446/77 
s 575
f 740/430/78 741/446/77 757/447/77 
s 576
f 757/447/77 758/500/75 740/430/78 
s 577
f 739/429/75 740/430/78 758/500/75 
s 578
f 758/500/75 543/431/75 739/429/75 
s 579
f 518/432/77 739/429/75 543/431/75 
s 580
f 543/431/75 759/433/77 518/432/77 
s 581
f 738/434/77 518/432/77 759/433/77 
s 582
f 759/433/77 760/435/77 738/434/77 
s 583
f 761/436/75 738/434/77 760/435/77 
s 584
f 760/435/77 762/437/75 761/436/75 
s 585
f 745/422/75 761/436/75 762/437/75 
s 586
f 762/437/75 763/420/75 745/422/75 
s 587
f 744/421/75 745/422/75 763/420/75 
s 588
f 763/420/75 764/423/75 744/421/75 
s 589
f 765/424/75 744/421/75 764/423/75 
s 590
f 764/423/75 766/657/75 765/424/75 
s 591
f 767/427/75 765/424/75 766/657/75 
s 592
f 766/657/75 768/656/75 767/427/75 
s 593
f 748/636/148 747/637/10 495/1155/10 
s 594
f 495/1155/10 493/1156/148 748/636/148 
s 595
f 749/634/15 748/636/148 493/1156/148 
s 596
f 493/1156/148 498/1157/15 749/634/15 
s 597
f 750/632/17 749/634/15 498/1157/15 
s 598
f 498/1157/15 500/1158/17 750/632/17 
s 599
f 752/630/20 750/632/17 500/1158/17 
s 600
f 500/1158/17 729/1159/20 752/630/20 
s 601
f 754/629/25 752/630/20 729/1159/20 
s 602
f 729/1159/20 483/1160/25 754/629/25 
s 603
f 755/1161/34 754/1162/25 483/1163/25 
s 604
f 483/1163/25 486/1164/34 755/1161/34 
s 605
f 539/1165/31 755/1161/34 486/1164/34 
s 606
f 486/1164/34 488/1166/31 539/1165/31 
s 607
f 756/1167/28 539/1165/31 488/1166/31 
s 608
f 488/1166/31 490/1168/28 756/1167/28 
s 609
f 757/1169/35 756/1167/28 490/1168/28 
s 610
f 490/1168/28 492/1170/29 757/1169/35 
s 611
f 758/1171/30 757/1169/35 492/1170/29 
s 612
f 492/1170/29 473/1172/30 758/1171/30 
s 613
f 543/1173/36 758/1171/30 473/1172/30 
s 614
f 473/1172/30 476/1174/36 543/1173/36 
s 615
f 759/1175/37 543/1173/36 476/1174/36 
s 616
f 476/1174/36 478/1176/37 759/1175/37 
s 617
f 760/1177/39 759/1175/37 478/1176/37 
s 618
f 478/1176/37 480/1178/41 760/1177/39 
s 619
f 762/1179/86 760/1020/39 480/1180/41 
s 620
f 480/1180/41 728/1181/86 762/1179/86 
s 621
f 763/1182/43 762/1179/86 728/1181/86 
s 622
f 728/1181/86 465/1183/42 763/1182/43 
s 623
f 764/1184/45 763/1182/43 465/1183/42 
s 624
f 465/1183/42 726/1185/45 764/1184/45 
s 625
f 766/1186/149 764/1184/45 726/1185/45 
s 626
f 726/1185/45 470/1187/149 766/1186/149 
s 627
f 768/1188/1 766/1186/149 470/1187/149 
s 628
f 470/1187/149 471/1189/1 768/1188/1 
s 701
f 448/451/75 449/449/75 560/450/75 
s 702
f 560/450/75 561/448/75 448/451/75 
s 703
f 447/452/76 448/451/75 561/448/75 
s 704
f 561/448/75 769/453/76 447/452/76 
s 705
f 446/454/75 447/452/76 769/453/76 
s 706
f 769/453/76 563/455/75 446/454/75 
s 707
f 454/456/75 446/454/75 563/455/75 
s 708
f 563/455/75 564/504/76 454/456/75 
s 709
f 453/440/78 454/456/75 564/504/76 
s 710
f 564/504/76 565/438/78 453/440/78 
s 711
f 452/439/75 453/440/78 565/438/78 
s 712
f 565/438/78 566/441/75 452/439/75 
s 713
f 725/541/75 452/439/75 566/441/75 
s 714
f 566/441/75 567/443/75 725/541/75 
s 715
f 450/444/76 725/541/75 567/443/75 
s 716
f 567/443/75 568/445/76 450/444/76 
s 717
f 459/446/77 450/444/76 568/445/76 
s 718
f 568/445/76 569/447/77 459/446/77 
s 719
f 458/430/77 459/446/77 569/447/77 
s 720
f 569/447/77 570/500/77 458/430/77 
s 721
f 457/540/76 458/430/77 570/500/77 
s 722
f 570/500/77 571/431/76 457/540/76 
s 723
f 456/432/77 457/540/76 571/431/76 
s 724
f 571/431/76 572/433/77 456/432/77 
s 725
f 455/434/75 456/432/77 572/433/77 
s 726
f 572/433/77 573/435/75 455/434/75 
s 727
f 464/436/78 455/434/75 573/435/75 
s 728
f 573/435/75 574/437/78 464/436/78 
s 729
f 463/422/78 464/436/78 574/437/78 
s 730
f 574/437/78 575/420/75 463/422/78 
s 731
f 462/421/75 463/422/78 575/420/75 
s 732
f 575/420/75 770/423/75 462/421/75 
s 733
f 460/424/75 462/421/75 770/423/75 
s 734
f 770/423/75 577/425/75 460/424/75 
s 735
f 461/427/75 460/424/75 577/425/75 
s 736
f 577/425/75 578/426/75 461/427/75 
s 737
f 391/451/75 392/449/75 579/503/75 
s 738
f 579/503/75 580/502/75 391/451/75 
s 739
f 390/452/76 391/451/75 580/502/75 
s 740
f 580/502/75 771/453/76 390/452/76 
s 741
f 389/454/75 390/452/76 771/453/76 
s 742
f 771/453/76 582/455/75 389/454/75 
s 743
f 397/456/76 389/454/75 582/455/75 
s 744
f 582/455/75 583/504/76 397/456/76 
s 745
f 396/440/78 397/456/76 583/504/76 
s 746
f 583/504/76 584/438/78 396/440/78 
s 747
f 395/439/76 396/440/78 584/438/78 
s 748
f 584/438/78 585/441/78 395/439/76 
s 749
f 719/501/78 395/439/76 585/441/78 
s 750
f 585/441/78 586/443/76 719/501/78 
s 751
f 393/444/75 719/501/78 586/443/76 
s 752
f 586/443/76 587/445/78 393/444/75 
s 753
f 720/446/77 393/444/75 587/445/78 
s 754
f 587/445/78 772/447/77 720/446/77 
s 755
f 401/430/77 720/446/77 772/447/77 
s 756
f 772/447/77 589/500/77 401/430/77 
s 757
f 400/429/76 401/430/77 589/500/77 
s 758
f 589/500/77 590/431/76 400/429/76 
s 759
f 399/432/78 400/429/76 590/431/76 
s 760
f 590/431/76 591/433/78 399/432/78 
s 761
f 398/434/75 399/432/78 591/433/78 
s 762
f 591/433/78 592/435/75 398/434/75 
s 763
f 407/436/75 398/434/75 592/435/75 
s 764
f 592/435/75 593/437/75 407/436/75 
s 765
f 406/422/75 407/436/75 593/437/75 
s 766
f 593/437/75 594/420/77 406/422/75 
s 767
f 405/421/78 406/422/75 594/420/77 
s 768
f 594/420/77 773/423/78 405/421/78 
s 769
f 403/424/78 405/421/78 773/423/78 
s 770
f 773/423/78 596/657/78 403/424/78 
s 771
f 404/427/78 403/424/78 596/657/78 
s 772
f 596/657/78 597/656/78 404/427/78 
s 773
f 704/1113/66 705/596/66 774/597/66 
s 774
f 774/597/66 775/654/66 704/1113/66 
s 775
f 703/593/66 704/1113/66 775/654/66 
s 776
f 775/654/66 776/594/66 703/593/66 
s 777
f 601/592/66 703/593/66 776/594/66 
s 778
f 776/594/66 777/375/66 601/592/66 
s 779
f 339/651/66 601/592/66 777/375/66 
s 780
f 777/375/66 778/652/66 339/651/66 
s 781
f 708/650/66 339/651/66 778/652/66 
s 782
f 778/652/66 604/358/66 708/650/66 
s 783
f 707/1190/66 708/650/66 604/358/66 
s 784
f 604/358/66 779/649/66 707/1190/66 
s 785
f 335/647/66 707/1190/66 779/649/66 
s 786
f 779/649/66 607/590/66 335/647/66 
s 787
f 706/1191/66 335/647/66 607/590/66 
s 788
f 607/590/66 780/646/66 706/1191/66 
s 789
f 345/1192/66 706/1191/66 780/646/66 
s 790
f 780/646/66 609/589/66 345/1192/66 
s 791
f 711/1193/66 345/1192/66 609/589/66 
s 792
f 609/589/66 692/644/66 711/1193/66 
s 793
f 343/643/66 711/1193/66 692/644/66 
s 794
f 692/644/66 610/587/66 343/643/66 
s 795
f 611/1194/66 343/643/66 610/587/66 
s 796
f 610/587/66 294/642/66 611/1194/66 
s 797
f 709/586/66 611/1194/66 294/642/66 
s 798
f 294/642/66 296/355/66 709/586/66 
s 799
f 350/1115/66 709/586/66 296/355/66 
s 800
f 296/355/66 781/641/66 350/1115/66 
s 801
f 715/584/66 350/1115/66 781/641/66 
s 802
f 781/641/66 688/340/66 715/584/66 
s 803
f 714/582/66 715/584/66 688/340/66 
s 804
f 688/340/66 687/583/66 714/582/66 
s 805
f 712/638/66 714/582/66 687/583/66 
s 806
f 687/583/66 690/639/66 712/638/66 
s 807
f 713/581/66 712/638/66 690/639/66 
s 808
f 690/639/66 691/580/66 713/581/66 
s 809
f 775/1195/149 774/1196/55 321/599/55 
s 810
f 321/599/55 319/601/149 775/1195/149 
s 811
f 776/1197/45 775/1195/149 319/601/149 
s 812
f 319/601/149 700/603/45 776/1197/45 
s 813
f 777/1198/42 776/1197/45 700/603/45 
s 814
f 700/603/45 701/605/42 777/1198/42 
s 815
f 778/1199/86 777/1198/42 701/605/42 
s 816
f 701/605/42 328/607/86 778/1199/86 
s 817
f 604/1132/150 778/1199/86 328/607/86 
s 818
f 328/607/86 309/609/150 604/1132/150 
s 819
f 779/1200/37 604/1201/150 309/1202/150 
s 820
f 309/1202/150 697/1203/37 779/1200/37 
s 821
f 607/1204/36 779/1200/37 697/1203/37 
s 822
f 697/1203/37 314/1205/36 607/1204/36 
s 823
f 780/1206/30 607/1204/36 314/1205/36 
s 824
f 314/1205/36 698/1207/30 780/1206/30 
s 825
f 609/1208/35 780/1206/30 698/1207/30 
s 826
f 698/1207/30 318/1209/35 609/1208/35 
s 827
f 692/970/28 609/1208/35 318/1209/35 
s 828
f 318/1209/35 291/971/28 692/970/28 
# 0 polygons - 1904 triangles