# Blender v2.79 (sub 0) OBJ File: 'junkfence1.blend'
# www.blender.org
mtllib wastelandchurch.mtl
o WastelandChurch01:7
v 2.000001 0.295443 -2.320001
v 2.000001 0.295443 -4.640002
v -0.000000 0.295443 -2.320001
v -0.000000 0.295443 -4.640002
v 2.000001 0.295443 2.320001
v 2.000001 0.295443 0.000000
v -0.000000 0.295443 2.320001
v -0.000000 0.295443 0.000000
v 2.000001 0.295443 0.000000
v 2.000001 0.295443 -2.320001
v -0.000000 0.295443 0.000000
v -0.000000 0.295443 -2.320001
v -0.000000 0.295443 -4.640002
v -2.000001 0.295443 -4.640002
v -0.000000 0.295443 -2.320001
v -2.000001 0.295443 -2.320001
v -0.000000 0.295443 0.000000
v -2.000001 0.295443 0.000000
v -0.000000 0.295443 2.320001
v -2.000001 0.295443 2.320001
v -0.000000 0.295443 -2.320001
v -2.000001 0.295443 -2.320001
v -0.000000 0.295443 0.000000
v -2.000001 0.295443 0.000000
v 2.000001 0.295443 -9.120005
v 2.000001 0.000000 -9.120005
v -0.000000 0.295443 -9.120004
v -0.000000 0.000000 -9.120004
v -2.000001 0.295443 -9.120005
v -2.000001 0.000000 -9.120005
v -3.200001 0.295443 -9.120005
v -3.200001 0.000000 -9.120005
v -3.200001 0.295443 -4.702837
v -3.200001 0.000000 -4.702837
v -4.000002 0.295443 -4.640002
v -4.000002 0.000000 -4.640002
v 4.000002 0.295443 -4.640002
v 4.000002 0.000000 -4.640002
v 3.200001 0.295443 -4.702837
v 3.200001 0.000000 -4.702837
v 4.000002 0.295443 -2.320001
v 4.000002 0.000000 -2.320001
v 4.000002 0.295443 -4.640002
v 4.000002 0.000000 -4.640002
v -4.000002 0.295443 2.320001
v -4.000002 0.000000 2.320001
v -4.000002 0.295443 4.640002
v -4.000002 0.000000 4.640002
v 4.000002 0.295443 2.320001
v 4.000002 0.000000 2.320001
v 4.000002 0.295443 0.000000
v 4.000002 0.000000 0.000000
v -4.000002 0.295443 -2.320001
v -4.000002 0.000000 -2.320001
v -4.000002 0.295443 0.000000
v -4.000002 0.000000 0.000000
v 4.000002 0.295443 0.000000
v 4.000002 0.000000 0.000000
v 4.000002 0.295443 -2.320001
v 4.000002 0.000000 -2.320001
v -4.000002 0.295443 -4.640002
v -4.000002 0.000000 -4.640002
v -4.000002 0.295443 -2.320001
v -4.000002 0.000000 -2.320001
v -4.000002 0.295443 0.000000
v -4.000002 0.000000 0.000000
v -4.000002 0.295443 2.320001
v -4.000002 0.000000 2.320001
v 4.000002 0.295443 4.640002
v 4.000002 0.000000 4.640002
v 4.000002 0.295443 2.320001
v 4.000002 0.000000 2.320001
v 3.200001 0.295443 -9.120005
v 3.200001 0.000000 -9.120005
v 2.000001 0.295443 -9.120005
v 2.000001 0.000000 -9.120005
v -0.000000 0.295443 -9.120004
v -0.000000 0.000000 -9.120004
v -2.000001 0.295443 -9.120005
v -2.000001 0.000000 -9.120005
v 3.200001 0.295443 -6.880003
v 3.200001 0.000000 -6.880003
v 3.200001 0.295443 -9.120005
v 3.200001 0.000000 -9.120005
v 3.200001 0.295443 -4.702837
v 3.200001 0.000000 -4.702837
v 3.200001 0.295443 -6.880003
v 3.200001 0.000000 -6.880003
v -4.000002 0.295443 4.640002
v -4.000002 0.000000 4.640002
v -2.000001 0.295443 4.640002
v -2.000001 0.000000 4.640002
v 2.000001 0.295443 4.640002
v 2.000001 0.000000 4.640002
v 4.000002 0.295443 4.640002
v 4.000002 0.000000 4.640002
v -3.200001 0.295443 -6.880003
v -3.200001 0.000000 -6.880003
v -3.200001 0.295443 -4.702837
v -3.200001 0.000000 -4.702837
v -3.200001 0.295443 -9.120005
v -3.200001 0.000000 -9.120005
v -3.200001 0.295443 -6.880003
v -3.200001 0.000000 -6.880003
v -0.000000 0.295443 5.280003
v -0.000000 0.000000 5.280003
v 2.000001 0.295443 5.280003
v 2.000001 0.000000 5.280003
v -2.000001 0.295443 5.280003
v -2.000001 0.000000 5.280003
v -0.000000 0.295443 5.280003
v -0.000000 0.000000 5.280003
v 2.000001 0.295443 4.640002
v 2.000001 0.295443 5.280003
v 2.000001 0.000000 4.640002
v 2.000001 0.000000 5.280003
v -2.000001 0.000000 4.640002
v -2.000001 0.000000 5.280003
v -2.000001 0.295443 4.640002
v -2.000001 0.295443 5.280003
v -4.000002 0.295443 -4.640002
v -3.072002 0.295443 -4.640002
v -3.200001 0.295443 -4.702837
v -3.072002 0.295443 -6.880003
v -3.200001 0.295443 -6.880003
v -2.880004 0.295443 -4.640002
v -2.880005 0.295443 -6.560009
v -2.000001 0.295443 -4.640002
v -2.000001 0.295443 -6.560009
v -2.000001 0.295443 -6.836225
v -2.880005 0.295443 -6.836225
v -2.000001 0.295443 -6.880003
v -2.880005 0.295443 -6.880003
v -3.840002 0.295443 -4.480000
v -3.680002 0.295443 -4.320002
v -3.072002 0.295443 -4.480001
v -2.880009 0.295443 -4.320003
v -4.000002 0.295443 -4.640002
v -3.072002 0.295443 -4.640002
v -2.880004 0.295443 -4.640002
v -2.000001 0.295443 -4.640002
v -2.000001 0.295443 -2.320001
v -3.680002 0.295443 -2.320001
v -3.840002 0.295443 -2.320001
v -4.000002 0.295443 -2.320001
v 2.000001 0.295443 -6.880003
v -0.000000 0.295443 -6.880003
v 2.000001 0.295443 -6.836225
v -0.000000 0.295443 -6.836225
v -0.000000 0.295443 -6.560009
v 2.000001 0.295443 -6.560008
v -0.000000 0.295443 -4.640002
v 2.000001 0.295443 -4.640002
v 2.000001 0.295443 0.000000
v 2.000001 0.295443 2.320001
v 3.680001 0.295443 0.000000
v 3.680001 0.295443 2.320001
v 3.840001 0.295443 0.000000
v 3.840000 0.295443 2.320001
v 4.000002 0.295443 2.320001
v 4.000002 0.295443 0.000000
v -0.000000 0.295443 -6.880003
v -2.000001 0.295443 -6.880003
v -0.000000 0.295443 -6.836225
v -2.000001 0.295443 -6.836225
v -0.000000 0.295443 -6.560009
v -2.000001 0.295443 -6.560009
v -2.000001 0.295443 -4.640002
v -0.000000 0.295443 -4.640002
v 4.000002 0.295443 -2.320001
v 3.840001 0.295443 -2.320001
v 4.000002 0.295443 0.000000
v 3.840001 0.295443 0.000000
v 3.680001 0.295443 0.000000
v 3.680001 0.295443 -2.320001
v 2.000001 0.295443 -2.320001
v 2.000001 0.295443 0.000000
v -0.956221 0.295443 -8.800003
v -2.000001 0.295443 -8.960002
v -1.043779 0.295443 -8.800003
v -2.000001 0.295443 -8.800003
v -2.000001 0.295443 -7.200004
v -1.043779 0.295443 -7.200004
v -0.000000 0.295443 -9.120004
v -2.000001 0.295443 -9.120005
v -0.000000 0.295443 -8.960002
v -0.000000 0.295443 -8.800003
v -0.000000 0.295443 -7.200003
v -0.956221 0.295443 -7.200004
v -0.956221 0.295443 -6.923782
v -0.000000 0.295443 -6.923782
v -0.000000 0.295443 -6.880003
v -2.000001 0.295443 -6.880003
v -1.043779 0.295443 -6.923782
v -2.000001 0.295443 -6.923782
v -4.000002 0.295443 -2.320001
v -4.000002 0.295443 0.000000
v -3.840002 0.295443 -2.320001
v -3.840003 0.295443 0.000000
v -3.680003 0.295443 0.000000
v -3.680002 0.295443 -2.320001
v -2.000001 0.295443 0.000000
v -2.000001 0.295443 -2.320001
v -4.000002 0.295443 0.000000
v -4.000002 0.295443 2.320001
v -3.840003 0.295443 0.000000
v -3.840003 0.295443 2.320001
v -3.680002 0.295443 2.320001
v -3.680003 0.295443 0.000000
v -2.000001 0.295443 2.320001
v -2.000001 0.295443 0.000000
v 2.000001 0.295443 -9.120005
v 2.000001 0.295443 -8.960002
v 3.200001 0.295443 -9.120005
v 3.072000 0.295443 -8.960002
v 3.200001 0.295443 -6.880003
v 3.072001 0.295443 -6.880003
v 2.880003 0.295443 -8.800003
v 2.000001 0.295443 -8.800004
v 2.000001 0.295443 -7.200003
v 2.880004 0.295443 -7.200004
v 2.880004 0.295443 -6.923782
v 2.880004 0.295443 -6.880003
v 2.000001 0.295443 -6.880003
v 2.000001 0.295443 -6.923782
v -0.000000 0.295443 -9.120004
v -0.000000 0.295443 -8.960002
v 2.000001 0.295443 -9.120005
v 2.000001 0.295443 -8.960002
v -0.000000 0.295443 -8.800003
v 2.000001 0.295443 -8.800004
v -0.000000 0.295443 -7.200003
v 2.000001 0.295443 -7.200003
v -0.000000 0.295443 -6.923782
v 2.000001 0.295443 -6.923782
v -0.000000 0.295443 -6.880003
v 2.000001 0.295443 -6.880003
v 2.000001 0.295443 4.640002
v 4.000002 0.295443 4.640002
v 2.000001 0.295443 4.480001
v 3.840002 0.295443 4.480001
v 4.000002 0.295443 2.320001
v 3.840000 0.295443 2.320001
v 3.680002 0.295443 4.320002
v 3.680001 0.295443 2.320001
v 2.000001 0.295443 2.320001
v 2.000001 0.295443 4.320002
v 2.000001 0.295443 2.320001
v -0.000000 0.295443 2.320001
v 2.000001 0.295443 4.320002
v 0.960000 0.295443 4.320001
v -0.000000 0.295443 4.640002
v 0.960000 0.295443 4.640002
v 1.104584 0.295443 4.480002
v 1.104584 0.295443 4.640002
v 2.000001 0.295443 4.640002
v 2.000001 0.295443 4.480001
v -2.000001 0.295443 2.320001
v -2.000001 0.295443 4.320002
v -0.000000 0.295443 2.320001
v -0.960000 0.295443 4.320001
v -0.000000 0.295443 4.640002
v -0.960000 0.295443 4.640002
v -1.104583 0.295443 4.480002
v -1.104583 0.295443 4.640002
v -2.000001 0.295443 4.640002
v -2.000001 0.295443 4.480002
v -0.000000 0.295443 4.640002
v -0.000000 0.295443 4.960001
v 0.960000 0.295443 4.640002
v 0.960000 0.295443 4.960001
v 1.104584 0.295443 4.640002
v 1.104584 0.295443 5.120003
v 2.000001 0.295443 4.640002
v 2.000001 0.295443 5.280003
v -0.000000 0.295443 5.280003
v -0.000000 0.295443 5.120002
v -4.000002 0.295443 4.640002
v -2.000001 0.295443 4.640002
v -3.840001 0.295443 4.480002
v -2.000001 0.295443 4.480002
v -3.680001 0.295443 4.320002
v -2.000001 0.295443 4.320002
v -2.000001 0.295443 2.320001
v -3.680002 0.295443 2.320001
v -3.840003 0.295443 2.320001
v -4.000002 0.295443 2.320001
v -2.000001 0.295443 5.280003
v -0.000000 0.295443 5.280003
v -1.104583 0.295443 5.120002
v -0.000000 0.295443 5.120002
v -0.000000 0.295443 4.960001
v -0.960000 0.295443 4.960002
v -0.000000 0.295443 4.640002
v -0.960000 0.295443 4.640002
v -1.104583 0.295443 4.640002
v -2.000001 0.295443 4.640002
v 4.000002 0.295443 -4.640002
v 3.200001 0.295443 -4.702837
v 3.072001 0.295443 -4.640002
v 3.200001 0.295443 -6.880003
v 3.072001 0.295443 -6.880003
v 2.880004 0.295443 -6.880003
v 2.880004 0.295443 -6.836225
v 2.000001 0.295443 -6.880003
v 2.000001 0.295443 -6.836225
v 2.000001 0.295443 -6.560008
v 2.880005 0.295443 -6.560008
v 2.000001 0.295443 -4.640002
v 2.880013 0.295443 -4.640002
v 3.840001 0.295443 -2.320001
v 4.000002 0.295443 -2.320001
v 3.840001 0.295443 -4.480002
v 4.000002 0.295443 -4.640002
v 3.072001 0.295443 -4.640002
v 3.072001 0.295443 -4.480001
v 2.880013 0.295443 -4.640002
v 2.879999 0.295443 -4.320002
v 2.000001 0.295443 -4.640002
v 2.000001 0.295443 -2.320001
v 3.680001 0.295443 -2.320001
v 3.680001 0.295443 -4.320003
v -2.000001 0.295443 -6.880003
v -2.000001 0.295443 -6.923782
v -2.880005 0.295443 -6.923782
v -2.000001 0.295443 -7.200004
v -2.880005 0.295443 -7.200003
v -2.000001 0.295443 -8.800003
v -2.880005 0.295443 -8.800003
v -2.000001 0.295443 -8.960002
v -3.072003 0.295443 -8.960002
v -2.000001 0.295443 -9.120005
v -3.200001 0.295443 -9.120005
v -3.200001 0.295443 -6.880003
v -3.072002 0.295443 -6.880003
v -2.880005 0.295443 -6.880003
v -0.000000 6.890769 4.320001
v 0.782524 6.542367 4.960001
v -0.000000 6.890769 4.960001
v 0.782524 6.542367 4.960001
v -0.000000 6.890769 4.320001
v 0.960000 6.463349 4.320001
v -0.960000 6.463349 4.320002
v -0.782524 6.542366 4.960002
v -0.960000 6.463349 4.960002
v 0.782524 6.542367 4.960001
v 0.960000 6.463349 4.320001
v 0.960000 6.463349 4.960001
v -0.960000 6.463349 4.320002
v -0.000000 6.890769 4.960001
v -0.782524 6.542366 4.960002
v -0.000000 6.890769 4.960001
v -0.960000 6.463349 4.320002
v -0.000000 6.890769 4.320001
v 3.680001 0.295443 -3.840003
v 3.680001 0.612682 -4.320003
v 3.680001 0.295443 -4.320003
v 3.680002 2.947769 -0.763602
v 3.680002 2.597316 -1.140705
v 3.680002 2.797861 -0.595228
v 3.680002 2.188964 -0.336771
v 3.680002 2.263191 -1.246394
v 3.680001 0.612682 0.000000
v 3.680001 0.612682 -2.290804
v 3.680001 0.295443 0.000000
v 3.680001 0.295443 -2.290804
v 3.680001 0.612682 -3.840003
v 3.680001 2.637154 -4.141055
v 3.680002 2.910690 -4.320003
v 3.680002 1.644189 -1.817814
v 3.680001 1.523775 -2.290804
v 3.680001 1.440356 -2.618476
v 3.680001 1.491605 -3.485368
v 3.680001 1.919000 -3.868376
v 3.680001 1.888130 -0.102936
v 3.680002 1.932469 0.000000
v 3.680002 1.413141 0.902600
v 3.680002 1.992148 0.138552
v 3.680002 3.276884 0.370114
v 3.680002 2.448322 0.156674
v 3.680002 2.532683 0.902597
v 3.680002 3.876683 2.290805
v 3.680002 3.876683 0.334497
v 3.680002 4.324683 2.290805
v 3.680002 4.324683 0.319364
v 3.680002 4.772684 0.472977
v 3.680002 4.772684 2.290805
v 3.680002 4.324683 4.000002
v 3.680002 4.772684 4.000003
v 3.680002 4.772684 4.320001
v 3.680002 4.324683 4.320001
v 3.680002 3.876683 4.000003
v 3.680002 3.876683 4.320002
v 3.680002 0.612682 4.320002
v 3.680002 0.612682 4.000002
v 3.680002 2.532683 3.628210
v 3.680002 1.412683 3.628203
v 3.680001 0.612682 2.290805
v 3.680002 1.413600 3.142603
v 3.680002 2.532683 3.142597
v 3.680002 0.295443 4.320002
v 3.680002 0.612682 4.320002
v 3.680002 0.295443 4.000002
v 3.680002 0.612682 4.000002
v 3.680000 0.295443 2.290805
v 3.680001 1.411766 1.388200
v 3.680002 2.532683 1.388210
v -3.680002 4.324683 -2.111070
v -3.680002 4.772684 -2.290804
v -3.680002 4.772684 -2.026935
v -3.680002 2.342860 -1.440473
v -3.680002 1.684591 -1.379051
v -3.680002 2.603199 -1.644617
v -3.680002 3.074058 -2.125389
v -3.680002 0.612682 -2.290803
v -3.680002 3.876683 -2.183571
v -3.680002 3.876683 -2.290804
v -3.680002 4.324683 -2.290804
v -3.680002 4.324683 -3.840002
v -3.680002 4.772684 -3.840002
v -3.680002 4.324683 -4.320002
v -3.680002 4.772684 -4.320002
v -3.680002 3.876683 -3.840002
v -3.680002 3.876683 -4.320002
v -3.680002 0.612682 -4.320002
v -3.680002 0.612682 -3.840002
v -3.680002 0.295443 -4.320003
v -3.680002 0.295443 -3.840002
v -3.680002 0.295443 -2.290803
v -3.680003 0.612682 0.000001
v -3.680003 0.295443 0.000001
v -3.680002 0.612682 2.290805
v -3.680002 0.295443 2.290805
v -3.680001 0.612682 4.000002
v -3.680001 0.295443 4.000001
v -3.680001 0.612682 4.320002
v -3.680001 0.295443 4.320002
v -3.680002 3.876683 4.320002
v -3.680002 3.876683 4.000002
v -3.680002 1.412683 3.628210
v -3.680002 2.532683 3.628209
v -3.680002 3.876683 2.290804
v -3.680002 2.532683 3.142596
v -3.680001 1.412683 3.142596
v -3.680002 3.876683 0.000001
v -3.680002 3.876683 0.038367
v -3.680002 1.412683 0.902596
v -3.680002 1.412683 1.388210
v -3.680002 2.532683 1.388209
v -3.680002 2.532683 0.902596
v -3.680002 4.095460 0.192103
v -3.680002 4.208827 0.390056
v -3.680002 4.324683 2.290804
v -3.680002 3.876683 4.000002
v -3.680002 4.324683 4.000002
v -3.680002 4.324683 4.320002
v -3.680002 4.772684 4.320002
v -3.680002 4.772684 4.000002
v -3.680002 4.772684 2.290805
v -3.680002 4.772684 0.698034
v -3.680002 4.291985 0.645041
v -3.680002 3.876683 4.320002
v -3.680001 0.612682 4.320002
v -3.360002 0.295443 4.320002
v -3.680001 0.295443 4.320002
v -0.960000 4.772684 4.320001
v -0.960000 4.324683 4.320001
v -3.360002 4.772684 4.320001
v -3.360002 4.324683 4.320002
v -3.680002 4.324683 4.320002
v -3.360002 3.876683 4.320002
v -3.680002 3.876683 4.320002
v -3.360002 0.612682 4.320002
v -0.960000 0.612682 4.320001
v -0.960000 0.295443 4.320001
v -0.960000 3.876683 4.320001
v -1.912256 2.532683 4.320003
v -1.426644 2.532683 4.320002
v -0.960000 0.612682 4.320001
v -1.426649 1.413599 4.320002
v -1.912246 1.411766 4.320002
v -2.710275 1.413599 4.320003
v -2.710269 2.532683 4.320003
v -3.195882 2.532683 4.320003
v -3.195872 1.411766 4.320002
v -3.680002 4.772684 4.320002
v -3.360002 5.028684 4.320002
v -2.080001 6.052683 4.320002
v -0.960000 4.772684 4.320001
v -0.960000 6.463349 4.320002
v -1.104583 6.492105 4.320001
v -0.000000 6.890769 4.320001
v -0.000000 6.989711 4.320001
v 1.104584 6.492104 4.320001
v 0.960000 6.463349 4.320001
v 3.360002 4.772684 4.320001
v 0.960000 4.324683 4.320001
v 0.960000 4.772684 4.320001
v 3.680002 4.772684 4.320001
v 3.680002 4.324683 4.320001
v 3.360002 4.324683 4.320001
v 3.360002 3.876683 4.320002
v 0.960000 3.876683 4.320001
v 2.710268 2.532683 4.320003
v 1.912256 2.532683 4.320003
v 1.912249 1.413599 4.320003
v 2.710278 1.411766 4.320002
v 3.360002 0.612682 4.320002
v 3.195875 1.413599 4.320003
v 3.195881 2.532683 4.320003
v 3.680002 3.876683 4.320002
v 3.680002 0.612682 4.320002
v 3.680002 0.295443 4.320002
v 3.360002 0.295443 4.320002
v 0.960000 0.295443 4.320001
v 0.960000 0.612682 4.320001
v 1.426653 1.411766 4.320002
v 1.426643 2.532683 4.320002
v 1.862257 2.482683 4.480001
v 1.862256 2.482683 4.320003
v 1.862257 1.462682 4.480002
v 1.862256 1.462683 4.320003
v 1.476644 2.482683 4.480001
v 1.476643 2.482683 4.320003
v 1.862257 2.482683 4.480001
v 1.862256 2.482683 4.320003
v 1.476644 1.462683 4.480001
v 1.476643 1.462682 4.320003
v 1.476644 2.482683 4.480001
v 1.476643 2.482683 4.320003
v -1.476642 1.462682 4.480002
v -1.476643 1.462683 4.320003
v -1.862256 1.462683 4.480001
v -1.862256 1.462682 4.320003
v -1.476642 2.482683 4.480001
v -1.476643 2.482683 4.320003
v -1.476642 1.462682 4.480002
v -1.476643 1.462683 4.320003
v -1.862255 2.482683 4.480001
v -1.862256 2.482683 4.320003
v -1.476642 2.482683 4.480001
v -1.476643 2.482683 4.320003
v -1.862256 1.462683 4.480001
v -1.862256 1.462682 4.320003
v -1.862255 2.482683 4.480001
v -1.862256 2.482683 4.320003
v -2.760268 1.462682 4.480002
v -2.760269 1.462683 4.320003
v -3.145881 1.462683 4.480001
v -3.145882 1.462682 4.320003
v -2.760268 2.482683 4.480001
v -2.760269 2.482683 4.320003
v -2.760268 1.462682 4.480002
v -2.760269 1.462683 4.320003
v -3.145881 2.482683 4.480001
v -3.145882 2.482683 4.320003
v -2.760268 2.482683 4.480001
v -2.760269 2.482683 4.320003
v -3.145881 1.462683 4.480001
v -3.145882 1.462682 4.320003
v -3.145881 2.482683 4.480001
v -3.145882 2.482683 4.320003
v -3.680001 1.462682 3.192596
v -3.840000 1.462683 3.192597
v -3.680001 1.462683 3.578210
v -3.840000 1.462682 3.578210
v -3.680001 2.482683 3.192596
v -3.840000 2.482683 3.192597
v -3.680001 1.462682 3.192596
v -3.840000 1.462683 3.192597
v -3.680001 2.482683 3.578209
v -3.840000 2.482683 3.578210
v -3.680001 2.482683 3.192596
v -3.840000 2.482683 3.192597
v -3.680001 1.462683 3.578210
v -3.840000 1.462682 3.578210
v -3.680001 2.482683 3.578209
v -3.840000 2.482683 3.578210
v -3.680001 1.462682 0.952596
v -3.840000 1.462683 0.952597
v -3.680001 1.462683 1.338209
v -3.840000 1.462682 1.338210
v -3.680001 2.482683 0.952596
v -3.840000 2.482683 0.952597
v -3.680001 1.462682 0.952596
v -3.840000 1.462683 0.952597
v -3.680001 2.482683 1.338209
v -3.840000 2.482683 1.338210
v -3.680001 2.482683 0.952596
v -3.840000 2.482683 0.952597
v -3.680001 1.462683 1.338209
v -3.840000 1.462682 1.338210
v -3.680001 2.482683 1.338209
v -3.840000 2.482683 1.338210
v -2.880000 1.462682 -5.952810
v -3.072003 1.462683 -5.952810
v -2.880000 1.462683 -5.567197
v -3.072004 1.462682 -5.567197
v -2.880000 2.482683 -5.952810
v -3.072003 2.482683 -5.952810
v -2.880000 1.462682 -5.952810
v -3.072003 1.462683 -5.952810
v -2.880000 2.482683 -5.567197
v -3.072003 2.482683 -5.567197
v -2.880000 2.482683 -5.952810
v -3.072003 2.482683 -5.952810
v -2.880000 1.462683 -5.567197
v -3.072004 1.462682 -5.567197
v -2.880000 2.482683 -5.567197
v -3.072003 2.482683 -5.567197
v -2.880000 1.462682 -8.032810
v -3.072003 1.462683 -8.032810
v -2.880000 1.462683 -7.647197
v -3.072004 1.462682 -7.647196
v -2.880000 2.482683 -8.032810
v -3.072003 2.482683 -8.032809
v -2.880000 1.462682 -8.032810
v -3.072003 1.462683 -8.032810
v -2.880000 2.482683 -7.647197
v -3.072003 2.482683 -7.647196
v -2.880000 2.482683 -8.032810
v -3.072003 2.482683 -8.032809
v -2.880000 1.462683 -7.647197
v -3.072004 1.462682 -7.647196
v -2.880000 2.482683 -7.647197
v -3.072003 2.482683 -7.647196
v -1.085081 7.437470 2.620156
v -0.925301 7.429096 2.620155
v -1.087412 7.392966 2.110781
v -0.927633 7.384592 2.110780
v -0.854785 8.774617 2.502275
v -0.925301 7.429096 2.620155
v -1.014564 8.782991 2.502276
v -1.085081 7.437470 2.620156
v -1.016897 8.738488 1.992902
v -0.857117 8.730114 1.992900
v -1.014564 8.782991 2.502276
v -0.854785 8.774617 2.502275
v -0.927633 7.384592 2.110780
v -0.857117 8.730114 1.992900
v -1.087412 7.392966 2.110781
v -1.016897 8.738488 1.992902
v 0.214141 7.421834 3.218882
v 0.213411 7.407908 3.059491
v -0.296479 7.448595 3.218881
v -0.297210 7.434669 3.059490
v 0.283926 8.753429 2.941612
v 0.213411 7.407908 3.059491
v 0.284657 8.767356 3.101002
v 0.214141 7.421834 3.218882
v -0.225963 8.794116 3.101002
v -0.226694 8.780190 2.941612
v 0.284657 8.767356 3.101002
v 0.283926 8.753429 2.941612
v -0.297210 7.434669 3.059490
v -0.226694 8.780190 2.941612
v -0.296479 7.448595 3.218881
v -0.225963 8.794116 3.101002
v 0.994928 7.283835 2.110780
v 0.835148 7.292209 2.110781
v 0.997260 7.328339 2.620156
v 0.837480 7.336712 2.620157
v 0.905664 8.637731 1.992902
v 0.835148 7.292209 2.110781
v 1.065443 8.629357 1.992901
v 0.994928 7.283835 2.110780
v 1.067775 8.673861 2.502276
v 0.907996 8.682234 2.502277
v 1.065443 8.629357 1.992901
v 0.905664 8.637731 1.992902
v 0.837480 7.336712 2.620157
v 0.907996 8.682234 2.502277
v 0.997260 7.328339 2.620156
v 1.067775 8.673861 2.502276
v -0.304316 7.299078 1.507547
v -0.303585 7.313003 1.666937
v 0.206305 7.272316 1.507548
v 0.207035 7.286242 1.666938
v -0.233069 8.658525 1.549058
v -0.303585 7.313003 1.666937
v -0.233800 8.644599 1.389668
v -0.304316 7.299078 1.507547
v 0.276820 8.617839 1.389668
v 0.277551 8.631764 1.549058
v -0.233800 8.644599 1.389668
v -0.233069 8.658525 1.549058
v 0.207035 7.286242 1.666938
v 0.277551 8.631764 1.549058
v 0.206305 7.272316 1.507548
v 0.276820 8.617839 1.389668
v 0.640001 2.055444 5.120002
v -0.640000 2.055443 5.120002
v 0.640001 2.055443 4.960001
v -0.640000 2.055444 4.960001
v 2.760269 1.462683 4.480001
v 2.760268 1.462682 4.320003
v 2.760269 2.482683 4.480001
v 2.760268 2.482683 4.320003
v 3.840001 1.462682 3.192596
v 3.680002 1.462683 3.192597
v 3.840001 1.462683 3.578210
v 3.680002 1.462682 3.578210
v 3.840001 1.462683 1.338209
v 3.680002 1.462682 1.338210
v 3.840001 2.482683 1.338209
v 3.680002 2.482683 1.338210
v 3.840001 1.462683 3.578210
v 3.680002 1.462682 3.578210
v 3.840001 2.482683 3.578209
v 3.680002 2.482683 3.578210
v 3.840001 2.482683 3.192596
v 3.680002 2.482683 3.192597
v 3.840001 1.462682 3.192596
v 3.680002 1.462683 3.192597
v 3.145882 2.482683 4.480001
v 3.145881 2.482683 4.320003
v 3.145882 1.462682 4.480002
v 3.145881 1.462683 4.320003
v 3.145882 1.462682 4.480002
v 3.145881 1.462683 4.320003
v 2.760269 1.462683 4.480001
v 2.760268 1.462682 4.320003
v 2.154607 0.295443 -8.800003
v 2.880000 0.295443 -8.800003
v 2.365401 0.612682 -8.800003
v 2.880000 0.612682 -8.800003
v 2.365401 0.612682 -8.800003
v 2.880000 0.612682 -8.800003
v 2.568762 1.031528 -8.800003
v 2.879999 1.259840 -8.800003
v 3.840001 1.462682 0.952596
v 3.680002 1.462683 0.952597
v 3.840001 1.462683 1.338209
v 3.680002 1.462682 1.338210
v 3.840001 2.482683 3.578209
v 3.680002 2.482683 3.578210
v 3.840001 2.482683 3.192596
v 3.680002 2.482683 3.192597
v 1.862257 1.462682 4.480002
v 1.862256 1.462683 4.320003
v 1.476644 1.462683 4.480001
v 1.476643 1.462682 4.320003
v -3.840001 0.612682 4.480002
v -3.840002 0.612682 3.090581
v -3.840001 0.295443 4.480002
v -3.840002 0.295443 2.916721
v -0.960000 4.772684 4.960001
v -0.960000 4.772684 4.320001
v -0.960000 6.463349 4.960002
v -0.960000 6.463349 4.320002
v -0.960000 0.295443 4.960002
v -0.960000 0.295443 4.320001
v -0.960000 0.612682 4.960001
v -0.960000 0.612682 4.320001
v -2.560001 0.612682 -8.800003
v -2.879998 2.244688 -8.800004
v -2.880001 0.612682 -8.800003
v 0.000001 0.295443 -8.800003
v -2.560001 0.295443 -8.800003
v -2.880001 0.295443 -8.800003
v 1.319692 0.295443 -8.800003
v 1.259649 0.612682 -8.800003
v 0.000001 0.612682 -8.800003
v -2.560001 2.244688 -8.800004
v -2.560001 3.876693 -8.800004
v -2.879996 3.876694 -8.800004
v 0.000001 3.876683 -8.800003
v 0.000001 1.259840 -8.800003
v 0.636256 2.735219 -8.800003
v 0.462303 1.784502 -8.800003
v 0.628884 1.481293 -8.800003
v 0.974336 1.259840 -8.800003
v 1.145790 0.943724 -8.800003
v 0.691987 3.433989 -8.800003
v 0.567173 3.876685 -8.800003
v 0.000001 4.900683 -8.800002
v 0.102817 4.900683 -8.800002
v 0.000000 5.104628 -8.800002
v -0.225516 5.548711 -8.800004
v -1.664002 4.900683 -8.800004
v -2.560001 3.876693 -8.800004
v -2.560001 4.146162 -8.800004
v -2.879996 3.876694 -8.800004
v 3.840001 2.482683 1.338209
v 3.680002 2.482683 1.338210
v 3.840001 2.482683 0.952596
v 3.680002 2.482683 0.952597
v 3.840001 2.482683 0.952596
v 3.680002 2.482683 0.952597
v 3.840001 1.462682 0.952596
v 3.680002 1.462683 0.952597
v 2.760269 2.482683 4.480001
v 2.760268 2.482683 4.320003
v 3.145882 2.482683 4.480001
v 3.145881 2.482683 4.320003
v -0.960000 4.772684 4.960001
v -0.960000 6.463349 4.960002
v -0.782524 4.772684 4.960001
v -0.782524 6.542366 4.960002
v -0.640000 4.772684 4.960001
v -0.591283 5.017601 4.960001
v -0.452548 5.225233 4.960001
v -0.244917 5.363966 4.960001
v -0.000000 6.890769 4.960001
v -0.000000 5.412684 4.960001
v 0.244918 5.363966 4.960001
v 0.782524 6.542367 4.960001
v 0.452549 5.225233 4.960001
v 0.591283 5.017601 4.960001
v 0.782524 4.772684 4.960001
v 0.640000 4.772684 4.960001
v 0.782524 4.324683 4.960001
v 0.640000 4.324683 4.960001
v 0.782524 3.876683 4.960001
v 0.640000 3.876683 4.960001
v 0.640000 3.652682 4.960001
v 0.960000 3.876683 4.960001
v 0.960000 6.463349 4.960001
v 0.960000 4.772684 4.960001
v 0.960000 4.324683 4.960001
v 0.729035 2.135318 4.960001
v 0.960000 0.612682 4.960001
v 0.729035 0.612682 4.960001
v 0.729035 0.295443 4.960001
v 0.960000 0.295443 4.960001
v -0.000000 2.625240 4.960001
v -0.000000 3.652682 4.960001
v -0.000000 2.625240 4.960001
v -0.729035 2.135318 4.960001
v -0.000000 3.652682 4.960001
v -0.640000 3.652682 4.960001
v -0.729035 0.295443 4.960001
v -0.960000 0.295443 4.960002
v -0.729035 0.612682 4.960001
v -0.960000 0.612682 4.960001
v -0.960000 3.876683 4.960001
v -0.782524 3.876683 4.960001
v -0.640000 3.876683 4.960001
v -0.640000 4.324683 4.960001
v -0.782524 4.324683 4.960001
v -0.640000 4.772684 4.960001
v -0.782524 4.772684 4.960001
v -0.960000 4.324683 4.960001
v -0.960000 4.772684 4.960001
v -2.879996 3.876694 -8.480004
v -2.879998 2.244688 -8.480004
v -2.879996 3.876694 -8.800004
v -2.879998 2.244688 -8.800004
v -2.880001 0.295443 -8.800003
v -2.880001 0.612682 -8.800003
v -2.880001 0.295443 -8.480004
v -2.880001 0.612682 -8.480004
v -2.880000 0.612682 -7.200004
v -2.879999 1.412683 -8.082810
v -2.880000 1.412683 -7.597197
v -2.879996 3.876694 -7.200004
v -2.879999 2.532683 -7.597198
v -2.879999 2.532683 -8.082810
v -2.880000 0.295443 -7.200003
v -2.880000 0.295443 -6.923787
v -2.880005 0.612682 -4.320003
v -2.880005 0.295443 -4.320003
v -2.880000 0.612682 -4.640003
v -2.880000 0.295443 -4.640003
v -2.880000 0.612682 -6.560009
v -2.880000 0.295443 -6.560008
v -2.880000 0.295443 -6.836225
v -2.880000 0.612682 -6.836225
v -2.880000 0.612682 -6.923788
v -2.879996 3.876694 -6.923788
v -2.879996 3.876695 -6.560008
v -2.879996 3.876694 -6.836225
v -2.880005 0.612682 -4.320003
v -2.879962 3.876719 -4.320002
v -2.879995 3.876694 -4.640004
v -2.879999 1.412683 -5.517197
v -2.879999 2.532683 -5.517198
v -2.879999 2.532683 -6.002810
v -2.879999 1.412683 -6.002811
v 3.840001 4.212683 4.480001
v 3.070001 4.772684 4.480001
v 3.082861 3.652682 4.480001
v 1.596355 4.772684 4.480001
v 1.928954 3.652682 4.480002
v -3.840001 1.412683 4.480002
v -3.840001 1.412683 3.628211
v -3.840001 0.612682 4.480002
v -3.840002 0.866829 3.229863
v -3.840002 0.612682 3.090581
v -2.973356 5.338000 -4.320002
v -3.680002 4.772684 -4.320002
v -2.685920 4.829613 -4.320002
v -3.680002 4.324683 -4.320002
v -2.483699 4.471946 -4.320002
v -3.680002 0.295443 -4.320003
v -3.280003 0.295443 -4.320003
v -3.680002 0.612682 -4.320002
v -3.280003 0.612682 -4.320003
v -3.680002 3.876683 -4.320002
v -3.279982 3.876701 -4.320002
v -2.879962 3.876719 -4.320002
v -2.383030 4.295187 -4.320002
v -2.880005 0.612682 -4.320003
v -2.880005 0.295443 -4.320003
v -0.590000 3.702682 4.960001
v -0.590000 3.702682 5.120002
v 0.000001 3.702682 4.960001
v -0.000001 3.702682 5.120002
v 0.590000 3.702682 4.960001
v 0.590000 3.702682 5.120002
v -0.640000 2.055443 5.120002
v -0.640000 0.612682 5.120002
v -0.640000 2.055444 4.960001
v -0.640000 0.612682 4.960001
v -0.640000 0.295443 5.120002
v -0.640000 0.295443 4.960000
v 2.880001 0.295443 -4.640003
v 2.880001 0.612682 -6.560005
v 2.880001 0.295443 -6.560005
v 2.880000 0.612682 -8.800003
v 2.880000 0.295443 -8.800003
v 2.880006 0.295443 -4.320003
v 2.880005 0.612682 -4.320003
v 2.880001 0.612682 -4.640004
v 2.880001 0.982872 -6.236292
v 2.880001 0.881529 -6.560005
v 2.880001 0.881529 -6.560005
v 2.880001 0.743679 -7.000328
v 2.880000 0.712550 -7.602486
v 2.879999 0.959458 -8.116716
v 2.879999 1.227675 -8.544736
v 2.879999 1.259840 -8.800003
v 2.880005 0.612682 -4.320003
v 2.879975 2.910690 -4.320002
v 2.879980 2.968222 -4.357640
v 2.879998 2.756523 -4.680798
v 2.879999 2.149079 -5.052588
v 2.879999 1.696854 -5.338494
v 2.879999 1.648422 -5.803221
v -3.680002 1.264308 -1.221701
v -3.680002 1.365070 -0.927778
v -3.680002 1.771949 -0.814331
v -3.680002 2.478843 -0.419742
v -3.680002 3.538200 -0.235174
v 0.640000 0.295443 5.120002
v 0.640000 0.612682 5.120002
v 0.640001 0.295443 4.960000
v 0.640001 0.612682 4.960001
v 0.640001 2.055444 5.120002
v 0.640001 2.055443 4.960001
v 3.680002 4.772684 4.320001
v 3.360002 4.772684 4.320001
v 3.360002 5.028684 4.320001
v 0.960000 4.772684 4.320001
v 2.080001 6.052684 4.320001
v 0.960000 6.463349 4.320001
v 1.104584 6.492104 4.320001
v -3.840001 1.412683 4.480002
v -3.840001 0.612682 4.480002
v -3.195882 1.412683 4.480002
v -2.778887 1.174869 4.480002
v -2.434838 0.612682 4.480002
v -3.840001 0.295443 4.480002
v -2.240693 0.295443 4.480002
v -0.960000 4.772684 4.320001
v -0.960000 4.772684 4.960001
v -0.960000 4.324683 4.320001
v -0.960000 4.324683 4.960001
v -0.960000 3.876683 4.320001
v -0.960000 3.876683 4.960001
v -0.960000 0.612682 4.320001
v -0.960000 0.612682 4.960001
v 3.840001 2.532683 1.388209
v 3.840001 2.782239 1.139895
v 3.840001 2.828063 1.876676
v 3.840001 3.652683 2.290805
v 3.840001 3.141891 1.059402
v 3.840001 3.652683 0.347798
v 3.840001 4.212683 1.025367
v 3.840001 4.073430 1.898265
v 2.879975 2.910690 -4.320002
v 2.880005 0.612682 -4.320003
v 3.279989 2.910690 -4.320002
v 3.280003 0.612682 -4.320003
v 3.680002 2.910690 -4.320003
v 3.680001 0.612682 -4.320003
v 3.680001 0.295443 -4.320003
v 3.280003 0.295443 -4.320003
v 2.880006 0.295443 -4.320003
v 0.960000 6.463349 4.960001
v 0.960000 6.463349 4.320001
v 0.960000 4.772684 4.960001
v 0.960000 4.772684 4.320001
v 0.960000 4.324683 4.960001
v 0.960000 4.324683 4.320001
v 0.960000 3.876683 4.960001
v 0.960000 3.876683 4.320001
v 0.960000 0.612682 4.960001
v 0.960000 0.612682 4.320001
v 0.960000 0.295443 4.960001
v 0.960000 0.295443 4.320001
v 0.000000 5.361705 4.960001
v -0.000000 5.361705 5.120002
v -0.225408 5.316868 4.960002
v -0.225409 5.316867 5.120002
v -0.416500 5.189185 4.960002
v -0.416500 5.189185 5.120002
v -0.544184 4.998093 4.960002
v -0.544184 4.998093 5.120002
v -0.590000 4.767759 4.960001
v -0.590000 4.767759 5.120001
v -0.590000 3.702682 4.960001
v -0.590000 3.702682 5.120002
v 0.590000 3.702682 4.960001
v 0.590000 3.702682 5.120002
v 0.590000 4.767759 4.960002
v 0.590000 4.767759 5.120002
v 0.544184 4.998093 4.960001
v 0.544184 4.998093 5.120001
v 0.416500 5.189185 4.960001
v 0.416500 5.189185 5.120001
v 0.225409 5.316867 4.960001
v 0.225408 5.316868 5.120001
v 0.000000 5.361705 4.960001
v -0.000000 5.361705 5.120002
v 3.844002 1.686171 -3.186895
v 3.844002 1.522851 -3.186895
v 3.844002 1.686171 -4.066132
v 3.844002 1.522851 -4.066132
v 3.844001 1.522851 -2.598024
v 3.844001 1.365075 -2.598024
v 3.844001 1.522851 -3.857647
v 3.844001 1.365075 -3.857647
v 3.842001 3.099508 -4.156708
v 3.842001 2.525683 -3.565981
v 3.842001 3.099508 -4.364650
v 3.842001 2.525683 -4.364650
v 3.074002 0.818489 -5.821263
v 3.074002 0.818489 -6.700500
v 3.074002 0.981809 -5.821263
v 3.074002 0.981810 -6.700500
v 3.074003 0.660714 -6.029747
v 3.074003 0.660714 -7.289371
v 3.074003 0.818489 -6.029747
v 3.074003 0.818489 -7.289371
v 3.074002 0.818489 -7.744513
v 3.074002 0.818489 -8.623750
v 3.074002 0.981809 -7.744513
v 3.074002 0.981810 -8.623750
v 3.074003 0.660714 -7.332118
v 3.074003 0.660714 -8.591741
v 3.074003 0.818489 -7.332118
v 3.074003 0.818489 -8.591741
v 3.074002 1.568958 -8.564813
v 3.074002 0.995133 -7.974085
v 3.074002 1.568958 -8.844652
v 3.074002 0.995133 -8.844652
v 3.844002 1.522851 -4.066132
v 3.844002 1.522851 -3.186895
v 3.844002 1.686171 -4.066132
v 3.844002 1.686171 -3.186895
v 3.844001 1.365075 -3.857647
v 3.844001 1.365075 -2.598024
v 3.844001 1.522851 -3.857647
v 3.844001 1.522851 -2.598024
v 3.842001 2.525683 -4.364650
v 3.842001 2.525683 -3.565981
v 3.842001 3.099508 -4.364650
v 3.842001 3.099508 -4.156708
v 3.074002 0.981810 -6.700500
v 3.074002 0.818489 -6.700500
v 3.074002 0.981809 -5.821263
v 3.074002 0.818489 -5.821263
v 3.074003 0.818489 -7.289371
v 3.074003 0.660714 -7.289371
v 3.074003 0.818489 -6.029747
v 3.074003 0.660714 -6.029747
v 3.074002 0.981810 -8.623750
v 3.074002 0.818489 -8.623750
v 3.074002 0.981809 -7.744513
v 3.074002 0.818489 -7.744513
v 3.074003 0.818489 -8.591741
v 3.074003 0.660714 -8.591741
v 3.074003 0.818489 -7.332118
v 3.074003 0.660714 -7.332118
v 3.074002 0.995133 -8.844652
v 3.074002 0.995133 -7.974085
v 3.074002 1.568958 -8.844652
v 3.074002 1.568958 -8.564813
v 2.980466 2.811277 -4.482000
v 3.438808 3.249707 -4.482000
v 3.717684 2.811277 -4.482000
v 3.717684 3.249707 -4.482000
v 3.717684 3.249707 -4.482000
v 3.438808 3.249707 -4.482000
v 3.717684 2.811277 -4.482000
v 2.980466 2.811277 -4.482000
v 3.842001 3.159623 0.933293
v 3.842001 4.093116 1.909181
v 3.842001 3.159623 2.286285
v 3.842001 4.093116 2.286285
v 3.844001 3.270045 2.607076
v 3.844001 3.106725 2.607075
v 3.844001 3.270045 1.727839
v 3.844001 3.106725 1.727838
v 3.842000 3.106725 3.043463
v 3.842000 2.948949 3.043463
v 3.842000 3.106725 1.783840
v 3.842000 2.948949 1.783840
v 3.844001 3.755823 1.176377
v 3.844001 3.755823 0.297140
v 3.844001 3.919143 1.176377
v 3.844001 3.919143 0.297140
v 3.844000 4.022416 1.827596
v 3.844000 4.022416 0.567973
v 3.844000 4.180192 1.827596
v 3.844000 4.180192 0.567973
v 3.844001 2.532683 2.054209
v 3.844001 2.532683 0.791916
v 3.844001 3.379418 1.169020
v 3.844001 3.379418 0.791916
v 3.842001 2.945564 2.527134
v 3.842001 2.782243 2.527133
v 3.842001 2.945564 1.647897
v 3.842001 2.782243 1.647897
v 3.717684 4.511974 4.482002
v 3.562730 4.511974 4.482002
v 3.717684 3.578480 4.482002
v 2.586842 3.578480 4.482002
v 2.551585 3.849703 4.482002
v 1.575697 4.783196 4.482002
v 1.198593 3.849703 4.482002
v 1.198594 4.783196 4.482002
v 1.371960 3.922792 4.484002
v 1.371960 3.759472 4.484002
v 2.251197 3.922792 4.484002
v 2.251197 3.759472 4.484002
v 1.402890 3.759472 4.482001
v 1.402890 3.601696 4.482001
v 2.662513 3.759472 4.482001
v 2.662513 3.601696 4.482001
v 2.870742 4.478122 4.484002
v 3.749979 4.478122 4.484002
v 2.870742 4.641442 4.484002
v 3.749979 4.641442 4.484002
v 2.393389 4.606546 4.482001
v 3.653013 4.606546 4.482001
v 2.393389 4.764321 4.482001
v 3.653013 4.764321 4.482001
v -3.605040 1.419463 4.482002
v -2.602617 0.700926 4.482002
v -2.137316 1.419463 4.482002
v -2.137316 0.700926 4.482002
v -2.705602 0.700926 4.482002
v -2.705601 0.537606 4.482002
v -1.826365 0.700926 4.482002
v -1.826365 0.537606 4.482002
v -3.041532 0.537606 4.482002
v -3.041532 0.379830 4.482002
v -1.781909 0.537606 4.482002
v -1.781909 0.379830 4.482002
v -3.842001 0.281508 2.502085
v -3.842001 0.281508 3.063531
v -3.842001 1.073581 2.502086
v -3.842001 1.073581 4.071836
v -3.842001 1.239155 2.886405
v -3.842001 1.239155 3.765642
v -3.842001 1.402475 2.886406
v -3.842001 1.402476 3.765643
v -3.842001 1.081380 2.841949
v -3.842001 1.081380 4.101573
v -3.842001 1.239155 2.841950
v -3.842001 1.239155 4.101573
v 0.115204 1.470865 -8.962003
v 1.036141 1.470865 -8.962002
v 0.351271 2.392410 -8.962003
v 0.989328 2.048691 -8.962002
v 0.985981 2.392410 -8.962002
v -3.842002 3.519789 -1.487410
v -3.842002 3.176070 -1.501744
v -3.842002 3.519789 -2.415577
v -3.842002 2.598245 -1.494640
v -3.842002 2.598245 -2.415577
v -3.842002 1.611139 -0.046113
v -3.842002 1.611139 -0.967049
v -3.842002 2.532683 -0.046113
v -3.842002 2.188964 -0.959945
v -3.842002 2.532683 -0.974279
v -2.915095 5.235577 -4.482000
v -3.232193 5.235577 -4.482000
v -2.034756 4.405133 -4.482000
v -3.387748 5.127284 -4.482000
v -3.387748 4.405133 -4.482000
v 0.985981 2.392410 -8.962002
v 0.989328 2.048691 -8.962002
v 0.351271 2.392410 -8.962003
v 1.036141 1.470865 -8.962002
v 0.115204 1.470865 -8.962003
v -3.842002 2.598245 -2.415577
v -3.842002 2.598245 -1.494640
v -3.842002 3.519789 -2.415577
v -3.842002 3.176070 -1.501744
v -3.842002 3.519789 -1.487410
v -3.842002 2.532683 -0.974279
v -3.842002 2.188964 -0.959945
v -3.842002 2.532683 -0.046113
v -3.842002 1.611139 -0.967049
v -3.842002 1.611139 -0.046113
v -3.387748 4.405133 -4.482000
v -3.387748 5.127284 -4.482000
v -2.034756 4.405133 -4.482000
v -3.232193 5.235577 -4.482000
v -2.915095 5.235577 -4.482000
v 3.842001 2.532683 -0.049290
v 3.842001 2.188964 -0.034956
v 3.842001 2.532683 0.878877
v 3.842001 1.611139 -0.042060
v 3.842001 1.611139 0.878877
v 3.842001 2.118347 -1.935277
v 3.842001 1.774628 -1.920944
v 3.842001 2.118347 -1.007111
v 3.842001 1.196802 -1.928048
v 3.842001 1.196802 -1.007111
v 3.842001 2.118347 -1.007111
v 3.842001 2.242278 -1.007111
v 3.842001 2.118347 -1.935277
v 3.842001 2.242278 -2.305380
v 3.842001 2.118347 -2.244667
v 3.842002 1.475008 -4.369177
v 3.842002 1.475008 -3.448241
v 3.842002 2.396552 -4.369177
v 3.842002 2.052833 -3.455344
v 3.842002 2.396552 -3.441010
v 3.842002 2.396552 -3.131622
v 3.842002 2.520483 -3.070908
v 3.842002 2.396552 -3.441010
v 3.842002 2.520483 -4.369177
v 3.842002 2.396552 -4.369177
v 3.074002 2.035428 -4.837488
v 3.074002 2.530491 -4.837488
v 3.074002 2.035428 -4.460384
v 3.074002 2.530491 -4.460384
v 3.074002 2.968921 -4.460384
v 3.074002 2.968921 -4.837488
v 3.074002 2.530491 -5.295829
v 3.074002 2.035428 -5.496451
v 3.842002 2.396552 -3.441010
v 3.842002 2.052833 -3.455344
v 3.842002 2.396552 -4.369177
v 3.842002 1.475008 -3.448241
v 3.842002 1.475008 -4.369177
v 3.074002 2.530491 -4.460384
v 3.074002 2.530491 -4.837488
v 3.074002 2.035428 -4.460384
v 3.074002 2.035428 -4.837488
v 3.074002 2.035428 -5.496451
v 3.074002 2.530491 -5.295829
v 3.074002 2.968921 -4.837488
v 3.074002 2.968921 -4.460384
v 3.842002 2.396552 -4.369177
v 3.842002 2.520483 -4.369177
v 3.842002 2.396552 -3.441010
v 3.842002 2.520483 -3.070908
v 3.842002 2.396552 -3.131622
v 3.842001 1.611139 0.878877
v 3.842001 1.611139 -0.042060
v 3.842001 2.532683 0.878877
v 3.842001 2.188964 -0.034956
v 3.842001 2.532683 -0.049290
v 3.842001 1.196802 -1.007111
v 3.842001 1.196802 -1.928048
v 3.842001 2.118347 -1.007111
v 3.842001 1.774628 -1.920944
v 3.842001 2.118347 -1.935277
v 3.842001 2.118347 -2.244667
v 3.842001 2.242278 -2.305380
v 3.842001 2.118347 -1.935277
v 3.842001 2.242278 -1.007111
v 3.842001 2.118347 -1.007111
v 2.974147 1.425246 -8.962001
v 2.810235 1.425245 -8.962001
v 2.974147 0.986815 -8.962001
v 2.486783 0.986815 -8.962001
v 2.974147 0.574706 -8.962001
v 2.289081 0.574707 -8.962001
v -3.842002 4.772684 -0.106868
v -3.842002 4.772684 0.814775
v -3.842002 4.212683 -0.106868
v -3.842002 4.212683 0.814775
v -3.842002 3.652683 -0.106868
v -3.842002 3.652683 0.814775
v 3.842001 3.238346 -0.425931
v 3.842001 3.238347 -0.853145
v 3.842001 2.242278 -0.425932
v 3.842001 2.603644 -1.451981
v 3.842001 2.242278 -1.724201
v 3.842001 2.365672 -1.784652
v 3.074002 1.985999 -5.050452
v 3.074002 1.985999 -5.585951
v 3.074002 1.547568 -5.049156
v 3.074002 1.547568 -6.044292
v 3.074002 1.052506 -5.208847
v 3.074002 1.052506 -6.561838
v 0.602847 1.430168 -8.962002
v 0.979951 1.430168 -8.962002
v 0.392078 0.991737 -8.962002
v 1.354559 0.991737 -8.962002
v 0.331484 0.496675 -8.962002
v 1.441104 0.496675 -8.962002
v 3.842001 3.238347 -0.853145
v 3.842001 3.238346 -0.425931
v 3.842001 2.603644 -1.451981
v 3.842001 2.242278 -0.425932
v 3.842001 2.242278 -1.724201
v 3.842001 2.365672 -1.784652
v 3.842001 1.827554 -2.430840
v 3.842001 1.827554 -2.003627
v 3.842001 1.192852 -3.029676
v 3.842001 0.831485 -2.003627
v 3.842001 0.831485 -3.301896
v 3.842001 0.954879 -3.362347
v 3.074002 1.985999 -5.050452
v 3.074002 1.547568 -5.049156
v 3.074002 1.985999 -5.585951
v 3.074002 1.547568 -6.044292
v 3.074002 1.052506 -5.208847
v 3.074002 1.052506 -6.561838
v 0.096901 4.756491 -8.962003
v 1.018545 4.756491 -8.962002
v 0.213209 4.114388 -8.962003
v 1.290398 4.114388 -8.962002
v 1.387580 3.512409 -8.962002
v 0.460086 3.512409 -8.962002
v -3.842002 1.421080 -2.174087
v -3.842002 1.421080 -1.252443
v -3.842002 1.981081 -2.174087
v -3.842002 1.981081 -1.252443
v -3.842002 2.541081 -1.252444
v -3.842002 2.541082 -2.174087
v -3.842002 4.772684 0.814775
v -3.842002 4.772684 -0.106868
v -3.842002 4.212683 0.814775
v -3.842002 4.212683 -0.106868
v -3.842002 3.652683 -0.106868
v -3.842002 3.652683 0.814775
v -3.842002 2.780008 -1.167528
v -3.842002 2.532683 -1.046364
v -3.842002 3.017981 -0.834858
v -3.842002 2.532683 0.191191
v -3.842002 3.652683 0.191192
v -3.842002 3.652683 -0.236022
v 3.842001 0.954879 -3.362347
v 3.842001 0.831485 -3.301896
v 3.842001 1.192852 -3.029676
v 3.842001 0.831485 -2.003627
v 3.842001 1.827554 -2.003627
v 3.842001 1.827554 -2.430840
v 0.602847 1.430168 -8.962002
v 0.392078 0.991737 -8.962002
v 0.979951 1.430168 -8.962002
v 1.354559 0.991737 -8.962002
v 0.331484 0.496675 -8.962002
v 1.441104 0.496675 -8.962002
v 0.460086 3.512409 -8.962002
v 1.387580 3.512409 -8.962002
v 0.213209 4.114388 -8.962003
v 1.290398 4.114388 -8.962002
v 1.018545 4.756491 -8.962002
v 0.096901 4.756491 -8.962003
v -3.842002 2.541082 -2.174087
v -3.842002 2.541081 -1.252444
v -3.842002 1.981081 -2.174087
v -3.842002 1.981081 -1.252443
v -3.842002 1.421080 -1.252443
v -3.842002 1.421080 -2.174087
v -3.842002 3.652683 -0.236022
v -3.842002 3.652683 0.191192
v -3.842002 3.017981 -0.834858
v -3.842002 2.532683 0.191191
v -3.842002 2.532683 -1.046364
v -3.842002 2.780008 -1.167528
v 2.974147 1.425246 -8.962001
v 2.974147 0.986815 -8.962001
v 2.810235 1.425245 -8.962001
v 2.486783 0.986815 -8.962001
v 2.974147 0.574706 -8.962001
v 2.289081 0.574707 -8.962001
v 3.842001 3.652683 0.878877
v 3.842001 3.652683 0.451664
v 3.842001 4.212683 0.878877
v 3.842001 3.652683 -0.042766
v 3.842001 4.212683 -0.042767
v 3.842001 4.772684 -0.042766
v 3.842001 4.772684 0.878877
v 3.842001 3.652683 0.451664
v 3.842001 3.652683 0.878877
v 3.842001 3.017981 -0.147172
v 3.842001 2.532683 0.878877
v 3.842001 2.532683 -0.049290
v 3.842001 2.532683 -0.358679
v 3.842001 2.894943 -0.379332
v 1.416534 2.639735 -8.962002
v 1.295370 2.392410 -8.962002
v 1.157302 2.877707 -8.962002
v 0.985981 2.392410 -8.962002
v 0.351271 2.392410 -8.962003
v 0.460086 3.512409 -8.962002
v 0.947682 3.512409 -8.962002
v 0.838462 4.826381 -8.962001
v -0.514529 4.826381 -8.962001
v 0.320916 5.321444 -8.962001
v -0.514529 5.321444 -8.962001
v -0.514529 5.430166 -8.962001
v -0.144962 5.610106 -8.962001
v -0.041876 5.620321 -8.962001
v 3.842001 4.772684 0.878877
v 3.842001 4.772684 -0.042766
v 3.842001 4.212683 0.878877
v 3.842001 4.212683 -0.042767
v 3.842001 3.652683 -0.042766
v 3.842001 3.652683 0.451664
v 3.842001 3.652683 0.878877
v 3.842001 2.894943 -0.379332
v 3.842001 2.532683 -0.358679
v 3.842001 3.017981 -0.147172
v 3.842001 2.532683 -0.049290
v 3.842001 2.532683 0.878877
v 3.842001 3.652683 0.878877
v 3.842001 3.652683 0.451664
v 0.947682 3.512409 -8.962002
v 0.460086 3.512409 -8.962002
v 1.157302 2.877707 -8.962002
v 0.351271 2.392410 -8.962003
v 0.985981 2.392410 -8.962002
v 1.295370 2.392410 -8.962002
v 1.416534 2.639735 -8.962002
v -0.041876 5.620321 -8.962001
v -0.144962 5.610106 -8.962001
v 0.320916 5.321444 -8.962001
v -0.514529 5.430166 -8.962001
v -0.514529 5.321444 -8.962001
v -0.514529 4.826381 -8.962001
v 0.838462 4.826381 -8.962001
v -3.842002 3.767115 -1.294161
v -3.842002 3.519789 -1.415326
v -3.842002 4.005087 -1.626832
v -3.842002 3.519789 -2.652881
v -3.842002 4.370821 -2.652881
v -3.842002 4.300588 -1.926250
v -3.842002 4.639790 -2.225668
v -3.842002 4.639789 -2.652881
v -3.842002 3.767115 -1.294161
v -3.842002 4.005087 -1.626832
v -3.842002 3.519789 -1.415326
v -3.842002 3.519789 -2.652881
v -3.842002 4.370821 -2.652881
v -3.842002 4.300588 -1.926250
v -3.842002 4.639790 -2.225668
v -3.842002 4.639789 -2.652881
v 3.840002 4.772685 0.472977
v 4.160002 4.772684 0.472977
v 4.160002 4.693197 0.445722
v 3.840002 4.852172 0.500232
v 3.680002 4.772684 0.472977
v 3.663918 4.980233 0.544142
v 3.420565 4.980233 0.544142
v 3.444448 5.139847 0.698773
v 3.221048 5.139847 0.698773
v 3.245729 5.284370 0.914323
v 3.040394 5.284370 0.914323
v 2.840726 5.578918 0.857484
v 2.672210 5.578918 0.857484
v 2.447656 5.864787 0.828198
v 2.314873 5.864787 0.828198
v 2.080002 6.132172 0.932603
v 2.080002 6.052683 0.901565
v 1.286667 6.276338 1.213955
v 1.110461 6.285573 1.213955
v -0.065531 6.970365 1.159510
v -0.069675 6.891287 1.166438
v -1.414170 6.427168 0.966878
v -1.412197 6.352145 0.993276
v -1.979577 6.097924 0.988420
v -2.080001 6.132172 1.051668
v -2.080001 6.052683 1.012416
v -2.128837 6.096654 0.995000
v -2.334139 5.849373 0.708394
v -2.372426 5.919498 0.712345
v -2.745311 5.520436 1.046676
v -2.858405 5.566060 1.032197
v -3.028029 5.294262 1.039427
v -3.368949 5.194755 0.946121
v -3.556433 4.871539 0.714668
v -3.840002 4.852172 0.711409
v -3.680002 4.772684 0.698034
v -3.840002 4.772684 0.698034
v -4.160002 4.772684 0.698034
v -4.160002 4.693197 0.684658
v -3.680002 4.291985 0.645041
v -3.840002 4.772684 0.698034
v -3.680002 4.772684 0.698034
v -3.840002 4.291986 0.645041
v -3.840002 4.212682 0.401875
v -3.680002 4.208827 0.390056
v -3.840002 4.095460 0.192103
v -3.680002 4.095460 0.192103
v -3.680002 3.876683 0.038367
v -3.840002 3.822085 0.000001
v -3.680002 3.876683 0.000001
v -3.840002 3.652683 -0.119039
v -3.680002 3.538200 -0.235174
v -3.840002 3.499126 -0.226944
v -3.840002 2.532683 -0.434200
v -3.680002 2.478843 -0.419742
v -3.680002 1.771949 -0.814331
v -3.840002 1.764226 -0.876897
v -3.680002 1.365070 -0.927778
v -3.840002 1.412682 -0.991091
v -3.840002 1.330872 -1.017667
v -3.680002 1.264308 -1.221701
v -3.840002 1.293301 -1.287775
v -3.840002 1.412682 -1.340296
v -3.680002 1.684591 -1.379051
v -3.840002 1.642503 -1.441404
v -3.840002 2.293870 -1.536929
v -3.680002 2.342860 -1.440473
v -3.840002 2.481260 -1.665479
v -3.680002 2.603199 -1.644617
v -3.840002 2.532683 -1.718727
v -3.680002 3.074058 -2.125389
v -3.840002 3.050300 -2.221174
v -3.840002 3.652683 -2.193764
v -3.680002 3.876683 -2.183571
v -3.840002 4.212683 -2.132104
v -3.680002 4.324683 -2.111070
v -3.840002 4.772684 -2.026935
v -3.680002 4.772684 -2.026935
v -2.559085 4.313304 -4.800002
v -2.481154 4.369981 -4.480000
v -2.458190 4.231896 -4.640004
v -2.383030 4.295187 -4.320002
v -2.496854 4.199337 -4.805713
v -2.501258 4.195629 -5.519468
v -2.564413 4.309429 -5.626517
v -2.501959 4.195039 -5.632961
v -2.148174 4.492962 -6.339365
v -2.194752 4.578273 -6.334560
v -1.916953 4.687673 -6.523828
v -1.953156 4.753980 -6.520092
v -1.901770 4.700458 -6.560009
v -1.865671 4.817605 -6.720003
v -1.727293 4.847385 -6.975791
v -1.754985 4.898104 -6.972933
v -1.908144 4.786716 -7.098992
v -1.873875 4.723948 -7.102528
v -1.915680 4.781235 -7.100396
v -1.957517 4.653513 -7.119185
v -2.441992 4.398463 -7.198377
v -2.384794 4.293703 -7.204278
v -2.727766 4.190629 -7.350426
v -2.658294 4.063389 -7.357594
v -2.695824 4.213859 -7.610497
v -2.627725 4.089132 -7.617524
v -2.286994 4.376061 -7.746872
v -2.339803 4.472783 -7.741423
v -1.730601 4.915838 -8.154324
v -1.664001 4.900683 -8.166838
v -1.664001 4.964274 -8.170196
v -0.795328 5.292015 -8.361150
v -0.823195 5.343052 -8.358274
v -0.272805 5.590999 -8.761892
v -0.244938 5.539961 -8.764769
v -0.225516 5.548711 -8.800004
v -0.167619 5.638384 -8.952707
v -0.138357 5.587975 -8.960002
v -0.137016 5.652171 -9.049573
v -0.110058 5.600724 -9.049573
v 3.676916 4.773509 0.470569
v 3.839993 4.773773 0.469128
v 3.677510 4.325357 0.316308
v 3.839996 4.212856 0.310548
v 3.676001 4.772684 1.125412
v 3.676001 3.904054 0.923135
v 3.677224 3.876572 0.331621
v 3.839994 3.652446 0.343805
v 3.677024 3.277141 0.367455
v 3.839993 3.277269 0.366133
v 3.840127 2.533442 0.174480
v 3.677377 2.448660 0.153674
v 3.839989 1.994469 0.135295
v 3.676603 1.993342 0.136813
v 3.839994 1.936141 -0.001584
v 3.677175 1.935067 -0.001120
v 3.839988 1.892005 -0.101943
v 3.676504 1.890009 -0.102453
v 3.839980 2.187782 -0.330827
v 3.677046 2.190324 -0.334444
v 3.840011 2.534254 -0.478990
v 3.676001 3.010127 0.997373
v 3.676001 2.321850 0.639676
v 3.676001 1.764203 0.456694
v 3.676001 1.536344 0.195092
v 3.676001 1.549405 -0.058807
v 3.676001 1.639820 -0.359722
v 3.676001 2.420089 -0.673791
v 3.677356 2.799611 -0.592792
v 3.677671 2.951019 -0.763638
v 3.676001 1.960407 -1.092600
v 3.677384 2.598934 -1.143260
v 3.676960 2.264495 -1.248641
v 3.839995 2.800195 -0.591980
v 3.839997 2.951769 -0.763646
v 3.839995 2.599456 -1.144084
v 3.839994 2.533890 -1.164963
v 3.839993 2.265198 -1.249853
v 3.839992 1.647625 -1.819862
v 3.676891 1.646350 -1.819102
v 3.839994 1.527652 -2.291790
v 3.677171 1.526515 -2.291501
v 3.839993 1.444338 -2.618855
v 3.677026 1.443017 -2.618730
v 3.839991 1.495208 -3.483630
v 3.676784 1.493746 -3.484335
v 3.839993 1.921080 -3.864959
v 3.676001 1.252841 -1.651562
v 3.676001 1.002581 -2.358141
v 3.676001 1.021026 -3.454593
v 3.676001 1.368518 -3.894298
v 3.676996 1.920373 -3.866121
v 3.676001 2.155639 -4.244884
v 3.677261 2.638479 -4.138460
v 3.676593 2.370883 -4.317910
v 3.679288 2.913996 -4.317867
v 3.279988 2.913708 -4.317377
v 2.878576 2.584227 -4.316255
v 2.877371 2.911560 -4.317094
v 3.839995 2.534103 -4.097648
v 3.839995 2.638971 -4.137492
v 3.838730 2.971996 -4.357266
v 3.839134 2.891719 -4.481375
v 3.072260 2.891691 -4.481668
v 2.878503 2.971703 -4.356338
v 2.875997 2.347406 -4.537351
v 2.877352 2.758613 -4.682950
v 2.875998 1.700340 -4.895402
v 2.877162 2.150568 -5.054984
v 2.875999 1.353386 -5.289471
v 2.876718 1.698798 -5.339701
v 3.071996 2.759308 -4.683669
v 3.071995 2.534771 -4.821212
v 3.071995 2.151191 -5.055985
v 3.071992 1.700253 -5.340603
v 3.071997 1.651835 -5.805308
v 2.877512 1.651094 -5.804855
v 3.071995 1.414864 -5.959969
v 2.876831 0.984817 -6.237766
v 3.071994 0.986060 -6.238709
v 2.877171 0.884227 -6.560850
v 3.071995 0.835256 -6.721199
v 2.877053 0.746340 -7.000805
v 3.071995 0.747616 -7.001035
v 3.071994 0.716472 -7.601698
v 2.876929 0.715063 -7.601982
v 2.875999 1.283231 -5.721314
v 2.876000 0.694406 -6.099810
v 2.876000 0.473691 -6.454012
v 2.876000 0.322819 -6.936114
v 2.876000 0.387544 -7.583830
v 2.875999 0.519043 -8.127501
v 2.877118 0.961888 -8.115377
v 2.875999 0.749177 -8.523380
v 2.877352 1.230499 -8.543729
v 2.877558 0.842850 -8.796835
v 2.877116 1.262480 -8.799155
v 2.711226 0.767510 -8.796003
v 2.566034 1.033410 -8.797763
v 3.071994 0.962961 -8.114786
v 3.071995 1.231442 -8.543392
v 3.072443 1.243088 -8.636125
v 3.070219 1.416086 -8.958887
v 2.896540 1.283174 -8.959889
v 2.664802 1.105402 -8.960464
v 2.399597 0.614776 -8.960772
v 2.362769 0.614202 -8.797402
v 2.163071 0.297831 -8.960222
v 2.152855 0.296608 -8.796601
v 2.349083 0.296608 -8.796002
v 2.554978 0.451060 -8.796003
v -3.678679 4.772408 -2.025461
v -3.840002 4.772315 -2.024970
v -3.678586 4.324433 -2.109680
v -3.840077 4.212419 -2.130123
v -3.678229 4.772592 -2.570875
v -3.678179 3.999488 -2.619061
v -3.678472 3.876536 -2.182292
v -3.839967 3.652566 -2.191767
v -3.678803 3.074770 -2.123956
v -3.841047 3.050884 -2.219572
v -3.841079 2.533876 -1.717537
v -3.679056 2.604396 -1.643324
v -3.841003 2.482342 -1.664127
v -3.679173 2.343547 -1.438787
v -3.841118 2.294462 -1.535379
v -3.678837 1.684933 -1.377462
v -3.840821 1.643027 -1.439656
v -3.840586 1.413453 -1.338545
v -3.678185 1.265119 -1.221497
v -3.840225 1.294865 -1.286550
v -3.839823 1.332607 -1.018645
v -3.678269 2.801652 -2.513143
v -3.678374 2.049152 -1.899101
v -3.678281 1.349976 -1.720037
v -3.678064 0.838619 -1.318733
v -3.678074 0.984610 -0.714162
v -3.678215 1.365601 -0.928501
v -3.678135 1.726383 -0.258837
v -3.678417 1.772429 -0.815452
v -3.678384 2.479267 -0.420839
v -3.678265 3.253255 0.117105
v -3.839154 1.413242 -0.992814
v -3.839358 1.764974 -0.878636
v -3.839615 2.533337 -0.436050
v -3.678790 3.538847 -0.236628
v -3.678169 3.641236 0.278203
v -3.678999 3.878247 -0.000740
v -3.678002 3.876683 0.038367
v -3.840387 3.823213 -0.001605
v -3.840002 4.096945 0.190763
v -3.678680 4.096569 0.191092
v -3.678639 4.210162 0.389455
v -3.678222 3.835130 0.801150
v -3.678299 4.292647 0.644227
v -3.678102 4.195359 1.169653
v -3.840279 3.499871 -0.228779
v -3.840361 3.653814 -0.120649
v -3.678182 4.772733 1.172560
v -3.678541 4.772833 0.696676
v -3.840002 4.772903 0.696046
v -3.840002 4.293247 0.643489
v -3.840016 4.214518 0.401082
v 2.879980 2.968222 -4.357640
v 2.879975 2.910690 -4.320002
v 3.072001 2.888064 -4.480001
v 3.279989 2.910690 -4.320002
v 3.840002 2.888064 -4.480000
v 3.680002 2.910690 -4.320003
v 3.840002 2.968222 -4.357640
v 3.840001 1.919000 -3.868376
v 3.840002 2.532683 -4.101388
v 3.680001 1.919000 -3.868376
v 3.680001 2.637154 -4.141055
v 3.840002 2.637154 -4.141055
v 3.680002 2.910690 -4.320003
v 3.840002 2.968222 -4.357640
v 3.680001 1.491605 -3.485368
v 3.840001 1.491605 -3.485368
v 3.680001 1.440356 -2.618476
v 3.840001 1.440356 -2.618476
v 3.680001 1.523775 -2.290804
v 3.840001 1.523775 -2.290803
v 3.680002 1.644189 -1.817814
v 3.840001 1.644189 -1.817814
v 3.680002 2.263191 -1.246394
v 3.840001 2.263191 -1.246394
v 3.840001 2.532683 -1.161149
v 3.680002 2.597316 -1.140705
v 3.840001 2.597316 -1.140705
v 3.680002 2.947769 -0.763602
v 3.840001 2.947769 -0.763602
v 3.680002 2.797861 -0.595228
v 3.840001 2.797861 -0.595228
v 3.840001 2.532683 -0.482669
v 3.680002 2.188964 -0.336771
v 3.840001 2.185745 -0.334269
v 3.680001 1.888130 -0.102936
v 3.840000 1.888130 -0.102936
v 3.680002 1.932469 0.000000
v 3.840001 1.932469 0.000000
v 3.680002 1.992148 0.138552
v 3.840001 1.992148 0.138552
v 3.680002 2.448322 0.156674
v 3.840001 2.532683 0.178405
v 3.680002 3.276884 0.370114
v 3.840001 3.276884 0.370114
v 3.840001 3.652683 0.347798
v 3.680002 3.876683 0.334497
v 3.840001 4.212683 0.314545
v 3.680002 4.324683 0.319364
v 3.840002 4.772685 0.472977
v 3.680002 4.772684 0.472977
v 2.154607 0.295443 -8.800003
v 2.365401 0.612682 -8.800003
v 2.166272 0.295443 -8.960002
v 2.402918 0.612682 -8.960002
v 2.568762 1.031528 -8.800003
v 2.667594 1.102575 -8.960002
v 2.879999 1.259840 -8.800003
v 2.898972 1.280001 -8.960002
v -2.383030 4.295187 -4.320002
v -2.481154 4.369981 -4.480000
v -2.483699 4.471946 -4.320002
v -2.708838 4.772684 -4.480000
v -2.685920 4.829613 -4.320002
v -2.814074 4.958813 -4.480000
v -2.973356 5.338000 -4.320002
v -3.038436 5.355641 -4.480000
v 0.974336 1.259840 -8.800003
v 1.145790 0.943724 -8.800003
v 1.012468 1.280001 -8.960002
v 1.171563 0.910462 -8.960002
v 1.259649 0.612682 -8.800003
v 1.280310 0.612682 -8.960002
v 1.319692 0.295443 -8.800003
v 1.325645 0.295443 -8.960002
v 0.732319 1.412683 -8.960002
v 0.628884 1.481293 -8.800003
v 0.649020 1.924174 -8.960002
v 0.462303 1.784502 -8.800003
v 0.775347 2.532683 -8.960001
v 0.636256 2.735219 -8.800003
v 0.832784 2.809352 -8.960002
v 0.691987 3.433989 -8.800003
v 0.856501 3.488296 -8.960002
v 0.845715 3.652682 -8.960002
v 0.567173 3.876685 -8.800003
v 0.211946 4.900683 -8.960001
v 0.102817 4.900683 -8.800002
v 0.000001 5.318041 -8.960001
v 0.000000 5.104628 -8.800002
v -0.044741 5.406146 -8.960001
v -0.225516 5.548711 -8.800004
v -0.138357 5.587975 -8.960002
v 0.975301 1.260758 -8.798512
v 1.147071 0.944308 -8.798582
v 1.013881 1.281324 -8.959498
v 1.173420 0.911191 -8.959854
v 1.260960 0.613032 -8.798533
v 1.282236 0.613162 -8.959753
v 1.320961 0.295683 -8.798475
v 1.327624 0.295726 -8.959928
v 0.900683 0.295443 -8.798268
v 0.786809 0.782009 -8.798293
v 0.442447 1.208956 -8.798212
v 0.629752 1.481961 -8.798329
v 0.462794 1.784616 -8.798068
v 0.102927 1.797954 -8.798036
v 0.304877 3.139179 -8.798079
v 0.636975 2.735110 -8.798141
v 0.692778 3.434019 -8.798166
v 0.208347 3.657037 -8.798443
v 0.568764 3.877146 -8.798882
v 0.103777 4.901125 -8.798305
v -0.307753 4.840870 -8.798142
v 0.000880 5.105072 -8.798262
v -0.224658 5.549150 -8.798251
v -0.584708 5.386924 -8.798128
v 0.733643 1.414165 -8.959782
v 0.650371 1.924050 -8.958533
v 0.776658 2.532411 -8.958516
v 0.834073 2.809222 -8.958478
v 0.857890 3.488327 -8.958564
v 0.846838 3.653070 -8.958393
v 0.213259 4.901350 -8.958649
v 0.001527 5.318815 -8.958967
v -0.043215 5.406924 -8.958969
v -0.136830 5.588761 -8.958977
v 3.072001 0.712550 -7.602485
v 3.072001 0.959458 -8.116716
v 2.880000 0.712550 -7.602486
v 2.879999 0.959458 -8.116716
v 3.072001 1.227675 -8.544735
v 2.879999 1.227675 -8.544736
v 3.072000 1.239367 -8.637524
v 2.879999 1.259840 -8.800003
v 3.072000 1.412683 -8.960002
v 2.898972 1.280001 -8.960002
v 2.880001 0.743679 -7.000328
v 3.072001 0.743679 -7.000329
v 3.072001 0.831439 -6.720004
v 2.880001 0.881529 -6.560005
v 3.072001 0.982872 -6.236292
v 2.880001 0.982872 -6.236292
v 3.072001 1.412683 -5.956615
v 2.879999 1.648422 -5.803221
v 3.072001 1.648422 -5.803221
v 2.879999 1.696854 -5.338494
v 3.072001 1.696854 -5.338494
v 2.879999 2.149079 -5.052588
v 3.072001 2.149079 -5.052588
v 3.072001 2.532683 -4.817801
v 2.879998 2.756523 -4.680798
v 3.072001 2.756523 -4.680798
v 3.072001 2.888064 -4.480001
v 2.879980 2.968222 -4.357640
v -2.115517 5.549031 -2.504371
v -2.272595 5.661386 -2.290803
v -2.283646 5.587439 -2.290803
v -2.390750 5.658235 -2.165536
v -2.398885 5.579058 -2.169471
v -3.285020 5.088670 -1.967593
v -3.514818 5.088670 -1.967593
v -3.680002 4.772684 -2.026935
v -3.840002 4.852172 -2.012007
v -3.840002 4.772684 -2.026935
v -4.160002 4.772684 -2.026935
v -4.160002 4.693197 -2.041863
v -2.046678 5.588776 -2.541875
v -1.673160 5.230595 -3.075506
v -1.635327 5.292659 -3.071912
v -1.535590 5.220862 -3.439202
v -1.573423 5.158799 -3.442797
v -1.878881 5.378688 -3.566772
v -1.841048 5.440751 -3.563178
v -2.046678 5.588776 -3.589051
v -2.115517 5.549032 -3.596546
v -2.551149 5.653959 -3.646630
v -2.560049 5.567337 -3.650936
v -2.913484 5.526004 -3.911918
v -2.860243 5.428491 -3.917411
v -3.017785 5.450149 -4.264894
v -2.973356 5.338000 -4.320002
v -3.038436 5.355641 -4.480000
v -3.092143 5.396070 -4.569571
v -3.060296 5.339744 -4.569571
v -0.000618 3.636683 3.481214
v 3.676960 3.636683 3.241214
v 3.676960 3.636683 3.481214
v 3.676960 3.636683 3.241214
v -0.000618 3.636683 3.481214
v -0.000618 3.636683 3.241214
v -0.000618 3.876683 3.241214
v 3.676960 3.876683 3.481214
v 3.676960 3.876682 3.241214
v 3.676960 3.876683 3.481214
v -0.000618 3.876683 3.241214
v -0.000618 3.876683 3.481214
v 2.172186 6.028543 1.150223
v 0.304396 3.705581 1.150223
v 0.199281 3.798579 1.150222
v 0.304396 3.705581 1.150223
v 2.172186 6.028543 1.150223
v 2.277301 5.935545 1.150223
v 2.277301 5.935545 1.290571
v 0.199281 3.798579 1.290570
v 0.304396 3.705581 1.290570
v 0.199281 3.798579 1.290570
v 2.277301 5.935545 1.290571
v 2.172186 6.028543 1.290571
v -0.120617 6.858239 1.523698
v 0.119382 6.870800 1.284027
v -0.120617 6.870800 1.284027
v 0.119382 6.870800 1.284027
v -0.120617 6.858239 1.523698
v 0.119382 6.858239 1.523699
v -0.120617 3.786639 1.362723
v 0.119382 3.799199 1.123051
v 0.119382 3.786639 1.362723
v 0.119382 3.799199 1.123051
v -0.120617 3.786639 1.362723
v -0.120617 3.799199 1.123051
v -0.120617 6.858239 1.523698
v -0.120617 3.799199 1.123051
v -0.120617 3.786639 1.362723
v -0.120617 3.799199 1.123051
v -0.120617 6.858239 1.523698
v -0.120617 6.870800 1.284027
v -0.120617 6.870800 1.284027
v 0.119382 3.799199 1.123051
v -0.120617 3.799199 1.123051
v 0.119382 3.799199 1.123051
v -0.120617 6.870800 1.284027
v 0.119382 6.870800 1.284027
v 0.119382 6.870800 1.284027
v 0.119382 3.786639 1.362723
v 0.119382 3.799199 1.123051
v 0.119382 3.786639 1.362723
v 0.119382 6.870800 1.284027
v 0.119382 6.858239 1.523699
v 0.119382 6.858239 1.523699
v -0.120617 3.786639 1.362723
v 0.119382 3.786639 1.362723
v -0.120617 3.786639 1.362723
v 0.119382 6.858239 1.523699
v -0.120617 6.858239 1.523698
v -2.282055 5.939785 1.290528
v -2.169902 6.024303 1.150265
v -2.278973 5.935979 1.150265
v -2.169902 6.024303 1.150265
v -2.282055 5.939785 1.290528
v -2.172985 6.028110 1.290528
v -2.282055 5.939785 1.290528
v -0.406357 3.623490 1.254176
v -0.409439 3.627297 1.394439
v -0.406357 3.623490 1.254176
v -2.282055 5.939785 1.290528
v -2.278973 5.935979 1.150265
v -2.278973 5.935979 1.150265
v -0.297286 3.711814 1.254176
v -0.406357 3.623490 1.254176
v -0.297286 3.711814 1.254176
v -2.278973 5.935979 1.150265
v -2.169902 6.024303 1.150265
v -2.169902 6.024303 1.150265
v -0.300368 3.715621 1.394439
v -0.297286 3.711814 1.254176
v -0.300368 3.715621 1.394439
v -2.169902 6.024303 1.150265
v -2.172985 6.028110 1.290528
v -2.172985 6.028110 1.290528
v -0.409439 3.627297 1.394439
v -0.300368 3.715621 1.394439
v -0.409439 3.627297 1.394439
v -2.172985 6.028110 1.290528
v -2.282055 5.939785 1.290528
v -3.680291 3.636660 1.100438
v -3.676099 3.876706 1.340355
v -3.669822 3.876432 1.100438
v -3.676099 3.876706 1.340355
v -3.680291 3.636660 1.100438
v -3.686567 3.636934 1.340355
v -0.007473 3.476302 1.196706
v -0.003280 3.716347 1.436624
v -0.013749 3.476576 1.436624
v -0.003280 3.716347 1.436624
v -0.007473 3.476302 1.196706
v 0.002996 3.716073 1.196706
v -3.680291 3.636660 1.100438
v 0.002996 3.716073 1.196706
v -0.007473 3.476302 1.196706
v 0.002996 3.716073 1.196706
v -3.680291 3.636660 1.100438
v -3.669822 3.876432 1.100438
v -3.669822 3.876432 1.100438
v -0.003280 3.716347 1.436624
v 0.002996 3.716073 1.196706
v -0.003280 3.716347 1.436624
v -3.669822 3.876432 1.100438
v -3.676099 3.876706 1.340355
v -3.676099 3.876706 1.340355
v -0.013749 3.476576 1.436624
v -0.003280 3.716347 1.436624
v -0.013749 3.476576 1.436624
v -3.676099 3.876706 1.340355
v -3.686567 3.636934 1.340355
v -3.686567 3.636934 1.340355
v -0.007473 3.476302 1.196706
v -0.013749 3.476576 1.436624
v -0.007473 3.476302 1.196706
v -3.686567 3.636934 1.340355
v -3.680291 3.636660 1.100438
v 2.175123 6.031664 3.291040
v 0.169003 3.827061 3.291040
v 0.069762 3.926302 3.291040
v 0.169003 3.827061 3.291040
v 2.175123 6.031664 3.291040
v 2.274364 5.932423 3.291040
v -2.275599 5.932423 3.291040
v -0.070997 3.926303 3.291040
v -0.170238 3.827061 3.291040
v -0.070997 3.926303 3.291040
v -2.275599 5.932423 3.291040
v -2.176358 6.031664 3.291040
v -2.271071 5.762667 -3.751756
v -2.145165 5.838794 -3.618536
v -2.139098 5.810252 -3.755817
v -2.145165 5.838794 -3.618536
v -2.271071 5.762667 -3.751756
v -2.277138 5.791209 -3.614475
v -1.266126 3.027820 -3.138737
v -1.140219 3.103947 -3.005517
v -1.272192 3.056362 -3.001456
v -1.140219 3.103947 -3.005517
v -1.266126 3.027820 -3.138737
v -1.134153 3.075404 -3.142798
v -2.271071 5.762667 -3.751756
v -1.134153 3.075404 -3.142798
v -1.266126 3.027820 -3.138737
v -1.134153 3.075404 -3.142798
v -2.271071 5.762667 -3.751756
v -2.139098 5.810252 -3.755817
v -2.145165 5.838794 -3.618536
v -1.272192 3.056362 -3.001456
v -1.140219 3.103947 -3.005517
v -1.272192 3.056362 -3.001456
v -2.145165 5.838794 -3.618536
v -2.277138 5.791209 -3.614475
v -0.878993 8.312701 2.726927
v 0.891105 8.359940 2.714695
v 0.883787 8.220318 2.726927
v 0.891105 8.359940 2.714695
v -0.878993 8.312701 2.726927
v -0.871676 8.452324 2.714695
v -0.871035 8.464539 2.854510
v 0.884428 8.232533 2.866742
v 0.891745 8.372154 2.854510
v 0.884428 8.232533 2.866742
v -0.871035 8.464539 2.854510
v -0.878353 8.324916 2.866742
v -0.660643 8.463739 2.971246
v -0.659702 8.481697 1.566461
v -0.667019 8.342074 1.578693
v -0.659702 8.481697 1.566461
v -0.660643 8.463739 2.971246
v -0.653326 8.603362 2.959014
v -0.653326 8.603362 2.959014
v -0.519546 8.474351 1.566461
v -0.659702 8.481697 1.566461
v -0.519546 8.474351 1.566461
v -0.653326 8.603362 2.959014
v -0.513170 8.596017 2.959014
v -0.513170 8.596017 2.959014
v -0.526863 8.334728 1.578693
v -0.519546 8.474351 1.566461
v -0.526863 8.334728 1.578693
v -0.513170 8.596017 2.959014
v -0.520487 8.456394 2.971246
v 0.682422 8.393353 2.971246
v 0.535890 8.279033 1.578693
v 0.676046 8.271687 1.578693
v 0.535890 8.279033 1.578693
v 0.682422 8.393353 2.971246
v 0.542266 8.400698 2.971246
v 0.542266 8.400698 2.971246
v 0.543207 8.418654 1.566461
v 0.535890 8.279033 1.578693
v 0.543207 8.418654 1.566461
v 0.542266 8.400698 2.971246
v 0.549583 8.540320 2.959014
v 0.549583 8.540320 2.959014
v 0.683363 8.411309 1.566461
v 0.543207 8.418654 1.566461
v 0.683363 8.411309 1.566461
v 0.549583 8.540320 2.959014
v 0.689739 8.532975 2.959014
v 0.689739 8.532975 2.959014
v 0.676046 8.271687 1.578693
v 0.683363 8.411309 1.566461
v 0.676046 8.271687 1.578693
v 0.689739 8.532975 2.959014
v 0.682422 8.393353 2.971246
v -0.883009 8.236061 1.849730
v 0.879131 8.131462 1.709916
v 0.879771 8.143678 1.849730
v 0.879131 8.131462 1.709916
v -0.883009 8.236061 1.849730
v -0.883650 8.223845 1.709916
v -0.883650 8.223845 1.709916
v 0.886448 8.271085 1.697684
v 0.879131 8.131462 1.709916
v 0.886448 8.271085 1.697684
v -0.883650 8.223845 1.709916
v -0.876332 8.363468 1.697683
v -0.876332 8.363468 1.697683
v 0.887088 8.283299 1.837498
v 0.886448 8.271085 1.697684
v 0.887088 8.283299 1.837498
v -0.876332 8.363468 1.697683
v -0.875692 8.375684 1.837498
v -0.875692 8.375684 1.837498
v 0.879771 8.143678 1.849730
v 0.887088 8.283299 1.837498
v 0.879771 8.143678 1.849730
v -0.875692 8.375684 1.837498
v -0.883009 8.236061 1.849730
v -0.761311 7.183904 3.193324
v 0.645666 6.944786 1.585554
v 0.745224 6.948229 1.684417
v 0.645666 6.944786 1.585554
v -0.761311 7.183904 3.193324
v -0.860869 7.180459 3.094460
v -0.860869 7.180459 3.094460
v 0.651625 7.084699 1.574679
v 0.645666 6.944786 1.585554
v 0.651625 7.084699 1.574679
v -0.860869 7.180459 3.094460
v -0.854910 7.320373 3.083586
v -0.854910 7.320373 3.083586
v 0.751183 7.088142 1.673543
v 0.651625 7.084699 1.574679
v 0.751183 7.088142 1.673543
v -0.854910 7.320373 3.083586
v -0.755352 7.323816 3.182450
v -0.755352 7.323816 3.182450
v 0.745224 6.948229 1.684417
v 0.751183 7.088142 1.673543
v 0.745224 6.948229 1.684417
v -0.755352 7.323816 3.182450
v -0.761311 7.183904 3.193324
v -0.870990 6.987339 1.689778
v 0.748035 7.001868 3.104074
v 0.649383 7.015700 3.202938
v 0.748035 7.001868 3.104074
v -0.870990 6.987339 1.689778
v -0.772337 6.973508 1.590914
v -0.772337 6.973508 1.590914
v 0.753982 7.141542 3.090466
v 0.748035 7.001868 3.104074
v 0.753982 7.141542 3.090466
v -0.772337 6.973508 1.590914
v -0.766391 7.113182 1.577307
v -0.766391 7.113182 1.577307
v 0.655329 7.155374 3.189330
v 0.753982 7.141542 3.090466
v 0.655329 7.155374 3.189330
v -0.766391 7.113182 1.577307
v -0.865044 7.127013 1.676170
v -0.865044 7.127013 1.676170
v 0.649383 7.015700 3.202938
v 0.655329 7.155374 3.189330
v 0.649383 7.015700 3.202938
v -0.865044 7.127013 1.676170
v -0.870990 6.987339 1.689778
v -0.000618 3.876683 3.481214
v -3.678195 3.876683 3.481214
v -0.000618 3.636683 3.481214
v -3.678195 3.636683 3.481214
v 2.274364 5.932423 3.431388
v 2.274364 5.932423 3.291040
v 2.175123 6.031664 3.431388
v 2.175123 6.031664 3.291040
v 0.069762 3.926302 3.291040
v 0.169003 3.827061 3.291040
v 0.069762 3.926302 3.431388
v 0.169003 3.827061 3.431388
v 0.169003 3.827061 3.291040
v 2.274364 5.932423 3.291040
v 0.169003 3.827061 3.431388
v 2.274364 5.932423 3.431388
v 0.169003 3.827061 3.431388
v 2.274364 5.932423 3.431388
v 0.069762 3.926302 3.431388
v 2.175123 6.031664 3.431388
v 0.069762 3.926302 3.431388
v 2.175123 6.031664 3.431388
v 0.069762 3.926302 3.291040
v 2.175123 6.031664 3.291040
v -2.176358 6.031664 3.291040
v -2.275599 5.932423 3.291040
v -2.176358 6.031664 3.431388
v -2.275599 5.932423 3.431388
v -0.170238 3.827061 3.431388
v -0.170238 3.827061 3.291040
v -0.070997 3.926303 3.431388
v -0.070997 3.926303 3.291040
v -0.070997 3.926303 3.291040
v -2.176358 6.031664 3.291040
v -0.070997 3.926303 3.431388
v -2.176358 6.031664 3.431388
v -0.070997 3.926303 3.431388
v -2.176358 6.031664 3.431388
v -0.170238 3.827061 3.431388
v -2.275599 5.932423 3.431388
v -0.170238 3.827061 3.431388
v -2.275599 5.932423 3.431388
v -0.170238 3.827061 3.291040
v -2.275599 5.932423 3.291040
v -0.120617 6.952498 3.241214
v -0.120617 6.952498 3.481214
v 0.119382 6.952498 3.241214
v 0.119382 6.952498 3.481214
v 0.119382 3.876683 3.481214
v -0.120618 3.876683 3.481214
v 0.119382 3.876683 3.241214
v -0.120618 3.876683 3.241214
v -0.120618 3.876683 3.481214
v -0.120617 6.952498 3.481214
v -0.120618 3.876683 3.241214
v -0.120617 6.952498 3.241214
v -0.120618 3.876683 3.241214
v -0.120617 6.952498 3.241214
v 0.119382 3.876683 3.241214
v 0.119382 6.952498 3.241214
v 0.119382 3.876683 3.241214
v 0.119382 6.952498 3.241214
v 0.119382 3.876683 3.481214
v 0.119382 6.952498 3.481214
v 0.119382 3.876683 3.481214
v 0.119382 6.952498 3.481214
v -0.120618 3.876683 3.481214
v -0.120617 6.952498 3.481214
v -3.712276 3.641625 -3.185403
v -3.712276 3.641625 -2.945403
v -3.644113 3.871742 -3.185403
v -3.644113 3.871742 -2.945403
v -0.117979 2.827253 -2.945403
v -0.186143 2.597136 -2.945403
v -0.117979 2.827253 -3.185403
v -0.186143 2.597136 -3.185403
v -0.186143 2.597136 -2.945403
v -3.712276 3.641625 -2.945403
v -0.186143 2.597136 -3.185403
v -3.712276 3.641625 -3.185403
v -0.186143 2.597136 -3.185403
v -3.712276 3.641625 -3.185403
v -0.117979 2.827253 -3.185403
v -3.644113 3.871742 -3.185403
v -0.117979 2.827253 -3.185403
v -3.644113 3.871742 -3.185403
v -0.117979 2.827253 -2.945403
v -3.644113 3.871742 -2.945403
v -0.117979 2.827253 -2.945403
v -3.644113 3.871742 -2.945403
v -0.186143 2.597136 -2.945403
v -3.712276 3.641625 -2.945403
v -1.134153 3.075404 -3.142798
v -2.139098 5.810252 -3.755817
v -1.140219 3.103947 -3.005517
v -2.145165 5.838794 -3.618536
v -1.272192 3.056362 -3.001456
v -2.277138 5.791209 -3.614475
v -1.266126 3.027820 -3.138737
v -2.271071 5.762667 -3.751756
v 0.884428 8.232533 2.866742
v -0.878353 8.324916 2.866742
v 0.883787 8.220318 2.726927
v -0.878993 8.312701 2.726927
v 0.891105 8.359940 2.714695
v -0.871676 8.452324 2.714695
v 0.891745 8.372154 2.854510
v -0.871035 8.464539 2.854510
v -0.526863 8.334728 1.578693
v -0.520487 8.456394 2.971246
v -0.667019 8.342074 1.578693
v -0.660643 8.463739 2.971246
v 2.880004 0.343776 -6.836226
v 2.880004 0.343777 -6.923784
v -2.879999 0.343776 -6.836222
v -2.879999 0.343776 -6.923779
v 2.880004 0.295443 -6.836224
v 2.880004 0.343776 -6.836226
v -2.879999 0.295441 -6.836225
v -2.879999 0.343776 -6.836222
v -2.880000 0.295441 -6.923782
v -2.879999 0.343776 -6.923779
v 2.880004 0.295443 -6.923781
v 2.880004 0.343777 -6.923784
v -1.043779 0.343776 -6.923781
v -0.956221 0.343776 -6.923781
v -1.043779 0.343775 -8.800003
v -0.956222 0.343775 -8.800003
v -1.043779 0.295442 -6.923781
v -1.043779 0.343776 -6.923781
v -1.043779 0.295440 -8.800003
v -1.043779 0.343775 -8.800003
v -0.956222 0.295440 -8.800003
v -0.956222 0.343775 -8.800003
v -0.956222 0.295442 -6.923781
v -0.956221 0.343776 -6.923781
v -2.831665 0.343776 -6.836219
v -2.831665 0.343776 -6.923778
v -2.831666 3.963643 -6.836230
v -2.831666 3.963643 -6.923787
v -2.879999 0.343776 -6.836222
v -2.831665 0.343776 -6.836219
v -2.880001 3.963643 -6.836230
v -2.831666 3.963643 -6.836230
v -2.880001 3.963643 -6.923787
v -2.831666 3.963643 -6.923787
v -2.879999 0.343776 -6.923779
v -2.831665 0.343776 -6.923778
v 2.831669 0.343776 -6.923787
v 2.831669 0.343776 -6.836229
v 2.831671 1.173203 -6.923776
v 2.831670 1.279227 -6.836224
v 2.880004 0.343777 -6.923785
v 2.831669 0.343776 -6.923787
v 2.880006 1.173203 -6.923776
v 2.831671 1.173203 -6.923776
v 2.880006 1.279227 -6.836219
v 2.831670 1.279227 -6.836224
v 2.880004 0.343776 -6.836227
v 2.831669 0.343776 -6.836229
v 2.880006 1.279227 -6.836219
v 2.880004 0.343776 -6.836227
v 2.880006 1.173203 -6.923776
v 2.880004 0.343777 -6.923785
v 2.831669 1.173204 -6.923787
v 2.831670 1.279227 -6.836224
v 2.880006 1.173203 -6.923776
v 2.880006 1.279227 -6.836219
v -0.000618 3.636683 3.241214
v -0.000618 3.636683 3.481214
v -0.000618 3.876683 3.241214
v -0.000618 3.876683 3.481214
v 3.676960 3.876683 3.481214
v 3.676960 3.636683 3.481214
v 3.676960 3.876682 3.241214
v 3.676960 3.636683 3.241214
v 3.676960 3.636683 3.241214
v -0.000618 3.636683 3.241214
v 3.676960 3.876682 3.241214
v -0.000618 3.876683 3.241214
v 3.676960 3.876683 3.481214
v -0.000618 3.876683 3.481214
v 3.676960 3.636683 3.481214
v -0.000618 3.636683 3.481214
v -0.002152 3.812482 1.100397
v 0.002037 3.572518 1.100397
v -0.002152 3.812482 1.340397
v 0.002037 3.572518 1.340397
v 3.679054 3.636701 1.340397
v 3.679054 3.636701 1.100397
v 3.674866 3.876664 1.340397
v 3.674866 3.876664 1.100397
v 3.679054 3.636701 1.100397
v 0.002037 3.572518 1.100397
v 3.674866 3.876664 1.100397
v -0.002152 3.812482 1.100397
v 3.674866 3.876664 1.100397
v -0.002152 3.812482 1.100397
v 3.674866 3.876664 1.340397
v -0.002152 3.812482 1.340397
v 3.674866 3.876664 1.340397
v -0.002152 3.812482 1.340397
v 3.679054 3.636701 1.340397
v 0.002037 3.572518 1.340397
v 3.679054 3.636701 1.340397
v 0.002037 3.572518 1.340397
v 3.679054 3.636701 1.100397
v 0.002037 3.572518 1.100397
v 2.277301 5.935545 1.150223
v 2.172186 6.028543 1.150223
v 2.277301 5.935545 1.290571
v 2.172186 6.028543 1.290571
v 0.199281 3.798579 1.290570
v 0.199281 3.798579 1.150222
v 0.304396 3.705581 1.290570
v 0.304396 3.705581 1.150223
v 0.304396 3.705581 1.150223
v 2.277301 5.935545 1.150223
v 0.304396 3.705581 1.290570
v 2.277301 5.935545 1.290571
v 0.199281 3.798579 1.290570
v 2.172186 6.028543 1.290571
v 0.199281 3.798579 1.150222
v 2.172186 6.028543 1.150223
v -0.300368 3.715621 1.394439
v -0.409439 3.627297 1.394439
v -0.297286 3.711814 1.254176
v -0.406357 3.623490 1.254176
v -3.678195 3.636683 3.241214
v -3.678195 3.636683 3.481214
v -3.678195 3.876683 3.241214
v -3.678195 3.876683 3.481214
v -0.000618 3.876683 3.481214
v -0.000618 3.636683 3.481214
v -0.000618 3.876683 3.241214
v -0.000618 3.636683 3.241214
v -0.000618 3.636683 3.481214
v -3.678195 3.636683 3.481214
v -0.000618 3.636683 3.241214
v -3.678195 3.636683 3.241214
v -0.000618 3.636683 3.241214
v -3.678195 3.636683 3.241214
v -0.000618 3.876683 3.241214
v -3.678195 3.876683 3.241214
v -0.000618 3.876683 3.241214
v -3.678195 3.876683 3.241214
v -0.000618 3.876683 3.481214
v -3.678195 3.876683 3.481214
v 3.880001 2.532683 3.628210
v 3.840001 1.412683 3.628210
v 3.880001 1.412683 3.628210
v 3.840001 1.412683 3.628210
v 3.880001 2.532683 3.628210
v 3.840001 2.532683 3.628209
v 3.880001 2.482683 3.578210
v 3.840001 1.462683 3.578210
v 3.840001 2.482683 3.578209
v 3.840001 1.462683 3.578210
v 3.880001 2.482683 3.578210
v 3.880001 1.462683 3.578210
v 3.640002 1.405348 3.628211
v 3.680002 1.413600 3.142603
v 3.680002 1.412683 3.628203
v 3.680002 1.413600 3.142603
v 3.640002 1.405348 3.628211
v 3.640002 1.412683 3.142597
v 3.640002 2.532683 3.628210
v 3.680002 1.412683 3.628203
v 3.680002 2.532683 3.628210
v 3.680002 1.412683 3.628203
v 3.640002 2.532683 3.628210
v 3.640002 1.405348 3.628211
v 3.640002 2.532683 3.142597
v 3.680002 1.413600 3.142603
v 3.640002 1.412683 3.142597
v 3.680002 1.413600 3.142603
v 3.640002 2.532683 3.142597
v 3.680002 2.532683 3.142597
v 3.640002 2.482683 3.192597
v 3.680002 1.462683 3.192597
v 3.680002 2.482683 3.192597
v 3.680002 1.462683 3.192597
v 3.640002 2.482683 3.192597
v 3.640002 1.462683 3.192597
v 3.880001 2.532683 0.902596
v 3.840001 1.412683 0.902596
v 3.840001 2.532683 0.902596
v 3.840001 1.412683 0.902596
v 3.880001 2.532683 0.902596
v 3.880001 1.412683 0.902596
v 3.880001 2.532683 1.388210
v 3.840001 2.532683 0.902596
v 3.840001 2.532683 1.388209
v 3.840001 2.532683 0.902596
v 3.880001 2.532683 1.388210
v 3.880001 2.532683 0.902596
v 3.880001 2.532683 1.388210
v 3.840001 1.412683 1.388210
v 3.880001 1.412683 1.388210
v 3.840001 1.412683 1.388210
v 3.880001 2.532683 1.388210
v 3.840001 2.532683 1.388209
v 3.880001 2.482683 1.338210
v 3.840001 1.462683 1.338209
v 3.840001 2.482683 1.338209
v 3.840001 1.462683 1.338209
v 3.880001 2.482683 1.338210
v 3.880001 1.462683 1.338209
v 3.640002 1.405348 1.388210
v 3.680002 1.413141 0.902600
v 3.680001 1.411766 1.388200
v 3.680002 1.413141 0.902600
v 3.640002 1.405348 1.388210
v 3.640002 1.412683 0.902596
v 3.640002 2.532683 1.388210
v 3.680001 1.411766 1.388200
v 3.680002 2.532683 1.388210
v 3.680001 1.411766 1.388200
v 3.640002 2.532683 1.388210
v 3.640002 1.405348 1.388210
v 3.640002 2.532683 0.902596
v 3.680002 1.413141 0.902600
v 3.640002 1.412683 0.902596
v 3.680002 1.413141 0.902600
v 3.640002 2.532683 0.902596
v 3.680002 2.532683 0.902597
v 3.640002 2.482683 0.952596
v 3.680002 1.462683 0.952597
v 3.680002 2.482683 0.952597
v 3.680002 1.462683 0.952597
v 3.640002 2.482683 0.952596
v 3.640002 1.462683 0.952597
v 3.195883 1.412683 4.520002
v 2.710268 1.412683 4.480001
v 3.195883 1.412683 4.480002
v 2.710268 1.412683 4.480001
v 3.195883 1.412683 4.520002
v 2.710268 1.412683 4.520002
v 3.195882 2.532683 4.520002
v 3.195883 1.412683 4.480002
v 3.195882 2.532683 4.480001
v 3.195883 1.412683 4.480002
v 3.195882 2.532683 4.520002
v 3.195883 1.412683 4.520002
v 2.710268 2.532683 4.520002
v 2.710268 1.412683 4.480001
v 2.710268 1.412683 4.520002
v 2.710268 1.412683 4.480001
v 2.710268 2.532683 4.520002
v 2.710270 2.532683 4.480001
v 2.760268 2.482683 4.520002
v 2.760269 1.462683 4.480001
v 2.760269 2.482683 4.480001
v 2.760269 1.462683 4.480001
v 2.760268 2.482683 4.520002
v 2.760269 1.462683 4.520002
v 2.710268 1.405348 4.280003
v 3.195875 1.413599 4.320003
v 2.710278 1.411766 4.320002
v 3.195875 1.413599 4.320003
v 2.710268 1.405348 4.280003
v 3.195882 1.412683 4.280003
v 2.710268 2.532683 4.280003
v 2.710278 1.411766 4.320002
v 2.710268 2.532683 4.320003
v 2.710278 1.411766 4.320002
v 2.710268 2.532683 4.280003
v 2.710268 1.405348 4.280003
v 3.195882 2.532683 4.280003
v 3.195875 1.413599 4.320003
v 3.195882 1.412683 4.280003
v 3.195875 1.413599 4.320003
v 3.195882 2.532683 4.280003
v 3.195881 2.532683 4.320003
v 3.145882 2.482683 4.280003
v 3.145881 1.462683 4.320003
v 3.145881 2.482683 4.320003
v 3.145881 1.462683 4.320003
v 3.145882 2.482683 4.280003
v 3.145881 1.462683 4.280003
v 1.912257 2.532683 4.520002
v 1.912257 1.412683 4.480002
v 1.912257 2.532683 4.480001
v 1.912257 1.412683 4.480002
v 1.912257 2.532683 4.520002
v 1.912257 1.412683 4.520002
v 1.426643 2.532683 4.520002
v 1.426643 1.412683 4.480002
v 1.426643 1.412683 4.520002
v 1.426643 1.412683 4.480002
v 1.426643 2.532683 4.520002
v 1.426644 2.532683 4.480001
v 1.476643 2.482683 4.520002
v 1.476644 1.462683 4.480001
v 1.476644 2.482683 4.480001
v 1.476644 1.462683 4.480001
v 1.476643 2.482683 4.520002
v 1.476644 1.462683 4.520002
v 1.426643 1.405348 4.280003
v 1.912249 1.413599 4.320003
v 1.426653 1.411766 4.320002
v 1.912249 1.413599 4.320003
v 1.426643 1.405348 4.280003
v 1.912257 1.412683 4.280003
v 1.426643 2.532683 4.280003
v 1.426653 1.411766 4.320002
v 1.426643 2.532683 4.320002
v 1.426653 1.411766 4.320002
v 1.426643 2.532683 4.280003
v 1.426643 1.405348 4.280003
v 1.912257 2.532683 4.280003
v 1.912249 1.413599 4.320003
v 1.912257 1.412683 4.280003
v 1.912249 1.413599 4.320003
v 1.912257 2.532683 4.280003
v 1.912256 2.532683 4.320003
v 1.862257 2.482683 4.280003
v 1.862256 1.462683 4.320003
v 1.862256 2.482683 4.320003
v 1.862256 1.462683 4.320003
v 1.862257 2.482683 4.280003
v 1.862256 1.462683 4.280003
v -1.426642 1.412683 4.520002
v -1.912256 1.412683 4.480001
v -1.426642 1.412683 4.480002
v -1.912256 1.412683 4.480001
v -1.426642 1.412683 4.520002
v -1.912256 1.412683 4.520002
v -1.426643 2.532683 4.520002
v -1.426642 1.412683 4.480002
v -1.426643 2.532683 4.480001
v -1.426642 1.412683 4.480002
v -1.426643 2.532683 4.520002
v -1.426642 1.412683 4.520002
v -1.912256 2.532683 4.520002
v -1.912256 1.412683 4.480001
v -1.912256 1.412683 4.520002
v -1.912256 1.412683 4.480001
v -1.912256 2.532683 4.520002
v -1.912255 2.532683 4.480001
v -1.862256 2.482683 4.520002
v -1.862256 1.462683 4.480001
v -1.862255 2.482683 4.480001
v -1.862256 1.462683 4.480001
v -1.862256 2.482683 4.520002
v -1.862256 1.462683 4.520002
v -1.912257 1.405348 4.280003
v -1.426649 1.413599 4.320002
v -1.912246 1.411766 4.320002
v -1.426649 1.413599 4.320002
v -1.912257 1.405348 4.280003
v -1.426643 1.412683 4.280003
v -1.912256 2.532683 4.280003
v -1.912246 1.411766 4.320002
v -1.912256 2.532683 4.320003
v -1.912246 1.411766 4.320002
v -1.912256 2.532683 4.280003
v -1.912257 1.405348 4.280003
v -1.426643 2.532683 4.280003
v -1.426649 1.413599 4.320002
v -1.426643 1.412683 4.280003
v -1.426649 1.413599 4.320002
v -1.426643 2.532683 4.280003
v -1.426644 2.532683 4.320002
v -1.476643 2.482683 4.280003
v -1.476643 1.462683 4.320003
v -1.476643 2.482683 4.320003
v -1.476643 1.462683 4.320003
v -1.476643 2.482683 4.280003
v -1.476643 1.462683 4.280003
v -3.195882 2.532683 4.520002
v -3.195882 1.412683 4.480002
v -3.195882 1.412683 4.520002
v -3.195882 1.412683 4.480002
v -3.195882 2.532683 4.520002
v -3.195881 2.532683 4.480002
v -3.145882 2.482683 4.520002
v -3.145881 1.462683 4.480001
v -3.145881 2.482683 4.480001
v -3.145881 1.462683 4.480001
v -3.145882 2.482683 4.520002
v -3.145881 1.462683 4.520002
v -3.195883 1.405348 4.280003
v -2.710275 1.413599 4.320003
v -3.195872 1.411766 4.320002
v -2.710275 1.413599 4.320003
v -3.195883 1.405348 4.280003
v -2.710268 1.412683 4.280003
v -3.195882 2.532683 4.280003
v -3.195872 1.411766 4.320002
v -3.195882 2.532683 4.320003
v -3.195872 1.411766 4.320002
v -3.195882 2.532683 4.280003
v -3.195883 1.405348 4.280003
v -2.710268 2.532683 4.280003
v -2.710275 1.413599 4.320003
v -2.710268 1.412683 4.280003
v -2.710275 1.413599 4.320003
v -2.710268 2.532683 4.280003
v -2.710269 2.532683 4.320003
v -2.760268 2.482683 4.280003
v -2.760269 1.462683 4.320003
v -2.760269 2.482683 4.320003
v -2.760269 1.462683 4.320003
v -2.760268 2.482683 4.280003
v -2.760269 1.462683 4.280003
v -3.640001 2.532683 3.628210
v -3.680002 1.412683 3.628210
v -3.640001 1.412683 3.628210
v -3.680002 1.412683 3.628210
v -3.640001 2.532683 3.628210
v -3.680002 2.532683 3.628209
v -3.640001 2.482683 3.578210
v -3.680001 1.462683 3.578210
v -3.680001 2.482683 3.578209
v -3.680001 1.462683 3.578210
v -3.640001 2.482683 3.578210
v -3.640001 1.462683 3.578210
v -3.880000 1.405348 3.628211
v -3.840001 1.412683 3.142601
v -3.840001 1.412683 3.628211
v -3.840001 1.412683 3.142601
v -3.880000 1.405348 3.628211
v -3.880000 1.412683 3.142597
v -3.880000 2.532683 3.628210
v -3.840001 1.412683 3.628211
v -3.840001 2.532683 3.628210
v -3.840001 1.412683 3.628211
v -3.880000 2.532683 3.628210
v -3.880000 1.405348 3.628211
v -3.880000 2.532683 3.142597
v -3.840001 1.412683 3.142601
v -3.880000 1.412683 3.142597
v -3.840001 1.412683 3.142601
v -3.880000 2.532683 3.142597
v -3.840001 2.532683 3.142597
v -3.880000 2.482683 3.192597
v -3.840000 1.462683 3.192597
v -3.840000 2.482683 3.192597
v -3.840000 1.462683 3.192597
v -3.880000 2.482683 3.192597
v -3.880000 1.462683 3.192597
v -3.640001 2.532683 1.388210
v -3.680002 1.412683 1.388210
v -3.640001 1.412683 1.388210
v -3.680002 1.412683 1.388210
v -3.640001 2.532683 1.388210
v -3.680002 2.532683 1.388209
v -3.640001 2.482683 1.338210
v -3.680001 1.462683 1.338209
v -3.680001 2.482683 1.338209
v -3.680001 1.462683 1.338209
v -3.640001 2.482683 1.338210
v -3.640001 1.462683 1.338209
v -3.880000 1.405348 1.388210
v -3.840001 1.412683 0.902600
v -3.840001 1.412683 1.388210
v -3.840001 1.412683 0.902600
v -3.880000 1.405348 1.388210
v -3.880000 1.412683 0.902596
v -3.880000 2.532683 1.388210
v -3.840001 1.412683 1.388210
v -3.840001 2.532683 1.388210
v -3.840001 1.412683 1.388210
v -3.880000 2.532683 1.388210
v -3.880000 1.405348 1.388210
v -3.880000 2.532683 0.902596
v -3.840001 1.412683 0.902600
v -3.880000 1.412683 0.902596
v -3.840001 1.412683 0.902600
v -3.880000 2.532683 0.902596
v -3.840001 2.532683 0.902597
v -3.880000 2.482683 0.952596
v -3.840000 1.462683 0.952597
v -3.840000 2.482683 0.952597
v -3.840000 1.462683 0.952597
v -3.880000 2.482683 0.952596
v -3.880000 1.462683 0.952597
v -2.840000 2.532683 -5.517197
v -2.879999 1.412683 -5.517197
v -2.840000 1.412683 -5.517197
v -2.879999 1.412683 -5.517197
v -2.840000 2.532683 -5.517197
v -2.879999 2.532683 -5.517198
v -3.112003 1.405348 -5.517196
v -3.072003 1.412683 -6.002810
v -3.072003 1.412683 -5.517196
v -3.072003 1.412683 -6.002810
v -3.112003 1.405348 -5.517196
v -3.112003 1.412683 -6.002810
v -3.112003 2.532683 -5.517197
v -3.072003 1.412683 -5.517196
v -3.072003 2.532683 -5.517196
v -3.072003 1.412683 -5.517196
v -3.112003 2.532683 -5.517197
v -3.112003 1.405348 -5.517196
v -3.112003 2.532683 -6.002810
v -3.072003 2.532683 -5.517196
v -3.072003 2.532683 -6.002809
v -3.072003 2.532683 -5.517196
v -3.112003 2.532683 -6.002810
v -3.112003 2.532683 -5.517197
v -3.112003 2.532683 -6.002810
v -3.072003 1.412683 -6.002810
v -3.112003 1.412683 -6.002810
v -3.072003 1.412683 -6.002810
v -3.112003 2.532683 -6.002810
v -3.072003 2.532683 -6.002809
v -3.112003 2.482683 -5.952810
v -3.072003 1.462683 -5.952810
v -3.072003 2.482683 -5.952810
v -3.072003 1.462683 -5.952810
v -3.112003 2.482683 -5.952810
v -3.112003 1.462683 -5.952810
v -2.840000 2.532683 -7.597197
v -2.880000 1.412683 -7.597197
v -2.840000 1.412683 -7.597197
v -2.880000 1.412683 -7.597197
v -2.840000 2.532683 -7.597197
v -2.879999 2.532683 -7.597198
v -3.112003 1.405348 -7.597196
v -3.072003 1.412683 -8.082807
v -3.072003 1.412683 -7.597196
v -3.072003 1.412683 -8.082807
v -3.112003 1.405348 -7.597196
v -3.112003 1.412683 -8.082810
v -3.112003 2.532683 -7.597197
v -3.072003 1.412683 -7.597196
v -3.072003 2.532683 -7.597197
v -3.072003 1.412683 -7.597196
v -3.112003 2.532683 -7.597197
v -3.112003 1.405348 -7.597196
v -3.112003 2.532683 -8.082810
v -3.072003 1.412683 -8.082807
v -3.112003 1.412683 -8.082810
v -3.072003 1.412683 -8.082807
v -3.112003 2.532683 -8.082810
v -3.072003 2.532683 -8.082808
v -3.112003 2.482683 -8.032810
v -3.072003 1.462683 -8.032810
v -3.072003 2.482683 -8.032809
v -3.072003 1.462683 -8.032810
v -3.112003 2.482683 -8.032810
v -3.112003 1.462683 -8.032810
v -1.125025 7.439563 2.620156
v -1.131117 7.323332 2.050511
v -1.128180 7.379376 2.691982
v -1.131117 7.323332 2.050511
v -1.125025 7.439563 2.620156
v -1.127358 7.395060 2.110781
v -1.054510 8.785085 2.502276
v -1.128180 7.379376 2.691982
v -1.050750 8.856812 2.562546
v -1.128180 7.379376 2.691982
v -1.054510 8.785085 2.502276
v -1.125025 7.439563 2.620156
v -1.056842 8.740582 1.992901
v -1.050750 8.856812 2.562546
v -1.053688 8.800768 1.921075
v -1.050750 8.856812 2.562546
v -1.056842 8.740582 1.992901
v -1.054510 8.785085 2.502276
v -1.127358 7.395060 2.110781
v -1.053688 8.800768 1.921075
v -1.131117 7.323332 2.050511
v -1.053688 8.800768 1.921075
v -1.127358 7.395060 2.110781
v -1.056842 8.740582 1.992901
v -1.128180 7.379376 2.691982
v -1.091172 7.321239 2.050511
v -1.088235 7.377283 2.691982
v -1.091172 7.321239 2.050511
v -1.128180 7.379376 2.691982
v -1.131117 7.323332 2.050511
v -1.128180 7.379376 2.691982
v -1.010805 8.854719 2.562546
v -1.050750 8.856812 2.562546
v -1.128180 7.379376 2.691982
v -1.049774 8.111164 2.627688
v -1.010805 8.854719 2.562546
v -1.128180 7.379376 2.691982
v -1.088235 7.377283 2.691982
v -1.049774 8.111164 2.627688
v -1.053688 8.800768 1.921075
v -1.010805 8.854719 2.562546
v -1.013743 8.798675 1.921076
v -1.010805 8.854719 2.562546
v -1.053688 8.800768 1.921075
v -1.050750 8.856812 2.562546
v -1.053688 8.800768 1.921075
v -1.091172 7.321239 2.050511
v -1.131117 7.323332 2.050511
v -1.053688 8.800768 1.921075
v -1.052711 8.055120 1.986217
v -1.091172 7.321239 2.050511
v -1.053688 8.800768 1.921075
v -1.013743 8.798675 1.921076
v -1.052711 8.055120 1.986217
v -1.127358 7.395060 2.110781
v -1.085081 7.437470 2.620156
v -1.087412 7.392966 2.110781
v -1.085081 7.437470 2.620156
v -1.127358 7.395060 2.110781
v -1.125025 7.439563 2.620156
v -1.127358 7.395060 2.110781
v -1.016897 8.738488 1.992902
v -1.056842 8.740582 1.992901
v -1.016897 8.738488 1.992902
v -1.127358 7.395060 2.110781
v -1.087412 7.392966 2.110781
v -1.054510 8.785085 2.502276
v -1.016897 8.738488 1.992902
v -1.014564 8.782991 2.502276
v -1.016897 8.738488 1.992902
v -1.054510 8.785085 2.502276
v -1.056842 8.740582 1.992901
v -1.054510 8.785085 2.502276
v -1.085081 7.437470 2.620156
v -1.125025 7.439563 2.620156
v -1.085081 7.437470 2.620156
v -1.054510 8.785085 2.502276
v -1.014564 8.782991 2.502276
v -0.887688 7.382499 2.110780
v -0.888510 7.366816 2.691981
v -0.891954 7.301096 2.051358
v -0.888510 7.366816 2.691981
v -0.887688 7.382499 2.110780
v -0.885356 7.427001 2.620155
v -0.887688 7.382499 2.110780
v -0.814018 8.788207 1.921075
v -0.817172 8.728021 1.992900
v -0.814018 8.788207 1.921075
v -0.887688 7.382499 2.110780
v -0.891954 7.301096 2.051358
v -0.814840 8.772524 2.502276
v -0.814018 8.788207 1.921075
v -0.811081 8.844252 2.562545
v -0.814018 8.788207 1.921075
v -0.814840 8.772524 2.502276
v -0.817172 8.728021 1.992900
v -0.885356 7.427001 2.620155
v -0.811081 8.844252 2.562545
v -0.888510 7.366816 2.691981
v -0.811081 8.844252 2.562545
v -0.885356 7.427001 2.620155
v -0.814840 8.772524 2.502276
v -0.891954 7.301096 2.051358
v -0.928455 7.368909 2.691982
v -0.931392 7.312865 2.050511
v -0.928455 7.368909 2.691982
v -0.891954 7.301096 2.051358
v -0.888510 7.366816 2.691981
v -0.814018 8.788207 1.921075
v -0.892931 8.046745 1.986217
v -0.853963 8.790300 1.921075
v -0.814018 8.788207 1.921075
v -0.931392 7.312865 2.050511
v -0.892931 8.046745 1.986217
v -0.891954 7.301096 2.051358
v -0.931392 7.312865 2.050511
v -0.814018 8.788207 1.921075
v -0.811081 8.844252 2.562545
v -0.853963 8.790300 1.921075
v -0.851026 8.846345 2.562545
v -0.853963 8.790300 1.921075
v -0.811081 8.844252 2.562545
v -0.814018 8.788207 1.921075
v -0.811081 8.844252 2.562545
v -0.928455 7.368909 2.691982
v -0.888510 7.366816 2.691981
v -0.811081 8.844252 2.562545
v -0.889994 8.102790 2.627688
v -0.928455 7.368909 2.691982
v -0.811081 8.844252 2.562545
v -0.851026 8.846345 2.562545
v -0.889994 8.102790 2.627688
v -0.885356 7.427001 2.620155
v -0.927633 7.384592 2.110780
v -0.925301 7.429096 2.620155
v -0.927633 7.384592 2.110780
v -0.885356 7.427001 2.620155
v -0.887688 7.382499 2.110780
v -0.885356 7.427001 2.620155
v -0.854785 8.774617 2.502275
v -0.814840 8.772524 2.502276
v -0.854785 8.774617 2.502275
v -0.885356 7.427001 2.620155
v -0.925301 7.429096 2.620155
v -0.817172 8.728021 1.992900
v -0.854785 8.774617 2.502275
v -0.857117 8.730114 1.992900
v -0.854785 8.774617 2.502275
v -0.817172 8.728021 1.992900
v -0.814840 8.772524 2.502276
v -0.817172 8.728021 1.992900
v -0.927633 7.384592 2.110780
v -0.887688 7.382499 2.110780
v -0.927633 7.384592 2.110780
v -0.817172 8.728021 1.992900
v -0.857117 8.730114 1.992900
v 0.214324 7.425314 3.258729
v -0.365963 7.389589 3.264507
v 0.277076 7.355889 3.264507
v -0.365963 7.389589 3.264507
v 0.214324 7.425314 3.258729
v -0.296297 7.452075 3.258729
v 0.214324 7.425314 3.258729
v 0.354505 8.833324 3.135071
v 0.284840 8.770837 3.140849
v 0.354505 8.833324 3.135071
v 0.214324 7.425314 3.258729
v 0.277076 7.355889 3.264507
v -0.225781 8.797597 3.140849
v 0.354505 8.833324 3.135071
v -0.288534 8.867024 3.135071
v 0.354505 8.833324 3.135071
v -0.225781 8.797597 3.140849
v 0.284840 8.770837 3.140849
v -0.296297 7.452075 3.258729
v -0.288534 8.867024 3.135071
v -0.365963 7.389589 3.264507
v -0.288534 8.867024 3.135071
v -0.296297 7.452075 3.258729
v -0.225781 8.797597 3.140849
v 0.277076 7.355889 3.264507
v -0.366145 7.386107 3.224659
v 0.276894 7.352407 3.224659
v -0.366145 7.386107 3.224659
v 0.277076 7.355889 3.264507
v -0.365963 7.389589 3.264507
v 0.354505 8.833324 3.135071
v 0.315355 8.086287 3.160365
v 0.354323 8.829843 3.095223
v 0.277076 7.355889 3.264507
v 0.315355 8.086287 3.160365
v 0.354505 8.833324 3.135071
v 0.277076 7.355889 3.264507
v 0.276894 7.352407 3.224659
v 0.315355 8.086287 3.160365
v -0.288534 8.867024 3.135071
v 0.354323 8.829843 3.095223
v -0.288714 8.863543 3.095223
v 0.354323 8.829843 3.095223
v -0.288534 8.867024 3.135071
v 0.354505 8.833324 3.135071
v -0.288534 8.867024 3.135071
v -0.366145 7.386107 3.224659
v -0.365963 7.389589 3.264507
v -0.288534 8.867024 3.135071
v -0.327683 8.119987 3.160365
v -0.366145 7.386107 3.224659
v -0.288534 8.867024 3.135071
v -0.288714 8.863543 3.095223
v -0.327683 8.119987 3.160365
v -0.296297 7.452075 3.258729
v 0.214141 7.421834 3.218882
v -0.296479 7.448595 3.218881
v 0.214141 7.421834 3.218882
v -0.296297 7.452075 3.258729
v 0.214324 7.425314 3.258729
v -0.296297 7.452075 3.258729
v -0.225963 8.794116 3.101002
v -0.225781 8.797597 3.140849
v -0.225963 8.794116 3.101002
v -0.296297 7.452075 3.258729
v -0.296479 7.448595 3.218881
v 0.284840 8.770837 3.140849
v -0.225963 8.794116 3.101002
v 0.284657 8.767356 3.101002
v -0.225963 8.794116 3.101002
v 0.284840 8.770837 3.140849
v -0.225781 8.797597 3.140849
v 0.284840 8.770837 3.140849
v 0.214141 7.421834 3.218882
v 0.214324 7.425314 3.258729
v 0.214141 7.421834 3.218882
v 0.284840 8.770837 3.140849
v 0.284657 8.767356 3.101002
v -0.297392 7.431187 3.019643
v 0.275981 7.335000 3.025422
v -0.367565 7.359025 3.026270
v 0.275981 7.335000 3.025422
v -0.297392 7.431187 3.019643
v 0.213228 7.404427 3.019643
v -0.297392 7.431187 3.019643
v -0.289629 8.846135 2.895985
v -0.226876 8.776709 2.901764
v -0.289629 8.846135 2.895985
v -0.297392 7.431187 3.019643
v -0.367565 7.359025 3.026270
v 0.283744 8.749949 2.901764
v -0.289629 8.846135 2.895985
v 0.353410 8.812435 2.895985
v -0.289629 8.846135 2.895985
v 0.283744 8.749949 2.901764
v -0.226876 8.776709 2.901764
v 0.213228 7.404427 3.019643
v 0.353410 8.812435 2.895985
v 0.275981 7.335000 3.025422
v 0.353410 8.812435 2.895985
v 0.213228 7.404427 3.019643
v 0.283744 8.749949 2.901764
v -0.367565 7.359025 3.026270
v 0.276164 7.338481 3.065269
v -0.366875 7.372181 3.065269
v 0.276164 7.338481 3.065269
v -0.367565 7.359025 3.026270
v 0.275981 7.335000 3.025422
v -0.289629 8.846135 2.895985
v -0.328413 8.106062 3.000974
v -0.289445 8.849617 2.935833
v -0.289629 8.846135 2.895985
v -0.366875 7.372181 3.065269
v -0.328413 8.106062 3.000974
v -0.367565 7.359025 3.026270
v -0.366875 7.372181 3.065269
v -0.289629 8.846135 2.895985
v 0.353410 8.812435 2.895985
v -0.289445 8.849617 2.935833
v 0.353592 8.815917 2.935833
v -0.289445 8.849617 2.935833
v 0.353410 8.812435 2.895985
v -0.289629 8.846135 2.895985
v 0.353410 8.812435 2.895985
v 0.276164 7.338481 3.065269
v 0.275981 7.335000 3.025422
v 0.353410 8.812435 2.895985
v 0.314624 8.072362 3.000974
v 0.276164 7.338481 3.065269
v 0.353410 8.812435 2.895985
v 0.353592 8.815917 2.935833
v 0.314624 8.072362 3.000974
v 0.213228 7.404427 3.019643
v -0.297210 7.434669 3.059490
v 0.213411 7.407908 3.059491
v -0.297210 7.434669 3.059490
v 0.213228 7.404427 3.019643
v -0.297392 7.431187 3.019643
v 0.213228 7.404427 3.019643
v 0.283926 8.753429 2.941612
v 0.283744 8.749949 2.901764
v 0.283926 8.753429 2.941612
v 0.213228 7.404427 3.019643
v 0.213411 7.407908 3.059491
v -0.226876 8.776709 2.901764
v 0.283926 8.753429 2.941612
v -0.226694 8.780190 2.941612
v 0.283926 8.753429 2.941612
v -0.226876 8.776709 2.901764
v 0.283744 8.749949 2.901764
v -0.226876 8.776709 2.901764
v -0.297210 7.434669 3.059490
v -0.297392 7.431187 3.019643
v -0.297210 7.434669 3.059490
v -0.226876 8.776709 2.901764
v -0.226694 8.780190 2.941612
v 1.034873 7.281742 2.110780
v 1.034051 7.266059 2.691982
v 1.031114 7.210014 2.050511
v 1.034051 7.266059 2.691982
v 1.034873 7.281742 2.110780
v 1.037205 7.326245 2.620156
v 1.105388 8.627264 1.992901
v 1.031114 7.210014 2.050511
v 1.108543 8.687449 1.921075
v 1.031114 7.210014 2.050511
v 1.105388 8.627264 1.992901
v 1.034873 7.281742 2.110780
v 1.107721 8.671767 2.502277
v 1.108543 8.687449 1.921075
v 1.111480 8.743494 2.562546
v 1.108543 8.687449 1.921075
v 1.107721 8.671767 2.502277
v 1.105388 8.627264 1.992901
v 1.037205 7.326245 2.620156
v 1.111480 8.743494 2.562546
v 1.034051 7.266059 2.691982
v 1.111480 8.743494 2.562546
v 1.037205 7.326245 2.620156
v 1.107721 8.671767 2.502277
v 1.031114 7.210014 2.050511
v 0.994105 7.268152 2.691982
v 0.991169 7.212108 2.050511
v 0.994105 7.268152 2.691982
v 1.031114 7.210014 2.050511
v 1.034051 7.266059 2.691982
v 1.031114 7.210014 2.050511
v 1.068597 8.689544 1.921075
v 1.108543 8.687449 1.921075
v 1.031114 7.210014 2.050511
v 1.029629 7.945989 1.986217
v 1.068597 8.689544 1.921075
v 1.031114 7.210014 2.050511
v 0.991169 7.212108 2.050511
v 1.029629 7.945989 1.986217
v 1.111480 8.743494 2.562546
v 1.068597 8.689544 1.921075
v 1.071535 8.745588 2.562545
v 1.068597 8.689544 1.921075
v 1.111480 8.743494 2.562546
v 1.108543 8.687449 1.921075
v 1.111480 8.743494 2.562546
v 0.994105 7.268152 2.691982
v 1.034051 7.266059 2.691982
v 1.111480 8.743494 2.562546
v 1.032566 8.002033 2.627687
v 0.994105 7.268152 2.691982
v 1.111480 8.743494 2.562546
v 1.071535 8.745588 2.562545
v 1.032566 8.002033 2.627687
v 1.037205 7.326245 2.620156
v 0.994928 7.283835 2.110780
v 0.997260 7.328339 2.620156
v 0.994928 7.283835 2.110780
v 1.037205 7.326245 2.620156
v 1.034873 7.281742 2.110780
v 1.037205 7.326245 2.620156
v 1.067775 8.673861 2.502276
v 1.107721 8.671767 2.502277
v 1.067775 8.673861 2.502276
v 1.037205 7.326245 2.620156
v 0.997260 7.328339 2.620156
v 1.105388 8.627264 1.992901
v 1.067775 8.673861 2.502276
v 1.065443 8.629357 1.992901
v 1.067775 8.673861 2.502276
v 1.105388 8.627264 1.992901
v 1.107721 8.671767 2.502277
v 1.105388 8.627264 1.992901
v 0.994928 7.283835 2.110780
v 1.034873 7.281742 2.110780
v 0.994928 7.283835 2.110780
v 1.105388 8.627264 1.992901
v 1.065443 8.629357 1.992901
v 0.797535 7.338806 2.620157
v 0.791444 7.222575 2.050512
v 0.793874 7.268944 2.692831
v 0.791444 7.222575 2.050512
v 0.797535 7.338806 2.620157
v 0.795203 7.294302 2.110781
v 0.797535 7.338806 2.620157
v 0.871810 8.756055 2.562546
v 0.868051 8.684327 2.502277
v 0.871810 8.756055 2.562546
v 0.797535 7.338806 2.620157
v 0.793874 7.268944 2.692831
v 0.865719 8.639824 1.992901
v 0.871810 8.756055 2.562546
v 0.868873 8.700010 1.921076
v 0.871810 8.756055 2.562546
v 0.865719 8.639824 1.992901
v 0.868051 8.684327 2.502277
v 0.795203 7.294302 2.110781
v 0.868873 8.700010 1.921076
v 0.791444 7.222575 2.050512
v 0.868873 8.700010 1.921076
v 0.795203 7.294302 2.110781
v 0.865719 8.639824 1.992901
v 0.793874 7.268944 2.692831
v 0.831389 7.220482 2.050511
v 0.834326 7.276526 2.691983
v 0.831389 7.220482 2.050511
v 0.793874 7.268944 2.692831
v 0.791444 7.222575 2.050512
v 0.871810 8.756055 2.562546
v 0.872787 8.010406 2.627687
v 0.911755 8.753962 2.562545
v 0.871810 8.756055 2.562546
v 0.834326 7.276526 2.691983
v 0.872787 8.010406 2.627687
v 0.793874 7.268944 2.692831
v 0.834326 7.276526 2.691983
v 0.871810 8.756055 2.562546
v 0.868873 8.700010 1.921076
v 0.911755 8.753962 2.562545
v 0.908818 8.697917 1.921076
v 0.911755 8.753962 2.562545
v 0.868873 8.700010 1.921076
v 0.871810 8.756055 2.562546
v 0.868873 8.700010 1.921076
v 0.831389 7.220482 2.050511
v 0.791444 7.222575 2.050512
v 0.868873 8.700010 1.921076
v 0.869850 7.954362 1.986217
v 0.831389 7.220482 2.050511
v 0.868873 8.700010 1.921076
v 0.908818 8.697917 1.921076
v 0.869850 7.954362 1.986217
v 0.795203 7.294302 2.110781
v 0.837480 7.336712 2.620157
v 0.835148 7.292209 2.110781
v 0.837480 7.336712 2.620157
v 0.795203 7.294302 2.110781
v 0.797535 7.338806 2.620157
v 0.795203 7.294302 2.110781
v 0.905664 8.637731 1.992902
v 0.865719 8.639824 1.992901
v 0.905664 8.637731 1.992902
v 0.795203 7.294302 2.110781
v 0.835148 7.292209 2.110781
v 0.868051 8.684327 2.502277
v 0.905664 8.637731 1.992902
v 0.907996 8.682234 2.502277
v 0.905664 8.637731 1.992902
v 0.868051 8.684327 2.502277
v 0.865719 8.639824 1.992901
v 0.868051 8.684327 2.502277
v 0.837480 7.336712 2.620157
v 0.797535 7.338806 2.620157
v 0.837480 7.336712 2.620157
v 0.868051 8.684327 2.502277
v 0.907996 8.682234 2.502277
v -0.304498 7.295596 1.467700
v 0.268875 7.199409 1.473478
v -0.374164 7.233109 1.473478
v 0.268875 7.199409 1.473478
v -0.304498 7.295596 1.467700
v 0.206122 7.268835 1.467700
v -0.233982 8.641118 1.349820
v -0.374164 7.233109 1.473478
v -0.296734 8.710544 1.344042
v -0.374164 7.233109 1.473478
v -0.233982 8.641118 1.349820
v -0.304498 7.295596 1.467700
v 0.276639 8.614357 1.349820
v -0.296734 8.710544 1.344042
v 0.346304 8.676844 1.344042
v -0.296734 8.710544 1.344042
v 0.276639 8.614357 1.349820
v -0.233982 8.641118 1.349820
v 0.206122 7.268835 1.467700
v 0.346304 8.676844 1.344042
v 0.268875 7.199409 1.473478
v 0.346304 8.676844 1.344042
v 0.206122 7.268835 1.467700
v 0.276639 8.614357 1.349820
v -0.374164 7.233109 1.473478
v 0.269057 7.202890 1.513326
v -0.373981 7.236590 1.513326
v 0.269057 7.202890 1.513326
v -0.374164 7.233109 1.473478
v 0.268875 7.199409 1.473478
v -0.374164 7.233109 1.473478
v -0.296552 8.714026 1.383889
v -0.296734 8.710544 1.344042
v -0.374164 7.233109 1.473478
v -0.335520 7.970471 1.449031
v -0.296552 8.714026 1.383889
v -0.374164 7.233109 1.473478
v -0.373981 7.236590 1.513326
v -0.335520 7.970471 1.449031
v 0.346304 8.676844 1.344042
v -0.296552 8.714026 1.383889
v 0.346485 8.680326 1.383890
v -0.296552 8.714026 1.383889
v 0.346304 8.676844 1.344042
v -0.296734 8.710544 1.344042
v 0.346304 8.676844 1.344042
v 0.269057 7.202890 1.513326
v 0.268875 7.199409 1.473478
v 0.346304 8.676844 1.344042
v 0.307518 7.936771 1.449031
v 0.269057 7.202890 1.513326
v 0.346304 8.676844 1.344042
v 0.346485 8.680326 1.383890
v 0.307518 7.936771 1.449031
v 0.206122 7.268835 1.467700
v -0.304316 7.299078 1.507547
v 0.206305 7.272316 1.507548
v -0.304316 7.299078 1.507547
v 0.206122 7.268835 1.467700
v -0.304498 7.295596 1.467700
v 0.206122 7.268835 1.467700
v 0.276820 8.617839 1.389668
v 0.276639 8.614357 1.349820
v 0.276820 8.617839 1.389668
v 0.206122 7.268835 1.467700
v 0.206305 7.272316 1.507548
v -0.233982 8.641118 1.349820
v 0.276820 8.617839 1.389668
v -0.233800 8.644599 1.389668
v 0.276820 8.617839 1.389668
v -0.233982 8.641118 1.349820
v 0.276639 8.614357 1.349820
v -0.233982 8.641118 1.349820
v -0.304316 7.299078 1.507547
v -0.304498 7.295596 1.467700
v -0.304316 7.299078 1.507547
v -0.233982 8.641118 1.349820
v -0.233800 8.644599 1.389668
v 0.207218 7.289724 1.706785
v -0.373069 7.253997 1.712564
v 0.269464 7.210621 1.713411
v -0.373069 7.253997 1.712564
v 0.207218 7.289724 1.706785
v -0.303402 7.316484 1.706785
v 0.207218 7.289724 1.706785
v 0.347399 8.697732 1.583127
v 0.277734 8.635245 1.588906
v 0.347399 8.697732 1.583127
v 0.207218 7.289724 1.706785
v 0.269464 7.210621 1.713411
v -0.232887 8.662005 1.588906
v 0.347399 8.697732 1.583127
v -0.295639 8.731433 1.583127
v 0.347399 8.697732 1.583127
v -0.232887 8.662005 1.588906
v 0.277734 8.635245 1.588906
v -0.303402 7.316484 1.706785
v -0.295639 8.731433 1.583127
v -0.373069 7.253997 1.712564
v -0.295639 8.731433 1.583127
v -0.303402 7.316484 1.706785
v -0.232887 8.662005 1.588906
v 0.269464 7.210621 1.713411
v -0.373251 7.250516 1.672716
v 0.269788 7.216816 1.672716
v -0.373251 7.250516 1.672716
v 0.269464 7.210621 1.713411
v -0.373069 7.253997 1.712564
v 0.347399 8.697732 1.583127
v 0.308248 7.950696 1.608421
v 0.347216 8.694251 1.543280
v 0.347399 8.697732 1.583127
v 0.269788 7.216816 1.672716
v 0.308248 7.950696 1.608421
v 0.269464 7.210621 1.713411
v 0.269788 7.216816 1.672716
v 0.347399 8.697732 1.583127
v -0.295639 8.731433 1.583127
v 0.347216 8.694251 1.543280
v -0.295821 8.727951 1.543280
v 0.347216 8.694251 1.543280
v -0.295639 8.731433 1.583127
v 0.347399 8.697732 1.583127
v -0.295639 8.731433 1.583127
v -0.373251 7.250516 1.672716
v -0.373069 7.253997 1.712564
v -0.295639 8.731433 1.583127
v -0.334790 7.984396 1.608421
v -0.373251 7.250516 1.672716
v -0.295639 8.731433 1.583127
v -0.295821 8.727951 1.543280
v -0.334790 7.984396 1.608421
v -0.303402 7.316484 1.706785
v 0.207035 7.286242 1.666938
v -0.303585 7.313003 1.666937
v 0.207035 7.286242 1.666938
v -0.303402 7.316484 1.706785
v 0.207218 7.289724 1.706785
v -0.303402 7.316484 1.706785
v -0.233069 8.658525 1.549058
v -0.232887 8.662005 1.588906
v -0.233069 8.658525 1.549058
v -0.303402 7.316484 1.706785
v -0.303585 7.313003 1.666937
v 0.277734 8.635245 1.588906
v -0.233069 8.658525 1.549058
v 0.277551 8.631764 1.549058
v -0.233069 8.658525 1.549058
v 0.277734 8.635245 1.588906
v -0.232887 8.662005 1.588906
v 0.277734 8.635245 1.588906
v 0.207035 7.286242 1.666938
v 0.207218 7.289724 1.706785
v 0.207035 7.286242 1.666938
v 0.277734 8.635245 1.588906
v 0.277551 8.631764 1.549058
v 0.590000 4.767759 5.170002
v 0.640000 3.652682 5.170002
v 0.640000 4.772684 5.170002
v 0.640000 3.652682 5.170002
v 0.590000 4.767759 5.170002
v 0.590000 3.702682 5.170002
v 0.544184 4.998093 5.170001
v 0.640000 4.772684 5.170002
v 0.591283 5.017601 5.170001
v 0.640000 4.772684 5.170002
v 0.544184 4.998093 5.170001
v 0.590000 4.767759 5.170002
v -0.000000 5.361705 5.170002
v 0.244918 5.363966 5.170001
v -0.000000 5.412684 5.170002
v 0.244918 5.363966 5.170001
v -0.000000 5.361705 5.170002
v 0.225408 5.316868 5.170001
v -0.225409 5.316867 5.170002
v -0.000000 5.412684 5.170002
v -0.244918 5.363966 5.170002
v -0.000000 5.412684 5.170002
v -0.225409 5.316867 5.170002
v -0.000000 5.361705 5.170002
v -0.544184 4.998093 5.170002
v -0.452548 5.225233 5.170002
v -0.591283 5.017601 5.170002
v -0.452548 5.225233 5.170002
v -0.544184 4.998093 5.170002
v -0.416500 5.189185 5.170002
v -0.590000 4.767759 5.170001
v -0.591283 5.017601 5.170002
v -0.640000 4.772684 5.170001
v -0.591283 5.017601 5.170002
v -0.590000 4.767759 5.170001
v -0.544184 4.998093 5.170002
v -0.590000 3.702682 5.170002
v -0.640000 4.772684 5.170001
v -0.640000 3.652682 5.170002
v -0.640000 4.772684 5.170001
v -0.590000 3.702682 5.170002
v -0.590000 4.767759 5.170001
v -0.000000 5.412684 5.170002
v 0.244918 5.363966 5.120001
v -0.000000 5.412684 5.120002
v 0.244918 5.363966 5.120001
v -0.000000 5.412684 5.170002
v 0.244918 5.363966 5.170001
v -0.244918 5.363966 5.170002
v -0.000000 5.412684 5.120002
v -0.244918 5.363966 5.120002
v -0.000000 5.412684 5.120002
v -0.244918 5.363966 5.170002
v -0.000000 5.412684 5.170002
v -0.000001 3.652682 5.170002
v -0.640000 3.652682 5.120002
v -0.000001 3.652682 5.120002
v -0.640000 3.652682 5.120002
v -0.000001 3.652682 5.170002
v -0.640000 3.652682 5.170002
v -0.590000 3.702682 5.170002
v -0.000001 3.702682 5.120002
v -0.590000 3.702682 5.120002
v -0.000001 3.702682 5.120002
v -0.590000 3.702682 5.170002
v -0.000001 3.702682 5.170002
v -0.000000 5.361705 5.170002
v -0.225409 5.316867 5.120002
v -0.000000 5.361705 5.120002
v -0.225409 5.316867 5.120002
v -0.000000 5.361705 5.170002
v -0.225409 5.316867 5.170002
v 0.225408 5.316868 5.170001
v -0.000000 5.361705 5.120002
v 0.225408 5.316868 5.120001
v -0.000000 5.361705 5.120002
v 0.225408 5.316868 5.170001
v -0.000000 5.361705 5.170002
v -0.590000 4.767759 4.910002
v -0.640000 3.652682 4.910001
v -0.640000 4.772684 4.910002
v -0.640000 3.652682 4.910001
v -0.590000 4.767759 4.910002
v -0.590000 3.702682 4.910001
v -0.544184 4.998093 4.910002
v -0.640000 4.772684 4.910002
v -0.591283 5.017601 4.910002
v -0.640000 4.772684 4.910002
v -0.544184 4.998093 4.910002
v -0.590000 4.767759 4.910002
v 0.000000 5.361705 4.910002
v -0.244918 5.363966 4.910002
v 0.000000 5.412684 4.910002
v -0.244918 5.363966 4.910002
v 0.000000 5.361705 4.910002
v -0.225408 5.316868 4.910002
v 0.225409 5.316867 4.910001
v 0.000000 5.412684 4.910002
v 0.244918 5.363966 4.910001
v 0.000000 5.412684 4.910002
v 0.225409 5.316867 4.910001
v 0.000000 5.361705 4.910002
v 0.544184 4.998093 4.910002
v 0.452548 5.225233 4.910001
v 0.591283 5.017601 4.910002
v 0.452548 5.225233 4.910001
v 0.544184 4.998093 4.910002
v 0.416500 5.189185 4.910001
v 0.590000 4.767759 4.910002
v 0.591283 5.017601 4.910002
v 0.640000 4.772684 4.910002
v 0.591283 5.017601 4.910002
v 0.590000 4.767759 4.910002
v 0.544184 4.998093 4.910002
v 0.590000 3.702682 4.910001
v 0.640000 4.772684 4.910002
v 0.640000 3.652682 4.910001
v 0.640000 4.772684 4.910002
v 0.590000 3.702682 4.910001
v 0.590000 4.767759 4.910002
v -0.244918 5.363966 4.910002
v -0.452548 5.225233 4.960002
v -0.244918 5.363966 4.960002
v -0.452548 5.225233 4.960002
v -0.244918 5.363966 4.910002
v -0.452548 5.225233 4.910002
v 0.000000 5.412684 4.910002
v -0.244918 5.363966 4.960002
v 0.000000 5.412684 4.960001
v -0.244918 5.363966 4.960002
v 0.000000 5.412684 4.910002
v -0.244918 5.363966 4.910002
v 0.244918 5.363966 4.910001
v 0.000000 5.412684 4.960001
v 0.244918 5.363966 4.960001
v 0.000000 5.412684 4.960001
v 0.244918 5.363966 4.910001
v 0.000000 5.412684 4.910002
v 0.452548 5.225233 4.910001
v 0.244918 5.363966 4.960001
v 0.452548 5.225233 4.960001
v 0.244918 5.363966 4.960001
v 0.452548 5.225233 4.910001
v 0.244918 5.363966 4.910001
v 0.640000 4.772684 4.910002
v 0.591283 5.017601 4.960001
v 0.640000 4.772684 4.960002
v 0.591283 5.017601 4.960001
v 0.640000 4.772684 4.910002
v 0.591283 5.017601 4.910002
v 0.640000 3.652682 4.910001
v 0.640000 4.772684 4.960002
v 0.640000 3.652682 4.960001
v 0.640000 4.772684 4.960002
v 0.640000 3.652682 4.910001
v 0.640000 4.772684 4.910002
v 0.000001 3.652682 4.910001
v 0.640000 3.652682 4.960001
v 0.000001 3.652682 4.960001
v 0.640000 3.652682 4.960001
v 0.000001 3.652682 4.910001
v 0.640000 3.652682 4.910001
v 0.590000 3.702682 4.910001
v 0.000001 3.702682 4.960001
v 0.590000 3.702682 4.960001
v 0.000001 3.702682 4.960001
v 0.590000 3.702682 4.910001
v 0.000001 3.702682 4.910001
v 0.225409 5.316867 4.910001
v 0.416500 5.189185 4.960001
v 0.225409 5.316867 4.960001
v 0.416500 5.189185 4.960001
v 0.225409 5.316867 4.910001
v 0.416500 5.189185 4.910001
v 0.000000 5.361705 4.910002
v 0.225409 5.316867 4.960001
v 0.000000 5.361705 4.960001
v 0.225409 5.316867 4.960001
v 0.000000 5.361705 4.910002
v 0.225409 5.316867 4.910001
v -0.225408 5.316868 4.910002
v 0.000000 5.361705 4.960001
v -0.225408 5.316868 4.960002
v 0.000000 5.361705 4.960001
v -0.225408 5.316868 4.910002
v 0.000000 5.361705 4.910002
v -0.416500 5.189185 4.910002
v -0.225408 5.316868 4.960002
v -0.416500 5.189185 4.960002
v -0.225408 5.316868 4.960002
v -0.416500 5.189185 4.910002
v -0.225408 5.316868 4.910002
v -0.000000 4.788155 4.990580
v -0.421429 4.738154 5.053335
v -0.000000 4.738155 4.990580
v -0.421429 4.738154 5.053335
v -0.000000 4.788155 4.990580
v -0.421429 4.788155 5.053335
v -0.000000 4.788155 4.950580
v -0.421429 4.788155 5.053335
v -0.000000 4.788155 4.990580
v -0.421429 4.788155 5.053335
v -0.000000 4.788155 4.950580
v -0.421429 4.788155 5.013335
v -0.091793 4.126253 5.053335
v -0.423931 4.126253 5.013335
v -0.091793 4.126253 5.013335
v -0.423931 4.126253 5.013335
v -0.091793 4.126253 5.053335
v -0.423931 4.126253 5.053335
v -0.000000 4.738154 4.950580
v -0.421429 4.788155 5.013335
v -0.000000 4.788155 4.950580
v -0.421429 4.788155 5.013335
v -0.000000 4.738154 4.950580
v -0.421429 4.738154 5.013335
v -0.091793 4.126253 5.013335
v -0.411431 4.176253 5.013335
v -0.054293 4.176253 5.013335
v -0.016007 4.788155 4.980672
v 0.016008 5.074930 5.017468
v -0.016007 5.074930 5.017468
v 0.016008 5.074930 5.017468
v -0.016007 4.788155 4.980672
v 0.016008 4.788155 4.980672
v 0.016008 4.788155 4.980672
v 0.016007 5.074930 4.997283
v 0.016008 5.074930 5.017468
v 0.016007 5.074930 4.997283
v 0.016008 4.788155 4.980672
v 0.016007 4.788155 4.960486
v 0.016007 5.074930 4.997283
v -0.016007 4.788155 4.960486
v -0.016007 5.074930 4.997283
v -0.016007 4.788155 4.960486
v 0.016007 5.074930 4.997283
v 0.016007 4.788155 4.960486
v 0.016008 4.304698 5.068645
v -0.016007 3.911358 5.043427
v 0.016008 3.903354 5.043427
v -0.016007 3.911358 5.043427
v 0.016008 4.304698 5.068645
v -0.016007 4.328709 5.068645
v -0.016007 3.911358 5.043427
v -0.016007 4.328709 5.023242
v -0.016007 3.911358 5.023242
v -0.016007 4.328709 5.023242
v -0.016007 3.911358 5.043427
v -0.016007 4.328709 5.068645
v -0.016007 3.911358 5.023242
v 0.016008 4.304698 5.048459
v 0.016008 3.903354 5.023242
v 0.016008 4.304698 5.048459
v -0.016007 3.911358 5.023242
v -0.016007 4.328709 5.023242
v 0.074277 4.126253 5.095726
v 0.124277 4.176253 5.055726
v 0.124277 4.176253 5.095726
v 0.124277 4.176253 5.055726
v 0.074277 4.126253 5.095726
v 0.074277 4.126253 5.055726
v -0.054293 4.176253 5.053335
v 0.074277 4.126253 5.095726
v 0.124277 4.176253 5.095726
v 0.074277 4.126253 5.095726
v -0.054293 4.176253 5.053335
v -0.091793 4.126253 5.053335
v -0.091793 4.126253 5.053335
v 0.074277 4.126253 5.055726
v 0.074277 4.126253 5.095726
v 0.074277 4.126253 5.055726
v -0.091793 4.126253 5.053335
v -0.091793 4.126253 5.013335
v 0.074277 4.126253 5.055726
v -0.054293 4.176253 5.013335
v 0.124277 4.176253 5.055726
v -0.054293 4.176253 5.013335
v 0.074277 4.126253 5.055726
v -0.091793 4.126253 5.013335
v -0.016007 4.328709 5.068645
v 0.016008 4.505369 5.085819
v -0.016007 4.537384 5.085819
v 0.016008 4.505369 5.085819
v -0.016007 4.328709 5.068645
v 0.016008 4.304698 5.068645
v 0.016008 4.505369 5.065633
v -0.016007 4.328709 5.023242
v -0.016007 4.537384 5.065633
v -0.016007 4.328709 5.023242
v 0.016008 4.505369 5.065633
v 0.016008 4.304698 5.048459
v -0.421429 4.738154 5.053335
v -0.000000 4.738154 4.950580
v -0.000000 4.738155 4.990580
v -0.000000 4.788155 4.990580
v 0.421429 4.738155 5.053335
v 0.421428 4.788155 5.053335
v 0.421429 4.738155 5.053335
v -0.000000 4.788155 4.990580
v -0.000000 4.738155 4.990580
v -0.000000 4.738154 4.950580
v 0.421428 4.788155 5.013335
v 0.421429 4.738154 5.013335
v 0.421428 4.788155 5.013335
v -0.000000 4.738154 4.950580
v -0.000000 4.788155 4.950580
v 0.016008 5.074930 5.017468
v 0.016008 5.361705 5.023242
v 0.016008 5.361705 5.043427
v 0.016008 5.361705 5.023242
v 0.016008 5.074930 5.017468
v 0.016007 5.074930 4.997283
v -0.016007 5.074930 5.017468
v -0.016007 4.788155 4.960486
v -0.016007 4.788155 4.980672
v -0.016007 4.788155 4.960486
v -0.016007 5.074930 5.017468
v -0.016007 5.074930 4.997283
v 0.016008 4.304698 5.068645
v 0.016008 3.903354 5.043427
v 0.016008 4.304698 5.048459
v 0.016008 3.903354 5.023242
v -0.016007 5.074930 5.017468
v -0.016007 5.361705 5.043427
v -0.016007 5.074930 4.997283
v -0.016007 5.361705 5.023242
v -0.016007 4.537384 5.085819
v 0.016008 4.505369 5.085819
v -0.016007 4.537384 5.065633
v 0.016008 4.505369 5.065633
v 0.590000 4.738155 5.053335
v 0.421429 4.738155 5.053335
v 0.590000 4.738154 5.013335
v 0.421429 4.738154 5.013335
v -0.590000 4.738154 5.053335
v -0.421429 4.738154 5.053335
v -0.590001 4.788155 5.053335
v -0.421429 4.788155 5.053335
v 0.590000 4.788155 5.053335
v 0.421428 4.788155 5.053335
v 0.590000 4.738155 5.053335
v 0.421429 4.738155 5.053335
v -0.590001 4.788155 5.053335
v -0.421429 4.788155 5.053335
v -0.590001 4.788155 5.013335
v -0.421429 4.788155 5.013335
v 0.590000 4.788155 5.013335
v 0.421428 4.788155 5.013335
v 0.590000 4.788155 5.053335
v 0.421428 4.788155 5.053335
v -0.590001 4.788155 5.013335
v -0.421429 4.788155 5.013335
v -0.590000 4.738154 5.013335
v -0.421429 4.738154 5.013335
v 0.590000 4.738154 5.013335
v 0.421429 4.738154 5.013335
v 0.590000 4.788155 5.013335
v 0.421428 4.788155 5.013335
v -0.590000 4.126253 5.013335
v -0.423931 4.126253 5.013335
v -0.590000 4.126253 5.053335
v -0.423931 4.126253 5.053335
v 0.016008 4.505369 5.085819
v 0.016008 4.304698 5.068645
v 0.016008 4.505369 5.065633
v 0.016008 4.304698 5.048459
v 0.016008 3.702682 5.023242
v 0.016008 3.903354 5.023242
v 0.016008 3.702682 5.043427
v 0.016008 3.903354 5.043427
v 0.016008 3.702682 5.043427
v 0.016008 3.903354 5.043427
v -0.016007 3.702682 5.043427
v -0.016007 3.911358 5.043427
v -0.016007 3.702682 5.043427
v -0.016007 3.911358 5.043427
v -0.016007 3.702682 5.023242
v -0.016007 3.911358 5.023242
v -0.016007 4.537384 5.065633
v -0.016007 4.328709 5.023242
v -0.016007 4.537384 5.085819
v -0.016007 4.328709 5.068645
v 0.016008 3.702682 5.023242
v -0.016007 3.702682 5.023242
v 0.016008 3.903354 5.023242
v -0.016007 3.911358 5.023242
v 0.421428 4.788155 5.013335
v -0.000000 4.788155 4.950580
v 0.421428 4.788155 5.053335
v -0.000000 4.788155 4.990580
v -0.016007 5.361705 5.043427
v -0.016007 5.074930 5.017468
v 0.016008 5.361705 5.043427
v 0.016008 5.074930 5.017468
v 0.016008 5.361705 5.023242
v 0.016007 5.074930 4.997283
v -0.016007 5.361705 5.023242
v -0.016007 5.074930 4.997283
v 3.880001 1.412683 3.142596
v 3.880001 1.462682 3.192596
v 3.880001 1.412683 3.628210
v 3.880001 1.462683 3.578210
v 3.880001 2.482683 3.192596
v 3.880001 1.462682 3.192596
v 3.880001 2.532683 3.142596
v 3.880001 1.412683 3.142596
v 3.880001 2.532683 3.628210
v 3.880001 2.482683 3.578210
v 3.880001 2.532683 3.142596
v 3.880001 2.482683 3.192596
v 3.880001 1.412683 3.628210
v 3.880001 1.462683 3.578210
v 3.880001 2.532683 3.628210
v 3.880001 2.482683 3.578210
v 3.840001 1.412683 3.142596
v 3.880001 1.412683 3.142596
v 3.840001 1.412683 3.628210
v 3.880001 1.412683 3.628210
v 3.840001 2.532683 3.142596
v 3.880001 2.532683 3.142596
v 3.840001 1.412683 3.142596
v 3.880001 1.412683 3.142596
v 3.840001 2.532683 3.628209
v 3.880001 2.532683 3.628210
v 3.840001 2.532683 3.142596
v 3.880001 2.532683 3.142596
v 3.840001 1.462683 3.578210
v 3.880001 1.462683 3.578210
v 3.840001 1.462682 3.192596
v 3.880001 1.462682 3.192596
v 3.840001 2.482683 3.192596
v 3.880001 2.482683 3.192596
v 3.840001 2.482683 3.578209
v 3.880001 2.482683 3.578210
v 3.880001 1.462682 3.192596
v 3.880001 2.482683 3.192596
v 3.840001 1.462682 3.192596
v 3.840001 2.482683 3.192596
v 3.640002 1.405348 3.628211
v 3.640002 1.462682 3.578210
v 3.640002 1.412683 3.142597
v 3.640002 1.462683 3.192597
v 3.640002 2.482683 3.578210
v 3.640002 1.462682 3.578210
v 3.640002 2.532683 3.628210
v 3.640002 1.405348 3.628211
v 3.640002 2.532683 3.142597
v 3.640002 2.482683 3.192597
v 3.640002 2.532683 3.628210
v 3.640002 2.482683 3.578210
v 3.640002 1.412683 3.142597
v 3.640002 1.462683 3.192597
v 3.640002 2.532683 3.142597
v 3.640002 2.482683 3.192597
v 3.680002 2.532683 3.142597
v 3.640002 2.532683 3.142597
v 3.680002 2.532683 3.628210
v 3.640002 2.532683 3.628210
v 3.680002 1.462683 3.192597
v 3.640002 1.462683 3.192597
v 3.680002 1.462682 3.578210
v 3.640002 1.462682 3.578210
v 3.680002 2.482683 3.578210
v 3.640002 2.482683 3.578210
v 3.680002 2.482683 3.192597
v 3.640002 2.482683 3.192597
v 3.680002 1.462682 3.578210
v 3.640002 1.462682 3.578210
v 3.680002 2.482683 3.578210
v 3.640002 2.482683 3.578210
v 3.880001 1.412683 0.902596
v 3.880001 1.462682 0.952596
v 3.880001 1.412683 1.388210
v 3.880001 1.462683 1.338209
v 3.880001 2.482683 0.952596
v 3.880001 1.462682 0.952596
v 3.880001 2.532683 0.902596
v 3.880001 1.412683 0.902596
v 3.880001 2.532683 1.388210
v 3.880001 2.482683 1.338210
v 3.880001 2.532683 0.902596
v 3.880001 2.482683 0.952596
v 3.880001 1.412683 1.388210
v 3.880001 1.462683 1.338209
v 3.880001 2.532683 1.388210
v 3.880001 2.482683 1.338210
v 3.840001 1.412683 0.902596
v 3.880001 1.412683 0.902596
v 3.840001 1.412683 1.388210
v 3.880001 1.412683 1.388210
v 3.840001 1.462683 1.338209
v 3.880001 1.462683 1.338209
v 3.840001 1.462682 0.952596
v 3.880001 1.462682 0.952596
v 3.840001 2.482683 0.952596
v 3.880001 2.482683 0.952596
v 3.840001 2.482683 1.338209
v 3.880001 2.482683 1.338210
v 3.880001 1.462682 0.952596
v 3.880001 2.482683 0.952596
v 3.840001 1.462682 0.952596
v 3.840001 2.482683 0.952596
v 3.640002 1.405348 1.388210
v 3.640002 1.462682 1.338210
v 3.640002 1.412683 0.902596
v 3.640002 1.462683 0.952597
v 3.640002 2.482683 1.338210
v 3.640002 1.462682 1.338210
v 3.640002 2.532683 1.388210
v 3.640002 1.405348 1.388210
v 3.640002 2.532683 0.902596
v 3.640002 2.482683 0.952596
v 3.640002 2.532683 1.388210
v 3.640002 2.482683 1.338210
v 3.640002 1.412683 0.902596
v 3.640002 1.462683 0.952597
v 3.640002 2.532683 0.902596
v 3.640002 2.482683 0.952596
v 3.680002 2.532683 0.902597
v 3.640002 2.532683 0.902596
v 3.680002 2.532683 1.388210
v 3.640002 2.532683 1.388210
v 3.680002 1.462683 0.952597
v 3.640002 1.462683 0.952597
v 3.680002 1.462682 1.338210
v 3.640002 1.462682 1.338210
v 3.680002 2.482683 1.338210
v 3.640002 2.482683 1.338210
v 3.680002 2.482683 0.952597
v 3.640002 2.482683 0.952596
v 3.680002 1.462682 1.338210
v 3.640002 1.462682 1.338210
v 3.680002 2.482683 1.338210
v 3.640002 2.482683 1.338210
v 3.195883 1.412683 4.520002
v 3.145882 1.462682 4.520002
v 2.710268 1.412683 4.520002
v 2.760269 1.462683 4.520002
v 3.145882 2.482683 4.520002
v 3.145882 1.462682 4.520002
v 3.195882 2.532683 4.520002
v 3.195883 1.412683 4.520002
v 2.710268 2.532683 4.520002
v 2.760268 2.482683 4.520002
v 3.195882 2.532683 4.520002
v 3.145882 2.482683 4.520002
v 2.710268 1.412683 4.520002
v 2.760269 1.462683 4.520002
v 2.710268 2.532683 4.520002
v 2.760268 2.482683 4.520002
v 2.710270 2.532683 4.480001
v 2.710268 2.532683 4.520002
v 3.195882 2.532683 4.480001
v 3.195882 2.532683 4.520002
v 2.760269 1.462683 4.480001
v 2.760269 1.462683 4.520002
v 3.145882 1.462682 4.480002
v 3.145882 1.462682 4.520002
v 3.145882 2.482683 4.480001
v 3.145882 2.482683 4.520002
v 2.760269 2.482683 4.480001
v 2.760268 2.482683 4.520002
v 3.145882 1.462682 4.520002
v 3.145882 2.482683 4.520002
v 3.145882 1.462682 4.480002
v 3.145882 2.482683 4.480001
v 2.710268 1.405348 4.280003
v 2.760268 1.462682 4.280003
v 3.195882 1.412683 4.280003
v 3.145881 1.462683 4.280003
v 2.760268 2.482683 4.280003
v 2.760268 1.462682 4.280003
v 2.710268 2.532683 4.280003
v 2.710268 1.405348 4.280003
v 3.195882 2.532683 4.280003
v 3.145882 2.482683 4.280003
v 2.710268 2.532683 4.280003
v 2.760268 2.482683 4.280003
v 3.195882 1.412683 4.280003
v 3.145881 1.462683 4.280003
v 3.195882 2.532683 4.280003
v 3.145882 2.482683 4.280003
v 3.195881 2.532683 4.320003
v 3.195882 2.532683 4.280003
v 2.710268 2.532683 4.320003
v 2.710268 2.532683 4.280003
v 3.145881 1.462683 4.320003
v 3.145881 1.462683 4.280003
v 2.760268 1.462682 4.320003
v 2.760268 1.462682 4.280003
v 2.760268 2.482683 4.320003
v 2.760268 2.482683 4.280003
v 3.145881 2.482683 4.320003
v 3.145882 2.482683 4.280003
v 2.760268 1.462682 4.320003
v 2.760268 1.462682 4.280003
v 2.760268 2.482683 4.320003
v 2.760268 2.482683 4.280003
v 1.912257 1.412683 4.520002
v 1.862257 1.462682 4.520002
v 1.426643 1.412683 4.520002
v 1.476644 1.462683 4.520002
v 1.862257 2.482683 4.520002
v 1.862257 1.462682 4.520002
v 1.912257 2.532683 4.520002
v 1.912257 1.412683 4.520002
v 1.426643 2.532683 4.520002
v 1.476643 2.482683 4.520002
v 1.912257 2.532683 4.520002
v 1.862257 2.482683 4.520002
v 1.426643 1.412683 4.520002
v 1.476644 1.462683 4.520002
v 1.426643 2.532683 4.520002
v 1.476643 2.482683 4.520002
v 1.912257 1.412683 4.480002
v 1.912257 1.412683 4.520002
v 1.426643 1.412683 4.480002
v 1.426643 1.412683 4.520002
v 1.426644 2.532683 4.480001
v 1.426643 2.532683 4.520002
v 1.912257 2.532683 4.480001
v 1.912257 2.532683 4.520002
v 1.476644 1.462683 4.480001
v 1.476644 1.462683 4.520002
v 1.862257 1.462682 4.480002
v 1.862257 1.462682 4.520002
v 1.862257 2.482683 4.480001
v 1.862257 2.482683 4.520002
v 1.476644 2.482683 4.480001
v 1.476643 2.482683 4.520002
v 1.862257 1.462682 4.520002
v 1.862257 2.482683 4.520002
v 1.862257 1.462682 4.480002
v 1.862257 2.482683 4.480001
v 1.426643 1.405348 4.280003
v 1.476643 1.462682 4.280003
v 1.912257 1.412683 4.280003
v 1.862256 1.462683 4.280003
v 1.476643 2.482683 4.280003
v 1.476643 1.462682 4.280003
v 1.426643 2.532683 4.280003
v 1.426643 1.405348 4.280003
v 1.912257 2.532683 4.280003
v 1.862257 2.482683 4.280003
v 1.426643 2.532683 4.280003
v 1.476643 2.482683 4.280003
v 1.912257 1.412683 4.280003
v 1.862256 1.462683 4.280003
v 1.912257 2.532683 4.280003
v 1.862257 2.482683 4.280003
v 1.912256 2.532683 4.320003
v 1.912257 2.532683 4.280003
v 1.426643 2.532683 4.320002
v 1.426643 2.532683 4.280003
v 1.862256 1.462683 4.320003
v 1.862256 1.462683 4.280003
v 1.476643 1.462682 4.320003
v 1.476643 1.462682 4.280003
v 1.476643 2.482683 4.320003
v 1.476643 2.482683 4.280003
v 1.862256 2.482683 4.320003
v 1.862257 2.482683 4.280003
v 1.476643 1.462682 4.320003
v 1.476643 1.462682 4.280003
v 1.476643 2.482683 4.320003
v 1.476643 2.482683 4.280003
v -1.426642 1.412683 4.520002
v -1.476642 1.462682 4.520002
v -1.912256 1.412683 4.520002
v -1.862256 1.462683 4.520002
v -1.476642 2.482683 4.520002
v -1.476642 1.462682 4.520002
v -1.426643 2.532683 4.520002
v -1.426642 1.412683 4.520002
v -1.912256 2.532683 4.520002
v -1.862256 2.482683 4.520002
v -1.426643 2.532683 4.520002
v -1.476642 2.482683 4.520002
v -1.912256 1.412683 4.520002
v -1.862256 1.462683 4.520002
v -1.912256 2.532683 4.520002
v -1.862256 2.482683 4.520002
v -1.912255 2.532683 4.480001
v -1.912256 2.532683 4.520002
v -1.426643 2.532683 4.480001
v -1.426643 2.532683 4.520002
v -1.862256 1.462683 4.480001
v -1.862256 1.462683 4.520002
v -1.476642 1.462682 4.480002
v -1.476642 1.462682 4.520002
v -1.476642 2.482683 4.480001
v -1.476642 2.482683 4.520002
v -1.862255 2.482683 4.480001
v -1.862256 2.482683 4.520002
v -1.476642 1.462682 4.520002
v -1.476642 2.482683 4.520002
v -1.476642 1.462682 4.480002
v -1.476642 2.482683 4.480001
v -1.912257 1.405348 4.280003
v -1.862256 1.462682 4.280003
v -1.426643 1.412683 4.280003
v -1.476643 1.462683 4.280003
v -1.862256 2.482683 4.280003
v -1.862256 1.462682 4.280003
v -1.912256 2.532683 4.280003
v -1.912257 1.405348 4.280003
v -1.426643 2.532683 4.280003
v -1.476643 2.482683 4.280003
v -1.912256 2.532683 4.280003
v -1.862256 2.482683 4.280003
v -1.426643 1.412683 4.280003
v -1.476643 1.462683 4.280003
v -1.426643 2.532683 4.280003
v -1.476643 2.482683 4.280003
v -1.426644 2.532683 4.320002
v -1.426643 2.532683 4.280003
v -1.912256 2.532683 4.320003
v -1.912256 2.532683 4.280003
v -1.476643 1.462683 4.320003
v -1.476643 1.462683 4.280003
v -1.862256 1.462682 4.320003
v -1.862256 1.462682 4.280003
v -1.862256 2.482683 4.320003
v -1.862256 2.482683 4.280003
v -1.476643 2.482683 4.320003
v -1.476643 2.482683 4.280003
v -1.862256 1.462682 4.320003
v -1.862256 1.462682 4.280003
v -1.862256 2.482683 4.320003
v -1.862256 2.482683 4.280003
v -2.710268 1.412683 4.520002
v -2.760268 1.462682 4.520002
v -3.195882 1.412683 4.520002
v -3.145881 1.462683 4.520002
v -2.760268 2.482683 4.520002
v -2.760268 1.462682 4.520002
v -2.710268 2.532683 4.520002
v -2.710268 1.412683 4.520002
v -3.195882 2.532683 4.520002
v -3.145882 2.482683 4.520002
v -2.710268 2.532683 4.520002
v -2.760268 2.482683 4.520002
v -3.195882 1.412683 4.520002
v -3.145881 1.462683 4.520002
v -3.195882 2.532683 4.520002
v -3.145882 2.482683 4.520002
v -2.710268 1.412683 4.480002
v -2.710268 1.412683 4.520002
v -3.195882 1.412683 4.480002
v -3.195882 1.412683 4.520002
v -2.710268 2.532683 4.480002
v -2.710268 2.532683 4.520002
v -2.710268 1.412683 4.480002
v -2.710268 1.412683 4.520002
v -3.195881 2.532683 4.480002
v -3.195882 2.532683 4.520002
v -2.710268 2.532683 4.480002
v -2.710268 2.532683 4.520002
v -3.145881 1.462683 4.480001
v -3.145881 1.462683 4.520002
v -2.760268 1.462682 4.480002
v -2.760268 1.462682 4.520002
v -2.760268 2.482683 4.480001
v -2.760268 2.482683 4.520002
v -3.145881 2.482683 4.480001
v -3.145882 2.482683 4.520002
v -2.760268 1.462682 4.520002
v -2.760268 2.482683 4.520002
v -2.760268 1.462682 4.480002
v -2.760268 2.482683 4.480001
v -3.195883 1.405348 4.280003
v -3.145882 1.462682 4.280003
v -2.710268 1.412683 4.280003
v -2.760269 1.462683 4.280003
v -3.145882 2.482683 4.280003
v -3.145882 1.462682 4.280003
v -3.195882 2.532683 4.280003
v -3.195883 1.405348 4.280003
v -2.710268 2.532683 4.280003
v -2.760268 2.482683 4.280003
v -3.195882 2.532683 4.280003
v -3.145882 2.482683 4.280003
v -2.710268 1.412683 4.280003
v -2.760269 1.462683 4.280003
v -2.710268 2.532683 4.280003
v -2.760268 2.482683 4.280003
v -2.710269 2.532683 4.320003
v -2.710268 2.532683 4.280003
v -3.195882 2.532683 4.320003
v -3.195882 2.532683 4.280003
v -2.760269 1.462683 4.320003
v -2.760269 1.462683 4.280003
v -3.145882 1.462682 4.320003
v -3.145882 1.462682 4.280003
v -3.145882 2.482683 4.320003
v -3.145882 2.482683 4.280003
v -2.760269 2.482683 4.320003
v -2.760268 2.482683 4.280003
v -3.145882 1.462682 4.320003
v -3.145882 1.462682 4.280003
v -3.145882 2.482683 4.320003
v -3.145882 2.482683 4.280003
v -3.640001 1.412683 3.142596
v -3.640001 1.462682 3.192596
v -3.640001 1.412683 3.628210
v -3.640001 1.462683 3.578210
v -3.640001 2.482683 3.192596
v -3.640001 1.462682 3.192596
v -3.640001 2.532683 3.142596
v -3.640001 1.412683 3.142596
v -3.640001 2.532683 3.628210
v -3.640001 2.482683 3.578210
v -3.640001 2.532683 3.142596
v -3.640001 2.482683 3.192596
v -3.640001 1.412683 3.628210
v -3.640001 1.462683 3.578210
v -3.640001 2.532683 3.628210
v -3.640001 2.482683 3.578210
v -3.680001 1.412683 3.142596
v -3.640001 1.412683 3.142596
v -3.680002 1.412683 3.628210
v -3.640001 1.412683 3.628210
v -3.680002 2.532683 3.142596
v -3.640001 2.532683 3.142596
v -3.680001 1.412683 3.142596
v -3.640001 1.412683 3.142596
v -3.680002 2.532683 3.628209
v -3.640001 2.532683 3.628210
v -3.680002 2.532683 3.142596
v -3.640001 2.532683 3.142596
v -3.680001 1.462683 3.578210
v -3.640001 1.462683 3.578210
v -3.680001 1.462682 3.192596
v -3.640001 1.462682 3.192596
v -3.680001 2.482683 3.192596
v -3.640001 2.482683 3.192596
v -3.680001 2.482683 3.578209
v -3.640001 2.482683 3.578210
v -3.640001 1.462682 3.192596
v -3.640001 2.482683 3.192596
v -3.680001 1.462682 3.192596
v -3.680001 2.482683 3.192596
v -3.880000 1.405348 3.628211
v -3.880000 1.462682 3.578210
v -3.880000 1.412683 3.142597
v -3.880000 1.462683 3.192597
v -3.880000 2.482683 3.578210
v -3.880000 1.462682 3.578210
v -3.880000 2.532683 3.628210
v -3.880000 1.405348 3.628211
v -3.880000 2.532683 3.142597
v -3.880000 2.482683 3.192597
v -3.880000 2.532683 3.628210
v -3.880000 2.482683 3.578210
v -3.880000 1.412683 3.142597
v -3.880000 1.462683 3.192597
v -3.880000 2.532683 3.142597
v -3.880000 2.482683 3.192597
v -3.840001 2.532683 3.142597
v -3.880000 2.532683 3.142597
v -3.840001 2.532683 3.628210
v -3.880000 2.532683 3.628210
v -3.840000 1.462683 3.192597
v -3.880000 1.462683 3.192597
v -3.840000 1.462682 3.578210
v -3.880000 1.462682 3.578210
v -3.840000 2.482683 3.578210
v -3.880000 2.482683 3.578210
v -3.840000 2.482683 3.192597
v -3.880000 2.482683 3.192597
v -3.840000 1.462682 3.578210
v -3.880000 1.462682 3.578210
v -3.840000 2.482683 3.578210
v -3.880000 2.482683 3.578210
v -3.640001 1.412683 0.902596
v -3.640001 1.462682 0.952596
v -3.640001 1.412683 1.388210
v -3.640001 1.462683 1.338209
v -3.640001 2.482683 0.952596
v -3.640001 1.462682 0.952596
v -3.640001 2.532683 0.902596
v -3.640001 1.412683 0.902596
v -3.640001 2.532683 1.388210
v -3.640001 2.482683 1.338210
v -3.640001 2.532683 0.902596
v -3.640001 2.482683 0.952596
v -3.640001 1.412683 1.388210
v -3.640001 1.462683 1.338209
v -3.640001 2.532683 1.388210
v -3.640001 2.482683 1.338210
v -3.680002 1.412683 0.902596
v -3.640001 1.412683 0.902596
v -3.680002 1.412683 1.388210
v -3.640001 1.412683 1.388210
v -3.680002 2.532683 0.902596
v -3.640001 2.532683 0.902596
v -3.680002 1.412683 0.902596
v -3.640001 1.412683 0.902596
v -3.680002 2.532683 1.388209
v -3.640001 2.532683 1.388210
v -3.680002 2.532683 0.902596
v -3.640001 2.532683 0.902596
v -3.680001 1.462683 1.338209
v -3.640001 1.462683 1.338209
v -3.680001 1.462682 0.952596
v -3.640001 1.462682 0.952596
v -3.680001 2.482683 0.952596
v -3.640001 2.482683 0.952596
v -3.680001 2.482683 1.338209
v -3.640001 2.482683 1.338210
v -3.640001 1.462682 0.952596
v -3.640001 2.482683 0.952596
v -3.680001 1.462682 0.952596
v -3.680001 2.482683 0.952596
v -3.880000 1.405348 1.388210
v -3.880000 1.462682 1.338210
v -3.880000 1.412683 0.902596
v -3.880000 1.462683 0.952597
v -3.880000 2.482683 1.338210
v -3.880000 1.462682 1.338210
v -3.880000 2.532683 1.388210
v -3.880000 1.405348 1.388210
v -3.880000 2.532683 0.902596
v -3.880000 2.482683 0.952596
v -3.880000 2.532683 1.388210
v -3.880000 2.482683 1.338210
v -3.880000 1.412683 0.902596
v -3.880000 1.462683 0.952597
v -3.880000 2.532683 0.902596
v -3.880000 2.482683 0.952596
v -3.840001 2.532683 0.902597
v -3.880000 2.532683 0.902596
v -3.840001 2.532683 1.388210
v -3.880000 2.532683 1.388210
v -3.840000 1.462683 0.952597
v -3.880000 1.462683 0.952597
v -3.840000 1.462682 1.338210
v -3.880000 1.462682 1.338210
v -3.840000 2.482683 1.338210
v -3.880000 2.482683 1.338210
v -3.840000 2.482683 0.952597
v -3.880000 2.482683 0.952596
v -3.840000 1.462682 1.338210
v -3.880000 1.462682 1.338210
v -3.840000 2.482683 1.338210
v -3.880000 2.482683 1.338210
v -2.840000 1.412683 -6.002811
v -2.840000 1.462682 -5.952810
v -2.840000 1.412683 -5.517197
v -2.840000 1.462683 -5.567197
v -2.840000 2.482683 -5.952810
v -2.840000 1.462682 -5.952810
v -2.840000 2.532683 -6.002810
v -2.840000 1.412683 -6.002811
v -2.840000 2.532683 -5.517197
v -2.840000 2.482683 -5.567197
v -2.840000 2.532683 -6.002810
v -2.840000 2.482683 -5.952810
v -2.840000 1.412683 -5.517197
v -2.840000 1.462683 -5.567197
v -2.840000 2.532683 -5.517197
v -2.840000 2.482683 -5.567197
v -2.879999 1.412683 -6.002811
v -2.840000 1.412683 -6.002811
v -2.879999 1.412683 -5.517197
v -2.840000 1.412683 -5.517197
v -2.879999 2.532683 -6.002810
v -2.840000 2.532683 -6.002810
v -2.879999 1.412683 -6.002811
v -2.840000 1.412683 -6.002811
v -2.879999 2.532683 -5.517198
v -2.840000 2.532683 -5.517197
v -2.879999 2.532683 -6.002810
v -2.840000 2.532683 -6.002810
v -2.880000 1.462683 -5.567197
v -2.840000 1.462683 -5.567197
v -2.880000 1.462682 -5.952810
v -2.840000 1.462682 -5.952810
v -2.880000 2.482683 -5.567197
v -2.840000 2.482683 -5.567197
v -2.880000 1.462683 -5.567197
v -2.840000 1.462683 -5.567197
v -2.880000 2.482683 -5.952810
v -2.840000 2.482683 -5.952810
v -2.880000 2.482683 -5.567197
v -2.840000 2.482683 -5.567197
v -2.840000 1.462682 -5.952810
v -2.840000 2.482683 -5.952810
v -2.880000 1.462682 -5.952810
v -2.880000 2.482683 -5.952810
v -3.112003 1.405348 -5.517196
v -3.112003 1.462682 -5.567197
v -3.112003 1.412683 -6.002810
v -3.112003 1.462683 -5.952810
v -3.112003 2.482683 -5.567197
v -3.112003 1.462682 -5.567197
v -3.112003 2.532683 -5.517197
v -3.112003 1.405348 -5.517196
v -3.112003 2.532683 -6.002810
v -3.112003 2.482683 -5.952810
v -3.112003 2.532683 -5.517197
v -3.112003 2.482683 -5.567197
v -3.112003 1.412683 -6.002810
v -3.112003 1.462683 -5.952810
v -3.112003 2.532683 -6.002810
v -3.112003 2.482683 -5.952810
v -3.072003 1.462683 -5.952810
v -3.112003 1.462683 -5.952810
v -3.072004 1.462682 -5.567197
v -3.112003 1.462682 -5.567197
v -3.072003 2.482683 -5.567197
v -3.112003 2.482683 -5.567197
v -3.072003 2.482683 -5.952810
v -3.112003 2.482683 -5.952810
v -3.072004 1.462682 -5.567197
v -3.112003 1.462682 -5.567197
v -3.072003 2.482683 -5.567197
v -3.112003 2.482683 -5.567197
v -2.840000 1.412683 -8.082810
v -2.840000 1.462682 -8.032810
v -2.840000 1.412683 -7.597197
v -2.840000 1.462683 -7.647197
v -2.840000 2.482683 -8.032810
v -2.840000 1.462682 -8.032810
v -2.840000 2.532683 -8.082810
v -2.840000 1.412683 -8.082810
v -2.840000 2.532683 -7.597197
v -2.840000 2.482683 -7.647197
v -2.840000 2.532683 -8.082810
v -2.840000 2.482683 -8.032810
v -2.840000 1.412683 -7.597197
v -2.840000 1.462683 -7.647197
v -2.840000 2.532683 -7.597197
v -2.840000 2.482683 -7.647197
v -2.879999 1.412683 -8.082810
v -2.840000 1.412683 -8.082810
v -2.880000 1.412683 -7.597197
v -2.840000 1.412683 -7.597197
v -2.879999 2.532683 -8.082810
v -2.840000 2.532683 -8.082810
v -2.879999 1.412683 -8.082810
v -2.840000 1.412683 -8.082810
v -2.879999 2.532683 -7.597198
v -2.840000 2.532683 -7.597197
v -2.879999 2.532683 -8.082810
v -2.840000 2.532683 -8.082810
v -2.880000 1.462683 -7.647197
v -2.840000 1.462683 -7.647197
v -2.880000 1.462682 -8.032810
v -2.840000 1.462682 -8.032810
v -2.880000 2.482683 -7.647197
v -2.840000 2.482683 -7.647197
v -2.880000 1.462683 -7.647197
v -2.840000 1.462683 -7.647197
v -2.880000 2.482683 -8.032810
v -2.840000 2.482683 -8.032810
v -2.880000 2.482683 -7.647197
v -2.840000 2.482683 -7.647197
v -2.840000 1.462682 -8.032810
v -2.840000 2.482683 -8.032810
v -2.880000 1.462682 -8.032810
v -2.880000 2.482683 -8.032810
v -3.112003 1.405348 -7.597196
v -3.112003 1.462682 -7.647196
v -3.112003 1.412683 -8.082810
v -3.112003 1.462683 -8.032810
v -3.112003 2.482683 -7.647196
v -3.112003 1.462682 -7.647196
v -3.112003 2.532683 -7.597197
v -3.112003 1.405348 -7.597196
v -3.112003 2.532683 -8.082810
v -3.112003 2.482683 -8.032810
v -3.112003 2.532683 -7.597197
v -3.112003 2.482683 -7.647196
v -3.112003 1.412683 -8.082810
v -3.112003 1.462683 -8.032810
v -3.112003 2.532683 -8.082810
v -3.112003 2.482683 -8.032810
v -3.072003 2.532683 -8.082808
v -3.112003 2.532683 -8.082810
v -3.072003 2.532683 -7.597197
v -3.112003 2.532683 -7.597197
v -3.072003 1.462683 -8.032810
v -3.112003 1.462683 -8.032810
v -3.072004 1.462682 -7.647196
v -3.112003 1.462682 -7.647196
v -3.072003 2.482683 -7.647196
v -3.112003 2.482683 -7.647196
v -3.072003 2.482683 -8.032809
v -3.112003 2.482683 -8.032810
v -3.072004 1.462682 -7.647196
v -3.112003 1.462682 -7.647196
v -3.072003 2.482683 -7.647196
v -3.112003 2.482683 -7.647196
v -0.452548 5.225233 5.170002
v -0.416500 5.189185 5.170002
v -0.244918 5.363966 5.170002
v -0.225409 5.316867 5.170002
v 0.640000 3.652682 5.120002
v 0.640000 3.652682 5.170002
v -0.000001 3.652682 5.120002
v -0.000001 3.652682 5.170002
v 0.640000 4.772684 5.120002
v 0.640000 4.772684 5.170002
v 0.640000 3.652682 5.120002
v 0.640000 3.652682 5.170002
v 0.591283 5.017601 5.120001
v 0.591283 5.017601 5.170001
v 0.640000 4.772684 5.120002
v 0.640000 4.772684 5.170002
v 0.452548 5.225233 5.120001
v 0.452548 5.225233 5.170001
v 0.591283 5.017601 5.120001
v 0.591283 5.017601 5.170001
v 0.244918 5.363966 5.120001
v 0.244918 5.363966 5.170001
v 0.452548 5.225233 5.120001
v 0.452548 5.225233 5.170001
v -0.452548 5.225233 5.120002
v -0.452548 5.225233 5.170002
v -0.244918 5.363966 5.120002
v -0.244918 5.363966 5.170002
v -0.591283 5.017601 5.120002
v -0.591283 5.017601 5.170002
v -0.452548 5.225233 5.120002
v -0.452548 5.225233 5.170002
v -0.640000 4.772684 5.120001
v -0.640000 4.772684 5.170001
v -0.591283 5.017601 5.120002
v -0.591283 5.017601 5.170002
v -0.640000 3.652682 5.120002
v -0.640000 3.652682 5.170002
v -0.640000 4.772684 5.120001
v -0.640000 4.772684 5.170001
v -0.000001 3.702682 5.120002
v -0.000001 3.702682 5.170002
v 0.590000 3.702682 5.120002
v 0.590000 3.702682 5.170002
v -0.590000 4.767759 5.120001
v -0.590000 4.767759 5.170001
v -0.590000 3.702682 5.120002
v -0.590000 3.702682 5.170002
v -0.544184 4.998093 5.120002
v -0.544184 4.998093 5.170002
v -0.590000 4.767759 5.120001
v -0.590000 4.767759 5.170001
v -0.416500 5.189185 5.120002
v -0.416500 5.189185 5.170002
v -0.544184 4.998093 5.120002
v -0.544184 4.998093 5.170002
v -0.225409 5.316867 5.120002
v -0.225409 5.316867 5.170002
v -0.416500 5.189185 5.120002
v -0.416500 5.189185 5.170002
v 0.416500 5.189185 5.120001
v 0.416500 5.189185 5.170001
v 0.225408 5.316868 5.120001
v 0.225408 5.316868 5.170001
v 0.544184 4.998093 5.120001
v 0.544184 4.998093 5.170001
v 0.416500 5.189185 5.120001
v 0.416500 5.189185 5.170001
v 0.590000 4.767759 5.120002
v 0.590000 4.767759 5.170002
v 0.544184 4.998093 5.120001
v 0.544184 4.998093 5.170001
v 0.590000 3.702682 5.120002
v 0.590000 3.702682 5.170002
v 0.590000 4.767759 5.120002
v 0.590000 4.767759 5.170002
v 0.452548 5.225233 4.910001
v 0.416500 5.189185 4.910001
v 0.244918 5.363966 4.910001
v 0.225409 5.316867 4.910001
v -0.640000 3.652682 4.960001
v -0.640000 3.652682 4.910001
v 0.000001 3.652682 4.960001
v 0.000001 3.652682 4.910001
v -0.640000 4.772684 4.960001
v -0.640000 4.772684 4.910002
v -0.640000 3.652682 4.960001
v -0.640000 3.652682 4.910001
v -0.591283 5.017601 4.960002
v -0.591283 5.017601 4.910002
v -0.640000 4.772684 4.960001
v -0.640000 4.772684 4.910002
v -0.452548 5.225233 4.960002
v -0.452548 5.225233 4.910002
v -0.591283 5.017601 4.960002
v -0.591283 5.017601 4.910002
v 0.591283 5.017601 4.960001
v 0.591283 5.017601 4.910002
v 0.452548 5.225233 4.960001
v 0.452548 5.225233 4.910001
v 0.000001 3.702682 4.960001
v 0.000001 3.702682 4.910001
v -0.590000 3.702682 4.960001
v -0.590000 3.702682 4.910001
v 0.590000 4.767759 4.960002
v 0.590000 4.767759 4.910002
v 0.590000 3.702682 4.960001
v 0.590000 3.702682 4.910001
v 0.544184 4.998093 4.960001
v 0.544184 4.998093 4.910002
v 0.590000 4.767759 4.960002
v 0.590000 4.767759 4.910002
v 0.416500 5.189185 4.960001
v 0.416500 5.189185 4.910001
v 0.544184 4.998093 4.960001
v 0.544184 4.998093 4.910002
v -0.544184 4.998093 4.960002
v -0.544184 4.998093 4.910002
v -0.416500 5.189185 4.960002
v -0.416500 5.189185 4.910002
v -0.590000 4.767759 4.960001
v -0.590000 4.767759 4.910002
v -0.544184 4.998093 4.960002
v -0.544184 4.998093 4.910002
v -0.590000 3.702682 4.960001
v -0.590000 3.702682 4.910001
v -0.590000 4.767759 4.960001
v -0.590000 4.767759 4.910002
v -0.000000 4.738155 4.990580
v -0.000000 4.738154 4.950580
v 0.421429 4.738155 5.053335
v 0.421429 4.738154 5.013335
v -0.000000 4.738154 4.950580
v -0.421429 4.738154 5.053335
v -0.421429 4.738154 5.013335
v -0.590000 4.738154 5.053335
v -0.590000 4.738154 5.013335
v -0.590000 4.126253 5.013335
v -0.590000 4.176253 5.013335
v -0.423931 4.126253 5.013335
v -0.411431 4.176253 5.013335
v -0.091793 4.126253 5.013335
v -0.054293 4.176253 5.053335
v -0.411431 4.176253 5.053335
v -0.091793 4.126253 5.053335
v -0.423931 4.126253 5.053335
v -0.590000 4.176253 5.053335
v -0.590000 4.126253 5.053335
v -0.640000 3.652682 4.910001
v -0.590000 3.702682 4.910001
v 0.000001 3.652682 4.910001
v 0.000001 3.702682 4.910001
v 0.640000 3.652682 4.910001
v 0.590000 3.702682 4.910001
v -0.544184 4.998093 4.910002
v -0.591283 5.017601 4.910002
v -0.416500 5.189185 4.910002
v -0.452548 5.225233 4.910002
v -0.225408 5.316868 4.910002
v -0.244918 5.363966 4.910002
v 0.640000 3.652682 5.170002
v 0.590000 3.702682 5.170002
v -0.000001 3.652682 5.170002
v -0.000001 3.702682 5.170002
v -0.640000 3.652682 5.170002
v -0.590000 3.702682 5.170002
v 0.544184 4.998093 5.170001
v 0.591283 5.017601 5.170001
v 0.416500 5.189185 5.170001
v 0.452548 5.225233 5.170001
v 0.225408 5.316868 5.170001
v 0.244918 5.363966 5.170001
v -0.590000 4.176253 5.053335
v -0.411431 4.176253 5.053335
v -0.590000 4.176253 5.013335
v -0.411431 4.176253 5.013335
v -0.054293 4.176253 5.053335
v -0.054293 4.176253 5.013335
v 0.124277 4.176253 5.095726
v 0.124277 4.176253 5.055726
v -0.686230 0.286329 5.280003
v -0.686230 0.190886 5.720003
v -0.686230 0.286329 5.720003
v -0.686230 0.190886 5.720003
v -0.686230 0.286329 5.280003
v -0.686230 0.190886 5.280003
v 0.752171 0.190886 5.877977
v 0.752171 0.095443 5.280003
v 0.752171 0.190886 5.280003
v 0.752171 0.095443 5.280003
v 0.752171 0.190886 5.877977
v 0.752171 0.095443 5.877977
v 0.686947 0.095443 5.280003
v 0.847107 0.095443 6.040004
v 0.847106 0.095443 5.280003
v -0.847106 0.095443 6.040004
v 0.686947 0.095443 5.280003
v -0.847106 0.095443 5.280003
v -0.847106 0.095443 6.040004
v 0.847107 0.095443 6.040004
v 0.686947 0.095443 5.280003
v 0.847107 0.095443 6.040004
v 0.847106 0.000000 5.280003
v 0.847106 0.095443 5.280003
v 0.847106 0.000000 5.280003
v 0.847107 0.095443 6.040004
v 0.847107 0.000000 6.040004
v -0.847106 0.095443 5.280003
v -0.847106 0.000000 6.040004
v -0.847106 0.095443 6.040004
v -0.847106 0.000000 6.040004
v -0.847106 0.095443 5.280003
v -0.847106 0.000000 5.280003
v -1.232471 9.421065 1.028518
v -0.965210 9.724739 3.023079
v -1.221929 9.622205 3.330703
v -0.965210 9.724739 3.023079
v -1.232471 9.421065 1.028518
v -0.973045 9.575222 1.311745
v -1.232471 9.421065 1.028518
v 1.109294 9.466091 1.311745
v -0.973045 9.575222 1.311745
v 1.109294 9.466091 1.311745
v -1.232471 9.421065 1.028518
v 1.351184 9.285662 1.028518
v 1.351184 9.285662 1.028518
v 1.117130 9.615608 3.023079
v 1.109294 9.466091 1.311745
v 1.117130 9.615608 3.023079
v 1.351184 9.285662 1.028518
v 1.361726 9.486801 3.330703
v -1.221929 9.622205 3.330703
v 1.117130 9.615608 3.023079
v 1.361726 9.486801 3.330703
v 1.117130 9.615608 3.023079
v -1.221929 9.622205 3.330703
v -0.965210 9.724739 3.023079
v -1.214389 9.766088 3.318098
v -1.232471 9.421065 1.028518
v -1.221929 9.622205 3.330703
v -1.232471 9.421065 1.028518
v -1.214389 9.766088 3.318098
v -1.224930 9.564951 1.015913
v -1.224930 9.564951 1.015913
v 1.351184 9.285662 1.028518
v -1.232471 9.421065 1.028518
v 1.351184 9.285662 1.028518
v -1.224930 9.564951 1.015913
v 1.358725 9.429546 1.015913
v 1.358725 9.429546 1.015913
v 1.361726 9.486801 3.330703
v 1.351184 9.285662 1.028518
v 1.361726 9.486801 3.330703
v 1.358725 9.429546 1.015913
v 1.369267 9.630686 3.318098
v 1.369267 9.630686 3.318098
v -1.221929 9.622205 3.330703
v 1.361726 9.486801 3.330703
v -1.221929 9.622205 3.330703
v 1.369267 9.630686 3.318098
v -1.214389 9.766088 3.318098
v -0.759148 10.180436 2.891886
v -1.224930 9.564951 1.015913
v -1.214389 9.766088 3.318098
v -1.224930 9.564951 1.015913
v -0.759148 10.180436 2.891886
v -0.766161 10.046620 1.360262
v -0.766161 10.046620 1.360262
v 1.358725 9.429546 1.015913
v -1.224930 9.564951 1.015913
v 1.358725 9.429546 1.015913
v -0.766161 10.046620 1.360262
v 0.952724 9.956537 1.360262
v 0.952724 9.956537 1.360262
v 1.369267 9.630686 3.318098
v 1.358725 9.429546 1.015913
v 1.369267 9.630686 3.318098
v 0.952724 9.956537 1.360262
v 0.959736 10.090353 2.891886
v 0.959736 10.090353 2.891886
v -1.214389 9.766088 3.318098
v 1.369267 9.630686 3.318098
v -1.214389 9.766088 3.318098
v 0.959736 10.090353 2.891886
v -0.759148 10.180436 2.891886
v -0.411440 10.797341 2.553702
v -0.766161 10.046620 1.360262
v -0.759148 10.180436 2.891886
v -0.766161 10.046620 1.360262
v -0.411440 10.797341 2.553702
v -0.415893 10.712364 1.581068
v -0.415893 10.712364 1.581068
v 0.952724 9.956537 1.360262
v -0.766161 10.046620 1.360262
v 0.952724 9.956537 1.360262
v -0.415893 10.712364 1.581068
v 0.675658 10.655159 1.581068
v 0.675658 10.655159 1.581068
v 0.959736 10.090353 2.891886
v 0.952724 9.956537 1.360262
v 0.959736 10.090353 2.891886
v 0.675658 10.655159 1.581068
v 0.680112 10.740135 2.553702
v 0.680112 10.740135 2.553702
v -0.759148 10.180436 2.891886
v 0.959736 10.090353 2.891886
v -0.759148 10.180436 2.891886
v 0.680112 10.740135 2.553702
v -0.411440 10.797341 2.553702
v 0.009747 13.241346 2.120056
v -0.415893 10.712364 1.581068
v -0.411440 10.797341 2.553702
v 0.008947 13.226083 1.945362
v -0.415893 10.712364 1.581068
v 0.009747 13.241346 2.120056
v 0.008143 13.210739 1.769744
v -0.415893 10.712364 1.581068
v 0.008947 13.226083 1.945362
v 0.008143 13.210739 1.769744
v 0.675658 10.655159 1.581068
v -0.415893 10.712364 1.581068
v 0.204713 13.200438 1.769744
v 0.675658 10.655159 1.581068
v 0.008143 13.210739 1.769744
v 0.401284 13.190135 1.769744
v 0.675658 10.655159 1.581068
v 0.204713 13.200438 1.769744
v 0.401284 13.190135 1.769744
v 0.680112 10.740135 2.553702
v 0.675658 10.655159 1.581068
v 0.402088 13.205480 1.945362
v 0.680112 10.740135 2.553702
v 0.401284 13.190135 1.769744
v 0.402888 13.220742 2.120056
v 0.680112 10.740135 2.553702
v 0.402088 13.205480 1.945362
v 0.402888 13.220742 2.120056
v -0.411440 10.797341 2.553702
v 0.680112 10.740135 2.553702
v 0.206317 13.231044 2.120056
v -0.411440 10.797341 2.553702
v 0.402888 13.220742 2.120056
v 0.009747 13.241346 2.120056
v -0.411440 10.797341 2.553702
v 0.206317 13.231044 2.120056
v 0.008143 13.210739 1.769744
v 0.008947 13.226083 1.945362
v 0.204713 13.200438 1.769744
v 0.204713 13.200438 1.769744
v 0.206317 13.231044 2.120056
v 0.402088 13.205480 1.945362
v 0.204713 13.200438 1.769744
v 0.008947 13.226083 1.945362
v 0.206317 13.231044 2.120056
v 0.206317 13.231044 2.120056
v 0.008947 13.226083 1.945362
v 0.009747 13.241346 2.120056
v 0.402088 13.205480 1.945362
v 0.206317 13.231044 2.120056
v 0.402888 13.220742 2.120056
v 0.204713 13.200438 1.769744
v 0.402088 13.205480 1.945362
v 0.401284 13.190135 1.769744
v -0.806160 9.702438 2.863688
v 0.950244 9.488389 1.471135
v 0.956621 9.610055 2.863688
v 0.950244 9.488389 1.471135
v -0.806160 9.702438 2.863688
v -0.812536 9.580772 1.471135
v -1.104583 6.492103 5.320003
v -0.000000 6.989710 4.480001
v -1.104583 6.492103 4.480002
v -0.000000 6.989710 4.480001
v -1.104583 6.492103 5.320003
v 0.000000 6.989710 5.320002
v -1.341541 6.289173 5.320003
v -1.341542 6.196046 4.480001
v -1.341541 6.196046 5.320002
v -1.341542 6.196046 4.480001
v -1.341541 6.289173 5.320003
v -1.341542 6.289173 4.480002
v -1.104583 6.398976 5.120002
v -1.341542 6.196046 4.480001
v -1.104583 6.398976 4.480001
v -1.341542 6.196046 4.480001
v -1.104583 6.398976 5.120002
v -1.341541 6.196046 5.320002
v 1.104584 6.398976 5.320002
v -0.000000 6.890767 5.120002
v 1.104584 6.398976 5.120002
v -0.000000 6.890767 5.120002
v 1.104584 6.398976 5.320002
v -0.000000 6.890767 5.320002
v 1.104584 6.492103 5.320002
v 1.341543 6.289173 4.480001
v 1.104584 6.492103 4.480001
v 1.341543 6.289173 4.480001
v 1.104584 6.492103 5.320002
v 1.341543 6.289173 5.320002
v 1.104584 6.492103 5.320002
v -0.000000 6.989710 4.480001
v 0.000000 6.989710 5.320002
v -0.000000 6.989710 4.480001
v 1.104584 6.492103 5.320002
v 1.104584 6.492103 4.480001
v 1.104584 6.398976 5.320002
v 1.104584 6.398976 5.120002
v 1.341543 6.196046 5.320002
v -0.000000 6.890767 5.320002
v -1.104583 6.398976 5.120002
v -0.000000 6.890767 5.120002
v -1.104583 6.398976 5.120002
v -0.000000 6.890767 5.320002
v -1.104583 6.398976 5.320002
v -1.341541 6.196046 5.320002
v -1.104583 6.398976 5.120002
v -1.104583 6.398976 5.320002
v 1.341543 6.196046 4.480001
v 1.104584 6.398976 5.120002
v 1.104584 6.398976 4.480001
v 1.104584 6.398976 5.120002
v 1.341543 6.196046 4.480001
v 1.341543 6.196046 5.320002
v -0.000000 2.625240 4.960001
v 0.729035 2.135318 4.838423
v -0.000000 2.625240 4.838476
v 0.729035 2.135318 4.838423
v -0.000000 2.625240 4.960001
v 0.729035 2.135318 4.960001
v -0.729035 2.135318 4.960001
v -0.000000 2.625240 4.838476
v -0.729035 2.135318 4.838422
v -0.000000 2.625240 4.838476
v -0.729035 2.135318 4.960001
v -0.000000 2.625240 4.960001
v -0.137731 2.532683 5.120002
v -0.729035 2.135318 5.241580
v -0.000000 2.625240 5.241527
v -0.729035 2.135318 5.241580
v -0.137731 2.532683 5.120002
v -0.729035 2.135318 5.120002
v 0.137730 2.532683 5.120002
v -0.000000 2.625240 5.120002
v -0.000000 2.625240 5.241527
v 0.729035 2.135318 5.120002
v -0.000000 2.625240 5.241527
v 0.729036 2.135318 5.241580
v -0.000000 2.625240 5.241527
v 0.729035 2.135318 5.120002
v 0.137730 2.532683 5.120002
v -0.137731 2.532683 5.120002
v -0.000000 2.625240 5.241527
v -0.000000 2.625240 5.120002
v -2.080001 6.132172 1.051668
v -2.128837 6.096654 0.995000
v -2.080001 6.132172 2.290805
v -4.160002 4.693197 0.684658
v -4.160002 4.693197 2.290802
v -4.160002 4.772684 0.698034
v -4.160002 4.772684 2.290804
v -3.840002 4.852172 0.711409
v -3.840002 4.852172 2.290805
v -3.368949 5.194755 0.946121
v -2.836464 5.582016 1.211444
v -2.858405 5.566060 1.032197
v -2.372426 5.919498 0.712345
v 0.686230 0.286329 5.280003
v -0.686230 0.286329 5.280003
v 0.686230 0.286329 5.720003
v -0.686230 0.286329 5.720003
v 0.686230 0.286329 5.280003
v 0.686230 0.286329 5.720003
v 0.686230 0.190886 5.280003
v 0.686230 0.190886 5.720003
v 0.686230 0.190886 5.720003
v 0.686230 0.286329 5.720003
v -0.686230 0.190886 5.720003
v -0.686230 0.286329 5.720003
v -0.774513 0.190886 5.877977
v -0.774513 0.190886 5.280003
v -0.774513 0.095443 5.877977
v -0.774513 0.095443 5.280003
v 0.752171 0.095443 5.877977
v 0.752171 0.190886 5.877977
v -0.774513 0.095443 5.877977
v -0.774513 0.190886 5.877977
v 0.847107 0.000000 6.040004
v 0.847107 0.095443 6.040004
v -0.847106 0.000000 6.040004
v -0.847106 0.095443 6.040004
v 2.080001 6.132173 4.569572
v 0.000000 7.069199 4.569572
v 2.080001 6.052685 4.569572
v 0.000000 6.989710 4.569572
v -2.080001 6.052685 4.569572
v 0.000000 6.989710 4.569572
v -2.080001 6.132172 4.569572
v 0.000000 7.069199 4.569572
v -4.160002 4.693197 -2.041863
v -4.160002 4.693197 -2.290806
v -3.840002 4.772684 -2.026935
v -3.840002 4.772685 -2.290805
v 3.840002 4.772685 2.290805
v 3.840002 4.772685 0.472977
v 4.160002 4.693197 2.290805
v 4.160002 4.693197 0.445722
v -1.664001 4.900684 -9.049573
v -1.664001 4.964274 -9.049573
v -0.110058 5.600724 -9.049573
v -0.137016 5.652171 -9.049573
v -1.664002 4.900684 -8.960002
v -1.664001 4.900684 -9.049573
v -0.138357 5.587975 -8.960002
v -0.110058 5.600724 -9.049573
v -3.840002 4.772684 2.290804
v -4.160002 4.693197 2.290802
v -3.840002 4.772684 0.698034
v -4.160002 4.693197 0.684658
v 0.000000 6.989710 5.320002
v -1.104583 6.492103 5.320003
v -0.000000 6.890767 5.320002
v -1.104583 6.398976 5.320002
v -1.104583 6.492103 5.320003
v -1.341541 6.289173 5.320003
v -1.104583 6.398976 5.320002
v -1.341541 6.196046 5.320002
v -1.341542 6.289173 4.480002
v -1.341541 6.289173 5.320003
v -1.104583 6.492103 4.480002
v -1.104583 6.492103 5.320003
v 1.341543 6.289173 5.320002
v 1.341543 6.196046 5.320002
v 1.341543 6.289173 4.480001
v 1.341543 6.196046 4.480001
v 0.955586 6.966785 4.668213
v 0.941033 6.942894 4.679321
v 0.944325 7.055238 4.949232
v 0.928791 7.030471 4.956395
v 2.410600 6.412504 4.554222
v 2.701016 6.126309 4.582681
v 2.425516 6.428385 4.533453
v 2.718426 6.142119 4.563895
v -0.303272 7.226438 4.357406
v -0.289856 7.330405 4.677205
v -0.318665 7.250481 4.347868
v -0.305210 7.355207 4.669780
v -0.958745 6.871899 4.643097
v -0.952254 6.791729 4.320494
v -0.975242 6.896278 4.636810
v -0.968082 6.816095 4.312630
v 0.320819 7.273123 4.386539
v 0.005025 7.471448 4.405024
v 0.305643 7.248249 4.394087
v -0.010100 7.446628 4.412845
v -3.289895 5.227673 3.893420
v -3.282572 5.177783 3.615072
v -3.273668 5.202533 3.896687
v -3.266482 5.152573 3.618466
v -1.328541 6.575931 4.293452
v -1.325463 6.511128 4.005065
v -1.312550 6.551146 4.299455
v -1.309878 6.486298 4.011889
v -3.266482 5.152573 3.618466
v -3.282572 5.177783 3.615072
v -3.273869 5.268513 3.906997
v -3.289794 5.291925 3.896784
v -0.063824 7.002936 1.532320
v 0.952859 6.481116 1.573255
v -0.065531 6.970365 1.159510
v 1.286667 6.276338 1.213955
v 2.447656 5.864787 0.828198
v 2.080002 6.132172 0.932603
v 2.080001 6.132172 2.290805
v 0.956790 6.556142 2.431984
v 3.663918 4.980233 0.544142
v 3.444448 5.139847 0.698773
v 3.840002 4.852172 0.500232
v 3.840001 4.852172 2.290805
v 3.245729 5.284370 0.914323
v 2.840726 5.578918 0.857484
v 4.160002 4.693197 2.290805
v 4.160002 4.693197 0.445722
v 4.160002 4.772684 2.290805
v 4.160002 4.772684 0.472977
v -2.560049 5.567337 -3.650936
v -2.115517 5.549032 -3.596546
v -2.283646 5.587439 -2.290803
v -2.115517 5.549031 -2.504371
v -3.680002 4.772684 -4.320002
v -2.973356 5.338000 -4.320002
v -3.680002 4.772684 -3.840002
v -2.860243 5.428491 -3.917411
v -3.680002 4.772684 -2.290804
v -0.774513 0.190886 5.280003
v -0.774513 0.190886 5.877977
v 0.607848 0.190886 5.280003
v 0.752171 0.190886 5.877977
v 0.752171 0.190886 5.280003
v 0.000000 6.989710 4.569572
v -0.000000 6.989710 4.480001
v 2.080001 6.052685 4.569572
v 1.104584 6.492103 4.480001
v 2.080001 6.052684 4.480001
v 2.314873 5.864787 0.828198
v 2.080001 6.052683 2.290805
v 2.080002 6.052683 0.901565
v 1.110461 6.285573 1.213955
v -0.067238 6.937786 1.698637
v -0.069675 6.891287 1.166438
v 0.793422 6.496044 1.733291
v 0.796624 6.557144 2.432630
v 3.420565 4.980233 0.544142
v 3.680002 4.772684 0.472977
v 3.221048 5.139847 0.698773
v 3.680002 4.772684 2.290805
v 3.040394 5.284370 0.914323
v 2.672210 5.578918 0.857484
v -2.080001 6.052685 4.569572
v -2.080001 6.052683 4.480002
v 0.000000 6.989710 4.569572
v -1.104583 6.492103 4.480002
v -0.000000 6.989710 4.480001
v -1.841048 5.440751 -3.563178
v -2.046678 5.588776 -3.589051
v -1.535590 5.220862 -3.439202
v -2.046678 5.588776 -2.541875
v -1.635327 5.292659 -3.071912
v -0.225516 5.548711 -8.800004
v -0.244938 5.539961 -8.764769
v -1.664002 4.900683 -8.800004
v -0.795328 5.292015 -8.361150
v -1.664001 4.900683 -8.166838
v -2.283646 5.587439 -2.290803
v -2.398885 5.579058 -2.169471
v -3.680002 4.772684 -2.290804
v -3.285020 5.088670 -1.967593
v -3.680002 4.772684 -2.026935
v -2.115517 5.549031 -2.504371
v -2.115517 5.549032 -3.596546
v -1.673160 5.230595 -3.075506
v -1.878881 5.378688 -3.566772
v -1.573423 5.158799 -3.442797
v -3.328002 3.876683 -4.800002
v -3.072001 3.940274 -4.800002
v -3.328003 3.876684 -6.720006
v -3.072002 3.940275 -6.720003
v -3.328002 3.813094 -6.720006
v -3.328002 3.813094 -4.800002
v -3.328002 3.813093 -4.480000
v -3.328002 3.876683 -4.480000
v -3.071931 3.940325 -4.480000
v -2.481154 4.369981 -4.480000
v -2.559085 4.313304 -4.800002
v -2.564413 4.309429 -5.626517
v -2.194752 4.578273 -6.334560
v -1.953156 4.753980 -6.520092
v -1.865671 4.817605 -6.720003
v -2.080001 6.052683 1.012416
v -1.979577 6.097924 0.988420
v -2.080001 6.052683 2.290805
v -0.969359 6.588428 1.733291
v -0.966156 6.649528 2.432630
v -1.412197 6.352145 0.993276
v -0.069675 6.891287 1.166438
v -0.067238 6.937786 1.698637
v -0.260332 7.248249 0.718718
v -0.895722 6.942894 0.433484
v -0.263255 7.348538 0.391550
v -0.971316 7.192535 0.233780
v -0.358522 7.587007 0.199179
v 0.055411 7.446628 0.699960
v -0.065492 6.907074 1.309980
v -2.143561 6.155279 1.428705
v -2.203321 6.108982 0.514626
v -2.208978 6.177412 0.231518
v -0.883480 7.030471 0.156410
v 0.305643 7.248249 4.394087
v 0.941033 6.942894 4.679321
v 0.308566 7.348538 4.721255
v 1.016627 7.192535 4.879025
v 0.403833 7.587007 4.913626
v -0.010100 7.446628 4.412845
v 0.000208 7.034679 3.802825
v 2.188872 6.027679 3.684100
v 2.248632 6.108982 4.598179
v 2.254289 6.177412 4.881287
v 0.928791 7.030471 4.956395
v -3.072002 3.876683 -4.480000
v -3.328002 3.813093 -4.480000
v -3.072002 3.876683 -4.800002
v -3.328002 3.813094 -4.800002
v -3.328002 3.813094 -6.720006
v -3.072002 3.876684 -6.720006
v -0.272805 5.590999 -8.761892
v -0.167619 5.638384 -8.952707
v -0.823195 5.343052 -8.358274
v -0.137016 5.652171 -9.049573
v -1.664001 4.964274 -9.049573
v -1.664001 4.964274 -8.170196
v -1.125549 6.665273 2.431984
v -2.080001 6.132172 2.290805
v -1.121645 6.739764 3.284589
v -2.080001 6.132172 4.569572
v 0.000000 7.069199 4.569572
v -0.055988 7.152454 3.243653
v -0.055988 7.152454 3.243653
v 0.000000 7.069199 4.569572
v 0.960694 6.630633 3.284589
v 2.080001 6.132173 4.569572
v 2.080001 6.132172 2.290805
v 0.956790 6.556142 2.431984
v 3.680002 4.772684 2.290805
v 3.680002 4.772684 4.000003
v 2.080001 6.052683 2.290805
v 3.680002 4.772684 4.320001
v 3.360002 5.028684 4.320001
v 2.080001 6.052684 4.320001
v -3.680002 4.772684 4.320002
v -3.680002 4.772684 4.000002
v -3.360002 5.028684 4.320002
v -2.080001 6.052683 4.320002
v -3.680002 4.772684 2.290805
v -2.080001 6.052683 2.290805
v 2.080001 6.132173 4.569572
v 2.080001 6.052685 4.569572
v 3.840001 4.852172 4.569572
v 3.840001 4.772684 4.569572
v 4.160002 4.772684 4.569572
v 4.160002 4.693197 4.569572
v -2.080001 6.132172 4.569572
v -3.840002 4.852171 4.569572
v -2.080001 6.052685 4.569572
v -3.840002 4.772684 4.569572
v -4.160002 4.772684 4.569571
v -4.160002 4.693196 4.569571
v -1.664001 4.964274 -9.049573
v -1.664001 4.900684 -9.049573
v -3.072001 3.940274 -9.049573
v -3.072001 3.876684 -9.049573
v -3.328001 3.876684 -9.049574
v -3.328002 3.813094 -9.049574
v 0.000000 6.989710 5.320002
v -0.000000 6.890767 5.320002
v 1.104584 6.492103 5.320002
v 1.104584 6.398976 5.320002
v 1.341543 6.196046 5.320002
v 1.341543 6.289173 5.320002
v 3.723964 5.073090 0.335512
v 3.714293 5.049468 0.609029
v 3.994663 4.882477 0.352112
v 3.994592 4.857310 0.622930
v 3.682091 4.873350 1.517160
v 3.994340 4.817768 1.534093
v 3.259193 5.465273 4.537473
v 3.253165 5.396249 4.219492
v 3.274769 5.490372 4.531687
v 3.268600 5.421428 4.213684
v 3.570615 5.196773 4.200644
v 3.586117 5.221968 4.195085
v 2.937069 5.705437 4.551795
v 2.941000 5.627234 4.232924
v 2.921417 5.680409 4.557682
v 2.925502 5.602119 4.238842
v 2.944588 5.551595 3.924436
v 2.929319 5.526394 3.930582
v -2.614518 5.668015 3.931851
v -2.619260 5.714097 4.223088
v -2.598323 5.642979 3.935958
v -2.602777 5.689246 4.227177
v -2.624670 5.766682 4.555434
v -2.607861 5.742047 4.559505
v -3.678653 5.073090 4.777293
v -3.668982 5.049468 4.503776
v -3.949351 4.882477 4.760693
v -3.949281 4.857310 4.489876
v -3.636780 4.873350 3.595645
v -3.949029 4.817768 3.578713
v 3.706817 5.048501 0.332782
v 3.977660 4.857764 0.349622
v 3.697344 5.024734 0.606391
v 3.977802 4.832445 0.620503
v 3.666085 4.847988 1.514593
v 3.978310 4.792323 1.532829
v -3.661506 5.048501 4.780023
v -3.932349 4.857764 4.763183
v -3.652033 5.024734 4.506414
v -3.932491 4.832445 4.492302
v -3.620774 4.847988 3.598212
v -3.932999 4.792323 3.579976
v -4.160002 4.693197 -4.569572
v -4.160002 4.772684 -4.569572
v -3.840002 4.772685 -4.569571
v -3.840002 4.852173 -4.569571
v -3.092143 5.396070 -4.569571
v -3.060296 5.339744 -4.569571
v -3.328002 3.813094 -9.049574
v -3.328002 3.813094 -6.720006
v -3.328001 3.876684 -9.049574
v -3.328003 3.876684 -6.720006
v -3.072002 3.940275 -6.720003
v -3.072001 3.940274 -9.049573
v -1.908144 4.786716 -7.098992
v -1.915680 4.781235 -7.100396
v -1.754985 4.898104 -6.972933
v -1.865671 4.817605 -6.720003
v -2.441992 4.398463 -7.198377
v -2.727766 4.190629 -7.350426
v -2.695824 4.213859 -7.610497
v -2.339803 4.472783 -7.741423
v -1.664001 4.964274 -9.049573
v -1.730601 4.915838 -8.154324
v -1.664001 4.964274 -8.170196
v -2.158969 6.180694 1.433466
v -0.065181 6.936457 1.316504
v -2.218779 6.133995 0.521059
v -0.910275 6.966785 0.444592
v -2.224530 6.202367 0.237954
v -0.899013 7.055238 0.163573
v -0.367327 7.602795 0.223246
v -0.980137 7.208543 0.257694
v -0.275593 7.369446 0.409345
v -0.275508 7.273123 0.726267
v -0.275409 7.270432 0.735219
v 0.040286 7.471448 0.707781
v 2.204280 6.053094 3.679339
v -0.000104 7.064063 3.796300
v 2.264090 6.133995 4.591746
v 0.955586 6.966785 4.668213
v 2.269840 6.202367 4.874851
v 0.944325 7.055238 4.949232
v 0.412638 7.602795 4.889559
v 1.025448 7.208543 4.855111
v 0.320905 7.369446 4.703460
v 0.320819 7.273123 4.386539
v 0.320720 7.270432 4.377586
v 0.005025 7.471448 4.405024
v -0.060862 7.059451 3.091190
v -0.000000 6.989711 4.320001
v -0.962982 6.710093 3.125844
v -1.104583 6.492105 4.320001
v -2.080001 6.052683 4.320002
v -2.080001 6.052683 2.290805
v -0.966156 6.649528 2.432630
v -1.125549 6.665273 2.431984
v -1.129481 6.590247 1.573255
v -2.080001 6.132172 2.290805
v -2.080001 6.132172 1.051668
v -1.414170 6.427168 0.966878
v -0.063824 7.002936 1.532320
v -0.065531 6.970365 1.159510
v -3.840002 4.772685 -2.290805
v -4.160002 4.693197 -2.290806
v -3.840002 4.772684 -4.480000
v -4.160002 4.693197 -4.569572
v -3.840002 4.772685 -4.569571
v -3.060296 5.339744 -4.569571
v -3.038436 5.355641 -4.480000
v -2.080001 6.052683 4.480002
v -2.080001 6.052685 4.569572
v -3.840002 4.772684 4.480002
v -3.840002 4.772684 4.569572
v -4.160002 4.693196 4.569571
v -4.160002 4.693197 2.290802
v -3.840002 4.772684 2.290804
v 2.080001 6.052685 4.569572
v 2.080001 6.052684 4.480001
v 3.840001 4.772684 4.569572
v 3.840001 4.772684 4.480001
v 4.160002 4.693197 4.569572
v 4.160002 4.693197 2.290805
v 3.840002 4.772685 2.290805
v -1.664001 4.900684 -9.049573
v -1.664002 4.900684 -8.960002
v -3.072001 3.876684 -9.049573
v -3.072002 3.876683 -8.960002
v -3.328002 3.813094 -9.049574
v -3.328002 3.813094 -6.720006
v -3.072002 3.876684 -6.720006
v -0.000000 6.989711 4.320001
v -0.060862 7.059451 3.091190
v 1.104584 6.492104 4.320001
v 0.799798 6.617709 3.125844
v 2.080001 6.052684 4.320001
v 2.080001 6.052683 2.290805
v 0.796624 6.557144 2.432630
v -3.017785 5.450149 -4.264894
v -3.840002 4.852172 -2.290803
v -2.913484 5.526004 -3.911918
v -2.551149 5.653959 -3.646630
v -2.272595 5.661386 -2.290803
v -2.046678 5.588776 -2.541875
v -2.046678 5.588776 -3.589051
v -4.160002 4.693197 -4.569572
v -4.160002 4.693197 -2.290806
v -4.160002 4.772684 -4.569572
v -4.160002 4.772684 -2.290805
v -3.840002 4.852173 -4.569571
v -3.092143 5.396070 -4.569571
v 4.160002 4.693197 4.569572
v 4.160002 4.693197 2.290805
v 4.160002 4.772684 4.569572
v 4.160002 4.772684 2.290805
v 3.840001 4.852172 2.290805
v 3.840001 4.852172 4.569572
v 2.080001 6.132172 2.290805
v 2.080001 6.132173 4.569572
v -4.160002 4.693197 2.290802
v -4.160002 4.693196 4.569571
v -4.160002 4.772684 2.290804
v -4.160002 4.772684 4.569571
v -3.840002 4.852171 4.569572
v -3.840002 4.852172 2.290805
v -2.080001 6.132172 4.569572
v -2.080001 6.132172 2.290805
v 3.274769 5.490372 4.531687
v 3.279863 5.552494 4.818205
v 3.259193 5.465273 4.537473
v 3.264190 5.527458 4.823999
v 2.933190 5.775562 4.837684
v 2.917455 5.750592 4.843596
v 2.937069 5.705437 4.551795
v 2.921417 5.680409 4.557682
v -2.087798 6.597916 4.572900
v -2.103691 6.609370 4.550047
v -2.180288 6.910316 4.742916
v -2.198296 6.921568 4.721583
v -2.783398 6.142505 5.029246
v -2.759056 6.128570 5.040169
v -2.706767 5.984120 4.656944
v -2.686271 5.967535 4.671466
v -1.957849 6.184538 3.694407
v -1.974263 6.209035 3.688370
v -1.972558 6.231751 3.982643
v -1.989321 6.253841 3.970937
v -2.027103 6.317336 4.258665
v -2.009313 6.299314 4.274934
v -2.103691 6.609370 4.550047
v -2.087798 6.597916 4.572900
v -2.884008 5.526394 1.182223
v -2.880556 5.610461 0.871624
v -2.545469 5.847723 1.161581
v -2.565341 5.916505 0.852734
v -2.876991 5.756339 0.544505
v -2.565598 5.956793 0.525028
v -2.872974 5.937159 0.247332
v -2.564849 6.172866 0.226263
v -2.655705 6.126309 0.530124
v -2.365289 6.412504 0.558583
v -2.576693 5.943540 0.849367
v -2.237473 6.121868 0.833356
v -2.143561 6.155279 1.428705
v -2.526727 5.715539 1.449346
v -2.887326 5.425690 1.468707
v -3.174665 5.200289 1.484132
v -3.207854 5.396249 0.893312
v -2.880191 5.602119 0.873962
v -3.213882 5.465273 0.575332
v -2.876106 5.680409 0.555123
v -3.218879 5.527458 0.288806
v -2.872144 5.750592 0.269209
v -3.525304 5.196773 0.912160
v -3.507084 4.936668 1.501975
v -3.853115 4.792778 1.520884
v -3.853005 4.990872 0.931548
v -3.853868 5.059321 0.609097
v -3.524660 5.269748 0.588135
v -3.938114 5.331672 0.296702
v -3.606709 5.544955 0.278015
v 2.929319 5.526394 3.930582
v 2.925867 5.610461 4.241180
v 2.590780 5.847723 3.951224
v 2.610652 5.916505 4.260071
v 2.922302 5.756339 4.568300
v 2.610909 5.956793 4.587777
v 2.918285 5.937159 4.865473
v 2.610160 6.172866 4.886542
v 2.701016 6.126309 4.582681
v 2.410600 6.412504 4.554222
v 2.622004 5.943540 4.263438
v 2.282784 6.121868 4.279449
v 2.188872 6.027679 3.684100
v 2.572038 5.681667 3.663459
v 2.932637 5.386992 3.644098
v 3.219976 5.178986 3.628673
v 3.253165 5.396249 4.219492
v 2.925502 5.602119 4.238842
v 3.259193 5.465273 4.537473
v 2.921417 5.680409 4.557682
v 3.264190 5.527458 4.823999
v 2.917455 5.750592 4.843596
v 3.570615 5.196773 4.200644
v 3.552395 4.893206 3.610830
v 3.898426 4.792778 3.591921
v 3.898316 4.990872 4.181257
v 3.899179 5.059321 4.503707
v 3.569971 5.269748 4.524670
v 3.983425 5.331672 4.816103
v 3.652020 5.544955 4.834789
v 3.663299 5.564249 4.814627
v 3.994662 5.351040 4.795987
v 3.583642 5.292463 4.510415
v 3.913362 5.082851 4.491412
v 3.586117 5.221968 4.195085
v 3.913791 5.016118 4.175858
v 3.567796 4.918728 3.606651
v 3.913737 4.818448 3.588366
v 2.933190 5.775562 4.837684
v 3.279863 5.552494 4.818205
v 2.937069 5.705437 4.551795
v 3.274769 5.490372 4.531687
v 2.941000 5.627234 4.232924
v 3.268600 5.421428 4.213684
v 2.944588 5.551595 3.924436
v 3.235363 5.204497 3.624383
v 2.948014 5.412493 3.639709
v 2.587403 5.707153 3.658941
v 2.606029 5.872674 3.944083
v 2.204280 6.053094 3.679339
v 2.297446 6.140219 4.260626
v 2.637864 5.963970 4.248040
v 2.425516 6.428385 4.533453
v 2.718426 6.142119 4.563895
v 2.625268 6.193975 4.871305
v 2.932777 5.959208 4.850987
v 2.625552 5.979589 4.574665
v 2.936630 5.779953 4.556337
v 2.625582 5.941045 4.251077
v 2.940819 5.635212 4.232822
v -2.579957 6.193975 0.241500
v -2.887466 5.959208 0.261817
v -2.580241 5.979589 0.538140
v -2.891318 5.779953 0.556468
v -2.580271 5.941045 0.861728
v -2.895508 5.635212 0.879982
v -2.560718 5.872674 1.168722
v -2.899277 5.551595 1.188368
v -3.190052 5.225801 1.488422
v -2.902702 5.451191 1.473096
v -2.542091 5.741024 1.453864
v -2.158969 6.180694 1.433466
v -2.252135 6.140219 0.852179
v -2.592553 5.963970 0.864765
v -2.380205 6.428385 0.579352
v -2.673115 6.142119 0.548910
v -2.887879 5.775562 0.275121
v -3.234552 5.552494 0.294599
v -2.891758 5.705437 0.561009
v -3.229458 5.490372 0.581117
v -2.895689 5.627234 0.879881
v -3.223289 5.421428 0.899121
v -3.540806 5.221968 0.917720
v -3.522485 4.962190 1.506154
v -3.617988 5.564249 0.298178
v -3.949351 5.351040 0.316818
v -3.538331 5.292463 0.602390
v -3.868051 5.082851 0.621393
v -3.868480 5.016118 0.936947
v -3.868425 4.818448 1.524439
v -2.272595 5.661386 -2.290803
v -3.840002 4.852172 -2.290803
v -2.390750 5.658235 -2.165536
v -3.514818 5.088670 -1.967593
v -3.840002 4.852172 -2.012007
v -4.160002 4.772684 -2.026935
v -4.160002 4.772684 -2.290805
v -4.160002 4.693197 -2.290806
v -4.160002 4.693197 -2.041863
v 3.356618 5.497703 0.295934
v 3.350827 5.546599 0.569566
v 3.722785 5.377922 0.308689
v 3.713914 5.317658 0.587206
v 3.342753 5.444280 0.912928
v 3.702148 5.178994 0.935114
v 3.335105 5.291925 1.216022
v 3.691709 5.045669 1.237301
v 3.327883 5.177783 1.497733
v 3.682091 4.873350 1.517160
v 2.828709 6.142505 0.083560
v 2.243607 6.921568 0.391222
v 2.752078 5.984120 0.455860
v 2.149003 6.609370 0.562758
v 2.072415 6.317336 0.854141
v 2.691500 5.796410 0.856564
v 2.034632 6.253841 1.141868
v 2.665415 5.685808 1.174754
v 2.019574 6.133210 1.424435
v 2.655471 5.691295 1.460041
v 2.639424 5.666022 1.456909
v 2.003160 6.108713 1.418398
v 2.649158 5.661767 1.166774
v 2.017869 6.231751 1.130162
v 2.674409 5.774477 0.845037
v 2.054624 6.299314 0.837871
v 2.731582 5.967535 0.441339
v 2.133109 6.597916 0.539905
v 2.225599 6.910316 0.369889
v 2.804367 6.128570 0.072637
v -2.594113 5.666022 3.655896
v -1.957849 6.184538 3.694407
v -2.603847 5.661767 3.946031
v -1.972558 6.231751 3.982643
v -2.629098 5.774477 4.267768
v -2.009313 6.299314 4.274934
v -2.686271 5.967535 4.671466
v -2.087798 6.597916 4.572900
v -2.180288 6.910316 4.742916
v -2.759056 6.128570 5.040169
v -0.975242 6.896278 4.636810
v -0.981849 6.971896 4.942222
v -0.958745 6.871899 4.643097
v -0.965173 6.947658 4.948584
v -1.335125 6.723148 4.920543
v -1.318582 6.698751 4.926639
v -1.331980 6.652382 4.619158
v -1.315643 6.627835 4.625205
v -1.328541 6.575931 4.293452
v -1.312550 6.551146 4.299455
v 0.005025 7.471448 4.405024
v -0.000104 7.064063 3.796300
v -0.010100 7.446628 4.412845
v 0.000208 7.034679 3.802825
v -0.005468 7.659324 5.001966
v 0.010991 7.635288 5.009543
v -0.292350 7.457309 4.984297
v -0.276082 7.433136 4.991848
v -0.305210 7.355207 4.669780
v -0.289856 7.330405 4.677205
v -3.301948 5.469517 4.811975
v -3.663875 5.351149 4.806193
v -3.291715 5.520082 4.546753
v -3.652795 5.293197 4.533197
v -3.281525 5.420768 4.209867
v -3.640789 5.155857 4.188329
v -3.273869 5.268513 3.906997
v -3.630779 5.021589 3.884571
v -3.266482 5.152573 3.618466
v -3.620774 4.847988 3.598212
v 0.941033 6.942894 4.679321
v 0.955586 6.966785 4.668213
v 1.016627 7.192535 4.879025
v 1.025448 7.208543 4.855111
v 0.412638 7.602795 4.889559
v 0.403833 7.587007 4.913626
v 0.320905 7.369446 4.703460
v 0.308566 7.348538 4.721255
v 0.305643 7.248249 4.394087
v 0.320819 7.273123 4.386539
v -3.311307 5.497703 4.816871
v -3.305516 5.546599 4.543239
v -3.677474 5.377922 4.804116
v -3.668603 5.317658 4.525599
v -3.297442 5.444280 4.199877
v -3.656837 5.178994 4.177691
v -3.289794 5.291925 3.896784
v -3.646398 5.045669 3.875504
v -3.282572 5.177783 3.615072
v -3.636780 4.873350 3.595645
v -2.783398 6.142505 5.029246
v -2.198296 6.921568 4.721583
v -2.706767 5.984120 4.656944
v -2.103691 6.609370 4.550047
v -2.027103 6.317336 4.258665
v -2.646189 5.796410 4.256241
v -1.989321 6.253841 3.970937
v -2.620104 5.685808 3.938051
v -1.974263 6.209035 3.688370
v -2.610160 5.691295 3.652764
v -2.706767 5.984120 4.656944
v -2.646189 5.796410 4.256241
v -2.686271 5.967535 4.671466
v -2.629098 5.774477 4.267768
v -2.620104 5.685808 3.938051
v -2.603847 5.661767 3.946031
v -2.594113 5.666022 3.655896
v -2.610160 5.691295 3.652764
v -2.614518 5.668015 3.931851
v -2.598323 5.642979 3.935958
v 3.347259 5.469517 0.300829
v 3.709186 5.351149 0.306611
v 3.337026 5.520082 0.566052
v 3.698106 5.293197 0.579608
v 3.326836 5.420768 0.902937
v 3.686100 5.155857 0.924476
v 3.319180 5.268513 1.205808
v 3.676090 5.021589 1.228234
v 3.311793 5.152573 1.494339
v 3.666085 4.847988 1.514593
v -3.617988 5.564249 0.298178
v -3.606709 5.544955 0.278015
v -3.949351 5.351040 0.316818
v -3.938114 5.331672 0.296702
v -3.868051 5.082851 0.621393
v -3.853868 5.059321 0.609097
v -3.868480 5.016118 0.936947
v -3.853005 4.990872 0.931548
v -3.853115 4.792778 1.520884
v -3.868425 4.818448 1.524439
v -3.524660 5.269748 0.588135
v -3.538331 5.292463 0.602390
v -3.525304 5.196773 0.912160
v -3.540806 5.221968 0.917720
v -3.207854 5.396249 0.893312
v -3.223289 5.421428 0.899121
v -3.213882 5.465273 0.575332
v -3.229458 5.490372 0.581117
v -3.218879 5.527458 0.288806
v -3.234552 5.552494 0.294599
v -2.872144 5.750592 0.269209
v -2.887879 5.775562 0.275121
v -2.876106 5.680409 0.555123
v -2.891758 5.705437 0.561009
v -2.880191 5.602119 0.873962
v -2.895689 5.627234 0.879881
v -2.884008 5.526394 1.182223
v -2.899277 5.551595 1.188368
v -2.880556 5.610461 0.871624
v -2.895508 5.635212 0.879982
v -2.876991 5.756339 0.544505
v -2.891318 5.779953 0.556468
v -2.872974 5.937159 0.247332
v -2.887466 5.959208 0.261817
v -2.564849 6.172866 0.226263
v -2.579957 6.193975 0.241500
v -2.565598 5.956793 0.525028
v -2.580241 5.979589 0.538140
v -2.565341 5.916505 0.852734
v -2.580271 5.941045 0.861728
v -2.545469 5.847723 1.161581
v -2.560718 5.872674 1.168722
v -2.576693 5.943540 0.849367
v -2.592553 5.963970 0.864765
v -2.655705 6.126309 0.530124
v -2.673115 6.142119 0.548910
v -2.365289 6.412504 0.558583
v -2.380205 6.428385 0.579352
v -2.237473 6.121868 0.833356
v -2.252135 6.140219 0.852179
v -2.143561 6.155279 1.428705
v -2.158969 6.180694 1.433466
v -2.218779 6.133995 0.521059
v -2.203321 6.108982 0.514626
v -2.208978 6.177412 0.231518
v -2.224530 6.202367 0.237954
v -0.883480 7.030471 0.156410
v -0.899013 7.055238 0.163573
v -0.895722 6.942894 0.433484
v -0.910275 6.966785 0.444592
v -0.971316 7.192535 0.233780
v -0.980137 7.208543 0.257694
v -0.358522 7.587007 0.199179
v -0.367327 7.602795 0.223246
v -0.263255 7.348538 0.391550
v -0.275593 7.369446 0.409345
v -0.260332 7.248249 0.718718
v -0.275508 7.273123 0.726267
v 0.055411 7.446628 0.699960
v 0.040286 7.471448 0.707781
v -0.065492 6.907074 1.309980
v -0.065181 6.936457 1.316504
v 0.034320 7.635288 0.103262
v 0.050779 7.659324 0.110839
v 0.321393 7.433136 0.120957
v 0.337661 7.457309 0.128508
v 0.335167 7.330405 0.435600
v 0.350521 7.355207 0.443025
v 0.348583 7.226438 0.755399
v 0.363977 7.250481 0.764937
v 0.335676 7.460952 0.418189
v 0.350268 7.481229 0.434979
v 0.322603 7.803455 0.081526
v 0.337059 7.822238 0.100080
v 1.012061 7.221586 0.133502
v 1.026375 7.242048 0.150308
v 1.005394 6.980631 0.454814
v 1.019887 7.002635 0.469367
v 0.997566 6.791729 0.792311
v 1.013393 6.816095 0.800175
v 1.004056 6.871899 0.469708
v 1.020553 6.896278 0.475994
v 1.010484 6.947658 0.164222
v 1.027160 6.971896 0.170583
v 1.363893 6.698751 0.186166
v 1.380436 6.723148 0.192262
v 1.360954 6.627835 0.487600
v 1.377291 6.652382 0.493647
v 1.357862 6.551146 0.813350
v 1.373852 6.575931 0.819353
v 1.355189 6.486298 1.100916
v 1.370774 6.511128 1.107740
v 1.358404 6.582604 0.808255
v 1.373582 6.606773 0.817820
v 1.361549 6.736060 0.473738
v 1.376996 6.758493 0.486549
v 1.364535 6.955686 0.158062
v 1.380116 6.976754 0.172873
v 1.999371 6.454361 0.203483
v 2.014665 6.477170 0.215806
v 1.999849 6.305864 0.506406
v 2.014935 6.329723 0.516852
v 2.000204 6.177902 0.841706
v 2.015327 6.202246 0.850909
v 2.000224 6.173093 1.137909
v 2.015819 6.197829 1.145049
v 2.000375 6.098424 1.421444
v 2.016229 6.123794 1.424762
v 3.311793 5.152573 1.494339
v 2.977624 5.406706 1.476472
v 3.318979 5.202533 1.216118
v 2.639424 5.666022 1.456909
v 2.643634 5.642979 1.176848
v 2.648088 5.689246 0.885628
v 3.326498 5.235709 0.923468
v 3.335061 5.273801 0.587810
v 2.653172 5.742047 0.553301
v 2.657612 5.787464 0.267186
v 3.342209 5.305309 0.309863
v -1.901770 4.700458 -6.560009
v -1.916953 4.687673 -6.523828
v -2.879996 3.876695 -6.560008
v -2.148174 4.492962 -6.339365
v -2.501959 4.195039 -5.632961
v -2.501258 4.195629 -5.519468
v -2.879995 3.876694 -4.640004
v -2.496854 4.199337 -4.805713
v -2.458190 4.231896 -4.640004
v -2.879962 3.876719 -4.320002
v -2.383030 4.295187 -4.320002
v 2.655471 5.691295 1.460041
v 2.993657 5.432075 1.478787
v 2.659829 5.668015 1.180954
v 3.327883 5.177783 1.497733
v 3.335206 5.227673 1.219385
v 3.342922 5.260708 0.926829
v 2.664571 5.714097 0.889717
v 3.351805 5.298589 0.591159
v 2.669981 5.766682 0.557371
v 3.359131 5.329969 0.313262
v 2.674605 5.811959 0.271339
v -2.610160 5.691295 3.652764
v -2.948346 5.432075 3.634018
v -2.614518 5.668015 3.931851
v -3.282572 5.177783 3.615072
v -3.289895 5.227673 3.893420
v -3.297611 5.260708 4.185976
v -2.619260 5.714097 4.223088
v -3.306494 5.298589 4.521646
v -2.624670 5.766682 4.555434
v -3.313820 5.329969 4.799543
v -2.629294 5.811959 4.841467
v -3.266482 5.152573 3.618466
v -2.932313 5.406706 3.636333
v -3.273668 5.202533 3.896687
v -2.594113 5.666022 3.655896
v -2.598323 5.642979 3.935958
v -2.602777 5.689246 4.227177
v -3.281186 5.235709 4.189337
v -3.289750 5.273801 4.524995
v -2.607861 5.742047 4.559505
v -2.612301 5.787464 4.845619
v -3.296898 5.305309 4.802942
v 0.050779 7.659324 0.110839
v -0.065181 6.936457 1.316504
v 0.337661 7.457309 0.128508
v 0.350521 7.355207 0.443025
v 0.363977 7.250481 0.764937
v 0.388001 6.759070 1.334811
v 1.013393 6.816095 0.800175
v 1.019887 7.002635 0.469367
v 0.350268 7.481229 0.434979
v 1.026375 7.242048 0.150308
v 0.337059 7.822238 0.100080
v 1.027160 6.971896 0.170583
v 1.020553 6.896278 0.475994
v 1.380436 6.723148 0.192262
v 1.377291 6.652382 0.493647
v 1.373852 6.575931 0.819353
v 1.370774 6.511128 1.107740
v 1.202115 6.315409 1.379787
v 2.016229 6.123794 1.424762
v 2.015819 6.197829 1.145049
v 2.015327 6.202246 0.850909
v 1.373582 6.606773 0.817820
v 2.014935 6.329723 0.516852
v 1.376996 6.758493 0.486549
v 2.014665 6.477170 0.215806
v 1.380116 6.976754 0.172873
v -0.005468 7.659324 5.001966
v -0.000104 7.064063 3.796300
v -0.292350 7.457309 4.984297
v -0.305210 7.355207 4.669780
v -0.318665 7.250481 4.347868
v -0.342690 6.972441 3.777994
v -0.968082 6.816095 4.312630
v -0.974576 7.002635 4.643439
v -0.304957 7.481229 4.677825
v -0.981064 7.242048 4.962497
v -0.291748 7.822238 5.012725
v -0.981849 6.971896 4.942222
v -0.975242 6.896278 4.636810
v -1.335125 6.723148 4.920543
v -1.331980 6.652382 4.619158
v -1.328541 6.575931 4.293452
v -1.325463 6.511128 4.005065
v -1.970918 6.199618 3.688043
v -1.970508 6.197829 3.967756
v -1.970016 6.202246 4.261897
v -1.328271 6.606773 4.294985
v -1.969624 6.329723 4.595953
v -1.331685 6.758493 4.626256
v -1.969354 6.477170 4.896999
v -1.334805 6.976754 4.939932
v 0.034320 7.635288 0.103262
v 0.321393 7.433136 0.120957
v -0.065492 6.907074 1.309980
v 0.335167 7.330405 0.435600
v 0.348583 7.226438 0.755399
v 0.372262 6.733932 1.329676
v 0.997566 6.791729 0.792311
v 1.005394 6.980631 0.454814
v 0.335676 7.460952 0.418189
v 1.012061 7.221586 0.133502
v 0.322603 7.803455 0.081526
v 1.010484 6.947658 0.164222
v 1.363893 6.698751 0.186166
v 1.004056 6.871899 0.469708
v 1.360954 6.627835 0.487600
v 1.357862 6.551146 0.813350
v 1.355189 6.486298 1.100916
v 1.186318 6.290155 1.375560
v 2.000375 6.098424 1.421444
v 2.000224 6.173093 1.137909
v 2.000204 6.177902 0.841706
v 1.358404 6.582604 0.808255
v 1.999849 6.305864 0.506406
v 1.361549 6.736060 0.473738
v 1.999371 6.454361 0.203483
v 1.364535 6.955686 0.158062
v 0.010991 7.635288 5.009543
v -0.276082 7.433136 4.991848
v 0.000208 7.034679 3.802825
v -0.289856 7.330405 4.677205
v -0.303272 7.226438 4.357406
v -0.326951 6.947302 3.783129
v -0.952254 6.791729 4.320494
v -0.960083 6.980631 4.657991
v -0.290365 7.460952 4.694616
v -0.966750 7.221586 4.979303
v -0.277292 7.803455 5.031279
v -0.965173 6.947658 4.948584
v -1.318582 6.698751 4.926639
v -0.958745 6.871899 4.643097
v -1.315643 6.627835 4.625205
v -1.312550 6.551146 4.299455
v -1.309878 6.486298 4.011889
v -1.955064 6.174248 3.691360
v -1.954913 6.173093 3.974896
v -1.954893 6.177902 4.271099
v -1.313093 6.582604 4.304550
v -1.954538 6.305864 4.606399
v -1.316238 6.736060 4.639068
v -1.954060 6.454361 4.909322
v -1.319223 6.955686 4.954743
v -2.624670 5.766682 4.555434
v -2.629294 5.811959 4.841467
v -2.607861 5.742047 4.559505
v -2.612301 5.787464 4.845619
v -3.313820 5.329969 4.799543
v -3.296898 5.305309 4.802942
v -3.306494 5.298589 4.521646
v -3.289750 5.273801 4.524995
v -3.297611 5.260708 4.185976
v -3.281186 5.235709 4.189337
v -3.289895 5.227673 3.893420
v -3.273668 5.202533 3.896687
v 0.944325 7.055238 4.949232
v 0.928791 7.030471 4.956395
v 2.269840 6.202367 4.874851
v 2.254289 6.177412 4.881287
v 2.248632 6.108982 4.598179
v 2.264090 6.133995 4.591746
v 2.188872 6.027679 3.684100
v 2.204280 6.053094 3.679339
v 2.297446 6.140219 4.260626
v 2.282784 6.121868 4.279449
v 2.410600 6.412504 4.554222
v 2.425516 6.428385 4.533453
v -0.952254 6.791729 4.320494
v -0.960083 6.980631 4.657991
v -0.968082 6.816095 4.312630
v -0.974576 7.002635 4.643439
v -0.966750 7.221586 4.979303
v -0.981064 7.242048 4.962497
v -0.277292 7.803455 5.031279
v -0.291748 7.822238 5.012725
v -0.290365 7.460952 4.694616
v -0.304957 7.481229 4.677825
v -0.303272 7.226438 4.357406
v -0.318665 7.250481 4.347868
v 2.828709 6.142505 0.083560
v 2.804367 6.128570 0.072637
v 2.243607 6.921568 0.391222
v 2.225599 6.910316 0.369889
v 2.149003 6.609370 0.562758
v 2.133109 6.597916 0.539905
v 2.072415 6.317336 0.854141
v 2.054624 6.299314 0.837871
v 2.034632 6.253841 1.141868
v 2.017869 6.231751 1.130162
v 2.019574 6.133210 1.424435
v 2.003160 6.108713 1.418398
v 2.731582 5.967535 0.441339
v 2.752078 5.984120 0.455860
v 2.674409 5.774477 0.845037
v 2.691500 5.796410 0.856564
v 2.649158 5.661767 1.166774
v 2.665415 5.685808 1.174754
v 2.639424 5.666022 1.456909
v 2.655471 5.691295 1.460041
v 2.643634 5.642979 1.176848
v 2.659829 5.668015 1.180954
v 2.648088 5.689246 0.885628
v 2.664571 5.714097 0.889717
v 2.653172 5.742047 0.553301
v 2.669981 5.766682 0.557371
v 2.657612 5.787464 0.267186
v 2.674605 5.811959 0.271339
v 3.359131 5.329969 0.313262
v 3.342209 5.305309 0.309863
v 3.335061 5.273801 0.587810
v 3.351805 5.298589 0.591159
v 3.326498 5.235709 0.923468
v 3.342922 5.260708 0.926829
v 3.318979 5.202533 1.216118
v 3.335206 5.227673 1.219385
v 3.311793 5.152573 1.494339
v 3.327883 5.177783 1.497733
v 3.319180 5.268513 1.205808
v 3.335105 5.291925 1.216022
v 3.326836 5.420768 0.902937
v 3.342753 5.444280 0.912928
v 3.337026 5.520082 0.566052
v 3.350827 5.546599 0.569566
v 3.347259 5.469517 0.300829
v 3.356618 5.497703 0.295934
v 3.709186 5.351149 0.306611
v 3.722785 5.377922 0.308689
v 3.698106 5.293197 0.579608
v 3.713914 5.317658 0.587206
v 3.686100 5.155857 0.924476
v 3.702148 5.178994 0.935114
v 3.676090 5.021589 1.228234
v 3.691709 5.045669 1.237301
v 3.666085 4.847988 1.514593
v 3.682091 4.873350 1.517160
v 3.714293 5.049468 0.609029
v 3.697344 5.024734 0.606391
v 3.706817 5.048501 0.332782
v 3.723964 5.073090 0.335512
v 3.977660 4.857764 0.349622
v 3.994663 4.882477 0.352112
v 3.977802 4.832445 0.620503
v 3.994592 4.857310 0.622930
v 3.978310 4.792323 1.532829
v 3.994340 4.817768 1.534093
v -3.680002 4.772684 0.698034
v -3.556433 4.871539 0.714668
v -3.680002 4.772684 2.290805
v -3.028029 5.294262 1.039427
v -2.719386 5.541176 1.199782
v -2.745311 5.520436 1.046676
v -2.334139 5.849373 0.708394
v -2.279974 5.892705 1.045659
v -2.080001 6.052683 1.012416
v -2.080001 6.052683 2.290805
v -3.273869 5.268513 3.906997
v -3.289794 5.291925 3.896784
v -3.281525 5.420768 4.209867
v -3.297442 5.444280 4.199877
v -3.305516 5.546599 4.543239
v -3.291715 5.520082 4.546753
v -3.311307 5.497703 4.816871
v -3.301948 5.469517 4.811975
v -3.663875 5.351149 4.806193
v -3.677474 5.377922 4.804116
v -3.668603 5.317658 4.525599
v -3.652795 5.293197 4.533197
v -3.656837 5.178994 4.177691
v -3.640789 5.155857 4.188329
v 3.586117 5.221968 4.195085
v 3.570615 5.196773 4.200644
v 3.583642 5.292463 4.510415
v 3.569971 5.269748 4.524670
v 3.652020 5.544955 4.834789
v 3.663299 5.564249 4.814627
v 3.983425 5.331672 4.816103
v 3.994662 5.351040 4.795987
v 3.913362 5.082851 4.491412
v 3.899179 5.059321 4.503707
v 3.898316 4.990872 4.181257
v 3.913791 5.016118 4.175858
v 3.913737 4.818448 3.588366
v 3.898426 4.792778 3.591921
v -3.949029 4.817768 3.578713
v -3.932999 4.792323 3.579976
v -3.949281 4.857310 4.489876
v -3.932491 4.832445 4.492302
v -3.932349 4.857764 4.763183
v -3.949351 4.882477 4.760693
v -3.661506 5.048501 4.780023
v -3.678653 5.073090 4.777293
v -3.652033 5.024734 4.506414
v -3.668982 5.049468 4.503776
v -3.620774 4.847988 3.598212
v -3.636780 4.873350 3.595645
v -3.630779 5.021589 3.884571
v -3.646398 5.045669 3.875504
v -3.640789 5.155857 4.188329
v -3.656837 5.178994 4.177691
v -1.873875 4.723948 -7.102528
v -1.727293 4.847385 -6.975791
v -1.957517 4.653513 -7.119185
v -1.901770 4.700458 -6.560009
v -2.384794 4.293703 -7.204278
v -2.879996 3.876695 -6.560008
v -2.658294 4.063389 -7.357594
v -2.627725 4.089132 -7.617524
v -2.879996 3.876694 -6.836225
v -2.879996 3.876694 -6.923788
v -2.879996 3.876694 -7.200004
v -2.879996 3.876694 -8.480004
v -2.879996 3.876694 -8.800004
v -2.286994 4.376061 -7.746872
v -2.560001 4.146162 -8.800004
v -1.664002 4.900683 -8.800004
v -1.664001 4.900683 -8.166838
v -1.970918 6.199618 3.688043
v -1.955064 6.174248 3.691360
v -1.970508 6.197829 3.967756
v -1.954913 6.173093 3.974896
v -1.970016 6.202246 4.261897
v -1.954893 6.177902 4.271099
v -1.954538 6.305864 4.606399
v -1.969624 6.329723 4.595953
v -1.954060 6.454361 4.909322
v -1.969354 6.477170 4.896999
v -1.319223 6.955686 4.954743
v -1.334805 6.976754 4.939932
v -1.316238 6.736060 4.639068
v -1.331685 6.758493 4.626256
v -1.313093 6.582604 4.304550
v -1.328271 6.606773 4.294985
v -1.309878 6.486298 4.011889
v -1.325463 6.511128 4.005065
v 2.701016 6.126309 4.582681
v 2.622004 5.943540 4.263438
v 2.718426 6.142119 4.563895
v 2.637864 5.963970 4.248040
v 2.590780 5.847723 3.951224
v 2.606029 5.872674 3.944083
v 2.610652 5.916505 4.260071
v 2.625582 5.941045 4.251077
v 2.625552 5.979589 4.574665
v 2.610909 5.956793 4.587777
v 2.610160 6.172866 4.886542
v 2.625268 6.193975 4.871305
v 2.918285 5.937159 4.865473
v 2.932777 5.959208 4.850987
v 2.922302 5.756339 4.568300
v 2.936630 5.779953 4.556337
v 2.925867 5.610461 4.241180
v 2.940819 5.635212 4.232822
v 2.929319 5.526394 3.930582
v 2.944588 5.551595 3.924436
v -3.840002 4.772684 -4.364650
v -3.873134 4.772684 -4.517197
v -3.873134 4.772684 -4.364650
v -3.717684 4.772684 -4.480001
v -3.873134 4.772684 -4.517197
v -3.840002 4.772684 -4.364650
v -3.717684 4.772684 -4.510880
v -3.873134 4.772684 -4.517197
v -3.717684 4.772684 -4.480001
v 3.717684 4.772684 -4.480001
v 3.873134 4.772684 -4.517197
v 3.717684 4.772684 -4.510880
v 3.840002 4.772684 -4.364650
v 3.873134 4.772684 -4.517197
v 3.717684 4.772684 -4.480001
v 3.873134 4.772684 -4.364650
v 3.873134 4.772684 -4.517197
v 3.840002 4.772684 -4.364650
v -3.717684 4.772684 4.480001
v -3.873134 4.772684 4.517197
v -3.717684 4.772684 4.510880
v -3.840002 4.772684 4.364650
v -3.873134 4.772684 4.517197
v -3.717684 4.772684 4.480001
v -3.873134 4.772684 4.364650
v -3.873134 4.772684 4.517197
v -3.840002 4.772684 4.364650
v 3.840002 4.772684 4.364650
v 3.873134 4.772684 4.517197
v 3.873134 4.772684 4.364650
v 3.717684 4.772684 4.480001
v 3.873134 4.772684 4.517197
v 3.840002 4.772684 4.364650
v 3.717684 4.772684 4.510880
v 3.873134 4.772684 4.517197
v 3.717684 4.772684 4.480001
v -3.072001 3.876684 -8.844652
v -3.098508 3.876683 -8.997199
v -3.098508 3.876683 -8.844652
v -2.974147 3.876683 -8.960004
v -3.098508 3.876683 -8.997199
v -3.072001 3.876684 -8.844652
v -2.974147 3.876683 -8.990883
v -3.098508 3.876683 -8.997199
v -2.974147 3.876683 -8.960004
v 2.966698 3.876683 -8.932893
v 3.091058 3.876683 -8.970088
v 2.966698 3.876683 -8.963772
v 3.064552 3.876683 -8.817541
v 3.091058 3.876683 -8.970088
v 2.966698 3.876683 -8.932893
v 3.091058 3.876683 -8.817541
v 3.091058 3.876683 -8.970088
v 3.064552 3.876683 -8.817541
v 2.981464 3.428682 -8.849736
v 3.091058 3.876683 -8.817541
v 3.064552 3.876683 -8.817541
v 3.091058 3.876683 -8.817541
v 2.981464 3.428682 -8.849736
v 3.007970 3.428682 -8.849736
v 3.098508 0.548682 -8.997199
v 2.974147 1.570398 -8.990883
v 3.098508 1.570398 -8.997199
v 2.974147 1.570398 -8.990883
v 3.098508 0.548682 -8.997199
v 2.974147 0.548682 -8.990883
v 2.883610 3.428682 -8.965088
v 3.064552 3.876683 -8.817541
v 2.966698 3.876683 -8.932893
v 3.064552 3.876683 -8.817541
v 2.883610 3.428682 -8.965088
v 2.981464 3.428682 -8.849736
v 3.098508 1.570398 -8.844652
v 3.007971 3.428682 -9.002282
v 3.007970 3.428682 -8.849736
v 3.007971 3.428682 -9.002282
v 3.098508 1.570398 -8.844652
v 3.098508 1.570398 -8.997199
v 2.974147 1.570398 -8.960004
v 2.981464 3.428682 -8.849736
v 2.883610 3.428682 -8.965088
v 2.981464 3.428682 -8.849736
v 2.974147 1.570398 -8.960004
v 3.072001 1.570398 -8.844652
v 3.070001 4.772684 4.480001
v 3.840001 4.212683 4.480001
v 3.840001 4.772684 4.480001
v -1.104583 6.492103 4.480002
v -2.080001 6.052683 4.480002
v -1.104583 6.052683 4.480002
v -3.072002 3.876683 -4.480000
v -3.072002 3.652683 -4.480000
v -3.328002 3.813093 -4.480000
v 0.000001 5.318041 -8.960001
v 0.211946 4.900683 -8.960001
v 0.000001 4.900683 -8.960000
v -3.840002 3.822085 0.000001
v -3.840002 3.652683 -0.119039
v -3.840002 3.652683 0.000001
v 0.952859 6.481116 1.573255
v -0.063824 7.002936 1.532320
v 0.269057 7.202890 1.513326
v -1.121645 6.739764 3.284589
v -0.055988 7.152454 3.243653
v -0.366145 7.386107 3.224659
v 0.956790 6.556142 2.431984
v 0.952859 6.481116 1.573255
v 0.991169 7.212108 2.050511
v 1.109294 9.466091 1.311745
v -1.014108 8.791705 1.380388
v -0.973045 9.575222 1.311745
v -1.014108 8.791705 1.380388
v 1.109294 9.466091 1.311745
v 1.068232 8.682574 1.380388
v 1.117130 9.615608 3.023079
v 1.068232 8.682574 1.380388
v 1.109294 9.466091 1.311745
v 1.068232 8.682574 1.380388
v 1.117130 9.615608 3.023079
v 1.076068 8.832090 3.091722
v -1.014108 8.791705 1.380388
v -0.965210 9.724739 3.023079
v -0.973045 9.575222 1.311745
v -0.965210 9.724739 3.023079
v -1.014108 8.791705 1.380388
v -1.006272 8.941221 3.091722
v -1.125549 6.665273 2.431984
v -1.121645 6.739764 3.284589
v -1.088235 7.377283 2.691982
v 1.035005 8.048573 3.160365
v 0.276894 7.352407 3.224659
v 0.960694 6.630633 3.284589
v 0.276894 7.352407 3.224659
v 1.035005 8.048573 3.160365
v 0.315355 8.086287 3.160365
v -0.288714 8.863543 3.095223
v 1.076068 8.832090 3.091722
v -1.006272 8.941221 3.091722
v 1.076068 8.832090 3.091722
v -0.288714 8.863543 3.095223
v 0.354323 8.829843 3.095223
v -1.047334 8.157703 3.160365
v -0.288714 8.863543 3.095223
v -1.006272 8.941221 3.091722
v -0.288714 8.863543 3.095223
v -1.047334 8.157703 3.160365
v -0.327683 8.119987 3.160365
v 1.035005 8.048573 3.160365
v 0.354323 8.829843 3.095223
v 0.315355 8.086287 3.160365
v 0.354323 8.829843 3.095223
v 1.035005 8.048573 3.160365
v 1.076068 8.832090 3.091722
v -1.047334 8.157703 3.160365
v -0.366145 7.386107 3.224659
v -0.327683 8.119987 3.160365
v -0.366145 7.386107 3.224659
v -1.047334 8.157703 3.160365
v -1.121645 6.739764 3.284589
v -1.047334 8.157703 3.160365
v -1.088235 7.377283 2.691982
v -1.121645 6.739764 3.284589
v -1.088235 7.377283 2.691982
v -1.047334 8.157703 3.160365
v -1.049774 8.111164 2.627688
v -1.013743 8.798675 1.921076
v -1.006272 8.941221 3.091722
v -1.014108 8.791705 1.380388
v -1.006272 8.941221 3.091722
v -1.013743 8.798675 1.921076
v -1.010805 8.854719 2.562546
v -1.055170 8.008186 1.449031
v -1.013743 8.798675 1.921076
v -1.014108 8.791705 1.380388
v -1.013743 8.798675 1.921076
v -1.055170 8.008186 1.449031
v -1.052711 8.055120 1.986217
v -1.047334 8.157703 3.160365
v -1.010805 8.854719 2.562546
v -1.049774 8.111164 2.627688
v -1.010805 8.854719 2.562546
v -1.047334 8.157703 3.160365
v -1.006272 8.941221 3.091722
v -1.055170 8.008186 1.449031
v -1.091172 7.321239 2.050511
v -1.052711 8.055120 1.986217
v -1.091172 7.321239 2.050511
v -1.055170 8.008186 1.449031
v -1.129481 6.590247 1.573255
v -1.055170 8.008186 1.449031
v -0.373981 7.236590 1.513326
v -1.129481 6.590247 1.573255
v -0.373981 7.236590 1.513326
v -1.055170 8.008186 1.449031
v -0.335520 7.970471 1.449031
v 0.346485 8.680326 1.383890
v -1.014108 8.791705 1.380388
v 1.068232 8.682574 1.380388
v -1.014108 8.791705 1.380388
v 0.346485 8.680326 1.383890
v -0.296552 8.714026 1.383889
v 1.027169 7.899055 1.449031
v 0.346485 8.680326 1.383890
v 1.068232 8.682574 1.380388
v 0.346485 8.680326 1.383890
v 1.027169 7.899055 1.449031
v 0.307518 7.936771 1.449031
v -1.055170 8.008186 1.449031
v -0.296552 8.714026 1.383889
v -0.335520 7.970471 1.449031
v -0.296552 8.714026 1.383889
v -1.055170 8.008186 1.449031
v -1.014108 8.791705 1.380388
v 1.027169 7.899055 1.449031
v 0.269057 7.202890 1.513326
v 0.307518 7.936771 1.449031
v 0.269057 7.202890 1.513326
v 1.027169 7.899055 1.449031
v 0.952859 6.481116 1.573255
v 1.027169 7.899055 1.449031
v 0.991169 7.212108 2.050511
v 0.952859 6.481116 1.573255
v 0.991169 7.212108 2.050511
v 1.027169 7.899055 1.449031
v 1.029629 7.945989 1.986217
v 1.071535 8.745588 2.562545
v 1.068232 8.682574 1.380388
v 1.076068 8.832090 3.091722
v 1.068232 8.682574 1.380388
v 1.071535 8.745588 2.562545
v 1.068597 8.689544 1.921075
v 1.035005 8.048573 3.160365
v 1.071535 8.745588 2.562545
v 1.076068 8.832090 3.091722
v 1.071535 8.745588 2.562545
v 1.035005 8.048573 3.160365
v 1.032566 8.002033 2.627687
v 1.027169 7.899055 1.449031
v 1.068597 8.689544 1.921075
v 1.029629 7.945989 1.986217
v 1.068597 8.689544 1.921075
v 1.027169 7.899055 1.449031
v 1.068232 8.682574 1.380388
v 1.035005 8.048573 3.160365
v 0.994105 7.268152 2.691982
v 1.032566 8.002033 2.627687
v 0.994105 7.268152 2.691982
v 1.035005 8.048573 3.160365
v 0.960694 6.630633 3.284589
v 0.276894 7.352407 3.224659
v -0.055988 7.152454 3.243653
v 0.960694 6.630633 3.284589
v -0.366145 7.386107 3.224659
v -0.055988 7.152454 3.243653
v 0.276894 7.352407 3.224659
v -0.373981 7.236590 1.513326
v -0.063824 7.002936 1.532320
v -1.129481 6.590247 1.573255
v 0.269057 7.202890 1.513326
v -0.063824 7.002936 1.532320
v -0.373981 7.236590 1.513326
v 0.956790 6.556142 2.431984
v 0.994105 7.268152 2.691982
v 0.960694 6.630633 3.284589
v 0.994105 7.268152 2.691982
v 0.956790 6.556142 2.431984
v 0.991169 7.212108 2.050511
v -1.125549 6.665273 2.431984
v -1.091172 7.321239 2.050511
v -1.129481 6.590247 1.573255
v -1.091172 7.321239 2.050511
v -1.125549 6.665273 2.431984
v -1.088235 7.377283 2.691982
v 1.104584 6.492103 4.480001
v 1.104584 6.052683 4.480002
v 2.080001 6.052684 4.480001
v -1.104583 0.612682 4.480002
v -1.104583 0.295443 5.120002
v -1.104583 0.612682 5.120002
v -1.104583 0.295443 5.120002
v -1.104583 0.612682 4.480002
v -1.104583 0.295443 4.480002
v -1.104583 1.412683 4.480002
v -1.104583 0.612682 5.120002
v -1.104583 1.412683 5.120002
v -1.104583 0.612682 5.120002
v -1.104583 1.412683 4.480002
v -1.104583 0.612682 4.480002
v -0.969359 6.588428 1.733291
v -0.067238 6.937786 1.698637
v -0.373251 7.250516 1.672716
v 0.799798 6.617709 3.125844
v -0.060862 7.059451 3.091190
v 0.276164 7.338481 3.065269
v 0.796624 6.557144 2.432630
v 0.799798 6.617709 3.125844
v 0.834326 7.276526 2.691983
v -0.812536 9.580772 1.471135
v 0.909182 8.704871 1.539778
v 0.950244 9.488389 1.471135
v 0.909182 8.704871 1.539778
v -0.812536 9.580772 1.471135
v -0.853599 8.797255 1.539778
v 0.950244 9.488389 1.471135
v 0.915558 8.826537 2.932332
v 0.956621 9.610055 2.863688
v 0.915558 8.826537 2.932332
v 0.950244 9.488389 1.471135
v 0.909182 8.704871 1.539778
v 0.956621 9.610055 2.863688
v -0.847222 8.918921 2.932332
v -0.806160 9.702438 2.863688
v -0.847222 8.918921 2.932332
v 0.956621 9.610055 2.863688
v 0.915558 8.826537 2.932332
v -0.806160 9.702438 2.863688
v -0.853599 8.797255 1.539778
v -0.812536 9.580772 1.471135
v -0.853599 8.797255 1.539778
v -0.806160 9.702438 2.863688
v -0.847222 8.918921 2.932332
v -0.966156 6.649528 2.432630
v -0.969359 6.588428 1.733291
v -0.931392 7.312865 2.050511
v 0.874496 8.043019 3.000974
v 0.276164 7.338481 3.065269
v 0.314624 8.072362 3.000974
v 0.276164 7.338481 3.065269
v 0.874496 8.043019 3.000974
v 0.799798 6.617709 3.125844
v -0.847222 8.918921 2.932332
v 0.353592 8.815917 2.935833
v -0.289445 8.849617 2.935833
v 0.353592 8.815917 2.935833
v -0.847222 8.918921 2.932332
v 0.915558 8.826537 2.932332
v -0.888285 8.135403 3.000974
v -0.289445 8.849617 2.935833
v -0.328413 8.106062 3.000974
v -0.289445 8.849617 2.935833
v -0.888285 8.135403 3.000974
v -0.847222 8.918921 2.932332
v 0.874496 8.043019 3.000974
v 0.353592 8.815917 2.935833
v 0.915558 8.826537 2.932332
v 0.353592 8.815917 2.935833
v 0.874496 8.043019 3.000974
v 0.314624 8.072362 3.000974
v -0.888285 8.135403 3.000974
v -0.366875 7.372181 3.065269
v -0.962982 6.710093 3.125844
v -0.366875 7.372181 3.065269
v -0.888285 8.135403 3.000974
v -0.328413 8.106062 3.000974
v -0.888285 8.135403 3.000974
v -0.928455 7.368909 2.691982
v -0.889994 8.102790 2.627688
v -0.928455 7.368909 2.691982
v -0.888285 8.135403 3.000974
v -0.962982 6.710093 3.125844
v -0.853599 8.797255 1.539778
v -0.851026 8.846345 2.562545
v -0.853963 8.790300 1.921075
v -0.851026 8.846345 2.562545
v -0.853599 8.797255 1.539778
v -0.847222 8.918921 2.932332
v -0.894661 8.013737 1.608421
v -0.853963 8.790300 1.921075
v -0.892931 8.046745 1.986217
v -0.853963 8.790300 1.921075
v -0.894661 8.013737 1.608421
v -0.853599 8.797255 1.539778
v -0.888285 8.135403 3.000974
v -0.851026 8.846345 2.562545
v -0.847222 8.918921 2.932332
v -0.851026 8.846345 2.562545
v -0.888285 8.135403 3.000974
v -0.889994 8.102790 2.627688
v -0.894661 8.013737 1.608421
v -0.931392 7.312865 2.050511
v -0.969359 6.588428 1.733291
v -0.931392 7.312865 2.050511
v -0.894661 8.013737 1.608421
v -0.892931 8.046745 1.986217
v -0.894661 8.013737 1.608421
v -0.373251 7.250516 1.672716
v -0.334790 7.984396 1.608421
v -0.373251 7.250516 1.672716
v -0.894661 8.013737 1.608421
v -0.969359 6.588428 1.733291
v 0.909182 8.704871 1.539778
v -0.295821 8.727951 1.543280
v 0.347216 8.694251 1.543280
v -0.295821 8.727951 1.543280
v 0.909182 8.704871 1.539778
v -0.853599 8.797255 1.539778
v 0.868120 7.921354 1.608421
v 0.347216 8.694251 1.543280
v 0.308248 7.950696 1.608421
v 0.347216 8.694251 1.543280
v 0.868120 7.921354 1.608421
v 0.909182 8.704871 1.539778
v -0.894661 8.013737 1.608421
v -0.295821 8.727951 1.543280
v -0.853599 8.797255 1.539778
v -0.295821 8.727951 1.543280
v -0.894661 8.013737 1.608421
v -0.334790 7.984396 1.608421
v 0.868120 7.921354 1.608421
v 0.269788 7.216816 1.672716
v 0.793422 6.496044 1.733291
v 0.269788 7.216816 1.672716
v 0.868120 7.921354 1.608421
v 0.308248 7.950696 1.608421
v 0.868120 7.921354 1.608421
v 0.831389 7.220482 2.050511
v 0.869850 7.954362 1.986217
v 0.831389 7.220482 2.050511
v 0.868120 7.921354 1.608421
v 0.793422 6.496044 1.733291
v 0.915558 8.826537 2.932332
v 0.908818 8.697917 1.921076
v 0.911755 8.753962 2.562545
v 0.908818 8.697917 1.921076
v 0.915558 8.826537 2.932332
v 0.909182 8.704871 1.539778
v 0.874496 8.043019 3.000974
v 0.911755 8.753962 2.562545
v 0.872787 8.010406 2.627687
v 0.911755 8.753962 2.562545
v 0.874496 8.043019 3.000974
v 0.915558 8.826537 2.932332
v 0.868120 7.921354 1.608421
v 0.908818 8.697917 1.921076
v 0.909182 8.704871 1.539778
v 0.908818 8.697917 1.921076
v 0.868120 7.921354 1.608421
v 0.869850 7.954362 1.986217
v 0.874496 8.043019 3.000974
v 0.834326 7.276526 2.691983
v 0.799798 6.617709 3.125844
v 0.834326 7.276526 2.691983
v 0.874496 8.043019 3.000974
v 0.872787 8.010406 2.627687
v -0.366875 7.372181 3.065269
v -0.060862 7.059451 3.091190
v -0.962982 6.710093 3.125844
v 0.276164 7.338481 3.065269
v -0.060862 7.059451 3.091190
v -0.366875 7.372181 3.065269
v -0.373251 7.250516 1.672716
v -0.067238 6.937786 1.698637
v 0.269788 7.216816 1.672716
v 0.269788 7.216816 1.672716
v -0.067238 6.937786 1.698637
v 0.793422 6.496044 1.733291
v -0.966156 6.649528 2.432630
v -0.928455 7.368909 2.691982
v -0.962982 6.710093 3.125844
v -0.928455 7.368909 2.691982
v -0.966156 6.649528 2.432630
v -0.931392 7.312865 2.050511
v 0.796624 6.557144 2.432630
v 0.831389 7.220482 2.050511
v 0.793422 6.496044 1.733291
v 0.831389 7.220482 2.050511
v 0.796624 6.557144 2.432630
v 0.834326 7.276526 2.691983
v 3.840001 4.212683 4.480001
v 3.082861 3.652682 4.480001
v 3.840002 3.652683 4.480001
v -0.640000 2.135298 4.878476
v -0.000000 2.569505 4.878476
v 0.640000 2.135297 4.878476
v 0.640000 2.135318 4.838423
v -0.000000 2.625240 4.838476
v 0.729035 2.135318 4.838423
v -0.000000 2.625240 4.838476
v 0.640000 2.135318 4.838423
v -0.000000 2.569505 4.838476
v -0.000000 2.569505 4.838476
v -0.729035 2.135318 4.838422
v -0.000000 2.625240 4.838476
v -0.729035 2.135318 4.838422
v -0.000000 2.569505 4.838476
v -0.640000 2.135318 4.838422
v 0.640000 2.135297 4.878476
v -0.000000 2.569505 4.838476
v 0.640000 2.135318 4.838423
v -0.000000 2.569505 4.838476
v 0.640000 2.135297 4.878476
v -0.000000 2.569505 4.878476
v -0.000000 2.569505 4.878476
v -0.640000 2.135318 4.838422
v -0.000000 2.569505 4.838476
v -0.640000 2.135318 4.838422
v -0.000000 2.569505 4.878476
v -0.640000 2.135298 4.878476
v 0.640001 2.135297 5.201526
v -0.000000 2.569505 5.201526
v -0.640000 2.135298 5.201526
v -0.640000 2.135318 5.241580
v -0.000000 2.625240 5.241527
v -0.729035 2.135318 5.241580
v -0.000000 2.625240 5.241527
v -0.640000 2.135318 5.241580
v -0.000000 2.569505 5.241527
v -0.000000 2.569505 5.241527
v 0.729036 2.135318 5.241580
v -0.000000 2.625240 5.241527
v 0.729036 2.135318 5.241580
v -0.000000 2.569505 5.241527
v 0.640001 2.135318 5.241580
v -0.640000 2.135298 5.201526
v -0.000000 2.569505 5.241527
v -0.640000 2.135318 5.241580
v -0.000000 2.569505 5.241527
v -0.640000 2.135298 5.201526
v -0.000000 2.569505 5.201526
v -0.000000 2.569505 5.201526
v 0.640001 2.135318 5.241580
v -0.000000 2.569505 5.241527
v 0.640001 2.135318 5.241580
v -0.000000 2.569505 5.201526
v 0.640001 2.135297 5.201526
v -1.664002 4.900684 -8.960002
v -3.072003 3.652683 -8.960002
v -3.072002 3.876683 -8.960002
v 0.000001 4.900683 -8.960000
v 0.000001 3.652682 -8.960002
v -1.166765 4.900683 -8.960001
v -1.664002 4.676682 -8.960002
v -1.104583 6.398976 5.120002
v -1.104583 6.052683 5.120002
v -0.836917 6.052683 5.120002
v -0.000001 6.052683 5.120002
v -0.000000 6.429709 5.120002
v -0.000000 6.890767 5.120002
v -3.840002 0.866829 3.229863
v -3.840001 1.412683 3.628211
v -3.840001 1.412683 3.142601
v -3.840002 1.412683 2.290805
v -3.840002 0.612682 2.290805
v -3.840002 0.612682 3.090581
v 3.098508 0.548682 -8.997199
v 3.098508 0.292682 -8.997199
v 2.974147 0.548682 -8.990883
v 2.974147 0.292682 -8.990883
v 2.883610 3.428682 -8.965088
v 2.966698 3.876683 -8.932893
v 2.883610 3.428682 -8.995967
v 2.966698 3.876683 -8.963772
v 3.091058 3.876683 -8.817541
v 3.007970 3.428682 -8.849736
v 3.091058 3.876683 -8.970088
v 3.007971 3.428682 -9.002282
v 3.091058 3.876683 -8.970088
v 3.007971 3.428682 -9.002282
v 2.966698 3.876683 -8.963772
v 2.883610 3.428682 -8.995967
v 2.974147 1.570398 -8.960004
v 2.883610 3.428682 -8.965088
v 2.974147 1.570398 -8.990883
v 2.883610 3.428682 -8.995967
v 2.974147 1.570398 -8.960004
v 2.974147 0.548682 -8.960004
v 3.072001 1.570398 -8.844652
v 3.072001 0.548682 -8.844652
v 2.981464 3.428682 -8.849736
v 3.072001 1.570398 -8.844652
v 3.007970 3.428682 -8.849736
v 3.098508 1.570398 -8.844652
v 3.007971 3.428682 -9.002282
v 3.098508 1.570398 -8.997199
v 2.883610 3.428682 -8.995967
v 2.974147 1.570398 -8.990883
v -3.840001 2.532683 -4.480000
v -3.840002 2.532683 -2.290803
v -3.840002 3.652683 -4.480000
v -3.840003 3.652683 -2.290803
v -3.840003 0.612682 0.000001
v -3.840003 0.295443 0.000001
v -3.840002 0.612682 2.290805
v -3.840002 0.295443 2.290805
v 3.072001 1.412683 -4.480001
v 3.072001 2.532683 -4.480001
v 3.840001 1.412683 -4.480001
v 3.840002 2.532683 -4.480001
v -3.072002 1.412683 -4.480000
v -3.840002 1.412683 -4.480000
v -3.072002 2.532683 -4.480000
v -3.840001 2.532683 -4.480000
v 3.840001 2.532683 3.142596
v 3.840001 1.412683 3.142596
v 3.840002 2.532683 2.290805
v 3.840001 1.412683 2.290805
v -3.840002 1.412683 -4.480000
v -3.840003 1.412683 -2.290803
v -3.840001 2.532683 -4.480000
v -3.840002 2.532683 -2.290803
v -3.072002 2.532683 -4.480000
v -3.840001 2.532683 -4.480000
v -3.072002 3.652683 -4.480000
v -3.840002 3.652683 -4.480000
v 3.840002 1.412683 4.480001
v 3.840001 2.532683 4.480001
v 3.195883 1.412683 4.480002
v 3.195882 2.532683 4.480001
v -3.072002 2.532683 -8.960002
v -3.072003 3.652683 -8.960002
v 0.000001 2.532683 -8.960001
v 0.000001 3.652682 -8.960002
v -3.072003 1.412683 -8.960002
v -3.072002 2.532683 -8.960002
v 0.000001 1.412683 -8.960002
v 0.000001 2.532683 -8.960001
v -3.072002 3.876683 -8.960002
v -3.072003 3.652683 -8.960002
v -3.072002 3.876684 -6.720006
v -3.072002 3.652682 -6.720006
v 3.072001 2.532683 -4.480001
v 3.072001 2.888064 -4.480001
v 3.840002 2.532683 -4.480001
v 3.840002 2.888064 -4.480000
v 3.072001 2.888064 -4.480001
v 3.072001 2.532683 -4.480001
v 3.072001 2.756523 -4.680798
v 3.072001 2.532683 -4.817801
v 0.000001 3.652682 -8.960002
v 0.000001 4.900683 -8.960000
v 0.845715 3.652682 -8.960002
v 0.211946 4.900683 -8.960001
v 3.840002 1.412683 4.480001
v 3.840001 1.412683 3.628210
v 3.840001 2.532683 4.480001
v 3.840001 2.532683 3.628209
v 3.840001 1.412683 1.388210
v 3.840001 2.532683 1.388209
v 3.840001 1.412683 2.290805
v 3.840002 2.532683 2.290805
v 1.104584 1.412683 4.480002
v 1.426643 1.412683 4.480002
v 1.104584 2.532683 4.480001
v 1.426644 2.532683 4.480001
v 2.710270 2.532683 4.480001
v 1.912257 2.532683 4.480001
v 2.710268 1.412683 4.480001
v 1.912257 1.412683 4.480002
v -3.195881 2.532683 4.480002
v -3.840001 2.532683 4.480002
v -3.195882 1.412683 4.480002
v -3.840001 1.412683 4.480002
v -1.912256 1.412683 4.480001
v -1.912255 2.532683 4.480001
v -2.710268 1.412683 4.480002
v -2.710268 2.532683 4.480002
v -3.840001 1.412683 3.628211
v -3.840001 1.412683 4.480002
v -3.840001 2.532683 3.628210
v -3.840001 2.532683 4.480002
v -3.840001 2.532683 3.142597
v -3.840003 2.532683 2.290805
v -3.840001 1.412683 3.142601
v -3.840002 1.412683 2.290805
v -3.840001 1.412683 1.388210
v -3.840002 1.412683 2.290805
v -3.840001 2.532683 1.388210
v -3.840003 2.532683 2.290805
v -3.840001 2.532683 0.902597
v -3.840002 2.532683 0.000001
v -3.840001 1.412683 0.902600
v -3.840002 1.412683 0.000001
v -3.072002 1.412683 -6.720006
v -3.072003 1.412683 -6.002810
v -3.072003 2.532683 -6.720006
v -3.072003 2.532683 -6.002809
v -3.072003 1.412683 -7.597196
v -3.072002 1.412683 -6.720006
v -3.072003 2.532683 -7.597197
v -3.072003 2.532683 -6.720006
v -3.072002 2.532683 -8.960002
v -3.072003 1.412683 -8.960002
v -3.072003 2.532683 -8.082808
v -3.072003 1.412683 -8.082807
v -0.965210 9.724739 3.023079
v -1.006272 8.941221 3.091722
v 1.117130 9.615608 3.023079
v 1.076068 8.832090 3.091722
v -1.426642 1.412683 4.480002
v -1.104583 1.412683 4.480002
v -1.426643 2.532683 4.480001
v -1.104583 2.532683 4.480002
v -1.104583 4.772684 5.120002
v -1.104583 3.652682 5.120002
v -0.640000 4.772684 5.120001
v -0.640000 3.652682 5.120002
v -1.104583 2.532683 5.120002
v -1.104583 2.532683 4.480002
v -1.104583 1.412683 5.120002
v -1.104583 1.412683 4.480002
v -1.104583 6.398976 4.480001
v -1.104583 6.052683 4.480002
v -1.104583 6.398976 5.120002
v -1.104583 6.052683 5.120002
v -1.104583 5.932102 5.120002
v -1.104583 5.932102 4.480002
v -1.104583 4.772684 5.120002
v -1.104583 4.772684 4.480001
v -1.104583 4.772684 5.120002
v -1.104583 4.772684 4.480001
v -1.104583 3.652682 5.120002
v -1.104583 3.652682 4.480002
v -1.104583 6.052683 5.120002
v -1.104583 6.052683 4.480002
v -1.104583 5.932102 5.120002
v -1.104583 5.932102 4.480002
v -1.104583 3.652682 5.120002
v -1.104583 3.652682 4.480002
v -1.104583 2.532683 5.120002
v -1.104583 2.532683 4.480002
v 1.104584 3.652682 5.120002
v 1.104584 3.652682 4.480002
v 1.104584 4.772684 5.120002
v 1.104584 4.772684 4.480001
v 1.104584 2.532683 5.120002
v 1.104584 2.532683 4.480001
v 1.104584 3.652682 5.120002
v 1.104584 3.652682 4.480002
v 1.104584 1.412683 5.120002
v 1.104584 1.412683 4.480002
v 1.104584 2.532683 5.120002
v 1.104584 2.532683 4.480001
v 1.104584 6.052683 4.480002
v 1.104584 6.398976 4.480001
v 1.104584 6.052683 5.120002
v 1.104584 6.398976 5.120002
v 0.640000 3.652682 5.120002
v 1.104584 3.652682 5.120002
v 0.640000 4.772684 5.120002
v 1.104584 4.772684 5.120002
v 1.104584 4.772684 4.480001
v 1.104584 3.652682 4.480002
v 1.596355 4.772684 4.480001
v 1.928954 3.652682 4.480002
v 3.840001 2.532683 1.388209
v 3.840001 2.828063 1.876676
v 3.840002 2.532683 2.290805
v 3.840001 3.652683 2.290805
v -3.840002 0.295443 2.290805
v -3.840002 0.295443 2.916721
v -3.840002 0.612682 2.290805
v -3.840002 0.612682 3.090581
v -0.640000 2.135298 4.878476
v 0.640000 2.135297 4.878476
v -0.640000 2.135318 4.838422
v 0.640000 2.135318 4.838423
v -0.640000 2.055443 4.838369
v 0.640001 2.055443 4.838369
v -0.640000 2.055444 4.960001
v 0.640001 2.055443 4.960001
v 0.640000 2.055444 5.241633
v -0.640000 2.055443 5.241633
v 0.640001 2.055444 5.120002
v -0.640000 2.055443 5.120002
v 0.640001 2.135297 5.201526
v -0.640000 2.135298 5.201526
v 0.640001 2.135318 5.241580
v -0.640000 2.135318 5.241580
v 3.840001 3.652683 0.347798
v 3.840001 3.141891 1.059402
v 3.840001 3.276884 0.370114
v 3.840001 2.782239 1.139895
v 3.840001 2.532683 0.178405
v 3.840001 2.532683 0.902596
v 3.840001 2.532683 1.388209
v 3.840001 1.412683 0.902596
v 3.840001 1.412683 1.388210
v 3.840000 0.612682 2.290805
v 3.840001 1.412683 2.290805
v 3.840000 0.295443 2.290805
v 3.840001 0.295443 0.000000
v 3.840001 0.612682 0.000000
v 3.840001 1.412683 0.000001
v -3.072003 1.412683 -7.597196
v -3.072003 1.412683 -8.082807
v -3.072003 0.612682 -8.960002
v -3.072003 1.412683 -8.960002
v -3.072003 0.295443 -8.960002
v -3.072001 0.295443 -6.720006
v -3.072002 0.612682 -6.720006
v -3.072002 1.412683 -6.720006
v 3.840001 4.212683 1.025367
v 3.840001 4.212683 2.290805
v 3.840001 4.073430 1.898265
v 3.840001 3.652683 2.290805
v 3.840002 4.772685 2.290805
v 3.840002 4.772685 0.472977
v 3.840001 4.212683 0.314545
v 3.840001 3.652683 0.347798
v 3.840002 0.612682 4.480001
v 1.104584 0.612682 4.480002
v 3.840002 0.295443 4.480002
v 1.104584 0.295443 4.480002
v 3.840002 1.412683 4.480001
v 3.195883 1.412683 4.480002
v 2.710268 1.412683 4.480001
v 1.104584 1.412683 4.480002
v 3.072001 0.612682 -6.720004
v 3.072001 0.295443 -6.720003
v 3.072000 0.612682 -8.960002
v 3.072000 0.295443 -8.960002
v 3.072000 1.280001 -8.960002
v 3.072001 0.959458 -8.116716
v 3.072001 0.712550 -7.602485
v 3.072001 0.743679 -7.000329
v 3.072001 0.831439 -6.720004
v 3.072001 1.227675 -8.544735
v 3.072000 1.239367 -8.637524
v 3.072000 1.412683 -8.960002
v -3.840002 0.612682 -2.290803
v -3.840002 0.295443 -2.290803
v -3.840003 0.612682 0.000001
v -3.840003 0.295443 0.000001
v -3.840002 1.412683 0.000001
v -3.840002 1.412682 -0.991091
v -3.840002 1.330872 -1.017667
v -3.840002 1.293301 -1.287775
v -3.840003 1.412683 -2.290803
v -3.840002 1.412682 -1.340296
v 3.840002 1.412683 4.480001
v 3.840002 0.612682 4.480001
v 3.840001 1.412683 3.628210
v 3.840001 1.412683 3.142596
v 3.840002 0.295443 4.480002
v 3.840000 0.295443 2.290805
v 3.840000 0.612682 2.290805
v 3.840001 1.412683 2.290805
v -0.000000 2.625240 5.120002
v -0.000000 3.138961 5.120002
v -0.137731 2.532683 5.120002
v -0.621157 2.532683 5.120002
v -1.104583 3.652682 5.120002
v -1.104583 2.532683 5.120002
v -0.640000 3.652682 5.120002
v -0.000001 3.652682 5.120002
v 1.104584 3.652682 5.120002
v 0.640000 3.652682 5.120002
v 1.104584 2.532683 5.120002
v 0.621157 2.532683 5.120001
v -0.000000 2.625240 5.120002
v 0.137730 2.532683 5.120002
v -0.000000 3.138961 5.120002
v -0.000001 3.652682 5.120002
v -0.989230 6.398976 5.156207
v -0.989230 6.398976 5.123075
v -1.141778 6.398976 5.156207
v -1.104583 6.398976 5.000757
v -1.135461 6.398976 5.000757
v 3.840001 2.532683 -0.482669
v 3.840001 2.532683 -1.161149
v 3.840001 2.797861 -0.595228
v 3.840001 2.597316 -1.140705
v 3.840001 2.947769 -0.763602
v 0.732319 1.412683 -8.960002
v 0.000001 1.412683 -8.960002
v 0.649020 1.924174 -8.960002
v 0.000001 2.532683 -8.960001
v 0.775347 2.532683 -8.960001
v -3.840002 2.532683 -0.434200
v -3.840002 2.532683 0.000001
v -3.840002 3.499126 -0.226944
v -3.840002 3.652683 0.000001
v -3.840002 3.652683 -0.119039
v -3.840002 1.412682 -0.991091
v -3.840002 1.412683 0.000001
v -3.840002 1.764226 -0.876897
v -3.840002 2.532683 0.000001
v -3.840002 2.532683 -0.434200
v -3.840002 3.652683 -2.193764
v -3.840003 3.652683 -2.290803
v -3.840002 3.050300 -2.221174
v -3.840002 2.532683 -2.290803
v -3.840002 2.532683 -1.718727
v 1.137716 6.398976 5.004650
v 1.104584 6.398976 5.004650
v 1.137716 6.398976 5.157198
v 0.982266 6.398976 5.120003
v 0.982266 6.398976 5.150881
v 0.916810 0.612682 5.120002
v 0.916810 0.295443 5.120003
v 1.104584 0.612682 5.120002
v 1.104584 0.295443 5.120003
v 0.729035 0.295443 5.120002
v 0.729035 0.612682 5.120002
v 0.729035 1.412681 5.120002
v 0.916810 1.412683 5.120002
v 1.104584 1.412683 5.120002
v 3.840002 2.888064 -4.480000
v 3.840002 2.968222 -4.357640
v 3.840002 2.532683 -4.480001
v 3.840002 2.637154 -4.141055
v 3.840002 2.532683 -4.101388
v -3.840002 4.772684 -4.480000
v -3.038436 5.355641 -4.480000
v -3.070002 4.772684 -4.480000
v -2.814074 4.958813 -4.480000
v -2.708838 4.772684 -4.480000
v -2.708838 4.772684 -4.480000
v -2.481154 4.369981 -4.480000
v -3.070002 4.772684 -4.480000
v -3.071931 3.940325 -4.480000
v -3.328002 3.876683 -4.480000
v -3.840002 4.772684 -4.480000
v -3.840001 4.212684 -4.480000
v -3.840002 3.652683 -4.480000
v -3.328002 3.813093 -4.480000
v -3.072002 3.652683 -4.480000
v -0.452548 5.225233 5.120002
v -1.104583 5.932102 5.120002
v -0.591283 5.017601 5.120002
v -1.104583 4.772684 5.120002
v -0.640000 4.772684 5.120001
v -0.000000 5.412684 5.120002
v -0.000001 6.052683 5.120002
v -0.244918 5.363966 5.120002
v -0.836917 6.052683 5.120002
v -1.104583 6.052683 5.120002
v 0.452548 5.225233 5.120001
v 0.836919 6.052683 5.120002
v 0.244918 5.363966 5.120001
v -0.000001 6.052683 5.120002
v -0.000000 5.412684 5.120002
v 0.640000 4.772684 5.120002
v 1.104584 4.772684 5.120002
v 0.591283 5.017601 5.120001
v 1.104584 5.932102 5.120002
v 1.104584 6.052683 5.120002
v 3.840001 2.263191 -1.246394
v 3.840001 1.412683 0.000001
v 3.840001 1.644189 -1.817814
v 3.840001 1.412683 -2.290803
v 3.840001 1.523775 -2.290803
v 3.840001 2.532683 -1.161149
v 3.840001 2.532683 -0.482669
v 3.840001 2.185745 -0.334269
v 3.840000 1.888130 -0.102936
v 3.840001 1.932469 0.000000
v -3.840003 3.652683 -2.290803
v -3.840002 3.652683 -2.193764
v -3.840002 4.212683 -2.290803
v -3.840002 4.212683 -2.132104
v -3.840002 4.772685 -2.290805
v -3.840002 4.772684 -2.026935
v -0.729035 2.135318 4.838422
v -0.640000 2.055443 4.838369
v -0.729035 0.612682 4.838380
v -0.640000 0.612682 4.838369
v -0.729035 0.295443 4.838368
v -0.640000 0.295443 4.838368
v 0.640000 0.295443 5.241634
v 0.729035 0.295443 5.241634
v 0.640000 0.612682 5.241633
v 0.729035 0.612682 5.241621
v 0.640000 2.055444 5.241633
v 0.729036 2.135318 5.241580
v 3.840001 2.532683 4.480001
v 3.840001 2.532683 3.628209
v 3.840002 3.652683 4.480001
v 3.840001 2.532683 3.142596
v 3.840001 3.652683 2.290805
v 3.840002 2.532683 2.290805
v -1.664002 4.900684 -8.960002
v -0.138357 5.587975 -8.960002
v -1.166765 4.900683 -8.960001
v -0.044741 5.406146 -8.960001
v 0.000001 4.900683 -8.960000
v 0.000001 5.318041 -8.960001
v 1.104584 0.295443 5.120003
v 1.104584 0.295443 4.480002
v 1.104584 0.612682 5.120002
v 1.104584 0.612682 4.480002
v 1.104584 1.412683 5.120002
v 1.104584 1.412683 4.480002
v -3.840002 1.412683 2.290805
v -3.840001 1.412683 1.388210
v -3.840002 0.612682 2.290805
v -3.840001 1.412683 0.902600
v -3.840003 0.612682 0.000001
v -3.840002 1.412683 0.000001
v 3.098508 0.292682 -8.997199
v 3.098508 0.548682 -8.997199
v 3.098508 0.292682 -8.844652
v 3.098508 0.548682 -8.844652
v 3.098508 1.570398 -8.997199
v 3.098508 1.570398 -8.844652
v 3.098508 0.292682 -8.844652
v 3.098508 0.548682 -8.844652
v 3.072001 0.292682 -8.844652
v 3.072001 0.548682 -8.844652
v 3.098508 1.570398 -8.844652
v 3.072001 1.570398 -8.844652
v 2.974147 0.292682 -8.960004
v 2.974147 0.548682 -8.960004
v 2.974147 0.292682 -8.990883
v 2.974147 0.548682 -8.990883
v 2.974147 1.570398 -8.960004
v 2.974147 1.570398 -8.990883
v 3.840001 0.295443 0.000000
v 3.840001 0.295443 -2.290804
v 3.840001 0.612682 0.000000
v 3.840001 0.612682 -2.290804
v 3.840001 1.412683 -2.290803
v 3.840001 1.412683 0.000001
v -3.840002 1.412683 -4.480000
v -3.072002 1.412683 -4.480000
v -3.840002 0.612682 -4.480001
v -3.072002 0.612682 -4.480001
v -3.072002 0.295443 -4.480001
v -3.840002 0.295443 -4.480001
v 3.840001 0.295443 -2.290804
v 3.840001 0.295443 -4.480001
v 3.840001 0.612682 -2.290804
v 3.840001 0.612682 -4.480001
v 3.840001 1.412683 -4.480001
v 3.840001 1.412683 -2.290803
v -3.840002 0.295443 -2.290803
v -3.840002 0.612682 -2.290803
v -3.840002 0.295443 -4.480001
v -3.840002 0.612682 -4.480001
v -3.840003 1.412683 -2.290803
v -3.840002 1.412683 -4.480000
v -3.840002 4.772684 4.480002
v -3.840001 4.212683 4.480002
v -3.070000 4.772683 4.480002
v -3.840001 3.652683 4.480002
v -1.104583 3.652682 4.480002
v -1.104583 4.772684 4.480001
v -3.840002 4.772684 -4.480000
v -3.840001 4.212684 -4.480000
v -3.840002 4.772685 -2.290805
v -3.840002 4.212683 -2.290803
v -3.840002 3.652683 -4.480000
v -3.840003 3.652683 -2.290803
v -3.840001 3.652683 4.480002
v -3.840001 4.212683 4.480002
v -3.840003 3.652682 2.290805
v -3.840003 4.212682 2.290805
v -3.840002 4.772684 4.480002
v -3.840002 4.772684 2.290804
v 3.840002 3.652683 4.480001
v 3.840001 3.652683 2.290805
v 3.840001 4.212683 4.480001
v 3.840001 4.212683 2.290805
v 3.840002 4.772685 2.290805
v 3.840001 4.772684 4.480001
v 3.840001 0.295443 -4.480001
v 3.072001 0.295443 -4.480001
v 3.840001 0.612682 -4.480001
v 3.072001 0.612682 -4.480001
v 3.072001 1.412683 -4.480001
v 3.840001 1.412683 -4.480001
v -3.072002 1.412683 -4.480000
v -3.072002 2.532683 -4.480000
v -3.072002 1.412683 -4.800002
v -3.072002 2.532683 -4.800002
v -3.072003 2.532683 -5.517196
v -3.072003 1.412683 -5.517196
v -3.072002 3.652682 -6.720006
v -3.072002 3.652682 -4.800002
v -3.072002 3.876684 -6.720006
v -3.072002 3.876683 -4.800002
v -3.072002 3.652683 -4.480000
v -3.072002 3.876683 -4.480000
v 0.000001 3.652682 -8.960002
v 0.845715 3.652682 -8.960002
v 0.000001 2.532683 -8.960001
v 0.856501 3.488296 -8.960002
v 0.832784 2.809352 -8.960002
v 0.775347 2.532683 -8.960001
v -3.840003 2.532683 2.290805
v -3.840001 2.532683 3.142597
v -3.840003 3.652682 2.290805
v -3.840001 3.652683 4.480002
v -3.840001 2.532683 3.628210
v -3.840001 2.532683 4.480002
v -0.000001 6.052683 5.120002
v 0.836919 6.052683 5.120002
v -0.000000 6.429709 5.120002
v 1.104584 6.052683 5.120002
v 1.104584 6.398976 5.120002
v -0.000000 6.890767 5.120002
v -3.072002 2.532683 -8.960002
v -3.072003 2.532683 -8.082808
v -3.072003 3.652683 -8.960002
v -3.072003 2.532683 -7.597197
v -3.072002 3.652682 -6.720006
v -3.072003 2.532683 -6.720006
v -3.840002 2.532683 0.000001
v -3.840001 2.532683 0.902597
v -3.840002 3.652683 0.000001
v -3.840001 2.532683 1.388210
v -3.840003 3.652682 2.290805
v -3.840003 2.532683 2.290805
v 1.104584 6.052683 4.480002
v 1.104584 6.052683 5.120002
v 1.104584 5.932102 4.480002
v 1.104584 5.932102 5.120002
v 1.104584 4.772684 4.480001
v 1.104584 4.772684 5.120002
v 3.840001 1.412683 0.000001
v 3.840001 1.932469 0.000000
v 3.840001 1.412683 0.902596
v 3.840001 1.992148 0.138552
v 3.840001 2.532683 0.902596
v 3.840001 2.532683 0.178405
v -0.729035 2.135318 4.838422
v -0.640000 2.135318 4.838422
v -0.640000 2.055443 4.838369
v 0.640000 2.135318 4.838423
v 0.729035 2.135318 4.838423
v 0.640001 2.055443 4.838369
v 0.729035 2.135318 4.960001
v 0.729035 0.612682 4.960001
v 0.729035 2.135318 4.838423
v 0.729035 0.612682 4.838380
v 0.729035 0.295443 4.960001
v 0.729035 0.295443 4.838368
v -0.729035 0.295443 4.838368
v -0.729035 0.295443 4.960001
v -0.729035 0.612682 4.838380
v -0.729035 0.612682 4.960001
v -0.729035 2.135318 4.960001
v -0.729035 2.135318 4.838422
v -0.640000 0.295443 4.838368
v -0.640000 0.612682 4.838369
v -0.640000 0.295443 4.960000
v -0.640000 0.612682 4.960001
v -0.640000 2.055443 4.838369
v -0.640000 2.055444 4.960001
v 0.640000 0.295443 4.838368
v 0.640001 0.295443 4.960000
v 0.640001 0.612682 4.838369
v 0.640001 0.612682 4.960001
v 0.640001 2.055443 4.960001
v 0.640001 2.055443 4.838369
v 0.729035 0.295443 4.838368
v 0.640000 0.295443 4.838368
v 0.729035 0.612682 4.838380
v 0.640001 0.612682 4.838369
v 0.640001 2.055443 4.838369
v 0.729035 2.135318 4.838423
v 0.640000 0.295443 5.241634
v 0.640000 0.612682 5.241633
v 0.640000 0.295443 5.120002
v 0.640000 0.612682 5.120002
v 0.640000 2.055444 5.241633
v 0.640001 2.055444 5.120002
v -0.640000 0.295443 5.241634
v -0.640000 0.295443 5.120002
v -0.640000 0.612682 5.241633
v -0.640000 0.612682 5.120002
v -0.640000 2.055443 5.120002
v -0.640000 2.055443 5.241633
v -0.729035 0.295443 5.241634
v -0.640000 0.295443 5.241634
v -0.729035 0.612682 5.241621
v -0.640000 0.612682 5.241633
v -0.640000 2.055443 5.241633
v -0.729035 2.135318 5.241580
v 0.729036 2.135318 5.241580
v 0.640001 2.135318 5.241580
v 0.640000 2.055444 5.241633
v -0.640000 2.135318 5.241580
v -0.729035 2.135318 5.241580
v -0.640000 2.055443 5.241633
v -3.840002 1.412682 -1.340296
v -3.840002 1.642503 -1.441404
v -3.840003 1.412683 -2.290803
v -3.840002 2.293870 -1.536929
v -3.840002 2.532683 -2.290803
v -3.840002 2.532683 -1.718727
v -3.840002 2.481260 -1.665479
v 0.729035 0.295443 5.241634
v 0.729035 0.295443 5.120002
v 0.729035 0.612682 5.241621
v 0.729035 0.612682 5.120002
v 0.729035 1.412681 5.120002
v 0.729036 2.135318 5.241580
v 0.729035 2.135318 5.120002
v -0.729035 2.135318 5.120002
v -0.729035 1.412682 5.120002
v -0.729035 2.135318 5.241580
v -0.729035 0.612682 5.120002
v -0.729035 0.612682 5.241621
v -0.729035 0.295443 5.120002
v -0.729035 0.295443 5.241634
v 3.072001 0.831439 -6.720004
v 3.072001 0.982872 -6.236292
v 3.072001 0.612682 -6.720004
v 3.072002 0.612682 -4.800002
v 3.072002 0.295443 -4.800002
v 3.072001 0.295443 -6.720003
v 3.072001 0.295443 -4.480001
v 3.072001 0.612682 -4.480001
v 3.072001 1.412683 -4.480001
v 3.072001 1.412683 -4.800002
v 3.072001 1.412683 -5.956615
v -1.104583 2.532683 4.480002
v -1.104583 3.652682 4.480002
v -1.426643 2.532683 4.480001
v -3.840001 3.652683 4.480002
v -1.912255 2.532683 4.480001
v -2.710268 2.532683 4.480002
v -3.195881 2.532683 4.480002
v -3.840001 2.532683 4.480002
v 3.072000 1.412683 -8.960002
v 3.072000 1.280001 -8.960002
v 2.898972 1.280001 -8.960002
v 2.667594 1.102575 -8.960002
v 2.402918 0.612682 -8.960002
v 3.072000 0.612682 -8.960002
v 3.072000 0.295443 -8.960002
v 2.166272 0.295443 -8.960002
v -3.873134 0.292682 -4.517197
v -3.873134 0.292682 -4.364650
v -3.873134 0.612682 -4.517197
v -3.873134 0.612682 -4.364650
v -3.873134 4.212682 -4.364650
v -3.873134 4.212682 -4.517197
v -3.873134 4.772684 -4.364650
v -3.873134 4.772684 -4.517197
v -3.873134 0.292682 -4.364650
v -3.840002 0.292682 -4.364650
v -3.873134 0.612682 -4.364650
v -3.840002 0.612682 -4.364650
v -3.840002 4.212682 -4.364650
v -3.873134 4.212682 -4.364650
v -3.840002 4.772684 -4.364650
v -3.873134 4.772684 -4.364650
v -3.717684 0.292682 -4.510880
v -3.873134 0.292682 -4.517197
v -3.717684 0.612682 -4.510880
v -3.873134 0.612682 -4.517197
v -3.873134 4.212682 -4.517197
v -3.717684 4.212682 -4.510880
v -3.873134 4.772684 -4.517197
v -3.717684 4.772684 -4.510880
v -3.717684 4.772684 -4.510880
v -3.717684 4.772684 -4.480001
v -3.717684 4.212682 -4.510880
v -3.717684 4.212682 -4.480001
v -3.717684 0.612682 -4.480001
v -3.717684 0.612682 -4.510880
v -3.717684 0.292682 -4.480001
v -3.717684 0.292682 -4.510880
v 3.873134 0.292682 -4.517197
v 3.873134 0.612682 -4.517197
v 3.873134 0.292682 -4.364650
v 3.873134 0.612682 -4.364650
v 3.873134 4.212682 -4.517197
v 3.873134 4.212682 -4.364650
v 3.873134 4.772684 -4.517197
v 3.873134 4.772684 -4.364650
v 3.717684 0.292682 -4.510880
v 3.717684 0.612682 -4.510880
v 3.873134 0.292682 -4.517197
v 3.873134 0.612682 -4.517197
v 3.717684 4.212682 -4.510880
v 3.873134 4.212682 -4.517197
v 3.717684 4.772684 -4.510880
v 3.873134 4.772684 -4.517197
v -3.873134 0.292682 4.517197
v -3.873134 0.612682 4.517197
v -3.873134 0.292682 4.364650
v -3.873134 0.612682 4.364650
v -3.873134 4.212682 4.517197
v -3.873134 4.212682 4.364650
v -3.873134 4.772684 4.517197
v -3.873134 4.772684 4.364650
v -3.873134 0.292682 4.364650
v -3.873134 0.612682 4.364650
v -3.840002 0.292682 4.364650
v -3.840002 0.612682 4.364650
v -3.873134 4.212682 4.364650
v -3.840002 4.212682 4.364650
v -3.873134 4.772684 4.364650
v -3.840002 4.772684 4.364650
v -3.717684 0.292682 4.510880
v -3.717684 0.612682 4.510880
v -3.873134 0.292682 4.517197
v -3.873134 0.612682 4.517197
v -3.717684 4.212682 4.510880
v -3.873134 4.212682 4.517197
v -3.717684 4.772684 4.510880
v -3.873134 4.772684 4.517197
v -3.717684 4.772684 4.510880
v -3.717684 4.212682 4.510880
v -3.717684 4.772684 4.480001
v -3.717684 4.212682 4.480001
v -3.717684 0.612682 4.510880
v -3.717684 0.612682 4.480001
v -3.717684 0.292682 4.510880
v -3.717684 0.292682 4.480001
v 3.873134 0.292682 4.517197
v 3.873134 0.292682 4.364650
v 3.873134 0.612682 4.517197
v 3.873134 0.612682 4.364650
v 3.873134 4.212682 4.364650
v 3.873134 4.212682 4.517197
v 3.873134 4.772684 4.364650
v 3.873134 4.772684 4.517197
v 3.873134 0.292682 4.364650
v 3.840002 0.292682 4.364650
v 3.873134 0.612682 4.364650
v 3.840002 0.612682 4.364650
v 3.840002 4.212682 4.364650
v 3.873134 4.212682 4.364650
v 3.840002 4.772684 4.364650
v 3.873134 4.772684 4.364650
v 3.717684 0.292682 4.510880
v 3.873134 0.292682 4.517197
v 3.717684 0.612682 4.510880
v 3.873134 0.612682 4.517197
v 3.873134 4.212682 4.517197
v 3.717684 4.212682 4.510880
v 3.873134 4.772684 4.517197
v 3.717684 4.772684 4.510880
v 3.717684 4.772684 4.510880
v 3.717684 4.772684 4.480001
v 3.717684 4.212682 4.510880
v 3.717684 4.212682 4.480001
v 3.717684 0.612682 4.480001
v 3.717684 0.612682 4.510880
v 3.717684 0.292682 4.480001
v 3.717684 0.292682 4.510880
v -3.098508 0.292682 -8.997199
v -3.098508 0.292682 -8.844652
v -3.098508 0.548682 -8.997199
v -3.098508 0.548682 -8.844652
v -3.098508 3.428682 -8.844652
v -3.098508 3.428682 -8.997199
v -3.098508 3.876683 -8.844652
v -3.098508 3.876683 -8.997199
v -3.098508 0.292682 -8.844652
v -3.072001 0.292682 -8.844652
v -3.098508 0.548682 -8.844652
v -3.072001 0.548682 -8.844652
v -3.072001 3.428682 -8.844652
v -3.098508 3.428682 -8.844652
v -3.072001 3.876684 -8.844652
v -3.098508 3.876683 -8.844652
v -2.974147 0.292682 -8.990883
v -3.098508 0.292682 -8.997199
v -2.974147 0.548682 -8.990883
v -3.098508 0.548682 -8.997199
v -3.098508 3.428682 -8.997199
v -2.974147 3.428682 -8.990883
v -3.098508 3.876683 -8.997199
v -2.974147 3.876683 -8.990883
v -2.974147 3.876683 -8.990883
v -2.974147 3.876683 -8.960004
v -2.974147 3.428682 -8.990883
v -2.974147 3.428682 -8.960004
v -2.974147 0.548682 -8.960004
v -2.974147 0.548682 -8.990883
v -2.974147 0.292682 -8.960004
v -2.974147 0.292682 -8.990883
v 3.717684 4.772684 -4.480001
v 3.717684 4.212682 -4.480001
v 3.840002 4.772684 -4.364650
v 3.840002 4.212682 -4.364650
v 3.717684 2.837411 -4.480001
v 3.840002 2.837411 -4.364650
v 3.717684 0.612682 -4.480001
v 3.840002 0.612682 -4.364650
v 1.137716 0.295443 5.157198
v 1.137716 0.295443 5.004650
v 1.137716 0.615443 5.157198
v 1.137716 0.615443 5.004650
v 1.137716 5.838974 5.004650
v 1.137716 5.838974 5.157198
v 1.137716 6.398976 5.004650
v 1.137716 6.398976 5.157198
v 1.137716 0.295443 5.004650
v 1.104584 0.295443 5.004650
v 1.137716 0.615443 5.004650
v 1.104584 0.615443 5.004650
v 1.104584 5.838974 5.004650
v 1.137716 5.838974 5.004650
v 1.104584 6.398976 5.004650
v 1.137716 6.398976 5.004650
v 0.982266 0.295443 5.150881
v 1.137716 0.295443 5.157198
v 0.982266 0.615443 5.150881
v 1.137716 0.615443 5.157198
v 1.137716 5.838974 5.157198
v 0.982266 5.838974 5.150881
v 1.137716 6.398976 5.157198
v 0.982266 6.398976 5.150881
v 0.982266 6.398976 5.150881
v 0.982266 6.398976 5.120003
v 0.982266 5.838974 5.150881
v 0.982266 5.838974 5.120003
v 0.982266 0.615443 5.120003
v 0.982266 0.615443 5.150881
v 0.982266 0.295443 5.120003
v 0.982266 0.295443 5.150881
v -1.141778 0.295443 5.156207
v -0.989230 0.295443 5.156207
v -1.141778 0.615443 5.156207
v -0.989230 0.615443 5.156207
v -0.989230 5.838974 5.156207
v -1.141778 5.838974 5.156207
v -0.989230 6.398976 5.156207
v -1.141778 6.398976 5.156207
v -0.989230 0.295443 5.156207
v -0.989230 0.295443 5.123075
v -0.989230 0.615443 5.156207
v -0.989230 0.615443 5.123075
v -0.989230 5.838974 5.123075
v -0.989230 5.838974 5.156207
v -0.989230 6.398976 5.123075
v -0.989230 6.398976 5.156207
v -1.135461 0.295443 5.000757
v -1.141778 0.295443 5.156207
v -1.135461 0.615443 5.000757
v -1.141778 0.615443 5.156207
v -1.141778 5.838974 5.156207
v -1.135461 5.838974 5.000757
v -1.141778 6.398976 5.156207
v -1.135461 6.398976 5.000757
v -1.135461 6.398976 5.000757
v -1.104583 6.398976 5.000757
v -1.135461 5.838974 5.000757
v -1.104583 5.838974 5.000757
v -1.104583 0.615443 5.000757
v -1.135461 0.615443 5.000757
v -1.104583 0.295443 5.000757
v -1.135461 0.295443 5.000757
v -3.072003 2.532683 -6.720006
v -3.072003 2.532683 -6.002809
v -3.072002 3.652682 -6.720006
v -3.072003 2.532683 -5.517196
v -3.072002 3.652682 -4.800002
v -3.072002 2.532683 -4.800002
v -3.072002 2.532683 -4.480000
v -3.072002 3.652683 -4.480000
v 3.840002 2.532683 -4.101388
v 3.840001 1.919000 -3.868376
v 3.840002 2.532683 -4.480001
v 3.840001 1.491605 -3.485368
v 3.840001 1.412683 -4.480001
v 3.840001 1.412683 -2.290803
v 3.840001 1.440356 -2.618476
v 3.840001 1.523775 -2.290803
v 3.072001 1.412683 -5.956615
v 3.072001 1.648422 -5.803221
v 3.072001 1.412683 -4.800002
v 3.072001 1.696854 -5.338494
v 3.072001 2.149079 -5.052588
v 3.072001 2.532683 -4.817801
v 3.072001 2.532683 -4.480001
v 3.072001 1.412683 -4.480001
v -3.840002 4.772684 4.480002
v -3.070000 4.772683 4.480002
v -2.080001 5.492682 4.480001
v -1.104583 4.772684 4.480001
v -1.104583 5.932102 4.480002
v -1.104583 6.052683 4.480002
v -2.080001 6.052683 4.480002
v 3.873134 0.292682 -4.364650
v 3.873134 0.612682 -4.364650
v 3.840002 0.292682 -4.364650
v 3.840002 0.612682 -4.364650
v 3.873134 4.212682 -4.364650
v 3.840002 2.837411 -4.364650
v 3.840002 4.212682 -4.364650
v 3.873134 4.772684 -4.364650
v 3.840002 4.772684 -4.364650
v 3.717684 4.772684 -4.510880
v 3.717684 4.212682 -4.510880
v 3.717684 4.772684 -4.480001
v 3.717684 4.212682 -4.480001
v 3.717684 0.612682 -4.510880
v 3.717684 2.837411 -4.480001
v 3.717684 0.612682 -4.480001
v 3.717684 0.292682 -4.510880
v 3.717684 0.292682 -4.480001
v -3.840002 3.822085 0.000001
v -3.840002 3.652683 0.000001
v -3.840002 4.095460 0.192103
v -3.840002 4.212682 0.401875
v -3.840003 3.652682 2.290805
v -3.840003 4.212682 2.290805
v -3.840002 4.291986 0.645041
v -3.840002 4.772684 2.290804
v -3.840002 4.772684 0.698034
v -0.729035 1.412682 5.120002
v -0.729035 2.135318 5.120002
v -0.916809 1.412683 5.120002
v -0.916809 2.334001 5.120002
v -1.104583 1.412683 5.120002
v -1.104583 2.532683 5.120002
v -0.621157 2.532683 5.120002
v -0.137731 2.532683 5.120002
v -1.104583 0.295443 4.480002
v -1.104583 0.612682 4.480002
v -2.240693 0.295443 4.480002
v -2.434838 0.612682 4.480002
v -2.778887 1.174869 4.480002
v -1.104583 1.412683 4.480002
v -1.426642 1.412683 4.480002
v -1.912256 1.412683 4.480001
v -2.710268 1.412683 4.480002
v -3.195882 1.412683 4.480002
v 1.104584 2.532683 4.480001
v 1.426644 2.532683 4.480001
v 1.104584 3.652682 4.480002
v 1.912257 2.532683 4.480001
v 1.928954 3.652682 4.480002
v 3.082861 3.652682 4.480001
v 3.840002 3.652683 4.480001
v 2.710270 2.532683 4.480001
v 3.195882 2.532683 4.480001
v 3.840001 2.532683 4.480001
v 0.137730 2.532683 5.120002
v 0.729035 2.135318 5.120002
v 0.621157 2.532683 5.120001
v 0.916810 2.334001 5.120002
v 1.104584 2.532683 5.120002
v 1.104584 1.412683 5.120002
v 0.916810 1.412683 5.120002
v 0.729035 1.412681 5.120002
v 2.080001 6.052684 4.480001
v 1.104584 6.052683 4.480002
v 2.080001 5.492683 4.480001
v 1.104584 5.932102 4.480002
v 1.104584 4.772684 4.480001
v 1.596355 4.772684 4.480001
v 3.070001 4.772684 4.480001
v 3.840001 4.772684 4.480001
v -0.729035 1.412682 5.120002
v -0.916809 1.412683 5.120002
v -0.729035 0.612682 5.120002
v -0.916809 0.612682 5.120002
v -0.729035 0.295443 5.120002
v -0.916809 0.295443 5.120002
v -1.104583 0.295443 5.120002
v -1.104583 0.612682 5.120002
v -1.104583 1.412683 5.120002
v -3.072001 0.295443 -6.720006
v -3.072002 0.295443 -4.800002
v -3.072002 0.612682 -6.720006
v -3.072002 0.612682 -4.800002
v -3.072002 0.295443 -4.480001
v -3.072002 0.612682 -4.480001
v -3.072002 1.412683 -4.480000
v -3.072002 1.412683 -4.800002
v -3.072003 1.412683 -5.517196
v -3.072003 1.412683 -6.002810
v -3.072002 1.412683 -6.720006
v 1.325645 0.295443 -8.960002
v 0.000001 0.295443 -8.960002
v 1.280310 0.612682 -8.960002
v 0.000001 0.612682 -8.960002
v 1.171563 0.910462 -8.960002
v 1.012468 1.280001 -8.960002
v 0.000001 1.280001 -8.960002
v 0.732319 1.412683 -8.960002
v 0.000001 1.412683 -8.960002
v -3.072003 1.412683 -8.960002
v 0.000001 0.612682 -8.960002
v -3.072003 0.612682 -8.960002
v 0.000001 0.295443 -8.960002
v -3.072003 0.295443 -8.960002
vt 0.626688 0.000000
vt 0.626688 0.074303
vt 0.563322 0.000620
vt 0.563322 0.074923
vt 0.334633 0.559044
vt 0.334633 0.633347
vt 0.271267 0.559664
vt 0.271267 0.633967
vt 0.535233 0.602949
vt 0.535233 0.528646
vt 0.598599 0.602329
vt 0.598599 0.528026
vt 0.000000 0.519563
vt 0.063366 0.518943
vt 0.000000 0.593866
vt 0.063366 0.593246
vt 0.633228 0.427475
vt 0.569862 0.428096
vt 0.633228 0.353172
vt 0.569862 0.353793
vt 0.134077 0.593291
vt 0.070711 0.593911
vt 0.134077 0.518988
vt 0.070711 0.519608
vt 0.764210 0.859421
vt 0.773682 0.859420
vt 0.764210 0.923599
vt 0.773682 0.923598
vt 0.724298 0.413815
vt 0.733770 0.413814
vt 0.724298 0.452323
vt 0.733770 0.452321
vt 0.617811 0.943136
vt 0.627283 0.943125
vt 0.617811 0.968787
vt 0.627283 0.968777
vt 0.033807 0.944635
vt 0.043279 0.944643
vt 0.033807 0.970326
vt 0.043279 0.970334
vt 0.920038 0.840487
vt 0.910591 0.840488
vt 0.920038 0.766036
vt 0.910591 0.766038
vt 0.936604 0.864811
vt 0.942705 0.864745
vt 0.936604 0.939259
vt 0.942705 0.939193
vt 0.912112 0.133153
vt 0.921559 0.133151
vt 0.912112 0.207603
vt 0.921559 0.207602
vt 0.942478 0.339467
vt 0.948579 0.339401
vt 0.942478 0.413914
vt 0.948579 0.413849
vt 0.906561 0.407848
vt 0.916007 0.407846
vt 0.906561 0.482298
vt 0.916007 0.482296
vt 0.947816 0.273111
vt 0.941715 0.273177
vt 0.947816 0.198663
vt 0.941715 0.198729
vt 0.940997 0.056696
vt 0.947098 0.056630
vt 0.940997 0.131143
vt 0.947098 0.131078
vt 0.260295 0.843977
vt 0.269741 0.843976
vt 0.260295 0.918428
vt 0.269741 0.918426
vt 0.962677 0.155569
vt 0.972149 0.155568
vt 0.962677 0.194076
vt 0.972149 0.194075
vt 0.159050 0.865148
vt 0.168522 0.865147
vt 0.159050 0.929327
vt 0.168522 0.929326
vt 0.731625 0.851781
vt 0.741071 0.851779
vt 0.731625 0.923665
vt 0.741071 0.923663
vt 0.365409 0.860485
vt 0.374855 0.860483
vt 0.365409 0.930352
vt 0.374855 0.930350
vt 0.919441 0.864746
vt 0.928910 0.864745
vt 0.919441 0.928927
vt 0.928910 0.928927
vt 0.931028 0.197333
vt 0.921559 0.197333
vt 0.931028 0.133151
vt 0.921559 0.133152
vt 0.383002 0.955987
vt 0.376901 0.956053
vt 0.383002 0.886123
vt 0.376901 0.886189
vt 0.950580 0.725223
vt 0.944479 0.725289
vt 0.950580 0.653342
vt 0.944479 0.653408
vt 0.929507 0.830218
vt 0.920038 0.830218
vt 0.929507 0.766036
vt 0.920038 0.766037
vt 0.919860 0.563988
vt 0.929330 0.563987
vt 0.919860 0.628170
vt 0.929330 0.628169
vt 0.697872 0.649211
vt 0.697872 0.628673
vt 0.707318 0.649209
vt 0.707318 0.628671
vt 0.781085 0.249129
vt 0.781085 0.269666
vt 0.774983 0.249194
vt 0.774983 0.269732
vt 0.598599 0.674687
vt 0.569195 0.674687
vt 0.573271 0.672674
vt 0.569896 0.602949
vt 0.573952 0.602949
vt 0.563112 0.674687
vt 0.563713 0.613197
vt 0.535230 0.674687
vt 0.535830 0.613197
vt 0.535917 0.604351
vt 0.563799 0.604351
vt 0.535931 0.602949
vt 0.563813 0.602949
vt 0.603668 0.522852
vt 0.608737 0.517678
vt 0.628000 0.522614
vt 0.634083 0.517430
vt 0.598599 0.528026
vt 0.628000 0.527738
vt 0.634084 0.527679
vt 0.661965 0.527406
vt 0.661965 0.453103
vt 0.608737 0.453624
vt 0.603668 0.453674
vt 0.598599 0.453723
vt 0.070711 0.594531
vt 0.134077 0.593911
vt 0.070711 0.595933
vt 0.134077 0.595313
vt 0.134077 0.604160
vt 0.070711 0.604780
vt 0.134077 0.665652
vt 0.070711 0.666272
vt 0.592814 0.257139
vt 0.592814 0.182836
vt 0.646042 0.256618
vt 0.646042 0.182315
vt 0.651111 0.256569
vt 0.651111 0.182266
vt 0.656180 0.182216
vt 0.656180 0.256519
vt 0.598599 0.601008
vt 0.661965 0.600387
vt 0.598599 0.602410
vt 0.661965 0.601789
vt 0.598599 0.611256
vt 0.661965 0.610636
vt 0.661965 0.672128
vt 0.598599 0.672748
vt 0.592814 0.256519
vt 0.587745 0.256569
vt 0.592814 0.182216
vt 0.587745 0.182266
vt 0.582676 0.182315
vt 0.582676 0.256618
vt 0.529448 0.257139
vt 0.529448 0.182836
vt 0.628895 0.538599
vt 0.661965 0.533151
vt 0.631669 0.538571
vt 0.661965 0.538275
vt 0.661965 0.589518
vt 0.631669 0.589815
vt 0.598599 0.528646
vt 0.661965 0.528026
vt 0.598599 0.533771
vt 0.598599 0.538895
vt 0.598599 0.590138
vt 0.628895 0.589842
vt 0.628895 0.598689
vt 0.598599 0.598985
vt 0.598599 0.600387
vt 0.661965 0.599767
vt 0.631669 0.598661
vt 0.661965 0.598365
vt 0.264570 0.525035
vt 0.264570 0.599338
vt 0.259500 0.525085
vt 0.259500 0.599388
vt 0.254431 0.599437
vt 0.254431 0.525134
vt 0.201204 0.599958
vt 0.201204 0.525655
vt 0.447957 0.584270
vt 0.447957 0.658573
vt 0.442888 0.584320
vt 0.442888 0.658623
vt 0.437819 0.658673
vt 0.437819 0.584370
vt 0.384591 0.659194
vt 0.384591 0.584891
vt 0.070711 0.738385
vt 0.070711 0.733261
vt 0.108731 0.738013
vt 0.104676 0.732928
vt 0.108731 0.666272
vt 0.104676 0.666312
vt 0.098592 0.727863
vt 0.070711 0.728136
vt 0.070711 0.676893
vt 0.098593 0.676620
vt 0.098593 0.667774
vt 0.098593 0.666371
vt 0.070711 0.666644
vt 0.070711 0.668046
vt 0.264570 0.599958
vt 0.264570 0.605083
vt 0.201204 0.600578
vt 0.201204 0.605703
vt 0.264570 0.610207
vt 0.201204 0.610827
vt 0.264570 0.661450
vt 0.201204 0.662071
vt 0.264570 0.670297
vt 0.201204 0.670917
vt 0.264570 0.671699
vt 0.201204 0.672319
vt 0.563322 0.075544
vt 0.626688 0.074923
vt 0.563322 0.080668
vt 0.621619 0.080097
vt 0.626688 0.149226
vt 0.621619 0.149276
vt 0.616550 0.085271
vt 0.616550 0.149325
vt 0.563322 0.149846
vt 0.563322 0.085792
vt 0.452491 0.564334
vt 0.515857 0.563713
vt 0.452491 0.628388
vt 0.485441 0.628065
vt 0.515857 0.638016
vt 0.485441 0.638314
vt 0.480861 0.633235
vt 0.480861 0.638359
vt 0.452491 0.638637
vt 0.452491 0.633512
vt 0.201204 0.531897
vt 0.201204 0.595951
vt 0.137838 0.532517
vt 0.168253 0.596274
vt 0.137838 0.606820
vt 0.168253 0.606523
vt 0.172834 0.601353
vt 0.172834 0.606478
vt 0.201204 0.606200
vt 0.201204 0.601076
vt 0.806744 0.271062
vt 0.816983 0.271162
vt 0.806744 0.301506
vt 0.816983 0.301606
vt 0.806744 0.306091
vt 0.822103 0.306241
vt 0.806744 0.334487
vt 0.827222 0.334688
vt 0.827222 0.271262
vt 0.822103 0.271212
vt 0.535233 0.453723
vt 0.598599 0.453103
vt 0.540302 0.458798
vt 0.598599 0.458227
vt 0.545371 0.463873
vt 0.598599 0.463352
vt 0.598599 0.527406
vt 0.545371 0.527927
vt 0.540302 0.527977
vt 0.535233 0.528026
vt 0.321905 0.697392
vt 0.321905 0.633967
vt 0.327024 0.669047
vt 0.327024 0.634017
vt 0.332144 0.634068
vt 0.332144 0.664512
vt 0.342383 0.634168
vt 0.342383 0.664612
vt 0.342383 0.669197
vt 0.342383 0.697593
vt 0.000000 0.666227
vt 0.025346 0.663967
vt 0.029402 0.665940
vt 0.025346 0.594239
vt 0.029402 0.594199
vt 0.035485 0.594139
vt 0.035485 0.595541
vt 0.063366 0.593866
vt 0.063366 0.595268
vt 0.063366 0.604115
vt 0.035485 0.604388
vt 0.063366 0.665607
vt 0.035485 0.665880
vt 0.628158 0.278299
vt 0.633228 0.278249
vt 0.628158 0.347477
vt 0.633228 0.352552
vt 0.603826 0.352840
vt 0.603826 0.347716
vt 0.597743 0.352900
vt 0.597742 0.342651
vt 0.569862 0.353172
vt 0.569862 0.278870
vt 0.623089 0.278348
vt 0.623089 0.342403
vt 0.038020 0.666227
vt 0.038020 0.667629
vt 0.010138 0.667902
vt 0.038020 0.676476
vt 0.010138 0.676749
vt 0.038020 0.727719
vt 0.010138 0.727992
vt 0.038020 0.732844
vt 0.004055 0.733176
vt 0.038020 0.737968
vt 0.000000 0.738340
vt 0.000000 0.666600
vt 0.004055 0.666560
vt 0.010138 0.666500
vt 0.936358 0.830218
vt 0.936358 0.864311
vt 0.920038 0.842655
vt 0.043906 0.884809
vt 0.043906 0.918901
vt 0.023884 0.892334
vt 0.889231 0.627272
vt 0.889231 0.648218
vt 0.885935 0.647535
vt 0.649860 0.277642
vt 0.656006 0.257139
vt 0.656006 0.277670
vt 0.497222 0.896724
vt 0.497222 0.924751
vt 0.486361 0.914629
vt 0.181972 0.940036
vt 0.181972 0.968062
vt 0.168647 0.955645
vt 0.363726 0.015403
vt 0.357175 0.000071
vt 0.363726 0.000000
vt 0.308953 0.114713
vt 0.316191 0.102534
vt 0.312049 0.120083
vt 0.324623 0.128241
vt 0.323090 0.099068
vt 0.357175 0.138698
vt 0.357175 0.065187
vt 0.363726 0.138627
vt 0.363726 0.065116
vt 0.357175 0.015474
vt 0.315368 0.006263
vt 0.309719 0.000581
vt 0.335873 0.080594
vt 0.338360 0.065389
vt 0.340083 0.054856
vt 0.339024 0.027049
vt 0.330198 0.014853
vt 0.330836 0.135678
vt 0.329920 0.138991
vt 0.340645 0.167839
vt 0.328688 0.143450
vt 0.302157 0.151167
vt 0.319267 0.144133
vt 0.317525 0.168088
vt 0.289771 0.212934
vt 0.289771 0.150157
vt 0.280519 0.213034
vt 0.280519 0.149771
vt 0.271267 0.154800
vt 0.271267 0.213133
vt 0.280519 0.267881
vt 0.271267 0.267981
vt 0.271267 0.278249
vt 0.280519 0.278150
vt 0.289771 0.267781
vt 0.289771 0.278050
vt 0.357175 0.277324
vt 0.357175 0.267056
vt 0.317525 0.255552
vt 0.340654 0.255303
vt 0.357175 0.212208
vt 0.340635 0.239720
vt 0.317525 0.239969
vt 0.363726 0.277254
vt 0.357175 0.277324
vt 0.363726 0.266985
vt 0.357175 0.267056
vt 0.363726 0.212138
vt 0.340673 0.183422
vt 0.317525 0.183671
vt 0.128831 0.070889
vt 0.143155 0.065119
vt 0.143155 0.073586
vt 0.065464 0.092421
vt 0.044417 0.094396
vt 0.073788 0.085868
vt 0.088843 0.070437
vt 0.010143 0.065144
vt 0.114506 0.068565
vt 0.114506 0.065124
vt 0.128831 0.065121
vt 0.128831 0.015406
vt 0.143155 0.015404
vt 0.128831 0.000003
vt 0.143155 0.000000
vt 0.114506 0.015409
vt 0.114506 0.000005
vt 0.010143 0.000025
vt 0.010143 0.015429
vt 0.000000 0.000027
vt 0.000000 0.015431
vt 0.000000 0.065146
vt 0.010143 0.138657
vt 0.000000 0.138659
vt 0.010143 0.212171
vt 0.000000 0.212173
vt 0.010143 0.267020
vt 0.000000 0.267022
vt 0.010143 0.277289
vt 0.000000 0.277291
vt 0.114507 0.277270
vt 0.114507 0.267001
vt 0.035723 0.255084
vt 0.071534 0.255078
vt 0.114507 0.212151
vt 0.071534 0.239494
vt 0.035723 0.239501
vt 0.114507 0.138638
vt 0.114506 0.139869
vt 0.035723 0.167617
vt 0.035723 0.183201
vt 0.071533 0.183194
vt 0.071533 0.167611
vt 0.121502 0.144801
vt 0.125126 0.151153
vt 0.128831 0.212148
vt 0.114507 0.267001
vt 0.128831 0.266998
vt 0.128831 0.277267
vt 0.143155 0.277264
vt 0.143155 0.266995
vt 0.143155 0.212146
vt 0.143155 0.161033
vt 0.127785 0.159335
vt 0.114507 0.277270
vt 0.185315 0.231452
vt 0.198264 0.237865
vt 0.188530 0.241110
vt 0.225892 0.077228
vt 0.230433 0.090866
vt 0.152889 0.101564
vt 0.157429 0.115202
vt 0.147696 0.118447
vt 0.161970 0.128841
vt 0.152236 0.132086
vt 0.195049 0.228207
vt 0.268052 0.203871
vt 0.271267 0.213528
vt 0.234973 0.104505
vt 0.219628 0.155076
vt 0.234399 0.150152
vt 0.268052 0.203871
vt 0.245741 0.184220
vt 0.230988 0.189200
vt 0.206695 0.197236
vt 0.195354 0.163168
vt 0.180583 0.168092
vt 0.191943 0.202216
vt 0.143155 0.104809
vt 0.150295 0.093770
vt 0.178852 0.049617
vt 0.225892 0.077228
vt 0.208758 0.025759
vt 0.204069 0.026349
vt 0.233628 0.003012
vt 0.232625 0.000000
vt 0.271267 0.003948
vt 0.267161 0.006290
vt 0.403092 0.421918
vt 0.480038 0.407552
vt 0.480038 0.421928
vt 0.392833 0.421917
vt 0.392833 0.407541
vt 0.403092 0.407543
vt 0.403092 0.393167
vt 0.480038 0.393176
vt 0.423923 0.350043
vt 0.449508 0.350046
vt 0.449508 0.314136
vt 0.423923 0.314074
vt 0.403092 0.288430
vt 0.408354 0.314131
vt 0.408354 0.350041
vt 0.392833 0.393166
vt 0.392833 0.288429
vt 0.392833 0.278249
vt 0.403092 0.278250
vt 0.480038 0.278260
vt 0.480038 0.288440
vt 0.465077 0.314079
vt 0.465077 0.350048
vt 0.733526 0.649810
vt 0.728396 0.649755
vt 0.733526 0.628726
vt 0.728396 0.628671
vt 0.846557 0.816427
vt 0.841430 0.816520
vt 0.846557 0.806086
vt 0.841430 0.806178
vt 0.521436 0.952954
vt 0.526566 0.952954
vt 0.521436 0.985596
vt 0.526566 0.985597
vt 0.834888 0.705966
vt 0.829769 0.705916
vt 0.834888 0.693737
vt 0.829769 0.693687
vt 0.797141 0.181050
vt 0.792011 0.180995
vt 0.797141 0.159967
vt 0.792011 0.159911
vt 0.697687 0.837264
vt 0.702814 0.837171
vt 0.697687 0.847605
vt 0.702814 0.847513
vt 0.095109 0.953973
vt 0.100239 0.953974
vt 0.095109 0.986615
vt 0.100239 0.986616
vt 0.830931 0.806086
vt 0.836050 0.806136
vt 0.830931 0.818315
vt 0.836050 0.818365
vt 0.792295 0.270268
vt 0.787166 0.270213
vt 0.792295 0.249184
vt 0.787166 0.249129
vt 0.839958 0.693779
vt 0.845085 0.693687
vt 0.839958 0.704121
vt 0.845085 0.704028
vt 0.516306 0.952954
vt 0.521436 0.952954
vt 0.516306 0.985596
vt 0.521436 0.985597
vt 0.835232 0.552801
vt 0.840302 0.552752
vt 0.835232 0.565151
vt 0.840302 0.565102
vt 0.095109 0.986695
vt 0.089979 0.986695
vt 0.095109 0.953973
vt 0.089979 0.953973
vt 0.850844 0.818533
vt 0.846557 0.818456
vt 0.850844 0.806163
vt 0.846557 0.806086
vt 0.408065 0.951462
vt 0.413194 0.951463
vt 0.408065 0.984192
vt 0.413194 0.984193
vt 0.834888 0.693736
vt 0.839958 0.693687
vt 0.834888 0.706086
vt 0.839958 0.706037
vt 0.752506 0.984689
vt 0.747376 0.984688
vt 0.752506 0.951967
vt 0.747376 0.951966
vt 0.842203 0.749025
vt 0.846490 0.749102
vt 0.842203 0.761395
vt 0.846490 0.761472
vt 0.418324 0.984193
vt 0.413194 0.984192
vt 0.418324 0.951463
vt 0.413194 0.951462
vt 0.800486 0.086401
vt 0.794403 0.086460
vt 0.800486 0.074051
vt 0.794403 0.074110
vt 0.477114 0.948690
vt 0.483270 0.948691
vt 0.477114 0.981412
vt 0.483270 0.981413
vt 0.835232 0.565214
vt 0.830089 0.565122
vt 0.835232 0.552844
vt 0.830089 0.552752
vt 0.433767 0.981328
vt 0.427612 0.981327
vt 0.433767 0.948597
vt 0.427612 0.948597
vt 0.806570 0.086401
vt 0.800486 0.086460
vt 0.806570 0.074051
vt 0.800486 0.074110
vt 0.824825 0.947666
vt 0.830981 0.947666
vt 0.824825 0.980388
vt 0.830981 0.980388
vt 0.137250 0.518988
vt 0.142394 0.519081
vt 0.137250 0.531358
vt 0.142394 0.531451
vt 0.427612 0.981328
vt 0.421456 0.981327
vt 0.427612 0.948597
vt 0.421456 0.948597
vt 0.809511 0.552752
vt 0.814615 0.552764
vt 0.809511 0.569156
vt 0.814615 0.569168
vt 0.610758 0.984083
vt 0.610758 0.940896
vt 0.615888 0.984088
vt 0.615888 0.940901
vt 0.831649 0.332852
vt 0.827222 0.332976
vt 0.831649 0.316462
vt 0.827222 0.316587
vt 0.948214 0.982967
vt 0.948214 0.939647
vt 0.953344 0.982966
vt 0.953344 0.939646
vt 0.425135 0.803683
vt 0.420007 0.803695
vt 0.425135 0.787359
vt 0.420007 0.787371
vt 0.843850 0.952833
vt 0.843850 0.982581
vt 0.838736 0.953131
vt 0.838736 0.982879
vt 0.824647 0.693687
vt 0.829769 0.693830
vt 0.824647 0.707852
vt 0.829769 0.707996
vt 0.872179 0.933776
vt 0.872179 0.977169
vt 0.867049 0.933775
vt 0.867049 0.977168
vt 0.630320 0.809354
vt 0.625216 0.809341
vt 0.630320 0.792949
vt 0.625216 0.792937
vt 0.232609 0.985115
vt 0.232609 0.941795
vt 0.237739 0.985114
vt 0.237739 0.941793
vt 0.763930 0.254230
vt 0.768357 0.254106
vt 0.763930 0.270620
vt 0.768357 0.270496
vt 0.984719 0.073688
vt 0.984719 0.116875
vt 0.979589 0.073683
vt 0.979589 0.116870
vt 0.794403 0.083246
vt 0.789274 0.083258
vt 0.794403 0.066922
vt 0.789274 0.066934
vt 0.181972 0.983429
vt 0.181972 0.940036
vt 0.187102 0.983430
vt 0.187102 0.940036
vt 0.831178 0.176816
vt 0.826056 0.176673
vt 0.831178 0.162651
vt 0.826056 0.162507
vt 0.843850 0.982879
vt 0.843850 0.953131
vt 0.848963 0.982581
vt 0.848963 0.952833
vt 0.447042 0.876975
vt 0.447042 0.842647
vt 0.452169 0.876882
vt 0.452169 0.842555
vt 0.100239 0.953973
vt 0.105369 0.953974
vt 0.100239 0.986615
vt 0.105369 0.986616
vt 0.836769 0.316512
vt 0.841838 0.316462
vt 0.836769 0.328862
vt 0.841838 0.328812
vt 0.975315 0.253760
vt 0.980445 0.253761
vt 0.975315 0.286491
vt 0.980445 0.286491
vt 0.408065 0.984193
vt 0.402935 0.984192
vt 0.408065 0.951463
vt 0.402935 0.951462
vt 0.747376 0.984689
vt 0.742246 0.984688
vt 0.747376 0.951967
vt 0.742246 0.951966
vt 0.792011 0.181050
vt 0.786882 0.180995
vt 0.792011 0.159967
vt 0.786882 0.159911
vt 0.831649 0.316462
vt 0.836769 0.316512
vt 0.831649 0.328691
vt 0.836769 0.328741
vt 0.249893 0.945935
vt 0.249893 0.969213
vt 0.239725 0.952700
vt 0.239725 0.969214
vt 0.464011 0.255309
vt 0.480510 0.255310
vt 0.470531 0.268746
vt 0.480510 0.276071
vt 0.836890 0.761375
vt 0.831821 0.761425
vt 0.836890 0.749025
vt 0.831821 0.749075
vt 0.850776 0.761472
vt 0.846490 0.761395
vt 0.850776 0.749102
vt 0.846490 0.749025
vt 0.836297 0.174786
vt 0.831178 0.174736
vt 0.836297 0.162558
vt 0.831178 0.162507
vt 0.141203 0.395303
vt 0.141203 0.439889
vt 0.134652 0.395373
vt 0.134652 0.445538
vt 0.821859 0.569168
vt 0.842379 0.569172
vt 0.821859 0.623273
vt 0.842379 0.623277
vt 0.610978 0.257139
vt 0.610978 0.277677
vt 0.600835 0.257141
vt 0.600835 0.277679
vt 0.124391 0.435641
vt 0.134647 0.383286
vt 0.134651 0.435641
vt 0.042312 0.445818
vt 0.124392 0.445818
vt 0.134652 0.445818
vt 0.000000 0.445818
vt 0.001924 0.435641
vt 0.042312 0.435641
vt 0.124388 0.383286
vt 0.124384 0.330930
vt 0.134644 0.330930
vt 0.042304 0.330931
vt 0.042310 0.414880
vt 0.021907 0.367549
vt 0.027487 0.398049
vt 0.022146 0.407776
vt 0.011071 0.414880
vt 0.005574 0.425021
vt 0.020119 0.345133
vt 0.024120 0.330931
vt 0.042302 0.298080
vt 0.039006 0.298080
vt 0.042302 0.291538
vt 0.049531 0.277291
vt 0.095654 0.298080
vt 0.124384 0.330930
vt 0.124383 0.322286
vt 0.134644 0.330930
vt 0.849371 0.706134
vt 0.845085 0.706057
vt 0.849371 0.693764
vt 0.845085 0.693687
vt 0.757636 0.984689
vt 0.752506 0.984688
vt 0.757636 0.951967
vt 0.752506 0.951966
vt 0.841838 0.316555
vt 0.846965 0.316462
vt 0.841838 0.326896
vt 0.846965 0.326804
vt 0.425283 0.143675
vt 0.425283 0.197926
vt 0.419593 0.143675
vt 0.419593 0.200461
vt 0.415023 0.143674
vt 0.413462 0.151533
vt 0.409014 0.158195
vt 0.402357 0.162646
vt 0.394504 0.211638
vt 0.394504 0.164208
vt 0.386652 0.162644
vt 0.369416 0.200455
vt 0.379995 0.158191
vt 0.375547 0.151528
vt 0.369416 0.143669
vt 0.373986 0.143669
vt 0.369416 0.129293
vt 0.373986 0.129293
vt 0.369416 0.114917
vt 0.373986 0.114918
vt 0.373986 0.107730
vt 0.363726 0.114917
vt 0.363726 0.197919
vt 0.363726 0.143668
vt 0.363726 0.129292
vt 0.371131 0.059040
vt 0.363726 0.010180
vt 0.371131 0.010181
vt 0.371131 0.000001
vt 0.363726 0.000000
vt 0.394505 0.074763
vt 0.394505 0.107732
vt 0.626688 0.074757
vt 0.650062 0.059039
vt 0.626688 0.107726
vt 0.647207 0.107728
vt 0.650062 0.000000
vt 0.657467 0.000001
vt 0.650062 0.010180
vt 0.657467 0.010181
vt 0.657467 0.114917
vt 0.651777 0.114917
vt 0.647207 0.114916
vt 0.647207 0.129292
vt 0.651777 0.129292
vt 0.647207 0.143668
vt 0.651777 0.143668
vt 0.657467 0.129293
vt 0.657467 0.143669
vt 0.257663 0.251379
vt 0.205481 0.251388
vt 0.257663 0.241110
vt 0.205481 0.241119
vt 0.143156 0.241131
vt 0.153300 0.241129
vt 0.143156 0.251400
vt 0.153299 0.251398
vt 0.153299 0.292474
vt 0.178879 0.264139
vt 0.178878 0.279723
vt 0.257663 0.292455
vt 0.214689 0.279716
vt 0.214689 0.264133
vt 0.143156 0.292476
vt 0.143156 0.301340
vt 0.153299 0.384895
vt 0.143155 0.384897
vt 0.153299 0.374626
vt 0.143155 0.374628
vt 0.153299 0.313012
vt 0.143156 0.313014
vt 0.143156 0.304150
vt 0.153299 0.304148
vt 0.153299 0.301338
vt 0.257663 0.301319
vt 0.257663 0.312993
vt 0.257663 0.304129
vt 0.153299 0.384895
vt 0.257663 0.384876
vt 0.257662 0.374607
vt 0.178878 0.346472
vt 0.214689 0.346465
vt 0.214689 0.330882
vt 0.178878 0.330888
vt 0.751250 0.000000
vt 0.769199 0.024709
vt 0.733301 0.024298
vt 0.769199 0.071999
vt 0.733301 0.061328
vt 0.221292 0.908504
vt 0.221292 0.881171
vt 0.237813 0.908326
vt 0.232565 0.868267
vt 0.237813 0.863741
vt 0.506792 0.000000
vt 0.529448 0.018137
vt 0.497576 0.016309
vt 0.529448 0.032509
vt 0.491092 0.027782
vt 0.529448 0.161769
vt 0.516623 0.161768
vt 0.529448 0.151592
vt 0.516623 0.151591
vt 0.529448 0.046881
vt 0.516623 0.046880
vt 0.503797 0.046878
vt 0.487864 0.033453
vt 0.503799 0.151590
vt 0.503799 0.161767
vt 0.168162 0.865135
vt 0.163042 0.865085
vt 0.168162 0.846425
vt 0.163042 0.846375
vt 0.168162 0.827714
vt 0.163042 0.827664
vt 0.972820 0.921069
vt 0.972820 0.874898
vt 0.977950 0.921070
vt 0.977950 0.874899
vt 0.972820 0.864745
vt 0.977950 0.864746
vt 0.535233 0.411742
vt 0.528681 0.350200
vt 0.535233 0.350130
vt 0.528681 0.278320
vt 0.535233 0.278249
vt 0.535233 0.422010
vt 0.528681 0.422081
vt 0.528681 0.411812
vt 0.521037 0.360670
vt 0.523130 0.350260
vt 0.523130 0.350260
vt 0.525976 0.336100
vt 0.526619 0.316770
vt 0.521520 0.300323
vt 0.515981 0.286648
vt 0.515317 0.278464
vt 0.528681 0.422081
vt 0.481226 0.422592
vt 0.480038 0.421397
vt 0.484409 0.410980
vt 0.496954 0.398914
vt 0.506292 0.389639
vt 0.507293 0.374715
vt 0.030978 0.099448
vt 0.034200 0.108880
vt 0.047210 0.112518
vt 0.069812 0.125176
vt 0.103684 0.131093
vt 0.193414 0.950598
vt 0.193414 0.957156
vt 0.188284 0.950543
vt 0.188284 0.957100
vt 0.193414 0.986978
vt 0.188284 0.986923
vt 0.447957 0.496981
vt 0.447957 0.507250
vt 0.439750 0.507251
vt 0.447957 0.584264
vt 0.406920 0.548329
vt 0.393754 0.584270
vt 0.392833 0.579631
vt 0.742812 0.775103
vt 0.717170 0.775105
vt 0.742812 0.754433
vt 0.735190 0.741052
vt 0.717170 0.730012
vt 0.707002 0.775105
vt 0.707002 0.723783
vt 0.747804 0.404195
vt 0.727284 0.404192
vt 0.747804 0.389858
vt 0.727284 0.389855
vt 0.747804 0.375521
vt 0.727284 0.375518
vt 0.747804 0.271066
vt 0.727284 0.271062
vt 0.498002 0.727179
vt 0.498505 0.738450
vt 0.480069 0.723595
vt 0.452491 0.734131
vt 0.492660 0.748694
vt 0.498505 0.776165
vt 0.470391 0.774746
vt 0.452720 0.752570
vt 0.134382 0.666274
vt 0.134382 0.739995
vt 0.121556 0.666273
vt 0.121557 0.739994
vt 0.108731 0.666272
vt 0.108732 0.739993
vt 0.108732 0.750170
vt 0.121557 0.750171
vt 0.134382 0.750172
vt 0.754288 0.580816
vt 0.733770 0.580595
vt 0.754288 0.545870
vt 0.733770 0.545649
vt 0.754288 0.536609
vt 0.733770 0.536389
vt 0.754288 0.527349
vt 0.733770 0.527128
vt 0.754288 0.459881
vt 0.733770 0.459660
vt 0.754288 0.453324
vt 0.733770 0.453103
vt 0.264543 0.524896
vt 0.259417 0.525035
vt 0.264543 0.519641
vt 0.259417 0.519780
vt 0.975193 0.746681
vt 0.980323 0.746679
vt 0.975180 0.751223
vt 0.980310 0.751221
vt 0.975173 0.757642
vt 0.980303 0.757640
vt 0.975174 0.765122
vt 0.980303 0.765121
vt 0.975193 0.799207
vt 0.980323 0.799205
vt 0.699575 0.159693
vt 0.704704 0.159748
vt 0.699575 0.181709
vt 0.704704 0.181764
vt 0.302193 0.984982
vt 0.297065 0.984953
vt 0.302077 0.979692
vt 0.296949 0.979663
vt 0.302037 0.972899
vt 0.296909 0.972870
vt 0.302078 0.965524
vt 0.296950 0.965495
vt 0.302193 0.958690
vt 0.297065 0.958661
vt 0.359770 0.957777
vt 0.364992 0.957776
vt 0.359770 0.985993
vt 0.364992 0.985992
vt 0.249893 0.945936
vt 0.254938 0.945935
vt 0.249893 0.986358
vt 0.254938 0.986357
vt 0.777593 0.934404
vt 0.795940 0.915444
vt 0.777593 0.941078
vt 0.795940 0.941074
vt 0.375436 0.957776
vt 0.375436 0.985992
vt 0.370214 0.957777
vt 0.370214 0.985993
vt 0.947750 0.946468
vt 0.947750 0.986890
vt 0.942706 0.946468
vt 0.942706 0.986891
vt 0.354842 0.957808
vt 0.354842 0.986023
vt 0.349620 0.957809
vt 0.349620 0.986024
vt 0.985938 0.412652
vt 0.985938 0.453074
vt 0.980893 0.412653
vt 0.980893 0.453075
vt 0.801696 0.931780
vt 0.820043 0.912820
vt 0.801696 0.940760
vt 0.820043 0.940757
vt 0.168574 0.959227
vt 0.168574 0.987442
vt 0.165201 0.959264
vt 0.165201 0.987478
vt 0.462800 0.994226
vt 0.462800 0.953805
vt 0.466058 0.994191
vt 0.466058 0.953770
vt 0.341170 0.941299
vt 0.341170 0.966927
vt 0.329320 0.941426
vt 0.329320 0.948099
vt 0.437445 0.959446
vt 0.440818 0.959410
vt 0.437445 0.987660
vt 0.440818 0.987624
vt 0.534959 0.993374
vt 0.531701 0.993409
vt 0.534959 0.952954
vt 0.531701 0.952989
vt 0.440818 0.959446
vt 0.444190 0.959410
vt 0.440818 0.987660
vt 0.444190 0.987624
vt 0.105369 0.954008
vt 0.108627 0.953973
vt 0.105369 0.994428
vt 0.108627 0.994393
vt 0.306903 0.967976
vt 0.306903 0.940040
vt 0.318753 0.967848
vt 0.318753 0.958868
vt 0.961872 0.317974
vt 0.947816 0.303268
vt 0.961872 0.294318
vt 0.947816 0.294319
vt 0.634321 0.962607
vt 0.634321 0.953658
vt 0.648374 0.962606
vt 0.648374 0.938948
vt 0.528352 0.830436
vt 0.498505 0.799125
vt 0.528352 0.787018
vt 0.498505 0.787023
vt 0.364992 0.957777
vt 0.370214 0.957776
vt 0.364992 0.985993
vt 0.370214 0.985992
vt 0.900598 0.984662
vt 0.895553 0.984663
vt 0.900598 0.944239
vt 0.895553 0.944240
vt 0.344398 0.986024
vt 0.344398 0.957809
vt 0.349620 0.986023
vt 0.349620 0.957808
vt 0.986021 0.511310
vt 0.986021 0.551732
vt 0.980976 0.511311
vt 0.980976 0.551733
vt 0.135804 0.812187
vt 0.135804 0.852695
vt 0.108731 0.840598
vt 0.108731 0.852700
vt 0.291687 0.958662
vt 0.296909 0.958661
vt 0.291687 0.986877
vt 0.296909 0.986876
vt 0.626688 0.179960
vt 0.626688 0.174988
vt 0.656609 0.179958
vt 0.656609 0.143669
vt 0.070712 0.785771
vt 0.100632 0.817086
vt 0.070711 0.829189
vt 0.100632 0.829187
vt 0.268144 0.983771
vt 0.262909 0.983771
vt 0.268144 0.955555
vt 0.262909 0.955556
vt 0.914310 0.941056
vt 0.919367 0.941056
vt 0.914310 0.981478
vt 0.919367 0.981478
vt 0.262909 0.955555
vt 0.262909 0.983771
vt 0.257674 0.955556
vt 0.257674 0.983771
vt 0.687674 0.943301
vt 0.687674 0.983723
vt 0.682617 0.943301
vt 0.682617 0.983723
vt 0.801655 0.841627
vt 0.778624 0.809460
vt 0.801655 0.794526
vt 0.778624 0.794528
vt 0.382135 0.984268
vt 0.376901 0.984269
vt 0.382135 0.956053
vt 0.376901 0.956053
vt 0.632340 0.983548
vt 0.627283 0.983548
vt 0.632340 0.943125
vt 0.627283 0.943126
vt 0.885935 0.581383
vt 0.885935 0.563366
vt 0.902292 0.581207
vt 0.902292 0.530834
vt 0.165201 0.959227
vt 0.165201 0.987442
vt 0.161828 0.959264
vt 0.161828 0.987478
vt 0.992453 0.751304
vt 0.992453 0.791724
vt 0.989194 0.751339
vt 0.989194 0.791760
vt 0.414119 0.885875
vt 0.384591 0.885875
vt 0.406548 0.856311
vt 0.386091 0.867338
vt 0.386198 0.856311
vt 0.801696 0.853210
vt 0.812686 0.853668
vt 0.801696 0.882996
vt 0.831161 0.853437
vt 0.831161 0.882990
vt 0.823265 0.407897
vt 0.823265 0.378344
vt 0.852730 0.407892
vt 0.841740 0.378568
vt 0.852730 0.378106
vt 0.598599 0.808107
vt 0.598599 0.797931
vt 0.625216 0.836356
vt 0.602070 0.792939
vt 0.625216 0.792937
vt 0.299006 0.855043
vt 0.299115 0.866073
vt 0.278657 0.855043
vt 0.300618 0.884614
vt 0.271092 0.884614
vt 0.534888 0.606036
vt 0.534888 0.635588
vt 0.515857 0.606240
vt 0.522955 0.635489
vt 0.515857 0.636025
vt 0.687972 0.900734
vt 0.695070 0.901118
vt 0.687972 0.930519
vt 0.707002 0.900761
vt 0.707002 0.930314
vt 0.835407 0.453100
vt 0.812255 0.453103
vt 0.835407 0.409684
vt 0.808783 0.448112
vt 0.808783 0.437936
vt 0.872065 0.933775
vt 0.864967 0.933392
vt 0.872065 0.903991
vt 0.853035 0.933748
vt 0.853035 0.904196
vt 0.833570 0.899069
vt 0.840668 0.899452
vt 0.833570 0.928853
vt 0.852601 0.899096
vt 0.852601 0.928648
vt 0.833540 0.989299
vt 0.830981 0.989326
vt 0.833540 0.959514
vt 0.830981 0.947666
vt 0.833540 0.949586
vt 0.344398 0.930187
vt 0.344398 0.900634
vt 0.363429 0.929982
vt 0.356331 0.900734
vt 0.363429 0.900197
vt 0.257497 0.985647
vt 0.254938 0.987623
vt 0.257497 0.975719
vt 0.254938 0.945962
vt 0.257497 0.945935
vt 0.374246 0.839337
vt 0.358417 0.839340
vt 0.374246 0.827235
vt 0.358417 0.827238
vt 0.344398 0.827241
vt 0.344398 0.839342
vt 0.358416 0.854048
vt 0.374246 0.860483
vt 0.000000 0.854840
vt 0.010990 0.855298
vt 0.000000 0.884626
vt 0.029465 0.855066
vt 0.029465 0.884620
vt 0.248779 0.921127
vt 0.248779 0.909026
vt 0.259002 0.921017
vt 0.259002 0.908916
vt 0.259002 0.887770
vt 0.248779 0.894318
vt 0.239725 0.909124
vt 0.239725 0.921225
vt 0.963634 0.947901
vt 0.967597 0.947900
vt 0.963634 0.977686
vt 0.967597 0.989562
vt 0.963634 0.987615
vt 0.592788 0.179638
vt 0.592788 0.150084
vt 0.622253 0.179632
vt 0.611263 0.150308
vt 0.622253 0.149846
vt 0.592788 0.149846
vt 0.592788 0.179400
vt 0.563322 0.149852
vt 0.574312 0.179175
vt 0.563322 0.179638
vt 0.493151 0.950639
vt 0.497114 0.948690
vt 0.493151 0.960568
vt 0.497114 0.990353
vt 0.493151 0.990353
vt 0.092676 0.924377
vt 0.087421 0.924377
vt 0.092676 0.910312
vt 0.077050 0.910311
vt 0.092676 0.897091
vt 0.070711 0.897090
vt 0.336453 0.853349
vt 0.306903 0.853344
vt 0.336453 0.835428
vt 0.306903 0.835422
vt 0.336453 0.817507
vt 0.306903 0.817501
vt 0.045436 0.889039
vt 0.045436 0.875330
vt 0.066006 0.888818
vt 0.058543 0.855972
vt 0.066006 0.847157
vt 0.063458 0.845244
vt 0.852923 0.814743
vt 0.852923 0.797559
vt 0.861977 0.814687
vt 0.861977 0.782754
vt 0.872200 0.809453
vt 0.872200 0.766036
vt 0.168647 0.843618
vt 0.168647 0.831517
vt 0.182704 0.850380
vt 0.182704 0.819494
vt 0.198575 0.852322
vt 0.198575 0.816715
vt 0.200641 0.797914
vt 0.200641 0.784204
vt 0.220934 0.817127
vt 0.232489 0.784198
vt 0.232489 0.825861
vt 0.228543 0.827801
vt 0.136167 0.797777
vt 0.136167 0.784067
vt 0.156461 0.816990
vt 0.168016 0.784061
vt 0.168016 0.825724
vt 0.164070 0.827664
vt 0.344398 0.778739
vt 0.358417 0.778695
vt 0.344398 0.795924
vt 0.358417 0.810630
vt 0.374246 0.783817
vt 0.374246 0.827235
vt 0.632581 0.792937
vt 0.603506 0.787662
vt 0.632580 0.771997
vt 0.598599 0.765832
vt 0.598973 0.746269
vt 0.628232 0.751577
vt 0.271092 0.914438
vt 0.271092 0.884863
vt 0.282656 0.914314
vt 0.282656 0.884739
vt 0.294221 0.884614
vt 0.294221 0.914189
vt 0.168647 0.914701
vt 0.168647 0.885125
vt 0.180212 0.914576
vt 0.180212 0.885001
vt 0.191776 0.884876
vt 0.191776 0.914452
vt 0.853429 0.409308
vt 0.858536 0.413141
vt 0.848514 0.420036
vt 0.858536 0.452854
vt 0.835407 0.453103
vt 0.835407 0.439394
vt 0.257746 0.843976
vt 0.260295 0.845888
vt 0.252832 0.854704
vt 0.260295 0.887549
vt 0.239725 0.887770
vt 0.239725 0.874061
vt 0.707002 0.824881
vt 0.721055 0.818117
vt 0.707002 0.836983
vt 0.721055 0.849003
vt 0.736923 0.816171
vt 0.736923 0.851779
vt 0.564865 0.789555
vt 0.535604 0.794860
vt 0.569214 0.769141
vt 0.535230 0.775302
vt 0.540137 0.753478
vt 0.569214 0.748207
vt 0.300642 0.855043
vt 0.271092 0.855038
vt 0.300642 0.837122
vt 0.271092 0.837116
vt 0.271092 0.819195
vt 0.300642 0.819201
vt 0.271092 0.789308
vt 0.271092 0.775598
vt 0.291386 0.808521
vt 0.306903 0.775591
vt 0.306903 0.815305
vt 0.298995 0.819195
vt 0.764207 0.894455
vt 0.764208 0.908524
vt 0.758951 0.894455
vt 0.748583 0.908524
vt 0.764210 0.921748
vt 0.742246 0.921748
vt 0.452491 0.817229
vt 0.466189 0.817231
vt 0.452491 0.835150
vt 0.482041 0.817234
vt 0.482041 0.835156
vt 0.482041 0.853077
vt 0.452491 0.853071
vt 0.772972 0.426440
vt 0.772972 0.412731
vt 0.793266 0.445653
vt 0.808783 0.412724
vt 0.808783 0.442509
vt 0.808783 0.452438
vt 0.797200 0.453103
vt 0.661965 0.797356
vt 0.665848 0.789419
vt 0.670277 0.804992
vt 0.675768 0.789419
vt 0.696117 0.789419
vt 0.692633 0.825358
vt 0.677000 0.825358
vt 0.848718 0.334688
vt 0.848718 0.378104
vt 0.832847 0.351297
vt 0.832847 0.378106
vt 0.829361 0.378106
vt 0.823592 0.366248
vt 0.823265 0.362940
vt 0.801696 0.912820
vt 0.801696 0.883245
vt 0.813260 0.912695
vt 0.813260 0.883120
vt 0.824825 0.882996
vt 0.824825 0.898862
vt 0.824825 0.912571
vt 0.870150 0.710909
vt 0.877631 0.711491
vt 0.867610 0.718386
vt 0.877631 0.721419
vt 0.877631 0.751203
vt 0.854502 0.751452
vt 0.854502 0.737743
vt 0.808984 0.233992
vt 0.824618 0.233992
vt 0.802265 0.254353
vt 0.828109 0.269922
vt 0.807759 0.269922
vt 0.797839 0.269922
vt 0.793954 0.261987
vt 0.824647 0.665438
vt 0.824974 0.662130
vt 0.834226 0.677079
vt 0.830742 0.650270
vt 0.834226 0.650269
vt 0.850094 0.650268
vt 0.850094 0.693687
vt 0.334805 0.773893
vt 0.342713 0.777780
vt 0.327197 0.784571
vt 0.342713 0.817494
vt 0.315503 0.817499
vt 0.317748 0.794181
vt 0.306903 0.803791
vt 0.306903 0.817501
vt 0.854961 0.043656
vt 0.850046 0.033033
vt 0.860068 0.039713
vt 0.860068 0.000000
vt 0.842494 0.000189
vt 0.843944 0.023491
vt 0.836939 0.013958
vt 0.836939 0.000249
vt 0.766439 0.968529
vt 0.770417 0.977994
vt 0.768055 0.978979
vt 0.768801 0.967543
vt 0.764450 0.963796
vt 0.770417 0.960747
vt 0.767392 0.953549
vt 0.976999 0.746335
vt 0.971997 0.740462
vt 0.976026 0.737055
vt 0.971434 0.731664
vt 0.976999 0.727101
vt 0.972778 0.722146
vt 0.926523 0.648464
vt 0.929778 0.654192
vt 0.924762 0.664439
vt 0.927432 0.669140
vt 0.923039 0.679941
vt 0.925143 0.683645
vt 0.921362 0.694430
vt 0.923593 0.693172
vt 0.929778 0.718823
vt 0.437397 0.914333
vt 0.437397 0.947807
vt 0.435653 0.942451
vt 0.563322 0.000000
vt 0.561397 0.005324
vt 0.529448 0.035072
vt 0.531834 0.035934
vt 0.533601 0.081626
vt 0.535914 0.082253
vt 0.538428 0.102046
vt 0.536424 0.104784
vt 0.538874 0.105541
vt 0.537075 0.106638
vt 0.542828 0.115367
vt 0.540319 0.115887
vt 0.548994 0.130916
vt 0.546544 0.133969
vt 0.553300 0.141708
vt 0.553203 0.153142
vt 0.561436 0.162009
vt 0.559389 0.170897
vt 0.563322 0.166731
vt 0.561832 0.171644
vt 0.558850 0.181469
vt 0.561292 0.182216
vt 0.826056 0.177953
vt 0.820926 0.162512
vt 0.826056 0.162507
vt 0.820926 0.177958
vt 0.825027 0.552752
vt 0.830089 0.553031
vt 0.824902 0.560707
vt 0.829957 0.561373
vt 0.825027 0.567682
vt 0.830089 0.567961
vt 0.038374 0.783286
vt 0.038374 0.776206
vt 0.043504 0.783251
vt 0.043504 0.774404
vt 0.266944 0.807989
vt 0.265748 0.807702
vt 0.266944 0.802789
vt 0.959108 0.945082
vt 0.953985 0.946852
vt 0.959126 0.939599
vt 0.954020 0.935899
vt 0.959142 0.934630
vt 0.959093 0.903537
vt 0.953952 0.901834
vt 0.953993 0.878997
vt 0.959142 0.878706
vt 0.953981 0.865896
vt 0.959136 0.867381
vt 0.959135 0.864745
vt 0.842203 0.749025
vt 0.842203 0.758653
vt 0.837155 0.751765
vt 0.836890 0.760489
vt 0.482048 0.818215
vt 0.487183 0.817229
vt 0.482046 0.822088
vt 0.487177 0.830840
vt 0.482041 0.829544
vt 0.482044 0.850518
vt 0.487183 0.852008
vt 0.687107 0.453081
vt 0.681305 0.452700
vt 0.686342 0.447506
vt 0.680719 0.444288
vt 0.686467 0.445507
vt 0.681744 0.426164
vt 0.687107 0.426263
vt 0.975316 0.198663
vt 0.980454 0.199348
vt 0.975315 0.217965
vt 0.980445 0.225144
vt 0.975318 0.235880
vt 0.980449 0.239457
vt 0.975324 0.253759
vt 0.980454 0.253760
vt 0.863967 0.553247
vt 0.867208 0.563199
vt 0.862252 0.558641
vt 0.865696 0.568568
vt 0.860475 0.553500
vt 0.857542 0.530783
vt 0.860583 0.526940
vt 0.857076 0.527171
vt 0.864592 0.503427
vt 0.867208 0.503255
vt 0.811734 0.084154
vt 0.812421 0.074393
vt 0.814815 0.083714
vt 0.814815 0.074051
vt 0.822866 0.144426
vt 0.822866 0.145668
vt 0.820926 0.145047
vt 0.821127 0.151834
vt 0.822866 0.159946
vt 0.821382 0.160421
vt 0.068738 0.845244
vt 0.070554 0.845616
vt 0.068314 0.851368
vt 0.070561 0.851827
vt 0.068293 0.851667
vt 0.070560 0.855344
vt 0.066805 0.872543
vt 0.070555 0.873310
vt 0.066006 0.883928
vt 0.070561 0.884859
vt 0.384582 0.787078
vt 0.380676 0.787238
vt 0.384582 0.778695
vt 0.380753 0.778851
vt 0.344367 0.817501
vt 0.342230 0.831694
vt 0.339824 0.817756
vt 0.338707 0.831891
vt 0.336655 0.856147
vt 0.338186 0.857710
vt 0.336453 0.858788
vt 0.342097 0.888083
vt 0.340238 0.888187
vt 0.342508 0.907531
vt 0.344367 0.907427
vt 0.854458 0.271062
vt 0.854413 0.272236
vt 0.852917 0.271352
vt 0.852675 0.277713
vt 0.854228 0.277566
vt 0.852924 0.280852
vt 0.854458 0.280468
vt 0.944554 0.653329
vt 0.939326 0.653342
vt 0.944568 0.638888
vt 0.939356 0.635282
vt 0.482752 0.000000
vt 0.487864 0.020381
vt 0.466960 0.010825
vt 0.480118 0.027517
vt 0.471023 0.029380
vt 0.944556 0.624493
vt 0.939325 0.617312
vt 0.944528 0.605273
vt 0.939304 0.605282
vt 0.939333 0.581339
vt 0.944555 0.578605
vt 0.939330 0.564029
vt 0.944568 0.563987
vt 0.783204 0.649925
vt 0.783206 0.645416
vt 0.788365 0.650253
vt 0.788351 0.645709
vt 0.783201 0.642106
vt 0.788365 0.642367
vt 0.976068 0.425418
vt 0.976062 0.435094
vt 0.970826 0.425362
vt 0.970838 0.435186
vt 0.976066 0.446331
vt 0.448519 0.013172
vt 0.458761 0.031389
vt 0.437536 0.027897
vt 0.443869 0.042361
vt 0.427810 0.036501
vt 0.434882 0.045264
vt 0.425283 0.045834
vt 0.434800 0.049859
vt 0.427511 0.053672
vt 0.434669 0.053253
vt 0.431650 0.062571
vt 0.442481 0.058909
vt 0.449677 0.068284
vt 0.456667 0.063776
vt 0.461024 0.068305
vt 0.443736 0.083721
vt 0.456923 0.081962
vt 0.451045 0.086989
vt 0.970854 0.454944
vt 0.976068 0.454954
vt 0.786882 0.160115
vt 0.785854 0.165262
vt 0.781735 0.159911
vt 0.780720 0.165033
vt 0.786882 0.178225
vt 0.781739 0.177969
vt 0.136215 0.985150
vt 0.136205 0.983038
vt 0.141428 0.985095
vt 0.141394 0.974322
vt 0.136167 0.974383
vt 0.136199 0.954343
vt 0.141428 0.954264
vt 0.127390 0.971454
vt 0.127013 0.956093
vt 0.132551 0.971498
vt 0.132167 0.956122
vt 0.126752 0.945447
vt 0.131909 0.945470
vt 0.127387 0.917859
vt 0.132551 0.917855
vt 0.706125 0.930557
vt 0.706113 0.944531
vt 0.700892 0.930519
vt 0.433927 0.104813
vt 0.443111 0.107974
vt 0.434401 0.128119
vt 0.444383 0.123307
vt 0.445247 0.133932
vt 0.443266 0.162164
vt 0.452962 0.160622
vt 0.453618 0.174045
vt 0.464452 0.170286
vt 0.472065 0.180859
vt 0.480920 0.175022
vt 0.476946 0.182008
vt 0.487864 0.179161
vt 0.023884 0.944635
vt 0.023958 0.931821
vt 0.041292 0.944635
vt 0.034584 0.918992
vt 0.024092 0.918901
vt 0.700887 0.944517
vt 0.706123 0.964388
vt 0.700907 0.967777
vt 0.706125 0.967785
vt 0.700970 0.976763
vt 0.706081 0.978648
vt 0.722605 0.086612
vt 0.718282 0.086612
vt 0.721842 0.081397
vt 0.146721 0.979682
vt 0.141446 0.984811
vt 0.146732 0.967021
vt 0.141428 0.960492
vt 0.146732 0.954264
vt 0.259497 0.377279
vt 0.259497 0.383957
vt 0.257663 0.383264
vt 0.376719 0.404148
vt 0.378251 0.405052
vt 0.370197 0.405810
vt 0.367103 0.413939
vt 0.376478 0.416337
vt 0.356923 0.428443
vt 0.367181 0.431076
vt 0.353020 0.442516
vt 0.360330 0.442287
vt 0.719275 0.452990
vt 0.713151 0.448288
vt 0.719275 0.442056
vt 0.713134 0.441524
vt 0.818765 0.940760
vt 0.818766 0.948019
vt 0.812525 0.940821
vt 0.812523 0.960477
vt 0.818769 0.960419
vt 0.818769 0.975000
vt 0.812509 0.975085
vt 0.739481 0.072063
vt 0.739481 0.087045
vt 0.733301 0.071999
vt 0.733322 0.086994
vt 0.751866 0.159668
vt 0.751866 0.167333
vt 0.745631 0.159731
vt 0.745610 0.181280
vt 0.751866 0.181201
vt 0.927669 0.339265
vt 0.921493 0.339401
vt 0.926988 0.328727
vt 0.920489 0.323662
vt 0.926074 0.314374
vt 0.919906 0.314532
vt 0.919431 0.295238
vt 0.925603 0.295063
vt 0.354942 0.456331
vt 0.362976 0.457020
vt 0.346084 0.471171
vt 0.352972 0.473960
vt 0.344398 0.483348
vt 0.353457 0.484543
vt 0.345093 0.499147
vt 0.354084 0.498963
vt 0.351374 0.518989
vt 0.358084 0.517853
vt 0.358189 0.535243
vt 0.366976 0.532566
vt 0.365838 0.546383
vt 0.375650 0.544517
vt 0.369854 0.554408
vt 0.378251 0.552309
vt 0.872200 0.843056
vt 0.863638 0.853440
vt 0.869619 0.837796
vt 0.860607 0.841420
vt 0.920378 0.279280
vt 0.926545 0.279095
vt 0.921479 0.266069
vt 0.927639 0.265893
vt 0.921473 0.263122
vt 0.927669 0.257775
vt 0.938594 0.136629
vt 0.948918 0.133151
vt 0.943762 0.141045
vt 0.948918 0.140162
vt 0.948893 0.149525
vt 0.943658 0.153416
vt 0.948893 0.166176
vt 0.943645 0.167070
vt 0.948850 0.178533
vt 0.943602 0.178787
vt 0.865395 0.814743
vt 0.870252 0.818746
vt 0.864118 0.826891
vt 0.872200 0.826772
vt 0.972857 0.921070
vt 0.978029 0.921079
vt 0.972848 0.935373
vt 0.978025 0.938954
vt 0.391291 0.404148
vt 0.373803 0.404140
vt 0.392833 0.379407
vt 0.376502 0.389804
vt 0.378828 0.375470
vt 0.972838 0.949682
vt 0.978010 0.956864
vt 0.972820 0.975451
vt 0.978029 0.976144
vt 0.199847 0.950681
vt 0.199204 0.969907
vt 0.194441 0.950543
vt 0.193414 0.968661
vt 0.199075 0.971910
vt 0.194003 0.977091
vt 0.199847 0.977498
vt 0.742138 0.850945
vt 0.736935 0.849457
vt 0.742123 0.829766
vt 0.736923 0.828480
vt 0.736928 0.821033
vt 0.742138 0.816171
vt 0.736939 0.817186
vt 0.841430 0.815683
vt 0.836050 0.817482
vt 0.836324 0.808829
vt 0.376955 0.349811
vt 0.389432 0.341073
vt 0.361543 0.334756
vt 0.369741 0.316990
vt 0.354984 0.326408
vt 0.353015 0.305332
vt 0.363997 0.294614
vt 0.348013 0.291898
vt 0.351129 0.278249
vt 0.331745 0.282920
vt 0.338619 0.295113
vt 0.317149 0.306657
vt 0.334996 0.308131
vt 0.322347 0.330751
vt 0.305102 0.355520
vt 0.841430 0.806086
vt 0.687858 0.861201
vt 0.687837 0.863799
vt 0.682651 0.862312
vt 0.687845 0.875130
vt 0.682666 0.875411
vt 0.687797 0.899958
vt 0.682617 0.898246
vt 0.682687 0.932318
vt 0.316444 0.364659
vt 0.299938 0.367936
vt 0.308883 0.375519
vt 0.307629 0.375472
vt 0.424021 0.276807
vt 0.425239 0.271856
vt 0.425239 0.277102
vt 0.742061 0.413062
vt 0.742101 0.404203
vt 0.747273 0.411311
vt 0.747273 0.404196
vt 0.762704 0.086922
vt 0.767674 0.080587
vt 0.767810 0.087189
vt 0.302733 0.382506
vt 0.296373 0.386141
vt 0.283172 0.374140
vt 0.288205 0.388781
vt 0.271358 0.385667
vt 0.687858 0.931053
vt 0.687843 0.936035
vt 0.682656 0.943301
vt 0.687824 0.941518
vt 0.271267 0.404144
vt 0.286525 0.404148
vt 0.762571 0.071999
vt 0.762571 0.087428
vt 0.757394 0.071999
vt 0.757386 0.087411
vt 0.762690 0.071999
vt 0.767810 0.072254
vt 0.762571 0.079928
vt 0.841696 0.710750
vt 0.839958 0.710048
vt 0.841696 0.704121
vt 0.838736 0.952833
vt 0.838736 0.965518
vt 0.833570 0.958983
vt 0.833570 0.983338
vt 0.838736 0.978204
vt 0.726173 0.081397
vt 0.726173 0.087617
vt 0.722605 0.083753
vt 0.980962 0.522082
vt 0.980972 0.541960
vt 0.975832 0.522089
vt 0.975844 0.545351
vt 0.980974 0.545343
vt 0.975842 0.554272
vt 0.980971 0.556141
vt 0.975844 0.508065
vt 0.980974 0.508057
vt 0.801648 0.915465
vt 0.801010 0.943121
vt 0.796579 0.915444
vt 0.795940 0.943100
vt 0.801271 0.953787
vt 0.796202 0.953765
vt 0.801648 0.969182
vt 0.796579 0.969161
vt 0.151903 0.954264
vt 0.151861 0.974350
vt 0.146774 0.954299
vt 0.146732 0.974385
vt 0.146766 0.983066
vt 0.151903 0.985113
vt 0.146774 0.985148
vt 0.782101 0.267027
vt 0.781085 0.254173
vt 0.787166 0.267257
vt 0.786149 0.254404
vt 0.782101 0.249129
vt 0.787166 0.249359
vt 0.759320 0.983144
vt 0.764447 0.974537
vt 0.764450 0.983136
vt 0.759314 0.963399
vt 0.764444 0.963286
vt 0.759320 0.953556
vt 0.764450 0.953549
vt 0.793426 0.642295
vt 0.793426 0.645687
vt 0.788364 0.642018
vt 0.788364 0.645410
vt 0.793426 0.650253
vt 0.788364 0.649976
vt 0.944472 0.653342
vt 0.944479 0.667987
vt 0.939342 0.653346
vt 0.939345 0.670707
vt 0.944434 0.694658
vt 0.939304 0.694662
vt 0.939321 0.706712
vt 0.944462 0.713890
vt 0.939348 0.724668
vt 0.944479 0.728260
vt 0.939312 0.742700
vt 0.944442 0.742696
vt 0.483302 0.987302
vt 0.483296 0.975570
vt 0.488434 0.987027
vt 0.488434 0.974660
vt 0.483270 0.961921
vt 0.488411 0.958037
vt 0.483304 0.949562
vt 0.488434 0.948690
vt 0.526566 0.952954
vt 0.531701 0.955122
vt 0.526566 0.958370
vt 0.531701 0.967467
vt 0.526566 0.969335
vt 0.531701 0.973173
vt 0.526566 0.984920
vt 0.531701 0.985338
vt 0.457674 0.983811
vt 0.457668 0.974103
vt 0.462800 0.984552
vt 0.462796 0.973105
vt 0.457667 0.963780
vt 0.462795 0.963834
vt 0.457670 0.953770
vt 0.462800 0.953790
vt 0.825896 0.819386
vt 0.825809 0.809848
vt 0.830931 0.818135
vt 0.830931 0.806086
vt 0.824901 0.552752
vt 0.824901 0.568922
vt 0.819779 0.554698
vt 0.757386 0.071999
vt 0.757386 0.086352
vt 0.751622 0.081481
vt 0.019758 0.934489
vt 0.023771 0.915127
vt 0.023771 0.940340
vt 0.532906 0.523014
vt 0.520983 0.499762
vt 0.524904 0.493059
vt 0.518437 0.491062
vt 0.521328 0.470858
vt 0.515935 0.469412
vt 0.515857 0.464128
vt 0.524180 0.456381
vt 0.532906 0.422592
vt 0.976966 0.117298
vt 0.982082 0.149230
vt 0.976961 0.148963
vt 0.982082 0.162082
vt 0.976961 0.155244
vt 0.982082 0.164795
vt 0.976961 0.168919
vt 0.982082 0.170391
vt 0.452505 0.983832
vt 0.452498 0.974114
vt 0.457663 0.984585
vt 0.457667 0.973120
vt 0.452493 0.963783
vt 0.457660 0.963842
vt 0.452491 0.953770
vt 0.457667 0.953791
vt 0.540570 0.453103
vt 0.540545 0.442742
vt 0.553806 0.450573
vt 0.554456 0.434555
vt 0.542132 0.431617
vt 0.545632 0.420609
vt 0.562724 0.419024
vt 0.555179 0.411553
vt 0.558610 0.401010
vt 0.569862 0.398416
vt 0.555410 0.357378
vt 0.547390 0.372114
vt 0.541417 0.350431
vt 0.555326 0.340478
vt 0.542648 0.335719
vt 0.551112 0.300650
vt 0.564435 0.300063
vt 0.553122 0.293603
vt 0.557545 0.278249
vt 0.569862 0.281186
vt 0.806670 0.087368
vt 0.806570 0.077826
vt 0.811734 0.086102
vt 0.811734 0.074051
vt 0.819779 0.552752
vt 0.819779 0.568871
vt 0.814615 0.554684
vt 0.551851 0.397618
vt 0.196220 0.879025
vt 0.200245 0.859670
vt 0.200245 0.884876
vt 0.544204 0.379213
vt 0.540726 0.370838
vt 0.535879 0.349585
vt 0.535233 0.344328
vt 0.547653 0.301172
vt 0.975859 0.454954
vt 0.980966 0.486893
vt 0.975835 0.486616
vt 0.980976 0.499748
vt 0.975833 0.492898
vt 0.980976 0.502461
vt 0.975832 0.506572
vt 0.980976 0.508057
vt 0.919431 0.376862
vt 0.920379 0.360868
vt 0.925513 0.376700
vt 0.926460 0.360706
vt 0.921478 0.347675
vt 0.927559 0.347514
vt 0.921486 0.344726
vt 0.927582 0.339401
vt 0.711300 0.170849
vt 0.711300 0.181764
vt 0.705555 0.174328
vt 0.704704 0.179467
vt 0.925989 0.396043
vt 0.919908 0.396204
vt 0.920492 0.405349
vt 0.926907 0.410407
vt 0.921501 0.421129
vt 0.927582 0.420967
vt 0.768828 0.249168
vt 0.774983 0.249129
vt 0.768828 0.263069
vt 0.774983 0.270654
vt 0.768828 0.270693
vt 0.739481 0.086982
vt 0.739481 0.071999
vt 0.745564 0.087019
vt 0.745564 0.072036
vt 0.402856 0.942903
vt 0.402854 0.957526
vt 0.396700 0.942941
vt 0.396699 0.957563
vt 0.396700 0.969964
vt 0.402856 0.977163
vt 0.396700 0.977201
vt 0.719669 0.170849
vt 0.725729 0.171377
vt 0.719668 0.177574
vt 0.725729 0.182200
vt 0.137250 0.603961
vt 0.134215 0.597037
vt 0.136605 0.597102
vt 0.134704 0.593039
vt 0.137250 0.593233
vt 0.829587 0.884368
vt 0.831734 0.882996
vt 0.828143 0.916900
vt 0.831451 0.923490
vt 0.824825 0.932761
vt 0.829393 0.936208
vt 0.827128 0.937349
vt 0.831734 0.946525
vt 0.829469 0.947666
vt 0.031808 0.854840
vt 0.031789 0.860921
vt 0.029465 0.861999
vt 0.031808 0.878100
vt 0.029484 0.877975
vt 0.852867 0.818517
vt 0.850844 0.818043
vt 0.852867 0.806560
vt 0.850844 0.806086
vt 0.949179 0.008045
vt 0.944288 0.019091
vt 0.946985 0.007253
vt 0.942094 0.018300
vt 0.938776 0.025722
vt 0.940470 0.027633
vt 0.939993 0.042015
vt 0.942772 0.041739
vt 0.946456 0.052647
vt 0.949179 0.050348
vt 0.097078 0.887010
vt 0.094191 0.886208
vt 0.096867 0.875365
vt 0.093840 0.872903
vt 0.095329 0.867967
vt 0.097078 0.865400
vt 0.095391 0.865037
vt 0.902920 0.864662
vt 0.895229 0.766175
vt 0.902920 0.766036
vt 0.900644 0.383689
vt 0.906561 0.482298
vt 0.898869 0.482298
vt 0.891174 0.383689
vt 0.891174 0.500642
vt 0.883516 0.500062
vt 0.887534 0.766036
vt 0.887534 0.882989
vt 0.879876 0.882409
vt 0.953679 0.102790
vt 0.949179 0.007253
vt 0.953679 0.007253
vt 0.452457 0.654841
vt 0.447957 0.559305
vt 0.452457 0.559305
vt 0.958173 0.102791
vt 0.958173 0.198432
vt 0.953679 0.198219
vt 0.957573 0.318378
vt 0.957573 0.414019
vt 0.953079 0.413806
vt 0.748929 0.642106
vt 0.756397 0.649756
vt 0.748792 0.649756
vt 0.741325 0.642106
vt 0.748792 0.649756
vt 0.741188 0.649756
vt 0.374246 0.786369
vt 0.380317 0.778695
vt 0.380676 0.786369
vt 0.776770 0.649780
vt 0.782841 0.642106
vt 0.783201 0.649780
vt 0.938594 0.133151
vt 0.938594 0.197812
vt 0.931028 0.196456
vt 0.943472 0.482950
vt 0.943472 0.547610
vt 0.935907 0.546255
vt 0.891214 0.383689
vt 0.898869 0.482314
vt 0.891174 0.482314
vt 0.894207 0.257775
vt 0.901862 0.356401
vt 0.894167 0.356401
vt 0.909987 0.581383
vt 0.902292 0.482950
vt 0.909987 0.482950
vt 0.626636 0.811627
vt 0.634321 0.910060
vt 0.626626 0.910060
vt 0.910591 0.766036
vt 0.910591 0.864745
vt 0.902920 0.864143
vt 0.912112 0.133151
vt 0.912112 0.231860
vt 0.904441 0.231258
vt 0.423294 0.735580
vt 0.427790 0.731077
vt 0.427793 0.735580
vt 0.427793 0.735580
vt 0.432289 0.731077
vt 0.432291 0.735580
vt 0.963634 0.864745
vt 0.963634 0.955899
vt 0.959142 0.955653
vt 0.964067 0.557696
vt 0.964067 0.648849
vt 0.959574 0.648603
vt 0.956933 0.746679
vt 0.956933 0.842267
vt 0.952439 0.842052
vt 0.957357 0.454954
vt 0.957357 0.550542
vt 0.952863 0.550328
vt 0.977765 0.078023
vt 0.973272 0.007415
vt 0.977765 0.007253
vt 0.973217 0.746679
vt 0.975173 0.817404
vt 0.970677 0.817404
vt 0.952439 0.746679
vt 0.952438 0.842326
vt 0.947944 0.842113
vt 0.955074 0.557696
vt 0.955074 0.653342
vt 0.950580 0.653129
vt 0.838272 0.177038
vt 0.843480 0.169386
vt 0.843480 0.177087
vt 0.841838 0.334549
vt 0.847046 0.326896
vt 0.847046 0.334598
vt 0.671563 0.277699
vt 0.663872 0.270007
vt 0.671563 0.270000
vt 0.663872 0.277699
vt 0.656180 0.270007
vt 0.663872 0.270000
vt 0.873260 0.133538
vt 0.873260 0.251791
vt 0.865582 0.251288
vt 0.878799 0.257775
vt 0.878799 0.376028
vt 0.871122 0.375524
vt 0.888611 0.015521
vt 0.888611 0.133151
vt 0.880953 0.132594
vt 0.885935 0.530834
vt 0.885935 0.648464
vt 0.878277 0.647907
vt 0.879876 0.766036
vt 0.879876 0.884279
vt 0.872200 0.883773
vt 0.886475 0.257775
vt 0.886475 0.376017
vt 0.878799 0.375512
vt 0.103094 0.785771
vt 0.108320 0.887161
vt 0.100632 0.887161
vt 0.043906 0.884809
vt 0.036219 0.783576
vt 0.043906 0.783388
vt 0.952863 0.550491
vt 0.948363 0.454955
vt 0.952863 0.454954
vt 0.948581 0.318378
vt 0.953079 0.413914
vt 0.948579 0.413914
vt 0.953673 0.102790
vt 0.953673 0.198444
vt 0.949179 0.198232
vt 0.952310 0.198663
vt 0.952310 0.294318
vt 0.947816 0.294105
vt 0.733024 0.081397
vt 0.733024 0.087719
vt 0.730069 0.084415
vt 0.796381 0.642018
vt 0.796382 0.648340
vt 0.793426 0.645036
vt 0.532904 0.601608
vt 0.534885 0.606022
vt 0.532187 0.606022
vt 0.781952 0.087669
vt 0.779290 0.083631
vt 0.781952 0.083197
vt 0.961421 0.746679
vt 0.961421 0.840172
vt 0.956933 0.839913
vt 0.961845 0.454954
vt 0.961845 0.548447
vt 0.957357 0.548189
vt 0.958569 0.102791
vt 0.962672 0.196751
vt 0.958173 0.196751
vt 0.962677 0.101215
vt 0.958178 0.007272
vt 0.962677 0.007253
vt 0.980991 0.287482
vt 0.985416 0.344126
vt 0.980938 0.344126
vt 0.986300 0.063898
vt 0.981822 0.007258
vt 0.986300 0.007253
vt 0.982506 0.921070
vt 0.982506 0.977896
vt 0.978029 0.977539
vt 0.982125 0.557696
vt 0.982125 0.614521
vt 0.977647 0.614164
vt 0.993809 0.007253
vt 0.993809 0.052330
vt 0.990749 0.051941
vt 0.089717 0.949575
vt 0.089717 0.994652
vt 0.086657 0.994262
vt 0.990391 0.407995
vt 0.990391 0.453075
vt 0.985938 0.452619
vt 0.991034 0.117298
vt 0.991034 0.162379
vt 0.986580 0.161923
vt 0.982129 0.606929
vt 0.986623 0.651788
vt 0.982125 0.651788
vt 0.988950 0.743284
vt 0.984451 0.698426
vt 0.988950 0.698426
vt 0.990507 0.651737
vt 0.986623 0.607038
vt 0.990507 0.606929
vt 0.990284 0.921070
vt 0.990284 0.965937
vt 0.986406 0.965709
vt 0.929754 0.720138
vt 0.929754 0.765215
vt 0.926694 0.764825
vt 0.994093 0.117298
vt 0.994093 0.162375
vt 0.991034 0.161986
vt 0.989194 0.746679
vt 0.989194 0.791760
vt 0.984741 0.791303
vt 0.989928 0.454954
vt 0.989928 0.500035
vt 0.985475 0.499579
vt 0.988927 0.653342
vt 0.988927 0.698426
vt 0.984451 0.697976
vt 0.985420 0.336169
vt 0.989915 0.381027
vt 0.985416 0.381027
vt 0.986587 0.557696
vt 0.986587 0.606929
vt 0.982125 0.606393
vt 0.986890 0.864245
vt 0.986890 0.913479
vt 0.982427 0.912942
vt 0.984451 0.709987
vt 0.979973 0.653346
vt 0.984451 0.653342
vt 0.979442 0.799207
vt 0.983867 0.855852
vt 0.979389 0.855852
vt 0.981112 0.454954
vt 0.985475 0.511310
vt 0.980976 0.511310
vt 0.982218 0.117298
vt 0.986580 0.173654
vt 0.982082 0.173654
vt 0.984931 0.198663
vt 0.984931 0.255489
vt 0.980454 0.255132
vt 0.982427 0.864245
vt 0.982427 0.921070
vt 0.977950 0.920714
vt 0.981822 0.007253
vt 0.981822 0.073340
vt 0.977765 0.072505
vt 0.979973 0.653342
vt 0.979973 0.719429
vt 0.975916 0.718594
vt 0.990749 0.055803
vt 0.986300 0.007822
vt 0.990749 0.007253
vt 0.988316 0.847757
vt 0.983867 0.799776
vt 0.988316 0.799207
vt 0.977647 0.557696
vt 0.977647 0.626601
vt 0.973174 0.626327
vt 0.976871 0.356285
vt 0.976871 0.425191
vt 0.972397 0.424916
vt 0.989412 0.198663
vt 0.989412 0.247350
vt 0.984931 0.246915
vt 0.989896 0.287482
vt 0.989896 0.336169
vt 0.985416 0.335734
vt 0.980938 0.351133
vt 0.976722 0.288081
vt 0.980938 0.287482
vt 0.979389 0.862859
vt 0.975173 0.799807
vt 0.979389 0.799207
vt 0.984741 0.746679
vt 0.984741 0.796498
vt 0.980323 0.795776
vt 0.516168 0.937347
vt 0.516168 0.987166
vt 0.511750 0.986444
vt 0.976722 0.287482
vt 0.976722 0.356285
vt 0.972240 0.355972
vt 0.975916 0.653342
vt 0.975916 0.722146
vt 0.971434 0.721833
vt 0.972726 0.939032
vt 0.972726 0.988002
vt 0.968241 0.987749
vt 0.989208 0.116875
vt 0.984719 0.068112
vt 0.989208 0.067952
vt 0.875824 0.501705
vt 0.875824 0.383689
vt 0.883516 0.501705
vt 0.883516 0.383689
vt 0.784272 0.520516
vt 0.784272 0.525011
vt 0.780639 0.520348
vt 0.780639 0.524843
vt 0.445635 0.735579
vt 0.441229 0.735604
vt 0.445635 0.731077
vt 0.441229 0.731102
vt 0.976961 0.117298
vt 0.976961 0.189691
vt 0.972461 0.117308
vt 0.972461 0.189700
vt 0.958178 0.007255
vt 0.958178 0.102791
vt 0.953679 0.007253
vt 0.953679 0.102789
vt 0.959574 0.557699
vt 0.959574 0.652898
vt 0.955075 0.557696
vt 0.955075 0.652894
vt 0.432291 0.731080
vt 0.436774 0.731077
vt 0.432291 0.735584
vt 0.436774 0.735581
vt 0.775880 0.087701
vt 0.775880 0.083197
vt 0.779290 0.087709
vt 0.779290 0.083205
vt 0.598567 0.887261
vt 0.598567 0.964470
vt 0.594081 0.887468
vt 0.594081 0.964677
vt 0.952310 0.294194
vt 0.952310 0.198665
vt 0.956809 0.294192
vt 0.956809 0.198663
vt 0.962071 0.318403
vt 0.962071 0.411977
vt 0.957573 0.318378
vt 0.957573 0.411951
vt 0.734457 0.411956
vt 0.734457 0.404270
vt 0.742061 0.411882
vt 0.742061 0.404196
vt 0.770346 0.649921
vt 0.763917 0.649805
vt 0.770346 0.642222
vt 0.763917 0.642106
vt 0.928910 0.928323
vt 0.928910 0.864745
vt 0.936604 0.928406
vt 0.936604 0.864828
vt 0.561519 0.893558
vt 0.561519 0.794860
vt 0.569214 0.893559
vt 0.569214 0.794861
vt 0.909557 0.257776
vt 0.909557 0.356209
vt 0.901862 0.257775
vt 0.901862 0.356208
vt 0.887534 0.864710
vt 0.887534 0.766036
vt 0.895229 0.864710
vt 0.895229 0.766037
vt 0.770346 0.649846
vt 0.770346 0.642145
vt 0.776770 0.649808
vt 0.776770 0.642106
vt 0.756397 0.642106
vt 0.763917 0.642111
vt 0.756397 0.649808
vt 0.763917 0.649812
vt 0.886475 0.370807
vt 0.886475 0.257839
vt 0.894167 0.370743
vt 0.894167 0.257775
vt 0.863427 0.375790
vt 0.863427 0.257775
vt 0.871121 0.375789
vt 0.871122 0.257775
vt 0.878277 0.765492
vt 0.878277 0.648529
vt 0.885957 0.765427
vt 0.885957 0.648464
vt 0.870584 0.648847
vt 0.870584 0.530836
vt 0.878277 0.648845
vt 0.878277 0.530834
vt 0.961309 0.286056
vt 0.961309 0.198663
vt 0.965799 0.286177
vt 0.965799 0.198784
vt 0.661901 0.887994
vt 0.661901 0.965316
vt 0.657450 0.888384
vt 0.657450 0.965706
vt 0.336018 0.853475
vt 0.336018 0.902377
vt 0.331525 0.853349
vt 0.331525 0.902251
vt 0.980893 0.412652
vt 0.980893 0.356296
vt 0.985392 0.412641
vt 0.985392 0.356285
vt 0.986587 0.602612
vt 0.986587 0.557805
vt 0.990471 0.602503
vt 0.990470 0.557696
vt 0.936502 0.563987
vt 0.939304 0.564015
vt 0.936502 0.746652
vt 0.939304 0.746679
vt 0.200182 0.857299
vt 0.198632 0.857300
vt 0.200182 0.672457
vt 0.198632 0.672457
vt 0.136167 0.791655
vt 0.134618 0.791655
vt 0.136167 0.606820
vt 0.134618 0.606821
vt 0.989412 0.198690
vt 0.992186 0.198663
vt 0.989412 0.258780
vt 0.992186 0.258753
vt 0.424021 0.211649
vt 0.425019 0.211638
vt 0.424021 0.271856
vt 0.425019 0.271845
vt 0.634126 0.806478
vt 0.632581 0.806478
vt 0.634126 0.746269
vt 0.632580 0.746269
vt 0.495586 0.776165
vt 0.498393 0.776165
vt 0.495586 0.892009
vt 0.498393 0.892009
vt 0.344398 0.769114
vt 0.342848 0.769114
vt 0.344398 0.652987
vt 0.342848 0.652987
vt 0.068351 0.518943
vt 0.069900 0.518943
vt 0.068351 0.635099
vt 0.069900 0.635099
vt 0.848482 0.549802
vt 0.851289 0.549832
vt 0.848483 0.566946
vt 0.851289 0.569168
vt 0.986966 0.407643
vt 0.985416 0.407643
vt 0.986966 0.381028
vt 0.985416 0.381027
vt 0.092676 0.897090
vt 0.094226 0.897090
vt 0.092676 0.927099
vt 0.094226 0.927100
vt 0.449866 0.959410
vt 0.449866 0.989346
vt 0.447058 0.962802
vt 0.447058 0.989346
vt 0.447478 0.274276
vt 0.447478 0.277713
vt 0.445928 0.274289
vt 0.445928 0.277725
vt 0.847708 0.224914
vt 0.847708 0.232616
vt 0.842751 0.224967
vt 0.842751 0.232669
vt 0.679237 0.277702
vt 0.671563 0.277704
vt 0.679237 0.270000
vt 0.671563 0.270002
vt 0.343998 0.483889
vt 0.343998 0.601900
vt 0.336304 0.483890
vt 0.336304 0.601901
vt 0.873260 0.251555
vt 0.873260 0.133539
vt 0.880953 0.251554
vt 0.880953 0.133538
vt 0.847708 0.224968
vt 0.852560 0.224914
vt 0.847708 0.232670
vt 0.852560 0.232616
vt 0.733526 0.649810
vt 0.733526 0.642108
vt 0.741188 0.649808
vt 0.741188 0.642106
vt 0.142346 0.277291
vt 0.142346 0.395302
vt 0.134652 0.277292
vt 0.134652 0.395303
vt 0.495586 0.776249
vt 0.495586 0.892542
vt 0.487907 0.776165
vt 0.487907 0.892458
vt 0.880953 0.015521
vt 0.880953 0.133538
vt 0.873260 0.015522
vt 0.873260 0.133538
vt 0.911622 0.648464
vt 0.911622 0.745944
vt 0.903931 0.648608
vt 0.903931 0.746088
vt 0.780639 0.524997
vt 0.776852 0.524843
vt 0.780639 0.520502
vt 0.776852 0.520348
vt 0.441229 0.731077
vt 0.441229 0.735579
vt 0.436774 0.731094
vt 0.436774 0.735597
vt 0.968674 0.633768
vt 0.968674 0.557704
vt 0.973174 0.633760
vt 0.973174 0.557696
vt 0.956809 0.293186
vt 0.956809 0.198663
vt 0.961309 0.293192
vt 0.961309 0.198669
vt 0.449400 0.731077
vt 0.452482 0.731164
vt 0.449400 0.735579
vt 0.452482 0.735666
vt 0.843480 0.177141
vt 0.843480 0.169439
vt 0.848436 0.177087
vt 0.848436 0.169386
vt 0.679237 0.270002
vt 0.686911 0.270000
vt 0.679237 0.277704
vt 0.686911 0.277702
vt 0.384591 0.787359
vt 0.384591 0.885984
vt 0.376901 0.787497
vt 0.376901 0.886123
vt 0.705382 0.719160
vt 0.705382 0.837170
vt 0.697687 0.719160
vt 0.697687 0.837171
vt 0.880953 0.249776
vt 0.880953 0.133151
vt 0.888632 0.249852
vt 0.888632 0.133226
vt 0.207051 0.964047
vt 0.207051 1.000000
vt 0.205770 0.999954
vt 0.209615 0.999977
vt 0.208333 0.964047
vt 0.209615 0.964047
vt 0.602446 0.997606
vt 0.603728 0.964876
vt 0.603728 0.997606
vt 0.603728 0.997606
vt 0.605011 0.964876
vt 0.605011 0.997606
vt 0.323735 0.969440
vt 0.323735 0.985020
vt 0.322793 0.969472
vt 0.246146 0.984781
vt 0.246774 0.969214
vt 0.247201 0.984781
vt 0.204487 0.999977
vt 0.205770 0.964047
vt 0.205770 0.999977
vt 0.695648 0.997500
vt 0.696931 0.961570
vt 0.696931 0.997736
vt 0.734850 0.962383
vt 0.735314 0.998312
vt 0.734032 0.998312
vt 0.854316 0.962302
vt 0.854316 0.998235
vt 0.853035 0.998189
vt 0.572235 0.997993
vt 0.573517 0.965271
vt 0.573517 0.997993
vt 0.111296 0.999407
vt 0.112578 0.966685
vt 0.112578 0.999407
vt 0.643294 0.962607
vt 0.643294 0.998569
vt 0.642013 0.962652
vt 0.644576 0.962607
vt 0.644576 0.998569
vt 0.643294 0.962652
vt 0.806768 0.967375
vt 0.806768 0.982992
vt 0.805506 0.967490
vt 0.925786 0.967015
vt 0.925786 0.982632
vt 0.924524 0.967131
vt 0.997688 0.654350
vt 0.997688 0.690303
vt 0.996406 0.690257
vt 0.208333 0.964047
vt 0.208333 1.000000
vt 0.207051 0.999954
vt 0.385874 0.998536
vt 0.387156 0.965806
vt 0.387156 0.998536
vt 0.384591 0.998536
vt 0.385874 0.965806
vt 0.385874 0.998536
vt 0.949142 0.178787
vt 0.949142 0.194368
vt 0.948184 0.178821
vt 0.245082 0.984758
vt 0.246146 0.969214
vt 0.246146 0.984787
vt 0.634321 0.998566
vt 0.635604 0.962607
vt 0.635604 0.998566
vt 0.696931 0.997530
vt 0.698213 0.961570
vt 0.698213 0.997736
vt 0.730592 0.962383
vt 0.731468 0.998320
vt 0.730185 0.998320
vt 0.999543 0.117298
vt 0.999543 0.153246
vt 0.998261 0.153200
vt 0.110013 0.999407
vt 0.111296 0.966685
vt 0.111296 0.999407
vt 0.578646 0.997993
vt 0.579929 0.965271
vt 0.579929 0.997993
vt 0.906245 0.000000
vt 0.906245 0.013109
vt 0.904971 0.000149
vt 0.904971 0.000000
vt 0.904971 0.013109
vt 0.903698 0.000149
vt 0.858163 0.998145
vt 0.859439 0.962302
vt 0.859446 0.998145
vt 0.862011 0.998145
vt 0.863286 0.962302
vt 0.863293 0.998145
vt 0.314589 0.967976
vt 0.314589 0.991176
vt 0.313309 0.991091
vt 0.312029 0.967976
vt 0.312029 0.991176
vt 0.310750 0.991091
vt 0.581211 0.997913
vt 0.582494 0.965271
vt 0.582494 0.997913
vt 0.115143 0.999327
vt 0.116420 0.966685
vt 0.116426 0.999327
vt 0.897261 0.000000
vt 0.897261 0.012965
vt 0.895970 0.000039
vt 0.912619 0.000000
vt 0.912619 0.012965
vt 0.911343 0.000135
vt 0.306903 0.991144
vt 0.307936 0.967976
vt 0.308185 0.991144
vt 0.178896 0.991218
vt 0.180178 0.968062
vt 0.180178 0.991365
vt 0.999073 0.153246
vt 0.999544 0.189079
vt 0.998261 0.189079
vt 0.997566 0.799207
vt 0.997566 0.835044
vt 0.996284 0.834998
vt 0.956832 0.843213
vt 0.956832 0.864322
vt 0.955551 0.843277
vt 0.952987 0.864296
vt 0.954042 0.843213
vt 0.954269 0.864296
vt 0.855598 0.962302
vt 0.855598 0.998168
vt 0.854316 0.962348
vt 0.859446 0.998145
vt 0.860721 0.962302
vt 0.860728 0.998145
vt 0.933839 0.966149
vt 0.933839 0.989349
vt 0.932559 0.989264
vt 0.313309 0.967976
vt 0.313309 0.991176
vt 0.312029 0.991091
vt 0.499005 0.998490
vt 0.500281 0.965848
vt 0.500287 0.998490
vt 0.501570 0.998490
vt 0.502846 0.965848
vt 0.502852 0.998490
vt 0.901134 0.000000
vt 0.901134 0.012965
vt 0.899843 0.000039
vt 0.911343 0.000000
vt 0.911343 0.012965
vt 0.910067 0.000135
vt 0.309467 0.991131
vt 0.310750 0.967976
vt 0.310750 0.991145
vt 0.180178 0.991218
vt 0.181460 0.968062
vt 0.181460 0.991365
vt 0.996848 0.854455
vt 0.997320 0.890288
vt 0.996038 0.890288
vt 1.000000 0.007253
vt 1.000000 0.043090
vt 0.998718 0.043044
vt 0.950423 0.843213
vt 0.950423 0.864322
vt 0.949143 0.843277
vt 0.952987 0.843213
vt 0.952987 0.864322
vt 0.951706 0.843277
vt 0.908792 0.000000
vt 0.908792 0.013109
vt 0.907518 0.000149
vt 0.907518 0.000000
vt 0.907518 0.013109
vt 0.906245 0.000149
vt 0.856881 0.998145
vt 0.858163 0.962302
vt 0.858163 0.998145
vt 0.860728 0.998145
vt 0.862004 0.962302
vt 0.862011 0.998145
vt 0.317148 0.967976
vt 0.317148 0.991176
vt 0.315868 0.991091
vt 0.315868 0.967976
vt 0.315868 0.991176
vt 0.314589 0.991091
vt 0.118991 0.999327
vt 0.120273 0.966685
vt 0.120273 0.999327
vt 0.500287 0.998490
vt 0.501564 0.965848
vt 0.501570 0.998490
vt 0.898552 0.000000
vt 0.898552 0.012965
vt 0.897261 0.000039
vt 0.913894 0.000000
vt 0.913894 0.012965
vt 0.912619 0.000135
vt 0.308185 0.991131
vt 0.309467 0.967976
vt 0.309467 0.991145
vt 0.177613 0.991218
vt 0.178895 0.968062
vt 0.178895 0.991365
vt 0.865859 0.962302
vt 0.865859 0.998139
vt 0.864576 0.998122
vt 0.998707 0.443837
vt 0.998707 0.479674
vt 0.997425 0.479628
vt 0.950423 0.864296
vt 0.951480 0.843213
vt 0.951706 0.864296
vt 0.954269 0.864283
vt 0.955552 0.843213
vt 0.955552 0.864297
vt 0.932559 0.966149
vt 0.932559 0.989349
vt 0.931280 0.989264
vt 0.318428 0.967976
vt 0.318428 0.991176
vt 0.317148 0.991091
vt 0.113861 0.999327
vt 0.115143 0.966685
vt 0.115143 0.999327
vt 0.116426 0.999327
vt 0.117703 0.966685
vt 0.117708 0.999327
vt 0.898552 0.012959
vt 0.898945 0.000000
vt 0.899843 0.012959
vt 0.910067 0.000000
vt 0.910067 0.012965
vt 0.908792 0.000135
vt 0.986406 0.989106
vt 0.987440 0.965937
vt 0.987689 0.989106
vt 0.654839 0.938732
vt 0.656121 0.915576
vt 0.656121 0.938879
vt 0.864104 0.962302
vt 0.864576 0.998136
vt 0.863293 0.998136
vt 0.999543 0.189079
vt 0.999543 0.224916
vt 0.998261 0.224870
vt 0.935121 0.987231
vt 0.936177 0.966149
vt 0.936404 0.987231
vt 0.933839 0.987231
vt 0.934895 0.966149
vt 0.935121 0.987231
vt 0.204487 0.999977
vt 0.203205 0.964047
vt 0.204487 0.964047
vt 0.203205 0.964047
vt 0.203205 1.000000
vt 0.201923 0.999954
vt 0.610139 0.964876
vt 0.610139 0.997631
vt 0.608858 0.964926
vt 0.606293 0.997606
vt 0.607576 0.964876
vt 0.607576 0.997606
vt 0.321850 0.985013
vt 0.322385 0.969440
vt 0.322793 0.985013
vt 0.242939 0.984781
vt 0.243599 0.969214
vt 0.244011 0.984781
vt 0.996406 0.733619
vt 0.997689 0.697689
vt 0.997689 0.733619
vt 0.699496 0.997500
vt 0.700778 0.961570
vt 0.700778 0.997736
vt 0.736597 0.998322
vt 0.735314 0.962383
vt 0.736597 0.962383
vt 0.737879 0.998322
vt 0.736597 0.962383
vt 0.737879 0.962383
vt 0.108731 0.999407
vt 0.110013 0.966685
vt 0.110013 0.999407
vt 0.579929 0.997993
vt 0.581211 0.965271
vt 0.581211 0.997993
vt 0.740443 0.998313
vt 0.739161 0.962383
vt 0.740443 0.962383
vt 0.201923 0.999977
vt 0.200641 0.964047
vt 0.201923 0.964047
vt 0.605011 0.997606
vt 0.606293 0.964876
vt 0.606293 0.997606
vt 0.994862 0.606804
vt 0.996144 0.574074
vt 0.996144 0.606805
vt 0.931280 0.966149
vt 0.931280 0.981731
vt 0.930337 0.966181
vt 0.244011 0.984781
vt 0.244671 0.969214
vt 0.245082 0.984781
vt 0.998355 0.093781
vt 0.999638 0.057851
vt 0.999638 0.093781
vt 0.698213 0.997500
vt 0.699496 0.961570
vt 0.699496 0.997736
vt 0.734032 0.962383
vt 0.734032 0.998345
vt 0.732750 0.998299
vt 0.739161 0.962383
vt 0.739161 0.998345
vt 0.737879 0.998299
vt 0.392284 0.965806
vt 0.392284 0.998553
vt 0.391003 0.965856
vt 0.576081 0.965271
vt 0.576081 0.998018
vt 0.574800 0.965321
vt 0.212179 0.964047
vt 0.212179 1.000000
vt 0.210897 0.999954
vt 0.998707 0.355107
vt 0.998707 0.391061
vt 0.997426 0.391015
vt 0.358739 0.973381
vt 0.359273 0.957808
vt 0.359681 0.973381
vt 0.241867 0.969214
vt 0.241867 0.984795
vt 0.240797 0.969259
vt 0.740443 0.998313
vt 0.741726 0.962383
vt 0.741726 0.998313
vt 0.992597 0.198309
vt 0.993879 0.162379
vt 0.993879 0.198544
vt 0.924524 0.967015
vt 0.924524 0.982632
vt 0.923262 0.967131
vt 0.805506 0.967375
vt 0.805506 0.982992
vt 0.804244 0.967490
vt 0.638167 0.962607
vt 0.638167 0.998569
vt 0.636885 0.998523
vt 0.636885 0.962607
vt 0.636885 0.998569
vt 0.635604 0.998523
vt 0.393566 0.965806
vt 0.393566 0.998553
vt 0.392284 0.965856
vt 0.393566 0.998528
vt 0.394848 0.965806
vt 0.394848 0.998528
vt 0.210897 0.964047
vt 0.210897 1.000000
vt 0.209615 0.999954
vt 0.213460 0.964047
vt 0.213460 1.000000
vt 0.212179 0.999954
vt 0.534281 0.944898
vt 0.534817 0.929326
vt 0.535224 0.944898
vt 0.241867 0.984758
vt 0.242939 0.969214
vt 0.242939 0.984787
vt 0.995295 0.997605
vt 0.996577 0.961675
vt 0.996577 0.997605
vt 0.694366 0.997500
vt 0.695648 0.961570
vt 0.695648 0.997736
vt 0.639449 0.962607
vt 0.639449 0.998569
vt 0.638167 0.998523
vt 0.642013 0.962607
vt 0.642013 0.998569
vt 0.640731 0.998523
vt 0.394848 0.998528
vt 0.396131 0.965806
vt 0.396131 0.998528
vt 0.391003 0.965806
vt 0.391003 0.998553
vt 0.389721 0.965856
vt 0.941602 0.478495
vt 0.943057 0.460071
vt 0.943057 0.480704
vt 0.965714 0.537979
vt 0.965714 0.556461
vt 0.964424 0.540127
vt 0.990478 0.193708
vt 0.992597 0.162379
vt 0.992597 0.195043
vt 0.070573 0.886035
vt 0.070573 0.917437
vt 0.068565 0.887756
vt 0.944479 0.743713
vt 0.945933 0.725289
vt 0.945933 0.745922
vt 0.421296 0.803695
vt 0.421296 0.822177
vt 0.420007 0.805843
vt 0.449866 0.990739
vt 0.451985 0.959410
vt 0.451985 0.992074
vt 0.663972 0.959836
vt 0.663972 0.991238
vt 0.661965 0.961558
vt 0.914193 0.965436
vt 0.914193 0.986137
vt 0.913090 0.965526
vt 0.648244 0.962607
vt 0.648244 0.983308
vt 0.647141 0.962697
vt 0.994862 0.455562
vt 0.993579 0.407995
vt 0.994862 0.407995
vt 0.271175 0.288694
vt 0.270530 0.265040
vt 0.271175 0.241110
vt 0.176333 0.991725
vt 0.175052 0.991655
vt 0.176333 0.968062
vt 0.226404 0.968620
vt 0.226404 0.989315
vt 0.225131 0.968696
vt 0.063418 0.989831
vt 0.064644 0.969173
vt 0.064694 0.989831
vt 0.994861 0.455562
vt 0.994861 0.503001
vt 0.993579 0.502965
vt 0.271267 0.578914
vt 0.270631 0.555021
vt 0.271267 0.531474
vt 0.171209 0.991964
vt 0.169928 0.991894
vt 0.171209 0.968062
vt 0.589448 0.967673
vt 0.589448 0.984124
vt 0.588176 0.967769
vt 0.727528 0.983947
vt 0.728764 0.967543
vt 0.728804 0.983947
vt 0.998355 0.057851
vt 0.998355 0.101189
vt 0.997073 0.101152
vt 0.998261 0.160619
vt 0.996979 0.117299
vt 0.998261 0.117298
vt 0.706968 0.834834
vt 0.706968 0.851292
vt 0.705866 0.834939
vt 0.930327 0.967015
vt 0.930327 0.983474
vt 0.929225 0.967121
vt 0.997474 0.606929
vt 0.997474 0.650137
vt 0.996192 0.650097
vt 0.996620 0.751304
vt 0.996620 0.794511
vt 0.995338 0.794472
vt 0.894593 0.645774
vt 0.896998 0.627272
vt 0.896998 0.647938
vt 0.856230 0.549802
vt 0.856230 0.568460
vt 0.854362 0.552158
vt 0.221213 0.899672
vt 0.221213 0.945242
vt 0.219188 0.943018
vt 0.773176 0.568308
vt 0.771051 0.522787
vt 0.773176 0.520348
vt 0.912158 0.645246
vt 0.914283 0.626709
vt 0.914283 0.647373
vt 0.632189 0.792937
vt 0.632189 0.811595
vt 0.630320 0.795293
vt 0.992062 0.103371
vt 0.994188 0.057851
vt 0.994188 0.105498
vt 0.949123 0.056630
vt 0.949123 0.102200
vt 0.947098 0.058854
vt 0.067234 0.969173
vt 0.067234 0.989870
vt 0.065973 0.969268
vt 0.942614 0.966149
vt 0.942614 0.986846
vt 0.941511 0.966248
vt 0.171209 0.991928
vt 0.172468 0.968062
vt 0.172491 0.991928
vt 0.070537 0.518943
vt 0.070537 0.566380
vt 0.069900 0.542834
vt 0.633622 0.990857
vt 0.632340 0.990545
vt 0.633622 0.943125
vt 0.938959 0.986807
vt 0.940185 0.966149
vt 0.940235 0.986807
vt 0.940235 0.986807
vt 0.941460 0.966149
vt 0.941511 0.986807
vt 0.993735 0.751304
vt 0.993735 0.798888
vt 0.992453 0.798854
vt 0.271167 0.479192
vt 0.270530 0.455227
vt 0.271167 0.431607
vt 0.911808 0.965437
vt 0.913090 0.965436
vt 0.913090 0.989376
vt 0.719866 0.983947
vt 0.721102 0.967543
vt 0.721142 0.983947
vt 0.919441 0.983419
vt 0.920677 0.967015
vt 0.920716 0.983419
vt 0.998261 0.203939
vt 0.998261 0.247146
vt 0.996979 0.247107
vt 0.997425 0.443837
vt 0.997425 0.487045
vt 0.996144 0.487005
vt 0.809038 0.967375
vt 0.809038 0.983833
vt 0.807936 0.967480
vt 0.811243 0.967375
vt 0.811243 0.983833
vt 0.810141 0.967480
vt 0.996989 0.160619
vt 0.998261 0.203939
vt 0.996979 0.203939
vt 0.996406 0.654350
vt 0.996406 0.697689
vt 0.995124 0.697651
vt 0.932705 0.478606
vt 0.934827 0.460071
vt 0.934827 0.480735
vt 0.911395 0.746088
vt 0.911395 0.764745
vt 0.909529 0.748443
vt 0.994540 0.311695
vt 0.994540 0.357188
vt 0.992516 0.354968
vt 0.993579 0.550776
vt 0.991453 0.505333
vt 0.993579 0.503209
vt 0.930584 0.478606
vt 0.932705 0.460071
vt 0.932705 0.480735
vt 0.905797 0.746088
vt 0.905797 0.764745
vt 0.903931 0.748443
vt 0.992186 0.244107
vt 0.994311 0.198663
vt 0.994311 0.246230
vt 0.221212 0.945242
vt 0.221212 0.990736
vt 0.219188 0.947463
vt 0.969953 0.651571
vt 0.971234 0.633768
vt 0.971234 0.651607
vt 0.068515 0.987005
vt 0.069296 0.969173
vt 0.069796 0.987005
vt 0.910527 0.965436
vt 0.910527 0.989450
vt 0.909246 0.965505
vt 0.995376 0.164946
vt 0.994093 0.141278
vt 0.995376 0.117298
vt 0.175052 0.991765
vt 0.173772 0.991695
vt 0.175052 0.968062
vt 0.222572 0.968620
vt 0.222572 0.989221
vt 0.221292 0.968703
vt 0.228960 0.968620
vt 0.228960 0.989221
vt 0.227680 0.968703
vt 0.508379 0.998512
vt 0.507101 0.965922
vt 0.508379 0.965848
vt 0.570912 0.813437
vt 0.570276 0.797035
vt 0.570912 0.780822
vt 0.974789 0.287333
vt 0.973509 0.287308
vt 0.974789 0.270919
vt 0.593280 0.967673
vt 0.593280 0.984051
vt 0.592002 0.967777
vt 0.921994 0.967015
vt 0.921994 0.983393
vt 0.920716 0.967119
vt 0.995295 0.921070
vt 0.995295 0.964483
vt 0.994013 0.964445
vt 0.996192 0.606929
vt 0.996192 0.650342
vt 0.994910 0.650304
vt 0.893478 0.000000
vt 0.893478 0.014187
vt 0.892200 0.000080
vt 0.871743 0.751453
vt 0.871743 0.765640
vt 0.870465 0.751532
vt 0.336991 0.996676
vt 0.335712 0.967002
vt 0.336991 0.966928
vt 0.331877 0.996675
vt 0.330599 0.967002
vt 0.331877 0.966928
vt 0.899398 0.645775
vt 0.901791 0.627272
vt 0.901791 0.647937
vt 0.920393 0.628715
vt 0.920393 0.647373
vt 0.918533 0.631071
vt 0.993399 0.799207
vt 0.993399 0.844563
vt 0.991375 0.842347
vt 0.902724 0.991971
vt 0.900598 0.946665
vt 0.902724 0.944239
vt 0.727520 0.933842
vt 0.729635 0.915304
vt 0.729635 0.935967
vt 0.922253 0.628715
vt 0.922253 0.647373
vt 0.920393 0.631071
vt 0.990284 0.966372
vt 0.992410 0.921070
vt 0.992410 0.968491
vt 0.995833 0.007253
vt 0.995833 0.052605
vt 0.993809 0.009466
vt 0.584354 0.985319
vt 0.585617 0.967673
vt 0.585617 0.985512
vt 0.583073 0.985347
vt 0.583842 0.967673
vt 0.584354 0.985347
vt 0.973509 0.270919
vt 0.973509 0.287482
vt 0.972240 0.271092
vt 0.374879 0.786369
vt 0.374879 0.819133
vt 0.374246 0.802920
vt 0.260281 0.920649
vt 0.259002 0.920509
vt 0.260281 0.887770
vt 0.225131 0.968620
vt 0.225131 0.989221
vt 0.223851 0.968703
vt 0.231519 0.968620
vt 0.231519 0.989221
vt 0.230239 0.968703
vt 0.993152 0.854455
vt 0.993152 0.902119
vt 0.991870 0.902085
vt 0.271167 0.384023
vt 0.270530 0.360018
vt 0.271167 0.336358
vt 0.907964 0.989450
vt 0.906683 0.989382
vt 0.907964 0.965436
vt 0.722420 0.967543
vt 0.722420 0.983921
vt 0.721142 0.967647
vt 0.724974 0.967543
vt 0.724974 0.983921
vt 0.723696 0.967647
vt 0.335712 0.996676
vt 0.334434 0.967002
vt 0.335712 0.966928
vt 0.334434 0.996675
vt 0.333156 0.967002
vt 0.334434 0.966928
vt 0.875583 0.765582
vt 0.876864 0.751453
vt 0.876864 0.765618
vt 0.874303 0.765582
vt 0.875583 0.751453
vt 0.875583 0.765618
vt 0.997425 0.311695
vt 0.997425 0.355107
vt 0.996143 0.355069
vt 0.996876 0.198663
vt 0.996876 0.242075
vt 0.995594 0.242037
vt 0.916408 0.645246
vt 0.918533 0.626709
vt 0.918533 0.647373
vt 0.344252 0.633967
vt 0.344252 0.652625
vt 0.342383 0.636324
vt 0.989744 0.899975
vt 0.991870 0.854455
vt 0.991870 0.902102
vt 0.108546 0.738385
vt 0.108546 0.783955
vt 0.106522 0.740609
vt 0.914283 0.645246
vt 0.916408 0.626709
vt 0.916408 0.647373
vt 0.893043 0.482314
vt 0.893043 0.500972
vt 0.891174 0.484671
vt 0.991453 0.453515
vt 0.993579 0.407995
vt 0.993579 0.455642
vt 0.974844 0.819175
vt 0.974844 0.864745
vt 0.972820 0.821399
vt 0.866962 0.962302
vt 0.866962 0.983003
vt 0.865859 0.962392
vt 0.188205 0.960742
vt 0.188205 0.981443
vt 0.187102 0.960832
vt 0.994861 0.503001
vt 0.994861 0.550441
vt 0.993579 0.550405
vt 0.142992 0.324731
vt 0.142346 0.301148
vt 0.142992 0.277291
vt 0.177613 0.991654
vt 0.176333 0.991583
vt 0.177613 0.968062
vt 0.937683 0.986804
vt 0.938959 0.966149
vt 0.938959 0.986807
vt 0.820042 0.940760
vt 0.820042 0.961455
vt 0.818769 0.940836
vt 0.994323 0.198663
vt 0.995594 0.246230
vt 0.994311 0.246230
vt 0.271167 0.431607
vt 0.270530 0.407642
vt 0.271167 0.384023
vt 0.911807 0.989410
vt 0.910527 0.989341
vt 0.911807 0.965436
vt 0.589448 0.984074
vt 0.590724 0.967673
vt 0.590724 0.984077
vt 0.726252 0.983944
vt 0.727528 0.967543
vt 0.727528 0.983947
vt 0.997425 0.530252
vt 0.997425 0.573459
vt 0.996144 0.573420
vt 0.997425 0.487045
vt 0.997425 0.530252
vt 0.996144 0.530212
vt 0.947761 0.274525
vt 0.947761 0.290984
vt 0.946658 0.274631
vt 0.810141 0.967375
vt 0.810141 0.983833
vt 0.809039 0.967480
vt 0.998718 0.050573
vt 0.997436 0.007254
vt 0.998718 0.007253
vt 0.994766 0.854455
vt 0.996038 0.897775
vt 0.994755 0.897775
vt 0.792295 0.267537
vt 0.793940 0.249129
vt 0.793940 0.269775
vt 0.963135 0.537979
vt 0.963135 0.556461
vt 0.961845 0.540127
vt 0.884573 0.959145
vt 0.884573 0.990300
vt 0.882550 0.988824
vt 0.940895 0.085525
vt 0.938776 0.054443
vt 0.940895 0.052647
vt 0.940148 0.478495
vt 0.941602 0.460071
vt 0.941602 0.480704
vt 0.964424 0.537979
vt 0.964424 0.556461
vt 0.963135 0.540127
vt 0.878281 0.990474
vt 0.880400 0.959145
vt 0.880400 0.991809
vt 0.665979 0.959836
vt 0.665979 0.991238
vt 0.663972 0.961558
vt 0.384455 0.708032
vt 0.384455 0.728738
vt 0.383509 0.708120
vt 0.188206 0.940036
vt 0.188206 0.960742
vt 0.187102 0.940118
vt 0.169928 0.968062
vt 0.169928 0.992036
vt 0.168647 0.968131
vt 0.271267 0.483889
vt 0.271267 0.531474
vt 0.270631 0.507855
vt 0.555651 0.986547
vt 0.554369 0.986235
vt 0.555651 0.938668
vt 0.820042 0.961455
vt 0.820042 0.982149
vt 0.818769 0.961531
vt 0.226404 0.989278
vt 0.227630 0.968620
vt 0.227680 0.989278
vt 0.994812 0.557696
vt 0.994812 0.605135
vt 0.993530 0.605099
vt 0.070537 0.613820
vt 0.069900 0.589927
vt 0.070537 0.566380
vt 0.173772 0.991964
vt 0.172491 0.991894
vt 0.173772 0.968062
vt 0.718590 0.983947
vt 0.719826 0.967543
vt 0.719866 0.983947
vt 0.722420 0.983947
vt 0.723656 0.967543
vt 0.723696 0.983947
vt 0.997426 0.398428
vt 0.996143 0.355108
vt 0.997426 0.355107
vt 0.996406 0.741009
vt 0.995124 0.697689
vt 0.996406 0.697689
vt 0.929225 0.967015
vt 0.929225 0.983474
vt 0.928123 0.967121
vt 0.812345 0.967375
vt 0.812345 0.983833
vt 0.811243 0.967480
vt 0.997747 0.400630
vt 0.997747 0.443837
vt 0.996465 0.443798
vt 0.996284 0.799207
vt 0.996284 0.842415
vt 0.995002 0.842375
vt 0.901791 0.645809
vt 0.903907 0.627272
vt 0.903907 0.647935
vt 0.925973 0.628715
vt 0.925973 0.647373
vt 0.924113 0.631071
vt 0.991497 0.652231
vt 0.993622 0.606929
vt 0.993622 0.654350
vt 0.993521 0.699844
vt 0.993521 0.745196
vt 0.991497 0.702057
vt 0.934827 0.478608
vt 0.936942 0.460071
vt 0.936942 0.480734
vt 0.924113 0.628715
vt 0.924113 0.647373
vt 0.922253 0.631071
vt 0.992516 0.309576
vt 0.994641 0.264274
vt 0.994641 0.311695
vt 0.994540 0.357188
vt 0.994540 0.402540
vt 0.992516 0.359400
vt 0.972514 0.633768
vt 0.972514 0.651617
vt 0.971234 0.633825
vt 0.067234 0.987005
vt 0.068015 0.969173
vt 0.068515 0.987005
vt 0.509658 0.998512
vt 0.508379 0.965922
vt 0.509658 0.965848
vt 0.392831 0.584270
vt 0.392187 0.568082
vt 0.392831 0.551655
vt 0.802976 0.983573
vt 0.801696 0.983573
vt 0.802638 0.967375
vt 0.937683 0.966149
vt 0.937683 0.986750
vt 0.936404 0.966232
vt 0.065973 0.969173
vt 0.065973 0.989774
vt 0.064694 0.969256
vt 0.995470 0.057851
vt 0.995470 0.105515
vt 0.994188 0.105481
vt 0.142983 0.372396
vt 0.142346 0.348390
vt 0.142983 0.324731
vt 0.906683 0.989450
vt 0.905402 0.989382
vt 0.906683 0.965436
vt 0.588176 0.967673
vt 0.588176 0.984051
vt 0.586898 0.967777
vt 0.726252 0.967543
vt 0.726252 0.983921
vt 0.724974 0.967647
vt 0.330599 0.996676
vt 0.329320 0.967002
vt 0.330599 0.966928
vt 0.661650 0.995454
vt 0.660371 0.965780
vt 0.661650 0.965706
vt 0.871743 0.765612
vt 0.872628 0.751453
vt 0.873024 0.765612
vt 0.870465 0.751453
vt 0.870465 0.765640
vt 0.869186 0.751532
vt 0.997526 0.264274
vt 0.997526 0.307687
vt 0.996244 0.307648
vt 0.996144 0.487250
vt 0.996144 0.530662
vt 0.994862 0.530624
vt 0.896998 0.645773
vt 0.899398 0.627272
vt 0.899398 0.647938
vt 0.907663 0.746088
vt 0.907663 0.764745
vt 0.905797 0.748443
vt 0.795930 0.941078
vt 0.795930 0.986570
vt 0.793906 0.984350
vt 0.909229 0.404279
vt 0.907103 0.358836
vt 0.909229 0.356401
vt 0.928462 0.478606
vt 0.930584 0.460071
vt 0.930584 0.480735
vt 0.909529 0.746088
vt 0.909529 0.764745
vt 0.907663 0.748443
vt 0.991453 0.501086
vt 0.993579 0.455642
vt 0.993579 0.503209
vt 0.993521 0.654350
vt 0.993521 0.699844
vt 0.991497 0.656572
vt 0.911838 0.088972
vt 0.911838 0.106979
vt 0.910552 0.089186
vt 0.969954 0.633768
vt 0.969954 0.651775
vt 0.968674 0.633825
vt 0.907964 0.989416
vt 0.909246 0.965436
vt 0.909246 0.989416
vt 0.271167 0.288694
vt 0.271167 0.336358
vt 0.270530 0.312699
vt 0.901758 0.530834
vt 0.900475 0.530522
vt 0.901758 0.482875
vt 0.230239 0.968620
vt 0.230239 0.989221
vt 0.228960 0.968703
vt 0.223851 0.968620
vt 0.223851 0.989221
vt 0.222572 0.968703
vt 0.510936 0.998512
vt 0.509658 0.965922
vt 0.510936 0.965848
vt 0.570912 0.780822
vt 0.570276 0.764420
vt 0.570912 0.748207
vt 0.586898 0.984085
vt 0.585617 0.984085
vt 0.586572 0.967673
vt 0.592002 0.967673
vt 0.592002 0.984051
vt 0.590724 0.967777
vt 0.730081 0.967543
vt 0.730081 0.983921
vt 0.728804 0.967647
vt 0.996144 0.530662
vt 0.996144 0.574074
vt 0.994862 0.574036
vt 0.996144 0.443837
vt 0.996144 0.487250
vt 0.994862 0.487212
vt 0.878142 0.751453
vt 0.878142 0.765640
vt 0.876864 0.751532
vt 0.874303 0.751453
vt 0.874303 0.765640
vt 0.873024 0.751532
vt 0.338269 0.996676
vt 0.336991 0.967002
vt 0.338269 0.966928
vt 0.333156 0.996676
vt 0.331877 0.967002
vt 0.333156 0.966928
vt 0.561050 0.996328
vt 0.562653 0.960556
vt 0.562653 0.996486
vt 0.990479 0.652349
vt 0.990479 0.688157
vt 0.988950 0.654023
vt 0.859873 0.169386
vt 0.859873 0.177244
vt 0.858238 0.169401
vt 0.932565 0.197812
vt 0.932565 0.205669
vt 0.931028 0.198294
vt 0.858238 0.169386
vt 0.858238 0.177246
vt 0.856605 0.169401
vt 0.935740 0.928927
vt 0.935740 0.936787
vt 0.934236 0.929568
vt 0.863110 0.177080
vt 0.864712 0.169386
vt 0.864712 0.177399
vt 0.932732 0.928927
vt 0.932732 0.936787
vt 0.931228 0.929567
vt 0.861475 0.177244
vt 0.861546 0.169386
vt 0.863110 0.177244
vt 0.934236 0.928927
vt 0.934236 0.936785
vt 0.932732 0.929567
vt 0.861475 0.169386
vt 0.861475 0.177401
vt 0.859873 0.169552
vt 0.932118 0.637301
vt 0.932118 0.645316
vt 0.930611 0.637934
vt 0.562653 0.994882
vt 0.564256 0.960556
vt 0.564256 0.996486
vt 0.689566 0.995934
vt 0.689566 0.961570
vt 0.691160 0.995701
vt 0.923127 0.197333
vt 0.923127 0.205502
vt 0.921559 0.197651
vt 0.897782 0.482314
vt 0.897782 0.490483
vt 0.896214 0.482632
vt 0.877423 0.383687
vt 0.878850 0.376160
vt 0.879023 0.383687
vt 0.880623 0.383650
vt 0.882222 0.376158
vt 0.882222 0.383687
vt 0.910552 0.089712
vt 0.910552 0.106979
vt 0.908959 0.089889
vt 0.928999 0.545789
vt 0.928999 0.563056
vt 0.927406 0.545967
vt 0.941789 0.178787
vt 0.941789 0.197551
vt 0.940194 0.178909
vt 0.936358 0.839886
vt 0.937775 0.821177
vt 0.937958 0.839886
vt 0.857407 0.043656
vt 0.857407 0.049192
vt 0.855886 0.044162
vt 0.851615 0.705221
vt 0.851615 0.710757
vt 0.850094 0.705727
vt 0.344352 0.810190
vt 0.344352 0.817228
vt 0.342796 0.810573
vt 0.937213 0.000000
vt 0.937213 0.007038
vt 0.935657 0.000383
vt 0.670789 0.995617
vt 0.672392 0.959836
vt 0.672392 0.995776
vt 0.697647 0.789419
vt 0.697646 0.825236
vt 0.696117 0.791094
vt 0.852560 0.232608
vt 0.854163 0.224914
vt 0.854163 0.232927
vt 0.930830 0.197333
vt 0.930830 0.205192
vt 0.929293 0.197815
vt 0.844666 0.051350
vt 0.846269 0.043656
vt 0.846269 0.051669
vt 0.934070 0.197812
vt 0.934070 0.205671
vt 0.932565 0.198452
vt 0.686911 0.277695
vt 0.688514 0.270000
vt 0.688514 0.278014
vt 0.933622 0.637301
vt 0.933622 0.645161
vt 0.932118 0.637941
vt 0.855766 0.232773
vt 0.855838 0.224914
vt 0.857401 0.232773
vt 0.935126 0.637301
vt 0.935126 0.645160
vt 0.933622 0.637940
vt 0.854163 0.232769
vt 0.855766 0.224914
vt 0.855766 0.232927
vt 0.929292 0.197333
vt 0.929292 0.205350
vt 0.927786 0.197967
vt 0.672392 0.994171
vt 0.673995 0.959836
vt 0.673995 0.995776
vt 0.689566 0.961570
vt 0.689565 0.995942
vt 0.687972 0.961803
vt 0.405709 0.917677
vt 0.405709 0.925803
vt 0.404138 0.917996
vt 0.404138 0.917677
vt 0.404138 0.925803
vt 0.402567 0.917996
vt 0.879023 0.383650
vt 0.880623 0.376158
vt 0.880623 0.383687
vt 0.875824 0.383652
vt 0.877423 0.376160
vt 0.877423 0.383689
vt 0.899350 0.482314
vt 0.899350 0.490483
vt 0.897782 0.482632
vt 0.896214 0.482314
vt 0.896214 0.490483
vt 0.894646 0.482632
vt 0.952885 0.738896
vt 0.952885 0.746386
vt 0.951333 0.739284
vt 0.951333 0.738896
vt 0.951333 0.746386
vt 0.949781 0.739284
vt 0.882556 0.257573
vt 0.884154 0.249852
vt 0.884159 0.257573
vt 0.884159 0.257572
vt 0.885762 0.249852
vt 0.885762 0.257573
vt 0.570667 0.960556
vt 0.570667 0.996434
vt 0.569066 0.960627
vt 0.993152 0.890297
vt 0.994755 0.854455
vt 0.994755 0.890297
vt 0.932184 0.545789
vt 0.932184 0.563056
vt 0.930592 0.545967
vt 0.930592 0.545789
vt 0.930592 0.563056
vt 0.928999 0.545967
vt 0.938594 0.197482
vt 0.940194 0.178787
vt 0.940194 0.197498
vt 0.937958 0.839871
vt 0.939558 0.821176
vt 0.939558 0.839886
vt 0.947773 0.652005
vt 0.949376 0.644630
vt 0.949376 0.652005
vt 0.946171 0.652005
vt 0.947773 0.644630
vt 0.947773 0.652005
vt 0.935657 0.000000
vt 0.935657 0.007038
vt 0.934100 0.000383
vt 0.934101 0.000000
vt 0.934101 0.007038
vt 0.932544 0.000383
vt 0.853136 0.705221
vt 0.853136 0.710757
vt 0.851615 0.705727
vt 0.854656 0.705221
vt 0.854656 0.710757
vt 0.853136 0.705727
vt 0.785782 0.520348
vt 0.785782 0.525170
vt 0.784272 0.520887
vt 0.264364 0.802789
vt 0.264364 0.807611
vt 0.262854 0.803328
vt 0.866003 0.751453
vt 0.866003 0.765072
vt 0.864413 0.751648
vt 0.864413 0.751453
vt 0.864413 0.765072
vt 0.862822 0.751648
vt 0.894724 0.000000
vt 0.894724 0.013733
vt 0.893478 0.000295
vt 0.895970 0.000000
vt 0.895970 0.013733
vt 0.894724 0.000295
vt 0.936392 0.637301
vt 0.936392 0.646323
vt 0.935126 0.637506
vt 0.935335 0.197812
vt 0.935335 0.206834
vt 0.934070 0.198017
vt 0.867595 0.751453
vt 0.867595 0.765054
vt 0.866003 0.751645
vt 0.869186 0.751453
vt 0.869186 0.765054
vt 0.867595 0.751645
vt 0.141203 0.444342
vt 0.142806 0.434085
vt 0.142806 0.445545
vt 0.959403 0.548447
vt 0.959403 0.557675
vt 0.958383 0.557560
vt 0.958979 0.736044
vt 0.958979 0.745272
vt 0.957959 0.745157
vt 0.797783 0.182074
vt 0.797141 0.172904
vt 0.797783 0.172821
vt 0.661965 0.815550
vt 0.661323 0.806379
vt 0.661965 0.806297
vt 0.626626 0.862183
vt 0.626626 0.871458
vt 0.625606 0.862298
vt 0.954837 0.736000
vt 0.954837 0.745275
vt 0.953817 0.736115
vt 0.325788 0.982295
vt 0.324762 0.969697
vt 0.325788 0.969440
vt 0.439691 0.927701
vt 0.438665 0.915103
vt 0.439691 0.914333
vt 0.043504 0.783024
vt 0.044151 0.774404
vt 0.044151 0.783031
vt 0.926183 0.197333
vt 0.926183 0.205977
vt 0.924730 0.197427
vt 0.323735 0.982072
vt 0.324762 0.969440
vt 0.324762 0.982328
vt 0.926593 0.012631
vt 0.927627 0.000000
vt 0.927627 0.013392
vt 0.448507 0.274276
vt 0.448507 0.276419
vt 0.447478 0.275653
vt 0.449536 0.274276
vt 0.449536 0.276419
vt 0.448507 0.275653
vt 0.342371 0.703327
vt 0.340759 0.699188
vt 0.342371 0.697593
vt 0.839982 0.334195
vt 0.838371 0.330055
vt 0.839982 0.328862
vt 0.268164 0.807469
vt 0.266944 0.803184
vt 0.268164 0.802789
vt 0.269384 0.807469
vt 0.268164 0.803184
vt 0.269384 0.802789
vt 0.831649 0.332876
vt 0.833247 0.328741
vt 0.833247 0.334485
vt 0.840094 0.764623
vt 0.841694 0.760489
vt 0.841694 0.765831
vt 0.865480 0.382470
vt 0.864454 0.376817
vt 0.865480 0.375790
vt 0.867542 0.382213
vt 0.866516 0.376560
vt 0.867542 0.375790
vt 0.857407 0.049343
vt 0.858435 0.043656
vt 0.858435 0.050368
vt 0.865480 0.381476
vt 0.866516 0.375790
vt 0.866516 0.382236
vt 0.855890 0.269842
vt 0.855890 0.281558
vt 0.854653 0.281219
vt 0.861231 0.751453
vt 0.861231 0.765083
vt 0.859640 0.764888
vt 0.862822 0.751453
vt 0.862822 0.765083
vt 0.861231 0.764888
vt 0.859640 0.751453
vt 0.859640 0.765093
vt 0.858049 0.764902
vt 0.858049 0.751453
vt 0.858049 0.765093
vt 0.856457 0.764902
vt 0.598596 0.820595
vt 0.597952 0.811439
vt 0.598596 0.811380
vt 0.598596 0.811380
vt 0.597952 0.802224
vt 0.598596 0.802165
vt 0.706988 0.762967
vt 0.706988 0.769190
vt 0.706372 0.768993
vt 0.706988 0.769190
vt 0.706988 0.775412
vt 0.706372 0.775215
vt 0.797141 0.172821
vt 0.797141 0.159952
vt 0.797787 0.172781
vt 0.797787 0.159911
vt 0.742778 0.816268
vt 0.742778 0.822263
vt 0.742138 0.816171
vt 0.742138 0.822166
vt 0.364371 0.276878
vt 0.364371 0.278052
vt 0.363726 0.276908
vt 0.363726 0.278082
vt 0.783234 0.083197
vt 0.783234 0.087718
vt 0.781952 0.083221
vt 0.781952 0.087741
vt 0.838492 0.760489
vt 0.838492 0.765898
vt 0.836890 0.760489
vt 0.836890 0.765898
vt 0.838371 0.328862
vt 0.838371 0.334272
vt 0.836769 0.328862
vt 0.836769 0.334272
vt 0.854203 0.820089
vt 0.854203 0.814743
vt 0.855483 0.820102
vt 0.855483 0.814756
vt 0.854203 0.814756
vt 0.854203 0.820102
vt 0.852923 0.814743
vt 0.852923 0.820089
vt 0.833247 0.334151
vt 0.833247 0.328741
vt 0.834850 0.334151
vt 0.834850 0.328741
vt 0.834850 0.334151
vt 0.834850 0.328741
vt 0.836453 0.334151
vt 0.836453 0.328741
vt 0.789274 0.087735
vt 0.789274 0.083281
vt 0.790556 0.087712
vt 0.790556 0.083258
vt 0.570276 0.819938
vt 0.570276 0.813492
vt 0.570921 0.819883
vt 0.570921 0.813437
vt 0.661965 0.815550
vt 0.661965 0.821972
vt 0.661317 0.815550
vt 0.661317 0.821972
vt 0.863427 0.382484
vt 0.863427 0.376047
vt 0.864454 0.382484
vt 0.864454 0.375790
vt 0.271177 0.479199
vt 0.271177 0.483512
vt 0.270530 0.479192
vt 0.270530 0.483505
vt 0.265748 0.802990
vt 0.265748 0.807527
vt 0.265133 0.802789
vt 0.264364 0.807075
vt 0.859462 0.050352
vt 0.858435 0.050352
vt 0.859462 0.043913
vt 0.858435 0.043656
vt 0.687107 0.439699
vt 0.687107 0.426164
vt 0.688371 0.439901
vt 0.688371 0.426367
vt 0.957959 0.736045
vt 0.957959 0.745223
vt 0.956933 0.736044
vt 0.956933 0.745223
vt 0.958383 0.548447
vt 0.958383 0.557659
vt 0.957357 0.548448
vt 0.957357 0.557660
vt 0.941156 0.836760
vt 0.939558 0.835155
vt 0.941156 0.821176
vt 0.939558 0.822781
vt 0.470493 0.995200
vt 0.470493 0.962557
vt 0.472097 0.996800
vt 0.472097 0.960958
vt 0.942755 0.836760
vt 0.941156 0.835155
vt 0.942755 0.821176
vt 0.941156 0.822781
vt 0.996465 0.443837
vt 0.994862 0.442237
vt 0.996465 0.407995
vt 0.994862 0.409595
vt 0.043279 0.960232
vt 0.044350 0.960251
vt 0.043279 0.975810
vt 0.044350 0.975829
vt 0.644576 0.962607
vt 0.645858 0.962607
vt 0.644576 0.998546
vt 0.645858 0.998546
vt 0.965832 0.730692
vt 0.967099 0.730680
vt 0.965832 0.746245
vt 0.967099 0.746232
vt 0.921524 0.000012
vt 0.922791 0.000000
vt 0.921524 0.012362
vt 0.922791 0.012350
vt 0.949349 0.550803
vt 0.950421 0.550822
vt 0.949349 0.563173
vt 0.950421 0.563192
vt 0.577364 0.997993
vt 0.577364 0.965271
vt 0.578646 0.997993
vt 0.578646 0.965271
vt 0.807936 0.982957
vt 0.806768 0.981354
vt 0.807936 0.967375
vt 0.806888 0.968980
vt 0.986966 0.403279
vt 0.986966 0.382195
vt 0.988568 0.404330
vt 0.988568 0.381027
vt 0.249266 0.984797
vt 0.248234 0.983204
vt 0.249266 0.969214
vt 0.248234 0.970829
vt 0.779196 0.965724
vt 0.780799 0.966774
vt 0.779196 0.988874
vt 0.780799 0.987858
vt 0.963297 0.746232
vt 0.962030 0.746245
vt 0.963297 0.730680
vt 0.962030 0.730692
vt 0.498505 0.907295
vt 0.497237 0.907307
vt 0.498505 0.894945
vt 0.497237 0.894957
vt 0.948278 0.550803
vt 0.949349 0.550822
vt 0.948278 0.563173
vt 0.949349 0.563192
vt 0.972109 0.425362
vt 0.970827 0.425362
vt 0.972109 0.392632
vt 0.970826 0.392632
vt 0.945060 0.275400
vt 0.946659 0.277004
vt 0.945060 0.290984
vt 0.946659 0.289379
vt 0.476906 0.962558
vt 0.476906 0.995200
vt 0.475303 0.960958
vt 0.475303 0.996800
vt 0.942003 0.426847
vt 0.940404 0.425243
vt 0.942003 0.411263
vt 0.940404 0.412868
vt 0.995376 0.117298
vt 0.996979 0.118899
vt 0.995376 0.153141
vt 0.996979 0.151541
vt 0.214532 0.979644
vt 0.213460 0.979625
vt 0.214532 0.964066
vt 0.213460 0.964047
vt 0.917722 0.012350
vt 0.916454 0.012362
vt 0.917722 0.000000
vt 0.916454 0.000012
vt 0.942003 0.414458
vt 0.943075 0.414477
vt 0.942003 0.426828
vt 0.943075 0.426847
vt 0.573517 0.997993
vt 0.573517 0.965271
vt 0.574800 0.997993
vt 0.574800 0.965271
vt 0.926954 0.982598
vt 0.925786 0.980994
vt 0.926954 0.967015
vt 0.925906 0.968621
vt 0.983685 0.195905
vt 0.983685 0.174822
vt 0.985288 0.196956
vt 0.985288 0.173654
vt 0.978920 0.722146
vt 0.979952 0.723739
vt 0.978920 0.737729
vt 0.979952 0.736113
vt 0.784005 0.965724
vt 0.785608 0.966774
vt 0.784005 0.988874
vt 0.785608 0.987858
vt 0.969634 0.746232
vt 0.968367 0.746245
vt 0.969634 0.730680
vt 0.968367 0.730692
vt 0.926593 0.012350
vt 0.925325 0.012362
vt 0.926593 0.000000
vt 0.925325 0.000012
vt 0.931861 0.830218
vt 0.930789 0.830199
vt 0.931861 0.817848
vt 0.930789 0.817829
vt 0.599881 0.997606
vt 0.598599 0.997606
vt 0.599881 0.964876
vt 0.598599 0.964876
vt 0.937199 0.411263
vt 0.938802 0.412868
vt 0.937199 0.426847
vt 0.938802 0.425242
vt 0.993521 0.688676
vt 0.993521 0.655954
vt 0.995124 0.690280
vt 0.995124 0.654350
vt 0.933994 0.411263
vt 0.935597 0.412868
vt 0.933994 0.426847
vt 0.935597 0.425242
vt 0.557844 0.996486
vt 0.556241 0.994882
vt 0.557844 0.960556
vt 0.556241 0.962160
vt 0.881961 0.000000
vt 0.883241 0.000012
vt 0.881961 0.015400
vt 0.883241 0.015413
vt 0.913894 0.000000
vt 0.915174 0.000013
vt 0.913894 0.012229
vt 0.915174 0.012241
vt 0.930191 0.010341
vt 0.928909 0.010365
vt 0.930191 0.000000
vt 0.928909 0.000023
vt 0.948498 0.725302
vt 0.948498 0.746386
vt 0.947216 0.725289
vt 0.947216 0.746372
vt 0.557563 0.891235
vt 0.555750 0.889603
vt 0.557563 0.875650
vt 0.555936 0.877231
vt 0.994641 0.298844
vt 0.994641 0.266114
vt 0.996244 0.300449
vt 0.996244 0.264274
vt 0.930788 0.426846
vt 0.929185 0.425242
vt 0.930788 0.411263
vt 0.929185 0.412868
vt 0.670789 0.995776
vt 0.669186 0.994171
vt 0.670789 0.959836
vt 0.669186 0.961441
vt 0.889640 0.000000
vt 0.890920 0.000013
vt 0.889640 0.015400
vt 0.890920 0.015413
vt 0.891595 0.370807
vt 0.892875 0.370819
vt 0.891595 0.383035
vt 0.892875 0.383048
vt 0.099304 0.876001
vt 0.100586 0.875978
vt 0.099304 0.886342
vt 0.100586 0.886319
vt 0.117708 0.966685
vt 0.118991 0.966685
vt 0.117708 0.999327
vt 0.118991 0.999327
vt 0.940404 0.426847
vt 0.938802 0.425243
vt 0.940404 0.411263
vt 0.938802 0.412868
vt 0.994540 0.346021
vt 0.994540 0.313299
vt 0.996143 0.347625
vt 0.996143 0.311695
vt 0.939112 0.563194
vt 0.937509 0.561589
vt 0.939112 0.547610
vt 0.937509 0.549215
vt 0.997073 0.093781
vt 0.995470 0.092176
vt 0.997073 0.057851
vt 0.995470 0.059454
vt 0.903698 0.013023
vt 0.902416 0.013046
vt 0.903698 0.000000
vt 0.902416 0.000023
vt 0.883241 0.000000
vt 0.884521 0.000012
vt 0.883241 0.015400
vt 0.884521 0.015413
vt 0.890315 0.370807
vt 0.891595 0.370819
vt 0.890315 0.383035
vt 0.891595 0.383048
vt 0.929507 0.819877
vt 0.930789 0.819854
vt 0.929507 0.830218
vt 0.930789 0.830195
vt 0.949143 0.843227
vt 0.949143 0.864311
vt 0.947860 0.843213
vt 0.947860 0.864297
vt 0.559377 0.891235
vt 0.557563 0.889603
vt 0.559377 0.875650
vt 0.557750 0.877231
vt 0.992410 0.991815
vt 0.992410 0.959084
vt 0.994013 0.993419
vt 0.994013 0.957245
vt 0.930788 0.411263
vt 0.932391 0.412868
vt 0.930788 0.426846
vt 0.932391 0.425242
vt 0.669186 0.995776
vt 0.667583 0.994171
vt 0.669186 0.959836
vt 0.667583 0.961441
vt 0.890920 0.000000
vt 0.892200 0.000013
vt 0.890920 0.015400
vt 0.892200 0.015413
vt 0.887755 0.383048
vt 0.886475 0.383035
vt 0.887755 0.370819
vt 0.886475 0.370807
vt 0.931473 0.010341
vt 0.930191 0.010365
vt 0.931473 0.000000
vt 0.930191 0.000023
vt 0.113861 0.999327
vt 0.112578 0.999327
vt 0.113861 0.966685
vt 0.112578 0.966685
vt 0.937199 0.426847
vt 0.935597 0.425243
vt 0.937199 0.411263
vt 0.935597 0.412868
vt 0.557844 0.994882
vt 0.557844 0.962160
vt 0.559447 0.996486
vt 0.559447 0.960556
vt 0.935907 0.547610
vt 0.937509 0.549215
vt 0.935907 0.563194
vt 0.937509 0.561589
vt 0.996143 0.383555
vt 0.994540 0.381951
vt 0.996143 0.347625
vt 0.994540 0.349229
vt 0.884521 0.000000
vt 0.885801 0.000013
vt 0.884521 0.015400
vt 0.885801 0.015413
vt 0.890315 0.383048
vt 0.889035 0.383035
vt 0.890315 0.370819
vt 0.889035 0.370807
vt 0.930611 0.647642
vt 0.929330 0.647665
vt 0.930611 0.637301
vt 0.929330 0.637324
vt 0.945933 0.746372
vt 0.945933 0.725289
vt 0.947216 0.746386
vt 0.947216 0.725302
vt 0.330758 0.904788
vt 0.328944 0.903156
vt 0.330758 0.889203
vt 0.329131 0.890783
vt 0.994013 0.922675
vt 0.994013 0.955405
vt 0.992410 0.921070
vt 0.992410 0.957245
vt 0.927582 0.411263
vt 0.929185 0.412868
vt 0.927582 0.426846
vt 0.929185 0.425242
vt 0.667583 0.995776
vt 0.665979 0.994171
vt 0.667583 0.959836
vt 0.665979 0.961441
vt 0.889640 0.015413
vt 0.888360 0.015400
vt 0.889640 0.000013
vt 0.888360 0.000000
vt 0.892875 0.370807
vt 0.894155 0.370819
vt 0.892875 0.383035
vt 0.894155 0.383048
vt 0.927627 0.000023
vt 0.928909 0.000000
vt 0.927627 0.010365
vt 0.928909 0.010341
vt 0.497722 0.965848
vt 0.499005 0.965848
vt 0.497722 0.998490
vt 0.499005 0.998490
vt 0.935390 0.561373
vt 0.933787 0.559768
vt 0.935390 0.545789
vt 0.933787 0.547394
vt 0.993521 0.724606
vt 0.993521 0.691884
vt 0.995124 0.726210
vt 0.995124 0.690280
vt 0.939112 0.547610
vt 0.940714 0.549215
vt 0.939112 0.563194
vt 0.940714 0.561589
vt 0.561050 0.996486
vt 0.559447 0.994882
vt 0.561050 0.960556
vt 0.559447 0.962160
vt 0.902416 0.013023
vt 0.901134 0.013046
vt 0.902416 0.000000
vt 0.901134 0.000023
vt 0.856881 0.998145
vt 0.855598 0.998145
vt 0.856881 0.962302
vt 0.855598 0.962302
vt 0.887081 0.000000
vt 0.888360 0.000012
vt 0.887081 0.015400
vt 0.888360 0.015413
vt 0.915174 0.000000
vt 0.916454 0.000013
vt 0.915174 0.012229
vt 0.916454 0.012241
vt 0.098022 0.876001
vt 0.099304 0.875978
vt 0.098022 0.886342
vt 0.099304 0.886319
vt 0.949781 0.725302
vt 0.949781 0.746386
vt 0.948498 0.725289
vt 0.948498 0.746372
vt 0.561191 0.891235
vt 0.559377 0.889603
vt 0.561191 0.875650
vt 0.559564 0.877231
vt 0.570817 0.893568
vt 0.570817 0.926298
vt 0.569214 0.891964
vt 0.569214 0.928138
vt 0.933994 0.426846
vt 0.932391 0.425242
vt 0.933994 0.411263
vt 0.932391 0.412868
vt 0.673995 0.959836
vt 0.675598 0.961441
vt 0.673995 0.995776
vt 0.675598 0.994171
vt 0.887081 0.015413
vt 0.885801 0.015400
vt 0.887081 0.000013
vt 0.885801 0.000000
vt 0.889035 0.383048
vt 0.887755 0.383035
vt 0.889035 0.370819
vt 0.887755 0.370807
vt 0.440973 0.924675
vt 0.439691 0.924698
vt 0.440973 0.914333
vt 0.439691 0.914356
vt 0.504135 0.998490
vt 0.502852 0.998490
vt 0.504135 0.965848
vt 0.502852 0.965848
vt 0.943388 0.194371
vt 0.941789 0.192767
vt 0.943388 0.178787
vt 0.941789 0.180392
vt 0.565860 0.994798
vt 0.565859 0.962156
vt 0.567463 0.996399
vt 0.567463 0.960556
vt 0.943912 0.563194
vt 0.942313 0.561590
vt 0.943912 0.547610
vt 0.942313 0.549215
vt 0.993399 0.799207
vt 0.995002 0.800808
vt 0.993399 0.835050
vt 0.995002 0.833450
vt 0.232590 0.984217
vt 0.231519 0.984198
vt 0.232590 0.968640
vt 0.231519 0.968620
vt 0.639449 0.962607
vt 0.640731 0.962607
vt 0.639449 0.998546
vt 0.640731 0.998546
vt 0.964565 0.730692
vt 0.965832 0.730680
vt 0.964565 0.746245
vt 0.965832 0.746232
vt 0.291610 0.914451
vt 0.292877 0.914438
vt 0.291610 0.926801
vt 0.292877 0.926789
vt 0.934004 0.830218
vt 0.932932 0.830199
vt 0.934004 0.817848
vt 0.932932 0.817829
vt 0.387156 0.998528
vt 0.387156 0.965806
vt 0.388439 0.998528
vt 0.388439 0.965806
vt 0.742240 0.962383
vt 0.741072 0.960779
vt 0.742240 0.946800
vt 0.741192 0.948406
vt 0.982082 0.195905
vt 0.982082 0.174822
vt 0.983685 0.196956
vt 0.983685 0.173654
vt 0.319785 0.985023
vt 0.318753 0.983430
vt 0.319785 0.969440
vt 0.318753 0.971056
vt 0.780799 0.965724
vt 0.782402 0.966774
vt 0.780799 0.988874
vt 0.782402 0.987858
vt 0.968367 0.746232
vt 0.967099 0.746245
vt 0.968367 0.730680
vt 0.967099 0.730692
vt 0.917722 0.000012
vt 0.918989 0.000000
vt 0.917722 0.012362
vt 0.918989 0.012350
vt 0.935075 0.830218
vt 0.934004 0.830199
vt 0.935075 0.817848
vt 0.934004 0.817829
vt 0.607576 0.964876
vt 0.608858 0.964876
vt 0.607576 0.997606
vt 0.608858 0.997606
vt 0.943912 0.547610
vt 0.945511 0.549214
vt 0.943912 0.563194
vt 0.945511 0.561589
vt 0.472097 0.995200
vt 0.472097 0.962557
vt 0.473700 0.996800
vt 0.473700 0.960958
vt 0.944986 0.194371
vt 0.943388 0.192767
vt 0.944986 0.178787
vt 0.943388 0.180392
vt 0.473700 0.960958
vt 0.475303 0.962558
vt 0.473700 0.996800
vt 0.475303 0.995200
vt 0.043279 0.944635
vt 0.044350 0.944654
vt 0.043279 0.960213
vt 0.044350 0.960232
vt 0.730131 0.887722
vt 0.731414 0.887722
vt 0.730131 0.923661
vt 0.731414 0.923661
vt 0.963297 0.730692
vt 0.964565 0.730680
vt 0.963297 0.746245
vt 0.964565 0.746232
vt 0.438665 0.926683
vt 0.437397 0.926696
vt 0.438665 0.914333
vt 0.437397 0.914346
vt 0.932932 0.830218
vt 0.931861 0.830199
vt 0.932932 0.817848
vt 0.931861 0.817829
vt 0.388439 0.998528
vt 0.388439 0.965806
vt 0.389721 0.998528
vt 0.389721 0.965806
vt 0.928123 0.982598
vt 0.926954 0.980994
vt 0.928123 0.967015
vt 0.927075 0.968621
vt 0.850859 0.951105
vt 0.850859 0.930021
vt 0.852462 0.952155
vt 0.852462 0.928853
vt 0.321850 0.985023
vt 0.320818 0.983430
vt 0.321850 0.969440
vt 0.320818 0.971056
vt 0.782402 0.965724
vt 0.784005 0.966774
vt 0.782402 0.988874
vt 0.784005 0.987858
vt 0.970901 0.746232
vt 0.969634 0.746245
vt 0.970901 0.730680
vt 0.969634 0.730692
vt 0.924058 0.000012
vt 0.925325 0.000000
vt 0.924058 0.012362
vt 0.925325 0.012350
vt 0.965138 0.653239
vt 0.964067 0.653220
vt 0.965138 0.640869
vt 0.964067 0.640850
vt 0.601163 0.997606
vt 0.599881 0.997606
vt 0.601163 0.964876
vt 0.599881 0.964876
vt 0.942313 0.563194
vt 0.940714 0.561590
vt 0.942313 0.547610
vt 0.940714 0.549215
vt 0.567463 0.994798
vt 0.567463 0.962156
vt 0.569066 0.996399
vt 0.569066 0.960556
vt 0.947109 0.563194
vt 0.945511 0.561590
vt 0.947109 0.547610
vt 0.945511 0.549215
vt 0.995833 0.007253
vt 0.997436 0.008854
vt 0.995833 0.043096
vt 0.997436 0.041496
vt 0.239725 0.969214
vt 0.240797 0.969233
vt 0.239725 0.984792
vt 0.240797 0.984811
vt 0.732750 0.998322
vt 0.731468 0.998322
vt 0.732750 0.962383
vt 0.731468 0.962383
vt 0.804244 0.982928
vt 0.802976 0.982940
vt 0.804244 0.967375
vt 0.802976 0.967387
vt 0.924058 0.012350
vt 0.922791 0.012362
vt 0.924058 0.000000
vt 0.922791 0.000012
vt 0.615184 0.907649
vt 0.616466 0.907649
vt 0.615184 0.940379
vt 0.616466 0.940379
vt 0.935075 0.817829
vt 0.936147 0.817848
vt 0.935075 0.830199
vt 0.936147 0.830218
vt 0.570952 0.997993
vt 0.570952 0.965271
vt 0.572235 0.997993
vt 0.572235 0.965271
vt 0.948278 0.563192
vt 0.947109 0.561589
vt 0.948278 0.547610
vt 0.947230 0.549216
vt 0.495089 0.947003
vt 0.495089 0.925919
vt 0.496692 0.948053
vt 0.496692 0.924751
vt 0.320818 0.985023
vt 0.319785 0.983430
vt 0.320818 0.969440
vt 0.319785 0.971056
vt 0.787211 0.965724
vt 0.788814 0.966774
vt 0.787211 0.988874
vt 0.788814 0.987858
vt 0.292877 0.914451
vt 0.294144 0.914438
vt 0.292877 0.926801
vt 0.294144 0.926789
vt 0.966210 0.640850
vt 0.967282 0.640869
vt 0.966210 0.653220
vt 0.967282 0.653239
vt 0.602446 0.997606
vt 0.601163 0.997606
vt 0.602446 0.964876
vt 0.601163 0.964876
vt 0.946585 0.194371
vt 0.944987 0.192767
vt 0.946585 0.178787
vt 0.944987 0.180392
vt 0.993735 0.785546
vt 0.993735 0.752904
vt 0.995338 0.787146
vt 0.995338 0.751304
vt 0.948184 0.194371
vt 0.946585 0.192767
vt 0.948184 0.178787
vt 0.946585 0.180392
vt 0.995376 0.153141
vt 0.996979 0.154741
vt 0.995376 0.188984
vt 0.996979 0.187384
vt 0.045436 0.985329
vt 0.044365 0.985309
vt 0.045436 0.969751
vt 0.044365 0.969731
vt 0.647141 0.998546
vt 0.645858 0.998546
vt 0.647141 0.962607
vt 0.645858 0.962607
vt 0.921994 0.967028
vt 0.923262 0.967015
vt 0.921994 0.982581
vt 0.923262 0.982568
vt 0.920256 0.012350
vt 0.918989 0.012362
vt 0.920256 0.000000
vt 0.918989 0.000012
vt 0.993879 0.165814
vt 0.995162 0.165814
vt 0.993879 0.198544
vt 0.995162 0.198544
vt 0.965138 0.640850
vt 0.966210 0.640869
vt 0.965138 0.653220
vt 0.966210 0.653239
vt 0.577364 0.965271
vt 0.577364 0.997993
vt 0.576081 0.965271
vt 0.576081 0.997993
vt 0.480038 0.563683
vt 0.478870 0.562079
vt 0.480038 0.548100
vt 0.478990 0.549706
vt 0.327421 0.938919
vt 0.327421 0.917836
vt 0.329024 0.939970
vt 0.329024 0.916668
vt 0.248234 0.984797
vt 0.247201 0.983204
vt 0.248234 0.969214
vt 0.247201 0.970829
vt 0.785608 0.965724
vt 0.787211 0.966774
vt 0.785608 0.988874
vt 0.787211 0.987858
vt 0.962030 0.746232
vt 0.960763 0.746245
vt 0.962030 0.730680
vt 0.960763 0.730692
vt 0.921524 0.012350
vt 0.920256 0.012362
vt 0.921524 0.000000
vt 0.920256 0.000012
vt 0.931473 0.000000
vt 0.932544 0.000019
vt 0.931473 0.012370
vt 0.932544 0.012389
vt 0.598548 0.997408
vt 0.597265 0.997408
vt 0.598548 0.964677
vt 0.597265 0.964677
vt 0.894646 0.490327
vt 0.893043 0.490008
vt 0.894646 0.482314
vt 0.893043 0.482633
vt 0.907357 0.106950
vt 0.905755 0.106979
vt 0.907357 0.089786
vt 0.905755 0.089815
vt 0.565859 0.996399
vt 0.564256 0.996399
vt 0.565859 0.960556
vt 0.564256 0.960556
vt 0.882556 0.257575
vt 0.880953 0.257573
vt 0.882556 0.249853
vt 0.880953 0.249852
vt 0.852680 0.049973
vt 0.851077 0.049970
vt 0.852680 0.043659
vt 0.851077 0.043656
vt 0.197819 0.859592
vt 0.196220 0.859639
vt 0.197819 0.852322
vt 0.196220 0.852369
vt 0.924730 0.205298
vt 0.923127 0.205299
vt 0.924730 0.197333
vt 0.923127 0.197335
vt 0.887365 0.257553
vt 0.885762 0.257549
vt 0.887365 0.249856
vt 0.885762 0.249852
vt 0.854283 0.049926
vt 0.852680 0.049914
vt 0.854283 0.043667
vt 0.852680 0.043656
vt 0.779196 0.988892
vt 0.777593 0.988874
vt 0.779196 0.965741
vt 0.777593 0.965724
vt 0.927573 0.647441
vt 0.925973 0.647425
vt 0.927573 0.628731
vt 0.925973 0.628715
vt 0.692763 0.995656
vt 0.691160 0.995655
vt 0.692763 0.961571
vt 0.691160 0.961570
vt 0.882222 0.376158
vt 0.883825 0.376158
vt 0.882222 0.383639
vt 0.883825 0.383638
vt 0.841696 0.704123
vt 0.843299 0.704121
vt 0.841696 0.710543
vt 0.843299 0.710540
vt 0.334633 0.600124
vt 0.336236 0.600118
vt 0.334633 0.604665
vt 0.336236 0.604660
vt 0.944568 0.644630
vt 0.946171 0.644630
vt 0.944568 0.652005
vt 0.946171 0.652005
vt 0.847871 0.043656
vt 0.849474 0.043674
vt 0.847871 0.050449
vt 0.849474 0.050468
vt 0.839981 0.328862
vt 0.841583 0.328907
vt 0.839982 0.334153
vt 0.841583 0.334198
vt 0.936942 0.460071
vt 0.938545 0.460088
vt 0.936942 0.482086
vt 0.938545 0.482103
vt 0.852559 0.317671
vt 0.850956 0.317352
vt 0.852559 0.309657
vt 0.850956 0.309976
vt 0.908959 0.106950
vt 0.907357 0.106979
vt 0.908959 0.089786
vt 0.907357 0.089815
vt 0.339872 0.990096
vt 0.338269 0.990078
vt 0.339872 0.966945
vt 0.338269 0.966928
vt 0.855886 0.049926
vt 0.854283 0.049914
vt 0.855886 0.043667
vt 0.854283 0.043656
vt 0.926183 0.197333
vt 0.927786 0.197337
vt 0.926183 0.205030
vt 0.927786 0.205035
vt 0.849474 0.043656
vt 0.851077 0.043659
vt 0.849474 0.049970
vt 0.851077 0.049973
vt 0.927573 0.628715
vt 0.929173 0.628731
vt 0.927573 0.647425
vt 0.929173 0.647441
vt 0.940148 0.482103
vt 0.938545 0.482086
vt 0.940148 0.460088
vt 0.938545 0.460071
vt 0.840094 0.765825
vt 0.838493 0.765780
vt 0.840094 0.760533
vt 0.838493 0.760489
vt 0.847871 0.050468
vt 0.846269 0.050449
vt 0.847871 0.043674
vt 0.846269 0.043656
vt 0.843299 0.704123
vt 0.844903 0.704121
vt 0.843299 0.710543
vt 0.844903 0.710540
vt 0.883826 0.376158
vt 0.885429 0.376158
vt 0.883825 0.383639
vt 0.885429 0.383638
vt 0.692763 0.961570
vt 0.694366 0.961571
vt 0.692763 0.995655
vt 0.694366 0.995656
vt 0.857148 0.281358
vt 0.855890 0.281605
vt 0.857148 0.269842
vt 0.855890 0.270089
vt 0.838143 0.178561
vt 0.836297 0.166992
vt 0.837572 0.167131
vt 0.836868 0.162507
vt 0.838143 0.162647
vt 0.933787 0.561776
vt 0.932184 0.561776
vt 0.933787 0.556447
vt 0.932184 0.556046
vt 0.933787 0.545789
vt 0.847046 0.334598
vt 0.847046 0.323137
vt 0.848649 0.333394
vt 0.848649 0.322736
vt 0.847046 0.317406
vt 0.848649 0.317406
vt 0.336236 0.600118
vt 0.334633 0.598514
vt 0.336236 0.579581
vt 0.334633 0.579581
vt 0.336236 0.559044
vt 0.334633 0.560649
vt 0.854362 0.564893
vt 0.852851 0.565519
vt 0.852924 0.557660
vt 0.851289 0.557660
vt 0.854362 0.550428
vt 0.852851 0.549802
vt 0.344398 0.810190
vt 0.342796 0.808585
vt 0.344398 0.789652
vt 0.342796 0.789652
vt 0.344398 0.769114
vt 0.342796 0.770718
vt 0.853848 0.764115
vt 0.852338 0.764741
vt 0.852410 0.756883
vt 0.850776 0.756883
vt 0.853848 0.749650
vt 0.852338 0.749025
vt 0.535198 0.496935
vt 0.534859 0.502588
vt 0.533921 0.496846
vt 0.533583 0.502499
vt 0.534183 0.513894
vt 0.532906 0.513805
vt 0.535198 0.519641
vt 0.533921 0.519552
vt 0.529356 0.262704
vt 0.529356 0.276940
vt 0.527401 0.276688
vt 0.856457 0.751453
vt 0.856457 0.765688
vt 0.854502 0.765436
vt 0.848482 0.569168
vt 0.845431 0.549979
vt 0.848482 0.549979
vt 0.845431 0.569168
vt 0.842379 0.549979
vt 0.845431 0.549979
vt 0.981919 0.170391
vt 0.981919 0.195304
vt 0.976961 0.171475
vt 0.809960 0.551901
vt 0.833804 0.503255
vt 0.834279 0.551901
vt 0.825809 0.820221
vt 0.801696 0.772219
vt 0.825809 0.766036
vt 0.041297 0.918901
vt 0.044344 0.943290
vt 0.041292 0.943290
vt 0.919059 0.427077
vt 0.916007 0.402689
vt 0.919059 0.402688
vt 0.973788 0.529115
vt 0.975497 0.553502
vt 0.973526 0.553502
vt 0.089875 0.948765
vt 0.087904 0.924398
vt 0.089875 0.924377
vt 0.971206 0.529115
vt 0.966474 0.464429
vt 0.971206 0.454954
vt 0.980893 0.356285
vt 0.980893 0.421144
vt 0.976871 0.411266
vt 0.935907 0.482950
vt 0.935907 0.545789
vt 0.927406 0.488652
vt 0.477114 0.915231
vt 0.486361 0.853077
vt 0.486361 0.924751
vt 0.270660 0.737546
vt 0.270660 0.802789
vt 0.262854 0.748282
vt 0.915648 0.080104
vt 0.924896 0.015521
vt 0.924896 0.089598
vt 0.921362 0.720138
vt 0.911622 0.657451
vt 0.921362 0.648464
vt 0.525175 0.865885
vt 0.525175 0.929326
vt 0.516306 0.922966
vt 0.774420 0.915492
vt 0.777593 0.841627
vt 0.777593 0.915677
vt 0.134077 0.592854
vt 0.137250 0.518988
vt 0.137250 0.593038
vt 0.968674 0.557696
vt 0.968674 0.640850
vt 0.964067 0.557956
vt 0.968241 0.864745
vt 0.968241 0.947900
vt 0.963634 0.865006
vt 0.970677 0.746679
vt 0.970677 0.820985
vt 0.966050 0.746969
vt 0.219188 0.899672
vt 0.219188 0.973978
vt 0.214561 0.899962
vt 0.961845 0.537978
vt 0.966474 0.454954
vt 0.966474 0.537979
vt 0.961421 0.829704
vt 0.966029 0.746679
vt 0.966050 0.829704
vt 0.794403 0.061582
vt 0.814905 0.000000
vt 0.814904 0.074051
vt 0.424021 0.211638
vt 0.424021 0.276549
vt 0.408461 0.229810
vt 0.515857 0.592042
vt 0.532187 0.523014
vt 0.532187 0.606036
vt 0.478135 0.421928
vt 0.478135 0.492864
vt 0.465420 0.439117
vt 0.822923 0.149830
vt 0.838272 0.087782
vt 0.838272 0.161922
vt 0.390095 0.487173
vt 0.390095 0.551095
vt 0.378251 0.503215
vt 0.378251 0.473223
vt 0.392623 0.404148
vt 0.392623 0.487173
vt 0.874679 0.382546
vt 0.874679 0.453103
vt 0.863427 0.399027
vt 0.850956 0.271062
vt 0.850956 0.316462
vt 0.827222 0.273303
vt 0.926694 0.720138
vt 0.926694 0.765538
vt 0.911622 0.738130
vt 0.834180 0.453103
vt 0.834180 0.503255
vt 0.809960 0.453625
vt 0.904013 0.182106
vt 0.904013 0.232258
vt 0.888632 0.200741
vt 0.834279 0.548664
vt 0.837798 0.503255
vt 0.857076 0.548664
vt 0.886634 0.884279
vt 0.886634 0.929824
vt 0.872200 0.902022
vt 0.822148 0.223897
vt 0.842751 0.178756
vt 0.842751 0.233992
vt 0.902096 0.864710
vt 0.902096 0.914339
vt 0.887534 0.882434
vt 0.478826 0.559305
vt 0.447957 0.501899
vt 0.478826 0.496981
vt 0.903910 0.644722
vt 0.909211 0.581383
vt 0.909211 0.646574
vt 0.300642 0.881346
vt 0.306107 0.819195
vt 0.306107 0.882756
vt 0.733301 0.081397
vt 0.698493 0.004068
vt 0.733301 0.000000
vt 0.929778 0.731369
vt 0.935793 0.648464
vt 0.935793 0.733278
vt 0.929778 0.814934
vt 0.935916 0.733278
vt 0.935916 0.816402
vt 0.529084 0.262704
vt 0.498190 0.187058
vt 0.529084 0.182008
vt 0.942706 0.945199
vt 0.948214 0.864745
vt 0.948214 0.946468
vt 0.944568 0.643746
vt 0.950121 0.563987
vt 0.950121 0.644630
vt 0.738945 0.087782
vt 0.738945 0.170126
vt 0.705171 0.160764
vt 0.932694 0.087912
vt 0.938776 0.007253
vt 0.938776 0.089598
vt 0.935523 0.278328
vt 0.941714 0.198663
vt 0.941714 0.279551
vt 0.264570 0.667643
vt 0.268765 0.663855
vt 0.268765 0.672319
vt 0.713134 0.441708
vt 0.713134 0.452990
vt 0.706856 0.447349
vt 0.719668 0.170849
vt 0.719668 0.179314
vt 0.711300 0.178407
vt 0.709765 0.087681
vt 0.704144 0.081410
vt 0.709765 0.081397
vt 0.852619 0.169386
vt 0.852619 0.177831
vt 0.848436 0.173144
vt 0.698508 0.081397
vt 0.704144 0.087681
vt 0.698493 0.087681
vt 0.070562 0.666227
vt 0.070563 0.733473
vt 0.038020 0.702703
vt 0.786831 0.453103
vt 0.786831 0.520348
vt 0.754288 0.489578
vt 0.864573 0.178756
vt 0.864573 0.224914
vt 0.842751 0.194553
vt 0.864201 0.569168
vt 0.864201 0.615326
vt 0.842379 0.584966
vt 0.365346 0.900197
vt 0.365346 0.927242
vt 0.363429 0.900355
vt 0.416036 0.856311
vt 0.416036 0.883356
vt 0.414119 0.856469
vt 0.745610 0.159668
vt 0.745610 0.181402
vt 0.738945 0.179093
vt 0.973526 0.556071
vt 0.966474 0.535515
vt 0.973526 0.529115
vt 0.979589 0.078023
vt 0.979589 0.116875
vt 0.973272 0.079111
vt 0.972116 0.272798
vt 0.972116 0.311650
vt 0.965799 0.273886
vt 0.199796 0.884876
vt 0.199796 0.913411
vt 0.191776 0.910554
vt 0.895553 0.944239
vt 0.895553 0.972774
vt 0.887534 0.969917
vt 0.860287 0.087782
vt 0.860287 0.133538
vt 0.838272 0.118104
vt 0.163042 0.865147
vt 0.136167 0.828132
vt 0.163042 0.827664
vt 0.738167 0.180781
vt 0.731757 0.180781
vt 0.738132 0.170849
vt 0.770730 0.159668
vt 0.770730 0.181855
vt 0.764678 0.161782
vt 0.780720 0.159911
vt 0.780720 0.182098
vt 0.774668 0.162025
vt 0.724025 0.441524
vt 0.724025 0.451052
vt 0.719275 0.446741
vt 0.919511 0.840488
vt 0.919511 0.863326
vt 0.910591 0.844839
vt 0.023884 0.965200
vt 0.033807 0.944635
vt 0.033807 0.971581
vt 0.161828 0.959227
vt 0.161828 0.985177
vt 0.158002 0.959924
vt 0.977001 0.626601
vt 0.977001 0.652551
vt 0.973174 0.627299
vt 0.965732 0.289678
vt 0.965732 0.317974
vt 0.961872 0.290219
vt 0.306052 0.958661
vt 0.306052 0.986957
vt 0.302193 0.959202
vt 0.354842 0.980541
vt 0.358739 0.957808
vt 0.358739 0.985831
vt 0.593481 0.916474
vt 0.593481 0.939539
vt 0.589640 0.917138
vt 0.535170 0.601608
vt 0.532187 0.597817
vt 0.535170 0.595320
vt 0.158002 0.959227
vt 0.158002 0.985177
vt 0.154175 0.959924
vt 0.875303 0.959145
vt 0.875303 0.985094
vt 0.872200 0.964612
vt 0.726178 0.081397
vt 0.730069 0.086691
vt 0.726173 0.086691
vt 0.311031 0.633967
vt 0.312847 0.635900
vt 0.271303 0.633972
vt 0.759314 0.923599
vt 0.759314 0.975140
vt 0.757672 0.924046
vt 0.757672 0.975157
vt 0.441976 0.929757
vt 0.441976 0.878745
vt 0.451723 0.929070
vt 0.451723 0.878487
vt 0.321905 0.703627
vt 0.271267 0.703634
vt 0.314389 0.684984
vt 0.305893 0.663909
vt 0.311640 0.664777
vt 0.321905 0.645540
vt 0.108320 0.887299
vt 0.108320 0.930823
vt 0.094242 0.887161
vt 0.094242 0.930685
vt 0.702814 0.851292
vt 0.702814 0.837172
vt 0.705866 0.851291
vt 0.705866 0.837171
vt 0.993530 0.601739
vt 0.990471 0.601739
vt 0.993530 0.557696
vt 0.990471 0.557696
vt 0.842379 0.549958
vt 0.842379 0.569147
vt 0.840408 0.549979
vt 0.840408 0.569168
vt 0.344229 0.990291
vt 0.341170 0.990291
vt 0.344229 0.941299
vt 0.341170 0.941299
vt 0.991375 0.853576
vt 0.988316 0.853576
vt 0.991375 0.799207
vt 0.988316 0.799208
vt 0.972820 0.865865
vt 0.970531 0.939032
vt 0.970531 0.864745
vt 0.968241 0.937913
vt 0.532906 0.496846
vt 0.532906 0.423639
vt 0.535229 0.495799
vt 0.535229 0.422592
vt 0.727284 0.412181
vt 0.727284 0.404196
vt 0.734457 0.412873
vt 0.734457 0.404409
vt 0.877374 0.650364
vt 0.877374 0.708678
vt 0.867401 0.650268
vt 0.867401 0.709456
vt 0.257663 0.322591
vt 0.259522 0.323429
vt 0.257663 0.377279
vt 0.259522 0.377168
vt 0.444190 0.959534
vt 0.447058 0.959410
vt 0.444190 0.988351
vt 0.447058 0.988762
vt 0.063418 0.917437
vt 0.070590 0.917650
vt 0.063418 0.968531
vt 0.070590 0.969173
vt 0.773309 0.953549
vt 0.773309 0.992426
vt 0.770417 0.954853
vt 0.770587 0.993653
vt 0.771051 0.580261
vt 0.771051 0.570251
vt 0.773318 0.578318
vt 0.773318 0.568308
vt 0.055439 0.944057
vt 0.055439 0.971013
vt 0.045436 0.944058
vt 0.045436 0.971013
vt 0.875303 0.959145
vt 0.878281 0.959145
vt 0.875303 0.986101
vt 0.878281 0.986101
vt 0.960321 0.557692
vt 0.959424 0.557487
vt 0.960321 0.548520
vt 0.959403 0.548447
vt 0.857770 0.406193
vt 0.857717 0.393093
vt 0.858479 0.406221
vt 0.858479 0.393060
vt 0.477103 0.901575
vt 0.477103 0.912021
vt 0.476234 0.901400
vt 0.476231 0.911916
vt 0.902109 0.886707
vt 0.902096 0.876046
vt 0.902877 0.886686
vt 0.902877 0.875976
vt 0.038584 0.970349
vt 0.038584 0.982305
vt 0.037645 0.970334
vt 0.037648 0.982289
vt 0.305987 0.945960
vt 0.305989 0.936934
vt 0.306869 0.945949
vt 0.306869 0.936927
vt 0.476231 0.931844
vt 0.476238 0.922466
vt 0.477113 0.931912
vt 0.477113 0.922562
vt 0.902878 0.896674
vt 0.902124 0.896492
vt 0.902878 0.886707
vt 0.902096 0.886749
vt 0.170835 0.384897
vt 0.173647 0.419597
vt 0.158871 0.385773
vt 0.162612 0.431924
vt 0.152321 0.471508
vt 0.155243 0.458319
vt 0.198614 0.455529
vt 0.201204 0.417580
vt 0.144614 0.515016
vt 0.149306 0.506953
vt 0.143410 0.521320
vt 0.200588 0.517643
vt 0.155966 0.499497
vt 0.153697 0.485320
vt 0.392636 0.487173
vt 0.392636 0.546383
vt 0.390095 0.487173
vt 0.390095 0.545509
vt 0.143155 0.531897
vt 0.201204 0.528164
vt 0.305987 0.928959
vt 0.294221 0.925090
vt 0.305987 0.884614
vt 0.299791 0.890500
vt 0.269099 0.737546
vt 0.249342 0.737492
vt 0.269099 0.722143
vt 0.246180 0.724564
vt 0.241026 0.715989
vt 0.239725 0.672319
vt 0.269099 0.672428
vt 0.875824 0.501705
vt 0.856690 0.501518
vt 0.875824 0.457867
vt 0.856690 0.453103
vt 0.875824 0.453290
vt 0.535058 0.595308
vt 0.532187 0.595320
vt 0.535058 0.523014
vt 0.532187 0.556928
vt 0.532187 0.523026
vt 0.210432 0.441183
vt 0.256900 0.452711
vt 0.212412 0.450883
vt 0.220884 0.481359
vt 0.234550 0.525035
vt 0.217502 0.523579
vt 0.237016 0.494245
vt 0.259417 0.496158
vt 0.203075 0.395599
vt 0.201204 0.384897
vt 0.207713 0.403960
vt 0.259417 0.387290
vt 0.214331 0.411631
vt 0.211932 0.426610
vt 0.271012 0.994844
vt 0.268144 0.994968
vt 0.271012 0.955555
vt 0.268144 0.976543
vt 0.268144 0.955679
vt 0.463250 0.889527
vt 0.470493 0.888930
vt 0.452491 0.893153
vt 0.470493 0.922468
vt 0.456004 0.905029
vt 0.555504 0.938668
vt 0.554376 0.938350
vt 0.555504 0.911497
vt 0.541452 0.928512
vt 0.535230 0.912373
vt 0.329105 0.969440
vt 0.325222 0.968912
vt 0.329105 0.940040
vt 0.318753 0.951131
vt 0.320645 0.940071
vt 0.764210 0.859420
vt 0.764210 0.894455
vt 0.746750 0.877761
vt 0.754870 0.893511
vt 0.742813 0.889548
vt 0.935523 0.269096
vt 0.927725 0.269302
vt 0.935523 0.207603
vt 0.927725 0.207810
vt 0.238348 0.929407
vt 0.238348 0.867794
vt 0.239661 0.929392
vt 0.239661 0.867780
vt 0.238348 0.857526
vt 0.239661 0.857512
vt 0.935523 0.279344
vt 0.927723 0.279551
vt 0.705168 0.159693
vt 0.681806 0.159678
vt 0.705171 0.149424
vt 0.684888 0.149411
vt 0.685098 0.122889
vt 0.670480 0.100159
vt 0.705171 0.087812
vt 0.660926 0.094199
vt 0.657467 0.087782
vt 0.239725 0.783510
vt 0.237832 0.784198
vt 0.239725 0.742501
vt 0.219408 0.759455
vt 0.063418 0.917437
vt 0.063418 0.944057
vt 0.045436 0.930507
vt 0.227110 0.783581
vt 0.200641 0.776982
vt 0.201394 0.759874
vt 0.019574 0.779402
vt 0.029595 0.768844
vt 0.029793 0.783388
vt 0.533423 0.929229
vt 0.525407 0.927045
vt 0.533423 0.905140
vt 0.525367 0.903677
vt 0.270530 0.322591
vt 0.257663 0.310788
vt 0.270156 0.310640
vt 0.270530 0.241110
vt 0.000000 0.738340
vt 0.029351 0.738938
vt 0.038239 0.741794
vt 0.038239 0.772339
vt 0.471572 0.650615
vt 0.461335 0.672592
vt 0.461099 0.648445
vt 0.086657 0.975110
vt 0.078739 0.972941
vt 0.086657 0.951022
vt 0.078696 0.949575
vt 0.471523 0.638637
vt 0.491008 0.647075
vt 0.491008 0.723595
vt 0.461646 0.722422
vt 0.452577 0.720951
vt 0.452491 0.670313
vt 0.470493 0.888930
vt 0.476231 0.889101
vt 0.470493 0.899196
vt 0.476231 0.899366
vt 0.476231 0.960958
vt 0.470493 0.960787
vt 0.812924 0.186837
vt 0.819042 0.183260
vt 0.799984 0.205507
vt 0.822148 0.182216
vt 0.822148 0.233919
vt 0.793954 0.233992
vt 0.036293 0.450289
vt 0.070711 0.445818
vt 0.034659 0.477664
vt 0.070711 0.518943
vt 0.000346 0.518762
vt 0.000000 0.476243
vt 0.455879 0.182008
vt 0.498190 0.183458
vt 0.457067 0.216802
vt 0.498190 0.254040
vt 0.425283 0.255309
vt 0.429643 0.217522
vt 0.136167 0.606820
vt 0.190948 0.606961
vt 0.136167 0.672290
vt 0.201204 0.606987
vt 0.201204 0.620081
vt 0.201204 0.672457
vt 0.408461 0.211760
vt 0.408461 0.222029
vt 0.399514 0.211736
vt 0.363726 0.211638
vt 0.408461 0.276878
vt 0.363726 0.276756
vt 0.927406 0.563987
vt 0.925236 0.562651
vt 0.922030 0.494368
vt 0.919860 0.493032
vt 0.925236 0.484286
vt 0.923066 0.482950
vt 0.534934 0.638637
vt 0.531455 0.708381
vt 0.532801 0.640032
vt 0.529322 0.709776
vt 0.534934 0.718373
vt 0.532801 0.719768
vt 0.824534 0.977722
vt 0.822827 0.976606
vt 0.821750 0.921929
vt 0.820043 0.920812
vt 0.824534 0.913936
vt 0.822827 0.912820
vt 0.681439 0.980056
vt 0.678547 0.978753
vt 0.681439 0.941181
vt 0.678717 0.939955
vt 0.675906 0.930348
vt 0.678628 0.931575
vt 0.972096 0.318378
vt 0.972240 0.327089
vt 0.962581 0.318562
vt 0.962413 0.327184
vt 0.972240 0.355812
vt 0.962071 0.356285
vt 0.477093 0.912021
vt 0.477093 0.922465
vt 0.476234 0.912022
vt 0.476231 0.922466
vt 0.034760 0.982355
vt 0.034759 0.970334
vt 0.035711 0.982367
vt 0.035711 0.970345
vt 0.947660 0.338766
vt 0.947660 0.328404
vt 0.948579 0.338818
vt 0.948577 0.328457
vt 0.947665 0.318378
vt 0.948579 0.318439
vt 0.143120 0.372396
vt 0.143120 0.381855
vt 0.142346 0.372409
vt 0.142353 0.381869
vt 0.143120 0.392649
vt 0.142361 0.392664
vt 0.919713 0.967015
vt 0.919441 0.958232
vt 0.930238 0.965862
vt 0.930238 0.957151
vt 0.920547 0.928927
vt 0.344258 0.633967
vt 0.334633 0.605389
vt 0.344258 0.604706
vt 0.730236 0.923665
vt 0.740835 0.924457
vt 0.730185 0.932421
vt 0.741072 0.933137
vt 0.731746 0.961457
vt 0.741071 0.962383
vt 0.966130 0.820985
vt 0.972792 0.822171
vt 0.966050 0.829795
vt 0.972792 0.830901
vt 0.968899 0.859329
vt 0.175331 0.813704
vt 0.168016 0.785329
vt 0.175331 0.784061
vt 0.123717 0.943017
vt 0.125918 0.944303
vt 0.120745 0.953171
vt 0.122946 0.954456
vt 0.125918 0.983979
vt 0.123843 0.983950
vt 0.269741 0.918744
vt 0.269741 0.843990
vt 0.271054 0.918730
vt 0.271054 0.843976
vt 0.924896 0.014988
vt 0.932694 0.014782
vt 0.924896 0.089598
vt 0.932694 0.089391
vt 0.642882 0.340849
vt 0.643180 0.340804
vt 0.636825 0.344890
vt 0.641203 0.353009
vt 0.663993 0.337673
vt 0.688907 0.353040
vt 0.675294 0.332801
vt 0.674031 0.324455
vt 0.688907 0.278285
vt 0.659952 0.320244
vt 0.633228 0.278249
vt 0.635861 0.306979
vt 0.633228 0.306468
vt 0.529322 0.639332
vt 0.529322 0.706469
vt 0.499977 0.638637
vt 0.500390 0.688033
vt 0.491008 0.640444
vt 0.491538 0.690668
vt 0.857556 0.251791
vt 0.857704 0.228396
vt 0.865582 0.250191
vt 0.865582 0.226059
vt 0.500648 0.711963
vt 0.510652 0.709376
vt 0.510934 0.709306
vt 0.510746 0.721243
vt 0.383509 0.652987
vt 0.383509 0.728039
vt 0.354099 0.653483
vt 0.353489 0.699223
vt 0.344934 0.654260
vt 0.344398 0.700635
vt 0.070711 0.975213
vt 0.070860 0.951832
vt 0.078696 0.973693
vt 0.078696 0.949575
vt 0.353254 0.721398
vt 0.363531 0.720227
vt 0.363822 0.720198
vt 0.363387 0.731253
vt 0.733770 0.418372
vt 0.772972 0.413814
vt 0.734965 0.436367
vt 0.772972 0.434679
vt 0.772972 0.453103
vt 0.658000 0.746508
vt 0.658000 0.811627
vt 0.634321 0.784743
vt 0.636265 0.806989
vt 0.707002 0.690123
vt 0.679895 0.684941
vt 0.707002 0.655385
vt 0.667604 0.650268
vt 0.661965 0.672166
vt 0.674027 0.719160
vt 0.662259 0.716910
vt 0.936502 0.637301
vt 0.929330 0.637088
vt 0.936502 0.567074
vt 0.929330 0.563987
vt 0.936502 0.564201
vt 0.889231 0.647846
vt 0.889231 0.627841
vt 0.892103 0.647837
vt 0.892103 0.627272
vt 0.384495 0.776409
vt 0.381623 0.776417
vt 0.384495 0.731253
vt 0.381623 0.731262
vt 0.239661 0.857512
vt 0.232489 0.857298
vt 0.239661 0.854638
vt 0.232489 0.784198
vt 0.239661 0.784411
vt 0.344398 0.483889
vt 0.341527 0.483889
vt 0.344303 0.414130
vt 0.341432 0.414130
vt 0.344398 0.404148
vt 0.271363 0.404153
vt 0.271267 0.414135
vt 0.135900 0.993242
vt 0.133028 0.993250
vt 0.135900 0.957117
vt 0.133028 0.957126
vt 0.948214 0.939475
vt 0.948214 0.936602
vt 0.953952 0.939645
vt 0.953952 0.864916
vt 0.948214 0.864745
vt 0.271584 0.486751
vt 0.310946 0.483889
vt 0.271416 0.525142
vt 0.309744 0.514755
vt 0.271267 0.559044
vt 0.336304 0.559044
vt 0.332008 0.515738
vt 0.655737 0.362863
vt 0.688381 0.426164
vt 0.651635 0.374196
vt 0.640123 0.382693
vt 0.633228 0.426164
vt 0.927723 0.252008
vt 0.918750 0.245543
vt 0.927723 0.207603
vt 0.912112 0.212669
vt 0.833570 0.853210
vt 0.833570 0.926335
vt 0.831929 0.853228
vt 0.831929 0.926352
vt 0.535115 0.903419
vt 0.525367 0.903677
vt 0.535115 0.830436
vt 0.525367 0.830694
vt 0.688231 0.353040
vt 0.658657 0.353082
vt 0.140311 0.518946
vt 0.140311 0.445819
vt 0.142853 0.518946
vt 0.142852 0.445818
vt 0.392833 0.421928
vt 0.403362 0.421987
vt 0.392833 0.494910
vt 0.403362 0.494970
vt 0.465420 0.423999
vt 0.465420 0.496981
vt 0.270741 0.664404
vt 0.270741 0.737528
vt 0.269099 0.664421
vt 0.269099 0.737546
vt 0.905900 0.015779
vt 0.915648 0.015521
vt 0.905900 0.088762
vt 0.915648 0.088504
vt 0.070711 0.445818
vt 0.140311 0.445863
vt 0.070711 0.518943
vt 0.140311 0.518988
vt 0.935745 0.937818
vt 0.935746 0.928408
vt 0.936604 0.937817
vt 0.936604 0.928406
vt 0.327687 0.969454
vt 0.327687 0.982671
vt 0.326736 0.969440
vt 0.326737 0.982660
vt 0.959898 0.736098
vt 0.959898 0.745388
vt 0.958979 0.736044
vt 0.958980 0.745335
vt 0.902096 0.864784
vt 0.902897 0.864710
vt 0.902144 0.875976
vt 0.902897 0.875916
vt 0.487893 0.817229
vt 0.487893 0.849235
vt 0.487183 0.817237
vt 0.873124 0.015394
vt 0.873124 0.046890
vt 0.872227 0.046770
vt 0.682403 0.968377
vt 0.682403 0.981339
vt 0.681439 0.968386
vt 0.681449 0.981224
vt 0.200390 0.723067
vt 0.201158 0.723009
vt 0.200182 0.732430
vt 0.200905 0.732179
vt 0.201158 0.741608
vt 0.774403 0.869022
vt 0.773682 0.859802
vt 0.774403 0.859420
vt 0.306108 0.871252
vt 0.306107 0.858166
vt 0.306855 0.871252
vt 0.306855 0.857871
vt 0.165614 0.763190
vt 0.155812 0.759966
vt 0.165567 0.752082
vt 0.155791 0.749405
vt 0.145587 0.754738
vt 0.145367 0.747559
vt 0.136379 0.748443
vt 0.136167 0.740143
vt 0.783405 0.074885
vt 0.789274 0.066922
vt 0.789274 0.085016
vt 0.763930 0.270470
vt 0.756344 0.263770
vt 0.763930 0.254106
vt 0.155727 0.748562
vt 0.155586 0.742030
vt 0.174724 0.741755
vt 0.174561 0.756753
vt 0.174615 0.766905
vt 0.174668 0.774817
vt 0.156076 0.767626
vt 0.155873 0.760236
vt 0.146011 0.764892
vt 0.145798 0.757180
vt 0.136942 0.762428
vt 0.136764 0.754440
vt 0.156276 0.774786
vt 0.174724 0.784061
vt 0.769199 0.067841
vt 0.775880 0.066922
vt 0.775880 0.086066
vt 0.290909 0.938625
vt 0.290115 0.958557
vt 0.283212 0.961192
vt 0.290909 0.969104
vt 0.283878 0.971829
vt 0.519133 0.277617
vt 0.510368 0.275341
vt 0.519133 0.265090
vt 0.510329 0.262704
vt 0.166335 0.700771
vt 0.156401 0.698748
vt 0.166263 0.686010
vt 0.156345 0.684884
vt 0.145942 0.695607
vt 0.145854 0.683708
vt 0.136444 0.691881
vt 0.136302 0.679445
vt 0.733105 0.264208
vt 0.741058 0.254106
vt 0.741058 0.271012
vt 0.783405 0.083197
vt 0.775880 0.076633
vt 0.783405 0.066922
vt 0.156219 0.684706
vt 0.156289 0.672457
vt 0.175503 0.672463
vt 0.175499 0.688853
vt 0.175494 0.703733
vt 0.175492 0.715116
vt 0.156532 0.711320
vt 0.156476 0.698889
vt 0.146344 0.709805
vt 0.146279 0.696939
vt 0.137165 0.708429
vt 0.137135 0.695183
vt 0.156589 0.723363
vt 0.175487 0.729082
vt 0.175503 0.740143
vt 0.156646 0.735795
vt 0.146324 0.734146
vt 0.146219 0.721592
vt 0.136195 0.731145
vt 0.136167 0.718485
vt 0.773604 0.626492
vt 0.773604 0.638086
vt 0.763241 0.626126
vt 0.763230 0.637651
vt 0.753077 0.627363
vt 0.753059 0.638805
vt 0.733770 0.629816
vt 0.734003 0.641298
vt 0.772616 0.602301
vt 0.772617 0.614431
vt 0.763396 0.603506
vt 0.763364 0.615313
vt 0.753110 0.604837
vt 0.753092 0.616276
vt 0.743159 0.606117
vt 0.733854 0.617823
vt 0.733864 0.607654
vt 0.733931 0.594722
vt 0.743344 0.593747
vt 0.734053 0.580816
vt 0.752997 0.581840
vt 0.753275 0.593518
vt 0.748698 0.260927
vt 0.756344 0.254106
vt 0.756344 0.270557
vt 0.527401 0.262704
vt 0.527401 0.276174
vt 0.519133 0.269376
vt 0.773488 0.590370
vt 0.773333 0.601324
vt 0.763684 0.592219
vt 0.763658 0.603103
vt 0.753301 0.593238
vt 0.753119 0.604791
vt 0.201204 0.734047
vt 0.201342 0.721629
vt 0.210473 0.729216
vt 0.210582 0.717439
vt 0.220797 0.727986
vt 0.220785 0.713914
vt 0.230573 0.726642
vt 0.230569 0.711681
vt 0.239583 0.697420
vt 0.239578 0.709143
vt 0.239579 0.723998
vt 0.239725 0.742501
vt 0.220982 0.740160
vt 0.220908 0.728153
vt 0.741057 0.261052
vt 0.748698 0.254106
vt 0.748698 0.270692
vt 0.529306 0.161769
vt 0.529306 0.179150
vt 0.521615 0.168497
vt 0.201568 0.717810
vt 0.201659 0.704674
vt 0.210646 0.715884
vt 0.210773 0.703132
vt 0.220773 0.713745
vt 0.220890 0.701433
vt 0.221003 0.689501
vt 0.239586 0.683798
vt 0.201464 0.695505
vt 0.201552 0.682949
vt 0.210981 0.691440
vt 0.211085 0.678999
vt 0.221120 0.677187
vt 0.239725 0.672319
vt 0.926388 0.427077
vt 0.926388 0.482280
vt 0.922356 0.430051
vt 0.916007 0.469430
vt 0.917450 0.482298
vt 0.697938 0.441708
vt 0.706856 0.441944
vt 0.698415 0.451481
vt 0.706856 0.451704
vt 0.844666 0.052123
vt 0.843024 0.052141
vt 0.844666 0.043656
vt 0.843024 0.044152
vt 0.557039 0.931930
vt 0.556335 0.923088
vt 0.569214 0.931261
vt 0.568951 0.922468
vt 0.556241 0.912296
vt 0.568917 0.911602
vt 0.556450 0.902884
vt 0.568944 0.902188
vt 0.556505 0.894086
vt 0.569214 0.893559
vt 0.718590 0.961429
vt 0.730104 0.938676
vt 0.730104 0.967543
vt 0.435653 0.948597
vt 0.428165 0.941106
vt 0.435653 0.914333
vt 0.421456 0.933818
vt 0.159050 0.897428
vt 0.136585 0.883044
vt 0.158693 0.884953
vt 0.136167 0.873934
vt 0.158922 0.874990
vt 0.136735 0.865147
vt 0.159050 0.865840
vt 0.194705 0.884876
vt 0.170217 0.880509
vt 0.196220 0.875689
vt 0.169620 0.871209
vt 0.196220 0.865379
vt 0.170598 0.861949
vt 0.195988 0.852465
vt 0.168647 0.852322
vt 0.547092 0.946057
vt 0.554369 0.938668
vt 0.554369 0.972990
vt 0.718590 0.938676
vt 0.718590 0.968921
vt 0.707002 0.940273
vt 0.349496 0.860483
vt 0.365409 0.869198
vt 0.345475 0.868880
vt 0.362898 0.878220
vt 0.344398 0.879741
vt 0.360878 0.887608
vt 0.344494 0.894030
vt 0.365409 0.900197
vt 0.648374 0.946251
vt 0.655651 0.938948
vt 0.655651 0.973228
vt 0.023390 0.940529
vt 0.023390 0.971992
vt 0.011976 0.946371
vt 0.738167 0.180964
vt 0.738171 0.170873
vt 0.738934 0.180943
vt 0.738934 0.170849
vt 0.441922 0.914333
vt 0.441922 0.928189
vt 0.440975 0.914345
vt 0.440973 0.928207
vt 0.305987 0.926478
vt 0.305990 0.916669
vt 0.306877 0.926543
vt 0.306877 0.916733
vt 0.305994 0.906068
vt 0.306876 0.906131
vt 0.097987 0.865037
vt 0.097987 0.886441
vt 0.097078 0.865162
vt 0.097357 0.886494
vt 0.560476 0.837977
vt 0.560648 0.794860
vt 0.561410 0.838207
vt 0.561410 0.794966
vt 0.040459 0.970334
vt 0.040459 0.981586
vt 0.039520 0.970348
vt 0.039520 0.981607
vt 0.305987 0.936818
vt 0.306001 0.926543
vt 0.306873 0.936927
vt 0.306873 0.926649
vt 0.725729 0.175522
vt 0.731757 0.170849
vt 0.731757 0.181494
vt 0.960763 0.694028
vt 0.959112 0.702823
vt 0.951788 0.699296
vt 0.950580 0.710491
vt 0.958926 0.714717
vt 0.951358 0.721326
vt 0.959157 0.725356
vt 0.951239 0.731292
vt 0.960763 0.735959
vt 0.953817 0.746386
vt 0.953044 0.745977
vt 0.953817 0.736000
vt 0.952885 0.736054
vt 0.831167 0.874911
vt 0.831161 0.853470
vt 0.831879 0.874652
vt 0.831879 0.853210
vt 0.429290 0.787766
vt 0.426054 0.796463
vt 0.428441 0.787359
vt 0.425135 0.796326
vt 0.428400 0.806553
vt 0.429290 0.806329
vt 0.916035 0.133151
vt 0.912851 0.124899
vt 0.927080 0.130093
vt 0.925971 0.121150
vt 0.912112 0.113715
vt 0.925837 0.109661
vt 0.912690 0.103531
vt 0.925974 0.099617
vt 0.912674 0.094205
vt 0.927080 0.090067
vt 0.535230 0.968390
vt 0.547092 0.938668
vt 0.547092 0.970601
vt 0.626542 0.906054
vt 0.619119 0.898612
vt 0.626542 0.871802
vt 0.842379 0.648847
vt 0.844984 0.638877
vt 0.870271 0.647808
vt 0.870584 0.634680
vt 0.843896 0.629679
vt 0.870584 0.624309
vt 0.843006 0.620626
vt 0.868780 0.615326
vt 0.661799 0.852306
vt 0.660020 0.866062
vt 0.660873 0.852052
vt 0.659115 0.865906
vt 0.659837 0.876672
vt 0.658944 0.876633
vt 0.660927 0.885720
vt 0.661799 0.885603
vt 0.452482 0.878487
vt 0.452482 0.887474
vt 0.451723 0.878653
vt 0.451734 0.887671
vt 0.409414 0.885875
vt 0.420910 0.888468
vt 0.406589 0.894017
vt 0.419904 0.897149
vt 0.405923 0.904827
vt 0.419802 0.908304
vt 0.406460 0.914728
vt 0.419958 0.918170
vt 0.406462 0.924079
vt 0.420910 0.927596
vt 0.850092 0.706364
vt 0.849373 0.706324
vt 0.850092 0.693729
vt 0.849371 0.693687
vt 0.493151 0.988908
vt 0.492348 0.989349
vt 0.489312 0.977712
vt 0.488434 0.977871
vt 0.491099 0.967731
vt 0.490223 0.967659
vt 0.492290 0.948690
vt 0.493151 0.948819
vt 0.964899 0.392216
vt 0.965725 0.392503
vt 0.962071 0.405075
vt 0.962898 0.405146
vt 0.964965 0.415332
vt 0.965725 0.415122
vt 0.036660 0.982368
vt 0.035711 0.982357
vt 0.036660 0.970347
vt 0.035712 0.970334
vt 0.887534 0.928451
vt 0.886658 0.928531
vt 0.887528 0.918205
vt 0.886650 0.918284
vt 0.887534 0.908974
vt 0.886655 0.909054
vt 0.327687 0.969440
vt 0.328634 0.969454
vt 0.327687 0.982661
vt 0.328634 0.982673
vt 0.857727 0.281634
vt 0.858510 0.281635
vt 0.857724 0.291083
vt 0.858509 0.291083
vt 0.857720 0.301619
vt 0.858509 0.301619
vt 0.857717 0.311806
vt 0.858510 0.311813
vt 0.947996 0.102208
vt 0.948874 0.102200
vt 0.947098 0.112165
vt 0.947976 0.112084
vt 0.947148 0.122841
vt 0.948017 0.122639
vt 0.948010 0.132693
vt 0.948874 0.132409
vt 0.598596 0.802165
vt 0.597751 0.802098
vt 0.598596 0.789728
vt 0.597763 0.789694
vt 0.625672 0.149846
vt 0.626434 0.150100
vt 0.622253 0.161164
vt 0.623046 0.161334
vt 0.624453 0.171527
vt 0.625255 0.171555
vt 0.625640 0.181602
vt 0.626434 0.181570
vt 0.911281 0.626709
vt 0.912158 0.626797
vt 0.909987 0.636903
vt 0.910901 0.636724
vt 0.911243 0.648299
vt 0.912158 0.648008
vt 0.306107 0.871288
vt 0.306861 0.871252
vt 0.306161 0.884385
vt 0.306861 0.884409
vt 0.857047 0.562436
vt 0.856242 0.562307
vt 0.857047 0.549830
vt 0.856230 0.549802
vt 0.498168 0.274677
vt 0.497527 0.274130
vt 0.498168 0.255309
vt 0.070661 0.613820
vt 0.070661 0.632542
vt 0.069900 0.632329
vt 0.852675 0.271062
vt 0.851822 0.300392
vt 0.851807 0.271178
vt 0.850956 0.300561
vt 0.851808 0.309657
vt 0.852675 0.309488
vt 0.626626 0.862183
vt 0.625683 0.862167
vt 0.626626 0.811641
vt 0.625688 0.811627
vt 0.902110 0.896684
vt 0.902899 0.896674
vt 0.902096 0.906015
vt 0.902899 0.906133
vt 0.961238 0.557419
vt 0.960409 0.557094
vt 0.961238 0.548447
vt 0.960321 0.548616
vt 0.857721 0.369764
vt 0.858498 0.369841
vt 0.857717 0.392988
vt 0.858498 0.393060
vt 0.596928 0.789694
vt 0.597751 0.790083
vt 0.594024 0.798892
vt 0.594869 0.799027
vt 0.596982 0.809463
vt 0.597751 0.809256
vt 0.038584 0.970334
vt 0.039520 0.970350
vt 0.038586 0.982290
vt 0.039520 0.982306
vt 0.200635 0.911166
vt 0.199905 0.911487
vt 0.200635 0.884876
vt 0.199796 0.885349
vt 0.864845 0.178756
vt 0.865493 0.178817
vt 0.864573 0.221119
vt 0.865493 0.221274
vt 0.041397 0.981602
vt 0.040459 0.981613
vt 0.041397 0.970334
vt 0.040459 0.970353
vt 0.305997 0.884631
vt 0.306844 0.884614
vt 0.305987 0.895241
vt 0.306850 0.895215
vt 0.305989 0.906022
vt 0.306850 0.906067
vt 0.978003 0.722146
vt 0.978920 0.722280
vt 0.976999 0.733783
vt 0.977938 0.733667
vt 0.977985 0.746421
vt 0.978920 0.746239
vt 0.858522 0.369730
vt 0.857754 0.369764
vt 0.858522 0.340779
vt 0.857717 0.340851
vt 0.534235 0.903677
vt 0.535106 0.903751
vt 0.533423 0.916537
vt 0.534296 0.916524
vt 0.534284 0.928920
vt 0.535106 0.928684
vt 0.496700 0.924847
vt 0.497622 0.924751
vt 0.496694 0.935341
vt 0.497624 0.935298
vt 0.496692 0.945279
vt 0.497624 0.945234
vt 0.325790 0.969449
vt 0.326736 0.969440
vt 0.325788 0.983322
vt 0.326736 0.983306
vt 0.264702 0.633371
vt 0.265545 0.633378
vt 0.264669 0.643309
vt 0.265515 0.643313
vt 0.264630 0.654049
vt 0.265483 0.654050
vt 0.264686 0.663509
vt 0.265545 0.663535
vt 0.881630 0.959145
vt 0.882550 0.959215
vt 0.880663 0.968692
vt 0.881588 0.968671
vt 0.880400 0.979872
vt 0.881329 0.979744
vt 0.881624 0.990891
vt 0.882550 0.990694
vt 0.887534 0.908949
vt 0.886687 0.908974
vt 0.887534 0.882989
vt 0.886650 0.883057
vt 0.436527 0.948597
vt 0.437373 0.948763
vt 0.434687 0.959260
vt 0.435548 0.959359
vt 0.433767 0.970736
vt 0.434632 0.970793
vt 0.436277 0.979905
vt 0.437136 0.979894
vt 0.436528 0.989309
vt 0.437373 0.989175
vt 0.634321 0.811627
vt 0.647714 0.812757
vt 0.634623 0.820533
vt 0.661303 0.813949
vt 0.660395 0.822917
vt 0.660686 0.832244
vt 0.634600 0.829901
vt 0.634575 0.840645
vt 0.661019 0.842888
vt 0.661303 0.852052
vt 0.634553 0.849542
vt 0.423294 0.731077
vt 0.423736 0.729916
vt 0.451961 0.731077
vt 0.430497 0.723996
vt 0.440806 0.701327
vt 0.440776 0.697685
vt 0.451802 0.669463
vt 0.440588 0.674780
vt 0.439441 0.669463
vt 0.451774 0.659194
vt 0.437212 0.659194
vt 0.777823 0.841863
vt 0.789814 0.841753
vt 0.778018 0.850848
vt 0.801655 0.841627
vt 0.801585 0.850439
vt 0.801607 0.859741
vt 0.777882 0.860081
vt 0.801633 0.870413
vt 0.777727 0.870618
vt 0.801655 0.879249
vt 0.777593 0.879686
vt 0.597947 0.848690
vt 0.584350 0.850008
vt 0.596887 0.839782
vt 0.570952 0.851322
vt 0.571329 0.842345
vt 0.571324 0.832935
vt 0.597226 0.830394
vt 0.571317 0.822139
vt 0.597613 0.819681
vt 0.571312 0.813201
vt 0.597947 0.810461
vt 0.498505 0.865885
vt 0.507321 0.867375
vt 0.499184 0.874926
vt 0.516306 0.868938
vt 0.514664 0.877805
vt 0.515190 0.887250
vt 0.499282 0.884374
vt 0.499395 0.895210
vt 0.515790 0.898028
vt 0.516306 0.907307
vt 0.499488 0.904184
vt 0.962677 0.153118
vt 0.972461 0.117298
vt 0.972461 0.155568
vt 0.534869 0.787018
vt 0.534869 0.830340
vt 0.531650 0.796723
vt 0.528352 0.806655
vt 0.381623 0.731253
vt 0.381623 0.746502
vt 0.364444 0.742900
vt 0.364351 0.765636
vt 0.354160 0.764674
vt 0.354384 0.741082
vt 0.344458 0.763464
vt 0.344398 0.738740
vt 0.344534 0.764821
vt 0.354147 0.765219
vt 0.344537 0.777252
vt 0.354030 0.777733
vt 0.364289 0.778251
vt 0.373379 0.778695
vt 0.392187 0.584270
vt 0.384591 0.555486
vt 0.392187 0.551810
vt 0.860338 0.858102
vt 0.833570 0.858102
vt 0.856367 0.849628
vt 0.834377 0.849320
vt 0.834874 0.839921
vt 0.857192 0.840564
vt 0.836023 0.829521
vt 0.858333 0.830302
vt 0.837213 0.820221
vt 0.859775 0.820752
vt 0.961108 0.653342
vt 0.961108 0.694028
vt 0.950580 0.657231
vt 0.958043 0.415409
vt 0.965953 0.454954
vt 0.957277 0.425662
vt 0.956484 0.436155
vt 0.955513 0.454954
vt 0.384591 0.715204
vt 0.402784 0.697570
vt 0.402554 0.722514
vt 0.413220 0.701832
vt 0.412893 0.728182
vt 0.423233 0.707165
vt 0.423294 0.736123
vt 0.422824 0.701532
vt 0.413103 0.699608
vt 0.422879 0.687701
vt 0.413288 0.685799
vt 0.402923 0.683745
vt 0.393743 0.681987
vt 0.384837 0.659194
vt 0.393793 0.659647
vt 0.403205 0.660256
vt 0.402944 0.684391
vt 0.413787 0.663472
vt 0.413421 0.688010
vt 0.423294 0.667041
vt 0.423275 0.692980
vt 0.726593 0.271062
vt 0.726646 0.282337
vt 0.689106 0.283276
vt 0.716763 0.285058
vt 0.706717 0.287800
vt 0.689193 0.298083
vt 0.706899 0.312892
vt 0.717389 0.309197
vt 0.717101 0.282748
vt 0.727271 0.304585
vt 0.727284 0.275796
vt 0.726749 0.309408
vt 0.726810 0.323290
vt 0.717094 0.311097
vt 0.717280 0.324981
vt 0.706981 0.326811
vt 0.697885 0.328378
vt 0.689263 0.327775
vt 0.688907 0.353040
vt 0.697855 0.351231
vt 0.707326 0.350632
vt 0.707092 0.326264
vt 0.717841 0.347791
vt 0.717541 0.323071
vt 0.727284 0.344644
vt 0.727276 0.318745
vt 0.870338 0.612409
vt 0.864201 0.608697
vt 0.870338 0.569168
vt 0.045436 0.774404
vt 0.043199 0.764374
vt 0.045436 0.733473
vt 0.040933 0.754177
vt 0.038374 0.735224
vt 0.830708 0.749025
vt 0.829643 0.728548
vt 0.843375 0.735729
vt 0.842064 0.723406
vt 0.826942 0.715642
vt 0.839016 0.710909
vt 0.055439 0.951299
vt 0.063339 0.944057
vt 0.063339 0.972982
vt 0.846689 0.715241
vt 0.854502 0.719359
vt 0.845075 0.725205
vt 0.852803 0.729146
vt 0.850969 0.739723
vt 0.849266 0.749025
vt 0.501921 0.907307
vt 0.508498 0.925514
vt 0.497722 0.937347
vt 0.506809 0.937294
vt 0.516306 0.937347
vt 0.344367 0.907531
vt 0.342951 0.917310
vt 0.330488 0.909872
vt 0.329379 0.921331
vt 0.342577 0.929105
vt 0.329320 0.932151
vt 0.344367 0.941299
vt 0.864712 0.178694
vt 0.864717 0.169404
vt 0.865471 0.178680
vt 0.865471 0.169386
vt 0.375882 0.930729
vt 0.375882 0.957577
vt 0.374923 0.930736
vt 0.374921 0.957588
vt 0.877374 0.679502
vt 0.877377 0.670536
vt 0.878267 0.679526
vt 0.878267 0.670559
vt 0.877381 0.659707
vt 0.878266 0.659730
vt 0.877384 0.650268
vt 0.878266 0.650289
vt 0.201128 0.723009
vt 0.200187 0.722996
vt 0.201128 0.672472
vt 0.200182 0.672457
vt 0.142229 0.434085
vt 0.141203 0.424793
vt 0.143083 0.433988
vt 0.142059 0.424696
vt 0.142222 0.395345
vt 0.143083 0.395303
vt 0.158997 0.928181
vt 0.158118 0.928437
vt 0.154607 0.909595
vt 0.153681 0.909372
vt 0.158084 0.897428
vt 0.158997 0.897727
vt 0.857652 0.280650
vt 0.857154 0.269141
vt 0.858536 0.280579
vt 0.858041 0.269300
vt 0.857654 0.257775
vt 0.858536 0.258013
vt 0.858525 0.311813
vt 0.858525 0.340738
vt 0.857717 0.311892
vt 0.857754 0.340779
vt 0.069634 0.663575
vt 0.068351 0.648217
vt 0.070452 0.663492
vt 0.069168 0.648208
vt 0.069697 0.635099
vt 0.070452 0.635344
vt 0.875577 0.451926
vt 0.874679 0.451820
vt 0.875577 0.420623
vt 0.874888 0.420570
vt 0.900475 0.530635
vt 0.899536 0.530834
vt 0.896159 0.521250
vt 0.895233 0.521517
vt 0.894676 0.509128
vt 0.893713 0.509119
vt 0.897885 0.500194
vt 0.896954 0.500031
vt 0.900475 0.491069
vt 0.899609 0.490732
vt 0.989338 0.504794
vt 0.989927 0.504968
vt 0.988060 0.517702
vt 0.988758 0.517961
vt 0.986205 0.531991
vt 0.987027 0.532106
vt 0.986021 0.542945
vt 0.986868 0.542931
vt 0.989093 0.551733
vt 0.989927 0.551559
vt 0.152971 0.954296
vt 0.153892 0.954264
vt 0.151903 0.963233
vt 0.152825 0.963170
vt 0.152242 0.972623
vt 0.153167 0.972561
vt 0.152628 0.983338
vt 0.153557 0.983277
vt 0.152962 0.992564
vt 0.153892 0.992500
vt 0.757639 0.921748
vt 0.757639 0.948616
vt 0.756681 0.921754
vt 0.756678 0.948626
vt 0.998721 0.350027
vt 0.997885 0.350025
vt 0.998583 0.341050
vt 0.997744 0.341050
vt 0.998419 0.330209
vt 0.997573 0.330209
vt 0.998274 0.320757
vt 0.997425 0.320761
vt 0.998721 0.311695
vt 0.997869 0.311695
vt 0.691151 0.900455
vt 0.690231 0.900389
vt 0.690381 0.890898
vt 0.689460 0.891055
vt 0.688954 0.880754
vt 0.688033 0.880903
vt 0.688750 0.869722
vt 0.687858 0.869667
vt 0.691151 0.861506
vt 0.690383 0.861201
vt 0.033809 0.970334
vt 0.034759 0.970338
vt 0.033807 0.982555
vt 0.034759 0.982703
vt 0.136032 0.894715
vt 0.135186 0.894996
vt 0.134390 0.885908
vt 0.133540 0.885998
vt 0.134204 0.873991
vt 0.133354 0.873975
vt 0.134430 0.863331
vt 0.133573 0.863373
vt 0.136032 0.852700
vt 0.135217 0.852951
vt 0.885046 0.997376
vt 0.884573 0.967936
vt 0.885966 0.997415
vt 0.885503 0.967975
vt 0.885966 0.959181
vt 0.885034 0.959145
vt 0.955970 0.736048
vt 0.956933 0.736044
vt 0.955970 0.746679
vt 0.956933 0.746670
vt 0.681773 0.930348
vt 0.682607 0.930384
vt 0.681439 0.939073
vt 0.682277 0.939106
vt 0.681754 0.968377
vt 0.682607 0.968372
vt 0.384591 0.736123
vt 0.388046 0.736667
vt 0.384591 0.787237
vt 0.402820 0.747129
vt 0.411450 0.752298
vt 0.410725 0.747383
vt 0.422221 0.736558
vt 0.423735 0.747386
vt 0.429326 0.746334
vt 0.429326 0.787359
vt 0.984699 0.285557
vt 0.983934 0.285726
vt 0.982040 0.275025
vt 0.981274 0.275187
vt 0.980454 0.263728
vt 0.981275 0.263791
vt 0.983873 0.255489
vt 0.984699 0.255830
vt 0.967286 0.640850
vt 0.968234 0.640856
vt 0.967282 0.653069
vt 0.968234 0.653217
vt 0.832444 0.946987
vt 0.831929 0.937933
vt 0.833274 0.946873
vt 0.832812 0.937992
vt 0.832387 0.926352
vt 0.833274 0.926510
vt 0.774531 0.181846
vt 0.773638 0.182055
vt 0.771650 0.172030
vt 0.770730 0.171945
vt 0.773651 0.159668
vt 0.774531 0.159979
vt 0.142395 0.531624
vt 0.142394 0.518988
vt 0.143124 0.531664
vt 0.143124 0.519030
vt 0.793906 0.983740
vt 0.793054 0.984066
vt 0.789864 0.971238
vt 0.788986 0.971278
vt 0.791186 0.960933
vt 0.792027 0.961119
vt 0.793906 0.941323
vt 0.793077 0.941078
vt 0.875750 0.420570
vt 0.874872 0.420567
vt 0.875568 0.391304
vt 0.874679 0.391264
vt 0.874857 0.382546
vt 0.875750 0.382589
vt 0.955007 0.746672
vt 0.955007 0.736049
vt 0.955970 0.746661
vt 0.955970 0.736044
vt 0.487830 0.853112
vt 0.487115 0.861893
vt 0.487080 0.853077
vt 0.486361 0.861854
vt 0.487830 0.891555
vt 0.487054 0.891511
vt 0.135915 0.791655
vt 0.135506 0.801532
vt 0.135058 0.791847
vt 0.134618 0.801515
vt 0.135915 0.811709
vt 0.135017 0.811642
vt 0.277418 0.721041
vt 0.273122 0.716963
vt 0.279869 0.721582
vt 0.278235 0.703634
vt 0.292391 0.724346
vt 0.306903 0.703708
vt 0.300406 0.729286
vt 0.299510 0.737625
vt 0.306903 0.712572
vt 0.306903 0.715382
vt 0.306903 0.724246
vt 0.306903 0.765322
vt 0.306903 0.775591
vt 0.289524 0.741750
vt 0.297525 0.775567
vt 0.271267 0.775499
vt 0.271267 0.755180
vt 0.421436 0.991032
vt 0.420560 0.991045
vt 0.420287 0.982134
vt 0.419413 0.982023
vt 0.419187 0.972759
vt 0.418324 0.972580
vt 0.419213 0.961535
vt 0.420071 0.961756
vt 0.420583 0.951462
vt 0.421436 0.951745
vt 0.878261 0.679526
vt 0.878261 0.705463
vt 0.877374 0.679599
vt 0.877411 0.705495
vt 0.773540 0.857339
vt 0.771752 0.845145
vt 0.774322 0.857195
vt 0.772545 0.845078
vt 0.772129 0.833351
vt 0.772926 0.833402
vt 0.773546 0.823572
vt 0.774322 0.823711
vt 0.927717 0.482323
vt 0.926388 0.470501
vt 0.928462 0.481997
vt 0.927220 0.470333
vt 0.927608 0.460071
vt 0.928462 0.460203
vt 0.681526 0.928064
vt 0.681082 0.917969
vt 0.682444 0.928078
vt 0.681997 0.918045
vt 0.680362 0.907751
vt 0.679457 0.907537
vt 0.681546 0.897133
vt 0.682444 0.897419
vt 0.477084 0.888964
vt 0.477084 0.901400
vt 0.476243 0.888930
vt 0.476231 0.901332
vt 0.597336 0.884063
vt 0.595869 0.873012
vt 0.598199 0.883935
vt 0.596746 0.872978
vt 0.595810 0.861528
vt 0.596675 0.861615
vt 0.597349 0.851322
vt 0.598199 0.851480
vt 0.270408 0.802789
vt 0.270408 0.807797
vt 0.269384 0.803020
vt 0.331630 0.699839
vt 0.336185 0.697593
vt 0.336185 0.702600
vt 0.854657 0.710063
vt 0.855615 0.705221
vt 0.855615 0.710304
vt 0.661073 0.806297
vt 0.661073 0.811357
vt 0.660111 0.806520
vt 0.340759 0.697593
vt 0.340759 0.702580
vt 0.336185 0.700424
vt 0.660111 0.806297
vt 0.660111 0.811183
vt 0.659061 0.806307
vt 0.856577 0.705221
vt 0.856577 0.710281
vt 0.855615 0.705444
vt 0.718282 0.086780
vt 0.714044 0.084156
vt 0.718282 0.081397
vt 0.658033 0.811073
vt 0.659061 0.806297
vt 0.659061 0.811284
vt 0.786806 0.520348
vt 0.786806 0.525356
vt 0.785782 0.520579
vt 0.714044 0.086727
vt 0.709765 0.083990
vt 0.714044 0.081397
vt 0.632580 0.811320
vt 0.633539 0.806478
vt 0.633539 0.811561
vt 0.657435 0.176528
vt 0.657435 0.181493
vt 0.656609 0.176678
vt 0.773176 0.522228
vt 0.776852 0.520348
vt 0.776852 0.525314
vt 0.452457 0.563141
vt 0.453401 0.559305
vt 0.453401 0.563436
vt 0.466368 0.492864
vt 0.466368 0.496973
vt 0.465420 0.493142
vt 0.449400 0.735925
vt 0.445635 0.732715
vt 0.449400 0.731077
vt 0.829769 0.710851
vt 0.829817 0.705966
vt 0.830609 0.710851
vt 0.478961 0.481658
vt 0.478961 0.496430
vt 0.478135 0.496227
vt 0.535141 0.768387
vt 0.535141 0.783158
vt 0.534316 0.782956
vt 0.963098 0.955899
vt 0.963098 0.988929
vt 0.959142 0.988445
vt 0.980826 0.421144
vt 0.980826 0.454174
vt 0.976871 0.453689
vt 0.878126 0.000000
vt 0.878126 0.015394
vt 0.875177 0.014290
vt 0.875177 0.000000
vt 0.875177 0.015394
vt 0.872227 0.014290
vt 0.970826 0.395484
vt 0.970826 0.454954
vt 0.965953 0.454537
vt 0.421309 0.823291
vt 0.421309 0.882762
vt 0.416436 0.882344
vt 0.136167 0.957117
vt 0.133028 0.897675
vt 0.136167 0.897428
vt 0.870347 0.562944
vt 0.867208 0.503502
vt 0.870347 0.503255
vt 0.239727 0.921225
vt 0.257674 0.945935
vt 0.239725 0.945935
vt 0.270516 0.921225
vt 0.270516 0.955555
vt 0.257674 0.927014
vt 0.836939 0.047473
vt 0.843024 0.043656
vt 0.843024 0.053350
vt 0.751622 0.071999
vt 0.751622 0.087020
vt 0.745564 0.083940
vt 0.392660 0.546383
vt 0.392660 0.551592
vt 0.390095 0.548764
vt 0.973240 0.080622
vt 0.973240 0.117298
vt 0.962677 0.110722
vt 0.973272 0.007253
vt 0.973272 0.043934
vt 0.962677 0.037372
vt 0.633228 0.451203
vt 0.644976 0.426164
vt 0.657578 0.451203
vt 0.768890 0.182216
vt 0.793954 0.249129
vt 0.768828 0.249129
vt 0.045499 0.733473
vt 0.070563 0.800386
vt 0.045436 0.800386
vt 0.826942 0.766036
vt 0.801696 0.710911
vt 0.826942 0.710909
vt 0.824647 0.650268
vt 0.824647 0.710909
vt 0.801696 0.700382
vt 0.850094 0.705221
vt 0.864205 0.650268
vt 0.867401 0.705221
vt 0.771051 0.520348
vt 0.771051 0.577087
vt 0.754288 0.524660
vt 0.374855 0.930352
vt 0.374855 0.957776
vt 0.359770 0.939764
vt 0.846364 0.053397
vt 0.846815 0.086451
vt 0.814905 0.086451
vt 0.592973 0.428096
vt 0.616072 0.451723
vt 0.592967 0.451723
vt 0.616525 0.953849
vt 0.617811 0.910060
vt 0.617811 0.976975
vt 0.271173 0.616904
vt 0.271173 0.660712
vt 0.270567 0.640057
vt 0.153681 0.897428
vt 0.153681 0.930709
vt 0.136167 0.915569
vt 0.569868 0.428096
vt 0.592967 0.452035
vt 0.569862 0.452035
vt 0.237908 0.908504
vt 0.237908 0.941793
vt 0.221292 0.924574
vt 0.657578 0.451352
vt 0.679325 0.426164
vt 0.680719 0.451352
vt 0.634321 0.910060
vt 0.634321 0.943125
vt 0.617811 0.926237
vt 0.031900 0.821774
vt 0.031900 0.854840
vt 0.000000 0.822211
vt 0.888632 0.234261
vt 0.911426 0.232258
vt 0.911426 0.255761
vt 0.396699 0.942903
vt 0.396699 0.965806
vt 0.384591 0.953693
vt 0.383509 0.690702
vt 0.384391 0.652987
vt 0.384391 0.708032
vt 0.137732 0.531451
vt 0.137732 0.569176
vt 0.137250 0.548549
vt 0.504410 0.177237
vt 0.521615 0.161769
vt 0.521615 0.179122
vt 0.561217 0.274389
vt 0.576639 0.257139
vt 0.577642 0.274389
vt 0.947860 0.839886
vt 0.947860 0.864311
vt 0.936358 0.852576
vt 0.583073 0.940847
vt 0.583073 0.965271
vt 0.570952 0.952905
vt 0.914310 0.941056
vt 0.914310 0.965436
vt 0.902840 0.953970
vt 0.818893 0.625812
vt 0.818893 0.650193
vt 0.796733 0.628039
vt 0.415884 0.823291
vt 0.416436 0.856311
vt 0.384591 0.856311
vt 0.944202 0.279551
vt 0.944202 0.312576
vt 0.927723 0.296367
vt 0.656169 0.959365
vt 0.657450 0.915576
vt 0.657450 0.982489
vt 0.706976 0.719160
vt 0.706976 0.762967
vt 0.706372 0.742313
vt 0.889979 0.106979
vt 0.911750 0.132090
vt 0.888611 0.132090
vt 0.615184 0.907649
vt 0.615184 0.940896
vt 0.598599 0.924796
vt 0.919441 0.907840
vt 0.919441 0.941056
vt 0.902840 0.923924
vt 0.679457 0.897133
vt 0.679457 0.930348
vt 0.661965 0.912296
vt 0.942883 0.427077
vt 0.942883 0.460071
vt 0.926388 0.443269
vt 0.801696 0.853210
vt 0.802245 0.820221
vt 0.833570 0.853210
vt 0.905900 0.061250
vt 0.888611 0.037581
vt 0.905900 0.015521
vt 0.886156 0.929824
vt 0.886156 0.959145
vt 0.872200 0.948930
vt 0.988950 0.726125
vt 0.990237 0.688157
vt 0.990237 0.743284
vt 0.271267 0.578914
vt 0.271267 0.616904
vt 0.270567 0.596252
vt 0.072600 0.924377
vt 0.087904 0.949575
vt 0.070711 0.949575
vt 0.675906 0.930348
vt 0.675906 0.959837
vt 0.661965 0.949850
vt 0.833570 0.952831
vt 0.850859 0.928853
vt 0.850859 0.952833
vt 0.927723 0.337774
vt 0.943182 0.312576
vt 0.945060 0.337774
vt 0.616072 0.451762
vt 0.633216 0.428096
vt 0.633216 0.451763
vt 0.888611 0.084916
vt 0.905755 0.061250
vt 0.905755 0.106979
vt 0.962677 0.050494
vt 0.973270 0.043934
vt 0.973270 0.080622
vt 0.721444 0.649335
vt 0.714470 0.639001
vt 0.721444 0.628671
vt 0.960763 0.700614
vt 0.971333 0.694028
vt 0.971333 0.730680
vt 0.728396 0.649334
vt 0.721444 0.639009
vt 0.728396 0.628671
vt 0.328944 0.916668
vt 0.306903 0.906364
vt 0.328944 0.889203
vt 0.570952 0.932063
vt 0.589640 0.916474
vt 0.589640 0.940847
vt 0.359483 0.957808
vt 0.344398 0.946587
vt 0.359483 0.930187
vt 0.504410 0.161769
vt 0.504410 0.180581
vt 0.487864 0.174077
vt 0.466575 0.953770
vt 0.452491 0.953770
vt 0.452493 0.922468
vt 0.758347 0.159668
vt 0.764678 0.180204
vt 0.758126 0.180204
vt 0.758126 0.159668
vt 0.758126 0.181160
vt 0.751866 0.179226
vt 0.529669 0.257139
vt 0.545970 0.277675
vt 0.529448 0.277675
vt 0.907103 0.356401
vt 0.907103 0.382629
vt 0.894167 0.372342
vt 0.700887 0.930519
vt 0.700887 0.961570
vt 0.687972 0.956052
vt 0.854804 0.933775
vt 0.867049 0.962302
vt 0.853035 0.962302
vt 0.480510 0.269700
vt 0.497527 0.255309
vt 0.497527 0.275288
vt 0.131753 0.750172
vt 0.131753 0.812187
vt 0.108731 0.801920
vt 0.593974 0.748446
vt 0.593974 0.810461
vt 0.570952 0.800194
vt 0.904441 0.133151
vt 0.904441 0.182106
vt 0.888632 0.175055
vt 0.707002 0.851779
vt 0.707002 0.900734
vt 0.691193 0.893684
vt 0.796786 0.569168
vt 0.821859 0.625812
vt 0.796733 0.625812
vt 0.822923 0.144426
vt 0.797797 0.087805
vt 0.822923 0.087782
vt 0.045441 0.800386
vt 0.070683 0.845244
vt 0.045436 0.845244
vt 0.535234 0.794860
vt 0.560476 0.839719
vt 0.535230 0.839719
vt 0.000000 0.925918
vt 0.019758 0.915127
vt 0.019758 0.940529
vt 0.136167 0.954247
vt 0.154142 0.930709
vt 0.154142 0.954264
vt 0.885957 0.672002
vt 0.903931 0.648464
vt 0.903931 0.694212
vt 0.306792 0.819195
vt 0.306792 0.857871
vt 0.306107 0.837220
vt 0.886156 0.968479
vt 0.887438 0.929824
vt 0.887438 0.986469
vt 0.402935 0.951462
vt 0.420887 0.927596
vt 0.420910 0.951462
vt 0.885957 0.763808
vt 0.903931 0.739959
vt 0.903931 0.765108
vt 0.902652 0.914339
vt 0.902652 0.944239
vt 0.887534 0.934426
vt 0.168522 0.929327
vt 0.168522 0.959227
vt 0.154175 0.948389
vt 0.903931 0.739959
vt 0.885957 0.716387
vt 0.903931 0.694212
vt 0.451723 0.929757
vt 0.451723 0.959410
vt 0.437445 0.948481
vt 0.108731 0.966684
vt 0.120745 0.943017
vt 0.120745 0.966685
vt 0.860287 0.111238
vt 0.872301 0.087572
vt 0.872301 0.133538
vt 0.657418 0.143669
vt 0.657418 0.176528
vt 0.656609 0.155880
vt 0.993622 0.639763
vt 0.994910 0.606929
vt 0.994910 0.651788
vt 0.598599 0.964875
vt 0.610758 0.940896
vt 0.610758 0.964876
vt 0.942706 0.939259
vt 0.942706 0.966149
vt 0.931280 0.943616
vt 0.232609 0.941793
vt 0.232609 0.968620
vt 0.221292 0.964381
vt 0.593812 0.940847
vt 0.593812 0.967673
vt 0.583073 0.962282
vt 0.872227 0.045966
vt 0.860068 0.022298
vt 0.872227 0.000000
vt 0.812509 0.940760
vt 0.812509 0.967375
vt 0.801696 0.961809
vt 0.305987 0.928959
vt 0.305987 0.958661
vt 0.291687 0.939861
vt 0.854090 0.881734
vt 0.872065 0.858102
vt 0.872065 0.903991
vt 0.175410 0.740143
vt 0.175410 0.778819
vt 0.174724 0.758166
vt 0.238348 0.968061
vt 0.239634 0.929407
vt 0.239634 0.986053
vt 0.773682 0.923599
vt 0.773682 0.953549
vt 0.759314 0.934411
vt 0.108731 0.943017
vt 0.124960 0.917855
vt 0.126752 0.943017
vt 0.402567 0.942903
vt 0.384591 0.918969
vt 0.402567 0.917677
vt 0.495089 0.948690
vt 0.477114 0.924755
vt 0.495089 0.924751
vt 0.903910 0.627272
vt 0.885935 0.603648
vt 0.903910 0.581383
vt 0.534281 0.952953
vt 0.516306 0.929330
vt 0.534281 0.929326
vt 0.680180 0.159693
vt 0.680180 0.180522
vt 0.670739 0.167333
vt 0.271092 0.955556
vt 0.283212 0.938625
vt 0.283212 0.970137
vt 0.137808 0.569176
vt 0.137808 0.601777
vt 0.137250 0.581152
vt 0.534316 0.756183
vt 0.535197 0.723595
vt 0.535197 0.768387
vt 0.640342 0.257139
vt 0.640342 0.278052
vt 0.630928 0.264581
vt 0.620898 0.257139
vt 0.620898 0.278052
vt 0.610978 0.263857
vt 0.600835 0.274462
vt 0.588714 0.258729
vt 0.600835 0.257139
vt 0.630928 0.257139
vt 0.630928 0.277006
vt 0.620898 0.270158
vt 0.011976 0.972041
vt 0.000000 0.956514
vt 0.011976 0.940529
vt 0.699575 0.159693
vt 0.699575 0.179309
vt 0.689669 0.172537
vt 0.511750 0.965848
vt 0.497722 0.965848
vt 0.509975 0.937347
vt 0.689669 0.180356
vt 0.680180 0.170033
vt 0.689669 0.159693
vt 0.649859 0.277803
vt 0.640342 0.267469
vt 0.649859 0.257139
vt 0.570250 0.960556
vt 0.556241 0.959642
vt 0.570250 0.931930
vt 0.168647 0.929435
vt 0.188284 0.914701
vt 0.188284 0.940036
vt 0.425283 0.277607
vt 0.435578 0.255309
vt 0.445928 0.277607
vt 0.445928 0.260918
vt 0.464011 0.255309
vt 0.464011 0.274276
vt 0.561217 0.277772
vt 0.545970 0.266541
vt 0.561217 0.257139
vt 0.756678 0.921748
vt 0.756678 0.951966
vt 0.742246 0.932429
vt 0.214561 0.940746
vt 0.200641 0.920211
vt 0.214561 0.899672
vt 0.594081 0.990493
vt 0.595673 0.964677
vt 0.595673 0.992865
vt 0.990250 0.259558
vt 0.990250 0.285423
vt 0.988831 0.260645
vt 0.505618 0.966845
vt 0.504135 0.994032
vt 0.504135 0.965848
vt 0.658911 0.965706
vt 0.658911 0.992933
vt 0.657450 0.968161
vt 0.341154 0.966928
vt 0.341154 0.991776
vt 0.339872 0.966994
vt 0.902840 0.990252
vt 0.904112 0.965436
vt 0.904122 0.990252
vt 0.881961 0.000000
vt 0.881961 0.015477
vt 0.880683 0.000111
vt 0.769090 0.071999
vt 0.769090 0.087476
vt 0.767810 0.072109
vt 0.940997 0.131143
vt 0.927080 0.110606
vt 0.940997 0.090067
vt 0.595673 0.990491
vt 0.597265 0.964677
vt 0.597265 0.992863
vt 0.989987 0.381027
vt 0.989987 0.406890
vt 0.988568 0.382114
vt 0.507101 0.966845
vt 0.505618 0.994031
vt 0.505618 0.965848
vt 0.660371 0.965706
vt 0.660371 0.992933
vt 0.658911 0.968161
vt 0.879405 0.000000
vt 0.879405 0.015478
vt 0.878126 0.000111
vt 0.880683 0.000000
vt 0.880683 0.015478
vt 0.879405 0.000111
vt 0.905402 0.965436
vt 0.905402 0.990285
vt 0.904122 0.965502
vt 0.986570 0.173654
vt 0.986570 0.198502
vt 0.985288 0.173719
vt 0.384409 0.599585
vt 0.344398 0.554408
vt 0.351580 0.554408
vt 0.384409 0.652982
vt 0.344398 0.652987
vt 0.384409 0.615541
vt 0.377228 0.599586
vt 0.514268 0.830437
vt 0.525367 0.830436
vt 0.525367 0.839026
vt 0.525367 0.865883
vt 0.513283 0.865884
vt 0.498505 0.865885
vt 0.914192 0.894936
vt 0.902920 0.907840
vt 0.902920 0.892257
vt 0.902920 0.864923
vt 0.919440 0.864745
vt 0.919440 0.890410
vt 0.856604 0.169389
vt 0.856604 0.177603
vt 0.852619 0.169386
vt 0.852619 0.177601
vt 0.037645 0.970432
vt 0.037645 0.981786
vt 0.036660 0.970334
vt 0.036660 0.981689
vt 0.831821 0.749025
vt 0.831821 0.763597
vt 0.826942 0.749373
vt 0.826942 0.763945
vt 0.778241 0.823572
vt 0.778241 0.838206
vt 0.774322 0.824298
vt 0.774322 0.838933
vt 0.931228 0.928935
vt 0.931228 0.965122
vt 0.930238 0.928927
vt 0.930238 0.965115
vt 0.798113 0.912557
vt 0.798113 0.879780
vt 0.801260 0.912463
vt 0.801260 0.879686
vt 0.478135 0.481658
vt 0.478135 0.421969
vt 0.478984 0.481617
vt 0.478984 0.421928
vt 0.852699 0.318408
vt 0.852699 0.378106
vt 0.848718 0.318210
vt 0.848718 0.377909
vt 0.786831 0.523602
vt 0.786831 0.453352
vt 0.809960 0.523353
vt 0.809960 0.453103
vt 0.936502 0.746750
vt 0.943053 0.746679
vt 0.936502 0.820261
vt 0.943053 0.820190
vt 0.108731 0.888639
vt 0.108731 0.852700
vt 0.133354 0.888642
vt 0.133354 0.852703
vt 0.707002 0.851779
vt 0.731625 0.851782
vt 0.707002 0.887719
vt 0.731625 0.887722
vt 0.865582 0.133543
vt 0.865582 0.169386
vt 0.838272 0.133538
vt 0.838272 0.169381
vt 0.262854 0.737546
vt 0.262854 0.807796
vt 0.239725 0.737795
vt 0.239725 0.808045
vt 0.658944 0.887994
vt 0.634321 0.887991
vt 0.658944 0.852055
vt 0.634321 0.852052
vt 0.200641 0.899671
vt 0.200641 0.863741
vt 0.221292 0.899672
vt 0.221292 0.863742
vt 0.697872 0.650264
vt 0.661965 0.650268
vt 0.697872 0.551686
vt 0.661965 0.551690
vt 0.697872 0.551681
vt 0.661965 0.551686
vt 0.697872 0.453103
vt 0.661965 0.453107
vt 0.975832 0.526835
vt 0.971206 0.526885
vt 0.975832 0.454954
vt 0.971206 0.455004
vt 0.788986 0.965722
vt 0.777593 0.965724
vt 0.788986 0.941078
vt 0.777593 0.941079
vt 0.697936 0.441708
vt 0.697938 0.453081
vt 0.691498 0.445918
vt 0.687107 0.453081
vt 0.852923 0.766039
vt 0.852923 0.806086
vt 0.825809 0.766036
vt 0.846128 0.806085
vt 0.098022 0.865037
vt 0.070711 0.865032
vt 0.098022 0.829194
vt 0.070711 0.829189
vt 0.742813 0.859414
vt 0.742813 0.823572
vt 0.771752 0.859420
vt 0.771752 0.823577
vt 0.971434 0.689273
vt 0.961108 0.689272
vt 0.971434 0.653343
vt 0.961108 0.653342
vt 0.421456 0.842555
vt 0.447042 0.842557
vt 0.421456 0.878485
vt 0.447042 0.878487
vt 0.661965 0.861201
vt 0.682617 0.861202
vt 0.661965 0.897131
vt 0.682617 0.897133
vt 0.535230 0.875649
vt 0.535230 0.839719
vt 0.560816 0.875650
vt 0.560816 0.839720
vt 0.634321 0.915576
vt 0.634321 0.888243
vt 0.657450 0.915327
vt 0.657450 0.887994
vt 0.707002 0.915304
vt 0.707002 0.887971
vt 0.730131 0.915055
vt 0.730131 0.887722
vt 0.108731 0.917855
vt 0.108731 0.888891
vt 0.131860 0.917606
vt 0.131860 0.888642
vt 0.594081 0.887261
vt 0.594081 0.916225
vt 0.570952 0.887510
vt 0.570952 0.916474
vt 0.841886 0.649211
vt 0.818893 0.648963
vt 0.841886 0.626060
vt 0.818893 0.625812
vt 0.045436 0.917437
vt 0.045436 0.889288
vt 0.068565 0.917188
vt 0.068565 0.889039
vt 0.893713 0.530585
vt 0.870584 0.530834
vt 0.893713 0.502436
vt 0.870584 0.502685
vt 0.769199 0.000000
vt 0.794403 0.000006
vt 0.769199 0.066915
vt 0.794403 0.066922
vt 0.972397 0.392216
vt 0.962071 0.392215
vt 0.972397 0.356286
vt 0.962071 0.356285
vt 0.927582 0.411262
vt 0.927582 0.375332
vt 0.942478 0.411263
vt 0.942478 0.375333
vt 0.707002 0.915304
vt 0.727520 0.915525
vt 0.707002 0.938455
vt 0.727520 0.938676
vt 0.714470 0.649208
vt 0.707318 0.649285
vt 0.714470 0.628671
vt 0.707318 0.628748
vt 0.271092 0.914438
vt 0.291610 0.914659
vt 0.271092 0.938404
vt 0.291610 0.938625
vt 0.654839 0.938948
vt 0.634321 0.938727
vt 0.654839 0.915797
vt 0.634321 0.915576
vt 0.892103 0.647836
vt 0.892103 0.627298
vt 0.894593 0.647809
vt 0.894593 0.627272
vt 0.306903 0.916668
vt 0.327421 0.916889
vt 0.306903 0.939819
vt 0.327421 0.940039
vt 0.598599 0.871802
vt 0.619119 0.871806
vt 0.598599 0.907645
vt 0.619119 0.907649
vt 0.421456 0.878487
vt 0.441976 0.878491
vt 0.421456 0.914329
vt 0.441976 0.914333
vt 0.555750 0.911497
vt 0.535230 0.911493
vt 0.555750 0.875654
vt 0.535230 0.875650
vt 0.577642 0.257141
vt 0.588714 0.257139
vt 0.577642 0.277679
vt 0.588714 0.277677
vt 0.942478 0.375332
vt 0.927582 0.375331
vt 0.942478 0.339402
vt 0.927582 0.339401
vt 0.846818 0.086451
vt 0.846815 0.050521
vt 0.862585 0.086451
vt 0.873246 0.050521
vt 0.856690 0.453103
vt 0.850445 0.470306
vt 0.834180 0.471306
vt 0.856690 0.499182
vt 0.690907 0.851093
vt 0.690907 0.831008
vt 0.697458 0.851023
vt 0.697458 0.825358
vt 0.997526 0.304866
vt 0.997526 0.264274
vt 0.998808 0.304879
vt 0.998808 0.264287
vt 0.231999 0.827801
vt 0.231999 0.862129
vt 0.228101 0.827872
vt 0.228101 0.862199
vt 0.990478 0.162379
vt 0.990478 0.196706
vt 0.986580 0.162449
vt 0.986580 0.196776
vt 0.996576 0.921083
vt 0.996576 0.961675
vt 0.995295 0.921070
vt 0.995295 0.961662
vt 0.000000 0.821774
vt 0.012730 0.796745
vt 0.011773 0.819263
vt 0.023713 0.792465
vt 0.036219 0.821774
vt 0.032742 0.798796
vt 0.030410 0.783388
vt 0.598599 0.717304
vt 0.598599 0.701720
vt 0.624178 0.672750
vt 0.598599 0.672755
vt 0.634321 0.672748
vt 0.634321 0.746262
vt 0.624178 0.746264
vt 0.598599 0.746269
vt 0.801696 0.750546
vt 0.801696 0.766129
vt 0.785175 0.794456
vt 0.801696 0.794278
vt 0.778624 0.794526
vt 0.778624 0.722646
vt 0.785175 0.722575
vt 0.801696 0.722397
vt 0.516410 0.746406
vt 0.516410 0.787014
vt 0.511958 0.774418
vt 0.498505 0.787018
vt 0.534316 0.787011
vt 0.534316 0.728676
vt 0.516410 0.723595
vt 0.498505 0.724665
vt 0.723514 0.628669
vt 0.723514 0.540888
vt 0.733682 0.628669
vt 0.733682 0.540887
vt 0.697872 0.628671
vt 0.697872 0.608001
vt 0.697872 0.592417
vt 0.697872 0.540890
vt 0.758684 0.182218
vt 0.768828 0.182216
vt 0.758684 0.254101
vt 0.768828 0.254099
vt 0.737347 0.254105
vt 0.747597 0.227042
vt 0.755491 0.210538
vt 0.754496 0.191215
vt 0.751690 0.182219
vt 0.739021 0.240779
vt 0.738647 0.243756
vt 0.733105 0.254106
vt 0.587473 0.674757
vt 0.594024 0.674687
vt 0.587473 0.748268
vt 0.594024 0.748197
vt 0.570952 0.748446
vt 0.570952 0.716642
vt 0.572642 0.715771
vt 0.573418 0.707095
vt 0.570952 0.674935
vt 0.570952 0.705436
vt 0.661965 0.719166
vt 0.687544 0.719162
vt 0.661965 0.746501
vt 0.661965 0.762085
vt 0.697687 0.719160
vt 0.697687 0.789413
vt 0.687544 0.789414
vt 0.661965 0.789419
vt 0.420007 0.790330
vt 0.420007 0.806811
vt 0.415591 0.787361
vt 0.400091 0.787360
vt 0.384591 0.823289
vt 0.384591 0.787359
vt 0.399487 0.823290
vt 0.420007 0.823291
vt 0.742813 0.787639
vt 0.757709 0.787640
vt 0.742813 0.823569
vt 0.758313 0.823570
vt 0.778229 0.820603
vt 0.773813 0.823572
vt 0.778229 0.804122
vt 0.778229 0.787642
vt 0.331630 0.697593
vt 0.331619 0.698654
vt 0.326796 0.697593
vt 0.327926 0.702571
vt 0.326948 0.702571
vt 0.670739 0.159693
vt 0.670739 0.181466
vt 0.662260 0.163307
vt 0.668672 0.180810
vt 0.657467 0.168711
vt 0.594435 0.887261
vt 0.570957 0.887261
vt 0.591763 0.870848
vt 0.570952 0.851322
vt 0.595811 0.851322
vt 0.200641 0.940746
vt 0.214561 0.940896
vt 0.207285 0.960794
vt 0.214561 0.964047
vt 0.210744 0.964006
vt 0.070711 0.897090
vt 0.070711 0.865286
vt 0.077971 0.893347
vt 0.093840 0.865037
vt 0.093840 0.878970
vt 0.104960 0.930823
vt 0.108072 0.930823
vt 0.105973 0.943274
vt 0.108320 0.953973
vt 0.089979 0.953973
vt 0.321915 0.702522
vt 0.321905 0.701472
vt 0.326796 0.702522
vt 0.325558 0.697593
vt 0.326546 0.697593
vt 0.194305 0.924878
vt 0.194305 0.914701
vt 0.200325 0.924879
vt 0.200325 0.914701
vt 0.188284 0.914701
vt 0.188284 0.924878
vt 0.188284 0.950542
vt 0.194305 0.950543
vt 0.200325 0.950543
vt 0.510329 0.274080
vt 0.506406 0.276644
vt 0.510329 0.262707
vt 0.499461 0.266048
vt 0.498190 0.262704
vt 0.405923 0.885875
vt 0.405923 0.917677
vt 0.391402 0.905857
vt 0.391402 0.916011
vt 0.384591 0.915230
vt 0.809511 0.561860
vt 0.796601 0.569168
vt 0.809511 0.550271
vt 0.782826 0.550212
vt 0.780786 0.541995
vt 0.809511 0.525562
vt 0.791558 0.525564
vt 0.773604 0.525567
vt 0.778747 0.541996
vt 0.773604 0.550211
vt 0.727908 0.789625
vt 0.707002 0.812300
vt 0.723460 0.782964
vt 0.707002 0.775105
vt 0.721898 0.775107
vt 0.742418 0.795639
vt 0.742418 0.816171
vt 0.734565 0.794076
vt 0.715584 0.816169
vt 0.707002 0.816168
vt 0.473397 0.802711
vt 0.461073 0.776165
vt 0.480054 0.798261
vt 0.487907 0.776167
vt 0.487907 0.796699
vt 0.467387 0.817229
vt 0.452491 0.817228
vt 0.468949 0.809372
vt 0.452491 0.780033
vt 0.452491 0.776165
vt 0.734196 0.683780
vt 0.707002 0.723783
vt 0.714404 0.665446
vt 0.707002 0.650269
vt 0.710554 0.650268
vt 0.742813 0.686514
vt 0.742813 0.708287
vt 0.731720 0.713051
vt 0.722204 0.720476
vt 0.723622 0.723779
vt 0.965392 0.863414
vt 0.962281 0.863380
vt 0.965392 0.851838
vt 0.960304 0.851783
vt 0.965392 0.840263
vt 0.956933 0.840172
vt 0.724280 0.353040
vt 0.727134 0.355603
vt 0.724280 0.401899
vt 0.727134 0.401899
vt 0.724280 0.412079
vt 0.727134 0.412079
vt 0.992062 0.116875
vt 0.989208 0.116875
vt 0.992062 0.106698
vt 0.989208 0.106697
vt 0.992062 0.060413
vt 0.989208 0.057851
vt 0.747804 0.341322
vt 0.747804 0.313987
vt 0.783615 0.341315
vt 0.747804 0.298403
vt 0.783615 0.271062
vt 0.747804 0.271069
vt 0.836939 0.053397
vt 0.814905 0.004442
vt 0.836939 0.037441
vt 0.820734 0.001438
vt 0.836939 0.000000
vt 0.823559 0.000002
vt 0.798113 0.915444
vt 0.777593 0.915440
vt 0.798113 0.905292
vt 0.777593 0.905288
vt 0.798113 0.879690
vt 0.777593 0.879686
vt 0.806744 0.408376
vt 0.806744 0.379412
vt 0.823265 0.408198
vt 0.806744 0.363829
vt 0.823265 0.334688
vt 0.806744 0.334865
vt 0.958843 0.946853
vt 0.958843 0.955046
vt 0.953952 0.946852
vt 0.953952 0.955045
vt 0.958843 0.987743
vt 0.953952 0.987742
vt 0.872301 0.128561
vt 0.872301 0.120349
vt 0.873151 0.128562
vt 0.873151 0.120349
vt 0.872301 0.087572
vt 0.873151 0.087572
vt 0.132850 0.888653
vt 0.132850 0.893944
vt 0.131860 0.888642
vt 0.131860 0.893934
vt 0.132850 0.915064
vt 0.131860 0.915053
vt 0.535230 0.748207
vt 0.535230 0.674693
vt 0.545373 0.748205
vt 0.545373 0.674691
vt 0.570952 0.674687
vt 0.570952 0.748200
vt 0.452491 0.853077
vt 0.477114 0.853080
vt 0.452491 0.878748
vt 0.477114 0.878751
vt 0.477114 0.888930
vt 0.452491 0.888927
vt 0.747804 0.411581
vt 0.747804 0.341328
vt 0.757948 0.411580
vt 0.757948 0.341327
vt 0.783527 0.341322
vt 0.783527 0.411575
vt 0.198575 0.816467
vt 0.192024 0.816537
vt 0.198575 0.746216
vt 0.192024 0.746287
vt 0.175503 0.816715
vt 0.175503 0.746465
vt 0.688381 0.353042
vt 0.706331 0.353041
vt 0.688381 0.377752
vt 0.724280 0.353040
vt 0.724280 0.440822
vt 0.688381 0.440824
vt 0.806744 0.341312
vt 0.795179 0.341437
vt 0.806744 0.271062
vt 0.795179 0.271186
vt 0.783615 0.341561
vt 0.783615 0.271311
vt 0.429326 0.736372
vt 0.440891 0.736248
vt 0.429326 0.806623
vt 0.440891 0.806498
vt 0.452455 0.736123
vt 0.452455 0.806374
vt 0.306903 0.773893
vt 0.306903 0.703640
vt 0.324808 0.773890
vt 0.324808 0.703637
vt 0.342714 0.703634
vt 0.342714 0.773887
vt 0.306903 0.853349
vt 0.331525 0.853352
vt 0.306903 0.863529
vt 0.331525 0.863532
vt 0.331525 0.889203
vt 0.306903 0.889200
vt 0.820926 0.177709
vt 0.797797 0.177958
vt 0.820926 0.167440
vt 0.797797 0.167689
vt 0.797797 0.144675
vt 0.820926 0.144426
vt 0.970690 0.270594
vt 0.970690 0.208982
vt 0.975315 0.270544
vt 0.975315 0.208932
vt 0.970690 0.198713
vt 0.975315 0.198663
vt 0.228101 0.863740
vt 0.200987 0.863740
vt 0.228097 0.827801
vt 0.200641 0.858466
vt 0.201398 0.836679
vt 0.203239 0.827801
vt 0.806744 0.341561
vt 0.806744 0.368895
vt 0.783615 0.341810
vt 0.783615 0.412061
vt 0.806744 0.384478
vt 0.806744 0.411812
vt 0.598599 0.871802
vt 0.598601 0.844945
vt 0.610683 0.871802
vt 0.598601 0.836356
vt 0.609701 0.836356
vt 0.625461 0.871802
vt 0.796733 0.569168
vt 0.796733 0.597317
vt 0.773604 0.569417
vt 0.796733 0.612900
vt 0.773604 0.641298
vt 0.796733 0.641049
vt 0.634321 0.746508
vt 0.634321 0.717544
vt 0.657450 0.746259
vt 0.634321 0.701961
vt 0.657450 0.672748
vt 0.634321 0.672997
vt 0.854090 0.899069
vt 0.833570 0.899065
vt 0.854090 0.895210
vt 0.833570 0.895206
vt 0.854090 0.858106
vt 0.833570 0.858102
vt 0.690904 0.825358
vt 0.690907 0.841993
vt 0.661965 0.825358
vt 0.686465 0.843903
vt 0.661971 0.861201
vt 0.685191 0.861201
vt 0.098022 0.875978
vt 0.098022 0.873121
vt 0.100583 0.873120
vt 0.098022 0.832046
vt 0.098022 0.829189
vt 0.100583 0.832046
vt 0.031901 0.880654
vt 0.031900 0.831927
vt 0.035800 0.880655
vt 0.035799 0.831927
vt 0.031900 0.821774
vt 0.035800 0.821775
vt 0.977647 0.614521
vt 0.981547 0.614563
vt 0.977648 0.621079
vt 0.981547 0.621121
vt 0.981547 0.652594
vt 0.977649 0.652552
vt 0.466575 0.978793
vt 0.466575 0.968640
vt 0.470475 0.978793
vt 0.470475 0.968641
vt 0.466575 0.922468
vt 0.470475 0.922469
vt 0.852863 0.989254
vt 0.848963 0.989213
vt 0.852863 0.982697
vt 0.848963 0.982655
vt 0.848963 0.952833
vt 0.852863 0.952875
vt 0.134607 0.809211
vt 0.131753 0.809210
vt 0.134607 0.799031
vt 0.131753 0.799031
vt 0.131753 0.752735
vt 0.134607 0.750172
vt 0.979973 0.746366
vt 0.979973 0.739809
vt 0.983873 0.746408
vt 0.983873 0.739851
vt 0.979973 0.709987
vt 0.983873 0.710029
vt 0.986406 0.977395
vt 0.982506 0.977394
vt 0.986406 0.967243
vt 0.982506 0.967242
vt 0.982506 0.921070
vt 0.986406 0.921071
vt 0.989744 0.913479
vt 0.986890 0.913478
vt 0.989744 0.903301
vt 0.986890 0.903301
vt 0.986890 0.857017
vt 0.989744 0.854455
vt 0.945060 0.337774
vt 0.945060 0.334917
vt 0.947620 0.334917
vt 0.945060 0.293841
vt 0.945060 0.290984
vt 0.947620 0.293841
vt 0.023129 0.915127
vt 0.018383 0.911933
vt 0.023129 0.884626
vt 0.004932 0.909013
vt 0.000000 0.884875
vt 0.000000 0.903232
vt 0.001062 0.904929
vt 0.773693 0.915677
vt 0.777593 0.915678
vt 0.773693 0.925830
vt 0.777593 0.925830
vt 0.777593 0.951432
vt 0.773695 0.974557
vt 0.777593 0.974558
vt 0.984933 0.285381
vt 0.984932 0.270444
vt 0.988831 0.285423
vt 0.984932 0.253908
vt 0.988831 0.253949
vt 0.984931 0.247350
vt 0.988831 0.247392
vt 0.757530 0.159668
vt 0.752688 0.144146
vt 0.764525 0.159667
vt 0.764525 0.098053
vt 0.774668 0.098051
vt 0.774668 0.159665
vt 0.774668 0.087782
vt 0.764525 0.087783
vt 0.738945 0.087788
vt 0.738945 0.098057
vt 0.738945 0.135174
vt 0.697207 0.182218
vt 0.733105 0.182216
vt 0.697207 0.192554
vt 0.733105 0.269998
vt 0.697207 0.208137
vt 0.697207 0.233746
vt 0.697207 0.249330
vt 0.697207 0.270000
vt 0.857143 0.233992
vt 0.857144 0.238249
vt 0.851596 0.238249
vt 0.844179 0.243942
vt 0.835695 0.259662
vt 0.857146 0.259662
vt 0.857148 0.269842
vt 0.828109 0.269842
vt 0.943054 0.746679
vt 0.947944 0.746732
vt 0.943054 0.753294
vt 0.947944 0.753346
vt 0.947944 0.827760
vt 0.943054 0.827707
vt 0.947944 0.839335
vt 0.943054 0.839282
vt 0.991454 0.264274
vt 0.992516 0.264274
vt 0.991454 0.274540
vt 0.992516 0.274540
vt 0.992516 0.390030
vt 0.991454 0.390030
vt 0.992516 0.407995
vt 0.991454 0.407995
vt 0.265545 0.518401
vt 0.270531 0.518400
vt 0.265545 0.528670
vt 0.270531 0.528668
vt 0.270531 0.644186
vt 0.265545 0.644188
vt 0.270531 0.662156
vt 0.265545 0.662158
vt 0.991497 0.750300
vt 0.990507 0.750300
vt 0.991497 0.732379
vt 0.990507 0.732378
vt 0.990507 0.617170
vt 0.991497 0.617170
vt 0.990507 0.606929
vt 0.991497 0.606930
vt 0.919860 0.482951
vt 0.919860 0.493191
vt 0.914969 0.482950
vt 0.914969 0.493190
vt 0.919860 0.608400
vt 0.914969 0.608399
vt 0.919860 0.626321
vt 0.914969 0.626320
vt 0.909987 0.626706
vt 0.909987 0.616438
vt 0.914969 0.626709
vt 0.914969 0.616441
vt 0.909987 0.500919
vt 0.914969 0.500922
vt 0.909987 0.482950
vt 0.914969 0.482953
vt 0.948363 0.455007
vt 0.948363 0.461622
vt 0.943472 0.454954
vt 0.943472 0.461569
vt 0.948363 0.536035
vt 0.943472 0.535982
vt 0.948363 0.547610
vt 0.943472 0.547557
vt 0.569214 0.891963
vt 0.569214 0.881695
vt 0.570276 0.891964
vt 0.570276 0.881695
vt 0.569214 0.766177
vt 0.570276 0.766177
vt 0.569214 0.748207
vt 0.570276 0.748207
vt 0.909557 0.401495
vt 0.909557 0.391229
vt 0.914540 0.401501
vt 0.914540 0.391235
vt 0.909557 0.275740
vt 0.914540 0.275745
vt 0.909557 0.257775
vt 0.914540 0.257780
vt 0.374921 0.930729
vt 0.374921 0.912808
vt 0.375911 0.930729
vt 0.375911 0.912808
vt 0.374921 0.797599
vt 0.375911 0.797600
vt 0.374921 0.787359
vt 0.375911 0.787359
vt 0.914540 0.257775
vt 0.919431 0.257776
vt 0.914540 0.268016
vt 0.919431 0.268016
vt 0.919431 0.383225
vt 0.914540 0.383224
vt 0.919431 0.401146
vt 0.914540 0.401145
vt 0.990391 0.407995
vt 0.991453 0.407995
vt 0.990391 0.418263
vt 0.991453 0.418263
vt 0.991453 0.533782
vt 0.990391 0.533782
vt 0.991453 0.551751
vt 0.990391 0.551751
vt 0.063366 0.518948
vt 0.068351 0.518943
vt 0.063366 0.529214
vt 0.068351 0.529209
vt 0.068351 0.644698
vt 0.063366 0.644703
vt 0.068351 0.662663
vt 0.063366 0.662668
vt 0.742138 0.943559
vt 0.741148 0.943548
vt 0.742138 0.931983
vt 0.741148 0.931973
vt 0.741148 0.857560
vt 0.742138 0.857570
vt 0.741148 0.850945
vt 0.742138 0.850956
vt 0.965799 0.198663
vt 0.970690 0.198716
vt 0.965799 0.203955
vt 0.970690 0.204007
vt 0.970690 0.263538
vt 0.965799 0.263485
vt 0.970690 0.272798
vt 0.965799 0.272746
vt 0.264695 0.518395
vt 0.265545 0.518395
vt 0.264695 0.526608
vt 0.265545 0.526608
vt 0.265545 0.618999
vt 0.264695 0.618999
vt 0.265545 0.633371
vt 0.264695 0.633371
vt 0.594024 0.674689
vt 0.598013 0.674687
vt 0.594024 0.682903
vt 0.598013 0.682901
vt 0.598013 0.775316
vt 0.594024 0.775318
vt 0.598013 0.789692
vt 0.594024 0.789694
vt 0.706372 0.833856
vt 0.705382 0.833856
vt 0.706372 0.819519
vt 0.705382 0.819519
vt 0.705382 0.727352
vt 0.706372 0.727352
vt 0.705382 0.719160
vt 0.706372 0.719160
vt 0.658033 0.806297
vt 0.658033 0.788332
vt 0.661965 0.806203
vt 0.661965 0.788238
vt 0.658033 0.744213
vt 0.661965 0.744119
vt 0.658033 0.672842
vt 0.661965 0.672748
vt 0.858536 0.257775
vt 0.863427 0.257776
vt 0.858536 0.268016
vt 0.863427 0.268016
vt 0.863427 0.435182
vt 0.858536 0.435181
vt 0.863427 0.453103
vt 0.858536 0.453102
vt 0.260654 0.518444
vt 0.259592 0.518444
vt 0.260654 0.508176
vt 0.259592 0.508176
vt 0.259592 0.340560
vt 0.260654 0.340560
vt 0.259592 0.322591
vt 0.260654 0.322591
vt 0.265545 0.322596
vt 0.270530 0.322591
vt 0.265545 0.332861
vt 0.270530 0.332856
vt 0.270530 0.500430
vt 0.265545 0.500434
vt 0.270530 0.518395
vt 0.265545 0.518400
vt 0.480038 0.548100
vt 0.479048 0.548090
vt 0.480038 0.536525
vt 0.479048 0.536514
vt 0.479048 0.428542
vt 0.480038 0.428553
vt 0.479048 0.421928
vt 0.480038 0.421938
vt 0.265545 0.518395
vt 0.260654 0.518395
vt 0.265545 0.508129
vt 0.260654 0.508129
vt 0.260654 0.340556
vt 0.265545 0.340556
vt 0.260654 0.322591
vt 0.265545 0.322591
vt 0.044374 0.774404
vt 0.045436 0.774404
vt 0.044374 0.784645
vt 0.045436 0.784645
vt 0.045436 0.951810
vt 0.044374 0.951810
vt 0.045436 0.969731
vt 0.044374 0.969731
vt 0.852730 0.281736
vt 0.857717 0.281634
vt 0.852730 0.288350
vt 0.857717 0.288249
vt 0.857717 0.396221
vt 0.852730 0.396322
vt 0.857717 0.407796
vt 0.852730 0.407897
vt 0.376901 0.983212
vt 0.375911 0.983212
vt 0.376901 0.965242
vt 0.375911 0.965242
vt 0.375911 0.797627
vt 0.376901 0.797627
vt 0.375911 0.787359
vt 0.376901 0.787359
vt 0.774668 0.159911
vt 0.774668 0.136897
vt 0.797797 0.159662
vt 0.774668 0.121314
vt 0.797797 0.098050
vt 0.774668 0.098299
vt 0.774668 0.088031
vt 0.797797 0.087782
vt 0.742813 0.708378
vt 0.762435 0.700897
vt 0.742813 0.720528
vt 0.776100 0.688603
vt 0.778624 0.720521
vt 0.778624 0.650268
vt 0.777739 0.660784
vt 0.775072 0.650269
vt 0.070711 0.738385
vt 0.078249 0.743306
vt 0.070711 0.775502
vt 0.079798 0.758219
vt 0.094257 0.767392
vt 0.106522 0.774924
vt 0.106522 0.785764
vt 0.070711 0.785771
vt 0.697207 0.182216
vt 0.697207 0.206926
vt 0.674129 0.238697
vt 0.697207 0.269998
vt 0.660045 0.270000
vt 0.656180 0.270000
vt 0.656180 0.238699
vt 0.991454 0.264274
vt 0.991454 0.274540
vt 0.990391 0.264274
vt 0.990391 0.274540
vt 0.991454 0.390030
vt 0.990391 0.345910
vt 0.990391 0.390030
vt 0.991454 0.407995
vt 0.990391 0.407995
vt 0.383002 0.978726
vt 0.383002 0.967151
vt 0.383992 0.978737
vt 0.383992 0.967161
vt 0.383002 0.892738
vt 0.383992 0.938734
vt 0.383992 0.892748
vt 0.383002 0.886123
vt 0.383992 0.886134
vt 0.195134 0.672494
vt 0.198632 0.672457
vt 0.189489 0.678720
vt 0.187068 0.685477
vt 0.198632 0.745968
vt 0.187068 0.746092
vt 0.185430 0.693298
vt 0.175503 0.746216
vt 0.175503 0.695105
vt 0.440414 0.842554
vt 0.440414 0.819372
vt 0.446435 0.842555
vt 0.446435 0.812998
vt 0.452455 0.842555
vt 0.452455 0.806625
vt 0.436956 0.806624
vt 0.421456 0.806623
vt 0.742813 0.720531
vt 0.752981 0.720530
vt 0.742813 0.756989
vt 0.752981 0.763219
vt 0.771001 0.774258
vt 0.778623 0.720528
vt 0.778623 0.730863
vt 0.778623 0.746447
vt 0.778623 0.772056
vt 0.778623 0.787639
vt 0.697872 0.540887
vt 0.697872 0.530552
vt 0.733770 0.540884
vt 0.697872 0.514968
vt 0.733770 0.514430
vt 0.733770 0.477400
vt 0.733770 0.453103
vt 0.697872 0.489359
vt 0.697872 0.473776
vt 0.697872 0.453105
vt 0.239725 0.843976
vt 0.258683 0.831228
vt 0.255225 0.843976
vt 0.264704 0.837602
vt 0.270725 0.843976
vt 0.270722 0.808045
vt 0.264702 0.808045
vt 0.258681 0.808045
vt 0.657467 0.031305
vt 0.657467 0.000003
vt 0.675416 0.031303
vt 0.661332 0.000003
vt 0.698493 0.000000
vt 0.698493 0.015781
vt 0.698493 0.063072
vt 0.698493 0.087782
vt 0.955513 0.454954
vt 0.949493 0.454954
vt 0.955513 0.429290
vt 0.949493 0.429290
vt 0.955513 0.419113
vt 0.949493 0.419113
vt 0.943472 0.419112
vt 0.943472 0.429289
vt 0.943472 0.454954
vt 0.778624 0.722397
vt 0.778624 0.660785
vt 0.785175 0.722327
vt 0.785175 0.660715
vt 0.778624 0.650517
vt 0.785175 0.650446
vt 0.801696 0.650268
vt 0.801696 0.660537
vt 0.801696 0.683551
vt 0.801696 0.699134
vt 0.801696 0.722149
vt 0.515857 0.422592
vt 0.515857 0.465131
vt 0.505686 0.424048
vt 0.505686 0.465132
vt 0.496139 0.427539
vt 0.484292 0.432645
vt 0.484292 0.465135
vt 0.480038 0.441636
vt 0.480038 0.465135
vt 0.480038 0.563713
vt 0.505686 0.465132
vt 0.505686 0.563710
vt 0.515857 0.465131
vt 0.515857 0.563709
vn 0.0000 1.0000 0.0000
vn 0.0000 0.0000 -1.0000
vn -0.0783 0.0000 -0.9969
vn 0.0783 0.0000 -0.9969
vn 1.0000 0.0000 0.0000
vn -1.0000 0.0000 0.0000
vn 0.0000 0.0000 1.0000
vn -0.4067 -0.9135 0.0000
vn 0.4067 -0.9135 0.0000
vn 0.0000 -1.0000 0.0000
vn 0.0521 0.9948 -0.0871
vn -0.0045 -0.0870 -0.9962
vn -0.0521 -0.9948 0.0871
vn 0.0045 0.0870 0.9962
vn -0.9986 0.0523 0.0000
vn 0.9986 -0.0523 0.0000
vn 1.0000 0.0000 -0.0001
vn -1.0000 0.0000 -0.0001
vn 0.1951 -0.9808 0.0000
vn 0.3827 -0.9239 0.0000
vn 0.7071 -0.7071 0.0000
vn 0.9239 -0.3827 0.0000
vn 0.9952 -0.0980 0.0000
vn -0.9952 -0.0980 0.0000
vn -0.9239 -0.3827 0.0000
vn -0.7071 -0.7071 0.0000
vn -0.3827 -0.9239 0.0000
vn -0.1951 -0.9808 0.0000
vn 0.0000 0.3243 -0.9459
vn 0.0000 0.4214 -0.9068
vn 0.0000 0.6196 -0.7849
vn 0.0000 0.7369 -0.6760
vn 0.0000 0.7966 -0.6044
vn 0.0000 0.6794 -0.7337
vn 0.0000 0.1125 -0.9937
vn 0.0000 -0.1719 -0.9851
vn 0.0000 -0.1210 -0.9926
vn 0.0000 -0.0047 -1.0000
vn 0.0000 0.2674 -0.9636
vn -0.1727 0.3582 -0.9175
vn -0.0863 0.3738 -0.9235
vn 0.0324 0.7806 -0.6242
vn 0.0012 0.0236 -0.9997
vn 0.0874 -0.0915 -0.9919
vn 0.0880 -0.0945 -0.9916
vn 0.1904 -0.2850 -0.9394
vn 0.1900 -0.3214 -0.9277
vn -0.3290 0.4621 -0.8235
vn -0.0838 0.4725 -0.8773
vn 0.2715 0.4261 -0.8629
vn 0.5835 0.3596 -0.7282
vn -0.0118 0.0498 -0.9987
vn 0.1200 0.0831 -0.9893
vn -0.0659 -0.3982 -0.9149
vn 0.0474 -0.2802 -0.9587
vn 0.2705 -0.1090 -0.9565
vn 0.0839 0.4901 -0.8676
vn -0.0144 0.5121 -0.8588
vn -0.0058 0.2479 -0.9687
vn 0.0000 0.1659 -0.9861
vn 0.0000 0.6308 -0.7759
vn 0.0000 0.1096 -0.9940
vn -0.0071 0.9180 -0.3964
vn -0.0049 0.9134 -0.4070
vn -0.0030 0.7404 -0.6721
vn 0.0000 0.7390 -0.6737
vn -0.1487 0.8220 -0.5496
vn -0.1359 0.6138 -0.7776
vn -0.2935 0.8644 -0.4082
vn -0.1848 0.5626 -0.8058
vn -0.1371 0.4157 -0.8991
vn -0.1382 0.3729 -0.9175
vn 0.1779 0.3033 -0.9361
vn 0.2015 0.3535 -0.9135
vn 0.3172 0.3794 -0.8691
vn 0.3373 0.3568 -0.8712
vn 0.2884 0.5768 -0.7642
vn 0.4241 0.2798 -0.8613
vn 0.2196 0.8036 -0.5531
vn -0.0568 0.9488 0.3108
vn -0.1112 0.7825 0.6126
vn -0.3476 0.3494 0.8701
vn -0.4071 0.2291 0.8842
vn -0.4094 0.2615 0.8741
vn -0.5455 0.2788 0.7903
vn -0.5456 0.3040 0.7809
vn -0.5264 0.5499 0.6485
vn -0.5239 0.5787 0.6250
vn -0.5328 0.6053 0.5914
vn -0.5000 0.3329 0.7994
vn -0.5228 0.2917 0.8010
vn -0.1496 0.0255 0.9884
vn 0.0243 -0.0807 0.9964
vn 0.0026 -0.1603 0.9871
vn -0.0054 -0.1770 0.9842
vn 0.0000 -0.1845 0.9828
vn 0.8638 0.4796 -0.1544
vn 0.8327 0.4727 -0.2884
vn 0.8340 0.4711 -0.2872
vn 0.8321 0.4733 -0.2890
vn 0.8657 0.4798 -0.1423
vn 0.8775 0.4795 -0.0079
vn 0.8505 0.4489 0.2741
vn 0.8504 0.4488 0.2746
vn 0.6452 0.3130 0.6969
vn 0.6312 0.3045 0.7133
vn 0.6493 0.3155 0.6920
vn 0.6637 0.3244 0.6740
vn 0.7849 0.4020 0.4714
vn 0.8357 0.4721 -0.2804
vn 0.8533 0.4776 -0.2091
vn 0.3072 0.2199 -0.9258
vn 0.2676 0.1992 -0.9427
vn 0.1027 0.1118 -0.9884
vn 0.2049 0.1662 -0.9645
vn 0.2290 0.1789 -0.9568
vn 0.7365 0.4314 -0.5210
vn 0.7797 0.4502 -0.4352
vn 0.6715 0.3292 0.6638
vn 0.6986 0.3461 0.6262
vn 0.3536 0.1472 0.9237
vn 0.3715 0.1512 0.9160
vn 0.2514 0.3028 0.9192
vn 0.2148 0.1468 0.9655
vn 0.1957 0.0517 0.9793
vn 0.3666 0.1484 0.9185
vn 0.3489 0.1382 0.9269
vn 0.6431 0.3117 0.6995
vn 0.6576 0.3206 0.6818
vn 0.7642 0.3862 0.5165
vn 0.8050 0.4068 0.4317
vn 0.8124 0.4118 0.4128
vn 0.8371 0.4386 0.3269
vn -0.7730 0.2060 -0.6000
vn 0.0254 0.3142 -0.9490
vn -0.6395 0.1414 -0.7556
vn 0.0145 0.0575 -0.9982
vn -1.0000 0.0003 -0.0014
vn -1.0000 0.0000 -0.0020
vn -0.7087 -0.0390 -0.7044
vn -0.0074 -0.0595 -0.9982
vn -0.7459 0.0642 -0.6629
vn -0.0081 0.0962 -0.9953
vn 0.0266 0.1894 -0.9815
vn -0.6654 0.0975 -0.7401
vn 0.0012 0.5698 -0.8218
vn -0.8519 0.2970 -0.4313
vn -0.0079 0.9179 -0.3966
vn -0.7062 0.6499 -0.2809
vn -0.0115 0.9693 0.2456
vn -0.8772 0.4649 0.1196
vn -0.0114 0.5081 0.8612
vn -0.7390 0.3397 0.5818
vn -0.0080 0.3908 0.9204
vn -1.0000 0.0004 -0.0015
vn -1.0000 0.0006 -0.0023
vn -1.0000 0.0012 -0.0014
vn -1.0000 0.0019 -0.0010
vn -1.0000 0.0023 0.0008
vn -1.0000 0.0017 0.0010
vn -1.0000 0.0025 0.0011
vn -0.6618 0.4388 0.6078
vn -0.5835 0.8121 -0.0092
vn -1.0000 0.0020 -0.0023
vn -0.6554 0.4046 -0.6378
vn -0.7614 0.3256 -0.5606
vn -0.0061 0.5848 0.8112
vn -0.0053 0.9999 -0.0113
vn -0.0057 0.5360 -0.8442
vn -0.0068 0.3017 -0.9534
vn -0.0086 0.5018 -0.8649
vn -0.0091 0.8591 -0.5117
vn -0.7790 0.5386 -0.3209
vn -0.0074 0.9691 -0.2464
vn -0.7085 0.6839 -0.1740
vn -0.0080 0.9954 -0.0953
vn -0.7453 0.6637 -0.0634
vn -0.0099 0.9006 0.4345
vn -0.8058 0.5333 0.2574
vn -0.0084 0.5196 0.8544
vn -1.0000 0.0018 -0.0012
vn -1.0000 0.0023 -0.0004
vn -1.0000 0.0018 0.0006
vn -1.0000 0.0017 0.0018
vn -0.7520 0.3424 0.5632
vn -1.0000 0.0019 0.0030
vn -0.6868 0.3317 0.6467
vn -0.9062 0.0030 0.4227
vn -0.1781 0.8259 0.5348
vn 0.0003 0.7529 0.6581
vn -0.7891 0.0015 0.6142
vn -0.5741 0.3943 0.7176
vn -0.0070 0.3548 0.9349
vn -0.0049 0.4537 0.8911
vn -0.3204 0.9428 0.0914
vn -0.2181 0.9156 -0.3376
vn 0.0323 0.9562 -0.2907
vn -0.3666 0.8696 0.3307
vn -1.0000 0.0021 -0.0008
vn -0.6624 0.5225 -0.5367
vn -1.0000 0.0019 -0.0020
vn -0.7097 0.3721 -0.5982
vn -1.0000 0.0020 -0.0008
vn -0.8214 0.4844 -0.3010
vn -0.0051 0.6962 -0.7177
vn -0.0056 0.5220 -0.8529
vn -0.0060 0.5279 -0.8493
vn -0.0085 0.8493 -0.5278
vn -0.0050 0.8538 -0.5206
vn -0.6219 0.6684 -0.4080
vn -0.0065 0.5452 -0.8383
vn -0.7935 0.4852 -0.3674
vn -0.0076 0.7971 -0.6038
vn -0.7079 0.6740 -0.2110
vn -0.0061 0.9543 -0.2988
vn -0.7378 0.6644 -0.1191
vn -0.0066 0.9842 -0.1767
vn -0.0073 0.9804 0.1966
vn -0.7685 0.6273 0.1257
vn -1.0000 0.0030 -0.0033
vn -1.0000 0.0022 -0.0018
vn -1.0000 0.0025 -0.0012
vn -1.0000 0.0025 -0.0002
vn -1.0000 0.0028 0.0004
vn -1.0000 0.0026 0.0010
vn -0.7210 0.6068 0.3344
vn -1.0000 0.0027 -0.0009
vn -0.6630 0.7053 0.2509
vn -0.6910 0.0050 0.7229
vn -0.6062 0.7318 0.3115
vn -0.0031 0.0044 1.0000
vn -0.6626 0.4823 0.5730
vn -0.0064 0.8757 0.4828
vn -0.0053 0.9420 0.3355
vn -0.0909 0.9702 0.2245
vn -0.4451 0.8506 0.2799
vn -0.6080 0.7934 0.0287
vn -0.6924 0.7151 -0.0956
vn -0.8380 0.5071 -0.2013
vn -0.6427 0.3914 0.6586
vn -0.8235 0.5615 -0.0811
vn -0.7158 0.4744 0.5123
vn -0.0032 0.0045 1.0000
vn -0.0043 0.0038 1.0000
vn 0.6624 -0.1383 0.7362
vn 0.0032 -0.1847 0.9828
vn 0.7090 -0.1247 0.6940
vn 0.0066 -0.1604 0.9870
vn 1.0000 0.0000 0.0008
vn 0.7427 -0.0539 0.6674
vn -0.1445 0.0254 0.9892
vn 0.6149 0.3027 0.7281
vn -0.5170 0.2936 0.8040
vn -0.5281 0.6075 0.5933
vn 0.4747 0.5979 0.6459
vn -0.5221 0.5516 0.6504
vn 0.4211 0.3289 0.8453
vn -0.5412 0.2796 0.7930
vn 0.5807 0.2045 0.7880
vn -0.4042 0.2620 0.8763
vn -0.3392 0.3488 0.8736
vn 0.8861 0.4401 0.1453
vn -0.1021 0.7836 0.6128
vn 0.2258 0.8008 -0.5547
vn 1.0000 0.0004 0.0012
vn 1.0000 0.0006 0.0012
vn 1.0000 0.0008 0.0004
vn 1.0000 0.0003 -0.0001
vn 0.8917 0.2731 -0.3609
vn 1.0000 0.0003 -0.0004
vn 0.7913 0.2445 -0.5603
vn 0.8098 0.2116 -0.5472
vn 1.0000 0.0004 -0.0010
vn 0.4260 0.2765 -0.8614
vn 0.3393 0.3565 -0.8705
vn 0.1811 0.3032 -0.9355
vn 0.6097 0.3325 -0.7194
vn 1.0000 -0.0003 -0.0010
vn 0.4955 0.7926 -0.3554
vn 0.7981 0.4952 -0.3433
vn -0.1292 0.6161 -0.7769
vn 0.0018 0.7391 -0.6735
vn 0.6611 0.5536 -0.5063
vn 0.6836 0.6667 -0.2968
vn 1.0000 0.0003 -0.0003
vn 0.8530 0.3291 -0.4051
vn 1.0000 0.0001 -0.0003
vn -0.1347 0.3732 -0.9179
vn -0.1807 0.5630 -0.8064
vn 1.0000 0.0003 -0.0005
vn 0.7312 0.0744 -0.6781
vn 0.0041 0.1086 -0.9940
vn 0.0059 0.6311 -0.7757
vn -0.0034 0.9184 -0.3957
vn 0.6060 0.4354 0.6657
vn 0.4706 0.7540 0.4582
vn 0.0660 0.9959 -0.0616
vn 0.0000 0.9901 -0.1400
vn -0.2164 0.9131 -0.3455
vn -0.0932 0.9686 -0.2302
vn -0.3948 0.7685 -0.5035
vn 0.0000 0.5199 0.8542
vn 0.0000 0.3550 0.9349
vn 0.0000 0.4538 0.8910
vn 0.0000 0.5474 0.8368
vn 0.0000 0.9006 0.4346
vn 0.0000 0.9955 -0.0950
vn 0.0000 0.9691 -0.2467
vn 0.0000 0.8591 -0.5118
vn 0.0000 0.5020 -0.8649
vn 0.0000 0.3016 -0.9534
vn 0.0000 0.5347 -0.8450
vn 0.0000 0.9999 -0.0107
vn 0.0000 0.5830 0.8125
vn -0.0008 0.3910 0.9203
vn -0.0024 0.5056 0.8628
vn -0.0032 0.5094 0.8605
vn 0.0000 0.9685 0.2490
vn 0.0000 0.9184 -0.3956
vn 0.0000 0.5662 -0.8242
vn 0.0122 0.5691 -0.8221
vn 0.0532 0.1306 -0.9900
vn 0.0331 0.1899 -0.9812
vn 0.0000 0.0963 -0.9953
vn 0.0000 -0.0593 -0.9982
vn -0.0076 -0.0557 -0.9984
vn 0.0202 0.0573 -0.9981
vn 0.0784 0.1842 -0.9797
vn 0.0335 0.3134 -0.9490
vn -0.8314 0.5524 -0.0606
vn -0.8403 0.5113 -0.1798
vn -0.8217 0.5623 -0.0923
vn -0.8364 0.5063 -0.2100
vn -0.7906 0.5726 -0.2167
vn -0.6908 0.7161 -0.0997
vn -0.6031 0.7974 0.0168
vn -0.6083 0.7932 0.0278
vn 0.8319 0.4738 -0.2887
vn 0.8329 0.4726 -0.2879
vn 0.8332 0.4722 -0.2877
vn 0.8338 0.4714 -0.2872
vn 0.6743 0.7080 0.2097
vn 0.9214 0.3753 0.1005
vn 0.6902 0.6890 0.2213
vn 0.9306 0.3566 0.0820
vn 0.9577 0.2625 0.1180
vn 0.9604 0.2556 0.1104
vn 0.9860 0.1543 0.0632
vn 0.9893 0.1414 0.0368
vn 0.6998 0.6812 0.2152
vn 0.7802 0.4167 0.4665
vn 0.6927 -0.0140 0.7211
vn 0.5826 0.1317 0.8020
vn 0.6672 -0.1285 0.7337
vn 0.6545 -0.0998 0.7494
vn 0.6550 -0.0800 0.7514
vn 0.6630 0.0396 0.7476
vn 0.6945 0.0154 0.7193
vn 0.6366 0.1661 0.7530
vn 0.6509 0.2983 0.6980
vn 0.7622 0.3652 0.5344
vn 0.7674 0.3716 0.5224
vn 0.7633 0.3873 0.5170
vn 0.7649 0.3863 0.5153
vn 0.7633 0.3888 0.5159
vn 0.7634 0.3905 0.5145
vn 0.7635 0.3931 0.5124
vn 0.4690 0.4922 0.7333
vn 0.6378 0.2599 0.7249
vn 0.6898 0.6887 0.2232
vn 0.9304 0.3566 0.0851
vn 0.6554 0.1796 0.7336
vn 0.9601 0.2554 0.1134
vn 0.7177 0.1125 0.6872
vn 0.9891 0.1414 0.0408
vn 0.0005 0.0002 1.0000
vn 0.0006 0.0002 1.0000
vn 0.0005 0.0000 1.0000
vn 0.3946 0.2111 0.8943
vn 0.2443 0.0550 0.9681
vn 0.0001 -0.0001 1.0000
vn 0.0000 0.0002 1.0000
vn 0.3596 -0.0548 0.9315
vn 0.3883 0.0236 0.9212
vn 0.0004 0.0006 1.0000
vn 0.3680 0.1688 0.9144
vn 0.4439 0.2148 0.8699
vn 0.0003 0.0000 1.0000
vn 0.4392 0.2218 0.8705
vn 0.4284 0.2191 0.8766
vn 0.0003 0.0001 1.0000
vn 0.6998 0.6798 0.2192
vn 0.6922 -0.0135 0.7215
vn 0.6667 -0.1285 0.7342
vn 0.6547 -0.0800 0.7516
vn 0.6941 0.0155 0.7197
vn 0.6364 0.1660 0.7533
vn 0.7618 0.3651 0.5351
vn 0.7627 0.3870 0.5182
vn 0.7626 0.3885 0.5171
vn 0.7628 0.3927 0.5136
vn 0.0000 0.9804 0.1967
vn 0.0000 0.8758 0.4827
vn 0.0000 0.9419 0.3359
vn -0.0863 0.9707 0.2243
vn -0.3096 0.9134 0.2643
vn -0.4455 0.8509 0.2782
vn 0.0000 0.9843 -0.1766
vn 0.0000 0.9543 -0.2987
vn 0.0000 0.7969 -0.6041
vn 0.0000 0.5454 -0.8382
vn 0.0000 0.8531 -0.5217
vn 0.0000 0.8497 -0.5273
vn 0.0000 0.5282 -0.8491
vn 0.0000 0.5220 -0.8529
vn 0.0000 0.6962 -0.7179
vn 0.0000 0.8365 -0.5480
vn 0.6233 -0.3934 0.6757
vn 0.7393 -0.1345 0.6598
vn 0.7472 -0.1116 0.6551
vn 0.5589 -0.0835 0.8250
vn 0.4671 -0.0917 0.8794
vn 0.0050 0.2194 0.9756
vn 0.0000 -0.1022 0.9948
vn 0.6061 -0.4039 0.6851
vn 0.7230 -0.4697 0.5065
vn 0.7123 -0.4646 0.5260
vn 0.7770 -0.4480 -0.4422
vn 0.7738 -0.4456 -0.4502
vn 0.2100 -0.0716 -0.9750
vn 0.2027 -0.0670 -0.9769
vn 0.1148 -0.0116 -0.9933
vn 0.1140 -0.0068 -0.9934
vn 0.3379 0.0102 -0.9411
vn 0.4044 0.0301 -0.9141
vn 0.7088 0.3945 -0.5847
vn 0.7038 0.4190 -0.5735
vn 0.8178 0.4786 -0.3196
vn 0.8241 0.4767 -0.3058
vn 0.8338 0.4714 -0.2871
vn 0.0000 0.9986 0.0523
vn 0.0000 -0.9986 -0.0523
vn 0.0000 0.0523 -0.9986
vn 0.0000 -0.0523 0.9986
vn -0.6289 0.7767 -0.0349
vn -0.7771 -0.6293 0.0000
vn 0.0219 -0.0271 -0.9994
vn 0.7771 0.6293 0.0000
vn -0.0219 0.0271 0.9994
vn -0.9987 0.0436 -0.0262
vn 0.9987 -0.0436 0.0262
vn 0.0261 -0.0011 -0.9996
vn 0.0436 0.9990 0.0000
vn -0.0261 0.0011 0.9996
vn -0.0436 -0.9990 0.0000
vn -0.3375 0.9185 -0.2059
vn 0.3375 -0.9185 0.2059
vn 0.0432 -0.2033 -0.9781
vn -0.0432 0.2033 0.9781
vn -0.0601 -0.9936 0.0952
vn -0.7093 -0.0245 -0.7044
vn 0.0601 0.9936 -0.0952
vn 0.7093 0.0245 0.7044
vn -0.0602 -0.9950 0.0791
vn 0.7029 -0.0985 -0.7044
vn 0.0602 0.9950 -0.0791
vn -0.7029 0.0985 0.7044
vn 0.7071 0.7071 0.0000
vn -0.7071 0.7071 0.0000
vn -0.9588 0.2840 0.0000
vn 0.9588 -0.2840 0.0000
vn -0.2840 -0.9588 0.0000
vn 0.2840 0.9588 0.0000
vn 0.9403 0.3390 -0.0289
vn -0.9403 -0.3390 0.0289
vn 0.0000 -0.0001 -1.0000
vn -0.0001 0.0000 1.0000
vn 0.0002 0.6368 -0.7710
vn 0.0001 0.6367 -0.7711
vn 0.0001 0.6368 -0.7710
vn -0.9998 -0.0174 0.0000
vn 0.9998 0.0174 0.0000
vn -0.0174 0.9998 0.0000
vn 0.0174 -0.9998 0.0000
vn 0.6626 0.7490 0.0000
vn -0.6626 -0.7490 0.0000
vn 0.7490 -0.6626 0.0000
vn -0.7490 0.6626 0.0000
vn 0.6289 -0.7767 0.0349
vn 0.1804 -0.9836 -0.0018
vn 0.0229 -0.9996 -0.0151
vn 0.0002 0.0000 1.0000
vn 0.0002 0.0000 -1.0000
vn 0.1584 -0.9874 -0.0028
vn 0.0114 -0.9998 -0.0151
vn 0.0001 0.0000 -1.0000
vn 0.0037 -0.9873 0.1584
vn 0.0151 -0.9996 0.0229
vn -1.0000 0.0000 0.0002
vn 1.0000 0.0000 0.0002
vn 0.1804 -0.9836 0.0000
vn 0.0000 -0.9999 -0.0151
vn -0.2866 -0.9543 0.0847
vn -0.0520 -0.9934 0.1022
vn -0.0046 -0.0870 -0.9962
vn 0.0046 0.0870 0.9962
vn 0.0522 0.9948 -0.0871
vn -0.0496 -0.9461 0.3200
vn -0.0370 -0.9955 0.0871
vn 0.0521 0.9948 -0.0872
vn 0.1853 -0.9790 0.0847
vn -0.0522 -0.9960 0.0721
vn -0.0521 -0.9948 0.0872
vn -0.0517 -0.9872 -0.1507
vn -0.0672 -0.9939 0.0871
vn 0.1951 0.9808 0.0000
vn -0.1951 0.9808 0.0000
vn -0.5556 0.8314 0.0000
vn 0.5556 0.8314 0.0000
vn 0.9808 0.1951 0.0000
vn -0.5556 -0.8314 0.0000
vn 0.5556 -0.8314 0.0000
vn 0.1473 0.0000 0.9891
vn -0.1473 0.0000 -0.9891
vn 0.0000 -0.1273 0.9919
vn 0.0000 0.1273 -0.9919
vn -0.0157 -0.0627 0.9979
vn -0.0452 -0.0602 0.9971
vn 0.0157 0.0627 -0.9979
vn 0.6188 0.0000 -0.7855
vn -0.2250 0.2250 0.9480
vn -0.2432 0.1824 0.9527
vn 0.2250 -0.2250 -0.9480
vn 0.2432 -0.1824 -0.9527
vn -0.0818 -0.0817 0.9933
vn -0.0638 -0.0851 0.9943
vn 0.1952 0.1952 -0.9611
vn 0.6471 0.0650 -0.7596
vn -0.1473 0.0000 0.9891
vn 0.1473 0.0000 -0.9891
vn 0.0000 -0.0901 0.9959
vn 0.0000 0.0901 -0.9959
vn 0.8314 0.5556 0.0000
vn -0.8314 0.5556 0.0000
vn -0.9808 0.1951 0.0000
vn 0.9808 -0.1951 0.0000
vn 0.8314 -0.5556 0.0000
vn -0.8314 -0.5556 0.0000
vn -0.9808 -0.1951 0.0000
vn 0.4469 -0.8914 0.0758
vn -0.0450 -0.8595 0.5091
vn -0.5376 -0.8397 0.0758
vn -0.0490 -0.9346 -0.3524
vn -0.7015 0.7102 -0.0588
vn 0.0295 0.5626 -0.8262
vn 0.7718 0.6331 -0.0588
vn 0.0365 0.6967 0.7164
vn -0.8792 0.4750 -0.0374
vn 0.0161 0.3071 -0.9515
vn 0.9248 0.3786 -0.0373
vn 0.0246 0.4698 0.8824
vn -0.9857 0.1681 -0.0102
vn 0.0039 0.0746 -0.9972
vn 0.9940 0.1086 -0.0140
vn 0.0091 0.1732 0.9848
vn -0.4107 0.9117 0.0000
vn 0.6504 -0.7595 0.0000
vn 0.6504 0.7595 0.0000
vn 0.4107 0.9117 0.0000
vn -0.6504 -0.7595 0.0000
vn 0.5578 0.8300 0.0000
vn -0.5578 0.8300 0.0000
vn -0.5882 0.8087 0.0000
vn -0.8173 0.5762 0.0000
vn -0.7877 0.6160 0.0000
vn -0.3955 0.9185 0.0000
vn -0.4224 0.9064 0.0000
vn 0.2411 -0.9705 0.0000
vn -0.2411 -0.9705 0.0000
vn 0.4107 -0.9117 0.0000
vn -0.6504 0.7595 0.0000
vn -0.8750 0.4507 -0.1769
vn -0.8738 0.4526 -0.1777
vn -0.8568 0.4796 -0.1892
vn -0.8555 0.4816 -0.1900
vn 0.4473 0.5259 0.7234
vn 0.3985 0.4898 0.7754
vn 0.4449 0.5241 0.7261
vn 0.3961 0.4880 0.7778
vn -0.8593 -0.4747 0.1903
vn -0.8592 -0.4749 0.1904
vn 0.8362 0.5359 -0.1163
vn 0.8486 0.5176 -0.1094
vn 0.8370 0.5347 -0.1159
vn 0.8493 0.5165 -0.1090
vn 0.1741 0.1871 0.9668
vn 0.1792 0.1941 0.9644
vn 0.1744 0.1875 0.9666
vn 0.1795 0.1945 0.9643
vn -0.8422 -0.5341 0.0735
vn -0.8449 -0.5298 0.0733
vn -0.8424 -0.5338 0.0735
vn -0.8451 -0.5295 0.0732
vn -0.8471 -0.5204 0.1079
vn -0.8545 -0.5083 0.1066
vn -0.8476 -0.5195 0.1078
vn -0.8551 -0.5074 0.1065
vn 0.8396 0.5111 -0.1839
vn 0.8401 0.5104 -0.1837
vn 0.8476 0.4990 -0.1804
vn 0.8481 0.4982 -0.1801
vn 0.4577 0.8855 -0.0794
vn 0.4125 0.9050 -0.1032
vn 0.3294 0.9403 -0.0853
vn 0.5882 0.8087 0.0000
vn 0.4318 0.9019 0.0000
vn 0.4411 0.8967 -0.0369
vn 0.3427 0.9357 -0.0833
vn 0.4059 0.9139 0.0000
vn 0.4224 0.9064 0.0000
vn 0.7877 0.6160 0.0000
vn 0.8426 0.5385 0.0000
vn 0.3957 -0.9137 -0.0920
vn -0.0579 -0.9981 0.0219
vn 0.2918 -0.9561 -0.0283
vn -0.2227 -0.9749 0.0000
vn 0.6247 -0.7808 0.0000
vn 0.5864 -0.8090 -0.0399
vn 0.6056 -0.7772 -0.1709
vn 0.5040 -0.8637 0.0000
vn -0.4107 -0.9117 0.0000
vn -0.6247 -0.7808 0.0000
vn -0.4693 -0.8824 0.0323
vn -0.4747 -0.8802 0.0000
vn -0.3552 -0.9315 0.0782
vn -0.4577 -0.8855 0.0794
vn -0.4093 -0.9071 0.0981
vn -0.3566 -0.9305 0.0829
vn 0.5842 0.8116 0.0000
vn 0.4648 -0.7966 0.3864
vn 0.4708 -0.8030 0.3652
vn 0.5847 -0.8069 0.0840
vn 0.5293 -0.8319 0.1664
vn -0.5842 -0.8116 0.0000
vn -0.4225 0.9063 -0.0000
vn 0.4194 -0.9077 0.0101
vn 0.4435 -0.8959 0.0254
vn 0.4081 -0.9110 0.0592
vn 0.4635 -0.8829 0.0750
vn 0.3953 -0.9168 0.0561
vn 0.3626 -0.9285 0.0794
vn 0.4169 -0.8071 -0.4180
vn 0.4784 -0.8246 -0.3019
vn 0.4102 -0.6944 -0.5911
vn 0.2945 -0.5374 -0.7902
vn 0.2937 -0.5263 -0.7979
vn 0.4193 -0.7197 -0.5534
vn 0.2965 -0.7816 -0.5487
vn 0.4870 -0.8650 -0.1203
vn 0.5308 -0.8418 -0.0974
vn 0.5163 -0.8293 -0.2138
vn 0.5162 -0.8229 -0.2373
vn -0.4422 -0.8108 0.3833
vn -0.4810 -0.8103 0.3346
vn -0.4102 -0.6944 0.5911
vn -0.2945 -0.5374 0.7902
vn -0.2937 -0.5263 0.7979
vn -0.4401 -0.7476 0.4974
vn -0.3738 -0.7937 0.4798
vn -0.4944 -0.8480 0.1907
vn -0.5241 -0.8371 0.1569
vn -0.5163 -0.8293 0.2138
vn -0.5162 -0.8229 0.2373
vn -0.4779 0.8753 -0.0743
vn -0.5124 0.8582 -0.0305
vn -0.4556 0.8893 0.0393
vn -0.4682 0.8810 0.0674
vn -0.3849 0.9174 0.1007
vn -0.3577 0.9309 0.0735
vn 0.4551 0.8896 0.0366
vn 0.4314 0.9020 0.0146
vn 0.4063 0.9137 -0.0093
vn 0.4088 0.9126 -0.0021
vn 0.3824 0.9234 -0.0325
vn 0.5696 0.8169 0.0907
vn 0.5593 0.8189 0.1286
vn 0.5648 0.8210 0.0827
vn 0.5196 0.8463 0.1168
vn 0.2603 0.9627 0.0737
vn 0.1728 0.9840 0.0427
vn 0.8555 -0.5091 0.0943
vn 0.6625 -0.2429 0.7086
vn 0.8556 -0.5089 0.0942
vn 0.6623 -0.2428 0.7088
vn 0.1398 0.1310 0.9814
vn 0.1396 0.1307 0.9815
vn -0.8541 0.5026 -0.1338
vn -0.8571 0.4978 -0.1326
vn -0.8542 0.5024 -0.1338
vn -0.8573 0.4975 -0.1325
vn -0.8614 0.4906 -0.1311
vn -0.8617 0.4902 -0.1311
vn 0.8428 0.5336 -0.0707
vn 0.8368 0.5426 -0.0728
vn 0.8424 0.5342 -0.0709
vn 0.8364 0.5432 -0.0729
vn 0.8299 0.5529 -0.0751
vn 0.8294 0.5535 -0.0752
vn -0.5696 0.8169 -0.0907
vn -0.5593 0.8189 -0.1286
vn -0.5648 0.8210 -0.0827
vn -0.5196 0.8463 -0.1168
vn -0.2603 0.9627 -0.0737
vn -0.1728 0.9840 -0.0427
vn -0.5696 -0.8169 -0.0907
vn -0.5648 -0.8210 -0.0827
vn -0.5593 -0.8189 -0.1285
vn -0.5196 -0.8463 -0.1169
vn -0.2601 -0.9627 -0.0739
vn -0.1729 -0.9840 -0.0432
vn 0.5696 -0.8169 0.0907
vn 0.5648 -0.8210 0.0827
vn 0.5593 -0.8189 0.1285
vn 0.5196 -0.8463 0.1169
vn 0.2601 -0.9627 0.0739
vn 0.1729 -0.9840 0.0432
vn -0.5882 0.8086 0.0001
vn -0.3406 0.9398 -0.0258
vn -0.4678 0.7676 0.4380
vn -0.4485 0.8793 0.1600
vn -0.4660 0.7454 0.4767
vn -0.5160 0.8294 0.2139
vn -0.5160 0.8227 0.2383
vn -0.2918 0.5236 0.8004
vn -0.2923 0.5289 0.7967
vn -0.4097 0.6946 0.5912
vn -0.5071 0.8240 0.2525
vn -0.5037 0.7458 0.4360
vn -0.4120 0.7227 0.5549
vn 0.4097 0.9059 -0.1072
vn 0.4769 0.7711 -0.4217
vn 0.4702 0.8598 -0.1990
vn 0.4687 0.7554 -0.4579
vn 0.5160 0.8294 -0.2139
vn 0.5160 0.8227 -0.2383
vn 0.2918 0.5236 -0.8004
vn 0.2923 0.5289 -0.7967
vn 0.4097 0.6946 -0.5912
vn 0.5071 0.8240 -0.2525
vn 0.5122 0.7532 -0.4127
vn 0.4340 0.7498 -0.4994
vn 0.3579 -0.9311 -0.0706
vn 0.3865 -0.9171 -0.0970
vn 0.4393 -0.8976 -0.0363
vn 0.4079 -0.9055 -0.1169
vn 0.4614 -0.8854 -0.0558
vn 0.4938 -0.8692 0.0237
vn -0.4104 0.9101 -0.0571
vn -0.4533 0.8908 -0.0318
vn -0.4261 0.9045 -0.0179
vn -0.3947 0.9167 -0.0613
vn -0.3626 0.9285 -0.0794
vn 0.3627 -0.9319 0.0000
vn 0.4224 -0.9064 0.0000
vn 0.5882 -0.8087 0.0000
vn -0.5882 -0.8087 0.0000
vn -0.4224 -0.9064 0.0000
vn -0.3627 -0.9319 0.0000
vn -0.4105 -0.9113 -0.0314
vn -0.4339 -0.9009 -0.0045
vn -0.4189 -0.9080 0.0016
vn -0.4164 -0.9087 0.0280
vn -0.4069 -0.9134 0.0040
vn -0.3901 -0.9204 0.0247
vn -0.3768 0.9257 0.0310
vn -0.5200 0.8522 0.0570
vn -0.2415 0.9675 0.0750
vn -0.1823 0.9827 0.0321
vn 0.2268 0.9728 -0.0462
vn 0.1281 0.9917 0.0000
vn 0.8555 -0.5090 0.0951
vn 0.6583 -0.2474 0.7108
vn 0.8554 -0.5091 0.0952
vn 0.6584 -0.2475 0.7107
vn -0.5540 0.5055 0.6614
vn -0.8539 0.5025 -0.1351
vn -0.8540 0.5023 -0.1351
vn 0.8260 0.4378 -0.3550
vn 0.8240 0.4392 -0.3580
vn 0.3061 0.9212 0.2402
vn 0.3106 0.9235 0.2250
vn -0.5200 -0.2591 0.8139
vn -0.5205 -0.2588 0.8137
vn -0.6840 -0.7084 0.1737
vn -0.6901 -0.7032 0.1709
vn 0.8351 0.5480 -0.0471
vn 0.8335 0.5505 -0.0473
vn 0.8043 0.5930 -0.0375
vn 0.8059 0.5907 -0.0394
vn 0.7783 0.6018 -0.1790
vn 0.7801 0.5948 -0.1939
vn 0.8036 0.5127 -0.3022
vn 0.8037 0.5126 -0.3020
vn 0.5973 -0.7612 -0.2525
vn 0.6663 -0.7069 -0.2372
vn 0.6396 -0.7273 -0.2489
vn 0.6335 -0.7473 -0.2003
vn 0.5560 -0.7679 -0.3181
vn 0.5150 -0.7923 -0.3272
vn 0.4815 -0.7325 -0.4812
vn 0.5019 -0.7014 -0.5060
vn 0.6334 -0.5934 -0.4965
vn 0.4636 -0.6084 -0.6441
vn 0.4566 -0.7513 -0.4764
vn 0.4488 -0.7530 -0.4812
vn 0.6654 -0.7287 -0.1621
vn 0.6550 -0.6806 -0.3283
vn 0.5908 -0.7632 -0.2615
vn 0.5598 -0.7695 -0.3073
vn 0.5204 -0.8175 -0.2467
vn 0.5149 -0.8344 -0.1966
vn 0.5174 -0.8338 -0.1922
vn 0.5200 -0.8315 -0.1955
vn 0.5207 -0.8318 -0.1924
vn 0.5227 -0.8296 -0.1964
vn 0.5012 -0.8221 -0.2701
vn 0.4401 -0.8165 -0.3736
vn 0.3947 -0.8491 -0.3509
vn 0.5073 -0.8295 -0.2335
vn 0.4710 -0.7818 -0.4086
vn 0.4541 -0.7544 -0.4739
vn 0.3736 -0.6446 -0.6670
vn 0.3753 -0.6417 -0.6688
vn -0.5905 -0.7512 0.2949
vn -0.6663 -0.7069 0.2372
vn -0.5880 -0.7476 0.3087
vn -0.6335 -0.7473 0.2003
vn -0.5560 -0.7679 0.3181
vn -0.5150 -0.7923 0.3272
vn -0.4815 -0.7325 0.4812
vn -0.5019 -0.7014 0.5060
vn -0.6334 -0.5934 0.4965
vn -0.4636 -0.6084 0.6441
vn -0.4566 -0.7513 0.4764
vn -0.3945 -0.7490 0.5323
vn -0.5503 -0.7775 0.3042
vn -0.5966 -0.6889 0.4117
vn -0.5524 -0.7520 0.3595
vn -0.5593 -0.7505 0.3520
vn -0.5223 -0.8122 0.2598
vn -0.5149 -0.8344 0.1966
vn -0.5174 -0.8338 0.1922
vn -0.5200 -0.8315 0.1955
vn -0.5207 -0.8318 0.1924
vn -0.5227 -0.8296 0.1964
vn -0.4949 -0.8195 0.2887
vn -0.3870 -0.8149 0.4314
vn -0.3225 -0.8594 0.3967
vn -0.5073 -0.8295 0.2335
vn -0.4710 -0.7818 0.4086
vn -0.4541 -0.7544 0.4739
vn -0.3736 -0.6446 0.6670
vn -0.3753 -0.6417 0.6688
vn 0.3745 0.6406 -0.6704
vn 0.3731 0.6428 -0.6689
vn 0.4541 0.7547 -0.4734
vn 0.4713 0.7817 -0.4084
vn 0.5105 0.8028 -0.3080
vn 0.4557 0.8394 -0.2962
vn 0.4424 0.8178 -0.3680
vn 0.2497 0.9178 -0.3088
vn 0.5227 0.8296 -0.1964
vn 0.5207 0.8318 -0.1924
vn 0.5200 0.8315 -0.1955
vn 0.5174 0.8338 -0.1922
vn 0.5149 0.8344 -0.1966
vn 0.5223 0.8121 -0.2600
vn 0.5905 0.7510 -0.2954
vn 0.5593 0.7502 -0.3525
vn 0.5521 0.7517 -0.3606
vn 0.5962 0.6881 -0.4135
vn 0.5869 0.7486 -0.3084
vn 0.5488 0.7796 -0.3016
vn 0.3962 0.7514 -0.5276
vn 0.4568 0.7512 -0.4764
vn 0.4629 0.6080 -0.6449
vn 0.6325 0.5944 -0.4966
vn 0.5019 0.7012 -0.5063
vn 0.4814 0.7325 -0.4812
vn 0.5151 0.7929 -0.3254
vn 0.5562 0.7678 -0.3179
vn 0.6333 0.7479 -0.1986
vn 0.6663 0.7070 -0.2368
vn -0.5019 0.7012 0.5063
vn -0.4814 0.7325 0.4812
vn -0.5151 0.7929 0.3254
vn -0.5562 0.7678 0.3179
vn -0.6333 0.7479 0.1986
vn -0.6663 0.7070 0.2368
vn -0.6383 0.7287 0.2482
vn -0.5974 0.7611 0.2527
vn -0.5597 0.7694 0.3077
vn -0.5907 0.7631 0.2620
vn -0.6547 0.6801 0.3297
vn -0.6639 0.7312 0.1567
vn -0.4514 0.7559 0.4740
vn -0.4568 0.7512 0.4764
vn -0.4629 0.6080 0.6449
vn -0.6325 0.5944 0.4966
vn -0.5227 0.8296 0.1964
vn -0.5207 0.8318 0.1924
vn -0.5200 0.8315 0.1955
vn -0.5174 0.8338 0.1922
vn -0.5149 0.8344 0.1966
vn -0.5205 0.8174 0.2468
vn -0.5114 0.8116 0.2825
vn -0.4742 0.8143 0.3346
vn -0.3745 0.6406 0.6704
vn -0.3731 0.6428 0.6689
vn -0.4541 0.7547 0.4734
vn -0.4713 0.7817 0.4084
vn -0.4752 0.8366 0.2723
vn -0.3527 0.8868 0.2984
vn -0.4244 0.8220 -0.3796
vn -0.3952 0.9176 -0.0422
vn -0.4297 0.8284 -0.3592
vn -0.4941 0.8594 -0.1317
vn -0.4310 0.9023 0.0000
vn -0.7493 0.6622 0.0000
vn 0.3119 0.9364 -0.1607
vn 0.4583 0.8811 0.1165
vn 0.4516 0.8896 0.0687
vn 0.5251 0.8128 0.2523
vn 0.5287 0.7812 0.3318
vn 0.5331 0.7687 0.3534
vn 0.5240 0.7721 0.3595
vn 0.5386 0.7483 0.3872
vn 0.5424 0.7508 0.3769
vn 0.5695 0.6910 0.4451
vn 0.8082 0.4634 0.3635
vn 0.5987 0.3735 0.7085
vn 0.6812 0.5508 0.4823
vn 0.5290 0.3805 0.7585
vn 0.6259 0.6446 0.4389
vn 0.6103 0.7124 0.3464
vn 0.6237 0.7246 0.2930
vn 0.6121 0.7689 0.1850
vn 0.6170 0.7378 0.2739
vn 0.5705 0.8213 0.0041
vn -0.5708 -0.8210 -0.0071
vn -0.6169 -0.7383 -0.2725
vn -0.6120 -0.7687 -0.1858
vn -0.6240 -0.7241 -0.2939
vn -0.6106 -0.7121 -0.3465
vn -0.6257 -0.6430 -0.4416
vn -0.6804 -0.5513 -0.4827
vn -0.5260 -0.3804 -0.7606
vn -0.5974 -0.3744 -0.7091
vn -0.8098 -0.4620 -0.3616
vn 0.6313 -0.7754 0.0098
vn 0.6531 -0.7468 0.1253
vn 0.6397 -0.7512 0.1626
vn 0.6413 -0.7374 0.2122
vn 0.6106 -0.7121 0.3465
vn 0.6257 -0.6430 0.4416
vn 0.6804 -0.5513 0.4827
vn 0.5260 -0.3804 0.7606
vn 0.5974 -0.3744 0.7091
vn 0.8098 -0.4620 0.3616
vn 0.8362 0.5363 -0.1147
vn 0.5206 0.5329 0.6671
vn 0.8360 0.5366 -0.1148
vn -0.6484 -0.2606 0.7153
vn -0.6486 -0.2607 0.7150
vn -0.8397 -0.5305 0.1161
vn -0.8400 -0.5300 0.1160
vn -0.8467 -0.5196 0.1142
vn -0.8472 -0.5189 0.1141
vn -0.8561 0.4327 -0.2824
vn -0.9725 0.0927 -0.2135
vn -0.8618 0.4246 -0.2774
vn 0.9896 0.0719 -0.1243
vn 0.5171 0.5520 0.6540
vn 0.5851 0.5795 0.5673
vn -0.6472 -0.2063 0.7339
vn -0.6468 -0.2042 0.7348
vn -0.8581 -0.4759 0.1928
vn -0.8591 -0.4742 0.1924
vn 0.3089 -0.9364 -0.1666
vn 0.4522 -0.8892 0.0696
vn 0.4588 -0.8807 0.1173
vn 0.5253 -0.8125 0.2527
vn 0.5289 -0.7809 0.3322
vn 0.5331 -0.7687 0.3534
vn 0.5242 -0.7724 0.3585
vn 0.5389 -0.7496 0.3844
vn 0.5435 -0.7514 0.3742
vn 0.5708 -0.6932 0.4401
vn 0.8753 -0.4346 0.2120
vn 0.8782 -0.4310 0.2073
vn 0.8709 0.1890 0.4536
vn 0.8723 0.1914 0.4498
vn -0.3545 0.8360 0.4189
vn -0.3532 0.8374 0.4172
vn -0.8945 0.4328 -0.1123
vn -0.8946 0.4325 -0.1122
vn -0.8655 0.4794 -0.1451
vn -0.8636 0.4824 -0.1464
vn -0.3119 0.9364 0.1607
vn -0.4583 0.8811 -0.1165
vn -0.4516 0.8896 -0.0687
vn -0.5251 0.8128 -0.2523
vn -0.5287 0.7812 -0.3318
vn -0.5331 0.7687 -0.3534
vn -0.5240 0.7721 -0.3595
vn -0.5386 0.7483 -0.3872
vn -0.5424 0.7508 -0.3769
vn -0.5695 0.6910 -0.4451
vn -0.8082 0.4634 -0.3635
vn -0.5987 0.3735 -0.7085
vn -0.6812 0.5508 -0.4823
vn -0.5290 0.3805 -0.7585
vn -0.6259 0.6446 -0.4389
vn -0.6103 0.7124 -0.3464
vn -0.6411 0.7384 -0.2091
vn -0.6397 0.7514 -0.1618
vn -0.6530 0.7472 -0.1233
vn -0.6311 0.7756 -0.0071
vn -0.7013 -0.6804 0.2127
vn -0.8133 -0.5643 0.1416
vn -0.7070 -0.6753 0.2100
vn -0.8162 -0.5605 0.1402
vn -0.8334 -0.5514 0.0372
vn -0.8347 -0.5487 0.0475
vn 0.7347 0.4850 0.4743
vn -0.8130 -0.4751 0.3366
vn 0.8342 0.5484 0.0577
vn 0.8339 0.5489 0.0577
vn -0.3089 -0.9364 0.1666
vn -0.4522 -0.8892 -0.0696
vn -0.4588 -0.8807 -0.1173
vn -0.5253 -0.8125 -0.2527
vn -0.5289 -0.7809 -0.3322
vn -0.5331 -0.7687 -0.3534
vn -0.5242 -0.7724 -0.3585
vn -0.5389 -0.7496 -0.3844
vn -0.5435 -0.7514 -0.3742
vn -0.5708 -0.6932 -0.4401
vn 0.4117 0.7635 -0.4975
vn 0.4121 0.7623 -0.4990
vn -0.8310 0.0884 -0.5492
vn -0.8302 0.0873 -0.5506
vn -0.8781 -0.4610 -0.1278
vn -0.8769 -0.4633 -0.1276
vn -0.8579 -0.4961 -0.1337
vn -0.8573 -0.4965 -0.1356
vn -0.8570 -0.4884 -0.1643
vn -0.8570 -0.4884 -0.1642
vn 0.8843 0.4481 0.1310
vn 0.8830 0.4506 0.1313
vn 0.5572 0.4886 -0.6714
vn 0.5564 0.4907 -0.6705
vn -0.6621 -0.2426 -0.7090
vn -0.6620 -0.2424 -0.7092
vn -0.8556 -0.5089 -0.0946
vn -0.8554 -0.5092 -0.0947
vn -0.6586 -0.2477 -0.7105
vn -0.6585 -0.2476 -0.7107
vn 0.5542 0.5056 -0.6612
vn 0.8540 0.5025 0.1346
vn 0.8541 0.5023 0.1345
vn 0.8571 0.4978 0.1328
vn 0.8573 0.4974 0.1326
vn 0.6441 0.5548 -0.5266
vn -0.6550 -0.1680 -0.7367
vn -0.8676 -0.4653 -0.1755
vn -0.8681 -0.4642 -0.1756
vn -0.8790 -0.4174 -0.2306
vn -0.8792 -0.4168 -0.2307
vn -0.7295 -0.0304 -0.6833
vn -0.7296 -0.0297 -0.6832
vn 0.4761 0.7118 -0.5163
vn 0.4759 0.7121 -0.5161
vn 0.8717 0.4530 0.1870
vn 0.8707 0.4624 0.1677
vn 0.8620 0.5034 0.0585
vn 0.8621 0.5034 0.0582
vn 0.8319 0.5388 -0.1327
vn -0.8092 -0.5146 -0.2835
vn -0.8226 -0.5597 -0.1001
vn -0.8192 -0.5648 -0.0998
vn -0.7598 -0.0596 -0.6474
vn -0.7823 -0.1340 -0.6083
vn 0.3056 0.8479 -0.4332
vn 0.3051 0.8487 -0.4320
vn 0.7954 0.6053 0.0313
vn 0.7746 0.6322 -0.0168
vn -0.4418 -0.0354 -0.8964
vn 0.0370 0.2057 -0.9779
vn -0.8512 -0.5248 -0.0049
vn -0.8526 -0.5222 -0.0185
vn -0.6649 -0.2310 -0.7103
vn -0.6647 -0.2307 -0.7106
vn 0.5592 0.5339 -0.6342
vn 0.5601 0.5324 -0.6347
vn 0.8686 0.4805 0.1212
vn -0.8813 -0.3861 -0.2726
vn -0.8709 0.1888 -0.4537
vn -0.8724 0.1913 -0.4497
vn 0.3521 0.8364 -0.4201
vn 0.3519 0.8376 -0.4178
vn 0.8957 0.4301 0.1126
vn 0.8944 0.4320 0.1153
vn 0.5450 0.5268 -0.6522
vn 0.5453 0.5302 -0.6493
vn 0.7283 0.5653 -0.3874
vn 0.5470 0.5252 -0.6519
vn -0.9293 0.0080 0.3691
vn 0.7070 -0.1131 0.6981
vn -0.6014 0.5787 -0.5508
vn -0.4683 0.5408 -0.6987
vn 0.6453 -0.2043 -0.7360
vn 0.6470 -0.2044 -0.7345
vn 0.8587 -0.4758 -0.1903
vn 0.8592 -0.4751 -0.1899
vn 0.6912 -0.6015 0.4005
vn -0.5940 0.0488 0.8030
vn -0.8736 0.3536 0.3343
vn -0.8743 0.3528 0.3334
vn -0.4531 0.7784 -0.4344
vn -0.4541 0.7772 -0.4355
vn 0.7590 0.0050 -0.6510
vn 0.7563 0.0079 -0.6541
vn 0.8763 -0.4122 -0.2491
vn 0.8756 -0.4132 -0.2499
vn -0.6186 0.5869 -0.5223
vn 0.5798 -0.1077 -0.8076
vn -0.8366 0.5357 0.1147
vn -0.8361 0.5364 0.1148
vn -0.5202 0.5327 -0.6675
vn 0.6482 -0.2604 -0.7155
vn 0.6481 -0.2602 -0.7157
vn 0.8397 -0.5305 -0.1164
vn 0.8400 -0.5300 -0.1162
vn 0.8469 -0.5199 -0.1113
vn 0.8474 -0.5192 -0.1110
vn 0.6099 -0.5546 0.5661
vn -0.6297 0.1719 0.7575
vn -0.8633 0.4725 0.1773
vn -0.8633 0.4723 0.1774
vn -0.8584 0.4491 0.2478
vn -0.8582 0.4493 0.2481
vn -0.4646 0.7128 -0.5254
vn -0.4655 0.7115 -0.5262
vn 0.7120 -0.1002 -0.6950
vn 0.7085 -0.0971 -0.6989
vn 0.8652 -0.4595 -0.2006
vn 0.8653 -0.4594 -0.2004
vn 0.8619 -0.4963 -0.1036
vn 0.8605 -0.5018 -0.0873
vn 0.8527 -0.5181 -0.0665
vn 0.8530 -0.5163 -0.0764
vn 0.8485 -0.5112 -0.1364
vn 0.8480 -0.5120 -0.1368
vn -0.5925 -0.7901 -0.1572
vn -0.5941 -0.7881 -0.1609
vn -0.5675 -0.8152 -0.1156
vn -0.5603 -0.8282 0.0128
vn -0.5440 -0.8379 -0.0437
vn -0.5468 -0.8267 -0.1322
vn -0.5483 -0.8292 -0.1081
vn -0.5574 -0.8222 -0.1148
vn -0.5558 -0.8196 -0.1387
vn -0.5585 -0.8189 -0.1319
vn -0.5680 -0.8160 -0.1071
vn 0.6441 -0.7649 0.0000
vn 0.6093 0.7909 -0.0564
vn 0.6070 0.7929 -0.0523
vn 0.5706 0.8187 0.0635
vn 0.5513 0.8262 0.1160
vn 0.5354 0.8333 0.1375
vn 0.5439 0.8316 0.1119
vn 0.5499 0.8242 0.1352
vn 0.5544 0.8247 0.1118
vn 0.5600 0.8174 0.1351
vn 0.5602 0.8204 0.1138
vn 0.5645 0.8138 0.1379
vn -0.6093 0.7909 0.0564
vn -0.6070 0.7929 0.0523
vn -0.5706 0.8187 -0.0635
vn -0.5513 0.8262 -0.1160
vn -0.5354 0.8333 -0.1375
vn -0.5439 0.8316 -0.1119
vn -0.5499 0.8242 -0.1352
vn -0.5544 0.8247 -0.1118
vn -0.5600 0.8174 -0.1351
vn -0.5602 0.8204 -0.1138
vn -0.5645 0.8138 -0.1379
vn 0.5925 -0.7901 0.1572
vn 0.5941 -0.7881 0.1609
vn 0.5675 -0.8152 0.1156
vn 0.5603 -0.8282 -0.0128
vn 0.5440 -0.8379 0.0437
vn 0.5468 -0.8267 0.1322
vn 0.5483 -0.8292 0.1081
vn 0.5574 -0.8222 0.1148
vn 0.5558 -0.8196 0.1387
vn 0.5585 -0.8189 0.1319
vn 0.5680 -0.8160 0.1071
vn 0.4837 0.7293 0.4838
vn 0.2092 0.7946 0.5700
vn 0.3639 0.8014 0.4747
vn -0.2728 0.9117 0.3072
vn 0.1651 0.8623 0.4787
vn 0.3348 0.7349 0.5898
vn 0.4581 0.8014 0.3846
vn 0.4814 0.7309 0.4836
vn 0.4847 0.6736 0.5579
vn 0.4755 0.6798 0.5583
vn 0.4803 0.6240 0.6164
vn 0.5540 0.8052 0.2113
vn 0.5481 0.8099 0.2088
vn 0.5496 0.8105 0.2025
vn 0.5427 0.8155 0.2009
vn 0.5368 0.8211 0.1939
vn 0.3758 0.8189 0.4338
vn 0.2466 0.7077 0.6620
vn 0.3411 0.8666 0.3642
vn 0.4270 0.8947 0.1309
vn 0.4775 0.8592 0.1838
vn 0.5042 0.8030 0.3177
vn 0.5012 0.7927 0.3470
vn 0.5132 0.7453 0.4256
vn 0.5081 0.7578 0.4093
vn 0.5177 0.6999 0.4921
vn -0.5165 0.7668 -0.3809
vn -0.2259 0.8868 -0.4032
vn -0.4487 0.8096 -0.3784
vn 0.0209 0.9507 -0.3095
vn -0.2710 0.8777 -0.3950
vn -0.3739 0.8571 -0.3544
vn -0.5031 0.8104 -0.3001
vn -0.4814 0.7309 -0.4836
vn -0.4847 0.6736 -0.5579
vn -0.4755 0.6798 -0.5583
vn -0.4803 0.6240 -0.6164
vn -0.5540 0.8052 -0.2113
vn -0.5481 0.8099 -0.2088
vn -0.5496 0.8105 -0.2025
vn -0.5427 0.8155 -0.2009
vn -0.5368 0.8211 -0.1939
vn -0.4688 0.8734 -0.1320
vn -0.4350 0.9004 0.0009
vn -0.4368 0.8996 -0.0028
vn -0.4775 0.8592 -0.1838
vn -0.5042 0.8030 -0.3177
vn -0.5012 0.7927 -0.3470
vn -0.5132 0.7453 -0.4256
vn -0.5081 0.7578 -0.4093
vn -0.5177 0.6999 -0.4921
vn -0.4848 -0.7305 -0.4809
vn -0.3663 -0.8010 -0.4736
vn -0.2102 -0.7941 -0.5703
vn 0.2855 -0.9074 -0.3085
vn -0.1567 -0.8643 -0.4778
vn -0.3353 -0.7361 -0.5879
vn -0.4583 -0.8016 -0.3838
vn -0.4816 -0.7312 -0.4831
vn -0.4849 -0.6738 -0.5575
vn -0.4755 -0.6798 -0.5583
vn -0.4802 -0.6241 -0.6163
vn -0.5540 -0.8052 -0.2113
vn -0.5496 -0.8105 -0.2025
vn -0.5481 -0.8099 -0.2088
vn -0.5428 -0.8155 -0.2008
vn -0.5369 -0.8210 -0.1938
vn -0.3760 -0.8197 -0.4321
vn -0.2470 -0.7103 -0.6591
vn -0.3407 -0.8671 -0.3634
vn -0.4269 -0.8947 -0.1312
vn -0.4774 -0.8590 -0.1848
vn -0.5043 -0.8029 -0.3178
vn -0.5012 -0.7927 -0.3471
vn -0.5132 -0.7453 -0.4256
vn -0.5081 -0.7577 -0.4094
vn -0.5176 -0.7000 -0.4919
vn 0.5174 -0.7679 0.3775
vn 0.4513 -0.8093 0.3760
vn 0.2234 -0.8874 0.4032
vn -0.0300 -0.9498 0.3113
vn 0.2645 -0.8798 0.3948
vn 0.3729 -0.8578 0.3535
vn 0.5032 -0.8105 0.2998
vn 0.4816 -0.7312 0.4831
vn 0.4849 -0.6738 0.5575
vn 0.4755 -0.6798 0.5583
vn 0.4802 -0.6241 0.6163
vn 0.5540 -0.8052 0.2113
vn 0.5496 -0.8105 0.2025
vn 0.5481 -0.8099 0.2088
vn 0.5428 -0.8155 0.2008
vn 0.5369 -0.8210 0.1938
vn 0.4687 -0.8733 0.1327
vn 0.4348 -0.9005 0.0014
vn 0.4365 -0.8997 0.0050
vn 0.4774 -0.8590 0.1848
vn 0.5043 -0.8029 0.3178
vn 0.5012 -0.7927 0.3471
vn 0.5132 -0.7453 0.4256
vn 0.5081 -0.7577 0.4094
vn 0.5176 -0.7000 0.4919
vn 0.8294 0.5536 -0.0742
vn 0.5339 0.4871 0.6911
vn 0.8292 0.5540 -0.0743
vn 0.5340 0.4870 0.6911
vn -0.6310 -0.3362 0.6991
vn -0.6312 -0.3364 0.6988
vn -0.8304 -0.5557 0.0411
vn -0.8307 -0.5551 0.0411
vn -0.8373 -0.5452 0.0399
vn -0.8377 -0.5447 0.0399
vn -0.8415 -0.5387 0.0394
vn -0.8418 -0.5383 0.0394
vn 0.1674 0.1756 0.9701
vn 0.1672 0.1753 0.9702
vn 0.6647 -0.2305 0.7107
vn 0.6648 -0.2310 0.7104
vn 0.8552 -0.5159 0.0499
vn 0.8550 -0.5165 0.0459
vn 0.7802 -0.3161 0.5398
vn -0.6095 0.4866 0.6259
vn -0.8096 0.5838 -0.0599
vn -0.8160 0.5729 -0.0771
vn -0.8246 0.5364 -0.1796
vn -0.8238 0.5373 -0.1808
vn -0.8473 -0.4715 0.2443
vn -0.8756 -0.4124 0.2514
vn -0.8486 -0.4696 0.2434
vn -0.8764 -0.4111 0.2508
vn -0.7589 0.0036 0.6511
vn -0.7572 0.0078 0.6531
vn 0.4546 0.7772 0.4350
vn 0.4538 0.7784 0.4338
vn 0.8743 0.3535 -0.3325
vn 0.8737 0.3546 -0.3330
vn 0.8510 0.4132 -0.3240
vn 0.8497 0.4149 -0.3254
vn 0.5172 -0.2492 -0.8187
vn 0.5167 -0.2495 -0.8190
vn -0.3110 0.9214 -0.2330
vn -0.2981 0.9238 -0.2402
vn -0.8146 0.4769 0.3300
vn -0.8160 0.4749 0.3296
vn -0.7751 0.6070 0.1749
vn -0.7815 0.5947 0.1888
vn -0.8176 0.5642 0.1147
vn -0.8185 0.5647 0.1050
vn -0.8366 0.5179 0.1783
vn -0.8372 0.5171 0.1780
vn 0.6925 -0.6955 -0.1914
vn 0.6990 -0.6888 -0.1920
vn 0.8128 -0.5658 -0.1388
vn 0.8157 -0.5622 -0.1363
vn 0.8337 -0.5503 -0.0460
vn 0.8338 -0.5509 -0.0351
vn -0.7534 0.4760 -0.4537
vn 0.8250 -0.4664 -0.3190
vn -0.8406 0.5415 0.0109
vn -0.8396 0.5431 0.0027
vn -0.8368 0.5426 0.0728
vn -0.8364 0.5432 0.0729
vn -0.8296 0.5533 0.0745
vn -0.8293 0.5538 0.0746
vn -0.5339 0.4866 -0.6914
vn -0.5335 0.4873 -0.6913
vn 0.6310 -0.3357 -0.6994
vn 0.6308 -0.3365 -0.6991
vn 0.8304 -0.5556 -0.0414
vn 0.8307 -0.5551 -0.0413
vn 0.8373 -0.5452 -0.0399
vn 0.8377 -0.5447 -0.0397
vn 0.8420 -0.5364 -0.0567
vn 0.8422 -0.5361 -0.0560
vn 0.6454 -0.4934 0.5831
vn -0.5319 0.2222 0.8171
vn -0.8482 0.4903 0.2001
vn -0.8485 0.4896 0.2006
vn -0.8482 0.5004 0.1738
vn -0.8495 0.4982 0.1738
vn -0.8856 0.4644 -0.0091
vn -0.8904 0.4552 0.0012
vn -0.6742 0.1061 -0.7309
vn -0.6748 0.1055 -0.7304
vn 0.6352 -0.2745 -0.7219
vn 0.6430 -0.2760 -0.7143
vn 0.8521 -0.5078 -0.1268
vn 0.8504 -0.5105 -0.1271
vn 0.8454 -0.5020 -0.1826
vn 0.8455 -0.5018 -0.1826
vn 0.8539 -0.4719 -0.2193
vn 0.8536 -0.4744 -0.2149
vn -0.6782 0.4979 -0.5405
vn 0.4410 -0.1896 -0.8773
vn -0.8264 0.5609 0.0492
vn -0.8263 0.5608 0.0511
vn -0.5340 0.4513 -0.7149
vn 0.6153 -0.3518 -0.7054
vn 0.6152 -0.3517 -0.7055
vn 0.8297 -0.5568 -0.0385
vn 0.8300 -0.5564 -0.0380
vn 0.8460 -0.5326 -0.0229
vn 0.8464 -0.5321 -0.0228
vn 0.8485 0.4810 -0.2204
vn 0.8485 0.4810 -0.2203
vn 0.8494 0.4974 -0.1763
vn 0.8483 0.4988 -0.1775
vn 0.8862 0.4632 -0.0066
vn 0.8896 0.4567 0.0017
vn 0.6659 0.1103 0.7378
vn 0.6707 0.0949 0.7356
vn -0.6305 -0.2761 0.7254
vn -0.6425 -0.2707 0.7168
vn -0.8521 -0.5088 0.1226
vn -0.8503 -0.5115 0.1237
vn -0.8451 -0.5061 0.1722
vn -0.8447 -0.5066 0.1723
vn -0.8571 0.5012 -0.1187
vn -0.8585 0.4990 -0.1180
vn -0.8832 0.4508 -0.1290
vn -0.8835 0.4499 -0.1304
vn -0.4128 0.7634 0.4968
vn -0.4138 0.7621 0.4979
vn 0.8302 0.0874 0.5506
vn 0.8309 0.0884 0.5493
vn 0.8776 -0.4623 0.1266
vn 0.8773 -0.4630 0.1260
vn 0.8578 -0.4954 0.1367
vn 0.8574 -0.4966 0.1352
vn 0.8570 -0.4884 0.1643
vn -0.8464 -0.5321 0.0228
vn -0.8460 -0.5326 0.0229
vn -0.8299 -0.5566 0.0384
vn -0.8299 -0.5566 0.0389
vn -0.6158 -0.3521 0.7048
vn -0.6156 -0.3521 0.7050
vn 0.5344 0.4516 0.7144
vn 0.5345 0.4516 0.7144
vn 0.8262 0.5611 -0.0507
vn 0.8265 0.5607 -0.0488
vn 0.6864 0.4911 0.5363
vn -0.4571 -0.1899 0.8689
vn -0.8534 -0.4714 0.2223
vn -0.8540 -0.4729 0.2169
vn -0.8460 -0.4979 0.1905
vn -0.8455 -0.4987 0.1908
vn -0.8479 -0.5301 -0.0021
vn -0.8477 -0.5304 -0.0021
vn -0.8464 -0.5325 0.0030
vn -0.8466 -0.5321 0.0046
vn -0.8605 -0.5018 0.0873
vn -0.8619 -0.4963 0.1035
vn -0.8653 -0.4592 0.2009
vn -0.8652 -0.4594 0.2009
vn -0.7124 -0.1022 0.6943
vn -0.7100 -0.0977 0.6973
vn 0.4668 0.7116 0.5250
vn 0.4659 0.7128 0.5242
vn 0.8582 0.4493 -0.2482
vn 0.8584 0.4489 -0.2483
vn 0.8633 0.4728 -0.1762
vn 0.8633 0.4729 -0.1763
vn 0.8559 0.4936 -0.1544
vn 0.8554 0.4943 -0.1548
vn 0.7578 -0.6292 0.1727
vn 0.8192 -0.5644 0.1011
vn 0.7610 -0.6261 0.1696
vn 0.8218 -0.5614 0.0974
vn -0.8871 0.4584 0.0530
vn 0.8587 -0.4910 0.1468
vn -0.8620 0.5035 -0.0588
vn -0.8622 0.5031 -0.0584
vn -0.8705 0.4624 -0.1684
vn -0.8719 0.4523 -0.1873
vn -0.4748 0.7121 0.5172
vn -0.4751 0.7118 0.5174
vn 0.7293 -0.0291 0.6836
vn 0.7288 -0.0294 0.6841
vn 0.8793 -0.4175 0.2293
vn 0.8790 -0.4178 0.2298
vn 0.8681 -0.4642 0.1756
vn 0.8676 -0.4649 0.1764
vn 0.8619 -0.4866 0.1424
vn 0.8615 -0.4872 0.1426
vn 0.0000 -0.0717 0.9974
vn -0.0507 0.0000 -0.9987
vn -0.7591 0.0945 0.6440
vn 0.9988 0.0486 0.0000
vn -0.7621 -0.0353 0.6465
vn 0.0000 0.0001 -1.0000
vn -0.0001 0.0000 -1.0000
vn -0.5614 -0.8275 -0.0004
vn -0.5614 -0.8275 0.0000
vn 0.5614 -0.8275 0.0000
vn 0.5614 -0.8275 -0.0004
vn 0.0000 0.0001 1.0000
vn 0.0001 0.0000 1.0000
vn 0.5614 -0.8275 0.0004
vn -0.5614 -0.8275 0.0004
vn -0.9832 0.1823 0.0000
vn 0.9832 -0.1823 0.0000
vn -0.0506 0.0809 -0.9954
vn -0.0505 0.0809 -0.9954
vn -0.9988 -0.0486 0.0000
vn -0.7626 0.0000 0.6469
vn 0.0000 0.0027 1.0000
vn -0.0507 -0.0052 -0.9987
vn 0.0000 1.0000 0.0005
vn 0.0000 1.0000 -0.0005
vn -0.0005 0.0000 -1.0000
vn 0.0000 0.0006 -1.0000
vn 0.0000 0.0007 -1.0000
vn 0.0005 0.0000 -1.0000
vn 0.0006 0.0000 -1.0000
vn -0.0005 0.0000 1.0000
vn -0.0006 0.0000 1.0000
vn 0.0000 0.0007 1.0000
vn 0.0406 0.0000 -0.9991
vn -0.0406 0.0000 -0.9991
vn 0.0406 0.0000 0.9991
vn -0.0406 0.0000 0.9991
vn 0.0507 0.0000 -0.9987
vn -0.6861 0.0000 0.7275
vn -0.9991 0.0000 -0.0406
usemtl Material.006
s 1
f 1/1/1 2/2/1 3/3/1
f 2/2/1 4/4/1 3/3/1
f 5/5/1 6/6/1 7/7/1
f 6/6/1 8/8/1 7/7/1
f 9/9/1 10/10/1 11/11/1
f 10/10/1 12/12/1 11/11/1
f 13/13/1 14/14/1 15/15/1
f 14/14/1 16/16/1 15/15/1
f 17/17/1 18/18/1 19/19/1
f 18/18/1 20/20/1 19/19/1
f 21/21/1 22/22/1 23/23/1
f 22/22/1 24/24/1 23/23/1
f 25/25/2 26/26/2 27/27/2
f 26/26/2 28/28/2 27/27/2
f 29/29/2 30/30/2 31/31/2
f 30/30/2 32/32/2 31/31/2
f 33/33/3 34/34/3 35/35/3
f 34/34/3 36/36/3 35/35/3
f 37/37/4 38/38/4 39/39/4
f 38/38/4 40/40/4 39/39/4
f 41/41/5 42/42/5 43/43/5
f 42/42/5 44/44/5 43/43/5
f 45/45/6 46/46/6 47/47/6
f 46/46/6 48/48/6 47/47/6
f 49/49/5 50/50/5 51/51/5
f 50/50/5 52/52/5 51/51/5
f 53/53/6 54/54/6 55/55/6
f 54/54/6 56/56/6 55/55/6
f 57/57/5 58/58/5 59/59/5
f 58/58/5 60/60/5 59/59/5
f 61/61/6 62/62/6 63/63/6
f 62/62/6 64/64/6 63/63/6
f 65/65/6 66/66/6 67/67/6
f 66/66/6 68/68/6 67/67/6
f 69/69/5 70/70/5 71/71/5
f 70/70/5 72/72/5 71/71/5
f 73/73/2 74/74/2 75/75/2
f 74/74/2 76/76/2 75/75/2
f 77/77/2 78/78/2 79/79/2
f 78/78/2 80/80/2 79/79/2
f 81/81/5 82/82/5 83/83/5
f 82/82/5 84/84/5 83/83/5
f 85/85/5 86/86/5 87/87/5
f 86/86/5 88/88/5 87/87/5
f 89/89/7 90/90/7 91/91/7
f 90/90/7 92/92/7 91/91/7
f 93/93/7 94/94/7 95/95/7
f 94/94/7 96/96/7 95/95/7
f 97/97/6 98/98/6 99/99/6
f 98/98/6 100/100/6 99/99/6
f 101/101/6 102/102/6 103/103/6
f 102/102/6 104/104/6 103/103/6
f 105/105/7 106/106/7 107/107/7
f 106/106/7 108/108/7 107/107/7
f 109/109/7 110/110/7 111/111/7
f 110/110/7 112/112/7 111/111/7
f 113/113/5 114/114/5 115/115/5
f 114/114/5 116/116/5 115/115/5
f 117/117/6 118/118/6 119/119/6
f 118/118/6 120/120/6 119/119/6
f 121/121/1 122/122/1 123/123/1
f 122/122/1 124/124/1 123/123/1
f 123/123/1 124/124/1 125/125/1
f 122/122/1 126/126/1 124/124/1
f 124/124/1 126/126/1 127/127/1
f 126/126/1 128/128/1 127/127/1
f 128/128/1 129/129/1 127/127/1
f 129/129/1 130/130/1 127/127/1
f 127/127/1 130/130/1 131/131/1
f 130/130/1 132/132/1 131/131/1
f 132/132/1 133/133/1 131/131/1
f 133/133/1 124/124/1 131/131/1
f 131/131/1 124/124/1 127/127/1
f 134/134/1 135/135/1 136/136/1
f 135/135/1 137/137/1 136/136/1
f 138/138/1 134/134/1 139/139/1
f 134/134/1 136/136/1 139/139/1
f 139/139/1 136/136/1 140/140/1
f 136/136/1 137/137/1 140/140/1
f 140/140/1 137/137/1 141/141/1
f 141/141/1 137/137/1 142/142/1
f 137/137/1 135/135/1 142/142/1
f 142/142/1 135/135/1 143/143/1
f 143/143/1 135/135/1 144/144/1
f 135/135/1 134/134/1 144/144/1
f 144/144/1 134/134/1 145/145/1
f 134/134/1 138/138/1 145/145/1
f 146/146/1 147/147/1 148/148/1
f 147/147/1 149/149/1 148/148/1
f 149/149/1 150/150/1 148/148/1
f 148/148/1 150/150/1 151/151/1
f 150/150/1 152/152/1 151/151/1
f 151/151/1 152/152/1 153/153/1
f 154/154/1 155/155/1 156/156/1
f 155/155/1 157/157/1 156/156/1
f 156/156/1 157/157/1 158/158/1
f 157/157/1 159/159/1 158/158/1
f 159/159/1 160/160/1 158/158/1
f 158/158/1 160/160/1 161/161/1
f 162/162/1 163/163/1 164/164/1
f 163/163/1 165/165/1 164/164/1
f 164/164/1 165/165/1 166/166/1
f 165/165/1 167/167/1 166/166/1
f 167/167/1 168/168/1 166/166/1
f 166/166/1 168/168/1 169/169/1
f 170/170/1 171/171/1 172/172/1
f 172/172/1 171/171/1 173/173/1
f 173/173/1 171/171/1 174/174/1
f 171/171/1 175/175/1 174/174/1
f 175/175/1 176/176/1 174/174/1
f 174/174/1 176/176/1 177/177/1
f 178/178/1 179/179/1 180/180/1
f 179/179/1 181/181/1 180/180/1
f 181/181/1 182/182/1 180/180/1
f 180/180/1 182/182/1 183/183/1
f 184/184/1 185/185/1 186/186/1
f 185/185/1 179/179/1 186/186/1
f 186/186/1 179/179/1 187/187/1
f 179/179/1 178/178/1 187/187/1
f 187/187/1 178/178/1 188/188/1
f 178/178/1 189/189/1 188/188/1
f 189/189/1 190/190/1 188/188/1
f 188/188/1 190/190/1 191/191/1
f 191/191/1 190/190/1 192/192/1
f 192/192/1 190/190/1 193/193/1
f 190/190/1 194/194/1 193/193/1
f 193/193/1 194/194/1 195/195/1
f 195/195/1 194/194/1 182/182/1
f 182/182/1 194/194/1 183/183/1
f 194/194/1 190/190/1 183/183/1
f 190/190/1 189/189/1 183/183/1
f 183/183/1 189/189/1 180/180/1
f 189/189/1 178/178/1 180/180/1
f 196/196/1 197/197/1 198/198/1
f 197/197/1 199/199/1 198/198/1
f 199/199/1 200/200/1 198/198/1
f 198/198/1 200/200/1 201/201/1
f 200/200/1 202/202/1 201/201/1
f 201/201/1 202/202/1 203/203/1
f 204/204/1 205/205/1 206/206/1
f 205/205/1 207/207/1 206/206/1
f 207/207/1 208/208/1 206/206/1
f 206/206/1 208/208/1 209/209/1
f 208/208/1 210/210/1 209/209/1
f 209/209/1 210/210/1 211/211/1
f 212/212/1 213/213/1 214/214/1
f 213/213/1 215/215/1 214/214/1
f 214/214/1 215/215/1 216/216/1
f 216/216/1 215/215/1 217/217/1
f 217/217/1 215/215/1 218/218/1
f 218/218/1 215/215/1 219/219/1
f 215/215/1 213/213/1 219/219/1
f 219/219/1 220/220/1 218/218/1
f 220/220/1 221/221/1 218/218/1
f 218/218/1 221/221/1 217/217/1
f 221/221/1 222/222/1 217/217/1
f 217/217/1 222/222/1 223/223/1
f 223/223/1 222/222/1 224/224/1
f 224/224/1 222/222/1 225/225/1
f 222/222/1 221/221/1 225/225/1
f 225/225/1 221/221/1 220/220/1
f 226/226/1 227/227/1 228/228/1
f 228/228/1 227/227/1 229/229/1
f 227/227/1 230/230/1 229/229/1
f 229/229/1 230/230/1 231/231/1
f 230/230/1 232/232/1 231/231/1
f 231/231/1 232/232/1 233/233/1
f 232/232/1 234/234/1 233/233/1
f 233/233/1 234/234/1 235/235/1
f 234/234/1 236/236/1 235/235/1
f 235/235/1 236/236/1 237/237/1
f 238/238/1 239/239/1 240/240/1
f 240/240/1 239/239/1 241/241/1
f 239/239/1 242/242/1 241/241/1
f 242/242/1 243/243/1 241/241/1
f 241/241/1 243/243/1 244/244/1
f 243/243/1 245/245/1 244/244/1
f 245/245/1 246/246/1 244/244/1
f 246/246/1 247/247/1 244/244/1
f 247/247/1 240/240/1 244/244/1
f 244/244/1 240/240/1 241/241/1
f 248/248/1 249/249/1 250/250/1
f 250/250/1 249/249/1 251/251/1
f 249/249/1 252/252/1 251/251/1
f 252/252/1 253/253/1 251/251/1
f 251/251/1 253/253/1 254/254/1
f 253/253/1 255/255/1 254/254/1
f 255/255/1 256/256/1 254/254/1
f 256/256/1 257/257/1 254/254/1
f 257/257/1 250/250/1 254/254/1
f 254/254/1 250/250/1 251/251/1
f 258/258/1 259/259/1 260/260/1
f 259/259/1 261/261/1 260/260/1
f 260/260/1 261/261/1 262/262/1
f 262/262/1 261/261/1 263/263/1
f 261/261/1 264/264/1 263/263/1
f 263/263/1 264/264/1 265/265/1
f 265/265/1 264/264/1 266/266/1
f 266/266/1 264/264/1 267/267/1
f 267/267/1 264/264/1 259/259/1
f 264/264/1 261/261/1 259/259/1
f 268/268/1 269/269/1 270/270/1
f 269/269/1 271/271/1 270/270/1
f 270/270/1 271/271/1 272/272/1
f 271/271/1 273/273/1 272/272/1
f 272/272/1 273/273/1 274/274/1
f 274/274/1 273/273/1 275/275/1
f 275/275/1 273/273/1 276/276/1
f 276/276/1 273/273/1 277/277/1
f 273/273/1 271/271/1 277/277/1
f 277/277/1 271/271/1 269/269/1
f 278/278/1 279/279/1 280/280/1
f 279/279/1 281/281/1 280/280/1
f 280/280/1 281/281/1 282/282/1
f 281/281/1 283/283/1 282/282/1
f 283/283/1 284/284/1 282/282/1
f 284/284/1 285/285/1 282/282/1
f 285/285/1 286/286/1 282/282/1
f 282/282/1 286/286/1 280/280/1
f 286/286/1 287/287/1 280/280/1
f 280/280/1 287/287/1 278/278/1
f 288/288/1 289/289/1 290/290/1
f 289/289/1 291/291/1 290/290/1
f 291/291/1 292/292/1 290/290/1
f 290/290/1 292/292/1 293/293/1
f 292/292/1 294/294/1 293/293/1
f 294/294/1 295/295/1 293/293/1
f 295/295/1 296/296/1 293/293/1
f 293/293/1 296/296/1 290/290/1
f 296/296/1 297/297/1 290/290/1
f 290/290/1 297/297/1 288/288/1
f 298/298/1 299/299/1 300/300/1
f 299/299/1 301/301/1 300/300/1
f 301/301/1 302/302/1 300/300/1
f 302/302/1 303/303/1 300/300/1
f 300/300/1 303/303/1 304/304/1
f 303/303/1 305/305/1 304/304/1
f 305/305/1 306/306/1 304/304/1
f 306/306/1 307/307/1 304/304/1
f 304/304/1 307/307/1 308/308/1
f 307/307/1 309/309/1 308/308/1
f 309/309/1 310/310/1 308/308/1
f 310/310/1 300/300/1 308/308/1
f 308/308/1 300/300/1 304/304/1
f 311/311/1 312/312/1 313/313/1
f 312/312/1 314/314/1 313/313/1
f 314/314/1 315/315/1 313/313/1
f 313/313/1 315/315/1 316/316/1
f 315/315/1 317/317/1 316/316/1
f 316/316/1 317/317/1 318/318/1
f 317/317/1 319/319/1 318/318/1
f 319/319/1 320/320/1 318/318/1
f 320/320/1 321/321/1 318/318/1
f 321/321/1 322/322/1 318/318/1
f 318/318/1 322/322/1 316/316/1
f 316/316/1 322/322/1 313/313/1
f 322/322/1 321/321/1 313/313/1
f 313/313/1 321/321/1 311/311/1
f 323/323/1 324/324/1 325/325/1
f 324/324/1 326/326/1 325/325/1
f 325/325/1 326/326/1 327/327/1
f 326/326/1 328/328/1 327/327/1
f 327/327/1 328/328/1 329/329/1
f 328/328/1 330/330/1 329/329/1
f 329/329/1 330/330/1 331/331/1
f 330/330/1 332/332/1 331/331/1
f 332/332/1 333/333/1 331/331/1
f 333/333/1 334/334/1 331/331/1
f 334/334/1 335/335/1 331/331/1
f 331/331/1 335/335/1 329/329/1
f 329/329/1 335/335/1 327/327/1
f 327/327/1 335/335/1 325/325/1
f 335/335/1 336/336/1 325/325/1
f 325/325/1 336/336/1 323/323/1
f 337/337/8 338/338/8 339/339/8
f 340/340/8 341/341/8 342/342/8
f 343/343/9 344/344/9 345/345/9
f 346/346/8 347/347/8 348/348/8
f 349/349/9 350/350/9 351/351/9
f 352/352/9 353/353/9 354/354/9
f 355/355/6 356/356/6 357/357/6
f 358/358/6 359/359/6 360/360/6
f 360/360/6 359/359/6 361/361/6
f 359/359/6 362/362/6 361/361/6
f 361/361/6 362/362/6 363/363/6
f 362/362/6 364/364/6 363/363/6
f 363/363/6 364/364/6 365/365/6
f 365/365/6 364/364/6 366/366/6
f 366/366/6 364/364/6 355/355/6
f 364/364/6 367/367/6 355/355/6
f 355/355/6 367/367/6 356/356/6
f 367/367/6 368/368/6 356/356/6
f 356/356/6 368/368/6 369/369/6
f 362/362/6 370/370/6 364/364/6
f 370/370/6 371/371/6 364/364/6
f 364/364/6 371/371/6 367/367/6
f 371/371/6 372/372/6 367/367/6
f 372/372/6 373/373/6 367/367/6
f 373/373/6 374/374/6 367/367/6
f 367/367/6 374/374/6 368/368/6
f 361/361/6 363/363/6 375/375/6
f 375/375/6 363/363/6 376/376/6
f 363/363/6 377/377/6 376/376/6
f 376/376/6 377/377/6 378/378/6
f 377/377/6 379/379/6 378/378/6
f 378/378/6 379/379/6 380/380/6
f 377/377/6 381/381/6 379/379/6
f 381/381/6 382/382/6 379/379/6
f 379/379/6 382/382/6 383/383/6
f 382/382/6 384/384/6 383/383/6
f 383/383/6 384/384/6 385/385/6
f 385/385/6 384/384/6 386/386/6
f 386/386/6 384/384/6 387/387/6
f 384/384/6 388/388/6 387/387/6
f 387/387/6 388/388/6 389/389/6
f 389/389/6 388/388/6 390/390/6
f 390/390/6 388/388/6 391/391/6
f 388/388/6 392/392/6 391/391/6
f 391/391/6 392/392/6 393/393/6
f 393/393/6 392/392/6 394/394/6
f 394/394/6 392/392/6 395/395/6
f 392/392/6 396/396/6 395/395/6
f 396/396/6 397/397/6 395/395/6
f 395/395/6 397/397/6 398/398/6
f 397/397/6 399/399/6 398/398/6
f 398/398/6 399/399/6 382/382/6
f 399/399/6 400/400/6 382/382/6
f 382/382/6 400/400/6 392/392/6
f 400/400/6 396/396/6 392/392/6
f 382/382/6 392/392/6 384/384/6
f 392/392/6 388/388/6 384/384/6
f 401/401/6 402/402/6 403/403/6
f 402/402/6 404/404/6 403/403/6
f 404/404/6 398/398/6 403/403/6
f 403/403/6 398/398/6 405/405/6
f 405/405/6 398/398/6 365/365/6
f 365/365/6 398/398/6 363/363/6
f 363/363/6 398/398/6 377/377/6
f 377/377/6 398/398/6 406/406/6
f 406/406/6 398/398/6 407/407/6
f 398/398/6 382/382/6 407/407/6
f 407/407/6 382/382/6 381/381/6
f 408/408/5 409/409/5 410/410/5
f 411/411/5 412/412/5 413/413/5
f 413/413/5 412/412/5 414/414/5
f 412/412/5 415/415/5 414/414/5
f 414/414/5 415/415/5 416/416/5
f 415/415/5 417/417/5 416/416/5
f 416/416/5 417/417/5 408/408/5
f 417/417/5 418/418/5 408/408/5
f 408/408/5 418/418/5 409/409/5
f 418/418/5 419/419/5 409/409/5
f 409/409/5 419/419/5 420/420/5
f 419/419/5 421/421/5 420/420/5
f 420/420/5 421/421/5 422/422/5
f 418/418/5 417/417/5 419/419/5
f 417/417/5 423/423/5 419/419/5
f 419/419/5 423/423/5 421/421/5
f 421/421/5 423/423/5 424/424/5
f 424/424/5 423/423/5 425/425/5
f 423/423/5 426/426/5 425/425/5
f 425/425/5 426/426/5 427/427/5
f 427/427/5 426/426/5 428/428/5
f 426/426/5 415/415/5 428/428/5
f 428/428/5 415/415/5 429/429/5
f 415/415/5 430/430/5 429/429/5
f 429/429/5 430/430/5 431/431/5
f 430/430/5 432/432/5 431/431/5
f 431/431/5 432/432/5 433/433/5
f 432/432/5 434/434/5 433/433/5
f 433/433/5 434/434/5 435/435/5
f 434/434/5 436/436/5 435/435/5
f 435/435/5 436/436/5 437/437/5
f 436/436/5 434/434/5 438/438/5
f 438/438/5 434/434/5 439/439/5
f 434/434/5 440/440/5 439/439/5
f 440/440/5 441/441/5 439/439/5
f 439/439/5 441/441/5 442/442/5
f 441/441/5 443/443/5 442/442/5
f 443/443/5 444/444/5 442/442/5
f 442/442/5 444/444/5 432/432/5
f 432/432/5 444/444/5 434/434/5
f 444/444/5 440/440/5 434/434/5
f 445/445/5 446/446/5 430/430/5
f 446/446/5 447/447/5 430/430/5
f 430/430/5 447/447/5 432/432/5
f 447/447/5 448/448/5 432/432/5
f 432/432/5 448/448/5 442/442/5
f 448/448/5 449/449/5 442/442/5
f 449/449/5 450/450/5 442/442/5
f 442/442/5 450/450/5 446/446/5
f 450/450/5 447/447/5 446/446/5
f 451/451/5 452/452/5 446/446/5
f 446/446/5 452/452/5 442/442/5
f 452/452/5 453/453/5 442/442/5
f 442/442/5 453/453/5 454/454/5
f 453/453/5 455/455/5 454/454/5
f 454/454/5 455/455/5 456/456/5
f 456/456/5 455/455/5 457/457/5
f 457/457/5 455/455/5 458/458/5
f 458/458/5 455/455/5 459/459/5
f 455/455/5 453/453/5 459/459/5
f 459/459/5 453/453/5 460/460/5
f 460/460/5 453/453/5 461/461/5
f 453/453/5 452/452/5 461/461/5
f 454/454/5 456/456/5 462/462/5
f 463/463/2 464/464/2 465/465/2
f 466/466/2 467/467/2 468/468/2
f 467/467/2 469/469/2 468/468/2
f 468/468/2 469/469/2 470/470/2
f 469/469/2 471/471/2 470/470/2
f 470/470/2 471/471/2 472/472/2
f 472/472/2 471/471/2 463/463/2
f 471/471/2 473/473/2 463/463/2
f 463/463/2 473/473/2 464/464/2
f 473/473/2 474/474/2 464/464/2
f 464/464/2 474/474/2 475/475/2
f 469/469/2 467/467/2 471/471/2
f 467/467/2 476/476/2 471/471/2
f 471/471/2 476/476/2 477/477/2
f 477/477/2 476/476/2 478/478/2
f 476/476/2 479/479/2 478/478/2
f 478/478/2 479/479/2 480/480/2
f 480/480/2 479/479/2 481/481/2
f 479/479/2 482/482/2 481/481/2
f 482/482/2 483/483/2 481/481/2
f 481/481/2 483/483/2 477/477/2
f 477/477/2 483/483/2 471/471/2
f 483/483/2 484/484/2 471/471/2
f 471/471/2 484/484/2 473/473/2
f 484/484/2 485/485/2 473/473/2
f 485/485/2 482/482/2 473/473/2
f 473/473/2 482/482/2 479/479/2
f 470/470/2 486/486/2 468/468/2
f 486/486/2 487/487/2 468/468/2
f 487/487/2 488/488/2 468/468/2
f 468/468/2 488/488/2 489/489/2
f 489/489/2 488/488/2 490/490/2
f 488/488/2 491/491/2 490/490/2
f 490/490/2 491/491/2 492/492/2
f 491/491/2 493/493/2 492/492/2
f 493/493/2 494/494/2 492/492/2
f 492/492/2 494/494/2 495/495/2
f 496/496/2 497/497/2 498/498/2
f 499/499/2 500/500/2 496/496/2
f 500/500/2 501/501/2 496/496/2
f 496/496/2 501/501/2 497/497/2
f 501/501/2 502/502/2 497/497/2
f 497/497/2 502/502/2 503/503/2
f 502/502/2 504/504/2 503/503/2
f 503/503/2 504/504/2 505/505/2
f 505/505/2 504/504/2 506/506/2
f 504/504/2 507/507/2 506/506/2
f 506/506/2 507/507/2 508/508/2
f 507/507/2 509/509/2 508/508/2
f 508/508/2 509/509/2 502/502/2
f 509/509/2 510/510/2 502/502/2
f 502/502/2 510/510/2 504/504/2
f 501/501/2 500/500/2 502/502/2
f 500/500/2 511/511/2 502/502/2
f 502/502/2 511/511/2 508/508/2
f 511/511/2 512/512/2 508/508/2
f 512/512/2 513/513/2 508/508/2
f 513/513/2 514/514/2 508/508/2
f 514/514/2 515/515/2 508/508/2
f 515/515/2 516/516/2 508/508/2
f 508/508/2 516/516/2 506/506/2
f 506/506/2 516/516/2 517/517/2
f 517/517/2 516/516/2 518/518/2
f 516/516/2 503/503/2 518/518/2
f 518/518/2 503/503/2 505/505/2
f 519/519/6 520/520/6 521/521/6
f 520/520/6 522/522/6 521/521/6
f 523/523/10 524/524/10 525/525/10
f 524/524/10 526/526/10 525/525/10
f 527/527/5 528/528/5 529/529/5
f 528/528/5 530/530/5 529/529/5
f 531/531/1 532/532/1 533/533/1
f 532/532/1 534/534/1 533/533/1
f 535/535/6 536/536/6 537/537/6
f 536/536/6 538/538/6 537/537/6
f 539/539/10 540/540/10 541/541/10
f 540/540/10 542/542/10 541/541/10
f 543/543/5 544/544/5 545/545/5
f 544/544/5 546/546/5 545/545/5
f 547/547/1 548/548/1 549/549/1
f 548/548/1 550/550/1 549/549/1
f 551/551/6 552/552/6 553/553/6
f 552/552/6 554/554/6 553/553/6
f 555/555/10 556/556/10 557/557/10
f 556/556/10 558/558/10 557/557/10
f 559/559/5 560/560/5 561/561/5
f 560/560/5 562/562/5 561/561/5
f 563/563/1 564/564/1 565/565/1
f 564/564/1 566/566/1 565/565/1
f 567/567/7 568/568/7 569/569/7
f 568/568/7 570/570/7 569/569/7
f 571/571/10 572/572/10 573/573/10
f 572/572/10 574/574/10 573/573/10
f 575/575/2 576/576/2 577/577/2
f 576/576/2 578/578/2 577/577/2
f 579/579/1 580/580/1 581/581/1
f 580/580/1 582/582/1 581/581/1
f 583/583/7 584/584/7 585/585/7
f 584/584/7 586/586/7 585/585/7
f 587/587/10 588/588/10 589/589/10
f 588/588/10 590/590/10 589/589/10
f 591/591/2 592/592/2 593/593/2
f 592/592/2 594/594/2 593/593/2
f 595/595/1 596/596/1 597/597/1
f 596/596/1 598/598/1 597/597/1
f 599/599/7 600/600/7 601/601/7
f 600/600/7 602/602/7 601/601/7
f 603/603/10 604/604/10 605/605/10
f 604/604/10 606/606/10 605/605/10
f 607/607/2 608/608/2 609/609/2
f 608/608/2 610/610/2 609/609/2
f 611/611/1 612/612/1 613/613/1
f 612/612/1 614/614/1 613/613/1
f 615/615/7 616/616/7 617/617/7
f 616/616/7 618/618/7 617/617/7
f 619/619/10 620/620/10 621/621/10
f 620/620/10 622/622/10 621/621/10
f 623/623/2 624/624/2 625/625/2
f 624/624/2 626/626/2 625/625/2
f 627/627/11 628/628/11 629/629/11
f 628/628/11 630/630/11 629/629/11
f 631/631/12 632/632/12 633/633/12
f 632/632/12 634/634/12 633/633/12
f 635/635/13 636/636/13 637/637/13
f 636/636/13 638/638/13 637/637/13
f 639/639/14 640/640/14 641/641/14
f 640/640/14 642/642/14 641/641/14
f 643/643/11 644/644/11 645/645/11
f 644/644/11 646/646/11 645/645/11
f 647/647/15 648/648/15 649/649/15
f 648/648/15 650/650/15 649/649/15
f 651/651/13 652/652/13 653/653/13
f 652/652/13 654/654/13 653/653/13
f 655/655/16 656/656/16 657/657/16
f 656/656/16 658/658/16 657/657/16
f 659/659/11 660/660/11 661/661/11
f 660/660/11 662/662/11 661/661/11
f 663/663/14 664/664/14 665/665/14
f 664/664/14 666/666/14 665/665/14
f 667/667/13 668/668/13 669/669/13
f 668/668/13 670/670/13 669/669/13
f 671/671/12 672/672/12 673/673/12
f 672/672/12 674/674/12 673/673/12
f 675/675/11 676/676/11 677/677/11
f 676/676/11 678/678/11 677/677/11
f 679/679/16 680/680/16 681/681/16
f 680/680/16 682/682/16 681/681/16
f 683/683/13 684/684/13 685/685/13
f 684/684/13 686/686/13 685/685/13
f 687/687/15 688/688/15 689/689/15
f 688/688/15 690/690/15 689/689/15
f 691/691/10 692/692/10 693/693/10
f 692/692/10 694/694/10 693/693/10
f 695/695/5 696/696/5 697/697/5
f 696/696/5 698/698/5 697/697/5
f 699/699/1 700/700/1 701/701/1
f 700/700/1 702/702/1 701/701/1
f 703/703/2 704/704/2 705/705/2
f 704/704/2 706/706/2 705/705/2
f 707/707/2 708/708/2 709/709/2
f 708/708/2 710/710/2 709/709/2
f 711/711/7 712/712/7 713/713/7
f 712/712/7 714/714/7 713/713/7
f 715/715/6 716/716/6 717/717/6
f 716/716/6 718/718/6 717/717/6
f 719/719/1 720/720/1 721/721/1
f 720/720/1 722/722/1 721/721/1
f 723/723/7 724/724/7 725/725/7
f 724/724/7 726/726/7 725/725/7
f 727/727/7 728/728/7 729/729/7
f 728/728/7 730/730/7 729/729/7
f 731/731/1 732/732/1 733/733/1
f 732/732/1 734/734/1 733/733/1
f 735/735/10 736/736/10 737/737/10
f 736/736/10 738/738/10 737/737/10
f 739/739/1 740/740/1 741/741/1
f 740/740/1 742/742/1 741/741/1
f 743/743/6 744/744/6 745/745/6
f 744/744/6 746/746/6 745/745/6
f 747/747/5 748/748/5 749/749/5
f 748/748/5 750/750/5 749/749/5
f 751/751/5 752/752/5 753/753/5
f 752/752/5 754/754/5 753/753/5
f 755/755/7 756/756/7 757/757/7
f 758/758/7 755/755/7 759/759/7
f 755/755/7 757/757/7 759/759/7
f 759/759/7 757/757/7 760/760/7
f 761/761/7 762/762/7 758/758/7
f 762/762/7 763/763/7 758/758/7
f 758/758/7 763/763/7 755/755/7
f 763/763/7 764/764/7 755/755/7
f 755/755/7 764/764/7 756/756/7
f 764/764/7 765/765/7 756/756/7
f 756/756/7 765/765/7 766/766/7
f 765/765/7 764/764/7 767/767/7
f 764/764/7 768/768/7 767/767/7
f 767/767/7 768/768/7 769/769/7
f 769/769/7 768/768/7 770/770/7
f 770/770/7 768/768/7 771/771/7
f 771/771/7 768/768/7 772/772/7
f 768/768/7 763/763/7 772/772/7
f 772/772/7 763/763/7 773/773/7
f 763/763/7 762/762/7 773/773/7
f 768/768/7 764/764/7 763/763/7
f 769/769/7 774/774/7 767/767/7
f 774/774/7 775/775/7 767/767/7
f 767/767/7 775/775/7 776/776/7
f 775/775/7 777/777/7 776/776/7
f 777/777/7 778/778/7 776/776/7
f 778/778/7 779/779/7 776/776/7
f 779/779/7 780/780/7 776/776/7
f 776/776/7 780/780/7 781/781/7
f 780/780/7 782/782/7 781/781/7
f 781/781/7 782/782/7 783/783/7
f 781/781/7 767/767/7 776/776/7
f 784/784/10 785/785/10 786/786/10
f 785/785/10 787/787/10 786/786/10
f 788/788/7 789/789/7 790/790/7
f 789/789/7 791/791/7 790/790/7
f 792/792/10 793/793/10 794/794/10
f 793/793/10 795/795/10 794/794/10
f 796/796/2 797/797/2 798/798/2
f 797/797/2 799/799/2 798/798/2
f 800/800/2 798/798/2 801/801/2
f 798/798/2 799/799/2 801/801/2
f 801/801/2 799/799/2 802/802/2
f 802/802/2 799/799/2 803/803/2
f 799/799/2 804/804/2 803/803/2
f 803/803/2 804/804/2 805/805/2
f 805/805/2 804/804/2 806/806/2
f 804/804/2 807/807/2 806/806/2
f 806/806/2 807/807/2 808/808/2
f 808/808/2 807/807/2 809/809/2
f 807/807/2 810/810/2 809/809/2
f 809/809/2 810/810/2 811/811/2
f 810/810/2 812/812/2 811/811/2
f 811/811/2 812/812/2 813/813/2
f 812/812/2 814/814/2 813/813/2
f 813/813/2 814/814/2 815/815/2
f 815/815/2 814/814/2 816/816/2
f 814/814/2 817/817/2 816/816/2
f 807/807/2 818/818/2 810/810/2
f 818/818/2 819/819/2 810/810/2
f 810/810/2 819/819/2 812/812/2
f 819/819/2 820/820/2 812/812/2
f 812/812/2 820/820/2 814/814/2
f 820/820/2 817/817/2 814/814/2
f 816/816/2 817/817/2 821/821/2
f 817/817/2 822/822/2 821/821/2
f 821/821/2 822/822/2 823/823/2
f 823/823/2 822/822/2 824/824/2
f 822/822/2 825/825/2 824/824/2
f 826/826/2 827/827/2 821/821/2
f 827/827/2 816/816/2 821/821/2
f 828/828/2 829/829/2 830/830/2
f 829/829/2 831/831/2 830/830/2
f 832/832/2 833/833/2 834/834/2
f 833/833/2 835/835/2 834/834/2
f 834/834/2 835/835/2 829/829/2
f 835/835/2 836/836/2 829/829/2
f 829/829/2 836/836/2 831/831/2
f 836/836/2 837/837/2 831/831/2
f 831/831/2 837/837/2 838/838/2
f 838/838/2 837/837/2 839/839/2
f 837/837/2 840/840/2 839/839/2
f 839/839/2 840/840/2 841/841/2
f 841/841/2 840/840/2 842/842/2
f 840/840/2 843/843/2 842/842/2
f 842/842/2 843/843/2 844/844/2
f 843/843/2 840/840/2 836/836/2
f 840/840/2 837/837/2 836/836/2
f 845/845/5 846/846/5 847/847/5
f 846/846/5 848/848/5 847/847/5
f 849/849/5 850/850/5 851/851/5
f 850/850/5 852/852/5 851/851/5
f 851/851/5 852/852/5 853/853/5
f 852/852/5 854/854/5 853/853/5
f 854/854/5 855/855/5 853/853/5
f 853/853/5 855/855/5 856/856/5
f 855/855/5 857/857/5 856/856/5
f 856/856/5 857/857/5 845/845/5
f 857/857/5 858/858/5 845/845/5
f 845/845/5 858/858/5 846/846/5
f 858/858/5 854/854/5 846/846/5
f 854/854/5 852/852/5 846/846/5
f 846/846/5 852/852/5 848/848/5
f 852/852/5 850/850/5 848/848/5
f 851/851/5 853/853/5 859/859/5
f 853/853/5 860/860/5 859/859/5
f 861/861/5 862/862/5 863/863/5
f 862/862/5 864/864/5 863/863/5
f 863/863/5 864/864/5 865/865/5
f 864/864/5 866/866/5 865/865/5
f 866/866/5 867/867/5 865/865/5
f 865/865/5 867/867/5 868/868/5
f 867/867/5 860/860/5 868/868/5
f 868/868/5 860/860/5 869/869/5
f 860/860/5 853/853/5 869/869/5
f 869/869/5 853/853/5 870/870/5
f 853/853/5 856/856/5 870/870/5
f 871/871/5 865/865/5 872/872/5
f 865/865/5 868/868/5 872/872/5
f 868/868/5 869/869/5 872/872/5
f 872/872/5 869/869/5 870/870/5
f 873/873/5 863/863/5 874/874/17
f 874/874/17 863/863/5 875/875/5
f 863/863/5 876/876/5 875/875/5
f 876/876/5 877/877/5 875/875/5
f 877/877/5 878/878/5 875/875/5
f 875/875/5 878/878/5 871/871/5
f 878/878/5 879/879/5 871/871/5
f 871/871/5 879/879/5 865/865/5
f 879/879/5 876/876/5 865/865/5
f 865/865/5 876/876/5 863/863/5
f 880/880/7 881/881/7 882/882/7
f 881/881/7 883/883/7 882/882/7
f 882/882/7 883/883/7 884/884/7
f 885/885/6 886/886/6 887/887/6
f 886/886/6 888/888/6 887/887/6
f 887/887/6 888/888/6 889/889/6
f 890/890/7 891/891/7 892/892/7
f 891/891/7 893/893/7 892/892/7
f 892/892/7 893/893/7 894/894/7
f 895/895/7 896/896/7 897/897/7
f 896/896/7 898/898/7 897/897/7
f 897/897/7 898/898/7 899/899/7
f 898/898/7 900/900/7 899/899/7
f 899/899/7 900/900/7 893/893/7
f 900/900/7 901/901/7 893/893/7
f 893/893/7 901/901/7 894/894/7
f 901/901/7 902/902/7 894/894/7
f 901/901/7 900/900/7 903/903/7
f 900/900/7 898/898/7 903/903/7
f 898/898/7 896/896/7 903/903/7
f 903/903/7 896/896/7 904/904/7
f 905/905/1 906/906/1 907/907/1
f 906/906/1 908/908/1 907/907/1
f 907/907/1 908/908/1 909/909/1
f 908/908/1 910/910/1 909/909/1
f 911/911/5 912/912/5 913/913/5
f 913/913/5 912/912/5 914/914/5
f 912/912/5 915/915/5 914/914/5
f 914/914/5 915/915/5 916/916/5
f 917/917/6 918/918/6 919/919/6
f 918/918/6 920/920/6 919/919/6
f 919/919/6 920/920/6 921/921/6
f 922/922/6 923/923/6 917/917/6
f 923/923/6 924/924/6 917/917/6
f 917/917/6 924/924/6 918/918/6
f 924/924/6 925/925/6 918/918/6
f 918/918/6 925/925/6 926/926/6
f 927/927/6 928/928/6 918/918/6
f 928/928/6 929/929/6 918/918/6
f 918/918/6 929/929/6 920/920/6
f 929/929/6 930/930/6 920/920/6
f 930/930/6 931/931/6 920/920/6
f 920/920/6 931/931/6 932/932/6
f 933/933/6 934/934/18 924/924/6
f 934/934/18 935/935/18 924/924/6
f 935/935/18 936/936/6 924/924/6
f 936/936/6 937/937/6 924/924/6
f 937/937/6 938/938/6 924/924/6
f 924/924/6 938/938/6 925/925/6
f 938/938/6 939/939/6 925/925/6
f 426/426/5 423/423/5 415/415/5
f 423/423/5 417/417/5 415/415/5
f 412/412/5 940/940/5 415/415/5
f 940/940/5 941/941/5 415/415/5
f 415/415/5 941/941/5 430/430/5
f 941/941/5 942/942/5 430/430/5
f 942/942/5 943/943/5 430/430/5
f 430/430/5 943/943/5 445/445/5
f 943/943/5 944/944/5 445/445/5
f 945/945/6 946/946/6 947/947/6
f 947/947/6 946/946/6 948/948/6
f 946/946/6 949/949/6 948/948/6
f 948/948/6 949/949/6 950/950/6
f 951/951/2 952/952/2 953/953/2
f 952/952/2 954/954/2 953/953/2
f 953/953/2 954/954/2 955/955/2
f 954/954/2 956/956/2 955/955/2
f 955/955/2 956/956/2 957/957/2
f 958/958/7 959/959/7 960/960/7
f 960/960/7 959/959/7 961/961/7
f 961/961/7 959/959/7 962/962/7
f 959/959/7 963/963/7 962/962/7
f 962/962/7 963/963/7 964/964/7
f 965/965/5 966/966/5 967/967/5
f 966/966/5 968/968/5 967/967/5
f 967/967/5 968/968/5 969/969/5
f 968/968/5 970/970/5 969/969/5
f 969/969/5 970/970/5 971/971/5
f 970/970/5 972/972/5 971/971/5
f 973/973/5 974/974/5 975/975/5
f 975/975/5 974/974/5 976/976/5
f 974/974/5 977/977/5 976/976/5
f 977/977/5 978/978/5 976/976/5
f 978/978/5 979/979/5 976/976/5
f 976/976/5 979/979/5 980/980/5
f 981/981/7 982/982/7 983/983/7
f 982/982/7 984/984/7 983/983/7
f 983/983/7 984/984/7 985/985/7
f 985/985/7 984/984/7 986/986/7
f 986/986/7 984/984/7 987/987/7
f 987/987/7 984/984/7 988/988/7
f 984/984/7 982/982/7 988/988/7
f 988/988/7 982/982/7 989/989/7
f 990/990/6 991/991/6 992/992/6
f 991/991/6 993/993/6 992/992/6
f 992/992/6 993/993/6 994/994/6
f 993/993/6 995/995/6 994/994/6
f 994/994/6 995/995/6 996/996/6
f 995/995/6 997/997/6 996/996/6
f 996/996/6 997/997/6 998/998/6
f 997/997/6 999/999/6 998/998/6
f 998/998/6 999/999/6 1000/1000/6
f 999/999/6 1001/1001/6 1000/1000/6
f 1002/1002/19 1003/1003/19 1004/1004/20
f 1003/1003/19 1005/1005/20 1004/1004/20
f 1004/1006/20 1005/1007/20 1006/1008/21
f 1005/1007/20 1007/1009/21 1006/1008/21
f 1006/1008/21 1007/1009/21 1008/1010/22
f 1007/1009/21 1009/1011/22 1008/1010/22
f 1008/1010/22 1009/1011/22 1010/1012/23
f 1009/1011/22 1011/1013/23 1010/1012/23
f 1010/1012/23 1011/1013/23 1012/1014/5
f 1011/1013/23 1013/1015/5 1012/1014/5
f 1014/1016/6 1015/1017/6 1016/1018/24
f 1015/1017/6 1017/1019/24 1016/1018/24
f 1016/1020/24 1017/1021/24 1018/1022/25
f 1017/1021/24 1019/1023/25 1018/1022/25
f 1018/1022/25 1019/1023/25 1020/1024/26
f 1019/1023/25 1021/1025/26 1020/1024/26
f 1020/1024/26 1021/1025/26 1022/1026/27
f 1021/1025/26 1023/1027/27 1022/1026/27
f 1022/1026/27 1023/1027/27 1024/1028/28
f 1023/1027/27 1025/1029/28 1024/1028/28
f 1026/1030/5 1027/1031/5 1028/1032/5
f 1027/1031/5 1029/1033/5 1028/1032/5
f 1030/1034/5 1031/1035/5 1032/1036/5
f 1031/1035/5 1033/1037/5 1032/1036/5
f 1034/1038/5 1035/1039/5 1036/1040/5
f 1035/1039/5 1037/1041/5 1036/1040/5
f 1038/1042/5 1039/1043/5 1040/1044/5
f 1039/1043/5 1041/1045/5 1040/1044/5
f 1042/1046/5 1043/1047/5 1044/1048/5
f 1043/1047/5 1045/1049/5 1044/1048/5
f 1046/1050/5 1047/1051/5 1048/1052/5
f 1047/1051/5 1049/1053/5 1048/1052/5
f 1050/1054/5 1051/1055/5 1052/1056/5
f 1051/1055/5 1053/1057/5 1052/1056/5
f 1054/1058/5 1055/1059/5 1056/1060/5
f 1055/1059/5 1057/1061/5 1056/1060/5
f 1058/1062/6 1059/1063/6 1060/1064/6
f 1059/1063/6 1061/1065/6 1060/1064/6
f 1062/1066/6 1063/1067/6 1064/1068/6
f 1063/1067/6 1065/1069/6 1064/1068/6
f 1066/1070/6 1067/1071/6 1068/1072/6
f 1067/1071/6 1069/1073/6 1068/1072/6
f 1070/1074/6 1071/1075/6 1072/1076/6
f 1071/1075/6 1073/1077/6 1072/1076/6
f 1074/1078/6 1075/1079/6 1076/1080/6
f 1075/1079/6 1077/1081/6 1076/1080/6
f 1078/1082/6 1079/1083/6 1080/1084/6
f 1079/1083/6 1081/1085/6 1080/1084/6
f 1082/1086/6 1083/1087/6 1084/1088/6
f 1083/1087/6 1085/1089/6 1084/1088/6
f 1086/1090/6 1087/1091/6 1088/1092/6
f 1087/1091/6 1089/1093/6 1088/1092/6
f 1090/1094/2 1091/1095/2 1092/1096/2
f 1091/1095/2 1093/1097/2 1092/1096/2
f 1094/1098/7 1095/1099/7 1096/1100/7
f 1095/1099/7 1097/1101/7 1096/1100/7
f 1098/1102/5 1099/1103/5 1100/1104/5
f 1099/1103/5 1101/1105/5 1100/1104/5
f 1102/1106/5 1103/1107/5 1104/1108/5
f 1103/1107/5 1105/1109/5 1104/1108/5
f 1106/1110/5 1107/1111/5 1108/1112/5
f 1107/1111/5 1109/1113/5 1108/1112/5
f 1110/1114/5 1111/1115/5 1112/1116/5
f 1111/1115/5 1113/1117/5 1112/1116/5
f 1114/1118/5 1115/1119/5 1116/1120/5
f 1115/1119/5 1117/1121/5 1116/1120/5
f 1118/1122/5 1119/1123/5 1120/1124/5
f 1119/1123/5 1121/1125/5 1120/1124/5
f 1122/1126/5 1123/1127/5 1124/1128/5
f 1123/1127/5 1125/1129/5 1124/1128/5
f 1126/1130/7 1127/1131/7 1128/1132/7
f 1127/1131/7 1129/1133/7 1128/1132/7
f 1130/1134/7 1131/1135/7 1132/1136/7
f 1131/1135/7 1133/1137/7 1132/1136/7
f 1134/1138/7 1135/1139/7 1136/1140/7
f 1135/1139/7 1137/1141/7 1136/1140/7
f 1138/1142/7 1139/1143/7 1140/1144/7
f 1139/1143/7 1141/1145/7 1140/1144/7
f 1142/1146/7 1143/1147/7 1144/1148/7
f 1143/1147/7 1145/1149/7 1144/1148/7
f 1146/1150/7 1147/1151/7 1148/1152/7
f 1147/1151/7 1149/1153/7 1148/1152/7
f 1150/1154/7 1151/1155/7 1152/1156/7
f 1151/1155/7 1153/1157/7 1152/1156/7
f 1154/1158/7 1155/1159/7 1156/1160/7
f 1155/1159/7 1157/1161/7 1156/1160/7
f 1158/1162/7 1159/1163/7 1160/1164/7
f 1159/1163/7 1161/1165/7 1160/1164/7
f 1162/1166/6 1163/1167/6 1164/1168/6
f 1163/1167/6 1165/1169/6 1164/1168/6
f 1166/1170/6 1167/1171/6 1168/1172/6
f 1167/1171/6 1169/1173/6 1168/1172/6
f 1170/1174/6 1171/1175/6 1172/1176/6
f 1171/1175/6 1173/1177/6 1172/1176/6
f 1174/1178/7 1175/1179/7 1176/1180/7
f 1175/1179/7 1177/1181/7 1176/1180/7
f 1176/1180/7 1177/1181/7 1178/1182/7
f 1179/1183/5 1180/1184/5 1181/1185/5
f 1180/1184/5 1182/1186/5 1181/1185/5
f 1181/1185/5 1182/1186/5 1183/1187/5
f 1184/1188/5 1185/1189/5 1186/1190/5
f 1185/1189/5 1187/1191/5 1186/1190/5
f 1186/1190/5 1187/1191/5 1188/1192/5
f 1189/1193/7 1190/1194/7 1191/1195/7
f 1190/1194/7 1192/1196/7 1191/1195/7
f 1191/1195/7 1192/1196/7 1193/1197/7
f 1194/1198/2 1195/1199/2 1196/1200/2
f 1195/1199/2 1197/1201/2 1196/1200/2
f 1196/1200/2 1197/1201/2 1198/1202/2
f 1199/1203/6 1200/1204/6 1201/1205/6
f 1200/1204/6 1202/1206/6 1201/1205/6
f 1201/1205/6 1202/1206/6 1203/1207/6
f 1204/1208/6 1205/1209/6 1206/1210/6
f 1205/1209/6 1207/1211/6 1206/1210/6
f 1206/1210/6 1207/1211/6 1208/1212/6
f 1209/1213/2 1210/1214/2 1211/1215/2
f 1210/1214/2 1212/1216/2 1211/1215/2
f 1211/1215/2 1212/1216/2 1213/1217/2
f 1214/1218/6 1215/1219/6 1216/1220/6
f 1215/1219/6 1217/1221/6 1216/1220/6
f 1216/1220/6 1217/1221/6 1218/1222/6
f 1219/1223/6 1220/1224/6 1221/1225/6
f 1220/1224/6 1222/1226/6 1221/1225/6
f 1221/1225/6 1222/1226/6 1223/1227/6
f 1224/1228/6 1225/1229/6 1226/1230/6
f 1225/1229/6 1227/1231/6 1226/1230/6
f 1226/1230/6 1227/1231/6 1228/1232/6
f 1229/1233/6 1230/1234/6 1231/1235/6
f 1230/1234/6 1232/1236/6 1231/1235/6
f 1231/1235/6 1232/1236/6 1233/1237/6
f 1234/1238/6 1235/1239/6 1236/1240/6
f 1235/1239/6 1237/1241/6 1236/1240/6
f 1236/1240/6 1237/1241/6 1238/1242/6
f 1239/1243/5 1240/1244/5 1241/1245/5
f 1240/1244/5 1242/1246/5 1241/1245/5
f 1243/1247/5 1242/1246/5 1244/1248/5
f 1242/1246/5 1240/1244/5 1244/1248/5
f 1244/1248/5 1240/1244/5 1245/1249/5
f 1240/1244/5 1239/1243/5 1245/1249/5
f 1245/1249/5 1239/1243/5 1246/1250/5
f 1247/1251/5 1248/1252/5 1249/1253/5
f 1248/1252/5 1250/1254/5 1249/1253/5
f 1249/1253/5 1250/1254/5 1251/1255/5
f 1252/1256/6 1253/1257/6 1254/1258/6
f 1253/1257/6 1255/1259/6 1254/1258/6
f 1256/1260/6 1255/1259/6 1257/1261/6
f 1255/1259/6 1253/1257/6 1257/1261/6
f 1257/1261/6 1253/1257/6 1258/1262/6
f 1253/1257/6 1252/1256/6 1258/1262/6
f 1258/1262/6 1252/1256/6 1259/1263/6
f 1260/1264/5 1261/1265/5 1262/1266/5
f 1261/1265/5 1263/1267/5 1262/1266/5
f 1262/1266/5 1263/1267/5 1264/1268/5
f 1265/1269/5 1266/1270/5 1267/1271/5
f 1266/1270/5 1268/1272/5 1267/1271/5
f 1267/1271/5 1268/1272/5 1269/1273/5
f 1270/1274/5 1271/1275/5 1272/1276/5
f 1271/1275/5 1273/1277/5 1272/1276/5
f 1272/1276/5 1273/1277/5 1274/1278/5
f 1275/1279/5 1276/1280/5 1277/1281/5
f 1276/1280/5 1278/1282/5 1277/1281/5
f 1277/1281/5 1278/1282/5 1279/1283/5
f 1280/1284/7 1281/1285/7 1282/1286/7
f 1281/1285/7 1283/1287/7 1282/1286/7
f 1282/1286/7 1283/1287/7 1284/1288/7
f 1283/1287/7 1285/1289/7 1284/1288/7
f 1286/1290/5 1287/1291/5 1288/1292/5
f 1287/1291/5 1289/1293/5 1288/1292/5
f 1288/1292/5 1289/1293/5 1290/1294/5
f 1289/1293/5 1291/1295/5 1290/1294/5
f 1292/1296/6 1293/1297/6 1294/1298/6
f 1293/1297/6 1295/1299/6 1294/1298/6
f 1294/1298/6 1295/1299/6 1296/1300/6
f 1295/1299/6 1297/1301/6 1296/1300/6
f 1298/1302/6 1299/1303/6 1300/1304/6
f 1299/1303/6 1301/1305/6 1300/1304/6
f 1300/1304/6 1301/1305/6 1302/1306/6
f 1301/1305/6 1303/1307/6 1302/1306/6
f 1304/1308/2 1305/1309/2 1306/1310/2
f 1305/1309/2 1307/1311/2 1306/1310/2
f 1306/1310/2 1307/1311/2 1308/1312/2
f 1307/1311/2 1309/1313/2 1308/1312/2
f 1310/1314/5 1311/1315/5 1312/1316/5
f 1311/1315/5 1313/1317/5 1312/1316/5
f 1313/1317/5 1314/1318/5 1312/1316/5
f 1312/1316/5 1314/1318/5 1315/1319/5
f 1316/1320/5 1317/1321/5 1318/1322/5
f 1317/1321/5 1319/1323/5 1318/1322/5
f 1319/1323/5 1320/1324/5 1318/1322/5
f 1318/1322/5 1320/1324/5 1321/1325/5
f 1322/1326/5 1323/1327/5 1324/1328/5
f 1324/1328/5 1323/1327/5 1325/1329/5
f 1323/1327/5 1326/1330/5 1325/1329/5
f 1325/1329/5 1326/1330/5 1327/1331/5
f 1328/1332/2 1329/1333/2 1330/1334/2
f 1329/1333/2 1331/1335/2 1330/1334/2
f 1331/1335/2 1332/1336/2 1330/1334/2
f 1330/1334/2 1332/1336/2 1333/1337/2
f 1334/1338/6 1335/1339/6 1336/1340/6
f 1335/1339/6 1337/1341/6 1336/1340/6
f 1337/1341/6 1338/1342/6 1336/1340/6
f 1336/1340/6 1338/1342/6 1339/1343/6
f 1340/1344/6 1341/1345/6 1342/1346/6
f 1341/1345/6 1343/1347/6 1342/1346/6
f 1343/1347/6 1344/1348/6 1342/1346/6
f 1342/1346/6 1344/1348/6 1345/1349/6
f 1346/1350/6 1347/1351/6 1348/1352/6
f 1347/1351/6 1349/1353/6 1348/1352/6
f 1349/1353/6 1350/1354/6 1348/1352/6
f 1348/1352/6 1350/1354/6 1351/1355/6
f 1352/1356/6 1353/1357/6 1354/1358/6
f 1353/1357/6 1355/1359/6 1354/1358/6
f 1355/1359/6 1356/1360/6 1354/1358/6
f 1354/1358/6 1356/1360/6 1357/1361/6
f 1358/1362/7 1359/1363/7 1360/1364/7
f 1360/1364/7 1359/1363/7 1361/1365/7
f 1359/1363/7 1362/1366/7 1361/1365/7
f 1361/1365/7 1362/1366/7 1363/1367/7
f 1364/1368/7 1365/1369/7 1366/1370/7
f 1365/1369/7 1367/1371/7 1366/1370/7
f 1367/1371/7 1368/1372/7 1366/1370/7
f 1366/1370/7 1368/1372/7 1369/1373/7
f 1370/1374/5 1371/1375/5 1372/1376/5
f 1371/1375/5 1373/1377/5 1372/1376/5
f 1373/1377/5 1374/1378/5 1372/1376/5
f 1372/1376/5 1374/1378/5 1375/1379/5
f 1376/1380/5 1377/1381/5 1378/1382/5
f 1377/1381/5 1379/1383/5 1378/1382/5
f 1379/1383/5 1380/1384/5 1378/1382/5
f 1378/1382/5 1380/1384/5 1381/1385/5
f 1382/1386/2 1383/1387/2 1384/1388/2
f 1384/1388/2 1383/1387/2 1385/1389/2
f 1383/1387/2 1386/1390/2 1385/1389/2
f 1385/1389/2 1386/1390/2 1387/1391/2
f 1388/1392/5 1389/1393/5 1390/1394/5
f 1389/1393/5 1391/1395/5 1390/1394/5
f 1391/1395/5 1392/1396/5 1390/1394/5
f 1392/1396/5 1393/1397/5 1390/1394/5
f 1390/1394/5 1393/1397/5 1394/1398/5
f 1395/1399/5 1396/1400/5 1397/1401/5
f 1396/1400/5 1398/1402/5 1397/1401/5
f 1398/1402/5 1399/1403/5 1397/1401/5
f 1399/1403/5 1400/1404/5 1397/1401/5
f 1397/1401/5 1400/1404/5 1401/1405/5
f 1402/1406/2 1403/1407/2 1404/1408/2
f 1403/1407/2 1405/1409/2 1404/1408/2
f 1405/1409/2 1406/1410/2 1404/1408/2
f 1406/1410/2 1407/1411/2 1404/1408/2
f 1404/1408/2 1407/1411/2 1408/1412/2
f 1409/1413/2 1410/1414/2 1411/1415/2
f 1410/1414/2 1412/1416/2 1411/1415/2
f 1412/1416/2 1413/1417/2 1411/1415/2
f 1413/1417/2 1414/1418/2 1411/1415/2
f 1411/1415/2 1414/1418/2 1415/1419/2
f 1416/1420/6 1417/1421/6 1418/1422/6
f 1417/1421/6 1419/1423/6 1418/1422/6
f 1419/1423/6 1420/1424/6 1418/1422/6
f 1420/1424/6 1421/1425/6 1418/1422/6
f 1418/1422/6 1421/1425/6 1422/1426/6
f 1423/1427/6 1424/1428/6 1425/1429/6
f 1424/1428/6 1426/1430/6 1425/1429/6
f 1426/1430/6 1427/1431/6 1425/1429/6
f 1427/1431/6 1428/1432/6 1425/1429/6
f 1425/1429/6 1428/1432/6 1429/1433/6
f 1430/1434/7 1431/1435/7 1432/1436/7
f 1431/1435/7 1433/1437/7 1432/1436/7
f 1433/1437/7 1434/1438/7 1432/1436/7
f 1434/1438/7 1435/1439/7 1432/1436/7
f 1432/1436/7 1435/1439/7 1436/1440/7
f 1437/1441/7 1438/1442/7 1439/1443/7
f 1438/1442/7 1440/1444/7 1439/1443/7
f 1440/1444/7 1441/1445/7 1439/1443/7
f 1441/1445/7 1442/1446/7 1439/1443/7
f 1439/1443/7 1442/1446/7 1443/1447/7
f 1444/1448/5 1445/1449/5 1446/1450/5
f 1445/1449/5 1447/1451/5 1446/1450/5
f 1447/1451/5 1448/1452/5 1446/1450/5
f 1446/1450/5 1448/1452/5 1449/1453/5
f 1449/1453/5 1448/1452/5 1450/1454/5
f 1448/1452/5 1451/1455/5 1450/1454/5
f 1452/1456/6 1453/1457/6 1454/1458/6
f 1454/1458/6 1453/1457/6 1455/1459/6
f 1455/1459/6 1453/1457/6 1456/1460/6
f 1453/1457/6 1457/1461/6 1456/1460/6
f 1457/1461/6 1458/1462/6 1456/1460/6
f 1456/1460/6 1458/1462/6 1459/1463/6
f 1460/1464/29 1461/1465/29 1462/1466/29
f 1461/1465/29 1460/1464/29 1463/1467/29
f 1460/1464/29 1464/1468/29 1463/1467/29
f 1463/1467/29 1464/1468/29 1465/1469/30
f 1464/1468/29 1466/1470/31 1465/1469/30
f 1465/1471/30 1466/1472/31 1467/1473/32
f 1466/1472/31 1468/1474/33 1467/1473/32
f 1467/1473/32 1468/1474/33 1469/1475/34
f 1468/1474/33 1470/1476/35 1469/1475/34
f 1469/1477/34 1470/1478/35 1471/1479/36
f 1470/1478/35 1472/1480/37 1471/1479/36
f 1471/1479/36 1472/1480/37 1473/1481/38
f 1472/1480/37 1474/1482/39 1473/1481/38
f 1473/1481/38 1474/1482/39 1475/1483/40
f 1474/1482/39 1476/1484/41 1475/1483/40
f 1475/1483/40 1476/1484/41 1477/1485/42
f 1476/1486/41 1478/1487/43 1477/1488/42
f 1477/1489/42 1478/1490/43 1479/1491/44
f 1478/1490/43 1480/1492/45 1479/1491/44
f 1479/1491/44 1480/1492/45 1481/1493/46
f 1480/1492/45 1482/1494/47 1481/1493/46
f 1482/1494/47 1483/1495/48 1481/1493/46
f 1481/1493/46 1483/1495/48 1484/1496/49
f 1483/1495/48 1485/1497/50 1484/1496/49
f 1484/1496/49 1485/1497/50 1486/1498/51
f 1485/1497/50 1487/1499/52 1486/1498/51
f 1486/1498/51 1487/1499/52 1488/1500/53
f 1487/1499/52 1489/1501/54 1488/1500/53
f 1488/1500/53 1489/1501/54 1490/1502/55
f 1489/1501/54 1491/1503/56 1490/1502/55
f 1490/1502/55 1491/1503/56 1492/1504/57
f 1491/1503/56 1493/1505/58 1492/1504/57
f 1492/1504/57 1493/1505/58 1494/1506/59
f 1493/1505/58 1495/1507/60 1494/1506/59
f 1495/1507/60 1496/1508/60 1494/1506/59
f 1494/1506/59 1496/1508/60 1497/1509/60
f 1496/1508/60 1498/1510/60 1497/1509/60
f 1499/1511/61 1500/1512/62 1501/1513/62
f 1500/1512/62 1499/1511/61 1502/1514/61
f 1502/1515/61 1499/1516/61 1503/1517/63
f 1499/1516/61 1504/1518/64 1503/1517/63
f 1503/1517/63 1504/1518/64 1505/1519/65
f 1504/1518/64 1506/1520/66 1505/1519/65
f 1506/1521/66 1507/1522/67 1505/1523/65
f 1505/1523/65 1507/1522/67 1508/1524/68
f 1507/1525/67 1509/1526/69 1508/1527/68
f 1508/1528/68 1509/1529/69 1510/1530/70
f 1509/1529/69 1511/1531/71 1510/1530/70
f 1510/1530/70 1511/1531/71 1512/1532/72
f 1512/1532/72 1511/1531/71 1513/1533/73
f 1511/1531/71 1514/1534/74 1513/1533/73
f 1514/1534/74 1515/1535/75 1513/1533/73
f 1513/1533/73 1515/1535/75 1516/1536/76
f 1515/1535/75 1517/1537/77 1516/1536/76
f 1516/1536/76 1517/1537/77 1518/1538/78
f 1517/1537/77 1519/1539/79 1518/1538/78
f 1517/1540/77 1520/1541/80 1519/1542/79
f 1519/1542/79 1520/1541/80 1521/1543/81
f 1521/1544/81 1520/1545/80 1522/1546/82
f 1520/1545/80 1523/1547/83 1522/1546/82
f 1522/1546/82 1523/1547/83 1524/1548/84
f 1524/1548/84 1523/1547/83 1525/1549/85
f 1523/1547/83 1526/1550/86 1525/1549/85
f 1525/1551/85 1526/1552/86 1527/1553/87
f 1526/1552/86 1528/1554/88 1527/1553/87
f 1527/1553/87 1528/1554/88 1529/1555/89
f 1528/1554/88 1530/1556/90 1529/1555/89
f 1529/1555/89 1530/1556/90 1531/1557/91
f 1531/1558/91 1530/1559/90 1532/1560/92
f 1530/1559/90 1533/1561/93 1532/1560/92
f 1532/1560/92 1533/1561/93 1534/1562/94
f 1533/1561/93 1535/1563/95 1534/1562/94
f 1534/1562/94 1535/1563/95 1536/1564/96
f 1535/1563/95 1537/1565/96 1536/1564/96
f 1538/1566/97 1539/1567/98 1540/1568/99
f 1539/1567/98 1541/1569/100 1540/1568/99
f 1540/1568/99 1542/1570/101 1538/1566/97
f 1542/1570/101 1543/1571/102 1538/1566/97
f 1538/1566/97 1543/1571/102 1544/1572/103
f 1543/1571/102 1545/1573/104 1544/1572/103
f 1545/1573/104 1546/1574/105 1544/1572/103
f 1544/1572/103 1546/1574/105 1547/1575/106
f 1546/1576/105 1548/1577/107 1547/1578/106
f 1547/1578/106 1548/1577/107 1549/1579/108
f 1548/1580/107 1550/1581/109 1549/1582/108
f 1549/1582/108 1550/1581/109 1551/1583/109
f 1550/1581/109 1552/1584/110 1551/1583/109
f 1551/1583/109 1552/1584/110 1553/1585/111
f 1553/1586/111 1552/1587/110 1554/1588/112
f 1552/1587/110 1555/1589/113 1554/1588/112
f 1554/1588/112 1555/1589/113 1556/1590/114
f 1555/1589/113 1557/1591/114 1556/1590/114
f 1556/1590/114 1557/1591/114 1558/1592/115
f 1557/1591/114 1559/1593/116 1558/1592/115
f 1558/1592/115 1559/1593/116 1560/1594/117
f 1559/1593/116 1561/1595/118 1560/1594/117
f 1560/1596/117 1561/1597/118 1562/1598/119
f 1561/1597/118 1563/1599/120 1562/1598/119
f 1563/1600/120 1564/1601/121 1562/1602/119
f 1562/1602/119 1564/1601/121 1565/1603/122
f 1565/1603/122 1564/1601/121 1566/1604/123
f 1564/1601/121 1567/1605/124 1566/1604/123
f 1566/1604/123 1567/1605/124 1568/1606/125
f 1567/1605/124 1569/1607/126 1568/1606/125
f 1568/1606/125 1569/1607/126 1570/1608/127
f 1570/1608/127 1569/1607/126 1571/1609/128
f 1569/1607/126 1572/1610/129 1571/1609/128
f 1572/1611/129 1573/1612/130 1571/1613/128
f 1571/1613/128 1573/1612/130 1574/1614/131
f 1573/1612/130 1575/1615/132 1574/1614/131
f 1574/1614/131 1575/1615/132 1576/1616/133
f 1575/1615/132 1577/1617/133 1576/1616/133
f 1578/1618/134 1579/1619/135 1580/1620/136
f 1579/1619/135 1581/1621/137 1580/1620/136
f 1582/1622/138 1578/1623/134 1583/1624/139
f 1578/1623/134 1580/1625/136 1583/1624/139
f 1583/1624/139 1580/1625/136 1584/1626/140
f 1580/1620/136 1581/1621/137 1584/1627/140
f 1581/1621/137 1585/1628/141 1584/1627/140
f 1584/1627/140 1585/1628/141 1586/1629/142
f 1585/1628/141 1587/1630/143 1586/1629/142
f 1587/1630/143 1588/1631/144 1586/1629/142
f 1586/1629/142 1588/1631/144 1589/1632/145
f 1588/1631/144 1590/1633/146 1589/1632/145
f 1589/1632/145 1590/1633/146 1591/1634/147
f 1590/1635/146 1592/1636/148 1591/1637/147
f 1591/1637/147 1592/1636/148 1593/1638/149
f 1592/1636/148 1594/1639/150 1593/1638/149
f 1593/1638/149 1594/1639/150 1595/1640/151
f 1594/1641/150 1596/1642/152 1595/1643/151
f 1595/1643/151 1596/1642/152 1597/1644/153
f 1596/1642/152 1598/1645/154 1597/1644/153
f 1583/1624/139 1584/1626/140 1599/1646/155
f 1584/1626/140 1586/1647/142 1599/1646/155
f 1599/1646/155 1586/1647/142 1600/1648/156
f 1586/1647/142 1589/1649/145 1600/1648/156
f 1600/1648/156 1589/1649/145 1601/1650/157
f 1589/1649/145 1591/1651/147 1601/1650/157
f 1601/1650/157 1591/1651/147 1602/1652/158
f 1591/1651/147 1593/1653/149 1602/1652/158
f 1602/1652/158 1593/1653/149 1603/1654/159
f 1593/1653/149 1595/1655/151 1603/1654/159
f 1603/1654/159 1595/1655/151 1604/1656/160
f 1595/1655/151 1597/1657/153 1604/1656/160
f 1604/1656/160 1597/1657/153 1605/1658/161
f 1597/1657/153 1606/1659/162 1605/1658/161
f 1606/1659/162 1607/1660/163 1605/1658/161
f 1605/1658/161 1607/1660/163 1608/1661/164
f 1607/1660/163 1609/1662/165 1608/1661/164
f 1608/1661/164 1609/1662/165 1610/1663/166
f 1597/1644/153 1598/1645/154 1606/1664/162
f 1598/1645/154 1611/1665/167 1606/1664/162
f 1611/1666/167 1612/1667/168 1606/1668/162
f 1606/1668/162 1612/1667/168 1607/1669/163
f 1612/1667/168 1613/1670/169 1607/1669/163
f 1607/1669/163 1613/1670/169 1609/1671/165
f 1613/1672/169 1614/1673/170 1609/1674/165
f 1609/1674/165 1614/1673/170 1610/1675/166
f 1614/1673/170 1615/1676/171 1610/1675/166
f 1615/1676/171 1616/1677/172 1610/1675/166
f 1610/1675/166 1616/1677/172 1617/1678/173
f 1616/1679/172 1618/1680/174 1617/1681/173
f 1617/1681/173 1618/1680/174 1619/1682/175
f 1618/1680/174 1620/1683/176 1619/1682/175
f 1619/1682/175 1620/1683/176 1621/1684/177
f 1620/1683/176 1622/1685/178 1621/1684/177
f 1621/1684/177 1622/1685/178 1623/1686/179
f 1622/1687/178 1624/1688/180 1623/1689/179
f 1608/1661/164 1610/1663/166 1625/1690/181
f 1610/1663/166 1617/1691/173 1625/1690/181
f 1625/1690/181 1617/1691/173 1626/1692/182
f 1617/1691/173 1619/1693/175 1626/1692/182
f 1619/1693/175 1621/1694/177 1626/1692/182
f 1626/1692/182 1621/1694/177 1627/1695/183
f 1621/1694/177 1623/1696/179 1627/1695/183
f 1627/1695/183 1623/1696/179 1628/1697/184
f 1623/1696/179 1629/1698/185 1628/1697/184
f 1628/1697/184 1629/1698/185 1630/1699/186
f 1629/1698/185 1631/1700/187 1630/1699/186
f 1630/1699/186 1631/1700/187 1632/1701/188
f 1631/1700/187 1633/1702/189 1632/1701/188
f 1633/1703/189 1634/1704/190 1632/1705/188
f 1632/1705/188 1634/1704/190 1635/1706/191
f 1634/1704/190 1636/1707/192 1635/1706/191
f 1623/1689/179 1624/1688/180 1629/1708/185
f 1624/1688/180 1637/1709/193 1629/1708/185
f 1629/1708/185 1637/1709/193 1631/1710/187
f 1637/1709/193 1638/1711/194 1631/1710/187
f 1631/1710/187 1638/1711/194 1633/1712/189
f 1638/1711/194 1639/1713/195 1633/1712/189
f 1639/1714/195 1640/1715/196 1633/1716/189
f 1633/1717/189 1640/1718/196 1634/1719/190
f 1640/1718/196 1641/1720/197 1634/1719/190
f 1634/1719/190 1641/1720/197 1636/1721/192
f 1641/1722/197 1642/1723/198 1636/1724/192
f 1636/1725/192 1642/1726/198 1635/1727/191
f 1635/1727/191 1642/1726/198 1643/1728/199
f 1642/1726/198 1644/1729/200 1643/1728/199
f 1643/1728/199 1644/1729/200 1645/1730/201
f 1644/1729/200 1646/1731/202 1645/1730/201
f 1645/1730/201 1646/1731/202 1647/1732/203
f 1646/1731/202 1648/1733/204 1647/1732/203
f 1642/1734/198 1641/1735/197 1644/1736/200
f 1641/1735/197 1649/1737/205 1644/1736/200
f 1649/1738/205 1650/1739/206 1644/1740/200
f 1644/1740/200 1650/1739/206 1646/1741/202
f 1650/1739/206 1651/1742/207 1646/1741/202
f 1651/1742/207 1652/1743/208 1646/1741/202
f 1646/1741/202 1652/1743/208 1648/1744/204
f 1652/1745/208 1653/1746/209 1648/1747/204
f 1648/1747/204 1653/1746/209 1654/1748/210
f 1653/1749/209 1655/1750/211 1654/1751/210
f 1654/1751/210 1655/1750/211 1656/1752/212
f 1655/1750/211 1657/1753/213 1656/1752/212
f 1656/1754/212 1657/1755/213 1658/1756/214
f 1657/1755/213 1659/1757/215 1658/1756/214
f 1658/1756/214 1659/1757/215 1660/1758/216
f 1659/1757/215 1661/1759/217 1660/1758/216
f 1661/1759/217 1662/1760/218 1660/1758/216
f 1662/1760/218 1663/1761/219 1660/1758/216
f 1647/1732/203 1648/1733/204 1664/1762/220
f 1648/1733/204 1654/1763/210 1664/1762/220
f 1664/1762/220 1654/1763/210 1665/1764/221
f 1654/1763/210 1656/1765/212 1665/1764/221
f 1665/1764/221 1656/1765/212 1666/1766/222
f 1656/1765/212 1658/1767/214 1666/1766/222
f 1666/1766/222 1658/1767/214 1667/1768/223
f 1658/1767/214 1660/1769/216 1667/1768/223
f 1667/1768/223 1660/1769/216 1668/1770/224
f 1660/1769/216 1663/1771/219 1668/1770/224
f 1668/1770/224 1663/1771/219 1669/1772/225
f 1663/1771/219 1670/1773/226 1669/1772/225
f 1669/1772/225 1670/1773/226 1671/1774/227
f 1670/1773/226 1672/1775/228 1671/1774/227
f 1671/1774/227 1672/1775/228 1673/1776/229
f 1672/1775/228 1674/1777/230 1673/1776/229
f 1673/1778/229 1674/1779/230 1675/1780/231
f 1674/1779/230 1676/1781/232 1675/1780/231
f 1662/1760/218 1677/1782/233 1663/1761/219
f 1663/1761/219 1677/1782/233 1670/1783/226
f 1677/1782/233 1678/1784/234 1670/1783/226
f 1670/1783/226 1678/1784/234 1672/1785/228
f 1678/1784/234 1679/1786/235 1672/1785/228
f 1672/1785/228 1679/1786/235 1674/1787/230
f 1679/1788/235 1680/1789/236 1674/1790/230
f 1680/1789/236 1681/1791/237 1674/1790/230
f 1681/1791/237 1682/1792/238 1674/1790/230
f 1674/1790/230 1682/1792/238 1676/1793/232
f 1682/1792/238 1683/1794/239 1676/1793/232
f 1676/1793/232 1683/1794/239 1684/1795/240
f 1683/1794/239 1685/1796/241 1684/1795/240
f 1685/1796/241 1686/1797/242 1684/1795/240
f 1686/1798/242 1687/1799/243 1684/1800/240
f 1687/1799/243 1688/1801/244 1684/1800/240
f 1684/1800/240 1688/1801/244 1676/1781/232
f 1688/1801/244 1675/1780/231 1676/1781/232
f 1689/1802/245 1690/1803/246 1691/1804/247
f 1690/1803/246 1692/1805/248 1691/1804/247
f 1693/1806/249 1689/1807/245 1694/1808/249
f 1689/1807/245 1691/1809/247 1694/1808/249
f 1694/1808/249 1691/1809/247 1695/1810/250
f 1691/1804/247 1692/1805/248 1695/1811/250
f 1692/1805/248 1696/1812/251 1695/1811/250
f 1695/1811/250 1696/1812/251 1697/1813/252
f 1696/1812/251 1698/1814/253 1697/1813/252
f 1698/1815/253 1699/1816/254 1697/1817/252
f 1697/1817/252 1699/1816/254 1700/1818/255
f 1699/1816/254 1701/1819/256 1700/1818/255
f 1700/1818/255 1701/1819/256 1702/1820/257
f 1701/1819/256 1703/1821/258 1702/1820/257
f 1702/1822/257 1703/1823/258 1704/1824/259
f 1703/1823/258 1705/1825/260 1704/1824/259
f 1705/1825/260 1706/1826/261 1704/1824/259
f 1704/1824/259 1706/1826/261 1707/1827/262
f 1706/1826/261 1708/1828/263 1707/1827/262
f 1707/1829/262 1708/1830/263 1709/1831/264
f 1695/1810/250 1697/1832/252 1694/1808/249
f 1694/1808/249 1697/1832/252 1710/1833/265
f 1697/1832/252 1700/1834/255 1710/1833/265
f 1710/1833/265 1700/1834/255 1711/1835/266
f 1700/1834/255 1702/1836/257 1711/1835/266
f 1702/1836/257 1704/1837/259 1711/1835/266
f 1711/1835/266 1704/1837/259 1712/1838/267
f 1704/1837/259 1707/1839/262 1712/1838/267
f 1712/1838/267 1707/1839/262 1713/1840/268
f 1713/1840/268 1707/1839/262 1714/1841/268
f 1707/1839/262 1715/1842/269 1714/1841/268
f 1714/1841/268 1715/1842/269 1716/1843/270
f 1715/1842/269 1717/1844/271 1716/1843/270
f 1717/1844/271 1718/1845/272 1716/1843/270
f 1718/1845/272 1719/1846/273 1716/1843/270
f 1707/1829/262 1709/1831/264 1715/1847/269
f 1709/1848/264 1720/1849/274 1715/1850/269
f 1720/1849/274 1721/1851/275 1715/1850/269
f 1715/1850/269 1721/1851/275 1717/1852/271
f 1721/1851/275 1722/1853/276 1717/1852/271
f 1717/1852/271 1722/1853/276 1718/1854/272
f 1722/1853/276 1723/1855/277 1718/1854/272
f 1718/1845/272 1723/1856/277 1719/1846/273
f 1719/1846/273 1723/1856/277 1724/1857/278
f 1723/1856/277 1725/1858/279 1724/1857/278
f 1724/1857/278 1725/1858/279 1726/1859/280
f 1725/1860/279 1727/1861/281 1726/1862/280
f 1727/1863/281 1728/1864/282 1726/1865/280
f 1726/1865/280 1728/1864/282 1729/1866/283
f 1728/1867/282 1730/1868/284 1729/1869/283
f 1729/1870/283 1730/1871/284 1731/1872/285
f 1730/1871/284 1732/1873/286 1731/1872/285
f 1731/1872/285 1732/1873/286 1733/1874/287
f 1724/1857/278 1726/1859/280 1731/1872/285
f 1726/1859/280 1729/1870/283 1731/1872/285
f 1722/1853/276 1734/1875/288 1723/1855/277
f 1734/1875/288 1735/1876/289 1723/1855/277
f 1723/1855/277 1735/1876/289 1725/1877/279
f 1735/1876/289 1727/1878/281 1725/1877/279
f 1733/1874/287 1732/1873/286 1736/1879/290
f 1736/1879/290 1732/1873/286 1737/1880/291
f 1737/1881/291 1732/1882/286 1738/1883/292
f 1738/1883/292 1732/1882/286 1739/1884/293
f 1739/1885/293 1732/1886/286 1740/1887/294
f 1732/1886/286 1730/1868/284 1740/1887/294
f 1740/1887/294 1730/1868/284 1728/1867/282
f 1741/1888/295 1742/1889/296 1743/1890/297
f 1742/1891/296 1744/1892/298 1743/1893/297
f 1743/1893/297 1744/1892/298 1745/1894/299
f 1744/1892/298 1746/1895/300 1745/1894/299
f 1745/1896/299 1746/1897/300 1747/1898/301
f 1748/1899/302 1749/1900/303 1750/1901/302
f 1750/1901/302 1749/1900/303 1751/1902/304
f 1749/1900/303 1752/1903/304 1751/1902/304
f 1751/1902/304 1752/1903/304 1753/1904/305
f 1752/1903/304 1754/1905/305 1753/1904/305
f 1750/1901/302 1755/1906/306 1748/1899/302
f 1748/1899/302 1755/1906/306 1756/1907/306
f 1755/1908/306 1757/1909/307 1756/1910/306
f 1756/1910/306 1757/1909/307 1758/1911/307
f 1757/1909/307 1759/1912/308 1758/1911/307
f 1758/1911/307 1759/1912/308 1760/1913/308
f 1759/1912/308 1761/1914/309 1760/1913/308
f 1760/1913/308 1761/1914/309 1762/1915/309
f 1761/1916/309 1763/1917/310 1762/1918/309
f 1762/1918/309 1763/1917/310 1764/1919/310
f 1764/1919/310 1763/1917/310 1765/1920/311
f 1763/1917/310 1766/1921/312 1765/1920/311
f 1765/1920/311 1766/1921/312 1767/1922/312
f 1766/1923/312 1768/1924/313 1767/1925/312
f 1767/1925/312 1768/1924/313 1769/1926/313
f 1768/1924/313 1770/1927/314 1769/1926/313
f 1769/1926/313 1770/1927/314 1771/1928/314
f 1770/1929/314 1772/1930/315 1771/1931/314
f 1770/1929/314 1773/1932/316 1772/1930/315
f 1772/1930/315 1773/1932/316 1774/1933/317
f 1773/1932/316 1775/1934/318 1774/1933/317
f 1774/1933/317 1775/1934/318 1776/1935/318
f 1775/1936/318 1777/1937/319 1776/1938/318
f 1776/1938/318 1777/1937/319 1778/1939/319
f 1777/1937/319 1779/1940/320 1778/1939/319
f 1778/1939/319 1779/1940/320 1780/1941/321
f 1779/1942/320 1781/1943/322 1780/1944/321
f 1780/1944/321 1781/1943/322 1782/1945/323
f 1781/1943/322 1783/1946/324 1782/1945/323
f 1782/1945/323 1783/1946/324 1784/1947/324
f 1784/1947/324 1783/1946/324 1785/1948/325
f 1783/1946/324 1786/1949/326 1785/1948/325
f 1785/1948/325 1786/1949/326 1787/1950/327
f 1786/1949/326 1788/1951/328 1787/1950/327
f 1787/1950/327 1788/1951/328 1789/1952/329
f 1788/1951/328 1790/1953/29 1789/1952/329
f 1791/1954/330 1792/1955/331 1793/1956/332
f 1793/1956/332 1792/1955/331 1794/1957/333
f 1792/1955/331 1795/1958/334 1794/1957/333
f 1794/1957/333 1795/1958/334 1796/1959/335
f 1795/1958/334 1797/1960/336 1796/1959/335
f 1796/1959/335 1797/1960/336 1798/1961/337
f 1799/1962/338 1800/1963/339 1801/1964/340
f 1800/1963/339 1802/1965/341 1801/1964/340
f 1801/1964/340 1802/1965/341 1803/1966/341
f 1802/1965/341 1804/1967/341 1803/1966/341
f 1803/1966/341 1804/1967/341 1805/1968/341
f 1804/1967/341 1806/1969/341 1805/1968/341
f 1807/1970/342 1808/1971/343 1809/1972/344
f 1809/1972/344 1808/1971/343 1810/1973/345
f 1808/1971/343 1811/1974/346 1810/1973/345
f 1810/1973/345 1811/1974/346 1812/1975/347
f 1811/1974/346 1813/1976/348 1812/1975/347
f 1812/1975/347 1813/1976/348 1814/1977/349
f 1809/1978/344 1815/1979/350 1807/1980/342
f 1807/1980/342 1815/1979/350 1816/1981/351
f 1815/1982/350 1817/1983/352 1816/1984/351
f 1816/1985/351 1817/1986/352 1818/1987/353
f 1817/1988/352 1819/1989/354 1818/1990/353
f 1818/1991/353 1819/1992/354 1820/1993/355
f 1819/1992/354 1821/1994/356 1820/1993/355
f 1820/1993/355 1821/1994/356 1822/1995/357
f 1821/1994/356 1823/1996/358 1822/1995/357
f 1823/1996/358 1824/1997/359 1822/1995/357
f 1822/1995/357 1824/1997/359 1825/1998/360
f 1824/1997/359 1826/1999/361 1825/1998/360
f 1825/2000/360 1826/2001/361 1827/2002/362
f 1826/2001/361 1828/2003/363 1827/2002/362
f 1827/2002/362 1828/2003/363 1829/2004/364
f 1828/2003/363 1830/2005/365 1829/2004/364
f 1829/2004/364 1830/2005/365 1831/2006/366
f 1830/2005/365 1832/2007/367 1831/2006/366
f 1833/2008/368 1834/2009/369 1835/2010/370
f 1835/2010/370 1834/2009/369 1836/2011/371
f 1834/2009/369 1837/2012/372 1836/2011/371
f 1836/2011/371 1837/2012/372 1838/2013/373
f 1837/2012/372 1839/2014/374 1838/2013/373
f 1838/2013/373 1839/2014/374 1840/2015/375
f 1839/2016/374 1837/2017/372 1841/2018/376
f 1841/2018/376 1837/2017/372 1842/2019/377
f 1837/2017/372 1834/2020/369 1842/2019/377
f 1834/2020/369 1833/2021/368 1842/2019/377
f 1842/2019/377 1833/2021/368 1843/2022/378
f 1833/2021/368 1844/2023/379 1843/2022/378
f 1844/2023/379 1845/2024/380 1843/2022/378
f 1843/2022/378 1845/2024/380 1846/2025/381
f 1846/2025/381 1845/2024/380 1847/2026/382
f 1845/2024/380 1848/2027/383 1847/2026/382
f 1848/2027/383 1849/2028/384 1847/2026/382
f 1847/2026/382 1849/2028/384 1850/2029/385
f 1849/2028/384 1851/2030/386 1850/2029/385
f 1851/2030/386 1852/2031/387 1850/2029/385
f 1850/2029/385 1852/2031/387 1853/2032/388
f 1852/2031/387 1854/2033/389 1853/2032/388
f 1854/2033/389 1855/2034/390 1853/2032/388
f 1855/2034/390 1856/2035/391 1853/2032/388
f 1835/2036/370 1857/2037/392 1833/2038/368
f 1833/2038/368 1857/2037/392 1844/2039/379
f 1857/2040/392 1858/2041/393 1844/2042/379
f 1844/2023/379 1858/2043/393 1845/2024/380
f 1858/2044/393 1859/2045/394 1845/2046/380
f 1845/2024/380 1859/2047/394 1848/2027/383
f 1859/2047/394 1860/2048/395 1848/2027/383
f 1848/2027/383 1860/2048/395 1849/2028/384
f 1860/2048/395 1861/2049/396 1849/2028/384
f 1861/2049/396 1862/2050/397 1849/2028/384
f 1849/2028/384 1862/2050/397 1851/2030/386
f 1862/2050/397 1863/2051/398 1851/2030/386
f 1851/2052/386 1863/2053/398 1852/2054/387
f 1863/2053/398 1864/2055/399 1852/2054/387
f 1852/2054/387 1864/2055/399 1854/2056/389
f 1864/2055/399 1865/2057/400 1854/2056/389
f 1854/2056/389 1865/2057/400 1855/2058/390
f 1865/2057/400 1866/2059/401 1855/2058/390
f 1867/2060/402 1868/2061/403 1869/2062/402
f 1869/2062/402 1868/2061/403 1870/2063/403
f 1868/2061/403 1871/2064/404 1870/2063/403
f 1870/2063/403 1871/2064/404 1872/2065/404
f 1871/2064/404 1873/2066/405 1872/2065/404
f 1872/2065/404 1873/2066/405 1874/2067/406
f 1873/2068/405 1875/2069/407 1874/2070/406
f 1874/2070/406 1875/2069/407 1876/2071/337
f 1869/2062/402 1877/2072/408 1867/2060/402
f 1867/2060/402 1877/2072/408 1878/2073/408
f 1878/2073/408 1877/2072/408 1879/2074/409
f 1877/2072/408 1880/2075/409 1879/2074/409
f 1879/2074/409 1880/2075/409 1881/2076/410
f 1880/2075/409 1882/2077/410 1881/2076/410
f 1881/2078/410 1882/2079/410 1883/2080/411
f 1882/2079/410 1884/2081/412 1883/2080/411
f 1883/2080/411 1884/2081/412 1885/2082/412
f 1884/2083/412 1886/2084/413 1885/2085/412
f 1885/2085/412 1886/2084/413 1887/2086/413
f 1886/2087/413 1888/2088/414 1887/2089/413
f 1887/2089/413 1888/2088/414 1889/2090/414
f 1889/2090/414 1888/2088/414 1890/2091/415
f 1888/2088/414 1891/2092/416 1890/2091/415
f 1890/2091/415 1891/2092/416 1892/2093/416
f 1892/2094/416 1891/2095/416 1893/2096/417
f 1891/2095/416 1894/2097/417 1893/2096/417
f 1895/2098/418 1896/2099/419 1897/2100/420
f 1896/2099/419 1898/2101/421 1897/2100/420
f 1897/2100/420 1898/2101/421 1899/2102/422
f 1899/2103/422 1898/2104/421 1900/2105/423
f 1898/2104/421 1901/2106/424 1900/2105/423
f 1900/2105/423 1901/2106/424 1902/2107/96
f 1901/2106/424 1903/2108/96 1902/2107/96
f 1902/2107/96 1903/2108/96 1904/2109/96
f 1903/2108/96 1905/2110/96 1904/2109/96
f 1904/2109/96 1905/2110/96 1906/2111/96
f 1896/2112/419 1895/2113/418 1907/2114/425
f 1895/2113/418 1908/2115/426 1907/2114/425
f 1907/2114/425 1908/2115/426 1909/2116/427
f 1909/2117/427 1908/2118/426 1910/2119/428
f 1908/2118/426 1911/2120/429 1910/2119/428
f 1911/2121/429 1912/2122/430 1910/2123/428
f 1910/2123/428 1912/2122/430 1913/2124/431
f 1913/2124/431 1912/2122/430 1914/2125/432
f 1912/2122/430 1915/2126/433 1914/2125/432
f 1914/2125/432 1915/2126/433 1916/2127/434
f 1915/2126/433 1917/2128/435 1916/2127/434
f 1916/2127/434 1917/2128/435 1918/2129/436
f 1917/2128/435 1919/2130/437 1918/2129/436
f 1918/2131/436 1919/2132/437 1920/2133/438
f 1919/2132/437 1921/2134/439 1920/2133/438
f 1921/2134/439 1922/2135/440 1920/2133/438
f 1920/2133/438 1922/2135/440 1923/2136/341
f 1922/2135/440 1924/2137/341 1923/2136/341
f 1925/2138/10 1926/2139/10 1927/2140/10
f 1928/2141/10 1929/2142/10 1930/2143/10
f 1931/2144/1 1932/2145/1 1933/2146/1
f 1934/2147/1 1935/2148/1 1936/2149/1
f 1937/2150/2 1938/2151/2 1939/2152/2
f 1940/2153/2 1941/2154/2 1942/2155/2
f 1943/2156/7 1944/2157/7 1945/2158/7
f 1946/2159/7 1947/2160/7 1948/2161/7
f 1949/2162/441 1950/2163/441 1951/2164/441
f 1952/2165/441 1953/2166/441 1954/2167/441
f 1955/2168/442 1956/2169/442 1957/2170/442
f 1958/2171/442 1959/2172/442 1960/2173/442
f 1961/2174/6 1962/2175/6 1963/2176/6
f 1964/2177/6 1965/2178/6 1966/2179/6
f 1967/2180/443 1968/2181/443 1969/2182/443
f 1970/2183/443 1971/2184/443 1972/2185/443
f 1973/2186/5 1974/2187/5 1975/2188/5
f 1976/2189/5 1977/2190/5 1978/2191/5
f 1979/2192/444 1980/2193/444 1981/2194/444
f 1982/2195/444 1983/2196/444 1984/2197/444
f 1985/2198/445 1986/2199/445 1987/2200/445
f 1988/2201/445 1989/2202/445 1990/2203/445
f 1991/2204/446 1992/2205/446 1993/2206/446
f 1994/2207/446 1995/2208/446 1996/2209/446
f 1997/2210/447 1998/2211/447 1999/2212/447
f 2000/2213/447 2001/2214/447 2002/2215/447
f 2003/2216/448 2004/2217/448 2005/2218/448
f 2006/2219/448 2007/2220/448 2008/2221/448
f 2009/2222/449 2010/2223/449 2011/2224/449
f 2012/2225/449 2013/2226/449 2014/2227/449
f 2015/2228/450 2016/2229/450 2017/2230/450
f 2018/2231/450 2019/2232/450 2020/2233/450
f 2021/2234/451 2022/2235/451 2023/2236/451
f 2024/2237/451 2025/2238/451 2026/2239/451
f 2027/2240/452 2028/2241/452 2029/2242/452
f 2030/2243/452 2031/2244/452 2032/2245/452
f 2033/2246/453 2034/2247/453 2035/2248/453
f 2036/2249/453 2037/2250/453 2038/2251/453
f 2039/2252/454 2040/2253/454 2041/2254/454
f 2042/2255/454 2043/2256/454 2044/2257/454
f 2045/2258/455 2046/2259/455 2047/2260/455
f 2048/2261/455 2049/2262/455 2050/2263/455
f 2051/2264/2 2052/2265/2 2053/2266/2
f 2054/2267/2 2055/2268/2 2056/2269/2
f 2057/2270/2 2058/2271/2 2059/2272/2
f 2060/2273/2 2061/2274/2 2062/2275/2
f 2063/2276/456 2064/2277/456 2065/2278/456
f 2066/2279/456 2067/2280/456 2068/2281/456
f 2069/2282/457 2070/2283/457 2071/2284/457
f 2072/2285/457 2073/2286/457 2074/2287/457
f 2075/2288/458 2076/2289/458 2077/2290/458
f 2078/2291/458 2079/2292/458 2080/2293/458
f 2081/2294/459 2082/2295/459 2083/2296/459
f 2084/2297/459 2085/2298/459 2086/2299/459
f 2087/2300/12 2088/2301/12 2089/2302/12
f 2090/2303/12 2091/2304/12 2092/2305/12
f 2093/2306/14 2094/2307/14 2095/2308/14
f 2096/2309/14 2097/2310/14 2098/2311/14
f 2099/2312/15 2100/2313/15 2101/2314/15
f 2102/2315/15 2103/2316/15 2104/2317/15
f 2105/2318/11 2106/2319/11 2107/2320/11
f 2108/2321/11 2109/2322/11 2110/2323/11
f 2111/2324/16 2112/2325/16 2113/2326/16
f 2114/2327/16 2115/2328/16 2116/2329/16
f 2117/2330/13 2118/2331/13 2119/2332/13
f 2120/2333/13 2121/2334/13 2122/2335/13
f 2123/2336/15 2124/2337/15 2125/2338/15
f 2126/2339/15 2127/2340/15 2128/2341/15
f 2129/2342/11 2130/2343/11 2131/2344/11
f 2132/2345/11 2133/2346/11 2134/2347/11
f 2135/2348/16 2136/2349/16 2137/2350/16
f 2138/2351/16 2139/2352/16 2140/2353/16
f 2141/2354/13 2142/2355/13 2143/2356/13
f 2144/2357/13 2145/2358/13 2146/2359/13
f 2147/2360/12 2148/2361/12 2149/2362/12
f 2150/2363/12 2151/2364/12 2152/2365/12
f 2153/2366/11 2154/2367/11 2155/2368/11
f 2156/2369/11 2157/2370/11 2158/2371/11
f 2159/2372/14 2160/2373/14 2161/2374/14
f 2162/2375/14 2163/2376/14 2164/2377/14
f 2165/2378/460 2166/2379/460 2167/2380/460
f 2168/2381/460 2169/2382/460 2170/2383/460
f 2171/2384/461 2172/2385/461 2173/2386/461
f 2174/2387/461 2175/2388/461 2176/2389/461
f 2177/2390/462 2178/2391/462 2179/2392/462
f 2180/2393/462 2181/2394/462 2182/2395/462
f 2183/2396/463 2184/2397/463 2185/2398/463
f 2186/2399/463 2187/2400/463 2188/2401/463
f 2189/2402/464 2190/2403/464 2191/2404/464
f 2192/2405/464 2193/2406/464 2194/2407/464
f 2195/2408/465 2196/2409/465 2197/2410/465
f 2198/2411/465 2199/2412/465 2200/2413/465
f 2201/2414/466 2202/2415/466 2203/2416/466
f 2204/2417/466 2205/2418/466 2206/2419/466
f 2207/2420/467 2208/2421/467 2209/2422/467
f 2210/2423/467 2211/2424/467 2212/2425/467
f 2213/2426/7 2214/2427/7 2215/2428/7
f 2214/2427/7 2216/2429/7 2215/2428/7
f 2217/2430/468 2218/2431/468 2219/2432/468
f 2218/2431/468 2220/2433/468 2219/2432/468
f 2221/2434/26 2222/2435/26 2223/2436/26
f 2222/2435/26 2224/2437/26 2223/2436/26
f 2225/2438/21 2226/2439/21 2227/2440/21
f 2226/2439/21 2228/2441/21 2227/2440/21
f 2229/2442/7 2230/2443/7 2231/2444/7
f 2230/2443/7 2232/2445/7 2231/2444/7
f 2233/2446/469 2234/2447/469 2235/2448/469
f 2234/2447/469 2236/2449/469 2235/2448/469
f 2237/2450/469 2238/2451/469 2239/2452/469
f 2238/2451/469 2240/2453/469 2239/2452/469
f 2241/2454/21 2242/2455/21 2243/2456/21
f 2242/2455/21 2244/2457/21 2243/2456/21
f 2245/2458/468 2246/2459/468 2247/2460/468
f 2246/2459/468 2248/2461/468 2247/2460/468
f 2249/2462/7 2250/2463/7 2251/2464/7
f 2250/2463/7 2252/2465/7 2251/2464/7
f 2253/2466/26 2254/2467/26 2255/2468/26
f 2254/2467/26 2256/2469/26 2255/2468/26
f 2257/2470/1 2258/2471/1 2259/2472/1
f 2258/2471/1 2260/2473/1 2259/2472/1
f 2261/2474/10 2262/2475/10 2263/2476/10
f 2262/2475/10 2264/2477/10 2263/2476/10
f 2265/2478/6 2266/2479/6 2267/2480/6
f 2266/2479/6 2268/2481/6 2267/2480/6
f 2269/2482/2 2270/2483/2 2271/2484/2
f 2270/2483/2 2272/2485/2 2271/2484/2
f 2273/2486/5 2274/2487/5 2275/2488/5
f 2274/2487/5 2276/2489/5 2275/2488/5
f 2277/2490/7 2278/2491/7 2279/2492/7
f 2278/2491/7 2280/2493/7 2279/2492/7
f 2281/2494/470 2282/2495/470 2283/2496/470
f 2282/2495/470 2284/2497/470 2283/2496/470
f 2285/2498/471 2286/2499/471 2287/2500/471
f 2286/2499/471 2288/2501/471 2287/2500/471
f 2289/2502/472 2290/2503/472 2291/2504/472
f 2290/2503/472 2292/2505/472 2291/2504/472
f 2293/2506/2 2294/2507/2 2295/2508/2
f 2294/2507/2 2296/2509/2 2295/2508/2
f 2297/2510/473 2298/2511/473 2299/2512/473
f 2298/2511/473 2300/2513/473 2299/2512/473
f 2301/2514/7 2302/2515/7 2303/2516/7
f 2302/2515/7 2304/2517/7 2303/2516/7
f 2305/2518/474 2306/2519/474 2307/2520/474
f 2306/2519/474 2308/2521/474 2307/2520/474
f 2309/2522/475 2310/2523/475 2311/2524/475
f 2310/2523/475 2312/2525/475 2311/2524/475
f 2313/2526/13 2314/2527/13 2315/2528/13
f 2314/2527/13 2316/2529/13 2315/2528/13
f 2317/2530/11 2318/2531/11 2319/2532/11
f 2318/2531/11 2320/2533/11 2319/2532/11
f 2321/2534/13 2322/2535/13 2323/2536/13
f 2322/2535/13 2324/2537/13 2323/2536/13
f 2325/2538/1 2326/2539/1 2327/2540/1
f 2326/2539/1 2328/2541/1 2327/2540/1
f 2329/2542/7 2330/2543/7 2331/2544/7
f 2330/2543/7 2332/2545/7 2331/2544/7
f 2333/2546/2 2334/2547/2 2335/2548/476
f 2334/2547/2 2336/2549/476 2335/2548/476
f 2337/2550/1 2338/2551/1 2339/2552/1
f 2338/2551/1 2340/2553/1 2339/2552/1
f 2341/2554/6 2342/2555/6 2343/2556/6
f 2342/2555/6 2344/2557/6 2343/2556/6
f 2345/2558/5 2346/2559/5 2347/2560/5
f 2346/2559/5 2348/2561/5 2347/2560/5
f 2349/2562/5 2350/2563/5 2351/2564/5
f 2350/2563/5 2352/2565/5 2351/2564/5
f 2353/2566/7 2354/2567/7 2355/2568/7
f 2354/2567/7 2356/2569/7 2355/2568/7
f 2357/2570/2 2358/2571/2 2359/2572/2
f 2358/2571/2 2360/2573/2 2359/2572/2
f 2361/2574/6 2362/2575/6 2363/2576/6
f 2362/2575/6 2364/2577/6 2363/2576/6
f 2365/2578/2 2366/2579/2 2367/2580/2
f 2366/2579/2 2368/2581/2 2367/2580/2
f 2369/2582/477 2370/2583/477 2371/2584/7
f 2370/2583/477 2372/2585/7 2371/2584/7
f 2373/2586/5 2374/2587/5 2375/2588/5
f 2374/2587/5 2376/2589/5 2375/2588/5
f 2377/2590/478 2378/2591/479 2379/2592/480
f 2378/2591/479 2380/2593/479 2379/2592/480
f 2381/2594/6 2382/2595/6 2383/2596/6
f 2382/2595/6 2384/2597/6 2383/2596/6
f 2385/2598/5 2386/2599/5 2387/2600/5
f 2386/2599/5 2388/2601/5 2387/2600/5
f 2389/2602/2 2390/2603/2 2391/2604/2
f 2390/2603/2 2392/2605/2 2391/2604/2
f 2393/2606/7 2394/2607/7 2395/2608/7
f 2394/2607/7 2396/2609/7 2395/2608/7
f 2397/2610/481 2398/2611/481 2399/2612/481
f 2398/2611/481 2400/2613/481 2399/2612/481
f 2401/2614/482 2402/2615/482 2403/2616/482
f 2402/2615/482 2404/2617/482 2403/2616/482
f 2405/2618/2 2406/2619/2 2407/2620/2
f 2406/2619/2 2408/2621/2 2407/2620/2
f 2409/2622/483 2410/2623/483 2411/2624/483
f 2410/2623/483 2412/2625/483 2411/2624/483
f 2413/2626/7 2414/2627/7 2415/2628/7
f 2414/2627/7 2416/2629/7 2415/2628/7
f 2417/2630/484 2418/2631/484 2419/2632/484
f 2418/2631/484 2420/2633/484 2419/2632/484
f 2421/2634/485 2422/2635/485 2423/2636/485
f 2422/2635/485 2424/2637/485 2423/2636/485
f 2425/2638/486 2426/2639/486 2427/2640/486
f 2426/2639/486 2428/2641/486 2427/2640/486
f 2429/2642/487 2430/2643/487 2431/2644/487
f 2430/2643/487 2432/2645/487 2431/2644/487
f 2433/2646/488 2434/2647/488 2435/2648/488
f 2434/2647/488 2436/2649/488 2435/2648/488
f 2437/2650/489 2438/2651/489 2439/2652/489
f 2438/2651/489 2440/2653/489 2439/2652/489
f 2441/2654/6 2442/2655/6 2443/2656/6
f 2442/2655/6 2444/2657/6 2443/2656/6
f 2445/2658/5 2446/2659/5 2447/2660/5
f 2446/2659/5 2448/2661/5 2447/2660/5
f 2449/2662/10 2450/2663/10 2451/2664/10
f 2450/2663/10 2452/2665/10 2451/2664/10
f 2453/2666/2 2454/2667/2 2455/2668/2
f 2454/2667/2 2456/2669/2 2455/2668/2
f 2457/2670/1 2458/2671/1 2459/2672/1
f 2458/2671/1 2460/2673/1 2459/2672/1
f 2461/2674/7 2462/2675/7 2463/2676/7
f 2464/2677/7 2465/2678/7 2466/2679/7
f 2467/2680/2 2468/2681/2 2469/2682/2
f 2470/2683/2 2471/2684/2 2472/2685/2
f 2473/2686/490 2474/2687/490 2475/2688/490
f 2476/2689/491 2477/2690/491 2478/2691/491
f 2479/2692/7 2480/2693/7 2481/2694/7
f 2482/2695/492 2483/2696/492 2484/2697/492
f 2485/2698/493 2486/2699/493 2487/2700/493
f 2488/2701/2 2489/2702/2 2490/2703/2
f 2491/2704/7 2492/2705/7 2493/2706/7
f 2494/2707/7 2495/2708/7 2496/2709/7
f 2497/2710/2 2498/2711/2 2499/2712/2
f 2500/2713/2 2501/2714/2 2502/2715/2
f 2503/2716/1 2504/2717/1 2505/2718/1
f 2506/2719/1 2507/2720/1 2508/2721/1
f 2509/2722/7 2510/2723/7 2511/2724/7
f 2512/2725/7 2513/2726/7 2514/2727/7
f 2515/2728/2 2516/2729/2 2517/2730/2
f 2518/2731/2 2519/2732/2 2520/2733/2
f 2521/2734/494 2522/2735/494 2523/2736/494
f 2524/2737/495 2525/2738/495 2526/2739/495
f 2527/2740/7 2528/2741/7 2529/2742/7
f 2530/2743/492 2531/2744/492 2532/2745/492
f 2533/2746/496 2534/2747/496 2535/2748/496
f 2536/2749/2 2537/2750/2 2538/2751/2
f 2539/2752/7 2540/2753/7 2541/2754/7
f 2542/2755/7 2543/2756/7 2544/2757/7
f 2545/2758/10 2546/2759/10 2547/2760/10
f 2548/2761/10 2549/2762/10 2550/2763/10
f 2551/2764/5 2552/2765/5 2553/2766/5
f 2554/2767/5 2555/2768/5 2556/2769/5
f 2557/2770/6 2558/2771/6 2559/2772/6
f 2560/2773/6 2561/2774/6 2562/2775/6
f 2563/2776/5 2564/2777/5 2565/2778/5
f 2566/2779/5 2567/2780/5 2568/2781/5
f 2569/2782/497 2570/2783/497 2571/2784/497
f 2572/2785/498 2573/2786/498 2574/2787/498
f 2575/2788/6 2576/2789/6 2577/2790/6
f 2578/2791/499 2579/2792/499 2580/2793/499
f 2581/2794/500 2582/2795/500 2583/2796/500
f 2584/2797/5 2585/2798/5 2586/2799/5
f 2587/2800/6 2588/2801/6 2589/2802/6
f 2590/2803/6 2591/2804/6 2592/2805/6
f 2593/2806/5 2594/2807/5 2595/2808/5
f 2596/2809/5 2597/2810/5 2598/2811/5
f 2599/2812/6 2600/2813/6 2601/2814/6
f 2602/2815/6 2603/2816/6 2604/2817/6
f 2605/2818/5 2606/2819/5 2607/2820/5
f 2608/2821/5 2609/2822/5 2610/2823/5
f 2611/2824/497 2612/2825/497 2613/2826/497
f 2614/2827/498 2615/2828/498 2616/2829/498
f 2617/2830/6 2618/2831/6 2619/2832/6
f 2620/2833/499 2621/2834/499 2622/2835/499
f 2623/2836/500 2624/2837/500 2625/2838/500
f 2626/2839/5 2627/2840/5 2628/2841/5
f 2629/2842/6 2630/2843/6 2631/2844/6
f 2632/2845/6 2633/2846/6 2634/2847/6
f 2635/2848/10 2636/2849/10 2637/2850/10
f 2638/2851/10 2639/2852/10 2640/2853/10
f 2641/2854/5 2642/2855/5 2643/2856/5
f 2644/2857/5 2645/2858/5 2646/2859/5
f 2647/2860/6 2648/2861/6 2649/2862/6
f 2650/2863/6 2651/2864/6 2652/2865/6
f 2653/2866/5 2654/2867/5 2655/2868/5
f 2656/2869/5 2657/2870/5 2658/2871/5
f 2659/2872/497 2660/2873/497 2661/2874/497
f 2662/2875/498 2663/2876/498 2664/2877/498
f 2665/2878/6 2666/2879/6 2667/2880/6
f 2668/2881/499 2669/2882/499 2670/2883/499
f 2671/2884/500 2672/2885/500 2673/2886/500
f 2674/2887/5 2675/2888/5 2676/2889/5
f 2677/2890/6 2678/2891/6 2679/2892/6
f 2680/2893/6 2681/2894/6 2682/2895/6
f 2683/2896/6 2684/2897/6 2685/2898/6
f 2686/2899/6 2687/2900/6 2688/2901/6
f 2689/2902/5 2690/2903/5 2691/2904/5
f 2692/2905/5 2693/2906/5 2694/2907/5
f 2695/2908/497 2696/2909/497 2697/2910/497
f 2698/2911/498 2699/2912/498 2700/2913/498
f 2701/2914/6 2702/2915/6 2703/2916/6
f 2704/2917/499 2705/2918/499 2706/2919/499
f 2707/2920/500 2708/2921/500 2709/2922/500
f 2710/2923/5 2711/2924/5 2712/2925/5
f 2713/2926/6 2714/2927/6 2715/2928/6
f 2716/2929/6 2717/2930/6 2718/2931/6
f 2719/2932/7 2720/2933/7 2721/2934/7
f 2722/2935/7 2723/2936/7 2724/2937/7
f 2725/2938/2 2726/2939/2 2727/2940/2
f 2728/2941/2 2729/2942/2 2730/2943/2
f 2731/2944/501 2732/2945/501 2733/2946/501
f 2734/2947/502 2735/2948/502 2736/2949/502
f 2737/2950/7 2738/2951/7 2739/2952/7
f 2740/2953/7 2741/2954/7 2742/2955/7
f 2743/2956/496 2744/2957/496 2745/2958/496
f 2746/2959/2 2747/2960/2 2748/2961/2
f 2749/2962/7 2750/2963/7 2751/2964/7
f 2752/2965/7 2753/2966/7 2754/2967/7
f 2755/2968/7 2756/2969/7 2757/2970/7
f 2758/2971/7 2759/2972/7 2760/2973/7
f 2761/2974/2 2762/2975/2 2763/2976/2
f 2764/2977/2 2765/2978/2 2766/2979/2
f 2767/2980/501 2768/2981/501 2769/2982/501
f 2770/2983/502 2771/2984/502 2772/2985/502
f 2773/2986/7 2774/2987/7 2775/2988/7
f 2776/2989/7 2777/2990/7 2778/2991/7
f 2779/2992/496 2780/2993/496 2781/2994/496
f 2782/2995/2 2783/2996/2 2784/2997/2
f 2785/2998/7 2786/2999/7 2787/3000/7
f 2788/3001/7 2789/3002/7 2790/3003/7
f 2791/3004/7 2792/3005/7 2793/3006/7
f 2794/3007/7 2795/3008/7 2796/3009/7
f 2797/3010/501 2798/3011/501 2799/3012/501
f 2800/3013/502 2801/3014/502 2802/3015/502
f 2803/3016/7 2804/3017/7 2805/3018/7
f 2806/3019/7 2807/3020/7 2808/3021/7
f 2809/3022/1 2810/3023/1 2811/3024/1
f 2812/3025/1 2813/3026/1 2814/3027/1
f 2815/3028/2 2816/3029/2 2817/3030/2
f 2818/3031/2 2819/3032/2 2820/3033/2
f 2821/3034/7 2822/3035/7 2823/3036/7
f 2824/3037/7 2825/3038/7 2826/3039/7
f 2827/3040/7 2828/3041/7 2829/3042/7
f 2830/3043/7 2831/3044/7 2832/3045/7
f 2833/3046/501 2834/3047/501 2835/3048/501
f 2836/3049/502 2837/3050/502 2838/3051/502
f 2839/3052/7 2840/3053/7 2841/3054/7
f 2842/3055/7 2843/3056/7 2844/3057/7
f 2845/3058/496 2846/3059/496 2847/3060/496
f 2848/3061/2 2849/3062/2 2850/3063/2
f 2851/3064/7 2852/3065/7 2853/3066/7
f 2854/3067/7 2855/3068/7 2856/3069/7
f 2857/3070/15 2858/3071/15 2859/3072/15
f 2860/3073/15 2861/3074/15 2862/3075/15
f 2863/3076/15 2864/3077/15 2865/3078/15
f 2866/3079/15 2867/3080/15 2868/3081/15
f 2869/3082/15 2870/3083/15 2871/3084/15
f 2872/3085/15 2873/3086/15 2874/3087/15
f 2875/3088/15 2876/3089/15 2877/3090/15
f 2878/3091/15 2879/3092/15 2880/3093/15
f 2881/3094/13 2882/3095/13 2883/3096/13
f 2884/3097/13 2885/3098/13 2886/3099/13
f 2887/3100/14 2888/3101/14 2889/3102/14
f 2890/3103/14 2891/3104/14 2892/3105/14
f 2893/3106/14 2894/3107/14 2895/3108/14
f 2896/3109/11 2897/3110/11 2898/3111/11
f 2899/3112/11 2900/3113/11 2901/3114/11
f 2902/3115/12 2903/3116/12 2904/3117/12
f 2905/3118/12 2906/3119/12 2907/3120/12
f 2908/3121/12 2909/3122/12 2910/3123/12
f 2911/3124/11 2912/3125/11 2913/3126/11
f 2914/3127/11 2915/3128/11 2916/3129/11
f 2917/3130/14 2918/3131/14 2919/3132/14
f 2920/3133/14 2921/3134/14 2922/3135/14
f 2923/3136/13 2924/3137/13 2925/3138/13
f 2926/3139/13 2927/3140/13 2928/3141/13
f 2929/3142/12 2930/3143/12 2931/3144/12
f 2932/3145/12 2933/3146/12 2934/3147/12
f 2935/3148/16 2936/3149/16 2937/3150/16
f 2938/3151/16 2939/3152/16 2940/3153/16
f 2941/3154/16 2942/3155/16 2943/3156/16
f 2944/3157/16 2945/3158/16 2946/3159/16
f 2947/3160/16 2948/3161/16 2949/3162/16
f 2950/3163/16 2951/3164/16 2952/3165/16
f 2953/3166/16 2954/3167/16 2955/3168/16
f 2956/3169/16 2957/3170/16 2958/3171/16
f 2959/3172/503 2960/3173/503 2961/3174/503
f 2962/3175/504 2963/3176/504 2964/3177/504
f 2965/3178/12 2966/3179/12 2967/3180/12
f 2968/3181/505 2969/3182/505 2970/3183/505
f 2971/3184/12 2972/3185/12 2973/3186/12
f 2974/3187/11 2975/3188/11 2976/3189/11
f 2977/3190/11 2978/3191/11 2979/3192/11
f 2980/3193/506 2981/3194/506 2982/3195/506
f 2983/3196/506 2984/3197/506 2985/3198/506
f 2986/3199/14 2987/3200/14 2988/3201/14
f 2989/3202/507 2990/3203/507 2991/3204/507
f 2992/3205/11 2993/3206/11 2994/3207/11
f 2995/3208/12 2996/3209/12 2997/3210/12
f 2998/3211/505 2999/3212/505 3000/3213/505
f 3001/3214/13 3002/3215/13 3003/3216/13
f 3004/3217/13 3005/3218/13 3006/3219/13
f 3007/3220/14 3008/3221/14 3009/3222/14
f 3010/3223/14 3011/3224/14 3012/3225/14
f 3013/3226/14 3014/3227/14 3015/3228/14
f 3016/3229/14 3017/3230/14 3018/3231/14
f 3019/3232/14 3020/3233/14 3021/3234/14
f 3022/3235/14 3023/3236/14 3024/3237/14
f 3025/3238/14 3026/3239/14 3027/3240/14
f 3028/3241/14 3029/3242/14 3030/3243/14
f 3031/3244/14 3032/3245/14 3033/3246/14
f 3034/3247/14 3035/3248/14 3036/3249/14
f 3037/3250/13 3038/3251/13 3039/3252/13
f 3040/3253/13 3041/3254/13 3042/3255/13
f 3043/3256/16 3044/3257/16 3045/3258/16
f 3046/3259/16 3047/3260/16 3048/3261/16
f 3049/3262/16 3050/3263/16 3051/3264/16
f 3052/3265/11 3053/3266/11 3054/3267/11
f 3055/3268/11 3056/3269/11 3057/3270/11
f 3058/3271/15 3059/3272/15 3060/3273/15
f 3061/3274/15 3062/3275/15 3063/3276/15
f 3064/3277/15 3065/3278/15 3066/3279/15
f 3067/3280/11 3068/3281/11 3069/3282/11
f 3070/3283/11 3071/3284/11 3072/3285/11
f 3073/3286/16 3074/3287/16 3075/3288/16
f 3076/3289/16 3077/3290/16 3078/3291/16
f 3079/3292/13 3080/3293/13 3081/3294/13
f 3082/3295/13 3083/3296/13 3084/3297/13
f 3085/3298/15 3086/3299/15 3087/3300/15
f 3088/3301/15 3089/3302/15 3090/3303/15
f 3091/3304/12 3092/3305/12 3093/3306/12
f 3094/3307/12 3095/3308/12 3096/3309/12
f 3097/3310/12 3098/3311/12 3099/3312/12
f 3100/3313/12 3101/3314/12 3102/3315/12
f 3103/3316/12 3104/3317/12 3105/3318/12
f 3106/3319/12 3107/3320/12 3108/3321/12
f 3109/3322/12 3110/3323/12 3111/3324/12
f 3112/3325/12 3113/3326/12 3114/3327/12
f 3115/3328/508 3116/3329/508 3117/3330/508
f 3118/3331/509 3119/3332/509 3120/3333/509
f 3121/3334/15 3122/3335/15 3123/3336/15
f 3124/3337/15 3125/3338/15 3126/3339/15
f 3127/3340/15 3128/3341/15 3129/3342/15
f 3130/3343/11 3131/3344/11 3132/3345/11
f 3133/3346/510 3134/3347/510 3135/3348/510
f 3136/3349/16 3137/3350/16 3138/3351/16
f 3139/3352/16 3140/3353/16 3141/3354/16
f 3142/3355/16 3143/3356/16 3144/3357/16
f 3145/3358/11 3146/3359/11 3147/3360/11
f 3148/3361/11 3149/3362/11 3150/3363/11
f 3151/3364/15 3152/3365/15 3153/3366/15
f 3154/3367/15 3155/3368/15 3156/3369/15
f 3157/3370/13 3158/3371/13 3159/3372/13
f 3160/3373/13 3161/3374/13 3162/3375/13
f 3163/3376/16 3164/3377/16 3165/3378/16
f 3166/3379/16 3167/3380/16 3168/3381/16
f 3169/3382/16 3170/3383/16 3171/3384/16
f 3172/3385/16 3173/3386/16 3174/3387/16
f 3175/3388/16 3176/3389/16 3177/3390/16
f 3178/3391/16 3179/3392/16 3180/3393/16
f 3181/3394/16 3182/3395/16 3183/3396/16
f 3184/3397/16 3185/3398/16 3186/3399/16
f 3187/3400/16 3188/3401/16 3189/3402/16
f 3190/3403/16 3191/3404/16 3192/3405/16
f 3193/3406/13 3194/3407/13 3195/3408/13
f 3196/3409/13 3197/3410/13 3198/3411/13
f 3199/3412/12 3200/3413/12 3201/3414/12
f 3202/3415/12 3203/3416/12 3204/3417/12
f 3205/3418/12 3206/3419/12 3207/3420/12
f 3208/3421/507 3209/3422/507 3210/3423/507
f 3211/3424/507 3212/3425/507 3213/3426/507
f 3214/3427/14 3215/3428/14 3216/3429/14
f 3217/3430/14 3218/3431/14 3219/3432/14
f 3220/3433/14 3221/3434/14 3222/3435/14
f 3223/3436/11 3224/3437/11 3225/3438/11
f 3226/3439/11 3227/3440/11 3228/3441/11
f 3229/3442/12 3230/3443/12 3231/3444/12
f 3232/3445/12 3233/3446/12 3234/3447/12
f 3235/3448/13 3236/3449/13 3237/3450/13
f 3238/3451/13 3239/3452/13 3240/3453/13
f 3241/3454/14 3242/3455/14 3243/3456/14
f 3244/3457/14 3245/3458/14 3246/3459/14
f 3247/3460/15 3248/3461/15 3249/3462/15
f 3250/3463/15 3251/3464/15 3252/3465/15
f 3253/3466/15 3254/3467/15 3255/3468/15
f 3256/3469/15 3257/3470/15 3258/3471/15
f 3259/3472/15 3260/3473/15 3261/3474/15
f 3262/3475/15 3263/3476/15 3264/3477/15
f 3265/3478/15 3266/3479/15 3267/3480/15
f 3268/3481/15 3269/3482/15 3270/3483/15
f 3271/3484/511 3272/3485/511 3273/3486/511
f 3274/3487/512 3275/3488/512 3276/3489/512
f 3277/3490/506 3278/3491/506 3279/3492/506
f 3280/3493/506 3281/3494/506 3282/3495/506
f 3283/3496/14 3284/3497/14 3285/3498/14
f 3286/3499/11 3287/3500/11 3288/3501/11
f 3289/3502/11 3290/3503/11 3291/3504/11
f 3292/3505/505 3293/3506/505 3294/3507/505
f 3295/3508/12 3296/3509/12 3297/3510/12
f 3298/3511/12 3299/3512/12 3300/3513/12
f 3301/3514/11 3302/3515/11 3303/3516/11
f 3304/3517/11 3305/3518/11 3306/3519/11
f 3307/3520/14 3308/3521/14 3309/3522/14
f 3310/3523/14 3311/3524/14 3312/3525/14
f 3313/3526/13 3314/3527/13 3315/3528/13
f 3316/3529/13 3317/3530/13 3318/3531/13
f 3319/3532/12 3320/3533/12 3321/3534/12
f 3322/3535/12 3323/3536/12 3324/3537/12
f 3325/3538/12 3326/3539/12 3327/3540/12
f 3328/3541/12 3329/3542/12 3330/3543/12
f 3331/3544/12 3332/3545/12 3333/3546/12
f 3334/3547/12 3335/3548/12 3336/3549/12
f 3337/3550/12 3338/3551/12 3339/3552/12
f 3340/3553/12 3341/3554/12 3342/3555/12
f 3343/3556/12 3344/3557/12 3345/3558/12
f 3346/3559/12 3347/3560/12 3348/3561/12
f 3349/3562/13 3350/3563/13 3351/3564/13
f 3352/3565/13 3353/3566/13 3354/3567/13
f 3355/3568/15 3356/3569/15 3357/3570/15
f 3358/3571/15 3359/3572/15 3360/3573/15
f 3361/3574/15 3362/3575/15 3363/3576/15
f 3364/3577/510 3365/3578/510 3366/3579/510
f 3367/3580/11 3368/3581/11 3369/3582/11
f 3370/3583/16 3371/3584/16 3372/3585/16
f 3373/3586/16 3374/3587/16 3375/3588/16
f 3376/3589/16 3377/3590/16 3378/3591/16
f 3379/3592/11 3380/3593/11 3381/3594/11
f 3382/3595/510 3383/3596/510 3384/3597/510
f 3385/3598/15 3386/3599/15 3387/3600/15
f 3388/3601/15 3389/3602/15 3390/3603/15
f 3391/3604/13 3392/3605/13 3393/3606/13
f 3394/3607/513 3395/3608/513 3396/3609/513
f 3397/3610/16 3398/3611/16 3399/3612/16
f 3400/3613/16 3401/3614/16 3402/3615/16
f 3403/3616/14 3404/3617/14 3405/3618/14
f 3406/3619/14 3407/3620/14 3408/3621/14
f 3409/3622/14 3410/3623/14 3411/3624/14
f 3412/3625/14 3413/3626/14 3414/3627/14
f 3415/3628/14 3416/3629/14 3417/3630/14
f 3418/3631/14 3419/3632/14 3420/3633/14
f 3421/3634/14 3422/3635/14 3423/3636/14
f 3424/3637/14 3425/3638/14 3426/3639/14
f 3427/3640/514 3428/3641/514 3429/3642/514
f 3430/3643/515 3431/3644/515 3432/3645/515
f 3433/3646/16 3434/3647/16 3435/3648/16
f 3436/3649/16 3437/3650/16 3438/3651/16
f 3439/3652/16 3440/3653/16 3441/3654/16
f 3442/3655/11 3443/3656/11 3444/3657/11
f 3445/3658/11 3446/3659/11 3447/3660/11
f 3448/3661/15 3449/3662/15 3450/3663/15
f 3451/3664/15 3452/3665/15 3453/3666/15
f 3454/3667/15 3455/3668/15 3456/3669/15
f 3457/3670/510 3458/3671/510 3459/3672/510
f 3460/3673/11 3461/3674/11 3462/3675/11
f 3463/3676/16 3464/3677/16 3465/3678/16
f 3466/3679/16 3467/3680/16 3468/3681/16
f 3469/3682/513 3470/3683/513 3471/3684/513
f 3472/3685/13 3473/3686/13 3474/3687/13
f 3475/3688/15 3476/3689/15 3477/3690/15
f 3478/3691/15 3479/3692/15 3480/3693/15
f 3481/3694/7 3482/3695/7 3483/3696/7
f 3484/3697/7 3485/3698/7 3486/3699/7
f 3487/3700/7 3488/3701/7 3489/3702/7
f 3490/3703/7 3491/3704/7 3492/3705/7
f 3493/3706/7 3494/3707/7 3495/3708/7
f 3496/3709/7 3497/3710/7 3498/3711/7
f 3499/3712/7 3500/3713/7 3501/3714/7
f 3502/3715/7 3503/3716/7 3504/3717/7
f 3505/3718/7 3506/3719/7 3507/3720/7
f 3508/3721/7 3509/3722/7 3510/3723/7
f 3511/3724/7 3512/3725/7 3513/3726/7
f 3514/3727/7 3515/3728/7 3516/3729/7
f 3517/3730/7 3518/3731/7 3519/3732/7
f 3520/3733/7 3521/3734/7 3522/3735/7
f 3523/3736/516 3524/3737/516 3525/3738/516
f 3526/3739/516 3527/3740/516 3528/3741/516
f 3529/3742/517 3530/3743/517 3531/3744/517
f 3532/3745/517 3533/3746/517 3534/3747/517
f 3535/3748/10 3536/3749/10 3537/3750/10
f 3538/3751/10 3539/3752/10 3540/3753/10
f 3541/3754/1 3542/3755/1 3543/3756/1
f 3544/3757/1 3545/3758/1 3546/3759/1
f 3547/3760/19 3548/3761/19 3549/3762/19
f 3550/3763/19 3551/3764/19 3552/3765/19
f 3553/3766/28 3554/3767/28 3555/3768/28
f 3556/3769/28 3557/3770/28 3558/3771/28
f 3559/3772/2 3560/3773/2 3561/3774/2
f 3562/3775/2 3563/3776/2 3564/3777/2
f 3565/3778/2 3566/3779/2 3567/3780/2
f 3568/3781/2 3569/3782/2 3570/3783/2
f 3571/3784/2 3572/3785/2 3573/3786/2
f 3574/3787/2 3575/3788/2 3576/3789/2
f 3577/3790/2 3578/3791/2 3579/3792/2
f 3580/3793/2 3581/3794/2 3582/3795/2
f 3583/3796/2 3584/3797/2 3585/3798/2
f 3586/3799/2 3587/3800/2 3588/3801/2
f 3589/3802/2 3590/3803/2 3591/3804/2
f 3592/3805/2 3593/3806/2 3594/3807/2
f 3595/3808/2 3596/3809/2 3597/3810/2
f 3598/3811/2 3599/3812/2 3600/3813/2
f 3601/3814/518 3602/3815/518 3603/3816/518
f 3604/3817/518 3605/3818/518 3606/3819/518
f 3607/3820/517 3608/3821/517 3609/3822/517
f 3610/3823/517 3611/3824/517 3612/3825/517
f 3613/3826/516 3614/3827/516 3615/3828/516
f 3616/3829/516 3617/3830/516 3618/3831/516
f 3619/3832/519 3620/3833/519 3621/3834/519
f 3622/3835/519 3623/3836/519 3624/3837/519
f 3625/3838/520 3626/3839/520 3627/3840/520
f 3628/3841/520 3629/3842/520 3630/3843/520
f 3631/3844/5 3632/3845/5 3633/3846/5
f 3634/3847/5 3635/3848/5 3636/3849/5
f 3637/3850/10 3638/3851/10 3639/3852/10
f 3640/3853/10 3641/3854/10 3642/3855/10
f 3643/3856/1 3644/3857/1 3645/3858/1
f 3646/3859/1 3647/3860/1 3648/3861/1
f 3649/3862/521 3650/3863/521 3651/3864/521
f 3652/3865/521 3653/3866/521 3654/3867/521
f 3655/3868/28 3656/3869/28 3657/3870/28
f 3658/3871/28 3659/3872/28 3660/3873/28
f 3661/3874/19 3662/3875/19 3663/3876/19
f 3664/3877/19 3665/3878/19 3666/3879/19
f 3667/3880/522 3668/3881/522 3669/3882/522
f 3670/3883/522 3671/3884/522 3672/3885/522
f 3673/3886/523 3674/3887/523 3675/3888/523
f 3676/3889/523 3677/3890/523 3678/3891/523
f 3679/3892/1 3680/3893/1 3681/3894/1
f 3682/3895/1 3683/3896/1 3684/3897/1
f 3685/3898/10 3686/3899/10 3687/3900/10
f 3688/3901/10 3689/3902/10 3690/3903/10
f 3691/3904/524 3692/3905/524 3693/3906/524
f 3694/3907/524 3695/3908/524 3696/3909/524
f 3697/3910/2 3698/3911/2 3699/3912/2
f 3700/3913/525 3701/3914/525 3702/3915/525
f 3703/3916/525 3704/3917/525 3705/3918/525
f 3706/3919/5 3707/3920/5 3708/3921/5
f 3709/3922/5 3710/3923/5 3711/3924/5
f 3712/3925/526 3713/3926/526 3714/3927/526
f 3715/3928/526 3716/3929/526 3717/3930/526
f 3718/3931/527 3719/3932/527 3720/3933/527
f 3721/3934/528 3722/3935/528 3723/3936/528
f 3724/3937/6 3725/3938/6 3726/3939/6
f 3727/3940/6 3728/3941/6 3729/3942/6
f 3730/3943/529 3731/3944/529 3732/3945/529
f 3733/3946/530 3734/3947/530 3735/3948/530
f 3736/3949/21 3737/3950/21 3738/3951/21
f 3739/3952/21 3740/3953/21 3741/3954/21
f 3742/3955/531 3743/3956/531 3744/3957/531
f 3745/3958/532 3746/3959/532 3747/3960/532
f 3748/3961/10 3749/3962/10 3750/3963/10
f 3751/3964/10 3752/3965/10 3753/3966/10
f 3754/3967/533 3755/3968/533 3756/3969/533
f 3757/3970/534 3758/3971/534 3759/3972/534
f 3760/3973/535 3761/3974/535 3762/3975/535
f 3763/3976/536 3764/3977/536 3765/3978/536
f 3766/3979/537 3767/3980/537 3768/3981/537
f 3769/3982/538 3770/3983/538 3771/3984/538
f 3772/3985/10 3773/3986/10 3774/3987/10
f 3775/3988/539 3776/3989/539 3777/3990/539
f 3778/3991/539 3779/3992/539 3780/3993/539
f 3781/3994/540 3782/3995/540 3783/3996/540
f 3784/3997/540 3785/3998/540 3786/3999/540
f 3787/4000/5 3788/4001/5 3789/4002/5
f 3790/4003/5 3791/4004/5 3792/4005/5
f 3793/4006/6 3794/4007/6 3795/4008/6
f 3796/4009/6 3797/4010/6 3798/4011/6
f 3799/4012/5 3800/4013/5 3801/4014/5
f 3800/4013/5 3802/4015/5 3801/4014/5
f 3803/4016/6 3804/4017/6 3805/4018/6
f 3804/4017/6 3806/4019/6 3805/4018/6
f 3807/4020/468 3808/4021/468 3809/4022/468
f 3808/4021/468 3810/4023/468 3809/4022/468
f 3811/4024/10 3812/4025/10 3813/4026/10
f 3812/4025/10 3814/4027/10 3813/4026/10
f 3815/4028/7 3816/4029/7 3817/4030/7
f 3816/4029/7 3818/4031/7 3817/4030/7
f 3819/4032/7 3820/4033/7 3821/4034/7
f 3820/4033/7 3822/4035/7 3821/4034/7
f 3823/4036/1 3824/4037/1 3825/4038/1
f 3824/4037/1 3826/4039/1 3825/4038/1
f 3827/4040/1 3828/4041/1 3829/4042/1
f 3828/4041/1 3830/4043/1 3829/4042/1
f 3831/4044/2 3832/4045/2 3833/4046/2
f 3832/4045/2 3834/4047/2 3833/4046/2
f 3835/4048/2 3836/4049/2 3837/4050/2
f 3836/4049/2 3838/4051/2 3837/4050/2
f 3839/4052/10 3840/4053/10 3841/4054/10
f 3840/4053/10 3842/4055/10 3841/4054/10
f 3843/4056/5 3844/4057/5 3845/4058/5
f 3844/4057/5 3846/4059/5 3845/4058/5
f 3847/4060/5 3848/4061/5 3849/4062/5
f 3848/4061/5 3850/4063/5 3849/4062/5
f 3851/4064/7 3852/4065/7 3853/4066/7
f 3852/4065/7 3854/4067/7 3853/4066/7
f 3855/4068/6 3856/4069/6 3857/4070/6
f 3856/4069/6 3858/4071/6 3857/4070/6
f 3859/4072/6 3860/4073/6 3861/4074/6
f 3860/4073/6 3862/4075/6 3861/4074/6
f 3863/4076/2 3864/4077/2 3865/4078/2
f 3864/4077/2 3866/4079/2 3865/4078/2
f 3867/4080/1 3868/4081/1 3869/4082/1
f 3868/4081/1 3870/4083/1 3869/4082/1
f 3871/4084/541 3872/4085/541 3873/4086/541
f 3872/4085/541 3874/4087/541 3873/4086/541
f 3875/4088/542 3876/4089/542 3877/4090/542
f 3876/4089/542 3878/4091/542 3877/4090/542
f 3879/4092/5 3880/4093/5 3881/4094/5
f 3880/4093/5 3882/4095/5 3881/4094/5
f 3883/4096/5 3884/4097/5 3885/4098/5
f 3884/4097/5 3886/4099/5 3885/4098/5
f 3887/4100/5 3888/4101/5 3889/4102/5
f 3888/4101/5 3890/4103/5 3889/4102/5
f 3891/4104/5 3892/4105/5 3893/4106/5
f 3892/4105/5 3894/4107/5 3893/4106/5
f 3895/4108/10 3896/4109/10 3897/4110/10
f 3896/4109/10 3898/4111/10 3897/4110/10
f 3899/4112/2 3900/4113/2 3901/4114/2
f 3900/4113/2 3902/4115/2 3901/4114/2
f 3903/4116/1 3904/4117/1 3905/4118/1
f 3904/4117/1 3906/4119/1 3905/4118/1
f 3907/4120/1 3908/4121/1 3909/4122/1
f 3908/4121/1 3910/4123/1 3909/4122/1
f 3911/4124/10 3912/4125/10 3913/4126/10
f 3912/4125/10 3914/4127/10 3913/4126/10
f 3915/4128/7 3916/4129/7 3917/4130/7
f 3916/4129/7 3918/4131/7 3917/4130/7
f 3919/4132/6 3920/4133/6 3921/4134/6
f 3920/4133/6 3922/4135/6 3921/4134/6
f 3923/4136/6 3924/4137/6 3925/4138/6
f 3924/4137/6 3926/4139/6 3925/4138/6
f 3927/4140/6 3928/4141/6 3929/4142/6
f 3928/4141/6 3930/4143/6 3929/4142/6
f 3931/4144/6 3932/4145/6 3933/4146/6
f 3932/4145/6 3934/4147/6 3933/4146/6
f 3935/4148/1 3936/4149/1 3937/4150/1
f 3936/4149/1 3938/4151/1 3937/4150/1
f 3939/4152/1 3940/4153/1 3941/4154/1
f 3940/4153/1 3942/4155/1 3941/4154/1
f 3943/4156/10 3944/4157/10 3945/4158/10
f 3944/4157/10 3946/4159/10 3945/4158/10
f 3947/4160/2 3948/4161/2 3949/4162/2
f 3948/4161/2 3950/4163/2 3949/4162/2
f 3951/4164/5 3952/4165/5 3953/4166/5
f 3952/4165/5 3954/4167/5 3953/4166/5
f 3955/4168/5 3956/4169/5 3957/4170/5
f 3956/4169/5 3958/4171/5 3957/4170/5
f 3959/4172/5 3960/4173/5 3961/4174/5
f 3960/4173/5 3962/4175/5 3961/4174/5
f 3963/4176/5 3964/4177/5 3965/4178/5
f 3964/4177/5 3966/4179/5 3965/4178/5
f 3967/4180/10 3968/4181/10 3969/4182/10
f 3968/4181/10 3970/4183/10 3969/4182/10
f 3971/4184/1 3972/4185/1 3973/4186/1
f 3972/4185/1 3974/4187/1 3973/4186/1
f 3975/4188/10 3976/4189/10 3977/4190/10
f 3976/4189/10 3978/4191/10 3977/4190/10
f 3979/4192/7 3980/4193/7 3981/4194/7
f 3980/4193/7 3982/4195/7 3981/4194/7
f 3983/4196/6 3984/4197/6 3985/4198/6
f 3984/4197/6 3986/4199/6 3985/4198/6
f 3987/4200/6 3988/4201/6 3989/4202/6
f 3988/4201/6 3990/4203/6 3989/4202/6
f 3991/4204/6 3992/4205/6 3993/4206/6
f 3992/4205/6 3994/4207/6 3993/4206/6
f 3995/4208/6 3996/4209/6 3997/4210/6
f 3996/4209/6 3998/4211/6 3997/4210/6
f 3999/4212/1 4000/4213/1 4001/4214/1
f 4000/4213/1 4002/4215/1 4001/4214/1
f 4003/4216/1 4004/4217/1 4005/4218/1
f 4004/4217/1 4006/4219/1 4005/4218/1
f 4007/4220/10 4008/4221/10 4009/4222/10
f 4008/4221/10 4010/4223/10 4009/4222/10
f 4011/4224/2 4012/4225/2 4013/4226/2
f 4012/4225/2 4014/4227/2 4013/4226/2
f 4015/4228/7 4016/4229/7 4017/4230/7
f 4016/4229/7 4018/4231/7 4017/4230/7
f 4019/4232/7 4020/4233/7 4021/4234/7
f 4020/4233/7 4022/4235/7 4021/4234/7
f 4023/4236/7 4024/4237/7 4025/4238/7
f 4024/4237/7 4026/4239/7 4025/4238/7
f 4027/4240/7 4028/4241/7 4029/4242/7
f 4028/4241/7 4030/4243/7 4029/4242/7
f 4031/4244/1 4032/4245/1 4033/4246/1
f 4032/4245/1 4034/4247/1 4033/4246/1
f 4035/4248/1 4036/4249/1 4037/4250/1
f 4036/4249/1 4038/4251/1 4037/4250/1
f 4039/4252/10 4040/4253/10 4041/4254/10
f 4040/4253/10 4042/4255/10 4041/4254/10
f 4043/4256/6 4044/4257/6 4045/4258/6
f 4044/4257/6 4046/4259/6 4045/4258/6
f 4047/4260/2 4048/4261/2 4049/4262/2
f 4048/4261/2 4050/4263/2 4049/4262/2
f 4051/4264/2 4052/4265/2 4053/4266/2
f 4052/4265/2 4054/4267/2 4053/4266/2
f 4055/4268/2 4056/4269/2 4057/4270/2
f 4056/4269/2 4058/4271/2 4057/4270/2
f 4059/4272/2 4060/4273/2 4061/4274/2
f 4060/4273/2 4062/4275/2 4061/4274/2
f 4063/4276/1 4064/4277/1 4065/4278/1
f 4064/4277/1 4066/4279/1 4065/4278/1
f 4067/4280/1 4068/4281/1 4069/4282/1
f 4068/4281/1 4070/4283/1 4069/4282/1
f 4071/4284/10 4072/4285/10 4073/4286/10
f 4072/4285/10 4074/4287/10 4073/4286/10
f 4075/4288/5 4076/4289/5 4077/4290/5
f 4076/4289/5 4078/4291/5 4077/4290/5
f 4079/4292/7 4080/4293/7 4081/4294/7
f 4080/4293/7 4082/4295/7 4081/4294/7
f 4083/4296/7 4084/4297/7 4085/4298/7
f 4084/4297/7 4086/4299/7 4085/4298/7
f 4087/4300/7 4088/4301/7 4089/4302/7
f 4088/4301/7 4090/4303/7 4089/4302/7
f 4091/4304/7 4092/4305/7 4093/4306/7
f 4092/4305/7 4094/4307/7 4093/4306/7
f 4095/4308/10 4096/4309/10 4097/4310/10
f 4096/4309/10 4098/4311/10 4097/4310/10
f 4099/4312/1 4100/4313/1 4101/4314/1
f 4100/4313/1 4102/4315/1 4101/4314/1
f 4103/4316/1 4104/4317/1 4105/4318/1
f 4104/4317/1 4106/4319/1 4105/4318/1
f 4107/4320/10 4108/4321/10 4109/4322/10
f 4108/4321/10 4110/4323/10 4109/4322/10
f 4111/4324/6 4112/4325/6 4113/4326/6
f 4112/4325/6 4114/4327/6 4113/4326/6
f 4115/4328/2 4116/4329/2 4117/4330/2
f 4116/4329/2 4118/4331/2 4117/4330/2
f 4119/4332/2 4120/4333/2 4121/4334/2
f 4120/4333/2 4122/4335/2 4121/4334/2
f 4123/4336/2 4124/4337/2 4125/4338/2
f 4124/4337/2 4126/4339/2 4125/4338/2
f 4127/4340/2 4128/4341/2 4129/4342/2
f 4128/4341/2 4130/4343/2 4129/4342/2
f 4131/4344/1 4132/4345/1 4133/4346/1
f 4132/4345/1 4134/4347/1 4133/4346/1
f 4135/4348/1 4136/4349/1 4137/4350/1
f 4136/4349/1 4138/4351/1 4137/4350/1
f 4139/4352/10 4140/4353/10 4141/4354/10
f 4140/4353/10 4142/4355/10 4141/4354/10
f 4143/4356/5 4144/4357/5 4145/4358/5
f 4144/4357/5 4146/4359/5 4145/4358/5
f 4147/4360/7 4148/4361/7 4149/4362/7
f 4148/4361/7 4150/4363/7 4149/4362/7
f 4151/4364/7 4152/4365/7 4153/4366/7
f 4152/4365/7 4154/4367/7 4153/4366/7
f 4155/4368/7 4156/4369/7 4157/4370/7
f 4156/4369/7 4158/4371/7 4157/4370/7
f 4159/4372/7 4160/4373/7 4161/4374/7
f 4160/4373/7 4162/4375/7 4161/4374/7
f 4163/4376/1 4164/4377/1 4165/4378/1
f 4164/4377/1 4166/4379/1 4165/4378/1
f 4167/4380/1 4168/4381/1 4169/4382/1
f 4168/4381/1 4170/4383/1 4169/4382/1
f 4171/4384/10 4172/4385/10 4173/4386/10
f 4172/4385/10 4174/4387/10 4173/4386/10
f 4175/4388/6 4176/4389/6 4177/4390/6
f 4176/4389/6 4178/4391/6 4177/4390/6
f 4179/4392/2 4180/4393/2 4181/4394/2
f 4180/4393/2 4182/4395/2 4181/4394/2
f 4183/4396/2 4184/4397/2 4185/4398/2
f 4184/4397/2 4186/4399/2 4185/4398/2
f 4187/4400/2 4188/4401/2 4189/4402/2
f 4188/4401/2 4190/4403/2 4189/4402/2
f 4191/4404/2 4192/4405/2 4193/4406/2
f 4192/4405/2 4194/4407/2 4193/4406/2
f 4195/4408/1 4196/4409/1 4197/4410/1
f 4196/4409/1 4198/4411/1 4197/4410/1
f 4199/4412/1 4200/4413/1 4201/4414/1
f 4200/4413/1 4202/4415/1 4201/4414/1
f 4203/4416/10 4204/4417/10 4205/4418/10
f 4204/4417/10 4206/4419/10 4205/4418/10
f 4207/4420/5 4208/4421/5 4209/4422/5
f 4208/4421/5 4210/4423/5 4209/4422/5
f 4211/4424/7 4212/4425/7 4213/4426/7
f 4212/4425/7 4214/4427/7 4213/4426/7
f 4215/4428/7 4216/4429/7 4217/4430/7
f 4216/4429/7 4218/4431/7 4217/4430/7
f 4219/4432/7 4220/4433/7 4221/4434/7
f 4220/4433/7 4222/4435/7 4221/4434/7
f 4223/4436/7 4224/4437/7 4225/4438/7
f 4224/4437/7 4226/4439/7 4225/4438/7
f 4227/4440/10 4228/4441/10 4229/4442/10
f 4228/4441/10 4230/4443/10 4229/4442/10
f 4231/4444/5 4232/4445/5 4233/4446/5
f 4232/4445/5 4234/4447/5 4233/4446/5
f 4235/4448/1 4236/4449/1 4237/4450/1
f 4236/4449/1 4238/4451/1 4237/4450/1
f 4239/4452/1 4240/4453/1 4241/4454/1
f 4240/4453/1 4242/4455/1 4241/4454/1
f 4243/4456/10 4244/4457/10 4245/4458/10
f 4244/4457/10 4246/4459/10 4245/4458/10
f 4247/4460/6 4248/4461/6 4249/4462/6
f 4248/4461/6 4250/4463/6 4249/4462/6
f 4251/4464/2 4252/4465/2 4253/4466/2
f 4252/4465/2 4254/4467/2 4253/4466/2
f 4255/4468/2 4256/4469/2 4257/4470/2
f 4256/4469/2 4258/4471/2 4257/4470/2
f 4259/4472/2 4260/4473/2 4261/4474/2
f 4260/4473/2 4262/4475/2 4261/4474/2
f 4263/4476/2 4264/4477/2 4265/4478/2
f 4264/4477/2 4266/4479/2 4265/4478/2
f 4267/4480/1 4268/4481/1 4269/4482/1
f 4268/4481/1 4270/4483/1 4269/4482/1
f 4271/4484/1 4272/4485/1 4273/4486/1
f 4272/4485/1 4274/4487/1 4273/4486/1
f 4275/4488/10 4276/4489/10 4277/4490/10
f 4276/4489/10 4278/4491/10 4277/4490/10
f 4279/4492/5 4280/4493/5 4281/4494/5
f 4280/4493/5 4282/4495/5 4281/4494/5
f 4283/4496/5 4284/4497/5 4285/4498/5
f 4284/4497/5 4286/4499/5 4285/4498/5
f 4287/4500/5 4288/4501/5 4289/4502/5
f 4288/4501/5 4290/4503/5 4289/4502/5
f 4291/4504/5 4292/4505/5 4293/4506/5
f 4292/4505/5 4294/4507/5 4293/4506/5
f 4295/4508/5 4296/4509/5 4297/4510/5
f 4296/4509/5 4298/4511/5 4297/4510/5
f 4299/4512/10 4300/4513/10 4301/4514/10
f 4300/4513/10 4302/4515/10 4301/4514/10
f 4303/4516/2 4304/4517/2 4305/4518/2
f 4304/4517/2 4306/4519/2 4305/4518/2
f 4307/4520/1 4308/4521/1 4309/4522/1
f 4308/4521/1 4310/4523/1 4309/4522/1
f 4311/4524/1 4312/4525/1 4313/4526/1
f 4312/4525/1 4314/4527/1 4313/4526/1
f 4315/4528/10 4316/4529/10 4317/4530/10
f 4316/4529/10 4318/4531/10 4317/4530/10
f 4319/4532/7 4320/4533/7 4321/4534/7
f 4320/4533/7 4322/4535/7 4321/4534/7
f 4323/4536/6 4324/4537/6 4325/4538/6
f 4324/4537/6 4326/4539/6 4325/4538/6
f 4327/4540/6 4328/4541/6 4329/4542/6
f 4328/4541/6 4330/4543/6 4329/4542/6
f 4331/4544/6 4332/4545/6 4333/4546/6
f 4332/4545/6 4334/4547/6 4333/4546/6
f 4335/4548/6 4336/4549/6 4337/4550/6
f 4336/4549/6 4338/4551/6 4337/4550/6
f 4339/4552/1 4340/4553/1 4341/4554/1
f 4340/4553/1 4342/4555/1 4341/4554/1
f 4343/4556/1 4344/4557/1 4345/4558/1
f 4344/4557/1 4346/4559/1 4345/4558/1
f 4347/4560/10 4348/4561/10 4349/4562/10
f 4348/4561/10 4350/4563/10 4349/4562/10
f 4351/4564/2 4352/4565/2 4353/4566/2
f 4352/4565/2 4354/4567/2 4353/4566/2
f 4355/4568/5 4356/4569/5 4357/4570/5
f 4356/4569/5 4358/4571/5 4357/4570/5
f 4359/4572/5 4360/4573/5 4361/4574/5
f 4360/4573/5 4362/4575/5 4361/4574/5
f 4363/4576/5 4364/4577/5 4365/4578/5
f 4364/4577/5 4366/4579/5 4365/4578/5
f 4367/4580/5 4368/4581/5 4369/4582/5
f 4368/4581/5 4370/4583/5 4369/4582/5
f 4371/4584/10 4372/4585/10 4373/4586/10
f 4372/4585/10 4374/4587/10 4373/4586/10
f 4375/4588/2 4376/4589/2 4377/4590/2
f 4376/4589/2 4378/4591/2 4377/4590/2
f 4379/4592/1 4380/4593/1 4381/4594/1
f 4380/4593/1 4382/4595/1 4381/4594/1
f 4383/4596/1 4384/4597/1 4385/4598/1
f 4384/4597/1 4386/4599/1 4385/4598/1
f 4387/4600/10 4388/4601/10 4389/4602/10
f 4388/4601/10 4390/4603/10 4389/4602/10
f 4391/4604/7 4392/4605/7 4393/4606/7
f 4392/4605/7 4394/4607/7 4393/4606/7
f 4395/4608/6 4396/4609/6 4397/4610/6
f 4396/4609/6 4398/4611/6 4397/4610/6
f 4399/4612/6 4400/4613/6 4401/4614/6
f 4400/4613/6 4402/4615/6 4401/4614/6
f 4403/4616/6 4404/4617/6 4405/4618/6
f 4404/4617/6 4406/4619/6 4405/4618/6
f 4407/4620/6 4408/4621/6 4409/4622/6
f 4408/4621/6 4410/4623/6 4409/4622/6
f 4411/4624/1 4412/4625/1 4413/4626/1
f 4412/4625/1 4414/4627/1 4413/4626/1
f 4415/4628/1 4416/4629/1 4417/4630/1
f 4416/4629/1 4418/4631/1 4417/4630/1
f 4419/4632/10 4420/4633/10 4421/4634/10
f 4420/4633/10 4422/4635/10 4421/4634/10
f 4423/4636/2 4424/4637/2 4425/4638/2
f 4424/4637/2 4426/4639/2 4425/4638/2
f 4427/4640/5 4428/4641/5 4429/4642/5
f 4428/4641/5 4430/4643/5 4429/4642/5
f 4431/4644/5 4432/4645/5 4433/4646/5
f 4432/4645/5 4434/4647/5 4433/4646/5
f 4435/4648/5 4436/4649/5 4437/4650/5
f 4436/4649/5 4438/4651/5 4437/4650/5
f 4439/4652/5 4440/4653/5 4441/4654/5
f 4440/4653/5 4442/4655/5 4441/4654/5
f 4443/4656/10 4444/4657/10 4445/4658/10
f 4444/4657/10 4446/4659/10 4445/4658/10
f 4447/4660/2 4448/4661/2 4449/4662/2
f 4448/4661/2 4450/4663/2 4449/4662/2
f 4451/4664/1 4452/4665/1 4453/4666/1
f 4452/4665/1 4454/4667/1 4453/4666/1
f 4455/4668/1 4456/4669/1 4457/4670/1
f 4456/4669/1 4458/4671/1 4457/4670/1
f 4459/4672/2 4460/4673/2 4461/4674/2
f 4460/4673/2 4462/4675/2 4461/4674/2
f 4463/4676/10 4464/4677/10 4465/4678/10
f 4464/4677/10 4466/4679/10 4465/4678/10
f 4467/4680/7 4468/4681/7 4469/4682/7
f 4468/4681/7 4470/4683/7 4469/4682/7
f 4471/4684/6 4472/4685/6 4473/4686/6
f 4472/4685/6 4474/4687/6 4473/4686/6
f 4475/4688/6 4476/4689/6 4477/4690/6
f 4476/4689/6 4478/4691/6 4477/4690/6
f 4479/4692/6 4480/4693/6 4481/4694/6
f 4480/4693/6 4482/4695/6 4481/4694/6
f 4483/4696/6 4484/4697/6 4485/4698/6
f 4484/4697/6 4486/4699/6 4485/4698/6
f 4487/4700/1 4488/4701/1 4489/4702/1
f 4488/4701/1 4490/4703/1 4489/4702/1
f 4491/4704/10 4492/4705/10 4493/4706/10
f 4492/4705/10 4494/4707/10 4493/4706/10
f 4495/4708/2 4496/4709/2 4497/4710/2
f 4496/4709/2 4498/4711/2 4497/4710/2
f 4499/4712/5 4500/4713/5 4501/4714/5
f 4500/4713/5 4502/4715/5 4501/4714/5
f 4503/4716/5 4504/4717/5 4505/4718/5
f 4504/4717/5 4506/4719/5 4505/4718/5
f 4507/4720/5 4508/4721/5 4509/4722/5
f 4508/4721/5 4510/4723/5 4509/4722/5
f 4511/4724/5 4512/4725/5 4513/4726/5
f 4512/4725/5 4514/4727/5 4513/4726/5
f 4515/4728/10 4516/4729/10 4517/4730/10
f 4516/4729/10 4518/4731/10 4517/4730/10
f 4519/4732/2 4520/4733/2 4521/4734/2
f 4520/4733/2 4522/4735/2 4521/4734/2
f 4523/4736/1 4524/4737/1 4525/4738/1
f 4524/4737/1 4526/4739/1 4525/4738/1
f 4527/4740/1 4528/4741/1 4529/4742/1
f 4528/4741/1 4530/4743/1 4529/4742/1
f 4531/4744/2 4532/4745/2 4533/4746/2
f 4532/4745/2 4534/4747/2 4533/4746/2
f 4535/4748/10 4536/4749/10 4537/4750/10
f 4536/4749/10 4538/4751/10 4537/4750/10
f 4539/4752/7 4540/4753/7 4541/4754/7
f 4540/4753/7 4542/4755/7 4541/4754/7
f 4543/4756/6 4544/4757/6 4545/4758/6
f 4544/4757/6 4546/4759/6 4545/4758/6
f 4547/4760/6 4548/4761/6 4549/4762/6
f 4548/4761/6 4550/4763/6 4549/4762/6
f 4551/4764/6 4552/4765/6 4553/4766/6
f 4552/4765/6 4554/4767/6 4553/4766/6
f 4555/4768/6 4556/4769/6 4557/4770/6
f 4556/4769/6 4558/4771/6 4557/4770/6
f 4559/4772/1 4560/4773/1 4561/4774/1
f 4560/4773/1 4562/4775/1 4561/4774/1
f 4563/4776/1 4564/4777/1 4565/4778/1
f 4564/4777/1 4566/4779/1 4565/4778/1
f 4567/4780/10 4568/4781/10 4569/4782/10
f 4568/4781/10 4570/4783/10 4569/4782/10
f 4571/4784/2 4572/4785/2 4573/4786/2
f 4572/4785/2 4574/4787/2 4573/4786/2
f 4575/4788/7 4576/4789/7 4577/4790/7
f 4576/4789/7 4578/4791/7 4577/4790/7
f 4579/4792/10 4580/4793/10 4581/4794/10
f 4580/4793/10 4582/4795/10 4581/4794/10
f 4583/4796/5 4584/4797/5 4585/4798/5
f 4584/4797/5 4586/4799/5 4585/4798/5
f 4587/4800/520 4588/4801/520 4589/4802/520
f 4588/4801/520 4590/4803/520 4589/4802/520
f 4591/4804/543 4592/4805/543 4593/4806/543
f 4592/4805/543 4594/4807/543 4593/4806/543
f 4595/4808/519 4596/4809/519 4597/4810/519
f 4596/4809/519 4598/4811/519 4597/4810/519
f 4599/4812/518 4600/4813/518 4601/4814/518
f 4600/4813/518 4602/4815/518 4601/4814/518
f 4603/4816/544 4604/4817/544 4605/4818/544
f 4604/4817/544 4606/4819/544 4605/4818/544
f 4607/4820/545 4608/4821/545 4609/4822/545
f 4608/4821/545 4610/4823/545 4609/4822/545
f 4611/4824/6 4612/4825/6 4613/4826/6
f 4612/4825/6 4614/4827/6 4613/4826/6
f 4615/4828/1 4616/4829/1 4617/4830/1
f 4616/4829/1 4618/4831/1 4617/4830/1
f 4619/4832/5 4620/4833/5 4621/4834/5
f 4620/4833/5 4622/4835/5 4621/4834/5
f 4623/4836/546 4624/4837/546 4625/4838/546
f 4624/4837/546 4626/4839/546 4625/4838/546
f 4627/4840/547 4628/4841/547 4629/4842/547
f 4628/4841/547 4630/4843/547 4629/4842/547
f 4631/4844/522 4632/4845/522 4633/4846/522
f 4632/4845/522 4634/4847/522 4633/4846/522
f 4635/4848/521 4636/4849/521 4637/4850/521
f 4636/4849/521 4638/4851/521 4637/4850/521
f 4639/4852/548 4640/4853/548 4641/4854/548
f 4640/4853/548 4642/4855/548 4641/4854/548
f 4643/4856/549 4644/4857/549 4645/4858/549
f 4644/4857/549 4646/4859/549 4645/4858/549
f 4647/4860/6 4648/4861/6 4649/4862/6
f 4648/4861/6 4650/4863/6 4649/4862/6
f 4651/4864/2 4652/4865/2 4653/4866/2
f 4652/4865/2 4654/4867/2 4653/4866/2
f 4655/4868/10 4656/4869/10 4657/4870/10
f 4656/4869/10 4658/4871/10 4657/4870/10
f 4659/4872/6 4660/4873/6 4661/4874/6
f 4660/4873/6 4662/4875/6 4661/4874/6
f 4663/4876/545 4664/4877/545 4665/4878/545
f 4664/4877/545 4666/4879/545 4665/4878/545
f 4667/4880/544 4668/4881/544 4669/4882/544
f 4668/4881/544 4670/4883/544 4669/4882/544
f 4671/4884/543 4672/4885/543 4673/4886/543
f 4672/4885/543 4674/4887/543 4673/4886/543
f 4675/4888/1 4676/4889/1 4677/4890/1
f 4676/4889/1 4678/4891/1 4677/4890/1
f 4679/4892/6 4680/4893/6 4681/4894/6
f 4680/4893/6 4682/4895/6 4681/4894/6
f 4683/4896/549 4684/4897/549 4685/4898/549
f 4684/4897/549 4686/4899/549 4685/4898/549
f 4687/4900/548 4688/4901/548 4689/4902/548
f 4688/4901/548 4690/4903/548 4689/4902/548
f 4691/4904/547 4692/4905/547 4693/4906/547
f 4692/4905/547 4694/4907/547 4693/4906/547
f 4695/4908/546 4696/4909/546 4697/4910/546
f 4696/4909/546 4698/4911/546 4697/4910/546
f 4699/4912/5 4700/4913/5 4701/4914/5
f 4700/4913/5 4702/4915/5 4701/4914/5
f 4703/4916/10 4704/4917/10 4705/4918/10
f 4704/4917/10 4706/4919/10 4705/4918/10
f 4707/4920/10 4708/4921/10 4709/4922/10
f 4708/4921/10 4710/4923/10 4709/4922/10
f 4709/4922/10 4710/4923/10 4711/4924/10
f 4712/4925/2 4713/4926/2 4714/4927/2
f 4713/4926/2 4715/4928/2 4714/4927/2
f 4714/4927/2 4715/4928/2 4716/4929/2
f 4717/4930/7 4718/4931/7 4719/4932/7
f 4719/4932/7 4718/4931/7 4720/4933/7
f 4718/4931/7 4721/4934/7 4720/4933/7
f 4720/4933/7 4721/4934/7 4722/4935/7
f 4723/4936/2 4724/4937/2 4725/4938/2
f 4724/4937/2 4726/4939/2 4725/4938/2
f 4725/4938/2 4726/4939/2 4727/4940/2
f 4726/4939/2 4728/4941/2 4727/4940/2
f 4729/4942/2 4730/4943/2 4731/4944/2
f 4730/4943/2 4732/4945/2 4731/4944/2
f 4731/4944/2 4732/4945/2 4733/4946/2
f 4732/4945/2 4734/4947/2 4733/4946/2
f 4735/4948/7 4736/4949/7 4737/4950/7
f 4736/4949/7 4738/4951/7 4737/4950/7
f 4737/4950/7 4738/4951/7 4739/4952/7
f 4738/4951/7 4740/4953/7 4739/4952/7
f 4741/4954/7 4742/4955/7 4743/4956/7
f 4742/4955/7 4744/4957/7 4743/4956/7
f 4743/4956/7 4744/4957/7 4745/4958/7
f 4744/4957/7 4746/4959/7 4745/4958/7
f 4747/4960/1 4748/4961/1 4749/4962/1
f 4749/4962/1 4748/4961/1 4750/4963/1
f 4748/4961/1 4751/4964/1 4750/4963/1
f 4750/4963/1 4751/4964/1 4752/4965/1
f 4751/4964/1 4753/4966/1 4752/4965/1
f 4752/4965/1 4753/4966/1 4754/4967/1
f 4755/4968/6 4756/4969/6 4757/4970/6
f 4758/4971/6 4759/4972/6 4760/4973/6
f 4761/4974/5 4762/4975/5 4763/4976/5
f 4764/4977/5 4765/4978/5 4766/4979/5
f 4767/4980/1 4768/4981/1 4769/4982/1
f 4770/4983/1 4771/4984/1 4772/4985/1
f 4773/4986/1 4774/4987/1 4775/4988/1
f 4776/4989/5 4777/4990/5 4778/4991/5
f 4779/4992/5 4780/4993/5 4781/4994/5
f 4782/4995/6 4783/4996/6 4784/4997/6
f 4785/4998/6 4786/4999/6 4787/5000/6
f 4788/5001/550 4789/5002/550 4790/5003/550
f 4791/5004/550 4792/5005/550 4793/5006/550
f 4794/5007/551 4795/5008/551 4796/5009/551
f 4797/5010/551 4798/5011/551 4799/5012/551
f 4800/5013/552 4801/5014/552 4802/5015/552
f 4803/5016/552 4804/5017/552 4805/5018/552
f 4806/5019/553 4807/5020/553 4808/5021/553
f 4809/5022/553 4810/5023/553 4811/5024/553
f 4812/5025/15 4813/5026/15 4814/5027/15
f 4815/5028/15 4816/5029/15 4817/5030/15
f 4818/5031/12 4819/5032/12 4820/5033/12
f 4821/5034/12 4822/5035/12 4823/5036/12
f 4824/5037/16 4825/5038/16 4826/5039/16
f 4827/5040/16 4828/5041/16 4829/5042/16
f 4830/5043/14 4831/5044/14 4832/5045/14
f 4833/5046/14 4834/5047/14 4835/5048/14
f 4836/5049/554 4837/5050/554 4838/5051/554
f 4839/5052/554 4840/5053/554 4841/5054/554
f 4842/5055/555 4843/5056/555 4844/5057/555
f 4845/5058/555 4846/5059/555 4847/5060/555
f 4848/5061/556 4849/5062/556 4850/5063/556
f 4851/5064/556 4852/5065/556 4853/5066/556
f 4854/5067/557 4855/5068/557 4856/5069/557
f 4857/5070/557 4858/5071/557 4859/5072/557
f 4860/5073/558 4861/5074/558 4862/5075/558
f 4863/5076/558 4864/5077/558 4865/5078/558
f 4866/5079/559 4867/5080/559 4868/5081/559
f 4869/5082/559 4870/5083/559 4871/5084/559
f 4872/5085/560 4873/5086/560 4874/5087/560
f 4875/5088/560 4876/5089/560 4877/5090/560
f 4878/5091/561 4879/5092/561 4880/5093/561
f 4881/5094/561 4882/5095/561 4883/5096/561
f 4884/5097/562 4885/5098/562 4886/5099/562
f 4887/5100/562 4888/5101/562 4889/5102/562
f 4890/5103/562 4891/5104/562 4892/5105/562
f 4893/5106/563 4894/5107/563 4895/5108/563
f 4896/5109/563 4897/5110/563 4898/5111/563
f 4899/5112/563 4900/5113/563 4901/5114/563
f 4902/5115/564 4903/5116/564 4904/5117/564
f 4905/5118/564 4906/5119/564 4907/5120/564
f 4908/5121/564 4909/5122/564 4910/5123/564
f 4911/5124/565 4912/5125/565 4913/5126/565
f 4914/5127/565 4915/5128/565 4916/5129/565
f 4917/5130/565 4918/5131/565 4919/5132/565
f 4920/5133/510 4921/5134/510 4922/5135/510
f 4923/5136/11 4924/5137/11 4925/5138/11
f 4926/5139/11 4927/5140/11 4928/5141/11
f 4929/5142/11 4930/5143/11 4931/5144/11
f 4932/5145/11 4933/5146/11 4934/5147/11
f 4935/5148/510 4936/5149/510 4937/5150/510
f 4938/5151/13 4939/5152/13 4940/5153/13
f 4941/5154/13 4942/5155/13 4943/5156/13
f 4944/5157/566 4945/5158/566 4946/5159/566
f 4947/5160/566 4948/5161/566 4949/5162/566
f 4950/5163/6 4951/5164/6 4952/5165/6
f 4953/5166/6 4954/5167/6 4955/5168/6
f 4956/5169/567 4957/5170/567 4958/5171/567
f 4959/5172/567 4960/5173/567 4961/5174/567
f 4962/5175/8 4963/5176/8 4964/5177/8
f 4965/5178/8 4966/5179/8 4967/5180/8
f 4968/5181/568 4969/5182/568 4970/5183/568
f 4971/5184/568 4972/5185/568 4973/5186/568
f 4974/5187/569 4975/5188/569 4976/5189/569
f 4977/5190/569 4978/5191/569 4979/5192/569
f 4980/5193/570 4981/5194/570 4982/5195/570
f 4983/5196/9 4984/5197/9 4985/5198/9
f 4986/5199/9 4987/5200/9 4988/5201/9
f 4989/5202/567 4990/5203/567 4991/5204/567
f 4992/5205/570 4993/5206/570 4994/5207/570
f 4995/5208/570 4996/5209/570 4997/5210/570
f 4998/5211/571 4999/5212/571 5000/5213/571
f 5001/5214/571 5002/5215/571 5003/5216/571
f 5004/5217/572 5005/5218/572 5006/5219/572
f 5007/5220/572 5008/5221/572 5009/5222/572
f 5010/5223/572 5011/5224/572 5012/5225/572
f 5013/5226/572 5014/5227/572 5015/5228/572
f 5016/5229/571 5017/5230/571 5018/5231/571
f 5019/5232/571 5020/5233/571 5021/5234/571
f 5022/5235/571 5023/5236/571 5024/5237/571
f 5025/5238/572 5026/5239/572 5027/5240/572
f 5028/5241/573 5029/5242/573 5030/5243/573
f 5031/5244/6 5032/5245/6 5033/5246/574
f 5032/5245/6 5034/5247/575 5033/5246/574
f 5033/5248/574 5034/5249/575 5035/5250/576
f 5034/5249/575 5036/5251/577 5035/5250/576
f 5035/5252/576 5036/5253/577 5037/5254/573
f 5036/5253/577 5038/5255/573 5037/5254/573
f 5037/5254/573 5038/5255/573 5039/5256/573
f 5039/5256/573 5038/5255/573 5040/5257/573
f 5040/5257/573 5038/5255/573 5029/5242/573
f 5029/5242/573 5038/5255/573 5030/5243/573
f 5038/5255/573 5036/5253/577 5030/5243/573
f 5041/5258/1 5042/5259/1 5043/5260/1
f 5042/5259/1 5044/5261/1 5043/5260/1
f 5045/5262/5 5046/5263/5 5047/5264/5
f 5046/5263/5 5048/5265/5 5047/5264/5
f 5049/5266/7 5050/5267/7 5051/5268/7
f 5050/5267/7 5052/5269/7 5051/5268/7
f 5053/5270/6 5054/5271/6 5055/5272/6
f 5054/5271/6 5056/5273/6 5055/5272/6
f 5057/5274/7 5058/5275/7 5059/5276/7
f 5058/5275/7 5060/5277/7 5059/5276/7
f 5061/5278/7 5062/5279/7 5063/5280/7
f 5062/5279/7 5064/5281/7 5063/5280/7
f 5065/5282/7 5066/5283/7 5067/5284/7
f 5066/5283/7 5068/5285/7 5067/5284/7
f 5069/5286/7 5070/5287/7 5071/5288/7
f 5070/5287/7 5072/5289/7 5071/5288/7
f 5073/5290/578 5074/5291/578 5075/5292/578
f 5074/5291/578 5076/5293/578 5075/5292/578
f 5077/5294/579 5078/5295/579 5079/5296/579
f 5078/5295/579 5080/5297/579 5079/5296/579
f 5081/5298/2 5082/5299/2 5083/5300/2
f 5082/5299/2 5084/5301/2 5083/5300/2
f 5085/5302/580 5086/5303/580 5087/5304/580
f 5086/5303/580 5088/5305/580 5087/5304/580
f 5089/5306/578 5090/5307/578 5091/5308/578
f 5090/5307/578 5092/5309/578 5091/5308/578
f 5093/5310/7 5094/5311/7 5095/5312/7
f 5094/5311/7 5096/5313/7 5095/5312/7
f 5097/5314/7 5098/5315/7 5099/5316/7
f 5098/5315/7 5100/5317/7 5099/5316/7
f 5101/5318/581 5102/5319/581 5103/5320/581
f 5102/5319/581 5104/5321/581 5103/5320/581
f 5105/5322/5 5106/5323/5 5107/5324/5
f 5106/5323/5 5108/5325/5 5107/5324/5
f 5109/5326/582 5110/5327/583 5111/5328/584
f 5110/5327/583 5112/5329/585 5111/5328/584
f 5113/5330/586 5114/5331/587 5115/5332/588
f 5114/5331/587 5116/5333/589 5115/5332/588
f 5117/5334/590 5118/5335/591 5119/5336/590
f 5118/5335/591 5120/5337/591 5119/5336/590
f 5121/5338/592 5122/5339/593 5123/5340/594
f 5122/5339/593 5124/5341/595 5123/5340/594
f 5125/5342/596 5126/5343/597 5127/5344/598
f 5126/5343/597 5128/5345/599 5127/5344/598
f 5129/5346/600 5130/5347/601 5131/5348/602
f 5130/5347/601 5132/5349/603 5131/5348/602
f 5133/5350/604 5134/5351/605 5135/5352/606
f 5134/5351/605 5136/5353/607 5135/5352/606
f 5137/5354/608 5138/5355/609 5139/5356/610
f 5138/5355/609 5140/5357/611 5139/5356/610
f 5141/5358/612 5142/5359/613 5143/5360/612
f 5142/5359/613 5144/5361/614 5143/5360/612
f 5145/5362/615 5146/5363/616 5147/5364/617
f 5146/5363/616 5144/5361/614 5147/5364/617
f 5144/5361/614 5142/5359/613 5147/5364/617
f 5147/5364/617 5142/5359/613 5148/5365/618
f 5149/5366/615 5150/5367/615 5151/5368/619
f 5151/5368/619 5150/5367/615 5152/5369/620
f 5150/5367/615 5153/5370/615 5152/5369/620
f 5152/5369/620 5153/5370/615 5147/5364/617
f 5147/5364/617 5153/5370/615 5145/5362/615
f 5153/5370/615 5154/5371/615 5145/5362/615
f 5155/5372/5 5156/5373/5 5157/5374/621
f 5156/5373/5 5158/5375/622 5157/5374/621
f 5158/5376/622 5151/5368/619 5157/5377/621
f 5157/5377/621 5151/5368/619 5152/5369/620
f 5159/5378/623 5160/5379/624 5161/5380/625
f 5160/5379/624 5162/5381/626 5161/5380/625
f 5163/5382/627 5164/5383/627 5165/5384/628
f 5164/5383/627 5166/5385/629 5165/5384/628
f 5166/5385/629 5159/5386/623 5165/5384/628
f 5159/5386/623 5161/5387/625 5165/5384/628
f 5165/5384/628 5161/5387/625 5167/5388/630
f 5168/5389/1 5169/5390/1 5170/5391/1
f 5169/5390/1 5171/5392/1 5170/5391/1
f 5170/5391/1 5171/5392/1 5172/5393/1
f 5173/5394/631 5174/5395/631 5175/5396/631
f 5174/5395/631 5176/5397/631 5175/5396/631
f 5175/5396/631 5176/5397/631 5177/5398/631
f 5178/5399/632 5179/5400/633 5180/5401/634
f 5179/5400/633 5181/5402/635 5180/5401/634
f 5182/5403/636 5183/5404/636 5184/5405/637
f 5183/5404/636 5181/5402/635 5184/5405/637
f 5181/5402/635 5179/5400/633 5184/5405/637
f 5184/5405/637 5179/5400/633 5185/5406/638
f 5186/5407/632 5187/5408/632 5188/5409/632
f 5187/5408/632 5189/5410/632 5188/5409/632
f 5188/5409/632 5189/5410/632 5190/5411/632
f 5189/5410/632 5179/5400/633 5190/5411/632
f 5179/5400/633 5178/5399/632 5190/5411/632
f 5190/5411/632 5178/5399/632 5191/5412/632
f 5192/5413/580 5193/5414/580 5194/5415/580
f 5193/5414/580 5195/5416/580 5194/5415/580
f 5194/5415/580 5195/5416/580 5196/5417/580
f 5197/5418/639 5198/5419/639 5199/5420/639
f 5198/5419/639 5200/5421/639 5199/5420/639
f 5199/5420/639 5200/5421/639 5201/5422/639
f 5202/5423/580 5203/5424/580 5204/5425/580
f 5203/5424/580 5205/5426/580 5204/5425/580
f 5204/5425/580 5205/5426/580 5206/5427/580
f 5207/5428/640 5208/5429/641 5209/5430/642
f 5208/5429/641 5210/5431/643 5209/5430/642
f 5209/5430/642 5210/5431/643 5211/5432/627
f 5212/5433/644 5213/5434/644 5214/5435/644
f 5213/5434/644 5215/5436/644 5214/5435/644
f 5214/5435/644 5215/5436/644 5216/5437/644
f 5217/5438/575 5218/5439/577 5219/5440/575
f 5218/5439/577 5220/5441/577 5219/5440/575
f 5221/5442/6 5222/5443/6 5219/5444/575
f 5219/5444/575 5222/5443/6 5217/5445/575
f 5222/5443/6 5223/5446/6 5217/5445/575
f 5223/5446/6 5224/5447/575 5217/5445/575
f 5217/5438/575 5224/5448/575 5218/5439/577
f 5224/5448/575 5225/5449/645 5218/5439/577
f 5225/5450/645 5226/5451/573 5218/5452/577
f 5226/5451/573 5227/5453/573 5218/5452/577
f 5227/5453/573 5228/5454/573 5218/5452/577
f 5228/5454/573 5229/5455/573 5218/5452/577
f 5218/5452/577 5229/5455/573 5220/5456/577
f 5229/5455/573 5230/5457/573 5220/5456/577
f 5220/5456/577 5230/5457/573 5231/5458/573
f 5232/5459/580 5233/5460/646 5234/5461/647
f 5233/5460/646 5235/5462/648 5234/5461/647
f 5234/5463/647 5235/5464/648 5236/5465/649
f 5233/5460/646 5237/5466/650 5235/5462/648
f 5237/5466/650 5238/5467/651 5235/5462/648
f 5235/5462/648 5238/5467/651 5239/5468/651
f 5240/5469/652 5241/5470/653 5242/5471/654
f 5241/5472/653 5243/5473/655 5242/5474/654
f 5242/5474/654 5243/5473/655 5244/5475/656
f 5245/5476/657 5246/5477/658 5240/5478/652
f 5246/5477/658 5247/5479/659 5240/5478/652
f 5240/5469/652 5247/5480/659 5241/5470/653
f 5247/5480/659 5248/5481/660 5241/5470/653
f 5248/5481/660 5249/5482/661 5241/5470/653
f 5241/5470/653 5249/5482/661 5250/5483/662
f 5251/5484/663 5252/5485/664 5253/5486/665
f 5252/5487/664 5254/5488/666 5253/5489/665
f 5253/5489/665 5254/5488/666 5255/5490/667
f 5256/5491/668 5257/5492/669 5251/5484/663
f 5257/5492/669 5258/5493/670 5251/5484/663
f 5251/5484/663 5258/5493/670 5252/5485/664
f 5258/5493/670 5259/5494/671 5252/5485/664
f 5259/5494/671 5260/5495/672 5252/5485/664
f 5252/5485/664 5260/5495/672 5261/5496/673
f 5262/5497/578 5263/5498/578 5264/5499/578
f 5263/5498/578 5265/5500/578 5264/5499/578
f 5265/5500/578 5266/5501/578 5264/5499/578
f 5264/5499/578 5266/5501/578 5267/5502/578
f 5268/5503/566 5269/5504/566 5270/5505/566
f 5269/5504/566 5271/5506/566 5270/5505/566
f 5271/5506/566 5272/5507/566 5270/5505/566
f 5270/5505/566 5272/5507/566 5273/5508/566
f 5274/5509/674 5275/5510/675 5276/5511/676
f 5275/5510/675 5277/5512/677 5276/5511/676
f 5277/5512/677 5278/5513/678 5276/5511/676
f 5276/5511/676 5278/5513/678 5279/5514/679
f 5280/5515/680 5281/5516/681 5282/5517/682
f 5281/5516/681 5283/5518/683 5282/5517/682
f 5283/5518/683 5284/5519/684 5282/5517/682
f 5282/5517/682 5284/5519/684 5285/5520/618
f 5286/5521/632 5287/5522/632 5288/5523/632
f 5287/5522/632 5289/5524/632 5288/5523/632
f 5289/5524/632 5290/5525/632 5288/5523/632
f 5288/5523/632 5290/5525/632 5291/5526/632
f 5292/5527/627 5293/5528/627 5294/5529/627
f 5294/5529/627 5293/5528/627 5295/5530/627
f 5293/5528/627 5296/5531/627 5295/5530/627
f 5295/5530/627 5296/5531/627 5297/5532/627
f 5298/5533/7 5299/5534/7 5300/5535/7
f 5299/5534/7 5301/5536/7 5300/5535/7
f 5300/5535/7 5301/5536/7 5302/5537/7
f 5301/5536/7 5303/5538/7 5302/5537/7
f 5304/5539/7 5305/5540/7 5306/5541/7
f 5306/5541/7 5305/5540/7 5307/5542/7
f 5305/5540/7 5308/5543/7 5307/5542/7
f 5307/5542/7 5308/5543/7 5309/5544/7
f 5310/5545/2 5311/5546/2 5312/5547/2
f 5311/5546/2 5313/5548/2 5312/5547/2
f 5312/5547/2 5313/5548/2 5314/5549/2
f 5313/5548/2 5315/5550/2 5314/5549/2
f 5316/5551/7 5317/5552/7 5318/5553/7
f 5317/5552/7 5319/5554/7 5318/5553/7
f 5319/5554/7 5320/5555/7 5318/5553/7
f 5318/5553/7 5320/5555/7 5321/5556/7
f 5322/5557/685 5323/5558/686 5324/5559/687
f 5324/5559/687 5323/5558/686 5325/5560/688
f 5323/5558/686 5326/5561/689 5325/5560/688
f 5325/5560/688 5326/5561/689 5327/5562/690
f 5328/5563/691 5329/5564/692 5330/5565/693
f 5330/5565/693 5329/5564/692 5331/5566/694
f 5329/5567/692 5332/5568/695 5331/5569/694
f 5331/5569/694 5332/5568/695 5333/5570/696
f 5334/5571/697 5335/5572/698 5336/5573/699
f 5336/5573/699 5335/5572/698 5337/5574/700
f 5335/5572/698 5338/5575/701 5337/5574/700
f 5337/5574/700 5338/5575/701 5339/5576/702
f 5340/5577/703 5341/5578/704 5342/5579/705
f 5342/5579/705 5341/5578/704 5343/5580/706
f 5341/5578/704 5344/5581/707 5343/5580/706
f 5343/5580/706 5344/5581/707 5345/5582/708
f 5346/5583/709 5347/5584/710 5348/5585/711
f 5348/5585/711 5347/5584/710 5349/5586/712
f 5347/5584/710 5350/5587/713 5349/5586/712
f 5349/5588/712 5350/5589/713 5351/5590/714
f 5352/5591/715 5353/5592/716 5354/5593/717
f 5353/5592/716 5355/5594/718 5354/5593/717
f 5354/5593/717 5355/5594/718 5356/5595/719
f 5355/5594/718 5357/5596/720 5356/5595/719
f 5358/5597/721 5359/5598/722 5360/5599/723
f 5359/5598/722 5361/5600/724 5360/5599/723
f 5360/5599/723 5361/5600/724 5362/5601/725
f 5361/5602/724 5363/5603/726 5362/5604/725
f 5364/5605/2 5365/5606/2 5366/5607/2
f 5365/5606/2 5367/5608/2 5366/5607/2
f 5367/5608/2 5368/5609/2 5366/5607/2
f 5366/5607/2 5368/5609/2 5369/5610/2
f 5370/5611/6 5371/5612/6 5372/5613/575
f 5371/5612/6 5373/5614/575 5372/5613/575
f 5373/5615/575 5374/5616/577 5372/5617/575
f 5372/5617/575 5374/5616/577 5375/5618/577
f 5376/5619/727 5377/5620/573 5378/5621/573
f 5378/5621/573 5377/5620/573 5379/5622/573
f 5377/5620/573 5380/5623/573 5379/5622/573
f 5379/5622/573 5380/5623/573 5374/5624/577
f 5380/5623/573 5381/5625/573 5374/5624/577
f 5381/5625/573 5382/5626/573 5374/5624/577
f 5374/5624/577 5382/5626/573 5375/5627/577
f 5382/5626/573 5383/5628/573 5375/5627/577
f 5375/5627/577 5383/5628/573 5384/5629/573
f 5383/5628/573 5385/5630/573 5384/5629/573
f 5384/5629/573 5385/5630/573 5386/5631/573
f 5387/5632/728 5388/5633/729 5389/5634/730
f 5388/5633/729 5390/5635/731 5389/5634/730
f 5389/5634/730 5390/5635/731 5391/5636/732
f 5390/5635/731 5392/5637/733 5391/5636/732
f 5393/5638/734 5394/5639/735 5395/5640/736
f 5394/5639/735 5390/5641/731 5395/5640/736
f 5395/5642/736 5390/5635/731 5396/5643/737
f 5390/5635/731 5397/5644/738 5396/5643/737
f 5396/5643/737 5397/5644/738 5398/5645/739
f 5398/5645/739 5397/5644/738 5388/5633/729
f 5397/5644/738 5390/5635/731 5388/5633/729
f 5399/5646/740 5400/5647/741 5401/5648/742
f 5400/5647/741 5402/5649/743 5401/5648/742
f 5401/5648/742 5402/5649/743 5403/5650/744
f 5402/5649/743 5404/5651/745 5403/5650/744
f 5405/5652/746 5406/5653/747 5407/5654/748
f 5406/5653/747 5402/5655/743 5407/5654/748
f 5407/5656/748 5402/5649/743 5408/5657/749
f 5402/5649/743 5409/5658/750 5408/5657/749
f 5408/5657/749 5409/5658/750 5410/5659/751
f 5410/5659/751 5409/5658/750 5400/5647/741
f 5409/5658/750 5402/5649/743 5400/5647/741
f 5411/5660/752 5412/5661/753 5413/5662/754
f 5412/5661/753 5414/5663/755 5413/5662/754
f 5414/5663/755 5415/5664/756 5413/5662/754
f 5415/5665/756 5416/5666/757 5413/5667/754
f 5413/5667/754 5416/5666/757 5417/5668/649
f 5418/5669/674 5419/5670/758 5420/5671/759
f 5420/5671/759 5419/5670/758 5421/5672/760
f 5421/5672/760 5419/5670/758 5422/5673/761
f 5419/5670/758 5423/5674/762 5422/5673/761
f 5422/5673/761 5423/5674/762 5424/5675/762
f 5425/5676/578 5426/5677/578 5427/5678/763
f 5426/5677/578 5428/5679/578 5427/5678/763
f 5428/5679/578 5429/5680/764 5427/5678/763
f 5429/5681/764 5430/5682/765 5427/5683/763
f 5427/5683/763 5430/5682/765 5431/5684/765
f 5432/5685/765 5433/5686/765 5434/5687/763
f 5433/5686/765 5435/5688/764 5434/5687/763
f 5435/5689/764 5436/5690/578 5434/5691/763
f 5436/5690/578 5437/5692/578 5434/5691/763
f 5434/5691/763 5437/5692/578 5438/5693/578
f 5439/5694/766 5440/5695/766 5441/5696/767
f 5440/5695/766 5442/5697/768 5441/5696/767
f 5441/5696/767 5442/5697/768 5443/5698/579
f 5443/5698/579 5442/5697/768 5444/5699/579
f 5442/5697/768 5445/5700/579 5444/5699/579
f 5446/5701/765 5447/5702/765 5448/5703/764
f 5447/5702/765 5449/5704/763 5448/5703/764
f 5448/5705/764 5449/5706/763 5450/5707/578
f 5450/5707/578 5449/5706/763 5451/5708/578
f 5449/5706/763 5452/5709/578 5451/5708/578
f 5453/5710/769 5454/5711/770 5455/5712/771
f 5454/5711/770 5456/5713/772 5455/5712/771
f 5455/5712/771 5456/5713/772 5457/5714/773
f 5457/5714/773 5456/5713/772 5458/5715/774
f 5456/5713/772 5459/5716/638 5458/5715/774
f 5460/5717/573 5461/5718/775 5462/5719/776
f 5462/5719/776 5461/5718/775 5463/5720/777
f 5461/5718/775 5464/5721/778 5463/5720/777
f 5464/5722/778 5465/5723/779 5463/5724/777
f 5463/5724/777 5465/5723/779 5466/5725/780
f 5467/5726/6 5468/5727/6 5469/5728/575
f 5468/5727/6 5470/5729/575 5469/5728/575
f 5470/5730/575 5461/5731/775 5469/5732/575
f 5469/5732/575 5461/5731/775 5471/5733/577
f 5461/5718/775 5460/5717/573 5471/5734/577
f 5471/5734/577 5460/5717/573 5472/5735/573
f 5473/5736/5 5474/5737/5 5475/5738/621
f 5474/5737/5 5476/5739/621 5475/5738/621
f 5476/5740/621 5477/5741/620 5475/5742/621
f 5475/5742/621 5477/5741/620 5478/5743/620
f 5477/5741/620 5479/5744/615 5478/5743/620
f 5478/5743/620 5479/5744/615 5480/5745/615
f 5481/5746/6 5482/5747/6 5483/5748/575
f 5482/5747/6 5484/5749/575 5483/5748/575
f 5484/5750/575 5485/5751/577 5483/5752/575
f 5483/5752/575 5485/5751/577 5486/5753/577
f 5485/5754/577 5487/5755/573 5486/5756/577
f 5486/5756/577 5487/5755/573 5488/5757/573
f 5489/5758/781 5490/5759/782 5491/5760/783
f 5491/5760/783 5490/5759/782 5492/5761/784
f 5490/5762/782 5493/5763/785 5492/5764/784
f 5492/5764/784 5493/5763/785 5494/5765/785
f 5493/5766/785 5495/5767/786 5494/5768/785
f 5494/5768/785 5495/5767/786 5496/5769/787
f 5497/5770/788 5498/5771/789 5499/5772/790
f 5498/5771/789 5500/5773/791 5499/5772/790
f 5500/5774/791 5501/5775/792 5499/5776/790
f 5499/5777/790 5501/5778/792 5502/5779/793
f 5501/5780/792 5503/5781/794 5502/5782/793
f 5502/5782/793 5503/5781/794 5504/5783/795
f 5505/5784/796 5506/5785/797 5507/5786/798
f 5506/5785/797 5508/5787/799 5507/5786/798
f 5508/5787/799 5509/5788/800 5507/5786/798
f 5507/5789/798 5509/5790/800 5510/5791/801
f 5509/5792/800 5511/5793/802 5510/5794/801
f 5510/5794/801 5511/5793/802 5512/5795/803
f 5513/5796/804 5514/5797/805 5515/5798/806
f 5515/5798/806 5514/5797/805 5516/5799/807
f 5514/5797/805 5517/5800/808 5516/5799/807
f 5516/5799/807 5517/5800/808 5518/5801/809
f 5517/5800/808 5519/5802/810 5518/5801/809
f 5518/5801/809 5519/5802/810 5520/5803/811
f 5521/5804/812 5522/5805/813 5523/5806/814
f 5522/5807/813 5524/5808/815 5523/5809/814
f 5523/5810/814 5524/5811/815 5515/5798/806
f 5524/5811/815 5525/5812/816 5515/5798/806
f 5525/5812/816 5526/5813/817 5515/5798/806
f 5515/5798/806 5526/5813/817 5513/5796/804
f 5526/5813/817 5527/5814/818 5513/5796/804
f 5527/5814/818 5528/5815/819 5513/5796/804
f 5528/5815/819 5529/5816/820 5513/5796/804
f 5513/5796/804 5529/5816/820 5530/5817/821
f 5529/5816/820 5531/5818/822 5530/5817/821
f 5530/5817/821 5531/5818/822 5532/5819/823
f 5531/5818/822 5533/5820/824 5532/5819/823
f 5532/5819/823 5533/5820/824 5534/5821/825
f 5529/5816/820 5528/5815/819 5535/5822/826
f 5528/5815/819 5536/5823/827 5535/5822/826
f 5536/5824/827 5537/5825/828 5535/5826/826
f 5537/5827/828 5538/5828/829 5535/5829/826
f 5538/5828/829 5539/5830/830 5535/5829/826
f 5535/5829/826 5539/5830/830 5540/5831/831
f 5539/5832/830 5541/5833/832 5540/5834/831
f 5540/5834/831 5541/5833/832 5542/5835/833
f 5543/5836/834 5544/5837/835 5545/5838/836
f 5545/5838/836 5544/5837/835 5546/5839/837
f 5544/5837/835 5547/5840/838 5546/5839/837
f 5546/5839/837 5547/5840/838 5548/5841/839
f 5547/5840/838 5549/5842/840 5548/5841/839
f 5548/5841/839 5549/5842/840 5550/5843/841
f 5551/5844/842 5552/5845/843 5553/5846/844
f 5552/5847/843 5554/5848/845 5553/5849/844
f 5553/5850/844 5554/5851/845 5545/5838/836
f 5554/5851/845 5555/5852/846 5545/5838/836
f 5555/5852/846 5556/5853/847 5545/5838/836
f 5545/5838/836 5556/5853/847 5543/5836/834
f 5556/5853/847 5557/5854/848 5543/5836/834
f 5557/5854/848 5558/5855/849 5543/5836/834
f 5558/5855/849 5559/5856/850 5543/5836/834
f 5543/5836/834 5559/5856/850 5560/5857/851
f 5559/5856/850 5561/5858/852 5560/5857/851
f 5560/5857/851 5561/5858/852 5562/5859/853
f 5561/5858/852 5563/5860/854 5562/5859/853
f 5562/5859/853 5563/5860/854 5564/5861/855
f 5559/5856/850 5558/5855/849 5565/5862/856
f 5558/5855/849 5566/5863/857 5565/5862/856
f 5566/5863/857 5567/5864/858 5565/5862/856
f 5567/5864/858 5568/5865/859 5565/5862/856
f 5568/5865/859 5569/5866/860 5565/5862/856
f 5565/5862/856 5569/5866/860 5570/5867/861
f 5569/5866/860 5571/5868/862 5570/5867/861
f 5570/5867/861 5571/5868/862 5572/5869/863
f 5573/5870/864 5574/5871/865 5575/5872/866
f 5574/5871/865 5576/5873/867 5575/5872/866
f 5575/5872/866 5576/5873/867 5577/5874/868
f 5576/5873/867 5578/5875/869 5577/5874/868
f 5577/5874/868 5578/5875/869 5579/5876/870
f 5578/5875/869 5580/5877/871 5579/5876/870
f 5581/5878/872 5582/5879/873 5583/5880/874
f 5582/5879/873 5584/5881/875 5583/5880/874
f 5583/5880/874 5584/5881/875 5585/5882/876
f 5584/5881/875 5586/5883/877 5585/5882/876
f 5585/5882/876 5586/5883/877 5587/5884/878
f 5587/5884/878 5586/5883/877 5588/5885/879
f 5586/5883/877 5577/5874/868 5588/5885/879
f 5588/5885/879 5577/5874/868 5579/5876/870
f 5588/5885/879 5589/5886/880 5587/5884/878
f 5589/5886/880 5590/5887/881 5587/5884/878
f 5587/5884/878 5590/5887/881 5591/5888/882
f 5590/5887/881 5592/5889/883 5591/5888/882
f 5592/5889/883 5593/5890/884 5591/5888/882
f 5591/5888/882 5593/5890/884 5594/5891/885
f 5593/5892/884 5595/5893/886 5594/5894/885
f 5594/5895/885 5595/5896/886 5596/5897/887
f 5597/5898/888 5598/5899/889 5599/5900/890
f 5598/5899/889 5600/5901/891 5599/5900/890
f 5599/5900/890 5600/5901/891 5601/5902/892
f 5600/5901/891 5602/5903/893 5601/5902/892
f 5601/5902/892 5602/5903/893 5591/5888/882
f 5602/5903/893 5587/5884/878 5591/5888/882
f 5603/5904/894 5604/5905/895 5605/5906/896
f 5604/5905/895 5606/5907/897 5605/5906/896
f 5605/5906/896 5606/5907/897 5607/5908/898
f 5606/5907/897 5608/5909/899 5607/5908/898
f 5607/5908/898 5608/5909/899 5609/5910/900
f 5608/5909/899 5610/5911/901 5609/5910/900
f 5611/5912/902 5612/5913/903 5610/5911/901
f 5612/5913/903 5613/5914/904 5610/5911/901
f 5610/5911/901 5613/5914/904 5609/5910/900
f 5613/5914/904 5614/5915/905 5609/5910/900
f 5614/5915/905 5615/5916/906 5609/5910/900
f 5609/5910/900 5615/5916/906 5616/5917/907
f 5615/5918/906 5617/5919/908 5616/5920/907
f 5616/5921/907 5617/5922/908 5618/5923/909
f 5619/5924/910 5620/5925/911 5621/5926/912
f 5620/5925/911 5622/5927/913 5621/5926/912
f 5621/5926/912 5622/5927/913 5623/5928/914
f 5622/5927/913 5624/5929/915 5623/5928/914
f 5623/5928/914 5624/5929/915 5610/5911/901
f 5610/5911/901 5624/5929/915 5611/5912/902
f 5624/5929/915 5625/5930/916 5611/5912/902
f 5611/5912/902 5625/5930/916 5626/5931/917
f 5627/5932/918 5628/5933/919 5629/5934/920
f 5628/5933/919 5630/5935/921 5629/5934/920
f 5629/5934/920 5630/5935/921 5625/5930/916
f 5630/5935/921 5631/5936/922 5625/5930/916
f 5625/5930/916 5631/5936/922 5626/5931/917
f 5631/5936/922 5632/5937/923 5626/5931/917
f 5633/5938/924 5634/5939/925 5635/5940/926
f 5635/5940/926 5634/5939/925 5636/5941/927
f 5636/5941/927 5634/5939/925 5637/5942/928
f 5637/5943/928 5634/5944/925 5638/5945/929
f 5634/5944/925 5639/5946/575 5638/5945/929
f 5639/5947/575 5640/5948/6 5638/5949/929
f 5638/5949/929 5640/5948/6 5641/5950/6
f 5642/5951/930 5643/5952/931 5644/5953/932
f 5644/5953/932 5643/5952/931 5645/5954/933
f 5643/5952/931 5646/5955/934 5645/5954/933
f 5645/5954/933 5646/5955/934 5647/5956/935
f 5646/5955/934 5648/5957/936 5647/5956/935
f 5647/5956/935 5648/5957/936 5649/5958/937
f 5648/5957/936 5650/5959/938 5649/5958/937
f 5649/5958/937 5650/5959/938 5651/5960/939
f 5652/5961/940 5653/5962/941 5654/5963/942
f 5653/5964/941 5655/5965/943 5654/5966/942
f 5655/5965/943 5656/5967/944 5654/5966/942
f 5654/5968/942 5656/5969/944 5657/5970/945
f 5656/5969/944 5658/5971/946 5657/5970/945
f 5657/5970/945 5658/5971/946 5659/5972/947
f 5658/5971/946 5660/5973/948 5659/5972/947
f 5659/5972/947 5660/5973/948 5661/5974/949
f 5662/5975/950 5663/5976/951 5664/5977/952
f 5663/5976/951 5665/5978/953 5664/5977/952
f 5664/5977/952 5665/5978/953 5666/5979/954
f 5665/5978/953 5667/5980/955 5666/5979/954
f 5666/5979/954 5667/5980/955 5668/5981/956
f 5667/5980/955 5669/5982/957 5668/5981/956
f 5669/5983/957 5670/5984/958 5668/5985/956
f 5668/5986/956 5670/5987/958 5671/5988/959
f 5672/5989/960 5673/5990/961 5674/5991/962
f 5673/5990/961 5675/5992/963 5674/5991/962
f 5674/5991/962 5675/5992/963 5676/5993/964
f 5675/5992/963 5677/5994/965 5676/5993/964
f 5676/5993/964 5677/5994/965 5678/5995/966
f 5677/5994/965 5679/5996/967 5678/5995/966
f 5679/5997/967 5680/5998/968 5678/5999/966
f 5678/6000/966 5680/6001/968 5681/6002/969
f 5682/6003/970 5683/6004/971 5684/6005/972
f 5684/6005/972 5683/6004/971 5685/6006/971
f 5683/6007/971 5686/6008/973 5685/6009/971
f 5685/6009/971 5686/6008/973 5687/6010/974
f 5686/6011/973 5688/6012/975 5687/6013/974
f 5687/6013/974 5688/6012/975 5689/6014/976
f 5688/6012/975 5690/6015/977 5689/6014/976
f 5689/6014/976 5690/6015/977 5691/6016/978
f 5692/6017/979 5693/6018/980 5694/6019/981
f 5694/6019/981 5693/6018/980 5695/6020/982
f 5693/6021/980 5696/6022/983 5695/6023/982
f 5695/6023/982 5696/6022/983 5697/6024/984
f 5696/6025/983 5698/6026/985 5697/6027/984
f 5697/6027/984 5698/6026/985 5699/6028/986
f 5698/6029/985 5700/6030/987 5699/6031/986
f 5699/6031/986 5700/6030/987 5701/6032/988
f 5702/6033/989 5703/6034/990 5704/6035/991
f 5703/6036/990 5705/6037/992 5704/6038/991
f 5704/6038/991 5705/6037/992 5706/6039/993
f 5705/6037/992 5707/6040/994 5706/6039/993
f 5706/6039/993 5707/6040/994 5708/6041/995
f 5707/6040/994 5709/6042/996 5708/6041/995
f 5708/6041/995 5709/6042/996 5710/6043/997
f 5709/6042/996 5711/6044/998 5710/6043/997
f 5712/6045/999 5713/6046/1000 5714/6047/1001
f 5713/6046/1000 5715/6048/1002 5714/6047/1001
f 5715/6049/1002 5716/6050/1003 5714/6051/1001
f 5714/6051/1001 5716/6050/1003 5717/6052/1004
f 5716/6053/1003 5718/6054/1005 5717/6055/1004
f 5717/6055/1004 5718/6054/1005 5719/6056/1006
f 5719/6056/1006 5718/6054/1005 5720/6057/1007
f 5718/6054/1005 5721/6058/1008 5720/6057/1007
f 5722/6059/1009 5723/6060/1010 5724/6061/1011
f 5724/6061/1011 5723/6060/1010 5725/6062/1012
f 5723/6060/1010 5726/6063/1013 5725/6062/1012
f 5725/6062/1012 5726/6063/1013 5727/6064/1014
f 5726/6063/1013 5728/6065/1015 5727/6064/1014
f 5727/6064/1014 5728/6065/1015 5729/6066/1016
f 5728/6065/1015 5730/6067/1017 5729/6066/1016
f 5729/6066/1016 5730/6067/1017 5731/6068/1018
f 5732/6069/1019 5733/6070/1020 5734/6071/1021
f 5733/6072/1020 5735/6073/1022 5734/6074/1021
f 5735/6075/1022 5736/6076/1023 5734/6077/1021
f 5734/6077/1021 5736/6076/1023 5737/6078/1024
f 5736/6076/1023 5738/6079/1025 5737/6078/1024
f 5737/6078/1024 5738/6079/1025 5739/6080/1026
f 5738/6079/1025 5740/6081/1027 5739/6080/1026
f 5739/6080/1026 5740/6081/1027 5741/6082/1028
f 5742/6083/1029 5743/6084/1030 5744/6085/1031
f 5744/6085/1031 5743/6084/1030 5745/6086/1032
f 5743/6084/1030 5746/6087/1033 5745/6086/1032
f 5745/6086/1032 5746/6087/1033 5747/6088/1034
f 5747/6088/1034 5746/6087/1033 5748/6089/1035
f 5746/6087/1033 5749/6090/1036 5748/6089/1035
f 5749/6091/1036 5750/6092/1037 5748/6093/1035
f 5748/6093/1035 5750/6092/1037 5751/6094/1038
f 5752/6095/1039 5753/6096/1040 5754/6097/1041
f 5753/6096/1040 5755/6098/1042 5754/6097/1041
f 5754/6097/1041 5755/6098/1042 5756/6099/1043
f 5755/6098/1042 5757/6100/1044 5756/6099/1043
f 5756/6099/1043 5757/6100/1044 5758/6101/1045
f 5757/6100/1044 5759/6102/1046 5758/6101/1045
f 5758/6101/1045 5759/6102/1046 5760/6103/1047
f 5759/6102/1046 5761/6104/1048 5760/6103/1047
f 5762/6105/1049 5763/6106/1050 5764/6107/1051
f 5763/6106/1050 5765/6108/1052 5764/6107/1051
f 5764/6109/1051 5765/6110/1052 5766/6111/1053
f 5765/6110/1052 5767/6112/1054 5766/6111/1053
f 5766/6111/1053 5767/6112/1054 5768/6113/1055
f 5767/6112/1054 5769/6114/1056 5768/6113/1055
f 5769/6114/1056 5770/6115/1057 5768/6113/1055
f 5768/6113/1055 5770/6115/1057 5771/6116/1058
f 5763/6117/1050 5762/6118/1049 5772/6119/1059
f 5762/6118/1049 5773/6120/1060 5772/6119/1059
f 5772/6119/1059 5773/6120/1060 5774/6121/1061
f 5773/6120/1060 5775/6122/1062 5774/6121/1061
f 5774/6123/1061 5775/6124/1062 5776/6125/1063
f 5775/6124/1062 5777/6126/1064 5776/6125/1063
f 5776/6127/1063 5777/6128/1064 5778/6129/1065
f 5777/6128/1064 5779/6130/1066 5778/6129/1065
f 5778/6129/1065 5779/6130/1066 5780/6131/1067
f 5779/6130/1066 5781/6132/1068 5780/6131/1067
f 5780/6133/1067 5781/6134/1068 5782/6135/1069
f 5781/6134/1068 5783/6136/1069 5782/6135/1069
f 5782/6137/1069 5783/6138/1069 5784/6139/1070
f 5783/6138/1069 5785/6140/1071 5784/6139/1070
f 5784/6139/1070 5785/6140/1071 5786/6141/1072
f 5785/6140/1071 5787/6142/1073 5786/6141/1072
f 5786/6141/1072 5787/6142/1073 5788/6143/1074
f 5787/6142/1073 5789/6144/1075 5788/6143/1074
f 5788/6145/1074 5789/6146/1075 5790/6147/1076
f 5789/6146/1075 5791/6148/1077 5790/6147/1076
f 5790/6147/1076 5791/6148/1077 5792/6149/1078
f 5791/6148/1077 5793/6150/1079 5792/6149/1078
f 5792/6149/1078 5793/6150/1079 5794/6151/1080
f 5793/6150/1079 5795/6152/1081 5794/6151/1080
f 5794/6153/1080 5795/6154/1081 5796/6155/1082
f 5795/6154/1081 5797/6156/1083 5796/6155/1082
f 5796/6157/1082 5797/6158/1083 5798/6159/1084
f 5797/6158/1083 5799/6160/1085 5798/6159/1084
f 5798/6159/1084 5799/6160/1085 5800/6161/1086
f 5799/6160/1085 5801/6162/1087 5800/6161/1086
f 5800/6161/1086 5801/6162/1087 5802/6163/1088
f 5801/6162/1087 5803/6164/1089 5802/6163/1088
f 5802/6165/1088 5803/6166/1089 5804/6167/1090
f 5803/6166/1089 5805/6168/1091 5804/6167/1090
f 5804/6167/1090 5805/6168/1091 5806/6169/1092
f 5805/6168/1091 5807/6170/1093 5806/6169/1092
f 5806/6171/1092 5807/6172/1093 5808/6173/1094
f 5807/6172/1093 5809/6174/1095 5808/6173/1094
f 5808/6175/1094 5809/6176/1095 5810/6177/1096
f 5809/6176/1095 5811/6178/1097 5810/6177/1096
f 5810/6179/1096 5811/6180/1097 5812/6181/1098
f 5811/6182/1097 5813/6183/1099 5812/6184/1098
f 5813/6185/1099 5814/6186/1100 5812/6187/1098
f 5812/6187/1098 5814/6186/1100 5815/6188/1101
f 5815/6188/1101 5814/6186/1100 5816/6189/1102
f 5814/6186/1100 5817/6190/1103 5816/6189/1102
f 5816/6191/1102 5817/6192/1103 5818/6193/1104
f 5817/6192/1103 5819/6194/1105 5818/6193/1104
f 5818/6195/1104 5819/6196/1105 5820/6197/1106
f 5819/6196/1105 5821/6198/1107 5820/6197/1106
f 5820/6199/1106 5821/6200/1107 5822/6201/1108
f 5821/6200/1107 5823/6202/1109 5822/6201/1108
f 5822/6203/1108 5823/6204/1109 5824/6205/1110
f 5823/6204/1109 5825/6206/1111 5824/6205/1110
f 5824/6207/1110 5825/6208/1111 5826/6209/1112
f 5825/6208/1111 5827/6210/1113 5826/6209/1112
f 5826/6209/1112 5827/6210/1113 5828/6211/1114
f 5827/6210/1113 5829/6212/1115 5828/6211/1114
f 5828/6213/1114 5829/6214/1115 5830/6215/1116
f 5829/6214/1115 5831/6216/1117 5830/6215/1116
f 5830/6217/1116 5831/6218/1117 5832/6219/1118
f 5831/6218/1117 5833/6220/1119 5832/6219/1118
f 5832/6221/1118 5833/6222/1119 5834/6223/1120
f 5833/6222/1119 5835/6224/1121 5834/6223/1120
f 5834/6225/1120 5835/6226/1121 5836/6227/1122
f 5835/6226/1121 5837/6228/1123 5836/6227/1122
f 5836/6229/1122 5837/6230/1123 5838/6231/1124
f 5837/6230/1123 5839/6232/1125 5838/6231/1124
f 5838/6231/1124 5839/6232/1125 5840/6233/1126
f 5839/6232/1125 5841/6234/1127 5840/6233/1126
f 5840/6235/1126 5841/6236/1127 5842/6237/1128
f 5841/6236/1127 5843/6238/1129 5842/6237/1128
f 5842/6237/1128 5843/6238/1129 5844/6239/1130
f 5843/6238/1129 5845/6240/1131 5844/6239/1130
f 5844/6241/1130 5845/6242/1131 5846/6243/1132
f 5845/6242/1131 5847/6244/1133 5846/6243/1132
f 5846/6245/1132 5847/6246/1133 5848/6247/1134
f 5847/6246/1133 5849/6248/1135 5848/6247/1134
f 5848/6247/1134 5849/6248/1135 5850/6249/1136
f 5849/6248/1135 5851/6250/1137 5850/6249/1136
f 5850/6251/1136 5851/6252/1137 5852/6253/1138
f 5851/6252/1137 5853/6254/1139 5852/6253/1138
f 5852/6253/1138 5853/6254/1139 5854/6255/1140
f 5853/6254/1139 5855/6256/1140 5854/6255/1140
f 5854/6257/1140 5855/6258/1140 5856/6259/1141
f 5855/6258/1140 5857/6260/1142 5856/6259/1141
f 5856/6261/1141 5857/6262/1142 5858/6263/1143
f 5857/6262/1142 5859/6264/1144 5858/6263/1143
f 5858/6263/1143 5859/6264/1144 5860/6265/1145
f 5859/6264/1144 5861/6266/1146 5860/6265/1145
f 5860/6265/1145 5861/6266/1146 5862/6267/1147
f 5861/6266/1146 5863/6268/1148 5862/6267/1147
f 5862/6269/1147 5863/6270/1148 5864/6271/1149
f 5863/6270/1148 5865/6272/1150 5864/6271/1149
f 5864/6271/1149 5865/6272/1150 5866/6273/1151
f 5865/6272/1150 5867/6274/1152 5866/6273/1151
f 5866/6273/1151 5867/6274/1152 5868/6275/1153
f 5867/6274/1152 5869/6276/1154 5868/6275/1153
f 5868/6277/1153 5869/6278/1154 5870/6279/1155
f 5869/6278/1154 5871/6280/1156 5870/6279/1155
f 5870/6281/1155 5871/6282/1156 5872/6283/1157
f 5871/6282/1156 5873/6284/1158 5872/6283/1157
f 5872/6283/1157 5873/6284/1158 5874/6285/1159
f 5873/6284/1158 5875/6286/1160 5874/6285/1159
f 5874/6285/1159 5875/6286/1160 5876/6287/1161
f 5875/6286/1160 5877/6288/1162 5876/6287/1161
f 5876/6287/1161 5877/6288/1162 5878/6289/1163
f 5877/6288/1162 5879/6290/1164 5878/6289/1163
f 5880/6291/1165 5881/6292/1166 5882/6293/1167
f 5881/6292/1166 5883/6294/1168 5882/6293/1167
f 5883/6294/1168 5884/6295/1169 5882/6293/1167
f 5884/6295/1169 5885/6296/1170 5882/6293/1167
f 5882/6293/1167 5885/6296/1170 5886/6297/1171
f 5886/6297/1171 5885/6296/1170 5887/6298/1172
f 5885/6296/1170 5888/6299/1173 5887/6298/1172
f 5888/6299/1173 5889/6300/1174 5887/6298/1172
f 5887/6298/1172 5889/6300/1174 5890/6301/1175
f 5891/6302/1176 5892/6303/1176 5893/6304/1176
f 5892/6303/1176 5894/6305/1176 5893/6304/1176
f 5894/6305/1176 5895/6306/1176 5893/6304/1176
f 5895/6306/1176 5896/6307/1176 5893/6304/1176
f 5893/6304/1176 5896/6307/1176 5897/6308/1176
f 5896/6307/1176 5898/6309/1176 5897/6308/1176
f 5898/6309/1176 5899/6310/1176 5897/6308/1176
f 5897/6308/1176 5899/6310/1176 5900/6311/1176
f 5899/6310/1176 5901/6312/1176 5900/6311/1176
f 5902/6313/1177 5903/6314/1178 5904/6315/1179
f 5903/6314/1178 5905/6316/1180 5904/6315/1179
f 5905/6316/1180 5906/6317/1181 5904/6315/1179
f 5906/6317/1181 5907/6318/1182 5904/6315/1179
f 5904/6315/1179 5907/6318/1182 5908/6319/1183
f 5907/6318/1182 5909/6320/1184 5908/6319/1183
f 5908/6319/1183 5909/6320/1184 5910/6321/1185
f 5909/6320/1184 5911/6322/1186 5910/6321/1185
f 5910/6321/1185 5911/6322/1186 5912/6323/1187
f 5913/6324/1188 5914/6325/1189 5915/6326/1190
f 5914/6325/1189 5916/6327/1191 5915/6326/1190
f 5916/6327/1191 5917/6328/1192 5915/6326/1190
f 5917/6328/1192 5918/6329/1193 5915/6326/1190
f 5915/6326/1190 5918/6329/1193 5919/6330/1194
f 5918/6329/1193 5920/6331/1195 5919/6330/1194
f 5919/6330/1194 5920/6331/1195 5921/6332/1196
f 5920/6331/1195 5922/6333/1197 5921/6332/1196
f 5921/6332/1196 5922/6333/1197 5923/6334/1198
f 5924/6335/1199 5925/6336/1200 5926/6337/1201
f 5925/6336/1200 5927/6338/1202 5926/6337/1201
f 5927/6338/1202 5928/6339/1203 5926/6337/1201
f 5928/6339/1203 5929/6340/1204 5926/6337/1201
f 5926/6337/1201 5929/6340/1204 5930/6341/1205
f 5930/6341/1205 5929/6340/1204 5931/6342/1206
f 5929/6340/1204 5932/6343/1207 5931/6342/1206
f 5932/6343/1207 5933/6344/1208 5931/6342/1206
f 5931/6342/1206 5933/6344/1208 5934/6345/1209
f 5935/6346/1210 5936/6347/1211 5937/6348/1212
f 5937/6349/1212 5936/6350/1211 5938/6351/1213
f 5938/6351/1213 5936/6350/1211 5939/6352/1214
f 5936/6353/1211 5940/6354/1215 5939/6355/1214
f 5940/6354/1215 5941/6356/1216 5939/6355/1214
f 5941/6356/1216 5942/6357/1217 5939/6355/1214
f 5939/6355/1214 5942/6357/1217 5943/6358/1218
f 5942/6357/1217 5944/6359/1219 5943/6358/1218
f 5943/6358/1218 5944/6359/1219 5945/6360/1220
f 5946/6361/1221 5947/6362/1222 5948/6363/1223
f 5948/6363/1223 5947/6362/1222 5949/6364/1224
f 5947/6362/1222 5941/6356/1216 5949/6364/1224
f 5949/6364/1224 5941/6356/1216 5950/6365/1225
f 5950/6365/1225 5941/6356/1216 5951/6366/1226
f 5941/6356/1216 5940/6354/1215 5951/6366/1226
f 5940/6367/1215 5952/6368/1227 5951/6369/1226
f 5952/6370/1227 5953/6371/1228 5951/6372/1226
f 5953/6371/1228 5954/6373/1229 5951/6372/1226
f 5954/6373/1229 5955/6374/1230 5951/6372/1226
f 5951/6372/1226 5955/6374/1230 5956/6375/1231
f 5955/6374/1230 5957/6376/1232 5956/6375/1231
f 5956/6375/1231 5957/6376/1232 5958/6377/1233
f 5957/6376/1232 5959/6378/1234 5958/6377/1233
f 5958/6377/1233 5959/6378/1234 5960/6379/1235
f 5961/6380/1236 5962/6381/1237 5963/6382/1238
f 5963/6383/1238 5962/6384/1237 5964/6385/1239
f 5964/6385/1239 5962/6384/1237 5965/6386/1240
f 5962/6384/1237 5966/6387/1241 5965/6386/1240
f 5966/6388/1241 5967/6389/1242 5965/6390/1240
f 5967/6389/1242 5968/6391/1243 5965/6390/1240
f 5965/6390/1240 5968/6391/1243 5969/6392/1244
f 5968/6391/1243 5970/6393/1245 5969/6392/1244
f 5969/6392/1244 5970/6393/1245 5971/6394/1246
f 5972/6395/1247 5973/6396/1248 5974/6397/1249
f 5974/6397/1249 5973/6396/1248 5975/6398/1250
f 5973/6396/1248 5967/6389/1242 5975/6398/1250
f 5975/6398/1250 5967/6389/1242 5976/6399/1251
f 5976/6399/1251 5967/6389/1242 5977/6400/1252
f 5967/6389/1242 5966/6388/1241 5977/6400/1252
f 5966/6388/1241 5978/6401/1253 5977/6400/1252
f 5978/6401/1253 5979/6402/1254 5977/6400/1252
f 5979/6402/1254 5980/6403/1255 5977/6400/1252
f 5977/6400/1252 5980/6403/1255 5981/6404/1256
f 5980/6403/1255 5982/6405/1257 5981/6404/1256
f 5981/6404/1256 5982/6405/1257 5983/6406/1258
f 5982/6405/1257 5984/6407/1259 5983/6406/1258
f 5983/6406/1258 5984/6407/1259 5985/6408/1260
f 5986/6409/1261 5987/6410/1262 5988/6411/1263
f 5987/6410/1262 5989/6412/1264 5988/6411/1263
f 5989/6412/1264 5990/6413/1265 5988/6411/1263
f 5988/6411/1263 5990/6413/1265 5991/6414/1266
f 5991/6414/1266 5990/6413/1265 5992/6415/1267
f 5992/6415/1267 5990/6413/1265 5993/6416/1268
f 5990/6413/1265 5994/6417/1269 5993/6416/1268
f 5993/6416/1268 5994/6417/1269 5995/6418/1270
f 5994/6417/1269 5996/6419/1271 5995/6418/1270
f 5997/6420/1272 5998/6421/1273 5999/6422/1274
f 5998/6421/1273 6000/6423/1275 5999/6422/1274
f 5999/6422/1274 6000/6423/1275 5992/6415/1267
f 6000/6423/1275 6001/6424/1276 5992/6415/1267
f 6001/6424/1276 6002/6425/1277 5992/6415/1267
f 5992/6415/1267 6002/6425/1277 5991/6414/1266
f 5991/6414/1266 6002/6425/1277 6003/6426/1278
f 6003/6426/1278 6002/6425/1277 6004/6427/1279
f 6004/6427/1279 6002/6425/1277 6005/6428/1280
f 6005/6428/1280 6002/6425/1277 6006/6429/1281
f 6002/6425/1277 6007/6430/1282 6006/6429/1281
f 6006/6429/1281 6007/6430/1282 6008/6431/1283
f 6007/6430/1282 6009/6432/1284 6008/6431/1283
f 6008/6431/1283 6009/6432/1284 6010/6433/1285
f 6009/6432/1284 6011/6434/1286 6010/6433/1285
f 6012/6435/1287 6013/6436/1288 6014/6437/1289
f 6013/6438/1288 6015/6439/1290 6014/6440/1289
f 6015/6439/1290 6016/6441/1291 6014/6440/1289
f 6014/6440/1289 6016/6441/1291 6017/6442/1292
f 6017/6443/1292 6016/6444/1291 6018/6445/1293
f 6018/6445/1293 6016/6444/1291 6019/6446/1294
f 6016/6444/1291 6020/6447/1295 6019/6446/1294
f 6019/6446/1294 6020/6447/1295 6021/6448/1296
f 6020/6449/1295 6022/6450/1297 6021/6451/1296
f 6023/6452/1298 6024/6453/1299 6025/6454/1300
f 6024/6453/1299 6026/6455/1301 6025/6454/1300
f 6025/6454/1300 6026/6455/1301 6018/6445/1293
f 6026/6455/1301 6027/6456/1302 6018/6445/1293
f 6027/6456/1302 6028/6457/1303 6018/6445/1293
f 6018/6445/1293 6028/6457/1303 6017/6443/1292
f 6017/6458/1292 6028/6459/1303 6029/6460/1304
f 6029/6460/1304 6028/6459/1303 6030/6461/1305
f 6030/6461/1305 6028/6459/1303 6031/6462/1306
f 6028/6463/1303 6032/6464/1307 6031/6465/1306
f 6031/6465/1306 6032/6464/1307 6033/6466/1308
f 6032/6464/1307 6034/6467/1309 6033/6466/1308
f 6033/6466/1308 6034/6467/1309 6035/6468/1310
f 6034/6467/1309 6036/6469/1311 6035/6468/1310
f 6037/6470/1312 6038/6471/1313 6039/6472/1314
f 6039/6472/1314 6038/6471/1313 6040/6473/1315
f 6038/6474/1313 6041/6475/1316 6040/6476/1315
f 6040/6476/1315 6041/6475/1316 6042/6477/1317
f 6041/6478/1316 6043/6479/1318 6042/6480/1317
f 6042/6480/1317 6043/6479/1318 6044/6481/1319
f 6043/6479/1318 6045/6482/1320 6044/6481/1319
f 6044/6481/1319 6045/6482/1320 6046/6483/1321
f 6045/6482/1320 6047/6484/1322 6046/6483/1321
f 6046/6483/1321 6047/6484/1322 6048/6485/1323
f 6049/6486/1324 6050/6487/1325 6051/6488/1326
f 6050/6487/1325 6052/6489/1327 6051/6488/1326
f 6052/6490/1327 6053/6491/1328 6051/6492/1326
f 6051/6492/1326 6053/6491/1328 6054/6493/1329
f 6053/6491/1328 6055/6494/1330 6054/6493/1329
f 6054/6493/1329 6055/6494/1330 6056/6495/1331
f 6056/6496/1331 6055/6497/1330 6057/6498/1332
f 6055/6497/1330 6058/6499/1333 6057/6498/1332
f 6058/6499/1333 6059/6500/1334 6057/6498/1332
f 6057/6498/1332 6059/6500/1334 6060/6501/1335
f 6061/6502/1336 6062/6503/1337 6063/6504/1338
f 6063/6504/1338 6062/6503/1337 6064/6505/1339
f 6062/6503/1337 6065/6506/1340 6064/6505/1339
f 6064/6505/1339 6065/6506/1340 6066/6507/1341
f 6065/6508/1340 6067/6509/1342 6066/6510/1341
f 6066/6510/1341 6067/6509/1342 6068/6511/1343
f 6067/6512/1342 6069/6513/1344 6068/6514/1343
f 6068/6514/1343 6069/6513/1344 6070/6515/1345
f 6069/6513/1344 6071/6516/1346 6070/6515/1345
f 6070/6515/1345 6071/6516/1346 6072/6517/1347
f 6073/6518/1348 6074/6519/1349 6075/6520/1350
f 6074/6519/1349 6076/6521/1351 6075/6520/1350
f 6075/6522/1350 6076/6523/1351 6077/6524/1352
f 6076/6523/1351 6078/6525/1353 6077/6524/1352
f 6077/6524/1352 6078/6525/1353 6079/6526/1354
f 6078/6525/1353 6080/6527/1355 6079/6526/1354
f 6079/6526/1354 6080/6527/1355 6081/6528/1356
f 6080/6527/1355 6082/6529/1357 6081/6528/1356
f 6081/6528/1356 6082/6529/1357 6083/6530/1358
f 6082/6529/1357 6084/6531/1359 6083/6530/1358
f 6074/6532/1349 6073/6533/1348 6085/6534/1360
f 6073/6533/1348 6086/6535/1361 6085/6534/1360
f 6085/6534/1360 6086/6535/1361 6087/6536/1362
f 6086/6535/1361 6088/6537/1363 6087/6536/1362
f 6087/6536/1362 6088/6537/1363 6089/6538/1364
f 6088/6537/1363 6090/6539/1365 6089/6538/1364
f 6089/6538/1364 6090/6539/1365 6091/6540/1366
f 6090/6539/1365 6092/6541/1367 6091/6540/1366
f 6091/6542/1366 6092/6543/1367 6093/6544/1368
f 6092/6543/1367 6094/6545/1369 6093/6544/1368
f 6093/6544/1368 6094/6545/1369 6095/6546/1370
f 6094/6545/1369 6096/6547/1371 6095/6546/1370
f 6095/6546/1370 6096/6547/1371 6097/6548/1372
f 6096/6547/1371 6098/6549/1373 6097/6548/1372
f 6097/6548/1372 6098/6549/1373 6099/6550/1374
f 6098/6549/1373 6100/6551/1375 6099/6550/1374
f 6100/6552/1375 6101/6553/1376 6099/6554/1374
f 6101/6553/1376 6102/6555/1377 6099/6554/1374
f 6102/6556/1377 6101/6557/1376 6103/6558/1378
f 6101/6557/1376 6104/6559/1379 6103/6558/1378
f 6103/6558/1378 6104/6559/1379 6105/6560/1380
f 6104/6559/1379 6106/6561/1381 6105/6560/1380
f 6105/6560/1380 6106/6561/1381 6107/6562/1382
f 6106/6561/1381 6108/6563/1383 6107/6562/1382
f 6107/6562/1382 6108/6563/1383 6109/6564/1384
f 6108/6563/1383 6110/6565/1385 6109/6564/1384
f 6109/6566/1384 6110/6567/1385 6111/6568/1386
f 6110/6567/1385 6112/6569/1387 6111/6568/1386
f 6111/6568/1386 6112/6569/1387 6113/6570/1388
f 6112/6569/1387 6114/6571/1389 6113/6570/1388
f 6113/6570/1388 6114/6571/1389 6115/6572/1390
f 6114/6571/1389 6116/6573/1391 6115/6572/1390
f 6115/6572/1390 6116/6573/1391 6117/6574/1392
f 6116/6573/1391 6118/6575/1393 6117/6574/1392
f 6117/6576/1392 6118/6577/1393 6119/6578/1394
f 6118/6577/1393 6120/6579/1395 6119/6578/1394
f 6119/6580/1394 6120/6581/1395 6121/6582/1396
f 6120/6581/1395 6122/6583/1397 6121/6582/1396
f 6121/6582/1396 6122/6583/1397 6123/6584/1398
f 6122/6583/1397 6124/6585/1399 6123/6584/1398
f 6123/6584/1398 6124/6585/1399 6125/6586/1400
f 6124/6585/1399 6126/6587/1401 6125/6586/1400
f 6125/6586/1400 6126/6587/1401 6127/6588/1402
f 6126/6587/1401 6128/6589/1403 6127/6588/1402
f 6128/6590/1403 6129/6591/1404 6127/6592/1402
f 6127/6592/1402 6129/6591/1404 6130/6593/1405
f 6130/6593/1405 6129/6591/1404 6131/6594/1406
f 6129/6591/1404 6132/6595/1406 6131/6594/1406
f 6131/6596/1406 6132/6597/1406 6133/6598/1407
f 6132/6597/1406 6134/6599/1408 6133/6598/1407
f 6133/6600/1407 6134/6601/1408 6135/6602/1409
f 6134/6601/1408 6136/6603/1410 6135/6602/1409
f 6135/6602/1409 6136/6603/1410 6137/6604/1411
f 6136/6603/1410 6138/6605/1412 6137/6604/1411
f 6139/6606/627 6140/6607/627 6141/6608/627
f 6140/6607/627 6142/6609/627 6141/6608/627
f 6141/6608/627 6142/6609/627 6143/6610/627
f 6142/6609/627 6144/6611/627 6143/6610/627
f 6144/6611/627 6145/6612/627 6143/6610/627
f 6143/6610/627 6145/6612/627 6146/6613/627
f 6145/6612/627 6147/6614/627 6146/6613/627
f 6147/6614/627 6148/6615/627 6146/6613/627
f 6148/6615/627 6141/6608/627 6146/6613/627
f 6146/6613/627 6141/6608/627 6143/6610/627
f 6149/6616/1413 6150/6617/1414 6151/6618/1415
f 6150/6617/1414 6152/6619/1416 6151/6618/1415
f 6152/6619/1416 6153/6620/1417 6151/6618/1415
f 6151/6618/1415 6153/6620/1417 6154/6621/1418
f 6153/6620/1417 6155/6622/1419 6154/6621/1418
f 6154/6621/1418 6155/6622/1419 6156/6623/1420
f 6156/6624/1420 6155/6625/1419 6157/6626/1421
f 6155/6625/1419 6158/6627/1422 6157/6626/1421
f 6158/6628/1422 6159/6629/1423 6157/6630/1421
f 6157/6630/1421 6159/6629/1423 6160/6631/1424
f 6159/6629/1423 6161/6632/1425 6160/6631/1424
f 6160/6631/1424 6161/6632/1425 6162/6633/1426
f 6163/6634/1427 6164/6635/1428 6165/6636/1429
f 6164/6635/1428 6166/6637/1430 6165/6636/1429
f 6166/6637/1430 6167/6638/1431 6165/6636/1429
f 6165/6636/1429 6167/6638/1431 6168/6639/1432
f 6167/6640/1431 6169/6641/1433 6168/6642/1432
f 6168/6642/1432 6169/6641/1433 6170/6643/1434
f 6170/6644/1434 6169/6645/1433 6171/6646/1435
f 6169/6645/1433 6172/6647/1436 6171/6646/1435
f 6172/6647/1436 6173/6648/1437 6171/6646/1435
f 6171/6646/1435 6173/6648/1437 6174/6649/1438
f 6174/6649/1438 6173/6648/1437 6175/6650/1439
f 6173/6648/1437 6176/6651/1439 6175/6650/1439
f 6177/6652/1440 6178/6653/1441 6179/6654/1442
f 6178/6653/1441 6180/6655/1443 6179/6654/1442
f 6180/6655/1443 6181/6656/1444 6179/6654/1442
f 6179/6654/1442 6181/6656/1444 6182/6657/1445
f 6181/6658/1444 6183/6659/1446 6182/6660/1445
f 6182/6660/1445 6183/6659/1446 6184/6661/1447
f 6183/6662/1446 6185/6663/1448 6184/6664/1447
f 6184/6664/1447 6185/6663/1448 6186/6665/1449
f 6185/6663/1448 6187/6666/1450 6186/6665/1449
f 6186/6665/1449 6187/6666/1450 6188/6667/1451
f 6187/6668/1450 6189/6669/1452 6188/6670/1451
f 6188/6670/1451 6189/6669/1452 6190/6671/1453
f 6189/6669/1452 6191/6672/1454 6190/6671/1453
f 6190/6671/1453 6191/6672/1454 6192/6673/1455
f 6193/6674/1176 6194/6675/1176 6195/6676/1176
f 6194/6675/1176 6196/6677/1176 6195/6676/1176
f 6195/6676/1176 6196/6677/1176 6197/6678/1176
f 6196/6677/1176 6198/6679/1176 6197/6678/1176
f 6197/6678/1176 6198/6679/1176 6199/6680/1176
f 6199/6680/1176 6198/6679/1176 6200/6681/1176
f 6198/6679/1176 6201/6682/1176 6200/6681/1176
f 6201/6682/1176 6202/6683/1176 6200/6681/1176
f 6202/6683/1176 6203/6684/1176 6200/6681/1176
f 6203/6684/1176 6204/6685/1176 6200/6681/1176
f 6204/6685/1176 6205/6686/1176 6200/6681/1176
f 6200/6681/1176 6205/6686/1176 6206/6687/1176
f 6205/6686/1176 6207/6688/1176 6206/6687/1176
f 6207/6688/1176 6208/6689/1176 6206/6687/1176
f 6206/6687/1176 6208/6689/1176 6209/6690/1176
f 6210/6691/1456 6211/6692/1457 6212/6693/1458
f 6211/6692/1457 6213/6694/1459 6212/6693/1458
f 6212/6693/1458 6213/6694/1459 6214/6695/1460
f 6213/6694/1459 6215/6696/1461 6214/6695/1460
f 6215/6696/1461 6216/6697/1462 6214/6695/1460
f 6214/6695/1460 6216/6697/1462 6217/6698/1463
f 6216/6697/1462 6218/6699/1464 6217/6698/1463
f 6217/6698/1463 6218/6699/1464 6219/6700/1465
f 6218/6701/1464 6220/6702/1466 6219/6703/1465
f 6219/6703/1465 6220/6702/1466 6221/6704/1467
f 6220/6705/1466 6222/6706/1468 6221/6707/1467
f 6221/6707/1467 6222/6706/1468 6223/6708/1469
f 6222/6706/1468 6224/6709/1470 6223/6708/1469
f 6223/6708/1469 6224/6709/1470 6225/6710/1471
f 6224/6709/1470 6226/6711/1472 6225/6710/1471
f 6225/6710/1471 6226/6711/1472 6227/6712/1473
f 6228/6713/1474 6229/6714/1475 6230/6715/1476
f 6230/6715/1476 6229/6714/1475 6231/6716/1477
f 6229/6714/1475 6232/6717/1478 6231/6716/1477
f 6231/6716/1477 6232/6717/1478 6233/6718/1479
f 6232/6719/1478 6234/6720/1480 6233/6721/1479
f 6233/6721/1479 6234/6720/1480 6235/6722/1481
f 6235/6722/1481 6234/6720/1480 6236/6723/1482
f 6234/6720/1480 6237/6724/1483 6236/6723/1482
f 6237/6724/1483 6238/6725/1484 6236/6723/1482
f 6236/6723/1482 6238/6725/1484 6239/6726/1485
f 6238/6727/1484 6240/6728/1486 6239/6729/1485
f 6239/6729/1485 6240/6728/1486 6241/6730/1487
f 6240/6731/1486 6242/6732/1488 6241/6733/1487
f 6241/6733/1487 6242/6732/1488 6243/6734/1489
f 6242/6732/1488 6244/6735/1490 6243/6734/1489
f 6243/6734/1489 6244/6735/1490 6245/6736/1491
f 6244/6735/1490 6246/6737/1492 6245/6736/1491
f 6245/6736/1491 6246/6737/1492 6247/6738/1493
f 6248/6739/1 6249/6740/1 6250/6741/1
f 6251/6742/1 6252/6743/1 6253/6744/1
f 6254/6745/1 6255/6746/1 6256/6747/1
f 6257/6748/1 6258/6749/1 6259/6750/1
f 6260/6751/1 6261/6752/1 6262/6753/1
f 6263/6754/1 6264/6755/1 6265/6756/1
f 6266/6757/1 6267/6758/1 6268/6759/1
f 6269/6760/1 6270/6761/1 6271/6762/1
f 6272/6763/1 6273/6764/1 6274/6765/1
f 6275/6766/1 6276/6767/1 6277/6768/1
f 6278/6769/1 6279/6770/1 6280/6771/1
f 6281/6772/1 6282/6773/1 6283/6774/1
f 6284/6775/1 6285/6776/1 6286/6777/1
f 6287/6778/1 6288/6779/1 6289/6780/1
f 6290/6781/1 6291/6782/1 6292/6783/1
f 6293/6784/1 6294/6785/1 6295/6786/1
f 6296/6787/1 6297/6788/1 6298/6789/1
f 6299/6790/1 6300/6791/1 6301/6792/1
f 6302/6793/1494 6303/6794/1494 6304/6795/1494
f 6305/6796/1494 6306/6797/1494 6307/6798/1494
f 6308/6799/1495 6309/6800/1495 6310/6801/1495
f 6311/6802/1495 6312/6803/1495 6313/6804/1495
f 6314/6805/1496 6315/6806/1496 6316/6807/1496
f 6317/6808/1496 6318/6809/1496 6319/6810/1496
f 6320/6811/1497 6321/6812/1497 6322/6813/1497
f 6323/6814/1497 6324/6815/1497 6325/6816/1497
f 6326/6817/1498 6327/6818/1498 6328/6819/1498
f 6329/6820/1498 6330/6821/1498 6331/6822/1498
f 6332/6823/7 6333/6824/7 6334/6825/7
f 6335/6826/7 6336/6827/7 6337/6828/7
f 6338/6829/2 6339/6830/2 6340/6831/2
f 6341/6832/2 6342/6833/2 6343/6834/2
f 6344/6835/6 6345/6836/6 6346/6837/6
f 6347/6838/12 6348/6839/12 6349/6840/12
f 6350/6841/14 6351/6842/14 6352/6843/14
f 6353/6844/16 6354/6845/16 6355/6846/16
f 6356/6847/12 6357/6848/12 6358/6849/12
f 6359/6850/12 6360/6851/12 6361/6852/12
f 6362/6853/16 6363/6854/16 6364/6855/16
f 6365/6856/16 6366/6857/16 6367/6858/16
f 6368/6859/15 6369/6860/15 6370/6861/15
f 6371/6862/15 6372/6863/15 6373/6864/15
f 6374/6865/15 6375/6866/15 6376/6867/15
f 6377/6868/14 6378/6869/14 6379/6870/14
f 6380/6871/14 6381/6872/14 6382/6873/14
f 6383/6874/14 6384/6875/14 6385/6876/14
f 6386/6877/14 6387/6878/14 6388/6879/14
f 6389/6880/14 6390/6881/14 6391/6882/14
f 6392/6883/14 6393/6884/14 6394/6885/14
f 6395/6886/14 6396/6887/14 6397/6888/14
f 6398/6889/14 6399/6890/14 6400/6891/14
f 6401/6892/14 6402/6893/14 6403/6894/14
f 6404/6895/14 6405/6896/14 6406/6897/14
f 6407/6898/15 6408/6899/15 6409/6900/15
f 6410/6901/15 6411/6902/15 6412/6903/15
f 6413/6904/15 6414/6905/15 6415/6906/15
f 6416/6907/15 6417/6908/15 6418/6909/15
f 6419/6910/15 6420/6911/15 6421/6912/15
f 6422/6913/15 6423/6914/15 6424/6915/15
f 6425/6916/15 6426/6917/15 6427/6918/15
f 6428/6919/15 6429/6920/15 6430/6921/15
f 6431/6922/15 6432/6923/15 6433/6924/15
f 6434/6925/15 6435/6926/15 6436/6927/15
f 6437/6928/12 6438/6929/12 6439/6930/12
f 6440/6931/12 6441/6932/12 6442/6933/12
f 6443/6934/12 6444/6935/12 6445/6936/12
f 6446/6937/12 6447/6938/12 6448/6939/12
f 6449/6940/12 6450/6941/12 6451/6942/12
f 6452/6943/12 6453/6944/12 6454/6945/12
f 6455/6946/12 6456/6947/12 6457/6948/12
f 6458/6949/12 6459/6950/12 6460/6951/12
f 6461/6952/12 6462/6953/12 6463/6954/12
f 6464/6955/12 6465/6956/12 6466/6957/12
f 6467/6958/16 6468/6959/16 6469/6960/16
f 6470/6961/16 6471/6962/16 6472/6963/16
f 6473/6964/16 6474/6965/16 6475/6966/16
f 6476/6967/16 6477/6968/16 6478/6969/16
f 6479/6970/16 6480/6971/16 6481/6972/16
f 6482/6973/16 6483/6974/16 6484/6975/16
f 6485/6976/16 6486/6977/16 6487/6978/16
f 6488/6979/16 6489/6980/16 6490/6981/16
f 6491/6982/16 6492/6983/16 6493/6984/16
f 6494/6985/16 6495/6986/16 6496/6987/16
f 6497/6988/14 6498/6989/14 6499/6990/14
f 6500/6991/14 6501/6992/14 6502/6993/14
f 6503/6994/12 6504/6995/12 6505/6996/12
f 6506/6997/12 6507/6998/12 6508/6999/12
f 6509/7000/16 6510/7001/16 6511/7002/16
f 6512/7003/16 6513/7004/16 6514/7005/16
f 6515/7006/15 6516/7007/15 6517/7008/15
f 6518/7009/15 6519/7010/15 6520/7011/15
f 6521/7012/7 6522/7013/7 6523/7014/7
f 6524/7015/6 6525/7016/6 6526/7017/6
f 6527/7018/6 6528/7019/6 6529/7020/6
f 6530/7021/6 6531/7022/6 6532/7023/6
f 6533/7024/6 6534/7025/6 6535/7026/6
f 6536/7027/14 6537/7028/14 6538/7029/14
f 6539/7030/12 6540/7031/12 6541/7032/12
f 6542/7033/15 6543/7034/15 6544/7035/15
f 6545/7036/14 6546/7037/14 6547/7038/14
f 6548/7039/14 6549/7040/14 6550/7041/14
f 6551/7042/15 6552/7043/15 6553/7044/15
f 6554/7045/15 6555/7046/15 6556/7047/15
f 6557/7048/12 6558/7049/12 6559/7050/12
f 6560/7051/12 6561/7052/12 6562/7053/12
f 6563/7054/16 6564/7055/16 6565/7056/16
f 6566/7057/16 6567/7058/16 6568/7059/16
f 6569/7060/16 6570/7061/16 6571/7062/16
f 6572/7063/12 6573/7064/12 6574/7065/12
f 6575/7066/12 6576/7067/12 6577/7068/12
f 6578/7069/12 6579/7070/12 6580/7071/12
f 6581/7072/12 6582/7073/12 6583/7074/12
f 6584/7075/12 6585/7076/12 6586/7077/12
f 6587/7078/12 6588/7079/12 6589/7080/12
f 6590/7081/12 6591/7082/12 6592/7083/12
f 6593/7084/12 6594/7085/12 6595/7086/12
f 6596/7087/12 6597/7088/12 6598/7089/12
f 6599/7090/12 6600/7091/12 6601/7092/12
f 6602/7093/16 6603/7094/16 6604/7095/16
f 6605/7096/16 6606/7097/16 6607/7098/16
f 6608/7099/16 6609/7100/16 6610/7101/16
f 6611/7102/16 6612/7103/16 6613/7104/16
f 6614/7105/16 6615/7106/16 6616/7107/16
f 6617/7108/16 6618/7109/16 6619/7110/16
f 6620/7111/16 6621/7112/16 6622/7113/16
f 6623/7114/16 6624/7115/16 6625/7116/16
f 6626/7117/16 6627/7118/16 6628/7119/16
f 6629/7120/16 6630/7121/16 6631/7122/16
f 6632/7123/14 6633/7124/14 6634/7125/14
f 6635/7126/14 6636/7127/14 6637/7128/14
f 6638/7129/14 6639/7130/14 6640/7131/14
f 6641/7132/14 6642/7133/14 6643/7134/14
f 6644/7135/14 6645/7136/14 6646/7137/14
f 6647/7138/14 6648/7139/14 6649/7140/14
f 6650/7141/14 6651/7142/14 6652/7143/14
f 6653/7144/14 6654/7145/14 6655/7146/14
f 6656/7147/14 6657/7148/14 6658/7149/14
f 6659/7150/14 6660/7151/14 6661/7152/14
f 6662/7153/15 6663/7154/15 6664/7155/15
f 6665/7156/15 6666/7157/15 6667/7158/15
f 6668/7159/15 6669/7160/15 6670/7161/15
f 6671/7162/15 6672/7163/15 6673/7164/15
f 6674/7165/15 6675/7166/15 6676/7167/15
f 6677/7168/15 6678/7169/15 6679/7170/15
f 6680/7171/15 6681/7172/15 6682/7173/15
f 6683/7174/15 6684/7175/15 6685/7176/15
f 6686/7177/15 6687/7178/15 6688/7179/15
f 6689/7180/15 6690/7181/15 6691/7182/15
f 6692/7183/12 6693/7184/12 6694/7185/12
f 6695/7186/12 6696/7187/12 6697/7188/12
f 6698/7189/14 6699/7190/14 6700/7191/14
f 6701/7192/14 6702/7193/14 6703/7194/14
f 6704/7195/16 6705/7196/16 6706/7197/16
f 6707/7198/16 6708/7199/16 6709/7200/16
f 6710/7201/15 6711/7202/15 6712/7203/15
f 6713/7204/15 6714/7205/15 6715/7206/15
f 6716/7207/7 6717/7208/7 6718/7209/7
f 6719/7210/2 6720/7211/2 6721/7212/2
f 6722/7213/1499 6723/7214/1499 6724/7215/1499
f 6725/7216/1500 6726/7217/1500 6727/7218/1500
f 6728/7219/496 6729/7220/496 6730/7221/496
f 6731/7222/1499 6732/7223/1499 6733/7224/1499
f 6734/7225/1501 6735/7226/1501 6736/7227/1501
f 6737/7228/1502 6738/7229/1502 6739/7230/1502
f 6740/7231/1503 6741/7232/1503 6742/7233/1503
f 6743/7234/1504 6744/7235/1504 6745/7236/1504
f 6746/7237/7 6747/7238/7 6748/7239/7
f 6749/7240/1505 6750/7241/1505 6751/7242/1505
f 6752/7243/1506 6753/7244/1506 6754/7245/1506
f 6755/7246/477 6756/7247/477 6757/7248/477
f 6758/7249/1505 6759/7250/1505 6760/7251/1505
f 6761/7252/1507 6762/7253/1507 6763/7254/1507
f 6764/7255/1503 6765/7256/1503 6766/7257/1503
f 6767/7258/1502 6768/7259/1502 6769/7260/1502
f 6770/7261/1508 6771/7262/1508 6772/7263/1508
f 6773/7264/2 6774/7265/2 6775/7266/2
f 6776/7267/2 6777/7268/2 6778/7269/2
f 6777/7268/2 6779/7270/2 6778/7269/2
f 6778/7269/2 6779/7270/2 6773/7264/2
f 6773/7264/2 6779/7270/2 6774/7265/2
f 6779/7270/2 6777/7268/2 6774/7265/2
f 6780/7271/7 6781/7272/7 6782/7273/7
f 6783/7274/7 6784/7275/7 6782/7273/7
f 6782/7273/7 6784/7275/7 6780/7271/7
f 6784/7275/7 6785/7276/7 6780/7271/7
f 6786/7277/6 6787/7278/6 6788/7279/6
f 6789/7280/6 6790/7281/6 6788/7279/6
f 6788/7279/6 6790/7281/6 6786/7277/6
f 6790/7281/6 6791/7282/6 6786/7277/6
f 6792/7283/1495 6793/7284/1495 6794/7285/1495
f 6793/7284/1495 6795/7286/1495 6794/7285/1495
f 6796/7287/1509 6797/7288/1509 6798/7289/1509
f 6797/7288/1509 6799/7290/1509 6798/7289/1509
f 6800/7291/1510 6801/7292/1510 6802/7293/1510
f 6801/7292/1510 6803/7294/1510 6802/7293/1510
f 6804/7295/1511 6805/7296/1512 6806/7297/1512
f 6805/7296/1512 6807/7298/1512 6806/7297/1512
f 6808/7299/1513 6809/7300/1513 6810/7301/1513
f 6809/7300/1513 6811/7302/1513 6810/7301/1513
f 6812/7303/1514 6813/7304/1514 6814/7305/1514
f 6813/7304/1514 6815/7306/1514 6814/7305/1514
f 6816/7307/1515 6817/7308/1515 6818/7309/1515
f 6817/7308/1515 6819/7310/1515 6818/7309/1515
f 6820/7311/1516 6821/7312/1516 6822/7313/1516
f 6821/7312/1516 6823/7314/1516 6822/7313/1516
f 6824/7315/6 6825/7316/6 6826/7317/6
f 6825/7316/6 6827/7318/6 6826/7317/6
f 6828/7319/6 6829/7320/6 6830/7321/6
f 6829/7320/6 6831/7322/6 6830/7321/6
f 6832/7323/2 6833/7324/2 6834/7325/2
f 6833/7324/2 6835/7326/2 6834/7325/2
f 6836/7327/2 6837/7328/2 6838/7329/2
f 6837/7328/2 6839/7330/2 6838/7329/2
f 6840/7331/5 6841/7332/5 6842/7333/5
f 6841/7332/5 6843/7334/5 6842/7333/5
f 6844/7335/6 6845/7336/6 6846/7337/6
f 6845/7336/6 6847/7338/6 6846/7337/6
f 6848/7339/2 6849/7340/2 6850/7341/2
f 6849/7340/2 6851/7342/2 6850/7341/2
f 6852/7343/7 6853/7344/7 6854/7345/7
f 6853/7344/7 6855/7346/7 6854/7345/7
f 6856/7347/2 6857/7348/2 6858/7349/2
f 6857/7348/2 6859/7350/2 6858/7349/2
f 6860/7351/2 6861/7352/2 6862/7353/2
f 6861/7352/2 6863/7354/2 6862/7353/2
f 6864/7355/6 6865/7356/6 6866/7357/6
f 6865/7356/6 6867/7358/6 6866/7357/6
f 6868/7359/2 6869/7360/2 6870/7361/2
f 6869/7360/2 6871/7362/2 6870/7361/2
f 6872/7363/5 6873/7364/5 6874/7365/5
f 6873/7364/5 6875/7366/5 6874/7365/5
f 6876/7367/2 6877/7368/2 6878/7369/2
f 6877/7368/2 6879/7370/2 6878/7369/2
f 6880/7371/5 6881/7372/5 6882/7373/5
f 6881/7372/5 6883/7374/5 6882/7373/5
f 6884/7375/5 6885/7376/5 6886/7377/5
f 6885/7376/5 6887/7378/5 6886/7377/5
f 6888/7379/7 6889/7380/7 6890/7381/7
f 6889/7380/7 6891/7382/7 6890/7381/7
f 6892/7383/7 6893/7384/7 6894/7385/7
f 6893/7384/7 6895/7386/7 6894/7385/7
f 6896/7387/7 6897/7388/7 6898/7389/7
f 6897/7388/7 6899/7390/7 6898/7389/7
f 6900/7391/7 6901/7392/7 6902/7393/7
f 6901/7392/7 6903/7394/7 6902/7393/7
f 6904/7395/6 6905/7396/6 6906/7397/6
f 6905/7396/6 6907/7398/6 6906/7397/6
f 6908/7399/6 6909/7400/6 6910/7401/6
f 6909/7400/6 6911/7402/6 6910/7401/6
f 6912/7403/6 6913/7404/6 6914/7405/6
f 6913/7404/6 6915/7406/6 6914/7405/6
f 6916/7407/6 6917/7408/6 6918/7409/6
f 6917/7408/6 6919/7410/6 6918/7409/6
f 6920/7411/6 6921/7412/6 6922/7413/6
f 6921/7412/6 6923/7414/6 6922/7413/6
f 6924/7415/6 6925/7416/6 6926/7417/6
f 6925/7416/6 6927/7418/6 6926/7417/6
f 6928/7419/6 6929/7420/6 6930/7421/6
f 6929/7420/6 6931/7422/6 6930/7421/6
f 6932/7423/14 6933/7424/14 6934/7425/14
f 6933/7424/14 6935/7426/14 6934/7425/14
f 6936/7427/7 6937/7428/7 6938/7429/7
f 6937/7428/7 6939/7430/7 6938/7429/7
f 6940/7431/7 6941/7432/7 6942/7433/7
f 6941/7432/7 6943/7434/7 6942/7433/7
f 6944/7435/6 6945/7436/6 6946/7437/6
f 6945/7436/6 6947/7438/6 6946/7437/6
f 6948/7439/6 6949/7440/6 6950/7441/6
f 6949/7440/6 6951/7442/6 6950/7441/6
f 6952/7443/6 6953/7444/6 6954/7445/6
f 6953/7444/6 6955/7446/6 6954/7445/6
f 6956/7447/6 6957/7448/6 6958/7449/6
f 6957/7448/6 6959/7450/6 6958/7449/6
f 6960/7451/6 6961/7452/6 6962/7453/6
f 6961/7452/6 6963/7454/6 6962/7453/6
f 6964/7455/6 6965/7456/6 6966/7457/6
f 6965/7456/6 6967/7458/6 6966/7457/6
f 6968/7459/5 6969/7460/5 6970/7461/5
f 6969/7460/5 6971/7462/5 6970/7461/5
f 6972/7463/5 6973/7464/5 6974/7465/5
f 6973/7464/5 6975/7466/5 6974/7465/5
f 6976/7467/5 6977/7468/5 6978/7469/5
f 6977/7468/5 6979/7470/5 6978/7469/5
f 6980/7471/5 6981/7472/5 6982/7473/5
f 6981/7472/5 6983/7474/5 6982/7473/5
f 6984/7475/7 6985/7476/7 6986/7477/7
f 6985/7476/7 6987/7478/7 6986/7477/7
f 6988/7479/7 6989/7480/7 6990/7481/7
f 6989/7480/7 6991/7482/7 6990/7481/7
f 6992/7483/5 6993/7484/5 6994/7485/5
f 6993/7484/5 6995/7486/5 6994/7485/5
f 6996/7487/6 6997/7488/6 6998/7489/6
f 6997/7488/6 6999/7490/6 6998/7489/6
f 7000/7491/1517 7001/7492/1517 7002/7493/1517
f 7001/7492/1517 7003/7494/1517 7002/7493/1517
f 7004/7495/10 7005/7496/10 7006/7497/10
f 7005/7496/10 7007/7498/10 7006/7497/10
f 7008/7499/10 7009/7500/10 7010/7501/10
f 7009/7500/10 7011/7502/10 7010/7501/10
f 7012/7503/1518 7013/7504/1518 7014/7505/1518
f 7013/7504/1518 7015/7506/1518 7014/7505/1518
f 7016/7507/5 7017/7508/5 7018/7509/5
f 7017/7508/5 7019/7510/5 7018/7509/5
f 7020/7511/5 7018/7509/5 7021/7512/5
f 7018/7509/5 7019/7510/5 7021/7512/5
f 7021/7512/5 7019/7510/5 7022/7513/5
f 7023/7514/5 7024/7515/5 7025/7516/5
f 7024/7515/5 7026/7517/5 7025/7516/5
f 7027/7518/5 7028/7519/5 7025/7516/5
f 7028/7519/5 7029/7520/5 7025/7516/5
f 7025/7516/5 7029/7520/5 7023/7514/5
f 7029/7520/5 7030/7521/5 7023/7514/5
f 7031/7522/6 7032/7523/6 7033/7524/6
f 7032/7523/6 7034/7525/6 7033/7524/6
f 7035/7526/6 7036/7527/6 7033/7524/6
f 7036/7527/6 7037/7528/6 7033/7524/6
f 7033/7524/6 7037/7528/6 7031/7522/6
f 7037/7528/6 7038/7529/6 7031/7522/6
f 7039/7530/5 7040/7531/5 7041/7532/5
f 7040/7531/5 7042/7533/5 7041/7532/5
f 7043/7534/5 7040/7531/5 7044/7535/5
f 7040/7531/5 7039/7530/5 7044/7535/5
f 7044/7535/5 7039/7530/5 7045/7536/5
f 7039/7530/5 7046/7537/5 7045/7536/5
f 7047/7538/7 7048/7539/7 7049/7540/7
f 7048/7539/7 7050/7541/7 7049/7540/7
f 7051/7542/7 7052/7543/7 7047/7538/7
f 7052/7543/7 7053/7544/7 7047/7538/7
f 7047/7538/7 7053/7544/7 7048/7539/7
f 7053/7544/7 7054/7545/7 7048/7539/7
f 7055/7546/5 7056/7547/5 7057/7548/5
f 7056/7547/5 7058/7549/5 7057/7548/5
f 7059/7550/5 7060/7551/5 7057/7548/5
f 7060/7551/5 7061/7552/5 7057/7548/5
f 7057/7548/5 7061/7552/5 7055/7546/5
f 7061/7552/5 7062/7553/5 7055/7546/5
f 7055/7546/5 7062/7553/5 7063/7554/5
f 7064/7555/5 7060/7551/5 7065/7556/5
f 7060/7551/5 7059/7550/5 7065/7556/5
f 7065/7556/5 7059/7550/5 7066/7557/5
f 7067/7558/6 7068/7559/6 7069/7560/6
f 7068/7559/6 7070/7561/6 7069/7560/6
f 7071/7562/6 7072/7563/6 7069/7560/6
f 7072/7563/6 7073/7564/6 7069/7560/6
f 7069/7560/6 7073/7564/6 7067/7558/6
f 7073/7564/6 7074/7565/6 7067/7558/6
f 7067/7558/6 7074/7565/6 7075/7566/6
f 7074/7565/6 7076/7567/6 7075/7566/6
f 7077/7568/5 7078/7569/5 7079/7570/5
f 7078/7569/5 7080/7571/5 7079/7570/5
f 7081/7572/5 7082/7573/5 7078/7569/5
f 7082/7573/5 7083/7574/5 7078/7569/5
f 7078/7569/5 7083/7574/5 7080/7571/5
f 7083/7574/5 7084/7575/5 7080/7571/5
f 7085/7576/7 7086/7577/7 7087/7578/7
f 7086/7577/7 7088/7579/7 7087/7578/7
f 7089/7580/7 7090/7581/7 7091/7582/7
f 7090/7581/7 7088/7579/7 7091/7582/7
f 7088/7579/7 7086/7577/7 7091/7582/7
f 7091/7582/7 7086/7577/7 7092/7583/7
f 7093/7584/7 7094/7585/7 7095/7586/7
f 7094/7585/7 7096/7587/7 7095/7586/7
f 7097/7588/7 7098/7589/7 7099/7590/7
f 7098/7589/7 7096/7587/7 7099/7590/7
f 7096/7587/7 7094/7585/7 7099/7590/7
f 7099/7590/7 7094/7585/7 7100/7591/7
f 7101/7592/1 7102/7593/1 7103/7594/1
f 7102/7593/1 7104/7595/1 7103/7594/1
f 7103/7594/1 7104/7595/1 7105/7596/1
f 7106/7597/5 7107/7598/5 7108/7599/5
f 7107/7598/5 7109/7600/5 7108/7599/5
f 7108/7599/5 7109/7600/5 7110/7601/5
f 7111/7602/2 7112/7603/2 7113/7604/2
f 7112/7603/2 7114/7605/2 7113/7604/2
f 7113/7604/2 7114/7605/2 7115/7606/2
f 7116/7607/6 7117/7608/6 7118/7609/6
f 7117/7608/6 7119/7610/6 7118/7609/6
f 7118/7609/6 7119/7610/6 7120/7611/6
f 7121/7612/6 7122/7613/6 7123/7614/6
f 7122/7613/6 7124/7615/6 7123/7614/6
f 7123/7614/6 7124/7615/6 7125/7616/6
f 7126/7617/6 7127/7618/6 7128/7619/6
f 7127/7618/6 7129/7620/6 7128/7619/6
f 7128/7619/6 7129/7620/6 7130/7621/6
f 7131/7622/1 7132/7623/1 7133/7624/1
f 7132/7623/1 7134/7625/1 7133/7624/1
f 7133/7624/1 7134/7625/1 7135/7626/1
f 7136/7627/7 7137/7628/7 7138/7629/7
f 7137/7628/7 7139/7630/7 7138/7629/7
f 7140/7631/7 7137/7628/7 7141/7632/7
f 7137/7628/7 7136/7627/7 7141/7632/7
f 7141/7632/7 7136/7627/7 7142/7633/7
f 7142/7633/7 7136/7627/7 7143/7634/7
f 7136/7627/7 7138/7629/7 7143/7634/7
f 7143/7634/7 7138/7629/7 7144/7635/7
f 7145/7636/5 7146/7637/5 7147/7638/5
f 7146/7637/5 7148/7639/5 7147/7638/5
f 7147/7638/5 7148/7639/5 7149/7640/5
f 7150/7641/2 7151/7642/2 7152/7643/2
f 7151/7642/2 7153/7644/2 7152/7643/2
f 7152/7643/2 7153/7644/2 7154/7645/2
f 7155/7646/2 7156/7647/2 7157/7648/2
f 7156/7647/2 7158/7649/2 7157/7648/2
f 7157/7648/2 7158/7649/2 7159/7650/2
f 7160/7651/2 7157/7648/2 7161/7652/2
f 7157/7648/2 7159/7650/2 7161/7652/2
f 7161/7652/2 7159/7650/2 7162/7653/2
f 7159/7650/2 7163/7654/2 7162/7653/2
f 7162/7653/2 7163/7654/2 7164/7655/2
f 7165/7656/7 7166/7657/7 7167/7658/7
f 7166/7657/7 7168/7659/7 7167/7658/7
f 7167/7658/7 7168/7659/7 7169/7660/7
f 7170/7661/7 7171/7662/7 7172/7663/7
f 7171/7662/7 7173/7664/7 7172/7663/7
f 7172/7663/7 7173/7664/7 7165/7656/7
f 7165/7656/7 7173/7664/7 7166/7657/7
f 7173/7664/7 7174/7665/7 7166/7657/7
f 7175/7666/7 7176/7667/7 7177/7668/7
f 7176/7667/7 7178/7669/7 7177/7668/7
f 7177/7668/7 7178/7669/7 7179/7670/7
f 7180/7671/7 7181/7672/7 7182/7673/7
f 7181/7672/7 7183/7674/7 7182/7673/7
f 7182/7673/7 7183/7674/7 7175/7666/7
f 7175/7666/7 7183/7674/7 7176/7667/7
f 7183/7674/7 7184/7675/7 7176/7667/7
f 7185/7676/5 7186/7677/5 7187/7678/5
f 7186/7677/5 7188/7679/5 7187/7678/5
f 7187/7678/5 7188/7679/5 7189/7680/5
f 7190/7681/5 7191/7682/5 7185/7676/5
f 7191/7682/5 7192/7683/5 7185/7676/5
f 7185/7676/5 7192/7683/5 7186/7677/5
f 7192/7683/5 7193/7684/5 7186/7677/5
f 7186/7677/5 7193/7684/5 7194/7685/5
f 7195/7686/6 7196/7687/6 7197/7688/6
f 7196/7687/6 7198/7689/6 7197/7688/6
f 7197/7688/6 7198/7689/6 7199/7690/6
f 7198/7689/6 7200/7691/6 7199/7690/6
f 7201/7692/1519 7202/7693/1519 7203/7694/1500
f 7202/7693/1519 7204/7695/1500 7203/7694/1500
f 7203/7694/1500 7204/7695/1500 7205/7696/2
f 7204/7695/1500 7206/7697/2 7205/7696/2
f 7207/7698/7 7208/7699/7 7209/7700/1506
f 7208/7699/7 7210/7701/1506 7209/7700/1506
f 7209/7700/1506 7210/7701/1506 7211/7702/378
f 7210/7701/1506 7212/7703/378 7211/7702/378
f 7213/7704/5 7214/7705/5 7215/7706/5
f 7214/7705/5 7216/7707/5 7215/7706/5
f 7215/7706/5 7216/7707/5 7217/7708/5
f 7216/7707/5 7218/7709/5 7217/7708/5
f 7219/7710/2 7220/7711/2 7221/7712/2
f 7220/7711/2 7222/7713/2 7221/7712/2
f 7221/7712/2 7222/7713/2 7223/7714/2
f 7222/7713/2 7224/7715/2 7223/7714/2
f 7225/7716/5 7226/7717/5 7227/7718/5
f 7226/7717/5 7228/7719/5 7227/7718/5
f 7227/7718/5 7228/7719/5 7229/7720/5
f 7228/7719/5 7230/7721/5 7229/7720/5
f 7231/7722/6 7232/7723/6 7233/7724/6
f 7232/7723/6 7234/7725/6 7233/7724/6
f 7233/7724/6 7234/7725/6 7235/7726/6
f 7234/7725/6 7236/7727/6 7235/7726/6
f 7237/7728/5 7238/7729/5 7239/7730/5
f 7239/7730/5 7238/7729/5 7240/7731/5
f 7238/7729/5 7241/7732/5 7240/7731/5
f 7240/7731/5 7241/7732/5 7242/7733/5
f 7243/7734/7 7244/7735/7 7245/7736/7
f 7245/7736/7 7244/7735/7 7246/7737/7
f 7244/7735/7 7247/7738/7 7246/7737/7
f 7246/7737/7 7247/7738/7 7248/7739/7
f 7249/7740/6 7250/7741/6 7251/7742/6
f 7251/7742/6 7250/7741/6 7252/7743/6
f 7250/7741/6 7253/7744/6 7252/7743/6
f 7252/7743/6 7253/7744/6 7254/7745/6
f 7255/7746/5 7256/7747/5 7257/7748/5
f 7256/7747/5 7258/7749/5 7257/7748/5
f 7258/7749/5 7259/7750/5 7257/7748/5
f 7257/7748/5 7259/7750/5 7260/7751/5
f 7261/7752/2 7262/7753/2 7263/7754/2
f 7262/7753/2 7264/7755/2 7263/7754/2
f 7264/7755/2 7265/7756/2 7263/7754/2
f 7263/7754/2 7265/7756/2 7266/7757/2
f 7267/7758/5 7268/7759/5 7269/7760/5
f 7268/7759/5 7270/7761/5 7269/7760/5
f 7270/7761/5 7271/7762/5 7269/7760/5
f 7269/7760/5 7271/7762/5 7272/7763/5
f 7273/7764/6 7274/7765/6 7275/7766/6
f 7275/7766/6 7274/7765/6 7276/7767/6
f 7274/7765/6 7277/7768/6 7276/7767/6
f 7276/7767/6 7277/7768/6 7278/7769/6
f 7279/7770/7 7280/7771/7 7281/7772/7
f 7280/7771/7 7282/7773/7 7281/7772/7
f 7282/7773/7 7283/7774/7 7281/7772/7
f 7281/7772/7 7283/7774/7 7284/7775/7
f 7285/7776/6 7286/7777/6 7287/7778/6
f 7287/7778/6 7286/7777/6 7288/7779/6
f 7286/7777/6 7289/7780/6 7288/7779/6
f 7288/7779/6 7289/7780/6 7290/7781/6
f 7291/7782/6 7292/7783/6 7293/7784/6
f 7293/7784/6 7292/7783/6 7294/7785/6
f 7292/7783/6 7295/7786/6 7294/7785/6
f 7294/7785/6 7295/7786/6 7296/7787/6
f 7297/7788/5 7298/7789/5 7299/7790/5
f 7298/7789/5 7300/7791/5 7299/7790/5
f 7300/7791/5 7301/7792/5 7299/7790/5
f 7299/7790/5 7301/7792/5 7302/7793/5
f 7303/7794/2 7304/7795/2 7305/7796/2
f 7304/7795/2 7306/7797/2 7305/7796/2
f 7306/7797/2 7307/7798/2 7305/7796/2
f 7305/7796/2 7307/7798/2 7308/7799/2
f 7309/7800/6 7310/7801/6 7311/7802/6
f 7310/7801/6 7312/7803/6 7311/7802/6
f 7312/7803/6 7313/7804/6 7311/7802/6
f 7311/7802/6 7313/7804/6 7314/7805/6
f 7315/7806/6 7316/7807/6 7317/7808/6
f 7317/7808/6 7316/7807/6 7318/7809/6
f 7316/7807/6 7319/7810/6 7318/7809/6
f 7318/7809/6 7319/7810/6 7320/7811/6
f 7321/7812/2 7322/7813/2 7323/7814/2
f 7322/7813/2 7324/7815/2 7323/7814/2
f 7324/7815/2 7325/7816/2 7323/7814/2
f 7323/7814/2 7325/7816/2 7326/7817/2
f 7327/7818/6 7328/7819/6 7329/7820/6
f 7329/7820/6 7328/7819/6 7330/7821/6
f 7328/7819/6 7331/7822/6 7330/7821/6
f 7330/7821/6 7331/7822/6 7332/7823/6
f 7333/7824/7 7334/7825/7 7335/7826/7
f 7334/7825/7 7336/7827/7 7335/7826/7
f 7336/7827/7 7337/7828/7 7335/7826/7
f 7335/7826/7 7337/7828/7 7338/7829/7
f 7339/7830/6 7340/7831/6 7341/7832/6
f 7340/7831/6 7342/7833/6 7341/7832/6
f 7341/7832/6 7342/7833/6 7343/7834/6
f 7342/7833/6 7344/7835/6 7343/7834/6
f 7345/7836/6 7346/7837/6 7347/7838/6
f 7346/7837/6 7348/7839/6 7347/7838/6
f 7347/7838/6 7348/7839/6 7349/7840/6
f 7348/7839/6 7350/7841/6 7349/7840/6
f 7351/7842/5 7352/7843/5 7353/7844/5
f 7352/7843/5 7354/7845/5 7353/7844/5
f 7353/7844/5 7354/7845/5 7355/7846/5
f 7354/7845/5 7356/7847/5 7355/7846/5
f 7357/7848/5 7358/7849/5 7359/7850/5
f 7358/7849/5 7360/7851/5 7359/7850/5
f 7359/7850/5 7360/7851/5 7361/7852/5
f 7360/7851/5 7362/7853/5 7361/7852/5
f 7363/7854/1520 7364/7855/1520 7365/7856/1520
f 7364/7855/1520 7366/7857/1521 7365/7856/1520
f 7366/7857/1521 7367/7858/1521 7365/7856/1520
f 7365/7856/1520 7367/7858/1521 7368/7859/1521
f 7369/7860/5 7370/7861/5 7371/7862/5
f 7371/7862/5 7370/7861/5 7372/7863/5
f 7370/7861/5 7373/7864/5 7372/7863/5
f 7372/7863/5 7373/7864/5 7374/7865/5
f 7375/7866/6 7376/7867/6 7377/7868/6
f 7376/7867/6 7378/7869/6 7377/7868/6
f 7378/7869/6 7379/7870/6 7377/7868/6
f 7377/7868/6 7379/7870/6 7380/7871/6
f 7381/7872/5 7382/7873/5 7383/7874/5
f 7383/7874/5 7382/7873/5 7384/7875/5
f 7382/7873/5 7385/7876/5 7384/7875/5
f 7384/7875/5 7385/7876/5 7386/7877/5
f 7387/7878/6 7388/7879/6 7389/7880/6
f 7388/7879/6 7390/7881/6 7389/7880/6
f 7390/7881/6 7391/7882/6 7389/7880/6
f 7389/7880/6 7391/7882/6 7392/7883/6
f 7393/7884/2 7394/7885/2 7395/7886/496
f 7394/7885/2 7396/7887/496 7395/7886/496
f 7396/7887/496 7397/7888/1522 7395/7886/496
f 7395/7886/496 7397/7888/1522 7398/7889/1523
f 7399/7890/6 7400/7891/6 7401/7892/6
f 7401/7892/6 7400/7891/6 7402/7893/6
f 7400/7891/6 7403/7894/6 7402/7893/6
f 7402/7893/6 7403/7894/6 7404/7895/6
f 7405/7896/5 7406/7897/5 7407/7898/5
f 7406/7897/5 7408/7899/5 7407/7898/5
f 7408/7899/5 7409/7900/5 7407/7898/5
f 7407/7898/5 7409/7900/5 7410/7901/5
f 7411/7902/7 7412/7903/7 7413/7904/477
f 7412/7903/7 7414/7905/477 7413/7904/477
f 7414/7905/477 7415/7906/1524 7413/7904/477
f 7413/7904/477 7415/7906/1524 7416/7907/1525
f 7417/7908/1526 7418/7909/1526 7419/7910/1526
f 7418/7909/1526 7420/7911/1526 7419/7910/1526
f 7420/7911/1526 7421/7912/1526 7419/7910/1526
f 7419/7910/1526 7421/7912/1526 7422/7913/1526
f 7423/7914/6 7424/7915/6 7425/7916/6
f 7424/7915/6 7426/7917/6 7425/7916/6
f 7425/7916/6 7426/7917/6 7427/7918/6
f 7427/7918/6 7426/7917/6 7428/7919/6
f 7426/7917/6 7429/7920/6 7428/7919/6
f 7430/7921/5 7431/7922/5 7432/7923/5
f 7431/7922/5 7433/7924/5 7432/7923/5
f 7433/7924/5 7434/7925/5 7432/7923/5
f 7432/7923/5 7434/7925/5 7435/7926/5
f 7434/7925/5 7436/7927/5 7435/7926/5
f 7437/7928/6 7438/7929/6 7439/7930/6
f 7438/7929/6 7440/7931/6 7439/7930/6
f 7439/7930/6 7440/7931/6 7441/7932/6
f 7440/7931/6 7442/7933/6 7441/7932/6
f 7441/7932/6 7442/7933/6 7443/7934/6
f 7444/7935/5 7445/7936/5 7446/7937/5
f 7445/7936/5 7447/7938/5 7446/7937/5
f 7447/7938/5 7448/7939/5 7446/7937/5
f 7446/7937/5 7448/7939/5 7449/7940/5
f 7450/7941/5 7448/7939/5 7451/7942/5
f 7448/7939/5 7447/7938/5 7451/7942/5
f 7451/7942/5 7447/7938/5 7452/7943/5
f 7452/7943/5 7447/7938/5 7453/7944/5
f 7447/7938/5 7445/7936/5 7453/7944/5
f 7453/7944/5 7445/7936/5 7454/7945/5
f 7455/7946/7 7456/7947/7 7457/7948/7
f 7456/7947/7 7458/7949/7 7457/7948/7
f 7457/7948/7 7458/7949/7 7459/7950/7
f 7459/7950/7 7458/7949/7 7460/7951/7
f 7460/7951/7 7458/7949/7 7461/7952/7
f 7458/7949/7 7462/7953/7 7461/7952/7
f 7463/7954/2 7464/7955/2 7465/7956/2
f 7465/7956/2 7464/7955/2 7466/7957/2
f 7466/7957/2 7464/7955/2 7467/7958/2
f 7464/7955/2 7468/7959/2 7467/7958/2
f 7468/7959/2 7469/7960/2 7467/7958/2
f 7467/7958/2 7469/7960/2 7470/7961/2
f 7471/7962/6 7472/7963/6 7473/7964/6
f 7472/7963/6 7474/7965/6 7473/7964/6
f 7474/7965/6 7475/7966/6 7473/7964/6
f 7473/7964/6 7475/7966/6 7476/7967/6
f 7475/7966/6 7477/7968/6 7476/7967/6
f 7476/7967/6 7477/7968/6 7478/7969/6
f 7479/7970/7 7480/7971/7 7481/7972/7
f 7480/7971/7 7482/7973/7 7481/7972/7
f 7482/7973/7 7483/7974/7 7481/7972/7
f 7481/7972/7 7483/7974/7 7484/7975/7
f 7483/7974/7 7485/7976/7 7484/7975/7
f 7484/7975/7 7485/7976/7 7486/7977/7
f 7487/7978/1527 7488/7979/1527 7489/7980/1527
f 7488/7979/1527 7490/7981/1527 7489/7980/1527
f 7490/7981/1527 7491/7982/1527 7489/7980/1527
f 7489/7980/1527 7491/7982/1527 7492/7983/1527
f 7491/7982/1527 7493/7984/1527 7492/7983/1527
f 7492/7983/1527 7493/7984/1527 7494/7985/1527
f 7495/7986/5 7496/7987/5 7497/7988/5
f 7496/7987/5 7498/7989/5 7497/7988/5
f 7498/7989/5 7499/7990/5 7497/7988/5
f 7497/7988/5 7499/7990/5 7500/7991/5
f 7499/7990/5 7501/7992/5 7500/7991/5
f 7500/7991/5 7501/7992/5 7502/7993/5
f 7503/7994/5 7504/7995/5 7505/7996/5
f 7505/7996/5 7504/7995/5 7506/7997/5
f 7504/7995/5 7507/7998/5 7506/7997/5
f 7506/7997/5 7507/7998/5 7508/7999/5
f 7507/7998/5 7509/8000/5 7508/7999/5
f 7508/7999/5 7509/8000/5 7510/8001/5
f 7511/8002/1528 7512/8003/1528 7513/8004/1528
f 7513/8004/1528 7512/8003/1528 7514/8005/1528
f 7512/8003/1528 7515/8006/1528 7514/8005/1528
f 7514/8005/1528 7515/8006/1528 7516/8007/1528
f 7515/8006/1528 7517/8008/1528 7516/8007/1528
f 7516/8007/1528 7517/8008/1528 7518/8009/1528
f 7519/8010/6 7520/8011/6 7521/8012/6
f 7521/8012/6 7520/8011/6 7522/8013/6
f 7520/8011/6 7523/8014/6 7522/8013/6
f 7522/8013/6 7523/8014/6 7524/8015/6
f 7523/8014/6 7525/8016/6 7524/8015/6
f 7524/8015/6 7525/8016/6 7526/8017/6
f 7527/8018/2 7528/8019/2 7529/8020/2
f 7529/8020/2 7528/8019/2 7530/8021/2
f 7528/8019/2 7531/8022/2 7530/8021/2
f 7530/8021/2 7531/8022/2 7532/8023/2
f 7531/8022/2 7533/8024/2 7532/8023/2
f 7532/8023/2 7533/8024/2 7534/8025/2
f 7535/8026/1529 7536/8027/1529 7537/8028/1529
f 7537/8028/1529 7536/8027/1529 7538/8029/1529
f 7536/8027/1529 7539/8030/1529 7538/8029/1529
f 7538/8029/1529 7539/8030/1529 7540/8031/1529
f 7539/8030/1529 7541/8032/1529 7540/8031/1529
f 7540/8031/1529 7541/8032/1529 7542/8033/1529
f 7543/8034/5 7544/8035/5 7545/8036/5
f 7545/8036/5 7544/8035/5 7546/8037/5
f 7544/8035/5 7547/8038/5 7546/8037/5
f 7546/8037/5 7547/8038/5 7548/8039/5
f 7547/8038/5 7549/8040/5 7548/8039/5
f 7548/8039/5 7549/8040/5 7550/8041/5
f 7551/8042/5 7552/8043/5 7553/8044/5
f 7552/8043/5 7554/8045/5 7553/8044/5
f 7554/8045/5 7555/8046/5 7553/8044/5
f 7553/8044/5 7555/8046/5 7556/8047/5
f 7555/8046/5 7557/8048/5 7556/8047/5
f 7556/8047/5 7557/8048/5 7558/8049/5
f 7559/8050/2 7560/8051/2 7561/8052/2
f 7560/8051/2 7562/8053/2 7561/8052/2
f 7562/8053/2 7563/8054/2 7561/8052/2
f 7561/8052/2 7563/8054/2 7564/8055/2
f 7563/8054/2 7565/8056/2 7564/8055/2
f 7564/8055/2 7565/8056/2 7566/8057/2
f 7567/8058/1530 7568/8059/1530 7569/8060/1530
f 7568/8059/1530 7570/8061/1530 7569/8060/1530
f 7570/8061/1530 7571/8062/1530 7569/8060/1530
f 7569/8060/1530 7571/8062/1530 7572/8063/1530
f 7571/8062/1530 7573/8064/1530 7572/8063/1530
f 7572/8063/1530 7573/8064/1530 7574/8065/1530
f 7575/8066/6 7576/8067/6 7577/8068/6
f 7576/8067/6 7578/8069/6 7577/8068/6
f 7578/8069/6 7579/8070/6 7577/8068/6
f 7577/8068/6 7579/8070/6 7580/8071/6
f 7579/8070/6 7581/8072/6 7580/8071/6
f 7580/8071/6 7581/8072/6 7582/8073/6
f 7583/8074/6 7584/8075/6 7585/8076/6
f 7584/8075/6 7586/8077/6 7585/8076/6
f 7586/8077/6 7587/8078/6 7585/8076/6
f 7585/8076/6 7587/8078/6 7588/8079/6
f 7587/8078/6 7589/8080/6 7588/8079/6
f 7588/8079/6 7589/8080/6 7590/8081/6
f 7591/8082/7 7592/8083/7 7593/8084/7
f 7592/8083/7 7594/8085/7 7593/8084/7
f 7594/8085/7 7595/8086/7 7593/8084/7
f 7593/8084/7 7595/8086/7 7596/8087/7
f 7595/8086/7 7597/8088/7 7596/8087/7
f 7596/8087/7 7597/8088/7 7598/8089/7
f 7599/8090/1531 7600/8091/1531 7601/8092/1531
f 7600/8091/1531 7602/8093/1531 7601/8092/1531
f 7602/8093/1531 7603/8094/1531 7601/8092/1531
f 7601/8092/1531 7603/8094/1531 7604/8095/1531
f 7603/8094/1531 7605/8096/1531 7604/8095/1531
f 7604/8095/1531 7605/8096/1531 7606/8097/1531
f 7607/8098/5 7608/8099/5 7609/8100/5
f 7608/8099/5 7610/8101/5 7609/8100/5
f 7610/8101/5 7611/8102/5 7609/8100/5
f 7609/8100/5 7611/8102/5 7612/8103/5
f 7611/8102/5 7613/8104/5 7612/8103/5
f 7612/8103/5 7613/8104/5 7614/8105/5
f 7615/8106/1532 7616/8107/1532 7617/8108/1532
f 7617/8108/1532 7616/8107/1532 7618/8109/1532
f 7616/8107/1532 7619/8110/1532 7618/8109/1532
f 7618/8109/1532 7619/8110/1532 7620/8111/1532
f 7619/8110/1532 7621/8112/1532 7620/8111/1532
f 7620/8111/1532 7621/8112/1532 7622/8113/1532
f 7623/8114/5 7624/8115/5 7625/8116/5
f 7624/8115/5 7626/8117/5 7625/8116/5
f 7626/8117/5 7627/8118/5 7625/8116/5
f 7625/8116/5 7627/8118/5 7628/8119/5
f 7627/8118/5 7629/8120/5 7628/8119/5
f 7628/8119/5 7629/8120/5 7630/8121/5
f 7631/8122/2 7632/8123/2 7633/8124/2
f 7632/8123/2 7634/8125/2 7633/8124/2
f 7634/8125/2 7635/8126/2 7633/8124/2
f 7633/8124/2 7635/8126/2 7636/8127/2
f 7635/8126/2 7637/8128/2 7636/8127/2
f 7636/8127/2 7637/8128/2 7638/8129/2
f 7639/8130/1530 7640/8131/1530 7641/8132/1530
f 7640/8131/1530 7642/8133/1530 7641/8132/1530
f 7642/8133/1530 7643/8134/1530 7641/8132/1530
f 7641/8132/1530 7643/8134/1530 7644/8135/1530
f 7643/8134/1530 7645/8136/1530 7644/8135/1530
f 7644/8135/1530 7645/8136/1530 7646/8137/1530
f 7647/8138/6 7648/8139/6 7649/8140/6
f 7648/8139/6 7650/8141/6 7649/8140/6
f 7650/8141/6 7651/8142/6 7649/8140/6
f 7649/8140/6 7651/8142/6 7652/8143/6
f 7651/8142/6 7653/8144/6 7652/8143/6
f 7652/8143/6 7653/8144/6 7654/8145/6
f 7655/8146/7 7656/8147/7 7657/8148/7
f 7656/8147/7 7658/8149/7 7657/8148/7
f 7658/8149/7 7659/8150/7 7657/8148/7
f 7657/8148/7 7659/8150/7 7660/8151/7
f 7659/8150/7 7661/8152/7 7660/8151/7
f 7660/8151/7 7661/8152/7 7662/8153/7
f 7663/8154/5 7664/8155/5 7665/8156/5
f 7664/8155/5 7666/8157/5 7665/8156/5
f 7666/8157/5 7667/8158/5 7665/8156/5
f 7665/8156/5 7667/8158/5 7668/8159/5
f 7667/8158/5 7669/8160/5 7668/8159/5
f 7668/8159/5 7669/8160/5 7670/8161/5
f 7671/8162/1533 7672/8163/1533 7673/8164/1533
f 7672/8163/1533 7674/8165/1533 7673/8164/1533
f 7674/8165/1533 7675/8166/1533 7673/8164/1533
f 7673/8164/1533 7675/8166/1533 7676/8167/1533
f 7675/8166/1533 7677/8168/1533 7676/8167/1533
f 7676/8167/1533 7677/8168/1533 7678/8169/1533
f 7679/8170/2 7680/8171/2 7681/8172/2
f 7680/8171/2 7682/8173/2 7681/8172/2
f 7682/8173/2 7683/8174/2 7681/8172/2
f 7681/8172/2 7683/8174/2 7684/8175/2
f 7683/8174/2 7685/8176/2 7684/8175/2
f 7684/8175/2 7685/8176/2 7686/8177/2
f 7687/8178/6 7688/8179/6 7689/8180/6
f 7688/8179/6 7690/8181/6 7689/8180/6
f 7689/8180/6 7690/8181/6 7691/8182/6
f 7690/8181/6 7692/8183/6 7691/8182/6
f 7692/8183/6 7693/8184/6 7691/8182/6
f 7691/8182/6 7693/8184/6 7694/8185/6
f 7695/8186/5 7696/8187/5 7697/8188/5
f 7696/8187/5 7698/8189/5 7697/8188/5
f 7697/8188/5 7698/8189/5 7699/8190/5
f 7699/8190/5 7698/8189/5 7700/8191/5
f 7698/8189/5 7701/8192/5 7700/8191/5
f 7700/8191/5 7701/8192/5 7702/8193/5
f 7703/8194/5 7704/8195/5 7705/8196/5
f 7704/8195/5 7706/8197/5 7705/8196/5
f 7706/8197/5 7707/8198/5 7705/8196/5
f 7707/8198/5 7708/8199/5 7705/8196/5
f 7708/8199/5 7709/8200/5 7705/8196/5
f 7705/8196/5 7709/8200/5 7710/8201/5
f 7711/8202/7 7712/8203/7 7713/8204/7
f 7712/8203/7 7714/8205/7 7713/8204/7
f 7714/8205/7 7715/8206/7 7713/8204/7
f 7715/8206/7 7716/8207/7 7713/8204/7
f 7716/8207/7 7717/8208/7 7713/8204/7
f 7713/8204/7 7717/8208/7 7711/8202/7
f 7718/8209/7 7719/8210/7 7720/8211/7
f 7720/8211/7 7719/8210/7 7721/8212/7
f 7719/8210/7 7722/8213/7 7721/8212/7
f 7721/8212/7 7722/8213/7 7723/8214/7
f 7723/8214/7 7722/8213/7 7724/8215/7
f 7722/8213/7 7725/8216/7 7724/8215/7
f 7724/8215/7 7725/8216/7 7726/8217/7
f 7727/8218/6 7728/8219/6 7729/8220/6
f 7729/8220/6 7728/8219/6 7730/8221/6
f 7728/8219/6 7731/8222/6 7730/8221/6
f 7730/8221/6 7731/8222/6 7732/8223/6
f 7732/8223/6 7731/8222/6 7733/8224/6
f 7731/8222/6 7734/8225/6 7733/8224/6
f 7733/8224/6 7734/8225/6 7735/8226/6
f 7736/8227/6 7737/8228/6 7738/8229/6
f 7738/8229/6 7737/8228/6 7739/8230/6
f 7737/8228/6 7740/8231/6 7739/8230/6
f 7740/8231/6 7741/8232/6 7739/8230/6
f 7739/8230/6 7741/8232/6 7742/8233/6
f 7741/8232/6 7743/8234/6 7742/8233/6
f 7742/8233/6 7743/8234/6 7744/8235/6
f 7745/8236/7 7746/8237/7 7747/8238/7
f 7746/8237/7 7748/8239/7 7747/8238/7
f 7747/8238/7 7748/8239/7 7749/8240/7
f 7749/8240/7 7748/8239/7 7750/8241/7
f 7750/8241/7 7748/8239/7 7751/8242/7
f 7748/8239/7 7746/8237/7 7751/8242/7
f 7751/8242/7 7746/8237/7 7752/8243/7
f 7753/8244/7 7754/8245/7 7755/8246/7
f 7755/8246/7 7754/8245/7 7756/8247/7
f 7756/8247/7 7754/8245/7 7757/8248/7
f 7754/8245/7 7758/8249/7 7757/8248/7
f 7758/8249/7 7759/8250/7 7757/8248/7
f 7759/8250/7 7760/8251/7 7757/8248/7
f 7760/8251/7 7761/8252/7 7757/8248/7
f 7757/8248/7 7761/8252/7 7762/8253/7
f 7763/8254/7 7764/8255/7 7765/8256/7
f 7764/8255/7 7766/8257/7 7765/8256/7
f 7765/8256/7 7766/8257/7 7767/8258/7
f 7767/8258/7 7766/8257/7 7768/8259/7
f 7768/8259/7 7766/8257/7 7769/8260/7
f 7766/8257/7 7770/8261/7 7769/8260/7
f 7770/8261/7 7771/8262/7 7769/8260/7
f 7769/8260/7 7771/8262/7 7772/8263/7
f 7773/8264/7 7774/8265/7 7775/8266/7
f 7774/8265/7 7776/8267/7 7775/8266/7
f 7775/8266/7 7776/8267/7 7777/8268/7
f 7777/8268/7 7776/8267/7 7778/8269/7
f 7778/8269/7 7776/8267/7 7779/8270/7
f 7776/8267/7 7774/8265/7 7779/8270/7
f 7779/8270/7 7774/8265/7 7780/8271/7
f 7781/8272/7 7782/8273/7 7783/8274/7
f 7782/8273/7 7784/8275/7 7783/8274/7
f 7784/8275/7 7785/8276/7 7783/8274/7
f 7785/8276/7 7786/8277/7 7783/8274/7
f 7786/8277/7 7787/8278/7 7783/8274/7
f 7787/8278/7 7788/8279/7 7783/8274/7
f 7783/8274/7 7788/8279/7 7781/8272/7
f 7789/8280/7 7790/8281/7 7791/8282/7
f 7790/8281/7 7792/8283/7 7791/8282/7
f 7791/8282/7 7792/8283/7 7793/8284/7
f 7793/8284/7 7792/8283/7 7794/8285/7
f 7794/8285/7 7792/8283/7 7795/8286/7
f 7795/8286/7 7792/8283/7 7796/8287/7
f 7792/8283/7 7790/8281/7 7796/8287/7
f 7796/8287/7 7790/8281/7 7797/8288/7
f 7798/8289/6 7799/8290/6 7800/8291/6
f 7800/8291/6 7799/8290/6 7801/8292/6
f 7799/8290/6 7802/8293/6 7801/8292/6
f 7802/8293/6 7803/8294/6 7801/8292/6
f 7803/8294/6 7804/8295/6 7801/8292/6
f 7804/8295/6 7805/8296/6 7801/8292/6
f 7805/8296/6 7806/8297/6 7801/8292/6
f 7801/8292/6 7806/8297/6 7800/8291/6
f 7806/8297/6 7807/8298/6 7800/8291/6
f 7800/8291/6 7807/8298/6 7808/8299/6
f 7809/8300/2 7810/8301/2 7811/8302/2
f 7810/8301/2 7812/8303/2 7811/8302/2
f 7811/8302/2 7812/8303/2 7813/8304/2
f 7813/8304/2 7812/8303/2 7814/8305/2
f 7812/8303/2 7815/8306/2 7814/8305/2
f 7814/8305/2 7815/8306/2 7816/8307/2
f 7816/8307/2 7815/8306/2 7817/8308/2
f 7817/8308/2 7815/8306/2 7818/8309/2
f 7815/8306/2 7819/8310/2 7818/8309/2
f 7818/8309/2 7819/8310/2 7820/8311/2
f 7819/8310/2 7821/8312/2 7820/8311/2
f 7820/8311/2 7821/8312/2 7822/8313/2
