# Blender v2.76 (sub 0) OBJ File: ''
# www.blender.org
mtllib Apostate Tent 1.mtl
o Model001_25_apotent!wrong!_1.1_10.004
v -0.938312 0.500635 -0.399469
v -0.951157 0.486890 -0.422091
v -0.976821 0.635728 -0.474045
v -0.963989 0.571856 -0.421177
v -0.932817 0.450822 -0.516534
v -0.994548 0.734753 -0.474959
v -1.073405 0.271412 -0.515921
v -1.073405 0.243295 -0.592938
v -1.083796 0.136770 -0.549234
v -0.985997 0.615560 -0.511639
v -0.941981 0.424232 -0.568188
v -1.012888 0.708476 -0.485049
v -0.979875 0.749426 -0.457232
v -1.018997 0.573684 -0.531808
v -0.974993 0.387551 -0.600888
v -1.033670 0.432783 -0.571856
v -1.014115 0.343534 -0.613119
v -1.074019 0.326421 -0.538543
v -1.060573 0.380828 -0.559324
v -1.030615 0.666900 -0.478940
v -1.046514 0.521730 -0.523558
v -1.059347 0.465795 -0.504917
v -1.037951 0.608224 -0.464268
v -0.985384 0.721922 -0.459072
v -0.779384 0.709691 -0.625650
v -1.057518 0.409560 -0.484749
v -0.704808 0.707250 -0.662631
v -0.767152 0.653455 -0.590196
v -0.630232 0.728644 -0.674236
v -1.021451 0.492085 -0.437677
v -0.965817 0.570016 -0.410173
v -0.887573 0.569402 -0.445314
v -0.572156 0.775716 -0.668741
v -0.643678 0.662018 -0.568188
v -0.576738 0.740262 -0.507057
v -0.751879 0.612506 -0.556871
v -0.814224 0.563606 -0.492999
v -1.059960 0.217769 -0.497581
v -0.919972 0.404052 -0.365543
v -0.855787 0.465494 -0.404051
v -0.733539 0.575212 -0.519889
v -0.635728 0.643678 -0.518976
v -1.036124 0.166728 -0.485663
v -1.075245 0.085355 -0.525698
v -0.795270 0.518062 -0.464568
v -0.715199 0.543125 -0.478026
v -0.836232 0.415055 -0.383883
v -0.897976 0.350270 -0.352097
v -1.030002 0.121410 -0.462740
v -1.083796 0.043403 -0.492385
v -0.718253 0.537617 -0.427286
v -1.070964 0.122186 -0.474959
v -1.110699 0.039736 -0.462427
v -0.855186 0.414442 -0.351797
v -0.929148 0.344148 -0.346601
v -0.987212 0.269722 -0.382055
v -0.909581 0.431255 -0.363402
v -0.767766 0.555657 -0.416583
v -0.611892 0.747598 -0.471904
v -1.086250 0.396414 -0.446240
v -1.058119 0.300745 -0.462427
v -0.960934 0.449295 -0.380215
v -0.822174 0.573997 -0.421778
v -0.943821 0.537617 -0.392746
v -0.993947 0.558712 -0.405578
v -1.026947 0.680358 -0.433095
v -0.976821 0.648573 -0.413841
v -1.025733 0.786720 -0.421177
v -0.820947 0.700526 -0.448068
v -0.921199 0.751880 -0.437377
v -1.002497 0.823388 -0.405578
v -0.915090 1.017170 -0.365242
v -0.949930 0.888801 -0.410173
v -0.761657 1.240898 -0.309157
v -0.647959 1.412057 -0.269271
v -0.745758 1.222557 -0.329788
v -0.756762 1.087464 -0.376860
v -0.788548 0.805661 -0.452650
v -0.737207 0.932204 -0.436150
v -0.547406 1.025120 -0.495753
v -0.499721 0.899804 -0.647959
v -0.628392 1.172431 -0.397028
v -0.609138 1.036737 -0.469463
v -0.506444 1.366826 -0.409860
v -0.519276 1.154704 -0.493912
v -0.533347 0.879023 -0.501549
v -0.509198 0.879023 -0.542812
v -0.406805 1.163880 -0.612192
v -0.468850 1.017784 -0.533347
v -0.410473 1.297133 -0.542812
v -0.359433 1.379045 -0.555957
v -0.375933 1.281246 -0.593864
v -0.262549 1.416952 -0.636341
v -0.305176 1.346044 -0.662631
v -0.371965 1.176099 -0.639396
v -0.312975 1.262906 -0.770207
v -0.334370 1.229893 -0.739648
v -0.367070 0.917531 -0.735980
v -0.367383 0.997615 -0.894909
v -0.379914 0.984771 -0.865577
v -0.367683 0.559324 -0.871073
v -0.422091 0.731086 -1.012275
v -0.431568 0.711531 -0.968884
v -0.383883 0.477100 -0.890027
v -0.457845 0.582247 -0.995775
v -0.453564 0.367383 -1.090519
v -0.420251 0.397942 -0.884518
v -0.469463 0.052718 -1.136363
v -0.506444 0.044781 -1.093586
v -0.462427 0.406505 -1.028787
v -0.445627 0.317870 -0.882077
v -0.471904 -0.001051 -0.937098
vt 0.371000 0.005496
vt 0.380000 0.005496
vt 0.380000 0.036496
vt 0.371000 0.021496
vt 0.411000 0.005496
vt 0.371000 0.052496
vt 0.501000 0.021496
vt 0.501000 0.005496
vt 0.539000 0.005496
vt 0.393000 0.036496
vt 0.429000 0.005496
vt 0.380000 0.052496
vt 0.371000 0.068496
vt 0.411000 0.036496
vt 0.447000 0.005496
vt 0.447000 0.021496
vt 0.465000 0.005496
vt 0.483000 0.021496
vt 0.465000 0.021496
vt 0.393000 0.052496
vt 0.429000 0.036496
vt 0.447000 0.036496
vt 0.411000 0.052496
vt 0.380000 0.068496
vt 0.371000 0.118496
vt 0.465000 0.036496
vt 0.371000 0.133496
vt 0.394000 0.118496
vt 0.371000 0.149496
vt 0.447000 0.052496
vt 0.429000 0.068496
vt 0.429000 0.084496
vt 0.371000 0.164496
vt 0.412000 0.141496
vt 0.429000 0.164496
vt 0.411000 0.118496
vt 0.429000 0.101496
vt 0.520000 0.021496
vt 0.483000 0.068496
vt 0.465000 0.084496
vt 0.429000 0.118496
vt 0.429000 0.141496
vt 0.539000 0.021496
vt 0.559000 0.005496
vt 0.447000 0.101496
vt 0.447000 0.118496
vt 0.483000 0.084496
vt 0.501000 0.068496
vt 0.559000 0.021496
vt 0.579000 0.005496
vt 0.465000 0.118496
vt 0.579000 0.021496
vt 0.591000 0.005496
vt 0.502000 0.084496
vt 0.521000 0.068496
vt 0.540000 0.052496
vt 0.521000 0.084496
vt 0.484000 0.118496
vt 0.448000 0.164496
vt 0.591000 0.066496
vt 0.579000 0.052496
vt 0.540000 0.084496
vt 0.502000 0.118496
vt 0.540000 0.101496
vt 0.559000 0.101496
vt 0.579000 0.118496
vt 0.559000 0.118496
vt 0.591000 0.135496
vt 0.511000 0.141496
vt 0.549000 0.141496
vt 0.591000 0.145496
vt 0.591000 0.192496
vt 0.579000 0.164496
vt 0.591000 0.256496
vt 0.591000 0.304496
vt 0.579000 0.251496
vt 0.549000 0.223496
vt 0.511000 0.164496
vt 0.511000 0.193496
vt 0.447000 0.223496
vt 0.371000 0.193496
vt 0.511000 0.252496
vt 0.474000 0.223496
vt 0.477000 0.304496
vt 0.447000 0.252496
vt 0.429000 0.193496
vt 0.412000 0.193496
vt 0.371000 0.252496
vt 0.412000 0.223496
vt 0.398000 0.286496
vt 0.371000 0.304496
vt 0.371000 0.279496
vt 0.299000 0.304496
vt 0.317000 0.286496
vt 0.299000 0.253496
vt 0.317000 0.252496
vt 0.299000 0.194496
vt 0.312000 0.194496
vt 0.299000 0.135496
vt 0.317000 0.133496
vt 0.371000 0.101496
vt 0.317000 0.109496
vt 0.298000 0.066496
vt 0.371000 0.084496
vt 0.298000 0.004496
vt 0.316000 0.005496
vt 0.317000 0.076496
vn 0.970200 0.210100 -0.120400
vn 0.975200 0.099000 -0.198000
vn 0.928200 0.235100 -0.288500
vn 0.948400 0.292400 0.123000
vn 0.941300 0.274000 -0.197300
vn 0.509600 0.640400 -0.574700
vn -0.969000 0.013500 0.246700
vn -0.957300 0.122000 -0.262200
vn -0.900100 -0.011300 0.435600
vn 0.466000 0.391600 -0.793400
vn 0.531500 0.371200 -0.761400
vn -0.694600 0.667500 -0.268400
vn -0.454400 0.188300 0.870700
vn -0.383700 0.370400 -0.845900
vn -0.002200 0.373400 -0.927600
vn -0.627400 0.270600 -0.730200
vn -0.512200 0.278800 -0.812400
vn -0.993800 0.109200 -0.021300
vn -0.904300 0.193100 -0.380800
vn -0.893000 0.391700 -0.221800
vn -0.880500 0.230900 -0.414100
vn -0.992300 0.123600 0.000200
vn -0.915700 0.199000 0.349000
vn -0.183700 0.281600 0.941800
vn 0.525000 0.391800 0.755500
vn -0.912000 0.030400 0.409000
vn 0.114900 0.747600 0.654100
vn 0.201100 0.677100 0.707900
vn -0.261700 0.795600 0.546400
vn -0.721200 0.035100 0.691900
vn -0.112000 0.275800 0.954700
vn 0.473200 0.436200 0.765400
vn -0.770300 0.608900 0.189400
vn -0.580500 0.699700 0.416400
vn -0.872600 0.440600 -0.211100
vn -0.020300 0.720600 0.693000
vn 0.321900 0.589600 0.740800
vn -0.753700 -0.084200 0.651800
vn -0.353900 0.105900 0.929300
vn 0.324000 0.450700 0.831800
vn -0.176600 0.711800 0.679900
vn -0.726400 0.636700 0.258800
vn -0.756300 0.014300 0.654100
vn -0.843100 0.240200 0.481100
vn 0.129500 0.619800 0.774000
vn -0.474400 0.742000 0.473700
vn -0.333600 0.763200 0.553400
vn -0.760900 0.611700 -0.216500
vn -0.686600 0.605400 -0.402700
vn -0.648300 0.437300 -0.623300
vn -0.742100 0.394300 -0.542100
vn -0.024000 0.191200 -0.981200
vn -0.597300 0.168700 -0.784100
vn -0.357700 0.056800 -0.932100
vn 0.127400 0.060400 -0.990000
vn 0.392900 0.175500 -0.902700
vn 0.197200 -0.274900 -0.941000
vn -0.103600 -0.287000 -0.952300
vn -0.317900 -0.029800 -0.947600
vn -0.311100 0.090200 -0.946100
vn 0.426400 0.017100 -0.904400
vn 0.432000 -0.098500 -0.896500
vn -0.090400 -0.263100 -0.960500
vn 0.066000 -0.206600 -0.976200
vn 0.399100 -0.086800 -0.912800
vn 0.077100 -0.022200 -0.996800
vn 0.027600 -0.192400 -0.980900
vn -0.360700 0.277900 -0.890300
vn -0.131000 -0.098600 -0.986500
vn -0.107600 0.070000 -0.991700
vn -0.688700 0.517800 -0.507600
vn -0.430200 0.429100 -0.794200
vn -0.347000 0.377300 -0.858600
vn -0.436300 0.478700 -0.761900
vn -0.486900 0.483600 -0.727400
vn -0.383400 0.392400 -0.836100
vn -0.243200 0.296000 -0.923700
vn -0.229200 0.124200 -0.965400
vn -0.351800 0.267900 -0.896900
vn -0.271800 0.074500 -0.959500
vn -0.905800 0.423200 0.023500
vn -0.472700 0.306600 -0.826100
vn -0.465500 0.229900 -0.854600
vn -0.591200 0.333400 -0.734400
vn -0.485800 0.192000 -0.852700
vn -0.579500 0.147000 -0.801600
vn -0.911300 0.331200 -0.244500
vn -0.908500 0.279500 -0.310600
vn -0.847900 0.216500 -0.483900
vn -0.716300 0.268200 -0.644200
vn -0.678700 0.316500 -0.662800
vn -0.767500 0.244500 -0.592600
vn -0.714300 0.497100 -0.492600
vn -0.824500 0.396400 -0.403900
vn -0.905000 0.226000 -0.360400
vn -0.850100 0.429100 -0.305400
vn -0.947400 0.261600 -0.184600
vn -0.998000 0.058200 -0.023500
vn -0.912500 0.308600 -0.268300
vn -0.988000 0.153100 0.020700
vn -0.890300 0.000900 0.455400
vn -0.945900 0.231100 -0.227800
vn -0.964200 0.121700 0.235500
vn -0.715000 0.177200 0.676300
vn -0.962700 0.129400 0.237700
vn -0.917300 0.131900 -0.375700
vn -0.865100 0.208500 0.456300
vn -0.761900 0.130900 -0.634400
vn -0.985300 0.112800 -0.128600
vn -0.990700 0.119500 0.064600
vn -0.963100 0.143900 0.227600
vn -0.973100 0.041000 0.226800
usemtl Model001_Material008
s 1
f 1/1/1 2/2/2 3/3/3
f 4/4/4 1/1/1 3/3/3
f 2/2/2 5/5/5 3/3/3
f 6/6/6 4/4/4 3/3/3
f 7/7/7 8/8/8 9/9/9
f 10/10/10 5/5/5 11/11/11
f 5/5/5 10/10/10 3/3/3
f 3/3/3 12/12/12 6/6/6
f 12/12/12 3/3/3 10/10/10
f 13/13/13 6/6/6 12/12/12
f 11/11/11 14/14/14 10/10/10
f 14/14/14 11/11/11 15/15/15
f 16/16/16 15/15/15 17/17/17
f 15/15/15 16/16/16 14/14/14
f 8/8/8 7/7/7 18/18/18
f 17/17/17 19/19/19 16/16/16
f 19/19/19 17/17/17 8/8/8
f 8/8/8 18/18/18 19/19/19
f 10/10/10 20/20/20 12/12/12
f 20/20/20 10/10/10 14/14/14
f 21/21/21 14/14/14 16/16/16
f 16/16/16 22/22/22 21/21/21
f 22/22/22 16/16/16 19/19/19
f 23/23/23 14/14/14 21/21/21
f 23/23/23 21/21/21 22/22/22
f 14/14/14 23/23/23 20/20/20
f 12/12/12 24/24/24 13/13/13
f 24/24/24 12/12/12 20/20/20
f 24/24/24 20/20/20 23/23/23
f 13/13/13 24/24/24 25/25/25
f 26/26/26 18/18/18 7/7/7
f 26/26/26 19/19/19 18/18/18
f 19/19/19 26/26/26 22/22/22
f 27/27/27 25/25/25 28/28/28
f 28/28/28 29/29/29 27/27/27
f 22/22/22 30/30/30 23/23/23
f 30/30/30 22/22/22 26/26/26
f 31/31/31 23/23/23 30/30/30
f 23/23/23 31/31/31 24/24/24
f 31/31/31 32/32/32 24/24/24
f 25/25/25 24/24/24 32/32/32
f 33/33/33 29/29/29 34/34/34
f 34/34/34 35/35/35 33/33/33
f 36/36/36 34/34/34 29/29/29
f 29/29/29 28/28/28 36/36/36
f 28/28/28 25/25/25 37/37/37
f 37/37/37 36/36/36 28/28/28
f 32/32/32 37/37/37 25/25/25
f 7/7/7 38/38/38 26/26/26
f 9/9/9 38/38/38 7/7/7
f 26/26/26 39/39/39 30/30/30
f 39/39/39 26/26/26 38/38/38
f 30/30/30 39/39/39 31/31/31
f 40/40/40 31/31/31 39/39/39
f 31/31/31 40/40/40 32/32/32
f 37/37/37 32/32/32 40/40/40
f 37/37/37 41/41/41 36/36/36
f 34/34/34 36/36/36 41/41/41
f 35/35/35 34/34/34 42/42/42
f 41/41/41 42/42/42 34/34/34
f 38/38/38 43/43/43 39/39/39
f 9/9/9 43/43/43 38/38/38
f 43/43/43 9/9/9 44/44/44
f 40/40/40 45/45/45 37/37/37
f 41/41/41 37/37/37 45/45/45
f 42/42/42 41/41/41 46/46/46
f 45/45/45 46/46/46 41/41/41
f 39/39/39 47/47/47 40/40/40
f 40/40/40 47/47/47 45/45/45
f 46/46/46 45/45/45 47/47/47
f 43/43/43 48/48/48 39/39/39
f 47/47/47 39/39/39 48/48/48
f 44/44/44 49/49/49 43/43/43
f 49/49/49 44/44/44 50/50/50
f 48/48/48 43/43/43 49/49/49
f 47/47/47 51/51/51 46/46/46
f 46/46/46 51/51/51 42/42/42
f 35/35/35 42/42/42 51/51/51
f 50/50/50 52/52/52 49/49/49
f 50/50/50 53/53/53 52/52/52
f 48/48/48 54/54/54 47/47/47
f 51/51/51 47/47/47 54/54/54
f 54/54/54 48/48/48 55/55/55
f 55/55/55 48/48/48 56/56/56
f 49/49/49 56/56/56 48/48/48
f 56/56/56 49/49/49 52/52/52
f 57/57/57 55/55/55 56/56/56
f 55/55/55 57/57/57 54/54/54
f 54/54/54 58/58/58 51/51/51
f 58/58/58 54/54/54 57/57/57
f 51/51/51 59/59/59 35/35/35
f 59/59/59 51/51/51 58/58/58
f 53/53/53 60/60/60 52/52/52
f 61/61/61 52/52/52 60/60/60
f 52/52/52 61/61/61 56/56/56
f 56/56/56 62/62/62 57/57/57
f 62/62/62 56/56/56 61/61/61
f 59/59/59 58/58/58 63/63/63
f 63/63/63 58/58/58 57/57/57
f 62/62/62 64/64/64 57/57/57
f 63/63/63 57/57/57 64/64/64
f 64/64/64 62/62/62 65/65/65
f 61/61/61 65/65/65 62/62/62
f 66/66/66 61/61/61 60/60/60
f 65/65/65 61/61/61 66/66/66
f 67/67/67 64/64/64 65/65/65
f 67/67/67 65/65/65 66/66/66
f 64/64/64 67/67/67 63/63/63
f 66/66/66 60/60/60 68/68/68
f 63/63/63 69/69/69 59/59/59
f 69/69/69 63/63/63 67/67/67
f 70/70/70 67/67/67 66/66/66
f 66/66/66 68/68/68 70/70/70
f 67/67/67 70/70/70 69/69/69
f 71/71/71 72/72/72 73/73/73
f 68/68/68 71/71/71 73/73/73
f 68/68/68 73/73/73 70/70/70
f 74/74/74 75/75/75 76/76/76
f 76/76/76 72/72/72 74/74/74
f 73/73/73 72/72/72 76/76/76
f 73/73/73 76/76/76 77/77/77
f 77/77/77 70/70/70 73/73/73
f 78/78/78 69/69/69 70/70/70
f 79/79/79 78/78/78 70/70/70
f 70/70/70 77/77/77 79/79/79
f 59/59/59 69/69/69 80/80/80
f 80/80/80 69/69/69 78/78/78
f 78/78/78 79/79/79 80/80/80
f 81/81/81 33/33/33 35/35/35
f 77/77/77 76/76/76 82/82/82
f 77/77/77 82/82/82 79/79/79
f 79/79/79 82/82/82 83/83/83
f 83/83/83 80/80/80 79/79/79
f 76/76/76 75/75/75 84/84/84
f 76/76/76 84/84/84 82/82/82
f 85/85/85 80/80/80 83/83/83
f 85/85/85 83/83/83 82/82/82
f 84/84/84 85/85/85 82/82/82
f 85/85/85 86/86/86 80/80/80
f 59/59/59 80/80/80 86/86/86
f 86/86/86 35/35/35 59/59/59
f 35/35/35 86/86/86 87/87/87
f 35/35/35 87/87/87 81/81/81
f 87/87/87 88/88/88 81/81/81
f 89/89/89 87/87/87 86/86/86
f 88/88/88 87/87/87 89/89/89
f 86/86/86 85/85/85 90/90/90
f 90/90/90 89/89/89 86/86/86
f 89/89/89 90/90/90 88/88/88
f 85/85/85 84/84/84 90/90/90
f 91/91/91 90/90/90 84/84/84
f 90/90/90 92/92/92 88/88/88
f 90/90/90 91/91/91 93/93/93
f 93/93/93 94/94/94 90/90/90
f 94/94/94 92/92/92 90/90/90
f 95/88/95 92/92/92 94/94/94
f 94/94/94 93/93/93 96/95/96
f 96/95/96 97/96/97 94/94/94
f 94/94/94 97/96/97 95/88/95
f 98/81/98 95/88/95 97/96/97
f 99/97/99 97/96/97 96/95/96
f 97/96/97 99/97/99 100/98/100
f 97/96/97 100/98/100 98/81/98
f 101/25/101 98/81/98 100/98/100
f 99/97/99 102/99/102 100/98/100
f 102/99/102 103/100/103 100/98/100
f 100/98/100 103/100/103 101/25/101
f 104/101/104 101/25/101 105/102/105
f 103/100/103 105/102/105 101/25/101
f 103/100/103 102/99/102 105/102/105
f 105/102/105 102/99/102 106/103/106
f 107/104/107 104/101/104 105/102/105
f 106/103/106 108/105/108 109/106/109
f 106/103/106 110/107/110 105/102/105
f 105/102/105 110/107/110 107/104/107
f 109/106/109 110/107/110 106/103/106
f 111/13/111 107/104/107 110/107/110
f 111/13/111 110/107/110 109/106/109
f 109/106/109 112/1/112 111/13/111
o Model001_25_apotent!wrong!_1.1_10.006
v -0.866791 1.080128 -0.105523
v -0.999443 0.851519 -0.401309
v -0.869245 1.076460 -0.101241
v -0.997002 0.854573 -0.406192
v -0.990880 0.852119 -0.404364
v -0.861296 1.076460 -0.105447
v -1.001884 0.830124 -0.422704
v -1.004338 0.827057 -0.418110
v -0.993334 0.849065 -0.399469
v -0.995775 0.827669 -0.421177
v -1.002498 0.748813 -0.457232
v -0.864350 1.072792 -0.101091
v -1.004939 0.745758 -0.452349
v -0.996388 0.748211 -0.454490
v -0.998216 0.824615 -0.416282
v -0.869245 1.076460 -0.101241
v -0.999443 0.851519 -0.401309
v -1.004338 0.827057 -0.418110
v -0.999443 0.745758 -0.449595
v -1.004939 0.745758 -0.452349
v -0.977434 0.750653 -0.462740
v -0.989052 0.751266 -0.456931
v -0.983544 0.746371 -0.463041
v -0.990880 0.746985 -0.459686
v -1.001271 0.746985 -0.451436
v -1.000056 0.743317 -0.454791
v -1.009834 0.735981 -0.447767
v -1.008006 0.734153 -0.451436
v -1.014728 0.723148 -0.445627
v -1.012275 0.722535 -0.449595
v -1.012888 0.710304 -0.450509
v -1.015342 0.709090 -0.446541
v -1.009220 0.698086 -0.452650
v -1.011060 0.695031 -0.448982
v -1.001271 0.691362 -0.457232
v -1.000670 0.686468 -0.454490
v -0.993947 0.688295 -0.460900
v -0.989666 0.682186 -0.460299
v -0.993947 0.688295 -0.460900
v -0.989666 0.682186 -0.460299
v -0.991493 0.751266 -0.461826
v -0.979876 0.751266 -0.467635
v -1.003111 0.746985 -0.456017
v -1.012275 0.736594 -0.452650
v -1.017170 0.723148 -0.450209
v -1.017170 0.709090 -0.451436
v -1.013502 0.695031 -0.453877
v -1.002498 0.687081 -0.459373
v -0.992107 0.682186 -0.465181
v -0.992107 0.682186 -0.465181
v -0.997002 0.750039 -0.459686
v -0.997615 0.750039 -0.449595
v -0.993947 0.750039 -0.452963
v -1.002498 0.750653 -0.459373
v -1.000670 0.747598 -0.450209
v -1.003724 0.747598 -0.456931
v -0.997002 0.741489 -0.460599
v -0.994548 0.743317 -0.459072
v -0.998829 0.742089 -0.457545
v -0.993947 0.741489 -0.453564
v -0.997615 0.742089 -0.454177
v -0.993334 0.742703 -0.456017
v -0.993947 0.750039 -0.452963
v -0.997615 0.750039 -0.449595
v -1.000670 0.747598 -0.450209
v -1.002498 0.745144 -0.446541
v -1.008006 0.741489 -0.454791
v -1.004338 0.740875 -0.447767
v -1.008006 0.745758 -0.457545
v -1.000670 0.747598 -0.450209
v -1.003724 0.747598 -0.456931
v -1.001271 0.739648 -0.459373
v -1.003724 0.737820 -0.455705
v -0.998829 0.742089 -0.457545
v -0.997615 0.742089 -0.454177
v -0.997615 0.739648 -0.452349
v -1.001884 0.737208 -0.452650
v -1.002498 0.745144 -0.446541
v -1.004338 0.740875 -0.447767
v -1.000670 0.747598 -0.450209
v -1.003724 0.741489 -0.452963
v -1.003724 0.741489 -0.452963
v -1.003724 0.741489 -0.452963
v -0.983544 0.746371 -0.463041
v -0.990880 0.746985 -0.459686
v -1.000056 0.743317 -0.454791
v -1.008006 0.734153 -0.451436
v -1.012275 0.722535 -0.449595
v -1.012888 0.710304 -0.450509
v -1.009220 0.698086 -0.452650
v -1.001271 0.691362 -0.457232
v -0.993947 0.688295 -0.460900
v -0.735980 1.265347 -0.047184
v -0.785493 1.210952 -0.212723
v -0.849678 1.109472 -0.163974
v -0.883304 1.107645 -0.109954
v -0.720694 1.303254 0.035191
v -0.887573 1.090519 -0.152744
v -0.827670 1.159599 -0.041638
v -0.920586 1.059960 -0.134179
v -0.795270 1.166322 -0.013508
v -0.700526 1.309364 0.075640
v -0.912636 0.970712 -0.141515
v -0.897976 0.954825 -0.001965
v -0.904086 0.964603 0.183228
v -0.773875 1.223783 0.157552
v -0.678518 1.380271 0.244209
v -1.007392 0.713358 -0.076904
v -1.003724 0.688295 0.021395
v -0.993947 0.806275 0.414142
v -1.010447 0.693190 0.207077
v -0.773274 1.281246 0.286235
v -0.662631 1.392502 0.289290
v -1.058119 0.396414 0.003931
v -1.113141 0.170083 0.398555
v -1.081355 0.479240 0.449908
v -1.056292 0.629006 0.458772
v -0.815451 1.158985 0.367383
v -1.016556 0.729258 0.486577
v -0.781212 1.250674 0.349656
v -1.125372 0.198051 0.484436
v -1.160212 0.228923 0.562680
v -1.124758 0.407419 0.513167
v -1.163267 0.242981 0.609751
v -0.882077 0.937098 0.454490
v -0.744543 1.143099 0.426974
v -0.970712 0.720094 0.518362
v -1.119250 0.236108 0.632673
v -0.824615 0.968884 0.463967
v -0.934644 0.704194 0.513167
v -0.674850 1.218888 0.440432
v -0.966430 0.612506 0.519276
v -0.992107 0.523257 0.532121
v -0.893695 0.486577 0.592638
v -0.875354 0.682800 0.566047
v -0.998216 0.374406 0.546180
v -0.624423 0.948703 0.648573
v -0.702968 0.672409 0.717027
v -1.025120 0.286084 0.559938
v -1.078300 0.217769 0.612192
v -0.508885 1.344817 0.454490
v -0.581633 1.184661 0.537617
v -0.806888 0.209055 0.748812
v -1.022666 0.184455 0.570329
v -0.893695 0.138761 0.680358
v -1.052624 0.199578 0.581020
v -0.582860 0.682186 0.858241
v -0.505831 0.957267 0.789775
v -0.582247 0.332843 0.954825
v -0.463354 1.333813 0.533035
v -0.433095 1.225612 0.663245
v -0.624724 0.052029 0.978661
v -0.394887 1.020225 0.893695
v -0.376547 1.108859 0.834392
v -0.382969 1.158372 0.787934
v -0.317557 1.410830 0.612505
v -0.292957 1.402280 0.652842
v -0.247113 1.570986 0.423306
v -0.531808 0.023536 1.074632
v -0.514694 0.460299 0.990880
v -0.457845 0.343234 1.095414
v -0.327034 1.181607 0.808115
v -0.368910 1.058733 0.880850
v -0.334984 1.233561 0.765938
v -0.256890 1.503746 0.531808
v -0.259644 1.468292 0.585915
v -0.262849 1.430397 0.638783
v -0.225405 1.313032 0.754321
v -0.171773 1.397385 0.668128
v -0.250931 1.278792 0.762884
v -0.205700 1.193224 0.800779
v -0.435837 0.684026 1.037338
v -0.405891 0.525398 1.094800
v -0.060943 1.451179 0.584388
v -0.199578 1.509868 0.552289
v -0.056386 1.371708 0.669354
v -0.167342 1.297132 0.741489
v -0.190114 1.292250 0.776329
v 0.006209 1.267800 0.745144
v -0.122411 1.242737 0.813611
v -0.340179 0.699300 1.069124
v -0.420864 0.730484 1.037338
v 0.055322 1.353380 0.684640
v -0.107739 1.235401 0.773275
v -0.058639 1.529423 0.498194
v 0.021145 1.452406 0.578579
v 0.074839 1.383939 0.691363
v 0.144945 1.273910 0.749426
v -0.014560 1.146767 0.820334
v 0.098186 1.354595 0.721308
v -0.350871 0.844783 0.987825
v -0.251845 0.828283 0.969485
v 0.180937 1.350927 0.710917
v 0.183379 1.331372 0.764098
v 0.157865 1.300801 0.764712
v -0.080760 1.586885 0.419337
v 0.127832 1.431624 0.609451
v 0.208754 1.331372 0.740262
v 0.256277 1.365599 0.726203
v 0.202483 1.412057 0.668128
v 0.204172 1.482965 0.580720
v 0.127832 1.545322 0.485663
v 0.305639 1.370494 0.683413
v -0.133265 1.602772 0.407719
v -0.157865 1.618671 0.370738
v -0.220059 1.596662 0.408333
v -0.167492 1.570986 0.487491
v -0.196674 1.594221 0.453264
v -0.227095 1.568545 0.467323
v -0.229536 1.535532 0.524484
v -0.013696 1.169376 0.855787
v -0.045507 1.138817 0.879636
v -0.115838 1.185888 0.843569
v -0.059177 1.101523 0.860069
v -0.180637 1.080128 0.852733
v -0.080460 1.065456 0.857014
v -0.154735 0.971325 0.912636
v -0.330089 1.036123 0.896136
v -0.381742 0.965817 0.934645
v -0.340480 0.943821 0.949317
v -0.217768 0.959707 0.917531
v -0.413528 0.826455 0.989052
v -0.225104 1.541654 -0.479553
v -0.437677 1.365599 -0.491158
v -0.416583 1.451179 -0.387851
v -0.369211 1.374162 -0.560238
v -0.260408 1.437734 -0.624423
v -0.178646 1.548990 -0.492385
v -0.283180 1.349712 -0.707862
v -0.338952 1.336255 -0.630232
v -0.221286 1.402280 -0.657123
v -0.428200 1.270242 -0.549534
v -0.321839 1.337481 -0.685854
v -0.311911 1.248233 -0.782438
v -0.359133 1.324036 -0.661404
v 0.005058 1.203616 -0.776942
v 0.004720 1.375377 -0.654068
v -0.002892 1.506200 -0.518362
v -0.456017 1.277578 -0.576137
v -0.361261 1.289797 -0.680972
v -0.331003 1.267801 -0.728031
v -0.371051 1.012889 -0.896749
v 0.182314 1.376603 -0.679745
v 0.101166 1.222557 -0.776942
v -0.017589 0.920586 -0.912035
v 0.078131 0.940153 -0.909581
v 0.126455 1.490301 -0.551675
v -0.453263 1.241511 -0.592024
v -0.378688 1.236616 -0.657736
v -0.351797 1.251902 -0.691362
v -0.386637 0.998829 -0.855787
v -0.377160 1.081355 -0.720093
v -0.412915 0.845397 -0.959707
v -0.344148 0.923641 -0.938926
v -0.208905 0.707250 -1.002497
v -0.045043 0.615861 -1.022666
v -0.370437 1.198107 -0.669354
v -0.417509 1.168162 -0.596919
v -0.425146 1.132095 -0.617087
v -0.408032 1.009834 -0.656509
v -0.400083 0.985998 -0.713972
v -0.374406 0.803833 -0.998216
v -0.304725 0.690750 -1.023892
v -0.427587 0.789161 -0.926695
v -0.436763 0.761044 -0.987825
v -0.398555 0.721308 -1.036124
v -0.375019 0.891241 -0.702367
v -0.427286 0.732926 -0.893695
v -0.445013 0.717027 -0.996388
v -0.439818 0.542812 -1.058733
v -0.383883 0.981103 -0.813611
v -0.386938 0.939540 -0.829510
v -0.375019 0.767153 -0.748211
v -0.425759 0.775716 -0.882077
v -0.409247 0.693190 -0.764098
v -0.415368 0.691964 -0.907140
v -0.378074 0.865577 -0.760430
v -0.364629 0.808728 -0.735367
v -0.465182 0.582860 -1.014728
v -0.441032 0.661404 -0.956653
v -0.406505 0.735981 -0.752480
v -0.400383 0.593865 -0.888800
v -0.399782 0.637568 -0.877795
v -0.462740 0.576739 -0.966430
v -0.368597 0.572770 -0.806274
v -0.372879 0.486276 -0.826455
v -0.411387 0.551074 -0.894909
v -0.465795 0.538230 -1.018396
v -0.537316 0.182014 -1.023892
v -0.464881 0.379915 -0.906527
v -0.408646 0.357906 -0.838060
v -0.466408 0.453877 -1.072792
v -0.537015 0.234118 -1.061187
v -0.500948 0.117666 -0.954212
v -0.438291 0.183842 -0.864964
v -0.394887 0.529980 -1.062401
v -0.455705 0.314803 -1.111914
v -0.512553 0.280890 -1.097855
v -0.422392 0.260558 -1.121090
v -0.333456 0.236873 -1.110699
v -0.478940 0.228773 -1.121090
v -0.124552 0.499421 -1.042233
v -0.229236 0.118355 -1.123531
v -0.269722 0.127757 -1.118636
v -0.125929 0.369825 -1.097855
v -0.097348 0.452350 -1.075859
v -0.083514 0.492686 -1.062401
v -0.015110 0.415982 -1.053850
v -0.079696 0.356066 -1.100309
v -0.166878 0.116903 -1.188943
v -0.107200 0.276758 -1.132094
v 0.079921 0.763485 -0.984157
v -0.101241 0.216855 -1.111914
v -0.085279 0.256127 -1.097242
v -0.050239 0.334984 -1.072191
v -0.032011 0.375020 -1.061787
v 0.086882 0.673636 -1.041006
v 0.014084 0.410173 -1.087464
v -0.026377 0.281039 -1.093586
v -0.043291 0.239314 -1.096027
v 0.140589 0.846624 -0.987212
v 0.105060 0.895523 -0.949930
v -0.101391 0.118430 -1.111914
v -0.081073 0.158015 -1.105191
v 0.048486 0.401309 -1.116195
v 0.077981 0.486890 -1.096027
v 0.132726 0.658964 -1.048955
v -0.047647 0.146711 -1.133922
v 0.026115 0.214563 -1.139431
v 0.073587 0.340179 -1.113141
v 0.139299 0.551075 -1.050182
v 0.206464 0.764711 -0.987212
v -0.008012 0.131350 -1.149821
v 0.128833 0.978662 -0.918144
v 0.054132 0.053331 -1.128426
v 0.062545 0.195610 -1.119863
v 0.163674 0.489331 -1.048955
v 0.228009 0.709090 -1.012275
v 0.161983 0.344461 -1.075245
v 0.230600 0.414142 -1.067909
v 0.242531 0.312825 -1.086851
v 0.106975 1.062401 -0.861295
v 0.184605 0.998829 -0.896136
v 0.282103 0.442572 -1.072792
v 0.282416 0.588356 -1.043460
v 0.278748 1.011674 -0.895522
v 0.233505 1.187103 -0.798938
v 0.203559 0.905913 -0.940754
v 0.295862 0.916918 -0.940754
v 0.261785 1.144313 -0.841728
v 0.305176 0.960935 -0.935258
v 0.204323 1.269015 -0.751266
v 0.208905 1.305696 -0.737207
v 0.324893 0.621670 -1.066069
v 0.320011 0.720695 -1.025733
v 0.259031 1.186490 -0.837459
v 0.298766 1.005553 -0.935258
v 0.336511 0.713359 -1.067296
v 0.291881 1.180994 -0.870459
v 0.280426 1.141872 -0.884518
v 0.273090 1.264133 -0.812997
v 0.209668 1.344818 -0.726816
v 0.345675 0.759216 -1.066069
v 0.324893 1.000057 -0.973766
v 0.362188 0.657737 -1.099695
v 0.336811 0.568488 -1.107031
v 0.358207 0.803833 -1.058733
v 0.355465 0.942595 -1.000056
v 0.304412 1.212780 -0.845396
v 0.372265 0.845397 -1.042233
v 0.251695 1.338708 -0.748211
v 0.284094 1.293465 -0.786106
v 0.389079 0.742703 -1.073405
v 0.404051 0.638182 -1.093586
v 0.378074 0.554743 -1.123531
v 0.349043 0.467636 -1.140031
v 0.305489 0.433709 -1.110086
v 0.347515 1.066683 -0.920586
v 0.381742 0.880851 -1.014115
v 0.311749 1.237229 -0.812997
v 0.399169 0.781211 -1.049569
v 0.298917 1.332587 -0.719480
v 0.390919 0.449596 -1.133309
v 0.461826 0.592325 -1.039178
v 0.366156 0.363715 -1.157758
v 0.323366 0.378387 -1.145540
v 0.267594 0.255826 -1.103363
v 0.383582 0.967044 -0.912636
v 0.420864 0.786720 -0.992107
v 0.367683 1.053851 -0.865577
v 0.350570 1.137591 -0.815451
v 0.312512 1.273910 -0.742703
v 0.413227 0.750039 -1.018396
v 0.462740 0.629006 -1.012888
v 0.420864 0.471291 -1.084409
v 0.397028 0.432169 -1.093586
v 0.515007 0.511027 -1.004939
v 0.340479 0.275681 -1.168162
v 0.352397 0.320312 -1.166935
v 0.403137 1.025733 -0.855186
v 0.416896 0.939540 -0.897976
v 0.447154 0.728031 -0.997002
v 0.459072 0.453877 -1.069737
v 0.479854 0.737821 -0.956039
v 0.585602 0.440431 -0.916304
v 0.533347 0.449596 -0.998216
v 0.434309 0.376247 -1.109472
v 0.482295 0.432169 -1.034897
v 0.538230 0.387251 -0.984157
v 0.518975 0.411087 -1.016556
v 0.476799 0.399169 -1.066069
v 0.504003 0.373793 -1.036124
v 0.569102 0.367997 -0.958493
v 0.592938 0.475886 -0.922426
v 0.478627 0.364930 -1.097855
v 0.595993 0.332230 -1.032456
v 0.427287 0.850905 -0.934031
v 0.403751 0.907140 -0.923027
v 0.493612 0.220673 -1.080128
v 0.577051 0.201569 -1.052010
v 0.444400 0.111332 -1.154103
v 0.461513 0.276458 -1.099082
v 0.424232 0.331003 -1.103977
v 0.409559 0.164738 -1.158372
v 0.509499 0.816064 -0.950544
v 0.529066 0.754321 -0.963376
v 0.501549 0.905300 -0.907754
v 0.571543 0.732926 -0.962762
v 0.400696 0.121259 -1.164493
v 0.391219 0.077518 -1.162040
v 0.384183 0.262699 -1.155317
v 0.387251 0.305026 -1.140031
v 0.382356 0.344761 -1.118636
v 0.606696 0.705422 -0.943207
v 0.457845 1.038565 -0.835619
v 0.602728 0.607924 -0.976220
v 0.646119 0.587129 -0.972552
v 0.527225 0.829510 -0.881464
v 0.642451 0.611279 -0.929762
v 0.382656 1.214007 -0.735367
v 0.465181 0.995775 -0.820333
v 0.618615 0.544952 -0.969485
v 0.327648 1.309364 -0.677904
v 0.259331 1.464625 -0.595993
v 0.513167 0.716426 -0.945035
v 0.271863 1.382713 -0.688909
v 0.213800 1.480524 -0.585001
v 0.219296 1.376603 -0.706022
v 0.229999 1.403494 -0.682186
v -0.120884 0.079007 -1.120477
v -0.042790 0.048449 -1.155317
v -0.004169 0.030697 -1.138817
v -0.061781 0.007975 -1.153489
v 0.038245 0.017126 -1.149208
v -0.020782 0.007511 -1.173044
v 0.123325 0.008088 -1.180994
v 0.139224 0.026440 -1.144926
v 0.192242 0.007574 -1.255569
v 0.367683 0.007511 -1.180380
v 0.253685 0.072398 -1.125973
v 0.383269 0.035392 -1.149208
v 0.255062 0.212423 -1.103363
v 0.347202 0.088335 -1.155931
v 0.267131 0.113923 -1.121704
v 0.289903 0.200042 -1.127813
v 0.330702 0.231214 -1.164493
v 0.356066 0.131650 -1.164493
v 0.365856 0.175592 -1.166935
v -0.164437 0.681572 1.026334
v -0.148688 0.460299 1.064241
v 0.033639 0.458158 1.048956
v 0.062395 0.680972 1.006779
v -0.171460 0.924867 0.928535
v 0.116452 0.555343 1.043460
v 0.100866 0.854573 0.946876
v 0.186283 0.834392 0.996388
v -0.183378 1.283687 0.749426
v 0.251995 0.569715 1.033670
v 0.006535 1.174885 0.794056
v 0.184455 1.162654 0.818506
v 0.179711 0.921812 0.960935
v 0.277221 0.792216 0.981103
v 0.232591 0.926094 0.960321
v 0.215327 1.269015 0.795271
v 0.172224 1.325250 0.720695
v -0.002078 1.287355 0.719480
v 0.265140 1.265347 0.781825
v 0.326734 0.585915 1.059347
v 0.302284 0.967657 0.916918
v 0.211509 1.344817 0.734153
v 0.304876 1.336254 0.714586
v 0.353625 1.220729 0.803220
v 0.302585 1.136977 0.839287
v 0.336811 1.062401 0.904699
v 0.317257 0.745758 1.099082
v 0.323980 0.550148 1.113754
v 0.383582 1.302027 0.685854
v 0.384183 1.058119 0.911422
v 0.351183 0.868632 1.044674
v 0.388465 0.812396 1.058120
v 0.333143 0.625037 1.174884
v 0.302585 0.659576 1.122918
v 0.300744 0.529980 1.162040
v 0.386938 0.638182 1.134536
v 0.439818 0.755547 1.001271
v 0.416896 0.960321 0.881464
v 0.408333 1.242737 0.695632
v 0.365242 1.383939 0.574911
v 0.350871 0.529066 1.204216
v 0.307480 0.544339 1.204830
v 0.587442 0.628392 0.887573
v 0.532121 0.576739 0.951157
v 0.614033 0.777543 0.786107
v 0.671182 0.446841 0.825228
v 0.630232 0.991493 0.616174
v 0.542812 1.206670 0.557797
v 0.608224 0.263925 0.935258
v 0.690135 0.659576 0.735980
v 0.682186 0.832564 0.656510
v 0.900418 0.366456 0.609451
v 0.852119 0.680972 0.587129
v 0.739035 0.888187 0.598134
v 0.715199 0.986611 0.564520
v 0.751879 1.028174 0.484436
v 0.835619 0.814838 0.533648
v 1.018998 0.712144 0.440732
v 1.001271 0.811783 0.417196
v 0.949317 0.963376 0.380528
v 0.879636 1.039792 0.392133
v 1.021451 0.882077 0.290967
v 0.915090 1.017783 0.368297
v 0.817892 1.179767 0.335597
v 0.880850 1.069737 0.357293
v 0.663846 1.240284 0.426373
v 0.941980 0.915703 0.191641
v 0.884518 1.012889 0.019192
v 0.783052 1.234788 0.322139
v 0.809942 1.203002 0.297690
v 0.795270 1.224397 0.169320
v 0.471904 1.377830 0.460299
v 0.669354 1.396158 0.274768
v 0.699913 1.361931 0.255826
v 0.333456 1.529423 0.358520
v 0.180487 1.568545 -0.489944
v 0.106362 1.321582 -0.732312
v -0.194696 1.480524 -0.579793
v 0.245423 1.435280 -0.682799
v 0.282717 1.442616 -0.643064
v 0.206151 1.574654 -0.448368
v 0.246499 1.397385 -0.729871
v 0.142654 1.331372 -0.792829
v 0.311911 1.205444 -0.858854
v 0.450209 1.144927 -0.723148
v 0.364015 1.375377 -0.579192
v 0.278585 1.193826 -0.888186
v 0.480767 1.026334 -0.841728
v 0.556871 1.214607 -0.529366
v 0.558711 0.842342 -0.787333
v 0.580406 1.398612 -0.343534
v 0.441032 1.573440 -0.215014
v 0.618915 0.673636 -0.868018
v 0.519889 0.901031 -0.916917
v 0.437677 0.867405 -0.952371
v 0.739035 1.189557 -0.445927
v 0.638182 0.954826 -0.626564
v 0.739648 0.597520 -0.728644
v 0.797724 1.304469 -0.338652
v 0.560852 1.509868 -0.233817
v 1.014115 0.717640 -0.446240
v 0.849678 1.225612 -0.365542
v 0.435837 1.588112 -0.158315
v 0.644905 0.629619 -0.979275
v 0.648573 0.488104 -0.874127
v 0.540371 0.671182 -1.024506
v 0.751266 1.349712 -0.255363
v 0.886972 1.237843 -0.332542
v 0.921199 1.148594 -0.375633
v 0.968270 0.168105 -0.608224
v 0.814837 0.133641 -0.773274
v 0.792216 1.300801 -0.131424
v 0.580719 0.439205 -1.039178
v 0.640623 0.493913 -0.968271
v 0.707863 0.259495 -0.885745
v 0.911422 1.172430 -0.308844
v 0.879636 1.184049 -0.255212
v 0.979275 0.963376 -0.430341
v 1.111914 0.206915 -0.518675
v 0.985384 0.999443 -0.376860
v 1.075859 0.547407 -0.518362
v 1.066682 0.781825 -0.458772
v 1.124145 0.232904 -0.602728
v 1.123531 0.590798 -0.481994
v 1.053237 0.695631 -0.403751
v 1.198720 0.248490 -0.624123
v 1.154103 0.245736 -0.634513
v 1.163880 0.400083 -0.510413
v 1.144926 0.147624 -0.437978
v 1.020224 0.701140 -0.206764
v 1.130254 0.016400 -0.150904
v 1.015342 0.669354 -0.024562
v 1.015342 0.704195 0.133177
v 0.904699 1.055678 -0.113009
v 0.970712 1.011061 0.104071
v 1.008607 0.923640 0.211509
v 0.934031 1.110086 0.001528
v 0.880250 1.157158 -0.114849
v 0.928535 0.960321 0.230913
v 0.974993 0.952985 0.227696
v 0.888186 1.178552 0.044055
v 0.746371 1.304469 -0.016174
v 0.470690 1.546536 0.075302
v 0.741489 1.342376 0.098800
v 0.709690 1.350927 0.213800
v 0.827056 1.181607 0.153120
v 0.834392 1.170603 0.353625
v 0.618915 1.456074 0.133941
v 0.766539 1.289796 0.274617
v 0.671795 1.388834 0.352098
v 0.470077 1.567318 0.188574
v 0.744543 1.235401 0.403751
v 0.742703 1.267800 0.423619
v 0.712144 1.287355 0.441033
v 0.597219 1.416952 0.328875
v 0.655295 1.260464 0.410474
v 0.383582 1.535532 0.321539
v 0.472217 1.320368 0.543125
v -0.344461 1.564877 -0.296162
v -0.396415 1.440175 -0.419337
v -0.400383 1.559982 -0.265753
v -0.437677 1.462183 -0.355465
v -0.477713 1.425503 -0.369211
v -0.452963 1.545322 -0.230300
v -0.492686 1.451179 -0.321839
v -0.507671 1.424288 -0.355465
v -0.497894 1.523314 -0.255513
v -0.529679 1.526982 -0.244358
v -0.513167 1.539200 -0.203409
v -0.557484 1.468293 -0.365542
v -0.600274 1.442616 -0.141590
v -0.636955 1.424288 -0.223264
v -0.575825 1.476856 -0.262999
v -0.603642 1.425503 -0.334984
v -0.666900 1.401053 -0.306403
v -0.863123 1.074632 -0.103307
v -0.992107 0.850291 -0.401910
v -0.997002 0.825842 -0.418723
v -1.001884 0.748813 -0.457545
v -1.004338 0.745758 -0.452650
v -0.997615 0.746985 -0.452349
v -1.004338 0.745758 -0.452650
v -0.993947 0.688295 -0.460900
v -0.996388 0.745758 -0.456318
v -0.996388 0.745758 -0.456318
v -0.996388 0.745758 -0.456318
v -0.996388 0.745758 -0.456318
v -1.003724 0.741489 -0.452963
vt 0.278000 0.511496
vt 0.612000 0.514496
vt 0.278000 0.514496
vt 0.612000 0.511496
vt 0.612000 0.508496
vt 0.278000 0.508496
vt 0.624000 0.511496
vt 0.624000 0.514496
vt 0.612000 0.505496
vt 0.624000 0.508496
vt 0.708000 0.511496
vt 0.278000 0.505496
vt 0.708000 0.514496
vt 0.708000 0.508496
vt 0.624000 0.505496
vt 0.278000 0.502496
vt 0.612000 0.502496
vt 0.624000 0.502496
vt 0.708000 0.505496
vt 0.708000 0.502496
vt 0.101000 0.486496
vt 0.112000 0.486496
vt 0.101000 0.492496
vt 0.112000 0.492496
vt 0.123000 0.486496
vt 0.123000 0.492496
vt 0.135000 0.486496
vt 0.135000 0.492496
vt 0.148000 0.486496
vt 0.148000 0.492496
vt 0.160000 0.492496
vt 0.160000 0.486496
vt 0.172000 0.492496
vt 0.172000 0.486496
vt 0.184000 0.492496
vt 0.184000 0.486496
vt 0.197000 0.492496
vt 0.197000 0.486496
vt 0.038000 0.492496
vt 0.038000 0.486496
vt 0.112000 0.481496
vt 0.101000 0.481496
vt 0.123000 0.481496
vt 0.135000 0.481496
vt 0.148000 0.481496
vt 0.160000 0.481496
vt 0.172000 0.481496
vt 0.184000 0.481496
vt 0.197000 0.481496
vt 0.038000 0.481496
vt 0.099000 0.508496
vt 0.077000 0.505496
vt 0.082000 0.509496
vt 0.097000 0.505496
vt 0.083000 0.501496
vt 0.099000 0.502496
vt 0.125000 0.505496
vt 0.127000 0.509496
vt 0.127000 0.501496
vt 0.159000 0.505496
vt 0.153000 0.502496
vt 0.156000 0.509496
vt 0.185000 0.508496
vt 0.190000 0.505496
vt 0.184000 0.502496
vt 0.187000 0.511496
vt 0.211000 0.507496
vt 0.193000 0.507496
vt 0.209000 0.511496
vt 0.193000 0.513496
vt 0.211000 0.513496
vt 0.236000 0.510496
vt 0.238000 0.506496
vt 0.240000 0.514496
vt 0.267000 0.512496
vt 0.270000 0.511496
vt 0.266000 0.507496
vt 0.301000 0.511496
vt 0.297000 0.508496
vt 0.296000 0.513496
vt 0.253000 0.502496
vt 0.202000 0.502496
vt 0.221000 0.502496
vt 0.101000 0.476496
vt 0.112000 0.476496
vt 0.123000 0.476496
vt 0.135000 0.476496
vt 0.148000 0.476496
vt 0.160000 0.476496
vt 0.172000 0.476496
vt 0.184000 0.476496
vt 0.197000 0.476496
vt 0.647000 0.158496
vt 0.598000 0.158496
vt 0.598000 0.141496
vt 0.610000 0.135496
vt 0.671000 0.158496
vt 0.598000 0.135496
vt 0.635000 0.141496
vt 0.598000 0.130496
vt 0.647000 0.141496
vt 0.684000 0.158496
vt 0.598000 0.118496
vt 0.635000 0.113496
vt 0.684000 0.107496
vt 0.696000 0.141496
vt 0.733000 0.158496
vt 0.598000 0.084496
vt 0.622000 0.079496
vt 0.733000 0.079496
vt 0.671000 0.073496
vt 0.733000 0.141496
vt 0.746000 0.158496
vt 0.598000 0.044496
vt 0.684000 0.004496
vt 0.721000 0.039496
vt 0.733000 0.056496
vt 0.746000 0.124496
vt 0.746000 0.067496
vt 0.746000 0.135496
vt 0.708000 0.004496
vt 0.733000 0.004496
vt 0.733000 0.027496
vt 0.746000 0.004496
vt 0.758000 0.096496
vt 0.770000 0.124496
vt 0.758000 0.067496
vt 0.758000 0.004496
vt 0.770000 0.101496
vt 0.770000 0.067496
vt 0.782000 0.135496
vt 0.770000 0.056496
vt 0.770000 0.044496
vt 0.807000 0.044496
vt 0.795000 0.067496
vt 0.782000 0.027496
vt 0.844000 0.107496
vt 0.856000 0.073496
vt 0.782000 0.016496
vt 0.770000 0.004496
vt 0.807000 0.158496
vt 0.819000 0.135496
vt 0.869000 0.016496
vt 0.795000 0.004496
vt 0.844000 0.004496
vt 0.782000 0.004496
vt 0.906000 0.079496
vt 0.893000 0.113496
vt 0.942000 0.039496
vt 0.832000 0.158496
vt 0.869000 0.147496
vt 0.955000 0.004496
vt 0.930000 0.124496
vt 0.918000 0.135496
vt 0.906000 0.141496
vt 0.869000 0.175496
vt 0.881000 0.175496
vt 0.832000 0.197496
vt 0.992000 0.004496
vt 0.955000 0.056496
vt 0.992000 0.044496
vt 0.918000 0.147496
vt 0.930000 0.130496
vt 0.906000 0.152496
vt 0.856000 0.190496
vt 0.869000 0.187496
vt 0.881000 0.181496
vt 0.918000 0.169496
vt 0.906000 0.187496
vt 0.918000 0.164496
vt 0.942000 0.158496
vt 0.967000 0.084496
vt 0.992000 0.067496
vt 0.906000 0.201496
vt 0.869000 0.194496
vt 0.930000 0.194496
vt 0.930000 0.175496
vt 0.930000 0.169496
vt 0.967000 0.190496
vt 0.955000 0.169496
vt 0.992000 0.090496
vt 0.967000 0.090496
vt 0.955000 0.201496
vt 0.955000 0.175496
vt 0.881000 0.208496
vt 0.918000 0.208496
vt 0.955000 0.204496
vt 0.992000 0.201496
vt 0.992000 0.175496
vt 0.967000 0.204496
vt 0.967000 0.107496
vt 0.992000 0.113496
vt 0.979000 0.213496
vt 0.992000 0.209496
vt 0.992000 0.205496
vt 0.856000 0.212496
vt 0.942000 0.216496
vt 0.992000 0.214496
vt 0.992000 0.221496
vt 0.967000 0.221496
vt 0.942000 0.227496
vt 0.906000 0.227496
vt 0.992000 0.227496
vt 0.844000 0.208496
vt 0.832000 0.208496
vt 0.832000 0.201496
vt 0.856000 0.201496
vt 0.844000 0.201496
vt 0.844000 0.197496
vt 0.856000 0.194496
vt 0.992000 0.169496
vt 0.992000 0.164496
vt 0.967000 0.164496
vt 0.992000 0.158496
vt 0.967000 0.147496
vt 0.992000 0.152496
vt 0.992000 0.135496
vt 0.942000 0.130496
vt 0.942000 0.118496
vt 0.955000 0.118496
vt 0.979000 0.130496
vt 0.955000 0.101496
vt 0.930000 0.204496
vt 0.992000 0.190496
vt 0.967000 0.187496
vt 0.930000 0.187496
vt 0.918000 0.204496
vt 0.918000 0.181496
vt 0.942000 0.169496
vt 0.930000 0.152496
vt 0.844000 0.158496
vt 0.856000 0.187496
vt 0.869000 0.204496
vt 0.955000 0.164496
vt 0.930000 0.118496
vt 0.807000 0.190496
vt 0.819000 0.164496
vt 0.832000 0.118496
vt 0.807000 0.124496
vt 0.832000 0.204496
vt 0.967000 0.158496
vt 0.955000 0.158496
vt 0.967000 0.135496
vt 0.930000 0.096496
vt 0.918000 0.107496
vt 0.869000 0.084496
vt 0.819000 0.079496
vt 0.967000 0.152496
vt 0.992000 0.147496
vt 0.992000 0.130496
vt 0.979000 0.124496
vt 0.918000 0.090496
vt 0.893000 0.079496
vt 0.942000 0.090496
vt 0.930000 0.084496
vt 0.918000 0.079496
vt 0.955000 0.084496
vt 0.930000 0.079496
vt 0.918000 0.056496
vt 0.955000 0.113496
vt 0.992000 0.096496
vt 0.955000 0.090496
vt 0.992000 0.084496
vt 0.955000 0.079496
vt 0.979000 0.107496
vt 0.992000 0.101496
vt 0.930000 0.062496
vt 0.942000 0.073496
vt 0.967000 0.067496
vt 0.967000 0.073496
vt 0.942000 0.062496
vt 0.992000 0.056496
vt 0.967000 0.062496
vt 0.930000 0.056496
vt 0.942000 0.010496
vt 0.967000 0.039496
vt 0.992000 0.039496
vt 0.918000 0.044496
vt 0.930000 0.016496
vt 0.967000 0.004496
vt 0.992000 0.016496
vt 0.906000 0.056496
vt 0.906000 0.027496
vt 0.918000 0.022496
vt 0.893000 0.022496
vt 0.869000 0.022496
vt 0.906000 0.016496
vt 0.832000 0.062496
vt 0.832000 0.010496
vt 0.844000 0.010496
vt 0.819000 0.044496
vt 0.819000 0.056496
vt 0.819000 0.062496
vt 0.795000 0.056496
vt 0.807000 0.010496
vt 0.807000 0.033496
vt 0.795000 0.101496
vt 0.795000 0.027496
vt 0.795000 0.033496
vt 0.795000 0.044496
vt 0.795000 0.050496
vt 0.782000 0.090496
vt 0.782000 0.056496
vt 0.782000 0.039496
vt 0.782000 0.033496
vt 0.782000 0.113496
vt 0.795000 0.118496
vt 0.782000 0.022496
vt 0.770000 0.090496
vt 0.770000 0.022496
vt 0.758000 0.033496
vt 0.758000 0.050496
vt 0.758000 0.079496
vt 0.758000 0.107496
vt 0.758000 0.022496
vt 0.795000 0.130496
vt 0.733000 0.016496
vt 0.746000 0.033496
vt 0.746000 0.073496
vt 0.746000 0.101496
vt 0.721000 0.067496
vt 0.708000 0.056496
vt 0.807000 0.141496
vt 0.708000 0.073496
vt 0.721000 0.090496
vt 0.758000 0.141496
vt 0.782000 0.164496
vt 0.746000 0.130496
vt 0.770000 0.158496
vt 0.795000 0.175496
vt 0.795000 0.181496
vt 0.708000 0.096496
vt 0.721000 0.107496
vt 0.770000 0.164496
vt 0.746000 0.141496
vt 0.708000 0.107496
vt 0.758000 0.164496
vt 0.758000 0.158496
vt 0.770000 0.175496
vt 0.795000 0.187496
vt 0.708000 0.113496
vt 0.696000 0.101496
vt 0.696000 0.090496
vt 0.708000 0.118496
vt 0.721000 0.135496
vt 0.758000 0.169496
vt 0.708000 0.124496
vt 0.782000 0.187496
vt 0.770000 0.181496
vt 0.696000 0.113496
vt 0.684000 0.101496
vt 0.684000 0.090496
vt 0.684000 0.079496
vt 0.696000 0.073496
vt 0.733000 0.152496
vt 0.708000 0.130496
vt 0.758000 0.175496
vt 0.696000 0.118496
vt 0.770000 0.190496
vt 0.671000 0.079496
vt 0.659000 0.101496
vt 0.671000 0.067496
vt 0.684000 0.067496
vt 0.696000 0.050496
vt 0.708000 0.147496
vt 0.684000 0.124496
vt 0.721000 0.158496
vt 0.733000 0.169496
vt 0.758000 0.187496
vt 0.684000 0.118496
vt 0.659000 0.107496
vt 0.659000 0.084496
vt 0.659000 0.079496
vt 0.635000 0.096496
vt 0.671000 0.056496
vt 0.671000 0.062496
vt 0.708000 0.158496
vt 0.696000 0.147496
vt 0.671000 0.118496
vt 0.647000 0.084496
vt 0.659000 0.124496
vt 0.598000 0.096496
vt 0.622000 0.090496
vt 0.647000 0.073496
vt 0.635000 0.084496
vt 0.610000 0.084496
vt 0.622000 0.084496
vt 0.635000 0.079496
vt 0.598000 0.101496
vt 0.635000 0.073496
vt 0.598000 0.073496
vt 0.684000 0.135496
vt 0.622000 0.056496
vt 0.598000 0.056496
vt 0.635000 0.039496
vt 0.635000 0.062496
vt 0.647000 0.067496
vt 0.647000 0.044496
vt 0.659000 0.135496
vt 0.647000 0.130496
vt 0.671000 0.147496
vt 0.635000 0.130496
vt 0.647000 0.039496
vt 0.647000 0.033496
vt 0.659000 0.056496
vt 0.659000 0.062496
vt 0.659000 0.067496
vt 0.622000 0.130496
vt 0.696000 0.164496
vt 0.610000 0.118496
vt 0.647000 0.147496
vt 0.598000 0.124496
vt 0.733000 0.187496
vt 0.684000 0.164496
vt 0.598000 0.113496
vt 0.758000 0.194496
vt 0.795000 0.204496
vt 0.647000 0.124496
vt 0.782000 0.194496
vt 0.807000 0.204496
vt 0.795000 0.190496
vt 0.795000 0.194496
vt 0.782000 0.010496
vt 0.758000 0.010496
vt 0.746000 0.010496
vt 0.733000 0.010496
vt 0.708000 0.010496
vt 0.708000 0.016496
vt 0.647000 0.022496
vt 0.684000 0.027496
vt 0.647000 0.027496
vt 0.696000 0.044496
vt 0.659000 0.033496
vt 0.684000 0.033496
vt 0.684000 0.044496
vt 0.671000 0.050496
vt 0.659000 0.039496
vt 0.659000 0.044496
vt 0.992000 0.033496
vt 0.942000 0.004496
vt 0.930000 0.033496
vt 0.918000 0.016496
vt 0.893000 0.050496
vt 0.992000 0.118496
vt 0.881000 0.016496
vt 0.942000 0.101496
vt 0.893000 0.096496
vt 0.893000 0.062496
vt 0.869000 0.044496
vt 0.881000 0.062496
vt 0.881000 0.107496
vt 0.893000 0.118496
vt 0.869000 0.107496
vt 0.856000 0.016496
vt 0.856000 0.067496
vt 0.881000 0.118496
vt 0.856000 0.118496
vt 0.844000 0.101496
vt 0.856000 0.090496
vt 0.844000 0.079496
vt 0.832000 0.033496
vt 0.844000 0.009496
vt 0.832000 0.079496
vt 0.832000 0.050496
vt 0.819000 0.016496
vt 0.832000 0.022496
vt 0.832000 0.004496
vt 0.807000 0.022496
vt 0.807000 0.073496
vt 0.819000 0.113496
vt 0.832000 0.135496
vt 0.807000 0.004496
vt 0.819000 0.004496
vt 0.733000 0.044496
vt 0.733000 0.067496
vt 0.733000 0.101496
vt 0.696000 0.062496
vt 0.708000 0.084496
vt 0.600000 0.045496
vt 0.647000 0.079496
vt 0.696000 0.096496
vt 0.659000 0.096496
vt 0.610000 0.107496
vt 0.635000 0.124496
vt 0.659000 0.130496
vt 0.684000 0.147496
vt 0.598000 0.169496
vt 0.696000 0.152496
vt 0.684000 0.152496
vt 0.671000 0.169496
vt 0.795000 0.147496
vt 0.721000 0.169496
vt 0.832000 0.169496
vt 0.684000 0.201496
vt 0.598000 0.187496
vt 0.598000 0.227496
vt 0.647000 0.181496
vt 0.659000 0.181496
vt 0.696000 0.201496
vt 0.635000 0.175496
vt 0.598000 0.175496
vt 0.610000 0.147496
vt 0.684000 0.169496
vt 0.598000 0.147496
vt 0.635000 0.118496
vt 0.721000 0.141496
vt 0.622000 0.101496
vt 0.770000 0.130496
vt 0.807000 0.067496
vt 0.807000 0.130496
vt 0.795000 0.197496
vt 0.622000 0.067496
vt 0.647000 0.050496
vt 0.819000 0.152496
vt 0.819000 0.130496
vt 0.819000 0.118496
vt 0.856000 0.152496
vt 0.622000 0.050496
vt 0.832000 0.124496
vt 0.844000 0.130496
vt 0.819000 0.096496
vt 0.832000 0.101496
vt 0.832000 0.073496
vt 0.844000 0.050496
vt 0.856000 0.027496
vt 0.906000 0.004496
vt 0.893000 0.124496
vt 0.955000 0.130496
vt 0.992000 0.124496
vt 0.881000 0.135496
vt 0.881000 0.164496
vt 0.856000 0.204496
vt 0.906000 0.175496
vt 0.893000 0.194496
vt 0.955000 0.181496
vt 0.955000 0.197496
vt 0.881000 0.212496
vt 0.992000 0.187496
vt 0.992000 0.194496
vt 0.942000 0.204496
vt 0.647000 0.227496
vt 0.647000 0.220496
vt 0.610000 0.221496
vt 0.598000 0.219496
vt 0.647000 0.212496
vt 0.610000 0.213496
vt 0.598000 0.214496
vt 0.635000 0.209496
vt 0.635000 0.204496
vt 0.647000 0.204496
vt 0.598000 0.205496
vt 0.647000 0.190496
vt 0.622000 0.190496
vt 0.622000 0.199496
vt 0.598000 0.197496
vt 0.598000 0.190496
vt 0.278000 0.506496
vt 0.612000 0.506496
vt 0.624000 0.506496
vt 0.708000 0.506496
vt 0.038000 0.476496
vt 0.141000 0.513496
vt 0.110000 0.513496
vt 0.091000 0.513496
vt 0.172000 0.513496
vt 0.286000 0.502496
vn -0.008600 0.801800 -0.597500
vn -0.800800 -0.212900 0.559800
vn -0.485300 -0.585400 0.649500
vn 0.302200 0.602600 -0.738600
vn -0.008600 0.801800 -0.597600
vn 0.763900 0.281000 -0.580900
vn 0.302100 0.602600 -0.738600
vn 0.943800 -0.235200 -0.232300
vn -0.037500 0.489200 -0.871400
vn -0.840200 -0.235600 0.488500
vn 0.307300 -0.712800 0.630400
vn 0.917200 0.078100 -0.390600
vn -0.371000 0.363500 -0.854500
vn 0.240700 -0.823600 0.513500
vn -0.770900 -0.241500 0.589500
vn 0.999800 -0.004300 -0.017000
vn 0.346600 -0.439400 0.828800
vn -0.485300 -0.585300 0.649500
vn -0.800800 -0.213000 0.559800
vn 0.308900 -0.374200 0.874400
vn -0.770800 -0.241500 0.589500
vn 0.668100 0.392200 0.632300
vn 0.227800 0.423600 0.876700
vn -0.493200 -0.853300 0.169400
vn 0.247300 -0.956300 0.155900
vn 0.048700 0.304600 0.951300
vn 0.486900 -0.836500 -0.251200
vn -0.011300 0.139100 0.990200
vn 0.767100 -0.526600 -0.366400
vn 0.478000 -0.059000 0.876400
vn 0.719900 -0.229500 -0.655100
vn 0.907100 0.110200 -0.406200
vn -0.073000 -0.041300 0.996500
vn 0.649200 0.549200 -0.526200
vn -0.033200 -0.171400 0.984600
vn 0.577000 0.812300 0.084600
vn 0.122200 -0.455600 0.881800
vn -0.445300 0.860600 0.247000
vn 0.299800 -0.693800 0.654800
vn -0.445400 0.860600 0.247000
vn -0.418500 0.305200 -0.855400
vn -0.443900 0.244500 -0.862100
vn -0.482500 0.475400 -0.735600
vn -0.679200 0.344400 -0.648200
vn -0.906700 0.203200 -0.369600
vn -0.772500 -0.053300 -0.632700
vn -0.755500 -0.501600 -0.421500
vn -0.504700 -0.198500 -0.840100
vn 0.162700 -0.282500 -0.945400
vn 0.603100 0.610000 -0.514000
vn 0.048900 0.511200 0.858000
vn 0.934400 0.347900 -0.076100
vn -0.649300 0.686000 -0.328300
vn -0.316000 0.680300 0.661400
vn -0.647200 0.353200 -0.675600
vn -0.140300 -0.732800 -0.665800
vn 0.912400 -0.113300 -0.393300
vn 0.064100 -0.785200 -0.616000
vn 0.574100 -0.756800 0.312600
vn 0.596500 -0.687900 0.413600
vn 0.921900 0.069700 -0.381100
vn 0.049000 0.511300 0.858000
vn -0.315900 0.680300 0.661400
vn -0.011900 0.417900 0.908400
vn -0.842700 -0.534700 0.062600
vn -0.313100 -0.765100 0.562600
vn -0.762600 0.603500 -0.232900
vn -0.316000 0.680300 0.661300
vn -0.647100 0.353200 -0.675600
vn 0.242000 -0.442900 -0.863300
vn -0.276800 -0.960600 -0.023900
vn 0.064200 -0.785200 -0.615900
vn 0.755700 -0.629300 0.181500
vn -0.388900 -0.896100 0.213800
vn -0.011800 0.417900 0.908400
vn -0.313100 -0.765200 0.562600
vn -0.632600 -0.717300 0.292000
vn -0.493200 -0.853200 0.169400
vn 0.487000 -0.836500 -0.251200
vn 0.767000 -0.526700 -0.366400
vn 0.649200 0.549200 -0.526300
vn -0.720000 0.673500 -0.167500
vn -0.828900 0.555600 0.065300
vn -0.665900 0.719800 -0.196300
vn -0.733200 0.676600 -0.068600
vn -0.832000 0.432500 0.347500
vn -0.615200 0.751200 -0.239300
vn -0.785100 0.242000 0.570100
vn -0.833000 0.273200 0.481100
vn -0.882400 0.296500 0.365400
vn -0.854900 0.516300 0.051000
vn -0.889300 0.252300 0.381300
vn -0.914800 0.399000 0.062200
vn -0.914200 0.401100 -0.057600
vn -0.851000 0.510100 -0.125000
vn -0.765800 0.632700 -0.114900
vn -0.943400 0.310200 0.117500
vn -0.963500 0.267400 -0.010600
vn -0.916100 0.400400 0.020500
vn -0.951800 0.294200 -0.086600
vn -0.834600 0.549900 0.031500
vn -0.600800 0.678400 0.422800
vn -0.983000 0.181700 0.025500
vn -0.983100 0.145800 -0.110800
vn -0.951100 0.140900 -0.274800
vn -0.958200 0.284000 -0.033600
vn -0.747700 0.447700 0.490400
vn -0.753100 0.423000 0.503900
vn -0.670900 0.511600 0.536900
vn -0.944300 0.109700 -0.310300
vn -0.922300 0.088800 -0.376200
vn -0.955700 0.179700 -0.233100
vn -0.836900 0.336700 0.431500
vn -0.331600 0.370500 0.867600
vn -0.509800 0.385500 0.769000
vn 0.008500 0.209800 0.977700
vn 0.384700 0.153500 0.910200
vn -0.518400 0.368800 0.771500
vn -0.283100 0.223800 0.932600
vn -0.528200 0.489800 0.693600
vn -0.063500 0.110500 0.991800
vn 0.420500 0.037200 0.906500
vn -0.602600 0.180200 0.777400
vn -0.628800 0.250100 0.736300
vn -0.110400 0.131800 0.985100
vn -0.660200 0.385700 0.644400
vn -0.680900 0.274800 0.678800
vn 0.454400 0.077700 0.887400
vn 0.645700 0.078300 0.759600
vn -0.560700 0.574600 0.596200
vn -0.625800 0.492700 0.604600
vn -0.697500 0.180700 0.693400
vn -0.168400 0.160900 0.972500
vn -0.646000 0.186700 0.740200
vn 0.580900 0.013600 0.813900
vn -0.739100 0.285500 0.610100
vn -0.712800 0.418300 0.563000
vn -0.725600 0.177000 0.665000
vn -0.630700 0.585400 0.509500
vn -0.650500 0.510000 0.562800
vn -0.699500 0.164800 0.695400
vn -0.516200 0.465500 0.718900
vn -0.578900 0.525500 0.623500
vn -0.604700 0.512100 0.610000
vn -0.563500 0.678600 0.471200
vn -0.424000 0.627300 0.653300
vn -0.601700 0.718600 0.348600
vn -0.716400 0.147300 0.681900
vn -0.751900 0.172600 0.636300
vn -0.721000 0.167600 0.672400
vn -0.288000 0.539000 0.791500
vn -0.226800 0.525400 0.820100
vn -0.374200 0.523200 0.765600
vn -0.489900 0.700100 0.519400
vn -0.240800 0.764300 0.598200
vn -0.121700 0.781900 0.611400
vn -0.035100 0.635900 0.771000
vn 0.101400 0.675900 0.730000
vn -0.214000 0.393500 0.894100
vn -0.185300 0.321100 0.928700
vn -0.613400 0.184800 0.767800
vn -0.473300 0.219700 0.853100
vn -0.010000 0.702500 0.711600
vn -0.039000 0.687600 0.725000
vn 0.090900 0.728200 0.679300
vn 0.275000 0.689600 0.670000
vn 0.202700 0.758200 0.619700
vn 0.033100 0.568500 0.822000
vn 0.138700 0.709800 0.690700
vn -0.154500 0.346400 0.925300
vn -0.445900 0.345000 0.825900
vn -0.344300 0.407900 0.845600
vn 0.420500 0.744500 0.518500
vn 0.174800 0.776600 0.605300
vn 0.073400 0.811500 0.579700
vn -0.185000 0.703300 0.686400
vn -0.391200 0.253700 0.884600
vn 0.415600 0.795000 0.441800
vn -0.530700 0.199300 0.823800
vn 0.019900 0.430600 0.902300
vn 0.167800 0.378100 0.910400
vn -0.036100 0.812000 0.582600
vn -0.014400 0.767300 0.641200
vn -0.522100 0.103700 0.846500
vn 0.102500 0.830900 0.546900
vn -0.174700 0.730800 0.659900
vn 0.014700 0.838400 0.544800
vn -0.049600 0.739900 0.670900
vn -0.237400 0.698600 0.674900
vn -0.041600 0.783600 0.619900
vn -0.151600 0.728000 0.668600
vn 0.359500 0.785000 0.504500
vn 0.118200 0.917800 0.379000
vn 0.085400 0.934700 0.345100
vn -0.235900 0.926300 0.293800
vn 0.032200 0.802100 0.596300
vn -0.261700 0.882600 0.390600
vn -0.433700 0.770800 0.466600
vn -0.404200 0.716800 0.568200
vn 0.467200 0.843900 0.263700
vn -0.274300 0.222900 0.935500
vn -0.322500 0.308000 0.895000
vn -0.237400 0.029200 0.971000
vn 0.039000 0.399000 0.916100
vn -0.008500 0.226000 0.974100
vn 0.006300 0.445400 0.895300
vn -0.008800 0.468800 0.883300
vn -0.282600 0.469900 0.836200
vn 0.067700 0.404800 0.911900
vn 0.090500 0.398800 0.912500
vn -0.388000 0.414600 0.823100
vn -0.503800 0.735100 -0.453700
vn -0.633600 0.563700 -0.529900
vn -0.550100 0.694800 -0.463200
vn -0.657100 0.581100 -0.480100
vn -0.300900 0.753900 -0.584100
vn -0.001100 0.760200 -0.649600
vn -0.391700 0.692900 -0.605400
vn -0.637100 0.695900 -0.331400
vn 0.099700 0.647500 -0.755500
vn -0.574500 0.815400 -0.070700
vn -0.598100 0.662400 -0.451100
vn -0.339900 0.557100 -0.757700
vn -0.552400 0.803500 -0.221900
vn 0.008600 0.498100 -0.867100
vn -0.015300 0.655500 -0.755100
vn -0.039500 0.722000 -0.690700
vn -0.663500 0.652200 -0.366700
vn -0.733000 0.190900 -0.652800
vn -0.870900 0.281900 -0.402700
vn -0.439000 0.461700 -0.770800
vn -0.354400 0.579700 -0.733700
vn -0.113500 0.506800 -0.854600
vn 0.031600 0.386400 -0.921800
vn -0.291000 0.404600 -0.867000
vn -0.208300 0.704800 -0.678100
vn -0.697300 -0.051200 -0.714900
vn -0.748900 -0.079100 -0.657900
vn -0.859200 0.064800 -0.507400
vn -0.988900 0.132900 -0.065900
vn -0.934400 0.196900 -0.296700
vn -0.727700 0.401400 -0.556200
vn 0.019600 0.403000 -0.915000
vn 0.095000 0.247700 -0.964200
vn -0.012700 0.291500 -0.956500
vn -0.856600 0.174800 -0.485400
vn -0.815100 0.038600 -0.578100
vn -0.865100 0.227300 -0.447200
vn -0.972600 -0.011400 -0.232200
vn -0.986700 -0.107900 -0.121700
vn -0.138400 0.438200 -0.888200
vn 0.167100 0.257900 -0.951600
vn -0.963300 0.231100 0.136400
vn -0.864200 0.314600 -0.392700
vn -0.297500 0.312400 -0.902200
vn -0.988900 -0.145600 0.028400
vn -0.990700 -0.065900 0.119400
vn -0.973200 0.137000 -0.184700
vn -0.474300 0.210600 -0.854800
vn -0.986600 -0.161600 -0.019900
vn -0.988200 0.031300 0.150200
vn -0.881900 0.337100 0.329700
vn -0.924500 0.325900 0.197700
vn -0.979600 -0.177000 0.095200
vn -0.956500 -0.139700 0.256100
vn -0.974300 -0.051200 0.219100
vn -0.935500 -0.068400 0.346500
vn -0.977100 0.132200 -0.166800
vn -0.923000 0.128400 0.362700
vn -0.899100 0.362900 0.244900
vn -0.877400 0.021000 0.479300
vn -0.958600 -0.190800 0.211500
vn -0.929900 0.151600 0.335000
vn -0.951400 -0.154700 0.266400
vn -0.853500 0.086100 0.513900
vn -0.775400 0.157400 0.611500
vn -0.960400 0.181300 -0.211700
vn -0.955600 0.137900 0.260600
vn -0.821500 0.096600 0.562000
vn -0.762900 0.126900 0.634000
vn -0.593700 0.286200 -0.752100
vn -0.957100 0.254400 -0.138300
vn -0.848800 0.020600 0.528400
vn -0.795300 0.020500 0.605800
vn 0.054700 0.197700 -0.978700
vn -0.126400 0.206800 -0.970200
vn -0.711600 0.283000 -0.643100
vn 0.053900 0.175600 -0.983000
vn 0.065400 0.157000 -0.985400
vn -0.070000 0.124500 -0.989800
vn -0.235700 0.304300 -0.922900
vn -0.352700 0.230200 -0.907000
vn -0.119500 0.002400 -0.992800
vn -0.286000 0.348200 -0.892700
vn -0.007400 0.319100 -0.947700
vn -0.010600 0.314800 -0.949100
vn -0.045300 0.264900 -0.963200
vn 0.499800 0.084600 -0.862000
vn 0.427900 0.090800 -0.899300
vn 0.570400 0.094200 -0.816000
vn -0.430900 0.331400 -0.839300
vn 0.558200 0.009700 -0.829600
vn 0.450300 0.080800 -0.889200
vn 0.036500 0.201400 -0.978800
vn -0.010400 0.225100 -0.974300
vn -0.454400 0.333100 -0.826200
vn -0.581800 0.317900 -0.748600
vn -0.372100 0.232200 -0.898700
vn -0.276800 0.240900 -0.930300
vn -0.044100 0.394100 -0.918000
vn -0.462400 0.366600 -0.807400
vn 0.111100 0.110200 -0.987700
vn -0.134700 0.202200 -0.970000
vn -0.331600 0.247100 -0.910500
vn 0.076300 0.216200 -0.973300
vn 0.291900 0.204900 -0.934200
vn -0.447900 0.241600 -0.860800
vn 0.192700 0.083900 -0.977700
vn 0.449000 0.067100 -0.891000
vn 0.380200 0.128100 -0.916000
vn 0.165400 0.287100 -0.943500
vn -0.076900 0.092700 -0.992700
vn -0.197000 0.481700 -0.853900
vn 0.127100 0.202000 -0.971100
vn 0.423100 0.046500 -0.904900
vn 0.221400 0.130400 -0.966400
vn -0.094300 0.246600 -0.964500
vn 0.067000 0.155500 -0.985600
vn -0.125500 0.179200 -0.975800
vn -0.286200 0.174200 -0.942200
vn -0.144500 0.475200 -0.867900
vn 0.077700 0.475300 -0.876400
vn -0.593000 0.218300 -0.775000
vn -0.346400 0.203300 -0.915800
vn -0.344100 0.359300 -0.867400
vn -0.356000 0.369500 -0.858300
vn 0.089000 0.389400 -0.916800
vn -0.298900 0.335600 -0.893300
vn -0.826700 0.091700 -0.555100
vn -0.873700 0.082700 -0.479300
vn -0.416700 0.391900 -0.820200
vn -0.691200 0.253600 -0.676700
vn -0.786800 0.180100 -0.590400
vn -0.626800 0.226700 -0.745500
vn -0.829300 0.153400 -0.537300
vn -0.947400 -0.016100 -0.319600
vn -0.859600 0.106500 -0.499700
vn -0.242900 0.488200 -0.838200
vn -0.747300 0.225300 -0.625200
vn -0.218700 0.541600 -0.811700
vn -0.535800 0.439200 -0.721100
vn -0.680100 0.178600 -0.711000
vn -0.257200 0.385300 -0.886200
vn -0.192700 0.232600 -0.953300
vn -0.648400 0.202300 -0.733900
vn -0.133400 0.308500 -0.941800
vn 0.375300 0.477200 -0.794600
vn 0.406200 0.560500 -0.721700
vn 0.325500 0.382300 -0.864800
vn 0.077500 0.699900 -0.710000
vn 0.408500 0.652500 -0.638300
vn 0.366100 0.281200 -0.887100
vn 0.550800 0.199200 -0.810500
vn 0.080900 0.200900 -0.976300
vn -0.248300 0.200600 -0.947700
vn -0.698900 0.187200 -0.690300
vn 0.805000 0.403700 -0.434800
vn 0.791800 0.357600 -0.495200
vn 0.812900 0.446000 -0.374500
vn 0.818700 0.274600 -0.504300
vn 0.713300 0.549600 -0.435000
vn 0.694800 -0.032700 -0.718500
vn 0.794100 0.148600 -0.589300
vn 0.544400 0.033600 -0.838100
vn -0.508500 0.164000 -0.845300
vn -0.601000 0.113800 -0.791100
vn 0.824300 0.353300 -0.442300
vn 0.809600 0.327900 -0.486900
vn 0.747000 0.422600 -0.513300
vn 0.805700 0.425900 -0.411600
vn 0.711200 0.485600 -0.508300
vn 0.831800 0.267500 -0.486400
vn 0.823000 0.287500 -0.490000
vn 0.694300 -0.014000 -0.719500
vn 0.658000 -0.002900 -0.753000
vn 0.736200 0.254500 -0.627100
vn -0.276500 0.068800 -0.958500
vn 0.374200 0.121900 -0.919300
vn 0.376300 0.493500 -0.784100
vn 0.366700 0.426800 -0.826700
vn 0.675700 0.287400 -0.678800
vn 0.573700 0.095600 -0.813500
vn 0.429100 0.105900 -0.897000
vn 0.720000 0.138400 -0.680000
vn 0.753400 -0.000400 -0.657500
vn 0.358200 0.250600 -0.899400
vn 0.648900 0.194500 -0.735600
vn 0.805200 0.092500 -0.585800
vn 0.738800 0.128800 -0.661500
vn 0.612300 0.460400 -0.642800
vn 0.727800 0.465700 -0.503400
vn 0.651100 0.531300 -0.542000
vn -0.227600 -0.169300 -0.958900
vn 0.461100 0.269500 -0.845400
vn 0.478800 0.524200 -0.704300
vn 0.305700 0.348300 -0.886100
vn 0.688300 0.373400 -0.621900
vn 0.471500 0.107800 -0.875300
vn 0.359900 0.248300 -0.899300
vn 0.412400 0.161800 -0.896500
vn 0.444700 0.115300 -0.888200
vn 0.406200 0.117400 -0.906200
vn 0.327300 0.128600 -0.936100
vn 0.094900 0.336200 -0.937000
vn -0.239200 -0.070200 -0.968400
vn 0.387100 0.488600 -0.781900
vn 0.372000 0.312800 -0.873900
vn 0.061500 -0.018600 -0.997900
vn -0.043600 -0.128100 -0.990800
vn 0.368100 0.135100 -0.919900
vn 0.536700 0.266500 -0.800600
vn 0.598600 0.144900 -0.787800
vn 0.901300 0.412900 -0.130800
vn 0.818100 0.501600 -0.281400
vn -0.088000 -0.016200 -0.996000
vn 0.531700 0.228500 -0.815500
vn 0.851400 0.238100 0.467400
vn 0.921900 0.367600 0.122500
vn 0.777800 0.547900 -0.307900
vn 0.932400 0.252300 0.258700
vn -0.425700 -0.206700 -0.881000
vn 0.766800 0.507300 -0.393200
vn 0.552100 0.670100 -0.496200
vn -0.039500 -0.233800 -0.971500
vn 0.304500 0.713400 -0.631100
vn 0.082800 0.776100 -0.625200
vn -0.188400 0.678300 -0.710200
vn -0.100500 0.722700 -0.683800
vn 0.007500 0.143200 -0.989700
vn 0.119700 -0.027000 -0.992400
vn 0.141600 0.348400 -0.926600
vn 0.061200 0.427400 -0.902000
vn -0.006800 0.765500 -0.643400
vn -0.034400 0.930900 -0.363700
vn -0.017500 0.967900 -0.250800
vn -0.030200 0.684800 -0.728100
vn -0.001100 1.000000 -0.007900
vn -0.011700 0.921500 -0.388300
vn -0.143300 0.195900 -0.970100
vn -0.145500 0.188500 -0.971200
vn -0.353900 0.123400 -0.927100
vn -0.258000 -0.109200 -0.960000
vn -0.452900 0.100200 -0.885900
vn -0.644700 0.071500 -0.761000
vn -0.310300 -0.002400 -0.950600
vn -0.072000 -0.056100 -0.995800
vn 0.093700 0.018500 -0.995400
vn 0.083700 0.242000 0.966700
vn 0.084300 0.174100 0.981100
vn -0.002500 0.186000 0.982500
vn -0.095600 0.282000 0.954600
vn 0.051900 0.381900 0.922800
vn -0.099300 0.189100 0.976900
vn -0.192500 0.405000 0.893800
vn -0.065300 0.275600 0.959100
vn 0.074000 0.482100 0.873000
vn -0.019900 0.207700 0.978000
vn -0.027600 0.493600 0.869300
vn -0.450300 0.430900 0.782000
vn -0.366700 0.403100 0.838500
vn 0.080100 0.305600 0.948800
vn 0.229200 0.370400 0.900200
vn -0.197400 0.524600 0.828200
vn -0.360800 0.499700 0.787500
vn 0.000500 0.552600 0.833400
vn 0.149500 0.472300 0.868700
vn -0.793300 0.165800 0.585800
vn -0.534100 0.342600 0.772900
vn -0.152100 0.615700 0.773100
vn 0.278100 0.632300 0.723100
vn 0.169300 0.587400 0.791400
vn -0.247400 0.438700 0.863900
vn -0.428900 0.490900 0.758300
vn -0.808600 0.320000 0.493800
vn -0.894200 -0.086400 -0.439200
vn 0.751700 0.498800 0.431500
vn 0.640000 0.457400 0.617500
vn 0.002800 0.503500 0.864000
vn 0.498700 0.394700 0.771700
vn -0.248100 0.434600 0.865800
vn -0.996000 0.089300 0.008600
vn -0.988000 0.142300 0.059500
vn 0.753300 0.196500 0.627700
vn 0.850300 0.201300 0.486300
vn 0.811000 0.333200 0.480900
vn 0.782100 0.425000 0.455700
vn 0.688700 0.597500 0.410800
vn 0.693500 0.191600 0.694500
vn -0.576700 0.439100 0.689000
vn 0.733700 0.240400 0.635500
vn 0.739800 0.156300 0.654400
vn 0.736400 0.324700 0.593500
vn 0.741500 0.172800 0.648400
vn 0.605400 0.403700 0.685900
vn 0.608600 0.510500 0.607400
vn 0.744100 0.159300 0.648800
vn 0.706000 0.244400 0.664700
vn 0.643700 0.333000 0.689000
vn 0.678000 0.173600 0.714300
vn 0.615500 0.275000 0.738600
vn 0.619800 0.358600 0.698100
vn 0.605400 0.426500 0.672000
vn 0.616700 0.438600 0.653700
vn 0.590000 0.375500 0.714700
vn 0.752000 0.230900 0.617400
vn 0.723100 0.339600 0.601500
vn 0.714200 0.460300 0.527300
vn 0.610500 0.482400 0.628100
vn 0.863300 0.487900 0.128800
vn 0.809500 0.574100 0.123100
vn 0.697100 0.525000 0.488400
vn 0.841700 0.515800 0.159600
vn 0.562400 0.519900 0.642900
vn 0.809800 0.552900 -0.196200
vn 0.889000 0.451600 -0.076300
vn 0.750700 0.597200 0.282500
vn 0.834900 0.545300 0.075600
vn 0.852200 0.523100 -0.009900
vn 0.523500 0.647600 0.553600
vn 0.587900 0.640600 0.494000
vn 0.807600 0.580900 0.101300
vn 0.465000 0.745400 0.477600
vn 0.107300 0.810000 -0.576500
vn -0.314000 0.783400 -0.536400
vn 0.007100 0.699300 -0.714800
vn 0.011200 0.800400 -0.599400
vn 0.582400 0.682400 -0.441800
vn 0.532300 0.748400 -0.395600
vn 0.074900 0.792100 -0.605800
vn -0.020400 0.811300 -0.584300
vn 0.504100 0.591700 -0.629100
vn 0.750800 0.503700 -0.427300
vn 0.642000 0.616600 -0.455800
vn 0.429300 0.513100 -0.743300
vn 0.802000 0.467300 -0.371900
vn 0.579200 0.504100 -0.640600
vn 0.812900 0.412000 -0.411800
vn 0.405700 0.663500 -0.628600
vn 0.405700 0.792600 -0.455100
vn 0.925300 0.335200 -0.177200
vn 0.638300 0.465300 -0.613200
vn 0.235800 0.370600 -0.898400
vn 0.429400 0.469300 -0.771600
vn 0.589500 0.392000 -0.706300
vn 0.723100 0.273300 -0.634300
vn 0.474000 0.693200 -0.543000
vn 0.501400 0.821000 -0.272900
vn 0.052200 0.194000 -0.979600
vn 0.380500 0.420900 -0.823400
vn 0.603300 0.791600 0.096800
vn 0.890500 0.190100 -0.413300
vn 0.938400 0.165100 -0.303500
vn 0.385500 0.328300 -0.862400
vn 0.637000 0.767900 0.067300
vn 0.784300 0.608700 -0.120100
vn 0.527200 0.415900 -0.741000
vn 0.621800 0.184400 -0.761200
vn 0.766500 0.201900 -0.609700
vn 0.754300 0.628600 0.189400
vn 0.681200 0.017600 -0.731900
vn 0.928100 0.035500 -0.370700
vn 0.888900 0.169400 -0.425600
vn 0.921500 0.374500 0.103200
vn 0.912200 0.312600 0.264900
vn 0.327200 0.397200 -0.857400
vn -0.659300 0.009200 -0.751800
vn 0.933600 0.305200 0.187800
vn -0.637300 0.051500 -0.768900
vn 0.454200 0.396100 -0.798000
vn -0.712100 0.089900 -0.696300
vn 0.943600 0.204000 0.260800
vn 0.886400 0.153300 0.436700
vn 0.930200 0.258700 -0.260500
vn -0.317300 0.248300 -0.915300
vn 0.917600 0.100800 0.384600
vn 0.950900 0.109800 0.289300
vn 0.967900 0.225800 0.109900
vn 0.984200 0.170700 0.047200
vn 0.974400 0.224900 0.008300
vn 0.973500 0.169700 -0.153600
vn 0.971000 0.214000 -0.106500
vn 0.860300 0.504500 0.073300
vn 0.908000 0.418500 0.020300
vn 0.900600 0.434600 0.002500
vn 0.871200 0.490200 -0.025900
vn 0.705500 0.623500 0.336900
vn 0.458400 0.810400 0.364800
vn 0.800300 0.586000 0.127200
vn 0.693400 0.720500 -0.001100
vn 0.608000 0.774900 -0.172700
vn 0.684100 0.723200 -0.095200
vn 0.771200 0.627200 0.108900
vn 0.856100 0.496200 0.144700
vn 0.839900 0.528000 0.125500
vn 0.653200 0.755700 -0.048000
vn 0.792700 0.597300 0.122100
vn 0.544000 0.732200 0.409900
vn 0.446400 0.841300 0.304700
vn 0.849700 0.512600 0.123400
vn 0.856500 0.515600 0.023200
vn 0.048000 0.669100 0.741600
vn 0.282900 0.673400 0.683000
vn -0.034500 0.523300 0.851400
vn 0.404200 0.759700 0.509400
vn 0.501600 0.640600 0.581400
vn -0.376600 0.725700 -0.575800
vn -0.439900 0.706100 -0.555000
vn -0.464900 0.696600 -0.546500
vn -0.485900 0.693400 -0.532100
vn -0.417400 0.736000 -0.533000
vn -0.338800 0.763100 -0.550400
vn -0.143000 0.742100 -0.654900
vn 0.185100 0.786100 -0.589800
vn -0.088700 0.832700 -0.546600
vn -0.327900 0.881400 -0.339900
vn -0.342100 0.918100 -0.200000
vn -0.341800 0.868900 -0.358000
vn -0.692900 0.712700 0.109100
vn -0.676600 0.736300 0.002100
vn -0.657100 0.732400 -0.178200
vn -0.613900 0.735300 -0.287300
vn -0.575000 0.796900 -0.185200
vn -0.008700 0.801800 -0.597500
vn 0.940600 -0.117000 -0.318700
vn 0.848700 -0.517500 0.109100
vn 0.901300 -0.300300 0.312200
vn -0.142400 0.386400 -0.911300
vn -0.840100 -0.235600 0.488500
vn -0.826900 -0.219900 0.517600
vn 0.514700 -0.338800 0.787600
vn -0.826900 -0.219800 0.517600
vn -0.445300 0.860700 0.247000
vn 0.875100 0.364600 -0.318200
vn 0.875100 0.364600 -0.318300
usemtl Model001_Material006
s 1
f 113/108/113 114/109/114 115/110/115
f 114/109/114 113/108/113 116/111/116
f 113/108/117 117/112/118 116/111/119
f 117/112/118 113/108/117 118/113/120
f 119/114/121 114/109/114 116/111/116
f 119/114/121 116/111/119 117/112/118
f 114/109/114 119/114/121 120/115/122
f 117/112/118 118/113/120 121/116/123
f 121/116/123 122/117/124 117/112/118
f 117/112/118 122/117/124 119/114/121
f 119/114/121 123/118/125 120/115/122
f 122/117/124 123/118/125 119/114/121
f 121/116/123 118/113/120 124/119/126
f 125/120/127 120/115/122 123/118/125
f 123/118/125 122/117/124 126/121/128
f 122/117/124 121/116/123 127/122/129
f 127/122/129 126/121/128 122/117/124
f 128/123/130 121/116/123 124/119/126
f 121/116/123 128/123/130 129/124/131
f 130/125/122 121/116/123 129/124/131
f 121/116/123 130/125/122 127/122/129
f 126/121/128 127/122/129 131/126/132
f 130/125/122 132/127/133 127/122/129
f 127/122/129 132/127/133 131/126/132
f 133/128/134 134/129/135 135/130/136
f 135/130/136 134/129/135 136/131/137
f 137/132/138 136/131/137 134/129/135
f 136/131/137 137/132/138 138/133/139
f 139/134/140 138/133/139 137/132/138
f 138/133/139 139/134/140 140/135/141
f 139/134/140 141/136/142 140/135/141
f 140/135/141 141/136/142 142/137/143
f 141/136/142 143/138/144 142/137/143
f 143/138/144 141/136/142 144/139/145
f 144/139/145 145/140/146 143/138/144
f 144/139/145 146/141/147 145/140/146
f 147/142/148 145/140/146 146/141/147
f 146/141/147 148/143/149 147/142/148
f 149/144/150 147/142/148 148/143/149
f 149/144/150 148/143/149 150/145/151
f 133/128/134 151/146/152 152/147/151
f 153/148/153 133/128/134 154/149/154
f 133/128/134 153/148/153 134/129/135
f 155/150/155 134/129/135 153/148/153
f 134/129/135 155/150/155 137/132/138
f 156/151/156 137/132/138 155/150/155
f 137/132/138 156/151/156 139/134/140
f 156/151/156 157/152/157 139/134/140
f 157/152/157 141/136/142 139/134/140
f 157/152/157 144/139/145 141/136/142
f 144/139/145 157/152/157 158/153/158
f 158/153/158 146/141/147 144/139/145
f 146/141/147 158/153/158 159/154/159
f 159/154/159 148/143/149 146/141/147
f 148/143/149 159/154/159 160/155/160
f 160/155/160 150/145/151 148/143/149
f 150/145/151 160/155/160 161/156/161
f 133/128/134 162/157/161 154/149/154
f 163/158/162 164/159/163 165/160/164
f 166/161/165 164/159/163 163/158/162
f 166/161/165 167/162/166 164/159/163
f 167/162/166 166/161/165 168/163/167
f 166/161/165 169/164/168 168/163/167
f 169/164/168 166/161/165 163/158/162
f 169/164/168 163/158/162 170/165/169
f 168/163/167 169/164/168 171/166/170
f 172/167/171 169/164/168 170/165/169
f 169/164/168 173/168/172 171/166/170
f 173/168/172 169/164/168 172/167/171
f 172/167/171 170/165/169 174/169/173
f 175/170/164 172/167/171 174/169/173
f 176/171/174 172/167/171 175/170/164
f 176/171/174 173/168/172 172/167/171
f 173/168/172 176/171/174 177/172/175
f 178/173/176 179/174/177 180/175/178
f 178/173/176 181/176/179 179/174/177
f 182/177/180 181/176/179 178/173/176
f 181/176/179 182/177/180 183/178/181
f 181/176/179 184/179/182 179/174/177
f 184/179/182 181/176/179 183/178/181
f 179/174/177 184/179/182 185/180/183
f 184/179/182 183/178/181 186/181/184
f 187/182/172 184/179/182 186/181/184
f 184/179/182 188/183/185 185/180/183
f 184/179/182 187/182/172 188/183/185
f 185/180/183 188/183/185 189/184/186
f 187/182/172 190/185/187 188/183/185
f 188/183/185 190/185/187 191/186/188
f 191/186/188 189/184/186 188/183/185
f 190/185/187 187/182/172 192/187/166
f 185/180/183 189/184/186 193/188/189
f 180/175/178 179/174/177 194/189/189
f 179/174/177 185/180/183 195/190/189
f 196/191/190 153/148/153 154/149/154
f 153/148/153 196/191/190 197/192/137
f 198/193/191 153/148/153 197/192/137
f 153/148/153 198/193/191 155/150/155
f 199/194/192 155/150/155 198/193/191
f 155/150/155 199/194/192 156/151/156
f 200/195/143 156/151/156 199/194/192
f 156/151/156 200/195/143 157/152/157
f 201/196/144 157/152/157 200/195/143
f 157/152/157 201/196/144 158/153/158
f 202/197/193 158/153/158 201/196/144
f 158/153/158 202/197/193 159/154/159
f 202/197/193 160/155/160 159/154/159
f 160/155/160 202/197/193 203/198/148
f 204/199/150 160/155/160 203/198/148
f 160/155/160 204/199/150 161/156/161
f 205/200/194 206/201/195 207/202/196
f 207/202/196 208/203/197 205/200/194
f 209/204/198 205/200/194 208/203/197
f 210/205/199 208/203/197 207/202/196
f 209/204/198 208/203/197 211/206/200
f 211/206/200 208/203/197 212/207/201
f 208/203/197 210/205/199 212/207/201
f 211/206/200 213/208/202 209/204/198
f 212/207/201 213/208/202 211/206/200
f 214/209/203 209/204/198 213/208/202
f 213/208/202 212/207/201 215/210/204
f 215/210/204 216/211/205 213/208/202
f 216/211/205 217/212/206 213/208/202
f 218/213/207 214/209/203 213/208/202
f 213/208/202 217/212/206 218/213/207
f 219/214/208 214/209/203 218/213/207
f 216/211/205 215/210/204 220/215/209
f 220/215/209 221/216/210 216/211/205
f 216/211/205 221/216/210 217/212/206
f 217/212/206 222/217/211 218/213/207
f 217/212/206 221/216/210 223/218/212
f 217/212/206 223/218/212 222/217/211
f 218/213/207 224/219/213 219/214/208
f 218/213/207 222/217/211 224/219/213
f 225/220/214 219/214/208 224/219/213
f 220/215/209 226/221/215 221/216/210
f 221/216/210 226/221/215 227/222/216
f 228/223/217 223/218/212 221/216/210
f 227/222/216 228/223/217 221/216/210
f 228/223/217 229/224/218 223/218/212
f 229/224/218 222/217/211 223/218/212
f 230/225/219 224/219/213 222/217/211
f 222/217/211 229/224/218 231/226/220
f 231/226/220 230/225/219 222/217/211
f 224/219/213 232/227/221 225/220/214
f 224/219/213 230/225/219 232/227/221
f 227/222/216 233/228/222 228/223/217
f 228/223/217 233/228/222 234/229/223
f 234/229/223 235/230/224 228/223/217
f 235/230/224 229/224/218 228/223/217
f 229/224/218 235/230/224 236/231/225
f 236/231/225 231/226/220 229/224/218
f 235/230/224 234/229/223 236/231/225
f 230/225/219 231/226/220 237/232/226
f 230/225/219 238/233/227 232/227/221
f 230/225/219 237/232/226 238/233/227
f 231/226/220 236/231/225 239/234/228
f 239/234/228 237/232/226 231/226/220
f 240/235/229 239/234/228 236/231/225
f 237/232/226 241/236/230 238/233/227
f 242/237/231 241/236/230 237/232/226
f 237/232/226 239/234/228 242/237/231
f 243/238/232 232/227/221 238/233/227
f 238/233/227 241/236/230 243/238/232
f 243/238/232 225/220/214 232/227/221
f 244/239/233 242/237/231 239/234/228
f 245/240/234 244/239/233 239/234/228
f 239/234/228 240/235/229 245/240/234
f 242/237/231 244/239/233 246/241/235
f 242/237/231 246/241/235 247/242/236
f 241/236/230 242/237/231 247/242/236
f 244/239/233 248/243/237 246/241/235
f 248/243/237 244/239/233 245/240/234
f 241/236/230 249/244/238 243/238/232
f 241/236/230 250/245/239 249/244/238
f 250/245/239 241/236/230 247/242/236
f 251/246/240 245/240/234 240/235/229
f 245/240/234 251/246/240 248/243/237
f 252/247/241 251/246/240 240/235/229
f 253/248/242 225/220/214 243/238/232
f 243/238/232 254/249/243 253/248/242
f 254/249/243 243/238/232 249/244/238
f 250/245/239 247/242/236 255/250/244
f 255/250/244 247/242/236 246/241/235
f 248/243/237 256/251/245 246/241/235
f 248/243/237 251/246/240 256/251/245
f 257/252/246 246/241/235 256/251/245
f 255/250/244 246/241/235 257/252/246
f 258/253/247 251/246/240 252/247/241
f 251/246/240 258/253/247 256/251/245
f 259/254/248 249/244/238 250/245/239
f 249/244/238 259/254/248 260/255/249
f 260/255/249 254/249/243 249/244/238
f 261/256/250 250/245/239 255/250/244
f 250/245/239 261/256/250 259/254/248
f 262/257/251 253/248/242 254/249/243
f 263/258/252 262/257/251 254/249/243
f 260/255/249 263/258/252 254/249/243
f 255/250/244 264/259/253 261/256/250
f 260/255/249 259/254/248 265/260/254
f 260/255/249 265/260/254 266/261/255
f 267/262/256 263/258/252 260/255/249
f 266/261/255 267/262/256 260/255/249
f 268/263/257 262/257/251 263/258/252
f 269/264/258 268/263/257 263/258/252
f 263/258/252 267/262/256 269/264/258
f 268/263/257 270/265/259 262/257/251
f 271/266/260 261/256/250 264/259/253
f 272/267/261 259/254/248 261/256/250
f 261/256/250 273/268/262 272/267/261
f 271/266/260 273/268/262 261/256/250
f 267/262/256 266/261/255 274/269/263
f 266/261/255 265/260/254 275/270/264
f 275/270/264 274/269/263 266/261/255
f 274/269/263 276/271/265 267/262/256
f 276/271/265 269/264/258 267/262/256
f 277/272/266 270/265/259 268/263/257
f 268/263/257 278/273/267 277/272/266
f 268/263/257 269/264/258 279/274/268
f 279/274/268 278/273/267 268/263/257
f 269/264/258 276/271/265 280/275/269
f 281/276/270 279/274/268 269/264/258
f 269/264/258 280/275/269 281/276/270
f 276/271/265 274/269/263 282/277/271
f 282/277/271 280/275/269 276/271/265
f 283/278/272 282/277/271 274/269/263
f 274/269/263 275/270/264 283/278/272
f 272/267/261 273/268/262 284/279/273
f 284/279/273 259/254/248 272/267/261
f 285/280/274 284/279/273 273/268/262
f 278/273/267 279/274/268 286/281/275
f 286/281/275 287/282/276 278/273/267
f 277/272/266 278/273/267 287/282/276
f 288/283/277 286/281/275 279/274/268
f 288/283/277 279/274/268 281/276/270
f 289/284/278 281/276/270 280/275/269
f 280/275/269 290/285/279 289/284/278
f 290/285/279 280/275/269 282/277/271
f 291/286/280 281/276/270 289/284/278
f 281/276/270 291/286/280 288/283/277
f 292/287/281 282/277/271 283/278/272
f 282/277/271 292/287/281 290/285/279
f 284/279/273 285/280/274 293/288/282
f 259/254/248 284/279/273 294/289/283
f 293/288/282 294/289/283 284/279/273
f 288/283/277 291/286/280 295/290/284
f 286/281/275 288/283/277 295/290/284
f 296/291/285 289/284/278 290/285/279
f 289/284/278 296/291/285 291/286/280
f 290/285/279 292/287/281 296/291/285
f 287/282/276 286/281/275 297/292/286
f 297/292/286 286/281/275 298/293/287
f 286/281/275 295/290/284 299/294/288
f 299/294/288 298/293/287 286/281/275
f 300/295/289 295/290/284 291/286/280
f 301/296/290 291/286/280 296/291/285
f 300/295/289 291/286/280 301/296/290
f 301/296/290 296/291/285 292/287/281
f 295/290/284 300/295/289 302/297/291
f 302/297/291 299/294/288 295/290/284
f 293/288/282 303/298/292 294/289/283
f 303/298/292 293/288/282 304/299/293
f 298/293/287 299/294/288 305/300/294
f 306/301/295 299/294/288 302/297/291
f 299/294/288 306/301/295 305/300/294
f 302/297/291 307/302/296 306/301/295
f 307/302/296 302/297/291 300/295/289
f 297/292/286 298/293/287 308/303/297
f 309/304/298 308/303/297 298/293/287
f 298/293/287 305/300/294 309/304/298
f 310/305/299 305/300/294 306/301/295
f 305/300/294 310/305/299 311/306/300
f 311/306/300 312/307/301 305/300/294
f 309/304/298 305/300/294 312/307/301
f 309/304/298 312/307/301 313/308/302
f 311/306/300 313/308/302 312/307/301
f 308/303/297 309/304/298 314/309/303
f 314/309/303 309/304/298 313/308/302
f 313/308/302 311/306/300 315/310/304
f 316/311/305 297/292/286 308/303/297
f 308/303/297 317/312/306 316/311/305
f 316/311/305 317/312/306 318/313/307
f 297/292/286 316/311/305 319/314/308
f 320/315/309 319/314/308 316/311/305
f 318/313/307 320/315/309 316/311/305
f 297/292/286 319/314/308 287/282/276
f 320/315/309 318/313/307 270/265/259
f 319/314/308 320/315/309 321/316/310
f 270/265/259 321/316/310 320/315/309
f 322/317/311 287/282/276 319/314/308
f 321/316/310 322/317/311 319/314/308
f 270/265/259 322/317/311 321/316/310
f 287/282/276 322/317/311 277/272/266
f 277/272/266 322/317/311 270/265/259
f 292/287/281 323/318/312 301/296/290
f 323/318/312 292/287/281 324/319/313
f 325/320/314 324/319/313 292/287/281
f 325/320/314 292/287/281 283/278/272
f 324/319/313 325/320/314 283/278/272
f 283/278/272 326/321/315 324/319/313
f 326/321/315 283/278/272 327/322/316
f 327/322/316 328/323/317 326/321/315
f 327/322/316 329/324/318 328/323/317
f 327/322/316 283/278/272 330/325/319
f 275/270/264 330/325/319 283/278/272
f 327/322/316 330/325/319 331/326/320
f 330/325/319 275/270/264 265/260/254
f 265/260/254 331/326/320 330/325/319
f 331/326/320 332/327/321 327/322/316
f 332/327/321 333/328/322 327/322/316
f 327/322/316 333/328/322 329/324/318
f 333/328/322 304/299/293 329/324/318
f 332/327/321 304/299/293 333/328/322
f 331/326/320 265/260/254 259/254/248
f 259/254/248 334/329/323 331/326/320
f 331/326/320 334/329/323 332/327/321
f 304/299/293 332/327/321 303/298/292
f 334/329/323 303/298/292 332/327/321
f 259/254/248 294/289/283 334/329/323
f 334/329/323 294/289/283 303/298/292
f 335/330/324 336/331/325 337/302/326
f 336/331/325 335/330/324 338/332/327
f 335/330/324 339/333/328 338/332/327
f 340/334/329 339/333/328 335/330/324
f 338/332/327 339/333/328 341/285/330
f 341/285/330 342/291/331 338/332/327
f 336/331/325 338/332/327 342/291/331
f 339/333/328 340/334/329 343/335/332
f 343/335/332 341/285/330 339/333/328
f 342/291/331 344/296/333 336/331/325
f 342/291/331 341/285/330 345/336/334
f 345/336/334 341/285/330 346/337/335
f 343/335/332 346/337/335 341/285/330
f 344/296/333 342/291/331 347/287/336
f 345/336/334 347/287/336 342/291/331
f 343/335/332 348/338/337 346/337/335
f 343/335/332 349/339/338 348/338/337
f 343/335/332 340/334/329 349/339/338
f 340/334/329 350/340/339 349/339/338
f 347/287/336 351/318/340 344/296/333
f 351/318/340 347/287/336 352/341/341
f 345/336/334 352/341/341 347/287/336
f 346/337/335 353/278/342 345/336/334
f 352/341/341 345/336/334 353/278/342
f 348/338/337 354/342/343 346/337/335
f 353/278/342 346/337/335 354/342/343
f 349/339/338 350/340/339 355/343/344
f 356/344/345 348/338/337 349/339/338
f 349/339/338 355/343/344 356/344/345
f 357/345/346 354/342/343 348/338/337
f 348/338/337 356/344/345 358/346/347
f 358/346/347 357/345/346 348/338/337
f 350/340/339 359/347/348 355/343/344
f 352/341/341 360/319/349 351/318/340
f 360/319/349 352/341/341 361/348/350
f 362/349/351 361/348/350 352/341/341
f 353/278/342 362/349/351 352/341/341
f 354/342/343 363/326/352 353/278/342
f 364/350/353 353/278/342 363/326/352
f 353/278/342 364/350/353 362/349/351
f 363/326/352 354/342/343 365/351/354
f 354/342/343 357/345/346 366/352/355
f 366/352/355 365/351/354 354/342/343
f 366/352/355 357/345/346 367/353/356
f 368/354/357 367/353/356 357/345/346
f 358/346/347 368/354/357 357/345/346
f 369/355/358 362/349/351 364/350/353
f 362/349/351 369/355/358 361/348/350
f 361/348/350 370/323/359 360/319/349
f 369/355/358 370/323/359 361/348/350
f 371/356/360 369/355/358 364/350/353
f 369/355/358 371/356/360 370/323/359
f 364/350/353 372/357/361 371/356/360
f 372/357/361 364/350/353 373/358/362
f 363/326/352 373/358/362 364/350/353
f 365/351/354 366/352/355 374/359/363
f 367/353/356 375/360/364 366/352/355
f 375/360/364 374/359/363 366/352/355
f 365/351/354 376/361/365 363/326/352
f 374/359/363 377/362/366 365/351/354
f 376/361/365 365/351/354 377/362/366
f 377/362/366 374/359/363 378/363/367
f 374/359/363 375/360/364 378/363/367
f 373/358/362 379/299/368 372/357/361
f 377/362/366 380/364/369 376/361/365
f 380/364/369 377/362/366 381/365/370
f 378/363/367 381/365/370 377/362/366
f 375/360/364 382/366/371 378/363/367
f 381/365/370 378/363/367 382/366/371
f 379/299/368 373/358/362 383/327/372
f 373/358/362 363/326/352 383/327/372
f 363/326/352 384/367/373 383/327/372
f 379/299/368 383/327/372 384/367/373
f 384/367/373 363/326/352 376/361/365
f 376/361/365 385/368/374 384/367/373
f 386/369/375 376/361/365 380/364/369
f 385/368/374 376/361/365 386/369/375
f 380/364/369 387/370/376 386/369/375
f 387/370/376 380/364/369 388/371/377
f 381/365/370 388/371/377 380/364/369
f 389/372/378 384/367/373 385/368/374
f 379/299/368 384/367/373 389/372/378
f 389/372/378 390/373/379 379/299/368
f 382/366/371 391/374/380 381/365/370
f 388/371/377 381/365/370 392/375/381
f 392/375/381 381/365/370 391/374/380
f 390/373/379 389/372/378 385/368/374
f 386/369/375 393/288/382 385/368/374
f 393/288/382 386/369/375 387/370/376
f 392/375/381 394/376/383 388/371/377
f 395/377/384 388/371/377 394/376/383
f 387/370/376 388/371/377 395/377/384
f 394/376/383 392/375/381 396/378/385
f 391/374/380 396/378/385 392/375/381
f 395/377/384 397/280/386 387/370/376
f 397/280/386 395/377/384 394/376/383
f 397/280/386 394/376/383 398/379/387
f 399/380/388 398/379/387 394/376/383
f 396/378/385 399/380/388 394/376/383
f 396/378/385 391/374/380 400/381/389
f 382/366/371 400/381/389 391/374/380
f 400/381/389 401/382/390 396/378/385
f 402/383/391 396/378/385 401/382/390
f 396/378/385 402/383/391 399/380/388
f 402/383/391 403/384/392 399/380/388
f 398/379/387 399/380/388 403/384/392
f 400/381/389 382/366/371 404/385/393
f 401/382/390 400/381/389 405/386/394
f 404/385/393 405/386/394 400/381/389
f 401/382/390 406/387/395 402/383/391
f 403/384/392 402/383/391 407/388/396
f 407/388/396 402/383/391 406/387/395
f 408/389/397 404/385/393 382/366/371
f 382/366/371 375/360/364 408/389/397
f 404/385/393 408/389/397 409/390/398
f 410/391/399 404/385/393 409/390/398
f 405/386/394 404/385/393 410/391/399
f 367/353/356 408/389/397 375/360/364
f 409/390/398 408/389/397 411/392/400
f 408/389/397 412/393/401 411/392/400
f 412/393/401 408/389/397 367/353/356
f 411/392/400 413/394/402 409/390/398
f 414/395/403 412/393/401 367/353/356
f 414/395/403 367/353/356 368/354/357
f 412/393/401 414/395/403 415/396/404
f 412/393/401 415/396/404 416/397/405
f 417/398/406 415/396/404 414/395/403
f 414/395/403 418/399/407 417/398/406
f 414/395/403 368/354/357 419/400/408
f 414/395/403 419/400/408 418/399/407
f 420/401/409 418/399/407 419/400/408
f 420/401/409 419/400/408 368/354/357
f 418/399/407 420/401/409 421/241/410
f 421/241/410 417/398/406 418/399/407
f 415/396/404 417/398/406 422/402/411
f 417/398/406 423/403/412 422/402/411
f 417/398/406 421/241/410 423/403/412
f 368/354/357 424/404/413 420/401/409
f 424/404/413 368/354/357 358/346/347
f 425/405/414 422/402/411 423/403/412
f 423/403/412 426/406/415 425/405/414
f 426/406/415 423/403/412 421/241/410
f 421/241/410 427/407/416 426/406/415
f 421/241/410 428/408/417 427/407/416
f 428/408/417 421/241/410 420/401/409
f 420/401/409 424/404/413 429/409/418
f 428/408/417 420/401/409 430/410/419
f 429/409/418 430/410/419 420/401/409
f 427/407/416 428/408/417 430/410/419
f 426/406/415 427/407/416 431/411/420
f 430/410/419 431/411/420 427/407/416
f 425/405/414 426/406/415 432/412/421
f 431/411/420 432/412/421 426/406/415
f 424/404/413 433/413/422 429/409/418
f 358/346/347 434/414/423 424/404/413
f 433/413/422 424/404/413 434/414/423
f 422/402/411 425/405/414 435/246/424
f 435/246/424 425/405/414 436/415/425
f 432/412/421 436/415/425 425/405/414
f 431/411/420 430/410/419 437/239/426
f 432/412/421 431/411/420 437/239/426
f 430/410/419 429/409/418 438/237/427
f 438/237/427 437/239/426 430/410/419
f 439/416/428 438/237/427 429/409/418
f 439/416/428 429/409/418 433/413/422
f 436/415/425 432/412/421 440/417/429
f 437/239/426 440/417/429 432/412/421
f 435/246/424 436/415/425 440/417/429
f 440/417/429 437/239/426 441/418/430
f 437/239/426 438/237/427 442/419/431
f 442/419/431 441/418/430 437/239/426
f 438/237/427 439/416/428 443/420/432
f 443/420/432 442/419/431 438/237/427
f 433/413/422 444/421/433 439/416/428
f 444/421/433 443/420/432 439/416/428
f 440/417/429 445/422/434 435/246/424
f 441/418/430 445/422/434 440/417/429
f 433/413/422 434/414/423 446/423/435
f 358/346/347 446/423/435 434/414/423
f 445/422/434 441/418/430 447/424/436
f 441/418/430 442/419/431 448/425/437
f 448/425/437 447/424/436 441/418/430
f 442/419/431 443/420/432 449/426/438
f 449/426/438 448/425/437 442/419/431
f 450/427/439 449/426/438 443/420/432
f 443/420/432 444/421/433 450/427/439
f 451/224/440 447/424/436 448/425/437
f 448/425/437 449/426/438 451/224/440
f 450/427/439 452/428/441 449/426/438
f 452/428/441 451/224/440 449/426/438
f 453/429/442 447/424/436 451/224/440
f 452/428/441 453/429/442 451/224/440
f 446/423/435 358/346/347 454/430/443
f 454/430/443 358/346/347 356/344/345
f 455/238/444 446/423/435 454/430/443
f 446/423/435 455/238/444 433/413/422
f 456/431/445 453/429/442 452/428/441
f 452/428/441 457/432/446 456/431/445
f 452/428/441 450/427/439 457/432/446
f 454/430/443 458/433/447 455/238/444
f 458/433/447 454/430/443 459/434/448
f 356/344/345 459/434/448 454/430/443
f 458/433/447 460/233/449 455/238/444
f 460/233/449 433/413/422 455/238/444
f 433/413/422 460/233/449 444/421/433
f 460/233/449 461/435/450 444/421/433
f 460/233/449 458/433/447 461/435/450
f 459/434/448 462/436/451 458/433/447
f 458/433/447 463/227/452 461/435/450
f 463/227/452 458/433/447 462/436/451
f 464/437/453 462/436/451 459/434/448
f 356/344/345 464/437/453 459/434/448
f 464/437/453 356/344/345 355/343/344
f 462/436/451 464/437/453 465/438/454
f 355/343/344 465/438/454 464/437/453
f 444/421/433 461/435/450 450/427/439
f 466/439/455 456/431/445 457/432/446
f 466/439/455 457/432/446 467/440/456
f 457/432/446 450/427/439 467/440/456
f 461/435/450 463/227/452 467/440/456
f 467/440/456 450/427/439 461/435/450
f 468/441/457 462/436/451 465/438/454
f 462/436/451 469/442/458 463/227/452
f 469/442/458 462/436/451 468/441/457
f 470/443/459 467/440/456 463/227/452
f 470/443/459 463/227/452 469/442/458
f 466/439/455 467/440/456 470/443/459
f 465/438/454 471/444/460 468/441/457
f 468/441/457 471/444/460 472/445/461
f 468/441/457 472/445/461 469/442/458
f 465/438/454 473/446/462 471/444/460
f 473/446/462 465/438/454 474/447/463
f 355/343/344 474/447/463 465/438/454
f 469/442/458 472/445/461 475/448/464
f 475/448/464 470/443/459 469/442/458
f 472/445/461 476/219/465 475/448/464
f 476/219/465 472/445/461 471/444/460
f 477/449/466 470/443/459 475/448/464
f 478/450/467 466/439/455 470/443/459
f 470/443/459 477/449/466 478/450/467
f 456/431/445 466/439/455 478/450/467
f 479/451/468 475/448/464 476/219/465
f 477/449/466 475/448/464 479/451/468
f 480/452/469 476/219/465 471/444/460
f 480/452/469 471/444/460 481/453/470
f 473/446/462 481/453/470 471/444/460
f 482/454/471 479/451/468 476/219/465
f 482/454/471 476/219/465 480/452/469
f 474/447/463 483/455/472 473/446/462
f 483/455/472 484/456/473 473/446/462
f 481/453/470 473/446/462 484/456/473
f 485/457/474 477/449/466 479/451/468
f 485/457/474 479/451/468 482/454/471
f 486/458/475 477/449/466 485/457/474
f 487/459/476 478/450/467 477/449/466
f 486/458/475 487/459/476 477/449/466
f 487/459/476 488/460/477 478/450/467
f 489/461/478 478/450/467 488/460/477
f 478/450/467 489/461/478 456/431/445
f 453/429/442 456/431/445 489/461/478
f 490/462/479 480/452/469 481/453/470
f 491/463/480 480/452/469 490/462/479
f 491/463/480 482/454/471 480/452/469
f 490/462/479 481/453/470 492/464/481
f 484/456/473 492/464/481 481/453/470
f 493/465/482 482/454/471 491/463/480
f 493/465/482 485/457/474 482/454/471
f 486/458/475 485/457/474 493/465/482
f 483/455/472 494/466/483 484/456/473
f 492/464/481 484/456/473 494/466/483
f 488/460/477 487/459/476 495/467/484
f 486/458/475 495/467/484 487/459/476
f 496/468/485 486/458/475 493/465/482
f 495/467/484 486/458/475 496/468/485
f 495/467/484 497/469/486 488/460/477
f 498/470/487 488/460/477 497/469/486
f 488/460/477 498/470/487 489/461/478
f 499/471/488 489/461/478 498/470/487
f 489/461/478 499/471/488 453/429/442
f 500/472/489 491/463/480 490/462/479
f 491/463/480 501/473/490 493/465/482
f 501/473/490 491/463/480 500/472/489
f 490/462/479 502/474/491 500/472/489
f 490/462/479 503/475/492 502/474/491
f 492/464/481 503/475/492 490/462/479
f 492/464/481 504/476/493 503/475/492
f 494/466/483 504/476/493 492/464/481
f 501/473/490 505/477/494 493/465/482
f 506/478/495 493/465/482 505/477/494
f 493/465/482 506/478/495 496/468/485
f 496/468/485 507/479/496 495/467/484
f 507/479/496 508/480/497 495/467/484
f 497/469/486 495/467/484 508/480/497
f 496/468/485 509/481/498 507/479/496
f 509/481/498 496/468/485 506/478/495
f 498/470/487 510/482/499 499/471/488
f 497/469/486 511/483/500 498/470/487
f 511/483/500 510/482/499 498/470/487
f 512/484/501 503/475/492 504/476/493
f 512/484/501 502/474/491 503/475/492
f 513/485/502 500/472/489 502/474/491
f 502/474/491 512/484/501 513/485/502
f 505/477/494 514/486/503 506/478/495
f 514/486/503 505/477/494 501/473/490
f 509/481/498 515/487/504 507/479/496
f 508/480/497 507/479/496 515/487/504
f 506/478/495 514/486/503 516/488/505
f 506/478/495 516/488/505 517/489/506
f 506/478/495 517/489/506 509/481/498
f 509/481/498 518/490/507 515/487/504
f 518/490/507 509/481/498 517/489/506
f 516/488/505 514/486/503 501/473/490
f 515/487/504 519/491/508 508/480/497
f 519/491/508 515/487/504 520/492/509
f 520/492/509 515/487/504 518/490/507
f 521/493/510 518/490/507 517/489/506
f 518/490/507 521/493/510 522/494/511
f 518/490/507 522/494/511 520/492/509
f 520/492/509 523/495/512 519/491/508
f 523/495/512 520/492/509 522/494/511
f 524/216/513 522/494/511 521/493/510
f 522/494/511 524/216/513 523/495/512
f 524/216/513 521/493/510 525/215/514
f 517/489/506 525/215/514 521/493/510
f 516/488/505 526/496/515 517/489/506
f 523/495/512 527/497/516 519/491/508
f 527/497/516 523/495/512 524/216/513
f 528/498/517 524/216/513 525/215/514
f 524/216/513 528/498/517 527/497/516
f 516/488/505 501/473/490 529/499/518
f 530/213/519 529/499/518 501/473/490
f 500/472/489 530/213/519 501/473/490
f 530/213/519 513/485/502 529/499/518
f 500/472/489 513/485/502 530/213/519
f 531/500/520 527/497/516 528/498/517
f 528/498/517 532/501/521 531/500/520
f 533/502/522 531/500/520 532/501/521
f 527/497/516 531/500/520 534/503/523
f 533/502/522 534/503/523 531/500/520
f 527/497/516 534/503/523 535/504/524
f 535/504/524 519/491/508 527/497/516
f 536/505/525 535/504/524 534/503/523
f 534/503/523 533/502/522 536/505/525
f 513/485/502 537/506/526 529/499/518
f 529/499/518 537/506/526 538/507/527
f 529/499/518 538/507/527 516/488/505
f 513/485/502 539/508/528 537/506/526
f 512/484/501 539/508/528 513/485/502
f 540/509/529 537/506/526 539/508/528
f 537/506/526 540/509/529 538/507/527
f 541/510/530 536/505/525 533/502/522
f 542/511/531 541/510/530 533/502/522
f 535/504/524 536/505/525 543/512/532
f 543/512/532 544/513/533 535/504/524
f 544/513/533 545/514/534 535/504/524
f 519/491/508 535/504/524 545/514/534
f 545/514/534 508/480/497 519/491/508
f 539/508/528 546/515/535 540/509/529
f 512/484/501 547/516/536 539/508/528
f 546/515/535 539/508/528 547/516/536
f 504/476/493 547/516/536 512/484/501
f 548/517/537 538/507/527 540/509/529
f 540/509/529 549/210/538 548/517/537
f 549/210/538 540/509/529 546/515/535
f 544/513/533 543/512/532 510/482/499
f 510/482/499 511/483/500 544/513/533
f 545/514/534 544/513/533 511/483/500
f 508/480/497 545/514/534 497/469/486
f 511/483/500 497/469/486 545/514/534
f 547/516/536 550/518/539 546/515/535
f 546/515/535 551/519/540 549/210/538
f 551/519/540 546/515/535 550/518/539
f 504/476/493 552/520/541 547/516/536
f 553/521/542 547/516/536 552/520/541
f 550/518/539 547/516/536 553/521/542
f 548/517/537 549/210/538 554/522/543
f 538/507/527 548/517/537 554/522/543
f 552/520/541 504/476/493 555/523/544
f 555/523/544 504/476/493 494/466/483
f 554/522/543 526/496/515 538/507/527
f 555/523/544 494/466/483 556/524/545
f 557/525/546 538/507/527 526/496/515
f 557/525/546 516/488/505 538/507/527
f 526/496/515 516/488/505 557/525/546
f 556/524/545 494/466/483 558/526/547
f 483/455/472 558/526/547 494/466/483
f 559/527/548 556/524/545 558/526/547
f 558/526/547 483/455/472 560/528/549
f 560/528/549 561/529/550 558/526/547
f 558/526/547 561/529/550 559/527/548
f 474/447/463 560/528/549 483/455/472
f 560/528/549 355/343/344 561/529/550
f 355/343/344 560/528/549 474/447/463
f 561/529/550 355/343/344 359/347/348
f 359/347/348 559/527/548 561/529/550
f 435/246/424 562/530/551 422/402/411
f 562/530/551 435/246/424 445/422/434
f 445/422/434 563/531/552 562/530/551
f 563/531/552 445/422/434 564/532/553
f 564/532/553 445/422/434 447/424/436
f 565/235/554 563/531/552 564/532/553
f 447/424/436 566/533/555 564/532/553
f 567/231/556 564/532/553 566/533/555
f 564/532/553 567/231/556 565/235/554
f 567/231/556 566/533/555 568/534/557
f 569/535/558 568/534/557 566/533/555
f 566/533/555 447/424/436 569/535/558
f 568/534/557 570/222/559 567/231/556
f 571/536/560 570/222/559 568/534/557
f 568/534/557 569/535/558 571/536/560
f 572/537/561 569/535/558 447/424/436
f 569/535/558 572/537/561 573/538/562
f 573/538/562 571/536/560 569/535/558
f 447/424/436 574/539/563 572/537/561
f 447/424/436 453/429/442 574/539/563
f 575/540/564 573/538/562 572/537/561
f 572/537/561 574/539/563 576/541/565
f 572/537/561 576/541/565 575/540/564
f 573/538/562 575/540/564 542/511/531
f 574/539/563 453/429/442 499/471/488
f 574/539/563 499/471/488 510/482/499
f 510/482/499 577/542/566 574/539/563
f 577/542/566 576/541/565 574/539/563
f 578/543/567 575/540/564 576/541/565
f 576/541/565 577/542/566 578/543/567
f 577/542/566 510/482/499 578/543/567
f 541/510/530 542/511/531 575/540/564
f 575/540/564 578/543/567 579/544/568
f 575/540/564 579/544/568 541/510/530
f 578/543/567 510/482/499 543/512/532
f 580/545/569 579/544/568 578/543/567
f 543/512/532 580/545/569 578/543/567
f 579/544/568 580/545/569 536/505/525
f 536/505/525 541/510/530 579/544/568
f 580/545/569 543/512/532 536/505/525
f 581/546/570 582/266/571 583/547/572
f 583/547/572 584/548/573 581/546/570
f 581/546/570 584/548/573 585/280/574
f 583/547/572 586/549/575 584/548/573
f 587/366/576 585/280/574 584/548/573
f 586/549/575 588/550/577 584/548/573
f 588/550/577 587/366/576 584/548/573
f 589/551/578 585/280/574 587/366/576
f 588/550/577 586/549/575 590/552/579
f 587/366/576 591/553/580 589/551/578
f 587/366/576 592/554/581 591/553/580
f 587/366/576 588/550/577 593/555/582
f 592/554/581 587/366/576 593/555/582
f 590/552/579 594/556/583 588/550/577
f 593/555/582 588/550/577 595/557/584
f 594/556/583 595/557/584 588/550/577
f 592/554/581 593/555/582 596/558/585
f 595/557/584 596/558/585 593/555/582
f 597/559/586 592/554/581 596/558/585
f 597/559/586 591/553/580 592/554/581
f 597/559/586 598/326/587 591/553/580
f 591/553/580 598/326/587 589/551/578
f 594/556/583 599/560/588 595/557/584
f 596/558/585 595/557/584 599/560/588
f 594/556/583 590/552/579 600/561/589
f 600/561/589 601/562/590 594/556/583
f 599/560/588 594/556/583 601/562/590
f 596/558/585 602/563/591 597/559/586
f 602/563/591 596/558/585 603/564/592
f 599/560/588 603/564/592 596/558/585
f 603/564/592 599/560/588 604/565/593
f 605/566/594 604/565/593 599/560/588
f 601/562/590 605/566/594 599/560/588
f 604/565/593 605/566/594 606/567/595
f 605/566/594 601/562/590 606/567/595
f 607/568/596 606/567/595 601/562/590
f 601/562/590 600/561/589 607/568/596
f 608/569/597 607/568/596 600/561/589
f 604/565/593 609/345/598 603/564/592
f 610/570/599 609/345/598 604/565/593
f 604/565/593 606/567/595 610/570/599
f 606/567/595 607/568/596 611/571/600
f 611/571/600 610/570/599 606/567/595
f 612/398/601 610/570/599 611/571/600
f 611/571/600 607/568/596 612/398/601
f 613/572/602 612/398/601 607/568/596
f 607/568/596 614/573/603 613/572/602
f 614/573/603 607/568/596 608/569/597
f 615/574/604 614/573/603 608/569/597
f 614/573/603 615/574/604 613/572/602
f 612/398/601 613/572/602 616/575/605
f 610/570/599 612/398/601 617/407/606
f 612/398/601 616/575/605 617/407/606
f 617/407/606 618/576/607 610/570/599
f 619/577/608 610/570/599 618/576/607
f 609/345/598 610/570/599 619/577/608
f 619/577/608 620/578/609 609/345/598
f 621/579/610 616/575/605 613/572/602
f 616/575/605 621/579/610 617/407/606
f 613/572/602 622/580/611 621/579/610
f 622/580/611 613/572/602 615/574/604
f 618/576/607 617/407/606 623/581/612
f 624/425/613 623/581/612 617/407/606
f 617/407/606 621/579/610 624/425/613
f 625/582/614 618/576/607 623/581/612
f 618/576/607 625/582/614 619/577/608
f 626/541/615 625/582/614 623/581/612
f 626/541/615 623/581/612 624/425/613
f 627/583/616 619/577/608 625/582/614
f 619/577/608 628/233/617 620/578/609
f 619/577/608 627/583/616 628/233/617
f 621/579/610 629/222/618 624/425/613
f 624/425/613 629/222/618 626/541/615
f 630/584/619 625/582/614 626/541/615
f 625/582/614 631/585/620 627/583/616
f 630/584/619 631/585/620 625/582/614
f 632/586/621 626/541/615 629/222/618
f 632/586/621 630/584/619 626/541/615
f 633/587/622 631/585/620 630/584/619
f 630/584/619 632/586/621 633/587/622
f 631/585/620 633/587/622 634/588/623
f 634/588/623 627/583/616 631/585/620
f 627/583/616 635/443/624 628/233/617
f 627/583/616 634/588/623 635/443/624
f 628/233/617 635/443/624 636/465/625
f 635/443/624 634/588/623 636/465/625
f 634/588/623 633/587/622 637/589/626
f 637/589/626 636/465/625 634/588/623
f 633/587/622 632/586/621 638/489/627
f 637/589/626 633/587/622 639/590/628
f 633/587/622 638/489/627 639/590/628
f 637/589/626 639/590/628 640/591/629
f 636/465/625 637/589/626 641/592/630
f 637/589/626 640/591/629 641/592/630
f 640/591/629 639/590/628 642/519/631
f 639/590/628 638/489/627 642/519/631
f 642/519/631 643/507/632 640/591/629
f 641/592/630 640/591/629 643/507/632
f 641/592/630 644/593/633 636/465/625
f 643/507/632 645/506/634 641/592/630
f 645/506/634 644/593/633 641/592/630
f 644/593/633 646/219/635 636/465/625
f 628/233/617 636/465/625 646/219/635
f 647/202/636 643/507/632 642/519/631
f 643/507/632 647/202/636 648/594/637
f 648/594/637 645/506/634 643/507/632
f 646/219/635 644/593/633 649/595/638
f 644/593/633 645/506/634 650/596/639
f 649/595/638 644/593/633 650/596/639
f 650/596/639 645/506/634 651/597/640
f 651/597/640 645/506/634 648/594/637
f 649/595/638 650/596/639 651/597/640
f 646/219/635 652/598/641 628/233/617
f 649/595/638 653/475/642 646/219/635
f 652/598/641 646/219/635 653/475/642
f 651/597/640 654/599/643 649/595/638
f 649/595/638 654/599/643 653/475/642
f 628/233/617 652/598/641 620/578/609
f 620/578/609 652/598/641 655/600/644
f 653/475/642 655/600/644 652/598/641
f 656/601/645 657/602/646 658/603/647
f 659/604/648 657/602/646 656/601/645
f 659/604/648 656/601/645 660/605/649
f 656/601/645 661/606/650 660/605/649
f 657/602/646 659/604/648 662/607/651
f 660/605/649 662/607/651 659/604/648
f 663/608/652 657/602/646 662/607/651
f 663/608/652 662/607/651 664/609/653
f 660/605/649 664/609/653 662/607/651
f 665/506/654 664/609/653 660/605/649
f 660/605/649 661/606/650 666/610/655
f 666/610/655 665/506/654 660/605/649
f 664/609/653 667/611/656 663/608/652
f 664/609/653 665/506/654 668/612/657
f 668/612/657 667/611/656 664/609/653
f 669/613/658 665/506/654 666/610/655
f 668/612/657 665/506/654 670/589/659
f 669/613/658 670/589/659 665/506/654
f 666/610/655 661/606/650 671/441/660
f 666/610/655 671/441/660 669/613/658
f 672/526/661 671/441/660 661/606/650
f 670/589/659 673/491/662 668/612/657
f 668/612/657 674/614/663 667/611/656
f 673/491/662 674/614/663 668/612/657
f 674/614/663 675/496/664 667/611/656
f 669/613/658 671/441/660 676/615/665
f 676/615/665 677/443/666 669/613/658
f 670/589/659 669/613/658 677/443/666
f 678/584/667 673/491/662 670/589/659
f 670/589/659 677/443/666 678/584/667
f 679/430/668 676/615/665 671/441/660
f 671/441/660 680/438/669 679/430/668
f 672/526/661 680/438/669 671/441/660
f 677/443/666 676/615/665 681/616/670
f 678/584/667 677/443/666 681/616/670
f 676/615/665 682/617/671 681/616/670
f 676/615/665 679/430/668 682/617/671
f 672/526/661 683/618/672 680/438/669
f 674/614/663 673/491/662 684/619/673
f 684/619/673 673/491/662 685/620/674
f 678/584/667 685/620/674 673/491/662
f 686/498/675 674/614/663 684/619/673
f 686/498/675 675/496/664 674/614/663
f 679/430/668 680/438/669 687/621/676
f 683/618/672 687/621/676 680/438/669
f 682/617/671 679/430/668 688/622/677
f 687/621/676 688/622/677 679/430/668
f 681/616/670 682/617/671 689/623/678
f 688/622/677 689/623/678 682/617/671
f 681/616/670 690/231/679 678/584/667
f 690/231/679 691/222/680 678/584/667
f 685/620/674 678/584/667 691/222/680
f 683/618/672 692/624/681 687/621/676
f 688/622/677 687/621/676 692/624/681
f 684/619/673 693/221/682 686/498/675
f 694/625/683 684/619/673 685/620/674
f 694/625/683 693/221/682 684/619/673
f 694/625/683 685/620/674 695/536/684
f 691/222/680 695/536/684 685/620/674
f 695/536/684 693/221/682 694/625/683
f 689/623/678 688/622/677 696/626/685
f 696/626/685 688/622/677 697/627/686
f 692/624/681 697/627/686 688/622/677
f 698/628/687 689/623/678 696/626/685
f 681/616/670 689/623/678 698/628/687
f 699/251/688 690/231/679 681/616/670
f 700/629/689 696/626/685 697/627/686
f 696/626/685 700/629/689 698/628/687
f 698/628/687 701/398/690 681/616/670
f 699/251/688 681/616/670 701/398/690
f 701/398/690 698/628/687 702/630/691
f 700/629/689 702/630/691 698/628/687
f 703/580/692 701/398/690 702/630/691
f 701/398/690 703/580/692 699/251/688
f 702/630/691 700/629/689 704/631/693
f 704/631/693 700/629/689 705/562/694
f 697/627/686 705/562/694 700/629/689
f 704/631/693 706/252/695 702/630/691
f 707/574/696 702/630/691 706/252/695
f 702/630/691 707/574/696 703/580/692
f 708/632/697 704/631/693 705/562/694
f 706/252/695 704/631/693 708/632/697
f 708/632/697 705/562/694 709/633/698
f 706/252/695 708/632/697 709/633/698
f 705/562/694 697/627/686 710/254/699
f 709/633/698 705/562/694 710/254/699
f 710/254/699 711/266/700 709/633/698
f 710/254/699 712/364/701 711/266/700
f 713/368/702 711/266/700 712/364/701
f 713/368/702 712/364/701 714/634/703
f 710/254/699 714/634/703 712/364/701
f 714/634/703 710/254/699 697/627/686
f 713/368/702 714/634/703 715/635/704
f 713/368/702 715/635/704 716/636/705
f 714/634/703 717/261/706 715/635/704
f 717/261/706 714/634/703 718/637/707
f 697/627/686 718/637/707 714/634/703
f 697/627/686 692/624/681 718/637/707
f 719/324/708 715/635/704 717/261/706
f 720/357/709 716/636/705 715/635/704
f 719/324/708 720/357/709 715/635/704
f 717/261/706 721/269/710 719/324/708
f 717/261/706 718/637/707 721/269/710
f 722/638/711 718/637/707 692/624/681
f 718/637/707 722/638/711 721/269/710
f 692/624/681 683/618/672 722/638/711
f 683/618/672 723/639/712 722/638/711
f 722/638/711 723/639/712 724/640/713
f 721/269/710 722/638/711 724/640/713
f 721/269/710 724/640/713 725/333/714
f 725/333/714 726/278/715 721/269/710
f 726/278/715 719/324/708 721/269/710
f 727/318/716 719/324/708 726/278/715
f 725/333/714 724/640/713 728/641/717
f 723/639/712 728/641/717 724/640/713
f 726/278/715 729/642/718 727/318/716
f 726/278/715 725/333/714 729/642/718
f 728/641/717 730/643/719 725/333/714
f 730/643/719 729/642/718 725/333/714
f 731/644/720 730/643/719 728/641/717
f 723/639/712 731/644/720 728/641/717
f 732/645/721 727/318/716 729/642/718
f 730/643/719 732/645/721 729/642/718
f 732/645/721 730/643/719 733/331/722
f 730/643/719 734/646/723 733/331/722
f 730/643/719 731/644/720 735/647/724
f 736/295/725 730/643/719 735/647/724
f 734/646/723 730/643/719 736/295/725
f 735/647/724 731/644/720 737/309/726
f 737/309/726 738/310/727 735/647/724
f 738/310/727 736/295/725 735/647/724
f 739/648/728 740/603/729 741/649/730
f 742/650/731 741/649/730 740/603/729
f 740/603/729 743/651/732 742/650/731
f 744/652/733 742/650/731 743/651/732
f 744/652/733 741/649/730 742/650/731
f 743/651/732 745/653/734 744/652/733
f 743/651/732 746/654/735 745/653/734
f 744/652/733 745/653/734 747/655/736
f 748/656/737 745/653/734 746/654/735
f 748/656/737 747/655/736 745/653/734
f 749/657/738 744/652/733 747/655/736
f 747/655/736 748/656/737 749/657/738
f 746/654/735 750/658/739 748/656/737
f 751/659/740 749/657/738 748/656/737
f 748/656/737 752/660/741 751/659/740
f 752/660/741 748/656/737 753/661/742
f 753/661/742 748/656/737 750/658/739
f 750/658/739 754/662/743 753/661/742
f 754/662/743 755/663/744 753/661/742
f 755/663/744 752/660/741 753/661/742
f 116/111/119 113/108/745 756/664/746
f 116/111/119 756/664/746 757/665/747
f 757/665/747 119/114/121 116/111/119
f 128/123/130 757/665/747 756/664/746
f 757/665/747 128/123/130 129/124/131
f 758/666/748 757/665/747 129/124/131
f 119/114/121 757/665/747 758/666/748
f 119/114/121 759/118/749 120/115/750
f 758/666/748 759/118/749 119/114/121
f 760/120/751 120/115/750 759/118/749
f 129/124/131 130/125/122 758/666/748
f 759/118/749 758/666/748 761/667/752
f 130/125/122 761/667/752 758/666/748
f 761/667/752 130/125/122 762/127/753
f 154/149/154 763/668/754 196/191/190
f 763/668/754 154/149/154 162/157/161
f 151/146/152 133/128/134 135/130/136
f 162/157/161 133/128/134 152/147/151
f 174/169/173 170/165/169 764/669/755
f 170/165/169 163/158/162 765/670/756
f 163/158/162 165/160/164 766/671/756
f 175/170/164 174/169/173 767/672/756
f 189/184/186 191/186/188 768/673/189
o Model001_25_apotent!wrong!_1.1_10.007
v 0.726816 1.089305 -0.714585
v 0.750652 1.030615 -0.838060
v 0.665073 1.057519 -0.857627
v 0.635115 1.090519 -0.800165
v 0.706022 1.158372 -0.597219
v 0.563293 1.095414 -0.882690
v 0.545879 1.182221 -0.699299
v 0.610665 1.178553 -0.657123
v 0.514081 1.116809 -0.896136
v 0.620755 1.258011 -0.505217
v 0.523871 1.280019 -0.558711
v 0.689522 1.236002 -0.487490
v 0.455104 1.213393 -0.758602
v 0.503389 1.147981 -0.836846
v 0.478940 1.126586 -0.904085
v 0.681573 1.321582 -0.386937
v 0.613719 1.322809 -0.427900
v 0.452350 1.405948 -0.472830
v 0.442259 1.271469 -0.673635
v 0.584688 1.478070 -0.292043
v 0.442572 1.130255 -0.908367
v 0.396415 1.169377 -0.853959
v 0.375933 1.272683 -0.714585
v 0.364328 1.414499 -0.557484
v 0.682186 1.409616 -0.290816
v 0.378688 1.563650 -0.323979
v 0.381742 1.479297 -0.432782
v 0.334370 1.174885 -0.900417
v 0.356066 1.149208 -0.924867
v 0.223114 1.594221 -0.455404
v 0.552289 1.539200 -0.241304
v 0.640623 1.453620 -0.243445
v 0.671795 1.437734 -0.231213
v 0.158165 1.663901 -0.303648
v 0.445927 1.580776 -0.257353
v 0.578579 1.512309 -0.233354
v 0.546180 1.550205 -0.208141
v 0.281803 1.192611 -0.956039
v 0.316944 1.660234 -0.146472
v 0.635728 1.448738 -0.140901
v 0.516222 1.558767 -0.111870
v 0.386324 1.630890 -0.135318
v 0.231977 1.692020 -0.093216
v 0.491772 1.578322 0.016938
v 0.588356 1.470746 0.045194
v 0.120345 1.666356 -0.309920
v 0.066701 1.726259 -0.018678
v 0.248790 1.683469 0.009264
v 0.375320 1.650457 0.130661
v 0.555656 1.518419 0.131350
v 0.481381 1.611335 0.145872
v 0.585602 1.506200 0.167955
v 0.533348 1.556314 0.154573
v 0.506144 1.588112 0.181251
v 0.475572 1.608894 0.178647
v 0.599661 1.528196 0.189037
v 0.231977 1.688352 0.106437
v 0.024149 1.732367 0.007987
v -0.038421 1.725032 -0.069768
v 0.305940 1.616230 0.278749
v 0.249554 1.661461 0.207841
v 0.129897 1.683469 0.255664
v 0.531207 1.561209 0.215778
v 0.487190 1.558767 0.236409
v 0.482608 1.551431 0.268045
v 0.598747 1.531864 0.222964
v -0.025026 1.733595 0.067628
v -0.049625 1.729927 -0.004895
v 0.569402 1.484192 0.304726
v 0.505530 1.515977 0.298003
v 0.358820 1.561209 0.344461
v 0.287912 1.588112 0.371352
v 0.182164 1.632116 0.394274
v 0.087495 1.681016 0.282417
v 0.439205 1.478070 0.405892
v 0.498808 1.503746 0.327034
v 0.516534 1.464624 0.350270
v 0.347816 1.541654 0.405579
v 0.275681 1.562435 0.499108
v 0.518976 1.399826 0.428814
v -0.186746 1.652898 0.331929
v -0.153971 1.652898 0.373493
v 0.086344 1.568545 0.491159
v 0.238400 1.572213 0.495440
v 0.427587 1.456074 0.463654
v 0.498194 1.361931 0.512867
v 0.403450 1.460956 0.593865
v 0.425146 1.441401 0.525699
v 0.332543 1.493969 0.594165
v 0.253372 1.490301 0.609451
v 0.497581 1.346044 0.570329
v -0.053907 1.616230 0.453264
v -0.169933 1.613776 0.464268
v 0.126455 1.437734 0.655295
v 0.439505 1.432839 0.624424
v 0.405278 1.458515 0.632674
v 0.289903 1.480523 0.613720
v 0.234118 1.426729 0.682800
v 0.269271 1.414498 0.684027
v 0.432782 1.419393 0.669968
v 0.494526 1.374162 0.640010
v 0.518675 1.348485 0.627178
v 0.346601 1.412057 0.664459
v 0.221286 1.393717 0.743930
v 0.259644 1.380271 0.743317
v 0.040574 1.412057 0.702367
v 0.112709 1.399826 0.709691
v 0.322452 1.339922 0.724976
v 0.215177 1.239069 0.820947
v 0.451736 1.368040 0.681573
v 0.413528 1.383939 0.684640
v 0.518362 1.336254 0.664459
v 0.370438 1.370494 0.680972
v 0.056235 1.314258 0.737207
v 0.272326 1.181607 0.826455
v 0.282254 1.333813 0.754321
v 0.504003 1.305695 0.681573
v 0.391520 1.324036 0.690136
v 0.340480 1.168763 0.847237
v 0.392446 1.199334 0.801392
v 0.406192 1.259237 0.724363
v 0.478940 1.248233 0.696859
v 0.456931 1.196279 0.728031
v 0.429114 1.110086 0.819733
v 0.377461 1.155930 0.847850
v 0.288063 1.119863 0.864964
v 0.241304 1.196279 0.829510
v 0.147850 1.243338 0.787333
v 0.042327 1.255569 0.761044
v -0.030258 1.414498 0.679745
v -0.000976 1.232948 0.769607
v -0.093905 1.313032 0.740262
v 0.005358 1.412057 0.688296
v -0.059215 1.447511 0.657123
v -0.105598 1.262905 0.778770
v -0.100027 1.435280 0.681573
v -0.170246 1.441401 0.718867
v -0.161833 1.485406 0.671795
v -0.182164 1.566103 0.553516
v -0.162910 1.469519 0.702367
v -0.201105 1.471961 0.696245
v -0.217155 1.577108 0.518363
v -0.130360 1.283687 0.797111
v -0.168556 1.330145 0.838061
v -0.206764 1.449952 0.723149
v -0.203559 1.624779 0.427587
v -0.240691 1.611335 0.419650
v -0.327034 1.403494 0.644905
v -0.294948 1.580776 0.366457
v -0.295248 1.397385 0.680359
v -0.251695 1.310590 0.774489
v -0.203409 1.283687 0.883304
v -0.166728 1.287355 0.886359
v -0.373192 1.196880 0.769607
v -0.376246 1.313032 0.656510
v -0.407419 1.408389 0.527539
v -0.413841 1.347259 0.603642
v -0.320612 1.592994 0.298153
v -0.361261 1.551431 0.348730
v -0.443486 1.230507 0.650401
v -0.248490 1.240898 0.843569
v -0.278586 1.245792 0.805661
v -0.473131 1.289796 0.602415
v -0.472831 1.447511 0.436150
v -0.509812 1.369267 0.502163
v -0.541898 1.264132 0.585302
v -0.528152 1.425502 0.381129
v -0.561766 1.491528 0.269272
v -0.487803 1.564877 0.203246
v -0.560852 1.349712 0.443787
v -0.552902 1.320368 0.503089
v -0.553203 1.517192 0.210896
v -0.442572 1.597889 0.150379
v -0.526612 1.545322 0.091314
v -0.303498 1.667570 0.151368
v -0.518362 1.547763 0.060592
v -0.505217 1.537986 0.033101
v -0.297852 1.676133 0.119119
v -0.240077 1.657793 0.224191
v -0.310534 1.661461 0.015336
v -0.493612 1.553872 -0.061017
v -0.219759 1.690806 -0.101316
v -0.366770 1.635784 -0.062808
v -0.325807 1.659020 -0.120645
v -0.495440 1.590553 -0.150140
v -0.117666 1.684684 -0.249867
v -0.476799 1.573440 -0.243895
v -0.353925 1.641894 -0.159242
v -0.256740 1.634557 -0.272939
v -0.402524 1.594221 -0.266817
v -0.390919 1.430398 -0.481080
v -0.338038 1.556314 -0.378687
v -0.225568 1.583217 -0.504003
v -0.300294 1.563650 -0.408645
v -0.100478 1.652898 -0.344761
v 0.009752 1.656566 -0.322452
v -0.316030 1.518419 -0.467935
v -0.258568 1.552646 -0.540984
v -0.000751 1.573440 -0.480467
v -0.359433 1.441402 -0.516221
v -0.389992 1.420620 -0.511639
v -0.111019 1.470746 -0.662631
v -0.073011 1.567318 -0.493612
v -0.199127 1.503747 -0.620455
v -0.154497 1.490301 -0.641236
v -0.272176 1.486633 -0.592637
v -0.279963 1.366826 -0.727417
v -0.047372 1.484192 -0.608524
v -0.097348 1.397385 -0.738421
v -0.373492 1.338708 -0.650400
v -0.151367 1.282460 -0.886358
v -0.210132 1.393717 -0.723148
v -0.111332 1.267801 -0.908367
v -0.262386 1.281246 -0.831951
v -0.285621 1.208498 -0.914476
v -0.358520 1.227452 -0.819119
v -0.006735 1.199947 -0.921812
v -0.016099 1.262906 -0.838060
v -0.215327 1.231733 -0.912636
v -0.205086 1.177939 -0.999443
v -0.136933 1.207284 -1.000056
v -0.347515 1.146153 -0.970712
v -0.100628 1.210338 -0.993333
v -0.342620 1.117422 -1.034283
v -0.202182 1.162654 -1.029401
v -0.133265 1.189557 -1.028787
v -0.048136 1.177326 -1.001271
v 0.017276 1.158985 -0.973766
v 0.022196 1.239069 -0.854573
v -0.096960 1.192611 -1.022065
v 0.048899 1.313032 -0.768993
v 0.061431 1.220729 -0.876581
v 0.088935 1.163267 -0.960321
v 0.097122 1.229280 -0.874127
v 0.057800 1.498864 -0.591724
v 0.164888 1.540427 -0.597520
v 0.076028 1.566104 -0.503389
v 0.138986 1.619898 -0.437677
v 0.159092 1.184049 -0.960321
v 0.207227 1.221943 -0.937699
v 0.171773 1.484192 -0.648572
v 0.179873 1.618671 -0.431568
v 0.207678 1.534318 -0.588656
v 0.210895 1.201162 -0.965216
v 0.240390 1.245793 -0.909581
v 0.224804 1.387608 -0.754934
v 0.275531 1.500078 -0.565734
v 0.262699 1.402280 -0.724976
v 0.294635 1.412057 -0.683413
v 0.298153 1.261679 -0.833791
v 0.274467 1.234788 -0.901031
v 0.247563 1.203616 -0.964602
v 0.763484 1.005553 -0.902245
v 0.665073 1.057519 -0.857627
v 0.632060 1.037951 -0.963376
v 0.803220 0.949317 -1.100909
v 0.742090 0.969485 -1.146767
v 0.566047 1.014115 -1.176712
v 0.542211 1.052011 -1.049569
v 0.839901 0.923027 -1.308137
v 0.514081 1.116809 -0.896136
v 0.746985 0.969485 -1.353380
v 0.614333 0.996389 -1.235401
v 0.511953 1.044061 -1.086249
v 0.529679 1.013502 -1.180994
v 0.494827 1.081969 -0.993947
v 0.478940 1.126586 -0.904085
v 0.608224 0.980490 -1.404721
v 0.566348 0.975607 -1.375376
v 0.729258 0.985998 -1.458515
v 0.764711 0.977435 -1.454847
v 0.860682 0.924868 -1.447511
v 0.421778 0.992721 -1.187716
v 0.426973 1.063628 -1.029401
v 0.441646 0.962762 -1.284914
v 0.467022 0.941368 -1.418166
v 0.491772 0.937099 -1.552646
v 0.661404 0.989052 -1.498864
v 0.553516 0.957267 -1.682242
v 0.750652 1.010448 -1.591767
v 0.786106 1.001271 -1.589326
v 0.682800 1.011061 -1.630889
v 0.356066 1.149208 -0.924867
v 0.379602 1.100309 -0.974993
v 0.396415 1.048956 -1.063628
v 0.450822 0.938313 -1.727474
v 0.431568 0.929763 -1.628448
v 0.358207 0.945035 -1.434065
v 0.314803 0.926094 -1.607667
v 0.556871 0.986612 -1.882747
v 0.580106 0.981103 -1.814280
v 0.346601 1.113755 -0.984770
v 0.734152 1.047128 -1.725032
v 0.704195 1.045901 -1.761713
v 0.408333 0.960935 -1.899860
v 0.315417 0.939540 -1.813053
v 0.635115 1.021452 -1.908411
v 0.500635 1.003725 -1.984213
v 0.655295 1.055679 -2.004995
v 0.689522 1.073406 -2.002554
v 0.832564 1.248847 -2.209167
v 0.742090 1.137591 -2.097911
v 0.584688 1.053237 -2.038008
v 0.792829 1.217061 -2.199390
v 0.579493 1.096641 -2.229949
v 0.723762 1.165095 -2.221386
v 0.309608 0.975607 -1.981772
v 0.426060 1.039792 -2.185932
v 0.754321 1.190772 -2.193269
v 0.846010 1.225612 -2.232390
v 0.654682 1.114981 -2.251958
v 0.548621 1.076461 -2.265403
v 0.803833 1.166322 -2.232390
v 0.520203 1.052624 -2.299630
v 0.697472 1.094801 -2.253184
v 0.442873 1.047128 -2.281302
v 0.340480 1.022065 -2.138260
v 0.401310 1.042847 -2.255625
v 0.413228 1.037339 -2.319197
v 0.562379 1.031843 -2.306966
v 0.768380 1.081969 -2.226281
v 0.805661 1.092973 -2.232390
v 0.695632 0.963376 -2.226281
v 0.665073 1.052624 -2.262962
v 0.732926 0.970099 -2.227508
v 0.287762 1.059347 -2.249516
v 0.274467 1.046515 -2.187159
v 0.309007 1.025120 -2.365655
v 0.271863 1.055679 -2.350983
v 0.301358 1.057519 -2.311861
v 0.492385 0.991494 -2.330201
v 0.562993 0.999443 -2.303298
v 0.658350 0.957267 -2.234844
v 0.696245 0.896136 -2.232390
v 0.732926 0.902860 -2.239727
v 0.800779 0.886972 -2.273966
v 0.192855 1.104578 -2.310634
v 0.153208 1.124759 -2.289853
v 0.199428 1.093586 -2.339979
v 0.517749 0.905301 -2.281302
v 0.767153 0.780611 -2.284970
v 0.344761 0.989666 -2.363214
v 0.446841 0.899805 -2.304525
v 0.621982 0.885746 -2.237285
v 0.658963 0.890641 -2.231176
v 0.700526 0.638784 -2.298416
v 0.660178 0.824616 -2.239727
v 0.060980 1.179767 -2.361987
v 0.131963 1.122305 -2.360760
v 0.371965 0.868632 -2.309420
v 0.404978 0.805061 -2.289853
v 0.586215 0.782439 -2.247062
v 0.587743 0.717640 -2.258067
v 0.235032 1.035511 -2.372991
v 0.258417 0.746985 -2.319197
v 0.185982 0.853347 -2.328974
v 0.515621 0.647960 -2.278849
v 0.607923 0.482909 -2.320424
v 0.191178 0.951158 -2.338752
v 0.223727 0.881464 -2.322865
v 0.201105 1.073406 -2.365655
v 0.160919 1.050183 -2.372991
v 0.085042 1.039179 -2.357092
v 0.084053 0.938927 -2.366882
v 0.155336 0.794056 -2.358319
v 0.372578 0.581634 -2.322865
v 0.488717 0.458159 -2.333869
v 0.061018 1.149822 -2.376659
v 0.343534 0.459073 -2.368097
v -0.018741 1.104578 -2.401109
v 0.025714 1.198721 -2.377874
v 0.035153 0.926696 -2.426785
v 0.171010 0.670569 -2.401109
v 0.273090 0.528754 -2.381542
v 0.108653 0.683414 -2.440231
v 0.272789 0.465182 -2.392546
v 0.342320 0.395188 -2.376660
v -0.005033 1.251902 -2.382769
v 0.024274 1.220116 -2.353424
v 0.040073 0.827670 -2.447567
v -0.002642 0.967657 -2.432895
v 0.135481 0.547707 -2.432895
v 0.038058 0.760431 -2.452450
v -0.023073 1.207885 -2.300857
v -0.115914 1.010448 -2.439004
v 0.120808 0.419337 -2.419450
v 0.020268 0.530894 -2.436563
v -0.088484 0.737208 -2.431668
v 0.042064 1.086250 -2.124815
v -0.124777 0.800780 -2.439004
v -0.088635 1.125372 -2.437790
v -0.119882 1.111914 -2.432895
v -0.054633 1.113755 -2.416996
v -0.091151 1.146154 -2.413328
v -0.129972 1.211553 -2.364428
v -0.094744 1.222557 -2.364428
v 0.130661 1.016557 -2.029444
v -0.128220 1.205444 -2.333869
v -0.056273 1.214608 -2.383996
v -0.094368 1.223171 -2.331428
v -0.065787 1.250074 -2.375432
v -0.129672 1.136977 -2.135819
v -0.200505 1.071578 -1.980545
v -0.122636 1.090519 -1.996445
v 0.231063 0.978048 -1.968327
v -0.115075 1.047128 -1.852175
v -0.235195 1.030615 -1.813053
v -0.066589 1.119250 -2.085693
v -0.067164 1.052624 -1.909638
v -0.112170 1.015342 -1.677347
v -0.059027 1.014729 -1.767822
v -0.094368 1.009834 -1.568545
v -0.279199 1.006166 -1.573440
v 0.056085 1.036124 -2.015999
v 0.065938 0.990881 -1.875411
v 0.076641 0.963376 -1.732368
v 0.018516 0.971326 -1.607667
v -0.309007 1.021451 -1.366826
v -0.115375 1.026948 -1.436507
v -0.074726 1.017784 -1.460956
v 0.206764 0.952372 -1.837503
v 0.129059 0.946263 -1.612562
v 0.035642 0.970099 -1.497637
v -0.093454 1.052011 -1.332586
v -0.125002 1.041006 -1.371708
v -0.327948 1.059347 -1.196880
v 0.266217 0.930977 -1.547763
v -0.110493 1.097855 -1.207884
v -0.216541 1.068523 -1.217674
v -0.074651 1.095414 -1.199947
v -0.058639 1.044675 -1.322809
v 0.094819 0.970099 -1.410830
v 0.014434 0.996389 -1.364372
v 0.207528 0.954826 -1.420620
v -0.195146 1.130255 -1.089304
v -0.342620 1.117422 -1.034283
v 0.025727 1.044675 -1.191998
v -0.089711 1.157758 -1.080128
v -0.125929 1.156544 -1.087464
v 0.043942 0.997615 -1.320368
v 0.223577 0.996389 -1.286128
v 0.097035 1.042233 -1.174271
v 0.010140 1.106418 -1.067909
v 0.045269 1.102136 -1.058119
v -0.048136 1.177326 -1.001271
v 0.113773 1.128427 -1.017169
v 0.214250 1.024506 -1.223783
v 0.272789 1.087464 -1.133309
v 0.255513 1.162654 -1.020224
v 0.247563 1.203616 -0.964602
v 0.298453 1.114367 -1.067909
v 0.326734 1.013502 -1.244565
v 0.361875 1.059347 -1.072191
v 0.291280 1.020225 -1.250674
v 0.316343 0.956040 -1.405948
v 0.386024 0.998829 -1.194439
v 0.888186 1.239070 -2.240953
v 0.872913 0.968271 -2.269071
v 0.840514 0.791603 -2.287411
v 0.803833 0.786720 -2.291080
v 0.810556 0.653456 -2.299630
v 0.817279 0.522344 -2.295962
v 0.773875 0.649174 -2.303298
v 0.893081 0.433396 -2.266630
v 0.853960 0.493913 -2.282517
v 0.919371 0.500949 -2.249516
v 0.904086 0.967045 -2.249516
v 0.777543 0.583462 -2.306966
v 1.001884 0.506758 -2.176155
v 0.987212 0.732312 -2.177382
v 0.933430 1.164494 -2.204273
v 0.906527 1.177326 -2.226281
v 0.905913 1.211553 -2.215277
v 0.986611 1.023893 -2.173714
v 1.004939 1.150435 -2.190827
v 0.937699 1.196881 -2.198163
v 0.888800 1.261679 -2.217718
v 0.899804 1.228679 -2.187159
v 0.834392 1.205444 -2.095470
v 0.969485 1.184662 -2.182264
v 0.921813 1.199335 -2.170046
v 0.825228 1.085637 -1.852175
v 0.791001 1.097242 -1.854629
v 0.996388 1.166935 -2.163936
v 0.947489 1.172431 -2.161483
v 0.957266 1.130255 -2.137033
v 0.874128 1.118637 -1.980545
v 0.973153 1.145540 -2.161483
v 0.828283 1.000057 -1.655352
v 0.770821 1.048342 -1.722591
v 0.894308 0.971939 -1.723805
v 0.913249 1.026334 -1.888856
v 0.877796 0.941368 -1.586885
vt 0.992000 0.266496
vt 0.992000 0.251496
vt 0.962000 0.251496
vt 0.956000 0.258496
vt 0.992000 0.281496
vt 0.925000 0.251496
vt 0.931000 0.273496
vt 0.956000 0.277496
vt 0.907000 0.251496
vt 0.968000 0.296496
vt 0.931000 0.292496
vt 0.992000 0.296496
vt 0.895000 0.270496
vt 0.907000 0.258496
vt 0.895000 0.251496
vt 0.992000 0.311496
vt 0.968000 0.307496
vt 0.907000 0.307496
vt 0.895000 0.281496
vt 0.956000 0.329496
vt 0.882000 0.251496
vt 0.870000 0.258496
vt 0.870000 0.277496
vt 0.870000 0.299496
vt 0.992000 0.326496
vt 0.882000 0.329496
vt 0.882000 0.314496
vt 0.845000 0.255496
vt 0.852000 0.251496
vt 0.821000 0.317496
vt 0.943000 0.336496
vt 0.980000 0.333496
vt 0.992000 0.333496
vt 0.809000 0.336496
vt 0.907000 0.336496
vt 0.956000 0.336496
vt 0.943000 0.340496
vt 0.821000 0.251496
vt 0.870000 0.351496
vt 0.992000 0.344496
vt 0.943000 0.352496
vt 0.894000 0.351496
vt 0.845000 0.359496
vt 0.943000 0.367496
vt 0.992000 0.367496
vt 0.796000 0.336496
vt 0.796000 0.370496
vt 0.857000 0.370496
vt 0.907000 0.382496
vt 0.980000 0.378496
vt 0.943000 0.382496
vt 0.992000 0.382496
vt 0.968000 0.382496
vt 0.956000 0.386496
vt 0.943000 0.386496
vt 0.992000 0.386496
vt 0.857000 0.381496
vt 0.784000 0.374496
vt 0.760000 0.366496
vt 0.894000 0.401496
vt 0.870000 0.393496
vt 0.833000 0.401496
vt 0.968000 0.390496
vt 0.956000 0.394496
vt 0.956000 0.397496
vt 0.992000 0.390496
vt 0.772000 0.381496
vt 0.760000 0.374496
vt 0.992000 0.402496
vt 0.968000 0.401496
vt 0.919000 0.409496
vt 0.894000 0.413496
vt 0.857000 0.416496
vt 0.821000 0.404496
vt 0.956000 0.417496
vt 0.968000 0.405496
vt 0.980000 0.410496
vt 0.919000 0.417496
vt 0.894000 0.428496
vt 0.992000 0.421496
vt 0.735000 0.416496
vt 0.747000 0.420496
vt 0.833000 0.432496
vt 0.882000 0.428496
vt 0.956000 0.425496
vt 0.992000 0.433496
vt 0.943000 0.440496
vt 0.956000 0.432496
vt 0.919000 0.440496
vt 0.894000 0.444496
vt 0.992000 0.440496
vt 0.784000 0.428496
vt 0.747000 0.432496
vt 0.857000 0.456496
vt 0.956000 0.444496
vt 0.943000 0.444496
vt 0.906000 0.444496
vt 0.894000 0.456496
vt 0.906000 0.456496
vt 0.956000 0.448496
vt 0.980000 0.448496
vt 0.992000 0.448496
vt 0.931000 0.452496
vt 0.894000 0.464496
vt 0.906000 0.464496
vt 0.833000 0.464496
vt 0.857000 0.464496
vt 0.931000 0.464496
vt 0.906000 0.485496
vt 0.968000 0.452496
vt 0.956000 0.452496
vt 0.992000 0.452496
vt 0.943000 0.456496
vt 0.845000 0.477496
vt 0.931000 0.489496
vt 0.918000 0.468496
vt 0.992000 0.457496
vt 0.956000 0.460496
vt 0.956000 0.489496
vt 0.968000 0.481496
vt 0.968000 0.469496
vt 0.992000 0.465496
vt 0.992000 0.473496
vt 0.992000 0.489496
vt 0.968000 0.489496
vt 0.943000 0.498496
vt 0.918000 0.489496
vt 0.882000 0.485496
vt 0.845000 0.485496
vt 0.809000 0.464496
vt 0.833000 0.489496
vt 0.796000 0.481496
vt 0.821000 0.464496
vt 0.796000 0.460496
vt 0.796000 0.489496
vt 0.784000 0.464496
vt 0.760000 0.468496
vt 0.760000 0.460496
vt 0.747000 0.444496
vt 0.760000 0.464496
vt 0.747000 0.464496
vt 0.735000 0.440496
vt 0.784000 0.489496
vt 0.759000 0.489496
vt 0.747000 0.468496
vt 0.735000 0.428496
vt 0.723000 0.428496
vt 0.698000 0.464496
vt 0.698000 0.424496
vt 0.710000 0.468496
vt 0.723000 0.485496
vt 0.747000 0.498496
vt 0.759000 0.498496
vt 0.674000 0.493496
vt 0.674000 0.473496
vt 0.662000 0.452496
vt 0.662000 0.464496
vt 0.686000 0.417496
vt 0.674000 0.424496
vt 0.643000 0.479496
vt 0.723000 0.498496
vt 0.710000 0.493496
vt 0.637000 0.468496
vt 0.637000 0.440496
vt 0.625000 0.452496
vt 0.613000 0.468496
vt 0.613000 0.437496
vt 0.601000 0.421496
vt 0.625000 0.409496
vt 0.601000 0.448496
vt 0.606000 0.457496
vt 0.601000 0.413496
vt 0.637000 0.401496
vt 0.601000 0.398496
vt 0.686000 0.397496
vt 0.601000 0.394496
vt 0.601000 0.390496
vt 0.686000 0.393496
vt 0.710000 0.405496
vt 0.674000 0.382496
vt 0.601000 0.378496
vt 0.698000 0.366496
vt 0.649000 0.375496
vt 0.662000 0.367496
vt 0.601000 0.367496
vt 0.723000 0.347496
vt 0.601000 0.355496
vt 0.649000 0.363496
vt 0.674000 0.348496
vt 0.625000 0.352496
vt 0.601000 0.322496
vt 0.637000 0.337496
vt 0.674000 0.321496
vt 0.649000 0.333496
vt 0.723000 0.336496
vt 0.760000 0.336496
vt 0.637000 0.326496
vt 0.662000 0.318496
vt 0.748000 0.317496
vt 0.613000 0.318496
vt 0.601000 0.318496
vt 0.698000 0.299496
vt 0.723000 0.317496
vt 0.674000 0.307496
vt 0.686000 0.303496
vt 0.649000 0.311496
vt 0.637000 0.292496
vt 0.723000 0.303496
vt 0.698000 0.288496
vt 0.601000 0.299496
vt 0.674000 0.270496
vt 0.662000 0.292496
vt 0.686000 0.266496
vt 0.637000 0.277496
vt 0.625000 0.266496
vt 0.601000 0.277496
vt 0.723000 0.258496
vt 0.723000 0.270496
vt 0.649000 0.266496
vt 0.649000 0.255496
vt 0.674000 0.255496
vt 0.601000 0.258496
vt 0.686000 0.255496
vt 0.601000 0.251496
vt 0.649000 0.251496
vt 0.674000 0.251496
vt 0.705000 0.251496
vt 0.729000 0.251496
vt 0.735000 0.266496
vt 0.686000 0.251496
vt 0.748000 0.277496
vt 0.748000 0.262496
vt 0.753000 0.251496
vt 0.760000 0.262496
vt 0.760000 0.303496
vt 0.796000 0.303496
vt 0.772000 0.314496
vt 0.796000 0.321496
vt 0.778000 0.251496
vt 0.796000 0.255496
vt 0.796000 0.295496
vt 0.809000 0.321496
vt 0.809000 0.303496
vt 0.796000 0.251496
vt 0.809000 0.258496
vt 0.809000 0.281496
vt 0.833000 0.303496
vt 0.821000 0.284496
vt 0.833000 0.288496
vt 0.833000 0.266496
vt 0.821000 0.258496
vt 0.809000 0.251496
vt 0.992000 0.258496
vt 0.961000 0.251496
vt 0.943000 0.262496
vt 0.967000 0.285496
vt 0.906000 0.285496
vt 0.906000 0.270496
vt 0.992000 0.303496
vt 0.906000 0.251496
vt 0.955000 0.307496
vt 0.918000 0.292496
vt 0.894000 0.273496
vt 0.894000 0.285496
vt 0.894000 0.262496
vt 0.894000 0.251496
vt 0.906000 0.311496
vt 0.894000 0.307496
vt 0.943000 0.318496
vt 0.955000 0.318496
vt 0.992000 0.318496
vt 0.857000 0.285496
vt 0.870000 0.266496
vt 0.857000 0.296496
vt 0.857000 0.311496
vt 0.857000 0.326496
vt 0.918000 0.322496
vt 0.870000 0.341496
vt 0.943000 0.334496
vt 0.955000 0.334496
vt 0.918000 0.337496
vt 0.851000 0.251496
vt 0.857000 0.258496
vt 0.857000 0.270496
vt 0.833000 0.345496
vt 0.833000 0.333496
vt 0.821000 0.311496
vt 0.796000 0.330496
vt 0.857000 0.363496
vt 0.870000 0.356496
vt 0.845000 0.258496
vt 0.931000 0.349496
vt 0.918000 0.352496
vt 0.809000 0.363496
vt 0.784000 0.352496
vt 0.882000 0.367496
vt 0.833000 0.375496
vt 0.882000 0.378496
vt 0.894000 0.378496
vt 0.931000 0.400496
vt 0.906000 0.390496
vt 0.857000 0.382496
vt 0.918000 0.401496
vt 0.845000 0.405496
vt 0.894000 0.405496
vt 0.771000 0.371496
vt 0.796000 0.397496
vt 0.906000 0.401496
vt 0.931000 0.404496
vt 0.870000 0.409496
vt 0.833000 0.409496
vt 0.918000 0.409496
vt 0.821000 0.413496
vt 0.882000 0.413496
vt 0.796000 0.409496
vt 0.771000 0.390496
vt 0.784000 0.405496
vt 0.784000 0.413496
vt 0.833000 0.417496
vt 0.906000 0.417496
vt 0.918000 0.417496
vt 0.882000 0.430496
vt 0.870000 0.417496
vt 0.894000 0.430496
vt 0.747000 0.401496
vt 0.747000 0.394496
vt 0.747000 0.417496
vt 0.735000 0.413496
vt 0.747000 0.409496
vt 0.809000 0.420496
vt 0.833000 0.421496
vt 0.870000 0.430496
vt 0.882000 0.438496
vt 0.894000 0.438496
vt 0.918000 0.441496
vt 0.698000 0.401496
vt 0.710000 0.409496
vt 0.821000 0.433496
vt 0.906000 0.453496
vt 0.759000 0.420496
vt 0.796000 0.433496
vt 0.857000 0.438496
vt 0.870000 0.438496
vt 0.882000 0.469496
vt 0.870000 0.446496
vt 0.662000 0.405496
vt 0.686000 0.409496
vt 0.771000 0.437496
vt 0.784000 0.445496
vt 0.845000 0.450496
vt 0.845000 0.458496
vt 0.723000 0.417496
vt 0.735000 0.453496
vt 0.710000 0.441496
vt 0.821000 0.465496
vt 0.848000 0.487496
vt 0.710000 0.429496
vt 0.723000 0.438496
vt 0.710000 0.413496
vt 0.698000 0.417496
vt 0.674000 0.421496
vt 0.674000 0.433496
vt 0.698000 0.449496
vt 0.772000 0.473496
vt 0.809000 0.489496
vt 0.662000 0.409496
vt 0.637000 0.417496
vt 0.649000 0.405496
vt 0.649000 0.437496
vt 0.698000 0.465496
vt 0.735000 0.481496
vt 0.674000 0.465496
vt 0.735000 0.489496
vt 0.637000 0.400496
vt 0.649000 0.401496
vt 0.649000 0.449496
vt 0.637000 0.433496
vt 0.686000 0.481496
vt 0.649000 0.457496
vt 0.637000 0.393496
vt 0.600000 0.429496
vt 0.686000 0.498496
vt 0.649000 0.485496
vt 0.613000 0.461496
vt 0.674000 0.378496
vt 0.600000 0.454496
vt 0.612000 0.417496
vt 0.600000 0.417496
vt 0.625000 0.417496
vt 0.612000 0.413496
vt 0.600000 0.401496
vt 0.612000 0.401496
vt 0.710000 0.371496
vt 0.600000 0.397496
vt 0.625000 0.405496
vt 0.612000 0.397496
vt 0.625000 0.400496
vt 0.612000 0.375496
vt 0.600000 0.355496
vt 0.625000 0.359496
vt 0.747000 0.367496
vt 0.637000 0.345496
vt 0.600000 0.337496
vt 0.637000 0.371496
vt 0.649000 0.352496
vt 0.649000 0.326496
vt 0.662000 0.337496
vt 0.662000 0.314496
vt 0.600000 0.311496
vt 0.686000 0.367496
vt 0.698000 0.352496
vt 0.710000 0.337496
vt 0.698000 0.322496
vt 0.600000 0.288496
vt 0.662000 0.300496
vt 0.674000 0.303496
vt 0.747000 0.352496
vt 0.735000 0.326496
vt 0.710000 0.311496
vt 0.674000 0.288496
vt 0.600000 0.270496
vt 0.784000 0.322496
vt 0.674000 0.273496
vt 0.637000 0.273496
vt 0.686000 0.273496
vt 0.686000 0.288496
vt 0.735000 0.303496
vt 0.710000 0.296496
vt 0.771000 0.307496
vt 0.649000 0.258496
vt 0.600000 0.251496
vt 0.723000 0.277496
vt 0.686000 0.258496
vt 0.674000 0.258496
vt 0.723000 0.292496
vt 0.784000 0.292496
vt 0.747000 0.277496
vt 0.723000 0.262496
vt 0.735000 0.262496
vt 0.704000 0.251496
vt 0.759000 0.258496
vt 0.784000 0.284496
vt 0.808000 0.273496
vt 0.808000 0.258496
vt 0.808000 0.251496
vt 0.821000 0.266496
vt 0.821000 0.288496
vt 0.845000 0.270496
vt 0.808000 0.288496
vt 0.809000 0.307496
vt 0.845000 0.285496
vt 0.943000 0.404496
vt 0.943000 0.433496
vt 0.931000 0.453496
vt 0.918000 0.453496
vt 0.918000 0.469496
vt 0.918000 0.485496
vt 0.906000 0.469496
vt 0.956000 0.490496
vt 0.956000 0.433496
vt 0.906000 0.477496
vt 0.992000 0.490496
vt 0.992000 0.462496
vt 0.968000 0.409496
vt 0.956000 0.408496
vt 0.956000 0.404496
vt 0.992000 0.425496
vt 0.992000 0.409496
vt 0.968000 0.404496
vt 0.943000 0.400496
vt 0.956000 0.400496
vt 0.943000 0.390496
vt 0.980000 0.405496
vt 0.956000 0.363496
vt 0.943000 0.363496
vt 0.992000 0.405496
vt 0.980000 0.401496
vt 0.992000 0.397496
vt 0.968000 0.378496
vt 0.992000 0.401496
vt 0.968000 0.341496
vt 0.943000 0.349496
vt 0.992000 0.348496
vn 0.358700 0.858900 -0.365500
vn 0.349200 0.883200 -0.313200
vn 0.361000 0.882000 -0.302900
vn 0.391700 0.839200 -0.377200
vn 0.412200 0.796800 -0.441800
vn 0.424700 0.852600 -0.304600
vn 0.445200 0.803200 -0.395700
vn 0.400700 0.798800 -0.448700
vn 0.364800 0.862100 -0.351600
vn 0.408900 0.753100 -0.515400
vn 0.486900 0.728200 -0.482400
vn 0.379600 0.751400 -0.539700
vn 0.366000 0.808500 -0.460900
vn 0.430400 0.820400 -0.376400
vn 0.274900 0.864600 -0.420600
vn 0.403700 0.687500 -0.603700
vn 0.444200 0.674400 -0.589800
vn 0.494500 0.689200 -0.529600
vn 0.475600 0.722900 -0.501200
vn 0.487400 0.722900 -0.489700
vn 0.166600 0.869600 -0.464800
vn 0.314100 0.818600 -0.480800
vn 0.434100 0.731400 -0.525900
vn 0.610000 0.652000 -0.450400
vn 0.518600 0.730600 -0.444100
vn 0.409000 0.755000 -0.512400
vn 0.517100 0.704900 -0.485400
vn 0.577400 0.686100 -0.442600
vn 0.388300 0.774600 -0.499100
vn 0.484400 0.794200 -0.366900
vn 0.559500 0.769200 -0.308700
vn 0.612400 0.752900 -0.241200
vn 0.569600 0.797200 -0.200000
vn 0.238000 0.925500 -0.294700
vn 0.356300 0.859100 -0.367400
vn 0.703400 0.710700 -0.011600
vn 0.548500 0.833600 -0.065000
vn 0.487000 0.749000 -0.449200
vn 0.342500 0.926700 -0.155000
vn 0.663100 0.741000 0.105400
vn 0.657800 0.749600 0.073600
vn 0.427700 0.903900 0.004500
vn 0.263600 0.963100 -0.055000
vn 0.550700 0.832400 -0.061800
vn 0.696800 0.716100 -0.041200
vn 0.021700 0.955900 -0.292800
vn 0.165000 0.984400 -0.060900
vn 0.312200 0.949800 -0.020000
vn 0.294900 0.952400 0.077600
vn 0.709100 0.670700 -0.217500
vn 0.598500 0.798000 -0.071200
vn 0.634500 0.620700 -0.460600
vn 0.665500 0.635900 -0.390800
vn 0.525400 0.830500 0.185000
vn 0.476400 0.816500 0.326000
vn 0.548000 0.794500 -0.261800
vn 0.213400 0.970500 0.112000
vn 0.085000 0.996300 0.009100
vn -0.032200 0.988500 -0.147700
vn 0.321700 0.868200 0.377800
vn 0.292900 0.916700 0.271800
vn 0.175100 0.963700 0.201400
vn 0.335400 0.861000 0.382300
vn 0.485300 0.749600 0.450100
vn 0.517500 0.741600 0.426800
vn 0.363500 0.897700 0.248900
vn -0.060600 0.988200 0.140600
vn -0.155100 0.986900 -0.043500
vn 0.281300 0.771000 0.571300
vn 0.536100 0.714400 0.449700
vn 0.430600 0.809600 0.399000
vn 0.425500 0.857200 0.290100
vn 0.184600 0.908900 0.373900
vn 0.019900 0.969500 0.244200
vn 0.508400 0.718900 0.474100
vn 0.548600 0.672800 0.496400
vn 0.468700 0.674200 0.570800
vn 0.569300 0.781700 0.254400
vn 0.372800 0.867900 0.328200
vn 0.441600 0.715900 0.540800
vn -0.291400 0.931100 0.219200
vn -0.017100 0.952100 0.305300
vn 0.046700 0.859800 0.508500
vn 0.073600 0.847500 0.525700
vn 0.661400 0.699100 0.271700
vn 0.646800 0.680500 0.344300
vn 0.563700 0.818100 0.113700
vn 0.723700 0.686600 0.069900
vn 0.209600 0.846100 0.490100
vn 0.042900 0.759000 0.649700
vn 0.747700 0.662900 -0.038200
vn 0.062600 0.842500 0.535000
vn -0.045700 0.896600 0.440400
vn -0.007000 0.809300 0.587300
vn 0.692200 0.719700 0.053600
vn 0.371100 0.850200 0.373500
vn 0.062400 0.689500 0.721600
vn 0.135700 0.810900 0.569300
vn 0.268600 0.708100 0.653000
vn 0.302100 0.594400 0.745300
vn 0.701200 0.673700 0.233400
vn 0.720600 0.692700 -0.030100
vn 0.073800 0.521700 0.849900
vn 0.012100 0.721000 0.692800
vn 0.365900 0.583700 0.724900
vn -0.051100 0.751600 0.657600
vn -0.121600 0.595200 0.794300
vn 0.446000 0.539000 0.714500
vn -0.038800 0.367500 0.929200
vn 0.371300 0.366800 0.853000
vn 0.002200 0.218100 0.975900
vn 0.571600 0.568300 0.591900
vn 0.149800 0.348100 0.925400
vn -0.224700 0.325000 0.918600
vn 0.115200 0.416300 0.901900
vn 0.288200 0.465500 0.836800
vn 0.174600 0.173800 0.969200
vn 0.280200 0.324700 0.903400
vn 0.130900 0.567000 0.813200
vn 0.537300 0.551200 0.638400
vn 0.599400 0.503000 0.622700
vn 0.197200 0.309900 0.930100
vn 0.476700 0.469600 0.743100
vn 0.687000 0.444800 0.574600
vn 0.473300 0.562300 0.678000
vn -0.168300 0.490400 0.855100
vn 0.247100 0.333000 0.910000
vn -0.317200 0.238900 0.917800
vn -0.121600 0.415000 0.901700
vn -0.071500 0.572500 0.816800
vn 0.098600 0.487900 0.867300
vn 0.281700 0.478600 0.831600
vn -0.053700 0.841700 0.537300
vn 0.175400 0.662100 0.728600
vn 0.517100 0.493600 0.699300
vn 0.438900 0.503600 0.744100
vn 0.457600 0.531500 0.712800
vn 0.260800 0.787600 0.558300
vn 0.076500 0.855600 0.511900
vn 0.240200 0.684300 0.688500
vn -0.327200 0.729500 0.600600
vn -0.429300 0.791500 0.435100
vn 0.800800 0.416200 0.430800
vn 0.269600 0.700300 0.661000
vn -0.304300 0.713200 0.631400
vn -0.238700 0.912800 0.331400
vn -0.513400 0.816700 0.263400
vn -0.605400 0.600700 0.522200
vn -0.552900 0.762500 0.336100
vn -0.580800 0.505200 0.638300
vn -0.695600 0.480300 0.534200
vn -0.466100 0.622900 0.628300
vn -0.129000 0.739800 0.660300
vn -0.599300 0.516300 0.611700
vn -0.635900 0.456800 0.622000
vn -0.487200 0.702500 0.518800
vn -0.582400 0.515400 0.628600
vn -0.402700 0.846600 0.348000
vn -0.429100 0.795600 0.427700
vn -0.522100 0.462200 0.716700
vn -0.713900 0.476100 0.513500
vn -0.579200 0.535900 0.614300
vn -0.454700 0.570300 0.684100
vn -0.489600 0.744600 0.453700
vn -0.564700 0.642600 0.517900
vn -0.484600 0.573300 0.660600
vn -0.572700 0.697500 0.430700
vn -0.478000 0.752100 0.453800
vn -0.460400 0.842200 0.280600
vn -0.628300 0.636900 0.446700
vn -0.669300 0.598100 0.440800
vn -0.570200 0.813600 0.113200
vn -0.465600 0.884400 -0.033300
vn -0.531300 0.847200 0.002000
vn -0.343400 0.898500 0.273500
vn -0.327700 0.915300 -0.234400
vn -0.438800 0.888000 -0.137900
vn -0.325200 0.944400 0.049300
vn -0.257700 0.929700 0.263100
vn -0.413500 0.910300 0.019100
vn -0.528400 0.830300 0.176800
vn -0.223600 0.971400 -0.079600
vn -0.476300 0.867100 0.146200
vn -0.348900 0.933200 -0.085500
vn -0.421300 0.904400 0.068500
vn -0.148000 0.951200 -0.270800
vn -0.380900 0.878600 -0.288000
vn -0.319100 0.919800 -0.228300
vn -0.343200 0.887300 -0.308200
vn -0.361100 0.830000 -0.425100
vn -0.569100 0.691000 -0.445700
vn -0.479400 0.761000 -0.437100
vn -0.165500 0.893100 -0.418300
vn -0.542700 0.781800 -0.306900
vn 0.029400 0.899300 -0.436400
vn 0.009300 0.909600 -0.415500
vn -0.662400 0.650000 -0.372400
vn -0.590500 0.681400 -0.432500
vn -0.040100 0.855800 -0.515800
vn -0.658100 0.676400 -0.330800
vn -0.603000 0.739800 -0.298600
vn 0.155400 0.811500 -0.563300
vn 0.084300 0.845100 -0.527900
vn -0.208200 0.743000 -0.636100
vn 0.028700 0.787000 -0.616300
vn -0.683800 0.610600 -0.399400
vn -0.445600 0.677400 -0.585300
vn 0.175800 0.756900 -0.629400
vn 0.328700 0.726400 -0.603500
vn -0.615400 0.627000 -0.477700
vn -0.254600 0.755900 -0.603200
vn -0.322300 0.694100 -0.643700
vn 0.172100 0.796800 -0.579300
vn -0.241400 0.742400 -0.625000
vn -0.304300 0.770200 -0.560500
vn -0.507800 0.705300 -0.494700
vn 0.386700 0.772100 -0.504300
vn 0.349800 0.732400 -0.584200
vn -0.299300 0.764500 -0.570900
vn -0.309000 0.810300 -0.497900
vn -0.158500 0.829400 -0.535600
vn -0.318900 0.819500 -0.476100
vn 0.235500 0.832000 -0.502300
vn -0.249700 0.869500 -0.426100
vn -0.297800 0.824600 -0.480900
vn -0.143600 0.845900 -0.513600
vn 0.428000 0.789000 -0.440800
vn 0.206800 0.827900 -0.521400
vn 0.136700 0.775700 -0.616100
vn 0.199700 0.851500 -0.484800
vn -0.096900 0.719300 -0.687900
vn -0.033500 0.795200 -0.605400
vn -0.087000 0.819000 -0.567100
vn -0.215900 0.730500 -0.647900
vn -0.148700 0.764400 -0.627400
vn -0.088200 0.790600 -0.605900
vn -0.193800 0.817500 -0.542300
vn -0.042200 0.907000 -0.419000
vn -0.275300 0.768200 -0.578000
vn -0.193700 0.748100 -0.634700
vn -0.011400 0.718800 -0.695200
vn 0.203300 0.904300 -0.375300
vn 0.294300 0.785400 -0.544500
vn -0.158700 0.780100 -0.605200
vn 0.114700 0.768700 -0.629200
vn 0.264000 0.719700 -0.642100
vn 0.564800 0.718100 -0.406600
vn 0.413100 0.695800 -0.587600
vn 0.616100 0.623800 -0.481000
vn 0.591200 0.604400 -0.534100
vn 0.507400 0.695900 -0.508200
vn 0.213700 0.793600 -0.569700
vn 0.338500 0.906800 -0.251300
vn 0.353500 0.908900 -0.221300
vn 0.352900 0.927700 -0.122000
vn 0.320500 0.944600 -0.070500
vn 0.166200 0.960300 -0.224000
vn 0.270700 0.916900 -0.293300
vn 0.415600 0.908500 0.044000
vn 0.235700 0.970300 0.054700
vn 0.084900 0.989200 -0.119800
vn 0.001100 0.939300 -0.343000
vn -0.077700 0.958100 -0.275600
vn 0.129800 0.908000 -0.398300
vn -0.116700 0.993000 -0.017600
vn -0.183300 0.971300 -0.151800
vn 0.078400 0.985900 0.147700
vn 0.332800 0.928600 0.164000
vn 0.502600 0.845000 0.182800
vn 0.061200 0.932800 -0.355200
vn -0.013000 0.866000 -0.500000
vn -0.011200 0.972600 -0.232200
vn -0.090000 0.990000 -0.108500
vn -0.214800 0.976300 -0.027300
vn -0.157700 0.983100 0.092600
vn -0.287900 0.955500 0.064200
vn 0.046600 0.972000 0.230300
vn 0.352500 0.901800 0.249800
vn -0.312000 0.936600 0.159600
vn 0.388400 0.774600 -0.499100
vn 0.163700 0.804800 -0.570500
vn 0.261600 0.870800 -0.416200
vn -0.135800 0.985400 0.102200
vn -0.076400 0.997000 0.010000
vn 0.048800 0.983500 -0.174400
vn 0.033900 0.999400 0.005500
vn -0.248700 0.945500 0.210200
vn -0.389700 0.911800 0.129500
vn 0.527600 0.733400 -0.428600
vn -0.137800 0.943400 0.301700
vn -0.493200 0.854300 0.163700
vn -0.143900 0.962400 0.230400
vn 0.031400 0.990500 0.134100
vn -0.438800 0.881400 0.175100
vn -0.273000 0.914000 0.300200
vn -0.336100 0.879300 0.337500
vn -0.600800 0.784200 0.155200
vn -0.462600 0.885700 -0.038500
vn -0.473600 0.810400 0.344800
vn -0.388900 0.863800 0.320300
vn -0.561600 0.822200 -0.092500
vn -0.332600 0.942300 -0.037700
vn -0.417700 0.835800 -0.356500
vn -0.000200 0.968000 0.251000
vn -0.184200 0.976200 0.114500
vn -0.561100 0.799400 -0.214800
vn -0.375600 0.387100 -0.842100
vn -0.149900 0.694600 -0.703600
vn -0.284900 0.923300 -0.257500
vn -0.006100 0.125400 -0.992100
vn -0.038000 0.745900 -0.665000
vn 0.278800 0.059700 -0.958500
vn -0.160800 0.977900 -0.134000
vn 0.055600 0.963300 0.262700
vn 0.012200 0.996700 0.079900
vn 0.081200 0.938600 -0.335200
vn 0.262800 0.284500 -0.922000
vn 0.052500 -0.063500 -0.996600
vn -0.267200 0.088400 -0.959600
vn 0.144000 -0.042900 -0.988700
vn 0.412000 -0.191400 -0.890800
vn -0.219400 0.126700 -0.967400
vn 0.282800 0.955800 0.080700
vn 0.220600 0.926200 0.305700
vn 0.182200 0.452600 -0.872900
vn 0.274300 0.743800 -0.609600
vn 0.309500 0.940600 -0.139700
vn 0.290300 -0.155800 -0.944200
vn 0.410200 -0.250400 -0.877000
vn 0.273700 -0.165900 -0.947400
vn -0.130800 0.144900 -0.980800
vn -0.267900 0.186900 -0.945200
vn -0.254600 0.164500 -0.953000
vn 0.461600 0.875800 -0.140700
vn 0.435700 0.879600 0.191200
vn 0.404300 0.827900 -0.388700
vn 0.356600 -0.328800 -0.874500
vn -0.189100 0.176200 -0.966000
vn 0.132400 -0.197700 -0.971300
vn 0.255200 -0.323500 -0.911200
vn 0.233500 -0.085900 -0.968600
vn 0.060200 0.037900 -0.997500
vn -0.154900 0.187300 -0.970000
vn -0.046700 0.168800 -0.984500
vn 0.564900 0.652100 -0.505600
vn 0.459500 0.686300 -0.563700
vn 0.078300 -0.247800 -0.965600
vn 0.207700 -0.127100 -0.969900
vn 0.139400 0.080700 -0.986900
vn -0.036100 0.221800 -0.974400
vn 0.064300 0.020300 -0.997700
vn 0.291000 0.138000 -0.946700
vn 0.278300 0.046700 -0.959400
vn 0.132600 0.208400 -0.969000
vn 0.006300 0.166600 -0.986000
vn -0.036100 -0.301100 -0.952900
vn 0.084800 -0.096700 -0.991700
vn 0.287900 0.502200 -0.815400
vn -0.043100 -0.123100 -0.991500
vn 0.108400 -0.115000 -0.987400
vn 0.557300 0.197300 -0.806500
vn 0.530300 0.277200 -0.801200
vn 0.294600 0.260700 -0.919400
vn 0.150400 0.271800 -0.950500
vn 0.178800 0.199100 -0.963500
vn 0.341100 0.215900 -0.914900
vn 0.398400 0.184400 -0.898500
vn 0.457600 0.259600 -0.850400
vn 0.575600 0.260900 -0.774900
vn 0.604100 0.286200 -0.743700
vn 0.477400 0.240600 -0.845100
vn 0.398600 0.130200 -0.907800
vn 0.354600 0.116600 -0.927700
vn 0.292800 0.048900 -0.954900
vn 0.362500 0.694200 -0.621900
vn 0.636700 0.769800 -0.045300
vn 0.255600 0.138400 -0.956800
vn 0.334700 0.193400 -0.922300
vn 0.177600 -0.029700 -0.983700
vn 0.024600 -0.010300 -0.999600
vn 0.268000 0.850300 0.452900
vn 0.006800 0.034800 -0.999400
vn 0.111700 -0.116100 -0.986900
vn -0.020700 -0.079700 -0.996600
vn -0.040900 -0.035900 -0.998500
vn 0.337500 0.860200 0.382300
vn 0.184900 -0.007800 -0.982700
vn 0.139500 0.394400 -0.908300
vn -0.236300 0.456100 -0.858000
vn 0.359400 0.412100 -0.837300
vn 0.056400 0.636000 -0.769600
vn -0.218800 0.791300 -0.570900
vn -0.374600 0.722000 -0.581700
vn 0.223900 0.919700 0.322400
vn -0.349300 0.914600 0.203800
vn -0.120500 0.210900 -0.970000
vn -0.496000 0.854500 0.154300
vn -0.355900 0.931800 -0.071100
vn -0.299000 0.900200 0.316500
vn -0.137400 0.947100 0.290100
vn -0.006200 0.938600 0.345100
vn 0.130300 0.958400 0.253800
vn 0.065800 0.970100 0.233400
vn -0.019100 0.990600 0.135400
vn 0.265800 0.885900 0.380100
vn 0.285700 0.913100 0.291000
vn 0.095300 0.989800 0.106400
vn 0.274700 0.950600 0.144600
vn 0.105400 0.994200 -0.023300
vn -0.020100 0.999700 0.010600
vn 0.336300 0.888500 0.312200
vn 0.278900 0.934100 0.223100
vn 0.204000 0.974500 0.093900
vn 0.299200 0.954200 0.004400
vn -0.078700 0.982600 -0.168200
vn -0.004900 0.982000 -0.188600
vn 0.247600 0.958000 -0.144900
vn 0.150000 0.975900 0.158200
vn 0.161400 0.986900 0.007400
vn 0.282600 0.951800 -0.119400
vn 0.160000 0.947800 -0.276000
vn -0.092300 0.961000 -0.260700
vn -0.148800 0.939700 -0.308100
vn 0.091700 0.991200 -0.095000
vn -0.045000 0.920000 -0.389400
vn -0.179300 0.923700 -0.338700
vn 0.297100 0.886000 -0.355900
vn 0.390100 0.886500 -0.249000
vn 0.145200 0.971500 -0.187300
vn 0.352600 0.915700 -0.193000
vn 0.067500 0.967400 -0.244000
vn -0.249800 0.863500 -0.438200
vn 0.330300 0.880000 -0.341200
vn 0.302000 0.851100 -0.429400
vn -0.092600 0.871300 -0.481900
vn 0.165800 0.948000 -0.271700
vn -0.025900 0.929200 -0.368600
vn 0.025800 0.914100 -0.404700
vn 0.361000 0.826100 -0.432600
vn 0.097600 0.872100 -0.479500
vn -0.152900 0.826000 -0.542600
vn -0.129700 0.880000 -0.456900
vn 0.029700 0.867700 -0.496300
vn 0.110800 0.811600 -0.573700
vn 0.213800 0.793600 -0.569700
vn 0.508600 0.747900 -0.426700
vn 0.384600 0.845000 -0.371600
vn 0.441100 0.820900 -0.362700
vn 0.080400 0.899800 -0.428900
vn 0.142700 0.940400 -0.308700
vn 0.319000 0.895200 -0.311200
vn 0.340800 0.326600 -0.881600
vn 0.330900 0.056100 -0.942000
vn 0.242700 0.052700 -0.968700
vn -0.049200 0.114300 -0.992200
vn 0.101900 0.048200 -0.993600
vn 0.271700 -0.009500 -0.962300
vn 0.080000 0.076500 -0.993900
vn 0.446200 0.010000 -0.894900
vn 0.361600 0.001000 -0.932300
vn 0.572700 0.018300 -0.819600
vn 0.657900 0.047200 -0.751600
vn 0.107000 0.044800 -0.993200
vn 0.693100 0.032500 -0.720100
vn 0.662500 0.034600 -0.748300
vn 0.511500 0.069000 -0.856500
vn 0.750900 0.135100 -0.646400
vn 0.809300 0.339400 -0.479400
vn 0.345100 -0.072800 -0.935700
vn 0.448500 0.410000 -0.794200
vn 0.565200 0.678700 -0.468900
vn 0.557100 0.830100 -0.022800
vn 0.645400 0.722400 0.248200
vn 0.130000 0.886500 0.444100
vn 0.461600 0.873800 0.152800
vn 0.549300 0.683200 0.481100
vn 0.512100 0.761400 0.397600
vn 0.101300 0.916000 0.388200
vn 0.367000 0.706400 0.605300
vn 0.289300 0.523200 0.801600
vn 0.561200 0.584000 0.586600
vn 0.675400 0.613100 0.409800
vn 0.319400 0.304800 0.897300
vn 0.474700 0.832300 0.286200
vn 0.172700 0.933400 0.314600
vn 0.607700 0.740900 0.285800
vn 0.627500 0.685200 0.369900
vn 0.616400 0.760100 0.205800
usemtl Model001_Material005
s 1
f 769/674/757 770/675/758 771/676/759
f 772/677/760 769/674/757 771/676/759
f 773/678/761 769/674/757 772/677/760
f 772/677/760 771/676/759 774/679/762
f 774/679/762 775/680/763 772/677/760
f 772/677/760 776/681/764 773/678/761
f 776/681/764 772/677/760 775/680/763
f 775/680/763 774/679/762 777/682/765
f 778/683/766 773/678/761 776/681/764
f 776/681/764 779/684/767 778/683/766
f 775/680/763 779/684/767 776/681/764
f 780/685/768 773/678/761 778/683/766
f 779/684/767 775/680/763 781/686/769
f 782/687/770 781/686/769 775/680/763
f 777/682/765 782/687/770 775/680/763
f 782/687/770 777/682/765 783/688/771
f 783/688/771 781/686/769 782/687/770
f 784/689/772 780/685/768 778/683/766
f 778/683/766 785/690/773 784/689/772
f 779/684/767 785/690/773 778/683/766
f 785/690/773 779/684/767 786/691/774
f 781/686/769 787/692/775 779/684/767
f 787/692/775 786/691/774 779/684/767
f 788/693/776 785/690/773 786/691/774
f 785/690/773 788/693/776 784/689/772
f 781/686/769 783/688/771 789/694/777
f 789/694/777 790/695/778 781/686/769
f 787/692/775 781/686/769 791/696/779
f 790/695/778 791/696/779 781/686/769
f 792/697/780 787/692/775 791/696/779
f 786/691/774 787/692/775 792/697/780
f 784/689/772 788/693/776 793/698/781
f 786/691/774 794/699/782 788/693/776
f 795/700/783 786/691/774 792/697/780
f 794/699/782 786/691/774 795/700/783
f 796/701/784 792/697/780 791/696/779
f 791/696/779 790/695/778 796/701/784
f 790/695/778 789/694/777 797/702/785
f 797/702/785 796/701/784 790/695/778
f 794/699/782 795/700/783 798/703/786
f 792/697/780 798/703/786 795/700/783
f 788/693/776 794/699/782 799/704/787
f 788/693/776 799/704/787 800/705/788
f 801/706/789 793/698/781 788/693/776
f 788/693/776 800/705/788 801/706/789
f 794/699/782 798/703/786 802/707/790
f 803/708/791 794/699/782 802/707/790
f 803/708/791 799/704/787 794/699/782
f 804/709/792 800/705/788 799/704/787
f 800/705/788 804/709/792 801/706/789
f 805/710/793 799/704/787 803/708/791
f 799/704/787 805/710/793 804/709/792
f 796/701/784 797/702/785 806/711/794
f 802/707/790 807/712/795 803/708/791
f 803/708/791 807/712/795 805/710/793
f 808/713/796 801/706/789 804/709/792
f 804/709/792 809/714/797 808/713/796
f 809/714/797 804/709/792 805/710/793
f 805/710/793 810/715/798 809/714/797
f 805/710/793 807/712/795 810/715/798
f 811/716/799 807/712/795 802/707/790
f 807/712/795 811/716/799 810/715/798
f 812/717/800 809/714/797 810/715/798
f 812/717/800 810/715/798 811/716/799
f 813/718/801 808/713/796 809/714/797
f 812/717/800 813/718/801 809/714/797
f 811/716/799 802/707/790 814/719/802
f 814/719/802 815/720/803 811/716/799
f 811/716/799 816/721/804 812/717/800
f 811/716/799 815/720/803 816/721/804
f 817/722/805 816/721/804 815/720/803
f 817/722/805 812/717/800 816/721/804
f 818/723/806 813/718/801 812/717/800
f 812/717/800 817/722/805 819/724/807
f 812/717/800 819/724/807 818/723/806
f 813/718/801 818/723/806 820/725/808
f 821/726/809 818/723/806 819/724/807
f 818/723/806 821/726/809 820/725/808
f 822/727/810 821/726/809 819/724/807
f 819/724/807 823/728/811 822/727/810
f 823/728/811 819/724/807 817/722/805
f 821/726/809 822/727/810 824/729/812
f 824/729/812 820/725/808 821/726/809
f 815/720/803 825/730/813 817/722/805
f 815/720/803 826/731/814 825/730/813
f 826/731/814 815/720/803 827/732/815
f 814/719/802 827/732/815 815/720/803
f 817/722/805 828/733/816 823/728/811
f 829/734/817 828/733/816 817/722/805
f 825/730/813 829/734/817 817/722/805
f 830/735/818 825/730/813 826/731/814
f 825/730/813 830/735/818 829/734/817
f 831/736/819 824/729/812 822/727/810
f 822/727/810 832/737/820 831/736/819
f 832/737/820 822/727/810 823/728/811
f 833/738/821 823/728/811 828/733/816
f 823/728/811 833/738/821 832/737/820
f 824/729/812 831/736/819 834/739/822
f 830/735/818 826/731/814 835/740/823
f 826/731/814 827/732/815 836/741/824
f 835/740/823 826/731/814 836/741/824
f 831/736/819 832/737/820 837/742/825
f 837/742/825 834/739/822 831/736/819
f 832/737/820 838/743/826 837/742/825
f 832/737/820 833/738/821 838/743/826
f 828/733/816 839/744/827 833/738/821
f 828/733/816 840/745/828 839/744/827
f 840/745/828 828/733/816 829/734/817
f 829/734/817 841/746/829 840/745/828
f 830/735/818 841/746/829 829/734/817
f 841/746/829 830/735/818 842/747/830
f 842/747/830 830/735/818 835/740/823
f 833/738/821 839/744/827 843/748/831
f 843/748/831 844/749/832 833/738/821
f 844/749/832 838/743/826 833/738/821
f 838/743/826 845/750/833 837/742/825
f 845/750/833 838/743/826 844/749/832
f 839/744/827 846/751/834 843/748/831
f 839/744/827 840/745/828 846/751/834
f 843/748/831 845/750/833 844/749/832
f 847/752/835 840/745/828 841/746/829
f 840/745/828 847/752/835 846/751/834
f 848/753/836 837/742/825 845/750/833
f 848/753/836 845/750/833 843/748/831
f 835/740/823 849/754/837 842/747/830
f 849/754/837 850/755/838 842/747/830
f 842/747/830 850/755/838 841/746/829
f 851/756/839 841/746/829 850/755/838
f 852/757/840 847/752/835 841/746/829
f 841/746/829 851/756/839 852/757/840
f 853/758/841 843/748/831 846/751/834
f 854/759/842 848/753/836 843/748/831
f 843/748/831 853/758/841 854/759/842
f 855/760/843 846/751/834 847/752/835
f 856/761/844 853/758/841 846/751/834
f 846/751/834 855/760/843 856/761/844
f 857/762/845 855/760/843 847/752/835
f 857/762/845 847/752/835 852/757/840
f 852/757/840 858/763/846 857/762/845
f 851/756/839 858/763/846 852/757/840
f 859/764/847 854/759/842 853/758/841
f 853/758/841 856/761/844 859/764/847
f 850/755/838 860/765/848 851/756/839
f 861/766/849 850/755/838 849/754/837
f 850/755/838 861/766/849 860/765/848
f 862/767/850 851/756/839 860/765/848
f 851/756/839 862/767/850 858/763/846
f 856/761/844 863/768/851 859/764/847
f 863/768/851 856/761/844 855/760/843
f 864/769/852 855/760/843 857/762/845
f 855/760/843 864/769/852 863/768/851
f 857/762/845 865/770/853 864/769/852
f 865/770/853 857/762/845 858/763/846
f 858/763/846 862/767/850 866/771/854
f 867/772/855 865/770/853 858/763/846
f 858/763/846 866/771/854 867/772/855
f 864/769/852 865/770/853 868/773/856
f 868/773/856 863/768/851 864/769/852
f 863/768/851 868/773/856 869/774/857
f 863/768/851 869/774/857 859/764/847
f 859/764/847 869/774/857 870/775/858
f 865/770/853 867/772/855 871/776/859
f 871/776/859 868/773/856 865/770/853
f 872/777/860 866/771/854 862/767/850
f 873/778/861 867/772/855 866/771/854
f 866/771/854 872/777/860 873/778/861
f 874/779/862 862/767/850 860/765/848
f 862/767/850 875/780/863 872/777/860
f 875/780/863 862/767/850 874/779/862
f 871/776/859 867/772/855 876/781/864
f 876/781/864 867/772/855 873/778/861
f 872/777/860 875/780/863 877/782/865
f 872/777/860 877/782/865 873/778/861
f 878/783/866 869/774/857 868/773/856
f 868/773/856 879/784/867 878/783/866
f 868/773/856 871/776/859 879/784/867
f 869/774/857 878/783/866 880/785/868
f 880/785/868 870/775/858 869/774/857
f 881/786/869 879/784/867 871/776/859
f 876/781/864 881/786/869 871/776/859
f 875/780/863 882/787/870 877/782/865
f 882/787/870 875/780/863 874/779/862
f 873/778/861 877/782/865 883/788/871
f 884/789/872 876/781/864 873/778/861
f 883/788/871 884/789/872 873/778/861
f 885/790/873 880/785/868 878/783/866
f 885/790/873 878/783/866 879/784/867
f 879/784/867 886/791/874 885/790/873
f 879/784/867 881/786/869 886/791/874
f 881/786/869 876/781/864 886/791/874
f 883/788/871 887/792/875 884/789/872
f 887/792/875 876/781/864 884/789/872
f 876/781/864 887/792/875 888/793/876
f 888/793/876 889/794/877 876/781/864
f 886/791/874 876/781/864 889/794/877
f 890/795/878 885/790/873 886/791/874
f 891/796/879 890/795/878 886/791/874
f 886/791/874 889/794/877 891/796/879
f 889/794/877 888/793/876 892/797/880
f 892/797/880 891/796/879 889/794/877
f 893/798/881 888/793/876 887/792/875
f 888/793/876 893/798/881 892/797/880
f 894/799/882 887/792/875 883/788/871
f 895/800/883 883/788/871 877/782/865
f 896/801/884 877/782/865 882/787/870
f 882/787/870 897/802/885 896/801/884
f 897/802/885 882/787/870 898/803/886
f 882/787/870 874/779/862 898/803/886
f 897/802/885 898/803/886 899/804/887
f 899/804/887 898/803/886 900/805/888
f 901/806/889 898/803/886 874/779/862
f 898/803/886 901/806/889 902/807/890
f 902/807/890 900/805/888 898/803/886
f 860/765/848 901/806/889 874/779/862
f 901/806/889 860/765/848 902/807/890
f 899/804/887 900/805/888 903/808/891
f 904/809/892 900/805/888 902/807/890
f 905/810/893 903/808/891 900/805/888
f 900/805/888 904/809/892 905/810/893
f 902/807/890 860/765/848 861/766/849
f 906/811/894 904/809/892 902/807/890
f 907/812/895 906/811/894 902/807/890
f 861/766/849 907/812/895 902/807/890
f 906/811/894 908/813/896 904/809/892
f 905/810/893 904/809/892 908/813/896
f 906/811/894 907/812/895 909/814/897
f 908/813/896 906/811/894 909/814/897
f 905/810/893 908/813/896 909/814/897
f 909/814/897 907/812/895 910/815/898
f 907/812/895 861/766/849 910/815/898
f 911/816/899 903/808/891 905/810/893
f 911/816/899 905/810/893 912/817/900
f 909/814/897 913/818/901 905/810/893
f 912/817/900 905/810/893 913/818/901
f 914/819/902 910/815/898 861/766/849
f 849/754/837 914/819/902 861/766/849
f 910/815/898 914/819/902 915/820/903
f 914/819/902 849/754/837 915/820/903
f 909/814/897 910/815/898 916/821/904
f 917/822/905 916/821/904 910/815/898
f 910/815/898 915/820/903 917/822/905
f 915/820/903 849/754/837 917/822/905
f 918/823/906 909/814/897 916/821/904
f 919/824/907 909/814/897 918/823/906
f 909/814/897 919/824/907 913/818/901
f 920/825/908 913/818/901 919/824/907
f 913/818/901 920/825/908 912/817/900
f 921/826/909 912/817/900 920/825/908
f 919/824/907 918/823/906 922/827/910
f 916/821/904 923/828/911 918/823/906
f 922/827/910 918/823/906 923/828/911
f 916/821/904 917/822/905 924/829/912
f 924/829/912 925/830/913 916/821/904
f 925/830/913 923/828/911 916/821/904
f 926/831/914 917/822/905 849/754/837
f 926/831/914 927/832/915 917/822/905
f 924/829/912 917/822/905 927/832/915
f 925/830/913 928/833/916 923/828/911
f 923/828/911 928/833/916 922/827/910
f 929/834/917 920/825/908 919/824/907
f 930/835/918 919/824/907 922/827/910
f 929/834/917 919/824/907 930/835/918
f 928/833/916 925/830/913 931/836/919
f 925/830/913 924/829/912 931/836/919
f 924/829/912 927/832/915 932/837/920
f 924/829/912 932/837/920 933/838/921
f 931/836/919 924/829/912 933/838/921
f 928/833/916 931/836/919 934/839/922
f 931/836/919 933/838/921 934/839/922
f 935/840/923 932/837/920 927/832/915
f 935/840/923 933/838/921 932/837/920
f 936/841/924 935/840/923 927/832/915
f 937/842/925 927/832/915 926/831/914
f 937/842/925 936/841/924 927/832/915
f 933/838/921 935/840/923 938/843/926
f 936/841/924 938/843/926 935/840/923
f 939/844/927 934/839/922 933/838/921
f 938/843/926 939/844/927 933/838/921
f 936/841/924 937/842/925 940/845/928
f 941/846/929 940/845/928 937/842/925
f 940/845/928 941/846/929 942/847/930
f 941/846/929 937/842/925 943/848/931
f 943/848/931 937/842/925 926/831/914
f 941/846/929 944/849/932 942/847/930
f 945/850/933 944/849/932 941/846/929
f 945/850/933 941/846/929 946/851/934
f 943/848/931 946/851/934 941/846/929
f 943/848/931 926/831/914 947/852/935
f 946/851/934 943/848/931 947/852/935
f 849/754/837 947/852/935 926/831/914
f 849/754/837 835/740/823 947/852/935
f 947/852/935 835/740/823 946/851/934
f 946/851/934 948/853/936 945/850/933
f 948/853/936 946/851/934 836/741/824
f 836/741/824 946/851/934 835/740/823
f 945/850/933 948/853/936 949/854/937
f 950/855/938 948/853/936 836/741/824
f 951/856/939 949/854/937 948/853/936
f 952/857/940 951/856/939 948/853/936
f 952/857/940 948/853/936 950/855/938
f 953/858/941 949/854/937 951/856/939
f 951/856/939 952/857/940 953/858/941
f 827/732/815 950/855/938 836/741/824
f 954/859/942 950/855/938 827/732/815
f 954/859/942 952/857/940 950/855/938
f 955/860/943 953/858/941 952/857/940
f 952/857/940 954/859/942 956/861/944
f 952/857/940 956/861/944 955/860/943
f 827/732/815 814/719/802 954/859/942
f 957/862/945 956/861/944 954/859/942
f 958/863/946 955/860/943 956/861/944
f 956/861/944 957/862/945 958/863/946
f 959/864/947 955/860/943 958/863/946
f 958/863/946 960/865/948 959/864/947
f 960/865/948 958/863/946 957/862/945
f 961/866/949 957/862/945 954/859/942
f 957/862/945 962/867/950 960/865/948
f 957/862/945 961/866/949 962/867/950
f 961/866/949 954/859/942 963/868/951
f 963/868/951 954/859/942 964/869/952
f 964/869/952 954/859/942 814/719/802
f 960/865/948 965/870/953 959/864/947
f 965/870/953 960/865/948 962/867/950
f 966/871/954 962/867/950 961/866/949
f 962/867/950 966/871/954 965/870/953
f 967/872/955 964/869/952 814/719/802
f 964/869/952 967/872/955 963/868/951
f 965/870/953 966/871/954 968/873/956
f 968/873/956 959/864/947 965/870/953
f 959/864/947 968/873/956 969/874/957
f 970/875/958 961/866/949 963/868/951
f 971/876/959 963/868/951 967/872/955
f 970/875/958 963/868/951 971/876/959
f 961/866/949 972/877/960 966/871/954
f 972/877/960 961/866/949 973/878/961
f 961/866/949 970/875/958 973/878/961
f 968/873/956 974/879/962 969/874/957
f 974/879/962 968/873/956 966/871/954
f 966/871/954 972/877/960 975/880/963
f 975/880/963 974/879/962 966/871/954
f 971/876/959 976/881/964 970/875/958
f 976/881/964 971/876/959 967/872/955
f 977/882/965 970/875/958 976/881/964
f 970/875/958 977/882/965 973/878/961
f 978/883/966 969/874/957 974/879/962
f 975/880/963 978/883/966 974/879/962
f 979/884/967 972/877/960 973/878/961
f 972/877/960 979/884/967 980/885/968
f 972/877/960 980/885/968 975/880/963
f 973/878/961 981/886/969 979/884/967
f 981/886/969 973/878/961 977/882/965
f 982/887/970 980/885/968 979/884/967
f 980/885/968 982/887/970 975/880/963
f 983/888/971 975/880/963 982/887/970
f 975/880/963 983/888/971 984/889/972
f 984/889/972 978/883/966 975/880/963
f 977/882/965 985/890/973 981/886/969
f 985/890/973 977/882/965 986/891/974
f 977/882/965 976/881/964 986/891/974
f 982/887/970 979/884/967 987/892/975
f 982/887/970 987/892/975 983/888/971
f 988/893/976 987/892/975 979/884/967
f 979/884/967 989/894/977 988/893/976
f 989/894/977 979/884/967 981/886/969
f 988/893/976 983/888/971 987/892/975
f 983/888/971 988/893/976 990/895/978
f 990/895/978 984/889/972 983/888/971
f 991/896/979 981/886/969 985/890/973
f 981/886/969 991/896/979 989/894/977
f 992/897/980 990/895/978 988/893/976
f 988/893/976 993/898/981 992/897/980
f 993/898/981 988/893/976 989/894/977
f 989/894/977 994/899/982 993/898/981
f 994/899/982 989/894/977 991/896/979
f 995/900/983 991/896/979 985/890/973
f 985/890/973 996/901/984 995/900/983
f 996/901/984 985/890/973 997/902/985
f 985/890/973 986/891/974 997/902/985
f 991/896/979 998/903/986 994/899/982
f 991/896/979 995/900/983 998/903/986
f 976/881/964 997/902/985 986/891/974
f 976/881/964 999/904/987 997/902/985
f 999/904/987 1000/905/988 997/902/985
f 996/901/984 997/902/985 1000/905/988
f 1000/905/988 1001/906/989 996/901/984
f 1001/906/989 1000/905/988 1002/907/990
f 999/904/987 1002/907/990 1000/905/988
f 999/904/987 976/881/964 1003/908/991
f 999/904/987 1004/909/992 1002/907/990
f 999/904/987 1003/908/991 1004/909/992
f 967/872/955 1003/908/991 976/881/964
f 1005/910/993 1004/909/992 1003/908/991
f 1003/908/991 967/872/955 1005/910/993
f 1006/911/994 1005/910/993 967/872/955
f 1006/911/994 1004/909/992 1005/910/993
f 1002/907/990 1007/912/995 1001/906/989
f 1007/912/995 1002/907/990 1008/913/996
f 1009/914/997 1002/907/990 1004/909/992
f 1008/913/996 1002/907/990 1009/914/997
f 1004/909/992 1006/911/994 1010/915/998
f 1009/914/997 1004/909/992 1011/916/999
f 1010/915/998 1011/916/999 1004/909/992
f 814/719/802 1006/911/994 967/872/955
f 802/707/790 1010/915/998 1006/911/994
f 1006/911/994 814/719/802 802/707/790
f 1011/916/999 1010/915/998 798/703/786
f 802/707/790 798/703/786 1010/915/998
f 1008/913/996 1012/917/1000 1007/912/995
f 1008/913/996 1009/914/997 1013/918/1001
f 1012/917/1000 1008/913/996 1013/918/1001
f 1014/919/1002 1013/918/1001 1009/914/997
f 1011/916/999 1014/919/1002 1009/914/997
f 798/703/786 1015/920/1003 1011/916/999
f 1014/919/1002 1011/916/999 1016/921/1004
f 1015/920/1003 1016/921/1004 1011/916/999
f 1015/920/1003 798/703/786 792/697/780
f 1017/922/1005 1015/920/1003 792/697/780
f 1015/920/1003 1017/922/1005 1016/921/1004
f 1017/922/1005 1018/923/1006 1016/921/1004
f 1014/919/1002 1016/921/1004 1018/923/1006
f 1018/923/1006 1017/922/1005 792/697/780
f 1014/919/1002 1019/924/1007 1013/918/1001
f 1019/924/1007 1014/919/1002 1018/923/1006
f 1013/918/1001 1020/925/1008 1012/917/1000
f 1020/925/1008 1013/918/1001 1019/924/1007
f 792/697/780 796/701/784 1018/923/1006
f 1018/923/1006 796/701/784 1019/924/1007
f 1019/924/1007 806/711/794 1020/925/1008
f 806/711/794 1019/924/1007 796/701/784
f 1021/926/1009 1022/927/759 770/675/758
f 1022/927/759 1021/926/1009 1023/928/1010
f 1021/926/1009 1024/678/1011 1023/928/1010
f 1023/928/1010 774/679/762 1022/927/759
f 1025/929/1012 1023/928/1010 1024/678/1011
f 1023/928/1010 1025/929/1012 1026/930/1013
f 1023/928/1010 1026/930/1013 1027/931/1014
f 774/679/762 1023/928/1010 1027/931/1014
f 1025/929/1012 1024/678/1011 1028/932/1015
f 1027/931/1014 1029/933/765 774/679/762
f 1028/932/1015 1030/934/1016 1025/929/1012
f 1030/934/1016 1031/935/1017 1025/929/1012
f 1031/935/1017 1026/930/1013 1025/929/1012
f 1027/931/1014 1026/930/1013 1032/936/1018
f 1026/930/1013 1031/935/1017 1033/937/1019
f 1033/937/1019 1032/936/1018 1026/930/1013
f 1029/933/765 1027/931/1014 1034/938/1020
f 1032/936/1018 1034/938/1020 1027/931/1014
f 1034/938/1020 1035/939/771 1029/933/765
f 1031/935/1017 1030/934/1016 1036/940/1021
f 1031/935/1017 1036/940/1021 1037/941/1022
f 1037/941/1022 1033/937/1019 1031/935/1017
f 1030/934/1016 1038/942/1023 1036/940/1021
f 1039/943/1024 1030/934/1016 1028/932/1015
f 1030/934/1016 1039/943/1024 1038/942/1023
f 1028/932/1015 1040/944/1025 1039/943/1024
f 1032/936/1018 1033/937/1019 1041/945/1026
f 1041/945/1026 1042/946/1027 1032/936/1018
f 1034/938/1020 1032/936/1018 1042/946/1027
f 1037/941/1022 1043/947/1028 1033/937/1019
f 1043/947/1028 1041/945/1026 1033/937/1019
f 1034/938/1020 789/694/777 1035/939/771
f 789/694/777 1034/938/1020 1042/946/1027
f 1044/948/1029 1043/947/1028 1037/941/1022
f 1037/941/1022 1036/940/1021 1045/949/1030
f 1045/949/1030 1044/948/1029 1037/941/1022
f 1046/950/1031 1036/940/1021 1038/942/1023
f 1036/940/1021 1047/951/1032 1045/949/1030
f 1047/951/1032 1036/940/1021 1046/950/1031
f 1038/942/1023 1048/952/1033 1046/950/1031
f 1048/952/1033 1038/942/1023 1039/943/1024
f 1049/953/1034 1039/943/1024 1040/944/1025
f 1039/943/1024 1049/953/1034 1048/952/1033
f 1050/954/1035 1046/950/1031 1048/952/1033
f 1046/950/1031 1050/954/1035 1047/951/1032
f 1042/946/1027 1051/955/1036 789/694/777
f 1051/955/1036 1042/946/1027 1052/956/1037
f 1053/957/1038 1052/956/1037 1042/946/1027
f 1041/945/1026 1053/957/1038 1042/946/1027
f 1045/949/1030 1047/951/1032 1054/958/1039
f 1054/958/1039 1055/959/1040 1045/949/1030
f 1055/959/1040 1044/948/1029 1045/949/1030
f 1043/947/1028 1044/948/1029 1056/960/1041
f 1044/948/1029 1055/959/1040 1057/961/1042
f 1057/961/1042 1056/960/1041 1044/948/1029
f 1054/958/1039 1057/961/1042 1055/959/1040
f 1058/962/1043 1054/958/1039 1047/951/1032
f 1058/962/1043 1047/951/1032 1059/963/1044
f 1059/963/1044 1047/951/1032 1050/954/1035
f 1051/955/1036 1052/956/1037 1060/964/1045
f 1052/956/1037 1053/957/1038 1060/964/1045
f 1048/952/1033 1061/965/1046 1050/954/1035
f 1062/966/1047 1050/954/1035 1061/965/1046
f 1050/954/1035 1062/966/1047 1059/963/1044
f 1063/967/1048 1054/958/1039 1058/962/1043
f 1057/961/1042 1054/958/1039 1064/968/1049
f 1054/958/1039 1063/967/1048 1064/968/1049
f 1065/969/1050 1059/963/1044 1062/966/1047
f 1058/962/1043 1059/963/1044 1065/969/1050
f 1063/967/1048 1058/962/1043 1066/970/1051
f 1067/971/1052 1066/970/1051 1058/962/1043
f 1058/962/1043 1065/969/1050 1067/971/1052
f 1065/969/1050 1062/966/1047 1068/972/1053
f 1068/972/1053 1067/971/1052 1065/969/1050
f 1069/973/1054 1068/972/1053 1062/966/1047
f 1061/965/1046 1069/973/1054 1062/966/1047
f 1067/971/1052 1068/972/1053 1070/974/1055
f 1069/973/1054 1070/974/1055 1068/972/1053
f 1070/974/1055 1071/975/1056 1067/971/1052
f 1066/970/1051 1067/971/1052 1071/975/1056
f 1071/975/1056 1070/974/1055 1072/976/1057
f 1069/973/1054 1072/976/1057 1070/974/1055
f 1066/970/1051 1073/977/1058 1063/967/1048
f 1074/978/1059 1073/977/1058 1066/970/1051
f 1071/975/1056 1074/978/1059 1066/970/1051
f 1075/979/1060 1064/968/1049 1063/967/1048
f 1075/979/1060 1063/967/1048 1076/980/1061
f 1073/977/1058 1076/980/1061 1063/967/1048
f 1074/978/1059 1071/975/1056 1077/981/1062
f 1071/975/1056 1072/976/1057 1077/981/1062
f 1072/976/1057 1069/973/1054 1078/982/1063
f 1077/981/1062 1072/976/1057 1078/982/1063
f 1078/982/1063 1074/978/1059 1077/981/1062
f 1073/977/1058 1074/978/1059 1079/983/1064
f 1080/984/1065 1073/977/1058 1079/983/1064
f 1076/980/1061 1073/977/1058 1080/984/1065
f 1074/978/1059 1078/982/1063 1081/985/1066
f 1081/985/1066 1079/983/1064 1074/978/1059
f 1080/984/1065 1079/983/1064 1082/986/1067
f 1083/987/1068 1082/986/1067 1079/983/1064
f 1081/985/1066 1083/987/1068 1079/983/1064
f 1084/988/1069 1080/984/1065 1082/986/1067
f 1080/984/1065 1084/988/1069 1076/980/1061
f 1076/980/1061 1085/989/1070 1075/979/1060
f 1086/990/1071 1076/980/1061 1084/988/1069
f 1076/980/1061 1086/990/1071 1085/989/1070
f 1082/986/1067 1087/991/1072 1084/988/1069
f 1084/988/1069 1087/991/1072 1086/990/1071
f 1087/991/1072 1082/986/1067 1088/992/1073
f 1082/986/1067 1083/987/1068 1088/992/1073
f 1083/987/1068 1081/985/1066 1089/993/1074
f 1090/994/1075 1089/993/1074 1081/985/1066
f 1078/982/1063 1090/994/1075 1081/985/1066
f 1089/993/1074 1091/995/1076 1083/987/1068
f 1092/996/1077 1083/987/1068 1091/995/1076
f 1092/996/1077 1088/992/1073 1083/987/1068
f 1091/995/1076 1089/993/1074 1093/997/1078
f 1090/994/1075 1093/997/1078 1089/993/1074
f 1094/998/1079 1086/990/1071 1087/991/1072
f 1086/990/1071 1094/998/1079 1095/999/1080
f 1095/999/1080 1085/989/1070 1086/990/1071
f 1088/992/1073 1096/1000/1081 1087/991/1072
f 1097/1001/1082 1087/991/1072 1096/1000/1081
f 1098/1002/1083 1087/991/1072 1097/1001/1082
f 1087/991/1072 1098/1002/1083 1094/998/1079
f 1096/1000/1081 1088/992/1073 1099/1003/1084
f 1100/1004/1085 1099/1003/1084 1088/992/1073
f 1092/996/1077 1100/1004/1085 1088/992/1073
f 1100/1004/1085 1092/996/1077 1101/1005/1086
f 1091/995/1076 1101/1005/1086 1092/996/1077
f 1101/1005/1086 1091/995/1076 1102/1006/1087
f 1103/1007/1088 1102/1006/1087 1091/995/1076
f 1091/995/1076 1093/997/1078 1103/1007/1088
f 1093/997/1078 1090/994/1075 1104/1008/1089
f 1104/1008/1089 1103/1007/1088 1093/997/1078
f 1098/1002/1083 1105/852/1090 1094/998/1079
f 1094/998/1079 1106/1009/1091 1095/999/1080
f 1106/1009/1091 1094/998/1079 1105/852/1090
f 1098/1002/1083 1107/1010/1092 1105/852/1090
f 1107/1010/1092 1098/1002/1083 1097/1001/1082
f 1101/1005/1086 1108/1011/1093 1100/1004/1085
f 1099/1003/1084 1100/1004/1085 1108/1011/1093
f 1109/1012/1094 1102/1006/1087 1103/1007/1088
f 1103/1007/1088 1104/1008/1089 1109/1012/1094
f 1099/1003/1084 1110/1013/1095 1096/1000/1081
f 1110/1013/1095 1099/1003/1084 1111/1014/1096
f 1108/1011/1093 1111/1014/1096 1099/1003/1084
f 1108/1011/1093 1101/1005/1086 1112/1015/1097
f 1112/1015/1097 1101/1005/1086 1113/1016/1098
f 1102/1006/1087 1113/1016/1098 1101/1005/1086
f 1112/1015/1097 1111/1014/1096 1108/1011/1093
f 1109/1012/1094 1114/1017/1099 1102/1006/1087
f 1102/1006/1087 1115/1018/1100 1113/1016/1098
f 1115/1018/1100 1102/1006/1087 1114/1017/1099
f 1112/1015/1097 1113/1016/1098 1115/1018/1100
f 1105/852/1090 1116/1019/1101 1106/1009/1091
f 1116/1019/1101 1105/852/1090 1117/1020/1102
f 1107/1010/1092 1117/1020/1102 1105/852/1090
f 1111/1014/1096 1118/1021/1103 1110/1013/1095
f 1118/1021/1103 1111/1014/1096 1119/1022/1104
f 1112/1015/1097 1119/1022/1104 1111/1014/1096
f 1119/1022/1104 1112/1015/1097 1120/1023/1105
f 1115/1018/1100 1120/1023/1105 1112/1015/1097
f 1121/1024/1106 1115/1018/1100 1114/1017/1099
f 1120/1023/1105 1115/1018/1100 1121/1024/1106
f 1122/1025/1107 1110/1013/1095 1118/1021/1103
f 1122/1025/1107 1096/1000/1081 1110/1013/1095
f 1120/1023/1105 1123/1026/1108 1119/1022/1104
f 1119/1022/1104 1124/1027/1109 1118/1021/1103
f 1124/1027/1109 1119/1022/1104 1123/1026/1108
f 1120/1023/1105 1125/1028/1110 1123/1026/1108
f 1121/1024/1106 1125/1028/1110 1120/1023/1105
f 1114/1017/1099 1126/1029/1111 1121/1024/1106
f 1125/1028/1110 1121/1024/1106 1126/1029/1111
f 1118/1021/1103 1127/1030/1112 1122/1025/1107
f 1118/1021/1103 1128/1031/1113 1127/1030/1112
f 1128/1031/1113 1118/1021/1103 1124/1027/1109
f 1096/1000/1081 1122/1025/1107 1097/1001/1082
f 1129/1032/1114 1097/1001/1082 1122/1025/1107
f 1122/1025/1107 1130/1033/1115 1129/1032/1114
f 1130/1033/1115 1122/1025/1107 1127/1030/1112
f 1130/1033/1115 1127/1030/1112 1131/1034/1116
f 1131/1034/1116 1127/1030/1112 1128/1031/1113
f 1128/1031/1113 1124/1027/1109 1131/1034/1116
f 1124/1027/1109 1132/1035/1117 1131/1034/1116
f 1124/1027/1109 1133/1036/1118 1132/1035/1117
f 1123/1026/1108 1133/1036/1118 1124/1027/1109
f 1123/1026/1108 1125/1028/1110 1134/1037/1119
f 1133/1036/1118 1123/1026/1108 1134/1037/1119
f 1134/1037/1119 1125/1028/1110 1135/1038/1120
f 1126/1029/1111 1135/1038/1120 1125/1028/1110
f 1136/1039/1121 1129/1032/1114 1130/1033/1115
f 1130/1033/1115 1131/1034/1116 1136/1039/1121
f 1097/1001/1082 1129/1032/1114 1107/1010/1092
f 1129/1032/1114 1136/1039/1121 1117/1020/1102
f 1117/1020/1102 1107/1010/1092 1129/1032/1114
f 1133/1036/1118 1134/1037/1119 1137/817/1122
f 1135/1038/1120 1137/817/1122 1134/1037/1119
f 1138/1040/1123 1131/1034/1116 1132/1035/1117
f 1139/1041/1124 1136/1039/1121 1131/1034/1116
f 1131/1034/1116 1138/1040/1123 1139/1041/1124
f 1132/1035/1117 1140/1042/1125 1138/1040/1123
f 1133/1036/1118 1140/1042/1125 1132/1035/1117
f 1117/1020/1102 1136/1039/1121 1116/1019/1101
f 1139/1041/1124 1116/1019/1101 1136/1039/1121
f 1140/1042/1125 1133/1036/1118 1141/1043/1126
f 1142/1044/1127 1141/1043/1126 1133/1036/1118
f 1137/817/1122 1142/1044/1127 1133/1036/1118
f 1142/1044/1127 1143/1045/1128 1141/1043/1126
f 1141/1043/1126 1143/1045/1128 1140/1042/1125
f 1143/1045/1128 1142/1044/1127 1144/1046/1129
f 1137/817/1122 1144/1046/1129 1142/1044/1127
f 1144/1046/1129 1137/817/1122 1145/826/1130
f 1139/1041/1124 1138/1040/1123 1146/1047/1131
f 1116/1019/1101 1139/1041/1124 1147/1048/1132
f 1146/1047/1131 1147/1048/1132 1139/1041/1124
f 1148/1049/1133 1140/1042/1125 1143/1045/1128
f 1149/1050/1134 1140/1042/1125 1148/1049/1133
f 1149/1050/1134 1138/1040/1123 1140/1042/1125
f 1144/1046/1129 1150/1051/1135 1143/1045/1128
f 1144/1046/1129 1145/826/1130 1150/1051/1135
f 1143/1045/1128 1151/1052/1136 1148/1049/1133
f 1151/1052/1136 1143/1045/1128 1150/1051/1135
f 1147/1048/1132 1106/1009/1091 1116/1019/1101
f 1106/1009/1091 1147/1048/1132 1152/1053/1137
f 1147/1048/1132 1146/1047/1131 1152/1053/1137
f 1153/1054/1138 1148/1049/1133 1151/1052/1136
f 1153/1054/1138 1149/1050/1134 1148/1049/1133
f 1145/826/1130 1154/1055/1139 1150/1051/1135
f 1155/1056/1140 1150/1051/1135 1154/1055/1139
f 1155/1056/1140 1151/1052/1136 1150/1051/1135
f 1151/1052/1136 1156/1057/1141 1153/1054/1138
f 1156/1057/1141 1151/1052/1136 1155/1056/1140
f 1106/1009/1091 1152/1053/1137 1157/1058/1142
f 1157/1058/1142 1095/999/1080 1106/1009/1091
f 1158/1059/1143 1153/1054/1138 1156/1057/1141
f 1149/1050/1134 1153/1054/1138 1159/1060/1144
f 1159/1060/1144 1153/1054/1138 1160/1061/1145
f 1159/1060/1144 1161/1062/1146 1149/1050/1134
f 1160/1061/1145 1162/1063/1147 1159/1060/1144
f 1161/1062/1146 1159/1060/1144 1162/1063/1147
f 1162/1063/1147 1160/1061/1145 1163/1064/1148
f 1161/1062/1146 1162/1063/1147 1164/1065/1149
f 1163/1064/1148 1164/1065/1149 1162/1063/1147
f 1157/1058/1142 1165/1066/1150 1095/999/1080
f 1085/989/1070 1095/999/1080 1165/1066/1150
f 1164/1065/1149 1163/1064/1148 1166/1067/1151
f 1164/1065/1149 1167/1068/1152 1161/1062/1146
f 1166/1067/1151 1168/1069/1153 1164/1065/1149
f 1169/1070/1154 1164/1065/1149 1168/1069/1153
f 1164/1065/1149 1169/1070/1154 1167/1068/1152
f 1166/1067/1151 1170/1071/1155 1168/1069/1153
f 1169/1070/1154 1168/1069/1153 1170/1071/1155
f 1138/1040/1123 1161/1062/1146 1167/1068/1152
f 1138/1040/1123 1149/1050/1134 1161/1062/1146
f 1167/1068/1152 1146/1047/1131 1138/1040/1123
f 1146/1047/1131 1167/1068/1152 1169/1070/1154
f 1166/1067/1151 1171/1072/1156 1170/1071/1155
f 1170/1071/1155 1172/1073/1157 1169/1070/1154
f 1170/1071/1155 1171/1072/1156 1172/1073/1157
f 1152/1053/1137 1169/1070/1154 1172/1073/1157
f 1169/1070/1154 1152/1053/1137 1146/1047/1131
f 1165/1066/1150 1173/1074/1158 1085/989/1070
f 1075/979/1060 1085/989/1070 1173/1074/1158
f 1064/968/1049 1075/979/1060 1173/1074/1158
f 1174/1075/1159 1172/1073/1157 1171/1072/1156
f 1171/1072/1156 1175/1076/1160 1174/1075/1159
f 1172/1073/1157 1176/1077/1161 1152/1053/1137
f 1177/1078/1162 1176/1077/1161 1172/1073/1157
f 1174/1075/1159 1177/1078/1162 1172/1073/1157
f 1157/1058/1142 1152/1053/1137 1176/1077/1161
f 1157/1058/1142 1176/1077/1161 1177/1078/1162
f 1174/1075/1159 1175/1076/1160 1178/1079/1163
f 1174/1075/1159 1178/1079/1163 1179/1080/1164
f 1177/1078/1162 1174/1075/1159 1179/1080/1164
f 1180/1081/1165 1178/1079/1163 1175/1076/1160
f 1180/1081/1165 1179/1080/1164 1178/1079/1163
f 1175/1076/1160 1181/1082/1166 1180/1081/1165
f 1177/1078/1162 1182/1083/1167 1157/1058/1142
f 1182/1083/1167 1177/1078/1162 1183/1084/1168
f 1179/1080/1164 1183/1084/1168 1177/1078/1162
f 1182/1083/1167 1165/1066/1150 1157/1058/1142
f 1183/1084/1168 1165/1066/1150 1182/1083/1167
f 1183/1084/1168 1179/1080/1164 1184/1085/1169
f 1180/1081/1165 1185/1086/1170 1179/1080/1164
f 1185/1086/1170 1184/1085/1169 1179/1080/1164
f 1181/1082/1166 1186/1087/1171 1180/1081/1165
f 1187/1088/1172 1180/1081/1165 1186/1087/1171
f 1180/1081/1165 1187/1088/1172 1188/1089/1173
f 1180/1081/1165 1188/1089/1173 1185/1086/1170
f 1183/1084/1168 1184/1085/1169 1189/1090/1174
f 1189/1090/1174 1173/1074/1158 1183/1084/1168
f 1165/1066/1150 1183/1084/1168 1173/1074/1158
f 1189/1090/1174 1184/1085/1169 1064/968/1049
f 1173/1074/1158 1189/1090/1174 1064/968/1049
f 1057/961/1042 1064/968/1049 1184/1085/1169
f 1184/1085/1169 1190/1091/1175 1057/961/1042
f 1190/1091/1175 1184/1085/1169 1185/1086/1170
f 1185/1086/1170 1188/1089/1173 1191/1092/1176
f 1191/1092/1176 1190/1091/1175 1185/1086/1170
f 1188/1089/1173 1192/1093/1177 1191/1092/1176
f 1192/1093/1177 1188/1089/1173 1187/1088/1172
f 1193/885/1178 1187/1088/1172 1186/1087/1171
f 1187/1088/1172 1193/885/1178 1192/1093/1177
f 1186/1087/1171 1194/1094/1179 1193/885/1178
f 1190/1091/1175 1191/1092/1176 1195/1095/1180
f 1195/1095/1180 1057/961/1042 1190/1091/1175
f 1056/960/1041 1057/961/1042 1195/1095/1180
f 1196/1096/1181 1192/1093/1177 1193/885/1178
f 1193/885/1178 1197/1097/1182 1196/1096/1181
f 1197/1097/1182 1193/885/1178 1194/1094/1179
f 1192/1093/1177 1196/1096/1181 1198/1098/1183
f 1198/1098/1183 1199/1099/1184 1192/1093/1177
f 1199/1099/1184 1191/1092/1176 1192/1093/1177
f 1191/1092/1176 1200/1100/1185 1195/1095/1180
f 1191/1092/1176 1201/1101/1186 1200/1100/1185
f 1191/1092/1176 1199/1099/1184 1201/1101/1186
f 1202/1102/1187 1195/1095/1180 1200/1100/1185
f 1195/1095/1180 1202/1102/1187 1056/960/1041
f 1203/1103/1188 1196/1096/1181 1197/1097/1182
f 1203/1103/1188 1197/1097/1182 1194/1094/1179
f 1203/1103/1188 1194/1094/1179 1204/1104/980
f 1205/1105/1189 1201/1101/1186 1199/1099/1184
f 1199/1099/1184 1198/1098/1183 1205/1105/1189
f 1206/1106/1190 1198/1098/1183 1196/1096/1181
f 1206/1106/1190 1205/1105/1189 1198/1098/1183
f 1196/1096/1181 1203/1103/1188 1207/1107/1191
f 1196/1096/1181 1207/1107/1191 1206/1106/1190
f 1205/1105/1189 1208/1108/1192 1201/1101/1186
f 1208/1108/1192 1200/1100/1185 1201/1101/1186
f 1209/1109/1193 1202/1102/1187 1200/1100/1185
f 1208/1108/1192 1209/1109/1193 1200/1100/1185
f 1204/1104/980 993/898/981 1203/1103/1188
f 994/899/982 1207/1107/1191 1203/1103/1188
f 1203/1103/1188 993/898/981 994/899/982
f 1207/1107/1191 994/899/982 998/903/986
f 998/903/986 1206/1106/1190 1207/1107/1191
f 1208/1108/1192 1210/1110/1194 1209/1109/1193
f 1208/1108/1192 1205/1105/1189 1210/1110/1194
f 1205/1105/1189 1206/1106/1190 1211/1111/1195
f 1205/1105/1189 1211/1111/1195 1212/1112/1196
f 1212/1112/1196 1210/1110/1194 1205/1105/1189
f 1206/1106/1190 998/903/986 1213/1113/983
f 1213/1113/983 1211/1111/1195 1206/1106/1190
f 1211/1111/1195 1213/1113/983 996/901/984
f 996/901/984 1212/1112/1196 1211/1111/1195
f 1210/1110/1194 1212/1112/1196 1214/1114/1197
f 1214/1114/1197 1215/1115/1198 1210/1110/1194
f 1215/1115/1198 1209/1109/1193 1210/1110/1194
f 1212/1112/1196 996/901/984 1001/906/989
f 1001/906/989 1214/1114/1197 1212/1112/1196
f 1215/1115/1198 1214/1114/1197 1216/1116/1199
f 1209/1109/1193 1215/1115/1198 1216/1116/1199
f 1214/1114/1197 1001/906/989 1007/912/995
f 1214/1114/1197 1007/912/995 1012/917/1000
f 1216/1116/1199 1214/1114/1197 1217/1117/1200
f 1012/917/1000 1217/1117/1200 1214/1114/1197
f 1217/1117/1200 1012/917/1000 1218/1118/1201
f 1217/1117/1200 1218/1118/1201 806/711/794
f 1216/1116/1199 1217/1117/1200 1219/1119/1202
f 806/711/794 1219/1119/1202 1217/1117/1200
f 1219/1119/1202 806/711/794 1051/955/1036
f 1051/955/1036 1060/964/1045 1219/1119/1202
f 1219/1119/1202 1220/1120/1203 1216/1116/1199
f 1220/1120/1203 1219/1119/1202 1221/1121/1204
f 1060/964/1045 1221/1121/1204 1219/1119/1202
f 1222/1122/1205 1216/1116/1199 1220/1120/1203
f 1216/1116/1199 1222/1122/1205 1209/1109/1193
f 1223/1123/1206 1209/1109/1193 1222/1122/1205
f 1223/1123/1206 1222/1122/1205 1220/1120/1203
f 1223/1123/1206 1220/1120/1203 1224/1124/1207
f 1221/1121/1204 1224/1124/1207 1220/1120/1203
f 1221/1121/1204 1060/964/1045 1053/957/1038
f 1053/957/1038 1041/945/1026 1221/1121/1204
f 1224/1124/1207 1221/1121/1204 1041/945/1026
f 1224/1124/1207 1043/947/1028 1223/1123/1206
f 1041/945/1026 1043/947/1028 1224/1124/1207
f 1202/1102/1187 1209/1109/1193 1223/1123/1206
f 1223/1123/1206 1056/960/1041 1202/1102/1187
f 1043/947/1028 1056/960/1041 1223/1123/1206
f 1090/994/1075 1078/982/1063 1104/1008/1089
f 1225/1125/1208 1104/1008/1089 1078/982/1063
f 1225/1125/1208 1078/982/1063 1069/973/1054
f 1104/1008/1089 1225/1125/1208 1226/1126/1209
f 1226/1126/1209 1227/1127/1210 1104/1008/1089
f 1227/1127/1210 1228/1128/1211 1104/1008/1089
f 1228/1128/1211 1109/1012/1094 1104/1008/1089
f 1227/1127/1210 1229/1129/1212 1228/1128/1211
f 1109/1012/1094 1228/1128/1211 1229/1129/1212
f 1227/1127/1210 1230/1130/1213 1229/1129/1212
f 1231/1131/1214 1229/1129/1212 1230/1130/1213
f 1229/1129/1212 1231/1131/1214 1109/1012/1094
f 1227/1127/1210 1226/1126/1209 1232/799/1215
f 1232/799/1215 1233/788/1216 1227/1127/1210
f 1230/1130/1213 1227/1127/1210 1233/788/1216
f 1234/1132/1217 1232/799/1215 1226/1126/1209
f 1226/1126/1209 1235/1133/1218 1234/1132/1217
f 1235/1133/1218 1226/1126/1209 1225/1125/1208
f 1114/1017/1099 1109/1012/1094 1231/1131/1214
f 1231/1131/1214 1236/1134/1219 1114/1017/1099
f 1230/1130/1213 1236/1134/1219 1231/1131/1214
f 1230/1130/1213 1126/1029/1111 1236/1134/1219
f 1114/1017/1099 1236/1134/1219 1126/1029/1111
f 1237/1135/1220 1234/1132/1217 1235/1133/1218
f 1238/1136/1221 1237/1135/1220 1235/1133/1218
f 1238/1136/1221 1235/1133/1218 1239/1137/1222
f 1239/1137/1222 1235/1133/1218 1240/1138/1223
f 1225/1125/1208 1240/1138/1223 1235/1133/1218
f 1225/1125/1208 1241/1139/1224 1240/1138/1223
f 1239/1137/1222 1240/1138/1223 1241/1139/1224
f 1242/1140/1225 1238/1136/1221 1239/1137/1222
f 1239/1137/1222 1243/1141/1226 1242/1140/1225
f 1241/1139/1224 1244/1142/1227 1239/1137/1222
f 1243/1141/1226 1239/1137/1222 1244/1142/1227
f 1241/1139/1224 1225/1125/1208 1245/1143/1228
f 1244/1142/1227 1241/1139/1224 1246/1144/1229
f 1245/1143/1228 1246/1144/1229 1241/1139/1224
f 1069/973/1054 1245/1143/1228 1225/1125/1208
f 1069/973/1054 1247/1145/1230 1245/1143/1228
f 1246/1144/1229 1245/1143/1228 1247/1145/1230
f 1244/1142/1227 1248/1146/1231 1243/1141/1226
f 1248/1146/1231 1244/1142/1227 1249/743/1232
f 1246/1144/1229 1249/743/1232 1244/1142/1227
f 1247/1145/1230 1250/1147/1233 1246/1144/1229
f 1249/743/1232 1246/1144/1229 1250/1147/1233
f 1069/973/1054 1251/1148/1234 1247/1145/1230
f 1250/1147/1233 1247/1145/1230 1251/1148/1234
f 1248/1146/1231 1252/1149/1235 1243/1141/1226
f 1249/743/1232 1253/1150/1236 1248/1146/1231
f 1252/1149/1235 1248/1146/1231 1253/1150/1236
f 1069/973/1054 1061/965/1046 1251/1148/1234
f 1249/743/1232 1254/1151/1237 1253/1150/1236
f 1249/743/1232 1255/1152/1238 1254/1151/1237
f 1250/1147/1233 1255/1152/1238 1249/743/1232
f 1256/1153/1239 1253/1150/1236 1254/1151/1237
f 1253/1150/1236 1256/1153/1239 1252/1149/1235
f 1257/1154/1240 1250/1147/1233 1251/1148/1234
f 1251/1148/1234 1258/1155/1241 1257/1154/1240
f 1258/1155/1241 1251/1148/1234 1061/965/1046
f 1250/1147/1233 1257/1154/1240 1259/1156/1242
f 1255/1152/1238 1250/1147/1233 1260/718/1243
f 1259/1156/1242 1260/718/1243 1250/1147/1233
f 1255/1152/1238 1260/718/1243 1254/1151/1237
f 1048/952/1033 1258/1155/1241 1061/965/1046
f 1049/953/1034 1257/1154/1240 1258/1155/1241
f 1258/1155/1241 1048/952/1033 1049/953/1034
f 1257/1154/1240 1049/953/1034 1040/944/1025
f 1040/944/1025 1261/706/1244 1257/1154/1240
f 1261/706/1244 1259/1156/1242 1257/1154/1240
o Model001_25_apotent!wrong!_1.1_10.002
v -0.039886 1.355822 -0.701753
v -0.033301 1.514751 -0.514081
v -0.039886 1.522087 -0.514694
v -0.033301 1.348486 -0.701140
v -0.039886 1.145540 -0.999443
v -0.026691 1.355822 -0.701753
v -0.026691 1.522087 -0.514694
v -0.026691 1.145540 -0.999443
v -0.033301 1.138817 -0.999443
v -0.039886 1.063628 -1.178552
v -0.033301 1.363158 -0.702367
v -0.033301 1.152876 -1.000056
v -0.033301 1.529423 -0.515307
v -0.033301 1.070351 -1.179153
v -0.026691 1.063628 -1.178552
v -0.033301 1.056906 -1.178552
v -0.038571 0.995776 -1.416952
v -0.039886 1.522087 -0.514694
v -0.039886 1.355822 -0.701753
v -0.039886 1.145540 -0.999443
v -0.039886 1.063628 -1.178552
v -0.031961 1.003111 -1.416952
v -0.025364 0.995776 -1.416952
v -0.031961 0.989052 -1.416952
v -0.037244 0.965216 -1.655352
v -0.038571 0.995776 -1.416952
v -0.030647 0.971939 -1.655352
v -0.024049 0.965216 -1.655352
v -0.030647 0.959095 -1.655352
v -0.037244 0.967045 -1.934087
v -0.037244 0.965216 -1.655352
v -0.030647 0.973767 -1.934087
v -0.024049 0.967045 -1.934087
v -0.030647 0.960935 -1.934087
v -0.033276 0.989052 -2.292306
v -0.026691 0.995776 -2.292306
v -0.039886 0.995776 -2.292306
v -0.037244 0.967045 -1.934087
v -0.039886 0.995776 -2.292306
v -0.033276 1.001885 -2.291080
v 0.425759 1.569772 -0.271412
v 0.424532 1.592994 -0.205850
v 0.452350 1.589326 -0.167955
v 0.514694 1.537986 -0.261622
v 0.595392 1.487860 -0.248177
v 0.693190 1.409616 -0.227395
v 0.496053 1.539200 0.014597
v 0.649787 1.409616 -0.024625
v 0.640010 1.416952 0.043591
v 0.465182 1.562436 0.044618
v 0.588356 1.471961 0.100328
v 0.640623 1.456074 0.175129
v 0.457232 1.583217 0.146861
v 0.648573 1.474402 0.203559
v 0.453263 1.584444 0.181851
v 0.447455 1.578322 0.215628
v 0.647959 1.479297 0.239314
v 0.513480 1.504973 0.286085
v 0.326734 1.564877 0.328875
v 0.615560 1.435280 0.331003
v 0.590196 1.391276 0.377461
v 0.454177 1.412057 0.458159
v 0.518976 1.392502 0.431568
v 0.510112 1.267800 0.561465
v 0.475572 1.328918 0.542512
v 0.420864 1.419393 0.489944
v 0.332843 1.517192 0.428201
v 0.235645 1.600331 0.353625
v 0.401310 1.431624 0.560852
v 0.522944 1.260464 0.627178
v 0.429427 1.402280 0.590497
v 0.356066 1.479297 0.566661
v 0.225868 1.586885 0.421478
v 0.378988 1.447511 0.599060
v 0.301057 1.523314 0.531808
v 0.464881 1.342376 0.613419
v 0.393047 1.405948 0.626564
v 0.507671 1.237843 0.648573
v 0.429427 1.292250 0.644905
v 0.207991 1.541654 0.513167
v 0.275844 1.454847 0.606997
v 0.298153 1.368040 0.688296
v 0.365242 1.423061 0.621369
v 0.386024 1.337481 0.658964
v 0.459072 1.166321 0.701754
v 0.402837 1.237843 0.727417
v 0.176969 1.546536 0.507972
v 0.230300 1.372935 0.752480
v 0.228309 1.432839 0.662018
v 0.273853 1.330145 0.740875
v 0.354538 1.278792 0.739035
v 0.175441 1.360704 0.723762
v 0.108890 1.427956 0.620755
v 0.139449 1.524528 0.524171
v 0.039886 1.508641 0.528753
v -0.040612 1.564877 0.462428
v 0.080923 1.369267 0.703581
v 0.043441 1.432839 0.648573
v 0.058877 1.391276 0.709691
v -0.077781 1.551431 0.487190
v -0.022059 1.517192 0.519890
v 0.015273 1.426729 0.635115
v -0.177269 1.600330 0.455705
v -0.026628 1.375376 0.673636
v -0.089248 1.387607 0.669354
v -0.169633 1.579549 0.486577
v -0.138535 1.449952 0.617388
v -0.230150 1.589326 0.446241
v -0.118668 1.398612 0.671795
v -0.180174 1.463410 0.698699
v -0.207841 1.544095 0.543426
v -0.152970 1.448738 0.691964
v -0.232128 1.489074 0.592325
v -0.207841 1.468292 0.660791
v -0.224341 1.425502 0.674237
v -0.314503 1.410830 0.627779
v -0.327648 1.512309 0.405278
v -0.310985 1.388834 0.655295
v -0.468236 1.371708 0.488417
v -0.476799 1.271468 0.588356
v -0.055747 1.034898 -2.339979
v -0.040724 1.017170 -2.298416
v -0.035279 1.022666 -2.304525
v -0.053143 1.038565 -2.341206
v -0.074839 1.062401 -2.377874
v -0.051228 1.034284 -2.343647
v -0.028994 1.015943 -2.308193
v -0.072210 1.065456 -2.377874
v -0.070219 1.061788 -2.379101
v -0.081611 1.099083 -2.407218
v -0.030734 1.004338 -2.309420
v -0.054370 1.028788 -2.342420
v -0.073161 1.057519 -2.379101
v -0.078169 1.102137 -2.407218
v -0.076103 1.097855 -2.409672
v -0.079771 1.094187 -2.410886
v -0.086419 1.122919 -2.439004
v -0.038721 0.993948 -2.305752
v -0.044743 1.005553 -2.300857
v -0.055747 1.034898 -2.339979
v -0.074839 1.062401 -2.377874
v -0.084816 1.124759 -2.437790
v -0.083978 1.122305 -2.439004
v -0.086419 1.122919 -2.439004
v -0.081611 1.099083 -2.407218
v -0.040724 1.017170 -2.298416
v -0.076979 -0.008475 -2.402336
v -0.090625 -0.015223 -2.401109
v -0.089549 -0.023673 -2.418223
v -0.075878 -0.016925 -2.420664
v -0.127218 0.087871 -2.484248
v -0.158165 0.071096 -2.481794
v -0.131350 0.098413 -2.447567
v -0.162296 0.081687 -2.446341
v -0.089549 -0.023673 -2.418223
v -0.158165 0.071096 -2.481794
v -0.127218 0.087871 -2.484248
v -0.075878 -0.016925 -2.420664
v -0.075878 -0.016925 -2.420664
v -0.131350 0.098413 -2.447567
v -0.076979 -0.008475 -2.402336
v -0.090625 -0.015223 -2.401109
v -0.162296 0.081687 -2.446341
v -0.145183 0.053257 -2.429227
v -0.136007 0.040913 -2.463454
v -0.139149 0.050127 -2.430454
v -0.142892 0.041301 -2.469576
v -0.145108 0.059566 -2.436563
v -0.142354 0.050778 -2.469576
v -0.106825 0.059178 -2.473244
v -0.108803 0.054634 -2.464681
v -0.115000 0.064649 -2.470790
v -0.118968 0.075728 -2.439004
v -0.111332 0.074001 -2.432895
v -0.112784 0.065450 -2.434122
v -0.145183 0.053257 -2.429227
v -0.145108 0.059566 -2.436563
v -0.139149 0.050127 -2.430454
v -0.128595 0.031849 -2.457345
v -0.139061 0.043742 -2.424332
v -0.135093 0.032212 -2.463454
v -0.139149 0.050127 -2.430454
v -0.136007 0.040913 -2.463454
v -0.102919 0.049175 -2.465908
v -0.108803 0.054634 -2.464681
v -0.112784 0.065450 -2.434122
v -0.106587 0.062959 -2.428000
v -0.139061 0.043742 -2.424332
v -0.107739 0.054408 -2.429227
v -0.131274 0.040425 -2.426786
v -0.046270 1.004338 -2.295962
v -0.033276 1.001885 -2.286185
v -0.035604 1.006167 -2.292306
v -0.049325 0.998217 -2.292306
v -0.054520 0.995162 -2.303298
v -0.050740 1.002498 -2.303298
v -0.045431 0.992721 -2.292306
v -0.032537 0.995162 -2.288638
v -0.044705 1.002498 -2.311861
v -0.049738 0.990881 -2.302084
v -0.044280 0.995162 -2.315529
v -0.032049 1.004338 -2.313088
v -0.041676 0.990279 -2.311861
v -0.027942 0.998217 -2.315529
v -0.021508 1.002498 -2.297189
v -0.026453 1.007393 -2.302084
v -0.032537 0.995162 -2.288638
v -0.024274 0.994548 -2.298416
v -0.033276 1.001885 -2.286185
v -0.035604 1.006167 -2.292306
v -0.045431 0.992721 -2.292306
v -0.030296 0.989666 -2.283743
v -0.032537 0.995162 -2.288638
v -0.047522 0.985385 -2.288638
v -0.050427 0.983545 -2.302084
v -0.049738 0.990881 -2.302084
v -0.041951 0.979276 -2.291080
v -0.044167 0.978662 -2.299630
v -0.030183 0.982330 -2.287411
v -0.041676 0.990279 -2.311861
v -0.041563 0.983545 -2.313088
v -0.036581 0.978048 -2.305752
v -0.028381 0.992721 -2.311861
v -0.025902 0.986612 -2.313088
v -0.027216 0.979276 -2.308193
v -0.024274 0.994548 -2.298416
v -0.019167 0.990279 -2.295962
v -0.021070 0.981717 -2.295962
v -0.032537 0.995162 -2.288638
v -0.030296 0.989666 -2.283743
v -0.030183 0.982330 -2.287411
v -0.029345 0.987826 -2.317970
v -0.126617 0.041451 -2.437790
v -0.135243 0.044931 -2.437790
v -0.037995 0.987826 -2.319197
v -0.027680 1.000670 -2.308193
v -0.137083 0.045345 -2.429227
v -0.035266 1.002498 -2.309420
v -0.039961 0.986612 -2.310634
v -0.036543 1.000670 -2.300857
v -0.030158 0.994548 -2.302084
v -0.031097 0.985998 -2.309420
v -0.128370 0.041876 -2.429227
v -0.027680 1.000670 -2.308193
v -0.029345 0.987826 -2.317970
v -0.126617 0.041451 -2.437790
v 1.006166 -0.023673 -2.157815
v 0.989052 -0.008475 -2.148037
v 0.989052 -0.015223 -2.161483
v 1.041006 0.081687 -2.227508
v 1.039178 0.098413 -2.196937
v 1.077073 0.071096 -2.220172
v 1.006166 -0.023673 -2.157815
v 1.075245 0.087871 -2.188386
v 1.006779 -0.016925 -2.144369
v 1.006779 -0.016925 -2.144369
v 1.075245 0.087871 -2.188386
v 1.039178 0.098413 -2.196937
v 1.041006 0.081687 -2.227508
v 0.989052 -0.015223 -2.161483
v 1.023279 0.053257 -2.212836
v 1.056292 0.040913 -2.199390
v 1.023892 0.050127 -2.206727
v 1.063014 0.041301 -2.205500
v 1.030615 0.059566 -2.211609
v 1.063014 0.050778 -2.205500
v 1.061187 0.064649 -2.178596
v 1.062401 0.059178 -2.170046
v 1.055065 0.054634 -2.172487
v 1.029401 0.075728 -2.185932
v 1.022065 0.074001 -2.178596
v 1.023892 0.065450 -2.179823
v 1.023279 0.053257 -2.212836
v 1.030615 0.059566 -2.211609
v 1.023892 0.050127 -2.206727
v 1.017170 0.043742 -2.206727
v 1.048342 0.031849 -2.193269
v 1.019611 0.040424 -2.199390
v 1.055678 0.032187 -2.199390
v 1.054464 0.049175 -2.166378
v 1.056292 0.040913 -2.199390
v 1.055065 0.054634 -2.172487
v 1.023892 0.065450 -2.179823
v 1.017170 0.062959 -2.174941
v 1.018998 0.054408 -2.174941
v 1.047128 0.044356 -2.168819
v 1.017170 0.043742 -2.206727
v 1.023892 0.050127 -2.206727
v 0.839901 0.989666 -2.139474
v 0.852119 0.979276 -2.145596
v 0.842342 0.982330 -2.138260
v 0.853960 0.985385 -2.151705
v 0.846010 0.995162 -2.138260
v 0.860682 0.978662 -2.143142
v 0.855186 0.992721 -2.148037
v 0.866178 0.990881 -2.145596
v -0.414442 1.478070 0.388165
v -0.514694 1.294691 0.570629
v -0.473745 1.419393 0.438591
v -0.499108 1.369267 0.493299
v -0.526925 1.333813 0.512554
v -0.540984 1.259237 0.590797
v -0.495140 1.397385 0.428814
v -0.412001 1.511083 0.326421
v -0.549234 1.280019 0.484136
v -0.560539 1.203616 0.559325
v -0.517448 1.377830 0.419337
v -0.577965 1.180994 0.547407
v -0.655909 1.215834 0.461827
v -0.652241 1.298359 0.390306
v -0.644904 1.386381 0.322452
v -0.591724 1.456074 0.273090
v -0.408333 1.586885 0.207678
v -0.677905 1.113754 0.522031
v -0.692577 1.226225 0.437064
v -0.742703 1.183435 0.468850
v -0.736594 1.103977 0.542812
v -0.734152 1.242738 0.419951
v -0.647959 1.405948 0.293872
v -0.461826 1.570986 0.163361
v -0.589270 1.470746 0.240991
v -0.393360 1.601557 0.140977
v -0.754934 1.139430 0.485663
v -0.751879 1.216448 0.408333
v -0.746371 1.278792 0.362188
v -0.718867 1.357036 0.240541
v -0.779997 1.293465 0.294185
v -0.752480 1.078300 0.530894
v -0.771434 1.147981 0.418110
v -0.753094 1.022666 0.501549
v -0.816665 1.214007 0.347816
v -0.365543 1.606440 0.005070
v -0.688295 1.358263 0.177582
v -0.768380 1.298360 0.257954
v -0.821560 1.228679 0.313589
v -0.885132 1.037338 0.405579
v -0.770207 0.998829 0.495753
v -0.925481 0.987826 0.393661
v -0.779384 1.266574 0.253523
v -0.891241 1.062401 0.341406
v -0.897363 0.952371 0.448369
v -0.833791 0.929762 0.484135
v -0.940153 0.960321 0.384497
v -0.943208 0.907140 0.442873
v -0.932817 0.945035 0.309157
v -0.760430 1.251901 0.151831
v -0.997002 0.774489 0.477100
v -1.003111 0.797724 0.407719
v -0.902245 0.976220 0.179260
v -1.023892 0.720094 0.456631
v -1.014729 0.746985 0.356379
v -0.976821 0.786720 0.194233
v -0.863123 1.048956 0.131650
v -0.897976 0.997002 0.117516
v -0.938926 0.891855 0.157251
v -0.993947 0.827669 0.103307
v -0.965817 0.882691 0.122712
v -0.937098 0.948090 0.104759
v -0.904699 1.011061 0.083590
v -0.963376 0.891855 0.084428
v -0.953598 0.828897 0.045657
v -0.915703 0.922426 0.033238
v -0.836846 1.100309 0.040424
v -0.812997 1.148594 0.088935
v -0.888186 0.995162 -0.017664
v -0.800165 1.161427 0.022635
v -0.745144 1.273910 0.053945
v -0.954212 0.863737 -0.086118
v -0.835006 1.118036 -0.022734
v -0.893695 1.006166 -0.047948
v -0.880850 1.124145 -0.088171
v -0.837459 1.162654 -0.043253
v -0.786106 1.233561 0.009252
v -0.803220 1.217061 -0.031786
v -0.792216 1.218889 -0.066326
v -0.748812 1.286128 0.021320
v -0.927922 1.003725 -0.116677
v -0.916918 1.066683 -0.099251
v -0.980489 0.899191 -0.179109
v -0.941981 0.984771 -0.159242
v -0.648573 1.387607 -0.022459
v -0.729871 1.289796 -0.046308
v -0.819732 1.168162 -0.110718
v -0.872913 1.129641 -0.127681
v -0.917531 1.078300 -0.142429
v -0.702968 1.330145 0.032800
v -0.660791 1.393717 -0.162446
v -0.809329 1.177939 -0.177732
v -0.930976 0.993948 -0.227858
v -0.974380 0.917531 -0.282567
v -0.919972 1.015943 -0.187660
v -0.904086 1.021451 -0.253685
v -0.833791 1.148594 -0.150303
v -0.919371 1.000057 -0.294485
v -0.752480 1.276351 -0.260095
v -0.698085 1.361931 -0.276144
v -0.955426 0.958493 -0.345988
v -0.963989 0.943208 -0.395188
v -0.890640 1.063628 -0.314503
v -0.930976 1.014115 -0.330702
v -0.816665 1.173044 -0.320311
v -0.919371 1.014729 -0.371965
v -0.934644 0.919371 -0.412314
v -0.795884 1.165094 -0.350570
v -0.702367 1.331372 -0.316643
v -0.875968 1.030615 -0.393360
v -0.677304 1.247620 -0.359433
v -0.781825 1.123532 -0.371965
v -0.871686 0.959707 -0.419650
v -0.842342 0.872300 -0.432482
v -0.766539 1.009834 -0.406805
v -0.652841 1.097242 -0.421177
v -0.783665 0.844783 -0.456931
v -0.585301 1.375376 -0.365542
v -0.537929 1.358263 -0.412614
v -0.623810 1.431624 -0.327334
v -0.664459 1.421834 -0.305339
v -0.543125 1.412057 -0.439505
v -0.593864 1.448738 -0.356066
v -0.580719 1.481738 -0.318784
v -0.589270 1.474402 -0.213637
v -0.522644 1.437734 -0.437377
v -0.572770 1.478070 -0.354538
v -0.518976 1.541654 -0.196223
v -0.465182 1.569772 -0.151442
v -0.554429 1.502532 -0.314202
v -0.537617 1.485406 -0.344147
v -0.467022 1.432839 -0.407118
v -0.454791 1.566104 -0.218995
v -0.342933 1.622339 -0.163360
v -0.462740 1.523314 -0.284707
v -0.477413 1.542868 -0.016675
v -0.353324 1.627234 -0.096271
v -0.435236 1.432839 -0.391219
v -0.422704 1.520860 -0.307930
v -0.302735 1.572213 -0.323065
v -0.280426 1.547763 -0.384496
v -0.649173 1.388834 0.117366
v 0.866178 0.983545 -2.146810
v 0.869245 0.990279 -2.134592
v 0.870459 0.983545 -2.133365
v 0.861909 0.978048 -2.133365
v 0.862510 0.992721 -2.122361
v 0.861909 0.986612 -2.119920
v 0.858241 0.979276 -2.123588
v 0.849678 0.994548 -2.126029
v 0.844182 0.990279 -2.123588
v 0.845397 0.981717 -2.124815
v 0.846010 0.995162 -2.138260
v 0.839901 0.989666 -2.139474
v 0.842342 0.982330 -2.138260
v 0.868632 0.987826 -2.119920
v 1.025733 0.041451 -2.188386
v 1.031229 0.044931 -2.195722
v 0.874128 0.987826 -2.127256
v 0.858854 1.000670 -2.124815
v 1.025119 0.045345 -2.201832
v 0.863737 1.002498 -2.129697
v 0.868018 0.986612 -2.133365
v 0.858241 1.000670 -2.135819
v 0.862510 0.985998 -2.126029
v 1.019611 0.041876 -2.194496
v 0.855186 0.994548 -2.129697
v 0.858854 1.000670 -2.124815
v 0.868632 0.987826 -2.119920
v 1.025733 0.041451 -2.188386
v 0.560539 1.380272 -0.381442
v 0.585602 1.221943 -0.566047
v 0.554129 1.374162 -0.381742
v 0.592325 1.228679 -0.565434
v 0.566961 1.374162 -0.379601
v 0.636342 1.047729 -0.860069
v 0.598747 1.221943 -0.563606
v 0.643064 1.054464 -0.858854
v 0.666900 0.987212 -1.036124
v 0.673022 0.993334 -1.035510
v 0.649173 1.047729 -0.857627
v 0.592024 1.215221 -0.564207
v 0.642451 1.041006 -0.858241
v 0.560238 1.366826 -0.379914
v 0.708476 0.954212 -1.271468
v 0.679745 0.987212 -1.033670
v 0.673022 0.980490 -1.034897
v 0.715199 0.960935 -1.270242
v 0.721308 0.954212 -1.269015
v 0.715199 0.948090 -1.270242
v 0.585602 1.221943 -0.566047
v 0.636342 1.047729 -0.860069
v 0.666900 0.987212 -1.036124
v 0.756762 0.955426 -1.504973
v 0.763484 0.949317 -1.503746
v 0.554129 1.374162 -0.381742
v 0.750039 0.949317 -1.506200
v 0.803833 0.970712 -1.778826
v 0.708476 0.954212 -1.271468
v 0.756762 0.942595 -1.504973
v 0.750039 0.949317 -1.506200
v 0.810556 0.963990 -1.777600
v 0.797111 0.963990 -1.780053
v 0.861909 1.001885 -2.132150
v 0.803833 0.957267 -1.780053
v 0.797111 0.963990 -1.780053
v 0.868632 0.995776 -2.130924
v 0.855787 0.995776 -2.133365
v 0.861909 0.989052 -2.133365
v 0.855787 0.995776 -2.133365
v -0.042327 0.993334 -2.270298
v -0.033351 0.986612 -2.269071
v -0.039923 0.992721 -2.266630
v -0.033538 0.984158 -2.273966
v -0.040186 0.993948 -2.275180
v -0.033538 0.986612 -2.277634
v -0.023673 0.993334 -2.271512
v -0.026215 0.992721 -2.266630
v -0.026565 0.993948 -2.276407
v -0.033301 1.003112 -2.270298
v -0.033200 0.999443 -2.265403
v -0.033751 1.000670 -2.275180
v -0.042327 0.993334 -2.270298
v -0.039923 0.992721 -2.266630
v -0.040186 0.993948 -2.275180
v -0.073587 1.059961 -2.374206
v -0.074150 1.058734 -2.371764
v -0.069844 1.063628 -2.372991
v -0.068917 1.060573 -2.370550
v -0.070983 1.052011 -2.375432
v -0.071296 1.056906 -2.370550
v -0.069606 1.052011 -2.371764
v -0.066664 1.056292 -2.372991
v -0.066514 1.058734 -2.375432
v -0.071859 1.055065 -2.376659
v -0.069155 1.059961 -2.376659
v -0.071020 1.063628 -2.375432
v -0.069844 1.063628 -2.372991
v 0.199891 1.623566 0.360661
v 0.241454 1.579549 0.464881
v 0.329175 1.574654 0.326121
v 0.430341 1.473187 0.400997
v 0.477100 1.478070 0.344148
v 0.489331 1.523314 0.279963
v 0.478940 1.569772 0.214100
v 0.505530 1.478070 0.323667
v 0.465182 1.446284 0.408032
v 0.526011 1.372935 0.448682
v 0.445927 1.410830 0.488417
v 0.380528 1.496410 0.422705
v 0.502476 1.333813 0.518062
v 0.420251 1.430397 0.523257
v 0.475885 1.342376 0.603943
v 0.435837 1.407162 0.606396
v 0.354538 1.503746 0.529980
v 0.345375 1.500078 0.563293
v 0.421177 1.418166 0.630232
v 0.416896 1.381498 0.683413
v 0.389692 1.441401 0.646733
v 0.308844 1.478070 0.615861
v 0.277985 1.553872 0.504616
v 0.194846 1.474402 0.616474
v 0.167342 1.555099 0.515921
v 0.156337 1.600330 0.443787
v 0.039623 1.621112 0.382969
v 0.097423 1.545322 0.513781
v 0.127832 1.441401 0.623510
v 0.031210 1.519645 0.539144
v 0.034916 1.429171 0.660178
v -0.085655 1.563650 0.495140
v -0.023060 1.482965 0.579192
v -0.161070 1.599104 0.467936
v -0.027216 1.405948 0.660178
v -0.076141 1.423061 0.640010
v -0.120270 1.479297 0.586216
v -0.171773 1.579549 0.505218
v -0.128295 1.410830 0.679745
v -0.213036 1.618671 0.421778
v -0.174215 1.512309 0.615260
v -0.198364 1.514750 0.619228
v -0.161220 1.448738 0.720094
v -0.181250 1.452406 0.727418
v -0.232290 1.546536 0.533035
v -0.200342 1.442616 0.725590
v -0.238700 1.401053 0.700527
v 0.074075 1.485406 -0.583461
v 0.038609 1.563650 -0.490557
v 0.125466 1.584444 -0.494826
v 0.144870 1.531864 -0.593864
v 0.182465 1.535532 -0.596305
v 0.155799 1.600331 -0.465494
v 0.217468 1.578322 -0.451736
v 0.258117 1.484192 -0.583160
v 0.331616 1.556314 -0.363715
v 0.390919 1.379045 -0.558097
v 0.489030 1.369267 -0.474959
v 0.400696 1.548990 -0.314502
v 0.529366 1.292250 -0.501862
v 0.487803 1.470746 -0.346601
v 0.593551 1.402280 -0.352397
v 0.531808 1.541654 -0.248177
v 0.575524 1.525755 -0.226331
v 0.440732 1.583217 -0.248026
v 0.641850 1.267801 -0.430341
v 0.593551 1.235402 -0.494526
v 0.729258 1.338708 -0.339265
v 0.635728 1.435280 -0.301057
v 0.461826 1.589326 -0.169933
v 0.510726 1.541654 -0.110493
v 0.490245 1.555099 -0.041225
v -0.071133 1.061187 -2.375432
v -0.069768 0.991494 -2.374206
v -0.080998 1.015943 -2.377874
v -0.067590 1.011674 -2.354651
v -0.095745 0.958494 -2.372991
v -0.065900 0.959095 -2.335084
v -0.075490 0.928535 -2.377874
v -0.061318 0.928535 -2.360760
v -0.063234 0.914477 -2.374206
v -0.118818 0.908969 -2.355878
v -0.095670 0.882077 -2.358319
v -0.066213 0.912036 -2.306966
v -0.061318 0.864964 -2.347315
v -0.066826 0.857628 -2.357092
v -0.073236 0.847850 -2.339979
v -0.065787 0.852733 -2.331428
v -0.118743 0.904699 -2.341206
v -0.101091 0.874128 -2.342420
v -0.064185 0.899191 -2.292306
v -0.099864 0.875969 -2.330201
v -0.077480 0.847850 -2.326533
v -0.069768 0.851519 -2.317970
v -0.082287 0.860683 -2.304525
v -0.112709 0.906527 -2.330201
v -0.089624 0.890027 -2.314302
v -0.060592 0.893082 -2.278848
v -0.076291 0.862511 -2.295962
v -0.073662 0.899805 -2.284970
v -0.096509 0.918758 -2.320424
v -0.073812 0.912637 -2.293520
v -0.055322 0.893082 -2.262962
v -0.065449 0.907754 -2.275180
v -0.060016 0.936485 -2.277634
v -0.075840 0.941981 -2.304525
v -0.050927 0.925481 -2.260508
v -0.062845 0.960321 -2.291080
v -0.044893 0.952985 -2.264176
v -0.032762 0.998217 -2.269071
v 0.864964 1.004338 -2.124815
v 0.874741 0.995162 -2.133365
v 0.871686 1.002498 -2.135819
v 0.868018 1.002498 -2.145596
v 0.853346 1.007393 -2.126029
v 0.864964 0.998217 -2.121146
v 0.862510 0.992721 -2.122361
v 0.866178 0.990881 -2.145596
v 0.869245 0.990279 -2.134592
v 0.869846 0.995162 -2.149264
v 0.857014 0.998217 -2.151705
v 0.858854 1.004338 -2.146810
v 0.843569 1.001885 -2.140701
v 0.846623 1.002498 -2.124815
v 0.849678 1.006167 -2.139474
v 0.846010 0.995162 -2.138260
v 0.849678 0.994548 -2.126029
v 0.846010 0.995162 -2.138260
v 0.855186 0.992721 -2.148037
v -0.084816 1.124759 -2.437790
v -0.083978 1.122305 -2.439004
v -0.086419 1.122919 -2.439004
v -0.076942 -0.008475 -2.402336
v -0.127218 0.087871 -2.484248
v -0.076942 -0.008475 -2.402336
v -0.131274 0.040425 -2.426786
v -0.135931 0.040913 -2.463454
v -0.104759 0.044356 -2.458572
v -0.139149 0.050127 -2.430454
v -0.048486 1.003112 -2.299630
v -0.051879 0.996389 -2.298416
v -0.047560 0.991494 -2.297189
v -0.032512 0.995162 -2.288638
v -0.044242 0.995162 -2.315529
v -0.028381 0.992721 -2.311861
v -0.032512 0.995162 -2.288638
v 1.006779 -0.016925 -2.144369
v 1.075245 0.087871 -2.188386
v 1.077073 0.071096 -2.220172
v 0.989052 -0.008475 -2.148037
v 1.023892 0.050127 -2.206727
v 1.019611 0.040424 -2.199390
v -0.071020 1.063628 -2.375432
v -0.069568 1.052011 -2.371764
v -0.068917 1.060573 -2.370550
v -0.205850 1.615001 0.421478
v -0.244822 1.621112 0.314202
v -0.231214 1.541654 0.530894
v -0.334070 1.391276 0.654068
v -0.239313 1.402280 0.701140
v 0.073624 1.487860 -0.585602
v -0.069343 1.432839 -0.643064
v -0.086957 1.562436 -0.495753
v -0.245585 1.550205 -0.543124
v -0.089549 1.443843 -0.684640
v -0.273240 1.394944 -0.674850
v -0.264527 1.302028 -0.766539
v -0.363402 1.327704 -0.664459
v -0.322753 1.248233 -0.776942
v -0.310684 1.541654 -0.414755
v -0.485963 1.273910 -0.558711
v -0.264377 1.668796 -0.131963
v -0.527226 1.539200 -0.260258
v -0.423618 1.424288 -0.455704
v -0.528453 1.443843 -0.437377
v -0.570930 1.484192 -0.341093
v -0.470690 1.122305 -0.599360
v -0.354238 1.169377 -0.792829
v -0.452350 1.592994 -0.106900
v -0.657123 1.501305 -0.146935
v -0.268508 1.671238 0.019192
v -0.670568 1.442616 -0.102768
v -0.548320 1.500078 0.192705
v -0.305639 1.650457 0.161834
v -0.724976 1.330145 -0.028743
v -0.403137 1.568545 0.254449
v -0.745144 1.316700 0.061969
v -0.718253 1.382713 0.224491
v -0.576738 1.481738 0.246650
v -0.601802 1.375376 0.396114
v -0.759216 1.342376 0.315730
v -0.485663 1.354595 0.508285
v -0.830724 1.194439 0.194996
v -0.836846 1.245179 0.328875
v -0.796497 1.223783 0.069769
v 0.849678 1.006167 -2.139474
v 0.843569 1.001885 -2.140701
vt -0.498000 0.501496
vt -0.765000 0.505496
vt -0.765000 0.501496
vt -0.498000 0.505496
vt -0.001000 0.501496
vt -0.498000 0.508496
vt -0.765000 0.508496
vt -0.001000 0.508496
vt -0.001000 0.505496
vt 0.298000 0.501496
vt -0.498000 0.511496
vt -0.001000 0.511496
vt -0.765000 0.511496
vt 0.298000 0.511496
vt 0.298000 0.508496
vt 0.298000 0.505496
vt 0.695000 0.501496
vt -0.765000 0.514496
vt -0.498000 0.514496
vt -0.001000 0.514496
vt 0.298000 0.514496
vt 0.695000 0.511496
vt 0.695000 0.508496
vt 0.695000 0.505496
vt 1.093000 0.501496
vt 0.695000 0.514496
vt 1.093000 0.511496
vt 1.093000 0.508496
vt 1.093000 0.505496
vt 1.557000 0.501496
vt 1.093000 0.514496
vt 1.557000 0.511496
vt 1.557000 0.508496
vt 1.557000 0.505496
vt 2.154000 0.505496
vt 2.154000 0.508496
vt 2.154000 0.501496
vt 1.557000 0.514496
vt 2.154000 0.514496
vt 2.154000 0.511496
vt 0.667000 0.951496
vt 0.687000 0.951496
vt 0.697000 0.955496
vt 0.667000 0.964496
vt 0.667000 0.978496
vt 0.667000 0.996496
vt 0.748000 0.969496
vt 0.728000 0.996496
vt 0.748000 0.996496
vt 0.758000 0.964496
vt 0.768000 0.987496
vt 0.789000 0.996496
vt 0.789000 0.964496
vt 0.798000 0.996496
vt 0.798000 0.964496
vt 0.809000 0.964496
vt 0.809000 0.996496
vt 0.829000 0.978496
vt 0.849000 0.951496
vt 0.839000 0.996496
vt 0.859000 0.996496
vt 0.890000 0.978496
vt 0.880000 0.987496
vt 0.931000 0.996496
vt 0.920000 0.987496
vt 0.900000 0.973496
vt 0.880000 0.955496
vt 0.859000 0.937496
vt 0.920000 0.969496
vt 0.951000 0.996496
vt 0.931000 0.973496
vt 0.920000 0.960496
vt 0.880000 0.937496
vt 0.931000 0.964496
vt 0.910000 0.951496
vt 0.941000 0.983496
vt 0.941000 0.969496
vt 0.961000 0.996496
vt 0.961000 0.983496
vt 0.910000 0.937496
vt 0.941000 0.951496
vt 0.971000 0.960496
vt 0.941000 0.964496
vt 0.961000 0.973496
vt 0.992000 0.996496
vt 0.992000 0.983496
vt 0.910000 0.932496
vt 0.992000 0.951496
vt 0.961000 0.946496
vt 0.992000 0.960496
vt 0.992000 0.973496
vt 0.992000 0.941496
vt 0.961000 0.928496
vt 0.920000 0.928496
vt 0.931000 0.914496
vt 0.910000 0.900496
vt 0.992000 0.928496
vt 0.971000 0.918496
vt 0.992000 0.923496
vt 0.920000 0.896496
vt 0.931000 0.905496
vt 0.971000 0.914496
vt 0.910000 0.880496
vt 0.992000 0.909496
vt 0.992000 0.900496
vt 0.920000 0.882496
vt 0.971000 0.891496
vt 0.910000 0.873496
vt 0.992000 0.896496
vt 0.992000 0.882496
vt 0.941000 0.877496
vt 0.992000 0.886496
vt 0.961000 0.873496
vt 0.981000 0.877496
vt 0.992000 0.873496
vt 0.981000 0.859496
vt 0.910000 0.854496
vt 0.992000 0.859496
vt 0.951000 0.832496
vt 0.992000 0.827496
vt 0.556000 0.551496
vt 0.537000 0.553496
vt 0.539000 0.550496
vt 0.558000 0.550496
vt 0.585000 0.552496
vt 0.558000 0.549496
vt 0.537000 0.548496
vt 0.586000 0.550496
vt 0.585000 0.548496
vt 0.611000 0.552496
vt 0.537000 0.547496
vt 0.555000 0.546496
vt 0.584000 0.546496
vt 0.612000 0.550496
vt 0.612000 0.548496
vt 0.611000 0.546496
vt 0.633000 0.550496
vt 0.535000 0.543496
vt 0.537000 0.540496
vt 0.556000 0.544496
vt 0.584000 0.544496
vt 0.633000 0.549496
vt 0.633000 0.548496
vt 0.633000 0.547496
vt 0.611000 0.544496
vt 0.540000 0.539496
vt 0.599000 0.546496
vt 0.615000 0.546496
vt 0.615000 0.538496
vt 0.599000 0.538496
vt 0.602000 0.558496
vt 0.602000 0.600496
vt 0.618000 0.600496
vt 0.618000 0.558496
vt 0.545000 0.558496
vt 0.563000 0.600496
vt 0.563000 0.558496
vt 0.582000 0.558496
vt 0.582000 0.600496
vt 0.005000 0.507496
vt 0.075000 0.504496
vt 0.015000 0.504496
vt 0.070000 0.507496
vt 0.015000 0.510496
vt 0.075000 0.510496
vt 0.135000 0.507496
vt 0.135000 0.504496
vt 0.135000 0.510496
vt 0.196000 0.510496
vt 0.201000 0.507496
vt 0.196000 0.504496
vt 0.266000 0.507496
vt 0.256000 0.510496
vt 0.256000 0.504496
vt 0.106000 0.510496
vt 0.088000 0.507496
vt 0.093000 0.510496
vt 0.104000 0.507496
vt 0.119000 0.507496
vt 0.121000 0.510496
vt 0.106000 0.504496
vt 0.093000 0.504496
vt 0.121000 0.504496
vt 0.157000 0.510496
vt 0.159000 0.507496
vt 0.183000 0.507496
vt 0.179000 0.510496
vt 0.194000 0.504496
vt 0.179000 0.504496
vt 0.199000 0.507496
vt 0.194000 0.510496
vt 0.157000 0.504496
vt 2.121000 0.514496
vt -0.277000 0.514496
vt -0.277000 0.511496
vt 2.113000 0.511496
vt -0.267000 0.508496
vt 2.145000 0.511496
vt 2.117000 0.508496
vt 2.125000 0.505496
vt -0.267000 0.505496
vt 2.121000 0.501496
vt -0.277000 0.501496
vt 0.545000 0.600496
vt 0.910000 0.841496
vt 0.981000 0.822496
vt 0.931000 0.832496
vt 0.951000 0.827496
vt 0.961000 0.822496
vt 0.992000 0.818496
vt 0.931000 0.827496
vt 0.890000 0.841496
vt 0.961000 0.813496
vt 0.992000 0.809496
vt 0.931000 0.822496
vt 0.992000 0.804496
vt 0.961000 0.795496
vt 0.931000 0.799496
vt 0.900000 0.804496
vt 0.880000 0.813496
vt 0.849000 0.841496
vt 0.992000 0.786496
vt 0.951000 0.790496
vt 0.961000 0.781496
vt 0.992000 0.777496
vt 0.941000 0.786496
vt 0.890000 0.804496
vt 0.839000 0.832496
vt 0.870000 0.813496
vt 0.829000 0.841496
vt 0.971000 0.777496
vt 0.941000 0.781496
vt 0.920000 0.786496
vt 0.880000 0.790496
vt 0.900000 0.781496
vt 0.992000 0.772496
vt 0.951000 0.772496
vt 0.992000 0.763496
vt 0.920000 0.772496
vt 0.789000 0.841496
vt 0.859000 0.790496
vt 0.890000 0.781496
vt 0.910000 0.772496
vt 0.951000 0.749496
vt 0.992000 0.758496
vt 0.951000 0.740496
vt 0.890000 0.777496
vt 0.931000 0.749496
vt 0.971000 0.740496
vt 0.992000 0.745496
vt 0.951000 0.735496
vt 0.971000 0.731496
vt 0.931000 0.731496
vt 0.859000 0.772496
vt 0.992000 0.712496
vt 0.971000 0.712496
vt 0.890000 0.731496
vt 0.992000 0.703496
vt 0.961000 0.703496
vt 0.910000 0.703496
vt 0.870000 0.740496
vt 0.870000 0.731496
vt 0.890000 0.717496
vt 0.880000 0.703496
vt 0.880000 0.712496
vt 0.870000 0.722496
vt 0.859000 0.731496
vt 0.870000 0.712496
vt 0.859000 0.703496
vt 0.849000 0.717496
vt 0.839000 0.745496
vt 0.849000 0.754496
vt 0.829000 0.726496
vt 0.829000 0.754496
vt 0.829000 0.772496
vt 0.819000 0.703496
vt 0.819000 0.745496
vt 0.819000 0.726496
vt 0.798000 0.740496
vt 0.809000 0.749496
vt 0.819000 0.763496
vt 0.809000 0.758496
vt 0.798000 0.758496
vt 0.819000 0.772496
vt 0.798000 0.722496
vt 0.798000 0.731496
vt 0.789000 0.703496
vt 0.789000 0.717496
vt 0.798000 0.790496
vt 0.798000 0.772496
vt 0.789000 0.749496
vt 0.789000 0.740496
vt 0.789000 0.731496
vt 0.819000 0.781496
vt 0.758000 0.786496
vt 0.768000 0.749496
vt 0.768000 0.717496
vt 0.758000 0.703496
vt 0.778000 0.722496
vt 0.758000 0.722496
vt 0.778000 0.745496
vt 0.748000 0.717496
vt 0.738000 0.763496
vt 0.728000 0.777496
vt 0.738000 0.708496
vt 0.728000 0.703496
vt 0.738000 0.726496
vt 0.738000 0.717496
vt 0.728000 0.745496
vt 0.728000 0.717496
vt 0.717000 0.703496
vt 0.717000 0.745496
vt 0.717000 0.772496
vt 0.717000 0.722496
vt 0.697000 0.763496
vt 0.707000 0.740496
vt 0.707000 0.712496
vt 0.687000 0.703496
vt 0.687000 0.726496
vt 0.667000 0.745496
vt 0.667000 0.703496
vt 0.687000 0.786496
vt 0.667000 0.786496
vt 0.707000 0.790496
vt 0.717000 0.786496
vt 0.667000 0.795496
vt 0.697000 0.795496
vt 0.707000 0.799496
vt 0.738000 0.799496
vt 0.667000 0.799496
vt 0.697000 0.799496
vt 0.738000 0.813496
vt 0.748000 0.822496
vt 0.707000 0.804496
vt 0.697000 0.804496
vt 0.667000 0.809496
vt 0.728000 0.822496
vt 0.738000 0.841496
vt 0.707000 0.818496
vt 0.789000 0.822496
vt 0.758000 0.841496
vt 0.667000 0.813496
vt 0.697000 0.822496
vt 0.687000 0.841496
vt 0.667000 0.841496
vt 0.839000 0.795496
vt 0.006000 0.507496
vt 0.031000 0.504496
vt 0.010000 0.504496
vt 0.030000 0.507496
vt 0.010000 0.510496
vt 0.031000 0.510496
vt 0.053000 0.507496
vt 0.053000 0.504496
vt 0.053000 0.510496
vt 0.076000 0.507496
vt 0.100000 0.507496
vt 0.096000 0.504496
vt 0.096000 0.510496
vt 0.140000 0.510496
vt 0.139000 0.507496
vt 0.115000 0.507496
vt 0.120000 0.504496
vt 0.162000 0.507496
vt 0.140000 0.504496
vt 0.162000 0.504496
vt 0.195000 0.504496
vt 0.198000 0.507496
vt 0.162000 0.510496
vt 0.195000 0.510496
vt 0.221000 0.510496
vt 0.226000 0.507496
vt 0.292000 0.942496
vt 0.319000 0.933496
vt 0.276000 0.924496
vt 0.295000 0.903496
vt 0.276000 0.899496
vt 0.256000 0.902496
vt 0.235000 0.908496
vt 0.269000 0.896496
vt 0.295000 0.897496
vt 0.306000 0.884496
vt 0.321000 0.895496
vt 0.303000 0.911496
vt 0.329000 0.882496
vt 0.332000 0.900496
vt 0.354000 0.885496
vt 0.355000 0.896496
vt 0.334000 0.914496
vt 0.343000 0.914496
vt 0.362000 0.899496
vt 0.378000 0.895496
vt 0.367000 0.904496
vt 0.361000 0.916496
vt 0.328000 0.926496
vt 0.373000 0.931496
vt 0.340000 0.940496
vt 0.318000 0.945496
vt 0.312000 0.963496
vt 0.347000 0.949496
vt 0.385000 0.939496
vt 0.363000 0.957496
vt 0.403000 0.950496
vt 0.356000 0.975496
vt 0.382000 0.962496
vt 0.354000 0.987496
vt 0.413000 0.958496
vt 0.409000 0.966496
vt 0.392000 0.975496
vt 0.366000 0.988496
vt 0.424000 0.972496
vt 0.350000 0.996496
vt 0.400000 0.985496
vt 0.404000 0.988496
vt 0.432000 0.980496
vt 0.435000 0.983496
vt 0.386000 0.996496
vt 0.438000 0.986496
vt 0.447000 0.995496
vt 0.030000 0.995496
vt 0.064000 0.996496
vt 0.057000 0.982496
vt 0.025000 0.982496
vt 0.023000 0.978496
vt 0.065000 0.978496
vt 0.064000 0.969496
vt 0.019000 0.966496
vt 0.081000 0.950496
vt 0.014000 0.942496
vt 0.033000 0.926496
vt 0.091000 0.940496
vt 0.018000 0.917496
vt 0.074000 0.927496
vt 0.066000 0.912496
vt 0.105000 0.921496
vt 0.108000 0.915496
vt 0.110000 0.933496
vt 0.034000 0.901496
vt 0.014000 0.905496
vt 0.066000 0.894496
vt 0.082000 0.907496
vt 0.129000 0.928496
vt 0.139000 0.917496
vt 0.158000 0.916496
vt 0.782000 0.857496
vt 0.808000 0.857496
vt 0.808000 0.868496
vt 0.808000 0.846496
vt 0.844000 0.869496
vt 0.844000 0.846496
vt 0.844000 0.862496
vt 0.844000 0.853496
vt 0.844000 0.857496
vt 0.891000 0.869496
vt 0.891000 0.864496
vt 0.891000 0.846496
vt 0.891000 0.855496
vt 0.891000 0.857496
vt 0.877000 0.857496
vt 0.876000 0.855496
vt 0.878000 0.869496
vt 0.877000 0.864496
vt 0.877000 0.846496
vt 0.867000 0.864496
vt 0.867000 0.857496
vt 0.867000 0.855496
vt 0.854000 0.857496
vt 0.866000 0.869496
vt 0.854000 0.864496
vt 0.865000 0.846496
vt 0.854000 0.855496
vt 0.826000 0.857496
vt 0.854000 0.869496
vt 0.826000 0.862496
vt 0.854000 0.846496
vt 0.826000 0.853496
vt 0.826000 0.869496
vt 0.826000 0.846496
vt 0.630000 0.545496
vt 0.627000 0.543496
vt 0.630000 0.543496
vt 0.113000 0.510496
vt 0.112000 0.507496
vt 0.113000 0.504496
vt 0.120000 0.510496
vt 0.221000 0.504496
vt 0.351000 0.996496
vt 0.317000 0.987496
vt 0.020000 0.970496
vt 0.073000 0.978496
vt 0.081000 0.955496
vt 0.018000 0.962496
vt 0.042000 0.938496
vt 0.016000 0.929496
vt 0.051000 0.924496
vt 0.117000 0.949496
vt 0.084000 0.909496
vt 0.192000 0.968496
vt 0.176000 0.927496
vt 0.111000 0.927496
vt 0.130000 0.917496
vt 0.212000 0.942496
vt 0.213000 0.912496
vt 0.232000 0.973496
vt 0.306000 0.938496
vt 0.274000 0.973496
vt 0.307000 0.963496
vt 0.323000 0.937496
vt 0.376000 0.934496
vt 0.363000 0.910496
vt 0.344000 0.883496
vn -0.999800 0.007500 0.019500
vn -0.000800 -0.747400 0.664300
vn -0.937100 0.260900 -0.232000
vn -0.000900 -0.795200 0.606300
vn -0.999300 -0.003500 0.038300
vn 0.999800 0.007600 0.019600
vn 0.936600 0.261800 -0.232700
vn 0.999300 -0.003400 0.038500
vn -0.000900 -0.881400 0.472400
vn -0.999600 -0.007500 0.027500
vn -0.000900 0.771100 -0.636800
vn -0.000900 0.849500 -0.527600
vn -0.001000 0.747400 -0.664300
vn -0.000800 0.929100 -0.369800
vn 0.999400 -0.007100 0.033200
vn -0.000900 -0.946500 0.322800
vn -0.999700 -0.012200 0.021800
vn -0.999800 0.007600 0.019500
vn -0.999300 -0.003500 0.038400
vn -0.999600 -0.007500 0.027600
vn 0.000500 0.974000 -0.226700
vn 0.999400 -0.011400 0.032700
vn -0.000200 -0.984500 0.175400
vn -0.999700 -0.015100 0.020100
vn 0.000400 0.996500 -0.083000
vn 0.999600 -0.014600 0.025500
vn -0.000100 -0.999300 0.037300
vn -0.941100 -0.338000 -0.010600
vn 0.000100 0.999100 0.043300
vn 0.941200 -0.337400 -0.017500
vn -0.000100 -0.999100 -0.042400
vn 0.000100 -0.996900 -0.079100
vn 0.945100 0.326200 0.018700
vn -0.945000 0.325500 0.032600
vn -0.941100 -0.338000 -0.010700
vn 0.000500 0.996900 0.078500
vn 0.423100 0.864300 -0.272100
vn 0.493000 0.822900 -0.282300
vn 0.529200 0.842800 -0.097800
vn 0.447200 0.875700 -0.182300
vn 0.576800 0.816800 -0.004600
vn 0.626200 0.773000 0.101800
vn 0.638700 0.766100 0.071700
vn 0.653900 0.752800 0.075900
vn 0.627600 0.774200 -0.081600
vn 0.632800 0.771200 -0.069700
vn 0.602100 0.776300 -0.186600
vn 0.568700 0.744700 -0.349300
vn 0.570200 0.789500 -0.227000
vn 0.506200 0.855500 -0.108800
vn 0.475700 0.870000 0.129700
vn 0.415400 0.862200 0.290000
vn 0.387300 0.866400 0.315100
vn 0.309500 0.763600 0.566700
vn 0.452400 0.773900 0.443300
vn 0.239100 0.748700 0.618300
vn 0.373900 0.702100 0.606000
vn 0.487700 0.714800 0.501200
vn 0.504800 0.637500 0.582000
vn 0.721000 0.578900 0.380900
vn 0.759700 0.613100 0.217000
vn 0.663700 0.693100 0.281400
vn 0.595000 0.777300 0.204200
vn 0.472800 0.826600 0.305300
vn 0.746600 0.662700 0.058300
vn 0.785200 0.552400 0.279800
vn 0.738800 0.627700 0.245100
vn 0.591600 0.780400 0.202300
vn 0.451700 0.863100 0.226000
vn 0.407800 0.705100 0.580200
vn 0.223300 0.826700 0.516500
vn 0.499300 0.469400 0.728200
vn 0.430600 0.472400 0.769000
vn 0.316200 0.430700 0.845300
vn 0.502200 0.399600 0.766900
vn 0.032300 0.793500 0.607800
vn 0.181200 0.751900 0.633900
vn 0.315000 0.667300 0.674800
vn 0.368200 0.583600 0.723700
vn 0.608000 0.420200 0.673600
vn 0.537200 0.448800 0.714100
vn 0.742900 0.439900 0.504600
vn -0.021500 0.747900 0.663400
vn 0.274200 0.742500 0.611200
vn -0.110600 0.793200 0.598800
vn 0.303900 0.670800 0.676500
vn 0.479200 0.533100 0.697200
vn -0.246100 0.777800 0.578200
vn 0.086400 0.777300 0.623100
vn -0.147000 0.721000 0.677200
vn 0.022400 0.759700 0.649900
vn 0.055300 0.759700 0.647900
vn 0.328800 0.714600 0.617400
vn -0.059600 0.809200 0.584400
vn 0.034500 0.778400 0.626800
vn 0.109900 0.757200 0.643900
vn -0.067100 0.764200 0.641400
vn -0.265100 0.729100 0.631000
vn 0.050900 0.804100 0.592300
vn -0.161100 0.733900 0.659900
vn 0.214000 0.737300 0.640700
vn 0.133100 0.831100 0.540000
vn 0.517000 0.728800 0.449000
vn -0.444700 0.760000 0.474000
vn 0.624900 0.668700 0.402800
vn -0.006700 0.870300 0.492500
vn -0.413700 0.782700 0.465000
vn 0.690500 0.708600 0.145200
vn -0.593700 0.646300 0.479400
vn -0.668400 0.573100 0.474200
vn -0.596300 0.580800 0.554200
vn -0.542800 0.675600 0.498900
vn -0.538900 0.724000 0.430700
vn -0.524100 0.631300 0.571600
vn -0.220400 0.737500 0.638400
vn -0.325600 0.636300 0.699400
vn -0.867700 0.222200 0.444700
vn -0.658700 0.576200 0.483900
vn 0.233600 0.936400 0.261700
vn 0.264700 0.872400 0.410800
vn -0.906900 0.123300 0.403000
vn 0.856500 0.039100 -0.514700
vn 0.863100 0.358300 -0.355900
vn 0.288500 0.698000 0.655400
vn 0.925500 0.009000 -0.378700
vn -0.858300 0.256000 0.444700
vn 0.614300 -0.380600 -0.691200
vn -0.380700 -0.747800 -0.543800
vn -0.319000 -0.766200 -0.557800
vn 0.286800 0.744600 0.602700
vn 0.940300 -0.138100 -0.311000
vn -0.285300 -0.671400 -0.683900
vn -0.832600 -0.018800 -0.553500
vn -0.357400 -0.748500 -0.558600
vn -0.972300 -0.169400 0.160900
vn -0.906900 0.123300 0.402900
vn 0.214400 0.927700 -0.305500
vn 0.783200 0.175400 -0.596600
vn -0.832700 -0.018700 -0.553400
vn 0.684800 -0.335500 0.646900
vn -0.071400 -0.270800 0.960000
vn 0.075000 -0.996700 0.030800
vn 0.971100 -0.218400 -0.096500
vn 0.315700 0.145000 -0.937700
vn -0.716900 0.295400 -0.631500
vn 0.316100 0.852800 0.415700
vn -0.928200 0.037300 0.370300
vn 0.075000 -0.996700 0.030700
vn -0.717000 0.295300 -0.631400
vn 0.971100 -0.218400 -0.096600
vn 0.316200 0.852800 0.415600
vn 0.684900 -0.335500 0.646900
vn 0.316100 0.852800 0.415600
vn -0.928200 0.037300 0.370200
vn -0.071500 -0.270800 0.960000
vn -0.487300 -0.164200 0.857600
vn -0.252100 -0.796300 -0.549800
vn -0.893300 -0.144400 0.425600
vn -0.680400 -0.578800 -0.449400
vn -0.940900 0.285700 0.182000
vn -0.514800 0.112500 -0.849900
vn 0.609900 0.034500 -0.791700
vn 0.790600 -0.056000 -0.609700
vn 0.210600 0.644300 -0.735200
vn 0.055100 0.971700 0.229700
vn 0.745100 0.356900 0.563400
vn 0.438900 0.566200 0.697700
vn -0.487300 -0.164200 0.857700
vn -0.940900 0.285700 0.181900
vn -0.893300 -0.144300 0.425600
vn 0.053800 -0.991500 -0.118900
vn -0.431600 -0.225200 0.873500
vn -0.691000 -0.464300 -0.554000
vn -0.893400 -0.144300 0.425500
vn -0.252200 -0.796400 -0.549700
vn 0.455500 -0.001300 -0.890200
vn 0.790700 -0.056000 -0.609700
vn 0.772700 0.334600 0.539300
vn -0.431700 -0.225200 0.873500
vn 0.548500 -0.202700 0.811200
vn -0.062700 -0.684400 0.726400
vn -0.620000 0.598600 0.507200
vn -0.177600 0.199000 0.963800
vn -0.026900 0.812400 0.582400
vn -0.686300 0.131500 0.715300
vn -0.998800 -0.046700 -0.016100
vn -0.886200 0.456700 -0.078100
vn -0.672100 -0.034700 0.739600
vn 0.421300 0.254400 0.870500
vn -0.649500 0.375900 -0.660900
vn -0.868100 -0.460900 -0.184000
vn -0.420500 -0.192800 -0.886600
vn 0.203000 0.467700 -0.860300
vn -0.450400 -0.445700 -0.773600
vn 0.457000 -0.154300 -0.876000
vn 0.909600 0.190000 0.369400
vn 0.457100 -0.154300 -0.876000
vn 0.719000 0.694200 -0.032200
vn 0.421400 0.254400 0.870500
vn 0.991400 0.110900 0.069200
vn -0.177600 0.199100 0.963800
vn 0.061300 0.112300 0.991800
vn -0.735900 -0.283300 0.615000
vn -0.963400 -0.195100 -0.183600
vn -0.868100 -0.460900 -0.184100
vn -0.353100 -0.591600 0.724800
vn -0.576900 -0.813100 -0.078200
vn 0.451800 -0.331800 0.828100
vn -0.328400 -0.408700 -0.851600
vn -0.132400 -0.743300 -0.655700
vn 0.477400 -0.007700 -0.878700
vn 0.567100 -0.100500 -0.817500
vn 0.660600 -0.433200 -0.613200
vn 0.952000 0.208400 0.224300
vn 0.957500 -0.212800 0.194800
vn 0.061400 0.112400 0.991800
vn 0.451900 -0.331900 0.828000
vn 0.816100 0.085900 -0.571500
vn 0.791700 -0.004000 -0.610900
vn -0.331800 0.151700 -0.931100
vn -0.545100 0.401900 -0.735700
vn 0.842400 0.229500 -0.487600
vn -0.807400 0.008600 0.590000
vn -0.731200 0.482600 -0.482100
vn -0.848700 -0.129200 0.512800
vn -0.857600 -0.136400 0.495900
vn 0.221300 -0.604000 0.765600
vn 0.587700 -0.335200 0.736400
vn 0.801100 -0.155700 0.578000
vn 0.842400 0.229400 -0.487600
vn 0.791700 -0.004000 -0.611000
vn 0.190000 -0.976200 -0.104200
vn -0.726800 -0.318500 0.608600
vn -0.912600 -0.243500 -0.328300
vn -0.268300 0.033100 -0.962800
vn -0.355100 0.921900 0.154800
vn 0.701100 0.307500 -0.643300
vn 0.887300 0.157400 0.433500
vn 0.128600 -0.167400 0.977500
vn 0.887300 0.157500 0.433400
vn -0.268400 0.033100 -0.962700
vn -0.912600 -0.243500 -0.328400
vn -0.785300 -0.180500 -0.592200
vn 0.584500 -0.794900 -0.163000
vn -0.458400 -0.151900 -0.875700
vn 0.721600 -0.455700 -0.521200
vn -0.065600 0.272500 -0.959900
vn 0.791100 0.000000 -0.611700
vn 0.889200 0.402500 0.217400
vn 0.580800 0.031000 0.813500
vn 0.285800 -0.135000 0.948700
vn -0.226000 0.974000 0.013900
vn -0.640400 0.347700 0.684800
vn -0.748400 0.555300 0.362800
vn -0.065600 0.272600 -0.959900
vn -0.810600 -0.275300 -0.516900
vn 0.105700 -0.992600 0.059100
vn -0.669300 -0.734800 -0.109600
vn 0.501700 -0.644500 -0.577000
vn 0.648300 -0.071900 0.758000
vn 0.584500 -0.794800 -0.163100
vn 0.285800 -0.135100 0.948700
vn -0.598700 0.361400 0.714800
vn -0.837900 -0.228800 0.495600
vn -0.037800 -0.374600 0.926400
vn -0.898100 0.085300 -0.431400
vn -0.421600 -0.535800 -0.731500
vn -0.953800 -0.287100 -0.088000
vn -0.137600 -0.049600 -0.989200
vn -0.925200 0.217800 -0.310800
vn 0.379700 -0.811700 -0.443700
vn -0.312400 0.023100 -0.949700
vn 0.552000 -0.377400 -0.743500
vn -0.474100 0.769200 0.428500
vn -0.183700 0.687800 0.702300
vn -0.481900 0.769100 0.419800
vn -0.272100 0.747400 0.606100
vn -0.782600 0.554900 0.282300
vn -0.581200 0.573600 0.577300
vn -0.740300 0.639600 0.207000
vn -0.515200 0.747000 0.420200
vn -0.729800 0.521700 0.441800
vn -0.914800 0.349700 0.202400
vn -0.532800 0.649900 0.542000
vn -0.623800 0.525800 0.578300
vn -0.433600 0.568400 0.699300
vn -0.295500 0.596200 0.746500
vn -0.365800 0.665200 0.650900
vn -0.448200 0.771500 0.451600
vn -0.420000 0.855300 0.303300
vn -0.249200 0.577900 0.777200
vn -0.097300 0.602500 0.792100
vn -0.444100 0.574700 0.687400
vn -0.437900 0.565100 0.699200
vn -0.612600 0.582900 0.533800
vn -0.566900 0.726700 0.388100
vn -0.560200 0.828300 0.006300
vn -0.590400 0.785600 0.185000
vn -0.398600 0.916600 0.032700
vn -0.919400 0.237300 0.313600
vn -0.874800 0.352600 0.332300
vn -0.691000 0.528100 0.493600
vn -0.710300 0.696300 -0.102700
vn -0.740100 0.648000 0.179700
vn -0.953800 0.153100 0.258600
vn -0.757000 0.334500 0.561300
vn -0.937000 0.119900 0.328200
vn -0.677900 0.504300 0.535000
vn -0.471300 0.881900 -0.011600
vn -0.756100 0.586600 -0.290300
vn -0.817300 0.470700 -0.332300
vn -0.891300 0.447700 -0.072000
vn -0.572300 0.435000 0.695200
vn -0.512800 0.359300 0.779700
vn -0.818400 0.451800 0.355100
vn -0.853500 0.394200 -0.340700
vn -0.909400 0.379800 -0.169500
vn -0.503500 0.396700 0.767600
vn -0.389500 0.288500 0.874700
vn -0.911700 0.398400 0.100000
vn -0.721700 0.443700 0.531300
vn -0.908900 0.380200 -0.171100
vn -0.845700 0.524400 -0.099000
vn -0.750800 0.412600 0.515800
vn -0.939100 0.343600 -0.006800
vn -0.912200 0.408600 -0.030300
vn -0.946100 0.310800 0.091400
vn -0.943400 0.317300 -0.096400
vn -0.913400 0.391300 0.112500
vn -0.856300 0.494100 0.150400
vn -0.820100 0.477100 0.315700
vn -0.868000 0.380700 0.318800
vn -0.926400 0.359100 0.112900
vn -0.847900 0.411700 0.334000
vn -0.854200 0.472100 0.217700
vn -0.868100 0.495500 -0.028500
vn -0.884600 0.372000 -0.281200
vn -0.907400 0.328600 -0.261900
vn -0.878200 0.371400 -0.301400
vn -0.869100 0.471500 -0.149600
vn -0.855200 0.516900 0.039500
vn -0.905700 0.398800 0.143800
vn -0.896300 0.377900 0.232100
vn -0.843900 0.505400 0.180200
vn -0.905900 0.305900 0.292900
vn -0.842700 0.294500 0.450700
vn -0.849600 0.266500 0.455200
vn -0.768600 0.610600 0.191000
vn -0.849300 0.428900 0.307800
vn -0.863500 0.398100 0.309800
vn -0.825900 0.563800 0.007300
vn -0.720800 0.661300 -0.207600
vn -0.765500 0.629500 0.132900
vn -0.921600 0.204400 0.330000
vn -0.905700 0.323300 0.274400
vn -0.915000 0.388600 0.108500
vn -0.923600 0.382700 -0.023400
vn -0.713100 0.701000 -0.012000
vn -0.754700 0.643200 -0.129000
vn -0.704900 0.680800 -0.198900
vn -0.689600 0.718300 -0.092400
vn -0.814100 0.509200 -0.279200
vn -0.745200 0.661400 0.085200
vn -0.759600 0.639800 0.116800
vn -0.822300 0.569000 0.003700
vn -0.824400 0.563900 -0.049300
vn -0.861000 0.508300 0.018500
vn -0.800500 0.481000 -0.357400
vn -0.818800 0.570000 -0.068000
vn -0.681300 0.691500 -0.240000
vn -0.841400 0.515000 0.164000
vn -0.849300 0.524700 0.058400
vn -0.846900 0.530100 -0.042100
vn -0.883700 0.464800 0.055800
vn -0.760700 0.545400 -0.351800
vn -0.823100 0.562000 0.081500
vn -0.862000 0.496200 0.103800
vn -0.778200 0.562100 -0.280100
vn -0.691800 0.556400 -0.460100
vn -0.302800 0.309700 -0.901300
vn -0.444500 0.461400 -0.767800
vn -0.611900 0.403700 -0.680100
vn -0.339200 0.404500 -0.849300
vn -0.412800 0.329400 -0.849200
vn -0.205300 0.326400 -0.922700
vn -0.116600 0.241100 -0.963500
vn -0.123700 0.186000 -0.974700
vn -0.176000 0.264200 -0.948300
vn -0.362400 0.283100 -0.888000
vn -0.294400 0.305600 -0.905500
vn -0.662400 0.096800 -0.742900
vn -0.644500 0.096100 -0.758600
vn -0.597400 0.374100 -0.709400
vn -0.744400 0.615500 -0.258900
vn -0.788300 0.046800 -0.613500
vn -0.752100 0.390800 -0.530700
vn -0.588000 0.760900 -0.274400
vn -0.670000 0.723700 0.165400
vn -0.371600 0.731200 -0.572100
vn -0.297100 0.850200 -0.434600
vn -0.549700 0.835300 -0.007100
vn -0.585600 0.803400 0.108100
vn -0.188300 0.889500 -0.416400
vn -0.041000 0.893600 -0.446900
vn 0.199900 0.850800 -0.485900
vn -0.294400 0.876000 -0.382100
vn -0.370400 0.912000 -0.176100
vn -0.062300 0.803100 -0.592500
vn -0.592300 0.805200 0.028300
vn -0.474400 0.879500 0.037300
vn -0.178600 0.735900 -0.653100
vn -0.367800 0.744200 -0.557500
vn -0.356600 0.819800 -0.448000
vn -0.427900 0.724200 -0.540700
vn -0.725900 0.685800 -0.052800
vn 0.756500 -0.295200 -0.583500
vn 0.968400 -0.248500 0.019100
vn 0.900100 -0.400600 0.171300
vn 0.618900 -0.745700 0.246800
vn 0.527300 -0.107300 0.842800
vn 0.274200 -0.151600 0.949600
vn 0.354700 -0.553900 0.753200
vn -0.466800 0.219400 0.856700
vn -0.749000 0.326200 0.576700
vn -0.524400 -0.276300 0.805400
vn -0.898200 0.085300 -0.431300
vn -0.953900 -0.287100 -0.088000
vn 0.041800 0.068400 0.996800
vn 0.057300 -0.062600 0.996400
vn 0.963900 0.144200 0.223600
vn 0.899900 0.429000 -0.078600
vn -0.054800 0.252100 0.966200
vn -0.070700 0.060600 -0.995700
vn 0.803500 0.512500 -0.302800
vn 0.159300 0.060400 -0.985400
vn -0.145900 -0.373600 -0.916100
vn -0.918200 -0.390900 -0.063900
vn -0.923600 -0.178100 0.339500
vn -0.759700 -0.650200 0.000900
vn -0.054700 0.252100 0.966200
vn 0.041900 0.068500 0.996800
vn -0.164200 0.747200 -0.644000
vn -0.983300 0.014900 -0.181200
vn -0.980300 0.033100 -0.194800
vn 0.095200 0.821300 -0.562500
vn 0.987200 0.013600 0.159000
vn -0.983400 0.021100 -0.180300
vn 0.984600 -0.007700 0.174400
vn 0.085300 0.908600 -0.408800
vn -0.978900 -0.132600 -0.155600
vn 0.167300 0.967500 -0.189500
vn 0.985300 -0.003300 0.171000
vn -0.105700 -0.821600 0.560200
vn -0.093800 -0.909100 0.406000
vn -0.387000 -0.743100 0.545900
vn -0.928400 0.319400 -0.189900
vn 0.962400 -0.190200 0.194200
vn 0.130600 -0.953900 0.270300
vn 0.037200 0.996600 -0.073700
vn 0.936800 0.320300 0.141100
vn -0.008200 -0.996900 0.078600
vn -0.983300 0.015000 -0.181200
vn 0.006500 1.000000 0.006000
vn 0.982400 0.015600 0.186200
vn -0.987400 0.007800 -0.158100
vn -0.011200 0.997900 0.063700
vn -0.928400 0.319400 -0.189800
vn -0.000200 -0.999600 -0.027800
vn -0.987400 0.007900 -0.158100
vn 0.985100 0.005300 0.172000
vn -0.987100 0.006700 -0.160000
vn -0.026500 0.996100 0.084000
vn -0.008800 -0.996800 -0.079100
vn 0.940200 -0.316400 0.126100
vn -0.940800 -0.286300 -0.181400
vn -0.022000 -0.995400 -0.093200
vn -0.982300 0.099000 0.159300
vn -0.000600 -0.927100 0.374800
vn -0.839100 -0.132800 0.527600
vn -0.244500 -0.960000 -0.136700
vn -0.897500 -0.175700 -0.404500
vn 0.272100 -0.779900 -0.563700
vn 0.984200 -0.169700 0.049900
vn 0.887000 -0.114600 0.447300
vn 0.800900 0.342800 -0.491000
vn 0.168100 0.985600 -0.020900
vn 0.010600 0.789600 0.613500
vn -0.349300 0.858000 -0.376500
vn -0.839100 -0.132700 0.527500
vn -0.897500 -0.175800 -0.404500
vn -0.902200 0.423600 0.080800
vn -0.888800 0.063800 0.453800
vn -0.077100 0.920000 0.384200
vn 0.378000 0.489300 0.785900
vn -0.167200 -0.957300 -0.235600
vn -0.731200 -0.325600 0.599400
vn -0.167200 -0.957400 -0.235600
vn -0.116800 -0.992200 0.043900
vn 0.895700 -0.399700 -0.194900
vn 0.842600 0.178900 -0.507900
vn -0.417400 -0.348100 -0.839400
vn 0.478800 0.169700 -0.861300
vn 0.270500 0.900500 -0.340500
vn 0.395900 0.891900 0.218800
vn 0.374200 0.842800 0.386900
vn 0.441000 0.796800 0.413100
vn 0.502500 0.723800 0.472900
vn 0.437700 0.737000 0.515100
vn 0.400900 0.733900 0.548400
vn 0.390900 0.780100 0.488600
vn 0.414800 0.704600 0.575700
vn 0.440100 0.712800 0.546100
vn 0.506100 0.678200 0.532800
vn 0.633800 0.687300 0.354800
vn 0.616500 0.747100 0.248700
vn 0.702900 0.640100 0.310200
vn 0.765400 0.632900 0.116500
vn 0.819800 0.534600 0.205500
vn 0.759400 0.636800 0.133500
vn 0.469600 0.866600 0.168700
vn 0.369100 0.902400 0.222400
vn 0.740500 0.610000 0.282100
vn 0.743400 0.521200 0.419200
vn 0.524700 0.755500 0.392200
vn -0.009700 0.916700 0.399400
vn 0.272400 0.876000 0.398100
vn -0.083900 0.766100 0.637200
vn -0.030500 0.825500 0.563600
vn -0.028000 0.845000 0.534100
vn -0.023500 0.831600 0.554900
vn -0.130400 0.768400 0.626600
vn -0.048100 0.739900 0.671000
vn 0.003300 0.790600 0.612400
vn -0.078400 0.777100 0.624500
vn 0.110200 0.763800 0.636000
vn -0.077700 0.738700 0.669500
vn 0.104800 0.849300 0.517400
vn -0.056400 0.790700 0.609600
vn 0.085800 0.772900 0.628700
vn 0.260000 0.722500 0.640700
vn 0.245400 0.808900 0.534200
vn 0.520000 0.724200 0.453000
vn -0.194900 0.865400 0.461700
vn 0.475400 0.767700 0.429600
vn -0.198900 0.842100 0.501300
vn 0.612500 0.707300 0.353000
vn 0.018700 0.862100 0.506500
vn -0.582000 0.679300 0.447100
vn -0.592600 0.659500 0.462400
vn -0.781700 0.485300 0.391600
vn -0.373600 0.718700 -0.586500
vn -0.203000 0.709400 -0.674900
vn -0.226500 0.814000 -0.534800
vn -0.331500 0.804900 -0.492200
vn 0.209200 0.879200 -0.428000
vn 0.179000 0.895600 -0.407200
vn 0.474900 0.796700 -0.373900
vn 0.550300 0.733200 -0.399600
vn 0.510000 0.719900 -0.470800
vn 0.566100 0.639700 -0.519900
vn 0.498400 0.651600 -0.571800
vn 0.398800 0.708200 -0.582600
vn 0.555200 0.531000 -0.640100
vn 0.433000 0.669200 -0.603900
vn 0.415800 0.629700 -0.656200
vn 0.421300 0.739800 -0.524600
vn 0.454400 0.811800 -0.366700
vn 0.394000 0.862700 -0.317000
vn 0.469200 0.549500 -0.691400
vn 0.536100 0.519300 -0.665500
vn 0.347600 0.591800 -0.727200
vn 0.304100 0.668000 -0.679200
vn 0.552600 0.833100 0.023100
vn 0.610600 0.782100 0.124900
vn 0.664200 0.745700 0.051700
vn 0.762600 0.003500 -0.646800
vn 0.720900 0.033100 -0.692200
vn 0.190300 -0.059600 -0.979900
vn 0.993200 0.005200 -0.116000
vn -0.153400 -0.055600 -0.986600
vn 0.998000 0.062800 0.006300
vn -0.145900 -0.125200 -0.981300
vn 0.998200 0.055000 -0.024300
vn 0.623300 -0.152000 -0.767100
vn -0.563400 -0.365600 -0.740900
vn -0.509300 -0.496300 -0.703100
vn 0.996700 0.011300 0.080800
vn 0.961800 -0.259600 -0.087300
vn 0.370600 -0.609900 -0.700500
vn -0.109700 -0.958100 -0.264700
vn 0.853000 -0.519600 0.050400
vn -0.859000 -0.511900 0.000100
vn -0.771000 -0.612100 -0.175800
vn 0.997600 -0.061600 -0.031400
vn -0.825300 -0.472300 0.309500
vn -0.203300 -0.968000 0.147400
vn 0.562300 -0.769600 0.302700
vn -0.704400 -0.491400 0.512300
vn -0.693300 -0.196300 0.693500
vn -0.785100 -0.018200 0.619100
vn 0.944000 -0.329300 -0.023400
vn -0.298800 -0.630100 0.716700
vn -0.845800 0.064100 0.529700
vn -0.689200 0.066500 0.721500
vn -0.833200 0.160400 0.529100
vn -0.537900 -0.269200 0.798900
vn -0.784800 0.044000 0.618200
vn -0.816300 0.220500 0.533900
vn -0.801000 0.178500 0.571400
vn -0.779500 0.166600 0.603800
vn -0.793000 0.225200 0.566100
vn -0.784400 0.259500 0.563300
vn -0.772800 0.260900 0.578500
vn 0.586800 0.474000 0.656400
vn 0.968100 -0.192800 0.160100
vn 0.918300 0.394200 0.035400
vn 0.633400 0.463600 -0.619600
vn -0.242900 0.651800 0.718400
vn 0.170900 0.091800 0.981000
vn 0.527300 -0.107300 0.842900
vn 0.552100 -0.377400 -0.743500
vn 0.968500 -0.248500 0.019100
vn 0.646000 -0.190700 -0.739200
vn -0.257500 0.085300 -0.962500
vn -0.093100 0.638800 -0.763800
vn -0.894300 0.270400 -0.356500
vn -0.777100 0.255500 0.575200
vn -0.515900 0.798800 -0.309300
vn -0.925200 0.217700 -0.310800
vn -0.466700 0.219400 0.856700
vn 0.214300 0.927800 -0.305500
vn 0.783100 0.175600 -0.596500
vn -0.832700 -0.018600 -0.553400
vn 0.685100 -0.336200 0.646300
vn 0.971100 -0.218500 -0.096500
vn 0.685000 -0.336200 0.646300
vn -0.691100 -0.464300 -0.553900
vn -0.493700 0.004200 -0.869600
vn 0.903600 -0.425400 -0.049900
vn -0.893400 -0.144400 0.425500
vn -0.744500 0.541700 0.390300
vn -0.026900 0.812400 0.582500
vn -0.989200 -0.125600 0.075100
vn -0.635700 -0.501000 0.587200
vn 0.388000 -0.345000 0.854700
vn -0.461500 -0.066100 -0.884700
vn 0.457100 -0.154300 -0.875900
vn -0.450500 -0.445700 -0.773600
vn 0.909700 0.190000 0.369300
vn 0.388100 -0.345000 0.854600
vn 0.887400 0.157400 0.433400
vn -0.726800 -0.318600 0.608500
vn -0.167100 -0.957400 -0.235600
vn -0.110800 -0.992900 0.042700
vn 0.895700 -0.399600 -0.194900
vn 0.895700 -0.399600 -0.194800
vn -0.687400 0.666900 0.287700
vn -0.673100 0.679700 0.291500
vn -0.584000 0.709400 0.394600
vn -0.525800 0.724600 0.445600
vn -0.371300 0.727000 0.577500
vn -0.022300 0.749300 -0.661900
vn 0.234200 0.843000 -0.484300
vn 0.056400 0.752900 -0.655700
vn -0.271600 0.818100 -0.506800
vn 0.041300 0.827300 -0.560200
vn -0.386800 0.635500 -0.668200
vn -0.333100 0.646300 -0.686600
vn -0.629900 0.582700 -0.513500
vn -0.676200 0.445000 -0.587100
vn -0.532300 0.714200 -0.454500
vn -0.551600 0.510700 -0.659500
vn -0.411700 0.890400 -0.194300
vn -0.352600 0.865600 -0.355600
vn -0.178500 0.760400 -0.624500
vn 0.041400 0.792400 -0.608600
vn -0.156700 0.901000 -0.404600
vn -0.823700 0.249700 -0.509100
vn -0.822600 0.408200 -0.395800
vn -0.444900 0.883500 0.146400
vn -0.478000 0.873000 0.096400
vn -0.492300 0.867200 0.075000
vn -0.592400 0.735900 0.327800
vn -0.587400 0.808600 0.034000
vn -0.513900 0.851200 0.106600
vn -0.750500 0.653700 0.097100
vn -0.438900 0.835100 0.331700
vn -0.758000 0.641700 -0.116700
vn -0.713900 0.694300 -0.090900
vn -0.497400 0.837100 0.227700
vn -0.396200 0.772000 0.497100
vn -0.618400 0.766400 0.174000
vn -0.370300 0.766100 0.525300
vn -0.849600 0.507000 -0.145300
vn -0.804100 0.572800 -0.158900
vn -0.872500 0.471500 -0.128000
usemtl Model001_Material009
s 1
f 1262/1157/1245 1263/1158/1246 1264/1159/1247
f 1265/1160/1248 1263/1158/1246 1262/1157/1245
f 1266/1161/1249 1265/1160/1248 1262/1157/1245
f 1267/1162/1250 1263/1158/1246 1265/1160/1248
f 1263/1158/1246 1267/1162/1250 1268/1163/1251
f 1269/1164/1252 1267/1162/1250 1265/1160/1248
f 1265/1160/1248 1270/1165/1253 1269/1164/1252
f 1265/1160/1248 1266/1161/1249 1270/1165/1253
f 1266/1161/1249 1271/1166/1254 1270/1165/1253
f 1272/1167/1255 1268/1163/1251 1267/1162/1250
f 1273/1168/1256 1272/1167/1255 1267/1162/1250
f 1267/1162/1250 1269/1164/1252 1273/1168/1256
f 1268/1163/1251 1272/1167/1255 1274/1169/1257
f 1269/1164/1252 1275/1170/1258 1273/1168/1256
f 1275/1170/1258 1269/1164/1252 1276/1171/1259
f 1270/1165/1253 1276/1171/1259 1269/1164/1252
f 1276/1171/1259 1270/1165/1253 1277/1172/1260
f 1277/1172/1260 1270/1165/1253 1271/1166/1254
f 1278/1173/1261 1277/1172/1260 1271/1166/1254
f 1274/1169/1257 1272/1167/1255 1279/1174/1247
f 1280/1175/1262 1279/1174/1247 1272/1167/1255
f 1273/1168/1256 1280/1175/1262 1272/1167/1255
f 1273/1168/1256 1275/1170/1258 1281/1176/1263
f 1280/1175/1262 1273/1168/1256 1281/1176/1263
f 1282/1177/1264 1281/1176/1263 1275/1170/1258
f 1283/1178/1265 1275/1170/1258 1276/1171/1259
f 1283/1178/1265 1282/1177/1264 1275/1170/1258
f 1276/1171/1259 1284/1179/1266 1283/1178/1265
f 1284/1179/1266 1276/1171/1259 1277/1172/1260
f 1277/1172/1260 1285/1180/1267 1284/1179/1266
f 1277/1172/1260 1278/1173/1261 1285/1180/1267
f 1286/1181/1268 1285/1180/1267 1278/1173/1261
f 1282/1177/1264 1283/1178/1265 1287/1182/1261
f 1288/1183/1269 1287/1182/1261 1283/1178/1265
f 1288/1183/1269 1283/1178/1265 1284/1179/1266
f 1284/1179/1266 1289/1184/1270 1288/1183/1269
f 1289/1184/1270 1284/1179/1266 1285/1180/1267
f 1285/1180/1267 1290/1185/1271 1289/1184/1270
f 1285/1180/1267 1286/1181/1268 1290/1185/1271
f 1286/1181/1268 1291/1186/1272 1290/1185/1271
f 1287/1182/1261 1288/1183/1269 1292/1187/1268
f 1288/1183/1269 1293/1188/1273 1292/1187/1268
f 1289/1184/1270 1293/1188/1273 1288/1183/1269
f 1293/1188/1273 1289/1184/1270 1294/1189/1274
f 1290/1185/1271 1294/1189/1274 1289/1184/1270
f 1294/1189/1274 1290/1185/1271 1295/1190/1275
f 1295/1190/1275 1290/1185/1271 1291/1186/1272
f 1295/1190/1275 1296/1191/1276 1294/1189/1274
f 1291/1186/1272 1296/1191/1276 1295/1190/1275
f 1294/1189/1274 1297/1192/1277 1293/1188/1273
f 1294/1189/1274 1296/1191/1276 1297/1192/1277
f 1296/1191/1276 1291/1186/1272 1298/1193/1278
f 1299/1194/1279 1292/1187/1268 1293/1188/1273
f 1293/1188/1273 1300/1195/1278 1299/1194/1279
f 1300/1195/1278 1293/1188/1273 1301/1196/1280
f 1293/1188/1273 1297/1192/1277 1301/1196/1280
f 1302/1197/1281 1303/1198/1282 1304/1199/1283
f 1302/1197/1281 1304/1199/1283 1305/1200/1284
f 1305/1200/1284 1304/1199/1283 1306/1201/1285
f 1306/1201/1285 1304/1199/1283 1307/1202/1286
f 1308/1203/1287 1307/1202/1286 1304/1199/1283
f 1307/1202/1286 1308/1203/1287 1309/1204/1288
f 1309/1204/1288 1308/1203/1287 1310/1205/1289
f 1308/1203/1287 1311/1206/1290 1310/1205/1289
f 1312/1207/1291 1310/1205/1289 1311/1206/1290
f 1310/1205/1289 1312/1207/1291 1313/1208/1292
f 1312/1207/1291 1314/1209/1293 1313/1208/1292
f 1314/1209/1293 1312/1207/1291 1311/1206/1290
f 1315/1210/1294 1313/1208/1292 1314/1209/1293
f 1314/1209/1293 1316/1211/1295 1315/1210/1294
f 1317/1212/1296 1315/1210/1294 1316/1211/1295
f 1315/1210/1294 1317/1212/1296 1318/1213/1297
f 1317/1212/1296 1319/1214/1298 1318/1213/1297
f 1317/1212/1296 1320/1215/1299 1319/1214/1298
f 1318/1213/1297 1319/1214/1298 1321/1216/1300
f 1319/1214/1298 1320/1215/1299 1322/1217/1301
f 1322/1217/1301 1321/1216/1300 1319/1214/1298
f 1320/1215/1299 1323/1218/1302 1322/1217/1301
f 1322/1217/1301 1323/1218/1302 1324/1219/1303
f 1322/1217/1301 1324/1219/1303 1325/1220/1304
f 1326/1221/1305 1324/1219/1303 1323/1218/1302
f 1324/1219/1303 1326/1221/1305 1325/1220/1304
f 1323/1218/1302 1327/1222/1306 1326/1221/1305
f 1320/1215/1299 1327/1222/1306 1323/1218/1302
f 1320/1215/1299 1328/1223/1307 1327/1222/1306
f 1328/1223/1307 1320/1215/1299 1329/1224/1308
f 1327/1222/1306 1330/1225/1309 1326/1221/1305
f 1330/1225/1309 1327/1222/1306 1328/1223/1307
f 1331/1226/1310 1325/1220/1304 1326/1221/1305
f 1332/1227/1311 1326/1221/1305 1330/1225/1309
f 1331/1226/1310 1326/1221/1305 1332/1227/1311
f 1330/1225/1309 1328/1223/1307 1333/1228/1312
f 1333/1228/1312 1328/1223/1307 1334/1229/1313
f 1329/1224/1308 1334/1229/1313 1328/1223/1307
f 1330/1225/1309 1335/1230/1314 1332/1227/1311
f 1335/1230/1314 1330/1225/1309 1333/1228/1312
f 1335/1230/1314 1333/1228/1312 1336/1231/1315
f 1336/1231/1315 1333/1228/1312 1334/1229/1313
f 1332/1227/1311 1337/1232/1316 1331/1226/1310
f 1332/1227/1311 1338/1233/1317 1337/1232/1316
f 1338/1233/1317 1332/1227/1311 1335/1230/1314
f 1339/1234/1318 1331/1226/1310 1337/1232/1316
f 1340/1235/1319 1337/1232/1316 1338/1233/1317
f 1337/1232/1316 1340/1235/1319 1339/1234/1318
f 1341/1236/1320 1336/1231/1315 1334/1229/1313
f 1336/1231/1315 1342/1237/1321 1335/1230/1314
f 1342/1237/1321 1336/1231/1315 1341/1236/1320
f 1343/1238/1322 1335/1230/1314 1342/1237/1321
f 1335/1230/1314 1344/1239/1323 1338/1233/1317
f 1335/1230/1314 1343/1238/1322 1344/1239/1323
f 1345/1240/1324 1340/1235/1319 1338/1233/1317
f 1345/1240/1324 1338/1233/1317 1344/1239/1323
f 1346/1241/1325 1339/1234/1318 1340/1235/1319
f 1345/1240/1324 1347/1242/1326 1340/1235/1319
f 1346/1241/1325 1340/1235/1319 1347/1242/1326
f 1347/1242/1326 1345/1240/1324 1344/1239/1323
f 1348/1243/1327 1342/1237/1321 1341/1236/1320
f 1342/1237/1321 1349/1244/1328 1343/1238/1322
f 1349/1244/1328 1342/1237/1321 1350/1245/1329
f 1348/1243/1327 1350/1245/1329 1342/1237/1321
f 1343/1238/1322 1349/1244/1328 1351/1246/1330
f 1351/1246/1330 1344/1239/1323 1343/1238/1322
f 1344/1239/1323 1351/1246/1330 1352/1247/1331
f 1344/1239/1323 1352/1247/1331 1347/1242/1326
f 1350/1245/1329 1353/1248/1332 1349/1244/1328
f 1353/1248/1332 1350/1245/1329 1354/1249/1333
f 1355/1250/1334 1354/1249/1333 1350/1245/1329
f 1350/1245/1329 1348/1243/1327 1355/1250/1334
f 1348/1243/1327 1356/1251/1335 1355/1250/1334
f 1354/1249/1333 1355/1250/1334 1356/1251/1335
f 1356/1251/1335 1348/1243/1327 1357/1252/1336
f 1354/1249/1333 1358/1253/1337 1353/1248/1332
f 1356/1251/1335 1359/1254/1338 1354/1249/1333
f 1358/1253/1337 1354/1249/1333 1360/1255/1339
f 1360/1255/1339 1354/1249/1333 1359/1254/1338
f 1357/1252/1336 1361/1256/1340 1356/1251/1335
f 1356/1251/1335 1362/1257/1341 1359/1254/1338
f 1362/1257/1341 1356/1251/1335 1361/1256/1340
f 1360/1255/1339 1359/1254/1338 1363/1258/1342
f 1363/1258/1342 1359/1254/1338 1362/1257/1341
f 1362/1257/1341 1361/1256/1340 1363/1258/1342
f 1361/1256/1340 1357/1252/1336 1364/1259/1343
f 1365/1260/1344 1363/1258/1342 1361/1256/1340
f 1363/1258/1342 1365/1260/1344 1360/1255/1339
f 1361/1256/1340 1366/1261/1345 1365/1260/1344
f 1364/1259/1343 1367/1262/1346 1361/1256/1340
f 1366/1261/1345 1361/1256/1340 1368/1263/1347
f 1367/1262/1346 1368/1263/1347 1361/1256/1340
f 1367/1262/1346 1364/1259/1343 1369/1264/1348
f 1370/1265/1349 1366/1261/1345 1368/1263/1347
f 1367/1262/1346 1371/1266/1350 1368/1263/1347
f 1372/1267/1351 1367/1262/1346 1369/1264/1348
f 1371/1266/1350 1367/1262/1346 1372/1267/1351
f 1368/1263/1347 1373/1268/1352 1370/1265/1349
f 1373/1268/1352 1368/1263/1347 1371/1266/1350
f 1369/1264/1348 1374/1269/1353 1372/1267/1351
f 1375/1270/1354 1372/1267/1351 1374/1269/1353
f 1372/1267/1351 1375/1270/1354 1371/1266/1350
f 1374/1269/1353 1376/1271/1355 1375/1270/1354
f 1375/1270/1354 1376/1271/1355 1371/1266/1350
f 1376/1271/1355 1374/1269/1353 1377/1272/1356
f 1374/1269/1353 1369/1264/1348 1377/1272/1356
f 1378/1273/1357 1377/1272/1356 1369/1264/1348
f 1379/1274/1358 1376/1271/1355 1377/1272/1356
f 1378/1273/1357 1380/1275/1359 1377/1272/1356
f 1377/1272/1356 1380/1275/1359 1381/1276/1360
f 1382/1277/1361 1383/1278/1362 1384/1279/1363
f 1382/1277/1361 1384/1279/1363 1385/1280/1364
f 1386/1281/1365 1382/1277/1361 1385/1280/1364
f 1384/1279/1363 1387/1282/1366 1385/1280/1364
f 1388/1283/1367 1387/1282/1366 1384/1279/1363
f 1385/1280/1364 1389/1284/1368 1386/1281/1365
f 1387/1282/1366 1390/1285/1369 1385/1280/1364
f 1389/1284/1368 1385/1280/1364 1390/1285/1369
f 1391/1286/1370 1386/1281/1365 1389/1284/1368
f 1388/1283/1367 1392/1287/1371 1387/1282/1366
f 1392/1287/1371 1393/1288/1372 1387/1282/1366
f 1393/1288/1372 1394/1289/1373 1387/1282/1366
f 1390/1285/1369 1387/1282/1366 1394/1289/1373
f 1389/1284/1368 1395/1290/1374 1391/1286/1370
f 1390/1285/1369 1396/1291/1375 1389/1284/1368
f 1395/1290/1374 1389/1284/1368 1396/1291/1375
f 1396/1291/1375 1390/1285/1369 1397/1292/1376
f 1394/1289/1373 1397/1292/1376 1390/1285/1369
f 1398/1293/1377 1391/1286/1370 1395/1290/1374
f 1393/1288/1372 1392/1287/1371 1399/1294/1378
f 1393/1288/1372 1399/1294/1378 1400/1295/1379
f 1394/1289/1373 1393/1288/1372 1401/1296/1361
f 1400/1295/1379 1401/1296/1361 1393/1288/1372
f 1397/1292/1376 1394/1289/1373 1402/1297/1380
f 1401/1296/1361 1402/1297/1380 1394/1289/1373
f 1395/1290/1374 1403/1298/1381 1398/1293/1377
f 1396/1291/1375 1404/1299/1382 1395/1290/1374
f 1403/1298/1381 1395/1290/1374 1404/1299/1382
f 1396/1291/1375 1405/1300/1383 1404/1299/1382
f 1397/1292/1376 1405/1300/1383 1396/1291/1375
f 1402/1297/1380 1406/1301/1370 1397/1292/1376
f 1406/1301/1370 1405/1300/1383 1397/1292/1376
f 1400/1295/1379 1407/1302/1362 1401/1296/1361
f 1408/1303/1384 1409/1304/1385 1410/1305/1386
f 1408/1303/1384 1410/1305/1386 1411/1306/1387
f 1412/1305/1388 1413/1306/1389 1414/1304/1390
f 1413/1306/1389 1415/1303/1391 1414/1304/1390
f 1416/1307/1392 1417/1308/1393 1418/1309/1388
f 1416/1307/1392 1418/1309/1388 1419/1310/1394
f 1420/1311/1387 1421/1312/1395 1422/1313/1396
f 1423/1314/1385 1421/1312/1397 1424/1315/1398
f 1421/1312/1395 1423/1314/1399 1422/1313/1396
f 1416/1307/1392 1424/1315/1398 1417/1308/1393
f 1424/1315/1398 1416/1307/1392 1423/1314/1385
f 1425/1316/1400 1426/1317/1401 1427/1318/1402
f 1426/1317/1401 1425/1316/1400 1428/1319/1403
f 1429/1320/1404 1428/1319/1403 1425/1316/1400
f 1428/1319/1403 1429/1320/1404 1430/1321/1405
f 1431/1322/1406 1426/1317/1401 1428/1319/1403
f 1430/1321/1405 1431/1322/1406 1428/1319/1403
f 1426/1317/1401 1431/1322/1406 1432/1323/1407
f 1431/1322/1406 1430/1321/1405 1433/1324/1408
f 1433/1324/1408 1434/1325/1409 1431/1322/1406
f 1431/1322/1406 1435/1326/1410 1432/1323/1407
f 1431/1322/1406 1434/1325/1409 1435/1326/1410
f 1435/1326/1410 1436/1327/1411 1432/1323/1407
f 1434/1325/1409 1437/1328/1412 1435/1326/1410
f 1435/1326/1410 1437/1328/1412 1436/1327/1411
f 1437/1328/1412 1434/1325/1409 1438/1329/1413
f 1436/1327/1411 1437/1328/1412 1439/1330/1414
f 1440/1317/1415 1441/1316/1416 1442/1319/1417
f 1442/1319/1417 1443/1320/1418 1444/1321/1419
f 1445/1322/1420 1440/1317/1415 1442/1319/1417
f 1444/1321/1419 1445/1322/1420 1442/1319/1417
f 1445/1322/1420 1444/1321/1419 1446/1324/1421
f 1445/1322/1420 1447/1325/1411 1448/1326/1422
f 1447/1325/1411 1449/1328/1423 1448/1326/1422
f 1450/1327/1424 1449/1328/1423 1451/1330/1425
f 1452/1331/1426 1453/1332/1427 1454/1333/1428
f 1455/1334/1429 1453/1332/1427 1452/1331/1426
f 1452/1331/1426 1456/1335/1430 1455/1334/1429
f 1456/1335/1430 1452/1331/1426 1457/1336/1431
f 1458/1337/1432 1453/1332/1427 1455/1334/1429
f 1455/1334/1429 1456/1335/1430 1458/1337/1432
f 1453/1332/1427 1458/1337/1432 1459/1338/1433
f 1457/1336/1431 1460/1324/1434 1456/1335/1430
f 1461/1339/1435 1458/1337/1432 1456/1335/1430
f 1462/1322/1436 1461/1339/1435 1456/1335/1430
f 1460/1324/1434 1462/1322/1436 1456/1335/1430
f 1463/1340/1437 1462/1322/1436 1460/1324/1434
f 1461/1339/1435 1462/1322/1436 1464/1323/1438
f 1462/1322/1436 1463/1340/1437 1465/1341/1439
f 1462/1322/1436 1465/1341/1439 1464/1323/1438
f 1463/1340/1437 1466/1342/1440 1465/1341/1441
f 1463/1340/1437 1467/1343/1442 1466/1342/1440
f 1466/1342/1440 1468/1344/1443 1469/1345/1444
f 1470/1346/1445 1466/1342/1440 1471/1347/1428
f 1468/1344/1443 1466/1342/1440 1470/1346/1427
f 1472/1331/1432 1473/1332/1446 1474/1333/1443
f 1475/1334/1447 1473/1332/1446 1472/1331/1432
f 1472/1331/1432 1476/1335/1448 1475/1334/1447
f 1476/1335/1448 1472/1331/1432 1477/1336/1449
f 1478/1337/1450 1473/1332/1446 1475/1334/1447
f 1475/1334/1447 1479/1339/1451 1478/1337/1450
f 1479/1339/1451 1475/1334/1447 1476/1335/1448
f 1473/1332/1446 1478/1337/1450 1480/1338/1452
f 1477/1336/1449 1481/1324/1438 1476/1335/1448
f 1482/1322/1453 1479/1339/1451 1476/1335/1448
f 1481/1324/1438 1482/1322/1453 1476/1335/1448
f 1479/1339/1451 1482/1322/1453 1483/1323/1454
f 1484/1340/1455 1482/1322/1453 1481/1324/1438
f 1482/1322/1453 1484/1340/1455 1485/1341/1456
f 1482/1322/1453 1485/1341/1456 1483/1323/1454
f 1485/1341/1456 1486/1348/1457 1483/1323/1454
f 1487/1343/1444 1485/1341/1456 1484/1340/1455
f 1485/1341/1456 1487/1343/1444 1488/1342/1458
f 1485/1341/1456 1488/1342/1458 1486/1348/1457
f 1488/1342/1458 1489/1345/1459 1486/1348/1457
f 1490/1347/1433 1488/1342/1458 1487/1343/1444
f 1491/1346/1460 1488/1342/1458 1490/1347/1433
f 1488/1342/1458 1492/1344/1461 1489/1345/1459
f 1492/1344/1461 1488/1342/1458 1491/1346/1460
f 1493/1349/1462 1494/1350/1463 1495/1351/1464
f 1493/1349/1462 1495/1351/1464 1496/1352/1465
f 1496/1352/1465 1497/1195/1466 1493/1349/1462
f 1498/1353/1467 1496/1352/1465 1495/1351/1464
f 1497/1195/1466 1496/1352/1465 1499/1354/1468
f 1496/1352/1465 1498/1353/1467 1500/1355/1469
f 1500/1355/1469 1499/1354/1468 1496/1352/1465
f 1500/1355/1469 1501/1192/1470 1499/1354/1468
f 1500/1355/1469 1502/1191/1471 1501/1192/1470
f 1502/1191/1471 1500/1355/1469 1503/1356/1472
f 1498/1353/1467 1503/1356/1472 1500/1355/1469
f 1503/1356/1472 1498/1353/1467 1504/1357/1473
f 1503/1356/1472 1505/1193/1474 1502/1191/1471
f 1505/1193/1474 1503/1356/1472 1506/1358/1462
f 1504/1357/1473 1506/1358/1462 1503/1356/1472
f 1506/1358/1462 1504/1357/1473 1507/1359/1475
f 1508/1305/1476 1509/1303/1477 1510/1304/1478
f 1511/1303/1479 1512/1304/1480 1513/1306/1481
f 1514/1307/1476 1515/1309/1482 1516/1310/1483
f 1517/1311/1483 1518/1360/1484 1519/1312/1480
f 1520/1315/1485 1514/1307/1476 1521/1314/1486
f 1522/1316/1487 1523/1317/1488 1524/1318/1489
f 1523/1317/1488 1522/1316/1487 1525/1319/1490
f 1526/1320/1491 1525/1319/1490 1522/1316/1487
f 1525/1319/1490 1526/1320/1491 1527/1321/1492
f 1527/1321/1492 1528/1324/1493 1525/1319/1490
f 1525/1319/1490 1529/1322/1494 1523/1317/1488
f 1528/1324/1493 1529/1322/1494 1525/1319/1490
f 1523/1317/1488 1529/1322/1494 1530/1323/1495
f 1528/1324/1493 1531/1325/1496 1529/1322/1494
f 1532/1326/1497 1529/1322/1494 1531/1325/1496
f 1529/1322/1494 1532/1326/1497 1530/1323/1495
f 1532/1326/1497 1533/1327/1498 1530/1323/1495
f 1531/1325/1496 1534/1328/1487 1532/1326/1497
f 1532/1326/1497 1534/1328/1487 1533/1327/1498
f 1534/1328/1487 1531/1325/1496 1535/1329/1499
f 1533/1327/1498 1534/1328/1487 1536/1330/1489
f 1537/1316/1500 1538/1317/1501 1539/1318/1502
f 1538/1317/1501 1537/1316/1500 1540/1319/1503
f 1540/1319/1503 1541/1322/1504 1538/1317/1501
f 1541/1322/1504 1542/1321/1505 1543/1324/1506
f 1543/1324/1506 1544/1325/1498 1541/1322/1504
f 1545/1326/1507 1541/1322/1504 1544/1325/1498
f 1545/1326/1507 1546/1327/1508 1547/1323/1509
f 1544/1325/1498 1548/1328/1500 1545/1326/1507
f 1545/1326/1507 1548/1328/1500 1546/1327/1508
f 1548/1328/1500 1544/1325/1498 1549/1329/1489
f 1550/1332/1510 1551/1337/1511 1552/1338/1512
f 1551/1337/1511 1550/1332/1510 1553/1334/1513
f 1554/1333/1514 1553/1334/1513 1550/1332/1510
f 1553/1334/1513 1555/1339/1515 1551/1337/1511
f 1553/1334/1513 1554/1333/1514 1556/1331/1516
f 1557/1336/1517 1553/1334/1513 1556/1331/1516
f 1381/1276/1360 1379/1274/1358 1377/1272/1356
f 1378/1273/1357 1558/1361/1518 1380/1275/1359
f 1380/1275/1359 1559/1362/1519 1381/1276/1360
f 1558/1361/1518 1560/1363/1520 1380/1275/1359
f 1380/1275/1359 1560/1363/1520 1561/1364/1521
f 1380/1275/1359 1561/1364/1521 1559/1362/1519
f 1561/1364/1521 1562/1365/1522 1559/1362/1519
f 1562/1365/1522 1561/1364/1521 1560/1363/1520
f 1563/1366/1523 1381/1276/1360 1559/1362/1519
f 1563/1366/1523 1559/1362/1519 1562/1365/1522
f 1560/1363/1520 1564/1367/1524 1562/1365/1522
f 1558/1361/1518 1564/1367/1524 1560/1363/1520
f 1558/1361/1518 1565/1368/1525 1564/1367/1524
f 1566/1369/1526 1562/1365/1522 1564/1367/1524
f 1567/1370/1527 1563/1366/1523 1562/1365/1522
f 1562/1365/1522 1566/1369/1526 1567/1370/1527
f 1568/1371/1528 1564/1367/1524 1565/1368/1525
f 1566/1369/1526 1564/1367/1524 1568/1371/1528
f 1569/1372/1529 1567/1370/1527 1566/1369/1526
f 1570/1373/1530 1569/1372/1529 1566/1369/1526
f 1566/1369/1526 1571/1374/1531 1570/1373/1530
f 1568/1371/1528 1571/1374/1531 1566/1369/1526
f 1568/1371/1528 1572/1375/1532 1571/1374/1531
f 1568/1371/1528 1573/1376/1533 1572/1375/1532
f 1565/1368/1525 1573/1376/1533 1568/1371/1528
f 1573/1376/1533 1565/1368/1525 1574/1377/1534
f 1575/1378/1535 1569/1372/1529 1570/1373/1530
f 1570/1373/1530 1576/1379/1536 1575/1378/1535
f 1571/1374/1531 1576/1379/1536 1570/1373/1530
f 1577/1380/1537 1571/1374/1531 1572/1375/1532
f 1571/1374/1531 1577/1380/1537 1576/1379/1536
f 1576/1379/1536 1577/1380/1537 1578/1381/1538
f 1576/1379/1536 1578/1381/1538 1575/1378/1535
f 1572/1375/1532 1579/1382/1539 1577/1380/1537
f 1573/1376/1533 1580/1383/1540 1572/1375/1532
f 1579/1382/1539 1572/1375/1532 1580/1383/1540
f 1574/1377/1534 1581/1384/1541 1573/1376/1533
f 1580/1383/1540 1573/1376/1533 1582/1385/1542
f 1582/1385/1542 1573/1376/1533 1581/1384/1541
f 1581/1384/1541 1574/1377/1534 1583/1386/1543
f 1584/1387/1544 1578/1381/1538 1577/1380/1537
f 1579/1382/1539 1585/1388/1545 1577/1380/1537
f 1577/1380/1537 1585/1388/1545 1584/1387/1544
f 1586/1389/1546 1579/1382/1539 1580/1383/1540
f 1585/1388/1545 1579/1382/1539 1586/1389/1546
f 1587/1390/1547 1582/1385/1542 1581/1384/1541
f 1587/1390/1547 1580/1383/1540 1582/1385/1542
f 1580/1383/1540 1588/1391/1548 1586/1389/1546
f 1588/1391/1548 1580/1383/1540 1587/1390/1547
f 1589/1392/1549 1578/1381/1538 1584/1387/1544
f 1590/1393/1550 1584/1387/1544 1585/1388/1545
f 1590/1393/1550 1585/1388/1545 1586/1389/1546
f 1584/1387/1544 1590/1393/1550 1591/1394/1551
f 1591/1394/1551 1589/1392/1549 1584/1387/1544
f 1586/1389/1546 1588/1391/1548 1592/1395/1552
f 1586/1389/1546 1592/1395/1552 1590/1393/1550
f 1581/1384/1541 1583/1386/1543 1593/1396/1553
f 1594/1397/1554 1587/1390/1547 1581/1384/1541
f 1587/1390/1547 1595/1398/1555 1588/1391/1548
f 1595/1398/1555 1587/1390/1547 1594/1397/1554
f 1596/1399/1556 1588/1391/1548 1595/1398/1555
f 1588/1391/1548 1596/1399/1556 1592/1395/1552
f 1597/1400/1557 1590/1393/1550 1592/1395/1552
f 1598/1401/1558 1590/1393/1550 1597/1400/1557
f 1598/1401/1558 1591/1394/1551 1590/1393/1550
f 1592/1395/1552 1599/1402/1559 1597/1400/1557
f 1599/1402/1559 1592/1395/1552 1596/1399/1556
f 1600/1403/1560 1595/1398/1555 1594/1397/1554
f 1595/1398/1555 1600/1403/1560 1596/1399/1556
f 1601/1404/1561 1596/1399/1556 1600/1403/1560
f 1596/1399/1556 1601/1404/1561 1599/1402/1559
f 1597/1400/1557 1599/1402/1559 1602/1405/1562
f 1602/1405/1562 1598/1401/1558 1597/1400/1557
f 1598/1401/1558 1602/1405/1562 1603/1406/1563
f 1604/1407/1564 1599/1402/1559 1601/1404/1561
f 1599/1402/1559 1604/1407/1564 1605/1408/1565
f 1605/1408/1565 1602/1405/1562 1599/1402/1559
f 1600/1403/1560 1606/1409/1566 1601/1404/1561
f 1601/1404/1561 1606/1409/1566 1604/1407/1564
f 1606/1409/1566 1600/1403/1560 1607/1410/1567
f 1594/1397/1554 1607/1410/1567 1600/1403/1560
f 1608/1411/1568 1603/1406/1563 1602/1405/1562
f 1602/1405/1562 1605/1408/1565 1608/1411/1568
f 1608/1411/1568 1605/1408/1565 1604/1407/1564
f 1609/1412/1569 1604/1407/1564 1606/1409/1566
f 1604/1407/1564 1609/1412/1569 1608/1411/1568
f 1607/1410/1567 1610/1413/1570 1606/1409/1566
f 1606/1409/1566 1610/1413/1570 1609/1412/1569
f 1611/1414/1571 1608/1411/1568 1609/1412/1569
f 1612/1415/1572 1609/1412/1569 1610/1413/1570
f 1609/1412/1569 1612/1415/1572 1611/1414/1571
f 1610/1413/1570 1613/1416/1573 1612/1415/1572
f 1610/1413/1570 1607/1410/1567 1614/1417/1574
f 1614/1417/1574 1615/1418/1575 1610/1413/1570
f 1615/1418/1575 1616/1419/1576 1610/1413/1570
f 1610/1413/1570 1616/1419/1576 1613/1416/1573
f 1613/1416/1573 1616/1419/1576 1617/1420/1577
f 1615/1418/1575 1618/1421/1578 1616/1419/1576
f 1618/1421/1578 1617/1420/1577 1616/1419/1576
f 1618/1421/1578 1615/1418/1575 1619/1422/1579
f 1619/1422/1579 1615/1418/1575 1620/1423/1580
f 1615/1418/1575 1614/1417/1574 1620/1423/1580
f 1617/1420/1577 1618/1421/1578 1621/1424/1581
f 1619/1422/1579 1621/1424/1581 1618/1421/1578
f 1620/1423/1580 1621/1424/1581 1619/1422/1579
f 1617/1420/1577 1621/1424/1581 1622/1425/1582
f 1620/1423/1580 1623/1426/1583 1621/1424/1581
f 1622/1425/1582 1621/1424/1581 1623/1426/1583
f 1623/1426/1583 1620/1423/1580 1624/1427/1584
f 1625/1428/1585 1624/1427/1584 1620/1423/1580
f 1625/1428/1585 1620/1423/1580 1614/1417/1574
f 1624/1427/1584 1626/1429/1586 1623/1426/1583
f 1626/1429/1586 1622/1425/1582 1623/1426/1583
f 1627/1430/1587 1626/1429/1586 1624/1427/1584
f 1624/1427/1584 1625/1428/1585 1627/1430/1587
f 1614/1417/1574 1628/1431/1588 1625/1428/1585
f 1627/1430/1587 1625/1428/1585 1628/1431/1588
f 1626/1429/1586 1629/1432/1589 1622/1425/1582
f 1626/1429/1586 1627/1430/1587 1630/1433/1590
f 1629/1432/1589 1626/1429/1586 1631/1434/1591
f 1630/1433/1590 1631/1434/1591 1626/1429/1586
f 1631/1434/1591 1630/1433/1590 1632/1435/1592
f 1633/1436/1593 1632/1435/1592 1630/1433/1590
f 1630/1433/1590 1627/1430/1587 1633/1436/1593
f 1627/1430/1587 1628/1431/1588 1634/1437/1594
f 1627/1430/1587 1634/1437/1594 1635/1438/1595
f 1635/1438/1595 1633/1436/1593 1627/1430/1587
f 1636/1439/1596 1632/1435/1592 1633/1436/1593
f 1633/1436/1593 1635/1438/1595 1636/1439/1596
f 1637/1440/1597 1634/1437/1594 1628/1431/1588
f 1634/1437/1594 1637/1440/1597 1635/1438/1595
f 1629/1432/1589 1631/1434/1591 1638/1441/1598
f 1638/1441/1598 1631/1434/1591 1639/1442/1599
f 1632/1435/1592 1639/1442/1599 1631/1434/1591
f 1638/1441/1598 1640/1443/1600 1629/1432/1589
f 1640/1443/1600 1638/1441/1598 1641/1444/1601
f 1638/1441/1598 1639/1442/1599 1641/1444/1601
f 1642/1445/1602 1635/1438/1595 1637/1440/1597
f 1635/1438/1595 1642/1445/1602 1643/1446/1603
f 1643/1446/1603 1636/1439/1596 1635/1438/1595
f 1632/1435/1592 1636/1439/1596 1644/1447/1604
f 1643/1446/1603 1644/1447/1604 1636/1439/1596
f 1639/1442/1599 1632/1435/1592 1645/1448/1605
f 1645/1448/1605 1646/1449/1606 1639/1442/1599
f 1646/1449/1606 1641/1444/1601 1639/1442/1599
f 1637/1440/1597 1647/1450/1607 1642/1445/1602
f 1628/1431/1588 1647/1450/1607 1637/1440/1597
f 1642/1445/1602 1648/1451/1608 1643/1446/1603
f 1643/1446/1603 1649/1452/1609 1644/1447/1604
f 1648/1451/1608 1649/1452/1609 1643/1446/1603
f 1640/1443/1600 1641/1444/1601 1650/1453/1610
f 1650/1453/1610 1651/1454/1611 1640/1443/1600
f 1646/1449/1606 1652/1455/1612 1641/1444/1601
f 1641/1444/1601 1652/1455/1612 1653/1456/1613
f 1653/1456/1613 1650/1453/1610 1641/1444/1601
f 1654/1457/1614 1652/1455/1612 1646/1449/1606
f 1654/1457/1614 1646/1449/1606 1645/1448/1605
f 1652/1455/1612 1654/1457/1614 1653/1456/1613
f 1649/1452/1609 1653/1456/1613 1654/1457/1614
f 1654/1457/1614 1644/1447/1604 1649/1452/1609
f 1645/1448/1605 1632/1435/1592 1654/1457/1614
f 1644/1447/1604 1654/1457/1614 1632/1435/1592
f 1655/1458/1615 1651/1454/1611 1650/1453/1610
f 1650/1453/1610 1653/1456/1613 1655/1458/1615
f 1653/1456/1613 1649/1452/1609 1656/1459/1616
f 1656/1459/1616 1655/1458/1615 1653/1456/1613
f 1648/1451/1608 1657/1460/1617 1649/1452/1609
f 1657/1460/1617 1656/1459/1616 1649/1452/1609
f 1628/1431/1588 1607/1410/1567 1647/1450/1607
f 1628/1431/1588 1614/1417/1574 1607/1410/1567
f 1651/1454/1611 1655/1458/1615 1658/1461/1618
f 1651/1454/1611 1658/1461/1618 1659/1462/1619
f 1655/1458/1615 1656/1459/1616 1660/1463/1620
f 1660/1463/1620 1661/1464/1621 1655/1458/1615
f 1661/1464/1621 1658/1461/1618 1655/1458/1615
f 1660/1463/1620 1656/1459/1616 1662/1465/1622
f 1657/1460/1617 1662/1465/1622 1656/1459/1616
f 1663/1466/1623 1659/1462/1619 1658/1461/1618
f 1658/1461/1618 1661/1464/1621 1663/1466/1623
f 1661/1464/1621 1660/1463/1620 1663/1466/1623
f 1662/1465/1622 1663/1466/1623 1660/1463/1620
f 1659/1462/1619 1663/1466/1623 1664/1467/1624
f 1663/1466/1623 1662/1465/1622 1665/1468/1625
f 1666/1469/1626 1665/1468/1625 1662/1465/1622
f 1662/1465/1622 1657/1460/1617 1666/1469/1626
f 1667/1470/1627 1664/1467/1624 1663/1466/1623
f 1665/1468/1625 1667/1470/1627 1663/1466/1623
f 1665/1468/1625 1666/1469/1626 1668/1471/1628
f 1669/1472/1629 1665/1468/1625 1668/1471/1628
f 1667/1470/1627 1665/1468/1625 1669/1472/1629
f 1669/1472/1629 1670/1473/1630 1667/1470/1627
f 1664/1467/1624 1667/1470/1627 1670/1473/1630
f 1664/1467/1624 1670/1473/1630 1671/1474/1631
f 1672/1475/1632 1671/1474/1631 1670/1473/1630
f 1670/1473/1630 1669/1472/1629 1672/1475/1632
f 1668/1471/1628 1673/1476/1633 1669/1472/1629
f 1673/1476/1633 1672/1475/1632 1669/1472/1629
f 1672/1475/1632 1673/1476/1633 1674/1477/1634
f 1672/1475/1632 1674/1477/1634 1671/1474/1631
f 1675/1478/1635 1668/1471/1628 1666/1469/1626
f 1668/1471/1628 1675/1478/1635 1676/1479/1636
f 1676/1479/1636 1673/1476/1633 1668/1471/1628
f 1666/1469/1626 1677/1480/1637 1675/1478/1635
f 1666/1469/1626 1678/1481/1638 1677/1480/1637
f 1678/1481/1638 1666/1469/1626 1657/1460/1617
f 1679/1482/1639 1676/1479/1636 1675/1478/1635
f 1679/1482/1639 1675/1478/1635 1680/1483/1640
f 1680/1483/1640 1675/1478/1635 1677/1480/1637
f 1681/1484/1641 1677/1480/1637 1678/1481/1638
f 1677/1480/1637 1681/1484/1641 1680/1483/1640
f 1657/1460/1617 1648/1451/1608 1678/1481/1638
f 1678/1481/1638 1682/1485/1642 1681/1484/1641
f 1682/1485/1642 1678/1481/1638 1648/1451/1608
f 1683/1486/1643 1679/1482/1639 1680/1483/1640
f 1680/1483/1640 1684/1487/1644 1683/1486/1643
f 1684/1487/1644 1680/1483/1640 1681/1484/1641
f 1685/1488/1645 1681/1484/1641 1682/1485/1642
f 1685/1488/1645 1682/1485/1642 1686/1489/1646
f 1648/1451/1608 1686/1489/1646 1682/1485/1642
f 1681/1484/1641 1685/1488/1645 1687/1490/1647
f 1688/1491/1648 1684/1487/1644 1681/1484/1641
f 1681/1484/1641 1687/1490/1647 1688/1491/1648
f 1689/1492/1649 1683/1486/1643 1684/1487/1644
f 1684/1487/1644 1688/1491/1648 1689/1492/1649
f 1688/1491/1648 1687/1490/1647 1689/1492/1649
f 1686/1489/1646 1648/1451/1608 1642/1445/1602
f 1690/1493/1650 1687/1490/1647 1685/1488/1645
f 1685/1488/1645 1691/1494/1651 1690/1493/1650
f 1691/1494/1651 1685/1488/1645 1686/1489/1646
f 1692/1495/1652 1689/1492/1649 1687/1490/1647
f 1687/1490/1647 1690/1493/1650 1692/1495/1652
f 1642/1445/1602 1693/1496/1653 1686/1489/1646
f 1686/1489/1646 1694/1497/1654 1691/1494/1651
f 1694/1497/1654 1686/1489/1646 1693/1496/1653
f 1689/1492/1649 1692/1495/1652 1695/1498/1655
f 1696/1499/1656 1695/1498/1655 1692/1495/1652
f 1696/1499/1656 1692/1495/1652 1690/1493/1650
f 1690/1493/1650 1691/1494/1651 1697/1500/1657
f 1697/1500/1657 1696/1499/1656 1690/1493/1650
f 1698/1501/1658 1695/1498/1655 1696/1499/1656
f 1698/1501/1658 1696/1499/1656 1697/1500/1657
f 1693/1496/1653 1642/1445/1602 1699/1502/1659
f 1647/1450/1607 1699/1502/1659 1642/1445/1602
f 1699/1502/1659 1581/1384/1541 1693/1496/1653
f 1593/1396/1553 1694/1497/1654 1693/1496/1653
f 1593/1396/1553 1693/1496/1653 1581/1384/1541
f 1699/1502/1659 1647/1450/1607 1607/1410/1567
f 1607/1410/1567 1594/1397/1554 1699/1502/1659
f 1594/1397/1554 1581/1384/1541 1699/1502/1659
f 1555/1339/1515 1553/1334/1513 1700/1335/1660
f 1553/1334/1513 1557/1336/1517 1700/1335/1660
f 1557/1336/1517 1701/1324/1661 1700/1335/1660
f 1702/1322/1662 1700/1335/1660 1701/1324/1661
f 1702/1322/1662 1555/1339/1515 1700/1335/1660
f 1555/1339/1515 1702/1322/1662 1703/1323/1663
f 1704/1340/1664 1702/1322/1662 1701/1324/1661
f 1702/1322/1662 1704/1340/1664 1705/1341/1665
f 1705/1341/1665 1703/1323/1663 1702/1322/1662
f 1703/1323/1663 1705/1341/1665 1706/1348/1666
f 1707/1343/1667 1705/1341/1665 1704/1340/1664
f 1705/1341/1665 1707/1343/1667 1708/1342/1668
f 1709/1345/1669 1705/1341/1665 1708/1342/1668
f 1705/1341/1665 1709/1345/1669 1706/1348/1666
f 1710/1347/1514 1708/1342/1668 1707/1343/1667
f 1711/1346/1670 1708/1342/1668 1710/1347/1514
f 1708/1342/1668 1712/1344/1671 1709/1345/1669
f 1712/1344/1671 1708/1342/1668 1711/1346/1670
f 1713/1349/1672 1714/1350/1673 1715/1351/1674
f 1713/1349/1672 1715/1351/1674 1716/1352/1675
f 1716/1352/1675 1717/1195/1676 1713/1349/1672
f 1718/1353/1677 1716/1352/1675 1715/1351/1674
f 1717/1195/1676 1716/1352/1675 1719/1354/1678
f 1716/1352/1675 1718/1353/1677 1720/1355/1679
f 1720/1355/1679 1719/1354/1678 1716/1352/1675
f 1720/1355/1679 1721/1192/1680 1719/1354/1678
f 1722/1356/1681 1721/1192/1680 1720/1355/1679
f 1718/1353/1677 1722/1356/1681 1720/1355/1679
f 1722/1356/1681 1718/1353/1677 1723/1357/1682
f 1722/1356/1681 1724/1191/1683 1721/1192/1680
f 1722/1356/1681 1725/1193/1684 1724/1191/1683
f 1725/1193/1684 1722/1356/1681 1726/1358/1685
f 1723/1357/1682 1726/1358/1685 1722/1356/1681
f 1726/1358/1685 1723/1357/1682 1727/1359/1673
f 1728/1169/1686 1729/1175/1687 1730/1174/1688
f 1729/1175/1687 1728/1169/1686 1731/1167/1689
f 1732/1163/1690 1731/1167/1689 1728/1169/1686
f 1733/1176/1691 1729/1175/1687 1731/1167/1689
f 1731/1167/1689 1732/1163/1690 1734/1162/1692
f 1735/1168/1693 1731/1167/1689 1734/1162/1692
f 1731/1167/1689 1735/1168/1693 1733/1176/1691
f 1735/1168/1693 1736/1177/1694 1733/1176/1691
f 1736/1177/1694 1735/1168/1693 1737/1170/1695
f 1734/1162/1692 1738/1164/1696 1735/1168/1693
f 1738/1164/1696 1737/1170/1695 1735/1168/1693
f 1734/1162/1692 1732/1163/1690 1739/1160/1697
f 1734/1162/1692 1740/1165/1698 1738/1164/1696
f 1740/1165/1698 1734/1162/1692 1739/1160/1697
f 1741/1158/1699 1739/1160/1697 1732/1163/1690
f 1742/1182/1700 1736/1177/1694 1737/1170/1695
f 1737/1170/1695 1738/1164/1696 1743/1171/1701
f 1740/1165/1698 1744/1172/1702 1738/1164/1696
f 1743/1171/1701 1738/1164/1696 1744/1172/1702
f 1737/1170/1695 1745/1178/1703 1742/1182/1700
f 1737/1170/1695 1746/1179/1704 1745/1178/1703
f 1746/1179/1704 1737/1170/1695 1743/1171/1701
f 1747/1180/1705 1743/1171/1701 1744/1172/1702
f 1743/1171/1701 1747/1180/1705 1746/1179/1704
f 1739/1160/1697 1741/1158/1699 1748/1157/1706
f 1739/1160/1697 1749/1161/1691 1740/1165/1698
f 1749/1161/1691 1739/1160/1697 1748/1157/1706
f 1744/1172/1702 1740/1165/1698 1750/1166/1694
f 1749/1161/1691 1750/1166/1694 1740/1165/1698
f 1750/1166/1694 1747/1180/1705 1744/1172/1702
f 1751/1183/1707 1742/1182/1700 1745/1178/1703
f 1751/1183/1707 1745/1178/1703 1746/1179/1704
f 1746/1179/1704 1752/1184/1708 1751/1183/1707
f 1747/1180/1705 1752/1184/1708 1746/1179/1704
f 1748/1157/1706 1741/1158/1699 1753/1159/1688
f 1742/1182/1700 1751/1183/1707 1754/1187/1709
f 1755/1188/1710 1754/1187/1709 1751/1183/1707
f 1752/1184/1708 1755/1188/1710 1751/1183/1707
f 1747/1180/1705 1750/1166/1694 1756/1173/1711
f 1752/1184/1708 1747/1180/1705 1757/1185/1712
f 1747/1180/1705 1758/1181/1713 1757/1185/1712
f 1758/1181/1713 1747/1180/1705 1756/1173/1711
f 1755/1188/1710 1752/1184/1708 1759/1189/1714
f 1757/1185/1712 1759/1189/1714 1752/1184/1708
f 1760/1194/1715 1754/1187/1709 1755/1188/1710
f 1755/1188/1710 1761/1196/1716 1760/1194/1715
f 1759/1189/1714 1761/1196/1716 1755/1188/1710
f 1759/1189/1714 1757/1185/1712 1762/1190/1717
f 1758/1181/1713 1763/1186/1715 1757/1185/1712
f 1762/1190/1717 1757/1185/1712 1763/1186/1715
f 1761/1196/1716 1759/1189/1714 1764/1192/1718
f 1762/1190/1717 1764/1192/1718 1759/1189/1714
f 1765/1195/1719 1760/1194/1715 1761/1196/1716
f 1764/1192/1718 1762/1190/1717 1766/1191/1720
f 1763/1186/1715 1767/1193/1719 1762/1190/1717
f 1766/1191/1720 1762/1190/1717 1767/1193/1719
f 1768/1503/1721 1769/1504/1722 1770/1505/1723
f 1769/1504/1722 1768/1503/1721 1771/1506/1724
f 1772/1507/1725 1771/1506/1724 1768/1503/1721
f 1771/1506/1724 1772/1507/1725 1773/1508/1726
f 1774/1509/1727 1769/1504/1722 1771/1506/1724
f 1773/1508/1726 1774/1509/1727 1771/1506/1724
f 1769/1504/1722 1774/1509/1727 1775/1510/1728
f 1774/1509/1727 1773/1508/1726 1776/1511/1729
f 1776/1511/1729 1777/1512/1730 1774/1509/1727
f 1774/1509/1727 1778/1317/1731 1775/1510/1728
f 1778/1317/1731 1774/1509/1727 1777/1512/1730
f 1777/1512/1730 1776/1511/1729 1779/1321/1732
f 1779/1321/1732 1780/1513/1721 1777/1512/1730
f 1778/1317/1731 1777/1512/1730 1780/1513/1721
f 1778/1317/1731 1780/1513/1721 1781/1514/1733
f 1780/1513/1721 1779/1321/1732 1782/1515/1734
f 1783/1516/1735 1784/1517/1736 1785/1518/1737
f 1784/1517/1736 1786/1519/1738 1785/1518/1737
f 1787/1520/1739 1788/1521/1740 1784/1517/1736
f 1788/1521/1740 1787/1520/1741 1789/1522/1742
f 1787/1520/1741 1790/1523/1743 1789/1522/1742
f 1791/1524/1744 1792/1525/1745 1793/1526/1746
f 1794/1527/1747 1791/1524/1744 1793/1526/1746
f 1795/1528/1737 1791/1524/1744 1794/1527/1747
f 1796/1529/1748 1797/1530/1749 1798/1531/1750
f 1799/1532/1751 1798/1531/1750 1797/1530/1749
f 1800/1533/1752 1798/1531/1750 1799/1532/1751
f 1800/1533/1752 1801/1534/1753 1798/1531/1750
f 1798/1531/1750 1801/1534/1753 1802/1535/1754
f 1801/1534/1753 1800/1533/1752 1803/1536/1755
f 1799/1532/1751 1804/1537/1756 1800/1533/1752
f 1805/1538/1757 1804/1537/1756 1799/1532/1751
f 1799/1532/1751 1806/1539/1758 1805/1538/1757
f 1799/1532/1751 1807/1540/1759 1806/1539/1758
f 1797/1530/1749 1807/1540/1759 1799/1532/1751
f 1806/1539/1758 1808/1541/1760 1805/1538/1757
f 1809/1542/1761 1806/1539/1758 1807/1540/1759
f 1808/1541/1760 1806/1539/1758 1809/1542/1761
f 1808/1541/1760 1809/1542/1761 1810/1543/1762
f 1810/1543/1762 1809/1542/1761 1811/1544/1763
f 1812/1545/1764 1809/1542/1761 1807/1540/1759
f 1812/1545/1764 1811/1544/1763 1809/1542/1761
f 1812/1545/1764 1813/1546/1765 1811/1544/1763
f 1811/1544/1763 1813/1546/1765 1814/1547/1766
f 1810/1543/1762 1811/1544/1763 1814/1547/1766
f 1814/1547/1766 1815/1548/1767 1810/1543/1762
f 1816/1549/1768 1814/1547/1766 1813/1546/1765
f 1816/1549/1768 1815/1548/1767 1814/1547/1766
f 1813/1546/1765 1817/1550/1769 1816/1549/1768
f 1812/1545/1764 1817/1550/1769 1813/1546/1765
f 1818/1551/1770 1812/1545/1764 1807/1540/1759
f 1812/1545/1764 1818/1551/1770 1817/1550/1769
f 1818/1551/1770 1807/1540/1759 1797/1530/1749
f 1817/1550/1769 1818/1551/1770 1819/1552/1771
f 1820/1553/1772 1819/1552/1771 1818/1551/1770
f 1818/1551/1770 1797/1530/1749 1820/1553/1772
f 1821/1554/1773 1820/1553/1772 1797/1530/1749
f 1822/1555/1774 1820/1553/1772 1821/1554/1773
f 1822/1555/1774 1823/1556/1775 1820/1553/1772
f 1819/1552/1771 1820/1553/1772 1823/1556/1775
f 1819/1552/1771 1823/1556/1775 1824/1557/1776
f 1822/1555/1774 1825/1558/1777 1823/1556/1775
f 1824/1557/1776 1823/1556/1775 1825/1558/1777
f 1824/1557/1776 1825/1558/1777 1826/1559/1778
f 1825/1558/1777 1822/1555/1774 1827/1560/1779
f 1826/1559/1778 1825/1558/1777 1828/1561/1780
f 1825/1558/1777 1827/1560/1779 1828/1561/1780
f 1827/1560/1779 1822/1555/1774 1829/1562/1781
f 1828/1561/1780 1830/1563/1782 1826/1559/1778
f 1831/1564/1783 1828/1561/1780 1827/1560/1779
f 1831/1564/1783 1830/1563/1782 1828/1561/1780
f 1827/1560/1779 1832/1565/1784 1831/1564/1783
f 1833/1566/1785 1827/1560/1779 1829/1562/1781
f 1832/1565/1784 1827/1560/1779 1833/1566/1785
f 1831/1564/1783 1832/1565/1784 1834/1567/1786
f 1834/1567/1786 1830/1563/1782 1831/1564/1783
f 1834/1567/1786 1832/1565/1784 1833/1566/1785
f 1833/1566/1785 1829/1562/1781 1835/1568/1787
f 1834/1567/1786 1833/1566/1785 1836/1569/1788
f 1836/1569/1788 1833/1566/1785 1837/1570/1789
f 1835/1568/1787 1837/1570/1789 1833/1566/1785
f 1836/1569/1788 1838/1571/1790 1834/1567/1786
f 1839/1572/1791 1836/1569/1788 1837/1570/1789
f 1836/1569/1788 1839/1572/1791 1838/1571/1790
f 1835/1568/1787 1840/1573/1792 1837/1570/1789
f 1841/1574/1793 1837/1570/1789 1840/1573/1792
f 1837/1570/1789 1841/1574/1793 1839/1572/1791
f 1840/1573/1792 1842/1575/1794 1841/1574/1793
f 1843/1576/1795 1844/1577/1796 1845/1578/1797
f 1845/1578/1797 1846/1579/1798 1843/1576/1795
f 1846/1579/1798 1845/1578/1797 1847/1580/1799
f 1848/1581/1800 1847/1580/1799 1845/1578/1797
f 1848/1581/1800 1849/1582/1801 1847/1580/1799
f 1849/1582/1801 1850/1583/1802 1847/1580/1799
f 1850/1583/1802 1849/1582/1801 1851/1584/1803
f 1850/1583/1802 1851/1584/1803 1852/1585/1804
f 1852/1585/1804 1851/1584/1803 1853/1586/1805
f 1854/1587/1806 1853/1586/1805 1851/1584/1803
f 1855/1588/1807 1852/1585/1804 1853/1586/1805
f 1853/1586/1805 1854/1587/1806 1856/1589/1808
f 1853/1586/1805 1856/1589/1808 1857/1590/1809
f 1855/1588/1807 1853/1586/1805 1857/1590/1809
f 1856/1589/1808 1854/1587/1806 1858/1591/1810
f 1856/1589/1808 1858/1591/1810 1859/1592/1811
f 1857/1590/1809 1856/1589/1808 1859/1592/1811
f 1860/1593/1812 1858/1591/1810 1854/1587/1806
f 1858/1591/1810 1860/1593/1812 1859/1592/1811
f 1861/1594/1813 1855/1588/1807 1857/1590/1809
f 1861/1594/1813 1862/1595/1814 1855/1588/1807
f 1863/1596/1815 1861/1594/1813 1857/1590/1809
f 1859/1592/1811 1864/1597/1816 1857/1590/1809
f 1864/1597/1816 1863/1596/1815 1857/1590/1809
f 1865/1598/1817 1859/1592/1811 1860/1593/1812
f 1859/1592/1811 1865/1598/1817 1866/1599/1818
f 1865/1598/1817 1867/1600/1819 1866/1599/1818
f 1868/1601/1820 1869/1602/1821 1870/1603/1822
f 1868/1601/1820 1871/1604/1823 1869/1602/1821
f 1869/1602/1821 1872/1605/1824 1870/1603/1822
f 1871/1604/1823 1873/1606/1825 1869/1602/1821
f 1872/1605/1824 1869/1602/1821 1874/1607/1826
f 1875/1608/1827 1869/1602/1821 1873/1606/1825
f 1869/1602/1821 1875/1608/1827 1876/1609/1828
f 1869/1602/1821 1876/1609/1828 1874/1607/1826
f 1874/1607/1826 1877/1610/1829 1872/1605/1824
f 1877/1610/1829 1874/1607/1826 1878/1611/1830
f 1876/1609/1828 1878/1611/1830 1874/1607/1826
f 1875/1608/1827 1873/1606/1825 1879/1612/1831
f 1875/1608/1827 1880/1613/1832 1876/1609/1828
f 1880/1613/1832 1875/1608/1827 1879/1612/1831
f 1878/1611/1830 1876/1609/1828 1881/1614/1833
f 1881/1614/1833 1876/1609/1828 1880/1613/1832
f 1878/1611/1830 1881/1614/1833 1882/1615/1834
f 1880/1613/1832 1882/1615/1834 1881/1614/1833
f 1882/1615/1834 1880/1613/1832 1883/1616/1835
f 1879/1612/1831 1883/1616/1835 1880/1613/1832
f 1878/1611/1830 1884/1617/1836 1877/1610/1829
f 1884/1617/1836 1878/1611/1830 1885/1618/1837
f 1882/1615/1834 1885/1618/1837 1878/1611/1830
f 1883/1616/1835 1879/1612/1831 1886/1619/1838
f 1887/1620/1839 1884/1617/1836 1885/1618/1837
f 1885/1618/1837 1882/1615/1834 1887/1620/1839
f 1882/1615/1834 1888/1621/1840 1887/1620/1839
f 1888/1621/1840 1882/1615/1834 1883/1616/1835
f 1883/1616/1835 1889/1622/1841 1888/1621/1840
f 1886/1619/1838 1889/1622/1841 1883/1616/1835
f 1887/1620/1839 1888/1621/1840 1890/1623/1842
f 1889/1622/1841 1890/1623/1842 1888/1621/1840
f 1884/1617/1836 1887/1620/1839 1891/1624/1843
f 1891/1624/1843 1887/1620/1839 1892/1625/1844
f 1887/1620/1839 1890/1623/1842 1892/1625/1844
f 1889/1622/1841 1886/1619/1838 1893/1626/1845
f 1890/1623/1842 1889/1622/1841 1894/1627/1846
f 1893/1626/1845 1894/1627/1846 1889/1622/1841
f 1890/1623/1842 1895/1628/1847 1892/1625/1844
f 1894/1627/1846 1895/1628/1847 1890/1623/1842
f 1891/1624/1843 1892/1625/1844 1896/1629/1848
f 1892/1625/1844 1897/1630/1849 1896/1629/1848
f 1892/1625/1844 1895/1628/1847 1897/1630/1849
f 1894/1627/1846 1893/1626/1845 1898/1631/1850
f 1895/1628/1847 1894/1627/1846 1899/1632/1851
f 1898/1631/1850 1899/1632/1851 1894/1627/1846
f 1897/1630/1849 1895/1628/1847 1900/1602/1852
f 1895/1628/1847 1899/1632/1851 1900/1602/1852
f 1896/1629/1848 1897/1630/1849 1901/1633/1853
f 1897/1630/1849 1900/1602/1852 1901/1633/1853
f 1899/1632/1851 1898/1631/1850 1902/1634/1854
f 1902/1634/1854 1900/1602/1852 1899/1632/1851
f 1901/1633/1853 1900/1602/1852 1903/1603/1855
f 1900/1602/1852 1902/1634/1854 1904/1604/1856
f 1900/1602/1852 1904/1604/1856 1905/1601/1857
f 1903/1603/1855 1900/1602/1852 1905/1601/1857
f 1906/1340/1858 1907/1322/1859 1908/1324/1860
f 1907/1322/1859 1909/1336/1861 1908/1324/1860
f 1910/1343/1862 1911/1341/1863 1906/1340/1858
f 1912/1348/1864 1907/1322/1859 1911/1341/1863
f 1913/1339/1865 1907/1322/1859 1914/1323/1866
f 1909/1336/1861 1907/1322/1859 1915/1335/1867
f 1913/1339/1865 1916/1334/1868 1915/1335/1867
f 1909/1336/1861 1916/1334/1868 1917/1331/1869
f 1918/1346/1870 1919/1342/1871 1920/1347/1872
f 1919/1342/1871 1921/1344/1873 1922/1345/1874
f 1921/1344/1873 1919/1342/1871 1918/1346/1870
f 1923/1338/1514 1916/1334/1868 1924/1337/1516
f 1925/1635/1875 1926/1636/1876 1927/1637/1877
f 1928/1303/1878 1409/1304/1385 1410/1305/1386
f 1928/1303/1878 1410/1305/1386 1411/1306/1387
f 1420/1311/1879 1929/1360/1388 1421/1312/1395
f 1420/1311/1879 1421/1312/1397 1930/1313/1880
f 1421/1312/1397 1423/1314/1385 1930/1313/1880
f 1441/1316/1416 1440/1317/1415 1931/1318/1425
f 1443/1320/1418 1442/1319/1417 1441/1316/1416
f 1442/1319/1881 1443/1320/1414 1932/1321/1882
f 1932/1321/1882 1445/1322/1420 1442/1319/1881
f 1440/1317/1415 1445/1322/1420 1933/1323/1883
f 1445/1322/1420 1932/1321/1882 1446/1324/1421
f 1446/1324/1407 1447/1325/1411 1445/1322/1420
f 1445/1322/1420 1448/1326/1422 1933/1323/1883
f 1448/1326/1422 1450/1327/1424 1933/1323/1883
f 1448/1326/1422 1449/1328/1423 1450/1327/1424
f 1449/1328/1423 1447/1325/1411 1934/1329/1884
f 1935/1638/1885 1453/1332/1427 1454/1333/1886
f 1936/1639/1887 1453/1332/1427 1935/1638/1885
f 1460/1324/1434 1936/1639/1887 1935/1638/1885
f 1937/1640/1888 1453/1332/1427 1936/1639/1887
f 1453/1332/1427 1937/1640/1888 1938/1338/1889
f 1939/1322/1890 1936/1639/1887 1460/1324/1434
f 1936/1639/1887 1464/1323/1438 1937/1640/1888
f 1464/1323/1438 1936/1639/1887 1939/1322/1890
f 1463/1340/1437 1939/1322/1890 1460/1324/1434
f 1939/1322/1890 1463/1340/1437 1465/1341/1891
f 1939/1322/1890 1465/1341/1891 1464/1323/1438
f 1465/1341/1441 1940/1348/1455 1464/1323/1892
f 1469/1345/1444 1465/1341/1441 1466/1342/1440
f 1465/1341/1441 1469/1345/1444 1940/1348/1455
f 1466/1342/1893 1941/1344/1894 1469/1345/1444
f 1471/1347/1428 1466/1342/1440 1467/1343/1442
f 1941/1344/1894 1466/1342/1893 1470/1346/1427
f 1509/1303/1477 1508/1305/1476 1942/1306/1483
f 1513/1306/1481 1512/1304/1480 1943/1305/1895
f 1514/1307/1476 1944/1308/1481 1515/1309/1482
f 1517/1311/1483 1519/1312/1480 1945/1313/1896
f 1521/1314/1486 1519/1312/1480 1520/1315/1485
f 1519/1312/1480 1521/1314/1486 1945/1313/1896
f 1514/1307/1476 1520/1315/1485 1944/1308/1481
f 1946/1320/1489 1540/1319/1503 1537/1316/1500
f 1540/1319/1503 1946/1320/1489 1542/1321/1505
f 1542/1321/1505 1541/1322/1504 1540/1319/1503
f 1538/1317/1501 1541/1322/1504 1547/1323/1509
f 1541/1322/1504 1545/1326/1507 1547/1323/1509
f 1546/1327/1508 1548/1328/1500 1947/1330/1502
f 1785/1518/1737 1948/1641/1747 1783/1516/1735
f 1792/1525/1745 1784/1517/1736 1783/1516/1735
f 1786/1519/1738 1784/1517/1736 1788/1521/1740
f 1787/1520/1739 1784/1517/1736 1792/1525/1745
f 1788/1521/1740 1787/1520/1897 1949/1522/1898
f 1791/1524/1744 1787/1520/1739 1792/1525/1745
f 1787/1520/1897 1790/1523/1899 1949/1522/1898
f 1790/1523/1900 1787/1520/1739 1791/1524/1744
f 1950/1642/1738 1790/1523/1900 1791/1524/1744
f 1791/1524/1744 1795/1528/1737 1950/1642/1738
f 1951/1643/1901 1952/1644/1902 1953/1573/1903
f 1953/1573/1903 1952/1644/1902 1954/1571/1904
f 1953/1573/1903 1954/1571/1904 1955/1575/1905
f 1956/1576/1906 1957/1645/1907 1958/1646/1908
f 1958/1646/1908 1957/1645/1907 1959/1647/1909
f 1957/1645/1907 1960/1648/1910 1959/1647/1909
f 1961/1649/1911 1959/1647/1909 1960/1648/1910
f 1960/1648/1910 1962/1650/1912 1961/1649/1911
f 1963/1651/1913 1959/1647/1909 1961/1649/1911
f 1962/1650/1912 1964/1588/1914 1961/1649/1911
f 1963/1651/1913 1961/1649/1911 1964/1588/1914
f 1965/1652/1915 1959/1647/1909 1963/1651/1913
f 1963/1651/1913 1966/1653/1916 1965/1652/1915
f 1966/1653/1916 1963/1651/1913 1964/1588/1914
f 1965/1652/1915 1967/1654/1917 1959/1647/1909
f 1968/1655/1918 1967/1654/1917 1965/1652/1915
f 1968/1655/1918 1965/1652/1915 1969/1656/1919
f 1965/1652/1915 1966/1653/1916 1969/1656/1919
f 1966/1653/1916 1970/1657/1920 1969/1656/1919
f 1969/1656/1919 1970/1657/1920 1971/1600/1921
f 1971/1600/1921 1968/1655/1918 1969/1656/1919
f 1972/1596/1922 1966/1653/1916 1964/1588/1914
f 1964/1588/1914 1973/1595/1923 1972/1596/1922
f 1967/1654/1917 1968/1655/1918 1974/1658/1924
f 1975/1659/1925 1974/1658/1924 1968/1655/1918
f 1968/1655/1918 1971/1600/1921 1975/1659/1925
f 1967/1654/1917 1974/1658/1924 1976/1660/1926
f 1977/1535/1927 1976/1660/1926 1974/1658/1924
f 1974/1658/1924 1975/1659/1925 1977/1535/1927
f 1977/1535/1927 1978/1661/1928 1976/1660/1926
f 1979/1662/1929 1976/1660/1926 1978/1661/1928
f 1978/1661/1928 1977/1535/1927 1980/1536/1930
f 1978/1661/1928 1981/1663/1931 1979/1662/1929
f 1980/1536/1930 1982/1537/1932 1978/1661/1928
f 1978/1661/1928 1982/1537/1932 1983/1545/1933
f 1983/1545/1933 1984/1664/1934 1978/1661/1928
f 1981/1663/1931 1978/1661/1928 1984/1664/1934
f 1985/1665/1935 1981/1663/1931 1984/1664/1934
f 1985/1665/1935 1984/1664/1934 1986/1666/1936
f 1984/1664/1934 1983/1545/1933 1986/1666/1936
f 1981/1663/1931 1985/1665/1935 1987/1559/1937
f 1983/1545/1933 1982/1537/1932 1988/1667/1938
f 1983/1545/1933 1989/1548/1939 1986/1666/1936
f 1988/1667/1938 1989/1548/1939 1983/1545/1933
f 1988/1667/1938 1982/1537/1932 1990/1538/1940
f 1907/1322/1859 1906/1340/1858 1911/1341/1863
f 1911/1341/1863 1910/1343/1862 1919/1342/1871
f 1922/1345/1874 1911/1341/1863 1919/1342/1871
f 1911/1341/1863 1922/1345/1874 1912/1348/1864
f 1907/1322/1859 1912/1348/1864 1914/1323/1866
f 1907/1322/1859 1913/1339/1865 1915/1335/1867
f 1920/1347/1872 1919/1342/1871 1910/1343/1862
f 1916/1334/1868 1909/1336/1861 1915/1335/1867
f 1916/1334/1868 1913/1339/1865 1924/1337/1516
f 1916/1334/1868 1991/1333/1872 1917/1331/1869
f 1991/1333/1872 1916/1334/1868 1992/1332/1870
f 1916/1334/1868 1923/1338/1514 1992/1332/1870
o Model001_25_apotent_1.1_10.010
v -0.938312 0.500635 -0.399469
v -0.976821 0.635728 -0.474045
v -0.951157 0.486890 -0.422091
v -0.963989 0.571856 -0.421177
v -0.932817 0.450822 -0.516534
v -0.994548 0.734753 -0.474959
v -1.073405 0.271412 -0.515921
v -1.083796 0.136770 -0.549234
v -1.073405 0.243295 -0.592938
v -0.985997 0.615560 -0.511639
v -0.941981 0.424232 -0.568188
v -1.012888 0.708476 -0.485049
v -0.979875 0.749426 -0.457232
v -1.018997 0.573684 -0.531808
v -0.974993 0.387551 -0.600888
v -1.033670 0.432783 -0.571856
v -1.014115 0.343534 -0.613119
v -1.074019 0.326421 -0.538543
v -1.060573 0.380828 -0.559324
v -1.030615 0.666900 -0.478940
v -1.046514 0.521730 -0.523558
v -1.059347 0.465795 -0.504917
v -1.037951 0.608224 -0.464268
v -0.985384 0.721922 -0.459072
v -0.779384 0.709691 -0.625650
v -1.057518 0.409560 -0.484749
v -0.704808 0.707250 -0.662631
v -0.767152 0.653455 -0.590196
v -0.630232 0.728644 -0.674236
v -1.021451 0.492085 -0.437677
v -0.965817 0.570016 -0.410173
v -0.887573 0.569402 -0.445314
v -0.572156 0.775716 -0.668741
v -0.643678 0.662018 -0.568188
v -0.576738 0.740262 -0.507057
v -0.751879 0.612506 -0.556871
v -0.814224 0.563606 -0.492999
v -1.059960 0.217769 -0.497581
v -0.919972 0.404052 -0.365543
v -0.855787 0.465494 -0.404051
v -0.733539 0.575212 -0.519889
v -0.635728 0.643678 -0.518976
v -1.036124 0.166728 -0.485663
v -1.075245 0.085355 -0.525698
v -0.795270 0.518062 -0.464568
v -0.715199 0.543125 -0.478026
v -0.836232 0.415055 -0.383883
v -0.897976 0.350270 -0.352097
v -1.030002 0.121410 -0.462740
v -1.083796 0.043403 -0.492385
v -0.718253 0.537617 -0.427286
v -1.070964 0.122186 -0.474959
v -1.110699 0.039736 -0.462427
v -0.855186 0.414442 -0.351797
v -0.929148 0.344148 -0.346601
v -0.987212 0.269722 -0.382055
v -0.909581 0.431255 -0.363402
v -0.767766 0.555657 -0.416583
v -0.611892 0.747598 -0.471904
v -1.086250 0.396414 -0.446240
v -1.058119 0.300745 -0.462427
v -0.960934 0.449295 -0.380215
v -0.822174 0.573997 -0.421778
v -0.943821 0.537617 -0.392746
v -0.993947 0.558712 -0.405578
v -1.026947 0.680358 -0.433095
v -0.976821 0.648573 -0.413841
v -1.025733 0.786720 -0.421177
v -0.820947 0.700526 -0.448068
v -0.921199 0.751880 -0.437377
v -1.002497 0.823388 -0.405578
v -0.949930 0.888801 -0.410173
v -0.915090 1.017170 -0.365242
v -0.761657 1.240898 -0.309157
v -0.745758 1.222557 -0.329788
v -0.647959 1.412057 -0.269271
v -0.756762 1.087464 -0.376860
v -0.788548 0.805661 -0.452650
v -0.737207 0.932204 -0.436150
v -0.547406 1.025120 -0.495753
v -0.499721 0.899804 -0.647959
v -0.628392 1.172431 -0.397028
v -0.609138 1.036737 -0.469463
v -0.506444 1.366826 -0.409860
v -0.519276 1.154704 -0.493912
v -0.533347 0.879023 -0.501549
v -0.509198 0.879023 -0.542812
v -0.406805 1.163880 -0.612192
v -0.468850 1.017784 -0.533347
v -0.410473 1.297133 -0.542812
v -0.359433 1.379045 -0.555957
v -0.375933 1.281246 -0.593864
v -0.262549 1.416952 -0.636341
v -0.305176 1.346044 -0.662631
v -0.371965 1.176099 -0.639396
v -0.312975 1.262906 -0.770207
v -0.334370 1.229893 -0.739648
v -0.367070 0.917531 -0.735980
v -0.367383 0.997615 -0.894909
v -0.379914 0.984771 -0.865577
v -0.367683 0.559324 -0.871073
v -0.422091 0.731086 -1.012275
v -0.431568 0.711531 -0.968884
v -0.383883 0.477100 -0.890027
v -0.457845 0.582247 -0.995775
v -0.453564 0.367383 -1.090519
v -0.420251 0.397942 -0.884518
v -0.506444 0.044781 -1.093586
v -0.469463 0.052718 -1.136363
v -0.462427 0.406505 -1.028787
v -0.445627 0.317870 -0.882077
v -0.471904 -0.001051 -0.937098
vt 0.371000 0.005496
vt 0.380000 0.036496
vt 0.380000 0.005496
vt 0.371000 0.021496
vt 0.411000 0.005496
vt 0.371000 0.052496
vt 0.501000 0.021496
vt 0.539000 0.005496
vt 0.501000 0.005496
vt 0.393000 0.036496
vt 0.429000 0.005496
vt 0.380000 0.052496
vt 0.371000 0.068496
vt 0.411000 0.036496
vt 0.447000 0.005496
vt 0.447000 0.021496
vt 0.465000 0.005496
vt 0.483000 0.021496
vt 0.465000 0.021496
vt 0.393000 0.052496
vt 0.429000 0.036496
vt 0.447000 0.036496
vt 0.411000 0.052496
vt 0.380000 0.068496
vt 0.371000 0.118496
vt 0.465000 0.036496
vt 0.371000 0.133496
vt 0.394000 0.118496
vt 0.371000 0.149496
vt 0.447000 0.052496
vt 0.429000 0.068496
vt 0.429000 0.084496
vt 0.371000 0.164496
vt 0.412000 0.141496
vt 0.429000 0.164496
vt 0.411000 0.118496
vt 0.429000 0.101496
vt 0.520000 0.021496
vt 0.483000 0.068496
vt 0.465000 0.084496
vt 0.429000 0.118496
vt 0.429000 0.141496
vt 0.539000 0.021496
vt 0.559000 0.005496
vt 0.447000 0.101496
vt 0.447000 0.118496
vt 0.483000 0.084496
vt 0.501000 0.068496
vt 0.559000 0.021496
vt 0.579000 0.005496
vt 0.465000 0.118496
vt 0.579000 0.021496
vt 0.591000 0.005496
vt 0.502000 0.084496
vt 0.521000 0.068496
vt 0.540000 0.052496
vt 0.521000 0.084496
vt 0.484000 0.118496
vt 0.448000 0.164496
vt 0.591000 0.066496
vt 0.579000 0.052496
vt 0.540000 0.084496
vt 0.502000 0.118496
vt 0.540000 0.101496
vt 0.559000 0.101496
vt 0.579000 0.118496
vt 0.559000 0.118496
vt 0.591000 0.135496
vt 0.511000 0.141496
vt 0.549000 0.141496
vt 0.591000 0.145496
vt 0.579000 0.164496
vt 0.591000 0.192496
vt 0.591000 0.256496
vt 0.579000 0.251496
vt 0.591000 0.304496
vt 0.549000 0.223496
vt 0.511000 0.164496
vt 0.511000 0.193496
vt 0.447000 0.223496
vt 0.371000 0.193496
vt 0.511000 0.252496
vt 0.474000 0.223496
vt 0.477000 0.304496
vt 0.447000 0.252496
vt 0.429000 0.193496
vt 0.412000 0.193496
vt 0.371000 0.252496
vt 0.412000 0.223496
vt 0.398000 0.286496
vt 0.371000 0.304496
vt 0.371000 0.279496
vt 0.299000 0.304496
vt 0.317000 0.286496
vt 0.299000 0.253496
vt 0.317000 0.252496
vt 0.299000 0.194496
vt 0.312000 0.194496
vt 0.299000 0.135496
vt 0.317000 0.133496
vt 0.371000 0.101496
vt 0.317000 0.109496
vt 0.298000 0.066496
vt 0.371000 0.084496
vt 0.316000 0.005496
vt 0.298000 0.004496
vt 0.317000 0.076496
vn -0.970200 -0.210100 0.120300
vn -0.928200 -0.235100 0.288500
vn -0.975200 -0.099000 0.198000
vn -0.948400 -0.292400 -0.123000
vn -0.941300 -0.274000 0.197300
vn -0.509600 -0.640400 0.574700
vn 0.969000 -0.013500 -0.246700
vn 0.900100 0.011300 -0.435600
vn 0.957300 -0.122000 0.262200
vn -0.466000 -0.391600 0.793400
vn -0.531500 -0.371200 0.761400
vn 0.694600 -0.667500 0.268300
vn 0.454400 -0.188300 -0.870700
vn 0.383700 -0.370500 0.845900
vn 0.002300 -0.373500 0.927600
vn 0.627400 -0.270600 0.730200
vn 0.512200 -0.278800 0.812400
vn 0.993800 -0.109200 0.021200
vn 0.904300 -0.193100 0.380800
vn 0.893000 -0.391700 0.221800
vn 0.880500 -0.230900 0.414100
vn 0.992300 -0.123600 -0.000200
vn 0.915800 -0.199000 -0.349000
vn 0.183700 -0.281600 -0.941800
vn -0.525000 -0.391800 -0.755500
vn 0.912000 -0.030400 -0.409000
vn -0.114900 -0.747600 -0.654100
vn -0.201100 -0.677100 -0.707900
vn 0.261700 -0.795600 -0.546300
vn 0.721200 -0.035100 -0.691900
vn 0.112000 -0.275800 -0.954700
vn -0.473300 -0.436200 -0.765400
vn 0.770300 -0.608900 -0.189400
vn 0.580500 -0.699700 -0.416400
vn 0.872500 -0.440500 0.211200
vn 0.020300 -0.720600 -0.693000
vn -0.321900 -0.589600 -0.740800
vn 0.753700 0.084200 -0.651800
vn 0.353900 -0.105900 -0.929300
vn -0.324000 -0.450700 -0.831800
vn 0.176500 -0.711700 -0.679900
vn 0.726400 -0.636700 -0.258800
vn 0.756300 -0.014400 -0.654100
vn 0.843100 -0.240200 -0.481100
vn -0.129500 -0.619800 -0.774000
vn 0.474400 -0.742000 -0.473700
vn 0.333600 -0.763200 -0.553400
vn 0.760900 -0.611700 0.216500
vn 0.686600 -0.605400 0.402700
vn 0.648300 -0.437300 0.623300
vn 0.742100 -0.394300 0.542100
vn 0.024100 -0.191200 0.981300
vn 0.597300 -0.168700 0.784100
vn 0.357700 -0.056800 0.932100
vn -0.127400 -0.060400 0.990000
vn -0.392900 -0.175500 0.902700
vn -0.197200 0.274900 0.941000
vn 0.103700 0.286900 0.952300
vn 0.317900 0.029800 0.947700
vn 0.311100 -0.090200 0.946100
vn -0.426500 -0.017100 0.904300
vn -0.432000 0.098500 0.896500
vn 0.090400 0.263100 0.960500
vn -0.066000 0.206600 0.976200
vn -0.399100 0.086800 0.912800
vn -0.077200 0.022200 0.996800
vn -0.027600 0.192400 0.980900
vn 0.360600 -0.277900 0.890300
vn 0.131000 0.098500 0.986500
vn 0.107600 -0.069900 0.991700
vn 0.688700 -0.517800 0.507600
vn 0.347000 -0.377300 0.858600
vn 0.430200 -0.429100 0.794200
vn 0.436400 -0.478700 0.761900
vn 0.383400 -0.392400 0.836100
vn 0.486900 -0.483600 0.727400
vn 0.243200 -0.296000 0.923700
vn 0.229200 -0.124200 0.965400
vn 0.351800 -0.267900 0.896900
vn 0.271900 -0.074500 0.959400
vn 0.905800 -0.423100 -0.023500
vn 0.472700 -0.306600 0.826100
vn 0.465500 -0.229900 0.854700
vn 0.591200 -0.333400 0.734400
vn 0.485800 -0.192000 0.852700
vn 0.579500 -0.147000 0.801600
vn 0.911300 -0.331200 0.244500
vn 0.908500 -0.279500 0.310600
vn 0.847900 -0.216500 0.483900
vn 0.716300 -0.268200 0.644200
vn 0.678700 -0.316500 0.662800
vn 0.767500 -0.244500 0.592600
vn 0.714300 -0.497100 0.492600
vn 0.824500 -0.396400 0.403900
vn 0.905000 -0.226000 0.360400
vn 0.850100 -0.429100 0.305400
vn 0.947300 -0.261700 0.184600
vn 0.998000 -0.058200 0.023500
vn 0.912600 -0.308600 0.268300
vn 0.988000 -0.153100 -0.020800
vn 0.890300 -0.000900 -0.455400
vn 0.945900 -0.231100 0.227800
vn 0.964200 -0.121700 -0.235500
vn 0.715000 -0.177200 -0.676300
vn 0.962700 -0.129400 -0.237700
vn 0.917300 -0.131900 0.375700
vn 0.865100 -0.208500 -0.456300
vn 0.985300 -0.112800 0.128500
vn 0.761900 -0.130900 0.634400
vn 0.990700 -0.119500 -0.064600
vn 0.963100 -0.143900 -0.227600
vn 0.973100 -0.041000 -0.226800
usemtl Model001_Material001
s 1
f 1993/1668/1941 1994/1669/1942 1995/1670/1943
f 1994/1669/1942 1993/1668/1941 1996/1671/1944
f 1995/1670/1943 1994/1669/1942 1997/1672/1945
f 1998/1673/1946 1994/1669/1942 1996/1671/1944
f 1999/1674/1947 2000/1675/1948 2001/1676/1949
f 2002/1677/1950 2003/1678/1951 1997/1672/1945
f 1997/1672/1945 1994/1669/1942 2002/1677/1950
f 1994/1669/1942 1998/1673/1946 2004/1679/1952
f 2004/1679/1952 2002/1677/1950 1994/1669/1942
f 2005/1680/1953 2004/1679/1952 1998/1673/1946
f 2003/1678/1951 2002/1677/1950 2006/1681/1954
f 2006/1681/1954 2007/1682/1955 2003/1678/1951
f 2008/1683/1956 2009/1684/1957 2007/1682/1955
f 2007/1682/1955 2006/1681/1954 2008/1683/1956
f 2001/1676/1949 2010/1685/1958 1999/1674/1947
f 2009/1684/1957 2008/1683/1956 2011/1686/1959
f 2011/1686/1959 2001/1676/1949 2009/1684/1957
f 2001/1676/1949 2011/1686/1959 2010/1685/1958
f 2002/1677/1950 2004/1679/1952 2012/1687/1960
f 2012/1687/1960 2006/1681/1954 2002/1677/1950
f 2013/1688/1961 2008/1683/1956 2006/1681/1954
f 2008/1683/1956 2013/1688/1961 2014/1689/1962
f 2014/1689/1962 2011/1686/1959 2008/1683/1956
f 2015/1690/1963 2013/1688/1961 2006/1681/1954
f 2015/1690/1963 2014/1689/1962 2013/1688/1961
f 2006/1681/1954 2012/1687/1960 2015/1690/1963
f 2004/1679/1952 2005/1680/1953 2016/1691/1964
f 2016/1691/1964 2012/1687/1960 2004/1679/1952
f 2016/1691/1964 2015/1690/1963 2012/1687/1960
f 2005/1680/1953 2017/1692/1965 2016/1691/1964
f 2018/1693/1966 1999/1674/1947 2010/1685/1958
f 2018/1693/1966 2010/1685/1958 2011/1686/1959
f 2011/1686/1959 2014/1689/1962 2018/1693/1966
f 2019/1694/1967 2020/1695/1968 2017/1692/1965
f 2020/1695/1968 2019/1694/1967 2021/1696/1969
f 2014/1689/1962 2015/1690/1963 2022/1697/1970
f 2022/1697/1970 2018/1693/1966 2014/1689/1962
f 2023/1698/1971 2022/1697/1970 2015/1690/1963
f 2015/1690/1963 2016/1691/1964 2023/1698/1971
f 2023/1698/1971 2016/1691/1964 2024/1699/1972
f 2017/1692/1965 2024/1699/1972 2016/1691/1964
f 2025/1700/1973 2026/1701/1974 2021/1696/1969
f 2026/1701/1974 2025/1700/1973 2027/1702/1975
f 2028/1703/1976 2021/1696/1969 2026/1701/1974
f 2021/1696/1969 2028/1703/1976 2020/1695/1968
f 2020/1695/1968 2029/1704/1977 2017/1692/1965
f 2029/1704/1977 2020/1695/1968 2028/1703/1976
f 2024/1699/1972 2017/1692/1965 2029/1704/1977
f 1999/1674/1947 2018/1693/1966 2030/1705/1978
f 2000/1675/1948 1999/1674/1947 2030/1705/1978
f 2018/1693/1966 2022/1697/1970 2031/1706/1979
f 2031/1706/1979 2030/1705/1978 2018/1693/1966
f 2022/1697/1970 2023/1698/1971 2031/1706/1979
f 2032/1707/1980 2031/1706/1979 2023/1698/1971
f 2023/1698/1971 2024/1699/1972 2032/1707/1980
f 2029/1704/1977 2032/1707/1980 2024/1699/1972
f 2029/1704/1977 2028/1703/1976 2033/1708/1981
f 2026/1701/1974 2033/1708/1981 2028/1703/1976
f 2027/1702/1975 2034/1709/1982 2026/1701/1974
f 2033/1708/1981 2026/1701/1974 2034/1709/1982
f 2030/1705/1978 2031/1706/1979 2035/1710/1983
f 2000/1675/1948 2030/1705/1978 2035/1710/1983
f 2035/1710/1983 2036/1711/1984 2000/1675/1948
f 2032/1707/1980 2029/1704/1977 2037/1712/1985
f 2033/1708/1981 2037/1712/1985 2029/1704/1977
f 2034/1709/1982 2038/1713/1986 2033/1708/1981
f 2037/1712/1985 2033/1708/1981 2038/1713/1986
f 2031/1706/1979 2032/1707/1980 2039/1714/1987
f 2032/1707/1980 2037/1712/1985 2039/1714/1987
f 2038/1713/1986 2039/1714/1987 2037/1712/1985
f 2035/1710/1983 2031/1706/1979 2040/1715/1988
f 2039/1714/1987 2040/1715/1988 2031/1706/1979
f 2036/1711/1984 2035/1710/1983 2041/1716/1989
f 2041/1716/1989 2042/1717/1990 2036/1711/1984
f 2040/1715/1988 2041/1716/1989 2035/1710/1983
f 2039/1714/1987 2038/1713/1986 2043/1718/1991
f 2038/1713/1986 2034/1709/1982 2043/1718/1991
f 2027/1702/1975 2043/1718/1991 2034/1709/1982
f 2042/1717/1990 2041/1716/1989 2044/1719/1992
f 2042/1717/1990 2044/1719/1992 2045/1720/1993
f 2040/1715/1988 2039/1714/1987 2046/1721/1994
f 2043/1718/1991 2046/1721/1994 2039/1714/1987
f 2046/1721/1994 2047/1722/1995 2040/1715/1988
f 2047/1722/1995 2048/1723/1996 2040/1715/1988
f 2041/1716/1989 2040/1715/1988 2048/1723/1996
f 2048/1723/1996 2044/1719/1992 2041/1716/1989
f 2049/1724/1997 2048/1723/1996 2047/1722/1995
f 2047/1722/1995 2046/1721/1994 2049/1724/1997
f 2046/1721/1994 2043/1718/1991 2050/1725/1998
f 2050/1725/1998 2049/1724/1997 2046/1721/1994
f 2043/1718/1991 2027/1702/1975 2051/1726/1999
f 2051/1726/1999 2050/1725/1998 2043/1718/1991
f 2045/1720/1993 2044/1719/1992 2052/1727/2000
f 2053/1728/2001 2052/1727/2000 2044/1719/1992
f 2044/1719/1992 2048/1723/1996 2053/1728/2001
f 2048/1723/1996 2049/1724/1997 2054/1729/2002
f 2054/1729/2002 2053/1728/2001 2048/1723/1996
f 2051/1726/1999 2055/1730/2003 2050/1725/1998
f 2055/1730/2003 2049/1724/1997 2050/1725/1998
f 2054/1729/2002 2049/1724/1997 2056/1731/2004
f 2055/1730/2003 2056/1731/2004 2049/1724/1997
f 2056/1731/2004 2057/1732/2005 2054/1729/2002
f 2053/1728/2001 2054/1729/2002 2057/1732/2005
f 2058/1733/2006 2052/1727/2000 2053/1728/2001
f 2057/1732/2005 2058/1733/2006 2053/1728/2001
f 2059/1734/2007 2057/1732/2005 2056/1731/2004
f 2059/1734/2007 2058/1733/2006 2057/1732/2005
f 2056/1731/2004 2055/1730/2003 2059/1734/2007
f 2058/1733/2006 2060/1735/2008 2052/1727/2000
f 2055/1730/2003 2051/1726/1999 2061/1736/2009
f 2061/1736/2009 2059/1734/2007 2055/1730/2003
f 2062/1737/2010 2058/1733/2006 2059/1734/2007
f 2058/1733/2006 2062/1737/2010 2060/1735/2008
f 2059/1734/2007 2061/1736/2009 2062/1737/2010
f 2063/1738/2011 2064/1739/2012 2065/1740/2013
f 2060/1735/2008 2064/1739/2012 2063/1738/2011
f 2060/1735/2008 2062/1737/2010 2064/1739/2012
f 2066/1741/2014 2067/1742/2015 2068/1743/2016
f 2067/1742/2015 2066/1741/2014 2065/1740/2013
f 2064/1739/2012 2067/1742/2015 2065/1740/2013
f 2064/1739/2012 2069/1744/2017 2067/1742/2015
f 2069/1744/2017 2064/1739/2012 2062/1737/2010
f 2070/1745/2018 2062/1737/2010 2061/1736/2009
f 2071/1746/2019 2062/1737/2010 2070/1745/2018
f 2062/1737/2010 2071/1746/2019 2069/1744/2017
f 2051/1726/1999 2072/1747/2020 2061/1736/2009
f 2072/1747/2020 2070/1745/2018 2061/1736/2009
f 2070/1745/2018 2072/1747/2020 2071/1746/2019
f 2073/1748/2021 2027/1702/1975 2025/1700/1973
f 2069/1744/2017 2074/1749/2022 2067/1742/2015
f 2069/1744/2017 2071/1746/2019 2074/1749/2022
f 2071/1746/2019 2075/1750/2023 2074/1749/2022
f 2075/1750/2023 2071/1746/2019 2072/1747/2020
f 2067/1742/2015 2076/1751/2024 2068/1743/2016
f 2067/1742/2015 2074/1749/2022 2076/1751/2024
f 2077/1752/2025 2075/1750/2023 2072/1747/2020
f 2077/1752/2025 2074/1749/2022 2075/1750/2023
f 2076/1751/2024 2074/1749/2022 2077/1752/2025
f 2077/1752/2025 2072/1747/2020 2078/1753/2026
f 2051/1726/1999 2078/1753/2026 2072/1747/2020
f 2078/1753/2026 2051/1726/1999 2027/1702/1975
f 2027/1702/1975 2079/1754/2027 2078/1753/2026
f 2027/1702/1975 2073/1748/2021 2079/1754/2027
f 2079/1754/2027 2073/1748/2021 2080/1755/2028
f 2081/1756/2029 2078/1753/2026 2079/1754/2027
f 2080/1755/2028 2081/1756/2029 2079/1754/2027
f 2078/1753/2026 2082/1757/2030 2077/1752/2025
f 2082/1757/2030 2078/1753/2026 2081/1756/2029
f 2081/1756/2029 2080/1755/2028 2082/1757/2030
f 2077/1752/2025 2082/1757/2030 2076/1751/2024
f 2083/1758/2031 2076/1751/2024 2082/1757/2030
f 2082/1757/2030 2080/1755/2028 2084/1759/2032
f 2082/1757/2030 2085/1760/2033 2083/1758/2031
f 2085/1760/2033 2082/1757/2030 2086/1761/2034
f 2086/1761/2034 2082/1757/2030 2084/1759/2032
f 2087/1755/2035 2086/1761/2034 2084/1759/2032
f 2086/1761/2034 2088/1762/2036 2085/1760/2033
f 2088/1762/2036 2086/1761/2034 2089/1763/2037
f 2086/1761/2034 2087/1755/2035 2089/1763/2037
f 2090/1748/2038 2089/1763/2037 2087/1755/2035
f 2091/1764/2039 2088/1762/2036 2089/1763/2037
f 2089/1763/2037 2092/1765/2040 2091/1764/2039
f 2089/1763/2037 2090/1748/2038 2092/1765/2040
f 2093/1692/2041 2092/1765/2040 2090/1748/2038
f 2091/1764/2039 2092/1765/2040 2094/1766/2042
f 2094/1766/2042 2092/1765/2040 2095/1767/2043
f 2092/1765/2040 2093/1692/2041 2095/1767/2043
f 2096/1768/2044 2097/1769/2045 2093/1692/2041
f 2095/1767/2043 2093/1692/2041 2097/1769/2045
f 2095/1767/2043 2097/1769/2045 2094/1766/2042
f 2097/1769/2045 2098/1770/2046 2094/1766/2042
f 2099/1771/2047 2097/1769/2045 2096/1768/2044
f 2098/1770/2046 2100/1772/2048 2101/1773/2049
f 2098/1770/2046 2097/1769/2045 2102/1774/2050
f 2097/1769/2045 2099/1771/2047 2102/1774/2050
f 2100/1772/2048 2098/1770/2046 2102/1774/2050
f 2103/1680/2051 2102/1774/2050 2099/1771/2047
f 2103/1680/2051 2100/1772/2048 2102/1774/2050
f 2100/1772/2048 2103/1680/2051 2104/1668/2052
o Model001_25_apotent!wrong!_1.1_10.011
v -0.189037 1.650457 0.081524
v -0.189951 1.645562 0.073549
v 0.095746 1.700583 -0.034289
v 0.094594 1.696915 -0.039698
v 0.091764 1.704251 -0.039923
v -0.189037 1.650457 0.081524
v 0.095746 1.700583 -0.034289
v 0.430955 -0.004344 -1.089304
v 0.421178 0.470991 -1.037951
v 0.440119 -0.004369 -1.102750
v 0.415669 0.467022 -1.023892
v 0.434623 -0.004357 -1.078300
v 0.335284 1.025120 -0.855787
v 0.339265 1.030615 -0.865577
v 0.346289 1.025733 -0.851518
v 0.430041 0.466709 -1.018396
v 0.451123 -0.004394 -1.076460
v 0.293258 1.207885 -0.771434
v 0.299067 1.198721 -0.759215
v 0.435837 0.470377 -1.032455
v 0.349957 1.031229 -0.861295
v 0.460299 -0.004419 -1.089304
v 0.311148 1.208498 -0.765938
v 0.216241 1.476856 -0.527225
v 0.209206 1.485406 -0.535175
v 0.456631 -0.004419 -1.100309
v 0.421178 0.470991 -1.037951
v 0.440119 -0.004369 -1.102750
v 0.305489 1.204216 -0.776942
v 0.339265 1.030615 -0.865577
v 0.226169 1.484192 -0.529066
v 0.218995 1.490301 -0.536702
v 0.293258 1.207885 -0.771434
v 0.071859 1.659020 -0.180637
v 0.083978 1.660234 -0.176656
v 0.077631 1.654125 -0.176205
v 0.078169 1.665129 -0.181087
v 0.209206 1.485406 -0.535175
v -0.013195 1.704251 0.022660
v -0.008963 1.700583 0.025351
v -0.009151 1.709133 0.022347
v -0.004920 1.705478 0.025038
v -0.013195 1.704251 0.022660
v 0.071859 1.659020 -0.180637
v -0.455104 -0.004419 -1.101523
v -0.468236 -0.004369 -1.091132
v -0.455404 0.279662 -1.060573
v -0.439818 0.278586 -1.067296
v -0.444701 -0.004419 -1.096027
v -0.425759 0.662018 -0.998216
v -0.441959 -0.004394 -1.080128
v -0.412614 0.662632 -1.003724
v -0.407118 0.657123 -0.991493
v -0.433096 0.276458 -1.052010
v -0.360660 1.030615 -0.854573
v -0.455104 -0.004357 -1.069737
v -0.347516 1.026334 -0.850291
v -0.351183 1.031229 -0.858854
v -0.420563 0.656510 -0.985997
v -0.356992 1.025733 -0.846010
v -0.448682 0.277672 -1.045288
v -0.301821 1.244565 -0.755547
v -0.303811 1.251288 -0.768379
v -0.312512 1.251902 -0.759215
v -0.465495 -0.004344 -1.075245
v -0.455404 0.279662 -1.060573
v -0.425759 0.662018 -0.998216
v -0.221136 1.487860 -0.531807
v -0.312512 1.251902 -0.759215
v -0.360660 1.030615 -0.854573
v -0.221436 1.476856 -0.523870
v -0.231527 1.484192 -0.524484
v -0.073161 1.661461 -0.194996
v -0.468236 -0.004369 -1.091132
v -0.231527 1.484192 -0.524484
v -0.073737 1.651684 -0.190264
v -0.081687 1.657793 -0.189187
v -0.081687 1.657793 -0.189187
v 0.032174 1.705478 0.093367
v 0.026528 1.701810 0.097423
v 0.031961 1.698142 0.096196
v 0.026528 1.701810 0.097423
v -0.180637 1.661461 -0.075226
v 0.022709 1.695688 0.017339
v 0.025251 1.694474 0.011092
v -0.176505 1.660234 -0.084127
v 0.025564 1.689579 0.015136
v -0.531207 1.484192 -0.229386
v -0.537929 1.487860 -0.217305
v -0.529066 1.476856 -0.219446
v -0.176055 1.654125 -0.077818
v 0.022709 1.695688 0.017339
v -0.180637 1.661461 -0.075226
v -0.713972 1.238456 -0.301207
v -0.722535 1.235402 -0.289439
v -0.537929 1.487860 -0.217305
v -0.707863 1.228065 -0.289139
v -0.722535 1.235402 -0.289439
v -0.861296 1.031229 -0.349956
v -0.865577 1.030615 -0.339265
v -0.855787 1.025120 -0.335597
v -0.851518 1.025733 -0.346288
v -0.865577 1.030615 -0.339265
v -1.045901 0.470377 -0.437978
v -1.052010 0.470991 -0.423305
v -1.052010 0.470991 -0.423305
v -1.037952 0.467022 -0.417809
v -1.031842 0.466709 -0.432169
v -1.102136 -0.004369 -0.440431
v -1.089304 -0.004419 -0.460600
v -1.100308 -0.004419 -0.456931
v -1.102136 -0.004369 -0.440431
v -1.089304 -0.004344 -0.431255
v -1.078300 -0.004357 -0.434923
v -1.076460 -0.004394 -0.451436
v -0.442873 -0.004344 1.109473
v -0.433096 0.470990 1.058120
v -0.452037 -0.004369 1.122305
v -0.427286 0.467022 1.044061
v -0.446541 -0.004357 1.098468
v -0.357906 1.025120 0.869846
v -0.361874 1.030615 0.879636
v -0.368597 1.025733 0.865577
v -0.441959 0.466708 1.038565
v -0.463041 -0.004394 1.096640
v -0.310684 1.225010 0.762270
v -0.316644 1.215834 0.750039
v -0.447454 0.470377 1.052624
v -0.372578 1.031228 0.875355
v -0.472217 -0.004420 1.109473
v -0.325807 1.223783 0.762270
v -0.227546 1.481738 0.538844
v -0.220522 1.489074 0.546793
v -0.433096 0.470990 1.058120
v -0.361874 1.030615 0.879636
v -0.452037 -0.004369 1.122305
v -0.468549 -0.004420 1.120477
v -0.310684 1.225010 0.762270
v -0.233968 1.492742 0.544652
v -0.077630 1.654125 0.175742
v -0.071859 1.659020 0.180174
v -0.220522 1.489074 0.546793
v -0.081073 1.662688 0.178496
v 0.013195 1.694474 -0.023097
v 0.008964 1.690806 -0.025789
v 0.007036 1.696915 -0.024124
v -0.071859 1.659020 0.180174
v 0.013195 1.694474 -0.023097
v 0.465495 -0.004344 1.124145
v 0.441959 0.470990 1.056905
v 0.473431 -0.004369 1.142485
v 0.436150 0.467022 1.043460
v 0.424533 0.468549 1.056292
v 0.451123 -0.004407 1.140645
v 0.366156 1.025733 0.868632
v 0.358520 1.028787 0.877182
v 0.369824 1.030615 0.877182
v 0.330402 1.260464 0.768993
v 0.441959 0.470990 1.056905
v 0.473431 -0.004369 1.142485
v 0.369824 1.030615 0.877182
v 0.330402 1.260464 0.768993
v 0.318471 1.262905 0.768993
v 0.321538 1.254342 0.757989
v 0.216854 1.486633 0.536402
v 0.224190 1.496410 0.540671
v 0.229686 1.490301 0.533035
v 0.229686 1.490301 0.533035
v 0.079471 1.662688 0.191479
v 0.079471 1.662688 0.191479
v 0.069193 1.660234 0.195147
v 0.073737 1.652898 0.189801
v -0.001815 1.695688 0.004557
v 0.180487 1.655352 0.071634
v -0.022860 1.703024 -0.013420
v -0.023912 1.705478 -0.007248
v 0.178646 1.657793 0.080848
v 0.549847 1.489074 0.217155
v 0.547707 1.492742 0.230600
v 0.176055 1.650457 0.077405
v -0.025564 1.698142 -0.009189
v 0.771434 1.238456 0.292958
v 0.541899 1.481738 0.224191
v 0.770821 1.236616 0.308081
v -0.022860 1.703024 -0.013420
v 0.180487 1.655352 0.071634
v 0.884519 1.030615 0.343534
v 0.759215 1.228679 0.298766
v 0.549847 1.489074 0.217155
v 0.879636 1.031229 0.354238
v 1.060573 0.470991 0.430041
v 0.771434 1.238456 0.292958
v 0.874741 1.025120 0.339866
v 0.869846 1.025733 0.350570
v 1.054464 0.470377 0.444701
v 1.121704 -0.004369 0.456318
v 0.884519 1.030615 0.343534
v 1.060573 0.470991 0.430041
v 1.045901 0.467022 0.424532
v 1.040393 0.466708 0.438904
v 1.108859 -0.004420 0.476499
v 1.119864 -0.004420 0.472831
v 1.121704 -0.004369 0.456318
v 1.108859 -0.004344 0.447154
v 1.097242 -0.004357 0.450822
v 1.095414 -0.004394 0.467322
v 1.090519 -0.004369 -0.468236
v 1.029401 0.470991 -0.440732
v 1.098468 -0.004419 -0.450209
v 1.035510 0.470377 -0.426372
v 0.872300 1.039178 -0.366456
v 1.021451 0.466709 -0.420251
v 1.080128 -0.004394 -0.442259
v 0.868019 1.034897 -0.353011
v 0.876581 1.039792 -0.356992
v 0.863737 1.034283 -0.362488
v 1.015342 0.467022 -0.434923
v 0.803220 1.243338 -0.315416
v 1.072191 -0.004344 -0.460299
v 0.813611 1.251901 -0.312512
v 0.817892 1.247620 -0.322452
v 0.805661 1.250674 -0.326120
v 0.529066 1.490301 -0.229686
v 0.529066 1.484192 -0.219608
v 1.029401 0.470991 -0.440732
v 1.090519 -0.004369 -0.468236
v 0.805661 1.250674 -0.326120
v 0.872300 1.039178 -0.366456
v 0.521117 1.476856 -0.225104
v 0.521730 1.484192 -0.235194
v 0.194233 1.659020 -0.077367
v 0.195310 1.652898 -0.069418
v 0.521730 1.484192 -0.235194
v 0.189951 1.646789 -0.073962
v 0.189037 1.652898 -0.081912
v 0.189037 1.652898 -0.081912
v -0.033200 1.694474 0.018303
v -0.032011 1.689579 0.023724
v -0.036618 1.689579 0.015374
v -0.035416 1.684684 0.020782
v -0.036618 1.689579 0.015374
v -1.125372 -0.004369 0.485663
v -1.050796 0.470991 0.449908
v -1.135762 -0.004420 0.472518
v -1.056905 0.470377 0.435537
v -0.877796 1.030615 0.370738
v -1.130254 -0.004420 0.462127
v -1.114368 -0.004394 0.459373
v -0.881464 1.031229 0.360961
v -0.872913 1.026334 0.357293
v -1.042846 0.466708 0.429427
v -0.757375 1.254343 0.315417
v -0.770207 1.260464 0.317558
v -0.869245 1.025733 0.366770
v -1.036737 0.467022 0.443787
v -0.761043 1.261679 0.326121
v -0.542812 1.490301 0.224804
v -1.103977 -0.004357 0.472518
v -0.761043 1.261679 0.326121
v -0.534875 1.480524 0.225105
v -1.050796 0.470991 0.449908
v -0.877796 1.030615 0.370738
v -1.109473 -0.004344 0.482908
v -0.535476 1.487860 0.235195
v -0.194846 1.654125 0.072974
v -0.535476 1.487860 0.235195
v -1.125372 -0.004369 0.485663
vt 0.524000 0.520496
vt 0.525000 0.523496
vt 0.629000 0.521496
vt 0.630000 0.523496
vt 0.631000 0.526496
vt 0.524000 0.530496
vt 0.629000 0.530496
vt 0.635000 0.518496
vt 0.406000 0.516496
vt 0.635000 0.516496
vt 0.406000 0.519496
vt 0.635000 0.521496
vt 0.008000 0.519496
vt 0.008000 0.517496
vt 0.007000 0.523496
vt 0.405000 0.524496
vt 0.634000 0.524496
vt 0.193000 0.518496
vt 0.191000 0.522496
vt 0.405000 0.529496
vt 0.007000 0.529496
vt 0.633000 0.527496
vt 0.195000 0.526496
vt 0.366000 0.522496
vt 0.365000 0.520496
vt 0.634000 0.530496
vt 0.406000 0.533496
vt 0.635000 0.533496
vt 0.191000 0.530496
vt 0.008000 0.534496
vt 0.366000 0.525496
vt 0.366000 0.528496
vt 0.193000 0.532496
vt 0.526000 0.525496
vt 0.525000 0.527496
vt 0.365000 0.530496
vt 0.630000 0.527496
vt 0.631000 0.525496
vt 0.518000 0.533496
vt 0.517000 0.529496
vt 0.294000 0.533496
vt 0.293000 0.529496
vt 0.293000 0.524496
vt 0.518000 0.524496
vt 0.294000 0.519496
vt 0.519000 0.519496
vt 0.193000 0.528496
vt 0.519000 0.516496
vt 0.294000 0.516496
vt 0.366000 0.526496
vt 0.525000 0.526496
vt 0.525000 0.529496
vt 0.630000 0.528496
vt 0.366000 0.529496
vt 0.193000 0.531496
vt 0.635000 0.520496
vt 0.405000 0.527496
vt 0.634000 0.526496
vt 0.007000 0.526496
vt 0.366000 0.524496
vt 0.630000 0.526496
vt 0.634000 0.528496
vn 0.414300 0.127500 0.901100
vn 0.074100 -0.901100 -0.427100
vn 0.403800 -0.429600 0.807700
vn -0.003100 -0.907800 -0.419400
vn -0.342400 0.777000 -0.528200
vn 0.403700 -0.429700 0.807700
vn -0.975700 -0.003900 -0.219100
vn -0.501700 0.157400 -0.850600
vn -0.130500 0.131500 -0.982700
vn -0.844700 -0.182500 0.503200
vn -0.531800 -0.121200 0.838200
vn -0.949400 -0.265400 0.168100
vn -0.384800 0.298200 -0.873500
vn 0.426600 -0.243100 0.871200
vn 0.403900 -0.125400 0.906200
vn 0.407500 -0.093700 0.908400
vn -0.893300 0.066100 -0.444500
vn 0.023600 -0.517000 0.855600
vn 0.908000 0.149200 -0.391400
vn 0.888100 0.296200 -0.351400
vn 0.971900 0.019200 0.234600
vn 0.974500 0.125700 0.185700
vn -0.172100 -0.808800 0.562300
vn -0.871000 0.211700 -0.443400
vn 0.638400 0.136200 -0.757500
vn 0.252100 0.563300 -0.786900
vn 0.940400 0.252300 0.228200
vn 0.215900 0.759100 -0.614100
vn -0.932200 -0.255200 -0.256600
vn 0.908400 -0.021600 0.417500
vn -0.180500 -0.953700 0.240700
vn -0.084600 0.920000 -0.382700
vn -0.924000 -0.131700 -0.359000
vn 0.325800 -0.880300 0.344900
vn 0.229700 0.967000 -0.110200
vn 0.916200 0.156800 0.368700
vn -0.202200 0.122400 -0.971700
vn -0.931600 0.080200 -0.354500
vn -0.968400 0.089000 -0.232900
vn 0.518100 0.099300 -0.849500
vn 0.809000 0.045500 -0.586100
vn -0.920000 0.182100 -0.347000
vn 0.996000 -0.034100 0.082900
vn 0.376500 0.231200 -0.897100
vn 0.920000 -0.219000 0.324900
vn 0.793100 -0.113400 0.598400
vn -0.787400 0.357500 -0.502200
vn 0.203300 -0.095100 0.974500
vn 0.966900 -0.225200 0.120300
vn 0.591500 0.199100 -0.781300
vn -0.383700 -0.165900 0.908400
vn -0.395800 -0.270400 0.877600
vn -0.397700 -0.080100 0.914000
vn 0.841000 -0.412700 0.349800
vn 0.144600 0.466800 -0.872500
vn -0.963200 0.126200 0.237500
vn -0.851800 -0.010000 0.523700
vn -0.920000 0.182100 -0.346900
vn 0.462200 0.591400 -0.660800
vn -0.787400 0.357500 -0.502300
vn 0.243300 -0.837800 0.488700
vn -0.899300 0.418400 0.127100
vn 0.513000 0.709500 -0.483200
vn -0.931600 0.080200 -0.354600
vn -0.899400 0.418300 0.127100
vn 0.417600 -0.904700 0.084400
vn -0.901500 0.155100 0.404100
vn -0.901500 0.155100 0.404000
vn 0.531300 0.787500 -0.312300
vn -0.836200 -0.397100 0.378300
vn 0.422900 -0.906100 -0.009100
vn -0.836200 -0.397100 0.378200
vn -0.427200 0.766400 0.479600
vn -0.419300 0.031100 0.907300
vn 0.155500 0.776100 -0.611200
vn 0.443700 -0.153600 -0.882900
vn 0.295100 -0.911300 -0.287300
vn -0.181300 0.588000 -0.788300
vn -0.653200 0.516800 0.553400
vn 0.503500 -0.782500 0.366400
vn 0.066300 -0.888500 0.454100
vn -0.419200 0.031200 0.907300
vn -0.427300 0.766400 0.479600
vn 0.285900 0.048200 -0.957000
vn -0.750400 0.406300 0.521400
vn 0.818000 -0.575200 0.004600
vn -0.750300 0.406300 0.521400
vn -0.398300 0.347100 -0.849100
vn -0.830000 0.329600 0.450000
vn 0.101100 -0.246800 0.963800
vn 0.854300 -0.290700 -0.430800
vn -0.386600 0.138300 -0.911800
vn -0.895200 0.182300 0.406600
vn -0.895200 0.182400 0.406600
vn 0.328200 -0.157600 0.931300
vn 0.911600 -0.115600 -0.394600
vn -0.912300 0.087400 0.400100
vn 0.235000 0.022100 -0.971700
vn -0.771800 0.113400 -0.625700
vn -0.149300 -0.011900 0.988700
vn 0.833700 -0.094700 0.544100
vn 0.910400 -0.069500 -0.407900
vn 0.972600 -0.002700 0.232500
vn 0.493900 0.167000 0.853300
vn 0.136000 0.130400 0.982100
vn 0.847000 -0.179000 -0.500600
vn 0.529400 -0.121600 -0.839600
vn 0.950300 -0.265700 -0.162200
vn 0.316100 0.366100 0.875300
vn -0.426600 -0.271400 -0.862700
vn -0.411500 -0.129000 -0.902200
vn -0.407600 -0.093700 -0.908300
vn 0.843800 0.128600 0.521100
vn -0.157800 -0.503900 -0.849200
vn -0.906900 0.142100 0.396600
vn -0.910700 0.271500 0.311300
vn -0.973300 0.020400 -0.228500
vn -0.887800 0.392100 0.240900
vn 0.178600 -0.802700 -0.569000
vn 0.735100 0.420100 0.532100
vn 0.316100 0.366000 0.875300
vn -0.624400 0.137600 0.768900
vn -0.829600 0.525900 0.187500
vn -0.415000 -0.811300 -0.411700
vn 0.925900 0.141500 0.350300
vn 0.735100 0.420000 0.532100
vn -0.421300 0.894300 0.150800
vn 0.871200 -0.391100 0.296800
vn -0.276000 -0.917700 -0.285600
vn -0.623700 0.769000 -0.140000
vn 0.871200 -0.391200 0.296800
vn 0.163400 -0.156600 -0.974100
vn 0.918700 0.192600 0.344900
vn 0.436400 0.186900 0.880100
vn -0.141900 -0.266300 -0.953400
vn -0.925600 0.014700 0.378100
vn -0.927300 0.014600 0.374100
vn 0.459900 -0.246300 -0.853100
vn -0.888800 0.053100 0.455200
vn 0.802600 0.318700 0.504200
vn 0.970700 0.237500 -0.037500
vn 0.918700 0.192500 0.344900
vn -0.725400 0.256600 0.638700
vn -0.178500 -0.605300 -0.775700
vn -0.699700 -0.668800 -0.251400
vn 0.061200 0.795600 0.602700
vn 0.845200 -0.186000 -0.501100
vn 0.763900 0.636700 -0.105500
vn 0.763900 0.636700 -0.105600
vn -0.838400 0.316100 0.444100
vn -0.002800 -0.944100 -0.329600
vn -0.910500 -0.394700 -0.123200
vn 0.370000 0.174300 -0.912500
vn 0.302600 -0.323800 -0.896400
vn -0.112900 0.742500 0.660300
vn 0.126700 0.866100 0.483500
vn 0.386300 0.264900 -0.883500
vn 0.175900 0.517000 0.837700
vn -0.427400 -0.816700 0.387800
vn -0.309300 -0.927600 0.209500
vn 0.643200 0.295700 -0.706300
vn -0.587500 -0.804700 0.085300
vn 0.235500 0.342500 0.909500
vn 0.370000 0.174200 -0.912500
vn 0.892500 0.346600 -0.288600
vn -0.816000 -0.564600 -0.124200
vn 0.386300 0.264800 -0.883500
vn 0.298200 0.270800 0.915300
vn 0.898600 0.176900 -0.401400
vn -0.164900 -0.263400 -0.950500
vn -0.875000 -0.254000 0.412200
vn 0.384100 0.156800 0.909900
vn 0.909700 0.100600 -0.402900
vn 0.898600 0.177000 -0.401500
vn -0.331500 -0.168000 -0.928400
vn -0.905600 -0.117700 0.407600
vn -0.228900 0.036500 0.972800
vn 0.768400 0.142800 0.623800
vn 0.909700 0.100500 -0.402900
vn 0.157000 -0.026400 -0.987200
vn -0.835500 -0.124000 -0.535300
vn -0.904800 -0.080500 0.418100
vn 0.056000 0.064600 -0.996300
vn 0.358400 0.140400 -0.922900
vn 0.922600 0.103500 0.371600
vn 0.911600 0.173000 0.372900
vn 0.456500 0.264000 -0.849600
vn -0.348900 -0.162000 0.923000
vn -0.639500 -0.114800 0.760200
vn -0.127900 -0.176900 0.975900
vn 0.825600 0.135800 0.547700
vn -0.911000 -0.199200 -0.361100
vn -0.915300 -0.124100 -0.383200
vn -0.487800 -0.492400 0.720800
vn -0.925400 -0.091800 -0.367800
vn 0.615600 0.301800 0.728000
vn 0.741500 0.534900 -0.405100
vn -0.356500 0.034700 -0.933600
vn 0.486700 0.821500 -0.297000
vn 0.397500 0.137500 0.907200
vn -0.500900 -0.860700 0.091000
vn -0.304100 0.161800 -0.938800
vn 0.278300 0.943200 -0.181700
vn 0.365300 0.063300 0.928700
vn -0.200600 -0.966700 0.158600
vn -0.459700 -0.042500 -0.887100
vn 0.101500 0.987600 -0.119500
vn 0.334000 -0.249200 0.909000
vn -0.416700 -0.384500 -0.823700
vn -0.108800 -0.984800 0.135100
vn -0.416700 -0.384400 -0.823700
vn -0.351000 0.124800 0.928000
vn -0.221500 0.139900 0.965100
vn -0.965000 0.172300 0.197500
vn -0.833700 0.154800 -0.530100
vn -0.532000 0.338000 0.776400
vn -0.585400 0.045100 -0.809500
vn 0.357400 -0.107900 -0.927700
vn -0.765800 0.206600 -0.609000
vn 0.143800 -0.211900 -0.966700
vn 0.522800 -0.219400 -0.823800
vn 0.348100 -0.434700 -0.830600
vn -0.856000 0.484900 -0.179400
vn 0.873200 -0.268400 0.406700
vn 0.964200 -0.159100 0.212300
vn 0.236000 0.127900 0.963300
vn -0.661700 0.564700 -0.493200
vn 0.985400 -0.145900 -0.087800
vn 0.235900 0.127900 0.963300
vn 0.468400 -0.847700 -0.249200
vn -0.221600 0.139900 0.965100
vn -0.531900 0.338000 0.776400
vn 0.523300 -0.012900 0.852000
vn 0.124200 0.463000 0.877600
vn -0.479900 0.693000 -0.538000
vn -0.351000 0.124900 0.928000
usemtl Model001_Material003
s 1
f 2105/1775/2053 2106/1776/2054 2107/1777/2055
f 2106/1776/2054 2108/1778/2056 2107/1777/2055
f 2106/1776/2054 2109/1779/2057 2108/1778/2056
f 2109/1779/2057 2110/1780/2053 2111/1781/2058
f 2112/1782/2059 2113/1783/2060 2114/1784/2061
f 2113/1783/2060 2112/1782/2059 2115/1785/2062
f 2115/1785/2062 2112/1782/2059 2116/1786/2063
f 2117/1787/2064 2113/1783/2060 2115/1785/2062
f 2118/1788/2065 2113/1783/2060 2117/1787/2064
f 2117/1787/2064 2115/1785/2062 2119/1789/2066
f 2120/1790/2067 2119/1789/2066 2115/1785/2062
f 2115/1785/2062 2116/1786/2063 2120/1790/2067
f 2121/1791/2068 2120/1790/2067 2116/1786/2063
f 2122/1792/2069 2118/1788/2065 2117/1787/2064
f 2123/1793/2070 2122/1792/2069 2117/1787/2064
f 2123/1793/2070 2117/1787/2064 2119/1789/2066
f 2124/1794/2071 2119/1789/2066 2120/1790/2067
f 2123/1793/2070 2119/1789/2066 2125/1795/2072
f 2119/1789/2066 2124/1794/2071 2125/1795/2072
f 2126/1796/2073 2120/1790/2067 2121/1791/2068
f 2120/1790/2067 2126/1796/2073 2124/1794/2071
f 2123/1793/2070 2125/1795/2072 2127/1797/2074
f 2128/1798/2075 2122/1792/2069 2123/1793/2070
f 2128/1798/2075 2123/1793/2070 2127/1797/2074
f 2122/1792/2069 2128/1798/2075 2129/1799/2076
f 2124/1794/2071 2126/1796/2073 2130/1800/2077
f 2131/1801/2060 2125/1795/2072 2124/1794/2071
f 2132/1802/2061 2124/1794/2071 2130/1800/2077
f 2124/1794/2071 2132/1802/2061 2131/1801/2060
f 2133/1803/2078 2127/1797/2074 2125/1795/2072
f 2125/1795/2072 2134/1804/2065 2133/1803/2078
f 2125/1795/2072 2131/1801/2060 2134/1804/2065
f 2128/1798/2075 2127/1797/2074 2135/1805/2079
f 2136/1806/2080 2127/1797/2074 2133/1803/2078
f 2127/1797/2074 2136/1806/2080 2135/1805/2079
f 2134/1804/2065 2137/1807/2069 2133/1803/2078
f 2136/1806/2080 2133/1803/2078 2137/1807/2069
f 2128/1798/2075 2138/1775/2081 2129/1799/2076
f 2139/1808/2082 2128/1798/2075 2135/1805/2079
f 2128/1798/2075 2139/1808/2082 2140/1776/2083
f 2138/1775/2081 2128/1798/2075 2140/1776/2083
f 2135/1805/2079 2141/1809/2084 2139/1808/2082
f 2141/1809/2084 2135/1805/2079 2136/1806/2080
f 2137/1807/2069 2142/1810/2076 2136/1806/2080
f 2142/1810/2076 2141/1809/2084 2136/1806/2080
f 2143/1777/2085 2138/1775/2081 2140/1776/2083
f 2140/1776/2083 2144/1778/2086 2143/1777/2085
f 2144/1778/2086 2140/1776/2083 2139/1808/2082
f 2145/1811/2087 2139/1808/2082 2141/1809/2084
f 2139/1808/2082 2145/1811/2087 2146/1812/2088
f 2139/1808/2082 2146/1812/2088 2144/1778/2086
f 2141/1809/2084 2147/1781/2085 2145/1811/2087
f 2141/1809/2084 2142/1810/2076 2148/1780/2081
f 2147/1781/2085 2141/1809/2084 2148/1780/2081
f 2149/1800/2089 2150/1802/2090 2151/1813/2091
f 2152/1814/2092 2149/1800/2089 2151/1813/2091
f 2152/1814/2092 2153/1796/2093 2149/1800/2089
f 2151/1813/2091 2154/1815/2094 2152/1814/2092
f 2153/1796/2093 2152/1814/2092 2155/1791/2095
f 2156/1816/2096 2152/1814/2092 2154/1815/2094
f 2157/1817/2097 2152/1814/2092 2156/1816/2096
f 2152/1814/2092 2157/1817/2097 2158/1818/2098
f 2158/1818/2098 2155/1791/2095 2152/1814/2092
f 2154/1815/2094 2159/1804/2099 2156/1816/2096
f 2158/1818/2098 2160/1786/2100 2155/1791/2095
f 2156/1816/2096 2161/1789/2101 2157/1817/2097
f 2162/1795/2102 2156/1816/2096 2159/1804/2099
f 2161/1789/2101 2156/1816/2096 2162/1795/2102
f 2163/1819/2103 2158/1818/2098 2157/1817/2097
f 2157/1817/2097 2164/1787/2104 2163/1819/2103
f 2164/1787/2104 2157/1817/2097 2161/1789/2101
f 2158/1818/2098 2163/1819/2103 2165/1820/2105
f 2165/1820/2105 2160/1786/2100 2158/1818/2098
f 2166/1793/2106 2161/1789/2101 2162/1795/2102
f 2166/1793/2106 2164/1787/2104 2161/1789/2101
f 2162/1795/2102 2167/1821/2107 2166/1793/2106
f 2162/1795/2102 2159/1804/2099 2167/1821/2107
f 2159/1804/2099 2168/1807/2108 2167/1821/2107
f 2165/1820/2105 2169/1782/2109 2160/1786/2100
f 2163/1819/2103 2170/1822/2091 2165/1820/2105
f 2170/1822/2091 2169/1782/2109 2165/1820/2105
f 2171/1823/2110 2170/1822/2091 2163/1819/2103
f 2164/1787/2104 2171/1823/2110 2163/1819/2103
f 2172/1824/2111 2166/1793/2106 2167/1821/2107
f 2172/1824/2111 2167/1821/2107 2168/1807/2108
f 2166/1793/2106 2173/1792/2108 2164/1787/2104
f 2173/1792/2108 2174/1788/2112 2164/1787/2104
f 2174/1788/2112 2171/1823/2110 2164/1787/2104
f 2166/1793/2106 2172/1824/2111 2175/1798/2113
f 2175/1798/2113 2173/1792/2108 2166/1793/2106
f 2168/1807/2108 2176/1810/2114 2172/1824/2111
f 2177/1825/2115 2175/1798/2113 2172/1824/2111
f 2176/1810/2114 2177/1825/2115 2172/1824/2111
f 2169/1782/2109 2170/1822/2091 2178/1784/2116
f 2173/1792/2108 2175/1798/2113 2179/1799/2117
f 2175/1798/2113 2177/1825/2115 2180/1776/2118
f 2181/1775/2119 2179/1799/2117 2175/1798/2113
f 2175/1798/2113 2180/1776/2118 2181/1775/2119
f 2176/1810/2114 2182/1780/2120 2177/1825/2115
f 2182/1780/2120 2183/1779/2121 2177/1825/2115
f 2183/1779/2121 2180/1776/2118 2177/1825/2115
f 2184/1777/2122 2181/1775/2119 2180/1776/2118
f 2180/1776/2118 2185/1778/2123 2184/1777/2122
f 2180/1776/2118 2183/1779/2121 2185/1778/2123
f 2182/1780/2120 2186/1781/2124 2183/1779/2121
f 2187/1826/2125 2188/1827/2126 2189/1812/2127
f 2189/1812/2127 2190/1808/2128 2187/1826/2125
f 2190/1808/2128 2189/1812/2127 2191/1778/2129
f 2192/1805/2130 2187/1826/2125 2190/1808/2128
f 2187/1826/2125 2192/1805/2130 2193/1828/2131
f 2190/1808/2128 2194/1798/2132 2192/1805/2130
f 2194/1798/2132 2190/1808/2128 2195/1776/2133
f 2191/1778/2129 2195/1776/2133 2190/1808/2128
f 2196/1777/2134 2195/1776/2133 2191/1778/2129
f 2195/1776/2133 2196/1777/2134 2197/1775/2135
f 2197/1775/2135 2194/1798/2132 2195/1776/2133
f 2194/1798/2132 2198/1797/2136 2192/1805/2130
f 2192/1805/2130 2198/1797/2136 2199/1829/2137
f 2199/1829/2137 2193/1828/2131 2192/1805/2130
f 2194/1798/2132 2197/1775/2135 2200/1799/2131
f 2194/1798/2132 2201/1793/2138 2198/1797/2136
f 2202/1792/2139 2194/1798/2132 2200/1799/2131
f 2194/1798/2132 2202/1792/2139 2201/1793/2138
f 2199/1829/2137 2198/1797/2136 2203/1795/2140
f 2201/1793/2138 2203/1795/2140 2198/1797/2136
f 2203/1795/2140 2204/1804/2141 2199/1829/2137
f 2201/1793/2138 2202/1792/2139 2205/1787/2142
f 2201/1793/2138 2205/1787/2142 2206/1789/2143
f 2203/1795/2140 2201/1793/2138 2206/1789/2143
f 2202/1792/2139 2207/1788/2141 2205/1787/2142
f 2206/1789/2143 2208/1794/2144 2203/1795/2140
f 2209/1801/2145 2203/1795/2140 2208/1794/2144
f 2203/1795/2140 2209/1801/2145 2204/1804/2141
f 2207/1788/2141 2210/1783/2146 2205/1787/2142
f 2205/1787/2142 2211/1785/2147 2206/1789/2143
f 2205/1787/2142 2210/1783/2146 2211/1785/2147
f 2208/1794/2144 2206/1789/2143 2212/1790/2148
f 2212/1790/2148 2206/1789/2143 2211/1785/2147
f 2208/1794/2144 2213/1802/2149 2209/1801/2145
f 2212/1790/2148 2214/1796/2150 2208/1794/2144
f 2208/1794/2144 2214/1796/2150 2215/1800/2151
f 2213/1802/2149 2208/1794/2144 2215/1800/2151
f 2210/1783/2146 2216/1784/2149 2211/1785/2147
f 2211/1785/2147 2216/1784/2149 2217/1782/2152
f 2211/1785/2147 2217/1782/2152 2218/1786/2153
f 2211/1785/2147 2218/1786/2153 2212/1790/2148
f 2214/1796/2150 2212/1790/2148 2219/1791/2154
f 2219/1791/2154 2212/1790/2148 2218/1786/2153
f 2220/1782/2155 2221/1783/2156 2222/1784/2157
f 2221/1783/2156 2220/1782/2155 2223/1785/2158
f 2223/1785/2158 2220/1782/2155 2224/1786/2159
f 2225/1787/2160 2221/1783/2156 2223/1785/2158
f 2226/1788/2161 2221/1783/2156 2225/1787/2160
f 2225/1787/2160 2223/1785/2158 2227/1789/2162
f 2228/1790/2163 2227/1789/2162 2223/1785/2158
f 2223/1785/2158 2224/1786/2159 2228/1790/2163
f 2229/1791/2164 2228/1790/2163 2224/1786/2159
f 2230/1792/2165 2226/1788/2161 2225/1787/2160
f 2231/1793/2166 2230/1792/2165 2225/1787/2160
f 2231/1793/2166 2225/1787/2160 2227/1789/2162
f 2232/1794/2167 2227/1789/2162 2228/1790/2163
f 2233/1795/2168 2231/1793/2166 2227/1789/2162
f 2227/1789/2162 2232/1794/2167 2233/1795/2168
f 2234/1796/2169 2228/1790/2163 2229/1791/2164
f 2228/1790/2163 2234/1796/2169 2232/1794/2167
f 2231/1793/2166 2233/1795/2168 2235/1821/2170
f 2236/1798/2171 2230/1792/2165 2231/1793/2166
f 2236/1798/2171 2231/1793/2166 2235/1821/2170
f 2230/1792/2165 2236/1798/2171 2237/1799/2172
f 2238/1801/2156 2233/1795/2168 2232/1794/2167
f 2233/1795/2168 2238/1801/2156 2239/1804/2173
f 2233/1795/2168 2239/1804/2173 2235/1821/2170
f 2232/1794/2167 2240/1802/2157 2238/1801/2156
f 2232/1794/2167 2234/1796/2169 2241/1800/2174
f 2240/1802/2157 2232/1794/2167 2241/1800/2174
f 2239/1804/2173 2242/1807/2165 2235/1821/2170
f 2243/1824/2175 2235/1821/2170 2242/1807/2165
f 2235/1821/2170 2243/1824/2175 2236/1798/2171
f 2244/1776/2176 2236/1798/2171 2243/1824/2175
f 2245/1775/2177 2236/1798/2171 2244/1776/2176
f 2236/1798/2171 2245/1775/2177 2237/1799/2172
f 2242/1807/2165 2246/1810/2178 2243/1824/2175
f 2243/1824/2175 2247/1825/2179 2244/1776/2176
f 2247/1825/2179 2243/1824/2175 2246/1810/2178
f 2244/1776/2176 2248/1777/2180 2245/1775/2177
f 2244/1776/2176 2249/1778/2181 2248/1777/2180
f 2250/1779/2182 2244/1776/2176 2247/1825/2179
f 2244/1776/2176 2250/1779/2182 2249/1778/2181
f 2250/1779/2182 2247/1825/2179 2251/1780/2177
f 2246/1810/2178 2251/1780/2177 2247/1825/2179
f 2251/1780/2177 2252/1781/2183 2250/1779/2182
f 2253/1830/2184 2254/1783/2185 2255/1784/2186
f 2254/1783/2185 2253/1830/2184 2256/1785/2187
f 2256/1785/2187 2253/1830/2184 2257/1831/2188
f 2258/1832/2189 2257/1831/2188 2253/1830/2184
f 2259/1787/2190 2254/1783/2185 2256/1785/2187
f 2259/1787/2190 2256/1785/2187 2260/1833/2191
f 2257/1831/2188 2260/1833/2191 2256/1785/2187
f 2261/1788/2192 2254/1783/2185 2259/1787/2190
f 2260/1833/2191 2262/1792/2193 2259/1787/2190
f 2262/1792/2193 2261/1788/2192 2259/1787/2190
f 2263/1801/2194 2260/1833/2191 2257/1831/2188
f 2257/1831/2188 2264/1802/2186 2263/1801/2194
f 2264/1802/2186 2257/1831/2188 2258/1832/2189
f 2260/1833/2191 2263/1801/2194 2265/1804/2192
f 2266/1829/2193 2260/1833/2191 2265/1804/2192
f 2267/1797/2195 2260/1833/2191 2266/1829/2193
f 2262/1792/2193 2260/1833/2191 2268/1793/2196
f 2268/1793/2196 2260/1833/2191 2267/1797/2195
f 2267/1797/2195 2269/1834/2197 2268/1793/2196
f 2269/1834/2197 2262/1792/2193 2268/1793/2196
f 2270/1806/2198 2267/1797/2195 2266/1829/2193
f 2267/1797/2195 2270/1806/2198 2269/1834/2197
f 2262/1792/2193 2269/1834/2197 2271/1799/2199
f 2270/1806/2198 2266/1829/2193 2272/1810/2199
f 2273/1826/2200 2269/1834/2197 2270/1806/2198
f 2273/1826/2200 2270/1806/2198 2272/1810/2199
f 2269/1834/2197 2274/1775/2201 2271/1799/2199
f 2269/1834/2197 2273/1826/2200 2275/1808/2202
f 2269/1834/2197 2275/1808/2202 2276/1776/2203
f 2274/1775/2201 2269/1834/2197 2276/1776/2203
f 2275/1808/2202 2273/1826/2200 2277/1835/2204
f 2275/1808/2202 2277/1835/2204 2276/1776/2203
f 2274/1775/2201 2276/1776/2203 2277/1835/2204
f 2278/1780/2205 2279/1781/2206 2280/1779/2207
f 2278/1780/2205 2280/1779/2207 2281/1825/2208
f 2282/1810/2209 2278/1780/2205 2281/1825/2208
f 2282/1810/2209 2281/1825/2208 2283/1824/2210
f 2283/1824/2210 2281/1825/2208 2284/1776/2211
f 2280/1779/2207 2284/1776/2211 2281/1825/2208
f 2284/1776/2211 2280/1779/2207 2285/1778/2212
f 2286/1807/2213 2282/1810/2209 2283/1824/2210
f 2284/1776/2211 2287/1798/2214 2283/1824/2210
f 2288/1821/2215 2283/1824/2210 2287/1798/2214
f 2283/1824/2210 2288/1821/2215 2286/1807/2213
f 2284/1776/2211 2285/1778/2212 2289/1777/2206
f 2290/1775/2216 2287/1798/2214 2284/1776/2211
f 2289/1777/2206 2290/1775/2216 2284/1776/2211
f 2291/1804/2217 2286/1807/2213 2288/1821/2215
f 2287/1798/2214 2292/1793/2218 2288/1821/2215
f 2287/1798/2214 2290/1775/2216 2293/1799/2219
f 2292/1793/2218 2287/1798/2214 2293/1799/2219
f 2292/1793/2218 2294/1795/2220 2288/1821/2215
f 2294/1795/2220 2291/1804/2217 2288/1821/2215
f 2294/1795/2220 2295/1801/2221 2291/1804/2217
f 2292/1793/2218 2293/1799/2219 2296/1792/2213
f 2292/1793/2218 2296/1792/2213 2297/1787/2222
f 2292/1793/2218 2297/1787/2222 2298/1789/2223
f 2292/1793/2218 2298/1789/2223 2294/1795/2220
f 2298/1789/2223 2299/1794/2224 2294/1795/2220
f 2295/1801/2221 2294/1795/2220 2299/1794/2224
f 2299/1794/2224 2300/1802/2225 2295/1801/2221
f 2296/1792/2213 2301/1788/2217 2297/1787/2222
f 2301/1788/2217 2302/1783/2226 2297/1787/2222
f 2297/1787/2222 2303/1785/2227 2298/1789/2223
f 2297/1787/2222 2302/1783/2226 2303/1785/2227
f 2299/1794/2224 2298/1789/2223 2304/1790/2228
f 2304/1790/2228 2298/1789/2223 2303/1785/2227
f 2304/1790/2228 2305/1796/2229 2299/1794/2224
f 2299/1794/2224 2305/1796/2229 2306/1800/2230
f 2300/1802/2225 2299/1794/2224 2306/1800/2230
f 2302/1783/2226 2307/1784/2231 2303/1785/2227
f 2303/1785/2227 2307/1784/2231 2308/1782/2232
f 2303/1785/2227 2308/1782/2232 2309/1786/2233
f 2303/1785/2227 2309/1786/2233 2304/1790/2228
f 2305/1796/2229 2304/1790/2228 2310/1791/2234
f 2310/1791/2234 2304/1790/2228 2309/1786/2233
f 2311/1802/2235 2312/1801/2236 2313/1836/2237
f 2314/1794/2238 2313/1836/2237 2312/1801/2236
f 2312/1801/2236 2315/1804/2239 2314/1794/2238
f 2316/1790/2240 2313/1836/2237 2314/1794/2238
f 2313/1836/2237 2316/1790/2240 2317/1791/2241
f 2314/1794/2238 2318/1789/2242 2316/1790/2240
f 2319/1795/2243 2314/1794/2238 2315/1804/2239
f 2318/1789/2242 2314/1794/2238 2319/1795/2243
f 2320/1787/2244 2316/1790/2240 2318/1789/2242
f 2321/1785/2245 2317/1791/2241 2316/1790/2240
f 2316/1790/2240 2320/1787/2244 2321/1785/2245
f 2322/1793/2246 2318/1789/2242 2319/1795/2243
f 2322/1793/2246 2320/1787/2244 2318/1789/2242
f 2317/1791/2241 2321/1785/2245 2323/1830/2247
f 2319/1795/2243 2324/1797/2248 2322/1793/2246
f 2325/1803/2249 2324/1797/2248 2319/1795/2243
f 2319/1795/2243 2315/1804/2239 2325/1803/2249
f 2315/1804/2239 2326/1807/2250 2325/1803/2249
f 2327/1806/2251 2324/1797/2248 2325/1803/2249
f 2327/1806/2251 2325/1803/2249 2326/1807/2250
f 2328/1805/2252 2322/1793/2246 2324/1797/2248
f 2324/1797/2248 2327/1806/2251 2328/1805/2252
f 2320/1787/2244 2329/1783/2236 2321/1785/2245
f 2321/1785/2245 2330/1784/2235 2323/1830/2247
f 2329/1783/2236 2330/1784/2235 2321/1785/2245
f 2322/1793/2246 2331/1792/2250 2320/1787/2244
f 2331/1792/2250 2332/1788/2239 2320/1787/2244
f 2332/1788/2239 2329/1783/2236 2320/1787/2244
f 2322/1793/2246 2328/1805/2252 2333/1798/2253
f 2333/1798/2253 2331/1792/2250 2322/1793/2246
f 2326/1807/2250 2334/1810/2254 2327/1806/2251
f 2335/1809/2255 2328/1805/2252 2327/1806/2251
f 2334/1810/2254 2335/1809/2255 2327/1806/2251
f 2336/1808/2256 2333/1798/2253 2328/1805/2252
f 2328/1805/2252 2335/1809/2255 2336/1808/2256
f 2331/1792/2250 2333/1798/2253 2337/1799/2254
f 2333/1798/2253 2336/1808/2256 2338/1776/2257
f 2333/1798/2253 2339/1775/2258 2337/1799/2254
f 2333/1798/2253 2338/1776/2257 2339/1775/2258
f 2335/1809/2255 2334/1810/2254 2340/1780/2258
f 2341/1811/2259 2336/1808/2256 2335/1809/2255
f 2340/1780/2258 2341/1811/2259 2335/1809/2255
f 2336/1808/2256 2341/1811/2259 2342/1812/2260
f 2342/1812/2260 2338/1776/2257 2336/1808/2256
f 2338/1776/2257 2343/1777/2261 2339/1775/2258
f 2338/1776/2257 2344/1778/2262 2343/1777/2261
f 2338/1776/2257 2342/1812/2260 2344/1778/2262
f 2341/1811/2259 2340/1780/2258 2345/1781/2263
f 2346/1802/2264 2347/1801/2265 2348/1800/2266
f 2349/1794/2267 2348/1800/2266 2347/1801/2265
f 2347/1801/2265 2350/1804/2268 2349/1794/2267
f 2349/1794/2267 2351/1796/2269 2348/1800/2266
f 2351/1796/2269 2349/1794/2267 2352/1791/2270
f 2353/1795/2271 2349/1794/2267 2350/1804/2268
f 2354/1789/2272 2349/1794/2267 2353/1795/2271
f 2349/1794/2267 2354/1789/2272 2355/1790/2273
f 2355/1790/2273 2352/1791/2270 2349/1794/2267
f 2356/1793/2274 2354/1789/2272 2353/1795/2271
f 2353/1795/2271 2357/1821/2275 2356/1793/2274
f 2353/1795/2271 2350/1804/2268 2357/1821/2275
f 2358/1787/2276 2355/1790/2273 2354/1789/2272
f 2356/1793/2274 2358/1787/2276 2354/1789/2272
f 2355/1790/2273 2358/1787/2276 2359/1785/2277
f 2359/1785/2277 2352/1791/2270 2355/1790/2273
f 2350/1804/2268 2360/1807/2278 2357/1821/2275
f 2361/1824/2279 2356/1793/2274 2357/1821/2275
f 2360/1807/2278 2361/1824/2279 2357/1821/2275
f 2352/1791/2270 2359/1785/2277 2362/1786/2280
f 2356/1793/2274 2363/1792/2281 2358/1787/2276
f 2364/1798/2282 2363/1792/2281 2356/1793/2274
f 2356/1793/2274 2361/1824/2279 2364/1798/2282
f 2358/1787/2276 2365/1783/2283 2359/1785/2277
f 2366/1788/2284 2365/1783/2283 2358/1787/2276
f 2363/1792/2281 2366/1788/2284 2358/1787/2276
f 2365/1783/2283 2367/1782/2285 2359/1785/2277
f 2359/1785/2277 2367/1782/2285 2362/1786/2280
f 2361/1824/2279 2360/1807/2278 2368/1810/2286
f 2369/1825/2287 2364/1798/2282 2361/1824/2279
f 2368/1810/2286 2369/1825/2287 2361/1824/2279
f 2363/1792/2281 2364/1798/2282 2370/1799/2286
f 2369/1825/2287 2106/1776/2054 2364/1798/2282
f 2105/1775/2053 2370/1799/2286 2364/1798/2282
f 2106/1776/2054 2105/1775/2053 2364/1798/2282
f 2367/1782/2285 2365/1783/2283 2371/1784/2288
f 2369/1825/2287 2368/1810/2286 2110/1780/2053
f 2110/1780/2053 2109/1779/2057 2369/1825/2287
f 2109/1779/2057 2106/1776/2054 2369/1825/2287
o Model001_25_apotent!wrong!_1.1_10.009
v 0.868018 1.225011 -2.198163
v 0.859455 1.271469 -2.223840
v 0.860069 1.261679 -2.223840
v 0.867405 1.220116 -2.203058
v 0.873514 1.187717 -2.184718
v 0.862510 1.261679 -2.223840
v 0.872913 1.220116 -2.203058
v 0.872300 1.184049 -2.192054
v 0.877796 1.149208 -2.179823
v 0.875968 1.147981 -2.188386
v 0.880249 1.184049 -2.193269
v 0.881464 1.187103 -2.185932
v 0.873514 1.225011 -2.199390
v 0.862510 1.270242 -2.223840
v 0.872300 1.084410 -2.168819
v 0.885132 1.147368 -2.189600
v 0.886359 1.148595 -2.181050
v 0.874741 1.085637 -2.157815
v 0.882691 1.083797 -2.170046
v 0.873514 1.187717 -2.184718
v 0.877796 1.149208 -2.179823
v 0.868018 1.225011 -2.198163
v 0.859455 1.271469 -2.223840
v 0.867405 1.025734 -2.144369
v 0.856401 1.026334 -2.143142
v 0.885132 1.085023 -2.160268
v 0.874741 1.085637 -2.157815
v 0.858241 1.027561 -2.132150
v 0.869245 1.026948 -2.133365
v 0.863123 1.003725 -2.150478
v 0.872300 0.998217 -2.139474
v 0.853346 1.000670 -2.148037
v 0.849065 0.999443 -2.138260
v 0.863123 0.905301 -2.115025
v 0.856401 0.905914 -2.113810
v 0.858241 1.027561 -2.132150
v 0.868018 1.000670 -2.127256
v 0.869245 0.906527 -2.108915
v 0.854573 1.000670 -2.128483
v 0.853346 0.907141 -2.105247
v 0.852733 0.694418 -2.072235
v 0.860682 0.694418 -2.073462
v 0.854573 1.000670 -2.128483
v 0.860069 0.907754 -2.099138
v 0.866178 0.907754 -2.099138
v 0.868632 0.695031 -2.064899
v 0.849065 0.696245 -2.060016
v 0.847237 0.484136 -2.031898
v 0.851518 0.481995 -2.045344
v 0.861909 0.481694 -2.047785
v 0.853346 0.907141 -2.105247
v 0.857014 0.697472 -2.052680
v 0.849065 0.696245 -2.060016
v 0.865577 0.696859 -2.053907
v 0.871687 0.482909 -2.038008
v 0.867405 0.484749 -2.023335
v 0.831951 0.273240 -1.982987
v 0.821560 0.273703 -1.981772
v 0.816665 0.275844 -1.967100
v 0.857014 0.485363 -2.022109
v 0.847237 0.484136 -2.031898
v 0.842955 0.274468 -1.973209
v 0.838060 0.276608 -1.957323
v 0.812997 0.062696 -1.945092
v 0.824615 0.062158 -1.947533
v 0.835619 0.063497 -1.935314
v 0.808115 0.065062 -1.929205
v 0.817892 -0.042790 -1.921869
v 0.827056 0.277059 -1.956096
v 0.816665 0.275844 -1.967100
v 0.830123 -0.043328 -1.923083
v 0.831338 0.065863 -1.919415
v 0.819119 0.066402 -1.918201
v 0.842342 -0.041951 -1.910865
v 0.808115 0.065062 -1.929205
v 0.812997 -0.040273 -1.904743
v 0.824615 -0.038859 -1.892524
v 0.836846 -0.039422 -1.893751
v 0.812997 -0.040273 -1.904743
v 0.867405 0.543426 -1.987882
v 0.871073 0.540985 -1.982987
v 0.870459 0.542813 -1.986655
v 0.868632 0.540671 -1.980545
v 0.864964 0.541285 -1.985440
v 0.865577 0.539758 -1.981772
v 0.870459 0.542813 -1.986655
v 0.868632 0.489944 -2.036781
v 0.858854 0.497581 -2.035567
v 0.867405 0.543426 -1.987882
v 0.864964 0.541285 -1.985440
v 0.848451 0.490245 -2.033113
v 0.865577 0.539758 -1.981772
v 0.849065 0.476186 -2.028230
v 0.859455 0.468236 -2.029445
v 0.868632 0.540671 -1.980545
v 0.867405 0.475272 -2.033113
v 0.871073 0.540985 -1.982987
v -0.028481 1.225011 -2.361987
v -0.036906 1.271469 -2.387664
v -0.036518 1.261679 -2.387664
v -0.029132 1.220116 -2.366882
v -0.023035 1.187717 -2.349756
v -0.033851 1.261679 -2.387664
v -0.023360 1.220116 -2.368097
v -0.024274 1.184049 -2.355878
v -0.018841 1.149208 -2.343647
v -0.020556 1.147981 -2.352210
v -0.016538 1.184049 -2.357092
v -0.015298 1.187103 -2.350983
v -0.022709 1.225011 -2.363214
v -0.034227 1.270242 -2.387664
v -0.023974 1.084410 -2.332643
v -0.011680 1.147368 -2.353424
v -0.009978 1.148595 -2.346088
v -0.021933 1.085637 -2.322865
v -0.013633 1.083797 -2.335084
v -0.023035 1.187717 -2.349756
v -0.018841 1.149208 -2.343647
v -0.028481 1.225011 -2.361987
v -0.036906 1.271469 -2.387664
v -0.029269 1.025734 -2.309420
v -0.040311 1.026334 -2.306966
v -0.011593 1.085023 -2.324092
v -0.021933 1.085637 -2.322865
v -0.038033 1.027561 -2.295962
v -0.027016 1.026948 -2.298416
v -0.033376 1.003725 -2.314302
v -0.024375 0.998217 -2.304525
v -0.042940 1.000670 -2.313088
v -0.047760 0.999443 -2.303298
v -0.033676 0.905301 -2.278848
v -0.040349 0.905914 -2.278848
v -0.038033 1.027561 -2.295962
v -0.028293 1.000670 -2.291080
v -0.027291 0.906527 -2.272739
v -0.042026 1.000670 -2.292306
v -0.043090 0.907141 -2.269071
v -0.044092 0.694418 -2.236058
v -0.035717 0.694418 -2.237285
v -0.042026 1.000670 -2.292306
v -0.036718 0.907754 -2.262962
v -0.030046 0.907754 -2.264176
v -0.027717 0.695031 -2.228723
v -0.047560 0.696245 -2.225054
v -0.049012 0.484136 -2.195722
v -0.044818 0.481995 -2.210395
v -0.034753 0.481694 -2.211609
v -0.043090 0.907141 -2.269071
v -0.039548 0.697472 -2.216504
v -0.047560 0.696245 -2.225054
v -0.031172 0.696859 -2.217718
v -0.025101 0.482909 -2.201832
v -0.029269 0.484749 -2.188386
v -0.064260 0.273240 -2.148037
v -0.075189 0.273703 -2.145596
v -0.079696 0.275844 -2.130924
v -0.039347 0.485363 -2.185932
v -0.049012 0.484136 -2.195722
v -0.053832 0.274468 -2.137033
v -0.058339 0.276608 -2.122361
v -0.083589 0.062696 -2.110142
v -0.071859 0.062158 -2.111357
v -0.060630 0.063497 -2.099138
v -0.088484 0.065062 -2.093029
v -0.078707 -0.042790 -2.085693
v -0.069268 0.277059 -2.119920
v -0.079696 0.275844 -2.130924
v -0.066251 -0.043328 -2.088134
v -0.065487 0.065863 -2.083239
v -0.077217 0.066402 -2.082025
v -0.054332 -0.041951 -2.075903
v -0.088484 0.065062 -2.093029
v -0.083827 -0.040273 -2.068567
v -0.071897 -0.038859 -2.056348
v -0.059453 -0.039422 -2.058789
v -0.083827 -0.040273 -2.068567
v 0.868632 0.489944 -2.036781
v 0.870459 0.542813 -1.986655
vt 0.050000 0.532496
vt 0.017000 0.531496
vt 0.016000 0.528496
vt 0.049000 0.530496
vt 0.066000 0.532496
vt 0.016000 0.526496
vt 0.049000 0.525496
vt 0.065000 0.530496
vt 0.081000 0.531496
vt 0.080000 0.528496
vt 0.065000 0.525496
vt 0.065000 0.522496
vt 0.050000 0.522496
vt 0.017000 0.523496
vt 0.108000 0.527496
vt 0.080000 0.526496
vt 0.081000 0.523496
vt 0.109000 0.530496
vt 0.108000 0.525496
vt 0.066000 0.520496
vt 0.081000 0.520496
vt 0.050000 0.519496
vt 0.017000 0.520496
vt 0.135000 0.526496
vt 0.135000 0.528496
vt 0.109000 0.524496
vt 0.109000 0.522496
vt 0.136000 0.531496
vt 0.136000 0.523496
vt 0.149000 0.527496
vt 0.150000 0.523496
vt 0.150000 0.529496
vt 0.150000 0.532496
vt 0.195000 0.527496
vt 0.195000 0.529496
vt 0.136000 0.520496
vt 0.150000 0.520496
vt 0.195000 0.523496
vt 0.150000 0.534496
vt 0.196000 0.532496
vt 0.309000 0.531496
vt 0.308000 0.527496
vt 0.151000 0.517496
vt 0.196000 0.518496
vt 0.196000 0.520496
vt 0.309000 0.522496
vt 0.309000 0.535496
vt 0.422000 0.532496
vt 0.421000 0.529496
vt 0.421000 0.527496
vt 0.196000 0.516496
vt 0.309000 0.518496
vt 0.309000 0.517496
vt 0.309000 0.519496
vt 0.421000 0.523496
vt 0.422000 0.520496
vt 0.513000 0.531496
vt 0.513000 0.534496
vt 0.514000 0.536496
vt 0.422000 0.518496
vt 0.422000 0.516496
vt 0.513000 0.523496
vt 0.514000 0.518496
vt 0.603000 0.530496
vt 0.603000 0.528496
vt 0.603000 0.524496
vt 0.604000 0.533496
vt 0.635000 0.529496
vt 0.514000 0.516496
vt 0.634000 0.527496
vt 0.604000 0.520496
vt 0.604000 0.517496
vt 0.635000 0.524496
vt 0.604000 0.515496
vt 0.635000 0.532496
vt 0.635000 0.518496
vt 0.635000 0.521496
vt 0.635000 0.515496
vt 0.622000 0.544496
vt 0.624000 0.542496
vt 0.624000 0.543496
vt 0.622000 0.541496
vt 0.620000 0.543496
vt 0.619000 0.541496
vt 0.486000 0.536496
vt 0.529000 0.536496
vt 0.526000 0.538496
vt 0.486000 0.538496
vt 0.486000 0.542496
vt 0.528000 0.542496
vt 0.485000 0.545496
vt 0.532000 0.544496
vt 0.535000 0.548496
vt 0.485000 0.548496
vt 0.533000 0.551496
vt 0.485000 0.551496
vt 0.529000 0.554496
vt 0.486000 0.554496
vn -0.565900 0.279400 0.775700
vn -0.560000 0.319300 0.764500
vn -0.932400 -0.278200 -0.230800
vn -0.751800 -0.360400 -0.552200
vn -0.569800 0.150200 0.807900
vn 0.581600 -0.248800 -0.774500
vn 0.598400 -0.152100 -0.786600
vn -0.796200 -0.228700 -0.560200
vn -0.673000 0.132400 0.727700
vn -0.682600 -0.136700 -0.717900
vn 0.580300 -0.039100 -0.813500
vn 0.817300 0.237500 0.525000
vn 0.837400 0.350900 0.419000
vn 0.625700 0.482700 0.612800
vn -0.722100 -0.160000 -0.673100
vn 0.433800 -0.181200 -0.882600
vn 0.891500 0.159700 0.423900
vn -0.407900 0.411100 0.815200
vn 0.699200 -0.308900 -0.644800
vn -0.569800 0.150300 0.807900
vn -0.560000 0.319200 0.764500
vn 0.630300 -0.180700 -0.755000
vn -0.814100 0.237100 -0.530200
vn 0.931600 -0.023400 0.362700
vn -0.407800 0.411200 0.815200
vn -0.555700 0.324800 0.765300
vn 0.751400 0.181300 0.634500
vn 0.220200 -0.015100 -0.975300
vn 0.956200 -0.042000 -0.289500
vn -0.558700 -0.105900 -0.822600
vn -0.996700 0.080800 -0.006200
vn 0.230300 -0.270600 -0.934700
vn -0.716800 -0.205500 -0.666300
vn -0.555600 0.324800 0.765400
vn 0.492600 0.198900 0.847200
vn 0.974100 -0.063700 -0.217100
vn -0.570900 0.207700 0.794300
vn -0.980200 0.046600 0.192400
vn -0.719300 -0.108500 -0.686200
vn 0.312100 -0.150300 -0.938100
vn -0.570900 0.207800 0.794300
vn -0.375600 0.235500 0.896400
vn 0.618300 0.182300 0.764500
vn 0.987500 -0.015000 -0.157100
vn -0.924200 0.085800 0.372000
vn -0.985700 0.088100 0.144000
vn -0.504600 -0.146100 -0.850900
vn 0.384800 -0.191700 -0.902800
vn -0.326000 0.171600 0.929700
vn -0.924300 0.085800 0.372000
vn 0.559000 0.139700 0.817300
vn 0.924400 -0.158800 -0.346900
vn 0.798600 0.085400 0.595800
vn 0.211400 -0.256200 -0.943200
vn -0.729100 -0.088100 -0.678700
vn -0.968200 0.149200 0.200700
vn -0.254200 0.249300 0.934500
vn -0.985700 0.088000 0.144000
vn 0.963400 -0.128800 -0.235300
vn 0.571900 0.155200 0.805500
vn -0.663100 -0.131500 -0.736900
vn 0.307700 -0.190500 -0.932200
vn 0.971700 -0.042200 -0.232400
vn -0.970700 0.039700 0.237000
vn -0.659400 -0.194800 -0.726100
vn -0.425300 0.236000 0.873700
vn 0.494800 -0.168800 -0.852500
vn 0.643400 0.182500 0.743400
vn -0.336600 0.183800 0.923500
vn 0.996900 0.046000 -0.063300
vn -0.905800 0.056900 0.419800
vn -0.187900 0.223400 0.956400
vn 0.630200 0.214800 0.746100
vn -0.146000 0.988800 0.032200
vn 0.600100 0.531400 0.597900
vn 0.315300 0.901200 -0.297300
vn 0.173500 0.332200 0.927100
vn -0.531000 0.845800 -0.051300
vn -0.481900 -0.069100 0.873500
vn 0.315200 0.901200 -0.297300
vn 0.552200 0.564700 -0.613300
vn -0.171800 0.729000 -0.662600
vn -0.842400 0.486700 -0.231400
vn -0.842400 0.486600 -0.231500
vn -0.481800 -0.069200 0.873500
vn -0.452300 -0.446700 0.772000
vn 0.077600 -0.565900 0.820800
vn -0.481900 -0.069200 0.873500
vn -0.452300 -0.446700 0.771900
vn 0.623500 -0.497100 0.603400
vn 0.600200 0.531300 0.598000
vn -0.556600 0.276700 0.783300
vn -0.531200 0.334000 0.778600
vn -0.938900 -0.269400 -0.214300
vn -0.797400 -0.343100 -0.496400
vn -0.556500 0.148200 0.817600
vn 0.565200 -0.244600 -0.787900
vn 0.553000 -0.173200 -0.815000
vn -0.821200 -0.228000 -0.523100
vn -0.650800 0.140500 0.746200
vn -0.682100 -0.138700 -0.718000
vn 0.557400 -0.053500 -0.828500
vn 0.832800 0.233500 0.501900
vn 0.824300 0.349300 0.445600
vn 0.623400 0.486500 0.612100
vn -0.753200 -0.137300 -0.643400
vn 0.384900 -0.177500 -0.905700
vn 0.908900 0.158800 0.385600
vn -0.406300 0.411400 0.815900
vn 0.680400 -0.306700 -0.665600
vn -0.556500 0.148100 0.817500
vn -0.556600 0.276600 0.783400
vn -0.531300 0.334000 0.778600
vn 0.584700 -0.183700 -0.790200
vn -0.817700 0.243800 -0.521400
vn 0.913500 -0.007000 0.406900
vn -0.522100 0.340200 0.782100
vn 0.775900 0.186800 0.602600
vn 0.221000 -0.022500 -0.975000
vn 0.941700 -0.053600 -0.332000
vn -0.474100 -0.101700 -0.874600
vn -0.996400 0.083800 -0.012500
vn 0.282300 -0.268800 -0.920900
vn -0.684500 -0.217700 -0.695700
vn 0.542300 0.197100 0.816700
vn 0.970800 -0.068300 -0.230000
vn -0.584600 0.208300 0.784100
vn -0.979000 0.046800 0.198700
vn -0.709600 -0.111000 -0.695800
vn 0.327300 -0.148200 -0.933200
vn -0.341500 0.235700 0.909900
vn 0.656900 0.171800 0.734100
vn 0.989400 -0.013600 -0.144200
vn -0.938900 0.078700 0.335200
vn -0.985700 0.088700 0.143300
vn -0.492100 -0.145500 -0.858300
vn 0.424000 -0.189500 -0.885600
vn -0.320200 0.173000 0.931400
vn 0.571100 0.138300 0.809200
vn 0.933700 -0.153500 -0.323400
vn 0.811100 0.078800 0.579600
vn 0.235700 -0.256900 -0.937300
vn -0.764000 -0.075000 -0.640800
vn -0.965600 0.151800 0.211000
vn -0.206100 0.247100 0.946800
vn 0.970300 -0.122700 -0.208700
vn 0.608900 0.145400 0.779800
vn -0.658200 -0.133600 -0.740900
vn 0.335800 -0.189900 -0.922600
vn 0.974000 -0.038200 -0.223500
vn -0.968600 0.041700 0.245000
vn -0.658800 -0.195400 -0.726500
vn -0.386100 0.236600 0.891600
vn -0.965600 0.151800 0.210900
vn 0.472300 -0.163800 -0.866100
vn 0.650500 0.179600 0.737900
vn -0.312900 0.186300 0.931300
vn 0.997400 0.047800 -0.054800
vn -0.968600 0.041800 0.245000
vn -0.903500 0.059900 0.424400
vn -0.151300 0.223600 0.962900
vn 0.672300 0.203800 0.711700
vn 0.600200 0.531300 0.597900
vn 0.315200 0.901300 -0.297300
vn 0.552200 0.564700 -0.613400
vn -0.481800 -0.069300 0.873500
vn 0.623500 -0.497100 0.603500
usemtl Model001_Material004
s 1
f 2372/1837/2289 2373/1838/2290 2374/1839/2291
f 2375/1840/2292 2372/1837/2289 2374/1839/2291
f 2376/1841/2293 2372/1837/2289 2375/1840/2292
f 2377/1842/2294 2375/1840/2292 2374/1839/2291
f 2375/1840/2292 2377/1842/2294 2378/1843/2295
f 2375/1840/2292 2379/1844/2296 2376/1841/2293
f 2378/1843/2295 2379/1844/2296 2375/1840/2292
f 2379/1844/2296 2380/1845/2297 2376/1841/2293
f 2380/1845/2297 2379/1844/2296 2381/1846/2298
f 2382/1847/2299 2381/1846/2298 2379/1844/2296
f 2379/1844/2296 2378/1843/2295 2382/1847/2299
f 2382/1847/2299 2378/1843/2295 2383/1848/2300
f 2384/1849/2301 2383/1848/2300 2378/1843/2295
f 2378/1843/2295 2377/1842/2294 2384/1849/2301
f 2385/1850/2302 2384/1849/2301 2377/1842/2294
f 2386/1851/2303 2380/1845/2297 2381/1846/2298
f 2387/1852/2304 2386/1851/2303 2381/1846/2298
f 2381/1846/2298 2382/1847/2299 2387/1852/2304
f 2382/1847/2299 2388/1853/2305 2387/1852/2304
f 2388/1853/2305 2382/1847/2299 2383/1848/2300
f 2380/1845/2297 2386/1851/2303 2389/1854/2306
f 2386/1851/2303 2387/1852/2304 2390/1855/2307
f 2388/1853/2305 2390/1855/2307 2387/1852/2304
f 2384/1849/2301 2391/1856/2308 2383/1848/2300
f 2392/1857/2297 2383/1848/2300 2391/1856/2308
f 2383/1848/2300 2392/1857/2297 2388/1853/2305
f 2393/1858/2289 2391/1856/2308 2384/1849/2301
f 2385/1850/2302 2393/1858/2289 2384/1849/2301
f 2394/1859/2309 2393/1858/2289 2385/1850/2302
f 2395/1860/2310 2386/1851/2303 2390/1855/2307
f 2386/1851/2303 2395/1860/2310 2396/1861/2311
f 2396/1861/2311 2389/1854/2306 2386/1851/2303
f 2397/1862/2312 2395/1860/2310 2390/1855/2307
f 2390/1855/2307 2388/1853/2305 2397/1862/2312
f 2392/1857/2297 2398/1863/2313 2388/1853/2305
f 2388/1853/2305 2398/1863/2313 2397/1862/2312
f 2389/1854/2306 2396/1861/2311 2399/1864/2314
f 2395/1860/2310 2397/1862/2312 2400/1865/2315
f 2400/1865/2315 2397/1862/2312 2398/1863/2313
f 2401/1866/2316 2396/1861/2311 2395/1860/2310
f 2395/1860/2310 2402/1867/2317 2401/1866/2316
f 2402/1867/2317 2395/1860/2310 2400/1865/2315
f 2396/1861/2311 2401/1866/2316 2403/1868/2318
f 2396/1861/2311 2403/1868/2318 2404/1869/2319
f 2404/1869/2319 2399/1864/2314 2396/1861/2311
f 2401/1866/2316 2405/1870/2320 2403/1868/2318
f 2405/1870/2320 2401/1866/2316 2402/1867/2317
f 2403/1868/2318 2405/1870/2320 2406/1871/2321
f 2403/1868/2318 2406/1871/2321 2404/1869/2319
f 2398/1863/2313 2407/1872/2322 2400/1865/2315
f 2407/1872/2322 2408/1873/2323 2400/1865/2315
f 2400/1865/2315 2408/1873/2323 2402/1867/2317
f 2402/1867/2317 2409/1874/2324 2405/1870/2320
f 2409/1874/2324 2402/1867/2317 2408/1873/2323
f 2399/1864/2314 2404/1869/2319 2410/1875/2325
f 2411/1876/2326 2410/1875/2325 2404/1869/2319
f 2411/1876/2326 2404/1869/2319 2406/1871/2321
f 2405/1870/2320 2412/1877/2327 2406/1871/2321
f 2412/1877/2327 2411/1876/2326 2406/1871/2321
f 2412/1877/2327 2405/1870/2320 2413/1878/2328
f 2409/1874/2324 2413/1878/2328 2405/1870/2320
f 2408/1873/2323 2407/1872/2322 2414/1879/2329
f 2414/1879/2329 2415/1880/2330 2408/1873/2323
f 2408/1873/2323 2416/1881/2331 2409/1874/2324
f 2408/1873/2323 2415/1880/2330 2416/1881/2331
f 2413/1878/2328 2409/1874/2324 2417/1882/2332
f 2416/1881/2331 2417/1882/2332 2409/1874/2324
f 2411/1876/2326 2412/1877/2327 2418/1883/2333
f 2412/1877/2327 2419/1884/2334 2418/1883/2333
f 2419/1884/2334 2412/1877/2327 2420/1885/2335
f 2420/1885/2335 2412/1877/2327 2413/1878/2328
f 2417/1882/2332 2421/1886/2336 2413/1878/2328
f 2413/1878/2328 2421/1886/2336 2420/1885/2335
f 2414/1879/2329 2422/1887/2326 2415/1880/2330
f 2415/1880/2330 2423/1888/2337 2416/1881/2331
f 2415/1880/2330 2424/1889/2338 2423/1888/2337
f 2424/1889/2338 2415/1880/2330 2422/1887/2326
f 2416/1881/2331 2423/1888/2337 2425/1890/2339
f 2417/1882/2332 2416/1881/2331 2425/1890/2339
f 2421/1886/2336 2417/1882/2332 2426/1891/2340
f 2417/1882/2332 2427/1892/2341 2426/1891/2340
f 2425/1890/2339 2427/1892/2341 2417/1882/2332
f 2428/1893/2342 2420/1885/2335 2421/1886/2336
f 2426/1891/2340 2428/1893/2342 2421/1886/2336
f 2420/1885/2335 2428/1893/2342 2429/1894/2343
f 2429/1894/2343 2419/1884/2334 2420/1885/2335
f 2419/1884/2334 2429/1894/2343 2430/1895/2344
f 2425/1890/2339 2431/1896/2345 2427/1892/2341
f 2431/1896/2345 2425/1890/2339 2423/1888/2337
f 2431/1896/2345 2423/1888/2337 2432/1897/2346
f 2424/1889/2338 2432/1897/2346 2423/1888/2337
f 2428/1893/2342 2426/1891/2340 2433/1898/2347
f 2427/1892/2341 2433/1898/2347 2426/1891/2340
f 2431/1896/2345 2434/1899/2348 2427/1892/2341
f 2433/1898/2347 2427/1892/2341 2434/1899/2348
f 2429/1894/2343 2435/1900/2349 2430/1895/2344
f 2435/1900/2349 2429/1894/2343 2428/1893/2342
f 2433/1898/2347 2436/1901/2350 2428/1893/2342
f 2428/1893/2342 2436/1901/2350 2435/1900/2349
f 2436/1901/2350 2433/1898/2347 2437/1902/2351
f 2434/1899/2348 2437/1902/2351 2433/1898/2347
f 2438/1903/2352 2430/1895/2344 2435/1900/2349
f 2436/1901/2350 2439/1904/2353 2435/1900/2349
f 2439/1904/2353 2438/1903/2352 2435/1900/2349
f 2434/1899/2348 2431/1896/2345 2440/1899/2354
f 2431/1896/2345 2441/1905/2344 2440/1899/2354
f 2441/1905/2344 2431/1896/2345 2432/1897/2346
f 2439/1904/2353 2436/1901/2350 2442/1906/2355
f 2437/1902/2351 2442/1906/2355 2436/1901/2350
f 2437/1902/2351 2434/1899/2348 2443/1907/2356
f 2444/1908/2357 2434/1899/2348 2440/1899/2354
f 2434/1899/2348 2444/1908/2357 2443/1907/2356
f 2442/1906/2355 2437/1902/2351 2445/1909/2358
f 2443/1907/2356 2445/1909/2358 2437/1902/2351
f 2444/1908/2357 2440/1899/2354 2446/1910/2352
f 2441/1905/2344 2446/1910/2352 2440/1899/2354
f 2438/1903/2352 2439/1904/2353 2447/1911/2359
f 2444/1908/2357 2448/1912/2360 2443/1907/2356
f 2445/1909/2358 2443/1907/2356 2449/1913/2361
f 2443/1907/2356 2448/1912/2360 2449/1913/2361
f 2450/1914/2359 2444/1908/2357 2446/1910/2352
f 2444/1908/2357 2450/1914/2359 2448/1912/2360
f 2451/1915/2362 2452/1916/2363 2453/1917/2364
f 2451/1915/2362 2454/1918/2365 2452/1916/2363
f 2455/1919/2366 2454/1918/2365 2451/1915/2362
f 2455/1919/2366 2456/1920/2367 2454/1918/2365
f 2457/1921/2368 2458/1922/2369 2459/1923/2370
f 2457/1921/2368 2459/1923/2370 2460/1924/2362
f 2459/1923/2370 2461/1925/2366 2460/1924/2362
f 2461/1925/2366 2459/1923/2370 2462/1926/2371
f 2462/1926/2372 2463/1927/2373 2461/1925/2366
f 2464/1928/2374 2463/1927/2373 2462/1926/2372
f 2465/1929/2375 2463/1927/2376 2464/1928/2377
f 2463/1927/2376 2465/1929/2375 2466/1930/2365
f 2467/1931/2378 2466/1930/2365 2465/1929/2375
f 2466/1930/2365 2467/1931/2378 2468/1932/2379
f 2469/1837/2380 2470/1838/2381 2471/1839/2382
f 2471/1839/2382 2472/1840/2383 2469/1837/2380
f 2473/1841/2384 2469/1837/2380 2472/1840/2383
f 2474/1842/2385 2472/1840/2383 2471/1839/2382
f 2472/1840/2383 2474/1842/2385 2475/1843/2386
f 2472/1840/2383 2476/1844/2387 2473/1841/2384
f 2475/1843/2386 2476/1844/2387 2472/1840/2383
f 2476/1844/2387 2477/1845/2388 2473/1841/2384
f 2477/1845/2388 2476/1844/2387 2478/1846/2389
f 2479/1847/2390 2478/1846/2389 2476/1844/2387
f 2476/1844/2387 2475/1843/2386 2479/1847/2390
f 2479/1847/2390 2475/1843/2386 2480/1848/2391
f 2481/1849/2392 2480/1848/2391 2475/1843/2386
f 2475/1843/2386 2474/1842/2385 2481/1849/2392
f 2482/1850/2393 2481/1849/2392 2474/1842/2385
f 2483/1851/2394 2477/1845/2388 2478/1846/2389
f 2484/1852/2395 2483/1851/2394 2478/1846/2389
f 2478/1846/2389 2479/1847/2390 2484/1852/2395
f 2479/1847/2390 2485/1853/2396 2484/1852/2395
f 2485/1853/2396 2479/1847/2390 2480/1848/2391
f 2477/1845/2388 2483/1851/2394 2486/1854/2397
f 2483/1851/2394 2484/1852/2395 2487/1855/2398
f 2485/1853/2396 2487/1855/2398 2484/1852/2395
f 2481/1849/2392 2488/1856/2399 2480/1848/2391
f 2489/1857/2388 2480/1848/2391 2488/1856/2399
f 2480/1848/2391 2489/1857/2388 2485/1853/2396
f 2490/1858/2400 2488/1856/2399 2481/1849/2392
f 2482/1850/2393 2490/1858/2400 2481/1849/2392
f 2491/1859/2401 2490/1858/2400 2482/1850/2393
f 2492/1860/2402 2483/1851/2394 2487/1855/2398
f 2483/1851/2394 2492/1860/2402 2493/1861/2403
f 2493/1861/2403 2486/1854/2397 2483/1851/2394
f 2494/1862/2404 2492/1860/2402 2487/1855/2398
f 2487/1855/2398 2485/1853/2396 2494/1862/2404
f 2489/1857/2388 2495/1863/2397 2485/1853/2396
f 2485/1853/2396 2495/1863/2397 2494/1862/2404
f 2486/1854/2397 2493/1861/2403 2496/1864/2405
f 2492/1860/2402 2494/1862/2404 2497/1865/2406
f 2497/1865/2406 2494/1862/2404 2495/1863/2397
f 2498/1866/2407 2493/1861/2403 2492/1860/2402
f 2492/1860/2402 2499/1867/2408 2498/1866/2407
f 2499/1867/2408 2492/1860/2402 2497/1865/2406
f 2493/1861/2403 2498/1866/2407 2500/1868/2409
f 2493/1861/2403 2500/1868/2409 2501/1869/2410
f 2501/1869/2410 2496/1864/2405 2493/1861/2403
f 2498/1866/2407 2502/1870/2411 2500/1868/2409
f 2502/1870/2411 2498/1866/2407 2499/1867/2408
f 2500/1868/2409 2502/1870/2411 2503/1871/2412
f 2500/1868/2409 2503/1871/2412 2501/1869/2410
f 2495/1863/2397 2504/1872/2405 2497/1865/2406
f 2504/1872/2405 2505/1873/2413 2497/1865/2406
f 2497/1865/2406 2505/1873/2413 2499/1867/2408
f 2499/1867/2408 2506/1874/2414 2502/1870/2411
f 2506/1874/2414 2499/1867/2408 2505/1873/2413
f 2496/1864/2405 2501/1869/2410 2507/1875/2415
f 2508/1876/2416 2507/1875/2415 2501/1869/2410
f 2508/1876/2416 2501/1869/2410 2503/1871/2412
f 2502/1870/2411 2509/1877/2417 2503/1871/2412
f 2509/1877/2417 2508/1876/2416 2503/1871/2412
f 2509/1877/2417 2502/1870/2411 2510/1878/2418
f 2506/1874/2414 2510/1878/2418 2502/1870/2411
f 2505/1873/2413 2504/1872/2405 2511/1879/2415
f 2511/1879/2415 2512/1880/2419 2505/1873/2413
f 2505/1873/2413 2513/1881/2420 2506/1874/2414
f 2505/1873/2413 2512/1880/2419 2513/1881/2420
f 2510/1878/2418 2506/1874/2414 2514/1882/2421
f 2513/1881/2420 2514/1882/2421 2506/1874/2414
f 2508/1876/2416 2509/1877/2417 2515/1883/2422
f 2509/1877/2417 2516/1884/2423 2515/1883/2422
f 2516/1884/2423 2509/1877/2417 2517/1885/2424
f 2517/1885/2424 2509/1877/2417 2510/1878/2418
f 2514/1882/2421 2518/1886/2425 2510/1878/2418
f 2510/1878/2418 2518/1886/2425 2517/1885/2424
f 2511/1879/2415 2519/1887/2416 2512/1880/2419
f 2512/1880/2419 2520/1888/2426 2513/1881/2420
f 2512/1880/2419 2521/1889/2422 2520/1888/2426
f 2521/1889/2422 2512/1880/2419 2519/1887/2416
f 2513/1881/2420 2520/1888/2426 2522/1890/2427
f 2514/1882/2421 2513/1881/2420 2522/1890/2427
f 2518/1886/2425 2514/1882/2421 2523/1891/2428
f 2514/1882/2421 2524/1892/2429 2523/1891/2428
f 2522/1890/2427 2524/1892/2429 2514/1882/2421
f 2525/1893/2430 2517/1885/2424 2518/1886/2425
f 2523/1891/2428 2525/1893/2430 2518/1886/2425
f 2517/1885/2424 2525/1893/2430 2526/1894/2431
f 2526/1894/2431 2516/1884/2423 2517/1885/2424
f 2516/1884/2423 2526/1894/2431 2527/1895/2432
f 2522/1890/2427 2528/1896/2433 2524/1892/2429
f 2528/1896/2433 2522/1890/2427 2520/1888/2426
f 2528/1896/2433 2520/1888/2426 2529/1897/2423
f 2521/1889/2422 2529/1897/2423 2520/1888/2426
f 2525/1893/2430 2523/1891/2428 2530/1898/2434
f 2524/1892/2429 2530/1898/2434 2523/1891/2428
f 2528/1896/2433 2531/1899/2435 2524/1892/2429
f 2530/1898/2434 2524/1892/2429 2531/1899/2435
f 2526/1894/2431 2532/1900/2436 2527/1895/2432
f 2532/1900/2436 2526/1894/2431 2525/1893/2430
f 2530/1898/2434 2533/1901/2437 2525/1893/2430
f 2525/1893/2430 2533/1901/2437 2532/1900/2436
f 2533/1901/2437 2530/1898/2434 2534/1902/2438
f 2531/1899/2435 2534/1902/2438 2530/1898/2434
f 2535/1903/2439 2527/1895/2432 2532/1900/2436
f 2533/1901/2437 2536/1904/2440 2532/1900/2436
f 2536/1904/2440 2535/1903/2439 2532/1900/2436
f 2531/1899/2435 2528/1896/2433 2537/1899/2441
f 2528/1896/2433 2538/1905/2442 2537/1899/2441
f 2538/1905/2442 2528/1896/2433 2529/1897/2423
f 2536/1904/2440 2533/1901/2437 2539/1906/2443
f 2534/1902/2438 2539/1906/2443 2533/1901/2437
f 2534/1902/2438 2531/1899/2435 2540/1907/2444
f 2541/1908/2445 2531/1899/2435 2537/1899/2441
f 2531/1899/2435 2541/1908/2445 2540/1907/2444
f 2539/1906/2443 2534/1902/2438 2542/1909/2446
f 2540/1907/2444 2542/1909/2446 2534/1902/2438
f 2541/1908/2445 2537/1899/2441 2543/1910/2447
f 2538/1905/2442 2543/1910/2447 2537/1899/2441
f 2535/1903/2439 2536/1904/2440 2544/1911/2448
f 2541/1908/2445 2545/1912/2449 2540/1907/2444
f 2542/1909/2446 2540/1907/2444 2546/1913/2450
f 2540/1907/2444 2545/1912/2449 2546/1913/2450
f 2547/1914/2448 2541/1908/2445 2543/1910/2447
f 2541/1908/2445 2547/1914/2448 2545/1912/2449
f 2456/1920/2373 2452/1916/2451 2455/1919/2366
f 2453/1917/2452 2455/1919/2366 2452/1916/2451
f 2458/1922/2453 2461/1925/2366 2457/1921/2368
f 2461/1925/2366 2458/1922/2453 2462/1926/2372
f 2467/1931/2378 2463/1927/2454 2464/1928/2374
f 2463/1927/2454 2467/1931/2378 2468/1932/2363
f 2548/1933/2453 2468/1932/2451 2467/1931/2455
f 2468/1932/2451 2548/1933/2453 2549/1934/2368
o Model001_25_apotent!wrong!_1.1_10.012
v -0.147925 0.007774 0.989666
v 1.069737 0.007774 -0.142279
v -0.186746 0.007774 -1.492742
v -1.404721 0.007774 -0.360660
v 0.198977 0.003730 0.334984
v -1.294691 0.003731 -1.255569
v -1.150435 0.003730 0.459686
v 0.040574 0.003731 -1.380271
v 0.027742 0.007862 -0.816064
v 0.182014 0.007862 1.239069
v 1.132708 0.007862 0.134179
v -0.923027 0.007862 0.288375
v -1.030002 0.009928 0.605470
v -0.003092 0.009928 0.667514
v -0.775102 0.009928 0.187510
v -0.251232 0.009928 1.085023
v 0.269422 0.010541 0.951157
v 0.020306 0.010541 0.898577
v 0.041300 0.010541 0.982943
v 0.267594 0.010541 0.857627
v -0.005070 0.010541 0.769606
v 0.348730 0.010541 0.726816
v -0.960321 0.010541 0.415982
v -0.868632 0.010541 0.275080
v -0.981103 0.010541 0.326734
v -0.879022 0.010541 0.502776
v -0.802606 0.010541 0.526011
v -0.729871 0.010541 0.452963
v 0.137609 0.019943 0.449295
v 0.371051 0.010541 0.586215
v 0.425759 0.014760 0.331003
v 0.258568 0.034190 0.231364
v -0.262849 0.010541 0.584388
v -0.073737 0.034765 0.323066
v 0.053719 0.047221 0.109191
v -0.808115 0.010541 0.155186
v -0.658350 0.010541 0.465795
v -0.644904 0.010541 0.521417
v -0.522343 0.010541 0.496667
v -0.323066 0.034765 0.174365
v -0.195459 0.053143 -0.039385
v -0.541598 0.027654 0.044167
v -0.862510 0.010541 -0.071822
v -0.824001 0.010541 -0.223577
v -0.522944 0.062733 -0.234581
v -0.812997 0.010541 -0.407419
v 0.732312 0.010541 -0.295248
v 0.896749 0.010541 -0.101166
v 0.816665 0.010541 -0.316944
v 0.814224 0.010541 -0.058489
v 0.606997 0.010541 -0.256590
v 0.737207 0.010541 0.075039
v -0.158628 0.010541 -0.929149
v -0.246963 0.010541 -0.904699
v -0.238863 0.010541 -0.781211
v -0.043253 0.010541 -0.898577
v 0.013395 0.010541 -0.842342
v -0.016200 0.010541 -0.743316
v 0.392747 0.019943 0.021470
v 0.624123 0.010541 0.161683
v 0.321225 0.010541 -0.395188
v 0.181401 0.034765 -0.104609
v -0.315417 0.010541 -0.670568
v 0.028831 0.010541 -0.687081
v 0.120884 0.010541 -0.581633
v 0.084503 0.010541 -0.701140
v -0.067966 0.034765 -0.253222
v -0.286385 0.027654 -0.383583
v -0.540984 0.010541 -0.610978
v -0.656510 0.010541 -0.504917
v 1.143699 0.006272 -0.199891
v -0.381129 0.006272 -1.940209
v 0.066864 0.006272 0.043253
v 0.695632 0.006272 -2.183491
vt 0.997000 0.228496
vt 0.599000 0.228496
vt 0.599000 0.008496
vt 0.997000 0.008496
vt -0.005000 1.230496
vt -0.401000 1.500496
vt -0.398000 1.232496
vt -0.004000 1.495496
vt 0.644000 0.519496
vt 0.992000 0.693496
vt 0.644000 0.693496
vt 0.992000 0.519496
vt 0.004000 0.889496
vt 0.146000 0.758496
vt 0.148000 0.889496
vt 0.003000 0.757496
vt 0.014000 0.905496
vt 0.077000 0.902496
vt 0.066000 0.894496
vt 0.021000 0.918496
vt 0.091000 0.916496
vt 0.011000 0.939496
vt 0.360000 0.885496
vt 0.359000 0.909496
vt 0.378000 0.895496
vt 0.328000 0.881496
vt 0.306000 0.884496
vt 0.299000 0.898496
vt 0.090000 0.960496
vt 0.016000 0.960496
vt 0.030000 0.995496
vt 0.090000 0.995496
vt 0.168000 0.918496
vt 0.160000 0.960496
vt 0.160000 0.995496
vt 0.362000 0.928496
vt 0.280000 0.902496
vt 0.269000 0.896496
vt 0.243000 0.908496
vt 0.242000 0.960496
vt 0.242000 0.995496
vt 0.314000 0.960496
vt 0.409000 0.951496
vt 0.422000 0.971496
vt 0.350000 0.995496
vt 0.447000 0.995496
vt 0.992000 0.703496
vt 0.667000 0.996496
vt 0.667000 0.703496
vt 0.992000 0.996496
vn -0.000000 1.000000 0.000000
vn -0.003100 0.999900 0.013300
vn 0.013400 0.999800 0.012300
vn 0.020400 0.998500 0.050900
vn 0.032000 0.999400 0.014100
vn 0.057400 0.997800 0.034200
vn 0.061300 0.997500 0.036500
vn -0.016300 0.997900 0.062100
vn -0.001900 0.997500 0.071200
vn 0.021500 0.999700 0.012800
vn -0.027900 0.999600 0.009900
vn -0.015500 0.999800 0.016000
vn -0.021500 0.999200 0.035100
vn -0.037200 0.997800 0.055400
vn 0.005000 1.000000 0.003000
vn -0.062200 0.996900 0.048700
vn -0.053500 0.998600 0.000700
vn -0.129000 0.991200 0.029900
vn -0.061500 0.997400 -0.036600
vn -0.131300 0.988300 -0.078100
vn 0.010200 0.999900 -0.009000
vn 0.017200 0.999800 0.006000
vn 0.054600 0.998500 -0.006300
vn 0.027600 0.999400 0.021400
vn 0.046900 0.997900 -0.043900
vn 0.061800 0.997500 -0.035500
vn -0.004500 0.999600 -0.029300
vn 0.006700 0.999800 -0.021200
vn 0.020700 0.999200 -0.035600
vn 0.031000 0.997800 -0.059000
vn 0.013200 0.996900 -0.077800
vn -0.024700 0.998600 -0.047500
vn -0.035000 0.991200 -0.127600
usemtl Model001_Material002
s 1
f 2550/1935/2456 2551/1936/2456 2552/1937/2456
f 2550/1935/2456 2552/1937/2456 2553/1938/2456
f 2554/1939/2456 2555/1940/2456 2556/1941/2456
f 2555/1940/2456 2554/1939/2456 2557/1942/2456
f 2558/1943/2456 2559/1944/2456 2560/1945/2456
f 2559/1944/2456 2558/1943/2456 2561/1946/2456
f 2562/1947/2456 2563/1948/2456 2564/1949/2456
f 2563/1948/2456 2562/1947/2456 2565/1950/2456
f 2566/1951/2456 2567/1952/2456 2568/1953/2456
f 2567/1952/2456 2566/1951/2456 2569/1954/2456
f 2567/1952/2456 2569/1954/2456 2570/1955/2457
f 2571/1956/2458 2570/1955/2457 2569/1954/2456
f 2572/1957/2456 2573/1958/2456 2574/1959/2456
f 2575/1960/2456 2573/1958/2456 2572/1957/2456
f 2576/1961/2456 2577/1962/2456 2575/1960/2456
f 2577/1962/2456 2573/1958/2456 2575/1960/2456
f 2578/1963/2459 2571/1956/2458 2579/1964/2460
f 2571/1956/2458 2578/1963/2459 2570/1955/2457
f 2580/1965/2461 2578/1963/2459 2579/1964/2460
f 2578/1963/2459 2580/1965/2461 2581/1966/2462
f 2570/1955/2457 2578/1963/2459 2582/1967/2463
f 2578/1963/2459 2583/1968/2464 2582/1967/2463
f 2581/1966/2462 2583/1968/2464 2578/1963/2459
f 2583/1968/2464 2581/1966/2462 2584/1969/2465
f 2577/1962/2456 2585/1970/2466 2573/1958/2456
f 2585/1970/2466 2577/1962/2456 2586/1971/2467
f 2587/1972/2456 2588/1973/2468 2586/1971/2467
f 2589/1974/2469 2582/1967/2463 2583/1968/2464
f 2582/1967/2463 2589/1974/2469 2588/1973/2468
f 2584/1969/2465 2589/1974/2469 2583/1968/2464
f 2589/1974/2469 2584/1969/2465 2590/1975/2470
f 2591/1976/2471 2585/1970/2466 2586/1971/2467
f 2591/1976/2471 2586/1971/2467 2588/1973/2468
f 2588/1973/2468 2589/1974/2469 2591/1976/2471
f 2590/1975/2470 2591/1976/2471 2589/1974/2469
f 2591/1976/2471 2592/1977/2472 2585/1970/2466
f 2592/1977/2472 2591/1976/2471 2593/1978/2473
f 2590/1975/2470 2594/1979/2474 2591/1976/2471
f 2591/1976/2471 2594/1979/2474 2593/1978/2473
f 2594/1979/2474 2595/1980/2475 2593/1978/2473
f 2596/1952/2456 2597/1951/2456 2598/1953/2456
f 2597/1951/2456 2596/1952/2456 2599/1954/2456
f 2600/1955/2476 2599/1954/2456 2596/1952/2456
f 2600/1955/2476 2601/1956/2477 2599/1954/2456
f 2602/1957/2456 2603/1959/2456 2604/1958/2456
f 2605/1960/2456 2602/1957/2456 2604/1958/2456
f 2606/1961/2456 2605/1960/2456 2607/1962/2456
f 2605/1960/2456 2604/1958/2456 2607/1962/2456
f 2601/1956/2477 2608/1963/2478 2609/1964/2479
f 2608/1963/2478 2601/1956/2477 2600/1955/2476
f 2580/1965/2461 2609/1964/2479 2608/1963/2478
f 2580/1965/2461 2608/1963/2478 2581/1966/2462
f 2600/1955/2476 2610/1967/2480 2608/1963/2478
f 2608/1963/2478 2610/1967/2480 2611/1968/2481
f 2581/1966/2462 2608/1963/2478 2611/1968/2481
f 2581/1966/2462 2611/1968/2481 2584/1969/2465
f 2612/1970/2482 2607/1962/2456 2604/1958/2456
f 2607/1962/2456 2612/1970/2482 2613/1971/2483
f 2613/1971/2483 2614/1973/2484 2615/1972/2456
f 2610/1967/2480 2616/1974/2485 2611/1968/2481
f 2616/1974/2485 2610/1967/2480 2614/1973/2484
f 2584/1969/2465 2611/1968/2481 2616/1974/2485
f 2584/1969/2465 2616/1974/2485 2590/1975/2470
f 2617/1976/2486 2613/1971/2483 2612/1970/2482
f 2613/1971/2483 2617/1976/2486 2614/1973/2484
f 2614/1973/2484 2617/1976/2486 2616/1974/2485
f 2590/1975/2470 2616/1974/2485 2617/1976/2486
f 2617/1976/2486 2612/1970/2482 2618/1977/2487
f 2618/1977/2487 2619/1978/2488 2617/1976/2486
f 2590/1975/2470 2617/1976/2486 2594/1979/2474
f 2617/1976/2486 2619/1978/2488 2594/1979/2474
f 2595/1980/2475 2594/1979/2474 2619/1978/2488
f 2620/1981/2456 2621/1982/2456 2622/1983/2456
f 2621/1982/2456 2620/1981/2456 2623/1984/2456
o Model001_25_apotent!wrong!_1.1_10.005
v -0.454490 1.569772 -0.183992
v -0.506444 1.366826 -0.409860
v -0.647959 1.412057 -0.269271
v -0.319397 1.541654 -0.349343
v -0.359433 1.379045 -0.555957
v -0.240390 1.637011 -0.189801
v -0.280726 1.643121 -0.108802
v -0.123175 1.639453 -0.284394
v -0.187973 1.569772 -0.450509
v -0.001841 1.696915 0.001615
v -0.262549 1.416952 -0.636341
v 0.113397 1.638226 -0.285621
v -0.003243 1.536759 -0.467635
v -0.005646 1.372935 -0.644291
v 0.182014 1.570986 -0.451122
v -0.312975 1.262906 -0.770207
v 0.248490 1.421835 -0.644291
v 0.304412 1.254343 -0.764711
v -0.004319 1.209111 -0.765938
v -0.367383 0.997615 -0.894909
v 0.364629 1.000057 -0.904699
v -0.001202 0.953598 -0.890640
v -0.422091 0.731086 -1.012275
v 0.412915 0.730484 -1.017783
v -0.003894 0.688295 -0.991493
v -0.453564 0.367383 -1.090519
v 0.448982 0.365242 -1.088078
v -0.002741 0.332543 -1.060573
v -0.469463 0.052718 -1.136363
v 0.468549 0.048862 -1.122305
v -0.003055 0.022672 -1.116809
v -0.448681 0.363714 1.092359
v -0.786720 0.021220 0.787934
v -0.465795 0.046884 1.119250
v -0.746985 0.331003 0.751879
v -0.421477 0.728031 1.030002
v -1.088077 0.364628 0.456932
v -1.132707 0.050314 0.473131
v -1.009833 0.729258 0.425759
v -0.697472 0.687081 0.706636
v -0.378074 0.994548 0.905300
v -1.059346 0.330703 0.065863
v -0.995775 0.691362 0.058414
v -1.118636 0.016188 0.070945
v -0.892468 0.949930 0.051003
v -0.898577 0.995775 0.374719
v -0.630232 0.952985 0.631447
v -0.319698 1.244565 0.759216
v -1.086249 0.396414 -0.446240
v -1.110699 0.039736 -0.462427
v -1.002497 0.823388 -0.405578
v -1.025733 0.786720 -0.421177
v -0.915089 1.017170 -0.365242
v -0.767152 1.203002 0.048486
v -0.774489 1.259238 0.324894
v -0.547706 1.209725 0.539757
v -0.275681 1.414498 0.642451
v -0.636955 1.413284 0.268358
v -0.462428 1.377830 0.457545
v -0.761657 1.240898 -0.309157
v -0.650400 1.371708 0.033777
v -0.449295 1.569772 0.187973
v -0.183992 1.572213 0.452037
v -0.331316 1.542868 0.334371
v -0.469463 1.535532 0.026165
v -0.285621 1.641894 0.119432
v -0.115450 1.638226 0.285922
v -0.303198 1.633343 -0.029131
v 0.003856 0.333456 1.060573
v -0.465795 0.046884 1.119250
v 0.005959 0.023573 1.114981
v -0.448681 0.363714 1.092359
v 0.470991 0.055509 1.135762
v 0.003856 0.333456 1.060573
v 0.005959 0.023573 1.114981
v 0.454490 0.369524 1.089918
v 0.784880 0.023185 0.789774
v 0.001314 0.689522 0.993947
v 0.422392 0.733539 1.011674
v 0.750039 0.333144 0.749426
v -0.001640 0.955426 0.893695
v 0.375020 1.000670 0.896749
v 0.707249 0.689522 0.696859
v 1.091746 0.362488 0.452650
v 1.032456 0.727417 0.414755
v 1.121704 0.046721 0.472217
v 0.003155 1.210338 0.767153
v 0.326421 1.264132 0.771434
v 0.635115 0.954825 0.625337
v 0.913863 0.993947 0.362488
v -0.003630 1.377830 0.649174
v 0.269122 1.415725 0.635728
v 0.545879 1.212779 0.541285
v 0.770208 1.247620 0.304413
v 0.187973 1.570986 0.447455
v 0.460299 1.379044 0.457545
v 0.647959 1.414498 0.265754
v 0.001452 1.539200 0.469163
v 0.119357 1.641894 0.284545
v 0.336812 1.544095 0.330702
v 0.455104 1.569772 0.183229
v -0.115450 1.638226 0.285922
v 0.286848 1.638226 0.115451
v 0.787934 0.022948 -0.789161
v 0.751879 0.333456 -0.753094
v 1.092973 0.364930 -0.452349
v 1.129641 0.050164 -0.467322
v 1.032456 0.727417 -0.419650
v 0.704808 0.688295 -0.703581
v 1.062401 0.331316 0.000839
v 1.001271 0.687081 -0.000901
v 1.115582 0.021508 0.001014
v 0.908968 0.952371 0.002479
v 0.921813 0.987826 -0.373492
v 0.630846 0.950544 -0.624123
v 0.879636 1.195052 -0.341706
v 1.121704 0.046721 0.472217
v 0.550149 1.208498 -0.533034
v 0.789161 1.207885 -0.000463
v 0.781212 1.308137 -0.307630
v 0.652842 1.398612 -0.277822
v 0.459986 1.375377 -0.451435
v 0.770208 1.247620 0.304413
v 0.656510 1.370494 0.007487
v 0.447455 1.572213 -0.185519
v 0.329788 1.546536 -0.334370
v 0.467322 1.536759 -0.000513
v 0.280113 1.641894 -0.121109
v 0.286848 1.638226 0.115451
vt 0.591000 0.376496
vt 0.477000 0.304496
vt 0.591000 0.304496
vt 0.411000 0.372496
vt 0.374000 0.311496
vt 0.412000 0.426496
vt 0.443000 0.437496
vt 0.298000 0.424496
vt 0.299000 0.374496
vt 0.297000 0.499496
vt 0.299000 0.304496
vt 0.155000 0.437496
vt 0.169000 0.372496
vt 0.156000 0.304496
vt 0.004000 0.376496
vt 0.299000 0.253496
vt 0.004000 0.304496
vt 0.004000 0.250496
vt 0.154000 0.253496
vt 0.299000 0.192496
vt 0.004000 0.192496
vt 0.154000 0.192496
vt 0.299000 0.135496
vt 0.004000 0.135496
vt 0.154000 0.135496
vt 0.298000 0.066496
vt 0.004000 0.066496
vt 0.154000 0.066496
vt 0.298000 0.004496
vt 0.004000 0.004496
vt 0.154000 0.004496
vt 0.155000 0.004496
vt 0.004000 0.005496
vt 0.155000 0.066496
vt 0.299000 0.066496
vt 0.299000 0.004496
vt 0.155000 0.135496
vt 0.426000 0.066496
vt 0.426000 0.135496
vt 0.426000 0.004496
vt 0.426000 0.192496
vt 0.155000 0.192496
vt 0.591000 0.066496
vt 0.591000 0.004496
vt 0.591000 0.145496
vt 0.591000 0.135496
vt 0.591000 0.192496
vt 0.426000 0.253496
vt 0.155000 0.253496
vt 0.591000 0.255496
vt 0.424000 0.304496
vt 0.170000 0.372496
vt 0.412000 0.372496
vt 0.299000 0.424496
vt 0.413000 0.426496
vt 0.443000 0.066496
vt 0.443000 0.004496
vt 0.443000 0.135496
vt 0.591000 0.005496
vt 0.443000 0.192496
vt 0.443000 0.253496
vt 0.591000 0.250496
vt 0.441000 0.304496
vt 0.428000 0.372496
vt 0.155000 0.438496
vt 0.443000 0.438496
vt 0.302000 0.135496
vt 0.156000 0.135496
vt 0.444000 0.135496
vt 0.445000 0.189496
vt 0.310000 0.186496
vt 0.160000 0.190496
vt 0.312000 0.222496
vt 0.163000 0.250496
vt 0.446000 0.249496
vt 0.308000 0.254496
vt 0.296000 0.293496
vt 0.161000 0.301496
vt 0.444000 0.301496
vt 0.301000 0.373496
vt 0.170000 0.371496
vt 0.429000 0.371496
vt 0.442000 0.438496
vn -0.474600 0.860000 -0.187500
vn -0.452700 0.721600 -0.523800
vn -0.663000 0.732900 -0.152700
vn -0.421100 0.808800 -0.410500
vn -0.540400 0.722200 -0.431700
vn -0.235600 0.938500 -0.252500
vn -0.261300 0.962400 -0.074800
vn -0.118400 0.941200 -0.316300
vn -0.208600 0.839500 -0.501800
vn -0.035500 0.999300 -0.011900
vn -0.140300 0.755900 -0.639500
vn 0.109600 0.944500 -0.309600
vn -0.002600 0.838400 -0.545100
vn -0.004600 0.675600 -0.737300
vn 0.179900 0.844500 -0.504500
vn 0.095200 0.550400 -0.829400
vn 0.324700 0.702900 -0.632900
vn 0.308400 0.563600 -0.766300
vn 0.003800 0.493700 -0.869600
vn 0.068300 0.413600 -0.907900
vn 0.339500 0.460500 -0.820200
vn -0.010600 0.392700 -0.919600
vn 0.070200 0.317800 -0.945600
vn 0.355900 0.311000 -0.881300
vn -0.002700 0.247100 -0.969000
vn 0.075200 0.178200 -0.981100
vn 0.365900 0.176100 -0.913800
vn 0.007700 0.163800 -0.986500
vn 0.064600 0.159100 -0.985100
vn 0.228800 0.144900 -0.962600
vn 0.015600 0.178500 -0.983800
vn -0.365400 0.159800 0.917000
vn -0.692700 0.142600 0.707000
vn -0.226700 0.126900 0.965700
vn -0.696700 0.179500 0.694500
vn -0.367500 0.312600 0.875900
vn -0.907600 0.188500 0.375100
vn -0.961200 0.165200 0.220900
vn -0.871800 0.318000 0.372700
vn -0.679900 0.309500 0.664800
vn -0.433600 0.466600 0.770900
vn -0.988100 0.153200 -0.015500
vn -0.960100 0.277800 0.031000
vn -0.982400 0.184700 -0.028200
vn -0.916500 0.399500 0.021400
vn -0.833100 0.436000 0.340300
vn -0.641400 0.412200 0.647100
vn -0.272200 0.544400 0.793400
vn -0.988800 0.129100 0.075200
vn -0.991700 0.125600 0.027200
vn -0.900800 0.415100 0.127400
vn -0.939400 0.320200 0.122300
vn -0.880800 0.464200 0.093100
vn -0.853600 0.520300 -0.025000
vn -0.731200 0.558700 0.391400
vn -0.583700 0.536200 0.609700
vn -0.353000 0.686600 0.635600
vn -0.659600 0.704100 0.263000
vn -0.515400 0.695500 0.500700
vn -0.829000 0.556700 0.053200
vn -0.741100 0.671400 0.008900
vn -0.508900 0.839400 0.191000
vn -0.195500 0.848700 0.491400
vn -0.379400 0.844200 0.378800
vn -0.559300 0.829000 -0.002600
vn -0.315300 0.941400 0.120100
vn -0.119000 0.944500 0.306300
vn -0.361200 0.932000 0.030100
vn -0.006000 0.155900 0.987800
vn -0.226700 0.126800 0.965700
vn -0.019200 0.172800 0.984800
vn 0.222500 0.163500 0.961100
vn 0.377300 0.191900 0.906000
vn 0.704100 0.145700 0.695000
vn 0.012400 0.240800 0.970500
vn 0.373300 0.317100 0.871800
vn 0.694000 0.182400 0.696500
vn 0.013500 0.413100 0.910600
vn 0.350100 0.438600 0.827700
vn 0.667800 0.312500 0.675500
vn 0.914400 0.161800 0.371100
vn 0.877200 0.307100 0.369000
vn 0.963900 0.133600 0.230200
vn -0.038800 0.518900 0.853900
vn 0.401400 0.559100 0.725400
vn 0.652200 0.410700 0.637100
vn 0.810900 0.462900 0.357900
vn 0.012800 0.676500 0.736300
vn 0.273700 0.708800 0.650200
vn 0.611500 0.539900 0.578400
vn 0.755700 0.567200 0.327400
vn 0.201400 0.840600 0.502900
vn 0.504400 0.696000 0.511000
vn 0.633200 0.695300 0.339900
vn 0.006300 0.843000 0.537900
vn 0.121400 0.944200 0.306200
vn 0.381200 0.843700 0.377900
vn 0.497500 0.848000 0.182900
vn 0.310500 0.943900 0.112300
vn 0.696500 0.139100 -0.703900
vn 0.689100 0.179100 -0.702200
vn 0.915000 0.164900 -0.368200
vn 0.964300 0.143400 -0.222800
vn 0.880200 0.299700 -0.368000
vn 0.659200 0.317900 -0.681400
vn 0.989200 0.146600 0.004300
vn 0.975900 0.218000 0.000400
vn 0.985500 0.169200 0.009000
vn 0.934500 0.354700 0.031200
vn 0.816000 0.348300 -0.461400
vn 0.623000 0.390000 -0.678100
vn 0.806700 0.479900 -0.344900
vn 0.523500 0.560500 -0.641700
vn 0.811100 0.578800 0.084600
vn 0.603700 0.752800 -0.262500
vn 0.594200 0.758600 -0.267100
vn 0.507100 0.688200 -0.518900
vn 0.717900 0.696000 -0.016100
vn 0.504400 0.840400 -0.198300
vn 0.379400 0.840800 -0.386000
vn 0.536500 0.843900 -0.004900
vn 0.304500 0.945200 -0.118100
usemtl Model001_Material007
s 1
f 2624/1985/2489 2625/1986/2490 2626/1987/2491
f 2624/1985/2489 2627/1988/2492 2625/1986/2490
f 2627/1988/2492 2628/1989/2493 2625/1986/2490
f 2624/1985/2489 2629/1990/2494 2627/1988/2492
f 2629/1990/2494 2624/1985/2489 2630/1991/2495
f 2629/1990/2494 2631/1992/2496 2627/1988/2492
f 2632/1993/2497 2627/1988/2492 2631/1992/2496
f 2628/1989/2493 2627/1988/2492 2632/1993/2497
f 2631/1992/2496 2629/1990/2494 2633/1994/2498
f 2630/1991/2495 2633/1994/2498 2629/1990/2494
f 2632/1993/2497 2634/1995/2499 2628/1989/2493
f 2635/1996/2500 2631/1992/2496 2633/1994/2498
f 2632/1993/2497 2631/1992/2496 2636/1997/2501
f 2631/1992/2496 2635/1996/2500 2636/1997/2501
f 2637/1998/2502 2634/1995/2499 2632/1993/2497
f 2637/1998/2502 2632/1993/2497 2636/1997/2501
f 2638/1999/2503 2636/1997/2501 2635/1996/2500
f 2638/1999/2503 2637/1998/2502 2636/1997/2501
f 2637/1998/2502 2639/2000/2504 2634/1995/2499
f 2637/1998/2502 2638/1999/2503 2640/2001/2505
f 2641/2002/2506 2637/1998/2502 2640/2001/2505
f 2637/1998/2502 2641/2002/2506 2642/2003/2507
f 2639/2000/2504 2637/1998/2502 2642/2003/2507
f 2642/2003/2507 2643/2004/2508 2639/2000/2504
f 2644/2005/2509 2642/2003/2507 2641/2002/2506
f 2642/2003/2507 2644/2005/2509 2645/2006/2510
f 2643/2004/2508 2642/2003/2507 2645/2006/2510
f 2645/2006/2510 2646/2007/2511 2643/2004/2508
f 2647/2008/2512 2645/2006/2510 2644/2005/2509
f 2645/2006/2510 2647/2008/2512 2648/2009/2513
f 2646/2007/2511 2645/2006/2510 2648/2009/2513
f 2648/2009/2513 2649/2010/2514 2646/2007/2511
f 2648/2009/2513 2647/2008/2512 2650/2011/2515
f 2648/2009/2513 2650/2011/2515 2651/2012/2516
f 2649/2010/2514 2648/2009/2513 2651/2012/2516
f 2651/2012/2516 2652/2013/2517 2649/2010/2514
f 2653/2014/2518 2651/2012/2516 2650/2011/2515
f 2651/2012/2516 2653/2014/2518 2654/2015/2519
f 2652/2013/2517 2651/2012/2516 2654/2015/2519
f 2655/2011/2520 2656/2016/2521 2657/2017/2522
f 2656/2016/2521 2655/2011/2520 2658/2018/2523
f 2659/2008/2524 2658/2018/2523 2655/2011/2520
f 2658/2018/2523 2660/2019/2525 2656/2016/2521
f 2660/2019/2525 2661/2020/2526 2656/2016/2521
f 2658/2018/2523 2662/2007/2527 2660/2019/2525
f 2662/2007/2527 2658/2018/2523 2663/2021/2528
f 2658/2018/2523 2659/2008/2524 2663/2021/2528
f 2664/2005/2529 2663/2021/2528 2659/2008/2524
f 2665/2022/2530 2661/2020/2526 2660/2019/2525
f 2660/2019/2525 2666/2023/2531 2665/2022/2530
f 2666/2023/2531 2660/2019/2525 2662/2007/2527
f 2661/2020/2526 2665/2022/2530 2667/2024/2532
f 2662/2007/2527 2668/2025/2533 2666/2023/2531
f 2669/2004/2534 2662/2007/2527 2663/2021/2528
f 2668/2025/2533 2662/2007/2527 2669/2004/2534
f 2670/2026/2535 2669/2004/2534 2663/2021/2528
f 2663/2021/2528 2664/2005/2529 2670/2026/2535
f 2671/2002/2536 2670/2026/2535 2664/2005/2529
f 2666/2023/2531 2672/2027/2537 2665/2022/2530
f 2665/2022/2530 2673/2028/2538 2667/2024/2532
f 2665/2022/2530 2672/2027/2537 2673/2028/2538
f 2668/2025/2533 2674/2029/2539 2666/2023/2531
f 2674/2029/2539 2675/2030/2540 2666/2023/2531
f 2675/2030/2540 2672/2027/2537 2666/2023/2531
f 2674/2029/2539 2668/2025/2533 2676/2031/2541
f 2677/2032/2542 2676/2031/2541 2668/2025/2533
f 2669/2004/2534 2677/2032/2542 2668/2025/2533
f 2677/2032/2542 2669/2004/2534 2678/2000/2543
f 2670/2026/2535 2678/2000/2543 2669/2004/2534
f 2678/2000/2543 2670/2026/2535 2679/2033/2544
f 2670/2026/2535 2671/2002/2536 2679/2033/2544
f 2680/2001/2545 2679/2033/2544 2671/2002/2536
f 2681/1995/2546 2677/2032/2542 2678/2000/2543
f 2681/1995/2546 2678/2000/2543 2679/2033/2544
f 2679/2033/2544 2682/1998/2547 2681/1995/2546
f 2679/2033/2544 2680/2001/2545 2682/1998/2547
f 2676/2031/2541 2677/2032/2542 2683/2034/2548
f 2684/2035/2549 2683/2034/2548 2677/2032/2542
f 2677/2032/2542 2681/1995/2546 2684/2035/2549
f 2685/1993/2550 2684/2035/2549 2681/1995/2546
f 2682/1998/2547 2685/1993/2550 2681/1995/2546
f 2686/1999/2551 2682/1998/2547 2680/2001/2545
f 2685/1993/2550 2682/1998/2547 2687/2036/2552
f 2682/1998/2547 2686/1999/2551 2687/2036/2552
f 2683/2034/2548 2684/2035/2549 2626/1987/2491
f 2624/1985/2489 2626/1987/2491 2684/2035/2549
f 2684/2035/2549 2685/1993/2550 2688/2037/2553
f 2624/1985/2489 2684/2035/2549 2688/2037/2553
f 2685/1993/2550 2689/2038/2554 2688/2037/2553
f 2685/1993/2550 2687/2036/2552 2689/2038/2554
f 2690/1996/2555 2689/2038/2554 2687/2036/2552
f 2686/1999/2551 2690/1996/2555 2687/2036/2552
f 2624/1985/2489 2688/2037/2553 2691/2039/2556
f 2691/2039/2556 2688/2037/2553 2689/2038/2554
f 2691/2039/2556 2689/2038/2554 2633/1994/2498
f 2689/2038/2554 2690/1996/2555 2633/1994/2498
f 2630/1991/2495 2624/1985/2489 2691/2039/2556
f 2691/2039/2556 2633/1994/2498 2630/1991/2495
f 2692/2040/2557 2693/2028/2558 2694/2041/2559
f 2693/2028/2558 2692/2040/2557 2695/2027/2520
f 2696/2013/2560 2697/2012/2557 2698/2015/2559
f 2697/2012/2557 2696/2013/2560 2699/2010/2561
f 2699/2010/2561 2696/2013/2560 2700/2041/2562
f 2699/2010/2561 2701/2009/2563 2697/2012/2557
f 2701/2009/2563 2655/2011/2520 2697/2012/2557
f 2701/2009/2563 2699/2010/2561 2702/2007/2564
f 2703/2040/2565 2699/2010/2561 2700/2041/2562
f 2703/2040/2565 2702/2007/2564 2699/2010/2561
f 2702/2007/2564 2704/2006/2566 2701/2009/2563
f 2704/2006/2566 2659/2008/2524 2701/2009/2563
f 2701/2009/2563 2659/2008/2524 2655/2011/2520
f 2704/2006/2566 2702/2007/2564 2705/2004/2567
f 2702/2007/2564 2703/2040/2565 2706/2042/2568
f 2705/2004/2567 2702/2007/2564 2706/2042/2568
f 2700/2041/2562 2707/2027/2569 2703/2040/2565
f 2708/2030/2570 2703/2040/2565 2707/2027/2569
f 2703/2040/2565 2708/2030/2570 2706/2042/2568
f 2707/2027/2569 2700/2041/2562 2709/2043/2571
f 2659/2008/2524 2704/2006/2566 2664/2005/2529
f 2671/2002/2536 2664/2005/2529 2704/2006/2566
f 2710/2003/2572 2671/2002/2536 2704/2006/2566
f 2705/2004/2567 2710/2003/2572 2704/2006/2566
f 2710/2003/2572 2705/2004/2567 2711/2000/2573
f 2712/2044/2574 2705/2004/2567 2706/2042/2568
f 2712/2044/2574 2711/2000/2573 2705/2004/2567
f 2706/2042/2568 2713/2031/2575 2712/2044/2574
f 2713/2031/2575 2706/2042/2568 2708/2030/2570
f 2714/1998/2576 2671/2002/2536 2710/2003/2572
f 2715/1995/2577 2710/2003/2572 2711/2000/2573
f 2710/2003/2572 2715/1995/2577 2714/1998/2576
f 2715/1995/2577 2711/2000/2573 2716/2045/2578
f 2711/2000/2573 2712/2044/2574 2716/2045/2578
f 2712/2044/2574 2717/2046/2579 2716/2045/2578
f 2717/2046/2579 2712/2044/2574 2713/2031/2575
f 2671/2002/2536 2714/1998/2576 2680/2001/2545
f 2718/1993/2580 2714/1998/2576 2715/1995/2577
f 2716/2045/2578 2719/2047/2581 2715/1995/2577
f 2719/2047/2581 2718/1993/2580 2715/1995/2577
f 2716/2045/2578 2720/1987/2582 2719/2047/2581
f 2720/1987/2582 2716/2045/2578 2717/2046/2579
f 2714/1998/2576 2686/1999/2551 2680/2001/2545
f 2686/1999/2551 2714/1998/2576 2721/1997/2583
f 2714/1998/2576 2718/1993/2580 2721/1997/2583
f 2718/1993/2580 2722/2038/2584 2721/1997/2583
f 2718/1993/2580 2719/2047/2581 2723/2048/2585
f 2718/1993/2580 2723/2048/2585 2722/2038/2584
f 2719/2047/2581 2724/1985/2586 2723/2048/2585
f 2724/1985/2586 2719/2047/2581 2720/1987/2582
f 2686/1999/2551 2721/1997/2583 2725/2049/2555
f 2722/2038/2584 2725/2049/2555 2721/1997/2583
f 2726/2050/2587 2722/2038/2584 2723/2048/2585
f 2724/1985/2586 2726/2050/2587 2723/2048/2585
f 2725/2049/2555 2722/2038/2584 2633/1994/2498
f 2722/2038/2584 2726/2050/2587 2633/1994/2498
f 2650/2011/2515 2727/2016/2588 2653/2014/2518
f 2727/2016/2588 2650/2011/2515 2728/2018/2589
f 2647/2008/2512 2728/2018/2589 2650/2011/2515
f 2728/2018/2589 2729/2019/2590 2727/2016/2588
f 2729/2019/2590 2730/2020/2591 2727/2016/2588
f 2728/2018/2589 2731/2051/2592 2729/2019/2590
f 2731/2051/2592 2728/2018/2589 2732/2052/2593
f 2728/2018/2589 2647/2008/2512 2732/2052/2593
f 2644/2005/2509 2732/2052/2593 2647/2008/2512
f 2733/2040/2594 2730/2020/2591 2729/2019/2590
f 2729/2019/2590 2734/2053/2595 2733/2040/2594
f 2734/2053/2595 2729/2019/2590 2731/2051/2592
f 2730/2020/2591 2733/2040/2594 2735/2041/2596
f 2731/2051/2592 2736/2054/2597 2734/2053/2595
f 2736/2054/2597 2731/2051/2592 2737/2055/2598
f 2737/2055/2598 2731/2051/2592 2732/2052/2593
f 2738/2056/2599 2737/2055/2598 2732/2052/2593
f 2732/2052/2593 2644/2005/2509 2738/2056/2599
f 2739/2057/2600 2736/2054/2597 2737/2055/2598
f 2739/2057/2600 2737/2055/2598 2738/2056/2599
f 2641/2002/2506 2738/2056/2599 2644/2005/2509
f 2734/2053/2595 2707/2027/2569 2733/2040/2594
f 2740/2028/2571 2733/2040/2594 2707/2027/2569
f 2733/2040/2594 2740/2028/2571 2735/2041/2596
f 2736/2054/2597 2708/2030/2570 2734/2053/2595
f 2734/2053/2595 2708/2030/2570 2707/2027/2569
f 2741/2058/2601 2739/2057/2600 2738/2056/2599
f 2738/2056/2599 2641/2002/2506 2741/2058/2601
f 2708/2030/2570 2736/2054/2597 2713/2031/2575
f 2742/2059/2602 2713/2031/2575 2736/2054/2597
f 2736/2054/2597 2739/2057/2600 2742/2059/2602
f 2739/2057/2600 2743/2060/2603 2742/2059/2602
f 2743/2060/2603 2739/2057/2600 2741/2058/2601
f 2640/2001/2505 2741/2058/2601 2641/2002/2506
f 2744/2061/2604 2742/2059/2602 2743/2060/2603
f 2744/2061/2604 2743/2060/2603 2741/2058/2601
f 2741/2058/2601 2745/2062/2605 2744/2061/2604
f 2741/2058/2601 2640/2001/2505 2745/2062/2605
f 2713/2031/2575 2742/2059/2602 2746/2034/2579
f 2747/2063/2606 2746/2034/2579 2742/2059/2602
f 2742/2059/2602 2744/2061/2604 2747/2063/2606
f 2748/2064/2607 2747/2063/2606 2744/2061/2604
f 2745/2062/2605 2748/2064/2607 2744/2061/2604
f 2638/1999/2503 2745/2062/2605 2640/2001/2505
f 2748/2064/2607 2745/2062/2605 2749/2065/2608
f 2745/2062/2605 2638/1999/2503 2749/2065/2608
f 2746/2034/2579 2747/2063/2606 2720/1987/2582
f 2747/2063/2606 2724/1985/2586 2720/1987/2582
f 2747/2063/2606 2748/2064/2607 2750/2066/2609
f 2724/1985/2586 2747/2063/2606 2750/2066/2609
f 2748/2064/2607 2751/2038/2610 2750/2066/2609
f 2748/2064/2607 2749/2065/2608 2751/2038/2610
f 2635/1996/2500 2751/2038/2610 2749/2065/2608
f 2638/1999/2503 2635/1996/2500 2749/2065/2608
f 2724/1985/2586 2750/2066/2609 2752/2067/2587
f 2751/2038/2610 2752/2067/2587 2750/2066/2609
f 2752/2067/2587 2751/2038/2610 2633/1994/2498
f 2751/2038/2610 2635/1996/2500 2633/1994/2498