# Blender v2.81 (sub 16) OBJ File: ''
# www.blender.org
mtllib Kerosin.mtl
o Kerosene_Stove_meshId0_name.001
v 0.345851 0.004838 0.064002
v 0.342911 0.004838 0.004472
v 0.336589 0.016424 0.005474
v 0.339479 0.016424 0.064002
v 0.327311 0.004838 -0.053052
v 0.306120 0.004838 -0.108761
v 0.300416 0.016424 -0.105854
v 0.321251 0.016424 -0.051084
v 0.273507 0.004838 -0.158649
v 0.236138 0.004838 -0.205082
v 0.231611 0.016424 -0.200556
v 0.268352 0.016424 -0.154904
v 0.189705 0.004838 -0.242451
v 0.139816 0.004838 -0.275064
v 0.136910 0.016424 -0.269360
v 0.185960 0.016424 -0.237296
v 0.084108 0.004838 -0.296255
v 0.026583 0.004838 -0.311855
v 0.025582 0.016424 -0.305533
v 0.082139 0.016424 -0.290195
v -0.032947 0.004838 -0.314795
v -0.092477 0.004838 -0.311855
v -0.091475 0.016424 -0.305533
v -0.032947 0.016424 -0.308423
v -0.150001 0.004838 -0.296255
v -0.205710 0.004838 -0.275064
v -0.202803 0.016424 -0.269360
v -0.148032 0.016424 -0.290195
v -0.255598 0.004838 -0.242451
v -0.302031 0.004838 -0.205082
v -0.297505 0.016424 -0.200556
v -0.251853 0.016424 -0.237296
v -0.339400 0.004838 -0.158649
v -0.372013 0.004838 -0.108761
v -0.366309 0.016424 -0.105854
v -0.334245 0.016424 -0.154904
v -0.393204 0.004838 -0.053052
v -0.408804 0.004838 0.004472
v -0.402482 0.016424 0.005474
v -0.387144 0.016424 -0.051084
v -0.411744 0.004838 0.064002
v -0.408804 0.004838 0.123533
v -0.402482 0.016424 0.122531
v -0.405372 0.016424 0.064002
v -0.393204 0.004838 0.181057
v -0.372013 0.004838 0.236765
v -0.366309 0.016424 0.233859
v -0.387144 0.016424 0.179088
v -0.339400 0.004838 0.286654
v -0.302031 0.004838 0.333087
v -0.297504 0.016424 0.328560
v -0.334245 0.016424 0.282909
v -0.255598 0.004838 0.370456
v -0.205709 0.004838 0.403068
v -0.202803 0.016424 0.397365
v -0.251853 0.016424 0.365301
v -0.150001 0.004838 0.424260
v -0.092476 0.004838 0.439860
v -0.091475 0.016424 0.433538
v -0.148032 0.016424 0.418200
v -0.032946 0.004838 0.442800
v 0.026584 0.004838 0.439860
v 0.025582 0.016424 0.433537
v -0.032946 0.016424 0.436428
v 0.084109 0.004838 0.424260
v 0.139817 0.004838 0.403068
v 0.136911 0.016424 0.397365
v 0.082140 0.016424 0.418200
v 0.189705 0.004838 0.370455
v 0.236138 0.004838 0.333086
v 0.231612 0.016424 0.328560
v 0.185960 0.016424 0.365301
v 0.273507 0.004838 0.286654
v 0.306120 0.004838 0.236765
v 0.300416 0.016424 0.233859
v 0.268352 0.016424 0.282908
v 0.327311 0.004838 0.181057
v 0.342911 0.004838 0.123532
v 0.336589 0.016424 0.122531
v 0.321251 0.016424 0.179087
v 0.312581 0.150986 -0.048266
v 0.310842 0.153685 -0.047701
v 0.325729 0.153685 0.007194
v 0.327543 0.150986 0.006906
v 0.260976 0.150986 -0.149545
v 0.259497 0.153685 -0.148470
v 0.290619 0.153685 -0.100862
v 0.292255 0.150986 -0.101697
v 0.180601 0.150986 -0.229921
v 0.179526 0.153685 -0.228441
v 0.223837 0.153685 -0.192781
v 0.225135 0.150986 -0.194079
v 0.079322 0.150986 -0.281525
v 0.078757 0.153685 -0.279786
v 0.131918 0.153685 -0.259563
v 0.132752 0.150986 -0.261200
v -0.032947 0.150986 -0.299306
v -0.032947 0.153685 -0.297478
v 0.023862 0.153685 -0.294673
v 0.024149 0.150986 -0.296487
v -0.145215 0.150986 -0.281525
v -0.144650 0.153685 -0.279786
v -0.089755 0.153685 -0.294673
v -0.090043 0.150986 -0.296487
v -0.246494 0.150986 -0.229921
v -0.245420 0.153685 -0.228441
v -0.197811 0.153685 -0.259563
v -0.198645 0.150986 -0.261200
v -0.326869 0.150986 -0.149545
v -0.325390 0.153685 -0.148470
v -0.289730 0.153685 -0.192781
v -0.291028 0.150986 -0.194079
v -0.378474 0.150986 -0.048266
v -0.376735 0.153685 -0.047701
v -0.356512 0.153685 -0.100862
v -0.358149 0.150986 -0.101697
v -0.396255 0.150986 0.064002
v -0.394427 0.153685 0.064002
v -0.391622 0.153685 0.007194
v -0.393436 0.150986 0.006907
v -0.378474 0.150986 0.176271
v -0.376735 0.153685 0.175706
v -0.391622 0.153685 0.120811
v -0.393436 0.150986 0.121098
v -0.326869 0.150986 0.277550
v -0.325390 0.153685 0.276475
v -0.356512 0.153685 0.228867
v -0.358149 0.150986 0.229701
v -0.246494 0.150986 0.357925
v -0.245419 0.153685 0.356446
v -0.289730 0.153685 0.320786
v -0.291028 0.150986 0.322084
v -0.145215 0.150986 0.409530
v -0.144650 0.153685 0.407791
v -0.197811 0.153685 0.387568
v -0.198645 0.150986 0.389205
v -0.032946 0.150986 0.427311
v -0.032946 0.153685 0.425483
v -0.089755 0.153685 0.422678
v -0.090042 0.150986 0.424492
v 0.079322 0.150986 0.409529
v 0.078758 0.153685 0.407791
v 0.023862 0.153685 0.422678
v 0.024150 0.150986 0.424492
v 0.180601 0.150986 0.357925
v 0.179527 0.153685 0.356446
v 0.131919 0.153685 0.387568
v 0.132752 0.150986 0.389204
v 0.260977 0.150986 0.277549
v 0.259497 0.153685 0.276475
v 0.223837 0.153685 0.320785
v 0.225135 0.150986 0.322084
v 0.312581 0.150986 0.176270
v 0.310842 0.153685 0.175706
v 0.290619 0.153685 0.228867
v 0.292256 0.150986 0.229700
v 0.330362 0.150986 0.064002
v 0.328534 0.153685 0.064002
v 0.325729 0.153685 0.120811
v 0.327543 0.150986 0.121098
v -0.032947 0.016424 -0.308423
v 0.308118 0.155487 -0.046816
v 0.259360 0.166442 -0.030974
v 0.272018 0.166442 0.015701
v 0.322887 0.155487 0.007644
v 0.257180 0.155487 -0.146787
v 0.215705 0.166442 -0.116653
v 0.242166 0.166442 -0.076175
v 0.288055 0.155487 -0.099556
v 0.177843 0.155487 -0.226124
v 0.147709 0.166442 -0.184649
v 0.185384 0.166442 -0.154328
v 0.221802 0.155487 -0.190746
v 0.077872 0.155487 -0.277062
v 0.062030 0.166442 -0.228305
v 0.107230 0.166442 -0.211110
v 0.130612 0.155487 -0.256999
v -0.032947 0.155487 -0.294614
v -0.032947 0.166442 -0.243347
v 0.015355 0.166442 -0.240962
v 0.023412 0.155487 -0.291831
v -0.143765 0.155487 -0.277062
v -0.127923 0.166442 -0.228305
v -0.081248 0.166442 -0.240962
v -0.089305 0.155487 -0.291831
v -0.243736 0.155487 -0.226124
v -0.213602 0.166442 -0.184649
v -0.173124 0.166442 -0.211110
v -0.196505 0.155487 -0.256999
v -0.323073 0.155487 -0.146787
v -0.281598 0.166442 -0.116653
v -0.251277 0.166442 -0.154328
v -0.287695 0.155487 -0.190746
v -0.374011 0.155487 -0.046816
v -0.325253 0.166442 -0.030974
v -0.308059 0.166442 -0.076175
v -0.353948 0.155487 -0.099556
v -0.391563 0.155487 0.064002
v -0.340296 0.166442 0.064002
v -0.337911 0.166442 0.015701
v -0.388780 0.155487 0.007644
v -0.374011 0.155487 0.174821
v -0.325253 0.166442 0.158979
v -0.337911 0.166442 0.112304
v -0.388780 0.155487 0.120361
v -0.323073 0.155487 0.274792
v -0.281598 0.166442 0.244658
v -0.308059 0.166442 0.204179
v -0.353948 0.155487 0.227561
v -0.243736 0.155487 0.354129
v -0.213602 0.166442 0.312654
v -0.251277 0.166442 0.282333
v -0.287695 0.155487 0.318751
v -0.143765 0.155487 0.405067
v -0.127923 0.166442 0.356309
v -0.173123 0.166442 0.339115
v -0.196505 0.155487 0.385004
v -0.032946 0.155487 0.422619
v -0.032946 0.166442 0.371352
v -0.081248 0.166442 0.368967
v -0.089305 0.155487 0.419836
v 0.077872 0.155487 0.405067
v 0.062030 0.166442 0.356309
v 0.015355 0.166442 0.368967
v 0.023412 0.155487 0.419836
v 0.177843 0.155487 0.354129
v 0.147709 0.166442 0.312653
v 0.107231 0.166442 0.339114
v 0.130613 0.155487 0.385004
v 0.257180 0.155487 0.274791
v 0.215705 0.166442 0.244658
v 0.185384 0.166442 0.282333
v 0.221802 0.155487 0.318751
v 0.308118 0.155487 0.174820
v 0.259361 0.166442 0.158978
v 0.242166 0.166442 0.204178
v 0.288055 0.155487 0.227561
v 0.325670 0.155487 0.064002
v 0.274403 0.166442 0.064002
v 0.272018 0.166442 0.112304
v 0.322887 0.155487 0.120361
v 0.259360 0.166442 -0.030974
v 0.232477 0.178640 -0.022239
v 0.243970 0.178640 0.020143
v 0.272018 0.166442 0.015701
v 0.215705 0.166442 -0.116653
v 0.192836 0.178640 -0.100038
v 0.216864 0.178640 -0.063282
v 0.242166 0.166442 -0.076175
v 0.147709 0.166442 -0.184649
v 0.131094 0.178640 -0.161780
v 0.165304 0.178640 -0.134248
v 0.185384 0.166442 -0.154328
v 0.062030 0.166442 -0.228305
v 0.053295 0.178640 -0.201421
v 0.094338 0.178640 -0.185808
v 0.107230 0.166442 -0.211110
v -0.032947 0.166442 -0.243347
v -0.032947 0.178640 -0.215080
v 0.010913 0.178640 -0.212914
v 0.015355 0.166442 -0.240962
v -0.127923 0.166442 -0.228305
v -0.119188 0.178640 -0.201421
v -0.076806 0.178640 -0.212914
v -0.081248 0.166442 -0.240962
v -0.213602 0.166442 -0.184649
v -0.196987 0.178640 -0.161780
v -0.160231 0.178640 -0.185808
v -0.173124 0.166442 -0.211110
v -0.281598 0.166442 -0.116653
v -0.258729 0.178640 -0.100038
v -0.231197 0.178640 -0.134248
v -0.251277 0.166442 -0.154328
v -0.325253 0.166442 -0.030974
v -0.298370 0.178640 -0.022239
v -0.282757 0.178640 -0.063282
v -0.308059 0.166442 -0.076175
v -0.340296 0.166442 0.064002
v -0.312029 0.178640 0.064002
v -0.309863 0.178640 0.020143
v -0.337911 0.166442 0.015701
v -0.325253 0.166442 0.158979
v -0.298370 0.178640 0.150244
v -0.309863 0.178640 0.107862
v -0.337911 0.166442 0.112304
v -0.281598 0.166442 0.244658
v -0.258729 0.178640 0.228043
v -0.282757 0.178640 0.191287
v -0.308059 0.166442 0.204179
v -0.213602 0.166442 0.312654
v -0.196987 0.178640 0.289785
v -0.231197 0.178640 0.262253
v -0.251277 0.166442 0.282333
v -0.127923 0.166442 0.356309
v -0.119187 0.178640 0.329426
v -0.160231 0.178640 0.313813
v -0.173123 0.166442 0.339115
v -0.032946 0.166442 0.371352
v -0.032946 0.178640 0.343085
v -0.076805 0.178640 0.340919
v -0.081248 0.166442 0.368967
v 0.062030 0.166442 0.356309
v 0.053295 0.178640 0.329425
v 0.010913 0.178640 0.340919
v 0.015355 0.166442 0.368967
v 0.147709 0.166442 0.312653
v 0.131094 0.178640 0.289785
v 0.094338 0.178640 0.313812
v 0.107231 0.166442 0.339114
v 0.215705 0.166442 0.244658
v 0.192836 0.178640 0.228043
v 0.165304 0.178640 0.262252
v 0.185384 0.166442 0.282333
v 0.259361 0.166442 0.158978
v 0.232477 0.178640 0.150243
v 0.216864 0.178640 0.191287
v 0.242166 0.166442 0.204178
v 0.274403 0.166442 0.064002
v 0.246136 0.178640 0.064002
v 0.243970 0.178640 0.107861
v 0.272018 0.166442 0.112304
v 0.327311 0.004838 -0.053052
v 0.342911 0.004838 0.004472
v 0.364729 0.002584 0.001017
v 0.348224 0.002584 -0.059848
v 0.273507 0.004838 -0.158649
v 0.306120 0.004838 -0.108761
v 0.325802 0.002584 -0.118789
v 0.291297 0.002584 -0.171574
v 0.189705 0.004838 -0.242451
v 0.236138 0.004838 -0.205082
v 0.251758 0.002584 -0.220703
v 0.202630 0.002584 -0.260241
v 0.084108 0.004838 -0.296255
v 0.139816 0.004838 -0.275064
v 0.149845 0.002584 -0.294746
v 0.090903 0.002584 -0.317169
v -0.032947 0.004838 -0.314795
v 0.026583 0.004838 -0.311855
v 0.030039 0.002584 -0.333674
v -0.032947 0.002584 -0.336784
v -0.150001 0.004838 -0.296255
v -0.092477 0.004838 -0.311855
v -0.095932 0.002584 -0.333674
v -0.156796 0.002584 -0.317169
v -0.255598 0.004838 -0.242451
v -0.205710 0.004838 -0.275064
v -0.215738 0.002584 -0.294746
v -0.268523 0.002584 -0.260241
v -0.339400 0.004838 -0.158649
v -0.302031 0.004838 -0.205082
v -0.317651 0.002584 -0.220703
v -0.357189 0.002584 -0.171574
v -0.393204 0.004838 -0.053052
v -0.372013 0.004838 -0.108761
v -0.391695 0.002584 -0.118789
v -0.414117 0.002584 -0.059848
v -0.411744 0.004838 0.064002
v -0.408804 0.004838 0.004472
v -0.430623 0.002584 0.001017
v -0.433733 0.002584 0.064002
v -0.393204 0.004838 0.181057
v -0.408804 0.004838 0.123533
v -0.430623 0.002584 0.126988
v -0.414117 0.002584 0.187852
v -0.339400 0.004838 0.286654
v -0.372013 0.004838 0.236765
v -0.391695 0.002584 0.246794
v -0.357189 0.002584 0.299579
v -0.255598 0.004838 0.370456
v -0.302031 0.004838 0.333087
v -0.317651 0.002584 0.348707
v -0.268523 0.002584 0.388245
v -0.150001 0.004838 0.424260
v -0.205709 0.004838 0.403068
v -0.215738 0.002584 0.422751
v -0.156796 0.002584 0.445173
v -0.032946 0.004838 0.442800
v -0.092476 0.004838 0.439860
v -0.095932 0.002584 0.461678
v -0.032946 0.002584 0.464789
v 0.084109 0.004838 0.424260
v 0.026584 0.004838 0.439860
v 0.030040 0.002584 0.461678
v 0.090904 0.002584 0.445173
v 0.189705 0.004838 0.370455
v 0.139817 0.004838 0.403068
v 0.149846 0.002584 0.422751
v 0.202630 0.002584 0.388245
v 0.273507 0.004838 0.286654
v 0.236138 0.004838 0.333086
v 0.251758 0.002584 0.348706
v 0.291297 0.002584 0.299578
v 0.327311 0.004838 0.181057
v 0.306120 0.004838 0.236765
v 0.325803 0.002584 0.246794
v 0.348225 0.002584 0.187851
v 0.345851 0.004838 0.064002
v 0.342911 0.004838 0.123532
v 0.364729 0.002584 0.126988
v 0.367840 0.002584 0.064002
v 0.348224 0.002584 -0.059848
v 0.364729 0.002584 0.001017
v 0.370915 -0.003409 0.000037
v 0.354153 -0.003409 -0.061774
v 0.291297 0.002584 -0.171574
v 0.325802 0.002584 -0.118789
v 0.331382 -0.003409 -0.121632
v 0.296340 -0.003409 -0.175238
v 0.202630 0.002584 -0.260241
v 0.251758 0.002584 -0.220703
v 0.256186 -0.003409 -0.225130
v 0.206294 -0.003409 -0.265284
v 0.090903 0.002584 -0.317169
v 0.149845 0.002584 -0.294746
v 0.152688 -0.003409 -0.300326
v 0.092830 -0.003409 -0.323097
v -0.032947 0.002584 -0.336784
v 0.030039 0.002584 -0.333674
v 0.031019 -0.003409 -0.339859
v -0.032947 -0.003409 -0.343018
v -0.156796 0.002584 -0.317169
v -0.095932 0.002584 -0.333674
v -0.096912 -0.003409 -0.339859
v -0.158723 -0.003409 -0.323097
v -0.268523 0.002584 -0.260241
v -0.215738 0.002584 -0.294746
v -0.218581 -0.003409 -0.300326
v -0.272187 -0.003409 -0.265284
v -0.357189 0.002584 -0.171574
v -0.317651 0.002584 -0.220703
v -0.322079 -0.003409 -0.225130
v -0.362233 -0.003409 -0.175238
v -0.414117 0.002584 -0.059848
v -0.391695 0.002584 -0.118789
v -0.397275 -0.003409 -0.121632
v -0.420046 -0.003409 -0.061774
v -0.433733 0.002584 0.064002
v -0.430623 0.002584 0.001017
v -0.436808 -0.003409 0.000037
v -0.439967 -0.003409 0.064002
v -0.414117 0.002584 0.187852
v -0.430623 0.002584 0.126988
v -0.436808 -0.003409 0.127968
v -0.420046 -0.003409 0.189779
v -0.357189 0.002584 0.299579
v -0.391695 0.002584 0.246794
v -0.397275 -0.003409 0.249637
v -0.362233 -0.003409 0.303243
v -0.268523 0.002584 0.388245
v -0.317651 0.002584 0.348707
v -0.322079 -0.003409 0.353135
v -0.272187 -0.003409 0.393289
v -0.156796 0.002584 0.445173
v -0.215738 0.002584 0.422751
v -0.218581 -0.003409 0.428331
v -0.158722 -0.003409 0.451102
v -0.032946 0.002584 0.464789
v -0.095932 0.002584 0.461678
v -0.096911 -0.003409 0.467864
v -0.032946 -0.003409 0.471023
v 0.090904 0.002584 0.445173
v 0.030040 0.002584 0.461678
v 0.031019 -0.003409 0.467864
v 0.092830 -0.003409 0.451101
v 0.202630 0.002584 0.388245
v 0.149846 0.002584 0.422751
v 0.152689 -0.003409 0.428331
v 0.206294 -0.003409 0.393288
v 0.291297 0.002584 0.299578
v 0.251758 0.002584 0.348706
v 0.256187 -0.003409 0.353135
v 0.296340 -0.003409 0.303242
v 0.348225 0.002584 0.187851
v 0.325803 0.002584 0.246794
v 0.331382 -0.003409 0.249637
v 0.354153 -0.003409 0.189778
v 0.367840 0.002584 0.064002
v 0.364729 0.002584 0.126988
v 0.370915 -0.003409 0.127967
v 0.374074 -0.003409 0.064002
v 0.348224 -0.026986 -0.059848
v 0.364729 -0.026986 0.001017
v 0.346713 -0.035548 0.003870
v 0.330955 -0.035548 -0.054236
v 0.291297 -0.026986 -0.171574
v 0.325802 -0.026986 -0.118789
v 0.309549 -0.035548 -0.110508
v 0.276606 -0.035548 -0.160901
v 0.202630 -0.026986 -0.260241
v 0.251758 -0.026986 -0.220703
v 0.238859 -0.035548 -0.207803
v 0.191957 -0.035548 -0.245551
v 0.090903 -0.026986 -0.317169
v 0.149845 -0.026986 -0.294746
v 0.141564 -0.035548 -0.278493
v 0.085292 -0.035548 -0.299899
v -0.032947 -0.026986 -0.336784
v 0.030039 -0.026986 -0.333674
v 0.027186 -0.035548 -0.315657
v -0.032947 -0.035548 -0.318626
v -0.156796 -0.026986 -0.317169
v -0.095932 -0.026986 -0.333674
v -0.093079 -0.035548 -0.315657
v -0.151185 -0.035548 -0.299899
v -0.268523 -0.026986 -0.260241
v -0.215738 -0.026986 -0.294746
v -0.207457 -0.035548 -0.278493
v -0.257850 -0.035548 -0.245551
v -0.357189 -0.026986 -0.171574
v -0.317651 -0.026986 -0.220703
v -0.304752 -0.035548 -0.207803
v -0.342499 -0.035548 -0.160901
v -0.414117 -0.026986 -0.059848
v -0.391695 -0.026986 -0.118789
v -0.375442 -0.035548 -0.110508
v -0.396848 -0.035548 -0.054236
v -0.433733 -0.026986 0.064002
v -0.430623 -0.026986 0.001017
v -0.412606 -0.035548 0.003870
v -0.415575 -0.035548 0.064002
v -0.414117 -0.026986 0.187852
v -0.430623 -0.026986 0.126988
v -0.412606 -0.035548 0.124135
v -0.396848 -0.035548 0.182241
v -0.357189 -0.026986 0.299579
v -0.391695 -0.026986 0.246794
v -0.375442 -0.035548 0.238513
v -0.342499 -0.035548 0.288906
v -0.268523 -0.026986 0.388245
v -0.317651 -0.026986 0.348707
v -0.304752 -0.035548 0.335808
v -0.257850 -0.035548 0.373555
v -0.156796 -0.026986 0.445173
v -0.215738 -0.026986 0.422751
v -0.207457 -0.035549 0.406498
v -0.151185 -0.035549 0.427904
v -0.032946 -0.026986 0.464789
v -0.095932 -0.026986 0.461678
v -0.093078 -0.035548 0.443661
v -0.032946 -0.035548 0.446630
v 0.090904 -0.026986 0.445173
v 0.030040 -0.026986 0.461678
v 0.027186 -0.035548 0.443661
v 0.085293 -0.035549 0.427904
v 0.202630 -0.026986 0.388245
v 0.149846 -0.026986 0.422751
v 0.141564 -0.035549 0.406497
v 0.191957 -0.035548 0.373555
v 0.291297 -0.026986 0.299578
v 0.251758 -0.026986 0.348706
v 0.238860 -0.035548 0.335808
v 0.276607 -0.035548 0.288905
v 0.348225 -0.026986 0.187851
v 0.325803 -0.026986 0.246794
v 0.309549 -0.035548 0.238512
v 0.330955 -0.035548 0.182241
v 0.367840 -0.026986 0.064002
v 0.364729 -0.026986 0.126988
v 0.346713 -0.035548 0.124134
v 0.349682 -0.035548 0.064002
v 0.375760 -0.011591 0.064002
v 0.372588 -0.011591 -0.000228
v 0.355756 -0.011591 -0.062295
v 0.332891 -0.011591 -0.122401
v 0.297704 -0.011591 -0.176229
v 0.257384 -0.011591 -0.226328
v 0.207285 -0.011591 -0.266648
v 0.153457 -0.011591 -0.301836
v 0.093350 -0.011591 -0.324700
v 0.031284 -0.011591 -0.341532
v -0.032947 -0.003409 -0.343018
v -0.032947 -0.011591 -0.344704
v -0.097177 -0.011591 -0.341532
v -0.159244 -0.011591 -0.324700
v -0.219350 -0.011591 -0.301836
v -0.273178 -0.011591 -0.266648
v -0.323277 -0.011591 -0.226328
v -0.363597 -0.011591 -0.176229
v -0.398784 -0.011591 -0.122401
v -0.421649 -0.011591 -0.062295
v -0.438481 -0.011591 -0.000228
v -0.441653 -0.011591 0.064002
v -0.438481 -0.011591 0.128233
v -0.421649 -0.011591 0.190300
v -0.398784 -0.011591 0.250406
v -0.363596 -0.011591 0.304234
v -0.323277 -0.011591 0.354333
v -0.273178 -0.011591 0.394653
v -0.219350 -0.011591 0.429840
v -0.159243 -0.011591 0.452705
v -0.097176 -0.011591 0.469537
v -0.032946 -0.011591 0.472708
v 0.031284 -0.011591 0.469537
v 0.093351 -0.011591 0.452705
v 0.153457 -0.011591 0.429840
v 0.207285 -0.011591 0.394652
v 0.257384 -0.011591 0.354332
v 0.297704 -0.011591 0.304233
v 0.332891 -0.011591 0.250405
v 0.355756 -0.011591 0.190299
v 0.372588 -0.011591 0.128232
v 0.373514 -0.020014 0.064002
v 0.370359 -0.020014 0.000125
v 0.353620 -0.020014 -0.061601
v 0.330881 -0.020014 -0.121377
v 0.295887 -0.020014 -0.174909
v 0.255789 -0.020014 -0.224733
v 0.205965 -0.020014 -0.264831
v 0.152433 -0.020014 -0.299826
v 0.092656 -0.020014 -0.322564
v 0.030931 -0.020014 -0.339304
v -0.032947 -0.020014 -0.342458
v -0.032947 -0.026986 -0.336784
v -0.096824 -0.020014 -0.339304
v -0.158549 -0.020014 -0.322564
v -0.218326 -0.020014 -0.299826
v -0.271858 -0.020014 -0.264831
v -0.321682 -0.020014 -0.224733
v -0.361780 -0.020014 -0.174909
v -0.396774 -0.020014 -0.121377
v -0.419513 -0.020014 -0.061601
v -0.436253 -0.020014 0.000125
v -0.439407 -0.020014 0.064002
v -0.436252 -0.020014 0.127880
v -0.419513 -0.020014 0.189606
v -0.396774 -0.020014 0.249382
v -0.361780 -0.020014 0.302914
v -0.321682 -0.020014 0.352737
v -0.271858 -0.020014 0.392836
v -0.218326 -0.020014 0.427830
v -0.158549 -0.020014 0.450569
v -0.096824 -0.020014 0.467308
v -0.032946 -0.020014 0.470462
v 0.030931 -0.020014 0.467308
v 0.092657 -0.020014 0.450569
v 0.152433 -0.020014 0.427830
v 0.205965 -0.020014 0.392836
v 0.255789 -0.020014 0.352737
v 0.295887 -0.020014 0.302913
v 0.330881 -0.020014 0.249381
v 0.353620 -0.020014 0.189605
v 0.370359 -0.020014 0.127879
v 0.246136 0.178640 0.064002
v 0.243970 0.178640 0.020143
v 0.004070 0.181286 0.058140
v 0.004359 0.181286 0.064002
v 0.232477 0.178640 -0.022239
v 0.216864 0.178640 -0.063282
v 0.000446 0.181286 0.046988
v 0.002533 0.181286 0.052474
v 0.192836 0.178640 -0.100038
v 0.165304 0.178640 -0.134248
v -0.006446 0.181286 0.037502
v -0.002766 0.181286 0.042075
v 0.131094 0.178640 -0.161780
v 0.094338 0.178640 -0.185808
v -0.015932 0.181286 0.030610
v -0.011019 0.181286 0.033822
v 0.053295 0.178640 -0.201421
v 0.010913 0.178640 -0.212914
v -0.027084 0.181286 0.026986
v -0.021418 0.181286 0.028523
v -0.032947 0.178640 -0.215080
v -0.076806 0.178640 -0.212914
v -0.038809 0.181286 0.026986
v -0.032946 0.181286 0.026697
v -0.119188 0.178640 -0.201421
v -0.160231 0.178640 -0.185808
v -0.049961 0.181286 0.030610
v -0.044475 0.181286 0.028523
v -0.196987 0.178640 -0.161780
v -0.231197 0.178640 -0.134248
v -0.059447 0.181286 0.037502
v -0.054874 0.181286 0.033822
v -0.258729 0.178640 -0.100038
v -0.282757 0.178640 -0.063282
v -0.066339 0.181286 0.046988
v -0.063127 0.181286 0.042075
v -0.298370 0.178640 -0.022239
v -0.309863 0.178640 0.020143
v -0.069963 0.181286 0.058140
v -0.068426 0.181286 0.052474
v -0.312029 0.178640 0.064002
v -0.309863 0.178640 0.107862
v -0.069963 0.181286 0.069865
v -0.070252 0.181286 0.064002
v -0.298370 0.178640 0.150244
v -0.282757 0.178640 0.191287
v -0.066339 0.181286 0.081017
v -0.068426 0.181286 0.075530
v -0.258729 0.178640 0.228043
v -0.231197 0.178640 0.262253
v -0.059447 0.181286 0.090503
v -0.063127 0.181286 0.085930
v -0.196987 0.178640 0.289785
v -0.160231 0.178640 0.313813
v -0.049961 0.181286 0.097395
v -0.054874 0.181286 0.094183
v -0.119187 0.178640 0.329426
v -0.076805 0.178640 0.340919
v -0.038809 0.181286 0.101018
v -0.044474 0.181286 0.099482
v -0.032946 0.178640 0.343085
v 0.010913 0.178640 0.340919
v -0.027084 0.181286 0.101018
v -0.032946 0.181286 0.101308
v 0.053295 0.178640 0.329425
v 0.094338 0.178640 0.313812
v -0.015932 0.181286 0.097395
v -0.021418 0.181286 0.099482
v 0.131094 0.178640 0.289785
v 0.165304 0.178640 0.262252
v -0.006446 0.181286 0.090503
v -0.011019 0.181286 0.094183
v 0.192836 0.178640 0.228043
v 0.216864 0.178640 0.191287
v 0.000446 0.181286 0.081017
v -0.002766 0.181286 0.085930
v 0.232477 0.178640 0.150243
v 0.243970 0.178640 0.107861
v 0.004070 0.181286 0.069865
v 0.002533 0.181286 0.075530
v 0.330955 -0.035548 -0.054236
v 0.346713 -0.035548 0.003870
v 0.329194 -0.023402 0.006645
v 0.314163 -0.023402 -0.048781
v 0.276606 -0.035548 -0.160901
v 0.309549 -0.035548 -0.110508
v 0.293745 -0.023402 -0.102456
v 0.262323 -0.023402 -0.150523
v 0.191957 -0.035548 -0.245551
v 0.238859 -0.035548 -0.207803
v 0.226317 -0.023402 -0.195261
v 0.181579 -0.023402 -0.231267
v 0.085292 -0.035548 -0.299899
v 0.141564 -0.035548 -0.278493
v 0.133511 -0.023402 -0.262689
v 0.079836 -0.023401 -0.283108
v -0.032947 -0.035548 -0.318626
v 0.027186 -0.035548 -0.315657
v 0.024411 -0.023401 -0.298138
v -0.032947 -0.023401 -0.300970
v -0.151185 -0.035548 -0.299899
v -0.093079 -0.035548 -0.315657
v -0.090304 -0.023401 -0.298138
v -0.145729 -0.023401 -0.283108
v -0.257850 -0.035548 -0.245551
v -0.207457 -0.035548 -0.278493
v -0.199405 -0.023402 -0.262689
v -0.247472 -0.023402 -0.231267
v -0.342499 -0.035548 -0.160901
v -0.304752 -0.035548 -0.207803
v -0.292210 -0.023402 -0.195261
v -0.328216 -0.023402 -0.150523
v -0.396848 -0.035548 -0.054236
v -0.375442 -0.035548 -0.110508
v -0.359638 -0.023402 -0.102455
v -0.380056 -0.023402 -0.048780
v -0.415575 -0.035548 0.064002
v -0.412606 -0.035548 0.003870
v -0.395087 -0.023402 0.006645
v -0.397919 -0.023402 0.064002
v -0.396848 -0.035548 0.182241
v -0.412606 -0.035548 0.124135
v -0.395087 -0.023402 0.121360
v -0.380056 -0.023402 0.176785
v -0.342499 -0.035548 0.288906
v -0.375442 -0.035548 0.238513
v -0.359638 -0.023402 0.230460
v -0.328216 -0.023402 0.278528
v -0.257850 -0.035548 0.373555
v -0.304752 -0.035548 0.335808
v -0.292210 -0.023402 0.323266
v -0.247472 -0.023402 0.359272
v -0.151185 -0.035549 0.427904
v -0.207457 -0.035549 0.406498
v -0.199404 -0.023402 0.390694
v -0.145729 -0.023402 0.411112
v -0.032946 -0.035548 0.446630
v -0.093078 -0.035548 0.443661
v -0.090304 -0.023402 0.426142
v -0.032946 -0.023402 0.428975
v 0.085293 -0.035549 0.427904
v 0.027186 -0.035548 0.443661
v 0.024411 -0.023402 0.426142
v 0.079837 -0.023402 0.411112
v 0.191957 -0.035548 0.373555
v 0.141564 -0.035549 0.406497
v 0.133511 -0.023402 0.390694
v 0.181579 -0.023402 0.359271
v 0.276607 -0.035548 0.288905
v 0.238860 -0.035548 0.335808
v 0.226318 -0.023402 0.323266
v 0.262323 -0.023402 0.278527
v 0.330955 -0.035548 0.182241
v 0.309549 -0.035548 0.238512
v 0.293745 -0.023402 0.230459
v 0.314163 -0.023402 0.176785
v 0.349682 -0.035548 0.064002
v 0.346713 -0.035548 0.124134
v 0.329194 -0.023402 0.121359
v 0.332026 -0.023402 0.064002
v -0.032947 0.004838 -0.314795
v -0.032947 0.153685 -0.297478
v -0.032947 0.150986 -0.299306
v -0.032947 0.166442 -0.243347
v -0.032947 0.155487 -0.294614
v -0.032947 0.178640 -0.215080
v -0.032947 0.166442 -0.243347
v -0.032947 0.004838 -0.314795
v -0.032947 0.002584 -0.336784
v -0.032947 0.002584 -0.336784
v -0.032947 -0.035548 -0.318626
v -0.032947 -0.011591 -0.344704
v -0.032947 -0.020014 -0.342458
v -0.032947 0.178640 -0.215080
v -0.032946 0.181286 0.026697
v 0.293745 -0.023402 -0.102456
v 0.314163 -0.023402 -0.048781
v 0.329194 -0.023402 0.006645
v 0.332026 -0.023402 0.064002
v 0.262323 -0.023402 -0.150523
v 0.329194 -0.023402 0.121359
v 0.226317 -0.023402 -0.195261
v 0.314163 -0.023402 0.176785
v 0.181579 -0.023402 -0.231267
v 0.293745 -0.023402 0.230459
v 0.133511 -0.023402 -0.262689
v 0.262323 -0.023402 0.278527
v 0.079836 -0.023401 -0.283108
v 0.226318 -0.023402 0.323266
v 0.024411 -0.023401 -0.298138
v 0.181579 -0.023402 0.359271
v -0.032947 -0.023401 -0.300970
v 0.133511 -0.023402 0.390694
v -0.090304 -0.023401 -0.298138
v 0.079837 -0.023402 0.411112
v -0.145729 -0.023401 -0.283108
v 0.024411 -0.023402 0.426142
v -0.199405 -0.023402 -0.262689
v -0.032946 -0.023402 0.428975
v -0.247472 -0.023402 -0.231267
v -0.090304 -0.023402 0.426142
v -0.292210 -0.023402 -0.195261
v -0.145729 -0.023402 0.411112
v -0.328216 -0.023402 -0.150523
v -0.199404 -0.023402 0.390694
v -0.359638 -0.023402 -0.102455
v -0.247472 -0.023402 0.359272
v -0.380056 -0.023402 -0.048780
v -0.292210 -0.023402 0.323266
v -0.395087 -0.023402 0.006645
v -0.328216 -0.023402 0.278528
v -0.397919 -0.023402 0.064002
v -0.359638 -0.023402 0.230460
v -0.395087 -0.023402 0.121360
v -0.380056 -0.023402 0.176785
v 0.133893 0.172380 0.245949
v 0.132005 0.172380 0.234031
v 0.132005 0.196226 0.234031
v 0.133893 0.196226 0.245949
v 0.126527 0.172380 0.223280
v 0.126527 0.196226 0.223280
v 0.117995 0.172380 0.214748
v 0.117995 0.196226 0.214748
v 0.107244 0.172380 0.209270
v 0.107244 0.196226 0.209270
v 0.095326 0.172380 0.207382
v 0.095326 0.196226 0.207382
v 0.095326 0.172380 0.207382
v 0.083407 0.172380 0.209270
v 0.083407 0.196226 0.209270
v 0.095326 0.196226 0.207382
v 0.072657 0.172380 0.214748
v 0.072657 0.196226 0.214748
v 0.064124 0.172380 0.223280
v 0.064124 0.196226 0.223280
v 0.058646 0.172380 0.234031
v 0.058646 0.196226 0.234031
v 0.056758 0.172380 0.245949
v 0.056758 0.196226 0.245949
v 0.058646 0.172380 0.257867
v 0.058646 0.196226 0.257867
v 0.064124 0.172380 0.268619
v 0.064124 0.196226 0.268619
v 0.072657 0.172380 0.277151
v 0.072657 0.196226 0.277151
v 0.083407 0.172380 0.282629
v 0.083407 0.196226 0.282629
v 0.095326 0.172380 0.284516
v 0.095326 0.196226 0.284516
v 0.107244 0.172380 0.282629
v 0.107244 0.196226 0.282629
v 0.117995 0.172380 0.277151
v 0.117995 0.196226 0.277151
v 0.126527 0.172380 0.268618
v 0.126527 0.196226 0.268618
v 0.132005 0.172380 0.257867
v 0.132005 0.196226 0.257867
v 0.133893 0.196226 0.245949
v 0.132005 0.196226 0.234031
v 0.145845 0.197232 0.229534
v 0.148445 0.197232 0.245949
v 0.126527 0.196226 0.223280
v 0.138300 0.197232 0.214727
v 0.117995 0.196226 0.214748
v 0.126549 0.197232 0.202975
v 0.107244 0.196226 0.209270
v 0.111741 0.197232 0.195430
v 0.095326 0.196226 0.207382
v 0.095326 0.197232 0.192830
v 0.095326 0.196226 0.207382
v 0.083407 0.196226 0.209270
v 0.078911 0.197232 0.195430
v 0.095326 0.197232 0.192830
v 0.072657 0.196226 0.214748
v 0.064103 0.197232 0.202975
v 0.064124 0.196226 0.223280
v 0.052351 0.197232 0.214727
v 0.058646 0.196226 0.234031
v 0.044806 0.197232 0.229535
v 0.056758 0.196226 0.245949
v 0.042206 0.197232 0.245949
v 0.058646 0.196226 0.257867
v 0.044806 0.197232 0.262364
v 0.064124 0.196226 0.268619
v 0.052351 0.197232 0.277172
v 0.072657 0.196226 0.277151
v 0.064103 0.197232 0.288924
v 0.083407 0.196226 0.282629
v 0.078911 0.197232 0.296469
v 0.095326 0.196226 0.284516
v 0.095326 0.197232 0.299069
v 0.107244 0.196226 0.282629
v 0.111741 0.197232 0.296469
v 0.117995 0.196226 0.277151
v 0.126549 0.197232 0.288924
v 0.126527 0.196226 0.268618
v 0.138300 0.197232 0.277172
v 0.132005 0.196226 0.257867
v 0.145845 0.197232 0.262364
v 0.147519 0.210978 0.228991
v 0.147519 0.234834 0.228991
v 0.150205 0.234834 0.245949
v 0.150205 0.210978 0.245949
v 0.139724 0.210978 0.213692
v 0.139724 0.234834 0.213692
v 0.127583 0.210979 0.201550
v 0.127583 0.234834 0.201550
v 0.112285 0.210978 0.193755
v 0.112285 0.234834 0.193755
v 0.095326 0.210979 0.191069
v 0.095326 0.234834 0.191069
v 0.078367 0.210978 0.193755
v 0.078367 0.234834 0.193755
v 0.095326 0.234834 0.191069
v 0.095326 0.210979 0.191069
v 0.063068 0.210979 0.201550
v 0.063068 0.234834 0.201550
v 0.050927 0.210978 0.213692
v 0.050927 0.234834 0.213692
v 0.043132 0.210978 0.228991
v 0.043132 0.234834 0.228991
v 0.040446 0.210978 0.245949
v 0.040446 0.234834 0.245949
v 0.043132 0.210978 0.262908
v 0.043132 0.234834 0.262908
v 0.050927 0.210978 0.278207
v 0.050927 0.234834 0.278207
v 0.063068 0.210978 0.290348
v 0.063068 0.234834 0.290348
v 0.078367 0.210978 0.298143
v 0.078367 0.234834 0.298143
v 0.095326 0.210978 0.300829
v 0.095326 0.234834 0.300829
v 0.112285 0.210978 0.298143
v 0.112285 0.234834 0.298143
v 0.127583 0.210978 0.290348
v 0.127583 0.234834 0.290348
v 0.139724 0.210978 0.278207
v 0.139724 0.234834 0.278207
v 0.147519 0.210978 0.262908
v 0.147519 0.234834 0.262908
v 0.064103 0.248581 0.288924
v 0.078911 0.248581 0.296469
v 0.095326 0.248581 0.299069
v 0.111741 0.248581 0.296469
v 0.052351 0.248581 0.277172
v 0.126549 0.248581 0.288924
v 0.044806 0.248581 0.262364
v 0.138300 0.248581 0.277172
v 0.042206 0.248581 0.245949
v 0.145845 0.248581 0.262364
v 0.044806 0.248581 0.229535
v 0.148445 0.248581 0.245949
v 0.052351 0.248581 0.214727
v 0.145845 0.248581 0.229534
v 0.064103 0.248581 0.202975
v 0.138300 0.248581 0.214727
v 0.078911 0.248581 0.195430
v 0.126549 0.248581 0.202975
v 0.095326 0.248581 0.192830
v 0.111741 0.248581 0.195430
v 0.148445 0.197232 0.245949
v 0.145845 0.197232 0.229534
v 0.147519 0.198971 0.228991
v 0.150205 0.198971 0.245949
v 0.138300 0.197232 0.214727
v 0.139724 0.198971 0.213692
v 0.126549 0.197232 0.202975
v 0.127583 0.198971 0.201550
v 0.111741 0.197232 0.195430
v 0.112285 0.198971 0.193755
v 0.095326 0.197232 0.192830
v 0.095326 0.198971 0.191069
v 0.095326 0.197232 0.192830
v 0.078911 0.197232 0.195430
v 0.078367 0.198971 0.193755
v 0.095326 0.198971 0.191069
v 0.064103 0.197232 0.202975
v 0.063068 0.198971 0.201550
v 0.052351 0.197232 0.214727
v 0.050927 0.198971 0.213692
v 0.044806 0.197232 0.229535
v 0.043132 0.198971 0.228991
v 0.042206 0.197232 0.245949
v 0.040446 0.198971 0.245949
v 0.044806 0.197232 0.262364
v 0.043132 0.198971 0.262908
v 0.052351 0.197232 0.277172
v 0.050927 0.198971 0.278207
v 0.064103 0.197232 0.288924
v 0.063068 0.198971 0.290348
v 0.078911 0.197232 0.296469
v 0.078367 0.198971 0.298143
v 0.095326 0.197232 0.299069
v 0.095326 0.198971 0.300829
v 0.111741 0.197232 0.296469
v 0.112285 0.198971 0.298143
v 0.126549 0.197232 0.288924
v 0.127583 0.198971 0.290348
v 0.138300 0.197232 0.277172
v 0.139724 0.198971 0.278207
v 0.145845 0.197232 0.262364
v 0.147519 0.198971 0.262908
v 0.145845 0.248581 0.229534
v 0.148445 0.248581 0.245949
v 0.150205 0.246842 0.245949
v 0.147519 0.246842 0.228991
v 0.145845 0.248581 0.262364
v 0.147519 0.246842 0.262908
v 0.138300 0.248581 0.277172
v 0.139724 0.246842 0.278207
v 0.126549 0.248581 0.288924
v 0.127583 0.246842 0.290348
v 0.111741 0.248581 0.296469
v 0.112285 0.246842 0.298143
v 0.095326 0.248581 0.299069
v 0.095326 0.246842 0.300829
v 0.078911 0.248581 0.296469
v 0.078367 0.246842 0.298143
v 0.064103 0.248581 0.288924
v 0.063068 0.246842 0.290348
v 0.052351 0.248581 0.277172
v 0.050927 0.246842 0.278207
v 0.044806 0.248581 0.262364
v 0.043132 0.246842 0.262908
v 0.042206 0.248581 0.245949
v 0.040446 0.246842 0.245949
v 0.044806 0.248581 0.229535
v 0.043132 0.246842 0.228991
v 0.052351 0.248581 0.214727
v 0.050927 0.246842 0.213692
v 0.064103 0.248581 0.202975
v 0.063068 0.246842 0.201550
v 0.078911 0.248581 0.195430
v 0.078367 0.246842 0.193755
v 0.095326 0.248581 0.192830
v 0.095326 0.246842 0.191069
v 0.111741 0.248581 0.195430
v 0.112284 0.246842 0.193755
v 0.126549 0.248581 0.202975
v 0.127583 0.246842 0.201550
v 0.138300 0.248581 0.214727
v 0.139724 0.246842 0.213692
v 0.147519 0.246842 0.228991
v 0.150205 0.246842 0.245949
v 0.150205 0.198971 0.245949
v 0.147519 0.198971 0.228991
v 0.139724 0.246842 0.213692
v 0.139724 0.198971 0.213692
v 0.127583 0.246842 0.201550
v 0.127583 0.198971 0.201550
v 0.112284 0.246842 0.193755
v 0.112285 0.198971 0.193755
v 0.095326 0.246842 0.191069
v 0.095326 0.198971 0.191069
v 0.078367 0.246842 0.193755
v 0.095326 0.246842 0.191069
v 0.095326 0.198971 0.191069
v 0.078367 0.198971 0.193755
v 0.063068 0.246842 0.201550
v 0.063068 0.198971 0.201550
v 0.050927 0.246842 0.213692
v 0.050927 0.198971 0.213692
v 0.043132 0.246842 0.228991
v 0.043132 0.198971 0.228991
v 0.040446 0.246842 0.245949
v 0.040446 0.198971 0.245949
v 0.043132 0.246842 0.262908
v 0.043132 0.198971 0.262908
v 0.050927 0.246842 0.278207
v 0.050927 0.198971 0.278207
v 0.063068 0.246842 0.290348
v 0.063068 0.198971 0.290348
v 0.078367 0.246842 0.298143
v 0.078367 0.198971 0.298143
v 0.095326 0.246842 0.300829
v 0.095326 0.198971 0.300829
v 0.112285 0.246842 0.298143
v 0.112285 0.198971 0.298143
v 0.127583 0.246842 0.290348
v 0.127583 0.198971 0.290348
v 0.139724 0.246842 0.278207
v 0.139724 0.198971 0.278207
v 0.147519 0.246842 0.262908
v 0.147519 0.198971 0.262908
v -0.007536 0.073977 0.395801
v -0.008760 0.081707 0.395801
v -0.008760 0.081707 0.440100
v -0.007536 0.073977 0.440100
v -0.012313 0.088680 0.395801
v -0.012313 0.088680 0.440100
v -0.017847 0.094214 0.395801
v -0.017847 0.094214 0.440100
v -0.024820 0.097767 0.395801
v -0.024820 0.097767 0.440100
v -0.032550 0.098991 0.395801
v -0.032550 0.098991 0.440100
v -0.040280 0.097767 0.395801
v -0.040280 0.097767 0.440100
v -0.047253 0.094214 0.395801
v -0.047253 0.094214 0.440100
v -0.052787 0.088680 0.395801
v -0.052787 0.088680 0.440100
v -0.056340 0.081707 0.395801
v -0.056340 0.081707 0.440100
v -0.057564 0.073977 0.395801
v -0.057564 0.073977 0.440100
v -0.056340 0.066247 0.395801
v -0.056340 0.066247 0.440100
v -0.052787 0.059274 0.395801
v -0.052787 0.059274 0.440100
v -0.047253 0.053740 0.395801
v -0.047253 0.053740 0.440100
v -0.040280 0.050187 0.395801
v -0.040280 0.050187 0.440100
v -0.032550 0.048962 0.395801
v -0.032550 0.048962 0.440100
v -0.032550 0.048962 0.395801
v -0.024820 0.050187 0.395801
v -0.024820 0.050187 0.440100
v -0.032550 0.048962 0.440100
v -0.017847 0.053740 0.395801
v -0.017847 0.053740 0.440100
v -0.012313 0.059274 0.395801
v -0.012313 0.059274 0.440100
v -0.008760 0.066247 0.395801
v -0.008760 0.066247 0.440100
v -0.007536 0.073977 0.440100
v -0.008760 0.081707 0.440100
v -0.002408 0.083771 0.446511
v -0.000857 0.073977 0.446511
v -0.012313 0.088680 0.440100
v -0.006910 0.092605 0.446511
v -0.017847 0.094214 0.440100
v -0.013921 0.099617 0.446511
v -0.024820 0.097767 0.440100
v -0.022756 0.104119 0.446511
v -0.032550 0.098991 0.440100
v -0.032550 0.105670 0.446511
v -0.040280 0.097767 0.440100
v -0.042344 0.104119 0.446511
v -0.047253 0.094214 0.440100
v -0.051179 0.099617 0.446511
v -0.052787 0.088680 0.440100
v -0.058191 0.092605 0.446511
v -0.056340 0.081707 0.440100
v -0.062692 0.083771 0.446511
v -0.057564 0.073977 0.440100
v -0.064243 0.073977 0.446511
v -0.056340 0.066247 0.440100
v -0.062692 0.064183 0.446511
v -0.052787 0.059274 0.440100
v -0.058190 0.055348 0.446511
v -0.047253 0.053740 0.440100
v -0.051179 0.048337 0.446511
v -0.040280 0.050187 0.440100
v -0.042344 0.043835 0.446511
v -0.032550 0.048962 0.440100
v -0.032550 0.042283 0.446511
v -0.032550 0.048962 0.440100
v -0.024820 0.050187 0.440100
v -0.022756 0.043835 0.446511
v -0.032550 0.042283 0.446511
v -0.017847 0.053740 0.440100
v -0.013921 0.048337 0.446511
v -0.012313 0.059274 0.440100
v -0.006910 0.055348 0.446511
v -0.008760 0.066247 0.440100
v -0.002408 0.064183 0.446511
v 0.000135 0.084597 0.450289
v 0.001817 0.073977 0.450289
v -0.004746 0.094178 0.450289
v -0.012350 0.101780 0.450289
v -0.021930 0.106662 0.450289
v -0.032550 0.108344 0.450289
v -0.043170 0.106662 0.450289
v -0.052751 0.101780 0.450289
v -0.060354 0.094178 0.450289
v -0.065235 0.084597 0.450289
v -0.066917 0.073977 0.450289
v -0.065235 0.063357 0.450289
v -0.060354 0.053776 0.450289
v -0.052751 0.046173 0.450289
v -0.043170 0.041292 0.450289
v -0.032550 0.039610 0.450289
v -0.021930 0.041292 0.450289
v -0.032550 0.039610 0.450289
v -0.012350 0.046173 0.450289
v -0.004746 0.053776 0.450289
v 0.000135 0.063357 0.450289
v 0.001903 0.073977 0.455114
v 0.000217 0.084624 0.455114
v -0.011503 0.080815 0.455114
v -0.010420 0.073977 0.455114
v -0.004677 0.094228 0.455114
v -0.014646 0.086985 0.455114
v -0.012299 0.101850 0.455114
v -0.019542 0.091880 0.455114
v -0.021904 0.106744 0.455114
v -0.025712 0.095024 0.455114
v -0.032550 0.108430 0.455114
v -0.032550 0.096107 0.455114
v -0.043197 0.106744 0.455114
v -0.039389 0.095024 0.455114
v -0.052801 0.101850 0.455114
v -0.045558 0.091880 0.455114
v -0.060423 0.094228 0.455114
v -0.050454 0.086985 0.455114
v -0.065317 0.084624 0.455114
v -0.053597 0.080815 0.455114
v -0.067003 0.073977 0.455114
v -0.054680 0.073977 0.455114
v -0.065317 0.063331 0.455114
v -0.053597 0.067138 0.455114
v -0.060423 0.053726 0.455114
v -0.050454 0.060969 0.455114
v -0.052801 0.046104 0.455114
v -0.045558 0.056073 0.455114
v -0.043197 0.041210 0.455114
v -0.039389 0.052930 0.455114
v -0.032550 0.039524 0.455114
v -0.032550 0.051847 0.455114
v -0.032550 0.039524 0.455114
v -0.021904 0.041210 0.455114
v -0.025712 0.052930 0.455114
v -0.032550 0.051847 0.455114
v -0.012299 0.046104 0.455114
v -0.019542 0.056074 0.455114
v -0.004677 0.053726 0.455114
v -0.014646 0.060969 0.455114
v 0.000217 0.063331 0.455114
v -0.011503 0.067138 0.455114
v -0.010420 0.073977 0.455114
v -0.011503 0.080815 0.455114
v -0.011503 0.080815 0.460301
v -0.010420 0.073977 0.460301
v -0.014646 0.086985 0.455114
v -0.014646 0.086985 0.460301
v -0.019542 0.091880 0.455114
v -0.019542 0.091880 0.460301
v -0.025712 0.095024 0.455114
v -0.025712 0.095024 0.460301
v -0.032550 0.096107 0.455114
v -0.032550 0.096107 0.460301
v -0.039389 0.095024 0.455114
v -0.039389 0.095024 0.460301
v -0.045558 0.091880 0.455114
v -0.045558 0.091880 0.460301
v -0.050454 0.086985 0.455114
v -0.050454 0.086985 0.460301
v -0.053597 0.080815 0.455114
v -0.053597 0.080815 0.460301
v -0.054680 0.073977 0.455114
v -0.054680 0.073977 0.460301
v -0.053597 0.067138 0.455114
v -0.053597 0.067138 0.460301
v -0.050454 0.060969 0.455114
v -0.050454 0.060969 0.460301
v -0.045558 0.056073 0.455114
v -0.045558 0.056073 0.460301
v -0.039389 0.052930 0.455114
v -0.039389 0.052930 0.460301
v -0.032550 0.051847 0.455114
v -0.032550 0.051847 0.460301
v -0.032550 0.051847 0.455114
v -0.025712 0.052930 0.455114
v -0.025712 0.052930 0.460301
v -0.032550 0.051847 0.460301
v -0.019542 0.056074 0.455114
v -0.019542 0.056073 0.460301
v -0.014646 0.060969 0.455114
v -0.014646 0.060969 0.460301
v -0.011503 0.067138 0.455114
v -0.011503 0.067138 0.460301
v -0.015602 0.079483 0.498614
v -0.015602 0.079483 0.501000
v -0.014730 0.073977 0.501000
v -0.014730 0.073977 0.498614
v -0.018133 0.084451 0.498614
v -0.018133 0.084451 0.501000
v -0.022076 0.088394 0.498614
v -0.022076 0.088394 0.501000
v -0.027043 0.090925 0.498614
v -0.027043 0.090925 0.501000
v -0.032550 0.091797 0.498614
v -0.032550 0.091797 0.501000
v -0.038057 0.090925 0.498614
v -0.038057 0.090925 0.501000
v -0.043024 0.088394 0.498614
v -0.043024 0.088394 0.501000
v -0.046967 0.084451 0.498614
v -0.046967 0.084451 0.501000
v -0.049498 0.079483 0.498614
v -0.049498 0.079483 0.501000
v -0.050370 0.073977 0.498614
v -0.050370 0.073977 0.501000
v -0.049498 0.068470 0.498615
v -0.049498 0.068470 0.501000
v -0.046967 0.063503 0.498615
v -0.046967 0.063503 0.501000
v -0.043024 0.059560 0.498615
v -0.043024 0.059560 0.501000
v -0.038057 0.057029 0.498615
v -0.038057 0.057029 0.501000
v -0.032550 0.056157 0.498615
v -0.032550 0.056157 0.501000
v -0.027043 0.057029 0.498615
v -0.027043 0.057029 0.501000
v -0.032550 0.056157 0.501000
v -0.032550 0.056157 0.498615
v -0.022076 0.059560 0.498615
v -0.022076 0.059560 0.501000
v -0.018133 0.063503 0.498615
v -0.018133 0.063503 0.501000
v -0.015602 0.068470 0.498615
v -0.015602 0.068470 0.501000
v -0.011503 0.080815 0.460301
v -0.016304 0.079255 0.464191
v -0.015468 0.073977 0.464191
v -0.010420 0.073977 0.460301
v -0.014646 0.086985 0.460301
v -0.018731 0.084017 0.464191
v -0.019542 0.091880 0.460301
v -0.022510 0.087796 0.464191
v -0.025712 0.095024 0.460301
v -0.027272 0.090223 0.464191
v -0.032550 0.096107 0.460301
v -0.032550 0.091059 0.464191
v -0.039389 0.095024 0.460301
v -0.037829 0.090223 0.464191
v -0.045558 0.091880 0.460301
v -0.042590 0.087796 0.464191
v -0.050454 0.086985 0.460301
v -0.046370 0.084017 0.464191
v -0.053597 0.080815 0.460301
v -0.048796 0.079255 0.464191
v -0.054680 0.073977 0.460301
v -0.049632 0.073977 0.464191
v -0.053597 0.067138 0.460301
v -0.048796 0.068698 0.464191
v -0.050454 0.060969 0.460301
v -0.046370 0.063936 0.464191
v -0.045558 0.056073 0.460301
v -0.042590 0.060157 0.464191
v -0.039389 0.052930 0.460301
v -0.037829 0.057731 0.464191
v -0.032550 0.051847 0.460301
v -0.032550 0.056895 0.464191
v -0.025712 0.052930 0.460301
v -0.027272 0.057731 0.464191
v -0.032550 0.056895 0.464191
v -0.032550 0.051847 0.460301
v -0.019542 0.056073 0.460301
v -0.022510 0.060157 0.464191
v -0.014646 0.060969 0.460301
v -0.018731 0.063936 0.464191
v -0.011503 0.067138 0.460301
v -0.016304 0.068698 0.464191
v -0.025717 0.076197 0.481654
v -0.026025 0.076097 0.488312
v -0.025690 0.073977 0.488312
v -0.025365 0.073977 0.481654
v -0.026737 0.078200 0.481654
v -0.027000 0.078009 0.488312
v -0.028327 0.079789 0.481654
v -0.028518 0.079527 0.488312
v -0.030330 0.080810 0.481654
v -0.030430 0.080502 0.488312
v -0.032550 0.081162 0.481654
v -0.032550 0.080837 0.488312
v -0.034770 0.080810 0.481654
v -0.034670 0.080502 0.488312
v -0.036773 0.079789 0.481654
v -0.036583 0.079527 0.488312
v -0.038363 0.078200 0.481654
v -0.038100 0.078009 0.488312
v -0.039383 0.076197 0.481654
v -0.039075 0.076097 0.488312
v -0.039735 0.073977 0.481654
v -0.039411 0.073977 0.488312
v -0.039383 0.071757 0.481654
v -0.039075 0.071857 0.488313
v -0.038363 0.069754 0.481654
v -0.038100 0.069944 0.488313
v -0.036773 0.068164 0.481654
v -0.036583 0.068427 0.488313
v -0.034770 0.067144 0.481654
v -0.034670 0.067452 0.488313
v -0.032550 0.066792 0.481654
v -0.032550 0.067117 0.488313
v -0.030330 0.067144 0.481654
v -0.030430 0.067452 0.488313
v -0.032550 0.067117 0.488313
v -0.032550 0.066792 0.481654
v -0.028327 0.068164 0.481654
v -0.028518 0.068427 0.488312
v -0.026737 0.069754 0.481654
v -0.027000 0.069944 0.488312
v -0.025717 0.071757 0.481654
v -0.026025 0.071857 0.488313
v -0.024030 0.076745 0.493887
v -0.015602 0.079483 0.498614
v -0.014730 0.073977 0.498614
v -0.023591 0.073977 0.493887
v -0.025302 0.079243 0.493887
v -0.018133 0.084451 0.498614
v -0.027284 0.081225 0.493887
v -0.022076 0.088394 0.498614
v -0.029782 0.082497 0.493887
v -0.027043 0.090925 0.498614
v -0.032550 0.082936 0.493887
v -0.032550 0.091797 0.498614
v -0.035318 0.082497 0.493887
v -0.038057 0.090925 0.498614
v -0.037816 0.081225 0.493887
v -0.043024 0.088394 0.498614
v -0.039798 0.079243 0.493887
v -0.046967 0.084451 0.498614
v -0.041070 0.076745 0.493887
v -0.049498 0.079483 0.498614
v -0.041509 0.073977 0.493887
v -0.050370 0.073977 0.498614
v -0.041070 0.071208 0.493888
v -0.049498 0.068470 0.498615
v -0.039798 0.068711 0.493888
v -0.046967 0.063503 0.498615
v -0.037816 0.066729 0.493888
v -0.043024 0.059560 0.498615
v -0.035318 0.065457 0.493888
v -0.038057 0.057029 0.498615
v -0.032550 0.065018 0.493888
v -0.032550 0.056157 0.498615
v -0.029782 0.065457 0.493888
v -0.027043 0.057029 0.498615
v -0.032550 0.056157 0.498615
v -0.032550 0.065018 0.493888
v -0.027284 0.066729 0.493887
v -0.022076 0.059560 0.498615
v -0.025302 0.068711 0.493887
v -0.018133 0.063503 0.498615
v -0.024030 0.071209 0.493888
v -0.015602 0.068470 0.498615
v -0.021941 0.077424 0.465425
v -0.024960 0.076443 0.472820
v -0.024570 0.073977 0.472820
v -0.021395 0.073977 0.465425
v -0.023526 0.080533 0.465425
v -0.026094 0.078668 0.472820
v -0.025993 0.083001 0.465425
v -0.027859 0.080433 0.472820
v -0.029103 0.084586 0.465425
v -0.030084 0.081567 0.472820
v -0.032550 0.085131 0.465425
v -0.032550 0.081957 0.472820
v -0.035997 0.084586 0.465425
v -0.035016 0.081567 0.472820
v -0.039107 0.083001 0.465425
v -0.037241 0.080433 0.472820
v -0.041575 0.080533 0.465425
v -0.039006 0.078668 0.472820
v -0.043159 0.077424 0.465425
v -0.040140 0.076443 0.472820
v -0.043705 0.073977 0.465425
v -0.040531 0.073977 0.472820
v -0.043159 0.070530 0.465425
v -0.040140 0.071511 0.472820
v -0.041575 0.067420 0.465425
v -0.039006 0.069286 0.472820
v -0.039107 0.064952 0.465425
v -0.037241 0.067520 0.472820
v -0.035997 0.063368 0.465425
v -0.035016 0.066387 0.472820
v -0.032550 0.062822 0.465425
v -0.032550 0.065996 0.472820
v -0.029103 0.063368 0.465425
v -0.030084 0.066387 0.472820
v -0.032550 0.065996 0.472820
v -0.032550 0.062822 0.465425
v -0.025993 0.064952 0.465425
v -0.027859 0.067520 0.472820
v -0.023526 0.067420 0.465425
v -0.026094 0.069286 0.472820
v -0.021941 0.070530 0.465425
v -0.024960 0.071511 0.472820
v -0.043024 0.059560 0.501000
v -0.038057 0.057029 0.501000
v -0.032550 0.056157 0.501000
v -0.027043 0.057029 0.501000
v -0.046967 0.063503 0.501000
v -0.022076 0.059560 0.501000
v -0.049498 0.068470 0.501000
v -0.018133 0.063503 0.501000
v -0.050370 0.073977 0.501000
v -0.015602 0.068470 0.501000
v -0.049498 0.079483 0.501000
v -0.014730 0.073977 0.501000
v -0.046967 0.084451 0.501000
v -0.015602 0.079483 0.501000
v -0.043024 0.088394 0.501000
v -0.018133 0.084451 0.501000
v -0.038057 0.090925 0.501000
v -0.022076 0.088394 0.501000
v -0.032550 0.091797 0.501000
v -0.027043 0.090925 0.501000
v -0.024030 0.076745 0.493887
v -0.023591 0.073977 0.493887
v -0.025302 0.079243 0.493887
v -0.027284 0.081225 0.493887
v -0.029782 0.082497 0.493887
v -0.032550 0.082936 0.493887
v -0.035318 0.082497 0.493887
v -0.037816 0.081225 0.493887
v -0.039798 0.079243 0.493887
v -0.041070 0.076745 0.493887
v -0.041509 0.073977 0.493887
v -0.041070 0.071208 0.493888
v -0.039798 0.068711 0.493888
v -0.037816 0.066729 0.493888
v -0.035318 0.065457 0.493888
v -0.032550 0.065018 0.493888
v -0.029782 0.065457 0.493888
v -0.032550 0.065018 0.493888
v -0.027284 0.066729 0.493887
v -0.025302 0.068711 0.493887
v -0.024030 0.071209 0.493888
v -0.021941 0.077424 0.465425
v -0.021395 0.073977 0.465425
v -0.023526 0.080533 0.465425
v -0.025993 0.083001 0.465425
v -0.029103 0.084586 0.465425
v -0.032550 0.085131 0.465425
v -0.035997 0.084586 0.465425
v -0.039107 0.083001 0.465425
v -0.041575 0.080533 0.465425
v -0.043159 0.077424 0.465425
v -0.043705 0.073977 0.465425
v -0.043159 0.070530 0.465425
v -0.041575 0.067420 0.465425
v -0.039107 0.064952 0.465425
v -0.035997 0.063368 0.465425
v -0.032550 0.062822 0.465425
v -0.029103 0.063368 0.465425
v -0.032550 0.062822 0.465425
v -0.025993 0.064952 0.465425
v -0.023526 0.067420 0.465425
v -0.021941 0.070530 0.465425
v 0.000217 0.084624 0.455114
v 0.001903 0.073977 0.455114
v -0.004677 0.094228 0.455114
v -0.012299 0.101850 0.455114
v -0.021904 0.106744 0.455114
v -0.032550 0.108430 0.455114
v -0.043197 0.106744 0.455114
v -0.052801 0.101850 0.455114
v -0.060423 0.094228 0.455114
v -0.065317 0.084624 0.455114
v -0.067003 0.073977 0.455114
v -0.065317 0.063331 0.455114
v -0.060423 0.053726 0.455114
v -0.052801 0.046104 0.455114
v -0.043197 0.041210 0.455114
v -0.032550 0.039524 0.455114
v -0.021904 0.041210 0.455114
v -0.032550 0.039524 0.455114
v -0.012299 0.046104 0.455114
v -0.004677 0.053726 0.455114
v 0.000217 0.063331 0.455114
v 0.010134 0.181286 0.064002
v 0.008025 0.181286 0.050690
v -0.001692 0.191742 0.053847
v -0.000084 0.191742 0.064002
v 0.001906 0.181286 0.038680
v -0.006360 0.191742 0.044686
v -0.007624 0.181286 0.029150
v -0.013630 0.191742 0.037416
v -0.019634 0.181286 0.023030
v -0.022791 0.191742 0.032748
v -0.032946 0.181286 0.020922
v -0.032946 0.191742 0.031140
v -0.032946 0.181286 0.020922
v -0.046259 0.181286 0.023030
v -0.043102 0.191742 0.032748
v -0.032946 0.191742 0.031140
v -0.058268 0.181286 0.029150
v -0.052263 0.191742 0.037416
v -0.067799 0.181286 0.038680
v -0.059533 0.191742 0.044686
v -0.073919 0.181286 0.050690
v -0.064201 0.191742 0.053847
v -0.076027 0.181286 0.064002
v -0.065809 0.191742 0.064002
v -0.073919 0.181286 0.077315
v -0.064201 0.191742 0.074157
v -0.067799 0.181286 0.089324
v -0.059533 0.191742 0.083318
v -0.058268 0.181286 0.098855
v -0.052263 0.191742 0.090589
v -0.046259 0.181286 0.104974
v -0.043102 0.191742 0.095257
v -0.032946 0.181286 0.107083
v -0.032946 0.191742 0.096865
v -0.019634 0.181286 0.104974
v -0.022791 0.191742 0.095257
v -0.007624 0.181286 0.098855
v -0.013630 0.191742 0.090589
v 0.001906 0.181286 0.089324
v -0.006360 0.191742 0.083318
v 0.008025 0.181286 0.077315
v -0.001692 0.191742 0.074157
v -0.006849 0.213734 0.055523
v -0.007607 0.227942 0.055769
v -0.006303 0.227942 0.064002
v -0.005506 0.213734 0.064002
v -0.010747 0.213734 0.047873
v -0.011391 0.227942 0.048342
v -0.016818 0.213734 0.041803
v -0.017286 0.227942 0.042447
v -0.024467 0.213734 0.037905
v -0.024713 0.227942 0.038663
v -0.032946 0.213734 0.036562
v -0.032946 0.227942 0.037359
v -0.041426 0.213734 0.037905
v -0.041180 0.227942 0.038663
v -0.032946 0.227942 0.037359
v -0.032946 0.213734 0.036562
v -0.049075 0.213734 0.041803
v -0.048607 0.227942 0.042447
v -0.055146 0.213734 0.047873
v -0.054502 0.227942 0.048342
v -0.059043 0.213734 0.055523
v -0.058286 0.227942 0.055769
v -0.060387 0.213734 0.064002
v -0.059590 0.227942 0.064002
v -0.059043 0.213734 0.072482
v -0.058286 0.227942 0.072236
v -0.055146 0.213734 0.080131
v -0.054502 0.227942 0.079663
v -0.049075 0.213734 0.086202
v -0.048607 0.227942 0.085558
v -0.041426 0.213734 0.090099
v -0.041180 0.227942 0.089342
v -0.032946 0.213734 0.091442
v -0.032946 0.227942 0.090646
v -0.024467 0.213734 0.090099
v -0.024713 0.227942 0.089342
v -0.016818 0.213734 0.086202
v -0.017286 0.227942 0.085557
v -0.010747 0.213734 0.080131
v -0.011391 0.227942 0.079663
v -0.006849 0.213734 0.072482
v -0.007607 0.227942 0.072236
v 0.000855 0.251247 0.053020
v 0.030399 0.257520 0.043420
v 0.033658 0.257520 0.064002
v 0.002594 0.251247 0.064002
v -0.004193 0.251247 0.043112
v 0.020938 0.257520 0.024853
v -0.012056 0.251247 0.035249
v 0.006203 0.257520 0.010118
v -0.021964 0.251247 0.030201
v -0.012364 0.257520 0.000657
v -0.032946 0.251247 0.028462
v -0.032946 0.257520 -0.002603
v -0.043929 0.251247 0.030201
v -0.053528 0.257520 0.000657
v -0.032946 0.257520 -0.002603
v -0.032946 0.251247 0.028462
v -0.053837 0.251247 0.035249
v -0.072096 0.257520 0.010118
v -0.061700 0.251247 0.043112
v -0.086831 0.257520 0.024853
v -0.066748 0.251247 0.053020
v -0.096292 0.257520 0.043420
v -0.068487 0.251247 0.064002
v -0.099551 0.257520 0.064002
v -0.066748 0.251247 0.074985
v -0.096292 0.257520 0.084584
v -0.061700 0.251247 0.084892
v -0.086831 0.257520 0.103152
v -0.053836 0.251247 0.092755
v -0.072096 0.257520 0.117887
v -0.043929 0.251247 0.097804
v -0.053528 0.257520 0.127348
v -0.032946 0.251247 0.099543
v -0.032946 0.257520 0.130607
v -0.021964 0.251247 0.097804
v -0.012364 0.257520 0.127347
v -0.012056 0.251247 0.092755
v 0.006203 0.257520 0.117887
v -0.004193 0.251247 0.084892
v 0.020938 0.257520 0.103152
v 0.000855 0.251247 0.074985
v 0.030399 0.257520 0.084584
v -0.004773 0.200754 0.054848
v -0.003324 0.200754 0.064002
v -0.008981 0.200754 0.046590
v -0.015535 0.200754 0.040037
v -0.023792 0.200754 0.035829
v -0.032946 0.200754 0.034379
v -0.042100 0.200754 0.035829
v -0.032946 0.200754 0.034379
v -0.050359 0.200754 0.040037
v -0.056912 0.200754 0.046590
v -0.061119 0.200754 0.054848
v -0.062569 0.200754 0.064002
v -0.061119 0.200754 0.073156
v -0.056912 0.200754 0.081414
v -0.050359 0.200754 0.087968
v -0.042100 0.200754 0.092175
v -0.032946 0.200754 0.093625
v -0.023792 0.200754 0.092175
v -0.015535 0.200754 0.087968
v -0.008981 0.200754 0.081414
v -0.004773 0.200754 0.073156
v -0.005512 0.243714 0.055088
v -0.003035 0.248179 0.054283
v -0.001495 0.248179 0.064002
v -0.004100 0.243714 0.064002
v -0.009609 0.243714 0.047047
v -0.007502 0.248179 0.045516
v -0.015991 0.243714 0.040665
v -0.014460 0.248179 0.038558
v -0.024032 0.243714 0.036568
v -0.023228 0.248179 0.034091
v -0.032946 0.243714 0.035156
v -0.032946 0.248179 0.032551
v -0.041860 0.243714 0.036568
v -0.042665 0.248179 0.034091
v -0.032946 0.248179 0.032551
v -0.032946 0.243714 0.035156
v -0.049902 0.243714 0.040665
v -0.051433 0.248179 0.038558
v -0.056284 0.243714 0.047047
v -0.058391 0.248179 0.045516
v -0.060381 0.243714 0.055088
v -0.062858 0.248179 0.054283
v -0.061793 0.243714 0.064002
v -0.064398 0.248179 0.064002
v -0.060381 0.243714 0.072917
v -0.062858 0.248179 0.073721
v -0.056284 0.243714 0.080958
v -0.058391 0.248179 0.082489
v -0.049902 0.243714 0.087340
v -0.051433 0.248179 0.089447
v -0.041860 0.243714 0.091437
v -0.042665 0.248179 0.093914
v -0.032946 0.243714 0.092849
v -0.032946 0.248179 0.095454
v -0.024032 0.243714 0.091437
v -0.023228 0.248179 0.093914
v -0.015991 0.243714 0.087340
v -0.014460 0.248179 0.089447
v -0.009609 0.243714 0.080958
v -0.007502 0.248179 0.082489
v -0.005512 0.243714 0.072917
v -0.003035 0.248179 0.073721
v 0.062267 0.257520 0.033065
v 0.067168 0.257520 0.064002
v 0.048047 0.257520 0.005157
v 0.025899 0.257520 -0.016991
v -0.002010 0.257520 -0.031212
v -0.032947 0.257520 -0.036111
v -0.063884 0.257520 -0.031212
v -0.032947 0.257520 -0.036111
v -0.091792 0.257520 -0.016991
v -0.113940 0.257520 0.005157
v -0.128160 0.257520 0.033065
v -0.133061 0.257520 0.064002
v -0.128160 0.257520 0.094939
v -0.113940 0.257520 0.122848
v -0.091792 0.257520 0.144996
v -0.063884 0.257520 0.159216
v -0.032946 0.257520 0.164116
v -0.002009 0.257520 0.159216
v 0.025899 0.257520 0.144996
v 0.048047 0.257520 0.122848
v 0.062268 0.257520 0.094939
v 0.068716 0.260407 0.030970
v 0.073948 0.260407 0.064002
v 0.053533 0.260407 0.001172
v 0.029884 0.260407 -0.022477
v 0.000086 0.260407 -0.037660
v -0.032947 0.260407 -0.042892
v -0.065979 0.260407 -0.037660
v -0.032947 0.260407 -0.042892
v -0.095777 0.260407 -0.022477
v -0.119426 0.260407 0.001172
v -0.134609 0.260407 0.030970
v -0.139841 0.260407 0.064002
v -0.134609 0.260407 0.097035
v -0.119425 0.260407 0.126833
v -0.095777 0.260407 0.150481
v -0.065979 0.260407 0.165665
v -0.032946 0.260407 0.170897
v 0.000086 0.260407 0.165665
v 0.029884 0.260407 0.150481
v 0.053533 0.260407 0.126833
v 0.068716 0.260407 0.097034
v 0.073948 0.260407 0.064002
v 0.068716 0.260407 0.030970
v 0.071667 0.266998 0.030011
v 0.077050 0.266998 0.064002
v 0.053533 0.260407 0.001172
v 0.056043 0.266998 -0.000652
v 0.029884 0.260407 -0.022477
v 0.031708 0.266998 -0.024987
v 0.000086 0.260407 -0.037660
v 0.001044 0.266998 -0.040611
v -0.032947 0.260407 -0.042892
v -0.032947 0.266998 -0.045994
v -0.032947 0.260407 -0.042892
v -0.065979 0.260407 -0.037660
v -0.066937 0.266998 -0.040611
v -0.032947 0.266998 -0.045994
v -0.095777 0.260407 -0.022477
v -0.097601 0.266998 -0.024987
v -0.119426 0.260407 0.001172
v -0.121936 0.266998 -0.000652
v -0.134609 0.260407 0.030970
v -0.137560 0.266998 0.030011
v -0.139841 0.260407 0.064002
v -0.142943 0.266998 0.064002
v -0.134609 0.260407 0.097035
v -0.137560 0.266997 0.097993
v -0.119425 0.260407 0.126833
v -0.121936 0.266997 0.128657
v -0.095777 0.260407 0.150481
v -0.097601 0.266997 0.152992
v -0.065979 0.260407 0.165665
v -0.066937 0.266997 0.168616
v -0.032946 0.260407 0.170897
v -0.032946 0.266998 0.173999
v 0.000086 0.260407 0.165665
v 0.001044 0.266997 0.168616
v 0.029884 0.260407 0.150481
v 0.031708 0.266997 0.152991
v 0.053533 0.260407 0.126833
v 0.056043 0.266997 0.128657
v 0.068716 0.260407 0.097034
v 0.071667 0.266997 0.097993
v 0.073691 0.278314 0.029354
v 0.079179 0.278314 0.064002
v 0.057765 0.278314 -0.001903
v 0.032959 0.278314 -0.026709
v 0.001702 0.278314 -0.042635
v -0.032947 0.278314 -0.048123
v -0.067595 0.278314 -0.042635
v -0.032947 0.278314 -0.048123
v -0.098852 0.278314 -0.026709
v -0.123658 0.278314 -0.001903
v -0.139584 0.278314 0.029354
v -0.145072 0.278314 0.064002
v -0.139584 0.278314 0.098651
v -0.123658 0.278314 0.129908
v -0.098852 0.278314 0.154714
v -0.067595 0.278314 0.170640
v -0.032946 0.278314 0.176128
v 0.001702 0.278314 0.170640
v 0.032959 0.278314 0.154713
v 0.057765 0.278314 0.129908
v 0.073691 0.278314 0.098651
v 0.070683 0.286083 0.030331
v 0.076016 0.286083 0.064002
v 0.055206 0.286083 -0.000044
v 0.031100 0.286083 -0.024150
v 0.000725 0.286083 -0.039627
v -0.032947 0.286083 -0.044960
v -0.066617 0.286083 -0.039627
v -0.032947 0.286083 -0.044960
v -0.096993 0.286083 -0.024150
v -0.121099 0.286083 -0.000044
v -0.136576 0.286083 0.030331
v -0.141909 0.286083 0.064002
v -0.136576 0.286083 0.097673
v -0.121099 0.286083 0.128049
v -0.096993 0.286083 0.152155
v -0.066617 0.286083 0.167632
v -0.032946 0.286083 0.172965
v 0.000725 0.286083 0.167632
v 0.031100 0.286083 0.152155
v 0.055206 0.286083 0.128049
v 0.070683 0.286083 0.097673
v 0.076016 0.286083 0.064002
v 0.070683 0.286083 0.030331
v 0.066510 0.287507 0.031687
v 0.071628 0.287507 0.064002
v 0.055206 0.286083 -0.000044
v 0.051656 0.287507 0.002535
v 0.031100 0.286083 -0.024150
v 0.028521 0.287507 -0.020600
v 0.000725 0.286083 -0.039627
v -0.000631 0.287507 -0.035454
v -0.032947 0.286083 -0.044960
v -0.032947 0.287507 -0.040572
v -0.032947 0.286083 -0.044960
v -0.066617 0.286083 -0.039627
v -0.065262 0.287507 -0.035454
v -0.032947 0.287507 -0.040572
v -0.096993 0.286083 -0.024150
v -0.094414 0.287507 -0.020600
v -0.121099 0.286083 -0.000044
v -0.117549 0.287507 0.002535
v -0.136576 0.286083 0.030331
v -0.132403 0.287507 0.031687
v -0.141909 0.286083 0.064002
v -0.137521 0.287507 0.064002
v -0.136576 0.286083 0.097673
v -0.132403 0.287506 0.096318
v -0.121099 0.286083 0.128049
v -0.117549 0.287506 0.125470
v -0.096993 0.286083 0.152155
v -0.094414 0.287506 0.148605
v -0.066617 0.286083 0.167632
v -0.065262 0.287506 0.163459
v -0.032946 0.286083 0.172965
v -0.032946 0.287506 0.168577
v 0.000725 0.286083 0.167632
v -0.000631 0.287506 0.163459
v 0.031100 0.286083 0.152155
v 0.028521 0.287506 0.148605
v 0.055206 0.286083 0.128049
v 0.051656 0.287506 0.125470
v 0.070683 0.286083 0.097673
v 0.066510 0.287506 0.096318
v 0.067288 0.286083 0.064002
v 0.062383 0.286083 0.033028
v 0.055534 0.266539 0.035253
v 0.060087 0.266539 0.064002
v 0.048145 0.286083 0.005086
v 0.042319 0.266539 0.009318
v 0.025970 0.286083 -0.017089
v 0.021737 0.266539 -0.011264
v -0.001972 0.286083 -0.031326
v -0.004197 0.266539 -0.024478
v -0.032947 0.286083 -0.036232
v -0.032947 0.266539 -0.029031
v -0.032947 0.286083 -0.036232
v -0.063921 0.286083 -0.031326
v -0.061696 0.266539 -0.024478
v -0.032947 0.266539 -0.029031
v -0.091863 0.286083 -0.017089
v -0.087630 0.266539 -0.011264
v -0.114038 0.286083 0.005086
v -0.108212 0.266539 0.009318
v -0.128275 0.286083 0.033028
v -0.121427 0.266539 0.035253
v -0.133181 0.286083 0.064002
v -0.125980 0.266539 0.064002
v -0.128275 0.286083 0.094977
v -0.121427 0.266539 0.092752
v -0.114038 0.286083 0.122919
v -0.108212 0.266539 0.118686
v -0.091863 0.286083 0.145094
v -0.087630 0.266539 0.139268
v -0.063921 0.286083 0.159331
v -0.061696 0.266539 0.152483
v -0.032946 0.286083 0.164237
v -0.032946 0.266539 0.157036
v -0.001972 0.286083 0.159331
v -0.004197 0.266539 0.152483
v 0.025970 0.286083 0.145094
v 0.021738 0.266539 0.139268
v 0.048145 0.286083 0.122919
v 0.042319 0.266539 0.118686
v 0.062383 0.286083 0.094977
v 0.055534 0.266539 0.092751
v 0.060087 0.266539 0.064002
v 0.055534 0.266539 0.035253
v 0.008643 0.266539 0.050489
v 0.010783 0.266539 0.064002
v 0.042319 0.266539 0.009318
v 0.002431 0.266539 0.038299
v 0.021737 0.266539 -0.011264
v -0.007243 0.266539 0.028625
v -0.004197 0.266539 -0.024478
v -0.019433 0.266539 0.022413
v -0.032947 0.266539 -0.029031
v -0.032946 0.266539 0.020273
v -0.032947 0.266539 -0.029031
v -0.061696 0.266539 -0.024478
v -0.046460 0.266539 0.022413
v -0.032946 0.266539 0.020273
v -0.087630 0.266539 -0.011264
v -0.058650 0.266539 0.028625
v -0.108212 0.266539 0.009318
v -0.068324 0.266539 0.038299
v -0.121427 0.266539 0.035253
v -0.074536 0.266539 0.050489
v -0.125980 0.266539 0.064002
v -0.076676 0.266539 0.064002
v -0.121427 0.266539 0.092752
v -0.074536 0.266539 0.077515
v -0.108212 0.266539 0.118686
v -0.068324 0.266539 0.089706
v -0.087630 0.266539 0.139268
v -0.058650 0.266539 0.099380
v -0.061696 0.266539 0.152483
v -0.046460 0.266539 0.105591
v -0.032946 0.266539 0.157036
v -0.032946 0.266539 0.107732
v -0.004197 0.266539 0.152483
v -0.019433 0.266539 0.105591
v 0.021738 0.266539 0.139268
v -0.007243 0.266539 0.099380
v 0.042319 0.266539 0.118686
v 0.002431 0.266539 0.089706
v 0.055534 0.266539 0.092751
v 0.008643 0.266539 0.077515
v 0.010783 0.266539 0.064002
v 0.008643 0.266539 0.050489
v 0.008643 0.500078 0.050489
v 0.010783 0.500078 0.064002
v 0.002431 0.266539 0.038299
v 0.002431 0.500078 0.038299
v -0.007243 0.266539 0.028625
v -0.007243 0.500078 0.028625
v -0.019433 0.266539 0.022413
v -0.019433 0.500078 0.022413
v -0.032946 0.266539 0.020273
v -0.032946 0.500078 0.020273
v -0.032946 0.266539 0.020273
v -0.046460 0.266539 0.022413
v -0.046460 0.500078 0.022413
v -0.032946 0.500078 0.020273
v -0.058650 0.266539 0.028625
v -0.058650 0.500078 0.028625
v -0.068324 0.266539 0.038299
v -0.068324 0.500078 0.038299
v -0.074536 0.266539 0.050489
v -0.074536 0.500078 0.050489
v -0.076676 0.266539 0.064002
v -0.076676 0.500078 0.064002
v -0.074536 0.266539 0.077515
v -0.074536 0.500078 0.077515
v -0.068324 0.266539 0.089706
v -0.068324 0.500078 0.089706
v -0.058650 0.266539 0.099380
v -0.058650 0.500078 0.099380
v -0.046460 0.266539 0.105591
v -0.046460 0.500078 0.105591
v -0.032946 0.266539 0.107732
v -0.032946 0.500078 0.107732
v -0.019433 0.266539 0.105591
v -0.019433 0.500078 0.105591
v -0.007243 0.266539 0.099380
v -0.007243 0.500078 0.099380
v 0.002431 0.266539 0.089706
v 0.002431 0.500078 0.089706
v 0.008643 0.266539 0.077515
v 0.008643 0.500078 0.077515
v 0.002431 0.500078 0.089706
v 0.008643 0.500078 0.077515
v 0.010783 0.500078 0.064002
v 0.008643 0.500078 0.050489
v -0.007243 0.500078 0.099380
v 0.002431 0.500078 0.038299
v -0.019433 0.500078 0.105591
v -0.007243 0.500078 0.028625
v -0.032946 0.500078 0.107732
v -0.019433 0.500078 0.022413
v -0.046460 0.500078 0.105591
v -0.032946 0.500078 0.020273
v -0.058650 0.500078 0.099380
v -0.046460 0.500078 0.022413
v -0.068324 0.500078 0.089706
v -0.058650 0.500078 0.028625
v -0.074536 0.500078 0.077515
v -0.068324 0.500078 0.038299
v -0.076676 0.500078 0.064002
v -0.074536 0.500078 0.050489
v 0.066510 0.287507 0.031687
v 0.062383 0.286083 0.033028
v 0.067288 0.286083 0.064002
v 0.071628 0.287507 0.064002
v 0.051656 0.287507 0.002535
v 0.048145 0.286083 0.005086
v 0.028521 0.287507 -0.020600
v 0.025970 0.286083 -0.017089
v -0.000631 0.287507 -0.035454
v -0.001972 0.286083 -0.031326
v -0.032947 0.287507 -0.040572
v -0.032947 0.286083 -0.036232
v -0.065262 0.287507 -0.035454
v -0.063921 0.286083 -0.031326
v -0.032947 0.286083 -0.036232
v -0.032947 0.287507 -0.040572
v -0.094414 0.287507 -0.020600
v -0.091863 0.286083 -0.017089
v -0.117549 0.287507 0.002535
v -0.114038 0.286083 0.005086
v -0.132403 0.287507 0.031687
v -0.128275 0.286083 0.033028
v -0.137521 0.287507 0.064002
v -0.133181 0.286083 0.064002
v -0.132403 0.287506 0.096318
v -0.128275 0.286083 0.094977
v -0.117549 0.287506 0.125470
v -0.114038 0.286083 0.122919
v -0.094414 0.287506 0.148605
v -0.091863 0.286083 0.145094
v -0.065262 0.287506 0.163459
v -0.063921 0.286083 0.159331
v -0.032946 0.287506 0.168577
v -0.032946 0.286083 0.164237
v -0.000631 0.287506 0.163459
v -0.001972 0.286083 0.159331
v 0.028521 0.287506 0.148605
v 0.025970 0.286083 0.145094
v 0.051656 0.287506 0.125470
v 0.048145 0.286083 0.122919
v 0.066510 0.287506 0.096318
v 0.062383 0.286083 0.094977
v 0.079955 0.631274 0.066992
v 0.080229 0.611495 0.066992
v 0.076919 0.611460 0.059000
v 0.076644 0.631229 0.059000
v 0.068927 0.611374 0.055689
v 0.068653 0.631118 0.055689
v 0.060935 0.611289 0.059000
v 0.060662 0.631007 0.059000
v 0.057625 0.611254 0.066992
v 0.057351 0.630962 0.066992
v 0.057351 0.630962 0.066992
v 0.057625 0.611254 0.066992
v 0.060935 0.611289 0.074985
v 0.060662 0.631007 0.074985
v 0.068927 0.611374 0.078295
v 0.068653 0.631118 0.078295
v 0.076919 0.611460 0.074985
v 0.076644 0.631229 0.074985
v 0.080395 0.589255 0.066992
v 0.077084 0.589285 0.059000
v 0.069091 0.589358 0.055689
v 0.061098 0.589432 0.059000
v 0.057787 0.589462 0.066992
v 0.057787 0.589462 0.066992
v 0.061098 0.589432 0.074985
v 0.069091 0.589358 0.078295
v 0.077084 0.589285 0.074985
v 0.079788 0.565713 0.066992
v 0.076481 0.565901 0.059000
v 0.068498 0.566356 0.055689
v 0.060515 0.566810 0.059000
v 0.057208 0.566998 0.066992
v 0.057208 0.566998 0.066992
v 0.060515 0.566810 0.074985
v 0.068498 0.566356 0.078295
v 0.076481 0.565901 0.074985
v 0.077705 0.542086 0.066992
v 0.074422 0.542545 0.059000
v 0.066497 0.543653 0.055689
v 0.058571 0.544761 0.059000
v 0.055288 0.545220 0.066992
v 0.055288 0.545220 0.066992
v 0.058571 0.544761 0.074985
v 0.066497 0.543653 0.078295
v 0.074422 0.542545 0.074985
v 0.073361 0.519484 0.066992
v 0.070162 0.520378 0.059000
v 0.062438 0.522536 0.055689
v 0.054714 0.524694 0.059000
v 0.051515 0.525588 0.066992
v 0.051515 0.525588 0.066992
v 0.054714 0.524694 0.074985
v 0.062438 0.522536 0.078295
v 0.070162 0.520378 0.074985
v 0.065740 0.498933 0.066992
v 0.062791 0.500502 0.059000
v 0.055672 0.504291 0.055689
v 0.048553 0.508080 0.059000
v 0.045604 0.509650 0.066992
v 0.045604 0.509650 0.066992
v 0.048553 0.508080 0.074985
v 0.055672 0.504291 0.078295
v 0.062791 0.500502 0.074985
v 0.053229 0.481522 0.066992
v 0.050980 0.484065 0.059000
v 0.045550 0.490205 0.055689
v 0.040120 0.496345 0.059000
v 0.037871 0.498888 0.066992
v 0.037871 0.498888 0.066992
v 0.040120 0.496345 0.074985
v 0.045550 0.490205 0.078295
v 0.050980 0.484065 0.074985
v 0.037875 0.473124 0.066992
v 0.036521 0.476157 0.059000
v 0.033253 0.483479 0.055689
v 0.029985 0.490801 0.059000
v 0.028631 0.493834 0.066992
v 0.028631 0.493834 0.066992
v 0.029985 0.490801 0.074985
v 0.033253 0.483479 0.078295
v 0.036521 0.476157 0.074985
v 0.023277 0.467975 0.066992
v 0.022369 0.471165 0.059000
v 0.020179 0.478867 0.055689
v 0.017988 0.486569 0.059000
v 0.017080 0.489760 0.066992
v 0.017080 0.489760 0.066992
v 0.017988 0.486569 0.074985
v 0.020179 0.478867 0.078295
v 0.022369 0.471165 0.074985
v 0.008899 0.464833 0.066992
v 0.008345 0.468101 0.059000
v 0.007010 0.475990 0.055689
v 0.005674 0.483879 0.059000
v 0.005121 0.487147 0.066992
v 0.005121 0.487147 0.066992
v 0.005674 0.483879 0.074985
v 0.007010 0.475990 0.078295
v 0.008345 0.468101 0.074985
v -0.004619 0.463199 0.066992
v -0.004898 0.466500 0.059000
v -0.005570 0.474469 0.055689
v -0.006242 0.482439 0.059000
v -0.006521 0.485740 0.066992
v -0.006521 0.485740 0.066992
v -0.006242 0.482439 0.074985
v -0.005570 0.474469 0.078295
v -0.004898 0.466500 0.074985
v -0.016640 0.462622 0.066992
v -0.016710 0.465933 0.059000
v -0.016878 0.473926 0.055689
v -0.017046 0.481920 0.059000
v -0.017116 0.485231 0.066992
v -0.017116 0.485231 0.066992
v -0.017046 0.481920 0.074985
v -0.016878 0.473926 0.078295
v -0.016710 0.465933 0.074985
v -0.145848 0.631274 0.066992
v -0.142538 0.631229 0.059000
v -0.142812 0.611460 0.059000
v -0.146122 0.611495 0.066992
v -0.134546 0.631118 0.055689
v -0.134820 0.611374 0.055689
v -0.126555 0.631007 0.059000
v -0.126828 0.611289 0.059000
v -0.123244 0.630962 0.066992
v -0.123518 0.611254 0.066992
v -0.123244 0.630962 0.066992
v -0.126555 0.631007 0.074985
v -0.126828 0.611289 0.074985
v -0.123518 0.611254 0.066992
v -0.134546 0.631118 0.078295
v -0.134820 0.611374 0.078295
v -0.142538 0.631229 0.074985
v -0.142812 0.611460 0.074985
v -0.142977 0.589285 0.059000
v -0.146288 0.589255 0.066992
v -0.134984 0.589358 0.055689
v -0.126991 0.589432 0.059000
v -0.123680 0.589462 0.066992
v -0.126991 0.589432 0.074985
v -0.123680 0.589462 0.066992
v -0.134984 0.589358 0.078295
v -0.142977 0.589285 0.074985
v -0.142374 0.565901 0.059000
v -0.145681 0.565713 0.066992
v -0.134391 0.566356 0.055689
v -0.126408 0.566810 0.059000
v -0.123101 0.566998 0.066992
v -0.126408 0.566810 0.074985
v -0.123101 0.566998 0.066992
v -0.134391 0.566356 0.078295
v -0.142374 0.565901 0.074985
v -0.140316 0.542545 0.059000
v -0.143598 0.542086 0.066992
v -0.132390 0.543653 0.055689
v -0.124464 0.544761 0.059000
v -0.121181 0.545220 0.066992
v -0.124464 0.544761 0.074985
v -0.121181 0.545220 0.066992
v -0.132390 0.543653 0.078295
v -0.140316 0.542545 0.074985
v -0.136055 0.520378 0.059000
v -0.139254 0.519484 0.066992
v -0.128331 0.522536 0.055689
v -0.120607 0.524694 0.059000
v -0.117408 0.525588 0.066992
v -0.120607 0.524694 0.074985
v -0.117408 0.525588 0.066992
v -0.128331 0.522536 0.078295
v -0.136055 0.520378 0.074985
v -0.128684 0.500502 0.059000
v -0.131633 0.498933 0.066992
v -0.121566 0.504291 0.055689
v -0.114446 0.508080 0.059000
v -0.111498 0.509650 0.066992
v -0.114446 0.508080 0.074985
v -0.111498 0.509650 0.066992
v -0.121566 0.504291 0.078295
v -0.128684 0.500502 0.074985
v -0.116873 0.484065 0.059000
v -0.119122 0.481522 0.066992
v -0.111443 0.490205 0.055689
v -0.106014 0.496345 0.059000
v -0.103765 0.498888 0.066992
v -0.106014 0.496345 0.074985
v -0.103765 0.498888 0.066992
v -0.111443 0.490205 0.078295
v -0.116873 0.484065 0.074985
v -0.102414 0.476157 0.059000
v -0.103768 0.473124 0.066992
v -0.099146 0.483479 0.055689
v -0.095878 0.490801 0.059000
v -0.094524 0.493834 0.066992
v -0.095878 0.490801 0.074985
v -0.094524 0.493834 0.066992
v -0.099146 0.483479 0.078295
v -0.102414 0.476157 0.074985
v -0.088262 0.471165 0.059000
v -0.089169 0.467975 0.066992
v -0.086072 0.478867 0.055689
v -0.083881 0.486569 0.059000
v -0.082973 0.489760 0.066992
v -0.083881 0.486569 0.074985
v -0.082973 0.489760 0.066992
v -0.086071 0.478867 0.078295
v -0.088262 0.471165 0.074985
v -0.074239 0.468101 0.059000
v -0.074792 0.464833 0.066992
v -0.072903 0.475990 0.055689
v -0.071567 0.483879 0.059000
v -0.071014 0.487147 0.066992
v -0.071567 0.483879 0.074985
v -0.071014 0.487147 0.066992
v -0.072903 0.475990 0.078295
v -0.074239 0.468101 0.074985
v -0.060995 0.466500 0.059000
v -0.061274 0.463199 0.066992
v -0.060323 0.474469 0.055689
v -0.059651 0.482439 0.059000
v -0.059372 0.485740 0.066992
v -0.059651 0.482439 0.074985
v -0.059372 0.485740 0.066992
v -0.060323 0.474469 0.078295
v -0.060995 0.466500 0.074985
v -0.049183 0.465933 0.059000
v -0.049253 0.462622 0.066992
v -0.049015 0.473926 0.055689
v -0.048847 0.481920 0.059000
v -0.048777 0.485231 0.066992
v -0.048847 0.481920 0.074985
v -0.048777 0.485231 0.066992
v -0.049015 0.473926 0.078295
v -0.049183 0.465933 0.074985
v -0.032947 0.614181 -0.033679
v -0.032947 0.568319 -0.033737
v -0.040787 0.568369 -0.030488
v -0.040787 0.614176 -0.030433
v -0.044035 0.568488 -0.022645
v -0.044035 0.614165 -0.022597
v -0.040787 0.568608 -0.014801
v -0.040787 0.614154 -0.014761
v -0.032947 0.568657 -0.011552
v -0.032947 0.614149 -0.011515
v -0.032947 0.614149 -0.011515
v -0.032947 0.568657 -0.011552
v -0.025106 0.568608 -0.014801
v -0.025106 0.614154 -0.014761
v -0.021858 0.568488 -0.022645
v -0.021858 0.614165 -0.022597
v -0.025106 0.568369 -0.030488
v -0.025106 0.614176 -0.030433
v -0.032947 0.546430 -0.032728
v -0.040787 0.546758 -0.029492
v -0.044035 0.547550 -0.021680
v -0.040787 0.548342 -0.013867
v -0.032947 0.548670 -0.010631
v -0.032947 0.548670 -0.010631
v -0.025106 0.548342 -0.013867
v -0.021858 0.547550 -0.021680
v -0.025106 0.546758 -0.029492
v -0.032947 0.525339 -0.029411
v -0.040787 0.526135 -0.026249
v -0.044035 0.528058 -0.018614
v -0.040787 0.529981 -0.010980
v -0.032947 0.530778 -0.007817
v -0.032947 0.530778 -0.007817
v -0.025106 0.529981 -0.010980
v -0.021858 0.528058 -0.018614
v -0.025106 0.526135 -0.026249
v -0.032947 0.505882 -0.022583
v -0.040787 0.507397 -0.019673
v -0.044035 0.511055 -0.012647
v -0.040787 0.514714 -0.005621
v -0.032947 0.516229 -0.002711
v -0.032947 0.516229 -0.002711
v -0.025106 0.514714 -0.005621
v -0.021858 0.511055 -0.012647
v -0.025106 0.507397 -0.019673
v -0.032947 0.496693 -0.017545
v -0.040787 0.498735 -0.014923
v -0.044035 0.503664 -0.008595
v -0.040787 0.508594 -0.002266
v -0.032947 0.510635 0.000355
v -0.032947 0.510635 0.000355
v -0.025106 0.508594 -0.002266
v -0.021858 0.503664 -0.008595
v -0.025106 0.498735 -0.014923
v -0.032947 0.489132 -0.010560
v -0.032947 0.480926 0.003961
v -0.040787 0.483872 0.005348
v -0.040787 0.491608 -0.008339
v -0.044035 0.490986 0.008697
v -0.044035 0.497583 -0.002977
v -0.040787 0.498099 0.012046
v -0.040787 0.503559 0.002385
v -0.032947 0.501046 0.013433
v -0.032947 0.506034 0.004606
v -0.032947 0.506034 0.004606
v -0.032947 0.501046 0.013433
v -0.025106 0.498099 0.012046
v -0.025106 0.503559 0.002385
v -0.021858 0.490986 0.008697
v -0.021858 0.497583 -0.002977
v -0.025106 0.483872 0.005348
v -0.025106 0.491608 -0.008339
v -0.032947 0.475856 0.017206
v -0.040787 0.478962 0.018176
v -0.044035 0.486461 0.020518
v -0.040787 0.493960 0.022860
v -0.032947 0.497066 0.023830
v -0.032947 0.497066 0.023830
v -0.025106 0.493960 0.022860
v -0.021858 0.486461 0.020518
v -0.025106 0.478962 0.018176
v -0.032947 0.472732 0.029984
v -0.040787 0.475926 0.030593
v -0.044035 0.483638 0.032062
v -0.040787 0.491351 0.033531
v -0.032947 0.494545 0.034140
v -0.032947 0.494545 0.034140
v -0.025106 0.491351 0.033531
v -0.021858 0.483638 0.032062
v -0.025106 0.475926 0.030593
v -0.032947 0.470523 0.052357
v -0.040787 0.473771 0.052435
v -0.044035 0.481613 0.052624
v -0.040787 0.489456 0.052813
v -0.032947 0.492704 0.052891
v -0.032947 0.492704 0.052891
v -0.025106 0.489456 0.052813
v -0.021858 0.481613 0.052624
v -0.025106 0.473771 0.052435
v -0.032947 0.614181 0.162065
v -0.040787 0.614176 0.158819
v -0.040787 0.568369 0.158493
v -0.032947 0.568319 0.161742
v -0.044035 0.614164 0.150982
v -0.044035 0.568488 0.150650
v -0.040787 0.614154 0.143146
v -0.040787 0.568608 0.142806
v -0.032947 0.614148 0.139900
v -0.032947 0.568657 0.139557
v -0.032947 0.614148 0.139900
v -0.025106 0.614154 0.143146
v -0.025106 0.568608 0.142806
v -0.032947 0.568657 0.139557
v -0.021858 0.614164 0.150982
v -0.021858 0.568488 0.150650
v -0.025106 0.614176 0.158819
v -0.025106 0.568369 0.158493
v -0.032947 0.546430 0.160733
v -0.040787 0.546758 0.157497
v -0.044035 0.547550 0.149684
v -0.040787 0.548342 0.141872
v -0.032947 0.548670 0.138636
v -0.032947 0.548670 0.138636
v -0.025106 0.548342 0.141872
v -0.021858 0.547550 0.149684
v -0.025106 0.546758 0.157497
v -0.032947 0.525339 0.157416
v -0.040787 0.526135 0.154253
v -0.044035 0.528058 0.146619
v -0.040787 0.529981 0.138984
v -0.032947 0.530778 0.135822
v -0.032947 0.530778 0.135822
v -0.025106 0.529981 0.138984
v -0.021858 0.528058 0.146619
v -0.025106 0.526135 0.154253
v -0.032947 0.505882 0.150588
v -0.040787 0.507397 0.147677
v -0.044035 0.511055 0.140652
v -0.040787 0.514714 0.133626
v -0.032947 0.516229 0.130716
v -0.032947 0.516229 0.130716
v -0.025106 0.514714 0.133626
v -0.021858 0.511055 0.140652
v -0.025106 0.507397 0.147677
v -0.032947 0.489132 0.138565
v -0.032947 0.496693 0.145550
v -0.040787 0.498735 0.142928
v -0.040787 0.491608 0.136344
v -0.044035 0.503664 0.136599
v -0.044035 0.497583 0.130981
v -0.040787 0.508594 0.130271
v -0.040787 0.503559 0.125620
v -0.032947 0.510635 0.127649
v -0.032947 0.506034 0.123398
v -0.032947 0.506034 0.123398
v -0.032947 0.510635 0.127649
v -0.025106 0.508594 0.130271
v -0.025106 0.503559 0.125620
v -0.021858 0.503664 0.136599
v -0.021858 0.497583 0.130981
v -0.025106 0.498735 0.142928
v -0.025106 0.491608 0.136344
v -0.032947 0.480926 0.124044
v -0.040787 0.483872 0.122656
v -0.044035 0.490986 0.119308
v -0.040787 0.498099 0.115959
v -0.032947 0.501046 0.114572
v -0.032947 0.501046 0.114572
v -0.025106 0.498099 0.115959
v -0.021858 0.490986 0.119308
v -0.025106 0.483872 0.122656
v -0.032947 0.475856 0.110798
v -0.040787 0.478962 0.109828
v -0.044035 0.486461 0.107487
v -0.040787 0.493960 0.105145
v -0.032947 0.497066 0.104175
v -0.032947 0.497066 0.104175
v -0.025106 0.493960 0.105145
v -0.021858 0.486461 0.107487
v -0.025106 0.478962 0.109828
v -0.032947 0.472732 0.098021
v -0.040787 0.475926 0.097412
v -0.044035 0.483638 0.095943
v -0.040787 0.491351 0.094473
v -0.032947 0.494545 0.093864
v -0.032947 0.494545 0.093864
v -0.025106 0.491351 0.094473
v -0.021858 0.483638 0.095943
v -0.025106 0.475926 0.097412
v -0.040787 0.473771 0.075570
v -0.032947 0.470523 0.075648
v -0.044035 0.481613 0.075381
v -0.040787 0.489456 0.075192
v -0.032947 0.492704 0.075114
v -0.025106 0.489456 0.075192
v -0.032947 0.492704 0.075114
v -0.021858 0.481613 0.075381
v -0.025106 0.473771 0.075570
v -0.019257 0.495923 0.064002
v -0.019927 0.495923 0.059772
v -0.019927 0.522701 0.059772
v -0.019257 0.522701 0.064002
v -0.021871 0.495923 0.055956
v -0.021871 0.522701 0.055956
v -0.024900 0.495923 0.052927
v -0.024900 0.522701 0.052927
v -0.028716 0.495923 0.050983
v -0.028716 0.522701 0.050983
v -0.032946 0.495923 0.050312
v -0.032946 0.522701 0.050312
v -0.032946 0.495923 0.050312
v -0.037177 0.495923 0.050983
v -0.037177 0.522701 0.050983
v -0.032946 0.522701 0.050312
v -0.040993 0.495923 0.052927
v -0.040993 0.522701 0.052927
v -0.044022 0.495923 0.055956
v -0.044022 0.522701 0.055956
v -0.045966 0.495923 0.059772
v -0.045966 0.522701 0.059772
v -0.046636 0.495923 0.064002
v -0.046636 0.522701 0.064002
v -0.045966 0.495923 0.068233
v -0.045966 0.522701 0.068233
v -0.044022 0.495923 0.072049
v -0.044022 0.522701 0.072049
v -0.040993 0.495923 0.075077
v -0.040993 0.522701 0.075077
v -0.037177 0.495923 0.077022
v -0.037177 0.522701 0.077022
v -0.032946 0.495923 0.077692
v -0.032946 0.522701 0.077692
v -0.028716 0.495923 0.077022
v -0.028716 0.522701 0.077022
v -0.024900 0.495923 0.075077
v -0.024900 0.522701 0.075077
v -0.021871 0.495923 0.072049
v -0.021871 0.522701 0.072049
v -0.019927 0.495923 0.068233
v -0.019927 0.522701 0.068233
v -0.023508 0.528193 0.060936
v -0.023023 0.528193 0.064002
v -0.024918 0.528193 0.058170
v -0.027113 0.528193 0.055974
v -0.029880 0.528193 0.054564
v -0.032946 0.528193 0.054079
v -0.036013 0.528193 0.054564
v -0.032946 0.528193 0.054079
v -0.038779 0.528193 0.055974
v -0.040975 0.528193 0.058170
v -0.042384 0.528193 0.060936
v -0.042870 0.528193 0.064002
v -0.042384 0.528193 0.067069
v -0.040975 0.528193 0.069835
v -0.038779 0.528193 0.072031
v -0.036013 0.528193 0.073440
v -0.032946 0.528193 0.073926
v -0.029880 0.528193 0.073440
v -0.027113 0.528193 0.072031
v -0.024918 0.528193 0.069835
v -0.023508 0.528193 0.067069
v -0.028000 0.533667 0.064002
v -0.028242 0.533667 0.062474
v -0.029245 0.542367 0.062800
v -0.029054 0.542367 0.064002
v -0.028945 0.533667 0.061095
v -0.029798 0.542367 0.061715
v -0.030039 0.533667 0.060001
v -0.030659 0.542367 0.060853
v -0.031418 0.533667 0.059298
v -0.031744 0.542367 0.060301
v -0.032946 0.533667 0.059056
v -0.032946 0.542367 0.060111
v -0.032946 0.533667 0.059056
v -0.034475 0.533667 0.059298
v -0.034149 0.542367 0.060301
v -0.032946 0.542367 0.060111
v -0.035854 0.533667 0.060001
v -0.035234 0.542367 0.060853
v -0.036948 0.533667 0.061095
v -0.036095 0.542367 0.061715
v -0.037651 0.533667 0.062474
v -0.036648 0.542367 0.062800
v -0.037893 0.533667 0.064002
v -0.036839 0.542367 0.064002
v -0.037651 0.533667 0.065531
v -0.036648 0.542367 0.065205
v -0.036948 0.533667 0.066910
v -0.036095 0.542367 0.066290
v -0.035854 0.533667 0.068004
v -0.035234 0.542367 0.067151
v -0.034475 0.533667 0.068707
v -0.034149 0.542367 0.067704
v -0.032946 0.533667 0.068949
v -0.032946 0.542367 0.067895
v -0.031418 0.533667 0.068707
v -0.031744 0.542367 0.067704
v -0.030039 0.533667 0.068004
v -0.030659 0.542367 0.067151
v -0.028945 0.533667 0.066910
v -0.029798 0.542367 0.066290
v -0.028242 0.533667 0.065531
v -0.029245 0.542367 0.065205
v -0.029579 0.553958 0.062908
v -0.029406 0.553958 0.064002
v -0.030082 0.553958 0.061921
v -0.030865 0.553958 0.061138
v -0.031852 0.553958 0.060635
v -0.032946 0.553958 0.060462
v -0.034041 0.553958 0.060635
v -0.032946 0.553958 0.060462
v -0.035028 0.553958 0.061138
v -0.035811 0.553958 0.061921
v -0.036314 0.553958 0.062908
v -0.036487 0.553958 0.064002
v -0.036314 0.553958 0.065096
v -0.035811 0.553958 0.066083
v -0.035028 0.553958 0.066867
v -0.034041 0.553958 0.067369
v -0.032946 0.553958 0.067543
v -0.031852 0.553958 0.067369
v -0.030865 0.553958 0.066867
v -0.030082 0.553958 0.066083
v -0.029579 0.553958 0.065096
v -0.029685 0.557498 0.064002
v -0.029845 0.557498 0.062995
v -0.030075 0.557944 0.063069
v -0.029927 0.557944 0.064002
v -0.030308 0.557498 0.062085
v -0.030598 0.557944 0.062201
v -0.031030 0.557498 0.061364
v -0.031244 0.557944 0.061555
v -0.031939 0.557498 0.060901
v -0.032058 0.557944 0.061140
v -0.032946 0.557498 0.060741
v -0.032960 0.557944 0.060997
v -0.032946 0.557498 0.060741
v -0.033954 0.557498 0.060901
v -0.033862 0.557944 0.061140
v -0.032960 0.557944 0.060997
v -0.034863 0.557498 0.061364
v -0.034676 0.557944 0.061555
v -0.035585 0.557498 0.062085
v -0.035322 0.557944 0.062201
v -0.036048 0.557498 0.062995
v -0.035737 0.557944 0.063015
v -0.036208 0.557498 0.064002
v -0.035965 0.557944 0.064002
v -0.036048 0.557498 0.065010
v -0.035818 0.557944 0.064935
v -0.035585 0.557498 0.065919
v -0.035295 0.557944 0.065804
v -0.034863 0.557498 0.066641
v -0.034649 0.557944 0.066450
v -0.033954 0.557498 0.067104
v -0.033835 0.557944 0.066864
v -0.032946 0.557498 0.067263
v -0.032933 0.557944 0.067007
v -0.031939 0.557498 0.067104
v -0.032031 0.557944 0.066864
v -0.031030 0.557498 0.066641
v -0.031217 0.557944 0.066450
v -0.030308 0.557498 0.065919
v -0.030571 0.557944 0.065804
v -0.029845 0.557498 0.065010
v -0.030156 0.557944 0.064990
v -0.030487 0.558217 0.064801
v -0.030361 0.558217 0.064002
v -0.030487 0.558217 0.063203
v -0.030855 0.558217 0.062483
v -0.030855 0.558217 0.065522
v -0.031427 0.558217 0.061911
v -0.031427 0.558217 0.066094
v -0.032147 0.558217 0.061543
v -0.032147 0.558217 0.066462
v -0.032946 0.558217 0.061417
v -0.032946 0.558217 0.066588
v -0.033746 0.558217 0.061543
v -0.033746 0.558217 0.066462
v -0.034466 0.558217 0.061911
v -0.034466 0.558217 0.066094
v -0.035038 0.558217 0.062483
v -0.035038 0.558217 0.065522
v -0.035406 0.558217 0.063203
v -0.035406 0.558217 0.064801
v -0.035532 0.558217 0.064002
v -0.030075 0.557944 0.063069
v -0.029927 0.557944 0.064002
v -0.030598 0.557944 0.062201
v -0.031244 0.557944 0.061555
v -0.032058 0.557944 0.061140
v -0.032960 0.557944 0.060997
v -0.033862 0.557944 0.061140
v -0.034676 0.557944 0.061555
v -0.035322 0.557944 0.062201
v -0.035737 0.557944 0.063015
v -0.035965 0.557944 0.064002
v -0.035818 0.557944 0.064935
v -0.035295 0.557944 0.065804
v -0.034649 0.557944 0.066450
v -0.033835 0.557944 0.066864
v -0.032933 0.557944 0.067007
v -0.032031 0.557944 0.066864
v -0.031217 0.557944 0.066450
v -0.030571 0.557944 0.065804
v -0.030156 0.557944 0.064990
v -0.028242 0.533667 0.062474
v -0.028000 0.533667 0.064002
v -0.028945 0.533667 0.061095
v -0.030039 0.533667 0.060001
v -0.031418 0.533667 0.059298
v -0.032946 0.533667 0.059056
v -0.034475 0.533667 0.059298
v -0.032946 0.533667 0.059056
v -0.035854 0.533667 0.060001
v -0.036948 0.533667 0.061095
v -0.037651 0.533667 0.062474
v -0.037893 0.533667 0.064002
v -0.037651 0.533667 0.065531
v -0.036948 0.533667 0.066910
v -0.035854 0.533667 0.068004
v -0.034475 0.533667 0.068707
v -0.032946 0.533667 0.068949
v -0.031418 0.533667 0.068707
v -0.030039 0.533667 0.068004
v -0.028945 0.533667 0.066910
v -0.028242 0.533667 0.065531
v 0.102022 0.628778 0.064002
v 0.095416 0.628778 0.022295
v 0.098246 0.637238 0.021376
v 0.104997 0.637238 0.064002
v 0.076245 0.628778 -0.015330
v 0.078652 0.637238 -0.017079
v 0.046386 0.628778 -0.045190
v 0.048135 0.637238 -0.047596
v 0.008761 0.628778 -0.064360
v 0.009680 0.637238 -0.067190
v -0.032947 0.628778 -0.070966
v -0.032947 0.637238 -0.073941
v -0.032947 0.628778 -0.070966
v -0.074654 0.628778 -0.064360
v -0.075573 0.637238 -0.067190
v -0.032947 0.637238 -0.073941
v -0.112279 0.628778 -0.045190
v -0.114028 0.637238 -0.047596
v -0.142138 0.628778 -0.015330
v -0.144545 0.637238 -0.017079
v -0.161309 0.628778 0.022295
v -0.164139 0.637238 0.021376
v -0.167915 0.628778 0.064002
v -0.170890 0.637238 0.064002
v -0.161309 0.628778 0.105710
v -0.164139 0.637238 0.106629
v -0.142138 0.628778 0.143335
v -0.144545 0.637238 0.145084
v -0.112279 0.628778 0.173194
v -0.114028 0.637238 0.175601
v -0.074654 0.628778 0.192365
v -0.075573 0.637238 0.195194
v -0.032946 0.628778 0.198971
v -0.032946 0.637238 0.201946
v 0.008761 0.628778 0.192365
v 0.009681 0.637238 0.195194
v 0.046386 0.628778 0.173194
v 0.048135 0.637238 0.175601
v 0.076246 0.628778 0.143335
v 0.078652 0.637238 0.145083
v 0.095416 0.628778 0.105710
v 0.098246 0.637238 0.106629
v 0.095304 0.657795 0.022331
v 0.091839 0.668215 0.023457
v 0.098261 0.668215 0.064002
v 0.101904 0.657795 0.064002
v 0.076150 0.657795 -0.015261
v 0.073203 0.668215 -0.013119
v 0.046317 0.657795 -0.045094
v 0.044175 0.668215 -0.042147
v 0.008725 0.657795 -0.064248
v 0.007599 0.668215 -0.060783
v -0.032947 0.657795 -0.070848
v -0.032947 0.668215 -0.067205
v -0.074617 0.657795 -0.064248
v -0.073492 0.668215 -0.060783
v -0.032947 0.668215 -0.067205
v -0.032947 0.657795 -0.070848
v -0.112209 0.657795 -0.045094
v -0.110068 0.668215 -0.042147
v -0.142043 0.657795 -0.015261
v -0.139096 0.668215 -0.013119
v -0.161197 0.657795 0.022331
v -0.157732 0.668215 0.023457
v -0.167797 0.657795 0.064002
v -0.164154 0.668215 0.064002
v -0.161197 0.657795 0.105673
v -0.157732 0.668215 0.104548
v -0.142043 0.657795 0.143266
v -0.139096 0.668215 0.141124
v -0.112209 0.657795 0.173099
v -0.110068 0.668215 0.170152
v -0.074617 0.657795 0.192253
v -0.073492 0.668215 0.188788
v -0.032946 0.657795 0.198853
v -0.032946 0.668215 0.195210
v 0.008725 0.657795 0.192253
v 0.007599 0.668215 0.188788
v 0.046317 0.657795 0.173099
v 0.044175 0.668215 0.170151
v 0.076150 0.657795 0.143266
v 0.073203 0.668215 0.141124
v 0.095304 0.657795 0.105673
v 0.091839 0.668215 0.104548
v 0.085221 0.676106 0.025608
v 0.074882 0.680842 0.028967
v 0.080432 0.680842 0.064002
v 0.091302 0.676106 0.064002
v 0.067573 0.676106 -0.009029
v 0.058778 0.680842 -0.002639
v 0.040085 0.676106 -0.036517
v 0.033695 0.680842 -0.027722
v 0.005448 0.676106 -0.054165
v 0.002089 0.680842 -0.043826
v -0.032947 0.676106 -0.060246
v -0.032947 0.680842 -0.049375
v -0.071341 0.676106 -0.054165
v -0.067982 0.680842 -0.043826
v -0.032947 0.680842 -0.049375
v -0.032947 0.676106 -0.060246
v -0.105978 0.676106 -0.036517
v -0.099588 0.680842 -0.027722
v -0.133465 0.676106 -0.009029
v -0.124671 0.680842 -0.002639
v -0.151114 0.676106 0.025608
v -0.140775 0.680842 0.028967
v -0.157195 0.676106 0.064002
v -0.146325 0.680842 0.064002
v -0.151114 0.676106 0.102397
v -0.140775 0.680842 0.099038
v -0.133465 0.676106 0.137034
v -0.124671 0.680842 0.130644
v -0.105978 0.676106 0.164521
v -0.099588 0.680842 0.155727
v -0.071341 0.676106 0.182170
v -0.067982 0.680842 0.171831
v -0.032946 0.676106 0.188251
v -0.032946 0.680842 0.177381
v 0.005449 0.676106 0.182170
v 0.002089 0.680842 0.171831
v 0.040085 0.676106 0.164521
v 0.033696 0.680842 0.155727
v 0.067573 0.676106 0.137034
v 0.058778 0.680842 0.130644
v 0.085221 0.676106 0.102397
v 0.074882 0.680842 0.099038
v 0.063386 0.683739 0.032702
v 0.068343 0.683739 0.064002
v 0.048999 0.683739 0.004466
v 0.026590 0.683739 -0.017943
v -0.001646 0.683739 -0.032330
v -0.032947 0.683739 -0.037288
v -0.064247 0.683739 -0.032330
v -0.032947 0.683739 -0.037288
v -0.092483 0.683739 -0.017943
v -0.114892 0.683739 0.004466
v -0.129279 0.683739 0.032702
v -0.134236 0.683739 0.064002
v -0.129279 0.683738 0.095303
v -0.114892 0.683738 0.123539
v -0.092483 0.683738 0.145948
v -0.064247 0.683738 0.160335
v -0.032946 0.683738 0.165292
v -0.001646 0.683738 0.160335
v 0.026590 0.683738 0.145948
v 0.048999 0.683738 0.123539
v 0.063386 0.683738 0.095303
v 0.097815 0.648041 0.021516
v 0.104544 0.648041 0.064002
v 0.078286 0.648041 -0.016812
v 0.047868 0.648041 -0.047230
v 0.009540 0.648041 -0.066759
v -0.032947 0.648041 -0.073488
v -0.075433 0.648041 -0.066759
v -0.032947 0.648041 -0.073488
v -0.113761 0.648041 -0.047230
v -0.144179 0.648041 -0.016812
v -0.163708 0.648041 0.021516
v -0.170437 0.648041 0.064002
v -0.163708 0.648041 0.106489
v -0.144178 0.648041 0.144817
v -0.113761 0.648041 0.175234
v -0.075433 0.648041 0.194764
v -0.032946 0.648041 0.201493
v 0.009541 0.648041 0.194763
v 0.047868 0.648041 0.175234
v 0.078286 0.648041 0.144817
v 0.097815 0.648041 0.106489
v 0.103328 0.623870 0.064002
v 0.096658 0.623871 0.021891
v 0.077302 0.623871 -0.016098
v 0.047154 0.623871 -0.046246
v 0.009165 0.623871 -0.065602
v -0.032947 0.623871 -0.072272
v -0.032947 0.623871 -0.072272
v -0.075058 0.623871 -0.065602
v -0.113047 0.623871 -0.046246
v -0.143195 0.623871 -0.016098
v -0.162551 0.623871 0.021891
v -0.169221 0.623870 0.064002
v -0.162551 0.623870 0.106113
v -0.143195 0.623870 0.144103
v -0.113047 0.623870 0.174251
v -0.075057 0.623870 0.193607
v -0.032946 0.623870 0.200277
v 0.009165 0.623870 0.193607
v 0.047154 0.623870 0.174251
v 0.077302 0.623870 0.144102
v 0.096658 0.623870 0.106113
v 0.096658 0.623871 0.021891
v 0.103328 0.623870 0.064002
v 0.116487 0.619418 0.064002
v 0.109173 0.619418 0.017825
v 0.077302 0.623871 -0.016098
v 0.087948 0.619418 -0.023832
v 0.047154 0.623871 -0.046246
v 0.054889 0.619419 -0.056892
v 0.009165 0.623871 -0.065602
v 0.013231 0.619419 -0.078117
v -0.032947 0.623871 -0.072272
v -0.032947 0.619419 -0.085431
v -0.075058 0.623871 -0.065602
v -0.032947 0.623871 -0.072272
v -0.032947 0.619419 -0.085431
v -0.079124 0.619419 -0.078117
v -0.113047 0.623871 -0.046246
v -0.120781 0.619419 -0.056892
v -0.143195 0.623871 -0.016098
v -0.153841 0.619418 -0.023832
v -0.162551 0.623871 0.021891
v -0.175066 0.619418 0.017825
v -0.169221 0.623870 0.064002
v -0.182380 0.619418 0.064002
v -0.162551 0.623870 0.106113
v -0.175066 0.619418 0.110180
v -0.143195 0.623870 0.144103
v -0.153841 0.619418 0.151837
v -0.113047 0.623870 0.174251
v -0.120781 0.619417 0.184897
v -0.075057 0.623870 0.193607
v -0.079124 0.619417 0.206122
v -0.032946 0.623870 0.200277
v -0.032946 0.619417 0.213436
v 0.009165 0.623870 0.193607
v 0.013231 0.619417 0.206122
v 0.047154 0.623870 0.174251
v 0.054889 0.619417 0.184897
v 0.077302 0.623870 0.144102
v 0.087948 0.619418 0.151837
v 0.096658 0.623870 0.106113
v 0.109173 0.619418 0.110179
v 0.121736 0.623871 0.013743
v 0.129697 0.623870 0.064002
v 0.131271 0.629522 0.064002
v 0.123233 0.629522 0.013257
v 0.098635 0.623871 -0.031597
v 0.099908 0.629522 -0.032522
v 0.062653 0.623871 -0.067579
v 0.063578 0.629522 -0.068852
v 0.017313 0.623871 -0.090681
v 0.017799 0.629522 -0.092177
v -0.032947 0.623871 -0.098641
v -0.032947 0.629522 -0.100214
v -0.083206 0.623871 -0.090681
v -0.032947 0.623871 -0.098641
v -0.032947 0.629522 -0.100214
v -0.083693 0.629522 -0.092177
v -0.128546 0.623871 -0.067579
v -0.129471 0.629522 -0.068852
v -0.164528 0.623871 -0.031597
v -0.165801 0.629522 -0.032522
v -0.187630 0.623871 0.013743
v -0.189126 0.629522 0.013257
v -0.195590 0.623870 0.064002
v -0.197164 0.629522 0.064002
v -0.187630 0.623870 0.114262
v -0.189126 0.629522 0.114748
v -0.164528 0.623870 0.159602
v -0.165801 0.629522 0.160527
v -0.128546 0.623870 0.195584
v -0.129471 0.629522 0.196857
v -0.083206 0.623870 0.218686
v -0.083692 0.629522 0.220182
v -0.032946 0.623870 0.226646
v -0.032946 0.629522 0.228220
v 0.017313 0.623870 0.218686
v 0.017800 0.629522 0.220182
v 0.062653 0.623870 0.195584
v 0.063578 0.629522 0.196857
v 0.098635 0.623870 0.159602
v 0.099908 0.629522 0.160526
v 0.121737 0.623870 0.114262
v 0.123233 0.629522 0.114748
v 0.123233 0.629522 0.013257
v 0.131271 0.629522 0.064002
v 0.134448 0.629522 0.064002
v 0.126256 0.629522 0.012275
v 0.099908 0.629522 -0.032522
v 0.102479 0.629522 -0.034390
v 0.063578 0.629522 -0.068852
v 0.065446 0.629522 -0.071423
v 0.017799 0.629522 -0.092177
v 0.018781 0.629522 -0.095199
v -0.032947 0.629522 -0.100214
v -0.032947 0.629522 -0.103392
v -0.083693 0.629522 -0.092177
v -0.032947 0.629522 -0.100214
v -0.032947 0.629522 -0.103392
v -0.084675 0.629522 -0.095199
v -0.129471 0.629522 -0.068852
v -0.131339 0.629522 -0.071423
v -0.165801 0.629522 -0.032522
v -0.168372 0.629522 -0.034390
v -0.189126 0.629522 0.013257
v -0.192149 0.629522 0.012275
v -0.197164 0.629522 0.064002
v -0.200341 0.629522 0.064002
v -0.189126 0.629522 0.114748
v -0.192149 0.629522 0.115730
v -0.165801 0.629522 0.160527
v -0.168372 0.629522 0.162395
v -0.129471 0.629522 0.196857
v -0.131339 0.629522 0.199428
v -0.083692 0.629522 0.220182
v -0.084674 0.629522 0.223205
v -0.032946 0.629522 0.228220
v -0.032946 0.629522 0.231397
v 0.017800 0.629522 0.220182
v 0.018782 0.629522 0.223204
v 0.063578 0.629522 0.196857
v 0.065446 0.629522 0.199428
v 0.099908 0.629522 0.160526
v 0.102479 0.629522 0.162394
v 0.123233 0.629522 0.114748
v 0.126256 0.629522 0.115730
v 0.126256 0.629522 0.012275
v 0.134448 0.629522 0.064002
v 0.134448 0.610358 0.064002
v 0.126256 0.610358 0.012275
v 0.102479 0.629522 -0.034390
v 0.102479 0.610358 -0.034390
v 0.065446 0.629522 -0.071423
v 0.065446 0.610358 -0.071423
v 0.018781 0.629522 -0.095199
v 0.018781 0.610358 -0.095199
v -0.032947 0.629522 -0.103392
v -0.032947 0.610358 -0.103392
v -0.084675 0.629522 -0.095199
v -0.032947 0.629522 -0.103392
v -0.032947 0.610358 -0.103392
v -0.084675 0.610358 -0.095199
v -0.131339 0.629522 -0.071423
v -0.131339 0.610358 -0.071423
v -0.168372 0.629522 -0.034390
v -0.168372 0.610358 -0.034390
v -0.192149 0.629522 0.012275
v -0.192149 0.610358 0.012275
v -0.200341 0.629522 0.064002
v -0.200341 0.610358 0.064002
v -0.192149 0.629522 0.115730
v -0.192149 0.610358 0.115730
v -0.168372 0.629522 0.162395
v -0.168372 0.610358 0.162395
v -0.131339 0.629522 0.199428
v -0.131339 0.610358 0.199428
v -0.084674 0.629522 0.223205
v -0.084674 0.610358 0.223205
v -0.032946 0.629522 0.231397
v -0.032946 0.610358 0.231397
v 0.018782 0.629522 0.223204
v 0.018782 0.610358 0.223205
v 0.065446 0.629522 0.199428
v 0.065446 0.610358 0.199428
v 0.102479 0.629522 0.162394
v 0.102479 0.610358 0.162394
v 0.126256 0.629522 0.115730
v 0.126256 0.610358 0.115730
v 0.126256 0.610358 0.012275
v 0.134448 0.610358 0.064002
v 0.120987 0.608859 0.064002
v 0.113453 0.608859 0.016434
v 0.102479 0.610358 -0.034390
v 0.091589 0.608859 -0.026478
v 0.065446 0.610358 -0.071423
v 0.057534 0.608859 -0.060533
v 0.018781 0.610358 -0.095199
v 0.014622 0.608859 -0.082397
v -0.032947 0.610358 -0.103392
v -0.032947 0.608859 -0.089932
v -0.084675 0.610358 -0.095199
v -0.080515 0.608859 -0.082397
v -0.131339 0.610358 -0.071423
v -0.123427 0.608859 -0.060533
v -0.168372 0.610358 -0.034390
v -0.157482 0.608859 -0.026478
v -0.192149 0.610358 0.012275
v -0.179346 0.608859 0.016434
v -0.200341 0.610358 0.064002
v -0.186880 0.608859 0.064002
v -0.192149 0.610358 0.115730
v -0.179346 0.608859 0.111571
v -0.168372 0.610358 0.162395
v -0.157482 0.608859 0.154483
v -0.131339 0.610358 0.199428
v -0.123426 0.608859 0.188538
v -0.084674 0.610358 0.223205
v -0.080515 0.608859 0.210403
v -0.032946 0.610358 0.231397
v -0.032946 0.608859 0.217937
v 0.018782 0.610358 0.223205
v 0.014622 0.608859 0.210403
v 0.065446 0.610358 0.199428
v 0.057534 0.608859 0.188538
v 0.102479 0.610358 0.162394
v 0.091589 0.608859 0.154482
v 0.126256 0.610358 0.115730
v 0.113453 0.608859 0.111570
v 0.063386 0.683738 0.095303
v 0.068343 0.683739 0.064002
v 0.063386 0.683739 0.032702
v 0.048999 0.683739 0.004466
v 0.048999 0.683738 0.123539
v 0.026590 0.683739 -0.017943
v 0.026590 0.683738 0.145948
v -0.001646 0.683739 -0.032330
v -0.001646 0.683738 0.160335
v -0.032947 0.683739 -0.037288
v -0.032946 0.683738 0.165292
v -0.064247 0.683739 -0.032330
v -0.064247 0.683738 0.160335
v -0.092483 0.683739 -0.017943
v -0.092483 0.683738 0.145948
v -0.114892 0.683739 0.004466
v -0.114892 0.683738 0.123539
v -0.129279 0.683739 0.032702
v -0.129279 0.683738 0.095303
v -0.134236 0.683739 0.064002
v 0.116487 0.619418 0.064002
v 0.129697 0.623870 0.064002
v 0.121736 0.623871 0.013743
v 0.109173 0.619418 0.017825
v 0.098635 0.623871 -0.031597
v 0.087948 0.619418 -0.023832
v 0.062653 0.623871 -0.067579
v 0.054889 0.619419 -0.056892
v 0.017313 0.623871 -0.090681
v 0.013231 0.619419 -0.078117
v -0.032947 0.623871 -0.098641
v -0.032947 0.619419 -0.085431
v -0.032947 0.619419 -0.085431
v -0.032947 0.623871 -0.098641
v -0.083206 0.623871 -0.090681
v -0.079124 0.619419 -0.078117
v -0.128546 0.623871 -0.067579
v -0.120781 0.619419 -0.056892
v -0.164528 0.623871 -0.031597
v -0.153841 0.619418 -0.023832
v -0.187630 0.623871 0.013743
v -0.175066 0.619418 0.017825
v -0.195590 0.623870 0.064002
v -0.182380 0.619418 0.064002
v -0.187630 0.623870 0.114262
v -0.175066 0.619418 0.110180
v -0.164528 0.623870 0.159602
v -0.153841 0.619418 0.151837
v -0.128546 0.623870 0.195584
v -0.120781 0.619417 0.184897
v -0.083206 0.623870 0.218686
v -0.079124 0.619417 0.206122
v -0.032946 0.623870 0.226646
v -0.032946 0.619417 0.213436
v 0.017313 0.623870 0.218686
v 0.013231 0.619417 0.206122
v 0.062653 0.623870 0.195584
v 0.054889 0.619417 0.184897
v 0.098635 0.623870 0.159602
v 0.087948 0.619418 0.151837
v 0.121737 0.623870 0.114262
v 0.109173 0.619418 0.110179
v -0.032947 0.834728 -0.172123
v -0.032947 0.834728 -0.411878
v -0.042281 0.830862 -0.411844
v -0.042281 0.830862 -0.172123
v -0.046147 0.821528 -0.411764
v -0.046147 0.821528 -0.172123
v -0.042281 0.812194 -0.411683
v -0.042281 0.812194 -0.172123
v -0.032947 0.808328 -0.411650
v -0.032947 0.808328 -0.172123
v -0.032947 0.808328 -0.172123
v -0.032947 0.808328 -0.411650
v -0.023612 0.812194 -0.411683
v -0.023612 0.812194 -0.172123
v -0.019746 0.821528 -0.411764
v -0.019746 0.821528 -0.172123
v -0.023612 0.830862 -0.411844
v -0.023612 0.830862 -0.172123
v -0.032947 0.833986 -0.437888
v -0.042281 0.830127 -0.437638
v -0.046147 0.820809 -0.437035
v -0.042281 0.811491 -0.436431
v -0.032947 0.807632 -0.436182
v -0.032947 0.807632 -0.436182
v -0.023612 0.811491 -0.436431
v -0.019746 0.820809 -0.437035
v -0.023612 0.830127 -0.437638
v -0.032947 0.832067 -0.456330
v -0.042281 0.828310 -0.455367
v -0.046147 0.819240 -0.453043
v -0.042281 0.810171 -0.450718
v -0.032947 0.806415 -0.449756
v -0.032947 0.806415 -0.449756
v -0.023612 0.810171 -0.450718
v -0.019746 0.819240 -0.453043
v -0.023612 0.828310 -0.455367
v -0.032947 0.828119 -0.472131
v -0.032947 0.820624 -0.484186
v -0.042281 0.817683 -0.481587
v -0.042281 0.824589 -0.470492
v -0.046147 0.810584 -0.475309
v -0.046147 0.816065 -0.466536
v -0.042281 0.803484 -0.469032
v -0.042281 0.807542 -0.462579
v -0.032947 0.800543 -0.466432
v -0.032947 0.804011 -0.460940
v -0.032947 0.804011 -0.460940
v -0.032947 0.800543 -0.466432
v -0.023612 0.803484 -0.469032
v -0.023612 0.807542 -0.462579
v -0.019746 0.810584 -0.475309
v -0.019746 0.816065 -0.466536
v -0.023612 0.817683 -0.481587
v -0.023612 0.824589 -0.470492
v -0.032947 0.808852 -0.492757
v -0.042281 0.806870 -0.489393
v -0.046147 0.802086 -0.481270
v -0.042281 0.797302 -0.473146
v -0.032947 0.795320 -0.469781
v -0.032947 0.795320 -0.469781
v -0.023612 0.797302 -0.473146
v -0.019746 0.802086 -0.481270
v -0.023612 0.806870 -0.489393
v -0.032947 0.793425 -0.498664
v -0.042281 0.792601 -0.494878
v -0.046147 0.790612 -0.485737
v -0.042281 0.788623 -0.476596
v -0.032947 0.787800 -0.472809
v -0.032947 0.787800 -0.472809
v -0.023612 0.788623 -0.476596
v -0.019746 0.790612 -0.485737
v -0.023612 0.792601 -0.494878
v -0.032947 0.775056 -0.501000
v -0.032947 0.756377 -0.499688
v -0.042281 0.757232 -0.495893
v -0.042281 0.774673 -0.497146
v -0.046147 0.759295 -0.486731
v -0.046147 0.773750 -0.487841
v -0.042281 0.761357 -0.477569
v -0.042281 0.772825 -0.478537
v -0.032947 0.762212 -0.473774
v -0.032947 0.772443 -0.474682
v -0.032947 0.772443 -0.474682
v -0.032947 0.762212 -0.473774
v -0.023612 0.761357 -0.477569
v -0.023612 0.772825 -0.478537
v -0.019746 0.759295 -0.486731
v -0.019746 0.773750 -0.487841
v -0.023612 0.757232 -0.495893
v -0.023612 0.774673 -0.497146
v -0.032947 0.745223 -0.495845
v -0.042281 0.747123 -0.492410
v -0.046147 0.751710 -0.484118
v -0.042281 0.756297 -0.475826
v -0.032947 0.758197 -0.472391
v -0.032947 0.758197 -0.472391
v -0.023612 0.756297 -0.475826
v -0.019746 0.751710 -0.484118
v -0.023612 0.747123 -0.492410
v -0.032947 0.735361 -0.487293
v -0.042281 0.738474 -0.484837
v -0.046147 0.745990 -0.478907
v -0.042281 0.753506 -0.472977
v -0.032947 0.756619 -0.470521
v -0.032947 0.756619 -0.470521
v -0.023612 0.753506 -0.472977
v -0.019746 0.745990 -0.478907
v -0.023612 0.738474 -0.484837
v -0.032947 0.729548 -0.474954
v -0.042281 0.733160 -0.473546
v -0.046147 0.741878 -0.470146
v -0.042281 0.750597 -0.466745
v -0.032947 0.754209 -0.465337
v -0.032947 0.754209 -0.465337
v -0.023612 0.750597 -0.466745
v -0.019746 0.741878 -0.470146
v -0.023612 0.733160 -0.473546
v -0.032947 0.707282 -0.382779
v -0.042281 0.711049 -0.381906
v -0.046147 0.720143 -0.379800
v -0.042281 0.729236 -0.377693
v -0.032947 0.733002 -0.376820
v -0.032947 0.733002 -0.376820
v -0.023612 0.729236 -0.377693
v -0.019746 0.720143 -0.379800
v -0.023612 0.711049 -0.381906
v -0.032947 0.700405 -0.355309
v -0.042281 0.704074 -0.354078
v -0.046147 0.712930 -0.351109
v -0.042281 0.721787 -0.348139
v -0.032947 0.725455 -0.346909
v -0.032947 0.725455 -0.346909
v -0.023612 0.721787 -0.348139
v -0.019746 0.712930 -0.351109
v -0.023612 0.704074 -0.354078
v -0.032947 0.695123 -0.342625
v -0.042281 0.698597 -0.340926
v -0.046147 0.706986 -0.336824
v -0.042281 0.715374 -0.332722
v -0.032947 0.718849 -0.331023
v -0.032947 0.718849 -0.331023
v -0.023612 0.715374 -0.332722
v -0.019746 0.706986 -0.336824
v -0.023612 0.698597 -0.340926
v -0.032947 0.688803 -0.331236
v -0.042281 0.692090 -0.329199
v -0.046147 0.700026 -0.324280
v -0.042281 0.707962 -0.319362
v -0.032947 0.711249 -0.317324
v -0.032947 0.711249 -0.317324
v -0.023612 0.707962 -0.319362
v -0.019746 0.700026 -0.324280
v -0.023612 0.692090 -0.329199
v -0.032947 0.682823 -0.322472
v -0.042281 0.685902 -0.320131
v -0.046147 0.693335 -0.314479
v -0.042281 0.700767 -0.308827
v -0.032947 0.703846 -0.306486
v -0.032947 0.703846 -0.306486
v -0.023612 0.700767 -0.308827
v -0.019746 0.693335 -0.314479
v -0.023612 0.685902 -0.320131
v -0.032947 0.678053 -0.318308
v -0.042281 0.680152 -0.315022
v -0.046147 0.685220 -0.307089
v -0.042281 0.690288 -0.299156
v -0.032947 0.692387 -0.295869
v -0.032947 0.692387 -0.295869
v -0.023612 0.690288 -0.299156
v -0.019746 0.685220 -0.307088
v -0.023612 0.680152 -0.315022
v -0.032947 0.673638 -0.316446
v -0.042281 0.675085 -0.312829
v -0.046147 0.678579 -0.304095
v -0.042281 0.682073 -0.295362
v -0.032947 0.683520 -0.291744
v -0.032947 0.683520 -0.291744
v -0.023612 0.682073 -0.295362
v -0.019746 0.678579 -0.304095
v -0.023612 0.675085 -0.312829
v -0.032947 0.668537 -0.316028
v -0.032947 0.658741 -0.315212
v -0.042281 0.659109 -0.311361
v -0.042281 0.669263 -0.312224
v -0.046147 0.659999 -0.302063
v -0.046147 0.671014 -0.303039
v -0.042281 0.660888 -0.292766
v -0.042281 0.672765 -0.293855
v -0.032947 0.661257 -0.288915
v -0.032947 0.673491 -0.290051
v -0.032947 0.673491 -0.290051
v -0.032947 0.661257 -0.288915
v -0.023612 0.660888 -0.292766
v -0.023612 0.672765 -0.293855
v -0.019746 0.659999 -0.302063
v -0.019746 0.671014 -0.303039
v -0.023612 0.659109 -0.311361
v -0.023612 0.669263 -0.312224
v -0.032947 0.615728 -0.313690
v -0.042281 0.615759 -0.309824
v -0.046147 0.615833 -0.300489
v -0.042281 0.615907 -0.291155
v -0.032947 0.615938 -0.287289
v -0.032947 0.615938 -0.287289
v -0.023612 0.615907 -0.291155
v -0.019746 0.615833 -0.300489
v -0.023612 0.615759 -0.309824
v -0.032947 0.037136 -0.327189
v -0.042281 0.036196 -0.323324
v -0.046147 0.033925 -0.313993
v -0.042281 0.031654 -0.304662
v -0.032947 0.030275 -0.300376
v -0.032947 0.030275 -0.300376
v -0.023612 0.031654 -0.304662
v -0.019746 0.033925 -0.313993
v -0.023612 0.036196 -0.323324
v -0.032947 0.031446 -0.328975
v -0.042281 0.029069 -0.325850
v -0.046147 0.023334 -0.318305
v -0.042281 0.017598 -0.310761
v -0.032947 0.015222 -0.307636
v -0.032947 0.015222 -0.307636
v -0.023612 0.017598 -0.310761
v -0.019746 0.023334 -0.318305
v -0.023612 0.029069 -0.325850
v -0.032947 0.026862 -0.333149
v -0.042281 0.023781 -0.330785
v -0.046147 0.016343 -0.325080
v -0.042281 0.008905 -0.319375
v -0.032947 0.005824 -0.317012
v -0.032947 0.005824 -0.317012
v -0.023612 0.008905 -0.319375
v -0.019746 0.016343 -0.325080
v -0.023612 0.023781 -0.330785
v -0.032947 0.023706 -0.340762
v -0.042281 0.020515 -0.338624
v -0.046147 0.012813 -0.333464
v -0.042281 0.005108 -0.328301
v -0.032947 0.001895 -0.326144
v -0.032947 0.001895 -0.326144
v -0.023612 0.005108 -0.328301
v -0.019746 0.012813 -0.333464
v -0.023612 0.020515 -0.338624
v -0.032947 -0.014398 -0.366734
v -0.032947 -0.123393 -0.365857
v -0.042281 -0.123391 -0.361993
v -0.042281 -0.014679 -0.362875
v -0.046147 -0.123387 -0.352663
v -0.046147 -0.015357 -0.353558
v -0.042281 -0.123383 -0.343334
v -0.042281 -0.016036 -0.344242
v -0.032947 -0.123381 -0.339470
v -0.032947 -0.016318 -0.340382
v -0.032947 -0.016318 -0.340382
v -0.032947 -0.123381 -0.339470
v -0.023612 -0.123383 -0.343334
v -0.023612 -0.016036 -0.344242
v -0.019746 -0.123387 -0.352663
v -0.019746 -0.015357 -0.353558
v -0.023612 -0.123391 -0.361993
v -0.023612 -0.014679 -0.362875
v -0.032947 0.016587 -0.354294
v -0.032947 0.011604 -0.359287
v -0.042281 0.008897 -0.356388
v -0.042281 0.013459 -0.351931
v -0.046147 0.002373 -0.349402
v -0.046147 0.005918 -0.346243
v -0.042281 -0.004124 -0.342475
v -0.042281 -0.001595 -0.340638
v -0.032947 -0.006810 -0.339684
v -0.032947 -0.004707 -0.338451
v -0.032947 -0.004707 -0.338451
v -0.032947 -0.006810 -0.339684
v -0.023612 -0.004124 -0.342475
v -0.023612 -0.001595 -0.340638
v -0.019746 0.002373 -0.349402
v -0.019746 0.005918 -0.346243
v -0.023612 0.008897 -0.356388
v -0.023612 0.013459 -0.351931
v -0.032947 0.005422 -0.362847
v -0.032947 -0.004123 -0.365879
v -0.042281 -0.005400 -0.362166
v -0.042281 0.003249 -0.359527
v -0.046147 -0.008475 -0.353204
v -0.046147 -0.001991 -0.351517
v -0.042281 -0.011540 -0.344243
v -0.042281 -0.007215 -0.343523
v -0.032947 -0.012804 -0.340524
v -0.032947 -0.009370 -0.340223
v -0.032947 -0.009370 -0.340223
v -0.032947 -0.012804 -0.340524
v -0.023612 -0.011540 -0.344243
v -0.023612 -0.007215 -0.343523
v -0.019746 -0.008475 -0.353204
v -0.019746 -0.001991 -0.351517
v -0.023612 -0.005400 -0.362166
v -0.023612 0.003249 -0.359527
v -0.032947 0.020579 -0.347816
v -0.042281 0.017422 -0.345573
v -0.046147 0.009821 -0.340179
v -0.042281 0.002270 -0.334878
v -0.032947 -0.000834 -0.332802
v -0.032947 -0.000834 -0.332802
v -0.023612 0.002270 -0.334878
v -0.019746 0.009821 -0.340179
v -0.023612 0.017422 -0.345573
v -0.032947 -0.123381 -0.339470
v -0.042281 -0.123383 -0.343334
v -0.046147 -0.123387 -0.352663
v -0.042281 -0.123391 -0.361993
v -0.023612 -0.123383 -0.343334
v -0.032947 -0.123393 -0.365857
v -0.019746 -0.123387 -0.352663
v -0.023612 -0.123391 -0.361993
v -0.019746 0.821528 -0.172123
v -0.023612 0.830862 -0.172123
v -0.032947 0.834728 -0.172123
v -0.042281 0.830862 -0.172123
v -0.023612 0.812194 -0.172123
v -0.046147 0.821528 -0.172123
v -0.032947 0.808328 -0.172123
v -0.042281 0.812194 -0.172123
v -0.226378 0.834728 0.199435
v -0.422773 0.834728 0.336952
v -0.417392 0.830862 0.344578
v -0.221025 0.830862 0.207080
v -0.415109 0.821528 0.347700
v -0.218807 0.821528 0.210248
v -0.417260 0.812194 0.344486
v -0.221025 0.812194 0.207080
v -0.422586 0.808327 0.336821
v -0.226378 0.808328 0.199435
v -0.226378 0.808328 0.199435
v -0.422586 0.808327 0.336821
v -0.427968 0.812194 0.329194
v -0.231732 0.812194 0.191788
v -0.430251 0.821528 0.326073
v -0.233950 0.821528 0.188622
v -0.428099 0.830862 0.329286
v -0.231732 0.830862 0.191788
v -0.444080 0.833986 0.351871
v -0.438521 0.830127 0.359373
v -0.435809 0.820809 0.362195
v -0.437533 0.811491 0.358681
v -0.442682 0.807632 0.350891
v -0.442682 0.807632 0.350891
v -0.448240 0.811491 0.343389
v -0.450952 0.820809 0.340568
v -0.449229 0.830127 0.344081
v -0.459187 0.832066 0.362449
v -0.453044 0.828309 0.369542
v -0.448922 0.819240 0.371376
v -0.449236 0.810171 0.366876
v -0.453801 0.806415 0.358677
v -0.453801 0.806415 0.358677
v -0.459944 0.810171 0.351584
v -0.464065 0.819240 0.349750
v -0.463752 0.828309 0.354250
v -0.472130 0.828119 0.371512
v -0.482005 0.820624 0.378426
v -0.474522 0.817683 0.384581
v -0.465434 0.824588 0.378218
v -0.467162 0.810584 0.384147
v -0.459975 0.816065 0.379115
v -0.464238 0.803484 0.377380
v -0.458952 0.807541 0.373679
v -0.467462 0.800543 0.368243
v -0.462963 0.804011 0.365093
v -0.462963 0.804011 0.365093
v -0.467462 0.800543 0.368243
v -0.474945 0.803484 0.362088
v -0.469659 0.807541 0.358387
v -0.482305 0.810584 0.362521
v -0.475118 0.816065 0.357489
v -0.485229 0.817683 0.369289
v -0.476141 0.824588 0.362925
v -0.489026 0.808852 0.383342
v -0.480916 0.806870 0.389059
v -0.472044 0.802086 0.387566
v -0.467607 0.797302 0.379740
v -0.470205 0.795320 0.370163
v -0.470205 0.795320 0.370163
v -0.478315 0.797302 0.364448
v -0.487187 0.802086 0.365940
v -0.491624 0.806870 0.373767
v -0.493865 0.793425 0.386730
v -0.485409 0.792601 0.392205
v -0.475704 0.790612 0.390129
v -0.470433 0.788623 0.381718
v -0.472685 0.787800 0.371900
v -0.472685 0.787800 0.371900
v -0.481141 0.788623 0.366426
v -0.490847 0.790612 0.368503
v -0.496117 0.792601 0.376912
v -0.495778 0.775056 0.388070
v -0.494703 0.756377 0.387317
v -0.486241 0.757231 0.392787
v -0.487267 0.774673 0.393505
v -0.476518 0.759295 0.390699
v -0.477427 0.773749 0.391336
v -0.471231 0.761357 0.382277
v -0.472023 0.772825 0.382832
v -0.473476 0.762211 0.372454
v -0.474220 0.772442 0.372975
v -0.474220 0.772442 0.372975
v -0.473476 0.762211 0.372454
v -0.481938 0.761357 0.366985
v -0.482731 0.772825 0.367540
v -0.491661 0.759295 0.369073
v -0.492571 0.773749 0.369709
v -0.496948 0.757231 0.377495
v -0.497975 0.774673 0.378213
v -0.491555 0.745223 0.385113
v -0.483388 0.747123 0.390789
v -0.474378 0.751710 0.389200
v -0.469803 0.756297 0.381277
v -0.472343 0.758196 0.371660
v -0.472343 0.758196 0.371660
v -0.480510 0.756297 0.365985
v -0.489521 0.751710 0.367574
v -0.494096 0.747123 0.375497
v -0.484550 0.735361 0.380208
v -0.477184 0.738474 0.386445
v -0.470109 0.745990 0.386211
v -0.467469 0.753506 0.379643
v -0.470811 0.756619 0.370588
v -0.470811 0.756619 0.370588
v -0.478177 0.753506 0.364351
v -0.485252 0.745990 0.364585
v -0.487892 0.738474 0.371153
v -0.474442 0.729548 0.373131
v -0.467935 0.733159 0.379969
v -0.462932 0.741878 0.381186
v -0.462364 0.750597 0.376068
v -0.466564 0.754208 0.367614
v -0.466564 0.754208 0.367614
v -0.473072 0.750597 0.360776
v -0.478075 0.741878 0.359560
v -0.478643 0.733159 0.364677
v -0.398937 0.707282 0.320261
v -0.392868 0.711049 0.327407
v -0.388925 0.720142 0.329365
v -0.389417 0.729236 0.324990
v -0.394056 0.733002 0.316843
v -0.394056 0.733002 0.316843
v -0.400124 0.729236 0.309698
v -0.404068 0.720142 0.307739
v -0.403576 0.711049 0.312115
v -0.376434 0.700405 0.304505
v -0.370073 0.704074 0.311445
v -0.365423 0.712930 0.312909
v -0.365208 0.721787 0.308039
v -0.369555 0.725455 0.299687
v -0.369555 0.725455 0.299687
v -0.375916 0.721787 0.292747
v -0.380566 0.712930 0.291283
v -0.380781 0.704074 0.296153
v -0.366045 0.695123 0.297230
v -0.359299 0.698597 0.303901
v -0.353722 0.706986 0.304716
v -0.352579 0.715374 0.299196
v -0.356541 0.718849 0.290575
v -0.356541 0.718849 0.290575
v -0.363287 0.715374 0.283904
v -0.368864 0.706986 0.283090
v -0.370007 0.698597 0.288609
v -0.356716 0.688802 0.290697
v -0.349692 0.692089 0.297175
v -0.343446 0.700026 0.297521
v -0.341635 0.707962 0.291532
v -0.345320 0.711249 0.282718
v -0.345320 0.711249 0.282718
v -0.352342 0.707962 0.276240
v -0.358589 0.700026 0.275895
v -0.360400 0.692089 0.281883
v -0.349536 0.682823 0.285671
v -0.342265 0.685902 0.291974
v -0.335417 0.693334 0.291899
v -0.333005 0.700767 0.285490
v -0.336442 0.703846 0.276501
v -0.336442 0.703846 0.276501
v -0.343713 0.700767 0.270198
v -0.350560 0.693335 0.270273
v -0.352973 0.685902 0.276682
v -0.346125 0.678052 0.283282
v -0.338080 0.680152 0.289043
v -0.329364 0.685220 0.287660
v -0.325083 0.690288 0.279943
v -0.327745 0.692387 0.270412
v -0.327745 0.692387 0.270412
v -0.335791 0.690288 0.264651
v -0.344507 0.685220 0.266034
v -0.348787 0.680152 0.273751
v -0.344600 0.673638 0.282214
v -0.336283 0.675085 0.287785
v -0.326912 0.678578 0.285943
v -0.321975 0.682073 0.277767
v -0.324366 0.683520 0.268046
v -0.324366 0.683520 0.268046
v -0.332683 0.682073 0.262475
v -0.342055 0.678579 0.264317
v -0.346991 0.675085 0.272493
v -0.344258 0.668537 0.281974
v -0.343589 0.658741 0.281506
v -0.335081 0.659109 0.286943
v -0.335788 0.669262 0.287439
v -0.325247 0.659998 0.284778
v -0.326047 0.671014 0.285338
v -0.319849 0.660888 0.276278
v -0.320741 0.672765 0.276903
v -0.322048 0.661257 0.266423
v -0.322979 0.673491 0.267075
v -0.322979 0.673491 0.267075
v -0.322048 0.661257 0.266423
v -0.330557 0.660888 0.260986
v -0.331449 0.672765 0.261611
v -0.340390 0.659998 0.263152
v -0.341190 0.671014 0.263711
v -0.345789 0.659109 0.271651
v -0.346496 0.669262 0.272146
v -0.342343 0.615728 0.280634
v -0.333822 0.615759 0.286062
v -0.323958 0.615833 0.283875
v -0.318529 0.615907 0.275354
v -0.320716 0.615938 0.265490
v -0.320716 0.615938 0.265490
v -0.329237 0.615907 0.260062
v -0.339101 0.615833 0.262249
v -0.344529 0.615759 0.270770
v -0.353400 0.037136 0.288376
v -0.344880 0.036196 0.293805
v -0.335019 0.033925 0.291620
v -0.329593 0.031654 0.283101
v -0.331436 0.030275 0.272997
v -0.331436 0.030275 0.272997
v -0.340301 0.031654 0.267809
v -0.350162 0.033925 0.269994
v -0.355588 0.036196 0.278513
v -0.354863 0.031445 0.289400
v -0.346950 0.029069 0.295254
v -0.338552 0.023334 0.294093
v -0.334589 0.017598 0.286599
v -0.337383 0.015222 0.277161
v -0.337383 0.015222 0.277161
v -0.345297 0.017598 0.271307
v -0.353694 0.023334 0.272467
v -0.357657 0.029069 0.279962
v -0.358282 0.026862 0.291794
v -0.350993 0.023781 0.298085
v -0.344101 0.016343 0.297980
v -0.341645 0.008905 0.291540
v -0.345064 0.005824 0.282538
v -0.345064 0.005824 0.282538
v -0.352353 0.008905 0.276248
v -0.359245 0.016343 0.276353
v -0.361700 0.023781 0.282793
v -0.364519 0.023706 0.296161
v -0.357414 0.020515 0.302581
v -0.350969 0.012813 0.302788
v -0.348958 0.005108 0.296660
v -0.352544 0.001895 0.287776
v -0.352544 0.001895 0.287776
v -0.359665 0.005108 0.281368
v -0.366111 0.012813 0.281162
v -0.368122 0.020515 0.287289
v -0.385794 -0.014398 0.311058
v -0.385076 -0.123393 0.310555
v -0.376557 -0.123391 0.315985
v -0.377279 -0.014679 0.316491
v -0.366696 -0.123387 0.313801
v -0.367429 -0.015358 0.314314
v -0.361272 -0.123383 0.305282
v -0.362015 -0.016036 0.305803
v -0.363460 -0.123381 0.295420
v -0.364208 -0.016318 0.295944
v -0.364208 -0.016318 0.295944
v -0.363460 -0.123381 0.295420
v -0.371979 -0.123383 0.289990
v -0.372723 -0.016036 0.290511
v -0.381839 -0.123387 0.292175
v -0.382572 -0.015358 0.292688
v -0.387264 -0.123391 0.300693
v -0.387986 -0.014679 0.301199
v -0.375603 0.016587 0.303923
v -0.379693 0.011604 0.306787
v -0.371964 0.008897 0.312770
v -0.368314 0.013458 0.310213
v -0.364025 0.002373 0.311931
v -0.361437 0.005917 0.310118
v -0.360568 -0.004124 0.304790
v -0.359063 -0.001596 0.303736
v -0.363635 -0.006811 0.295542
v -0.362625 -0.004707 0.294835
v -0.362625 -0.004707 0.294835
v -0.363635 -0.006811 0.295542
v -0.371276 -0.004124 0.289498
v -0.369771 -0.001596 0.288444
v -0.379168 0.002373 0.290304
v -0.376580 0.005917 0.288492
v -0.382672 0.008897 0.297478
v -0.379022 0.013458 0.294921
v -0.382610 0.005422 0.308829
v -0.385094 -0.004123 0.310568
v -0.376698 -0.005400 0.316084
v -0.374536 0.003249 0.314570
v -0.367139 -0.008475 0.314110
v -0.365757 -0.001991 0.313143
v -0.362016 -0.011540 0.305803
v -0.361426 -0.007215 0.305390
v -0.364324 -0.012804 0.296025
v -0.364077 -0.009370 0.295852
v -0.364077 -0.009370 0.295852
v -0.364324 -0.012804 0.296025
v -0.372723 -0.011540 0.290511
v -0.372134 -0.007215 0.290098
v -0.382282 -0.008475 0.292484
v -0.380900 -0.001991 0.291517
v -0.387406 -0.005400 0.300792
v -0.385244 0.003249 0.299278
v -0.370297 0.020579 0.300208
v -0.363106 0.017422 0.306567
v -0.356470 0.009821 0.306640
v -0.354345 0.002270 0.300432
v -0.357998 -0.000835 0.291595
v -0.357998 -0.000835 0.291595
v -0.365053 0.002270 0.285140
v -0.371612 0.009821 0.285013
v -0.373814 0.017422 0.291275
v -0.363460 -0.123381 0.295420
v -0.361272 -0.123383 0.305282
v -0.366696 -0.123387 0.313801
v -0.376557 -0.123391 0.315985
v -0.371979 -0.123383 0.289990
v -0.385076 -0.123393 0.310555
v -0.381839 -0.123387 0.292175
v -0.387264 -0.123391 0.300693
v -0.233950 0.821528 0.188622
v -0.231732 0.830862 0.191788
v -0.226378 0.834728 0.199435
v -0.221025 0.830862 0.207080
v -0.231732 0.812194 0.191788
v -0.218807 0.821528 0.210248
v -0.226378 0.808328 0.199435
v -0.221025 0.812194 0.207080
v 0.188932 0.834728 0.144768
v 0.414227 0.834728 0.226768
v 0.417388 0.830862 0.217986
v 0.192124 0.830862 0.135996
v 0.418635 0.821528 0.214325
v 0.193447 0.821528 0.132363
v 0.417237 0.812194 0.217931
v 0.192124 0.812194 0.135996
v 0.414013 0.808328 0.226690
v 0.188932 0.808328 0.144768
v 0.188932 0.808328 0.144768
v 0.414013 0.808328 0.226690
v 0.410852 0.812194 0.235473
v 0.185740 0.812194 0.153539
v 0.409606 0.821528 0.239133
v 0.184418 0.821528 0.157172
v 0.411003 0.830862 0.235528
v 0.185740 0.830862 0.153539
v 0.438670 0.833986 0.235664
v 0.441627 0.830127 0.226808
v 0.442382 0.820809 0.222968
v 0.440493 0.811491 0.226395
v 0.437065 0.807632 0.235080
v 0.437065 0.807632 0.235080
v 0.434107 0.811491 0.243937
v 0.433352 0.820809 0.247777
v 0.435242 0.830127 0.244350
v 0.455999 0.832066 0.241972
v 0.458286 0.828309 0.232871
v 0.457425 0.819240 0.228443
v 0.453918 0.810171 0.231281
v 0.449821 0.806415 0.239723
v 0.449821 0.806415 0.239723
v 0.447533 0.810171 0.248824
v 0.448395 0.819240 0.253252
v 0.451901 0.828309 0.250413
v 0.470847 0.828119 0.247376
v 0.482175 0.820624 0.251499
v 0.482924 0.817683 0.241839
v 0.472499 0.824588 0.238044
v 0.478348 0.810584 0.236059
v 0.470104 0.816065 0.233058
v 0.471127 0.803484 0.237545
v 0.465063 0.807541 0.235338
v 0.465492 0.800543 0.245427
v 0.460331 0.804011 0.243549
v 0.460331 0.804011 0.243549
v 0.465492 0.800543 0.245427
v 0.464742 0.803484 0.255087
v 0.458679 0.807541 0.252880
v 0.469319 0.810584 0.260867
v 0.461074 0.816065 0.257867
v 0.476540 0.817683 0.259381
v 0.466114 0.824588 0.255587
v 0.490229 0.808852 0.254431
v 0.490260 0.806870 0.244509
v 0.483949 0.802086 0.238097
v 0.474993 0.797302 0.238952
v 0.468638 0.795320 0.246572
v 0.468638 0.795320 0.246572
v 0.468608 0.797302 0.256494
v 0.474919 0.802086 0.262906
v 0.483875 0.806870 0.262051
v 0.495780 0.793425 0.256451
v 0.495414 0.792601 0.246385
v 0.488147 0.790612 0.239625
v 0.478235 0.788623 0.240132
v 0.471484 0.787800 0.247608
v 0.471484 0.787800 0.247608
v 0.471850 0.788623 0.257674
v 0.479117 0.790612 0.264434
v 0.489030 0.792601 0.263927
v 0.497975 0.775056 0.257250
v 0.496741 0.756377 0.256801
v 0.496368 0.757232 0.246732
v 0.497546 0.774673 0.247160
v 0.489081 0.759295 0.239965
v 0.490124 0.773750 0.240345
v 0.479149 0.761357 0.240465
v 0.480059 0.772825 0.240796
v 0.472391 0.762212 0.247938
v 0.473245 0.772442 0.248249
v 0.473245 0.772442 0.248249
v 0.472391 0.762212 0.247938
v 0.472764 0.761357 0.258007
v 0.473674 0.772825 0.258338
v 0.480052 0.759295 0.264774
v 0.481095 0.773750 0.265154
v 0.489983 0.757232 0.264274
v 0.491161 0.774673 0.264703
v 0.493131 0.745223 0.255487
v 0.493096 0.747123 0.245541
v 0.486626 0.751710 0.239071
v 0.477511 0.756297 0.239868
v 0.471091 0.758196 0.247465
v 0.471091 0.758196 0.247465
v 0.471126 0.756297 0.257411
v 0.477596 0.751710 0.263880
v 0.486710 0.747123 0.263083
v 0.485095 0.735361 0.252562
v 0.485979 0.738474 0.242950
v 0.481729 0.745990 0.237289
v 0.474834 0.753506 0.238894
v 0.469334 0.756619 0.246825
v 0.469334 0.756619 0.246825
v 0.468450 0.753506 0.256436
v 0.472700 0.745990 0.262098
v 0.479594 0.738474 0.260493
v 0.473500 0.729548 0.248342
v 0.475369 0.733159 0.239089
v 0.473496 0.741878 0.234293
v 0.468978 0.750597 0.236763
v 0.464462 0.754209 0.245052
v 0.464462 0.754209 0.245052
v 0.462593 0.750597 0.254305
v 0.464467 0.741878 0.259101
v 0.468984 0.733159 0.256631
v 0.386883 0.707282 0.216816
v 0.389256 0.711049 0.207746
v 0.388598 0.720142 0.203393
v 0.385296 0.729236 0.206305
v 0.381284 0.733002 0.214778
v 0.381284 0.733002 0.214778
v 0.378911 0.729236 0.223847
v 0.379569 0.720142 0.228201
v 0.382871 0.711049 0.225288
v 0.361070 0.700405 0.207420
v 0.363106 0.704074 0.198228
v 0.361638 0.712930 0.193579
v 0.357526 0.721787 0.196197
v 0.353177 0.725455 0.204548
v 0.353177 0.725455 0.204548
v 0.351140 0.721787 0.213740
v 0.352608 0.712930 0.218388
v 0.356721 0.704074 0.215771
v 0.349151 0.695123 0.203082
v 0.350747 0.698597 0.193730
v 0.348215 0.706986 0.188694
v 0.343038 0.715374 0.190924
v 0.338249 0.718849 0.199114
v 0.338249 0.718849 0.199114
v 0.336653 0.715374 0.208467
v 0.339185 0.706986 0.213503
v 0.344362 0.698597 0.211272
v 0.338449 0.688802 0.199187
v 0.339727 0.692090 0.189719
v 0.336427 0.700026 0.184404
v 0.330483 0.707962 0.186355
v 0.325376 0.711249 0.194429
v 0.325376 0.711249 0.194429
v 0.324098 0.707962 0.203897
v 0.327397 0.700026 0.209212
v 0.333342 0.692090 0.207261
v 0.330213 0.682823 0.196190
v 0.331206 0.685902 0.186618
v 0.327217 0.693335 0.181051
v 0.320584 0.700767 0.182751
v 0.315191 0.703846 0.190722
v 0.315191 0.703846 0.190722
v 0.314199 0.700767 0.200294
v 0.318188 0.693335 0.205860
v 0.324821 0.685902 0.204160
v 0.326300 0.678052 0.194765
v 0.326405 0.680152 0.184870
v 0.320273 0.685220 0.178524
v 0.311495 0.690288 0.179444
v 0.305215 0.692387 0.187091
v 0.305215 0.692387 0.187091
v 0.305110 0.690288 0.196986
v 0.311243 0.685220 0.203332
v 0.320020 0.680152 0.202413
v 0.324551 0.673638 0.194129
v 0.324344 0.675085 0.184120
v 0.317460 0.678579 0.177500
v 0.307931 0.682073 0.178146
v 0.301338 0.683520 0.185680
v 0.301338 0.683520 0.185680
v 0.301546 0.682073 0.195689
v 0.308430 0.678579 0.202309
v 0.317959 0.675085 0.201663
v 0.324158 0.668537 0.193986
v 0.323391 0.658741 0.193706
v 0.322965 0.659109 0.183618
v 0.323776 0.669262 0.183913
v 0.315550 0.659998 0.176805
v 0.316468 0.671014 0.177139
v 0.305491 0.660888 0.177258
v 0.306515 0.672765 0.177631
v 0.298680 0.661257 0.184712
v 0.299747 0.673491 0.185101
v 0.299747 0.673491 0.185101
v 0.298680 0.661257 0.184712
v 0.299107 0.660888 0.194801
v 0.300130 0.672765 0.195173
v 0.306521 0.659998 0.201613
v 0.307438 0.671014 0.201948
v 0.316580 0.659109 0.201161
v 0.317391 0.669262 0.201456
v 0.321961 0.615728 0.193186
v 0.321520 0.615759 0.183092
v 0.314071 0.615833 0.176267
v 0.303978 0.615907 0.176707
v 0.297152 0.615938 0.184156
v 0.297152 0.615938 0.184156
v 0.297593 0.615907 0.194250
v 0.305042 0.615833 0.201075
v 0.315136 0.615759 0.200635
v 0.334646 0.037136 0.197803
v 0.334207 0.036196 0.187710
v 0.326761 0.033925 0.180885
v 0.316670 0.031654 0.181327
v 0.309450 0.030275 0.188632
v 0.309450 0.030275 0.188632
v 0.310285 0.031654 0.198869
v 0.317731 0.033925 0.205694
v 0.327821 0.036196 0.205252
v 0.336324 0.031445 0.198413
v 0.336580 0.029069 0.188573
v 0.330813 0.023334 0.182360
v 0.322401 0.017598 0.183413
v 0.316272 0.015222 0.191115
v 0.316272 0.015222 0.191115
v 0.316016 0.017598 0.200955
v 0.321783 0.023334 0.207169
v 0.330195 0.029069 0.206116
v 0.340246 0.026862 0.199841
v 0.341218 0.023781 0.190262
v 0.337179 0.016343 0.184677
v 0.330496 0.008905 0.186359
v 0.325082 0.005824 0.194322
v 0.325082 0.005824 0.194322
v 0.324110 0.008905 0.203901
v 0.328149 0.016343 0.209486
v 0.334833 0.023781 0.207804
v 0.347400 0.023706 0.202445
v 0.348584 0.020515 0.192943
v 0.345057 0.012813 0.187544
v 0.338883 0.005108 0.189412
v 0.333663 0.001895 0.197445
v 0.333663 0.001895 0.197445
v 0.332499 0.005108 0.206955
v 0.336027 0.012813 0.212353
v 0.342199 0.020515 0.210485
v 0.371806 -0.014398 0.211328
v 0.370982 -0.123393 0.211028
v 0.370544 -0.123391 0.200935
v 0.371372 -0.014679 0.201237
v 0.363099 -0.123387 0.194111
v 0.363939 -0.015358 0.194417
v 0.353010 -0.123383 0.194554
v 0.353862 -0.016036 0.194864
v 0.346186 -0.123381 0.202003
v 0.347044 -0.016318 0.202315
v 0.347044 -0.016318 0.202315
v 0.346186 -0.123381 0.202003
v 0.346625 -0.123383 0.212096
v 0.347478 -0.016036 0.212406
v 0.354069 -0.123387 0.218920
v 0.354910 -0.015358 0.219226
v 0.364158 -0.123391 0.218478
v 0.364987 -0.014679 0.218779
v 0.360116 0.016587 0.207073
v 0.364808 0.011604 0.208781
v 0.365276 0.008897 0.199018
v 0.361088 0.013458 0.197494
v 0.360035 0.002373 0.192996
v 0.357066 0.005917 0.191915
v 0.352202 -0.004124 0.194260
v 0.350476 -0.001596 0.193631
v 0.346387 -0.006810 0.202076
v 0.345229 -0.004707 0.201654
v 0.345229 -0.004707 0.201654
v 0.346387 -0.006810 0.202076
v 0.345818 -0.004124 0.211802
v 0.344091 -0.001596 0.211174
v 0.351005 0.002373 0.217805
v 0.348036 0.005917 0.216724
v 0.358891 0.008897 0.216560
v 0.354703 0.013458 0.215036
v 0.368154 0.005422 0.209999
v 0.371003 -0.004123 0.211036
v 0.370706 -0.005400 0.200995
v 0.368226 0.003249 0.200092
v 0.363606 -0.008475 0.194296
v 0.362022 -0.001991 0.193719
v 0.353863 -0.011540 0.194864
v 0.353187 -0.007215 0.194618
v 0.347176 -0.012804 0.202363
v 0.346894 -0.009370 0.202261
v 0.346894 -0.009370 0.202261
v 0.347176 -0.012804 0.202363
v 0.347479 -0.011540 0.212406
v 0.346802 -0.007215 0.212160
v 0.354577 -0.008475 0.219105
v 0.352992 -0.001991 0.218528
v 0.364321 -0.005400 0.218537
v 0.361841 0.003249 0.217634
v 0.354029 0.020579 0.204858
v 0.355114 0.017422 0.195319
v 0.351367 0.009821 0.189841
v 0.345063 0.002270 0.191661
v 0.339920 -0.000835 0.199723
v 0.339920 -0.000835 0.199723
v 0.338679 0.002270 0.209203
v 0.342337 0.009821 0.214650
v 0.348729 0.017422 0.212862
v 0.346186 -0.123381 0.202003
v 0.353010 -0.123383 0.194554
v 0.363099 -0.123387 0.194111
v 0.370544 -0.123391 0.200935
v 0.346625 -0.123383 0.212096
v 0.370982 -0.123393 0.211028
v 0.354069 -0.123387 0.218920
v 0.364158 -0.123391 0.218478
v 0.184418 0.821528 0.157172
v 0.185740 0.830862 0.153539
v 0.188932 0.834728 0.144768
v 0.192124 0.830862 0.135996
v 0.185740 0.812194 0.153539
v 0.193447 0.821528 0.132363
v 0.188932 0.808328 0.144768
v 0.192124 0.812194 0.135996
vt 0.744269 0.256766
vt 0.744269 0.147660
vt 0.768886 0.147660
vt 0.768886 0.256766
vt 0.793502 0.256766
vt 0.793502 0.147660
vt 0.818118 0.147660
vt 0.818118 0.256766
vt 0.842735 0.256766
vt 0.842735 0.147660
vt 0.867351 0.147660
vt 0.867351 0.256766
vt 0.891968 0.256766
vt 0.891968 0.147660
vt 0.916584 0.147660
vt 0.916584 0.256766
vt 0.941200 0.256766
vt 0.941200 0.147660
vt 0.965816 0.147660
vt 0.965816 0.256766
vt 0.005780 0.256766
vt 0.005780 0.147660
vt 0.030397 0.147660
vt 0.030397 0.256766
vt 0.055013 0.256766
vt 0.055013 0.147660
vt 0.079629 0.147660
vt 0.079629 0.256766
vt 0.104245 0.256766
vt 0.104245 0.147660
vt 0.128862 0.147660
vt 0.128862 0.256766
vt 0.153478 0.256766
vt 0.153478 0.147660
vt 0.178095 0.147660
vt 0.178095 0.256766
vt 0.202711 0.256766
vt 0.202711 0.147660
vt 0.227327 0.147660
vt 0.227327 0.256766
vt 0.251943 0.256766
vt 0.251943 0.147660
vt 0.276560 0.147660
vt 0.276560 0.256766
vt 0.301176 0.256766
vt 0.301176 0.147660
vt 0.325793 0.147660
vt 0.325793 0.256766
vt 0.350409 0.256766
vt 0.350409 0.147660
vt 0.375025 0.147660
vt 0.375025 0.256766
vt 0.399641 0.256766
vt 0.399641 0.147660
vt 0.424258 0.147660
vt 0.424258 0.256766
vt 0.448874 0.256766
vt 0.448874 0.147660
vt 0.473491 0.147660
vt 0.473491 0.256766
vt 0.498106 0.256766
vt 0.498106 0.147660
vt 0.522723 0.147660
vt 0.522723 0.256766
vt 0.547339 0.256766
vt 0.547339 0.147660
vt 0.571955 0.147660
vt 0.571955 0.256766
vt 0.596571 0.256766
vt 0.596571 0.147660
vt 0.621188 0.147660
vt 0.621188 0.256766
vt 0.645805 0.256766
vt 0.645805 0.147660
vt 0.670421 0.147660
vt 0.670421 0.256766
vt 0.695037 0.256766
vt 0.695037 0.147660
vt 0.719653 0.147660
vt 0.719653 0.256766
vt 0.990433 0.147660
vt 0.990433 0.256766
vt 0.197094 0.673288
vt 0.270583 0.650659
vt 0.247162 0.661594
vt 0.222749 0.670096
vt 0.171253 0.673905
vt 0.291150 0.635009
vt 0.145873 0.669050
vt 0.310033 0.617371
vt 0.121111 0.661680
vt 0.324740 0.596130
vt 0.098478 0.649237
vt 0.337227 0.573515
vt 0.077211 0.634587
vt 0.344628 0.548764
vt 0.059538 0.615765
vt 0.349497 0.523394
vt 0.043848 0.595258
vt 0.348877 0.497570
vt 0.032868 0.571888
vt 0.345664 0.471942
vt 0.024296 0.547529
vt 0.337091 0.447581
vt 0.021083 0.521904
vt 0.326109 0.424209
vt 0.020464 0.496084
vt 0.310420 0.403700
vt 0.025335 0.470720
vt 0.292744 0.384873
vt 0.032738 0.445975
vt 0.271475 0.370218
vt 0.045228 0.423367
vt 0.248841 0.357770
vt 0.059933 0.402128
vt 0.224078 0.350399
vt 0.078811 0.384486
vt 0.198695 0.345550
vt 0.099372 0.368830
vt 0.172854 0.346176
vt 0.122790 0.357888
vt 0.147200 0.349379
vt 0.048936 0.337023
vt 0.027497 0.340423
vt 0.034164 0.337040
vt 0.041549 0.335868
vt 0.055600 0.340399
vt 0.022203 0.345693
vt 0.060888 0.345667
vt 0.018802 0.352338
vt 0.064283 0.352313
vt 0.017628 0.359708
vt 0.065452 0.359683
vt 0.018797 0.367079
vt 0.064279 0.367053
vt 0.022193 0.373724
vt 0.060879 0.373699
vt 0.027482 0.378993
vt 0.055585 0.378970
vt 0.034147 0.382368
vt 0.048918 0.382352
vt 0.041533 0.383523
vt 0.389773 0.359973
vt 0.389773 0.365520
vt 0.387053 0.365520
vt 0.387053 0.359973
vt 0.384333 0.365520
vt 0.384333 0.359973
vt 0.381613 0.365520
vt 0.381613 0.359973
vt 0.378893 0.365520
vt 0.378893 0.359973
vt 0.376173 0.365520
vt 0.376173 0.359973
vt 0.373453 0.365520
vt 0.373453 0.359973
vt 0.370733 0.365520
vt 0.370733 0.359973
vt 0.368012 0.365520
vt 0.368012 0.359973
vt 0.365293 0.365520
vt 0.365293 0.359973
vt 0.362572 0.365520
vt 0.362572 0.359973
vt 0.359852 0.365520
vt 0.359852 0.359973
vt 0.357132 0.365520
vt 0.357132 0.359973
vt 0.354412 0.365520
vt 0.354412 0.359973
vt 0.351691 0.365520
vt 0.351691 0.359973
vt 0.348971 0.365520
vt 0.348971 0.359973
vt 0.403374 0.359973
vt 0.403374 0.365520
vt 0.400654 0.365520
vt 0.400654 0.359973
vt 0.397934 0.365520
vt 0.397934 0.359973
vt 0.395214 0.365520
vt 0.395214 0.359973
vt 0.392493 0.365520
vt 0.392493 0.359973
vt 0.357669 0.403777
vt 0.350474 0.404914
vt 0.352711 0.403775
vt 0.355190 0.403383
vt 0.359906 0.404917
vt 0.348699 0.406689
vt 0.361681 0.406692
vt 0.347560 0.408927
vt 0.362821 0.408929
vt 0.347167 0.411408
vt 0.363214 0.411408
vt 0.347561 0.413889
vt 0.362822 0.413889
vt 0.348701 0.416126
vt 0.361683 0.416126
vt 0.350476 0.417901
vt 0.359908 0.417901
vt 0.352713 0.419041
vt 0.357672 0.419041
vt 0.355192 0.419433
vt 0.547317 0.377037
vt 0.547317 0.354840
vt 0.556551 0.354840
vt 0.556551 0.377037
vt 0.565784 0.354840
vt 0.565784 0.377037
vt 0.575018 0.354840
vt 0.575018 0.377037
vt 0.584252 0.354840
vt 0.584252 0.377037
vt 0.593486 0.354840
vt 0.593486 0.377037
vt 0.408811 0.377037
vt 0.408811 0.354840
vt 0.418044 0.354840
vt 0.418044 0.377037
vt 0.427278 0.354840
vt 0.427278 0.377037
vt 0.436512 0.354840
vt 0.436512 0.377037
vt 0.445745 0.354840
vt 0.445745 0.377037
vt 0.454979 0.354840
vt 0.454979 0.377037
vt 0.464213 0.354840
vt 0.464213 0.377037
vt 0.473447 0.354840
vt 0.473447 0.377037
vt 0.482681 0.354840
vt 0.482681 0.377037
vt 0.491915 0.354840
vt 0.491915 0.377037
vt 0.501148 0.354840
vt 0.501148 0.377037
vt 0.510382 0.354840
vt 0.510382 0.377037
vt 0.519616 0.354840
vt 0.519616 0.377037
vt 0.528850 0.354840
vt 0.528850 0.377037
vt 0.538083 0.354840
vt 0.538083 0.377037
vt 0.342824 0.358048
vt 0.340026 0.340391
vt 0.342823 0.345880
vt 0.343787 0.351964
vt 0.340026 0.363536
vt 0.335671 0.336036
vt 0.335669 0.367892
vt 0.330181 0.333239
vt 0.330180 0.370688
vt 0.324094 0.332276
vt 0.324095 0.371653
vt 0.318009 0.333240
vt 0.318009 0.370690
vt 0.312522 0.336037
vt 0.312520 0.367893
vt 0.308166 0.340393
vt 0.308165 0.363538
vt 0.305369 0.345882
vt 0.305368 0.358050
vt 0.304405 0.351966
vt 0.323115 0.270709
vt 0.323115 0.272140
vt 0.303367 0.272140
vt 0.303367 0.270709
vt 0.342863 0.270709
vt 0.342863 0.272140
vt 0.362612 0.270709
vt 0.362612 0.272140
vt 0.382360 0.270709
vt 0.382360 0.272140
vt 0.402108 0.270709
vt 0.402108 0.272140
vt 0.026892 0.270709
vt 0.026892 0.272140
vt 0.007144 0.272140
vt 0.007144 0.270709
vt 0.046640 0.270709
vt 0.046640 0.272140
vt 0.066388 0.270709
vt 0.066388 0.272140
vt 0.086137 0.270709
vt 0.086137 0.272140
vt 0.105885 0.270709
vt 0.105885 0.272140
vt 0.125633 0.270709
vt 0.125633 0.272140
vt 0.145382 0.270709
vt 0.145382 0.272140
vt 0.165130 0.270709
vt 0.165130 0.272140
vt 0.184878 0.270709
vt 0.184878 0.272140
vt 0.204626 0.270709
vt 0.204626 0.272140
vt 0.224374 0.270709
vt 0.224374 0.272140
vt 0.244122 0.270709
vt 0.244122 0.272140
vt 0.263870 0.270709
vt 0.263870 0.272140
vt 0.283618 0.270709
vt 0.283618 0.272140
vt 0.383913 0.408603
vt 0.388115 0.418743
vt 0.383912 0.417003
vt 0.382172 0.412803
vt 0.388114 0.406863
vt 0.392318 0.417003
vt 0.392317 0.408602
vt 0.394058 0.412802
vt 0.332119 0.394739
vt 0.342265 0.390537
vt 0.340524 0.394739
vt 0.336322 0.396480
vt 0.330379 0.390537
vt 0.340524 0.386334
vt 0.332119 0.386334
vt 0.336321 0.384593
vt 0.377429 0.430936
vt 0.381631 0.441076
vt 0.377428 0.439336
vt 0.375688 0.435136
vt 0.381630 0.429196
vt 0.385834 0.439336
vt 0.385833 0.430935
vt 0.387574 0.435135
vt 0.355173 0.440846
vt 0.365319 0.436644
vt 0.363578 0.440846
vt 0.359376 0.442587
vt 0.353433 0.436644
vt 0.363578 0.432441
vt 0.355173 0.432441
vt 0.359375 0.430700
vt 0.386795 0.449667
vt 0.390997 0.459807
vt 0.386794 0.458067
vt 0.385054 0.453867
vt 0.390996 0.447927
vt 0.395200 0.458067
vt 0.395199 0.449666
vt 0.396940 0.453866
vt 0.363818 0.463179
vt 0.373964 0.458977
vt 0.372223 0.463179
vt 0.368021 0.464920
vt 0.362078 0.458977
vt 0.372223 0.454774
vt 0.363818 0.454774
vt 0.368020 0.453033
vt 0.744269 0.046402
vt 0.744269 0.040445
vt 0.768886 0.040445
vt 0.768886 0.046402
vt 0.793502 0.046402
vt 0.793502 0.040445
vt 0.818118 0.040445
vt 0.818118 0.046402
vt 0.842735 0.046402
vt 0.842735 0.040445
vt 0.867351 0.040445
vt 0.867351 0.046402
vt 0.891968 0.046402
vt 0.891968 0.040445
vt 0.916584 0.040445
vt 0.916584 0.046402
vt 0.941200 0.046402
vt 0.941200 0.040445
vt 0.965816 0.040445
vt 0.965816 0.046402
vt 0.005780 0.046402
vt 0.005780 0.040445
vt 0.030397 0.040445
vt 0.030397 0.046402
vt 0.055013 0.046402
vt 0.055013 0.040445
vt 0.079629 0.040445
vt 0.079629 0.046402
vt 0.104245 0.046402
vt 0.104245 0.040445
vt 0.128862 0.040445
vt 0.128862 0.046402
vt 0.153478 0.046402
vt 0.153478 0.040445
vt 0.178095 0.040445
vt 0.178095 0.046402
vt 0.202711 0.046402
vt 0.202711 0.040445
vt 0.227327 0.040445
vt 0.227327 0.046402
vt 0.251943 0.046402
vt 0.251943 0.040445
vt 0.276560 0.040445
vt 0.276560 0.046402
vt 0.301176 0.046402
vt 0.301176 0.040445
vt 0.325793 0.040445
vt 0.325793 0.046402
vt 0.350409 0.046402
vt 0.350409 0.040445
vt 0.375025 0.040445
vt 0.375025 0.046402
vt 0.399641 0.046402
vt 0.399641 0.040445
vt 0.424258 0.040445
vt 0.424258 0.046402
vt 0.448874 0.046402
vt 0.448874 0.040445
vt 0.473491 0.040445
vt 0.473491 0.046402
vt 0.498106 0.046402
vt 0.498106 0.040445
vt 0.522723 0.040445
vt 0.522723 0.046402
vt 0.547339 0.046402
vt 0.547339 0.040445
vt 0.571955 0.040445
vt 0.571955 0.046402
vt 0.596571 0.046402
vt 0.596571 0.040445
vt 0.621188 0.040445
vt 0.621188 0.046402
vt 0.645805 0.046402
vt 0.645805 0.040445
vt 0.670421 0.040445
vt 0.670421 0.046402
vt 0.695037 0.046402
vt 0.695037 0.040445
vt 0.719653 0.040445
vt 0.719653 0.046402
vt 0.768886 0.107125
vt 0.793502 0.107125
vt 0.793502 0.108593
vt 0.768886 0.108593
vt 0.818118 0.107125
vt 0.842735 0.107125
vt 0.842735 0.108593
vt 0.818118 0.108593
vt 0.867351 0.107125
vt 0.891968 0.107125
vt 0.891968 0.108593
vt 0.867351 0.108593
vt 0.916584 0.107125
vt 0.941200 0.107125
vt 0.941200 0.108593
vt 0.916584 0.108593
vt 0.965816 0.107125
vt 0.990433 0.107125
vt 0.990433 0.108593
vt 0.965816 0.108593
vt 0.030397 0.107125
vt 0.055013 0.107125
vt 0.055013 0.108593
vt 0.030397 0.108593
vt 0.079629 0.107125
vt 0.104245 0.107125
vt 0.104245 0.108593
vt 0.079629 0.108593
vt 0.128862 0.107125
vt 0.153478 0.107125
vt 0.153478 0.108593
vt 0.128862 0.108593
vt 0.178095 0.107125
vt 0.202711 0.107125
vt 0.202711 0.108593
vt 0.178095 0.108593
vt 0.227327 0.107125
vt 0.251943 0.107125
vt 0.251943 0.108593
vt 0.227327 0.108593
vt 0.276560 0.107125
vt 0.301176 0.107125
vt 0.301176 0.108593
vt 0.276560 0.108593
vt 0.325793 0.107125
vt 0.350409 0.107125
vt 0.350409 0.108593
vt 0.325793 0.108593
vt 0.375025 0.107125
vt 0.399641 0.107125
vt 0.399641 0.108593
vt 0.375025 0.108593
vt 0.424258 0.107125
vt 0.448874 0.107125
vt 0.448874 0.108593
vt 0.424258 0.108593
vt 0.473491 0.107125
vt 0.498106 0.107125
vt 0.498106 0.108593
vt 0.473491 0.108593
vt 0.522723 0.107125
vt 0.547339 0.107125
vt 0.547339 0.108593
vt 0.522723 0.108593
vt 0.571955 0.107125
vt 0.596571 0.107125
vt 0.596571 0.108593
vt 0.571955 0.108593
vt 0.621188 0.107125
vt 0.645805 0.107125
vt 0.645805 0.108593
vt 0.621188 0.108593
vt 0.670421 0.107125
vt 0.695037 0.107125
vt 0.695037 0.108593
vt 0.670421 0.108593
vt 0.719653 0.107125
vt 0.744269 0.107125
vt 0.744269 0.108593
vt 0.719653 0.108593
vt 0.990433 0.046402
vt 0.768886 0.110120
vt 0.793502 0.110120
vt 0.793502 0.133772
vt 0.768886 0.133772
vt 0.818118 0.110120
vt 0.842735 0.110120
vt 0.842735 0.133772
vt 0.818118 0.133772
vt 0.867351 0.110120
vt 0.891968 0.110120
vt 0.891968 0.133772
vt 0.867351 0.133772
vt 0.916584 0.110120
vt 0.941200 0.110120
vt 0.941200 0.133772
vt 0.916584 0.133772
vt 0.965816 0.110120
vt 0.990433 0.110120
vt 0.990433 0.133772
vt 0.965816 0.133772
vt 0.030397 0.110120
vt 0.055013 0.110120
vt 0.055013 0.133772
vt 0.030397 0.133772
vt 0.079629 0.110120
vt 0.104245 0.110120
vt 0.104245 0.133772
vt 0.079629 0.133772
vt 0.128862 0.110120
vt 0.153478 0.110120
vt 0.153478 0.133772
vt 0.128862 0.133772
vt 0.178095 0.110120
vt 0.202711 0.110120
vt 0.202711 0.133772
vt 0.178095 0.133772
vt 0.227327 0.110120
vt 0.251943 0.110120
vt 0.251943 0.133772
vt 0.227327 0.133772
vt 0.276560 0.110120
vt 0.301176 0.110120
vt 0.301176 0.133772
vt 0.276560 0.133772
vt 0.325793 0.110120
vt 0.350409 0.110120
vt 0.350409 0.133772
vt 0.325793 0.133772
vt 0.375025 0.110120
vt 0.399641 0.110120
vt 0.399641 0.133772
vt 0.375025 0.133772
vt 0.424258 0.110120
vt 0.448874 0.110120
vt 0.448874 0.133772
vt 0.424258 0.133772
vt 0.473491 0.110120
vt 0.498106 0.110120
vt 0.498106 0.133772
vt 0.473491 0.133772
vt 0.522723 0.110120
vt 0.547339 0.110120
vt 0.547339 0.133772
vt 0.522723 0.133772
vt 0.571955 0.110120
vt 0.596571 0.110120
vt 0.596571 0.133772
vt 0.571955 0.133772
vt 0.621188 0.110120
vt 0.645805 0.110120
vt 0.645805 0.133772
vt 0.621188 0.133772
vt 0.670421 0.110120
vt 0.695037 0.110120
vt 0.695037 0.133772
vt 0.670421 0.133772
vt 0.719653 0.110120
vt 0.744269 0.110120
vt 0.744269 0.133772
vt 0.719653 0.133772
vt 0.768886 0.133772
vt 0.793502 0.133772
vt 0.793502 0.147660
vt 0.768886 0.147660
vt 0.818118 0.133772
vt 0.842735 0.133772
vt 0.842735 0.147660
vt 0.818118 0.147660
vt 0.867351 0.133772
vt 0.891968 0.133772
vt 0.891968 0.147660
vt 0.867351 0.147660
vt 0.916584 0.133772
vt 0.941200 0.133772
vt 0.941200 0.147660
vt 0.916584 0.147660
vt 0.965816 0.133772
vt 0.990433 0.133772
vt 0.990433 0.147660
vt 0.965816 0.147660
vt 0.030397 0.133772
vt 0.055013 0.133772
vt 0.055013 0.147660
vt 0.030397 0.147660
vt 0.079629 0.133772
vt 0.104245 0.133772
vt 0.104245 0.147660
vt 0.079629 0.147660
vt 0.128862 0.133772
vt 0.153478 0.133772
vt 0.153478 0.147660
vt 0.128862 0.147660
vt 0.178095 0.133772
vt 0.202711 0.133772
vt 0.202711 0.147660
vt 0.178095 0.147660
vt 0.227327 0.133772
vt 0.251943 0.133772
vt 0.251943 0.147660
vt 0.227327 0.147660
vt 0.276560 0.133772
vt 0.301176 0.133772
vt 0.301176 0.147660
vt 0.276560 0.147660
vt 0.325793 0.133772
vt 0.350409 0.133772
vt 0.350409 0.147660
vt 0.325793 0.147660
vt 0.375025 0.133772
vt 0.399641 0.133772
vt 0.399641 0.147660
vt 0.375025 0.147660
vt 0.424258 0.133772
vt 0.448874 0.133772
vt 0.448874 0.147660
vt 0.424258 0.147660
vt 0.473491 0.133772
vt 0.498106 0.133772
vt 0.498106 0.147660
vt 0.473491 0.147660
vt 0.522723 0.133772
vt 0.547339 0.133772
vt 0.547339 0.147660
vt 0.522723 0.147660
vt 0.571955 0.133772
vt 0.596571 0.133772
vt 0.596571 0.147660
vt 0.571955 0.147660
vt 0.621188 0.133772
vt 0.645805 0.133772
vt 0.645805 0.147660
vt 0.621188 0.147660
vt 0.670421 0.133772
vt 0.695037 0.133772
vt 0.695037 0.147660
vt 0.670421 0.147660
vt 0.719653 0.133772
vt 0.744269 0.133772
vt 0.744269 0.147660
vt 0.719653 0.147660
vt 0.793502 0.030471
vt 0.793502 0.040445
vt 0.768886 0.040445
vt 0.768886 0.030471
vt 0.842735 0.030471
vt 0.842735 0.040445
vt 0.818118 0.040445
vt 0.818118 0.030471
vt 0.891968 0.030471
vt 0.891968 0.040445
vt 0.867351 0.040445
vt 0.867351 0.030471
vt 0.941200 0.030471
vt 0.941200 0.040445
vt 0.916584 0.040445
vt 0.916584 0.030471
vt 0.990433 0.030471
vt 0.990433 0.040445
vt 0.965816 0.040445
vt 0.965816 0.030471
vt 0.055013 0.030471
vt 0.055013 0.040445
vt 0.030397 0.040445
vt 0.030397 0.030471
vt 0.104245 0.030471
vt 0.104245 0.040445
vt 0.079629 0.040445
vt 0.079629 0.030471
vt 0.153478 0.030471
vt 0.153478 0.040445
vt 0.128862 0.040445
vt 0.128862 0.030471
vt 0.202711 0.030471
vt 0.202711 0.040445
vt 0.178095 0.040445
vt 0.178095 0.030471
vt 0.251943 0.030471
vt 0.251943 0.040445
vt 0.227327 0.040445
vt 0.227327 0.030471
vt 0.301176 0.030471
vt 0.301176 0.040445
vt 0.276560 0.040445
vt 0.276560 0.030471
vt 0.350409 0.030471
vt 0.350409 0.040445
vt 0.325793 0.040445
vt 0.325793 0.030471
vt 0.399641 0.030471
vt 0.399641 0.040445
vt 0.375025 0.040445
vt 0.375025 0.030471
vt 0.448874 0.030471
vt 0.448874 0.040445
vt 0.424258 0.040445
vt 0.424258 0.030471
vt 0.498106 0.030471
vt 0.498106 0.040445
vt 0.473491 0.040445
vt 0.473491 0.030471
vt 0.547339 0.030471
vt 0.547339 0.040445
vt 0.522723 0.040445
vt 0.522723 0.030471
vt 0.596571 0.030471
vt 0.596571 0.040445
vt 0.571955 0.040445
vt 0.571955 0.030471
vt 0.645805 0.030471
vt 0.645805 0.040445
vt 0.621188 0.040445
vt 0.621188 0.030471
vt 0.695037 0.030471
vt 0.695037 0.040445
vt 0.670421 0.040445
vt 0.670421 0.030471
vt 0.744269 0.030471
vt 0.744269 0.040445
vt 0.719653 0.040445
vt 0.719653 0.030471
vt 0.793502 0.026574
vt 0.793502 0.030471
vt 0.768886 0.030471
vt 0.768886 0.026574
vt 0.842735 0.026574
vt 0.842735 0.030471
vt 0.818118 0.030471
vt 0.818118 0.026574
vt 0.891968 0.026574
vt 0.891968 0.030471
vt 0.867351 0.030471
vt 0.867351 0.026574
vt 0.941200 0.026574
vt 0.941200 0.030471
vt 0.916584 0.030471
vt 0.916584 0.026574
vt 0.990433 0.026574
vt 0.990433 0.030471
vt 0.965816 0.030471
vt 0.965816 0.026574
vt 0.055013 0.026574
vt 0.055013 0.030471
vt 0.030397 0.030471
vt 0.030397 0.026574
vt 0.104245 0.026574
vt 0.104245 0.030471
vt 0.079629 0.030471
vt 0.079629 0.026574
vt 0.153478 0.026574
vt 0.153478 0.030471
vt 0.128862 0.030471
vt 0.128862 0.026574
vt 0.202711 0.026574
vt 0.202711 0.030471
vt 0.178095 0.030471
vt 0.178095 0.026574
vt 0.251943 0.026574
vt 0.251943 0.030471
vt 0.227327 0.030471
vt 0.227327 0.026574
vt 0.301176 0.026574
vt 0.301176 0.030471
vt 0.276560 0.030471
vt 0.276560 0.026574
vt 0.350409 0.026574
vt 0.350409 0.030471
vt 0.325793 0.030471
vt 0.325793 0.026574
vt 0.399641 0.026574
vt 0.399641 0.030471
vt 0.375025 0.030471
vt 0.375025 0.026574
vt 0.448874 0.026574
vt 0.448874 0.030471
vt 0.424258 0.030471
vt 0.424258 0.026574
vt 0.498106 0.026574
vt 0.498106 0.030471
vt 0.473491 0.030471
vt 0.473491 0.026574
vt 0.547339 0.026574
vt 0.547339 0.030471
vt 0.522723 0.030471
vt 0.522723 0.026574
vt 0.596571 0.026574
vt 0.596571 0.030471
vt 0.571955 0.030471
vt 0.571955 0.026574
vt 0.645805 0.026574
vt 0.645805 0.030471
vt 0.621188 0.030471
vt 0.621188 0.026574
vt 0.695037 0.026574
vt 0.695037 0.030471
vt 0.670421 0.030471
vt 0.670421 0.026574
vt 0.744269 0.026574
vt 0.744269 0.030471
vt 0.719653 0.030471
vt 0.719653 0.026574
vt 0.793502 0.005780
vt 0.793502 0.014836
vt 0.768886 0.014836
vt 0.768886 0.005780
vt 0.842735 0.005780
vt 0.842735 0.014836
vt 0.818118 0.014836
vt 0.818118 0.005780
vt 0.891968 0.005780
vt 0.891968 0.014836
vt 0.867351 0.014836
vt 0.867351 0.005780
vt 0.941200 0.005780
vt 0.941200 0.014836
vt 0.916584 0.014836
vt 0.916584 0.005780
vt 0.990433 0.005780
vt 0.990433 0.014836
vt 0.965816 0.014836
vt 0.965816 0.005780
vt 0.055013 0.005780
vt 0.055013 0.014836
vt 0.030397 0.014836
vt 0.030397 0.005780
vt 0.104245 0.005780
vt 0.104245 0.014836
vt 0.079629 0.014836
vt 0.079629 0.005780
vt 0.153478 0.005780
vt 0.153478 0.014836
vt 0.128862 0.014836
vt 0.128862 0.005780
vt 0.202711 0.005780
vt 0.202711 0.014836
vt 0.178095 0.014836
vt 0.178095 0.005780
vt 0.251943 0.005780
vt 0.251943 0.014836
vt 0.227327 0.014836
vt 0.227327 0.005780
vt 0.301176 0.005780
vt 0.301176 0.014836
vt 0.276560 0.014836
vt 0.276560 0.005780
vt 0.350409 0.005780
vt 0.350409 0.014836
vt 0.325793 0.014836
vt 0.325793 0.005780
vt 0.399641 0.005780
vt 0.399641 0.014836
vt 0.375025 0.014836
vt 0.375025 0.005780
vt 0.448874 0.005780
vt 0.448874 0.014836
vt 0.424258 0.014836
vt 0.424258 0.005780
vt 0.498106 0.005780
vt 0.498106 0.014836
vt 0.473491 0.014836
vt 0.473491 0.005780
vt 0.547339 0.005780
vt 0.547339 0.014836
vt 0.522723 0.014836
vt 0.522723 0.005780
vt 0.596571 0.005780
vt 0.596571 0.014836
vt 0.571955 0.014836
vt 0.571955 0.005780
vt 0.645805 0.005780
vt 0.645805 0.014836
vt 0.621188 0.014836
vt 0.621188 0.005780
vt 0.695037 0.005780
vt 0.695037 0.014836
vt 0.670421 0.014836
vt 0.670421 0.005780
vt 0.744269 0.005780
vt 0.744269 0.014836
vt 0.719653 0.014836
vt 0.719653 0.005780
vt 0.744269 0.022812
vt 0.768886 0.022812
vt 0.793502 0.022812
vt 0.818118 0.022812
vt 0.842735 0.022812
vt 0.867351 0.022812
vt 0.891968 0.022812
vt 0.916584 0.022812
vt 0.941200 0.022812
vt 0.965816 0.022812
vt 0.005780 0.026574
vt 0.005780 0.022812
vt 0.030397 0.022812
vt 0.055013 0.022812
vt 0.079629 0.022812
vt 0.104245 0.022812
vt 0.128862 0.022812
vt 0.153478 0.022812
vt 0.178095 0.022812
vt 0.202711 0.022812
vt 0.227327 0.022812
vt 0.251943 0.022812
vt 0.276560 0.022812
vt 0.301176 0.022812
vt 0.325793 0.022812
vt 0.350409 0.022812
vt 0.375025 0.022812
vt 0.399641 0.022812
vt 0.424258 0.022812
vt 0.448874 0.022812
vt 0.473491 0.022812
vt 0.498106 0.022812
vt 0.522723 0.022812
vt 0.547339 0.022812
vt 0.571955 0.022812
vt 0.596571 0.022812
vt 0.621188 0.022812
vt 0.645805 0.022812
vt 0.670421 0.022812
vt 0.695037 0.022812
vt 0.719653 0.022812
vt 0.768886 0.018887
vt 0.744269 0.018887
vt 0.818118 0.018887
vt 0.793502 0.018887
vt 0.867351 0.018887
vt 0.842735 0.018887
vt 0.916584 0.018887
vt 0.891968 0.018887
vt 0.965816 0.018887
vt 0.941200 0.018887
vt 0.030397 0.018887
vt 0.005780 0.018887
vt 0.005780 0.014836
vt 0.079629 0.018887
vt 0.055013 0.018887
vt 0.128862 0.018887
vt 0.104245 0.018887
vt 0.178095 0.018887
vt 0.153478 0.018887
vt 0.227327 0.018887
vt 0.202711 0.018887
vt 0.276560 0.018887
vt 0.251943 0.018887
vt 0.325793 0.018887
vt 0.301176 0.018887
vt 0.375025 0.018887
vt 0.350409 0.018887
vt 0.424258 0.018887
vt 0.399641 0.018887
vt 0.473491 0.018887
vt 0.448874 0.018887
vt 0.522723 0.018887
vt 0.498106 0.018887
vt 0.571955 0.018887
vt 0.547339 0.018887
vt 0.621188 0.018887
vt 0.596571 0.018887
vt 0.670421 0.018887
vt 0.645805 0.018887
vt 0.719653 0.018887
vt 0.695037 0.018887
vt 0.247162 0.661594
vt 0.250798 0.670539
vt 0.224949 0.679503
vt 0.222749 0.670096
vt 0.291150 0.635009
vt 0.297376 0.642390
vt 0.275578 0.658927
vt 0.270583 0.650659
vt 0.324740 0.596130
vt 0.332947 0.601220
vt 0.317342 0.623689
vt 0.310033 0.617371
vt 0.344628 0.548764
vt 0.354008 0.551061
vt 0.346134 0.577256
vt 0.337227 0.573515
vt 0.348877 0.497570
vt 0.358507 0.496853
vt 0.359124 0.524193
vt 0.349497 0.523394
vt 0.337091 0.447581
vt 0.346027 0.443920
vt 0.355067 0.469725
vt 0.345664 0.471942
vt 0.310420 0.403700
vt 0.317783 0.397451
vt 0.334365 0.419190
vt 0.326109 0.424209
vt 0.271475 0.370218
vt 0.276546 0.362002
vt 0.299039 0.377547
vt 0.292744 0.384873
vt 0.224078 0.350399
vt 0.226361 0.341017
vt 0.252564 0.348857
vt 0.248841 0.357770
vt 0.172854 0.346176
vt 0.172137 0.336547
vt 0.199486 0.335923
vt 0.198695 0.345550
vt 0.122790 0.357888
vt 0.119150 0.348945
vt 0.144997 0.339972
vt 0.147200 0.349379
vt 0.078811 0.384486
vt 0.072583 0.377106
vt 0.094375 0.360565
vt 0.099372 0.368830
vt 0.045228 0.423367
vt 0.037022 0.418275
vt 0.052624 0.395811
vt 0.059933 0.402128
vt 0.025335 0.470720
vt 0.015955 0.468421
vt 0.023831 0.442232
vt 0.032738 0.445975
vt 0.021083 0.521904
vt 0.011453 0.522621
vt 0.010837 0.495284
vt 0.020464 0.496084
vt 0.032868 0.571888
vt 0.023932 0.575549
vt 0.014892 0.549746
vt 0.024296 0.547529
vt 0.059538 0.615765
vt 0.052173 0.622013
vt 0.035593 0.600277
vt 0.043848 0.595258
vt 0.098478 0.649237
vt 0.093408 0.657455
vt 0.070915 0.641914
vt 0.077211 0.634587
vt 0.145873 0.669050
vt 0.143588 0.678431
vt 0.117388 0.670594
vt 0.121111 0.661680
vt 0.197094 0.673288
vt 0.197808 0.682917
vt 0.170460 0.683532
vt 0.171253 0.673905
vt 0.990433 0.040445
vt 0.005780 0.108593
vt 0.005780 0.107125
vt 0.005780 0.133772
vt 0.005780 0.110120
vt 0.005780 0.147660
vt 0.005780 0.133772
vt 0.005780 0.040445
vt 0.005780 0.030471
vt 0.005780 0.030471
vt 0.005780 0.005780
vt 0.990433 0.022812
vt 0.990433 0.018887
vt 0.705101 0.275363
vt 0.705101 0.264627
vt 0.712139 0.264627
vt 0.712139 0.275363
vt 0.719177 0.264627
vt 0.719177 0.275363
vt 0.726216 0.264627
vt 0.726216 0.275363
vt 0.733255 0.264627
vt 0.733255 0.275363
vt 0.740293 0.264627
vt 0.740293 0.275363
vt 0.599522 0.275363
vt 0.599522 0.264627
vt 0.606561 0.264627
vt 0.606561 0.275363
vt 0.613600 0.264627
vt 0.613600 0.275363
vt 0.620638 0.264627
vt 0.620638 0.275363
vt 0.627677 0.264627
vt 0.627677 0.275363
vt 0.634715 0.264627
vt 0.634715 0.275363
vt 0.641754 0.264627
vt 0.641754 0.275363
vt 0.648793 0.264627
vt 0.648793 0.275363
vt 0.655831 0.264627
vt 0.655831 0.275363
vt 0.662870 0.264627
vt 0.662870 0.275363
vt 0.669908 0.264627
vt 0.669908 0.275363
vt 0.676946 0.264627
vt 0.676946 0.275363
vt 0.683985 0.264627
vt 0.683985 0.275363
vt 0.691023 0.264627
vt 0.691023 0.275363
vt 0.698062 0.264627
vt 0.698062 0.275363
vt 0.705101 0.281930
vt 0.705101 0.275363
vt 0.712139 0.275363
vt 0.712139 0.281930
vt 0.719177 0.275363
vt 0.719177 0.281930
vt 0.726216 0.275363
vt 0.726216 0.281930
vt 0.733255 0.275363
vt 0.733255 0.281930
vt 0.740293 0.275363
vt 0.740293 0.281930
vt 0.599522 0.281930
vt 0.599522 0.275363
vt 0.606561 0.275363
vt 0.606561 0.281930
vt 0.613600 0.275363
vt 0.613600 0.281930
vt 0.620638 0.275363
vt 0.620638 0.281930
vt 0.627677 0.275363
vt 0.627677 0.281930
vt 0.634715 0.275363
vt 0.634715 0.281930
vt 0.641754 0.275363
vt 0.641754 0.281930
vt 0.648793 0.275363
vt 0.648793 0.281930
vt 0.655831 0.275363
vt 0.655831 0.281930
vt 0.662870 0.275363
vt 0.662870 0.281930
vt 0.669908 0.275363
vt 0.669908 0.281930
vt 0.676946 0.275363
vt 0.676946 0.281930
vt 0.683985 0.275363
vt 0.683985 0.281930
vt 0.691023 0.275363
vt 0.691023 0.281930
vt 0.698062 0.275363
vt 0.698062 0.281930
vt 0.705101 0.288450
vt 0.712139 0.288450
vt 0.712139 0.299190
vt 0.705101 0.299190
vt 0.719177 0.288450
vt 0.719177 0.299190
vt 0.726216 0.288450
vt 0.726216 0.299190
vt 0.733255 0.288450
vt 0.733255 0.299190
vt 0.740293 0.288450
vt 0.740293 0.299190
vt 0.599522 0.288450
vt 0.606561 0.288450
vt 0.606561 0.299190
vt 0.599522 0.299190
vt 0.613600 0.288450
vt 0.613600 0.299190
vt 0.620638 0.288450
vt 0.620638 0.299190
vt 0.627677 0.288450
vt 0.627677 0.299190
vt 0.634715 0.288450
vt 0.634715 0.299190
vt 0.641754 0.288450
vt 0.641754 0.299190
vt 0.648793 0.288450
vt 0.648793 0.299190
vt 0.655831 0.288450
vt 0.655831 0.299190
vt 0.662870 0.288450
vt 0.662870 0.299190
vt 0.669908 0.288450
vt 0.669908 0.299190
vt 0.676946 0.288450
vt 0.676946 0.299190
vt 0.683985 0.288450
vt 0.683985 0.299190
vt 0.691023 0.288450
vt 0.691023 0.299190
vt 0.698062 0.288450
vt 0.698062 0.299190
vt 0.705101 0.283045
vt 0.705101 0.281930
vt 0.712139 0.281930
vt 0.712139 0.283045
vt 0.719177 0.281930
vt 0.719177 0.283045
vt 0.726216 0.281930
vt 0.726216 0.283045
vt 0.733255 0.281930
vt 0.733255 0.283045
vt 0.740293 0.281930
vt 0.740293 0.283045
vt 0.599522 0.283045
vt 0.599522 0.281930
vt 0.606561 0.281930
vt 0.606561 0.283045
vt 0.613600 0.281930
vt 0.613600 0.283045
vt 0.620638 0.281930
vt 0.620638 0.283045
vt 0.627677 0.281930
vt 0.627677 0.283045
vt 0.634715 0.281930
vt 0.634715 0.283045
vt 0.641754 0.281930
vt 0.641754 0.283045
vt 0.648793 0.281930
vt 0.648793 0.283045
vt 0.655831 0.281930
vt 0.655831 0.283045
vt 0.662870 0.281930
vt 0.662870 0.283045
vt 0.669908 0.281930
vt 0.669908 0.283045
vt 0.676946 0.281930
vt 0.676946 0.283045
vt 0.683985 0.281930
vt 0.683985 0.283045
vt 0.691023 0.281930
vt 0.691023 0.283045
vt 0.698062 0.281930
vt 0.698062 0.283045
vt 0.065334 0.367399
vt 0.064279 0.367053
vt 0.065452 0.359683
vt 0.066562 0.359684
vt 0.064283 0.352313
vt 0.065339 0.351968
vt 0.060888 0.345667
vt 0.061785 0.345012
vt 0.055600 0.340399
vt 0.056248 0.339498
vt 0.048936 0.337023
vt 0.049274 0.335967
vt 0.041549 0.335868
vt 0.041548 0.334760
vt 0.034164 0.337040
vt 0.033823 0.335985
vt 0.027497 0.340423
vt 0.026849 0.339522
vt 0.022203 0.345693
vt 0.021308 0.345037
vt 0.018802 0.352338
vt 0.017747 0.351992
vt 0.017628 0.359708
vt 0.016517 0.359708
vt 0.018797 0.367079
vt 0.017741 0.367423
vt 0.022193 0.373724
vt 0.021297 0.374379
vt 0.027482 0.378993
vt 0.026834 0.379893
vt 0.034147 0.382368
vt 0.033809 0.383425
vt 0.041533 0.383523
vt 0.041535 0.384632
vt 0.048918 0.382352
vt 0.049259 0.383406
vt 0.055585 0.378970
vt 0.056234 0.379869
vt 0.060879 0.373699
vt 0.061774 0.374354
vt 0.712139 0.304596
vt 0.705101 0.304596
vt 0.705101 0.283045
vt 0.712139 0.283045
vt 0.719177 0.304596
vt 0.719177 0.283045
vt 0.726216 0.304596
vt 0.726216 0.283045
vt 0.733255 0.304596
vt 0.733255 0.283045
vt 0.740293 0.304596
vt 0.740293 0.283045
vt 0.606561 0.304596
vt 0.599522 0.304596
vt 0.599522 0.283045
vt 0.606561 0.283045
vt 0.613600 0.304596
vt 0.613600 0.283045
vt 0.620638 0.304596
vt 0.620638 0.283045
vt 0.627677 0.304596
vt 0.627677 0.283045
vt 0.634715 0.304596
vt 0.634715 0.283045
vt 0.641754 0.304596
vt 0.641754 0.283045
vt 0.648793 0.304596
vt 0.648793 0.283045
vt 0.655831 0.304596
vt 0.655831 0.283045
vt 0.662870 0.304596
vt 0.662870 0.283045
vt 0.669908 0.304596
vt 0.669908 0.283045
vt 0.676946 0.304596
vt 0.676946 0.283045
vt 0.683985 0.304596
vt 0.683985 0.283045
vt 0.691023 0.304596
vt 0.691023 0.283045
vt 0.698062 0.304596
vt 0.698062 0.283045
vt 0.389773 0.373945
vt 0.389773 0.393890
vt 0.387053 0.393890
vt 0.387053 0.373945
vt 0.384333 0.393890
vt 0.384333 0.373945
vt 0.381613 0.393890
vt 0.381613 0.373945
vt 0.378893 0.393890
vt 0.378893 0.373945
vt 0.376173 0.393890
vt 0.376173 0.373945
vt 0.373453 0.393890
vt 0.373453 0.373945
vt 0.370733 0.393890
vt 0.370733 0.373945
vt 0.368012 0.393890
vt 0.368012 0.373945
vt 0.365293 0.393890
vt 0.365293 0.373945
vt 0.362572 0.393890
vt 0.362572 0.373945
vt 0.359852 0.393890
vt 0.359852 0.373945
vt 0.357132 0.393890
vt 0.357132 0.373945
vt 0.354412 0.393890
vt 0.354412 0.373945
vt 0.351691 0.393890
vt 0.351691 0.373945
vt 0.348971 0.393890
vt 0.348971 0.373945
vt 0.403374 0.373945
vt 0.403374 0.393890
vt 0.400654 0.393890
vt 0.400654 0.373945
vt 0.397934 0.393890
vt 0.397934 0.373945
vt 0.395214 0.393890
vt 0.395214 0.373945
vt 0.392493 0.393890
vt 0.392493 0.373945
vt 0.389773 0.369777
vt 0.389773 0.373945
vt 0.387053 0.373945
vt 0.387053 0.369777
vt 0.384333 0.373945
vt 0.384333 0.369777
vt 0.381613 0.373945
vt 0.381613 0.369777
vt 0.378893 0.373945
vt 0.378893 0.369777
vt 0.376173 0.373945
vt 0.376173 0.369777
vt 0.373453 0.373945
vt 0.373453 0.369777
vt 0.370733 0.373945
vt 0.370733 0.369777
vt 0.368012 0.373945
vt 0.368012 0.369777
vt 0.365293 0.373945
vt 0.365293 0.369777
vt 0.362572 0.373945
vt 0.362572 0.369777
vt 0.359852 0.373945
vt 0.359852 0.369777
vt 0.357132 0.373945
vt 0.357132 0.369777
vt 0.354412 0.373945
vt 0.354412 0.369777
vt 0.351691 0.373945
vt 0.351691 0.369777
vt 0.348971 0.373945
vt 0.348971 0.369777
vt 0.403374 0.369777
vt 0.403374 0.373945
vt 0.400654 0.373945
vt 0.400654 0.369777
vt 0.397934 0.373945
vt 0.397934 0.369777
vt 0.395214 0.373945
vt 0.395214 0.369777
vt 0.392493 0.373945
vt 0.392493 0.369777
vt 0.389773 0.367693
vt 0.387053 0.367693
vt 0.384333 0.367693
vt 0.381613 0.367693
vt 0.378893 0.367693
vt 0.376173 0.367693
vt 0.373453 0.367693
vt 0.370733 0.367693
vt 0.368012 0.367693
vt 0.365293 0.367693
vt 0.362572 0.367693
vt 0.359852 0.367693
vt 0.357132 0.367693
vt 0.354412 0.367693
vt 0.351691 0.367693
vt 0.348971 0.367693
vt 0.403374 0.367693
vt 0.400654 0.367693
vt 0.397934 0.367693
vt 0.395214 0.367693
vt 0.392493 0.367693
vt 0.389773 0.357637
vt 0.389773 0.359973
vt 0.387053 0.359973
vt 0.387053 0.357637
vt 0.384333 0.359973
vt 0.384333 0.357637
vt 0.381613 0.359973
vt 0.381613 0.357637
vt 0.378893 0.359973
vt 0.378893 0.357637
vt 0.376173 0.359973
vt 0.376173 0.357637
vt 0.373453 0.359973
vt 0.373453 0.357637
vt 0.370733 0.359973
vt 0.370733 0.357637
vt 0.368012 0.359973
vt 0.368012 0.357637
vt 0.365293 0.359973
vt 0.365293 0.357637
vt 0.362572 0.359973
vt 0.362572 0.357637
vt 0.359852 0.359973
vt 0.359852 0.357637
vt 0.357132 0.359973
vt 0.357132 0.357637
vt 0.354412 0.359973
vt 0.354412 0.357637
vt 0.351691 0.359973
vt 0.351691 0.357637
vt 0.348971 0.359973
vt 0.348971 0.357637
vt 0.403374 0.357637
vt 0.403374 0.359973
vt 0.400654 0.359973
vt 0.400654 0.357637
vt 0.397934 0.359973
vt 0.397934 0.357637
vt 0.395214 0.359973
vt 0.395214 0.357637
vt 0.392493 0.359973
vt 0.392493 0.357637
vt 0.389773 0.334221
vt 0.387053 0.334221
vt 0.387053 0.333147
vt 0.389773 0.333147
vt 0.384333 0.334221
vt 0.384333 0.333147
vt 0.381613 0.334221
vt 0.381613 0.333147
vt 0.378893 0.334221
vt 0.378893 0.333147
vt 0.376173 0.334221
vt 0.376173 0.333147
vt 0.373453 0.334221
vt 0.373453 0.333147
vt 0.370733 0.334221
vt 0.370733 0.333147
vt 0.368012 0.334221
vt 0.368012 0.333147
vt 0.365293 0.334221
vt 0.365293 0.333147
vt 0.362572 0.334221
vt 0.362572 0.333147
vt 0.359852 0.334221
vt 0.359852 0.333147
vt 0.357132 0.334221
vt 0.357132 0.333147
vt 0.354412 0.334221
vt 0.354412 0.333147
vt 0.351691 0.334221
vt 0.351691 0.333147
vt 0.348971 0.334221
vt 0.348971 0.333147
vt 0.403374 0.334221
vt 0.400654 0.334221
vt 0.400654 0.333147
vt 0.403374 0.333147
vt 0.397934 0.334221
vt 0.397934 0.333147
vt 0.395214 0.334221
vt 0.395214 0.333147
vt 0.392493 0.334221
vt 0.392493 0.333147
vt 0.389773 0.357637
vt 0.387053 0.357637
vt 0.387053 0.354768
vt 0.389773 0.354768
vt 0.384333 0.357637
vt 0.384333 0.354768
vt 0.381613 0.357637
vt 0.381613 0.354768
vt 0.378893 0.357637
vt 0.378893 0.354768
vt 0.376173 0.357637
vt 0.376173 0.354768
vt 0.373453 0.357637
vt 0.373453 0.354768
vt 0.370733 0.357637
vt 0.370733 0.354768
vt 0.368012 0.357637
vt 0.368012 0.354768
vt 0.365293 0.357637
vt 0.365293 0.354768
vt 0.362572 0.357637
vt 0.362572 0.354768
vt 0.359852 0.357637
vt 0.359852 0.354768
vt 0.357132 0.357637
vt 0.357132 0.354768
vt 0.354412 0.357637
vt 0.354412 0.354768
vt 0.351691 0.357637
vt 0.351691 0.354768
vt 0.348971 0.357637
vt 0.348971 0.354768
vt 0.403374 0.357637
vt 0.400654 0.357637
vt 0.400654 0.354768
vt 0.403374 0.354768
vt 0.397934 0.357637
vt 0.397934 0.354768
vt 0.395214 0.357637
vt 0.395214 0.354768
vt 0.392493 0.357637
vt 0.392493 0.354768
vt 0.389773 0.344426
vt 0.387053 0.344426
vt 0.387053 0.341424
vt 0.389773 0.341424
vt 0.384333 0.344426
vt 0.384333 0.341424
vt 0.381613 0.344426
vt 0.381613 0.341424
vt 0.378893 0.344426
vt 0.378893 0.341424
vt 0.376173 0.344426
vt 0.376173 0.341424
vt 0.373453 0.344426
vt 0.373453 0.341424
vt 0.370733 0.344426
vt 0.370733 0.341424
vt 0.368012 0.344426
vt 0.368012 0.341424
vt 0.365293 0.344426
vt 0.365293 0.341424
vt 0.362572 0.344426
vt 0.362572 0.341424
vt 0.359852 0.344426
vt 0.359852 0.341424
vt 0.357132 0.344426
vt 0.357132 0.341424
vt 0.354412 0.344426
vt 0.354412 0.341424
vt 0.351691 0.344426
vt 0.351691 0.341424
vt 0.348971 0.344426
vt 0.348971 0.341424
vt 0.403374 0.344426
vt 0.400654 0.344426
vt 0.400654 0.341424
vt 0.403374 0.341424
vt 0.397934 0.344426
vt 0.397934 0.341424
vt 0.395214 0.344426
vt 0.395214 0.341424
vt 0.392493 0.344426
vt 0.392493 0.341424
vt 0.389773 0.338743
vt 0.387053 0.338743
vt 0.387053 0.334221
vt 0.389773 0.334221
vt 0.384333 0.338743
vt 0.384333 0.334221
vt 0.381613 0.338743
vt 0.381613 0.334221
vt 0.378893 0.338743
vt 0.378893 0.334221
vt 0.376173 0.338743
vt 0.376173 0.334221
vt 0.373453 0.338743
vt 0.373453 0.334221
vt 0.370733 0.338743
vt 0.370733 0.334221
vt 0.368012 0.338743
vt 0.368012 0.334221
vt 0.365293 0.338743
vt 0.365293 0.334221
vt 0.362572 0.338743
vt 0.362572 0.334221
vt 0.359852 0.338743
vt 0.359852 0.334221
vt 0.357132 0.338743
vt 0.357132 0.334221
vt 0.354412 0.338743
vt 0.354412 0.334221
vt 0.351691 0.338743
vt 0.351691 0.334221
vt 0.348971 0.338743
vt 0.348971 0.334221
vt 0.403374 0.338743
vt 0.400654 0.338743
vt 0.400654 0.334221
vt 0.403374 0.334221
vt 0.397934 0.338743
vt 0.397934 0.334221
vt 0.395214 0.338743
vt 0.395214 0.334221
vt 0.392493 0.338743
vt 0.392493 0.334221
vt 0.389773 0.352042
vt 0.387053 0.352042
vt 0.387053 0.348419
vt 0.389773 0.348419
vt 0.384333 0.352042
vt 0.384333 0.348419
vt 0.381613 0.352042
vt 0.381613 0.348419
vt 0.378893 0.352042
vt 0.378893 0.348419
vt 0.376173 0.352042
vt 0.376173 0.348419
vt 0.373453 0.352042
vt 0.373453 0.348419
vt 0.370733 0.352042
vt 0.370733 0.348419
vt 0.368012 0.352042
vt 0.368012 0.348419
vt 0.365293 0.352042
vt 0.365293 0.348419
vt 0.362572 0.352042
vt 0.362572 0.348419
vt 0.359852 0.352042
vt 0.359852 0.348419
vt 0.357132 0.352042
vt 0.357132 0.348419
vt 0.354412 0.352042
vt 0.354412 0.348419
vt 0.351691 0.352042
vt 0.351691 0.348419
vt 0.348971 0.352042
vt 0.348971 0.348419
vt 0.403374 0.352042
vt 0.400654 0.352042
vt 0.400654 0.348419
vt 0.403374 0.348419
vt 0.397934 0.352042
vt 0.397934 0.348419
vt 0.395214 0.352042
vt 0.395214 0.348419
vt 0.392493 0.352042
vt 0.392493 0.348419
vt 0.387053 0.338743
vt 0.389773 0.338743
vt 0.384333 0.338743
vt 0.381613 0.338743
vt 0.378893 0.338743
vt 0.376173 0.338743
vt 0.373453 0.338743
vt 0.370733 0.338743
vt 0.368012 0.338743
vt 0.365293 0.338743
vt 0.362572 0.338743
vt 0.359852 0.338743
vt 0.357132 0.338743
vt 0.354412 0.338743
vt 0.351691 0.338743
vt 0.348971 0.338743
vt 0.400654 0.338743
vt 0.403374 0.338743
vt 0.397934 0.338743
vt 0.395214 0.338743
vt 0.392493 0.338743
vt 0.387053 0.352042
vt 0.389773 0.352042
vt 0.384333 0.352042
vt 0.381613 0.352042
vt 0.378893 0.352042
vt 0.376173 0.352042
vt 0.373453 0.352042
vt 0.370733 0.352042
vt 0.368012 0.352042
vt 0.365293 0.352042
vt 0.362572 0.352042
vt 0.359852 0.352042
vt 0.357132 0.352042
vt 0.354412 0.352042
vt 0.351691 0.352042
vt 0.348971 0.352042
vt 0.400654 0.352042
vt 0.403374 0.352042
vt 0.397934 0.352042
vt 0.395214 0.352042
vt 0.392493 0.352042
vt 0.387053 0.365520
vt 0.389773 0.365520
vt 0.384333 0.365520
vt 0.381613 0.365520
vt 0.378893 0.365520
vt 0.376173 0.365520
vt 0.373453 0.365520
vt 0.370733 0.365520
vt 0.368012 0.365520
vt 0.365293 0.365520
vt 0.362572 0.365520
vt 0.359852 0.365520
vt 0.357132 0.365520
vt 0.354412 0.365520
vt 0.351691 0.365520
vt 0.348971 0.365520
vt 0.400654 0.365520
vt 0.403374 0.365520
vt 0.397934 0.365520
vt 0.395214 0.365520
vt 0.392493 0.365520
vt 0.547317 0.267973
vt 0.547317 0.261390
vt 0.556551 0.261390
vt 0.556551 0.267973
vt 0.565784 0.261390
vt 0.565784 0.267973
vt 0.575018 0.261390
vt 0.575018 0.267973
vt 0.584252 0.261390
vt 0.584252 0.267973
vt 0.593486 0.261390
vt 0.593486 0.267973
vt 0.408811 0.267973
vt 0.408811 0.261390
vt 0.418044 0.261390
vt 0.418044 0.267973
vt 0.427278 0.261390
vt 0.427278 0.267973
vt 0.436512 0.261390
vt 0.436512 0.267973
vt 0.445745 0.261390
vt 0.445745 0.267973
vt 0.454979 0.261390
vt 0.454979 0.267973
vt 0.464213 0.261390
vt 0.464213 0.267973
vt 0.473447 0.261390
vt 0.473447 0.267973
vt 0.482681 0.261390
vt 0.482681 0.267973
vt 0.491915 0.261390
vt 0.491915 0.267973
vt 0.501148 0.261390
vt 0.501148 0.267973
vt 0.510382 0.261390
vt 0.510382 0.267973
vt 0.519616 0.261390
vt 0.519616 0.267973
vt 0.528850 0.261390
vt 0.528850 0.267973
vt 0.538083 0.261390
vt 0.538083 0.267973
vt 0.547317 0.278210
vt 0.556551 0.278210
vt 0.556551 0.284617
vt 0.547317 0.284617
vt 0.565784 0.278210
vt 0.565784 0.284617
vt 0.575018 0.278210
vt 0.575018 0.284617
vt 0.584252 0.278210
vt 0.584252 0.284617
vt 0.593486 0.278210
vt 0.593486 0.284617
vt 0.408811 0.278210
vt 0.418044 0.278210
vt 0.418044 0.284617
vt 0.408811 0.284617
vt 0.427278 0.278210
vt 0.427278 0.284617
vt 0.436512 0.278210
vt 0.436512 0.284617
vt 0.445745 0.278210
vt 0.445745 0.284617
vt 0.454979 0.278210
vt 0.454979 0.284617
vt 0.464213 0.278210
vt 0.464213 0.284617
vt 0.473447 0.278210
vt 0.473447 0.284617
vt 0.482681 0.278210
vt 0.482681 0.284617
vt 0.491915 0.278210
vt 0.491915 0.284617
vt 0.501148 0.278210
vt 0.501148 0.284617
vt 0.510382 0.278210
vt 0.510382 0.284617
vt 0.519616 0.278210
vt 0.519616 0.284617
vt 0.528850 0.278210
vt 0.528850 0.284617
vt 0.538083 0.278210
vt 0.538083 0.284617
vt 0.547317 0.296415
vt 0.556551 0.296415
vt 0.556551 0.310684
vt 0.547317 0.310684
vt 0.565784 0.296415
vt 0.565784 0.310684
vt 0.575018 0.296415
vt 0.575018 0.310684
vt 0.584252 0.296415
vt 0.584252 0.310684
vt 0.593486 0.296415
vt 0.593486 0.310684
vt 0.408811 0.296415
vt 0.418044 0.296415
vt 0.418044 0.310684
vt 0.408811 0.310684
vt 0.427278 0.296415
vt 0.427278 0.310684
vt 0.436512 0.296415
vt 0.436512 0.310684
vt 0.445745 0.296415
vt 0.445745 0.310684
vt 0.454979 0.296415
vt 0.454979 0.310684
vt 0.464213 0.296415
vt 0.464213 0.310684
vt 0.473447 0.296415
vt 0.473447 0.310684
vt 0.482681 0.296415
vt 0.482681 0.310684
vt 0.491915 0.296415
vt 0.491915 0.310684
vt 0.501148 0.296415
vt 0.501148 0.310684
vt 0.510382 0.296415
vt 0.510382 0.310684
vt 0.519616 0.296415
vt 0.519616 0.310684
vt 0.528850 0.296415
vt 0.528850 0.310684
vt 0.538083 0.296415
vt 0.538083 0.310684
vt 0.556551 0.272284
vt 0.547317 0.272284
vt 0.565784 0.272284
vt 0.575018 0.272284
vt 0.584252 0.272284
vt 0.593486 0.272284
vt 0.418044 0.272284
vt 0.408811 0.272284
vt 0.427278 0.272284
vt 0.436512 0.272284
vt 0.445745 0.272284
vt 0.454979 0.272284
vt 0.464213 0.272284
vt 0.473447 0.272284
vt 0.482681 0.272284
vt 0.491915 0.272284
vt 0.501148 0.272284
vt 0.510382 0.272284
vt 0.519616 0.272284
vt 0.528850 0.272284
vt 0.538083 0.272284
vt 0.547317 0.291786
vt 0.556551 0.291786
vt 0.556551 0.294114
vt 0.547317 0.294114
vt 0.565784 0.291786
vt 0.565784 0.294114
vt 0.575018 0.291786
vt 0.575018 0.294114
vt 0.584252 0.291786
vt 0.584252 0.294114
vt 0.593486 0.291786
vt 0.593486 0.294114
vt 0.408811 0.291786
vt 0.418044 0.291786
vt 0.418044 0.294114
vt 0.408811 0.294114
vt 0.427278 0.291786
vt 0.427278 0.294114
vt 0.436512 0.291786
vt 0.436512 0.294114
vt 0.445745 0.291786
vt 0.445745 0.294114
vt 0.454979 0.291786
vt 0.454979 0.294114
vt 0.464213 0.291786
vt 0.464213 0.294114
vt 0.473447 0.291786
vt 0.473447 0.294114
vt 0.482681 0.291786
vt 0.482681 0.294114
vt 0.491915 0.291786
vt 0.491915 0.294114
vt 0.501148 0.291786
vt 0.501148 0.294114
vt 0.510382 0.291786
vt 0.510382 0.294114
vt 0.519616 0.291786
vt 0.519616 0.294114
vt 0.528850 0.291786
vt 0.528850 0.294114
vt 0.538083 0.291786
vt 0.538083 0.294114
vt 0.547317 0.325771
vt 0.556551 0.325771
vt 0.565784 0.325771
vt 0.575018 0.325771
vt 0.584252 0.325771
vt 0.593486 0.325771
vt 0.408811 0.325771
vt 0.418044 0.325771
vt 0.427278 0.325771
vt 0.436512 0.325771
vt 0.445745 0.325771
vt 0.454979 0.325771
vt 0.464213 0.325771
vt 0.473447 0.325771
vt 0.482681 0.325771
vt 0.491915 0.325771
vt 0.501148 0.325771
vt 0.510382 0.325771
vt 0.519616 0.325771
vt 0.528850 0.325771
vt 0.538083 0.325771
vt 0.547317 0.329088
vt 0.556551 0.329088
vt 0.565784 0.329088
vt 0.575018 0.329088
vt 0.584252 0.329088
vt 0.593486 0.329088
vt 0.408811 0.329088
vt 0.418044 0.329088
vt 0.427278 0.329088
vt 0.436512 0.329088
vt 0.445745 0.329088
vt 0.454979 0.329088
vt 0.464213 0.329088
vt 0.473447 0.329088
vt 0.482681 0.329088
vt 0.491915 0.329088
vt 0.501148 0.329088
vt 0.510382 0.329088
vt 0.519616 0.329088
vt 0.528850 0.329088
vt 0.538083 0.329088
vt 0.547317 0.332368
vt 0.547317 0.329088
vt 0.556551 0.329088
vt 0.556551 0.332368
vt 0.565784 0.329088
vt 0.565784 0.332368
vt 0.575018 0.329088
vt 0.575018 0.332368
vt 0.584252 0.329088
vt 0.584252 0.332368
vt 0.593486 0.329088
vt 0.593486 0.332368
vt 0.408811 0.332368
vt 0.408811 0.329088
vt 0.418044 0.329088
vt 0.418044 0.332368
vt 0.427278 0.329088
vt 0.427278 0.332368
vt 0.436512 0.329088
vt 0.436512 0.332368
vt 0.445745 0.329088
vt 0.445745 0.332368
vt 0.454979 0.329088
vt 0.454979 0.332368
vt 0.464213 0.329088
vt 0.464213 0.332368
vt 0.473447 0.329088
vt 0.473447 0.332368
vt 0.482681 0.329088
vt 0.482681 0.332368
vt 0.491915 0.329088
vt 0.491915 0.332368
vt 0.501148 0.329088
vt 0.501148 0.332368
vt 0.510382 0.329088
vt 0.510382 0.332368
vt 0.519616 0.329088
vt 0.519616 0.332368
vt 0.528850 0.329088
vt 0.528850 0.332368
vt 0.538083 0.329088
vt 0.538083 0.332368
vt 0.547317 0.337552
vt 0.556551 0.337552
vt 0.565784 0.337552
vt 0.575018 0.337552
vt 0.584252 0.337552
vt 0.593486 0.337552
vt 0.408811 0.337552
vt 0.418044 0.337552
vt 0.427278 0.337552
vt 0.436512 0.337552
vt 0.445745 0.337552
vt 0.454979 0.337552
vt 0.464213 0.337552
vt 0.473447 0.337552
vt 0.482681 0.337552
vt 0.491915 0.337552
vt 0.501148 0.337552
vt 0.510382 0.337552
vt 0.519616 0.337552
vt 0.528850 0.337552
vt 0.538083 0.337552
vt 0.547317 0.341329
vt 0.556551 0.341329
vt 0.565784 0.341329
vt 0.575018 0.341329
vt 0.584252 0.341329
vt 0.593486 0.341329
vt 0.408811 0.341329
vt 0.418044 0.341329
vt 0.427278 0.341329
vt 0.436512 0.341329
vt 0.445745 0.341329
vt 0.454979 0.341329
vt 0.464213 0.341329
vt 0.473447 0.341329
vt 0.482681 0.341329
vt 0.491915 0.341329
vt 0.501148 0.341329
vt 0.510382 0.341329
vt 0.519616 0.341329
vt 0.528850 0.341329
vt 0.538083 0.341329
vt 0.547317 0.343406
vt 0.547317 0.341329
vt 0.556551 0.341329
vt 0.556551 0.343406
vt 0.565784 0.341329
vt 0.565784 0.343406
vt 0.575018 0.341329
vt 0.575018 0.343406
vt 0.584252 0.341329
vt 0.584252 0.343406
vt 0.593486 0.341329
vt 0.593486 0.343406
vt 0.408811 0.343406
vt 0.408811 0.341329
vt 0.418044 0.341329
vt 0.418044 0.343406
vt 0.427278 0.341329
vt 0.427278 0.343406
vt 0.436512 0.341329
vt 0.436512 0.343406
vt 0.445745 0.341329
vt 0.445745 0.343406
vt 0.454979 0.341329
vt 0.454979 0.343406
vt 0.464213 0.341329
vt 0.464213 0.343406
vt 0.473447 0.341329
vt 0.473447 0.343406
vt 0.482681 0.341329
vt 0.482681 0.343406
vt 0.491915 0.341329
vt 0.491915 0.343406
vt 0.501148 0.341329
vt 0.501148 0.343406
vt 0.510382 0.341329
vt 0.510382 0.343406
vt 0.519616 0.341329
vt 0.519616 0.343406
vt 0.528850 0.341329
vt 0.528850 0.343406
vt 0.538083 0.341329
vt 0.538083 0.343406
vt 0.547317 0.354840
vt 0.547317 0.345463
vt 0.556551 0.345463
vt 0.556551 0.354840
vt 0.565784 0.345463
vt 0.565784 0.354840
vt 0.575018 0.345463
vt 0.575018 0.354840
vt 0.584252 0.345463
vt 0.584252 0.354840
vt 0.593486 0.345463
vt 0.593486 0.354840
vt 0.408811 0.354840
vt 0.408811 0.345463
vt 0.418044 0.345463
vt 0.418044 0.354840
vt 0.427278 0.345463
vt 0.427278 0.354840
vt 0.436512 0.345463
vt 0.436512 0.354840
vt 0.445745 0.345463
vt 0.445745 0.354840
vt 0.454979 0.345463
vt 0.454979 0.354840
vt 0.464213 0.345463
vt 0.464213 0.354840
vt 0.473447 0.345463
vt 0.473447 0.354840
vt 0.482681 0.345463
vt 0.482681 0.354840
vt 0.491915 0.345463
vt 0.491915 0.354840
vt 0.501148 0.345463
vt 0.501148 0.354840
vt 0.510382 0.345463
vt 0.510382 0.354840
vt 0.519616 0.345463
vt 0.519616 0.354840
vt 0.528850 0.345463
vt 0.528850 0.354840
vt 0.538083 0.345463
vt 0.538083 0.354840
vt 0.547317 0.482183
vt 0.547317 0.377037
vt 0.556551 0.377037
vt 0.556551 0.482183
vt 0.565784 0.377037
vt 0.565784 0.482183
vt 0.575018 0.377037
vt 0.575018 0.482183
vt 0.584252 0.377037
vt 0.584252 0.482183
vt 0.593486 0.377037
vt 0.593486 0.482183
vt 0.408811 0.482183
vt 0.408811 0.377037
vt 0.418044 0.377037
vt 0.418044 0.482183
vt 0.427278 0.377037
vt 0.427278 0.482183
vt 0.436512 0.377037
vt 0.436512 0.482183
vt 0.445745 0.377037
vt 0.445745 0.482183
vt 0.454979 0.377037
vt 0.454979 0.482183
vt 0.464213 0.377037
vt 0.464213 0.482183
vt 0.473447 0.377037
vt 0.473447 0.482183
vt 0.482681 0.377037
vt 0.482681 0.482183
vt 0.491915 0.377037
vt 0.491915 0.482183
vt 0.501148 0.377037
vt 0.501148 0.482183
vt 0.510382 0.377037
vt 0.510382 0.482183
vt 0.519616 0.377037
vt 0.519616 0.482183
vt 0.528850 0.377037
vt 0.528850 0.482183
vt 0.538083 0.377037
vt 0.538083 0.482183
vt 0.547317 0.343406
vt 0.556551 0.343406
vt 0.556551 0.345463
vt 0.547317 0.345463
vt 0.565784 0.343406
vt 0.565784 0.345463
vt 0.575018 0.343406
vt 0.575018 0.345463
vt 0.584252 0.343406
vt 0.584252 0.345463
vt 0.593486 0.343406
vt 0.593486 0.345463
vt 0.408811 0.343406
vt 0.418044 0.343406
vt 0.418044 0.345463
vt 0.408811 0.345463
vt 0.427278 0.343406
vt 0.427278 0.345463
vt 0.436512 0.343406
vt 0.436512 0.345463
vt 0.445745 0.343406
vt 0.445745 0.345463
vt 0.454979 0.343406
vt 0.454979 0.345463
vt 0.464213 0.343406
vt 0.464213 0.345463
vt 0.473447 0.343406
vt 0.473447 0.345463
vt 0.482681 0.343406
vt 0.482681 0.345463
vt 0.491915 0.343406
vt 0.491915 0.345463
vt 0.501148 0.343406
vt 0.501148 0.345463
vt 0.510382 0.343406
vt 0.510382 0.345463
vt 0.519616 0.343406
vt 0.519616 0.345463
vt 0.528850 0.343406
vt 0.528850 0.345463
vt 0.538083 0.343406
vt 0.538083 0.345463
vt 0.611857 0.309334
vt 0.615754 0.309334
vt 0.615754 0.318222
vt 0.611857 0.318222
vt 0.607950 0.309334
vt 0.607950 0.318222
vt 0.604043 0.309334
vt 0.604043 0.318222
vt 0.600146 0.309334
vt 0.600146 0.318222
vt 0.627464 0.309334
vt 0.631361 0.309334
vt 0.631361 0.318222
vt 0.627464 0.318222
vt 0.623557 0.309334
vt 0.623557 0.318222
vt 0.619650 0.309334
vt 0.619650 0.318222
vt 0.615754 0.328123
vt 0.611857 0.328123
vt 0.607950 0.328123
vt 0.604043 0.328123
vt 0.600146 0.328123
vt 0.631361 0.328123
vt 0.627464 0.328123
vt 0.623557 0.328123
vt 0.619650 0.328123
vt 0.615754 0.338456
vt 0.611857 0.338456
vt 0.607950 0.338456
vt 0.604043 0.338456
vt 0.600146 0.338456
vt 0.631361 0.338456
vt 0.627464 0.338456
vt 0.623557 0.338456
vt 0.619650 0.338456
vt 0.615754 0.348670
vt 0.611857 0.348670
vt 0.607950 0.348670
vt 0.604043 0.348670
vt 0.600146 0.348670
vt 0.631361 0.348670
vt 0.627464 0.348670
vt 0.623557 0.348670
vt 0.619650 0.348670
vt 0.615754 0.358276
vt 0.611857 0.358276
vt 0.607950 0.358276
vt 0.604043 0.358276
vt 0.600146 0.358276
vt 0.631361 0.358276
vt 0.627464 0.358276
vt 0.623557 0.358276
vt 0.619650 0.358276
vt 0.615754 0.366914
vt 0.611857 0.366914
vt 0.607950 0.366914
vt 0.604043 0.366914
vt 0.600146 0.366914
vt 0.631361 0.366914
vt 0.627464 0.366914
vt 0.623557 0.366914
vt 0.619650 0.366914
vt 0.615754 0.374519
vt 0.611857 0.374519
vt 0.607950 0.374519
vt 0.604043 0.374519
vt 0.600146 0.374519
vt 0.631361 0.374519
vt 0.627464 0.374519
vt 0.623557 0.374519
vt 0.619650 0.374519
vt 0.615754 0.380655
vt 0.611857 0.380655
vt 0.607950 0.380655
vt 0.604043 0.380655
vt 0.600146 0.380655
vt 0.631361 0.380655
vt 0.627464 0.380655
vt 0.623557 0.380655
vt 0.619650 0.380655
vt 0.615754 0.386817
vt 0.611857 0.386817
vt 0.607950 0.386817
vt 0.604043 0.386817
vt 0.600146 0.386817
vt 0.631361 0.386817
vt 0.627464 0.386817
vt 0.623557 0.386817
vt 0.619650 0.386817
vt 0.615754 0.392823
vt 0.611857 0.392823
vt 0.607950 0.392823
vt 0.604043 0.392823
vt 0.600146 0.392823
vt 0.631361 0.392823
vt 0.627464 0.392823
vt 0.623557 0.392823
vt 0.619650 0.392823
vt 0.615754 0.398481
vt 0.611857 0.398481
vt 0.607950 0.398481
vt 0.604043 0.398481
vt 0.600146 0.398481
vt 0.631361 0.398481
vt 0.627464 0.398481
vt 0.623557 0.398481
vt 0.619650 0.398481
vt 0.615754 0.403542
vt 0.611857 0.403542
vt 0.607950 0.403542
vt 0.604043 0.403542
vt 0.600146 0.403542
vt 0.631361 0.403542
vt 0.627464 0.403542
vt 0.623557 0.403542
vt 0.619650 0.403542
vt 0.615754 0.503307
vt 0.615754 0.512195
vt 0.611857 0.512195
vt 0.611857 0.503307
vt 0.607950 0.512195
vt 0.607950 0.503307
vt 0.604043 0.512195
vt 0.604043 0.503307
vt 0.600146 0.512195
vt 0.600146 0.503307
vt 0.631361 0.503307
vt 0.631361 0.512195
vt 0.627464 0.512195
vt 0.627464 0.503307
vt 0.623557 0.512195
vt 0.623557 0.503307
vt 0.619650 0.512195
vt 0.619650 0.503307
vt 0.615754 0.493406
vt 0.611857 0.493406
vt 0.607950 0.493406
vt 0.604043 0.493406
vt 0.600146 0.493406
vt 0.631361 0.493406
vt 0.627464 0.493406
vt 0.623557 0.493406
vt 0.619650 0.493406
vt 0.615754 0.483073
vt 0.611857 0.483073
vt 0.607950 0.483073
vt 0.604043 0.483073
vt 0.600146 0.483073
vt 0.631361 0.483073
vt 0.627464 0.483073
vt 0.623557 0.483073
vt 0.619650 0.483073
vt 0.615754 0.472859
vt 0.611857 0.472859
vt 0.607950 0.472859
vt 0.604043 0.472859
vt 0.600146 0.472859
vt 0.631361 0.472859
vt 0.627464 0.472859
vt 0.623557 0.472859
vt 0.619650 0.472859
vt 0.615754 0.463253
vt 0.611857 0.463253
vt 0.607950 0.463253
vt 0.604043 0.463253
vt 0.600146 0.463253
vt 0.631361 0.463253
vt 0.627464 0.463253
vt 0.623557 0.463253
vt 0.619650 0.463253
vt 0.615754 0.454615
vt 0.611857 0.454615
vt 0.607950 0.454615
vt 0.604043 0.454615
vt 0.600146 0.454615
vt 0.631361 0.454615
vt 0.627464 0.454615
vt 0.623557 0.454615
vt 0.619650 0.454615
vt 0.615754 0.447010
vt 0.611857 0.447010
vt 0.607950 0.447010
vt 0.604043 0.447010
vt 0.600146 0.447010
vt 0.631361 0.447010
vt 0.627464 0.447010
vt 0.623557 0.447010
vt 0.619650 0.447010
vt 0.615754 0.440874
vt 0.611857 0.440874
vt 0.607950 0.440874
vt 0.604043 0.440874
vt 0.600146 0.440874
vt 0.631361 0.440874
vt 0.627464 0.440874
vt 0.623557 0.440874
vt 0.619650 0.440874
vt 0.615754 0.434712
vt 0.611857 0.434712
vt 0.607950 0.434712
vt 0.604043 0.434712
vt 0.600146 0.434712
vt 0.631361 0.434712
vt 0.627464 0.434712
vt 0.623557 0.434712
vt 0.619650 0.434712
vt 0.615754 0.428706
vt 0.611857 0.428706
vt 0.607950 0.428706
vt 0.604043 0.428706
vt 0.600146 0.428706
vt 0.631361 0.428706
vt 0.627464 0.428706
vt 0.623557 0.428706
vt 0.619650 0.428706
vt 0.615754 0.423048
vt 0.611857 0.423048
vt 0.607950 0.423048
vt 0.604043 0.423048
vt 0.600146 0.423048
vt 0.631361 0.423048
vt 0.627464 0.423048
vt 0.623557 0.423048
vt 0.619650 0.423048
vt 0.615754 0.417987
vt 0.611857 0.417987
vt 0.607950 0.417987
vt 0.604043 0.417987
vt 0.600146 0.417987
vt 0.631361 0.417987
vt 0.627464 0.417987
vt 0.623557 0.417987
vt 0.619650 0.417987
vt 0.658670 0.479470
vt 0.654846 0.479470
vt 0.654846 0.458915
vt 0.658670 0.458915
vt 0.662512 0.479470
vt 0.662512 0.458915
vt 0.666353 0.479470
vt 0.666353 0.458915
vt 0.670178 0.479470
vt 0.670178 0.458915
vt 0.643339 0.479470
vt 0.639514 0.479470
vt 0.639514 0.458915
vt 0.643339 0.458915
vt 0.647181 0.479470
vt 0.647181 0.458915
vt 0.651022 0.479470
vt 0.651022 0.458915
vt 0.654846 0.449525
vt 0.658670 0.449525
vt 0.662512 0.449525
vt 0.666353 0.449525
vt 0.670178 0.449525
vt 0.639514 0.449525
vt 0.643339 0.449525
vt 0.647181 0.449525
vt 0.651022 0.449525
vt 0.654846 0.440723
vt 0.658670 0.440723
vt 0.662512 0.440723
vt 0.666353 0.440723
vt 0.670178 0.440723
vt 0.639514 0.440723
vt 0.643339 0.440723
vt 0.647181 0.440723
vt 0.651022 0.440723
vt 0.654846 0.432740
vt 0.658670 0.432740
vt 0.662512 0.432740
vt 0.666353 0.432740
vt 0.670178 0.432740
vt 0.639514 0.432740
vt 0.643339 0.432740
vt 0.647181 0.432740
vt 0.651022 0.432740
vt 0.654846 0.429047
vt 0.658670 0.429047
vt 0.662512 0.429047
vt 0.666353 0.429047
vt 0.670178 0.429047
vt 0.639514 0.429047
vt 0.643339 0.429047
vt 0.647181 0.429047
vt 0.651022 0.429047
vt 0.658670 0.425421
vt 0.654846 0.425421
vt 0.654846 0.419547
vt 0.658670 0.419547
vt 0.662512 0.425421
vt 0.662512 0.419547
vt 0.666353 0.425421
vt 0.666353 0.419547
vt 0.670178 0.425421
vt 0.670178 0.419547
vt 0.643339 0.425421
vt 0.639514 0.425421
vt 0.639514 0.419547
vt 0.643339 0.419547
vt 0.647181 0.425421
vt 0.647181 0.419547
vt 0.651022 0.425421
vt 0.651022 0.419547
vt 0.654846 0.413925
vt 0.658670 0.413925
vt 0.662512 0.413925
vt 0.666353 0.413925
vt 0.670178 0.413925
vt 0.639514 0.413925
vt 0.643339 0.413925
vt 0.647181 0.413925
vt 0.651022 0.413925
vt 0.654846 0.408638
vt 0.658670 0.408638
vt 0.662512 0.408638
vt 0.666353 0.408638
vt 0.670178 0.408638
vt 0.639514 0.408638
vt 0.643339 0.408638
vt 0.647181 0.408638
vt 0.651022 0.408638
vt 0.654846 0.399426
vt 0.658670 0.399426
vt 0.662512 0.399426
vt 0.666353 0.399426
vt 0.670178 0.399426
vt 0.639514 0.399426
vt 0.643339 0.399426
vt 0.647181 0.399426
vt 0.651022 0.399426
vt 0.654846 0.329720
vt 0.654846 0.309164
vt 0.658670 0.309164
vt 0.658670 0.329720
vt 0.662512 0.309164
vt 0.662512 0.329720
vt 0.666353 0.309164
vt 0.666353 0.329720
vt 0.670178 0.309164
vt 0.670178 0.329720
vt 0.639514 0.329720
vt 0.639514 0.309164
vt 0.643339 0.309164
vt 0.643339 0.329720
vt 0.647181 0.309164
vt 0.647181 0.329720
vt 0.651022 0.309164
vt 0.651022 0.329720
vt 0.658670 0.339109
vt 0.654846 0.339109
vt 0.662512 0.339109
vt 0.666353 0.339109
vt 0.670178 0.339109
vt 0.643339 0.339109
vt 0.639514 0.339109
vt 0.647181 0.339109
vt 0.651022 0.339109
vt 0.658670 0.347912
vt 0.654846 0.347912
vt 0.662512 0.347912
vt 0.666353 0.347912
vt 0.670178 0.347912
vt 0.643339 0.347912
vt 0.639514 0.347912
vt 0.647181 0.347912
vt 0.651022 0.347912
vt 0.658670 0.355895
vt 0.654846 0.355895
vt 0.662512 0.355895
vt 0.666353 0.355895
vt 0.670178 0.355895
vt 0.643339 0.355895
vt 0.639514 0.355895
vt 0.647181 0.355895
vt 0.651022 0.355895
vt 0.658670 0.363214
vt 0.654846 0.363214
vt 0.654846 0.359587
vt 0.658670 0.359587
vt 0.662512 0.363214
vt 0.662512 0.359587
vt 0.666353 0.363214
vt 0.666353 0.359587
vt 0.670178 0.363214
vt 0.670178 0.359587
vt 0.643339 0.363214
vt 0.639514 0.363214
vt 0.639514 0.359587
vt 0.643339 0.359587
vt 0.647181 0.363214
vt 0.647181 0.359587
vt 0.651022 0.363214
vt 0.651022 0.359587
vt 0.658670 0.369087
vt 0.654846 0.369087
vt 0.662512 0.369087
vt 0.666353 0.369087
vt 0.670178 0.369087
vt 0.643339 0.369087
vt 0.639514 0.369087
vt 0.647181 0.369087
vt 0.651022 0.369087
vt 0.658670 0.374710
vt 0.654846 0.374710
vt 0.662512 0.374710
vt 0.666353 0.374710
vt 0.670178 0.374710
vt 0.643339 0.374710
vt 0.639514 0.374710
vt 0.647181 0.374710
vt 0.651022 0.374710
vt 0.658670 0.379997
vt 0.654846 0.379997
vt 0.662512 0.379997
vt 0.666353 0.379997
vt 0.670178 0.379997
vt 0.643339 0.379997
vt 0.639514 0.379997
vt 0.647181 0.379997
vt 0.651022 0.379997
vt 0.654846 0.389208
vt 0.658670 0.389208
vt 0.662512 0.389208
vt 0.666353 0.389208
vt 0.670178 0.389208
vt 0.639514 0.389208
vt 0.643339 0.389208
vt 0.647181 0.389208
vt 0.651022 0.389208
vt 0.293124 0.340594
vt 0.293124 0.328538
vt 0.294109 0.328538
vt 0.294109 0.340594
vt 0.295098 0.328538
vt 0.295098 0.340594
vt 0.296082 0.328538
vt 0.296082 0.340594
vt 0.297066 0.328538
vt 0.297066 0.340594
vt 0.298049 0.328538
vt 0.298049 0.340594
vt 0.278351 0.340594
vt 0.278351 0.328538
vt 0.279335 0.328538
vt 0.279335 0.340594
vt 0.280318 0.328538
vt 0.280318 0.340594
vt 0.281302 0.328538
vt 0.281302 0.340594
vt 0.282286 0.328538
vt 0.282286 0.340594
vt 0.283275 0.328538
vt 0.283275 0.340594
vt 0.284260 0.328538
vt 0.284260 0.340594
vt 0.285250 0.328538
vt 0.285250 0.340594
vt 0.286233 0.328538
vt 0.286233 0.340594
vt 0.287217 0.328538
vt 0.287217 0.340594
vt 0.288200 0.328538
vt 0.288200 0.340594
vt 0.289183 0.328538
vt 0.289183 0.340594
vt 0.290167 0.328538
vt 0.290167 0.340594
vt 0.291151 0.328538
vt 0.291151 0.340594
vt 0.292134 0.328538
vt 0.292134 0.340594
vt 0.294109 0.343592
vt 0.293124 0.343592
vt 0.295098 0.343592
vt 0.296082 0.343592
vt 0.297066 0.343592
vt 0.298049 0.343592
vt 0.279335 0.343592
vt 0.278351 0.343592
vt 0.280318 0.343592
vt 0.281302 0.343592
vt 0.282286 0.343592
vt 0.283275 0.343592
vt 0.284260 0.343592
vt 0.285250 0.343592
vt 0.286233 0.343592
vt 0.287217 0.343592
vt 0.288200 0.343592
vt 0.289183 0.343592
vt 0.290167 0.343592
vt 0.291151 0.343592
vt 0.292134 0.343592
vt 0.293124 0.350868
vt 0.293124 0.346922
vt 0.294109 0.346922
vt 0.294109 0.350868
vt 0.295098 0.346922
vt 0.295098 0.350868
vt 0.296082 0.346922
vt 0.296082 0.350868
vt 0.297066 0.346922
vt 0.297066 0.350868
vt 0.298049 0.346922
vt 0.298049 0.350868
vt 0.278351 0.350868
vt 0.278351 0.346922
vt 0.279335 0.346922
vt 0.279335 0.350868
vt 0.280318 0.346922
vt 0.280318 0.350868
vt 0.281302 0.346922
vt 0.281302 0.350868
vt 0.282286 0.346922
vt 0.282286 0.350868
vt 0.283275 0.346922
vt 0.283275 0.350868
vt 0.284260 0.346922
vt 0.284260 0.350868
vt 0.285250 0.346922
vt 0.285250 0.350868
vt 0.286233 0.346922
vt 0.286233 0.350868
vt 0.287217 0.346922
vt 0.287217 0.350868
vt 0.288200 0.346922
vt 0.288200 0.350868
vt 0.289183 0.346922
vt 0.289183 0.350868
vt 0.290167 0.346922
vt 0.290167 0.350868
vt 0.291151 0.346922
vt 0.291151 0.350868
vt 0.292134 0.346922
vt 0.292134 0.350868
vt 0.293124 0.356089
vt 0.294109 0.356089
vt 0.295098 0.356089
vt 0.296082 0.356089
vt 0.297066 0.356089
vt 0.298049 0.356089
vt 0.278351 0.356089
vt 0.279335 0.356089
vt 0.280318 0.356089
vt 0.281302 0.356089
vt 0.282286 0.356089
vt 0.283275 0.356089
vt 0.284260 0.356089
vt 0.285250 0.356089
vt 0.286233 0.356089
vt 0.287217 0.356089
vt 0.288200 0.356089
vt 0.289183 0.356089
vt 0.290167 0.356089
vt 0.291151 0.356089
vt 0.292134 0.356089
vt 0.293124 0.357923
vt 0.293124 0.357688
vt 0.294109 0.357688
vt 0.294109 0.357923
vt 0.295098 0.357688
vt 0.295098 0.357923
vt 0.296082 0.357688
vt 0.296082 0.357923
vt 0.297066 0.357688
vt 0.297066 0.357923
vt 0.298049 0.357688
vt 0.298049 0.357923
vt 0.278351 0.357923
vt 0.278351 0.357688
vt 0.279335 0.357688
vt 0.279335 0.357923
vt 0.280318 0.357688
vt 0.280318 0.357923
vt 0.281302 0.357688
vt 0.281302 0.357923
vt 0.282286 0.357688
vt 0.282286 0.357923
vt 0.283275 0.357688
vt 0.283275 0.357923
vt 0.284260 0.357688
vt 0.284260 0.357923
vt 0.285250 0.357688
vt 0.285250 0.357923
vt 0.286233 0.357688
vt 0.286233 0.357923
vt 0.287217 0.357688
vt 0.287217 0.357923
vt 0.288200 0.357688
vt 0.288200 0.357923
vt 0.289183 0.357688
vt 0.289183 0.357923
vt 0.290167 0.357688
vt 0.290167 0.357923
vt 0.291151 0.357688
vt 0.291151 0.357923
vt 0.292134 0.357688
vt 0.292134 0.357923
vt 0.100586 0.990513
vt 0.100750 0.989470
vt 0.100806 0.989830
vt 0.100749 0.990189
vt 0.100331 0.990771
vt 0.100588 0.989145
vt 0.100008 0.990935
vt 0.100333 0.988887
vt 0.099650 0.990991
vt 0.100010 0.988722
vt 0.099292 0.990934
vt 0.099652 0.988664
vt 0.098969 0.990768
vt 0.099294 0.988720
vt 0.098714 0.990510
vt 0.098971 0.988885
vt 0.098552 0.990185
vt 0.098716 0.989142
vt 0.098496 0.989826
vt 0.098553 0.989466
vt 0.101036 0.989830
vt 0.100968 0.990260
vt 0.100734 0.990663
vt 0.100436 0.990961
vt 0.100060 0.991151
vt 0.099644 0.991216
vt 0.099227 0.991149
vt 0.098852 0.990956
vt 0.098555 0.990658
vt 0.098365 0.990282
vt 0.098266 0.989826
vt 0.098334 0.989396
vt 0.098568 0.988992
vt 0.098866 0.988694
vt 0.099242 0.988504
vt 0.099658 0.988439
vt 0.100074 0.988506
vt 0.100450 0.988698
vt 0.100747 0.988997
vt 0.100937 0.989374
vt 0.294109 0.346922
vt 0.293124 0.346922
vt 0.295098 0.346922
vt 0.296082 0.346922
vt 0.297066 0.346922
vt 0.298049 0.346922
vt 0.279335 0.346922
vt 0.278351 0.346922
vt 0.280318 0.346922
vt 0.281302 0.346922
vt 0.282286 0.346922
vt 0.283275 0.346922
vt 0.284260 0.346922
vt 0.285250 0.346922
vt 0.286233 0.346922
vt 0.287217 0.346922
vt 0.288200 0.346922
vt 0.289183 0.346922
vt 0.290167 0.346922
vt 0.291151 0.346922
vt 0.292134 0.346922
vt 0.303367 0.293635
vt 0.303367 0.289598
vt 0.323115 0.289598
vt 0.323115 0.293635
vt 0.342863 0.289598
vt 0.342863 0.293635
vt 0.362612 0.289598
vt 0.362612 0.293635
vt 0.382360 0.289598
vt 0.382360 0.293635
vt 0.402108 0.289598
vt 0.402108 0.293635
vt 0.007144 0.293635
vt 0.007144 0.289598
vt 0.026892 0.289598
vt 0.026892 0.293635
vt 0.046640 0.289598
vt 0.046640 0.293635
vt 0.066388 0.289598
vt 0.066388 0.293635
vt 0.086137 0.289598
vt 0.086137 0.293635
vt 0.105885 0.289598
vt 0.105885 0.293635
vt 0.125633 0.289598
vt 0.125633 0.293635
vt 0.145382 0.289598
vt 0.145382 0.293635
vt 0.165130 0.289598
vt 0.165130 0.293635
vt 0.184878 0.289598
vt 0.184878 0.293635
vt 0.204626 0.289598
vt 0.204626 0.293635
vt 0.224374 0.289598
vt 0.224374 0.293635
vt 0.244122 0.289598
vt 0.244122 0.293635
vt 0.263870 0.289598
vt 0.263870 0.293635
vt 0.283618 0.289598
vt 0.283618 0.293635
vt 0.303367 0.303053
vt 0.323115 0.303053
vt 0.323115 0.308022
vt 0.303367 0.308022
vt 0.342863 0.303053
vt 0.342863 0.308022
vt 0.362612 0.303053
vt 0.362612 0.308022
vt 0.382360 0.303053
vt 0.382360 0.308022
vt 0.402108 0.303053
vt 0.402108 0.308022
vt 0.007144 0.303053
vt 0.026892 0.303053
vt 0.026892 0.308022
vt 0.007144 0.308022
vt 0.046640 0.303053
vt 0.046640 0.308022
vt 0.066388 0.303053
vt 0.066388 0.308022
vt 0.086137 0.303053
vt 0.086137 0.308022
vt 0.105885 0.303053
vt 0.105885 0.308022
vt 0.125633 0.303053
vt 0.125633 0.308022
vt 0.145382 0.303053
vt 0.145382 0.308022
vt 0.165130 0.303053
vt 0.165130 0.308022
vt 0.184878 0.303053
vt 0.184878 0.308022
vt 0.204626 0.303053
vt 0.204626 0.308022
vt 0.224374 0.303053
vt 0.224374 0.308022
vt 0.244122 0.303053
vt 0.244122 0.308022
vt 0.263870 0.303053
vt 0.263870 0.308022
vt 0.283618 0.303053
vt 0.283618 0.308022
vt 0.303367 0.312759
vt 0.323115 0.312759
vt 0.323115 0.318097
vt 0.303367 0.318097
vt 0.342863 0.312759
vt 0.342863 0.318097
vt 0.362612 0.312759
vt 0.362612 0.318097
vt 0.382360 0.312759
vt 0.382360 0.318097
vt 0.402108 0.312759
vt 0.402108 0.318097
vt 0.007144 0.312759
vt 0.026892 0.312759
vt 0.026892 0.318097
vt 0.007144 0.318097
vt 0.046640 0.312759
vt 0.046640 0.318097
vt 0.066388 0.312759
vt 0.066388 0.318097
vt 0.086137 0.312759
vt 0.086137 0.318097
vt 0.105885 0.312759
vt 0.105885 0.318097
vt 0.125633 0.312759
vt 0.125633 0.318097
vt 0.145382 0.312759
vt 0.145382 0.318097
vt 0.165130 0.312759
vt 0.165130 0.318097
vt 0.184878 0.312759
vt 0.184878 0.318097
vt 0.204626 0.312759
vt 0.204626 0.318097
vt 0.224374 0.312759
vt 0.224374 0.318097
vt 0.244122 0.312759
vt 0.244122 0.318097
vt 0.263870 0.312759
vt 0.263870 0.318097
vt 0.283618 0.312759
vt 0.283618 0.318097
vt 0.323115 0.323694
vt 0.303367 0.323694
vt 0.342863 0.323694
vt 0.362612 0.323694
vt 0.382360 0.323694
vt 0.402108 0.323694
vt 0.026892 0.323694
vt 0.007144 0.323694
vt 0.046640 0.323694
vt 0.066388 0.323694
vt 0.086137 0.323694
vt 0.105885 0.323694
vt 0.125633 0.323694
vt 0.145382 0.323694
vt 0.165130 0.323694
vt 0.184878 0.323694
vt 0.204626 0.323694
vt 0.224374 0.323694
vt 0.244122 0.323694
vt 0.263870 0.323694
vt 0.283618 0.323694
vt 0.303367 0.298503
vt 0.323115 0.298503
vt 0.342863 0.298503
vt 0.362612 0.298503
vt 0.382360 0.298503
vt 0.402108 0.298503
vt 0.007144 0.298503
vt 0.026892 0.298503
vt 0.046640 0.298503
vt 0.066388 0.298503
vt 0.086137 0.298503
vt 0.105885 0.298503
vt 0.125633 0.298503
vt 0.145382 0.298503
vt 0.165130 0.298503
vt 0.184878 0.298503
vt 0.204626 0.298503
vt 0.224374 0.298503
vt 0.244122 0.298503
vt 0.263870 0.298503
vt 0.283618 0.298503
vt 0.323115 0.287312
vt 0.303367 0.287312
vt 0.342863 0.287312
vt 0.362612 0.287312
vt 0.382360 0.287312
vt 0.402108 0.287312
vt 0.026892 0.287312
vt 0.007144 0.287312
vt 0.046640 0.287312
vt 0.066388 0.287312
vt 0.086137 0.287312
vt 0.105885 0.287312
vt 0.125633 0.287312
vt 0.145382 0.287312
vt 0.165130 0.287312
vt 0.184878 0.287312
vt 0.204626 0.287312
vt 0.224374 0.287312
vt 0.244122 0.287312
vt 0.263870 0.287312
vt 0.283618 0.287312
vt 0.323115 0.281057
vt 0.323115 0.287312
vt 0.303367 0.287312
vt 0.303367 0.281057
vt 0.342863 0.281057
vt 0.342863 0.287312
vt 0.362612 0.281057
vt 0.362612 0.287312
vt 0.382360 0.281057
vt 0.382360 0.287312
vt 0.402108 0.281057
vt 0.402108 0.287312
vt 0.026892 0.281057
vt 0.026892 0.287312
vt 0.007144 0.287312
vt 0.007144 0.281057
vt 0.046640 0.281057
vt 0.046640 0.287312
vt 0.066388 0.281057
vt 0.066388 0.287312
vt 0.086137 0.281057
vt 0.086137 0.287312
vt 0.105885 0.281057
vt 0.105885 0.287312
vt 0.125633 0.281057
vt 0.125633 0.287312
vt 0.145382 0.281057
vt 0.145382 0.287312
vt 0.165130 0.281057
vt 0.165130 0.287312
vt 0.184878 0.281057
vt 0.184878 0.287312
vt 0.204626 0.281057
vt 0.204626 0.287312
vt 0.224374 0.281057
vt 0.224374 0.287312
vt 0.244122 0.281057
vt 0.244122 0.287312
vt 0.263870 0.281057
vt 0.263870 0.287312
vt 0.283618 0.281057
vt 0.283618 0.287312
vt 0.323115 0.272140
vt 0.323115 0.274781
vt 0.303367 0.274781
vt 0.303367 0.272140
vt 0.342863 0.272140
vt 0.342863 0.274781
vt 0.362612 0.272140
vt 0.362612 0.274781
vt 0.382360 0.272140
vt 0.382360 0.274781
vt 0.402108 0.272140
vt 0.402108 0.274781
vt 0.026892 0.272140
vt 0.026892 0.274781
vt 0.007144 0.274781
vt 0.007144 0.272140
vt 0.046640 0.272140
vt 0.046640 0.274781
vt 0.066388 0.272140
vt 0.066388 0.274781
vt 0.086137 0.272140
vt 0.086137 0.274781
vt 0.105885 0.272140
vt 0.105885 0.274781
vt 0.125633 0.272140
vt 0.125633 0.274781
vt 0.145382 0.272140
vt 0.145382 0.274781
vt 0.165130 0.272140
vt 0.165130 0.274781
vt 0.184878 0.272140
vt 0.184878 0.274781
vt 0.204626 0.272140
vt 0.204626 0.274781
vt 0.224374 0.272140
vt 0.224374 0.274781
vt 0.244122 0.272140
vt 0.244122 0.274781
vt 0.263870 0.272140
vt 0.263870 0.274781
vt 0.283618 0.272140
vt 0.283618 0.274781
vt 0.323115 0.262081
vt 0.323115 0.270709
vt 0.303367 0.270709
vt 0.303367 0.262081
vt 0.342863 0.262081
vt 0.342863 0.270709
vt 0.362612 0.262081
vt 0.362612 0.270709
vt 0.382360 0.262081
vt 0.382360 0.270709
vt 0.402108 0.262081
vt 0.402108 0.270709
vt 0.026892 0.262081
vt 0.026892 0.270709
vt 0.007144 0.270709
vt 0.007144 0.262081
vt 0.046640 0.262081
vt 0.046640 0.270709
vt 0.066388 0.262081
vt 0.066388 0.270709
vt 0.086137 0.262081
vt 0.086137 0.270709
vt 0.105885 0.262081
vt 0.105885 0.270709
vt 0.125633 0.262081
vt 0.125633 0.270709
vt 0.145382 0.262081
vt 0.145382 0.270709
vt 0.165130 0.262081
vt 0.165130 0.270709
vt 0.184878 0.262081
vt 0.184878 0.270709
vt 0.204626 0.262081
vt 0.204626 0.270709
vt 0.224374 0.262081
vt 0.224374 0.270709
vt 0.244122 0.262081
vt 0.244122 0.270709
vt 0.263870 0.262081
vt 0.263870 0.270709
vt 0.283618 0.262081
vt 0.283618 0.270709
vt 0.825262 0.375963
vt 0.831060 0.374078
vt 0.834758 0.397376
vt 0.828661 0.397378
vt 0.815417 0.356644
vt 0.820351 0.353060
vt 0.800090 0.341311
vt 0.803675 0.336380
vt 0.780778 0.331463
vt 0.782664 0.325663
vt 0.759368 0.328071
vt 0.759367 0.321973
vt 0.737955 0.331461
vt 0.736069 0.325661
vt 0.718638 0.341307
vt 0.715053 0.336376
vt 0.703303 0.356638
vt 0.698371 0.353055
vt 0.693457 0.375958
vt 0.687659 0.374074
vt 0.690069 0.397374
vt 0.683971 0.397375
vt 0.693469 0.418789
vt 0.687671 0.420673
vt 0.703314 0.438108
vt 0.698380 0.441692
vt 0.718642 0.453440
vt 0.715057 0.458371
vt 0.737955 0.463288
vt 0.736069 0.469087
vt 0.759365 0.466680
vt 0.759366 0.472778
vt 0.780779 0.463291
vt 0.782665 0.469091
vt 0.800096 0.453445
vt 0.803681 0.458376
vt 0.815430 0.438114
vt 0.820362 0.441697
vt 0.825276 0.418794
vt 0.831074 0.420678
vt 0.447674 0.569753
vt 0.454157 0.528857
vt 0.456387 0.542950
vt 0.454154 0.557042
vt 0.437585 0.579840
vt 0.447682 0.516141
vt 0.424874 0.586314
vt 0.437592 0.506049
vt 0.410783 0.588543
vt 0.424877 0.499569
vt 0.396692 0.586309
vt 0.410783 0.497333
vt 0.383982 0.579830
vt 0.396687 0.499562
vt 0.373892 0.569739
vt 0.383974 0.506039
vt 0.367412 0.557024
vt 0.373888 0.516126
vt 0.365179 0.542931
vt 0.367412 0.528839
vt 0.323115 0.281057
vt 0.303367 0.281057
vt 0.303367 0.274781
vt 0.323115 0.274781
vt 0.342863 0.281057
vt 0.342863 0.274781
vt 0.362612 0.281057
vt 0.362612 0.274781
vt 0.382360 0.281057
vt 0.382360 0.274781
vt 0.402108 0.281057
vt 0.402108 0.274781
vt 0.026892 0.281057
vt 0.007144 0.281057
vt 0.007144 0.274781
vt 0.026892 0.274781
vt 0.046640 0.281057
vt 0.046640 0.274781
vt 0.066388 0.281057
vt 0.066388 0.274781
vt 0.086137 0.281057
vt 0.086137 0.274781
vt 0.105885 0.281057
vt 0.105885 0.274781
vt 0.125633 0.281057
vt 0.125633 0.274781
vt 0.145382 0.281057
vt 0.145382 0.274781
vt 0.165130 0.281057
vt 0.165130 0.274781
vt 0.184878 0.281057
vt 0.184878 0.274781
vt 0.204626 0.281057
vt 0.204626 0.274781
vt 0.224374 0.281057
vt 0.224374 0.274781
vt 0.244122 0.281057
vt 0.244122 0.274781
vt 0.263870 0.281057
vt 0.263870 0.274781
vt 0.283618 0.281057
vt 0.283618 0.274781
vt 0.932479 0.885704
vt 0.927925 0.885704
vt 0.927925 0.777817
vt 0.932479 0.777817
vt 0.937053 0.885704
vt 0.937053 0.777817
vt 0.941625 0.885704
vt 0.941625 0.777817
vt 0.946179 0.885704
vt 0.946179 0.777817
vt 0.914226 0.885704
vt 0.909672 0.885704
vt 0.909672 0.777817
vt 0.914226 0.777817
vt 0.918798 0.885704
vt 0.918798 0.777817
vt 0.923372 0.885704
vt 0.923372 0.777817
vt 0.927925 0.766472
vt 0.932479 0.766472
vt 0.937053 0.766472
vt 0.941625 0.766472
vt 0.946179 0.766472
vt 0.909672 0.766472
vt 0.914226 0.766472
vt 0.918798 0.766472
vt 0.923372 0.766472
vt 0.927925 0.759353
vt 0.932479 0.759353
vt 0.937053 0.759353
vt 0.941625 0.759353
vt 0.946179 0.759353
vt 0.909672 0.759353
vt 0.914226 0.759353
vt 0.918798 0.759353
vt 0.923372 0.759353
vt 0.932479 0.753233
vt 0.927925 0.753233
vt 0.927925 0.748768
vt 0.932479 0.748768
vt 0.937053 0.753233
vt 0.937053 0.748768
vt 0.941625 0.753233
vt 0.941625 0.748768
vt 0.946179 0.753233
vt 0.946179 0.748768
vt 0.914226 0.753233
vt 0.909672 0.753233
vt 0.909672 0.748768
vt 0.914226 0.748768
vt 0.918798 0.753233
vt 0.918798 0.748768
vt 0.923372 0.753233
vt 0.923372 0.748768
vt 0.927925 0.744303
vt 0.932479 0.744303
vt 0.937053 0.744303
vt 0.941625 0.744303
vt 0.946179 0.744303
vt 0.909672 0.744303
vt 0.914226 0.744303
vt 0.918798 0.744303
vt 0.923372 0.744303
vt 0.927925 0.738970
vt 0.932479 0.738970
vt 0.937053 0.738970
vt 0.941625 0.738970
vt 0.946179 0.738970
vt 0.909672 0.738970
vt 0.914226 0.738970
vt 0.918798 0.738970
vt 0.923372 0.738970
vt 0.932479 0.731395
vt 0.927925 0.731395
vt 0.927925 0.725079
vt 0.932479 0.725079
vt 0.937053 0.731395
vt 0.937053 0.725079
vt 0.941625 0.731395
vt 0.941625 0.725079
vt 0.946179 0.731395
vt 0.946179 0.725079
vt 0.914226 0.731395
vt 0.909672 0.731395
vt 0.909672 0.725079
vt 0.914226 0.725079
vt 0.918798 0.731395
vt 0.918798 0.725079
vt 0.923372 0.731395
vt 0.923372 0.725079
vt 0.927925 0.721656
vt 0.932479 0.721656
vt 0.937053 0.721656
vt 0.941625 0.721656
vt 0.946179 0.721656
vt 0.909672 0.721656
vt 0.914226 0.721656
vt 0.918798 0.721656
vt 0.923372 0.721656
vt 0.927925 0.718434
vt 0.932479 0.718434
vt 0.937053 0.718434
vt 0.941625 0.718434
vt 0.946179 0.718434
vt 0.909672 0.718434
vt 0.914226 0.718434
vt 0.918798 0.718434
vt 0.923372 0.718434
vt 0.927925 0.714276
vt 0.932479 0.714276
vt 0.937053 0.714276
vt 0.941625 0.714276
vt 0.946179 0.714276
vt 0.909672 0.714276
vt 0.914226 0.714276
vt 0.918798 0.714276
vt 0.923372 0.714276
vt 0.927925 0.672533
vt 0.932479 0.672533
vt 0.937053 0.672533
vt 0.941625 0.672533
vt 0.946179 0.672533
vt 0.909672 0.672533
vt 0.914226 0.672533
vt 0.918798 0.672533
vt 0.923372 0.672533
vt 0.927925 0.659151
vt 0.932479 0.659151
vt 0.937053 0.659151
vt 0.941625 0.659151
vt 0.946179 0.659151
vt 0.909672 0.659151
vt 0.914226 0.659151
vt 0.918798 0.659151
vt 0.923372 0.659151
vt 0.927925 0.652098
vt 0.932479 0.652098
vt 0.937053 0.652098
vt 0.941625 0.652098
vt 0.946179 0.652098
vt 0.909672 0.652098
vt 0.914226 0.652098
vt 0.918798 0.652098
vt 0.923372 0.652098
vt 0.927925 0.645573
vt 0.932479 0.645573
vt 0.937053 0.645573
vt 0.941625 0.645573
vt 0.946179 0.645573
vt 0.909672 0.645573
vt 0.914226 0.645573
vt 0.918798 0.645573
vt 0.923372 0.645573
vt 0.927925 0.640167
vt 0.932479 0.640167
vt 0.937053 0.640167
vt 0.941625 0.640167
vt 0.946179 0.640167
vt 0.909672 0.640167
vt 0.914226 0.640167
vt 0.918798 0.640167
vt 0.923372 0.640167
vt 0.927925 0.634994
vt 0.932479 0.634994
vt 0.937053 0.634994
vt 0.941625 0.634994
vt 0.946179 0.634994
vt 0.909672 0.634994
vt 0.914226 0.634994
vt 0.918798 0.634994
vt 0.923372 0.634994
vt 0.927925 0.631589
vt 0.932479 0.631589
vt 0.937053 0.631589
vt 0.941625 0.631589
vt 0.946179 0.631589
vt 0.909672 0.631589
vt 0.914226 0.631589
vt 0.918798 0.631589
vt 0.923372 0.631589
vt 0.932479 0.628022
vt 0.927925 0.628022
vt 0.927925 0.622981
vt 0.932479 0.622981
vt 0.937053 0.628022
vt 0.937053 0.622981
vt 0.941625 0.628022
vt 0.941625 0.622981
vt 0.946179 0.628022
vt 0.946179 0.622981
vt 0.914226 0.628022
vt 0.909672 0.628022
vt 0.909672 0.622981
vt 0.914226 0.622981
vt 0.918798 0.628022
vt 0.918798 0.622981
vt 0.923372 0.628022
vt 0.923372 0.622981
vt 0.927925 0.603027
vt 0.932479 0.603027
vt 0.937053 0.603027
vt 0.941625 0.603027
vt 0.946179 0.603027
vt 0.909672 0.603027
vt 0.914226 0.603027
vt 0.918798 0.603027
vt 0.923372 0.603027
vt 0.927925 0.340757
vt 0.932479 0.340757
vt 0.937053 0.340757
vt 0.941625 0.340757
vt 0.946179 0.340757
vt 0.909672 0.340757
vt 0.914226 0.340757
vt 0.918798 0.340757
vt 0.923372 0.340757
vt 0.927925 0.335353
vt 0.932479 0.335353
vt 0.937053 0.335353
vt 0.941625 0.335353
vt 0.946179 0.335353
vt 0.909672 0.335353
vt 0.914226 0.335353
vt 0.918798 0.335353
vt 0.923372 0.335353
vt 0.927925 0.330792
vt 0.932479 0.330792
vt 0.937053 0.330792
vt 0.941625 0.330792
vt 0.946179 0.330792
vt 0.909672 0.330792
vt 0.914226 0.330792
vt 0.918798 0.330792
vt 0.923372 0.330792
vt 0.927925 0.326655
vt 0.932479 0.326655
vt 0.937053 0.326655
vt 0.941625 0.326655
vt 0.946179 0.326655
vt 0.909672 0.326655
vt 0.914226 0.326655
vt 0.918798 0.326655
vt 0.923372 0.326655
vt 0.932479 0.310208
vt 0.927925 0.310208
vt 0.927925 0.261616
vt 0.932479 0.261616
vt 0.937053 0.310208
vt 0.937053 0.261616
vt 0.941625 0.310208
vt 0.941625 0.261616
vt 0.946179 0.310208
vt 0.946179 0.261616
vt 0.914226 0.310208
vt 0.909672 0.310208
vt 0.909672 0.261616
vt 0.914226 0.261616
vt 0.918798 0.310208
vt 0.918798 0.261616
vt 0.923372 0.310208
vt 0.923372 0.261616
vt 0.932479 0.320105
vt 0.927925 0.320105
vt 0.927925 0.318082
vt 0.932479 0.318082
vt 0.937053 0.320105
vt 0.937053 0.318082
vt 0.941625 0.320105
vt 0.941625 0.318082
vt 0.946179 0.320105
vt 0.946179 0.318082
vt 0.914226 0.320105
vt 0.909672 0.320105
vt 0.909672 0.318082
vt 0.914226 0.318082
vt 0.918798 0.320105
vt 0.918798 0.318082
vt 0.923372 0.320105
vt 0.923372 0.318082
vt 0.932479 0.316005
vt 0.927925 0.316005
vt 0.927925 0.313146
vt 0.932479 0.313146
vt 0.937053 0.316005
vt 0.937053 0.313146
vt 0.941625 0.316005
vt 0.941625 0.313146
vt 0.946179 0.316005
vt 0.946179 0.313146
vt 0.914226 0.316005
vt 0.909672 0.316005
vt 0.909672 0.313146
vt 0.914226 0.313146
vt 0.918798 0.316005
vt 0.918798 0.313146
vt 0.923372 0.316005
vt 0.923372 0.313146
vt 0.927925 0.323336
vt 0.932479 0.323336
vt 0.937053 0.323336
vt 0.941625 0.323336
vt 0.946179 0.323336
vt 0.909672 0.323336
vt 0.914226 0.323336
vt 0.918798 0.323336
vt 0.923372 0.323336
vt 0.889269 0.885704
vt 0.884715 0.885704
vt 0.884715 0.777817
vt 0.889269 0.777817
vt 0.893843 0.885704
vt 0.893843 0.777817
vt 0.898415 0.885704
vt 0.898415 0.777817
vt 0.902969 0.885704
vt 0.902969 0.777817
vt 0.871016 0.885704
vt 0.866462 0.885704
vt 0.866462 0.777817
vt 0.871016 0.777817
vt 0.875588 0.885704
vt 0.875588 0.777817
vt 0.880162 0.885704
vt 0.880162 0.777817
vt 0.884715 0.766472
vt 0.889269 0.766472
vt 0.893843 0.766472
vt 0.898415 0.766472
vt 0.902969 0.766472
vt 0.866462 0.766472
vt 0.871016 0.766472
vt 0.875588 0.766472
vt 0.880162 0.766472
vt 0.884715 0.759353
vt 0.889269 0.759353
vt 0.893843 0.759353
vt 0.898415 0.759353
vt 0.902969 0.759353
vt 0.866462 0.759353
vt 0.871016 0.759353
vt 0.875588 0.759353
vt 0.880162 0.759353
vt 0.889269 0.753233
vt 0.884715 0.753233
vt 0.884715 0.748768
vt 0.889269 0.748768
vt 0.893843 0.753233
vt 0.893843 0.748768
vt 0.898415 0.753233
vt 0.898415 0.748768
vt 0.902969 0.753233
vt 0.902969 0.748768
vt 0.871016 0.753233
vt 0.866462 0.753233
vt 0.866462 0.748768
vt 0.871016 0.748768
vt 0.875588 0.753233
vt 0.875588 0.748768
vt 0.880162 0.753233
vt 0.880162 0.748768
vt 0.884715 0.744303
vt 0.889269 0.744303
vt 0.893843 0.744303
vt 0.898415 0.744303
vt 0.902969 0.744303
vt 0.866462 0.744303
vt 0.871016 0.744303
vt 0.875588 0.744303
vt 0.880162 0.744303
vt 0.884715 0.738970
vt 0.889269 0.738970
vt 0.893843 0.738970
vt 0.898415 0.738970
vt 0.902969 0.738970
vt 0.866462 0.738970
vt 0.871016 0.738970
vt 0.875588 0.738970
vt 0.880162 0.738970
vt 0.889269 0.731395
vt 0.884715 0.731395
vt 0.884715 0.725079
vt 0.889269 0.725079
vt 0.893843 0.731395
vt 0.893843 0.725079
vt 0.898415 0.731395
vt 0.898415 0.725079
vt 0.902969 0.731395
vt 0.902969 0.725079
vt 0.871016 0.731395
vt 0.866462 0.731395
vt 0.866462 0.725079
vt 0.871016 0.725079
vt 0.875588 0.731395
vt 0.875588 0.725079
vt 0.880162 0.731395
vt 0.880162 0.725079
vt 0.884715 0.721656
vt 0.889269 0.721656
vt 0.893843 0.721656
vt 0.898415 0.721656
vt 0.902969 0.721656
vt 0.866462 0.721656
vt 0.871016 0.721656
vt 0.875588 0.721656
vt 0.880162 0.721656
vt 0.884715 0.718434
vt 0.889269 0.718434
vt 0.893843 0.718434
vt 0.898415 0.718434
vt 0.902969 0.718434
vt 0.866462 0.718434
vt 0.871016 0.718434
vt 0.875588 0.718434
vt 0.880162 0.718434
vt 0.884715 0.714276
vt 0.889269 0.714276
vt 0.893843 0.714276
vt 0.898415 0.714276
vt 0.902969 0.714276
vt 0.866462 0.714276
vt 0.871016 0.714276
vt 0.875588 0.714276
vt 0.880162 0.714276
vt 0.884715 0.672533
vt 0.889269 0.672533
vt 0.893843 0.672533
vt 0.898415 0.672533
vt 0.902969 0.672533
vt 0.866462 0.672533
vt 0.871016 0.672533
vt 0.875588 0.672533
vt 0.880162 0.672533
vt 0.884715 0.659151
vt 0.889269 0.659151
vt 0.893843 0.659151
vt 0.898415 0.659151
vt 0.902969 0.659151
vt 0.866462 0.659151
vt 0.871016 0.659151
vt 0.875588 0.659151
vt 0.880162 0.659151
vt 0.884715 0.652098
vt 0.889269 0.652098
vt 0.893843 0.652098
vt 0.898415 0.652098
vt 0.902969 0.652098
vt 0.866462 0.652098
vt 0.871016 0.652098
vt 0.875588 0.652098
vt 0.880162 0.652098
vt 0.884715 0.645573
vt 0.889269 0.645573
vt 0.893843 0.645573
vt 0.898415 0.645573
vt 0.902969 0.645573
vt 0.866462 0.645573
vt 0.871016 0.645573
vt 0.875588 0.645573
vt 0.880162 0.645573
vt 0.884715 0.640167
vt 0.889269 0.640167
vt 0.893843 0.640167
vt 0.898415 0.640167
vt 0.902969 0.640167
vt 0.866462 0.640167
vt 0.871016 0.640167
vt 0.875588 0.640167
vt 0.880162 0.640167
vt 0.884715 0.634994
vt 0.889269 0.634994
vt 0.893843 0.634994
vt 0.898415 0.634994
vt 0.902969 0.634994
vt 0.866462 0.634994
vt 0.871016 0.634994
vt 0.875588 0.634994
vt 0.880162 0.634994
vt 0.884715 0.631589
vt 0.889269 0.631589
vt 0.893843 0.631589
vt 0.898415 0.631589
vt 0.902969 0.631589
vt 0.866462 0.631589
vt 0.871016 0.631589
vt 0.875588 0.631589
vt 0.880162 0.631589
vt 0.889269 0.628022
vt 0.884715 0.628022
vt 0.884715 0.622981
vt 0.889269 0.622981
vt 0.893843 0.628022
vt 0.893843 0.622981
vt 0.898415 0.628022
vt 0.898415 0.622981
vt 0.902969 0.628022
vt 0.902969 0.622981
vt 0.871016 0.628022
vt 0.866462 0.628022
vt 0.866462 0.622981
vt 0.871016 0.622981
vt 0.875588 0.628022
vt 0.875588 0.622981
vt 0.880162 0.628022
vt 0.880162 0.622981
vt 0.884715 0.603027
vt 0.889269 0.603027
vt 0.893843 0.603027
vt 0.898415 0.603027
vt 0.902969 0.603027
vt 0.866462 0.603027
vt 0.871016 0.603027
vt 0.875588 0.603027
vt 0.880162 0.603027
vt 0.884715 0.340757
vt 0.889269 0.340757
vt 0.893843 0.340757
vt 0.898415 0.340757
vt 0.902969 0.340757
vt 0.866462 0.340757
vt 0.871016 0.340757
vt 0.875588 0.340757
vt 0.880162 0.340757
vt 0.884715 0.335353
vt 0.889269 0.335353
vt 0.893843 0.335353
vt 0.898415 0.335353
vt 0.902969 0.335353
vt 0.866462 0.335353
vt 0.871016 0.335353
vt 0.875588 0.335353
vt 0.880162 0.335353
vt 0.884715 0.330792
vt 0.889269 0.330792
vt 0.893843 0.330792
vt 0.898415 0.330792
vt 0.902969 0.330792
vt 0.866462 0.330792
vt 0.871016 0.330792
vt 0.875588 0.330792
vt 0.880162 0.330792
vt 0.884715 0.326655
vt 0.889269 0.326655
vt 0.893843 0.326655
vt 0.898415 0.326655
vt 0.902969 0.326655
vt 0.866462 0.326655
vt 0.871016 0.326655
vt 0.875588 0.326655
vt 0.880162 0.326655
vt 0.889269 0.310208
vt 0.884715 0.310208
vt 0.884715 0.261616
vt 0.889269 0.261616
vt 0.893843 0.310208
vt 0.893843 0.261616
vt 0.898415 0.310208
vt 0.898415 0.261616
vt 0.902969 0.310208
vt 0.902969 0.261616
vt 0.871016 0.310208
vt 0.866462 0.310208
vt 0.866462 0.261616
vt 0.871016 0.261616
vt 0.875588 0.310208
vt 0.875588 0.261616
vt 0.880162 0.310208
vt 0.880162 0.261616
vt 0.889269 0.320105
vt 0.884715 0.320105
vt 0.884715 0.318082
vt 0.889269 0.318082
vt 0.893843 0.320105
vt 0.893843 0.318082
vt 0.898415 0.320105
vt 0.898415 0.318082
vt 0.902969 0.320105
vt 0.902969 0.318082
vt 0.871016 0.320105
vt 0.866462 0.320105
vt 0.866462 0.318082
vt 0.871016 0.318082
vt 0.875588 0.320105
vt 0.875588 0.318082
vt 0.880162 0.320105
vt 0.880162 0.318082
vt 0.889269 0.316005
vt 0.884715 0.316005
vt 0.884715 0.313146
vt 0.889269 0.313146
vt 0.893843 0.316005
vt 0.893843 0.313146
vt 0.898415 0.316005
vt 0.898415 0.313146
vt 0.902969 0.316005
vt 0.902969 0.313146
vt 0.871016 0.316005
vt 0.866462 0.316005
vt 0.866462 0.313146
vt 0.871016 0.313146
vt 0.875588 0.316005
vt 0.875588 0.313146
vt 0.880162 0.316005
vt 0.880162 0.313146
vt 0.884715 0.323336
vt 0.889269 0.323336
vt 0.893843 0.323336
vt 0.898415 0.323336
vt 0.902969 0.323336
vt 0.866462 0.323336
vt 0.871016 0.323336
vt 0.875588 0.323336
vt 0.880162 0.323336
vt 0.973631 0.885704
vt 0.969077 0.885704
vt 0.969077 0.777817
vt 0.973631 0.777817
vt 0.978205 0.885704
vt 0.978205 0.777817
vt 0.982777 0.885704
vt 0.982777 0.777817
vt 0.987331 0.885704
vt 0.987331 0.777817
vt 0.955378 0.885704
vt 0.950824 0.885704
vt 0.950824 0.777817
vt 0.955378 0.777817
vt 0.959950 0.885704
vt 0.959950 0.777817
vt 0.964524 0.885704
vt 0.964524 0.777817
vt 0.969077 0.766472
vt 0.973631 0.766472
vt 0.978205 0.766472
vt 0.982777 0.766472
vt 0.987331 0.766472
vt 0.950824 0.766472
vt 0.955378 0.766472
vt 0.959950 0.766472
vt 0.964524 0.766472
vt 0.969077 0.759353
vt 0.973631 0.759353
vt 0.978205 0.759353
vt 0.982777 0.759353
vt 0.987331 0.759353
vt 0.950824 0.759353
vt 0.955378 0.759353
vt 0.959950 0.759353
vt 0.964524 0.759353
vt 0.973631 0.753233
vt 0.969077 0.753233
vt 0.969077 0.748768
vt 0.973631 0.748768
vt 0.978205 0.753233
vt 0.978205 0.748768
vt 0.982777 0.753233
vt 0.982777 0.748768
vt 0.987331 0.753233
vt 0.987331 0.748768
vt 0.955378 0.753233
vt 0.950824 0.753233
vt 0.950824 0.748768
vt 0.955378 0.748768
vt 0.959950 0.753233
vt 0.959950 0.748768
vt 0.964524 0.753233
vt 0.964524 0.748768
vt 0.969077 0.744303
vt 0.973631 0.744303
vt 0.978205 0.744303
vt 0.982777 0.744303
vt 0.987331 0.744303
vt 0.950824 0.744303
vt 0.955378 0.744303
vt 0.959950 0.744303
vt 0.964524 0.744303
vt 0.969077 0.738970
vt 0.973631 0.738970
vt 0.978205 0.738970
vt 0.982777 0.738970
vt 0.987331 0.738970
vt 0.950824 0.738970
vt 0.955378 0.738970
vt 0.959950 0.738970
vt 0.964524 0.738970
vt 0.973631 0.731395
vt 0.969077 0.731395
vt 0.969077 0.725079
vt 0.973631 0.725079
vt 0.978205 0.731395
vt 0.978205 0.725079
vt 0.982777 0.731395
vt 0.982777 0.725079
vt 0.987331 0.731395
vt 0.987331 0.725079
vt 0.955378 0.731395
vt 0.950824 0.731395
vt 0.950824 0.725079
vt 0.955378 0.725079
vt 0.959950 0.731395
vt 0.959950 0.725079
vt 0.964524 0.731395
vt 0.964524 0.725079
vt 0.969077 0.721656
vt 0.973631 0.721656
vt 0.978205 0.721656
vt 0.982777 0.721656
vt 0.987331 0.721656
vt 0.950824 0.721656
vt 0.955378 0.721656
vt 0.959950 0.721656
vt 0.964524 0.721656
vt 0.969077 0.718434
vt 0.973631 0.718434
vt 0.978205 0.718434
vt 0.982777 0.718434
vt 0.987331 0.718434
vt 0.950824 0.718434
vt 0.955378 0.718434
vt 0.959950 0.718434
vt 0.964524 0.718434
vt 0.969077 0.714276
vt 0.973631 0.714276
vt 0.978205 0.714276
vt 0.982777 0.714276
vt 0.987331 0.714276
vt 0.950824 0.714276
vt 0.955378 0.714276
vt 0.959950 0.714276
vt 0.964524 0.714276
vt 0.969077 0.672533
vt 0.973631 0.672533
vt 0.978205 0.672533
vt 0.982777 0.672533
vt 0.987331 0.672533
vt 0.950824 0.672533
vt 0.955378 0.672533
vt 0.959950 0.672533
vt 0.964524 0.672533
vt 0.969077 0.659151
vt 0.973631 0.659151
vt 0.978205 0.659151
vt 0.982777 0.659151
vt 0.987331 0.659151
vt 0.950824 0.659151
vt 0.955378 0.659151
vt 0.959950 0.659151
vt 0.964524 0.659151
vt 0.969077 0.652098
vt 0.973631 0.652098
vt 0.978205 0.652098
vt 0.982777 0.652098
vt 0.987331 0.652098
vt 0.950824 0.652098
vt 0.955378 0.652098
vt 0.959950 0.652098
vt 0.964524 0.652098
vt 0.969077 0.645573
vt 0.973631 0.645573
vt 0.978205 0.645573
vt 0.982777 0.645573
vt 0.987331 0.645573
vt 0.950824 0.645573
vt 0.955378 0.645573
vt 0.959950 0.645573
vt 0.964524 0.645573
vt 0.969077 0.640167
vt 0.973631 0.640167
vt 0.978205 0.640167
vt 0.982777 0.640167
vt 0.987331 0.640167
vt 0.950824 0.640167
vt 0.955378 0.640167
vt 0.959950 0.640167
vt 0.964524 0.640167
vt 0.969077 0.634994
vt 0.973631 0.634994
vt 0.978205 0.634994
vt 0.982777 0.634994
vt 0.987331 0.634994
vt 0.950824 0.634994
vt 0.955378 0.634994
vt 0.959950 0.634994
vt 0.964524 0.634994
vt 0.969077 0.631589
vt 0.973631 0.631589
vt 0.978205 0.631589
vt 0.982777 0.631589
vt 0.987331 0.631589
vt 0.950824 0.631589
vt 0.955378 0.631589
vt 0.959950 0.631589
vt 0.964524 0.631589
vt 0.973631 0.628022
vt 0.969077 0.628022
vt 0.969077 0.622981
vt 0.973631 0.622981
vt 0.978205 0.628022
vt 0.978205 0.622981
vt 0.982777 0.628022
vt 0.982777 0.622981
vt 0.987331 0.628022
vt 0.987331 0.622981
vt 0.955378 0.628022
vt 0.950824 0.628022
vt 0.950824 0.622981
vt 0.955378 0.622981
vt 0.959950 0.628022
vt 0.959950 0.622981
vt 0.964524 0.628022
vt 0.964524 0.622981
vt 0.969077 0.603027
vt 0.973631 0.603027
vt 0.978205 0.603027
vt 0.982777 0.603027
vt 0.987331 0.603027
vt 0.950824 0.603027
vt 0.955378 0.603027
vt 0.959950 0.603027
vt 0.964524 0.603027
vt 0.969077 0.340757
vt 0.973631 0.340757
vt 0.978205 0.340757
vt 0.982777 0.340757
vt 0.987331 0.340757
vt 0.950824 0.340757
vt 0.955378 0.340757
vt 0.959950 0.340757
vt 0.964524 0.340757
vt 0.969077 0.335353
vt 0.973631 0.335353
vt 0.978205 0.335353
vt 0.982777 0.335353
vt 0.987331 0.335353
vt 0.950824 0.335353
vt 0.955378 0.335353
vt 0.959950 0.335353
vt 0.964524 0.335353
vt 0.969077 0.330792
vt 0.973631 0.330792
vt 0.978205 0.330792
vt 0.982777 0.330792
vt 0.987331 0.330792
vt 0.950824 0.330792
vt 0.955378 0.330792
vt 0.959950 0.330792
vt 0.964524 0.330792
vt 0.969077 0.326655
vt 0.973631 0.326655
vt 0.978205 0.326655
vt 0.982777 0.326655
vt 0.987331 0.326655
vt 0.950824 0.326655
vt 0.955378 0.326655
vt 0.959950 0.326655
vt 0.964524 0.326655
vt 0.973631 0.310208
vt 0.969077 0.310208
vt 0.969077 0.261616
vt 0.973631 0.261616
vt 0.978205 0.310208
vt 0.978205 0.261616
vt 0.982777 0.310208
vt 0.982777 0.261616
vt 0.987331 0.310208
vt 0.987331 0.261616
vt 0.955378 0.310208
vt 0.950824 0.310208
vt 0.950824 0.261616
vt 0.955378 0.261616
vt 0.959950 0.310208
vt 0.959950 0.261616
vt 0.964524 0.310208
vt 0.964524 0.261616
vt 0.973631 0.320105
vt 0.969077 0.320105
vt 0.969077 0.318082
vt 0.973631 0.318082
vt 0.978205 0.320105
vt 0.978205 0.318082
vt 0.982777 0.320105
vt 0.982777 0.318082
vt 0.987331 0.320105
vt 0.987331 0.318082
vt 0.955378 0.320105
vt 0.950824 0.320105
vt 0.950824 0.318082
vt 0.955378 0.318082
vt 0.959950 0.320105
vt 0.959950 0.318082
vt 0.964524 0.320105
vt 0.964524 0.318082
vt 0.973631 0.316005
vt 0.969077 0.316005
vt 0.969077 0.313146
vt 0.973631 0.313146
vt 0.978205 0.316005
vt 0.978205 0.313146
vt 0.982777 0.316005
vt 0.982777 0.313146
vt 0.987331 0.316005
vt 0.987331 0.313146
vt 0.955378 0.316005
vt 0.950824 0.316005
vt 0.950824 0.313146
vt 0.955378 0.313146
vt 0.959950 0.316005
vt 0.959950 0.313146
vt 0.964524 0.316005
vt 0.964524 0.313146
vt 0.969077 0.323336
vt 0.973631 0.323336
vt 0.978205 0.323336
vt 0.982777 0.323336
vt 0.987331 0.323336
vt 0.950824 0.323336
vt 0.955378 0.323336
vt 0.959950 0.323336
vt 0.964524 0.323336
vn 0.0109 0.9999 -0.0005
vn 0.0102 0.9999 -0.0039
vn 0.0085 0.9999 -0.0069
vn 0.0060 0.9999 -0.0092
vn 0.0029 0.9999 -0.0106
vn -0.0005 0.9999 -0.0109
vn -0.0039 0.9999 -0.0102
vn -0.0069 0.9999 -0.0085
vn -0.0092 0.9999 -0.0060
vn -0.0106 0.9999 -0.0029
vn -0.0109 0.9999 0.0005
vn -0.0102 0.9999 0.0039
vn -0.0085 0.9999 0.0069
vn -0.0060 0.9999 0.0092
vn -0.0029 0.9999 0.0106
vn 0.0005 0.9999 0.0109
vn 0.0039 0.9999 0.0102
vn 0.0069 0.9999 0.0085
vn 0.0092 0.9999 0.0060
vn 0.0106 0.9999 0.0029
vn 0.0106 0.9999 -0.0029
vn 0.0092 0.9999 -0.0060
vn 0.0069 0.9999 -0.0085
vn 0.0039 0.9999 -0.0102
vn 0.0005 0.9999 -0.0109
vn -0.0029 0.9999 -0.0106
vn -0.0060 0.9999 -0.0092
vn -0.0085 0.9999 -0.0069
vn -0.0102 0.9999 -0.0039
vn -0.0109 0.9999 -0.0005
vn -0.0106 0.9999 0.0029
vn -0.0092 0.9999 0.0060
vn -0.0069 0.9999 0.0085
vn -0.0039 0.9999 0.0102
vn -0.0005 0.9999 0.0109
vn 0.0029 0.9999 0.0106
vn 0.0060 0.9999 0.0092
vn 0.0085 0.9999 0.0069
vn 0.0102 0.9999 0.0039
vn 0.0109 0.9999 0.0005
vn -0.0000 -1.0000 0.0000
vn 0.0000 1.0000 -0.0000
vn 0.0000 -0.0000 1.0000
vn 0.0000 -1.0000 0.0005
vn 0.0001 -1.0000 0.0005
vn -0.0001 -1.0000 0.0005
vn 0.0004 -1.0000 -0.0003
vn 0.0003 -1.0000 -0.0003
vn 0.0004 -1.0000 -0.0002
vn 0.8192 -0.0000 -0.5736
vn 0.8191 0.0000 -0.5736
vn -0.0004 -1.0000 -0.0001
vn -0.0005 -1.0000 -0.0001
vn -0.0004 -1.0000 -0.0002
vn -0.9397 -0.0000 -0.3420
vn 0.9590 0.2832 0.0000
vn 0.8762 0.4819 0.0000
vn 0.8645 0.4836 -0.1369
vn 0.9463 0.2865 -0.1498
vn 0.9121 0.2832 -0.2963
vn 0.8333 0.4819 -0.2708
vn 0.7799 0.4836 -0.3974
vn 0.8536 0.2866 -0.4349
vn 0.7759 0.2832 -0.5637
vn 0.7089 0.4819 -0.5150
vn 0.6189 0.4836 -0.6189
vn 0.6774 0.2865 -0.6774
vn 0.5637 0.2832 -0.7759
vn 0.5150 0.4819 -0.7089
vn 0.3974 0.4836 -0.7799
vn 0.4349 0.2865 -0.8536
vn 0.2963 0.2832 -0.9121
vn 0.2708 0.4819 -0.8333
vn 0.1369 0.4836 -0.8645
vn 0.1498 0.2865 -0.9463
vn -0.0473 0.2829 -0.9580
vn -0.0432 0.4814 -0.8754
vn -0.1369 0.4836 -0.8645
vn -0.1498 0.2865 -0.9463
vn -0.2963 0.2832 -0.9121
vn -0.2708 0.4819 -0.8333
vn -0.3974 0.4836 -0.7799
vn -0.4349 0.2866 -0.8536
vn -0.5637 0.2832 -0.7759
vn -0.5150 0.4819 -0.7089
vn -0.6189 0.4836 -0.6189
vn -0.6774 0.2865 -0.6774
vn -0.7759 0.2832 -0.5637
vn -0.7089 0.4819 -0.5150
vn -0.7799 0.4836 -0.3974
vn -0.8536 0.2866 -0.4349
vn -0.9121 0.2832 -0.2963
vn -0.8333 0.4819 -0.2708
vn -0.8645 0.4836 -0.1369
vn -0.9463 0.2865 -0.1498
vn -0.9590 0.2832 0.0000
vn -0.8762 0.4819 0.0000
vn -0.8645 0.4836 0.1369
vn -0.9463 0.2865 0.1498
vn -0.9121 0.2832 0.2963
vn -0.8333 0.4819 0.2708
vn -0.7799 0.4836 0.3974
vn -0.8536 0.2865 0.4349
vn -0.7759 0.2832 0.5637
vn -0.7089 0.4819 0.5150
vn -0.6189 0.4836 0.6189
vn -0.6774 0.2866 0.6774
vn -0.5637 0.2832 0.7759
vn -0.5150 0.4819 0.7089
vn -0.3974 0.4836 0.7799
vn -0.4349 0.2866 0.8536
vn -0.2963 0.2832 0.9121
vn -0.2708 0.4819 0.8333
vn -0.1369 0.4836 0.8645
vn -0.1498 0.2865 0.9463
vn 0.0000 0.2832 0.9590
vn 0.0000 0.4819 0.8762
vn 0.1369 0.4836 0.8645
vn 0.1498 0.2866 0.9463
vn 0.2963 0.2832 0.9121
vn 0.2708 0.4819 0.8333
vn 0.3974 0.4836 0.7799
vn 0.4349 0.2866 0.8536
vn 0.5637 0.2832 0.7759
vn 0.5150 0.4819 0.7089
vn 0.6189 0.4836 0.6189
vn 0.6774 0.2866 0.6774
vn 0.7759 0.2832 0.5637
vn 0.7089 0.4819 0.5150
vn 0.7799 0.4836 0.3974
vn 0.8536 0.2865 0.4349
vn 0.9121 0.2832 0.2963
vn 0.8333 0.4819 0.2708
vn 0.8645 0.4836 0.1369
vn 0.9463 0.2865 0.1498
vn 0.9353 0.3212 -0.1481
vn 0.9001 0.3229 -0.2924
vn 0.6641 0.7158 -0.2158
vn 0.6921 0.7134 -0.1096
vn 0.8438 0.3212 -0.4299
vn 0.7656 0.3229 -0.5563
vn 0.5650 0.7157 -0.4105
vn 0.6243 0.7134 -0.3181
vn 0.6696 0.3212 -0.6696
vn 0.5563 0.3230 -0.7656
vn 0.4104 0.7158 -0.5650
vn 0.4955 0.7134 -0.4955
vn 0.4299 0.3212 -0.8438
vn 0.2924 0.3230 -0.9001
vn 0.2158 0.7158 -0.6641
vn 0.3181 0.7135 -0.6243
vn 0.1481 0.3212 -0.9353
vn 0.0467 0.3226 -0.9454
vn 0.0345 0.7153 -0.6979
vn 0.1096 0.7134 -0.6921
vn -0.1481 0.3212 -0.9353
vn -0.2924 0.3230 -0.9001
vn -0.2158 0.7158 -0.6641
vn -0.1096 0.7134 -0.6921
vn -0.4299 0.3212 -0.8438
vn -0.5563 0.3229 -0.7656
vn -0.4105 0.7158 -0.5650
vn -0.3181 0.7135 -0.6243
vn -0.6696 0.3212 -0.6696
vn -0.7656 0.3229 -0.5563
vn -0.5650 0.7157 -0.4105
vn -0.4955 0.7134 -0.4955
vn -0.8438 0.3212 -0.4299
vn -0.9001 0.3230 -0.2924
vn -0.6641 0.7158 -0.2158
vn -0.6243 0.7135 -0.3181
vn -0.9353 0.3212 -0.1481
vn -0.9464 0.3229 0.0000
vn -0.6983 0.7158 0.0000
vn -0.6921 0.7134 -0.1096
vn -0.9353 0.3212 0.1481
vn -0.9001 0.3230 0.2924
vn -0.6641 0.7158 0.2158
vn -0.6921 0.7134 0.1096
vn -0.8438 0.3212 0.4299
vn -0.7656 0.3229 0.5563
vn -0.5650 0.7157 0.4105
vn -0.6243 0.7135 0.3181
vn -0.6696 0.3211 0.6696
vn -0.5563 0.3229 0.7656
vn -0.4105 0.7157 0.5650
vn -0.4955 0.7134 0.4955
vn -0.4299 0.3212 0.8438
vn -0.2924 0.3230 0.9001
vn -0.2158 0.7158 0.6641
vn -0.3181 0.7135 0.6243
vn -0.1481 0.3212 0.9353
vn 0.0000 0.3229 0.9464
vn 0.0000 0.7157 0.6984
vn -0.1096 0.7134 0.6921
vn 0.1481 0.3212 0.9353
vn 0.2925 0.3229 0.9001
vn 0.2158 0.7157 0.6642
vn 0.1096 0.7134 0.6921
vn 0.4299 0.3211 0.8438
vn 0.5563 0.3230 0.7656
vn 0.4104 0.7158 0.5649
vn 0.3181 0.7134 0.6243
vn 0.6696 0.3212 0.6696
vn 0.7656 0.3230 0.5563
vn 0.5649 0.7158 0.4104
vn 0.4955 0.7134 0.4955
vn 0.8438 0.3212 0.4299
vn 0.9001 0.3229 0.2924
vn 0.6641 0.7158 0.2158
vn 0.6243 0.7135 0.3181
vn 0.9353 0.3212 0.1481
vn 0.9464 0.3229 0.0000
vn 0.6983 0.7158 0.0000
vn 0.6921 0.7134 0.1096
vn 0.0473 0.2829 -0.9580
vn 0.3805 0.9228 -0.0602
vn 0.3625 0.9245 -0.1178
vn 0.1987 0.9779 -0.0645
vn 0.2055 0.9781 -0.0325
vn 0.3433 0.9228 -0.1749
vn 0.3084 0.9245 -0.2240
vn 0.1690 0.9779 -0.1228
vn 0.1854 0.9781 -0.0944
vn 0.2724 0.9228 -0.2724
vn 0.2240 0.9245 -0.3084
vn 0.1228 0.9779 -0.1690
vn 0.1471 0.9781 -0.1471
vn 0.1749 0.9228 -0.3433
vn 0.1178 0.9245 -0.3625
vn 0.0645 0.9779 -0.1987
vn 0.0944 0.9781 -0.1854
vn 0.0602 0.9228 -0.3805
vn 0.0188 0.9243 -0.3811
vn 0.0103 0.9778 -0.2089
vn 0.0325 0.9781 -0.2055
vn -0.0602 0.9228 -0.3805
vn -0.1178 0.9245 -0.3625
vn -0.0645 0.9779 -0.1987
vn -0.0325 0.9781 -0.2055
vn -0.1749 0.9228 -0.3433
vn -0.2240 0.9245 -0.3084
vn -0.1228 0.9779 -0.1690
vn -0.0944 0.9781 -0.1854
vn -0.2724 0.9228 -0.2724
vn -0.3084 0.9245 -0.2240
vn -0.1690 0.9779 -0.1228
vn -0.1471 0.9781 -0.1471
vn -0.3433 0.9228 -0.1749
vn -0.3625 0.9245 -0.1178
vn -0.1987 0.9779 -0.0645
vn -0.1854 0.9781 -0.0944
vn -0.3805 0.9228 -0.0602
vn -0.3811 0.9245 0.0000
vn -0.2090 0.9779 0.0000
vn -0.2055 0.9781 -0.0325
vn -0.3805 0.9228 0.0602
vn -0.3625 0.9245 0.1178
vn -0.1987 0.9779 0.0645
vn -0.2055 0.9781 0.0325
vn -0.3433 0.9228 0.1749
vn -0.3084 0.9245 0.2240
vn -0.1690 0.9779 0.1228
vn -0.1854 0.9781 0.0944
vn -0.2724 0.9228 0.2724
vn -0.2240 0.9245 0.3084
vn -0.1228 0.9779 0.1690
vn -0.1471 0.9781 0.1471
vn -0.1749 0.9228 0.3433
vn -0.1178 0.9245 0.3625
vn -0.0645 0.9779 0.1987
vn -0.0944 0.9781 0.1854
vn -0.0602 0.9228 0.3805
vn 0.0000 0.9245 0.3811
vn 0.0000 0.9779 0.2090
vn -0.0325 0.9781 0.2055
vn 0.0602 0.9228 0.3805
vn 0.1178 0.9245 0.3625
vn 0.0645 0.9779 0.1987
vn 0.0325 0.9781 0.2055
vn 0.1749 0.9228 0.3432
vn 0.2240 0.9245 0.3084
vn 0.1228 0.9779 0.1690
vn 0.0944 0.9781 0.1854
vn 0.2724 0.9228 0.2724
vn 0.3084 0.9245 0.2240
vn 0.1690 0.9779 0.1228
vn 0.1471 0.9781 0.1471
vn 0.3433 0.9228 0.1749
vn 0.3625 0.9245 0.1178
vn 0.1987 0.9779 0.0645
vn 0.1854 0.9781 0.0944
vn 0.3805 0.9228 0.0602
vn 0.3811 0.9245 0.0000
vn 0.2090 0.9779 0.0000
vn 0.2055 0.9781 0.0325
vn 0.3898 0.9188 -0.0617
vn 0.3768 0.9181 -0.1224
vn 0.3516 0.9188 -0.1792
vn 0.3205 0.9181 -0.2329
vn 0.2791 0.9188 -0.2791
vn 0.2329 0.9181 -0.3205
vn 0.1792 0.9188 -0.3516
vn 0.1224 0.9181 -0.3768
vn 0.0617 0.9188 -0.3898
vn 0.0195 0.9180 -0.3961
vn -0.0617 0.9188 -0.3898
vn -0.1224 0.9181 -0.3768
vn -0.1792 0.9188 -0.3516
vn -0.2329 0.9181 -0.3205
vn -0.2791 0.9188 -0.2791
vn -0.3205 0.9181 -0.2329
vn -0.3516 0.9188 -0.1792
vn -0.3768 0.9181 -0.1224
vn -0.3898 0.9188 -0.0617
vn -0.3962 0.9181 0.0000
vn -0.3898 0.9188 0.0617
vn -0.3768 0.9181 0.1224
vn -0.3516 0.9188 0.1792
vn -0.3205 0.9181 0.2329
vn -0.2791 0.9188 0.2791
vn -0.2329 0.9181 0.3205
vn -0.1792 0.9188 0.3516
vn -0.1224 0.9181 0.3768
vn -0.0617 0.9188 0.3898
vn 0.0000 0.9181 0.3962
vn 0.0617 0.9188 0.3898
vn 0.1224 0.9181 0.3768
vn 0.1792 0.9188 0.3516
vn 0.2329 0.9181 0.3205
vn 0.2791 0.9188 0.2791
vn 0.3205 0.9181 0.2329
vn 0.3516 0.9188 0.1792
vn 0.3768 0.9181 0.1224
vn 0.3898 0.9188 0.0617
vn 0.3962 0.9181 0.0000
vn 0.0970 0.9948 -0.0315
vn 0.1003 0.9948 -0.0159
vn 0.0825 0.9948 -0.0599
vn 0.0905 0.9948 -0.0461
vn 0.0599 0.9948 -0.0825
vn 0.0718 0.9948 -0.0718
vn 0.0315 0.9948 -0.0970
vn 0.0461 0.9948 -0.0905
vn 0.0050 0.9948 -0.1020
vn 0.0159 0.9948 -0.1003
vn -0.0315 0.9948 -0.0970
vn -0.0159 0.9948 -0.1003
vn -0.0599 0.9948 -0.0825
vn -0.0461 0.9948 -0.0905
vn -0.0825 0.9948 -0.0599
vn -0.0718 0.9948 -0.0718
vn -0.0970 0.9948 -0.0315
vn -0.0905 0.9948 -0.0461
vn -0.1020 0.9948 0.0000
vn -0.1003 0.9948 -0.0159
vn -0.0970 0.9948 0.0315
vn -0.1003 0.9948 0.0159
vn -0.0825 0.9948 0.0599
vn -0.0905 0.9948 0.0461
vn -0.0599 0.9948 0.0825
vn -0.0718 0.9948 0.0718
vn -0.0315 0.9948 0.0970
vn -0.0461 0.9948 0.0905
vn 0.0000 0.9948 0.1020
vn -0.0159 0.9948 0.1003
vn 0.0315 0.9948 0.0970
vn 0.0159 0.9948 0.1003
vn 0.0599 0.9948 0.0825
vn 0.0461 0.9948 0.0905
vn 0.0825 0.9948 0.0599
vn 0.0718 0.9948 0.0718
vn 0.0970 0.9948 0.0315
vn 0.0905 0.9948 0.0461
vn 0.1020 0.9948 0.0000
vn 0.1003 0.9948 0.0159
vn 0.8347 0.4792 -0.2712
vn 0.6591 0.7209 -0.2141
vn 0.6828 0.7225 -0.1081
vn 0.8686 0.4760 -0.1375
vn 0.7101 0.4792 -0.5159
vn 0.5607 0.7209 -0.4073
vn 0.6160 0.7225 -0.3139
vn 0.7836 0.4760 -0.3992
vn 0.5159 0.4791 -0.7101
vn 0.4073 0.7209 -0.5607
vn 0.4888 0.7225 -0.4889
vn 0.6218 0.4760 -0.6218
vn 0.2712 0.4791 -0.8347
vn 0.2141 0.7209 -0.6591
vn 0.3139 0.7225 -0.6160
vn 0.3992 0.4761 -0.7836
vn 0.0433 0.4787 -0.8769
vn 0.0342 0.7205 -0.6926
vn 0.1081 0.7225 -0.6829
vn 0.1375 0.4760 -0.8686
vn -0.2712 0.4791 -0.8347
vn -0.2141 0.7209 -0.6591
vn -0.1081 0.7225 -0.6829
vn -0.1375 0.4760 -0.8686
vn -0.5159 0.4791 -0.7101
vn -0.4073 0.7209 -0.5607
vn -0.3139 0.7225 -0.6160
vn -0.3992 0.4760 -0.7836
vn -0.7101 0.4792 -0.5159
vn -0.5606 0.7209 -0.4073
vn -0.4888 0.7225 -0.4888
vn -0.6218 0.4760 -0.6218
vn -0.8347 0.4792 -0.2712
vn -0.6591 0.7209 -0.2141
vn -0.6160 0.7225 -0.3139
vn -0.7836 0.4760 -0.3992
vn -0.8777 0.4791 0.0000
vn -0.6930 0.7209 0.0000
vn -0.6828 0.7225 -0.1081
vn -0.8686 0.4760 -0.1375
vn -0.8347 0.4792 0.2712
vn -0.6591 0.7209 0.2141
vn -0.6828 0.7225 0.1081
vn -0.8686 0.4760 0.1375
vn -0.7101 0.4791 0.5159
vn -0.5607 0.7209 0.4073
vn -0.6160 0.7225 0.3139
vn -0.7836 0.4760 0.3992
vn -0.5159 0.4792 0.7101
vn -0.4073 0.7209 0.5607
vn -0.4888 0.7225 0.4888
vn -0.6218 0.4760 0.6218
vn -0.2712 0.4792 0.8347
vn -0.2141 0.7209 0.6591
vn -0.3139 0.7225 0.6160
vn -0.3992 0.4760 0.7836
vn 0.0000 0.4791 0.8777
vn 0.0000 0.7209 0.6930
vn -0.1081 0.7225 0.6828
vn -0.1375 0.4760 0.8686
vn 0.2712 0.4791 0.8347
vn 0.2141 0.7209 0.6591
vn 0.1081 0.7225 0.6828
vn 0.1375 0.4760 0.8686
vn 0.5159 0.4791 0.7101
vn 0.4073 0.7209 0.5607
vn 0.3139 0.7225 0.6160
vn 0.3992 0.4760 0.7836
vn 0.7101 0.4792 0.5159
vn 0.5607 0.7209 0.4073
vn 0.4888 0.7225 0.4888
vn 0.6218 0.4760 0.6218
vn 0.8347 0.4791 0.2712
vn 0.6591 0.7209 0.2141
vn 0.6160 0.7225 0.3139
vn 0.7836 0.4760 0.3992
vn 0.8777 0.4791 0.0000
vn 0.6930 0.7209 0.0000
vn 0.6829 0.7225 0.1081
vn 0.8686 0.4760 0.1375
vn 0.4056 -0.9045 -0.1318
vn 0.5903 -0.7841 -0.1918
vn 0.6164 -0.7813 -0.0976
vn 0.4197 -0.9052 -0.0665
vn 0.3450 -0.9045 -0.2507
vn 0.5021 -0.7841 -0.3648
vn 0.5560 -0.7813 -0.2833
vn 0.3786 -0.9052 -0.1929
vn 0.2507 -0.9045 -0.3450
vn 0.3648 -0.7841 -0.5021
vn 0.4413 -0.7813 -0.4413
vn 0.3005 -0.9052 -0.3004
vn 0.1318 -0.9045 -0.4056
vn 0.1918 -0.7841 -0.5903
vn 0.2833 -0.7814 -0.5560
vn 0.1929 -0.9052 -0.3786
vn 0.0210 -0.9043 -0.4264
vn 0.0306 -0.7837 -0.6204
vn 0.0976 -0.7813 -0.6164
vn 0.0665 -0.9052 -0.4197
vn -0.1318 -0.9045 -0.4056
vn -0.1918 -0.7841 -0.5903
vn -0.0976 -0.7813 -0.6164
vn -0.0665 -0.9052 -0.4197
vn -0.2507 -0.9045 -0.3450
vn -0.3648 -0.7841 -0.5021
vn -0.2833 -0.7814 -0.5560
vn -0.1929 -0.9052 -0.3786
vn -0.3450 -0.9045 -0.2507
vn -0.5021 -0.7841 -0.3648
vn -0.4413 -0.7813 -0.4413
vn -0.3005 -0.9052 -0.3004
vn -0.4056 -0.9045 -0.1318
vn -0.5903 -0.7841 -0.1918
vn -0.5560 -0.7813 -0.2833
vn -0.3786 -0.9052 -0.1929
vn -0.4265 -0.9045 0.0000
vn -0.6207 -0.7841 0.0000
vn -0.6164 -0.7814 -0.0976
vn -0.4197 -0.9052 -0.0665
vn -0.4056 -0.9045 0.1318
vn -0.5903 -0.7841 0.1918
vn -0.6164 -0.7813 0.0976
vn -0.4197 -0.9052 0.0665
vn -0.3450 -0.9045 0.2507
vn -0.5021 -0.7841 0.3648
vn -0.5560 -0.7813 0.2833
vn -0.3786 -0.9052 0.1929
vn -0.2507 -0.9045 0.3450
vn -0.3648 -0.7841 0.5021
vn -0.4413 -0.7813 0.4413
vn -0.3005 -0.9052 0.3005
vn -0.1318 -0.9044 0.4057
vn -0.1918 -0.7841 0.5903
vn -0.2833 -0.7813 0.5560
vn -0.1929 -0.9052 0.3786
vn 0.0000 -0.9045 0.4265
vn 0.0000 -0.7841 0.6207
vn -0.0976 -0.7813 0.6164
vn -0.0664 -0.9052 0.4197
vn 0.1318 -0.9044 0.4057
vn 0.1918 -0.7841 0.5903
vn 0.0976 -0.7813 0.6164
vn 0.0664 -0.9052 0.4197
vn 0.2507 -0.9045 0.3450
vn 0.3648 -0.7841 0.5021
vn 0.2833 -0.7813 0.5560
vn 0.1929 -0.9052 0.3786
vn 0.3450 -0.9045 0.2507
vn 0.5021 -0.7841 0.3648
vn 0.4413 -0.7813 0.4413
vn 0.3005 -0.9052 0.3005
vn 0.4056 -0.9045 0.1318
vn 0.5903 -0.7841 0.1918
vn 0.5560 -0.7813 0.2833
vn 0.3786 -0.9052 0.1929
vn 0.4265 -0.9045 0.0000
vn 0.6207 -0.7841 0.0000
vn 0.6164 -0.7813 0.0976
vn 0.4197 -0.9052 0.0665
vn 0.9996 -0.0284 0.0000
vn 0.9873 -0.0284 -0.1563
vn 0.9507 -0.0285 -0.3089
vn 0.8906 -0.0284 -0.4538
vn 0.8087 -0.0285 -0.5875
vn 0.7068 -0.0283 -0.7068
vn 0.5875 -0.0284 -0.8087
vn 0.4538 -0.0283 -0.8906
vn 0.3089 -0.0285 -0.9507
vn 0.1563 -0.0283 -0.9873
vn -0.0433 0.4787 -0.8769
vn -0.0493 -0.0284 -0.9984
vn -0.1563 -0.0283 -0.9873
vn -0.3089 -0.0285 -0.9507
vn -0.4538 -0.0283 -0.8906
vn -0.5875 -0.0284 -0.8087
vn -0.7068 -0.0284 -0.7068
vn -0.8087 -0.0285 -0.5875
vn -0.8906 -0.0284 -0.4538
vn -0.9507 -0.0285 -0.3089
vn -0.9873 -0.0283 -0.1563
vn -0.9996 -0.0284 0.0000
vn -0.9873 -0.0284 0.1563
vn -0.9507 -0.0285 0.3089
vn -0.8906 -0.0283 0.4538
vn -0.8087 -0.0284 0.5875
vn -0.7068 -0.0284 0.7068
vn -0.5875 -0.0285 0.8087
vn -0.4538 -0.0284 0.8906
vn -0.3089 -0.0285 0.9507
vn -0.1563 -0.0284 0.9873
vn 0.0000 -0.0285 0.9996
vn 0.1563 -0.0284 0.9873
vn 0.3089 -0.0284 0.9507
vn 0.4538 -0.0283 0.8906
vn 0.5875 -0.0285 0.8087
vn 0.7068 -0.0284 0.7068
vn 0.8087 -0.0285 0.5875
vn 0.8906 -0.0284 0.4538
vn 0.9507 -0.0285 0.3089
vn 0.9873 -0.0284 0.1563
vn 0.8819 -0.4503 -0.1397
vn 0.8921 -0.4519 0.0000
vn 0.7956 -0.4503 -0.4053
vn 0.8484 -0.4519 -0.2756
vn 0.6313 -0.4503 -0.6313
vn 0.7217 -0.4519 -0.5243
vn 0.4053 -0.4503 -0.7956
vn 0.5243 -0.4519 -0.7217
vn 0.1397 -0.4502 -0.8819
vn 0.2756 -0.4518 -0.8484
vn -0.1397 -0.4502 -0.8819
vn -0.0440 -0.4514 -0.8912
vn -0.0306 -0.7837 -0.6204
vn -0.4053 -0.4503 -0.7956
vn -0.2756 -0.4519 -0.8484
vn -0.6314 -0.4503 -0.6313
vn -0.5243 -0.4519 -0.7217
vn -0.7956 -0.4503 -0.4053
vn -0.7217 -0.4519 -0.5243
vn -0.8819 -0.4503 -0.1397
vn -0.8484 -0.4519 -0.2756
vn -0.8819 -0.4503 0.1397
vn -0.8921 -0.4519 0.0000
vn -0.7956 -0.4503 0.4053
vn -0.8484 -0.4519 0.2756
vn -0.6313 -0.4503 0.6313
vn -0.7217 -0.4519 0.5243
vn -0.4053 -0.4503 0.7956
vn -0.5243 -0.4519 0.7217
vn -0.1397 -0.4503 0.8819
vn -0.2756 -0.4519 0.8484
vn 0.1397 -0.4503 0.8819
vn 0.0000 -0.4519 0.8921
vn 0.4053 -0.4503 0.7956
vn 0.2756 -0.4518 0.8484
vn 0.6314 -0.4503 0.6313
vn 0.5243 -0.4519 0.7217
vn 0.7956 -0.4503 0.4053
vn 0.7217 -0.4519 0.5243
vn 0.8819 -0.4503 0.1397
vn 0.8484 -0.4519 0.2756
vn -0.5390 -0.8238 0.1751
vn -0.5581 -0.8251 0.0884
vn -0.4585 -0.8238 0.3331
vn -0.5034 -0.8251 0.2565
vn -0.3331 -0.8238 0.4585
vn -0.3995 -0.8251 0.3995
vn -0.1751 -0.8238 0.5390
vn -0.2565 -0.8251 0.5034
vn 0.0000 -0.8238 0.5668
vn -0.0884 -0.8251 0.5581
vn 0.1751 -0.8238 0.5390
vn 0.0884 -0.8251 0.5581
vn 0.3331 -0.8238 0.4585
vn 0.2565 -0.8250 0.5034
vn 0.4585 -0.8238 0.3331
vn 0.3995 -0.8251 0.3995
vn 0.5390 -0.8238 0.1751
vn 0.5034 -0.8251 0.2565
vn 0.5668 -0.8238 0.0000
vn 0.5581 -0.8251 0.0884
vn 0.5390 -0.8238 -0.1751
vn 0.5581 -0.8251 -0.0884
vn 0.4585 -0.8238 -0.3331
vn 0.5034 -0.8251 -0.2565
vn 0.3331 -0.8238 -0.4585
vn 0.3995 -0.8251 -0.3995
vn 0.1751 -0.8238 -0.5390
vn 0.2565 -0.8250 -0.5034
vn 0.0000 -0.8238 -0.5668
vn 0.0884 -0.8251 -0.5581
vn -0.1751 -0.8238 -0.5390
vn -0.0884 -0.8251 -0.5581
vn -0.3331 -0.8238 -0.4585
vn -0.2565 -0.8250 -0.5034
vn -0.4585 -0.8238 -0.3331
vn -0.3995 -0.8251 -0.3995
vn -0.5390 -0.8238 -0.1751
vn -0.5034 -0.8251 -0.2565
vn -0.5668 -0.8238 0.0000
vn -0.5581 -0.8251 -0.0884
vn 0.0432 0.4814 -0.8754
vn -0.0345 0.7153 -0.6979
vn -0.0467 0.3226 -0.9454
vn -0.0103 0.9778 -0.2089
vn -0.0188 0.9243 -0.3811
vn -0.0195 0.9180 -0.3961
vn -0.0050 0.9948 -0.1020
vn -0.0342 0.7205 -0.6926
vn -0.0210 -0.9043 -0.4264
vn 0.0493 -0.0284 -0.9984
vn 0.0440 -0.4514 -0.8912
vn 1.0000 0.0000 0.0000
vn 0.9510 0.0000 -0.3090
vn 0.8090 0.0000 -0.5878
vn 0.5878 0.0000 -0.8090
vn 0.3090 0.0000 -0.9510
vn 0.1564 0.0000 -0.9877
vn -0.1564 0.0000 -0.9877
vn -0.3090 0.0000 -0.9510
vn -0.5878 0.0000 -0.8090
vn -0.8090 0.0000 -0.5878
vn -0.9510 0.0000 -0.3090
vn -1.0000 0.0000 0.0000
vn -0.9510 0.0000 0.3090
vn -0.8090 0.0000 0.5878
vn -0.5878 0.0000 0.8090
vn -0.3090 0.0000 0.9510
vn 0.3090 0.0000 0.9510
vn 0.5878 0.0000 0.8090
vn 0.8090 0.0000 0.5878
vn 0.9510 0.0000 0.3090
vn 0.0690 -0.9976 0.0000
vn 0.0656 -0.9976 -0.0213
vn 0.0558 -0.9976 -0.0405
vn 0.0405 -0.9976 -0.0558
vn 0.0213 -0.9976 -0.0656
vn 0.0109 -0.9975 -0.0690
vn -0.0109 -0.9975 -0.0690
vn -0.0213 -0.9976 -0.0656
vn -0.0405 -0.9976 -0.0558
vn -0.0558 -0.9976 -0.0405
vn -0.0656 -0.9976 -0.0213
vn -0.0690 -0.9976 0.0000
vn -0.0656 -0.9976 0.0213
vn -0.0558 -0.9976 0.0405
vn -0.0405 -0.9976 0.0558
vn -0.0213 -0.9976 0.0656
vn 0.0000 -0.9976 0.0690
vn 0.0213 -0.9976 0.0656
vn 0.0405 -0.9976 0.0558
vn 0.0558 -0.9976 0.0405
vn 0.0656 -0.9976 0.0213
vn 0.7026 -0.7115 0.0000
vn 0.6683 -0.7115 -0.2171
vn 0.5684 -0.7116 -0.4129
vn 0.5684 -0.7116 -0.4130
vn 0.4130 -0.7115 -0.5684
vn 0.2171 -0.7115 -0.6682
vn 0.1106 -0.7072 -0.6983
vn -0.1106 -0.7072 -0.6983
vn -0.2171 -0.7115 -0.6683
vn -0.4129 -0.7116 -0.5684
vn -0.5684 -0.7116 -0.4129
vn -0.5684 -0.7116 -0.4130
vn -0.6683 -0.7115 -0.2171
vn -0.7026 -0.7115 0.0000
vn -0.6683 -0.7115 0.2171
vn -0.5684 -0.7115 0.4130
vn -0.4129 -0.7116 0.5684
vn -0.4130 -0.7116 0.5684
vn -0.2171 -0.7115 0.6682
vn 0.0000 -0.7114 0.7027
vn 0.2171 -0.7115 0.6682
vn 0.4130 -0.7115 0.5684
vn 0.5684 -0.7115 0.4130
vn 0.6683 -0.7115 0.2171
vn 0.6684 0.7114 -0.2171
vn 0.6684 0.7114 -0.2172
vn 0.7027 0.7114 0.0000
vn 0.6684 0.7114 0.2172
vn 0.6684 0.7114 0.2171
vn 0.5685 0.7114 0.4131
vn 0.5685 0.7114 0.4130
vn 0.4131 0.7114 0.5685
vn 0.4130 0.7114 0.5685
vn 0.2171 0.7114 0.6684
vn 0.0000 0.7114 0.7028
vn -0.2171 0.7114 0.6684
vn -0.2171 0.7114 0.6683
vn -0.4130 0.7115 0.5685
vn -0.5685 0.7114 0.4131
vn -0.5685 0.7114 0.4130
vn -0.6684 0.7114 0.2171
vn -0.7027 0.7114 0.0000
vn -0.6684 0.7114 -0.2171
vn -0.5685 0.7115 -0.4130
vn -0.4130 0.7115 -0.5685
vn -0.2172 0.7114 -0.6684
vn -0.2171 0.7114 -0.6684
vn 0.0000 0.7114 -0.7027
vn 0.2172 0.7114 -0.6684
vn 0.2171 0.7114 -0.6684
vn 0.4131 0.7114 -0.5685
vn 0.4130 0.7114 -0.5685
vn 0.5685 0.7115 -0.4130
vn 0.9510 0.3090 0.0000
vn 0.8090 0.5878 0.0000
vn 0.5878 0.8090 0.0000
vn 0.3090 0.9510 0.0000
vn -0.3090 0.9510 0.0000
vn -0.5878 0.8090 0.0000
vn -0.8090 0.5878 0.0000
vn -0.9510 0.3090 0.0000
vn -0.9510 -0.3090 0.0000
vn -0.8090 -0.5878 0.0000
vn -0.5878 -0.8090 0.0000
vn -0.3090 -0.9510 0.0000
vn -0.1564 -0.9877 0.0000
vn 0.1564 -0.9877 0.0000
vn 0.3090 -0.9510 0.0000
vn 0.5878 -0.8090 0.0000
vn 0.8090 -0.5878 0.0000
vn 0.9510 -0.3090 0.0000
vn 0.7617 0.0000 -0.6478
vn 0.6925 0.0000 -0.7214
vn 0.6586 0.2140 -0.7214
vn 0.7245 0.2354 -0.6478
vn 0.5603 0.4071 -0.7214
vn 0.6163 0.4477 -0.6478
vn 0.4070 0.5603 -0.7214
vn 0.4477 0.6163 -0.6478
vn 0.2140 0.6586 -0.7214
vn 0.2354 0.7245 -0.6478
vn 0.0000 0.6925 -0.7214
vn 0.0000 0.7617 -0.6478
vn -0.2140 0.6586 -0.7214
vn -0.2354 0.7245 -0.6478
vn -0.4070 0.5602 -0.7214
vn -0.4478 0.6163 -0.6478
vn -0.5602 0.4070 -0.7214
vn -0.6163 0.4477 -0.6478
vn -0.6586 0.2140 -0.7214
vn -0.7244 0.2354 -0.6478
vn -0.6925 0.0000 -0.7214
vn -0.7617 0.0000 -0.6478
vn -0.6586 -0.2140 -0.7214
vn -0.7244 -0.2354 -0.6478
vn -0.5602 -0.4070 -0.7214
vn -0.6163 -0.4477 -0.6479
vn -0.4071 -0.5602 -0.7214
vn -0.4477 -0.6163 -0.6478
vn -0.2140 -0.6586 -0.7214
vn -0.2354 -0.7244 -0.6478
vn -0.1090 -0.6883 -0.7171
vn -0.1198 -0.7563 -0.6432
vn 0.1198 -0.7563 -0.6432
vn 0.1090 -0.6884 -0.7171
vn 0.2140 -0.6586 -0.7214
vn 0.2354 -0.7245 -0.6478
vn 0.4070 -0.5602 -0.7214
vn 0.4477 -0.6163 -0.6478
vn 0.5602 -0.4070 -0.7214
vn 0.6163 -0.4477 -0.6478
vn 0.6586 -0.2140 -0.7214
vn 0.7245 -0.2354 -0.6478
vn 0.9529 0.0000 -0.3032
vn 0.9063 0.2944 -0.3032
vn 0.7709 0.5601 -0.3032
vn 0.5601 0.7709 -0.3032
vn 0.2944 0.9063 -0.3032
vn 0.0000 0.9529 -0.3032
vn -0.2944 0.9063 -0.3032
vn -0.5601 0.7709 -0.3032
vn -0.7709 0.5601 -0.3032
vn -0.9063 0.2944 -0.3032
vn -0.9529 0.0000 -0.3032
vn -0.9063 -0.2944 -0.3032
vn -0.7709 -0.5601 -0.3032
vn -0.5601 -0.7709 -0.3032
vn -0.2945 -0.9063 -0.3031
vn -0.1492 -0.9423 -0.2998
vn 0.1492 -0.9422 -0.2998
vn 0.2945 -0.9063 -0.3032
vn 0.5601 -0.7709 -0.3032
vn 0.7709 -0.5601 -0.3032
vn 0.9063 -0.2944 -0.3032
vn -0.1563 -0.9877 0.0000
vn 0.1563 -0.9877 0.0000
vn 0.6104 0.0000 0.7921
vn 0.5805 0.1886 0.7921
vn 0.4144 0.1347 0.9000
vn 0.4358 0.0000 0.9000
vn 0.4938 0.3587 0.7921
vn 0.3526 0.2561 0.9000
vn 0.3588 0.4938 0.7921
vn 0.2562 0.3525 0.9000
vn 0.1886 0.5805 0.7921
vn 0.1346 0.4145 0.9000
vn 0.0000 0.6104 0.7921
vn 0.0000 0.4358 0.9000
vn -0.1886 0.5805 0.7921
vn -0.1347 0.4144 0.9000
vn -0.3587 0.4938 0.7921
vn -0.2562 0.3525 0.9000
vn -0.4938 0.3587 0.7921
vn -0.3525 0.2561 0.9001
vn -0.5805 0.1886 0.7921
vn -0.4144 0.1347 0.9000
vn -0.6104 0.0000 0.7921
vn -0.4358 0.0000 0.9000
vn -0.5805 -0.1886 0.7921
vn -0.4145 -0.1346 0.9000
vn -0.4938 -0.3588 0.7921
vn -0.3525 -0.2562 0.9000
vn -0.3587 -0.4938 0.7921
vn -0.2561 -0.3526 0.9000
vn -0.1886 -0.5804 0.7921
vn -0.1346 -0.4145 0.9000
vn -0.0962 -0.6075 0.7884
vn -0.0688 -0.4348 0.8979
vn 0.0962 -0.6075 0.7885
vn 0.1886 -0.5805 0.7921
vn 0.1346 -0.4145 0.9000
vn 0.0688 -0.4348 0.8979
vn 0.3588 -0.4938 0.7920
vn 0.2561 -0.3526 0.9000
vn 0.4938 -0.3588 0.7921
vn 0.3526 -0.2561 0.9000
vn 0.5805 -0.1886 0.7921
vn 0.4145 -0.1346 0.9000
vn 0.9976 0.0000 0.0693
vn 0.9488 0.3082 0.0693
vn 0.9391 0.3051 -0.1582
vn 0.9874 -0.0001 -0.1582
vn 0.8070 0.5864 0.0693
vn 0.7988 0.5804 -0.1582
vn 0.5863 0.8071 0.0693
vn 0.5804 0.7988 -0.1582
vn 0.3083 0.9488 0.0693
vn 0.3051 0.9391 -0.1582
vn 0.0000 0.9976 0.0693
vn 0.0000 0.9874 -0.1582
vn -0.3083 0.9488 0.0693
vn -0.3051 0.9391 -0.1582
vn -0.5863 0.8071 0.0693
vn -0.5804 0.7988 -0.1582
vn -0.8070 0.5864 0.0693
vn -0.7988 0.5803 -0.1582
vn -0.9488 0.3082 0.0693
vn -0.9391 0.3051 -0.1582
vn -0.9976 0.0000 0.0693
vn -0.9874 -0.0000 -0.1582
vn -0.9488 -0.3083 0.0693
vn -0.9391 -0.3051 -0.1582
vn -0.8071 -0.5863 0.0693
vn -0.7988 -0.5804 -0.1582
vn -0.5864 -0.8070 0.0693
vn -0.5803 -0.7988 -0.1582
vn -0.3083 -0.9488 0.0693
vn -0.3051 -0.9391 -0.1582
vn -0.1561 -0.9854 0.0685
vn -0.1545 -0.9756 -0.1563
vn 0.1560 -0.9854 0.0685
vn 0.3083 -0.9488 0.0693
vn 0.3051 -0.9391 -0.1582
vn 0.1544 -0.9756 -0.1563
vn 0.5864 -0.8070 0.0693
vn 0.5803 -0.7989 -0.1581
vn 0.8071 -0.5863 0.0693
vn 0.7988 -0.5803 -0.1582
vn 0.9488 -0.3083 0.0693
vn 0.9391 -0.3051 -0.1582
vn 0.4707 -0.0001 -0.8823
vn 0.4476 0.1454 -0.8823
vn 0.4706 -0.0000 -0.8823
vn 0.3808 0.2766 -0.8823
vn 0.2766 0.3807 -0.8823
vn 0.2767 0.3807 -0.8823
vn 0.1454 0.4476 -0.8823
vn 0.0000 0.4707 -0.8823
vn -0.1454 0.4476 -0.8823
vn -0.2766 0.3807 -0.8823
vn -0.3807 0.2766 -0.8823
vn -0.4476 0.1454 -0.8823
vn -0.4706 -0.0001 -0.8823
vn -0.4707 -0.0000 -0.8823
vn -0.4476 -0.1455 -0.8823
vn -0.3807 -0.2767 -0.8823
vn -0.2767 -0.3807 -0.8823
vn -0.1455 -0.4476 -0.8823
vn -0.1454 -0.4476 -0.8823
vn -0.0743 -0.4693 -0.8798
vn 0.0743 -0.4693 -0.8798
vn 0.1454 -0.4476 -0.8823
vn 0.2766 -0.3808 -0.8823
vn 0.2767 -0.3808 -0.8823
vn 0.3808 -0.2766 -0.8823
vn 0.3808 -0.2767 -0.8823
vn 0.4476 -0.1454 -0.8823
vn 0.4476 -0.1455 -0.8823
vn 0.9189 0.0000 0.3945
vn 0.8739 0.2840 0.3945
vn 0.9211 0.2993 0.2489
vn 0.9685 0.0000 0.2489
vn 0.7434 0.5401 0.3945
vn 0.7835 0.5693 0.2489
vn 0.5402 0.7433 0.3945
vn 0.5693 0.7835 0.2489
vn 0.2839 0.8739 0.3945
vn 0.2993 0.9211 0.2489
vn 0.0000 0.9189 0.3945
vn 0.0000 0.9685 0.2489
vn -0.2840 0.8739 0.3945
vn -0.2993 0.9211 0.2489
vn -0.5402 0.7434 0.3945
vn -0.5693 0.7835 0.2489
vn -0.7434 0.5401 0.3945
vn -0.7835 0.5693 0.2489
vn -0.8739 0.2840 0.3945
vn -0.9211 0.2993 0.2489
vn -0.9189 0.0000 0.3945
vn -0.9685 0.0000 0.2489
vn -0.8739 -0.2839 0.3944
vn -0.9211 -0.2993 0.2489
vn -0.7434 -0.5401 0.3945
vn -0.7835 -0.5693 0.2489
vn -0.5401 -0.7434 0.3945
vn -0.5692 -0.7836 0.2489
vn -0.2839 -0.8739 0.3945
vn -0.2993 -0.9211 0.2489
vn -0.1440 -0.9093 0.3903
vn -0.1517 -0.9573 0.2460
vn 0.1440 -0.9093 0.3903
vn 0.2839 -0.8739 0.3945
vn 0.2993 -0.9211 0.2489
vn 0.1517 -0.9573 0.2460
vn 0.5401 -0.7434 0.3945
vn 0.5692 -0.7836 0.2489
vn 0.7434 -0.5401 0.3945
vn 0.7835 -0.5693 0.2489
vn 0.8739 -0.2839 0.3945
vn 0.9211 -0.2993 0.2489
vn 0.8901 0.2892 -0.3522
vn 0.9359 -0.0000 -0.3522
vn 0.7572 0.5501 -0.3522
vn 0.5501 0.7571 -0.3522
vn 0.2892 0.8901 -0.3522
vn 0.0000 0.9359 -0.3522
vn -0.2892 0.8901 -0.3522
vn -0.5501 0.7572 -0.3522
vn -0.7572 0.5501 -0.3522
vn -0.8901 0.2892 -0.3522
vn -0.9359 -0.0000 -0.3522
vn -0.8901 -0.2893 -0.3522
vn -0.7571 -0.5501 -0.3522
vn -0.5501 -0.7572 -0.3522
vn -0.2892 -0.8901 -0.3522
vn -0.1466 -0.9258 -0.3484
vn 0.2892 -0.8901 -0.3522
vn 0.1466 -0.9258 -0.3484
vn 0.5501 -0.7572 -0.3522
vn 0.7572 -0.5501 -0.3522
vn 0.8901 -0.2892 -0.3522
vn 0.1938 0.0630 0.9790
vn 0.2038 0.0001 0.9790
vn 0.1649 0.1197 0.9790
vn 0.1198 0.1648 0.9790
vn 0.0630 0.1938 0.9790
vn 0.0000 0.2038 0.9790
vn -0.0631 0.1938 0.9790
vn -0.1198 0.1649 0.9790
vn -0.1649 0.1198 0.9790
vn -0.1938 0.0631 0.9790
vn -0.2038 0.0000 0.9790
vn -0.1938 -0.0630 0.9790
vn -0.1649 -0.1198 0.9790
vn -0.1198 -0.1650 0.9790
vn -0.0630 -0.1939 0.9790
vn -0.0323 -0.2038 0.9785
vn 0.0630 -0.1939 0.9790
vn 0.0323 -0.2038 0.9785
vn 0.1198 -0.1649 0.9790
vn 0.1649 -0.1198 0.9790
vn 0.1938 -0.0630 0.9790
vn 0.9509 0.3090 -0.0178
vn 0.9998 0.0000 -0.0178
vn 0.8089 0.5877 -0.0177
vn 0.5877 0.8089 -0.0178
vn 0.3089 0.9509 -0.0178
vn 0.0000 0.9998 -0.0177
vn -0.3089 0.9509 -0.0178
vn -0.5877 0.8089 -0.0178
vn -0.8089 0.5877 -0.0177
vn -0.9509 0.3089 -0.0178
vn -0.9998 0.0000 -0.0178
vn -0.9509 -0.3089 -0.0178
vn -0.8089 -0.5877 -0.0177
vn -0.5877 -0.8089 -0.0177
vn -0.3090 -0.9509 -0.0177
vn -0.1564 -0.9875 -0.0175
vn 0.3090 -0.9509 -0.0178
vn 0.1564 -0.9875 -0.0175
vn 0.5877 -0.8089 -0.0177
vn 0.8089 -0.5877 -0.0178
vn 0.9509 -0.3089 -0.0178
vn 0.8413 0.5405 0.0000
vn 0.7152 0.6989 0.0000
vn 0.6802 0.6989 -0.2210
vn 0.8001 0.5405 -0.2600
vn 0.5786 0.6989 -0.4204
vn 0.6807 0.5405 -0.4945
vn 0.4204 0.6989 -0.5786
vn 0.4945 0.5405 -0.6806
vn 0.2210 0.6989 -0.6802
vn 0.2600 0.5405 -0.8001
vn 0.1126 0.6944 -0.7107
vn 0.1321 0.5358 -0.8339
vn -0.1321 0.5358 -0.8339
vn -0.1126 0.6944 -0.7107
vn -0.2210 0.6989 -0.6802
vn -0.2600 0.5405 -0.8001
vn -0.4204 0.6989 -0.5786
vn -0.4945 0.5405 -0.6807
vn -0.5786 0.6989 -0.4204
vn -0.6807 0.5405 -0.4945
vn -0.6802 0.6989 -0.2210
vn -0.8001 0.5405 -0.2600
vn -0.7152 0.6989 0.0000
vn -0.8413 0.5405 0.0000
vn -0.6802 0.6989 0.2210
vn -0.8001 0.5405 0.2600
vn -0.5786 0.6989 0.4204
vn -0.6807 0.5405 0.4945
vn -0.4204 0.6989 0.5786
vn -0.4945 0.5405 0.6806
vn -0.2210 0.6989 0.6802
vn -0.2600 0.5405 0.8001
vn 0.0000 0.6989 0.7152
vn 0.0000 0.5405 0.8413
vn 0.2210 0.6989 0.6802
vn 0.2600 0.5405 0.8001
vn 0.4204 0.6989 0.5786
vn 0.4945 0.5405 0.6807
vn 0.5786 0.6989 0.4204
vn 0.6807 0.5405 0.4945
vn 0.6802 0.6989 0.2210
vn 0.8001 0.5405 0.2600
vn 0.9937 0.1117 0.0000
vn 0.9451 0.1117 -0.3071
vn 0.9502 -0.0417 -0.3087
vn 0.9991 -0.0417 0.0000
vn 0.8039 0.1117 -0.5841
vn 0.8083 -0.0417 -0.5873
vn 0.5841 0.1117 -0.8039
vn 0.5873 -0.0418 -0.8083
vn 0.3071 0.1117 -0.9451
vn 0.3087 -0.0417 -0.9502
vn 0.1555 0.1103 -0.9817
vn 0.1563 -0.0413 -0.9868
vn -0.1555 0.1103 -0.9817
vn -0.3071 0.1117 -0.9451
vn -0.3087 -0.0417 -0.9502
vn -0.1563 -0.0413 -0.9868
vn -0.5841 0.1117 -0.8039
vn -0.5872 -0.0417 -0.8083
vn -0.8039 0.1117 -0.5841
vn -0.8083 -0.0417 -0.5872
vn -0.9451 0.1117 -0.3071
vn -0.9502 -0.0418 -0.3087
vn -0.9937 0.1117 0.0000
vn -0.9991 -0.0417 0.0000
vn -0.9451 0.1117 0.3070
vn -0.9502 -0.0418 0.3087
vn -0.8039 0.1117 0.5841
vn -0.8083 -0.0417 0.5872
vn -0.5841 0.1117 0.8039
vn -0.5872 -0.0417 0.8083
vn -0.3070 0.1117 0.9451
vn -0.3087 -0.0418 0.9502
vn 0.0000 0.1117 0.9937
vn 0.0000 -0.0417 0.9991
vn 0.3071 0.1117 0.9451
vn 0.3088 -0.0418 0.9502
vn 0.5841 0.1117 0.8039
vn 0.5873 -0.0417 0.8083
vn 0.8039 0.1117 0.5841
vn 0.8083 -0.0417 0.5873
vn 0.9451 0.1117 0.3071
vn 0.9502 -0.0418 0.3087
vn 0.3904 -0.9206 0.0000
vn 0.3713 -0.9206 -0.1206
vn 0.0852 -0.9960 -0.0277
vn 0.0896 -0.9960 0.0000
vn 0.3158 -0.9206 -0.2295
vn 0.0725 -0.9960 -0.0526
vn 0.2295 -0.9206 -0.3158
vn 0.0526 -0.9960 -0.0725
vn 0.1206 -0.9206 -0.3713
vn 0.0277 -0.9960 -0.0852
vn 0.0617 -0.9189 -0.3896
vn 0.0142 -0.9958 -0.0896
vn -0.0617 -0.9189 -0.3896
vn -0.1206 -0.9206 -0.3713
vn -0.0277 -0.9960 -0.0852
vn -0.0142 -0.9958 -0.0896
vn -0.2294 -0.9206 -0.3158
vn -0.0526 -0.9960 -0.0725
vn -0.3158 -0.9206 -0.2294
vn -0.0725 -0.9960 -0.0526
vn -0.3713 -0.9206 -0.1206
vn -0.0852 -0.9960 -0.0277
vn -0.3904 -0.9206 0.0000
vn -0.0896 -0.9960 0.0000
vn -0.3713 -0.9206 0.1206
vn -0.0852 -0.9960 0.0277
vn -0.3158 -0.9206 0.2295
vn -0.0725 -0.9960 0.0526
vn -0.2295 -0.9206 0.3158
vn -0.0526 -0.9960 0.0725
vn -0.1206 -0.9206 0.3713
vn -0.0277 -0.9960 0.0852
vn 0.0000 -0.9206 0.3904
vn 0.0000 -0.9960 0.0896
vn 0.1206 -0.9207 0.3713
vn 0.0277 -0.9960 0.0852
vn 0.2295 -0.9206 0.3158
vn 0.0526 -0.9960 0.0725
vn 0.3158 -0.9206 0.2295
vn 0.0725 -0.9960 0.0526
vn 0.3713 -0.9206 0.1206
vn 0.0852 -0.9960 0.0277
vn 0.9195 0.2553 -0.2988
vn 0.9669 0.2553 0.0000
vn 0.7822 0.2553 -0.5683
vn 0.5683 0.2553 -0.7822
vn 0.2988 0.2553 -0.9195
vn 0.1513 0.2523 -0.9557
vn -0.2987 0.2553 -0.9195
vn -0.1513 0.2523 -0.9557
vn -0.5683 0.2553 -0.7822
vn -0.7822 0.2553 -0.5683
vn -0.9195 0.2553 -0.2987
vn -0.9669 0.2553 0.0000
vn -0.9195 0.2553 0.2987
vn -0.7822 0.2553 0.5683
vn -0.5683 0.2553 0.7822
vn -0.2987 0.2553 0.9195
vn 0.0000 0.2553 0.9669
vn 0.2988 0.2553 0.9195
vn 0.5683 0.2553 0.7822
vn 0.7822 0.2553 0.5683
vn 0.9195 0.2553 0.2987
vn 0.9428 -0.3334 0.0000
vn 0.8966 -0.3334 -0.2913
vn 0.7016 -0.6751 -0.2280
vn 0.7377 -0.6751 0.0000
vn 0.7627 -0.3334 -0.5542
vn 0.5968 -0.6751 -0.4336
vn 0.5542 -0.3334 -0.7627
vn 0.4336 -0.6751 -0.5968
vn 0.2913 -0.3334 -0.8966
vn 0.2280 -0.6751 -0.7016
vn 0.1477 -0.3297 -0.9324
vn 0.1160 -0.6705 -0.7327
vn -0.1477 -0.3297 -0.9324
vn -0.2913 -0.3334 -0.8966
vn -0.2279 -0.6751 -0.7016
vn -0.1160 -0.6705 -0.7327
vn -0.5541 -0.3334 -0.7627
vn -0.4336 -0.6751 -0.5968
vn -0.7627 -0.3334 -0.5542
vn -0.5968 -0.6751 -0.4336
vn -0.8966 -0.3334 -0.2913
vn -0.7016 -0.6751 -0.2279
vn -0.9428 -0.3334 0.0000
vn -0.7377 -0.6751 0.0000
vn -0.8966 -0.3334 0.2913
vn -0.7016 -0.6751 0.2279
vn -0.7627 -0.3334 0.5541
vn -0.5968 -0.6751 0.4336
vn -0.5541 -0.3334 0.7627
vn -0.4336 -0.6750 0.5969
vn -0.2913 -0.3334 0.8966
vn -0.2279 -0.6751 0.7016
vn 0.0000 -0.3334 0.9428
vn 0.0000 -0.6751 0.7377
vn 0.2913 -0.3334 0.8966
vn 0.2280 -0.6751 0.7016
vn 0.5542 -0.3334 0.7627
vn 0.4336 -0.6751 0.5969
vn 0.7627 -0.3334 0.5541
vn 0.5968 -0.6751 0.4336
vn 0.8966 -0.3334 0.2913
vn 0.7016 -0.6751 0.2279
vn 0.2190 -0.9757 0.0000
vn 0.2083 -0.9757 -0.0677
vn 0.1772 -0.9757 -0.1287
vn 0.1287 -0.9757 -0.1772
vn 0.0677 -0.9757 -0.2083
vn 0.0346 -0.9751 -0.2188
vn -0.0346 -0.9751 -0.2188
vn -0.0677 -0.9757 -0.2083
vn -0.1287 -0.9757 -0.1772
vn -0.1772 -0.9757 -0.1287
vn -0.2083 -0.9757 -0.0677
vn -0.2190 -0.9757 0.0000
vn -0.2083 -0.9757 0.0677
vn -0.1772 -0.9757 0.1287
vn -0.1287 -0.9757 0.1772
vn -0.0677 -0.9757 0.2083
vn 0.0000 -0.9757 0.2190
vn 0.0677 -0.9757 0.2083
vn 0.1287 -0.9757 0.1772
vn 0.1772 -0.9757 0.1287
vn 0.2083 -0.9757 0.0677
vn 0.3918 -0.9200 0.0000
vn 0.3727 -0.9200 -0.1211
vn 0.3170 -0.9200 -0.2303
vn 0.2303 -0.9200 -0.3170
vn 0.1211 -0.9200 -0.3727
vn 0.0619 -0.9182 -0.3911
vn -0.0619 -0.9182 -0.3911
vn -0.1211 -0.9200 -0.3727
vn -0.2303 -0.9200 -0.3170
vn -0.3170 -0.9200 -0.2303
vn -0.3727 -0.9200 -0.1211
vn -0.3918 -0.9200 0.0000
vn -0.3727 -0.9200 0.1211
vn -0.3170 -0.9200 0.2303
vn -0.2303 -0.9200 0.3170
vn -0.1211 -0.9200 0.3727
vn 0.0000 -0.9200 0.3918
vn 0.1211 -0.9200 0.3727
vn 0.2303 -0.9200 0.3170
vn 0.3170 -0.9200 0.2303
vn 0.3727 -0.9200 0.1211
vn 0.9526 -0.3042 0.0000
vn 0.9047 -0.4259 0.0000
vn 0.8604 -0.4259 -0.2795
vn 0.9059 -0.3042 -0.2944
vn 0.7320 -0.4259 -0.5318
vn 0.7707 -0.3042 -0.5599
vn 0.5318 -0.4259 -0.7320
vn 0.5599 -0.3042 -0.7707
vn 0.2796 -0.4259 -0.8604
vn 0.2944 -0.3042 -0.9060
vn 0.1418 -0.4216 -0.8956
vn 0.1492 -0.3008 -0.9419
vn -0.1492 -0.3008 -0.9419
vn -0.1418 -0.4216 -0.8956
vn -0.2796 -0.4259 -0.8605
vn -0.2944 -0.3042 -0.9060
vn -0.5318 -0.4259 -0.7320
vn -0.5599 -0.3042 -0.7707
vn -0.7320 -0.4259 -0.5318
vn -0.7707 -0.3042 -0.5599
vn -0.8604 -0.4259 -0.2796
vn -0.9059 -0.3042 -0.2944
vn -0.9047 -0.4259 0.0000
vn -0.9526 -0.3042 0.0000
vn -0.8604 -0.4259 0.2796
vn -0.9059 -0.3042 0.2944
vn -0.7319 -0.4260 0.5318
vn -0.7707 -0.3042 0.5599
vn -0.5318 -0.4260 0.7319
vn -0.5599 -0.3042 0.7707
vn -0.2796 -0.4260 0.8604
vn -0.2944 -0.3042 0.9060
vn 0.0000 -0.4259 0.9047
vn 0.0000 -0.3042 0.9526
vn 0.2795 -0.4260 0.8604
vn 0.2944 -0.3042 0.9059
vn 0.5318 -0.4259 0.7319
vn 0.5599 -0.3042 0.7707
vn 0.7319 -0.4259 0.5318
vn 0.7707 -0.3042 0.5599
vn 0.8604 -0.4260 0.2795
vn 0.9059 -0.3043 0.2944
vn 0.9952 0.0975 0.0000
vn 0.9465 0.0975 -0.3075
vn 0.8051 0.0975 -0.5850
vn 0.5850 0.0975 -0.8051
vn 0.3075 0.0975 -0.9465
vn 0.1557 0.0963 -0.9831
vn -0.1557 0.0963 -0.9831
vn -0.3075 0.0975 -0.9465
vn -0.5850 0.0975 -0.8051
vn -0.8051 0.0975 -0.5850
vn -0.9465 0.0975 -0.3075
vn -0.9952 0.0975 0.0000
vn -0.9465 0.0975 0.3075
vn -0.8051 0.0975 0.5850
vn -0.5850 0.0975 0.8051
vn -0.3075 0.0975 0.9465
vn 0.0000 0.0975 0.9952
vn 0.3075 0.0975 0.9465
vn 0.5850 0.0975 0.8051
vn 0.8051 0.0975 0.5850
vn 0.9465 0.0975 0.3075
vn 0.9262 0.3770 0.0000
vn 0.8808 0.3771 -0.2862
vn 0.7493 0.3771 -0.5444
vn 0.5444 0.3771 -0.7493
vn 0.2862 0.3771 -0.8809
vn 0.1451 0.3731 -0.9164
vn -0.1451 0.3731 -0.9164
vn -0.2862 0.3771 -0.8809
vn -0.5444 0.3770 -0.7493
vn -0.7493 0.3770 -0.5444
vn -0.8809 0.3770 -0.2862
vn -0.9262 0.3770 0.0000
vn -0.8809 0.3770 0.2862
vn -0.7493 0.3771 0.5444
vn -0.5444 0.3770 0.7493
vn -0.2862 0.3770 0.8809
vn 0.0000 0.3771 0.9262
vn 0.2862 0.3770 0.8809
vn 0.5444 0.3771 0.7493
vn 0.7493 0.3771 0.5444
vn 0.8808 0.3771 0.2862
vn 0.3086 0.9512 0.0000
vn 0.2936 0.9511 -0.0954
vn 0.2498 0.9511 -0.1815
vn 0.1815 0.9511 -0.2498
vn 0.0954 0.9511 -0.2936
vn 0.0488 0.9500 -0.3084
vn -0.0488 0.9500 -0.3084
vn -0.0954 0.9511 -0.2936
vn -0.1815 0.9511 -0.2498
vn -0.2498 0.9511 -0.1815
vn -0.2936 0.9511 -0.0954
vn -0.3086 0.9512 0.0000
vn -0.2935 0.9512 0.0954
vn -0.2497 0.9512 0.1814
vn -0.1814 0.9512 0.2497
vn -0.0954 0.9512 0.2935
vn 0.0000 0.9512 0.3086
vn 0.0954 0.9512 0.2935
vn 0.1814 0.9511 0.2497
vn 0.2497 0.9512 0.1814
vn 0.2935 0.9512 0.0954
vn -0.9383 0.3457 0.0000
vn -0.8924 0.3457 0.2900
vn -0.7591 0.3457 0.5515
vn -0.5515 0.3457 0.7591
vn -0.2900 0.3457 0.8924
vn -0.1470 0.3420 0.9281
vn 0.1470 0.3420 0.9281
vn 0.2900 0.3457 0.8924
vn 0.5515 0.3457 0.7591
vn 0.7591 0.3457 0.5515
vn 0.8924 0.3457 0.2900
vn 0.9383 0.3457 0.0000
vn 0.8924 0.3457 -0.2900
vn 0.7591 0.3457 -0.5515
vn 0.5515 0.3457 -0.7591
vn 0.2900 0.3457 -0.8924
vn 0.0000 0.3457 -0.9383
vn -0.2900 0.3457 -0.8924
vn -0.5515 0.3457 -0.7591
vn -0.7591 0.3457 -0.5515
vn -0.8924 0.3457 -0.2900
vn -0.3117 0.9501 0.0000
vn -0.2966 0.9501 0.0963
vn -0.2965 0.9501 0.0963
vn -0.3117 0.9502 0.0000
vn -0.2523 0.9501 0.1833
vn -0.1833 0.9501 0.2522
vn -0.0963 0.9501 0.2965
vn -0.0493 0.9490 0.3114
vn 0.0493 0.9490 0.3114
vn 0.0963 0.9501 0.2965
vn 0.1833 0.9501 0.2522
vn 0.2523 0.9501 0.1833
vn 0.2965 0.9501 0.0963
vn 0.3117 0.9502 0.0000
vn 0.2965 0.9502 -0.0963
vn 0.2522 0.9502 -0.1832
vn 0.1832 0.9502 -0.2522
vn 0.0963 0.9502 -0.2964
vn 0.0000 0.9502 -0.3117
vn -0.0963 0.9502 -0.2965
vn -0.1832 0.9502 -0.2522
vn -0.2522 0.9502 -0.1832
vn -0.2965 0.9502 -0.0963
vn 0.7070 0.0098 -0.7071
vn 0.9999 0.0139 0.0000
vn 0.9999 0.0107 0.0000
vn 0.7074 0.0075 -0.7067
vn 0.0000 0.0000 -1.0000
vn 0.0008 0.0000 -1.0000
vn -0.7070 -0.0098 -0.7071
vn -0.7067 -0.0075 -0.7075
vn -0.9238 -0.0128 -0.3826
vn -0.9238 -0.0099 -0.3826
vn -0.7071 -0.0098 0.7071
vn -0.9238 -0.0128 0.3826
vn -0.9238 -0.0098 0.3826
vn -0.7067 -0.0075 0.7075
vn 0.0008 0.0000 1.0000
vn 0.7070 0.0098 0.7071
vn 0.7074 0.0075 0.7067
vn 0.9999 -0.0092 0.0000
vn 0.7090 -0.0065 -0.7051
vn 0.0040 -0.0000 -1.0000
vn -0.7050 0.0064 -0.7092
vn -0.9238 0.0085 -0.3827
vn -0.9238 0.0085 0.3827
vn -0.7050 0.0064 0.7092
vn 0.0040 -0.0000 1.0000
vn 0.7090 -0.0065 0.7051
vn 0.9984 -0.0568 0.0000
vn 0.7096 -0.0404 -0.7035
vn 0.0075 -0.0004 -1.0000
vn -0.7020 0.0399 -0.7110
vn -0.9223 0.0525 -0.3829
vn -0.9223 0.0525 0.3829
vn -0.7020 0.0399 0.7110
vn 0.0075 -0.0004 1.0000
vn 0.7096 -0.0404 0.7035
vn 0.9904 -0.1384 0.0000
vn 0.7060 -0.0987 -0.7013
vn 0.0123 -0.0017 -0.9999
vn -0.6937 0.0970 -0.7137
vn -0.9148 0.1279 -0.3831
vn -0.9148 0.1279 0.3831
vn -0.6937 0.0970 0.7137
vn 0.0123 -0.0017 0.9999
vn 0.7060 -0.0987 0.7013
vn 0.9631 -0.2691 0.0000
vn 0.6896 -0.1927 -0.6980
vn 0.0193 -0.0054 -0.9998
vn -0.6702 0.1873 -0.7181
vn -0.8893 0.2485 -0.3838
vn -0.8893 0.2485 0.3838
vn -0.6702 0.1873 0.7181
vn 0.0193 -0.0054 0.9998
vn 0.6896 -0.1927 0.6980
vn 0.8827 -0.4698 0.0000
vn 0.6360 -0.3385 -0.6934
vn 0.0285 -0.0152 -0.9995
vn -0.6070 0.3231 -0.7260
vn -0.8145 0.4335 -0.3856
vn -0.8145 0.4335 0.3856
vn -0.6070 0.3231 0.7260
vn 0.0285 -0.0152 0.9995
vn 0.6360 -0.3385 0.6934
vn 0.6624 -0.7491 0.0000
vn 0.4812 -0.5441 -0.6872
vn 0.0352 -0.0398 -0.9986
vn -0.4445 0.5026 -0.7414
vn -0.6097 0.6894 -0.3909
vn -0.6097 0.6895 0.3909
vn -0.4445 0.5026 0.7414
vn 0.0352 -0.0398 0.9986
vn 0.4812 -0.5441 0.6872
vn 0.4076 -0.9131 0.0000
vn 0.2918 -0.6537 -0.6982
vn 0.0080 -0.0179 -0.9998
vn -0.2837 0.6357 -0.7179
vn -0.3764 0.8432 -0.3837
vn -0.3764 0.8433 0.3837
vn -0.2837 0.6357 0.7179
vn 0.0080 -0.0179 0.9998
vn 0.2918 -0.6537 0.6982
vn 0.2736 -0.9618 0.0000
vn 0.1953 -0.6868 -0.7001
vn 0.0041 -0.0145 -0.9999
vn -0.1912 0.6722 -0.7152
vn -0.2526 0.8884 -0.3833
vn -0.2527 0.8884 0.3833
vn -0.1912 0.6722 0.7152
vn 0.0041 -0.0145 0.9999
vn 0.1953 -0.6868 0.7001
vn 0.1669 -0.9860 0.0000
vn 0.1189 -0.7025 -0.7016
vn 0.0019 -0.0114 -0.9999
vn -0.1170 0.6911 -0.7132
vn -0.1542 0.9108 -0.3830
vn -0.1542 0.9108 0.3830
vn -0.1170 0.6911 0.7132
vn 0.0019 -0.0114 0.9999
vn 0.1189 -0.7025 0.7016
vn 0.0840 -0.9965 0.0000
vn 0.0598 -0.7088 -0.7029
vn 0.0007 -0.0088 -0.9999
vn -0.0590 0.7000 -0.7117
vn -0.0776 0.9205 -0.3829
vn -0.0776 0.9205 0.3829
vn -0.0591 0.7000 0.7117
vn 0.0007 -0.0088 0.9999
vn 0.0598 -0.7088 0.7029
vn 0.0240 -0.9997 0.0000
vn 0.0170 -0.7097 -0.7043
vn 0.0002 -0.0058 -1.0000
vn -0.0169 0.7038 -0.7101
vn -0.0222 0.9236 -0.3828
vn -0.0222 0.9236 0.3828
vn -0.0169 0.7038 0.7101
vn 0.0002 -0.0058 1.0000
vn 0.0170 -0.7097 0.7043
vn -0.9999 0.0107 0.0000
vn -0.9999 0.0139 0.0000
vn -0.7070 0.0098 -0.7071
vn -0.7074 0.0075 -0.7067
vn -0.0008 0.0000 -1.0000
vn 0.7070 -0.0098 -0.7071
vn 0.7067 -0.0075 -0.7075
vn 0.9238 -0.0128 -0.3826
vn 0.9238 -0.0099 -0.3826
vn 0.9238 -0.0098 0.3826
vn 0.9238 -0.0128 0.3826
vn 0.7071 -0.0098 0.7071
vn 0.7067 -0.0075 0.7075
vn -0.0008 0.0000 1.0000
vn -0.7070 0.0098 0.7071
vn -0.7074 0.0075 0.7067
vn -0.9999 -0.0092 0.0000
vn -0.7090 -0.0065 -0.7051
vn -0.0040 -0.0000 -1.0000
vn 0.7050 0.0064 -0.7092
vn 0.9238 0.0085 -0.3827
vn 0.9238 0.0085 0.3827
vn 0.7050 0.0064 0.7092
vn -0.0040 -0.0000 1.0000
vn -0.7090 -0.0065 0.7051
vn -0.9984 -0.0568 0.0000
vn -0.7096 -0.0404 -0.7035
vn -0.0075 -0.0004 -1.0000
vn 0.7020 0.0399 -0.7110
vn 0.9223 0.0525 -0.3829
vn 0.9223 0.0525 0.3829
vn 0.7020 0.0399 0.7110
vn -0.0075 -0.0004 1.0000
vn -0.7096 -0.0404 0.7035
vn -0.9904 -0.1384 0.0000
vn -0.7060 -0.0987 -0.7013
vn -0.0123 -0.0017 -0.9999
vn 0.6937 0.0970 -0.7137
vn 0.9148 0.1279 -0.3831
vn 0.9148 0.1279 0.3831
vn 0.6937 0.0970 0.7137
vn -0.0123 -0.0017 0.9999
vn -0.7060 -0.0987 0.7013
vn -0.9631 -0.2691 0.0000
vn -0.6896 -0.1927 -0.6980
vn -0.0193 -0.0054 -0.9998
vn 0.6702 0.1873 -0.7181
vn 0.8893 0.2485 -0.3838
vn 0.8893 0.2485 0.3838
vn 0.6702 0.1873 0.7181
vn -0.0193 -0.0054 0.9998
vn -0.6896 -0.1927 0.6980
vn -0.8827 -0.4698 0.0000
vn -0.6361 -0.3385 -0.6934
vn -0.0286 -0.0152 -0.9995
vn 0.6070 0.3231 -0.7260
vn 0.8145 0.4335 -0.3856
vn 0.8145 0.4335 0.3856
vn 0.6070 0.3231 0.7260
vn -0.0286 -0.0152 0.9995
vn -0.6361 -0.3385 0.6934
vn -0.6624 -0.7491 0.0000
vn -0.4812 -0.5441 -0.6872
vn -0.0352 -0.0398 -0.9986
vn 0.4445 0.5026 -0.7414
vn 0.6097 0.6894 -0.3909
vn 0.6097 0.6895 0.3909
vn 0.4445 0.5026 0.7414
vn -0.0352 -0.0398 0.9986
vn -0.4812 -0.5441 0.6872
vn -0.4076 -0.9131 0.0000
vn -0.2918 -0.6537 -0.6982
vn -0.0080 -0.0179 -0.9998
vn 0.2837 0.6357 -0.7179
vn 0.3764 0.8433 -0.3837
vn 0.3764 0.8433 0.3837
vn 0.2837 0.6357 0.7179
vn -0.0080 -0.0179 0.9998
vn -0.2918 -0.6537 0.6982
vn -0.2736 -0.9618 0.0000
vn -0.1953 -0.6868 -0.7001
vn -0.0041 -0.0145 -0.9999
vn 0.1912 0.6722 -0.7152
vn 0.2526 0.8884 -0.3833
vn 0.2527 0.8884 0.3833
vn 0.1912 0.6722 0.7152
vn -0.0041 -0.0145 0.9999
vn -0.1953 -0.6868 0.7001
vn -0.1669 -0.9860 0.0000
vn -0.1189 -0.7025 -0.7016
vn -0.0019 -0.0114 -0.9999
vn 0.1170 0.6911 -0.7132
vn 0.1542 0.9108 -0.3830
vn 0.1542 0.9108 0.3830
vn 0.1170 0.6911 0.7132
vn -0.0019 -0.0114 0.9999
vn -0.1189 -0.7025 0.7016
vn -0.0840 -0.9965 0.0000
vn -0.0598 -0.7088 -0.7029
vn -0.0007 -0.0088 -0.9999
vn 0.0590 0.7000 -0.7117
vn 0.0776 0.9205 -0.3829
vn 0.0776 0.9205 0.3829
vn 0.0591 0.7000 0.7117
vn -0.0007 -0.0088 0.9999
vn -0.0598 -0.7088 0.7029
vn -0.0240 -0.9997 0.0000
vn -0.0170 -0.7097 -0.7043
vn -0.0002 -0.0058 -1.0000
vn 0.0169 0.7038 -0.7101
vn 0.0222 0.9236 -0.3828
vn 0.0222 0.9236 0.3828
vn 0.0169 0.7038 0.7101
vn -0.0002 -0.0058 1.0000
vn -0.0170 -0.7097 0.7043
vn -0.7069 0.0009 -0.7072
vn 0.0000 0.0012 -1.0000
vn 0.0000 -0.0223 -0.9997
vn -0.7043 -0.0159 -0.7096
vn -1.0000 0.0000 -0.0001
vn -1.0000 -0.0002 -0.0057
vn -0.7070 -0.0006 0.7071
vn -0.7101 0.0159 0.7039
vn -0.3825 -0.0008 0.9239
vn -0.3828 0.0209 0.9236
vn 0.7070 -0.0006 0.7071
vn 0.3825 -0.0008 0.9239
vn 0.3828 0.0209 0.9236
vn 0.7101 0.0159 0.7039
vn 1.0000 0.0000 -0.0001
vn 1.0000 -0.0002 -0.0057
vn 0.7069 0.0008 -0.7072
vn 0.7043 -0.0159 -0.7096
vn 0.0000 -0.1008 -0.9949
vn -0.7008 -0.0719 -0.7096
vn -0.9999 -0.0013 -0.0133
vn -0.7142 0.0706 0.6963
vn -0.3832 0.0931 0.9189
vn 0.3832 0.0931 0.9189
vn 0.7142 0.0706 0.6963
vn 0.9999 -0.0013 -0.0133
vn 0.7008 -0.0719 -0.7096
vn 0.0000 -0.2442 -0.9697
vn -0.6973 -0.1751 -0.6951
vn -0.9998 -0.0054 -0.0213
vn -0.7194 0.1697 0.6736
vn -0.3840 0.2255 0.8953
vn 0.3840 0.2255 0.8953
vn 0.7194 0.1697 0.6736
vn 0.9998 -0.0054 -0.0213
vn 0.6973 -0.1751 -0.6951
vn 0.0000 -0.4084 -0.9128
vn -0.6993 -0.2910 -0.6528
vn -0.9998 -0.0070 -0.0186
vn -0.7193 0.2828 0.6345
vn -0.3854 0.3748 0.8432
vn 0.3854 0.3748 0.8432
vn 0.7193 0.2828 0.6345
vn 0.9998 -0.0070 -0.0186
vn 0.6993 -0.2910 -0.6528
vn 0.0000 -0.5849 -0.8111
vn -0.6980 -0.4180 -0.5813
vn -0.9995 -0.0161 -0.0244
vn -0.7277 0.4004 0.5568
vn -0.3899 0.5369 0.7481
vn 0.3899 0.5369 0.7481
vn 0.7277 0.4004 0.5568
vn 0.9995 -0.0161 -0.0244
vn 0.6980 -0.4180 -0.5813
vn -0.6941 -0.5646 -0.4465
vn 0.0000 -0.7826 -0.6225
vn 0.0000 -0.9048 -0.4259
vn -0.6988 -0.6471 -0.3046
vn -0.9993 -0.0306 -0.0212
vn -0.9998 -0.0163 -0.0077
vn -0.7318 0.5345 0.4227
vn -0.7170 0.6307 0.2969
vn -0.3898 0.7234 0.5698
vn -0.3836 0.8355 0.3933
vn 0.7318 0.5345 0.4227
vn 0.3898 0.7234 0.5698
vn 0.3836 0.8355 0.3933
vn 0.7170 0.6307 0.2969
vn 0.9993 -0.0306 -0.0212
vn 0.9998 -0.0163 -0.0077
vn 0.6941 -0.5646 -0.4465
vn 0.6988 -0.6471 -0.3046
vn 0.0000 -0.9545 -0.2981
vn -0.7000 -0.6816 -0.2128
vn -0.9999 -0.0146 -0.0045
vn -0.7153 0.6670 0.2083
vn -0.3833 0.8816 0.2753
vn 0.3833 0.8816 0.2753
vn 0.7153 0.6670 0.2083
vn 0.9999 -0.0146 -0.0045
vn 0.7000 -0.6816 -0.2128
vn 0.0000 -0.9857 -0.1686
vn -0.6989 -0.7050 -0.1203
vn -0.9998 -0.0170 -0.0026
vn -0.7161 0.6880 0.1173
vn -0.3830 0.9106 0.1549
vn 0.3830 0.9106 0.1549
vn 0.7161 0.6880 0.1173
vn 0.9998 -0.0170 -0.0026
vn 0.6989 -0.7050 -0.1203
vn 0.0000 -0.9988 -0.0489
vn -0.7012 -0.7121 -0.0350
vn -0.9999 -0.0119 -0.0009
vn -0.7131 0.7002 0.0343
vn -0.3827 0.9227 0.0455
vn 0.3827 0.9228 0.0455
vn 0.7131 0.7002 0.0343
vn 0.9999 -0.0119 -0.0009
vn 0.7012 -0.7121 -0.0351
vn 0.0000 -0.0265 0.9996
vn 0.0000 -0.0070 1.0000
vn -0.7059 -0.0050 0.7082
vn -0.7048 -0.0189 0.7091
vn -1.0000 0.0000 0.0021
vn -1.0000 -0.0002 0.0047
vn -0.7080 0.0052 -0.7061
vn -0.7096 0.0189 -0.7044
vn -0.3825 0.0069 -0.9239
vn -0.3828 0.0248 -0.9235
vn 0.3828 0.0248 -0.9235
vn 0.3825 0.0070 -0.9239
vn 0.7081 0.0053 -0.7061
vn 0.7096 0.0188 -0.7044
vn 1.0000 0.0000 0.0021
vn 1.0000 -0.0002 0.0047
vn 0.7059 -0.0051 0.7082
vn 0.7048 -0.0188 0.7091
vn -0.7008 -0.0719 0.7096
vn 0.0000 -0.1008 0.9949
vn -0.9999 -0.0013 0.0133
vn -0.7142 0.0706 -0.6963
vn -0.3832 0.0931 -0.9189
vn 0.7142 0.0706 -0.6963
vn 0.3832 0.0931 -0.9189
vn 0.9999 -0.0013 0.0133
vn 0.7008 -0.0719 0.7096
vn -0.6972 -0.1751 0.6951
vn 0.0000 -0.2442 0.9697
vn -0.9998 -0.0054 0.0213
vn -0.7193 0.1697 -0.6736
vn -0.3840 0.2255 -0.8953
vn 0.7193 0.1697 -0.6736
vn 0.3840 0.2255 -0.8953
vn 0.9998 -0.0054 0.0213
vn 0.6973 -0.1751 0.6951
vn -0.6993 -0.2910 0.6528
vn 0.0000 -0.4084 0.9128
vn -0.9998 -0.0070 0.0186
vn -0.7193 0.2828 -0.6345
vn -0.3854 0.3748 -0.8432
vn 0.7193 0.2828 -0.6345
vn 0.3854 0.3748 -0.8432
vn 0.9998 -0.0070 0.0186
vn 0.6994 -0.2910 0.6528
vn -0.6941 -0.5646 0.4465
vn 0.0000 -0.7826 0.6225
vn 0.0000 -0.5849 0.8111
vn -0.6980 -0.4180 0.5813
vn -0.9993 -0.0306 0.0212
vn -0.9995 -0.0161 0.0244
vn -0.7318 0.5345 -0.4227
vn -0.7277 0.4004 -0.5568
vn -0.3898 0.7234 -0.5698
vn -0.3899 0.5369 -0.7481
vn 0.7318 0.5345 -0.4227
vn 0.3898 0.7234 -0.5698
vn 0.3899 0.5369 -0.7481
vn 0.7277 0.4004 -0.5568
vn 0.9993 -0.0306 0.0212
vn 0.9995 -0.0161 0.0244
vn 0.6941 -0.5646 0.4465
vn 0.6980 -0.4180 0.5813
vn -0.6988 -0.6471 0.3046
vn 0.0000 -0.9048 0.4259
vn -0.9998 -0.0163 0.0077
vn -0.7170 0.6307 -0.2969
vn -0.3836 0.8355 -0.3933
vn 0.7170 0.6307 -0.2969
vn 0.3836 0.8355 -0.3933
vn 0.9998 -0.0163 0.0077
vn 0.6988 -0.6471 0.3046
vn -0.7000 -0.6816 0.2128
vn 0.0000 -0.9545 0.2980
vn -0.9999 -0.0146 0.0045
vn -0.7153 0.6670 -0.2083
vn -0.3833 0.8816 -0.2753
vn 0.7153 0.6670 -0.2083
vn 0.3833 0.8816 -0.2753
vn 0.9999 -0.0146 0.0045
vn 0.7000 -0.6816 0.2128
vn -0.6989 -0.7050 0.1203
vn 0.0000 -0.9857 0.1686
vn -0.9998 -0.0170 0.0026
vn -0.7161 0.6880 -0.1173
vn -0.3830 0.9106 -0.1549
vn 0.7161 0.6880 -0.1173
vn 0.3830 0.9106 -0.1549
vn 0.9998 -0.0170 0.0026
vn 0.6989 -0.7050 0.1203
vn 0.0000 -0.9988 0.0489
vn -0.7012 -0.7121 0.0350
vn -0.9999 -0.0119 0.0009
vn -0.7131 0.7002 -0.0343
vn -0.3827 0.9227 -0.0455
vn 0.3827 0.9228 -0.0455
vn 0.7131 0.7002 -0.0343
vn 0.9999 -0.0119 0.0009
vn 0.7012 -0.7121 0.0351
vn 0.9576 0.2880 0.0000
vn 0.9107 0.2880 -0.2959
vn 0.7747 0.2880 -0.5629
vn 0.5629 0.2880 -0.7747
vn 0.2959 0.2880 -0.9107
vn 0.1565 0.0000 -0.9877
vn 0.1500 0.2848 -0.9468
vn -0.1500 0.2847 -0.9468
vn -0.1565 0.0000 -0.9877
vn -0.2959 0.2880 -0.9107
vn -0.5629 0.2880 -0.7747
vn -0.7747 0.2880 -0.5629
vn -0.9107 0.2880 -0.2959
vn -0.9576 0.2880 0.0000
vn -0.9107 0.2880 0.2959
vn -0.7747 0.2880 0.5629
vn -0.5629 0.2880 0.7747
vn -0.2959 0.2880 0.9107
vn 0.0000 0.2880 0.9576
vn 0.2959 0.2880 0.9107
vn 0.5629 0.2880 0.7747
vn 0.7747 0.2880 0.5629
vn 0.9107 0.2880 0.2959
vn 0.7482 0.6173 -0.2431
vn 0.7867 0.6173 0.0000
vn 0.6364 0.6173 -0.4624
vn 0.4624 0.6173 -0.6364
vn 0.2431 0.6173 -0.7482
vn 0.1236 0.6125 -0.7807
vn -0.2431 0.6173 -0.7482
vn -0.1236 0.6126 -0.7807
vn -0.4624 0.6173 -0.6365
vn -0.6364 0.6173 -0.4624
vn -0.7482 0.6173 -0.2431
vn -0.7867 0.6173 0.0000
vn -0.7482 0.6173 0.2431
vn -0.6365 0.6173 0.4624
vn -0.4624 0.6173 0.6365
vn -0.2431 0.6173 0.7482
vn 0.0000 0.6173 0.7867
vn 0.2431 0.6173 0.7482
vn 0.4624 0.6173 0.6365
vn 0.6365 0.6173 0.4624
vn 0.7482 0.6173 0.2431
vn 0.9971 0.0757 0.0000
vn 0.9927 0.1203 0.0000
vn 0.9441 0.1203 -0.3068
vn 0.9483 0.0757 -0.3081
vn 0.8031 0.1203 -0.5835
vn 0.8067 0.0757 -0.5860
vn 0.5835 0.1203 -0.8031
vn 0.5861 0.0757 -0.8067
vn 0.3068 0.1203 -0.9441
vn 0.3080 0.0757 -0.9483
vn 0.1552 0.1189 -0.9807
vn 0.1559 0.0748 -0.9849
vn -0.1559 0.0748 -0.9849
vn -0.1552 0.1189 -0.9807
vn -0.3068 0.1203 -0.9441
vn -0.3080 0.0757 -0.9484
vn -0.5835 0.1203 -0.8031
vn -0.5861 0.0757 -0.8067
vn -0.8031 0.1203 -0.5835
vn -0.8067 0.0757 -0.5860
vn -0.9441 0.1203 -0.3068
vn -0.9483 0.0757 -0.3081
vn -0.9927 0.1203 0.0000
vn -0.9971 0.0757 0.0000
vn -0.9442 0.1203 0.3067
vn -0.9483 0.0757 0.3081
vn -0.8031 0.1203 0.5835
vn -0.8066 0.0757 0.5861
vn -0.5834 0.1203 0.8032
vn -0.5861 0.0757 0.8067
vn -0.3067 0.1203 0.9442
vn -0.3081 0.0757 0.9483
vn 0.0000 0.1203 0.9927
vn 0.0000 0.0757 0.9971
vn 0.3066 0.1203 0.9442
vn 0.3082 0.0757 0.9483
vn 0.5835 0.1203 0.8032
vn 0.5861 0.0757 0.8067
vn 0.8032 0.1203 0.5835
vn 0.8066 0.0757 0.5862
vn 0.9442 0.1203 0.3067
vn 0.9483 0.0757 0.3081
vn 0.9985 0.0544 0.0000
vn 0.9496 0.0544 -0.3086
vn 0.8078 0.0544 -0.5870
vn 0.5869 0.0544 -0.8078
vn 0.3086 0.0544 -0.9496
vn 0.1563 0.0537 -0.9862
vn -0.1562 0.0537 -0.9862
vn -0.3086 0.0544 -0.9496
vn -0.5869 0.0544 -0.8078
vn -0.8077 0.0544 -0.5870
vn -0.9496 0.0544 -0.3086
vn -0.9985 0.0544 0.0000
vn -0.9496 0.0544 0.3085
vn -0.8078 0.0544 0.5869
vn -0.5869 0.0544 0.8078
vn -0.3084 0.0544 0.9497
vn 0.0000 0.0544 0.9985
vn 0.3085 0.0544 0.9497
vn 0.5868 0.0544 0.8079
vn 0.8079 0.0544 0.5868
vn 0.9496 0.0544 0.3086
vn 0.8781 0.4772 0.0329
vn 0.9578 0.2872 0.0099
vn 0.9134 0.2787 -0.2967
vn 0.8245 0.4932 -0.2773
vn 0.7650 0.3145 -0.5619
vn 0.6477 0.5564 -0.5205
vn 0.5627 0.3084 -0.7670
vn 0.4893 0.5314 -0.6914
vn 0.2980 0.2961 -0.9074
vn 0.2593 0.5095 -0.8204
vn 0.1498 0.2899 -0.9452
vn 0.1357 0.4968 -0.8572
vn -0.1364 0.4904 -0.8607
vn -0.1502 0.2829 -0.9473
vn -0.2967 0.2895 -0.9100
vn -0.2655 0.4978 -0.8256
vn -0.5637 0.2963 -0.7710
vn -0.5000 0.5101 -0.6999
vn -0.7722 0.3084 -0.5554
vn -0.6790 0.5318 -0.5061
vn -0.9014 0.3240 -0.2872
vn -0.7903 0.5452 -0.2794
vn -0.9578 0.2872 -0.0099
vn -0.8781 0.4772 -0.0329
vn -0.9133 0.2788 0.2969
vn -0.8244 0.4934 0.2773
vn -0.7651 0.3143 0.5620
vn -0.6479 0.5560 0.5206
vn -0.5628 0.3083 0.7669
vn -0.4893 0.5315 0.6914
vn -0.2979 0.2964 0.9074
vn -0.2591 0.5101 0.8202
vn -0.0011 0.2897 0.9571
vn 0.0024 0.4983 0.8670
vn 0.2967 0.2898 0.9099
vn 0.2655 0.4985 0.8252
vn 0.5638 0.2963 0.7709
vn 0.5000 0.5100 0.6999
vn 0.7722 0.3083 0.5555
vn 0.6790 0.5314 0.5065
vn 0.9014 0.3240 0.2872
vn 0.7903 0.5454 0.2791
vn 0.2655 0.9435 -0.1984
vn 0.3247 0.9406 0.0988
vn 0.3086 0.9511 0.0089
vn 0.2882 0.9529 -0.0937
vn 0.1950 0.9456 -0.2604
vn 0.2659 0.9456 0.1874
vn 0.1002 0.9489 -0.2992
vn 0.1879 0.9488 0.2538
vn 0.0009 0.9505 -0.3107
vn 0.0969 0.9504 0.2953
vn -0.0969 0.9505 -0.2951
vn -0.0009 0.9505 0.3107
vn -0.1878 0.9489 -0.2536
vn -0.1002 0.9488 0.2995
vn -0.2659 0.9456 -0.1875
vn -0.1950 0.9455 0.2606
vn -0.3247 0.9406 -0.0989
vn -0.2655 0.9434 0.1984
vn -0.3086 0.9511 -0.0090
vn -0.2882 0.9530 0.0937
vn 0.5336 0.8455 0.0171
vn 0.5144 0.8396 -0.1743
vn 0.4597 0.8089 -0.3666
vn 0.3290 0.8227 -0.4635
vn 0.1674 0.8328 -0.5276
vn -0.0013 0.8377 -0.5461
vn -0.1675 0.8378 -0.5197
vn -0.3223 0.8327 -0.4501
vn -0.4562 0.8226 -0.3393
vn -0.5467 0.8147 -0.1932
vn -0.5336 0.8455 -0.0171
vn -0.5145 0.8396 0.1742
vn -0.4597 0.8089 0.3666
vn -0.3291 0.8225 0.4638
vn -0.1674 0.8325 0.5280
vn 0.0013 0.8376 0.5463
vn 0.1676 0.8375 0.5201
vn 0.3225 0.8325 0.4504
vn 0.4562 0.8227 0.3393
vn 0.5468 0.8147 0.1932
vn 0.7036 0.6727 -0.2286
vn 0.7399 0.6727 0.0000
vn 0.5986 0.6727 -0.4349
vn 0.4349 0.6727 -0.5985
vn 0.2286 0.6727 -0.7036
vn 0.1163 0.6681 -0.7349
vn -0.2287 0.6727 -0.7036
vn -0.1163 0.6681 -0.7349
vn -0.4349 0.6727 -0.5985
vn -0.5985 0.6727 -0.4349
vn -0.7036 0.6727 -0.2286
vn -0.7399 0.6727 0.0000
vn -0.7037 0.6727 0.2286
vn -0.5986 0.6727 0.4349
vn -0.4348 0.6727 0.5986
vn -0.2286 0.6727 0.7037
vn 0.0000 0.6727 0.7399
vn 0.2286 0.6727 0.7037
vn 0.4348 0.6727 0.5986
vn 0.5986 0.6727 0.4348
vn 0.7037 0.6727 0.2286
vn 0.9894 -0.1449 0.0000
vn 0.9992 -0.0402 0.0000
vn 0.9503 -0.0402 -0.3088
vn 0.9410 -0.1449 -0.3057
vn 0.8083 -0.0402 -0.5873
vn 0.8005 -0.1449 -0.5816
vn 0.5873 -0.0402 -0.8083
vn 0.5816 -0.1449 -0.8005
vn 0.3088 -0.0402 -0.9503
vn 0.3057 -0.1449 -0.9410
vn 0.1563 -0.0397 -0.9869
vn 0.1548 -0.1431 -0.9775
vn -0.1548 -0.1431 -0.9775
vn -0.1563 -0.0397 -0.9869
vn -0.3088 -0.0402 -0.9503
vn -0.3057 -0.1449 -0.9410
vn -0.5873 -0.0402 -0.8083
vn -0.5816 -0.1449 -0.8005
vn -0.8083 -0.0402 -0.5873
vn -0.8005 -0.1449 -0.5816
vn -0.9503 -0.0402 -0.3088
vn -0.9410 -0.1449 -0.3057
vn -0.9992 -0.0402 0.0000
vn -0.9894 -0.1449 0.0000
vn -0.9503 -0.0402 0.3088
vn -0.9410 -0.1449 0.3057
vn -0.8083 -0.0402 0.5873
vn -0.8005 -0.1449 0.5816
vn -0.5873 -0.0402 0.8083
vn -0.5816 -0.1449 0.8005
vn -0.3088 -0.0402 0.9503
vn -0.3057 -0.1449 0.9410
vn 0.0000 -0.0402 0.9992
vn 0.0000 -0.1449 0.9894
vn 0.3088 -0.0402 0.9503
vn 0.3057 -0.1449 0.9410
vn 0.5873 -0.0402 0.8083
vn 0.5816 -0.1449 0.8005
vn 0.8083 -0.0402 0.5873
vn 0.8005 -0.1449 0.5816
vn 0.9503 -0.0402 0.3088
vn 0.9410 -0.1449 0.3057
vn 0.9555 0.2948 0.0000
vn 0.9088 0.2948 -0.2953
vn 0.8253 0.4969 -0.2681
vn 0.8678 0.4969 0.0000
vn 0.7730 0.2948 -0.5616
vn 0.7020 0.4969 -0.5101
vn 0.5616 0.2948 -0.7730
vn 0.5101 0.4969 -0.7020
vn 0.2953 0.2948 -0.9088
vn 0.2681 0.4969 -0.8253
vn 0.1496 0.2915 -0.9448
vn 0.1361 0.4923 -0.8597
vn -0.1496 0.2915 -0.9448
vn -0.2953 0.2948 -0.9088
vn -0.2681 0.4969 -0.8253
vn -0.1361 0.4923 -0.8597
vn -0.5616 0.2948 -0.7730
vn -0.5101 0.4969 -0.7020
vn -0.7730 0.2948 -0.5617
vn -0.7020 0.4969 -0.5101
vn -0.9088 0.2948 -0.2953
vn -0.8253 0.4969 -0.2681
vn -0.9555 0.2948 0.0000
vn -0.8678 0.4969 0.0000
vn -0.9088 0.2948 0.2953
vn -0.8253 0.4969 0.2681
vn -0.7730 0.2948 0.5617
vn -0.7020 0.4969 0.5101
vn -0.5617 0.2948 0.7730
vn -0.5101 0.4969 0.7020
vn -0.2953 0.2948 0.9088
vn -0.2681 0.4969 0.8253
vn 0.0000 0.2948 0.9555
vn 0.0000 0.4970 0.8678
vn 0.2953 0.2948 0.9088
vn 0.2681 0.4969 0.8253
vn 0.5616 0.2948 0.7730
vn 0.5101 0.4969 0.7020
vn 0.7730 0.2948 0.5616
vn 0.7020 0.4969 0.5101
vn 0.9088 0.2948 0.2953
vn 0.8253 0.4969 0.2681
vn 0.6025 0.7981 0.0000
vn 0.5730 0.7981 -0.1862
vn 0.3094 0.9456 -0.1005
vn 0.3253 0.9456 0.0000
vn 0.4874 0.7981 -0.3541
vn 0.2632 0.9456 -0.1912
vn 0.3541 0.7981 -0.4874
vn 0.1912 0.9456 -0.2632
vn 0.1862 0.7981 -0.5730
vn 0.1005 0.9456 -0.3094
vn 0.0950 0.7945 -0.5998
vn 0.0515 0.9443 -0.3249
vn -0.0950 0.7945 -0.5998
vn -0.1862 0.7981 -0.5730
vn -0.1005 0.9456 -0.3094
vn -0.0515 0.9443 -0.3249
vn -0.3541 0.7981 -0.4874
vn -0.1912 0.9456 -0.2632
vn -0.4874 0.7981 -0.3541
vn -0.2632 0.9456 -0.1912
vn -0.5730 0.7981 -0.1862
vn -0.3094 0.9456 -0.1005
vn -0.6025 0.7981 0.0000
vn -0.3253 0.9456 0.0000
vn -0.5730 0.7981 0.1862
vn -0.3094 0.9456 0.1005
vn -0.4874 0.7981 0.3541
vn -0.2632 0.9456 0.1912
vn -0.3541 0.7981 0.4874
vn -0.1912 0.9456 0.2632
vn -0.1862 0.7981 0.5730
vn -0.1005 0.9456 0.3094
vn 0.0000 0.7981 0.6025
vn 0.0000 0.9456 0.3253
vn 0.1862 0.7981 0.5730
vn 0.1005 0.9456 0.3094
vn 0.3541 0.7981 0.4874
vn 0.1912 0.9456 0.2632
vn 0.4874 0.7981 0.3541
vn 0.2632 0.9456 0.1912
vn 0.5730 0.7981 0.1862
vn 0.3094 0.9456 0.1005
vn 0.2216 0.9724 -0.0720
vn 0.2330 0.9724 0.0000
vn 0.1885 0.9724 -0.1370
vn 0.1370 0.9724 -0.1885
vn 0.0720 0.9724 -0.2216
vn 0.0369 0.9718 -0.2329
vn -0.0720 0.9724 -0.2216
vn -0.0369 0.9718 -0.2329
vn -0.1370 0.9724 -0.1885
vn -0.1885 0.9724 -0.1370
vn -0.2216 0.9724 -0.0720
vn -0.2330 0.9724 0.0000
vn -0.2216 0.9724 0.0720
vn -0.1885 0.9724 0.1370
vn -0.1370 0.9724 0.1885
vn -0.0720 0.9724 0.2216
vn 0.0000 0.9725 0.2330
vn 0.0720 0.9724 0.2216
vn 0.1370 0.9724 0.1885
vn 0.1885 0.9724 0.1370
vn 0.2216 0.9724 0.0720
vn 0.9885 0.1509 0.0000
vn 0.9402 0.1509 -0.3055
vn 0.7997 0.1509 -0.5810
vn 0.5810 0.1509 -0.7997
vn 0.3055 0.1509 -0.9402
vn 0.1547 0.1491 -0.9766
vn -0.1547 0.1491 -0.9766
vn -0.3055 0.1509 -0.9402
vn -0.5810 0.1509 -0.7997
vn -0.7997 0.1509 -0.5810
vn -0.9402 0.1509 -0.3055
vn -0.9885 0.1509 0.0000
vn -0.9402 0.1509 0.3055
vn -0.7997 0.1509 0.5810
vn -0.5810 0.1509 0.7997
vn -0.3055 0.1509 0.9402
vn 0.0000 0.1509 0.9885
vn 0.3055 0.1509 0.9402
vn 0.5810 0.1509 0.7997
vn 0.7997 0.1509 0.5810
vn 0.9402 0.1509 0.3055
vn 0.9190 0.2572 -0.2986
vn 0.9664 0.2571 0.0000
vn 0.7818 0.2572 -0.5680
vn 0.5680 0.2571 -0.7818
vn 0.2986 0.2572 -0.9190
vn 0.1513 0.2542 -0.9552
vn -0.2986 0.2572 -0.9190
vn -0.1513 0.2542 -0.9552
vn -0.5680 0.2571 -0.7818
vn -0.7818 0.2572 -0.5680
vn -0.9191 0.2571 -0.2986
vn -0.9664 0.2571 0.0000
vn -0.9191 0.2571 0.2986
vn -0.7818 0.2571 0.5680
vn -0.5680 0.2571 0.7818
vn -0.2986 0.2571 0.9191
vn 0.0000 0.2571 0.9664
vn 0.2986 0.2571 0.9191
vn 0.5680 0.2572 0.7818
vn 0.7818 0.2571 0.5680
vn 0.9191 0.2571 0.2986
vn 0.3048 0.9472 -0.0990
vn 0.3205 0.9472 0.0000
vn 0.2593 0.9472 -0.1884
vn 0.1884 0.9472 -0.2593
vn 0.0990 0.9472 -0.3048
vn 0.0507 0.9460 -0.3201
vn -0.0990 0.9472 -0.3048
vn -0.0507 0.9460 -0.3201
vn -0.1884 0.9472 -0.2593
vn -0.2593 0.9472 -0.1884
vn -0.3048 0.9472 -0.0990
vn -0.3205 0.9472 0.0000
vn -0.3048 0.9472 0.0990
vn -0.2593 0.9472 0.1884
vn -0.1884 0.9472 0.2593
vn -0.0990 0.9472 0.3048
vn 0.0000 0.9472 0.3205
vn 0.0990 0.9472 0.3048
vn 0.1884 0.9472 0.2593
vn 0.2593 0.9472 0.1884
vn 0.3048 0.9472 0.0990
vn -0.9162 0.2683 0.2977
vn -0.9633 0.2682 0.0000
vn -0.7794 0.2682 0.5662
vn -0.5662 0.2682 0.7794
vn -0.2977 0.2682 0.9162
vn -0.1508 0.2651 0.9523
vn 0.2977 0.2682 0.9162
vn 0.1508 0.2651 0.9523
vn 0.5662 0.2682 0.7794
vn 0.7794 0.2682 0.5662
vn 0.9162 0.2683 0.2977
vn 0.9633 0.2683 0.0000
vn 0.9162 0.2683 -0.2977
vn 0.7794 0.2682 -0.5662
vn 0.5662 0.2682 -0.7794
vn 0.2977 0.2682 -0.9162
vn 0.0000 0.2682 -0.9633
vn -0.2977 0.2682 -0.9162
vn -0.5662 0.2682 -0.7794
vn -0.7794 0.2682 -0.5662
vn -0.9162 0.2682 -0.2977
vn 0.0580 -0.9981 -0.0188
vn 0.1052 -0.9938 -0.0342
vn 0.1106 -0.9938 0.0000
vn 0.0609 -0.9981 0.0000
vn 0.0493 -0.9981 -0.0358
vn 0.0895 -0.9938 -0.0650
vn 0.0358 -0.9981 -0.0493
vn 0.0650 -0.9938 -0.0895
vn 0.0188 -0.9981 -0.0580
vn 0.0342 -0.9938 -0.1053
vn 0.0000 -0.9981 -0.0609
vn 0.0000 -0.9938 -0.1107
vn -0.0188 -0.9981 -0.0580
vn -0.0342 -0.9938 -0.1052
vn -0.0358 -0.9981 -0.0493
vn -0.0650 -0.9938 -0.0895
vn -0.0493 -0.9981 -0.0358
vn -0.0895 -0.9938 -0.0650
vn -0.0580 -0.9981 -0.0188
vn -0.1052 -0.9938 -0.0342
vn -0.0609 -0.9981 0.0000
vn -0.1106 -0.9938 0.0000
vn -0.0580 -0.9981 0.0188
vn -0.1053 -0.9938 0.0342
vn -0.0493 -0.9981 0.0358
vn -0.0895 -0.9938 0.0650
vn -0.0358 -0.9981 0.0493
vn -0.0650 -0.9938 0.0895
vn -0.0188 -0.9981 0.0580
vn -0.0342 -0.9938 0.1053
vn 0.0000 -0.9981 0.0609
vn 0.0000 -0.9938 0.1107
vn 0.0188 -0.9981 0.0580
vn 0.0342 -0.9938 0.1053
vn 0.0358 -0.9981 0.0493
vn 0.0650 -0.9938 0.0895
vn 0.0493 -0.9981 0.0358
vn 0.0895 -0.9938 0.0650
vn 0.0580 -0.9981 0.0188
vn 0.1052 -0.9938 0.0342
vn -0.3038 0.9476 0.0987
vn -0.3194 0.9476 0.0000
vn -0.2584 0.9476 0.1877
vn -0.1877 0.9476 0.2584
vn -0.0987 0.9476 0.3038
vn -0.0505 0.9464 0.3190
vn 0.0987 0.9476 0.3038
vn 0.0505 0.9464 0.3190
vn 0.1877 0.9476 0.2584
vn 0.2584 0.9476 0.1877
vn 0.3038 0.9476 0.0987
vn 0.3194 0.9476 0.0000
vn 0.3038 0.9476 -0.0987
vn 0.2584 0.9476 -0.1877
vn 0.1877 0.9476 -0.2584
vn 0.0987 0.9476 -0.3038
vn 0.0000 0.9476 -0.3194
vn -0.0987 0.9476 -0.3038
vn -0.1877 0.9476 -0.2584
vn -0.2584 0.9476 -0.1877
vn -0.3038 0.9476 -0.0987
vn -0.7071 0.7071 0.0000
vn 0.0000 0.9999 -0.0142
vn -0.7054 0.7088 -0.0101
vn -1.0000 0.0034 -0.0001
vn -0.7071 -0.7071 0.0000
vn -0.7088 -0.7053 0.0100
vn -0.3827 -0.9239 0.0000
vn -0.3827 -0.9238 0.0131
vn 0.7071 -0.7071 0.0000
vn 0.3827 -0.9239 0.0000
vn 0.3827 -0.9238 0.0131
vn 0.7088 -0.7053 0.0100
vn 1.0000 0.0034 -0.0001
vn 0.7071 0.7071 0.0000
vn 0.7054 0.7087 -0.0101
vn -0.0002 0.9978 -0.0658
vn -0.7026 0.7101 -0.0467
vn -0.9999 0.0086 -0.0009
vn -0.7109 -0.7020 0.0427
vn -0.3821 -0.9225 0.0551
vn 0.3828 -0.9222 0.0543
vn 0.7108 -0.7021 0.0420
vn 0.9999 0.0081 -0.0008
vn 0.7025 0.7101 -0.0462
vn -0.0007 0.9848 -0.1738
vn -0.6985 0.7050 -0.1225
vn -0.9998 0.0169 -0.0024
vn -0.7142 -0.6914 0.1085
vn -0.3806 -0.9142 0.1390
vn 0.3826 -0.9135 0.1380
vn 0.7141 -0.6917 0.1076
vn 0.9999 0.0152 -0.0022
vn 0.6985 0.7052 -0.1218
vn -0.6903 0.6670 -0.2803
vn -0.0004 0.9205 -0.3906
vn 0.0005 0.7328 -0.6804
vn -0.6883 0.5305 -0.4948
vn -0.9992 0.0375 -0.0143
vn -0.9989 0.0339 -0.0329
vn -0.7306 -0.6321 0.2582
vn -0.7379 -0.4840 0.4702
vn -0.3848 -0.8554 0.3465
vn -0.3904 -0.6535 0.6484
vn 0.7306 -0.6312 0.2602
vn 0.3860 -0.8542 0.3484
vn 0.3867 -0.6524 0.6517
vn 0.7379 -0.4822 0.4721
vn 0.9992 0.0365 -0.0143
vn 0.9988 0.0350 -0.0344
vn 0.6904 0.6664 -0.2815
vn 0.6883 0.5297 -0.4956
vn 0.0003 0.4778 -0.8784
vn -0.6934 0.3421 -0.6341
vn -0.9996 0.0128 -0.0253
vn -0.7208 -0.3200 0.6148
vn -0.3844 -0.4214 0.8213
vn 0.3823 -0.4256 0.8202
vn 0.7211 -0.3232 0.6128
vn 0.9995 0.0134 -0.0262
vn 0.6935 0.3436 -0.6332
vn -0.0001 0.2428 -0.9701
vn -0.6934 0.1762 -0.6987
vn -0.9995 0.0083 -0.0291
vn -0.7238 -0.1716 0.6683
vn -0.3834 -0.2317 0.8940
vn 0.3841 -0.2304 0.8940
vn 0.7237 -0.1704 0.6686
vn 0.9995 0.0081 -0.0288
vn 0.6933 0.1755 -0.6989
vn -0.6952 0.0194 -0.7186
vn 0.0003 0.0294 -0.9995
vn 0.0002 -0.2004 -0.9797
vn -0.6929 -0.1446 -0.7063
vn -0.9997 -0.0007 -0.0242
vn -0.9995 -0.0053 -0.0301
vn -0.7197 -0.0134 0.6941
vn -0.7236 0.1429 0.6752
vn -0.3831 -0.0143 0.9236
vn -0.3847 0.1922 0.9028
vn 0.7197 -0.0126 0.6941
vn 0.3819 -0.0134 0.9241
vn 0.3836 0.1912 0.9034
vn 0.7237 0.1419 0.6754
vn 0.9997 -0.0008 -0.0250
vn 0.9995 -0.0054 -0.0307
vn 0.6952 0.0191 -0.7186
vn 0.6930 -0.1441 -0.7064
vn 0.0005 -0.4994 -0.8664
vn -0.6885 -0.3632 -0.6277
vn -0.9988 -0.0244 -0.0410
vn -0.7417 0.3562 0.5683
vn -0.3963 0.5168 0.7588
vn 0.3859 0.5268 0.7573
vn 0.7418 0.3610 0.5652
vn 0.9987 -0.0261 -0.0429
vn 0.6886 -0.3645 -0.6269
vn 0.0006 -0.7969 -0.6041
vn -0.6887 -0.5795 -0.4357
vn -0.9990 -0.0367 -0.0265
vn -0.7317 0.5618 0.3859
vn -0.3895 0.7779 0.4930
vn 0.3801 0.7768 0.5021
vn 0.7324 0.5583 0.3897
vn 0.9988 -0.0386 -0.0283
vn 0.6888 -0.5786 -0.4367
vn 0.0001 -0.9430 -0.3328
vn -0.6955 -0.6778 -0.2384
vn -0.9997 -0.0234 -0.0074
vn -0.7200 0.6552 0.2287
vn -0.3834 0.8724 0.3031
vn 0.3830 0.8725 0.3033
vn 0.7200 0.6551 0.2288
vn 0.9997 -0.0236 -0.0075
vn 0.6955 -0.6778 -0.2384
vn 0.0000 -0.9710 -0.2388
vn -0.7076 -0.6862 -0.1686
vn -1.0000 0.0012 0.0003
vn -0.7063 0.6874 0.1690
vn -0.3826 0.8972 0.2205
vn 0.3825 0.8972 0.2207
vn 0.7063 0.6874 0.1692
vn 1.0000 0.0012 0.0003
vn 0.7076 -0.6861 -0.1689
vn -0.0000 -0.9492 -0.3145
vn -0.7165 -0.6621 -0.2196
vn -0.9998 0.0171 0.0056
vn -0.6984 0.6792 0.2255
vn -0.3829 0.8767 0.2912
vn 0.3830 0.8767 0.2911
vn 0.6984 0.6792 0.2254
vn 0.9998 0.0171 0.0056
vn 0.7165 -0.6621 -0.2194
vn 0.0000 -0.9002 -0.4354
vn -0.7141 -0.6302 -0.3048
vn -0.9999 0.0123 0.0059
vn -0.7004 0.6426 0.3106
vn -0.3828 0.8317 0.4021
vn 0.3828 0.8317 0.4021
vn 0.7004 0.6425 0.3106
vn 0.9999 0.0123 0.0059
vn 0.7141 -0.6302 -0.3048
vn 0.0000 -0.8511 -0.5249
vn -0.7128 -0.5969 -0.3682
vn -0.9999 0.0096 0.0059
vn -0.7016 0.6064 0.3742
vn -0.3828 0.7862 0.4851
vn 0.3828 0.7862 0.4852
vn 0.7016 0.6064 0.3742
vn 0.9999 0.0096 0.0059
vn 0.7128 -0.5969 -0.3682
vn 0.0010 -0.7468 -0.6650
vn -0.7223 -0.5185 -0.4576
vn -0.9996 0.0209 0.0201
vn -0.6934 0.5450 0.4713
vn -0.3826 0.7004 0.6025
vn 0.3822 0.7009 0.6022
vn 0.6934 0.5454 0.4708
vn 0.9996 0.0203 0.0195
vn 0.7223 -0.5196 -0.4564
vn 0.0018 -0.5309 -0.8474
vn -0.7291 -0.3681 -0.5770
vn -0.9992 0.0226 0.0318
vn -0.6907 0.4018 0.6012
vn -0.3860 0.5132 0.7666
vn 0.3849 0.5134 0.7669
vn 0.6907 0.4019 0.6012
vn 0.9993 0.0216 0.0303
vn 0.7290 -0.3679 -0.5772
vn 0.0031 -0.2352 -0.9719
vn -0.7266 -0.1725 -0.6650
vn -0.9993 0.0081 0.0354
vn -0.6923 0.2102 0.6903
vn -0.3856 0.2747 0.8808
vn 0.3836 0.2757 0.8813
vn 0.6923 0.2111 0.6900
vn 0.9995 0.0075 0.0322
vn 0.7268 -0.1745 -0.6643
vn -0.7067 -0.0678 -0.7042
vn 0.0020 -0.0844 -0.9964
vn 0.0002 -0.0592 -0.9982
vn -0.7100 -0.0425 -0.7029
vn -1.0000 0.0016 0.0071
vn -1.0000 0.0004 0.0066
vn -0.7024 0.0901 0.7060
vn -0.7037 0.0453 0.7091
vn -0.3829 0.1198 0.9160
vn -0.3827 0.0595 0.9219
vn 0.7022 0.0887 0.7064
vn 0.3812 0.1187 0.9168
vn 0.3825 0.0592 0.9221
vn 0.7036 0.0450 0.7091
vn 1.0000 0.0015 0.0044
vn 1.0000 0.0004 0.0062
vn 0.7064 -0.0651 -0.7048
vn 0.7100 -0.0421 -0.7029
vn 0.0000 -0.0060 -1.0000
vn -0.7107 -0.0043 -0.7035
vn -1.0000 0.0000 0.0072
vn -0.7035 0.0045 0.7106
vn -0.3829 0.0059 0.9238
vn 0.3826 0.0062 0.9239
vn 0.7036 0.0047 0.7106
vn 1.0000 0.0000 0.0071
vn 0.7107 -0.0042 -0.7035
vn -0.0038 0.1640 -0.9864
vn -0.7312 0.1203 -0.6714
vn -0.9991 -0.0084 0.0405
vn -0.7073 -0.1481 0.6912
vn -0.4236 -0.2049 0.8823
vn 0.4333 -0.2145 0.8753
vn 0.7046 -0.1569 0.6920
vn 0.9990 -0.0093 0.0434
vn 0.7319 0.1259 -0.6696
vn -0.0057 0.4963 -0.8681
vn -0.7364 0.3524 -0.5774
vn -0.9990 -0.0234 0.0373
vn -0.6923 -0.4100 0.5938
vn -0.3867 -0.5337 0.7520
vn 0.3970 -0.5231 0.7541
vn 0.6890 -0.4056 0.6006
vn 0.9988 -0.0254 0.0412
vn 0.7366 0.3488 -0.5794
vn -0.0011 0.8202 -0.5721
vn -0.7353 0.5576 -0.3851
vn -0.9988 -0.0420 0.0245
vn -0.6854 -0.6033 0.4078
vn -0.3844 -0.7629 0.5197
vn 0.3844 -0.7620 0.5211
vn 0.6857 -0.6020 0.4090
vn 0.9987 -0.0425 0.0253
vn 0.7355 0.5560 -0.3871
vn 0.0003 0.9187 -0.3949
vn -0.6997 0.6561 -0.2826
vn -1.0000 0.0026 -0.0004
vn -0.7018 -0.6544 0.2814
vn -0.3739 -0.8537 0.3625
vn 0.3759 -0.8545 0.3583
vn 0.7007 -0.6566 0.2790
vn 1.0000 0.0021 -0.0008
vn 0.6996 0.6563 -0.2825
vn -0.7013 0.0233 -0.7125
vn 0.0008 0.0370 -0.9993
vn 0.0000 -0.0081 -0.9999
vn -0.7079 -0.0057 -0.7063
vn -1.0000 0.0012 -0.0055
vn -1.0000 0.0000 0.0019
vn -0.7052 0.0052 0.7090
vn -0.7060 0.0060 0.7082
vn -0.3814 0.0222 0.9241
vn -0.3825 0.0079 0.9239
vn 0.7057 0.0011 0.7085
vn 0.3761 0.0174 0.9264
vn 0.3824 0.0078 0.9239
vn 0.7060 0.0060 0.7082
vn 0.9999 0.0011 -0.0084
vn 1.0000 0.0000 0.0019
vn 0.7014 0.0251 -0.7122
vn 0.7079 -0.0057 -0.7063
vn -0.6964 0.5597 -0.4491
vn 0.0016 0.7842 -0.6204
vn 0.0025 0.6092 -0.7930
vn -0.6960 0.4292 -0.5756
vn -0.9996 0.0222 -0.0181
vn -0.9996 0.0142 -0.0234
vn -0.7275 -0.4958 0.4743
vn -0.7187 -0.3196 0.6175
vn -0.3817 -0.6291 0.6771
vn -0.3722 -0.3320 0.8667
vn 0.7275 -0.4921 0.4780
vn 0.3679 -0.6272 0.6865
vn 0.3466 -0.3324 0.8771
vn 0.7195 -0.3168 0.6180
vn 0.9994 0.0260 -0.0220
vn 0.9993 0.0190 -0.0315
vn 0.6965 0.5588 -0.4501
vn 0.6961 0.4287 -0.5759
vn -0.6965 0.2802 -0.6605
vn 0.0026 0.4047 -0.9144
vn 0.0020 0.1955 -0.9807
vn -0.6945 0.1322 -0.7072
vn -0.9998 0.0056 -0.0171
vn -0.9998 0.0024 -0.0203
vn -0.7070 -0.1712 0.6861
vn -0.7115 -0.0559 0.7004
vn -0.3710 -0.1406 0.9179
vn -0.3788 -0.0226 0.9252
vn 0.7086 -0.1710 0.6846
vn 0.3467 -0.1426 0.9271
vn 0.3630 -0.0266 0.9314
vn 0.7128 -0.0587 0.6989
vn 0.9996 0.0083 -0.0269
vn 0.9996 0.0031 -0.0279
vn 0.6969 0.2802 -0.6602
vn 0.6949 0.1334 -0.7066
vn 0.0007 0.8834 -0.4685
vn -0.6970 0.6336 -0.3356
vn -0.9998 0.0163 -0.0060
vn -0.7131 -0.6169 0.3330
vn -0.3717 -0.8188 0.4374
vn 0.3736 -0.8156 0.4418
vn 0.7125 -0.6155 0.3367
vn 0.9998 0.0175 -0.0060
vn 0.6971 0.6331 -0.3364
vn 0.4056 0.7071 0.5792
vn -0.0117 0.9999 0.0081
vn 0.3963 0.7088 0.5836
vn 0.5736 0.0000 0.8191
vn 0.5735 0.0034 0.8192
vn 0.4056 -0.7071 0.5792
vn 0.4147 -0.7053 0.5749
vn 0.2195 -0.9239 0.3135
vn 0.2302 -0.9238 0.3059
vn -0.4056 -0.7071 -0.5792
vn -0.2195 -0.9239 -0.3135
vn -0.2087 -0.9238 -0.3210
vn -0.3984 -0.7053 -0.5864
vn -0.5736 0.0000 -0.8191
vn -0.5736 0.0034 -0.8191
vn -0.4056 0.7071 -0.5792
vn -0.4129 0.7088 -0.5720
vn -0.0538 0.9978 0.0379
vn 0.3647 0.7101 0.6023
vn 0.5728 0.0086 0.8196
vn 0.4427 -0.7020 0.5578
vn 0.2643 -0.9225 0.2814
vn -0.1750 -0.9222 -0.3447
vn -0.3733 -0.7021 -0.6063
vn -0.5742 0.0081 -0.8186
vn -0.4408 0.7101 -0.5490
vn -0.1420 0.9848 0.1003
vn 0.3003 0.7050 0.6425
vn 0.5715 0.0169 0.8204
vn 0.4986 -0.6914 0.5228
vn 0.3321 -0.9142 0.2320
vn -0.1064 -0.9135 -0.3926
vn -0.3214 -0.6917 -0.6467
vn -0.5753 0.0152 -0.8178
vn -0.5004 0.7052 -0.5022
vn 0.1663 0.6670 0.7263
vn -0.3197 0.9205 0.2243
vn -0.5577 0.7328 0.3898
vn -0.0105 0.5305 0.8476
vn 0.5613 0.0375 0.8267
vn 0.5460 0.0339 0.8371
vn 0.6306 -0.6321 0.4503
vn 0.8085 -0.4841 0.3347
vn 0.5046 -0.8554 0.1165
vn 0.7551 -0.6535 -0.0521
vn -0.2059 -0.6312 -0.7477
vn 0.0640 -0.8542 -0.5160
vn 0.3121 -0.6524 -0.6906
vn -0.0365 -0.4822 -0.8753
vn -0.5848 0.0365 -0.8103
vn -0.6011 0.0350 -0.7984
vn -0.6266 0.6664 -0.4040
vn -0.8007 0.5297 -0.2795
vn -0.7197 0.4778 0.5036
vn -0.1216 0.3421 0.9317
vn 0.5526 0.0128 0.8333
vn 0.9171 -0.3200 0.2378
vn 0.8933 -0.4214 -0.1562
vn 0.4525 -0.4256 -0.7836
vn 0.0884 -0.3232 -0.9422
vn -0.5948 0.0134 -0.8037
vn -0.9165 0.3436 -0.2049
vn -0.7946 0.2428 0.5564
vn -0.1746 0.1762 0.9687
vn 0.5494 0.0083 0.8355
vn 0.9626 -0.1716 0.2095
vn 0.9522 -0.2317 -0.1987
vn 0.5120 -0.2304 -0.8274
vn 0.1326 -0.1704 -0.9764
vn -0.5969 0.0081 -0.8022
vn -0.9702 0.1755 -0.1671
vn -0.1899 0.0194 0.9816
vn -0.8189 0.0294 0.5731
vn -0.8026 -0.2004 0.5618
vn -0.1811 -0.1446 0.9727
vn 0.5536 -0.0007 0.8328
vn 0.5486 -0.0053 0.8360
vn 0.9814 -0.0134 0.1914
vn 0.9682 0.1429 0.2054
vn 0.9763 -0.0143 -0.2159
vn 0.9601 0.1923 -0.2027
vn 0.1557 -0.0126 -0.9877
vn 0.5379 -0.0134 -0.8429
vn 0.5200 0.1912 -0.8325
vn 0.1382 0.1419 -0.9802
vn -0.5939 -0.0008 -0.8045
vn -0.5985 -0.0054 -0.8011
vn -0.9873 0.0191 -0.1573
vn -0.9761 -0.1441 -0.1624
vn -0.7100 -0.4994 0.4965
vn -0.1192 -0.3632 0.9240
vn 0.5393 -0.0244 0.8418
vn 0.8910 0.3562 0.2815
vn 0.8489 0.5168 -0.1106
vn 0.3990 0.5269 -0.7505
vn 0.0375 0.3610 -0.9318
vn -0.6080 -0.0261 -0.7935
vn -0.9085 -0.3645 -0.2044
vn -0.4952 -0.7969 0.3460
vn 0.0381 -0.5795 0.8141
vn 0.5513 -0.0367 0.8335
vn 0.7358 0.5618 0.3780
vn 0.6272 0.7779 0.0363
vn 0.1932 0.7768 -0.5994
vn -0.1008 0.5582 -0.8235
vn -0.5961 -0.0386 -0.8019
vn -0.7528 -0.5787 -0.3137
vn -0.2727 -0.9430 0.1908
vn 0.2036 -0.6778 0.7064
vn 0.5673 -0.0234 0.8232
vn 0.6003 0.6552 0.4585
vn 0.4682 0.8724 0.1402
vn 0.0287 0.8725 -0.4877
vn -0.2255 0.6551 -0.7210
vn -0.5795 -0.0236 -0.8146
vn -0.5942 -0.6778 -0.4329
vn -0.1956 -0.9710 0.1370
vn 0.2677 -0.6862 0.6763
vn 0.5738 0.0012 0.8190
vn 0.5435 0.6874 0.4817
vn 0.4001 0.8972 0.1869
vn -0.0386 0.8972 -0.4400
vn -0.2665 0.6873 -0.6756
vn -0.5733 0.0012 -0.8193
vn -0.5442 -0.6861 -0.4827
vn -0.2576 -0.9492 0.1804
vn 0.2311 -0.6621 0.7129
vn 0.5781 0.0171 0.8158
vn 0.5854 0.6792 0.4428
vn 0.4582 0.8766 0.1466
vn 0.0188 0.8767 -0.4807
vn -0.2159 0.6792 -0.7014
vn -0.5688 0.0171 -0.8223
vn -0.5907 -0.6621 -0.4611
vn -0.3567 -0.9002 0.2498
vn 0.1598 -0.6302 0.7598
vn 0.5783 0.0123 0.8157
vn 0.6562 0.6426 0.3956
vn 0.5490 0.8317 0.0829
vn 0.1098 0.8317 -0.5442
vn -0.1473 0.6425 -0.7519
vn -0.5687 0.0123 -0.8224
vn -0.6593 -0.6301 -0.4101
vn -0.4300 -0.8511 0.3011
vn 0.1072 -0.5969 0.7951
vn 0.5784 0.0096 0.8157
vn 0.7089 0.6064 0.3601
vn 0.6169 0.7862 0.0353
vn 0.1779 0.7862 -0.5918
vn -0.0959 0.6064 -0.7893
vn -0.5687 0.0096 -0.8225
vn -0.7105 -0.5969 -0.3727
vn -0.5452 -0.7469 0.3806
vn 0.0395 -0.5185 0.8541
vn 0.5898 0.0209 0.8073
vn 0.7838 0.5450 0.2977
vn 0.7130 0.7004 -0.0321
vn 0.2740 0.7009 -0.6585
vn -0.0121 0.5454 -0.8380
vn -0.5574 0.0203 -0.8300
vn -0.7882 -0.5196 -0.3298
vn -0.6952 -0.5309 0.4845
vn -0.0545 -0.3681 0.9282
vn 0.5991 0.0226 0.8003
vn 0.8886 0.4018 0.2210
vn 0.8493 0.5132 -0.1235
vn 0.4074 0.5135 -0.7552
vn 0.0963 0.4019 -0.9106
vn -0.5484 0.0216 -0.8359
vn -0.8910 -0.3679 -0.2661
vn -0.7979 -0.2351 0.5550
vn -0.1279 -0.1725 0.9767
vn 0.6022 0.0081 0.7983
vn 0.9626 0.2101 0.1711
vn 0.9427 0.2747 -0.1893
vn 0.5019 0.2757 -0.8198
vn 0.1681 0.2111 -0.9629
vn -0.5469 0.0075 -0.8372
vn -0.9610 -0.1745 -0.2143
vn -0.1715 -0.0678 0.9828
vn -0.8174 -0.0844 0.5698
vn -0.8178 -0.0592 0.5724
vn -0.1685 -0.0425 0.9848
vn 0.5794 0.0016 0.8150
vn 0.5789 0.0004 0.8154
vn 0.9812 0.0901 0.1704
vn 0.9844 0.0453 0.1697
vn 0.9699 0.1199 -0.2117
vn 0.9747 0.0595 -0.2153
vn 0.1758 0.0887 -0.9804
vn 0.5323 0.1187 -0.8381
vn 0.5359 0.0592 -0.8422
vn 0.1773 0.0450 -0.9831
vn -0.5699 0.0014 -0.8217
vn -0.5684 0.0003 -0.8227
vn -0.9825 -0.0651 -0.1744
vn -0.9830 -0.0421 -0.1784
vn -0.8191 -0.0060 0.5735
vn -0.1686 -0.0043 0.9857
vn 0.5794 0.0000 0.8150
vn 0.9856 0.0045 0.1687
vn 0.9763 0.0059 -0.2162
vn 0.5373 0.0062 -0.8433
vn 0.1784 0.0047 -0.9839
vn -0.5677 0.0000 -0.8232
vn -0.9839 -0.0042 -0.1787
vn -0.8058 0.1640 0.5689
vn -0.1305 0.1203 0.9841
vn 0.6063 -0.0084 0.7952
vn 0.9719 -0.1481 0.1829
vn 0.9658 -0.2049 -0.1590
vn 0.4685 -0.2145 -0.8571
vn 0.1627 -0.1568 -0.9741
vn -0.5374 -0.0093 -0.8432
vn -0.9684 0.1259 -0.2155
vn -0.7078 0.4964 0.5026
vn -0.0506 0.3524 0.9344
vn 0.6036 -0.0233 0.7969
vn 0.8835 -0.4100 0.2265
vn 0.8378 -0.5337 -0.1146
vn 0.3900 -0.5231 -0.7578
vn 0.0967 -0.4056 -0.9089
vn -0.5391 -0.0254 -0.8418
vn -0.8971 0.3489 -0.2710
vn -0.4680 0.8202 0.3290
vn 0.1063 0.5576 0.8232
vn 0.5929 -0.0420 0.8041
vn 0.7271 -0.6033 0.3275
vn 0.6462 -0.7629 0.0168
vn 0.2064 -0.7620 -0.6138
vn -0.0582 -0.6020 -0.7963
vn -0.5521 -0.0425 -0.8327
vn -0.7389 0.5561 -0.3804
vn -0.3237 0.9187 0.2263
vn 0.1698 0.6561 0.7353
vn 0.5732 0.0026 0.8194
vn 0.6331 -0.6544 0.4134
vn 0.5114 -0.8537 0.0983
vn 0.0779 -0.8545 -0.5134
vn -0.1733 -0.6566 -0.7341
vn -0.5742 0.0021 -0.8187
vn -0.6327 0.6563 -0.4110
vn -0.1814 0.0233 0.9831
vn -0.8190 0.0370 0.5725
vn -0.8191 -0.0081 0.5735
vn -0.1726 -0.0057 0.9850
vn 0.5690 0.0012 0.8223
vn 0.5751 0.0000 0.8180
vn 0.9853 0.0052 0.1710
vn 0.9850 0.0060 0.1721
vn 0.9758 0.0221 -0.2176
vn 0.9762 0.0079 -0.2166
vn 0.1756 0.0010 -0.9844
vn 0.5432 0.0174 -0.8394
vn 0.5375 0.0078 -0.8432
vn 0.1751 0.0060 -0.9845
vn -0.5804 0.0010 -0.8143
vn -0.5720 0.0000 -0.8202
vn -0.9858 0.0251 -0.1661
vn -0.9846 -0.0057 -0.1747
vn 0.0316 0.5597 0.8281
vn -0.5092 0.7842 0.3545
vn -0.6510 0.6092 0.4528
vn -0.0723 0.4292 0.9003
vn 0.5585 0.0222 0.8292
vn 0.5541 0.0142 0.8323
vn 0.8057 -0.4958 0.3239
vn 0.9181 -0.3196 0.2346
vn 0.7736 -0.6291 -0.0757
vn 0.9235 -0.3320 -0.1922
vn -0.0257 -0.4921 -0.8701
vn 0.3514 -0.6272 -0.6951
vn 0.5196 -0.3324 -0.7870
vn 0.0935 -0.3168 -0.9438
vn -0.5913 0.0260 -0.8060
vn -0.5990 0.0190 -0.8005
vn -0.7682 0.5588 -0.3123
vn -0.8710 0.4287 -0.2398
vn -0.1415 0.2802 0.9494
vn -0.7505 0.4047 0.5224
vn -0.8045 0.1955 0.5608
vn -0.1810 0.1323 0.9745
vn 0.5595 0.0056 0.8288
vn 0.5568 0.0024 0.8306
vn 0.9676 -0.1712 0.1856
vn 0.9819 -0.0559 0.1811
vn 0.9647 -0.1406 -0.2226
vn 0.9751 -0.0226 -0.2204
vn 0.1543 -0.1710 -0.9731
vn 0.5605 -0.1426 -0.8158
vn 0.5547 -0.0266 -0.8316
vn 0.1637 -0.0587 -0.9847
vn -0.5954 0.0083 -0.8034
vn -0.5962 0.0031 -0.8028
vn -0.9405 0.2802 -0.1921
vn -0.9774 0.1333 -0.1639
vn -0.3841 0.8834 0.2682
vn 0.1249 0.6336 0.7635
vn 0.5686 0.0163 0.8224
vn 0.6818 -0.6169 0.3931
vn 0.5715 -0.8188 0.0536
vn 0.1476 -0.8156 -0.5594
vn -0.1328 -0.6155 -0.7768
vn -0.5784 0.0175 -0.8155
vn -0.6754 0.6331 -0.3780
vn 0.2418 0.7071 -0.6644
vn 0.0134 0.9999 0.0049
vn 0.2507 0.7088 -0.6594
vn 0.3420 0.0000 -0.9397
vn 0.3421 0.0034 -0.9396
vn 0.2418 -0.7071 -0.6644
vn 0.2330 -0.7053 -0.6695
vn 0.1309 -0.9239 -0.3596
vn 0.1185 -0.9238 -0.3641
vn -0.2418 -0.7071 0.6644
vn -0.1309 -0.9239 0.3596
vn -0.1432 -0.9238 0.3551
vn -0.2518 -0.7053 0.6626
vn -0.3420 0.0000 0.9397
vn -0.3419 0.0034 0.9397
vn -0.2418 0.7071 0.6644
vn -0.2318 0.7088 0.6663
vn 0.0619 0.9978 0.0223
vn 0.2842 0.7101 -0.6442
vn 0.3428 0.0086 -0.9394
vn 0.2029 -0.7020 -0.6826
vn 0.0789 -0.9225 -0.3779
vn -0.1820 -0.9222 0.3411
vn -0.2825 -0.7021 0.6536
vn -0.3412 0.0081 0.9399
vn -0.1969 0.7101 0.6760
vn 0.1636 0.9848 0.0588
vn 0.3540 0.7050 -0.6145
vn 0.3442 0.0169 -0.9387
vn 0.1423 -0.6914 -0.7083
vn -0.0004 -0.9142 -0.4051
vn -0.2605 -0.9135 0.3124
vn -0.3454 -0.6917 0.6342
vn -0.3399 0.0152 0.9403
vn -0.1244 0.7052 0.6980
vn 0.4995 0.6670 -0.5528
vn 0.3672 0.9205 0.1332
vn 0.6392 0.7328 0.2332
vn 0.7003 0.5305 -0.4775
vn 0.3552 0.0375 -0.9340
vn 0.3725 0.0339 -0.9274
vn 0.0072 -0.6321 -0.7748
vn -0.1895 -0.4840 -0.8543
vn -0.1940 -0.8554 -0.4801
vn -0.4758 -0.6535 -0.5886
vn -0.4944 -0.6312 0.5976
vn -0.4594 -0.8542 0.2436
vn -0.7447 -0.6524 0.1404
vn -0.6960 -0.4822 0.5320
vn -0.3283 0.0365 0.9438
vn -0.3092 0.0350 0.9503
vn 0.0284 0.6664 0.7450
vn 0.2303 0.5297 0.8163
vn 0.8253 0.4778 0.3008
vn 0.8330 0.3421 -0.4348
vn 0.3656 0.0127 -0.9307
vn -0.3312 -0.3200 -0.8876
vn -0.6403 -0.4214 -0.6422
vn -0.9015 -0.4256 0.0787
vn -0.8225 -0.3232 0.4680
vn -0.3172 0.0134 0.9482
vn 0.3578 0.3436 0.8683
vn 0.9116 0.2428 0.3317
vn 0.8937 0.1762 -0.4125
vn 0.3692 0.0083 -0.9293
vn -0.3805 -0.1716 -0.9087
vn -0.7090 -0.2318 -0.6660
vn -0.9715 -0.2304 0.0551
vn -0.8759 -0.1704 0.4514
vn -0.3148 0.0081 0.9491
vn 0.4196 0.1755 0.8906
vn 0.9130 0.0195 -0.4075
vn 0.9392 0.0294 0.3421
vn 0.9205 -0.2004 0.3353
vn 0.9007 -0.1446 -0.4095
vn 0.3646 -0.0007 -0.9311
vn 0.3702 -0.0053 -0.9290
vn -0.4061 -0.0134 -0.9137
vn -0.3870 0.1429 -0.9109
vn -0.7368 -0.0143 -0.6759
vn -0.7168 0.1923 -0.6702
vn -0.8984 -0.0126 0.4389
vn -0.9990 -0.0134 0.0428
vn -0.9802 0.1913 0.0515
vn -0.8822 0.1419 0.4490
vn -0.3184 -0.0008 0.9479
vn -0.3129 -0.0054 0.9497
vn 0.4375 0.0191 0.8990
vn 0.4268 -0.1441 0.8928
vn 0.8139 -0.4994 0.2968
vn 0.8253 -0.3632 -0.4323
vn 0.3802 -0.0244 -0.9246
vn -0.2804 0.3562 -0.8913
vn -0.5775 0.5168 -0.6319
vn -0.8436 0.5268 0.1036
vn -0.7848 0.3609 0.5037
vn -0.3012 -0.0261 0.9532
vn 0.3536 -0.3645 0.8614
vn 0.5675 -0.7969 0.2072
vn 0.6449 -0.5795 -0.4982
vn 0.3666 -0.0367 -0.9297
vn -0.1124 0.5618 -0.8196
vn -0.3300 0.7779 -0.5347
vn -0.6018 0.7768 0.1855
vn -0.6167 0.5582 0.5549
vn -0.3150 -0.0386 0.9483
vn 0.1748 -0.5786 0.7966
vn 0.3128 -0.9430 0.1139
vn 0.4619 -0.6778 -0.5719
vn 0.3489 -0.0234 -0.9369
vn 0.0313 0.6552 -0.7548
vn -0.1537 0.8724 -0.4639
vn -0.4160 0.8725 0.2562
vn -0.4613 0.6551 0.5983
vn -0.3348 -0.0236 0.9420
vn -0.0138 -0.6778 0.7351
vn 0.2244 -0.9710 0.0817
vn 0.4005 -0.6862 -0.6072
vn 0.3417 0.0012 -0.9398
vn 0.0828 0.6874 -0.7215
vn -0.0764 0.8972 -0.4349
vn -0.3383 0.8972 0.2840
vn -0.4006 0.6873 0.6059
vn -0.3423 0.0012 0.9396
vn -0.0833 -0.6861 0.7226
vn 0.2955 -0.9492 0.1075
vn 0.4513 -0.6621 -0.5982
vn 0.3366 0.0171 -0.9415
vn 0.0269 0.6792 -0.7335
vn -0.1426 0.8767 -0.4594
vn -0.4045 0.8767 0.2603
vn -0.4507 0.6792 0.5792
vn -0.3473 0.0171 0.9376
vn -0.0389 -0.6622 0.7483
vn 0.4092 -0.9002 0.1489
vn 0.5307 -0.6302 -0.5667
vn 0.3364 0.0123 -0.9416
vn -0.0523 0.6426 -0.7644
vn -0.2469 0.8317 -0.4973
vn -0.5088 0.8317 0.2221
vn -0.5315 0.6425 0.5519
vn -0.3475 0.0123 0.9376
vn 0.0422 -0.6302 0.7753
vn 0.4933 -0.8511 0.1795
vn 0.5898 -0.5969 -0.5439
vn 0.3364 0.0096 -0.9416
vn -0.1116 0.6064 -0.7872
vn -0.3250 0.7862 -0.5256
vn -0.5868 0.7862 0.1937
vn -0.5916 0.6064 0.5313
vn -0.3475 0.0096 0.9376
vn 0.1022 -0.5969 0.7957
vn 0.6245 -0.7468 0.2284
vn 0.6770 -0.5185 -0.5222
vn 0.3230 0.0209 -0.9462
vn -0.2057 0.5450 -0.8128
vn -0.4353 0.7004 -0.5656
vn -0.6966 0.7009 0.1532
vn -0.6796 0.5454 0.4906
vn -0.3602 0.0203 0.9326
vn 0.1819 -0.5195 0.8348
vn 0.7957 -0.5309 0.2915
vn 0.7916 -0.3680 -0.4877
vn 0.3119 0.0226 -0.9498
vn -0.3287 0.4018 -0.8547
vn -0.5883 0.5132 -0.6249
vn -0.8523 0.5135 0.0994
vn -0.8011 0.4019 0.4434
vn -0.3702 0.0216 0.9287
vn 0.2931 -0.3679 0.8824
vn 0.9123 -0.2352 0.3353
vn 0.8734 -0.1725 -0.4554
vn 0.3085 0.0081 -0.9512
vn -0.4118 0.2102 -0.8867
vn -0.6958 0.2747 -0.6636
vn -0.9594 0.2757 0.0591
vn -0.8852 0.2111 0.4146
vn -0.3721 0.0075 0.9282
vn 0.3757 -0.1745 0.9102
vn 0.9034 -0.0678 -0.4233
vn 0.9356 -0.0844 0.3427
vn 0.9380 -0.0592 0.3416
vn 0.9033 -0.0425 -0.4268
vn 0.3353 0.0016 -0.9421
vn 0.3358 0.0004 -0.9419
vn -0.4232 0.0901 -0.9015
vn -0.4256 0.0453 -0.9037
vn -0.7298 0.1199 -0.6731
vn -0.7354 0.0595 -0.6750
vn -0.9040 0.0887 0.4183
vn -0.9919 0.1187 0.0446
vn -0.9973 0.0592 0.0440
vn -0.9070 0.0450 0.4187
vn -0.3461 0.0014 0.9382
vn -0.3478 0.0003 0.9375
vn 0.4208 -0.0651 0.9048
vn 0.4177 -0.0421 0.9076
vn 0.9397 -0.0060 0.3420
vn 0.9041 -0.0043 -0.4272
vn 0.3353 0.0000 -0.9421
vn -0.4271 0.0045 -0.9042
vn -0.7371 0.0059 -0.6757
vn -0.9990 0.0062 0.0436
vn -0.9084 0.0047 0.4182
vn -0.3487 0.0000 0.9372
vn 0.4180 -0.0042 0.9084
vn 0.9282 0.1640 0.3338
vn 0.8810 0.1203 -0.4575
vn 0.3036 -0.0084 -0.9528
vn -0.4076 -0.1481 -0.9010
vn -0.6842 -0.2049 -0.6999
vn -0.9707 -0.2145 0.1078
vn -0.8913 -0.1569 0.4254
vn -0.3825 -0.0093 0.9239
vn 0.3789 0.1259 0.9168
vn 0.8177 0.4964 0.2915
vn 0.7945 0.3524 -0.4945
vn 0.3066 -0.0234 -0.9515
vn -0.3212 -0.4100 -0.8536
vn -0.5744 -0.5337 -0.6206
vn -0.8444 -0.5231 0.1151
vn -0.8000 -0.4056 0.4421
vn -0.3803 -0.0254 0.9245
vn 0.2926 0.3489 0.8903
vn 0.5380 0.8202 0.1946
vn 0.6134 0.5576 -0.5593
vn 0.3186 -0.0420 -0.9470
vn -0.1487 -0.6033 -0.7835
vn -0.3569 -0.7629 -0.5390
vn -0.6211 -0.7620 0.1829
vn -0.6189 -0.6020 0.5044
vn -0.3654 -0.0425 0.9298
vn 0.1122 0.5560 0.8235
vn 0.3710 0.9187 0.1354
vn 0.5049 0.6561 -0.5608
vn 0.3424 0.0026 -0.9395
vn -0.0244 -0.6544 -0.7557
vn -0.2127 -0.8537 -0.4753
vn -0.4653 -0.8545 0.2307
vn -0.5019 -0.6565 0.5630
vn -0.3413 0.0021 0.9399
vn 0.0262 0.6563 0.7540
vn 0.9094 0.0233 -0.4153
vn 0.9388 0.0370 0.3425
vn 0.9396 -0.0081 0.3420
vn 0.9058 -0.0057 -0.4236
vn 0.3472 0.0012 -0.9378
vn 0.3402 0.0000 -0.9403
vn -0.4251 0.0052 -0.9051
vn -0.4240 0.0060 -0.9056
vn -0.7379 0.0221 -0.6745
vn -0.7374 0.0079 -0.6754
vn -0.9071 0.0011 0.4208
vn -0.9992 0.0174 0.0366
vn -0.9990 0.0078 0.0434
vn -0.9069 0.0060 0.4212
vn -0.3341 0.0011 0.9425
vn -0.3438 0.0000 0.9390
vn 0.4294 0.0251 0.9028
vn 0.4216 -0.0057 0.9068
vn 0.6602 0.5596 -0.5009
vn 0.5825 0.7842 0.2137
vn 0.7443 0.6093 0.2735
vn 0.7790 0.4292 -0.4571
vn 0.3589 0.0222 -0.9331
vn 0.3639 0.0143 -0.9313
vn -0.1968 -0.4958 -0.8458
vn -0.3345 -0.3195 -0.8866
vn -0.5057 -0.6291 -0.5903
vn -0.6872 -0.3320 -0.6462
vn -0.6980 -0.4921 0.5202
vn -0.7709 -0.6272 0.1109
vn -0.9427 -0.3324 0.0257
vn -0.8268 -0.3168 0.4647
vn -0.3211 0.0260 0.9467
vn -0.3121 0.0190 0.9498
vn 0.1848 0.5588 0.8084
vn 0.3031 0.4287 0.8511
vn 0.8589 0.2802 -0.4286
vn 0.8584 0.4047 0.3152
vn 0.9209 0.1955 0.3373
vn 0.9021 0.1322 -0.4107
vn 0.3580 0.0056 -0.9337
vn 0.3610 0.0024 -0.9325
vn -0.4029 -0.1712 -0.8990
vn -0.4148 -0.0559 -0.9082
vn -0.7357 -0.1406 -0.6626
vn -0.7398 -0.0226 -0.6724
vn -0.8856 -0.1710 0.4317
vn -0.9897 -0.1425 0.0087
vn -0.9994 -0.0266 0.0226
vn -0.9005 -0.0587 0.4307
vn -0.3166 0.0083 0.9485
vn -0.3157 0.0031 0.9489
vn 0.3820 0.2802 0.8806
vn 0.4263 0.1334 0.8947
vn 0.4400 0.8834 0.1609
vn 0.5538 0.6336 -0.5402
vn 0.3476 0.0163 -0.9375
vn -0.0690 -0.6169 -0.7840
vn -0.2839 -0.8188 -0.4989
vn -0.5429 -0.8156 0.2000
vn -0.5601 -0.6155 0.5544
vn -0.3363 0.0174 0.9416
vn 0.0777 0.6331 0.7701
usemtl Kerosene_Stove
s off
f 647/1/1 644/2/1 645/3/1
f 645/3/1 646/4/1 647/1/1
f 651/5/2 648/6/2 649/7/2
f 649/7/2 650/8/2 651/5/2
f 655/9/3 652/10/3 653/11/3
f 653/11/3 654/12/3 655/9/3
f 659/13/4 656/14/4 657/15/4
f 657/15/4 658/16/4 659/13/4
f 663/17/5 660/18/5 661/19/5
f 661/19/5 662/20/5 663/17/5
f 667/21/6 664/22/6 665/23/6
f 665/23/6 666/24/6 667/21/6
f 671/25/7 668/26/7 669/27/7
f 669/27/7 670/28/7 671/25/7
f 675/29/8 672/30/8 673/31/8
f 673/31/8 674/32/8 675/29/8
f 679/33/9 676/34/9 677/35/9
f 677/35/9 678/36/9 679/33/9
f 683/37/10 680/38/10 681/39/10
f 681/39/10 682/40/10 683/37/10
f 687/41/11 684/42/11 685/43/11
f 685/43/11 686/44/11 687/41/11
f 691/45/12 688/46/12 689/47/12
f 689/47/12 690/48/12 691/45/12
f 695/49/13 692/50/13 693/51/13
f 693/51/13 694/52/13 695/49/13
f 699/53/14 696/54/14 697/55/14
f 697/55/14 698/56/14 699/53/14
f 703/57/15 700/58/15 701/59/15
f 701/59/15 702/60/15 703/57/15
f 707/61/16 704/62/16 705/63/16
f 705/63/16 706/64/16 707/61/16
f 711/65/17 708/66/17 709/67/17
f 709/67/17 710/68/17 711/65/17
f 715/69/18 712/70/18 713/71/18
f 713/71/18 714/72/18 715/69/18
f 719/73/19 716/74/19 717/75/19
f 717/75/19 718/76/19 719/73/19
f 723/77/20 720/78/20 721/79/20
f 721/79/20 722/80/20 723/77/20
f 646/4/21 645/3/21 648/6/21
f 648/6/21 651/5/21 646/4/21
f 650/8/22 649/7/22 652/10/22
f 652/10/22 655/9/22 650/8/22
f 654/12/23 653/11/23 656/14/23
f 656/14/23 659/13/23 654/12/23
f 658/16/24 657/15/24 660/18/24
f 660/18/24 663/17/24 658/16/24
f 662/20/25 661/19/25 817/81/25
f 817/81/25 818/82/25 662/20/25
f 666/24/26 665/23/26 668/26/26
f 668/26/26 671/25/26 666/24/26
f 670/28/27 669/27/27 672/30/27
f 672/30/27 675/29/27 670/28/27
f 674/32/28 673/31/28 676/34/28
f 676/34/28 679/33/28 674/32/28
f 678/36/29 677/35/29 680/38/29
f 680/38/29 683/37/29 678/36/29
f 682/40/30 681/39/30 684/42/30
f 684/42/30 687/41/30 682/40/30
f 686/44/31 685/43/31 688/46/31
f 688/46/31 691/45/31 686/44/31
f 690/48/32 689/47/32 692/50/32
f 692/50/32 695/49/32 690/48/32
f 694/52/33 693/51/33 696/54/33
f 696/54/33 699/53/33 694/52/33
f 698/56/34 697/55/34 700/58/34
f 700/58/34 703/57/34 698/56/34
f 702/60/35 701/59/35 704/62/35
f 704/62/35 707/61/35 702/60/35
f 706/64/36 705/63/36 708/66/36
f 708/66/36 711/65/36 706/64/36
f 710/68/37 709/67/37 712/70/37
f 712/70/37 715/69/37 710/68/37
f 714/72/38 713/71/38 716/74/38
f 716/74/38 719/73/38 714/72/38
f 718/76/39 717/75/39 720/78/39
f 720/78/39 723/77/39 718/76/39
f 722/80/40 721/79/40 644/2/40
f 644/2/40 647/1/40 722/80/40
f 822/83/41 819/84/41 820/85/41
f 820/85/41 821/86/41 822/83/41
f 824/87/41 823/88/41 819/84/41
f 819/84/41 822/83/41 824/87/41
f 826/89/41 825/90/41 823/88/41
f 823/88/41 824/87/41 826/89/41
f 828/91/41 827/92/41 825/90/41
f 825/90/41 826/89/41 828/91/41
f 830/93/41 829/94/41 827/92/41
f 827/92/41 828/91/41 830/93/41
f 832/95/41 831/96/41 829/94/41
f 829/94/41 830/93/41 832/95/41
f 834/97/41 833/98/41 831/96/41
f 831/96/41 832/95/41 834/97/41
f 836/99/41 835/100/41 833/98/41
f 833/98/41 834/97/41 836/99/41
f 838/101/41 837/102/41 835/100/41
f 835/100/41 836/99/41 838/101/41
f 840/103/41 839/104/41 837/102/41
f 837/102/41 838/101/41 840/103/41
f 842/105/41 841/106/41 839/104/41
f 839/104/41 840/103/41 842/105/41
f 844/107/41 843/108/41 841/106/41
f 841/106/41 842/105/41 844/107/41
f 846/109/41 845/110/41 843/108/41
f 843/108/41 844/107/41 846/109/41
f 848/111/41 847/112/41 845/110/41
f 845/110/41 846/109/41 848/111/41
f 850/113/41 849/114/41 847/112/41
f 847/112/41 848/111/41 850/113/41
f 852/115/41 851/116/41 849/114/41
f 849/114/41 850/113/41 852/115/41
f 854/117/41 853/118/41 851/116/41
f 851/116/41 852/115/41 854/117/41
f 856/119/41 855/120/41 853/118/41
f 853/118/41 854/117/41 856/119/41
f 858/121/41 857/122/41 855/120/41
f 855/120/41 856/119/41 858/121/41
f 988/123/42 985/124/42 986/125/42
f 986/125/42 987/126/42 988/123/42
f 990/127/42 989/128/42 985/124/42
f 985/124/42 988/123/42 990/127/42
f 992/129/42 991/130/42 989/128/42
f 989/128/42 990/127/42 992/129/42
f 994/131/42 993/132/42 991/130/42
f 991/130/42 992/129/42 994/131/42
f 996/133/42 995/134/42 993/132/42
f 993/132/42 994/131/42 996/133/42
f 998/135/42 997/136/42 995/134/42
f 995/134/42 996/133/42 998/135/42
f 1000/137/42 999/138/42 997/136/42
f 997/136/42 998/135/42 1000/137/42
f 1002/139/42 1001/140/42 999/138/42
f 999/138/42 1000/137/42 1002/139/42
f 1004/141/42 1003/142/42 1001/140/42
f 1001/140/42 1002/139/42 1004/141/42
f 1237/143/43 1234/144/43 1235/145/43
f 1235/145/43 1236/146/43 1237/143/43
f 1236/146/43 1235/145/43 1238/147/43
f 1238/147/43 1239/148/43 1236/146/43
f 1239/148/43 1238/147/43 1240/149/43
f 1240/149/43 1241/150/43 1239/148/43
f 1241/150/43 1240/149/43 1242/151/43
f 1242/151/43 1243/152/43 1241/150/43
f 1243/152/43 1242/151/43 1244/153/43
f 1244/153/43 1245/154/43 1243/152/43
f 1245/154/43 1244/153/43 1246/155/43
f 1246/155/43 1247/156/43 1245/154/43
f 1247/156/43 1246/155/43 1248/157/43
f 1248/157/43 1249/158/43 1247/156/43
f 1249/158/43 1248/157/43 1250/159/43
f 1250/159/43 1251/160/43 1249/158/43
f 1251/160/43 1250/159/43 1252/161/43
f 1252/161/43 1253/162/43 1251/160/43
f 1253/162/43 1252/161/43 1254/163/43
f 1254/163/43 1255/164/43 1253/162/43
f 1255/164/43 1254/163/43 1256/165/43
f 1256/165/43 1257/166/43 1255/164/43
f 1257/166/43 1256/165/43 1258/167/43
f 1258/167/43 1259/168/43 1257/166/43
f 1259/168/43 1258/167/43 1260/169/43
f 1260/169/43 1261/170/43 1259/168/43
f 1261/170/43 1260/169/43 1262/171/43
f 1262/171/43 1263/172/43 1261/170/43
f 1263/172/43 1262/171/43 1264/173/43
f 1264/173/43 1265/174/43 1263/172/43
f 1269/175/43 1266/176/43 1267/177/43
f 1267/177/43 1268/178/43 1269/175/43
f 1268/178/43 1267/177/43 1270/179/43
f 1270/179/43 1271/180/43 1268/178/43
f 1271/180/43 1270/179/43 1272/181/43
f 1272/181/43 1273/182/43 1271/180/43
f 1273/182/43 1272/181/43 1274/183/43
f 1274/183/43 1275/184/43 1273/182/43
f 1275/184/43 1274/183/43 1234/144/43
f 1234/144/43 1237/143/43 1275/184/43
f 1531/185/43 1528/186/43 1529/187/43
f 1529/187/43 1530/188/43 1531/185/43
f 1533/189/43 1532/190/43 1528/186/43
f 1528/186/43 1531/185/43 1533/189/43
f 1535/191/43 1534/192/43 1532/190/43
f 1532/190/43 1533/189/43 1535/191/43
f 1537/193/43 1536/194/43 1534/192/43
f 1534/192/43 1535/191/43 1537/193/43
f 1539/195/43 1538/196/43 1536/194/43
f 1536/194/43 1537/193/43 1539/195/43
f 1541/197/43 1540/198/43 1538/196/43
f 1538/196/43 1539/195/43 1541/197/43
f 1543/199/43 1542/200/43 1540/198/43
f 1540/198/43 1541/197/43 1543/199/43
f 1545/201/43 1544/202/43 1542/200/43
f 1542/200/43 1543/199/43 1545/201/43
f 1547/203/43 1546/204/43 1544/202/43
f 1544/202/43 1545/201/43 1547/203/43
f 2013/205/42 2010/206/42 2011/207/42
f 2011/207/42 2012/208/42 2013/205/42
f 2012/208/42 2011/207/42 2014/209/42
f 2014/209/42 2015/210/42 2012/208/42
f 2015/210/42 2014/209/42 2016/211/42
f 2016/211/42 2017/212/42 2015/210/42
f 2017/212/42 2016/211/42 2018/213/42
f 2018/213/42 2019/214/42 2017/212/42
f 2019/214/42 2018/213/42 2020/215/42
f 2020/215/42 2021/216/42 2019/214/42
f 2025/217/42 2022/218/42 2023/219/42
f 2023/219/42 2024/220/42 2025/217/42
f 2024/220/42 2023/219/42 2026/221/42
f 2026/221/42 2027/222/42 2024/220/42
f 2027/222/42 2026/221/42 2028/223/42
f 2028/223/42 2029/224/42 2027/222/42
f 2029/224/42 2028/223/42 2030/225/42
f 2030/225/42 2031/226/42 2029/224/42
f 2031/226/42 2030/225/42 2032/227/42
f 2032/227/42 2033/228/42 2031/226/42
f 2033/228/42 2032/227/42 2034/229/42
f 2034/229/42 2035/230/42 2033/228/42
f 2035/230/42 2034/229/42 2036/231/42
f 2036/231/42 2037/232/42 2035/230/42
f 2037/232/42 2036/231/42 2038/233/42
f 2038/233/42 2039/234/42 2037/232/42
f 2039/234/42 2038/233/42 2040/235/42
f 2040/235/42 2041/236/42 2039/234/42
f 2041/236/42 2040/235/42 2042/237/42
f 2042/237/42 2043/238/42 2041/236/42
f 2043/238/42 2042/237/42 2044/239/42
f 2044/239/42 2045/240/42 2043/238/42
f 2045/240/42 2044/239/42 2046/241/42
f 2046/241/42 2047/242/42 2045/240/42
f 2047/242/42 2046/241/42 2048/243/42
f 2048/243/42 2049/244/42 2047/242/42
f 2049/244/42 2048/243/42 2050/245/42
f 2050/245/42 2051/246/42 2049/244/42
f 2051/246/42 2050/245/42 2010/206/42
f 2010/206/42 2013/205/42 2051/246/42
f 2097/247/42 2094/248/42 2095/249/42
f 2095/249/42 2096/250/42 2097/247/42
f 2099/251/42 2098/252/42 2094/248/42
f 2094/248/42 2097/247/42 2099/251/42
f 2101/253/42 2100/254/42 2098/252/42
f 2098/252/42 2099/251/42 2101/253/42
f 2103/255/42 2102/256/42 2100/254/42
f 2100/254/42 2101/253/42 2103/255/42
f 2105/257/42 2104/258/42 2102/256/42
f 2102/256/42 2103/255/42 2105/257/42
f 2107/259/42 2106/260/42 2104/258/42
f 2104/258/42 2105/257/42 2107/259/42
f 2109/261/42 2108/262/42 2106/260/42
f 2106/260/42 2107/259/42 2109/261/42
f 2111/263/42 2110/264/42 2108/262/42
f 2108/262/42 2109/261/42 2111/263/42
f 2113/265/42 2112/266/42 2110/264/42
f 2110/264/42 2111/263/42 2113/265/42
f 3093/267/42 3090/268/42 3091/269/42
f 3091/269/42 3092/270/42 3093/267/42
f 3095/271/42 3094/272/42 3090/268/42
f 3090/268/42 3093/267/42 3095/271/42
f 3097/273/42 3096/274/42 3094/272/42
f 3094/272/42 3095/271/42 3097/273/42
f 3099/275/42 3098/276/42 3096/274/42
f 3096/274/42 3097/273/42 3099/275/42
f 3101/277/42 3100/278/42 3098/276/42
f 3098/276/42 3099/275/42 3101/277/42
f 3105/279/42 3102/280/42 3103/281/42
f 3103/281/42 3104/282/42 3105/279/42
f 3107/283/42 3106/284/42 3102/280/42
f 3102/280/42 3105/279/42 3107/283/42
f 3109/285/42 3108/286/42 3106/284/42
f 3106/284/42 3107/283/42 3109/285/42
f 3111/287/42 3110/288/42 3108/286/42
f 3108/286/42 3109/285/42 3111/287/42
f 3113/289/42 3112/290/42 3110/288/42
f 3110/288/42 3111/287/42 3113/289/42
f 3115/291/42 3114/292/42 3112/290/42
f 3112/290/42 3113/289/42 3115/291/42
f 3117/293/42 3116/294/42 3114/292/42
f 3114/292/42 3115/291/42 3117/293/42
f 3119/295/42 3118/296/42 3116/294/42
f 3116/294/42 3117/293/42 3119/295/42
f 3121/297/42 3120/298/42 3118/296/42
f 3118/296/42 3119/295/42 3121/297/42
f 3123/299/42 3122/300/42 3120/298/42
f 3120/298/42 3121/297/42 3123/299/42
f 3125/301/42 3124/302/42 3122/300/42
f 3122/300/42 3123/299/42 3125/301/42
f 3127/303/42 3126/304/42 3124/302/42
f 3124/302/42 3125/301/42 3127/303/42
f 3129/305/42 3128/306/42 3126/304/42
f 3126/304/42 3127/303/42 3129/305/42
f 3131/307/42 3130/308/42 3128/306/42
f 3128/306/42 3129/305/42 3131/307/42
f 3092/270/42 3091/269/42 3130/308/42
f 3130/308/42 3131/307/42 3092/270/42
f 3585/309/44 3582/310/44 3583/311/44
f 3583/311/45 3584/312/45 3585/309/45
f 3587/313/44 3586/314/44 3582/310/44
f 3582/310/44 3585/309/44 3587/313/44
f 3589/315/46 3588/316/46 3586/314/46
f 3586/314/44 3587/313/44 3589/315/44
f 3593/317/43 3590/318/43 3591/319/43
f 3591/319/43 3592/320/43 3593/317/43
f 3595/321/43 3594/322/43 3590/318/43
f 3590/318/43 3593/317/43 3595/321/43
f 3597/323/43 3596/324/43 3594/322/43
f 3594/322/43 3595/321/43 3597/323/43
f 3907/325/47 3904/326/47 3905/327/47
f 3905/327/48 3906/328/48 3907/325/48
f 3909/329/47 3908/330/47 3904/326/47
f 3904/326/47 3907/325/47 3909/329/47
f 3911/331/49 3910/332/49 3908/330/49
f 3908/330/47 3909/329/47 3911/331/47
f 3915/333/50 3912/334/50 3913/335/50
f 3913/335/50 3914/336/50 3915/333/50
f 3917/337/51 3916/338/51 3912/334/51
f 3912/334/51 3915/333/51 3917/337/51
f 3919/339/50 3918/340/50 3916/338/50
f 3916/338/50 3917/337/50 3919/339/50
f 4229/341/52 4226/342/52 4227/343/52
f 4227/343/53 4228/344/53 4229/341/53
f 4231/345/54 4230/346/54 4226/342/54
f 4226/342/54 4229/341/54 4231/345/54
f 4233/347/54 4232/348/54 4230/346/54
f 4230/346/52 4231/345/52 4233/347/52
f 4237/349/55 4234/350/55 4235/351/55
f 4235/351/55 4236/352/55 4237/349/55
f 4239/353/55 4238/354/55 4234/350/55
f 4234/350/55 4237/349/55 4239/353/55
f 4241/355/55 4240/356/55 4238/354/55
f 4238/354/55 4239/353/55 4241/355/55
s 1
f 4/357/56 1/358/57 2/359/58
f 2/359/58 3/360/59 4/357/56
f 8/361/60 5/362/61 6/363/62
f 6/363/62 7/364/63 8/361/60
f 12/365/64 9/366/65 10/367/66
f 10/367/66 11/368/67 12/365/64
f 16/369/68 13/370/69 14/371/70
f 14/371/70 15/372/71 16/369/68
f 20/373/72 17/374/73 18/375/74
f 18/375/74 19/376/75 20/373/72
f 24/377/76 21/378/77 22/379/78
f 22/379/78 23/380/79 24/377/76
f 28/381/80 25/382/81 26/383/82
f 26/383/82 27/384/83 28/381/80
f 32/385/84 29/386/85 30/387/86
f 30/387/86 31/388/87 32/385/84
f 36/389/88 33/390/89 34/391/90
f 34/391/90 35/392/91 36/389/88
f 40/393/92 37/394/93 38/395/94
f 38/395/94 39/396/95 40/393/92
f 44/397/96 41/398/97 42/399/98
f 42/399/98 43/400/99 44/397/96
f 48/401/100 45/402/101 46/403/102
f 46/403/102 47/404/103 48/401/100
f 52/405/104 49/406/105 50/407/106
f 50/407/106 51/408/107 52/405/104
f 56/409/108 53/410/109 54/411/110
f 54/411/110 55/412/111 56/409/108
f 60/413/112 57/414/113 58/415/114
f 58/415/114 59/416/115 60/413/112
f 64/417/116 61/418/117 62/419/118
f 62/419/118 63/420/119 64/417/116
f 68/421/120 65/422/121 66/423/122
f 66/423/122 67/424/123 68/421/120
f 72/425/124 69/426/125 70/427/126
f 70/427/126 71/428/127 72/425/124
f 76/429/128 73/430/129 74/431/130
f 74/431/130 75/432/131 76/429/128
f 80/433/132 77/434/133 78/435/134
f 78/435/134 79/436/135 80/433/132
f 84/437/136 81/438/137 82/439/138
f 82/439/138 83/440/139 84/437/136
f 88/441/140 85/442/141 86/443/142
f 86/443/142 87/444/143 88/441/140
f 92/445/144 89/446/145 90/447/146
f 90/447/146 91/448/147 92/445/144
f 96/449/148 93/450/149 94/451/150
f 94/451/150 95/452/151 96/449/148
f 100/453/152 97/454/153 98/455/154
f 98/455/154 99/456/155 100/453/152
f 104/457/156 101/458/157 102/459/158
f 102/459/158 103/460/159 104/457/156
f 108/461/160 105/462/161 106/463/162
f 106/463/162 107/464/163 108/461/160
f 112/465/164 109/466/165 110/467/166
f 110/467/166 111/468/167 112/465/164
f 116/469/168 113/470/169 114/471/170
f 114/471/170 115/472/171 116/469/168
f 120/473/172 117/474/173 118/475/174
f 118/475/174 119/476/175 120/473/172
f 124/477/176 121/478/177 122/479/178
f 122/479/178 123/480/179 124/477/176
f 128/481/180 125/482/181 126/483/182
f 126/483/182 127/484/183 128/481/180
f 132/485/184 129/486/185 130/487/186
f 130/487/186 131/488/187 132/485/184
f 136/489/188 133/490/189 134/491/190
f 134/491/190 135/492/191 136/489/188
f 140/493/192 137/494/193 138/495/194
f 138/495/194 139/496/195 140/493/192
f 144/497/196 141/498/197 142/499/198
f 142/499/198 143/500/199 144/497/196
f 148/501/200 145/502/201 146/503/202
f 146/503/202 147/504/203 148/501/200
f 152/505/204 149/506/205 150/507/206
f 150/507/206 151/508/207 152/505/204
f 156/509/208 153/510/209 154/511/210
f 154/511/210 155/512/211 156/509/208
f 160/513/212 157/514/213 158/515/214
f 158/515/214 159/516/215 160/513/212
f 3/360/59 8/361/60 81/438/137
f 81/438/137 84/437/136 3/360/59
f 7/364/63 12/365/64 85/442/141
f 85/442/141 88/441/140 7/364/63
f 11/368/67 16/369/68 89/446/145
f 89/446/145 92/445/144 11/368/67
f 15/372/71 20/373/72 93/450/149
f 93/450/149 96/449/148 15/372/71
f 19/376/75 161/517/216 97/454/153
f 97/454/153 100/453/152 19/376/75
f 23/380/79 28/381/80 101/458/157
f 101/458/157 104/457/156 23/380/79
f 27/384/83 32/385/84 105/462/161
f 105/462/161 108/461/160 27/384/83
f 31/388/87 36/389/88 109/466/165
f 109/466/165 112/465/164 31/388/87
f 35/392/91 40/393/92 113/470/169
f 113/470/169 116/469/168 35/392/91
f 39/396/95 44/397/96 117/474/173
f 117/474/173 120/473/172 39/396/95
f 43/400/99 48/401/100 121/478/177
f 121/478/177 124/477/176 43/400/99
f 47/404/103 52/405/104 125/482/181
f 125/482/181 128/481/180 47/404/103
f 51/408/107 56/409/108 129/486/185
f 129/486/185 132/485/184 51/408/107
f 55/412/111 60/413/112 133/490/189
f 133/490/189 136/489/188 55/412/111
f 59/416/115 64/417/116 137/494/193
f 137/494/193 140/493/192 59/416/115
f 63/420/119 68/421/120 141/498/197
f 141/498/197 144/497/196 63/420/119
f 67/424/123 72/425/124 145/502/201
f 145/502/201 148/501/200 67/424/123
f 71/428/127 76/429/128 149/506/205
f 149/506/205 152/505/204 71/428/127
f 75/432/131 80/433/132 153/510/209
f 153/510/209 156/509/208 75/432/131
f 79/436/135 4/357/56 157/514/213
f 157/514/213 160/513/212 79/436/135
f 165/518/217 162/519/218 163/520/219
f 163/520/219 164/521/220 165/518/217
f 169/522/221 166/523/222 167/524/223
f 167/524/223 168/525/224 169/522/221
f 173/526/225 170/527/226 171/528/227
f 171/528/227 172/529/228 173/526/225
f 177/530/229 174/531/230 175/532/231
f 175/532/231 176/533/232 177/530/229
f 181/534/233 178/535/234 179/536/235
f 179/536/235 180/537/236 181/534/233
f 185/538/237 182/539/238 183/540/239
f 183/540/239 184/541/240 185/538/237
f 189/542/241 186/543/242 187/544/243
f 187/544/243 188/545/244 189/542/241
f 193/546/245 190/547/246 191/548/247
f 191/548/247 192/549/248 193/546/245
f 197/550/249 194/551/250 195/552/251
f 195/552/251 196/553/252 197/550/249
f 201/554/253 198/555/254 199/556/255
f 199/556/255 200/557/256 201/554/253
f 205/558/257 202/559/258 203/560/259
f 203/560/259 204/561/260 205/558/257
f 209/562/261 206/563/262 207/564/263
f 207/564/263 208/565/264 209/562/261
f 213/566/265 210/567/266 211/568/267
f 211/568/267 212/569/268 213/566/265
f 217/570/269 214/571/270 215/572/271
f 215/572/271 216/573/272 217/570/269
f 221/574/273 218/575/274 219/576/275
f 219/576/275 220/577/276 221/574/273
f 225/578/277 222/579/278 223/580/279
f 223/580/279 224/581/280 225/578/277
f 229/582/281 226/583/282 227/584/283
f 227/584/283 228/585/284 229/582/281
f 233/586/285 230/587/286 231/588/287
f 231/588/287 232/589/288 233/586/285
f 237/590/289 234/591/290 235/592/291
f 235/592/291 236/593/292 237/590/289
f 241/594/293 238/595/294 239/596/295
f 239/596/295 240/597/296 241/594/293
f 245/598/297 242/599/298 243/600/298
f 243/600/298 244/601/297 245/598/297
f 249/602/299 246/603/300 247/604/300
f 247/604/300 248/605/299 249/602/299
f 253/606/301 250/607/302 251/608/302
f 251/608/302 252/609/301 253/606/301
f 257/610/303 254/611/304 255/612/304
f 255/612/304 256/613/303 257/610/303
f 261/614/305 258/615/306 259/616/306
f 259/616/306 260/617/305 261/614/305
f 265/618/307 262/619/308 263/620/308
f 263/620/308 264/621/307 265/618/307
f 269/622/309 266/623/310 267/624/310
f 267/624/310 268/625/309 269/622/309
f 273/626/311 270/627/312 271/628/312
f 271/628/312 272/629/311 273/626/311
f 277/630/313 274/631/314 275/632/314
f 275/632/314 276/633/313 277/630/313
f 281/634/315 278/635/316 279/636/316
f 279/636/316 280/637/315 281/634/315
f 285/638/317 282/639/318 283/640/318
f 283/640/318 284/641/317 285/638/317
f 289/642/319 286/643/320 287/644/320
f 287/644/320 288/645/319 289/642/319
f 293/646/321 290/647/322 291/648/322
f 291/648/322 292/649/321 293/646/321
f 297/650/323 294/651/324 295/652/324
f 295/652/324 296/653/323 297/650/323
f 301/654/325 298/655/326 299/656/326
f 299/656/326 300/657/325 301/654/325
f 305/658/327 302/659/328 303/660/328
f 303/660/328 304/661/327 305/658/327
f 309/662/329 306/663/330 307/664/330
f 307/664/330 308/665/329 309/662/329
f 313/666/331 310/667/332 311/668/332
f 311/668/332 312/669/331 313/666/331
f 317/670/333 314/671/334 315/672/334
f 315/672/334 316/673/333 317/670/333
f 321/674/335 318/675/336 319/676/336
f 319/676/336 320/677/335 321/674/335
f 325/678/337 322/679/337 323/680/338
f 323/680/338 324/681/338 325/678/337
f 329/682/339 326/683/339 327/684/340
f 327/684/340 328/685/340 329/682/339
f 333/686/341 330/687/341 331/688/342
f 331/688/342 332/689/342 333/686/341
f 337/690/343 334/691/343 335/692/344
f 335/692/344 336/693/344 337/690/343
f 341/694/345 338/695/345 339/696/346
f 339/696/346 340/697/346 341/694/345
f 345/698/347 342/699/347 343/700/348
f 343/700/348 344/701/348 345/698/347
f 349/702/349 346/703/349 347/704/350
f 347/704/350 348/705/350 349/702/349
f 353/706/351 350/707/351 351/708/352
f 351/708/352 352/709/352 353/706/351
f 357/710/353 354/711/353 355/712/354
f 355/712/354 356/713/354 357/710/353
f 361/714/355 358/715/355 359/716/356
f 359/716/356 360/717/356 361/714/355
f 365/718/357 362/719/357 363/720/358
f 363/720/358 364/721/358 365/718/357
f 369/722/359 366/723/359 367/724/360
f 367/724/360 368/725/360 369/722/359
f 373/726/361 370/727/361 371/728/362
f 371/728/362 372/729/362 373/726/361
f 377/730/363 374/731/363 375/732/364
f 375/732/364 376/733/364 377/730/363
f 381/734/365 378/735/365 379/736/366
f 379/736/366 380/737/366 381/734/365
f 385/738/367 382/739/367 383/740/368
f 383/740/368 384/741/368 385/738/367
f 389/742/369 386/743/369 387/744/370
f 387/744/370 388/745/370 389/742/369
f 393/746/371 390/747/371 391/748/372
f 391/748/372 392/749/372 393/746/371
f 397/750/373 394/751/373 395/752/374
f 395/752/374 396/753/374 397/750/373
f 401/754/375 398/755/375 399/756/376
f 399/756/376 400/757/376 401/754/375
f 405/758/377 402/759/378 403/760/379
f 403/760/379 404/761/380 405/758/377
f 409/762/381 406/763/382 407/764/383
f 407/764/383 408/765/384 409/762/381
f 413/766/385 410/767/386 411/768/387
f 411/768/387 412/769/388 413/766/385
f 417/770/389 414/771/390 415/772/391
f 415/772/391 416/773/392 417/770/389
f 421/774/393 418/775/394 419/776/395
f 419/776/395 420/777/396 421/774/393
f 425/778/397 422/779/398 423/780/399
f 423/780/399 424/781/400 425/778/397
f 429/782/401 426/783/402 427/784/403
f 427/784/403 428/785/404 429/782/401
f 433/786/405 430/787/406 431/788/407
f 431/788/407 432/789/408 433/786/405
f 437/790/409 434/791/410 435/792/411
f 435/792/411 436/793/412 437/790/409
f 441/794/413 438/795/414 439/796/415
f 439/796/415 440/797/416 441/794/413
f 445/798/417 442/799/418 443/800/419
f 443/800/419 444/801/420 445/798/417
f 449/802/421 446/803/422 447/804/423
f 447/804/423 448/805/424 449/802/421
f 453/806/425 450/807/426 451/808/427
f 451/808/427 452/809/428 453/806/425
f 457/810/429 454/811/430 455/812/431
f 455/812/431 456/813/432 457/810/429
f 461/814/433 458/815/434 459/816/435
f 459/816/435 460/817/436 461/814/433
f 465/818/437 462/819/438 463/820/439
f 463/820/439 464/821/440 465/818/437
f 469/822/441 466/823/442 467/824/443
f 467/824/443 468/825/444 469/822/441
f 473/826/445 470/827/446 471/828/447
f 471/828/447 472/829/448 473/826/445
f 477/830/449 474/831/450 475/832/451
f 475/832/451 476/833/452 477/830/449
f 481/834/453 478/835/454 479/836/455
f 479/836/455 480/837/456 481/834/453
f 485/838/457 482/839/458 483/840/459
f 483/840/459 484/841/460 485/838/457
f 489/842/461 486/843/462 487/844/463
f 487/844/463 488/845/464 489/842/461
f 493/846/465 490/847/466 491/848/467
f 491/848/467 492/849/468 493/846/465
f 497/850/469 494/851/470 495/852/471
f 495/852/471 496/853/472 497/850/469
f 501/854/473 498/855/474 499/856/475
f 499/856/475 500/857/476 501/854/473
f 505/858/477 502/859/478 503/860/479
f 503/860/479 504/861/480 505/858/477
f 509/862/481 506/863/482 507/864/483
f 507/864/483 508/865/484 509/862/481
f 513/866/485 510/867/486 511/868/487
f 511/868/487 512/869/488 513/866/485
f 517/870/489 514/871/490 515/872/491
f 515/872/491 516/873/492 517/870/489
f 521/874/493 518/875/494 519/876/495
f 519/876/495 520/877/496 521/874/493
f 525/878/497 522/879/498 523/880/499
f 523/880/499 524/881/500 525/878/497
f 529/882/501 526/883/502 527/884/503
f 527/884/503 528/885/504 529/882/501
f 533/886/505 530/887/506 531/888/507
f 531/888/507 532/889/508 533/886/505
f 537/890/509 534/891/510 535/892/511
f 535/892/511 536/893/512 537/890/509
f 541/894/513 538/895/514 539/896/515
f 539/896/515 540/897/516 541/894/513
f 545/898/517 542/899/518 543/900/519
f 543/900/519 544/901/520 545/898/517
f 549/902/521 546/903/522 547/904/523
f 547/904/523 548/905/524 549/902/521
f 553/906/525 550/907/526 551/908/527
f 551/908/527 552/909/528 553/906/525
f 557/910/529 554/911/530 555/912/531
f 555/912/531 556/913/532 557/910/529
f 561/914/533 558/915/534 559/916/535
f 559/916/535 560/917/536 561/914/533
f 404/761/380 481/834/453 562/918/537
f 562/918/537 563/919/538 404/761/380
f 408/765/384 405/758/377 564/920/539
f 564/920/539 565/921/540 408/765/384
f 412/769/388 409/762/381 566/922/541
f 566/922/541 567/923/542 412/769/388
f 416/773/392 413/766/385 568/924/543
f 568/924/543 569/925/544 416/773/392
f 420/777/396 417/770/389 570/926/545
f 570/926/545 571/927/546 420/777/396
f 424/781/400 572/928/547 573/929/548
f 573/929/548 574/930/549 424/781/400
f 428/785/404 425/778/397 575/931/550
f 575/931/550 576/932/551 428/785/404
f 432/789/408 429/782/401 577/933/552
f 577/933/552 578/934/553 432/789/408
f 436/793/412 433/786/405 579/935/554
f 579/935/554 580/936/555 436/793/412
f 440/797/416 437/790/409 581/937/556
f 581/937/556 582/938/557 440/797/416
f 444/801/420 441/794/413 583/939/558
f 583/939/558 584/940/559 444/801/420
f 448/805/424 445/798/417 585/941/560
f 585/941/560 586/942/561 448/805/424
f 452/809/428 449/802/421 587/943/562
f 587/943/562 588/944/563 452/809/428
f 456/813/432 453/806/425 589/945/564
f 589/945/564 590/946/565 456/813/432
f 460/817/436 457/810/429 591/947/566
f 591/947/566 592/948/567 460/817/436
f 464/821/440 461/814/433 593/949/568
f 593/949/568 594/950/569 464/821/440
f 468/825/444 465/818/437 595/951/570
f 595/951/570 596/952/571 468/825/444
f 472/829/448 469/822/441 597/953/572
f 597/953/572 598/954/573 472/829/448
f 476/833/452 473/826/445 599/955/574
f 599/955/574 600/956/575 476/833/452
f 480/837/456 477/830/449 601/957/576
f 601/957/576 602/958/577 480/837/456
f 604/959/578 603/960/579 558/915/534
f 558/915/534 483/840/459 604/959/578
f 606/961/580 605/962/581 482/839/458
f 482/839/458 487/844/463 606/961/580
f 608/963/582 607/964/583 486/843/462
f 486/843/462 491/848/467 608/963/582
f 610/965/584 609/966/585 490/847/466
f 490/847/466 495/852/471 610/965/584
f 612/967/586 611/968/587 494/851/470
f 494/851/470 499/856/475 612/967/586
f 615/969/588 613/970/589 614/971/590
f 614/971/590 503/860/479 615/969/588
f 617/972/591 616/973/592 502/859/478
f 502/859/478 507/864/483 617/972/591
f 619/974/593 618/975/594 506/863/482
f 506/863/482 511/868/487 619/974/593
f 621/976/595 620/977/596 510/867/486
f 510/867/486 515/872/491 621/976/595
f 623/978/597 622/979/598 514/871/490
f 514/871/490 519/876/495 623/978/597
f 625/980/599 624/981/600 518/875/494
f 518/875/494 523/880/499 625/980/599
f 627/982/601 626/983/602 522/879/498
f 522/879/498 527/884/503 627/982/601
f 629/984/603 628/985/604 526/883/502
f 526/883/502 531/888/507 629/984/603
f 631/986/605 630/987/606 530/887/506
f 530/887/506 535/892/511 631/986/605
f 633/988/607 632/989/608 534/891/510
f 534/891/510 539/896/515 633/988/607
f 635/990/609 634/991/610 538/895/514
f 538/895/514 543/900/519 635/990/609
f 637/992/611 636/993/612 542/899/518
f 542/899/518 547/904/523 637/992/611
f 639/994/613 638/995/614 546/903/522
f 546/903/522 551/908/527 639/994/613
f 641/996/615 640/997/616 550/907/526
f 550/907/526 555/912/531 641/996/615
f 643/998/617 642/999/618 554/911/530
f 554/911/530 559/916/535 643/998/617
f 563/919/538 562/918/537 603/960/579
f 603/960/579 604/959/578 563/919/538
f 565/921/540 564/920/539 605/962/581
f 605/962/581 606/961/580 565/921/540
f 567/923/542 566/922/541 607/964/583
f 607/964/583 608/963/582 567/923/542
f 569/925/544 568/924/543 609/966/585
f 609/966/585 610/965/584 569/925/544
f 571/927/546 570/926/545 611/968/587
f 611/968/587 612/967/586 571/927/546
f 574/930/549 573/929/548 613/970/589
f 613/970/589 615/969/588 574/930/549
f 576/932/551 575/931/550 616/973/592
f 616/973/592 617/972/591 576/932/551
f 578/934/553 577/933/552 618/975/594
f 618/975/594 619/974/593 578/934/553
f 580/936/555 579/935/554 620/977/596
f 620/977/596 621/976/595 580/936/555
f 582/938/557 581/937/556 622/979/598
f 622/979/598 623/978/597 582/938/557
f 584/940/559 583/939/558 624/981/600
f 624/981/600 625/980/599 584/940/559
f 586/942/561 585/941/560 626/983/602
f 626/983/602 627/982/601 586/942/561
f 588/944/563 587/943/562 628/985/604
f 628/985/604 629/984/603 588/944/563
f 590/946/565 589/945/564 630/987/606
f 630/987/606 631/986/605 590/946/565
f 592/948/567 591/947/566 632/989/608
f 632/989/608 633/988/607 592/948/567
f 594/950/569 593/949/568 634/991/610
f 634/991/610 635/990/609 594/950/569
f 596/952/571 595/951/570 636/993/612
f 636/993/612 637/992/611 596/952/571
f 598/954/573 597/953/572 638/995/614
f 638/995/614 639/994/613 598/954/573
f 600/956/575 599/955/574 640/997/616
f 640/997/616 641/996/615 600/956/575
f 602/958/577 601/957/576 642/999/618
f 642/999/618 643/998/617 602/958/577
f 727/1000/619 724/1001/619 725/1002/620
f 725/1002/620 726/1003/620 727/1000/619
f 731/1004/621 728/1005/621 729/1006/622
f 729/1006/622 730/1007/622 731/1004/621
f 735/1008/623 732/1009/623 733/1010/624
f 733/1010/624 734/1011/624 735/1008/623
f 739/1012/625 736/1013/625 737/1014/626
f 737/1014/626 738/1015/626 739/1012/625
f 743/1016/627 740/1017/627 741/1018/628
f 741/1018/628 742/1019/628 743/1016/627
f 747/1020/629 744/1021/629 745/1022/630
f 745/1022/630 746/1023/630 747/1020/629
f 751/1024/631 748/1025/631 749/1026/632
f 749/1026/632 750/1027/632 751/1024/631
f 755/1028/633 752/1029/633 753/1030/634
f 753/1030/634 754/1031/634 755/1028/633
f 759/1032/635 756/1033/635 757/1034/636
f 757/1034/636 758/1035/636 759/1032/635
f 763/1036/637 760/1037/637 761/1038/638
f 761/1038/638 762/1039/638 763/1036/637
f 767/1040/639 764/1041/639 765/1042/640
f 765/1042/640 766/1043/640 767/1040/639
f 771/1044/641 768/1045/641 769/1046/642
f 769/1046/642 770/1047/642 771/1044/641
f 775/1048/643 772/1049/643 773/1050/644
f 773/1050/644 774/1051/644 775/1048/643
f 779/1052/645 776/1053/645 777/1054/646
f 777/1054/646 778/1055/646 779/1052/645
f 783/1056/647 780/1057/647 781/1058/648
f 781/1058/648 782/1059/648 783/1056/647
f 787/1060/649 784/1061/649 785/1062/650
f 785/1062/650 786/1063/650 787/1060/649
f 791/1064/651 788/1065/651 789/1066/652
f 789/1066/652 790/1067/652 791/1064/651
f 795/1068/653 792/1069/653 793/1070/654
f 793/1070/654 794/1071/654 795/1068/653
f 799/1072/655 796/1073/655 797/1074/656
f 797/1074/656 798/1075/656 799/1072/655
f 803/1076/657 800/1077/657 801/1078/658
f 801/1078/658 802/1079/658 803/1076/657
f 83/440/139 82/439/138 162/519/218
f 162/519/218 165/518/217 83/440/139
f 87/444/143 86/443/142 166/523/222
f 166/523/222 169/522/221 87/444/143
f 91/448/147 90/447/146 170/527/226
f 170/527/226 173/526/225 91/448/147
f 95/452/151 94/451/150 174/531/230
f 174/531/230 177/530/229 95/452/151
f 99/456/155 98/455/154 178/535/234
f 178/535/234 181/534/233 99/456/155
f 103/460/159 102/459/158 182/539/238
f 182/539/238 185/538/237 103/460/159
f 107/464/163 106/463/162 186/543/242
f 186/543/242 189/542/241 107/464/163
f 111/468/167 110/467/166 190/547/246
f 190/547/246 193/546/245 111/468/167
f 115/472/171 114/471/170 194/551/250
f 194/551/250 197/550/249 115/472/171
f 119/476/175 118/475/174 198/555/254
f 198/555/254 201/554/253 119/476/175
f 123/480/179 122/479/178 202/559/258
f 202/559/258 205/558/257 123/480/179
f 127/484/183 126/483/182 206/563/262
f 206/563/262 209/562/261 127/484/183
f 131/488/187 130/487/186 210/567/266
f 210/567/266 213/566/265 131/488/187
f 135/492/191 134/491/190 214/571/270
f 214/571/270 217/570/269 135/492/191
f 139/496/195 138/495/194 218/575/274
f 218/575/274 221/574/273 139/496/195
f 143/500/199 142/499/198 222/579/278
f 222/579/278 225/578/277 143/500/199
f 147/504/203 146/503/202 226/583/282
f 226/583/282 229/582/281 147/504/203
f 151/508/207 150/507/206 230/587/286
f 230/587/286 233/586/285 151/508/207
f 155/512/211 154/511/210 234/591/290
f 234/591/290 237/590/289 155/512/211
f 159/516/215 158/515/214 238/595/294
f 238/595/294 241/594/293 159/516/215
f 3/360/59 2/359/58 5/362/61
f 5/362/61 8/361/60 3/360/59
f 7/364/63 6/363/62 9/366/65
f 9/366/65 12/365/64 7/364/63
f 11/368/67 10/367/66 13/370/69
f 13/370/69 16/369/68 11/368/67
f 15/372/71 14/371/70 17/374/73
f 17/374/73 20/373/72 15/372/71
f 19/376/75 18/375/74 804/1080/659
f 804/1080/659 161/517/216 19/376/75
f 23/380/79 22/379/78 25/382/81
f 25/382/81 28/381/80 23/380/79
f 27/384/83 26/383/82 29/386/85
f 29/386/85 32/385/84 27/384/83
f 31/388/87 30/387/86 33/390/89
f 33/390/89 36/389/88 31/388/87
f 35/392/91 34/391/90 37/394/93
f 37/394/93 40/393/92 35/392/91
f 39/396/95 38/395/94 41/398/97
f 41/398/97 44/397/96 39/396/95
f 43/400/99 42/399/98 45/402/101
f 45/402/101 48/401/100 43/400/99
f 47/404/103 46/403/102 49/406/105
f 49/406/105 52/405/104 47/404/103
f 51/408/107 50/407/106 53/410/109
f 53/410/109 56/409/108 51/408/107
f 55/412/111 54/411/110 57/414/113
f 57/414/113 60/413/112 55/412/111
f 59/416/115 58/415/114 61/418/117
f 61/418/117 64/417/116 59/416/115
f 63/420/119 62/419/118 65/422/121
f 65/422/121 68/421/120 63/420/119
f 67/424/123 66/423/122 69/426/125
f 69/426/125 72/425/124 67/424/123
f 71/428/127 70/427/126 73/430/129
f 73/430/129 76/429/128 71/428/127
f 75/432/131 74/431/130 77/434/133
f 77/434/133 80/433/132 75/432/131
f 79/436/135 78/435/134 1/358/57
f 1/358/57 4/357/56 79/436/135
f 84/437/136 83/440/139 158/515/214
f 158/515/214 157/514/213 84/437/136
f 88/441/140 87/444/143 82/439/138
f 82/439/138 81/438/137 88/441/140
f 92/445/144 91/448/147 86/443/142
f 86/443/142 85/442/141 92/445/144
f 96/449/148 95/452/151 90/447/146
f 90/447/146 89/446/145 96/449/148
f 100/453/152 99/456/155 94/451/150
f 94/451/150 93/450/149 100/453/152
f 104/457/156 103/460/159 805/1081/660
f 805/1081/660 806/1082/661 104/457/156
f 108/461/160 107/464/163 102/459/158
f 102/459/158 101/458/157 108/461/160
f 112/465/164 111/468/167 106/463/162
f 106/463/162 105/462/161 112/465/164
f 116/469/168 115/472/171 110/467/166
f 110/467/166 109/466/165 116/469/168
f 120/473/172 119/476/175 114/471/170
f 114/471/170 113/470/169 120/473/172
f 124/477/176 123/480/179 118/475/174
f 118/475/174 117/474/173 124/477/176
f 128/481/180 127/484/183 122/479/178
f 122/479/178 121/478/177 128/481/180
f 132/485/184 131/488/187 126/483/182
f 126/483/182 125/482/181 132/485/184
f 136/489/188 135/492/191 130/487/186
f 130/487/186 129/486/185 136/489/188
f 140/493/192 139/496/195 134/491/190
f 134/491/190 133/490/189 140/493/192
f 144/497/196 143/500/199 138/495/194
f 138/495/194 137/494/193 144/497/196
f 148/501/200 147/504/203 142/499/198
f 142/499/198 141/498/197 148/501/200
f 152/505/204 151/508/207 146/503/202
f 146/503/202 145/502/201 152/505/204
f 156/509/208 155/512/211 150/507/206
f 150/507/206 149/506/205 156/509/208
f 160/513/212 159/516/215 154/511/210
f 154/511/210 153/510/209 160/513/212
f 3/360/59 84/437/136 157/514/213
f 157/514/213 4/357/56 3/360/59
f 7/364/63 88/441/140 81/438/137
f 81/438/137 8/361/60 7/364/63
f 11/368/67 92/445/144 85/442/141
f 85/442/141 12/365/64 11/368/67
f 15/372/71 96/449/148 89/446/145
f 89/446/145 16/369/68 15/372/71
f 19/376/75 100/453/152 93/450/149
f 93/450/149 20/373/72 19/376/75
f 23/380/79 104/457/156 806/1082/661
f 806/1082/661 24/377/76 23/380/79
f 27/384/83 108/461/160 101/458/157
f 101/458/157 28/381/80 27/384/83
f 31/388/87 112/465/164 105/462/161
f 105/462/161 32/385/84 31/388/87
f 35/392/91 116/469/168 109/466/165
f 109/466/165 36/389/88 35/392/91
f 39/396/95 120/473/172 113/470/169
f 113/470/169 40/393/92 39/396/95
f 43/400/99 124/477/176 117/474/173
f 117/474/173 44/397/96 43/400/99
f 47/404/103 128/481/180 121/478/177
f 121/478/177 48/401/100 47/404/103
f 51/408/107 132/485/184 125/482/181
f 125/482/181 52/405/104 51/408/107
f 55/412/111 136/489/188 129/486/185
f 129/486/185 56/409/108 55/412/111
f 59/416/115 140/493/192 133/490/189
f 133/490/189 60/413/112 59/416/115
f 63/420/119 144/497/196 137/494/193
f 137/494/193 64/417/116 63/420/119
f 67/424/123 148/501/200 141/498/197
f 141/498/197 68/421/120 67/424/123
f 71/428/127 152/505/204 145/502/201
f 145/502/201 72/425/124 71/428/127
f 75/432/131 156/509/208 149/506/205
f 149/506/205 76/429/128 75/432/131
f 79/436/135 160/513/212 153/510/209
f 153/510/209 80/433/132 79/436/135
f 165/518/217 164/521/220 239/596/295
f 239/596/295 238/595/294 165/518/217
f 169/522/221 168/525/224 163/520/219
f 163/520/219 162/519/218 169/522/221
f 173/526/225 172/529/228 167/524/223
f 167/524/223 166/523/222 173/526/225
f 177/530/229 176/533/232 171/528/227
f 171/528/227 170/527/226 177/530/229
f 181/534/233 180/537/236 175/532/231
f 175/532/231 174/531/230 181/534/233
f 185/538/237 184/541/240 807/1083/662
f 807/1083/662 808/1084/663 185/538/237
f 189/542/241 188/545/244 183/540/239
f 183/540/239 182/539/238 189/542/241
f 193/546/245 192/549/248 187/544/243
f 187/544/243 186/543/242 193/546/245
f 197/550/249 196/553/252 191/548/247
f 191/548/247 190/547/246 197/550/249
f 201/554/253 200/557/256 195/552/251
f 195/552/251 194/551/250 201/554/253
f 205/558/257 204/561/260 199/556/255
f 199/556/255 198/555/254 205/558/257
f 209/562/261 208/565/264 203/560/259
f 203/560/259 202/559/258 209/562/261
f 213/566/265 212/569/268 207/564/263
f 207/564/263 206/563/262 213/566/265
f 217/570/269 216/573/272 211/568/267
f 211/568/267 210/567/266 217/570/269
f 221/574/273 220/577/276 215/572/271
f 215/572/271 214/571/270 221/574/273
f 225/578/277 224/581/280 219/576/275
f 219/576/275 218/575/274 225/578/277
f 229/582/281 228/585/284 223/580/279
f 223/580/279 222/579/278 229/582/281
f 233/586/285 232/589/288 227/584/283
f 227/584/283 226/583/282 233/586/285
f 237/590/289 236/593/292 231/588/287
f 231/588/287 230/587/286 237/590/289
f 241/594/293 240/597/296 235/592/291
f 235/592/291 234/591/290 241/594/293
f 245/598/297 244/601/297 319/676/336
f 319/676/336 318/675/336 245/598/297
f 249/602/299 248/605/299 243/600/298
f 243/600/298 242/599/298 249/602/299
f 253/606/301 252/609/301 247/604/300
f 247/604/300 246/603/300 253/606/301
f 257/610/303 256/613/303 251/608/302
f 251/608/302 250/607/302 257/610/303
f 261/614/305 260/617/305 255/612/304
f 255/612/304 254/611/304 261/614/305
f 265/618/307 264/621/307 809/1085/664
f 809/1085/664 810/1086/664 265/618/307
f 269/622/309 268/625/309 263/620/308
f 263/620/308 262/619/308 269/622/309
f 273/626/311 272/629/311 267/624/310
f 267/624/310 266/623/310 273/626/311
f 277/630/313 276/633/313 271/628/312
f 271/628/312 270/627/312 277/630/313
f 281/634/315 280/637/315 275/632/314
f 275/632/314 274/631/314 281/634/315
f 285/638/317 284/641/317 279/636/316
f 279/636/316 278/635/316 285/638/317
f 289/642/319 288/645/319 283/640/318
f 283/640/318 282/639/318 289/642/319
f 293/646/321 292/649/321 287/644/320
f 287/644/320 286/643/320 293/646/321
f 297/650/323 296/653/323 291/648/322
f 291/648/322 290/647/322 297/650/323
f 301/654/325 300/657/325 295/652/324
f 295/652/324 294/651/324 301/654/325
f 305/658/327 304/661/327 299/656/326
f 299/656/326 298/655/326 305/658/327
f 309/662/329 308/665/329 303/660/328
f 303/660/328 302/659/328 309/662/329
f 313/666/331 312/669/331 307/664/330
f 307/664/330 306/663/330 313/666/331
f 317/670/333 316/673/333 311/668/332
f 311/668/332 310/667/332 317/670/333
f 321/674/335 320/677/335 315/672/334
f 315/672/334 314/671/334 321/674/335
f 324/681/338 323/680/338 398/755/375
f 398/755/375 401/754/375 324/681/338
f 328/685/340 327/684/340 322/679/337
f 322/679/337 325/678/337 328/685/340
f 332/689/342 331/688/342 326/683/339
f 326/683/339 329/682/339 332/689/342
f 336/693/344 335/692/344 330/687/341
f 330/687/341 333/686/341 336/693/344
f 340/697/346 339/696/346 334/691/343
f 334/691/343 337/690/343 340/697/346
f 344/701/348 343/700/348 811/1087/665
f 811/1087/665 812/1088/665 344/701/348
f 348/705/350 347/704/350 342/699/347
f 342/699/347 345/698/347 348/705/350
f 352/709/352 351/708/352 346/703/349
f 346/703/349 349/702/349 352/709/352
f 356/713/354 355/712/354 350/707/351
f 350/707/351 353/706/351 356/713/354
f 360/717/356 359/716/356 354/711/353
f 354/711/353 357/710/353 360/717/356
f 364/721/358 363/720/358 358/715/355
f 358/715/355 361/714/355 364/721/358
f 368/725/360 367/724/360 362/719/357
f 362/719/357 365/718/357 368/725/360
f 372/729/362 371/728/362 366/723/359
f 366/723/359 369/722/359 372/729/362
f 376/733/364 375/732/364 370/727/361
f 370/727/361 373/726/361 376/733/364
f 380/737/366 379/736/366 374/731/363
f 374/731/363 377/730/363 380/737/366
f 384/741/368 383/740/368 378/735/365
f 378/735/365 381/734/365 384/741/368
f 388/745/370 387/744/370 382/739/367
f 382/739/367 385/738/367 388/745/370
f 392/749/372 391/748/372 386/743/369
f 386/743/369 389/742/369 392/749/372
f 396/753/374 395/752/374 390/747/371
f 390/747/371 393/746/371 396/753/374
f 400/757/376 399/756/376 394/751/373
f 394/751/373 397/750/373 400/757/376
f 404/761/380 403/760/379 478/835/454
f 478/835/454 481/834/453 404/761/380
f 408/765/384 407/764/383 402/759/378
f 402/759/378 405/758/377 408/765/384
f 412/769/388 411/768/387 406/763/382
f 406/763/382 409/762/381 412/769/388
f 416/773/392 415/772/391 410/767/386
f 410/767/386 413/766/385 416/773/392
f 420/777/396 419/776/395 414/771/390
f 414/771/390 417/770/389 420/777/396
f 424/781/400 423/780/399 813/1089/666
f 813/1089/666 572/928/547 424/781/400
f 428/785/404 427/784/403 422/779/398
f 422/779/398 425/778/397 428/785/404
f 432/789/408 431/788/407 426/783/402
f 426/783/402 429/782/401 432/789/408
f 436/793/412 435/792/411 430/787/406
f 430/787/406 433/786/405 436/793/412
f 440/797/416 439/796/415 434/791/410
f 434/791/410 437/790/409 440/797/416
f 444/801/420 443/800/419 438/795/414
f 438/795/414 441/794/413 444/801/420
f 448/805/424 447/804/423 442/799/418
f 442/799/418 445/798/417 448/805/424
f 452/809/428 451/808/427 446/803/422
f 446/803/422 449/802/421 452/809/428
f 456/813/432 455/812/431 450/807/426
f 450/807/426 453/806/425 456/813/432
f 460/817/436 459/816/435 454/811/430
f 454/811/430 457/810/429 460/817/436
f 464/821/440 463/820/439 458/815/434
f 458/815/434 461/814/433 464/821/440
f 468/825/444 467/824/443 462/819/438
f 462/819/438 465/818/437 468/825/444
f 472/829/448 471/828/447 466/823/442
f 466/823/442 469/822/441 472/829/448
f 476/833/452 475/832/451 470/827/446
f 470/827/446 473/826/445 476/833/452
f 480/837/456 479/836/455 474/831/450
f 474/831/450 477/830/449 480/837/456
f 484/841/460 483/840/459 558/915/534
f 558/915/534 561/914/533 484/841/460
f 488/845/464 487/844/463 482/839/458
f 482/839/458 485/838/457 488/845/464
f 492/849/468 491/848/467 486/843/462
f 486/843/462 489/842/461 492/849/468
f 496/853/472 495/852/471 490/847/466
f 490/847/466 493/846/465 496/853/472
f 500/857/476 499/856/475 494/851/470
f 494/851/470 497/850/469 500/857/476
f 504/861/480 503/860/479 614/971/590
f 614/971/590 814/1090/667 504/861/480
f 508/865/484 507/864/483 502/859/478
f 502/859/478 505/858/477 508/865/484
f 512/869/488 511/868/487 506/863/482
f 506/863/482 509/862/481 512/869/488
f 516/873/492 515/872/491 510/867/486
f 510/867/486 513/866/485 516/873/492
f 520/877/496 519/876/495 514/871/490
f 514/871/490 517/870/489 520/877/496
f 524/881/500 523/880/499 518/875/494
f 518/875/494 521/874/493 524/881/500
f 528/885/504 527/884/503 522/879/498
f 522/879/498 525/878/497 528/885/504
f 532/889/508 531/888/507 526/883/502
f 526/883/502 529/882/501 532/889/508
f 536/893/512 535/892/511 530/887/506
f 530/887/506 533/886/505 536/893/512
f 540/897/516 539/896/515 534/891/510
f 534/891/510 537/890/509 540/897/516
f 544/901/520 543/900/519 538/895/514
f 538/895/514 541/894/513 544/901/520
f 548/905/524 547/904/523 542/899/518
f 542/899/518 545/898/517 548/905/524
f 552/909/528 551/908/527 546/903/522
f 546/903/522 549/902/521 552/909/528
f 556/913/532 555/912/531 550/907/526
f 550/907/526 553/906/525 556/913/532
f 560/917/536 559/916/535 554/911/530
f 554/911/530 557/910/529 560/917/536
f 404/761/380 563/919/538 564/920/539
f 564/920/539 405/758/377 404/761/380
f 408/765/384 565/921/540 566/922/541
f 566/922/541 409/762/381 408/765/384
f 412/769/388 567/923/542 568/924/543
f 568/924/543 413/766/385 412/769/388
f 416/773/392 569/925/544 570/926/545
f 570/926/545 417/770/389 416/773/392
f 420/777/396 571/927/546 815/1091/668
f 815/1091/668 421/774/393 420/777/396
f 424/781/400 574/930/549 575/931/550
f 575/931/550 425/778/397 424/781/400
f 428/785/404 576/932/551 577/933/552
f 577/933/552 429/782/401 428/785/404
f 432/789/408 578/934/553 579/935/554
f 579/935/554 433/786/405 432/789/408
f 436/793/412 580/936/555 581/937/556
f 581/937/556 437/790/409 436/793/412
f 440/797/416 582/938/557 583/939/558
f 583/939/558 441/794/413 440/797/416
f 444/801/420 584/940/559 585/941/560
f 585/941/560 445/798/417 444/801/420
f 448/805/424 586/942/561 587/943/562
f 587/943/562 449/802/421 448/805/424
f 452/809/428 588/944/563 589/945/564
f 589/945/564 453/806/425 452/809/428
f 456/813/432 590/946/565 591/947/566
f 591/947/566 457/810/429 456/813/432
f 460/817/436 592/948/567 593/949/568
f 593/949/568 461/814/433 460/817/436
f 464/821/440 594/950/569 595/951/570
f 595/951/570 465/818/437 464/821/440
f 468/825/444 596/952/571 597/953/572
f 597/953/572 469/822/441 468/825/444
f 472/829/448 598/954/573 599/955/574
f 599/955/574 473/826/445 472/829/448
f 476/833/452 600/956/575 601/957/576
f 601/957/576 477/830/449 476/833/452
f 480/837/456 602/958/577 562/918/537
f 562/918/537 481/834/453 480/837/456
f 604/959/578 483/840/459 482/839/458
f 482/839/458 605/962/581 604/959/578
f 606/961/580 487/844/463 486/843/462
f 486/843/462 607/964/583 606/961/580
f 608/963/582 491/848/467 490/847/466
f 490/847/466 609/966/585 608/963/582
f 610/965/584 495/852/471 494/851/470
f 494/851/470 611/968/587 610/965/584
f 612/967/586 499/856/475 498/855/474
f 498/855/474 816/1092/669 612/967/586
f 615/969/588 503/860/479 502/859/478
f 502/859/478 616/973/592 615/969/588
f 617/972/591 507/864/483 506/863/482
f 506/863/482 618/975/594 617/972/591
f 619/974/593 511/868/487 510/867/486
f 510/867/486 620/977/596 619/974/593
f 621/976/595 515/872/491 514/871/490
f 514/871/490 622/979/598 621/976/595
f 623/978/597 519/876/495 518/875/494
f 518/875/494 624/981/600 623/978/597
f 625/980/599 523/880/499 522/879/498
f 522/879/498 626/983/602 625/980/599
f 627/982/601 527/884/503 526/883/502
f 526/883/502 628/985/604 627/982/601
f 629/984/603 531/888/507 530/887/506
f 530/887/506 630/987/606 629/984/603
f 631/986/605 535/892/511 534/891/510
f 534/891/510 632/989/608 631/986/605
f 633/988/607 539/896/515 538/895/514
f 538/895/514 634/991/610 633/988/607
f 635/990/609 543/900/519 542/899/518
f 542/899/518 636/993/612 635/990/609
f 637/992/611 547/904/523 546/903/522
f 546/903/522 638/995/614 637/992/611
f 639/994/613 551/908/527 550/907/526
f 550/907/526 640/997/616 639/994/613
f 641/996/615 555/912/531 554/911/530
f 554/911/530 642/999/618 641/996/615
f 643/998/617 559/916/535 558/915/534
f 558/915/534 603/960/579 643/998/617
f 563/919/538 604/959/578 605/962/581
f 605/962/581 564/920/539 563/919/538
f 565/921/540 606/961/580 607/964/583
f 607/964/583 566/922/541 565/921/540
f 567/923/542 608/963/582 609/966/585
f 609/966/585 568/924/543 567/923/542
f 569/925/544 610/965/584 611/968/587
f 611/968/587 570/926/545 569/925/544
f 571/927/546 612/967/586 816/1092/669
f 816/1092/669 815/1091/668 571/927/546
f 574/930/549 615/969/588 616/973/592
f 616/973/592 575/931/550 574/930/549
f 576/932/551 617/972/591 618/975/594
f 618/975/594 577/933/552 576/932/551
f 578/934/553 619/974/593 620/977/596
f 620/977/596 579/935/554 578/934/553
f 580/936/555 621/976/595 622/979/598
f 622/979/598 581/937/556 580/936/555
f 582/938/557 623/978/597 624/981/600
f 624/981/600 583/939/558 582/938/557
f 584/940/559 625/980/599 626/983/602
f 626/983/602 585/941/560 584/940/559
f 586/942/561 627/982/601 628/985/604
f 628/985/604 587/943/562 586/942/561
f 588/944/563 629/984/603 630/987/606
f 630/987/606 589/945/564 588/944/563
f 590/946/565 631/986/605 632/989/608
f 632/989/608 591/947/566 590/946/565
f 592/948/567 633/988/607 634/991/610
f 634/991/610 593/949/568 592/948/567
f 594/950/569 635/990/609 636/993/612
f 636/993/612 595/951/570 594/950/569
f 596/952/571 637/992/611 638/995/614
f 638/995/614 597/953/572 596/952/571
f 598/954/573 639/994/613 640/997/616
f 640/997/616 599/955/574 598/954/573
f 600/956/575 641/996/615 642/999/618
f 642/999/618 601/957/576 600/956/575
f 602/958/577 643/998/617 603/960/579
f 603/960/579 562/918/537 602/958/577
f 726/1003/620 725/1002/620 800/1077/657
f 800/1077/657 803/1076/657 726/1003/620
f 730/1007/622 729/1006/622 724/1001/619
f 724/1001/619 727/1000/619 730/1007/622
f 734/1011/624 733/1010/624 728/1005/621
f 728/1005/621 731/1004/621 734/1011/624
f 738/1015/626 737/1014/626 732/1009/623
f 732/1009/623 735/1008/623 738/1015/626
f 742/1019/628 741/1018/628 736/1013/625
f 736/1013/625 739/1012/625 742/1019/628
f 746/1023/630 745/1022/630 740/1017/627
f 740/1017/627 743/1016/627 746/1023/630
f 750/1027/632 749/1026/632 744/1021/629
f 744/1021/629 747/1020/629 750/1027/632
f 754/1031/634 753/1030/634 748/1025/631
f 748/1025/631 751/1024/631 754/1031/634
f 758/1035/636 757/1034/636 752/1029/633
f 752/1029/633 755/1028/633 758/1035/636
f 762/1039/638 761/1038/638 756/1033/635
f 756/1033/635 759/1032/635 762/1039/638
f 766/1043/640 765/1042/640 760/1037/637
f 760/1037/637 763/1036/637 766/1043/640
f 770/1047/642 769/1046/642 764/1041/639
f 764/1041/639 767/1040/639 770/1047/642
f 774/1051/644 773/1050/644 768/1045/641
f 768/1045/641 771/1044/641 774/1051/644
f 778/1055/646 777/1054/646 772/1049/643
f 772/1049/643 775/1048/643 778/1055/646
f 782/1059/648 781/1058/648 776/1053/645
f 776/1053/645 779/1052/645 782/1059/648
f 786/1063/650 785/1062/650 780/1057/647
f 780/1057/647 783/1056/647 786/1063/650
f 790/1067/652 789/1066/652 784/1061/649
f 784/1061/649 787/1060/649 790/1067/652
f 794/1071/654 793/1070/654 788/1065/651
f 788/1065/651 791/1064/651 794/1071/654
f 798/1075/656 797/1074/656 792/1069/653
f 792/1069/653 795/1068/653 798/1075/656
f 802/1079/658 801/1078/658 796/1073/655
f 796/1073/655 799/1072/655 802/1079/658
f 83/440/139 165/518/217 238/595/294
f 238/595/294 158/515/214 83/440/139
f 87/444/143 169/522/221 162/519/218
f 162/519/218 82/439/138 87/444/143
f 91/448/147 173/526/225 166/523/222
f 166/523/222 86/443/142 91/448/147
f 95/452/151 177/530/229 170/527/226
f 170/527/226 90/447/146 95/452/151
f 99/456/155 181/534/233 174/531/230
f 174/531/230 94/451/150 99/456/155
f 103/460/159 185/538/237 808/1084/663
f 808/1084/663 805/1081/660 103/460/159
f 107/464/163 189/542/241 182/539/238
f 182/539/238 102/459/158 107/464/163
f 111/468/167 193/546/245 186/543/242
f 186/543/242 106/463/162 111/468/167
f 115/472/171 197/550/249 190/547/246
f 190/547/246 110/467/166 115/472/171
f 119/476/175 201/554/253 194/551/250
f 194/551/250 114/471/170 119/476/175
f 123/480/179 205/558/257 198/555/254
f 198/555/254 118/475/174 123/480/179
f 127/484/183 209/562/261 202/559/258
f 202/559/258 122/479/178 127/484/183
f 131/488/187 213/566/265 206/563/262
f 206/563/262 126/483/182 131/488/187
f 135/492/191 217/570/269 210/567/266
f 210/567/266 130/487/186 135/492/191
f 139/496/195 221/574/273 214/571/270
f 214/571/270 134/491/190 139/496/195
f 143/500/199 225/578/277 218/575/274
f 218/575/274 138/495/194 143/500/199
f 147/504/203 229/582/281 222/579/278
f 222/579/278 142/499/198 147/504/203
f 151/508/207 233/586/285 226/583/282
f 226/583/282 146/503/202 151/508/207
f 155/512/211 237/590/289 230/587/286
f 230/587/286 150/507/206 155/512/211
f 159/516/215 241/594/293 234/591/290
f 234/591/290 154/511/210 159/516/215
f 862/1093/670 859/1094/670 860/1095/671
f 860/1095/671 861/1096/671 862/1093/670
f 861/1096/671 860/1095/671 863/1097/672
f 863/1097/672 864/1098/672 861/1096/671
f 864/1098/672 863/1097/672 865/1099/673
f 865/1099/673 866/1100/673 864/1098/672
f 866/1100/673 865/1099/673 867/1101/674
f 867/1101/674 868/1102/674 866/1100/673
f 868/1102/674 867/1101/674 869/1103/675
f 869/1103/675 870/1104/675 868/1102/674
f 874/1105/676 871/1106/676 872/1107/677
f 872/1107/677 873/1108/677 874/1105/676
f 873/1108/677 872/1107/677 875/1109/678
f 875/1109/678 876/1110/678 873/1108/677
f 876/1110/678 875/1109/678 877/1111/679
f 877/1111/679 878/1112/679 876/1110/678
f 878/1112/679 877/1111/679 879/1113/680
f 879/1113/680 880/1114/680 878/1112/679
f 880/1114/680 879/1113/680 881/1115/681
f 881/1115/681 882/1116/681 880/1114/680
f 882/1116/681 881/1115/681 883/1117/682
f 883/1117/682 884/1118/682 882/1116/681
f 884/1118/682 883/1117/682 885/1119/683
f 885/1119/683 886/1120/683 884/1118/682
f 886/1120/683 885/1119/683 887/1121/684
f 887/1121/684 888/1122/684 886/1120/683
f 888/1122/684 887/1121/684 889/1123/685
f 889/1123/685 890/1124/685 888/1122/684
f 890/1124/685 889/1123/685 891/1125/43
f 891/1125/43 892/1126/43 890/1124/685
f 892/1126/43 891/1125/43 893/1127/686
f 893/1127/686 894/1128/686 892/1126/43
f 894/1128/686 893/1127/686 895/1129/687
f 895/1129/687 896/1130/687 894/1128/686
f 896/1130/687 895/1129/687 897/1131/688
f 897/1131/688 898/1132/688 896/1130/687
f 898/1132/688 897/1131/688 899/1133/689
f 899/1133/689 900/1134/689 898/1132/688
f 900/1134/689 899/1133/689 859/1094/670
f 859/1094/670 862/1093/670 900/1134/689
f 904/1135/690 901/1136/690 902/1137/691
f 902/1137/691 903/1138/691 904/1135/690
f 903/1138/691 902/1137/691 905/1139/692
f 905/1139/692 906/1140/692 903/1138/691
f 906/1140/692 905/1139/692 907/1141/693
f 907/1141/693 908/1142/693 906/1140/692
f 908/1142/693 907/1141/693 909/1143/694
f 909/1143/694 910/1144/694 908/1142/693
f 910/1144/694 909/1143/694 911/1145/695
f 911/1145/695 912/1146/695 910/1144/694
f 916/1147/696 913/1148/696 914/1149/697
f 914/1149/697 915/1150/697 916/1147/696
f 915/1150/697 914/1149/697 917/1151/698
f 917/1151/698 918/1152/698 915/1150/697
f 918/1152/698 917/1151/698 919/1153/699
f 919/1153/699 920/1154/699 918/1152/698
f 920/1154/699 919/1153/699 921/1155/700
f 921/1155/700 922/1156/700 920/1154/699
f 922/1156/700 921/1155/700 923/1157/701
f 923/1157/701 924/1158/701 922/1156/700
f 924/1158/701 923/1157/701 925/1159/702
f 925/1159/702 926/1160/702 924/1158/701
f 926/1160/702 925/1159/702 927/1161/703
f 927/1161/703 928/1162/703 926/1160/702
f 928/1162/703 927/1161/703 929/1163/704
f 929/1163/704 930/1164/704 928/1162/703
f 930/1164/704 929/1163/704 931/1165/705
f 931/1165/705 932/1166/705 930/1164/704
f 932/1166/705 931/1165/705 933/1167/706
f 933/1167/706 934/1168/706 932/1166/705
f 934/1168/706 933/1167/706 935/1169/707
f 935/1169/707 936/1170/707 934/1168/706
f 936/1170/707 935/1169/707 937/1171/708
f 937/1171/708 938/1172/708 936/1170/707
f 938/1172/708 937/1171/708 939/1173/709
f 939/1173/709 940/1174/709 938/1172/708
f 940/1174/709 939/1173/709 941/1175/710
f 941/1175/710 942/1176/710 940/1174/709
f 942/1176/710 941/1175/710 901/1136/690
f 901/1136/690 904/1135/690 942/1176/710
f 946/1177/670 943/1178/671 944/1179/671
f 944/1179/671 945/1180/670 946/1177/670
f 943/1178/671 947/1181/672 948/1182/672
f 948/1182/672 944/1179/671 943/1178/671
f 947/1181/672 949/1183/673 950/1184/673
f 950/1184/673 948/1182/672 947/1181/672
f 949/1183/673 951/1185/674 952/1186/674
f 952/1186/674 950/1184/673 949/1183/673
f 951/1185/674 953/1187/675 954/1188/675
f 954/1188/675 952/1186/674 951/1185/674
f 958/1189/676 955/1190/677 956/1191/677
f 956/1191/677 957/1192/676 958/1189/676
f 955/1190/677 959/1193/678 960/1194/678
f 960/1194/678 956/1191/677 955/1190/677
f 959/1193/678 961/1195/679 962/1196/679
f 962/1196/679 960/1194/678 959/1193/678
f 961/1195/679 963/1197/680 964/1198/680
f 964/1198/680 962/1196/679 961/1195/679
f 963/1197/680 965/1199/681 966/1200/681
f 966/1200/681 964/1198/680 963/1197/680
f 965/1199/681 967/1201/682 968/1202/682
f 968/1202/682 966/1200/681 965/1199/681
f 967/1201/682 969/1203/683 970/1204/683
f 970/1204/683 968/1202/682 967/1201/682
f 969/1203/683 971/1205/684 972/1206/684
f 972/1206/684 970/1204/683 969/1203/683
f 971/1205/684 973/1207/685 974/1208/685
f 974/1208/685 972/1206/684 971/1205/684
f 973/1207/685 975/1209/43 976/1210/43
f 976/1210/43 974/1208/685 973/1207/685
f 975/1209/43 977/1211/686 978/1212/686
f 978/1212/686 976/1210/43 975/1209/43
f 977/1211/686 979/1213/687 980/1214/687
f 980/1214/687 978/1212/686 977/1211/686
f 979/1213/687 981/1215/688 982/1216/688
f 982/1216/688 980/1214/687 979/1213/687
f 981/1215/688 983/1217/689 984/1218/689
f 984/1218/689 982/1216/688 981/1215/688
f 983/1217/689 946/1177/670 945/1180/670
f 945/1180/670 984/1218/689 983/1217/689
f 1008/1219/711 1005/1220/711 1006/1221/712
f 1006/1221/712 1007/1222/712 1008/1219/711
f 1007/1222/712 1006/1221/712 1009/1223/713
f 1009/1223/713 1010/1224/714 1007/1222/712
f 1010/1224/714 1009/1223/713 1011/1225/715
f 1011/1225/715 1012/1226/715 1010/1224/714
f 1012/1226/715 1011/1225/715 1013/1227/716
f 1013/1227/716 1014/1228/716 1012/1226/715
f 1014/1228/716 1013/1227/716 1015/1229/717
f 1015/1229/717 1016/1230/717 1014/1228/716
f 1020/1231/718 1017/1232/718 1018/1233/719
f 1018/1233/719 1019/1234/719 1020/1231/718
f 1019/1234/719 1018/1233/719 1021/1235/720
f 1021/1235/720 1022/1236/720 1019/1234/719
f 1022/1236/720 1021/1235/720 1023/1237/721
f 1023/1237/721 1024/1238/722 1022/1236/720
f 1024/1238/722 1023/1237/721 1025/1239/723
f 1025/1239/723 1026/1240/723 1024/1238/722
f 1026/1240/723 1025/1239/723 1027/1241/724
f 1027/1241/724 1028/1242/724 1026/1240/723
f 1028/1242/724 1027/1241/724 1029/1243/725
f 1029/1243/725 1030/1244/725 1028/1242/724
f 1030/1244/725 1029/1243/725 1031/1245/726
f 1031/1245/726 1032/1246/726 1030/1244/725
f 1032/1246/726 1031/1245/726 1033/1247/727
f 1033/1247/727 1034/1248/728 1032/1246/726
f 1034/1248/728 1033/1247/727 1035/1249/729
f 1035/1249/729 1036/1250/729 1034/1248/728
f 1036/1250/729 1035/1249/729 1037/1251/730
f 1037/1251/730 1038/1252/730 1036/1250/729
f 1038/1252/730 1037/1251/730 1039/1253/731
f 1039/1253/731 1040/1254/731 1038/1252/730
f 1040/1254/731 1039/1253/731 1041/1255/732
f 1041/1255/732 1042/1256/732 1040/1254/731
f 1042/1256/732 1041/1255/732 1043/1257/733
f 1043/1257/733 1044/1258/733 1042/1256/732
f 1044/1258/733 1043/1257/733 1045/1259/734
f 1045/1259/734 1046/1260/734 1044/1258/733
f 1046/1260/734 1045/1259/734 1005/1220/711
f 1005/1220/711 1008/1219/711 1046/1260/734
f 1050/1261/735 1047/1262/736 1048/1263/737
f 1048/1263/737 1049/1264/737 1050/1261/735
f 1049/1264/737 1048/1263/737 1051/1265/738
f 1051/1265/738 1052/1266/739 1049/1264/737
f 1052/1266/739 1051/1265/738 1053/1267/740
f 1053/1267/740 1054/1268/741 1052/1266/739
f 1054/1268/741 1053/1267/740 1055/1269/742
f 1055/1269/742 1056/1270/743 1054/1268/741
f 1056/1270/743 1055/1269/742 1057/1271/744
f 1057/1271/744 1058/1272/744 1056/1270/743
f 1058/1272/744 1057/1271/744 1059/1273/745
f 1059/1273/745 1060/1274/745 1058/1272/744
f 1060/1274/745 1059/1273/745 1061/1275/746
f 1061/1275/746 1062/1276/747 1060/1274/745
f 1062/1276/747 1061/1275/746 1063/1277/748
f 1063/1277/748 1064/1278/748 1062/1276/747
f 1064/1278/748 1063/1277/748 1065/1279/749
f 1065/1279/749 1066/1280/750 1064/1278/748
f 1066/1280/750 1065/1279/749 1067/1281/751
f 1067/1281/751 1068/1282/751 1066/1280/750
f 1068/1282/751 1067/1281/751 1069/1283/752
f 1069/1283/752 1070/1284/752 1068/1282/751
f 1070/1284/752 1069/1283/752 1071/1285/753
f 1071/1285/753 1072/1286/753 1070/1284/752
f 1072/1286/753 1071/1285/753 1073/1287/754
f 1073/1287/754 1074/1288/754 1072/1286/753
f 1074/1288/754 1073/1287/754 1075/1289/755
f 1075/1289/755 1076/1290/755 1074/1288/754
f 1076/1290/755 1075/1289/755 1077/1291/756
f 1077/1291/756 1078/1292/757 1076/1290/755
f 1078/1292/757 1077/1291/756 1079/1293/758
f 1079/1293/758 1080/1294/758 1078/1292/757
f 1080/1294/758 1079/1293/758 1081/1295/759
f 1081/1295/759 1082/1296/760 1080/1294/758
f 1082/1296/760 1081/1295/759 1083/1297/761
f 1083/1297/761 1084/1298/762 1082/1296/760
f 1084/1298/762 1083/1297/761 1085/1299/763
f 1085/1299/763 1086/1300/763 1084/1298/762
f 1086/1300/763 1085/1299/763 1047/1262/736
f 1047/1262/736 1050/1261/735 1086/1300/763
f 945/1180/670 944/1179/671 1087/1301/671
f 1087/1301/671 1088/1302/670 945/1180/670
f 943/1178/671 946/1177/670 1089/1303/670
f 1089/1303/670 1090/1304/671 943/1178/671
f 944/1179/671 948/1182/672 1091/1305/672
f 1091/1305/672 1087/1301/671 944/1179/671
f 947/1181/672 943/1178/671 1090/1304/671
f 1090/1304/671 1092/1306/672 947/1181/672
f 948/1182/672 950/1184/673 1093/1307/673
f 1093/1307/673 1091/1305/672 948/1182/672
f 949/1183/673 947/1181/672 1092/1306/672
f 1092/1306/672 1094/1308/673 949/1183/673
f 950/1184/673 952/1186/674 1095/1309/674
f 1095/1309/674 1093/1307/673 950/1184/673
f 951/1185/674 949/1183/673 1094/1308/673
f 1094/1308/673 1096/1310/674 951/1185/674
f 952/1186/674 954/1188/675 1097/1311/675
f 1097/1311/675 1095/1309/674 952/1186/674
f 953/1187/675 951/1185/674 1096/1310/674
f 1096/1310/674 1098/1312/675 953/1187/675
f 957/1192/676 956/1191/677 1099/1313/677
f 1099/1313/677 1100/1314/676 957/1192/676
f 955/1190/677 958/1189/676 1101/1315/676
f 1101/1315/676 1102/1316/677 955/1190/677
f 956/1191/677 960/1194/678 1103/1317/678
f 1103/1317/678 1099/1313/677 956/1191/677
f 959/1193/678 955/1190/677 1102/1316/677
f 1102/1316/677 1104/1318/678 959/1193/678
f 960/1194/678 962/1196/679 1105/1319/679
f 1105/1319/679 1103/1317/678 960/1194/678
f 961/1195/679 959/1193/678 1104/1318/678
f 1104/1318/678 1106/1320/679 961/1195/679
f 962/1196/679 964/1198/680 1107/1321/680
f 1107/1321/680 1105/1319/679 962/1196/679
f 963/1197/680 961/1195/679 1106/1320/679
f 1106/1320/679 1108/1322/680 963/1197/680
f 964/1198/680 966/1200/681 1109/1323/681
f 1109/1323/681 1107/1321/680 964/1198/680
f 965/1199/681 963/1197/680 1108/1322/680
f 1108/1322/680 1110/1324/681 965/1199/681
f 966/1200/681 968/1202/682 1111/1325/682
f 1111/1325/682 1109/1323/681 966/1200/681
f 967/1201/682 965/1199/681 1110/1324/681
f 1110/1324/681 1112/1326/682 967/1201/682
f 968/1202/682 970/1204/683 1113/1327/683
f 1113/1327/683 1111/1325/682 968/1202/682
f 969/1203/683 967/1201/682 1112/1326/682
f 1112/1326/682 1114/1328/683 969/1203/683
f 970/1204/683 972/1206/684 1115/1329/684
f 1115/1329/684 1113/1327/683 970/1204/683
f 971/1205/684 969/1203/683 1114/1328/683
f 1114/1328/683 1116/1330/684 971/1205/684
f 972/1206/684 974/1208/685 1117/1331/685
f 1117/1331/685 1115/1329/684 972/1206/684
f 973/1207/685 971/1205/684 1116/1330/684
f 1116/1330/684 1118/1332/685 973/1207/685
f 974/1208/685 976/1210/43 1119/1333/43
f 1119/1333/43 1117/1331/685 974/1208/685
f 975/1209/43 973/1207/685 1118/1332/685
f 1118/1332/685 1120/1334/43 975/1209/43
f 976/1210/43 978/1212/686 1121/1335/686
f 1121/1335/686 1119/1333/43 976/1210/43
f 977/1211/686 975/1209/43 1120/1334/43
f 1120/1334/43 1122/1336/686 977/1211/686
f 978/1212/686 980/1214/687 1123/1337/687
f 1123/1337/687 1121/1335/686 978/1212/686
f 979/1213/687 977/1211/686 1122/1336/686
f 1122/1336/686 1124/1338/687 979/1213/687
f 980/1214/687 982/1216/688 1125/1339/688
f 1125/1339/688 1123/1337/687 980/1214/687
f 981/1215/688 979/1213/687 1124/1338/687
f 1124/1338/687 1126/1340/688 981/1215/688
f 982/1216/688 984/1218/689 1127/1341/689
f 1127/1341/689 1125/1339/688 982/1216/688
f 983/1217/689 981/1215/688 1126/1340/688
f 1126/1340/688 1128/1342/689 983/1217/689
f 984/1218/689 945/1180/670 1088/1302/670
f 1088/1302/670 1127/1341/689 984/1218/689
f 946/1177/670 983/1217/689 1128/1342/689
f 1128/1342/689 1089/1303/670 946/1177/670
f 1132/1343/670 1129/1344/670 1130/1345/764
f 1130/1345/764 1131/1346/764 1132/1343/670
f 1131/1346/764 1130/1345/764 1133/1347/765
f 1133/1347/765 1134/1348/765 1131/1346/764
f 1134/1348/765 1133/1347/765 1135/1349/766
f 1135/1349/766 1136/1350/766 1134/1348/765
f 1136/1350/766 1135/1349/766 1137/1351/767
f 1137/1351/767 1138/1352/767 1136/1350/766
f 1138/1352/767 1137/1351/767 1139/1353/42
f 1139/1353/42 1140/1354/42 1138/1352/767
f 1140/1354/42 1139/1353/42 1141/1355/768
f 1141/1355/768 1142/1356/768 1140/1354/42
f 1142/1356/768 1141/1355/768 1143/1357/769
f 1143/1357/769 1144/1358/769 1142/1356/768
f 1144/1358/769 1143/1357/769 1145/1359/770
f 1145/1359/770 1146/1360/770 1144/1358/769
f 1146/1360/770 1145/1359/770 1147/1361/771
f 1147/1361/771 1148/1362/771 1146/1360/770
f 1148/1362/771 1147/1361/771 1149/1363/681
f 1149/1363/681 1150/1364/681 1148/1362/771
f 1150/1364/681 1149/1363/681 1151/1365/772
f 1151/1365/772 1152/1366/772 1150/1364/681
f 1152/1366/772 1151/1365/772 1153/1367/773
f 1153/1367/773 1154/1368/773 1152/1366/772
f 1154/1368/773 1153/1367/773 1155/1369/774
f 1155/1369/774 1156/1370/774 1154/1368/773
f 1156/1370/774 1155/1369/774 1157/1371/775
f 1157/1371/775 1158/1372/775 1156/1370/774
f 1158/1372/775 1157/1371/775 1159/1373/776
f 1159/1373/776 1160/1374/776 1158/1372/775
f 1164/1375/777 1161/1376/777 1162/1377/778
f 1162/1377/778 1163/1378/778 1164/1375/777
f 1163/1378/778 1162/1377/778 1165/1379/779
f 1165/1379/779 1166/1380/779 1163/1378/778
f 1166/1380/779 1165/1379/779 1167/1381/780
f 1167/1381/780 1168/1382/780 1166/1380/779
f 1168/1382/780 1167/1381/780 1169/1383/781
f 1169/1383/781 1170/1384/781 1168/1382/780
f 1170/1384/781 1169/1383/781 1129/1344/670
f 1129/1344/670 1132/1343/670 1170/1384/781
f 1174/1385/782 1171/1386/783 1172/1387/784
f 1172/1387/784 1173/1388/785 1174/1385/782
f 1173/1388/785 1172/1387/784 1175/1389/786
f 1175/1389/786 1176/1390/787 1173/1388/785
f 1176/1390/787 1175/1389/786 1177/1391/788
f 1177/1391/788 1178/1392/789 1176/1390/787
f 1178/1392/789 1177/1391/788 1179/1393/790
f 1179/1393/790 1180/1394/791 1178/1392/789
f 1180/1394/791 1179/1393/790 1181/1395/792
f 1181/1395/792 1182/1396/793 1180/1394/791
f 1182/1396/793 1181/1395/792 1183/1397/794
f 1183/1397/794 1184/1398/795 1182/1396/793
f 1184/1398/795 1183/1397/794 1185/1399/796
f 1185/1399/796 1186/1400/797 1184/1398/795
f 1186/1400/797 1185/1399/796 1187/1401/798
f 1187/1401/798 1188/1402/799 1186/1400/797
f 1188/1402/799 1187/1401/798 1189/1403/800
f 1189/1403/800 1190/1404/801 1188/1402/799
f 1190/1404/801 1189/1403/800 1191/1405/802
f 1191/1405/802 1192/1406/803 1190/1404/801
f 1192/1406/803 1191/1405/802 1193/1407/804
f 1193/1407/804 1194/1408/805 1192/1406/803
f 1194/1408/805 1193/1407/804 1195/1409/806
f 1195/1409/806 1196/1410/807 1194/1408/805
f 1196/1410/807 1195/1409/806 1197/1411/808
f 1197/1411/808 1198/1412/809 1196/1410/807
f 1198/1412/809 1197/1411/808 1199/1413/810
f 1199/1413/810 1200/1414/811 1198/1412/809
f 1200/1414/811 1199/1413/810 1201/1415/812
f 1201/1415/812 1202/1416/813 1200/1414/811
f 1206/1417/814 1203/1418/815 1204/1419/816
f 1204/1419/816 1205/1420/817 1206/1417/814
f 1205/1420/817 1204/1419/816 1207/1421/818
f 1207/1421/818 1208/1422/819 1205/1420/817
f 1208/1422/819 1207/1421/818 1209/1423/820
f 1209/1423/820 1210/1424/821 1208/1422/819
f 1210/1424/821 1209/1423/820 1211/1425/822
f 1211/1425/822 1212/1426/823 1210/1424/821
f 1212/1426/823 1211/1425/822 1171/1386/783
f 1171/1386/783 1174/1385/782 1212/1426/823
f 1214/1427/824 1174/1385/782 1173/1388/785
f 1173/1388/785 1213/1428/825 1214/1427/824
f 1213/1428/825 1173/1388/785 1176/1390/787
f 1176/1390/787 1215/1429/826 1213/1428/825
f 1215/1429/826 1176/1390/787 1178/1392/789
f 1178/1392/789 1216/1430/827 1215/1429/826
f 1216/1430/827 1178/1392/789 1180/1394/791
f 1180/1394/791 1217/1431/828 1216/1430/827
f 1217/1431/828 1180/1394/791 1182/1396/793
f 1182/1396/793 1218/1432/829 1217/1431/828
f 1218/1432/829 1182/1396/793 1184/1398/795
f 1184/1398/795 1219/1433/830 1218/1432/829
f 1219/1433/830 1184/1398/795 1186/1400/797
f 1186/1400/797 1220/1434/831 1219/1433/830
f 1220/1434/831 1186/1400/797 1188/1402/799
f 1188/1402/799 1221/1435/832 1220/1434/831
f 1221/1435/832 1188/1402/799 1190/1404/801
f 1190/1404/801 1222/1436/833 1221/1435/832
f 1222/1436/833 1190/1404/801 1192/1406/803
f 1192/1406/803 1223/1437/834 1222/1436/833
f 1223/1437/834 1192/1406/803 1194/1408/805
f 1194/1408/805 1224/1438/835 1223/1437/834
f 1224/1438/835 1194/1408/805 1196/1410/807
f 1196/1410/807 1225/1439/836 1224/1438/835
f 1225/1439/836 1196/1410/807 1198/1412/809
f 1198/1412/809 1226/1440/837 1225/1439/836
f 1226/1440/837 1198/1412/809 1200/1414/811
f 1200/1414/811 1227/1441/838 1226/1440/837
f 1227/1441/838 1200/1414/811 1202/1416/813
f 1202/1416/813 1228/1442/839 1227/1441/838
f 1230/1443/840 1206/1417/814 1205/1420/817
f 1205/1420/817 1229/1444/841 1230/1443/840
f 1229/1444/841 1205/1420/817 1208/1422/819
f 1208/1422/819 1231/1445/842 1229/1444/841
f 1231/1445/842 1208/1422/819 1210/1424/821
f 1210/1424/821 1232/1446/843 1231/1445/842
f 1232/1446/843 1210/1424/821 1212/1426/823
f 1212/1426/823 1233/1447/844 1232/1446/843
f 1233/1447/844 1212/1426/823 1174/1385/782
f 1174/1385/782 1214/1427/824 1233/1447/844
f 1279/1448/670 1276/1449/670 1277/1450/764
f 1277/1450/764 1278/1451/764 1279/1448/670
f 1278/1451/764 1277/1450/764 1280/1452/765
f 1280/1452/765 1281/1453/765 1278/1451/764
f 1281/1453/765 1280/1452/765 1282/1454/766
f 1282/1454/766 1283/1455/766 1281/1453/765
f 1283/1455/766 1282/1454/766 1284/1456/767
f 1284/1456/767 1285/1457/767 1283/1455/766
f 1285/1457/767 1284/1456/767 1286/1458/42
f 1286/1458/42 1287/1459/42 1285/1457/767
f 1287/1459/42 1286/1458/42 1288/1460/768
f 1288/1460/768 1289/1461/768 1287/1459/42
f 1289/1461/768 1288/1460/768 1290/1462/769
f 1290/1462/769 1291/1463/769 1289/1461/768
f 1291/1463/769 1290/1462/769 1292/1464/770
f 1292/1464/770 1293/1465/770 1291/1463/769
f 1293/1465/770 1292/1464/770 1294/1466/771
f 1294/1466/771 1295/1467/771 1293/1465/770
f 1295/1467/771 1294/1466/771 1296/1468/681
f 1296/1468/681 1297/1469/681 1295/1467/771
f 1297/1469/681 1296/1468/681 1298/1470/772
f 1298/1470/772 1299/1471/772 1297/1469/681
f 1299/1471/772 1298/1470/772 1300/1472/773
f 1300/1472/773 1301/1473/773 1299/1471/772
f 1301/1473/773 1300/1472/773 1302/1474/774
f 1302/1474/774 1303/1475/774 1301/1473/773
f 1303/1475/774 1302/1474/774 1304/1476/775
f 1304/1476/775 1305/1477/775 1303/1475/774
f 1305/1477/775 1304/1476/775 1306/1478/776
f 1306/1478/776 1307/1479/776 1305/1477/775
f 1311/1480/777 1308/1481/777 1309/1482/778
f 1309/1482/778 1310/1483/778 1311/1480/777
f 1310/1483/778 1309/1482/778 1312/1484/779
f 1312/1484/779 1313/1485/779 1310/1483/778
f 1313/1485/779 1312/1484/779 1314/1486/780
f 1314/1486/780 1315/1487/780 1313/1485/779
f 1315/1487/780 1314/1486/780 1316/1488/781
f 1316/1488/781 1317/1489/781 1315/1487/780
f 1317/1489/781 1316/1488/781 1276/1449/670
f 1276/1449/670 1279/1448/670 1317/1489/781
f 1321/1490/670 1318/1491/764 1319/1492/764
f 1319/1492/764 1320/1493/670 1321/1490/670
f 1318/1491/764 1322/1494/765 1323/1495/765
f 1323/1495/765 1319/1492/764 1318/1491/764
f 1322/1494/765 1324/1496/766 1325/1497/766
f 1325/1497/766 1323/1495/765 1322/1494/765
f 1324/1496/766 1326/1498/767 1327/1499/767
f 1327/1499/767 1325/1497/766 1324/1496/766
f 1326/1498/767 1328/1500/42 1329/1501/42
f 1329/1501/42 1327/1499/767 1326/1498/767
f 1328/1500/42 1330/1502/768 1331/1503/768
f 1331/1503/768 1329/1501/42 1328/1500/42
f 1330/1502/768 1332/1504/769 1333/1505/769
f 1333/1505/769 1331/1503/768 1330/1502/768
f 1332/1504/769 1334/1506/770 1335/1507/770
f 1335/1507/770 1333/1505/769 1332/1504/769
f 1334/1506/770 1336/1508/771 1337/1509/771
f 1337/1509/771 1335/1507/770 1334/1506/770
f 1336/1508/771 1338/1510/681 1339/1511/681
f 1339/1511/681 1337/1509/771 1336/1508/771
f 1338/1510/681 1340/1512/772 1341/1513/772
f 1341/1513/772 1339/1511/681 1338/1510/681
f 1340/1512/772 1342/1514/773 1343/1515/773
f 1343/1515/773 1341/1513/772 1340/1512/772
f 1342/1514/773 1344/1516/774 1345/1517/774
f 1345/1517/774 1343/1515/773 1342/1514/773
f 1344/1516/774 1346/1518/775 1347/1519/775
f 1347/1519/775 1345/1517/774 1344/1516/774
f 1346/1518/775 1348/1520/845 1349/1521/845
f 1349/1521/845 1347/1519/775 1346/1518/775
f 1353/1522/846 1350/1523/778 1351/1524/778
f 1351/1524/778 1352/1525/846 1353/1522/846
f 1350/1523/778 1354/1526/779 1355/1527/779
f 1355/1527/779 1351/1524/778 1350/1523/778
f 1354/1526/779 1356/1528/780 1357/1529/780
f 1357/1529/780 1355/1527/779 1354/1526/779
f 1356/1528/780 1358/1530/781 1359/1531/781
f 1359/1531/781 1357/1529/780 1356/1528/780
f 1358/1530/781 1321/1490/670 1320/1493/670
f 1320/1493/670 1359/1531/781 1358/1530/781
f 1363/1532/847 1360/1533/848 1361/1534/849
f 1361/1534/849 1362/1535/850 1363/1532/847
f 1360/1533/848 1364/1536/851 1365/1537/852
f 1365/1537/852 1361/1534/849 1360/1533/848
f 1364/1536/851 1366/1538/853 1367/1539/854
f 1367/1539/854 1365/1537/852 1364/1536/851
f 1366/1538/853 1368/1540/855 1369/1541/856
f 1369/1541/856 1367/1539/854 1366/1538/853
f 1368/1540/855 1370/1542/857 1371/1543/858
f 1371/1543/858 1369/1541/856 1368/1540/855
f 1370/1542/857 1372/1544/859 1373/1545/860
f 1373/1545/860 1371/1543/858 1370/1542/857
f 1372/1544/859 1374/1546/861 1375/1547/862
f 1375/1547/862 1373/1545/860 1372/1544/859
f 1374/1546/861 1376/1548/863 1377/1549/864
f 1377/1549/864 1375/1547/862 1374/1546/861
f 1376/1548/863 1378/1550/865 1379/1551/866
f 1379/1551/866 1377/1549/864 1376/1548/863
f 1378/1550/865 1380/1552/867 1381/1553/868
f 1381/1553/868 1379/1551/866 1378/1550/865
f 1380/1552/867 1382/1554/869 1383/1555/870
f 1383/1555/870 1381/1553/868 1380/1552/867
f 1382/1554/869 1384/1556/871 1385/1557/872
f 1385/1557/872 1383/1555/870 1382/1554/869
f 1384/1556/871 1386/1558/873 1387/1559/874
f 1387/1559/874 1385/1557/872 1384/1556/871
f 1386/1558/873 1388/1560/875 1389/1561/876
f 1389/1561/876 1387/1559/874 1386/1558/873
f 1388/1560/875 1390/1562/877 1391/1563/878
f 1391/1563/878 1389/1561/876 1388/1560/875
f 1395/1564/879 1392/1565/880 1393/1566/881
f 1393/1566/881 1394/1567/882 1395/1564/879
f 1392/1565/880 1396/1568/883 1397/1569/884
f 1397/1569/884 1393/1566/881 1392/1565/880
f 1396/1568/883 1398/1570/885 1399/1571/886
f 1399/1571/886 1397/1569/884 1396/1568/883
f 1398/1570/885 1400/1572/887 1401/1573/888
f 1401/1573/888 1399/1571/886 1398/1570/885
f 1400/1572/887 1363/1532/847 1362/1535/850
f 1362/1535/850 1401/1573/888 1400/1572/887
f 1405/1574/889 1402/1575/890 1403/1576/891
f 1403/1576/891 1404/1577/892 1405/1574/889
f 1402/1575/890 1406/1578/893 1407/1579/894
f 1407/1579/894 1403/1576/891 1402/1575/890
f 1406/1578/893 1408/1580/895 1409/1581/896
f 1409/1581/896 1407/1579/894 1406/1578/893
f 1408/1580/895 1410/1582/897 1411/1583/898
f 1411/1583/898 1409/1581/896 1408/1580/895
f 1410/1582/897 1412/1584/899 1413/1585/900
f 1413/1585/900 1411/1583/898 1410/1582/897
f 1412/1584/899 1414/1586/901 1415/1587/902
f 1415/1587/902 1413/1585/900 1412/1584/899
f 1414/1586/901 1416/1588/903 1417/1589/904
f 1417/1589/904 1415/1587/902 1414/1586/901
f 1416/1588/903 1418/1590/905 1419/1591/906
f 1419/1591/906 1417/1589/904 1416/1588/903
f 1418/1590/905 1420/1592/907 1421/1593/908
f 1421/1593/908 1419/1591/906 1418/1590/905
f 1420/1592/907 1422/1594/909 1423/1595/910
f 1423/1595/910 1421/1593/908 1420/1592/907
f 1422/1594/909 1424/1596/911 1425/1597/912
f 1425/1597/912 1423/1595/910 1422/1594/909
f 1424/1596/911 1426/1598/913 1427/1599/914
f 1427/1599/914 1425/1597/912 1424/1596/911
f 1426/1598/913 1428/1600/915 1429/1601/916
f 1429/1601/916 1427/1599/914 1426/1598/913
f 1428/1600/915 1430/1602/917 1431/1603/918
f 1431/1603/918 1429/1601/916 1428/1600/915
f 1430/1602/917 1432/1604/919 1433/1605/920
f 1433/1605/920 1431/1603/918 1430/1602/917
f 1437/1606/921 1434/1607/922 1435/1608/923
f 1435/1608/923 1436/1609/924 1437/1606/921
f 1434/1607/922 1438/1610/925 1439/1611/926
f 1439/1611/926 1435/1608/923 1434/1607/922
f 1438/1610/925 1440/1612/927 1441/1613/928
f 1441/1613/928 1439/1611/926 1438/1610/925
f 1440/1612/927 1442/1614/929 1443/1615/930
f 1443/1615/930 1441/1613/928 1440/1612/927
f 1442/1614/929 1405/1574/889 1404/1577/892
f 1404/1577/892 1443/1615/930 1442/1614/929
f 1447/1616/931 1444/1617/932 1445/1618/932
f 1445/1618/932 1446/1619/933 1447/1616/931
f 1444/1617/932 1448/1620/934 1449/1621/934
f 1449/1621/934 1445/1618/932 1444/1617/932
f 1448/1620/934 1450/1622/935 1451/1623/936
f 1451/1623/936 1449/1621/934 1448/1620/934
f 1450/1622/935 1452/1624/937 1453/1625/937
f 1453/1625/937 1451/1623/936 1450/1622/935
f 1452/1624/937 1454/1626/938 1455/1627/938
f 1455/1627/938 1453/1625/937 1452/1624/937
f 1454/1626/938 1456/1628/939 1457/1629/939
f 1457/1629/939 1455/1627/938 1454/1626/938
f 1456/1628/939 1458/1630/940 1459/1631/940
f 1459/1631/940 1457/1629/939 1456/1628/939
f 1458/1630/940 1460/1632/941 1461/1633/941
f 1461/1633/941 1459/1631/940 1458/1630/940
f 1460/1632/941 1462/1634/942 1463/1635/942
f 1463/1635/942 1461/1633/941 1460/1632/941
f 1462/1634/942 1464/1636/943 1465/1637/944
f 1465/1637/944 1463/1635/942 1462/1634/942
f 1464/1636/943 1466/1638/945 1467/1639/945
f 1467/1639/945 1465/1637/944 1464/1636/943
f 1466/1638/945 1468/1640/946 1469/1641/946
f 1469/1641/946 1467/1639/945 1466/1638/945
f 1468/1640/946 1470/1642/947 1471/1643/947
f 1471/1643/947 1469/1641/946 1468/1640/946
f 1470/1642/947 1472/1644/948 1473/1645/949
f 1473/1645/949 1471/1643/947 1470/1642/947
f 1472/1644/948 1474/1646/950 1475/1647/950
f 1475/1647/950 1473/1645/949 1472/1644/948
f 1479/1648/951 1476/1649/952 1477/1650/952
f 1477/1650/952 1478/1651/951 1479/1648/951
f 1476/1649/952 1480/1652/953 1481/1653/954
f 1481/1653/954 1477/1650/952 1476/1649/952
f 1480/1652/953 1482/1654/955 1483/1655/956
f 1483/1655/956 1481/1653/954 1480/1652/953
f 1482/1654/955 1484/1656/957 1485/1657/958
f 1485/1657/958 1483/1655/956 1482/1654/955
f 1484/1656/957 1447/1616/931 1446/1619/933
f 1446/1619/933 1485/1657/958 1484/1656/957
f 1489/1658/959 1486/1659/960 1487/1660/961
f 1487/1660/961 1488/1661/962 1489/1658/959
f 1486/1659/960 1490/1662/963 1491/1663/964
f 1491/1663/964 1487/1660/961 1486/1659/960
f 1490/1662/963 1492/1664/965 1493/1665/966
f 1493/1665/966 1491/1663/964 1490/1662/963
f 1492/1664/965 1494/1666/967 1495/1667/968
f 1495/1667/968 1493/1665/966 1492/1664/965
f 1494/1666/967 1496/1668/969 1497/1669/970
f 1497/1669/970 1495/1667/968 1494/1666/967
f 1496/1668/969 1498/1670/971 1499/1671/972
f 1499/1671/972 1497/1669/970 1496/1668/969
f 1498/1670/971 1500/1672/973 1501/1673/974
f 1501/1673/974 1499/1671/972 1498/1670/971
f 1500/1672/973 1502/1674/975 1503/1675/976
f 1503/1675/976 1501/1673/974 1500/1672/973
f 1502/1674/975 1504/1676/977 1505/1677/978
f 1505/1677/978 1503/1675/976 1502/1674/975
f 1504/1676/977 1506/1678/979 1507/1679/980
f 1507/1679/980 1505/1677/978 1504/1676/977
f 1506/1678/979 1508/1680/981 1509/1681/982
f 1509/1681/982 1507/1679/980 1506/1678/979
f 1508/1680/981 1510/1682/983 1511/1683/984
f 1511/1683/984 1509/1681/982 1508/1680/981
f 1510/1682/983 1512/1684/985 1513/1685/986
f 1513/1685/986 1511/1683/984 1510/1682/983
f 1512/1684/985 1514/1686/987 1515/1687/988
f 1515/1687/988 1513/1685/986 1512/1684/985
f 1514/1686/987 1516/1688/989 1517/1689/990
f 1517/1689/990 1515/1687/988 1514/1686/987
f 1521/1690/991 1518/1691/992 1519/1692/993
f 1519/1692/993 1520/1693/994 1521/1690/991
f 1518/1691/992 1522/1694/995 1523/1695/996
f 1523/1695/996 1519/1692/993 1518/1691/992
f 1522/1694/995 1524/1696/997 1525/1697/998
f 1525/1697/998 1523/1695/996 1522/1694/995
f 1524/1696/997 1526/1698/999 1527/1699/1000
f 1527/1699/1000 1525/1697/998 1524/1696/997
f 1526/1698/999 1489/1658/959 1488/1661/962
f 1488/1661/962 1527/1699/1000 1526/1698/999
f 1404/1577/892 1403/1576/891 1548/1700/1001
f 1548/1700/1001 1549/1701/1002 1404/1577/892
f 1403/1576/891 1407/1579/894 1550/1702/1003
f 1550/1702/1003 1548/1700/1001 1403/1576/891
f 1407/1579/894 1409/1581/896 1551/1703/1004
f 1551/1703/1004 1550/1702/1003 1407/1579/894
f 1409/1581/896 1411/1583/898 1552/1704/1005
f 1552/1704/1005 1551/1703/1004 1409/1581/896
f 1411/1583/898 1413/1585/900 1553/1705/1006
f 1553/1705/1006 1552/1704/1005 1411/1583/898
f 1413/1585/900 1415/1587/902 1554/1706/1007
f 1554/1706/1007 1553/1705/1006 1413/1585/900
f 1415/1587/902 1417/1589/904 1555/1707/1008
f 1555/1707/1008 1554/1706/1007 1415/1587/902
f 1417/1589/904 1419/1591/906 1556/1708/1009
f 1556/1708/1009 1555/1707/1008 1417/1589/904
f 1419/1591/906 1421/1593/908 1557/1709/1010
f 1557/1709/1010 1556/1708/1009 1419/1591/906
f 1421/1593/908 1423/1595/910 1558/1710/1011
f 1558/1710/1011 1557/1709/1010 1421/1593/908
f 1423/1595/910 1425/1597/912 1559/1711/1012
f 1559/1711/1012 1558/1710/1011 1423/1595/910
f 1425/1597/912 1427/1599/914 1560/1712/1013
f 1560/1712/1013 1559/1711/1012 1425/1597/912
f 1427/1599/914 1429/1601/916 1561/1713/1014
f 1561/1713/1014 1560/1712/1013 1427/1599/914
f 1429/1601/916 1431/1603/918 1562/1714/1015
f 1562/1714/1015 1561/1713/1014 1429/1601/916
f 1431/1603/918 1433/1605/920 1563/1715/1016
f 1563/1715/1016 1562/1714/1015 1431/1603/918
f 1436/1609/924 1435/1608/923 1564/1716/1017
f 1564/1716/1017 1565/1717/1018 1436/1609/924
f 1435/1608/923 1439/1611/926 1566/1718/1019
f 1566/1718/1019 1564/1716/1017 1435/1608/923
f 1439/1611/926 1441/1613/928 1567/1719/1020
f 1567/1719/1020 1566/1718/1019 1439/1611/926
f 1441/1613/928 1443/1615/930 1568/1720/1021
f 1568/1720/1021 1567/1719/1020 1441/1613/928
f 1443/1615/930 1404/1577/892 1549/1701/1002
f 1549/1701/1002 1568/1720/1021 1443/1615/930
f 1488/1661/962 1487/1660/961 1402/1575/890
f 1402/1575/890 1405/1574/889 1488/1661/962
f 1487/1660/961 1491/1663/964 1406/1578/893
f 1406/1578/893 1402/1575/890 1487/1660/961
f 1491/1663/964 1493/1665/966 1408/1580/895
f 1408/1580/895 1406/1578/893 1491/1663/964
f 1493/1665/966 1495/1667/968 1410/1582/897
f 1410/1582/897 1408/1580/895 1493/1665/966
f 1495/1667/968 1497/1669/970 1412/1584/899
f 1412/1584/899 1410/1582/897 1495/1667/968
f 1497/1669/970 1499/1671/972 1414/1586/901
f 1414/1586/901 1412/1584/899 1497/1669/970
f 1499/1671/972 1501/1673/974 1416/1588/903
f 1416/1588/903 1414/1586/901 1499/1671/972
f 1501/1673/974 1503/1675/976 1418/1590/905
f 1418/1590/905 1416/1588/903 1501/1673/974
f 1503/1675/976 1505/1677/978 1420/1592/907
f 1420/1592/907 1418/1590/905 1503/1675/976
f 1505/1677/978 1507/1679/980 1422/1594/909
f 1422/1594/909 1420/1592/907 1505/1677/978
f 1507/1679/980 1509/1681/982 1424/1596/911
f 1424/1596/911 1422/1594/909 1507/1679/980
f 1509/1681/982 1511/1683/984 1426/1598/913
f 1426/1598/913 1424/1596/911 1509/1681/982
f 1511/1683/984 1513/1685/986 1428/1600/915
f 1428/1600/915 1426/1598/913 1511/1683/984
f 1513/1685/986 1515/1687/988 1430/1602/917
f 1430/1602/917 1428/1600/915 1513/1685/986
f 1515/1687/988 1517/1689/990 1432/1604/919
f 1432/1604/919 1430/1602/917 1515/1687/988
f 1520/1693/994 1519/1692/993 1434/1607/922
f 1434/1607/922 1437/1606/921 1520/1693/994
f 1519/1692/993 1523/1695/996 1438/1610/925
f 1438/1610/925 1434/1607/922 1519/1692/993
f 1523/1695/996 1525/1697/998 1440/1612/927
f 1440/1612/927 1438/1610/925 1523/1695/996
f 1525/1697/998 1527/1699/1000 1442/1614/929
f 1442/1614/929 1440/1612/927 1525/1697/998
f 1527/1699/1000 1488/1661/962 1405/1574/889
f 1405/1574/889 1442/1614/929 1527/1699/1000
f 1362/1535/850 1361/1534/849 1569/1721/1022
f 1569/1721/1022 1570/1722/1023 1362/1535/850
f 1361/1534/849 1365/1537/852 1571/1723/1024
f 1571/1723/1024 1569/1721/1022 1361/1534/849
f 1365/1537/852 1367/1539/854 1572/1724/1025
f 1572/1724/1025 1571/1723/1024 1365/1537/852
f 1367/1539/854 1369/1541/856 1573/1725/1026
f 1573/1725/1026 1572/1724/1025 1367/1539/854
f 1369/1541/856 1371/1543/858 1574/1726/1027
f 1574/1726/1027 1573/1725/1026 1369/1541/856
f 1371/1543/858 1373/1545/860 1575/1727/1028
f 1575/1727/1028 1574/1726/1027 1371/1543/858
f 1373/1545/860 1375/1547/862 1576/1728/1029
f 1576/1728/1029 1575/1727/1028 1373/1545/860
f 1375/1547/862 1377/1549/864 1577/1729/1030
f 1577/1729/1030 1576/1728/1029 1375/1547/862
f 1377/1549/864 1379/1551/866 1578/1730/1031
f 1578/1730/1031 1577/1729/1030 1377/1549/864
f 1379/1551/866 1381/1553/868 1579/1731/1032
f 1579/1731/1032 1578/1730/1031 1379/1551/866
f 1381/1553/868 1383/1555/870 1580/1732/1033
f 1580/1732/1033 1579/1731/1032 1381/1553/868
f 1383/1555/870 1385/1557/872 1581/1733/1034
f 1581/1733/1034 1580/1732/1033 1383/1555/870
f 1385/1557/872 1387/1559/874 1582/1734/1035
f 1582/1734/1035 1581/1733/1034 1385/1557/872
f 1387/1559/874 1389/1561/876 1583/1735/1036
f 1583/1735/1036 1582/1734/1035 1387/1559/874
f 1389/1561/876 1391/1563/878 1584/1736/1037
f 1584/1736/1037 1583/1735/1036 1389/1561/876
f 1394/1567/882 1393/1566/881 1585/1737/1038
f 1585/1737/1038 1586/1738/1039 1394/1567/882
f 1393/1566/881 1397/1569/884 1587/1739/1040
f 1587/1739/1040 1585/1737/1038 1393/1566/881
f 1397/1569/884 1399/1571/886 1588/1740/1041
f 1588/1740/1041 1587/1739/1040 1397/1569/884
f 1399/1571/886 1401/1573/888 1589/1741/1042
f 1589/1741/1042 1588/1740/1041 1399/1571/886
f 1401/1573/888 1362/1535/850 1570/1722/1023
f 1570/1722/1023 1589/1741/1042 1401/1573/888
f 1214/1427/824 1213/1428/825 1590/1742/1043
f 1590/1742/1043 1591/1743/1044 1214/1427/824
f 1213/1428/825 1215/1429/826 1592/1744/1045
f 1592/1744/1045 1590/1742/1043 1213/1428/825
f 1215/1429/826 1216/1430/827 1593/1745/1046
f 1593/1745/1046 1592/1744/1045 1215/1429/826
f 1216/1430/827 1217/1431/828 1594/1746/1047
f 1594/1746/1047 1593/1745/1046 1216/1430/827
f 1217/1431/828 1218/1432/829 1595/1747/1048
f 1595/1747/1048 1594/1746/1047 1217/1431/828
f 1218/1432/829 1219/1433/830 1596/1748/1049
f 1596/1748/1049 1595/1747/1048 1218/1432/829
f 1219/1433/830 1220/1434/831 1597/1749/1050
f 1597/1749/1050 1596/1748/1049 1219/1433/830
f 1220/1434/831 1221/1435/832 1598/1750/1051
f 1598/1750/1051 1597/1749/1050 1220/1434/831
f 1221/1435/832 1222/1436/833 1599/1751/1052
f 1599/1751/1052 1598/1750/1051 1221/1435/832
f 1222/1436/833 1223/1437/834 1600/1752/1053
f 1600/1752/1053 1599/1751/1052 1222/1436/833
f 1223/1437/834 1224/1438/835 1601/1753/1054
f 1601/1753/1054 1600/1752/1053 1223/1437/834
f 1224/1438/835 1225/1439/836 1602/1754/1055
f 1602/1754/1055 1601/1753/1054 1224/1438/835
f 1225/1439/836 1226/1440/837 1603/1755/1056
f 1603/1755/1056 1602/1754/1055 1225/1439/836
f 1226/1440/837 1227/1441/838 1604/1756/1057
f 1604/1756/1057 1603/1755/1056 1226/1440/837
f 1227/1441/838 1228/1442/839 1605/1757/1058
f 1605/1757/1058 1604/1756/1057 1227/1441/838
f 1230/1443/840 1229/1444/841 1606/1758/1059
f 1606/1758/1059 1607/1759/1060 1230/1443/840
f 1229/1444/841 1231/1445/842 1608/1760/1061
f 1608/1760/1061 1606/1758/1059 1229/1444/841
f 1231/1445/842 1232/1446/843 1609/1761/1062
f 1609/1761/1062 1608/1760/1061 1231/1445/842
f 1232/1446/843 1233/1447/844 1610/1762/1063
f 1610/1762/1063 1609/1761/1062 1232/1446/843
f 1233/1447/844 1214/1427/824 1591/1743/1044
f 1591/1743/1044 1610/1762/1063 1233/1447/844
f 1614/1763/1064 1611/1764/1065 1612/1765/1066
f 1612/1765/1066 1613/1766/1067 1614/1763/1064
f 1613/1766/1067 1612/1765/1066 1615/1767/1068
f 1615/1767/1068 1616/1768/1069 1613/1766/1067
f 1616/1768/1069 1615/1767/1068 1617/1769/1070
f 1617/1769/1070 1618/1770/1071 1616/1768/1069
f 1618/1770/1071 1617/1769/1070 1619/1771/1072
f 1619/1771/1072 1620/1772/1073 1618/1770/1071
f 1620/1772/1073 1619/1771/1072 1621/1773/1074
f 1621/1773/1074 1622/1774/1075 1620/1772/1073
f 1626/1775/1076 1623/1776/1077 1624/1777/1078
f 1624/1777/1078 1625/1778/1079 1626/1775/1076
f 1625/1778/1079 1624/1777/1078 1627/1779/1080
f 1627/1779/1080 1628/1780/1081 1625/1778/1079
f 1628/1780/1081 1627/1779/1080 1629/1781/1082
f 1629/1781/1082 1630/1782/1083 1628/1780/1081
f 1630/1782/1083 1629/1781/1082 1631/1783/1084
f 1631/1783/1084 1632/1784/1085 1630/1782/1083
f 1632/1784/1085 1631/1783/1084 1633/1785/1086
f 1633/1785/1086 1634/1786/1087 1632/1784/1085
f 1634/1786/1087 1633/1785/1086 1635/1787/1088
f 1635/1787/1088 1636/1788/1089 1634/1786/1087
f 1636/1788/1089 1635/1787/1088 1637/1789/1090
f 1637/1789/1090 1638/1790/1091 1636/1788/1089
f 1638/1790/1091 1637/1789/1090 1639/1791/1092
f 1639/1791/1092 1640/1792/1093 1638/1790/1091
f 1640/1792/1093 1639/1791/1092 1641/1793/1094
f 1641/1793/1094 1642/1794/1095 1640/1792/1093
f 1642/1794/1095 1641/1793/1094 1643/1795/1096
f 1643/1795/1096 1644/1796/1097 1642/1794/1095
f 1644/1796/1097 1643/1795/1096 1645/1797/1098
f 1645/1797/1098 1646/1798/1099 1644/1796/1097
f 1646/1798/1099 1645/1797/1098 1647/1799/1100
f 1647/1799/1100 1648/1800/1101 1646/1798/1099
f 1648/1800/1101 1647/1799/1100 1649/1801/1102
f 1649/1801/1102 1650/1802/1103 1648/1800/1101
f 1650/1802/1103 1649/1801/1102 1651/1803/1104
f 1651/1803/1104 1652/1804/1105 1650/1802/1103
f 1652/1804/1105 1651/1803/1104 1611/1764/1065
f 1611/1764/1065 1614/1763/1064 1652/1804/1105
f 1656/1805/1106 1653/1806/1107 1654/1807/1108
f 1654/1807/1108 1655/1808/1109 1656/1805/1106
f 1653/1806/1107 1657/1809/1110 1658/1810/1111
f 1658/1810/1111 1654/1807/1108 1653/1806/1107
f 1657/1809/1110 1659/1811/1112 1660/1812/1113
f 1660/1812/1113 1658/1810/1111 1657/1809/1110
f 1659/1811/1112 1661/1813/1114 1662/1814/1115
f 1662/1814/1115 1660/1812/1113 1659/1811/1112
f 1661/1813/1114 1663/1815/1116 1664/1816/1117
f 1664/1816/1117 1662/1814/1115 1661/1813/1114
f 1668/1817/1118 1665/1818/1119 1666/1819/1120
f 1666/1819/1120 1667/1820/1121 1668/1817/1118
f 1665/1818/1119 1669/1821/1122 1670/1822/1123
f 1670/1822/1123 1666/1819/1120 1665/1818/1119
f 1669/1821/1122 1671/1823/1124 1672/1824/1125
f 1672/1824/1125 1670/1822/1123 1669/1821/1122
f 1671/1823/1124 1673/1825/1126 1674/1826/1127
f 1674/1826/1127 1672/1824/1125 1671/1823/1124
f 1673/1825/1126 1675/1827/1128 1676/1828/1129
f 1676/1828/1129 1674/1826/1127 1673/1825/1126
f 1675/1827/1128 1677/1829/1130 1678/1830/1131
f 1678/1830/1131 1676/1828/1129 1675/1827/1128
f 1677/1829/1130 1679/1831/1132 1680/1832/1133
f 1680/1832/1133 1678/1830/1131 1677/1829/1130
f 1679/1831/1132 1681/1833/1134 1682/1834/1135
f 1682/1834/1135 1680/1832/1133 1679/1831/1132
f 1681/1833/1134 1683/1835/1136 1684/1836/1137
f 1684/1836/1137 1682/1834/1135 1681/1833/1134
f 1683/1835/1136 1685/1837/1138 1686/1838/1139
f 1686/1838/1139 1684/1836/1137 1683/1835/1136
f 1685/1837/1138 1687/1839/1140 1688/1840/1141
f 1688/1840/1141 1686/1838/1139 1685/1837/1138
f 1687/1839/1140 1689/1841/1142 1690/1842/1143
f 1690/1842/1143 1688/1840/1141 1687/1839/1140
f 1689/1841/1142 1691/1843/1144 1692/1844/1145
f 1692/1844/1145 1690/1842/1143 1689/1841/1142
f 1691/1843/1144 1693/1845/1146 1694/1846/1147
f 1694/1846/1147 1692/1844/1145 1691/1843/1144
f 1693/1845/1146 1656/1805/1106 1655/1808/1109
f 1655/1808/1109 1694/1846/1147 1693/1845/1146
f 1698/1847/1148 1695/1848/1149 1696/1849/1150
f 1696/1849/1150 1697/1850/1151 1698/1847/1148
f 1695/1848/1149 1699/1851/1152 1700/1852/1153
f 1700/1852/1153 1696/1849/1150 1695/1848/1149
f 1699/1851/1152 1701/1853/1154 1702/1854/1155
f 1702/1854/1155 1700/1852/1153 1699/1851/1152
f 1701/1853/1154 1703/1855/1156 1704/1856/1157
f 1704/1856/1157 1702/1854/1155 1701/1853/1154
f 1703/1855/1156 1705/1857/1158 1706/1858/1159
f 1706/1858/1159 1704/1856/1157 1703/1855/1156
f 1710/1859/1160 1707/1860/1161 1708/1861/1162
f 1708/1861/1162 1709/1862/1163 1710/1859/1160
f 1707/1860/1161 1711/1863/1164 1712/1864/1165
f 1712/1864/1165 1708/1861/1162 1707/1860/1161
f 1711/1863/1164 1713/1865/1166 1714/1866/1167
f 1714/1866/1167 1712/1864/1165 1711/1863/1164
f 1713/1865/1166 1715/1867/1168 1716/1868/1169
f 1716/1868/1169 1714/1866/1167 1713/1865/1166
f 1715/1867/1168 1717/1869/1170 1718/1870/1171
f 1718/1870/1171 1716/1868/1169 1715/1867/1168
f 1717/1869/1170 1719/1871/1172 1720/1872/1173
f 1720/1872/1173 1718/1870/1171 1717/1869/1170
f 1719/1871/1172 1721/1873/1174 1722/1874/1175
f 1722/1874/1175 1720/1872/1173 1719/1871/1172
f 1721/1873/1174 1723/1875/1176 1724/1876/1177
f 1724/1876/1177 1722/1874/1175 1721/1873/1174
f 1723/1875/1176 1725/1877/1178 1726/1878/1179
f 1726/1878/1179 1724/1876/1177 1723/1875/1176
f 1725/1877/1178 1727/1879/1180 1728/1880/1181
f 1728/1880/1181 1726/1878/1179 1725/1877/1178
f 1727/1879/1180 1729/1881/1182 1730/1882/1183
f 1730/1882/1183 1728/1880/1181 1727/1879/1180
f 1729/1881/1182 1731/1883/1184 1732/1884/1185
f 1732/1884/1185 1730/1882/1183 1729/1881/1182
f 1731/1883/1184 1733/1885/1186 1734/1886/1187
f 1734/1886/1187 1732/1884/1185 1731/1883/1184
f 1733/1885/1186 1735/1887/1188 1736/1888/1189
f 1736/1888/1189 1734/1886/1187 1733/1885/1186
f 1735/1887/1188 1698/1847/1148 1697/1850/1151
f 1697/1850/1151 1736/1888/1189 1735/1887/1188
f 1614/1763/1064 1613/1766/1067 1737/1889/1190
f 1737/1889/1190 1738/1890/1191 1614/1763/1064
f 1613/1766/1067 1616/1768/1069 1739/1891/1192
f 1739/1891/1192 1737/1889/1190 1613/1766/1067
f 1616/1768/1069 1618/1770/1071 1740/1892/1193
f 1740/1892/1193 1739/1891/1192 1616/1768/1069
f 1618/1770/1071 1620/1772/1073 1741/1893/1194
f 1741/1893/1194 1740/1892/1193 1618/1770/1071
f 1620/1772/1073 1622/1774/1075 1742/1894/1195
f 1742/1894/1195 1741/1893/1194 1620/1772/1073
f 1626/1775/1076 1625/1778/1079 1743/1895/1196
f 1743/1895/1196 1744/1896/1197 1626/1775/1076
f 1625/1778/1079 1628/1780/1081 1745/1897/1198
f 1745/1897/1198 1743/1895/1196 1625/1778/1079
f 1628/1780/1081 1630/1782/1083 1746/1898/1199
f 1746/1898/1199 1745/1897/1198 1628/1780/1081
f 1630/1782/1083 1632/1784/1085 1747/1899/1200
f 1747/1899/1200 1746/1898/1199 1630/1782/1083
f 1632/1784/1085 1634/1786/1087 1748/1900/1201
f 1748/1900/1201 1747/1899/1200 1632/1784/1085
f 1634/1786/1087 1636/1788/1089 1749/1901/1202
f 1749/1901/1202 1748/1900/1201 1634/1786/1087
f 1636/1788/1089 1638/1790/1091 1750/1902/1203
f 1750/1902/1203 1749/1901/1202 1636/1788/1089
f 1638/1790/1091 1640/1792/1093 1751/1903/1204
f 1751/1903/1204 1750/1902/1203 1638/1790/1091
f 1640/1792/1093 1642/1794/1095 1752/1904/1205
f 1752/1904/1205 1751/1903/1204 1640/1792/1093
f 1642/1794/1095 1644/1796/1097 1753/1905/1206
f 1753/1905/1206 1752/1904/1205 1642/1794/1095
f 1644/1796/1097 1646/1798/1099 1754/1906/1207
f 1754/1906/1207 1753/1905/1206 1644/1796/1097
f 1646/1798/1099 1648/1800/1101 1755/1907/1208
f 1755/1907/1208 1754/1906/1207 1646/1798/1099
f 1648/1800/1101 1650/1802/1103 1756/1908/1209
f 1756/1908/1209 1755/1907/1208 1648/1800/1101
f 1650/1802/1103 1652/1804/1105 1757/1909/1210
f 1757/1909/1210 1756/1908/1209 1650/1802/1103
f 1652/1804/1105 1614/1763/1064 1738/1890/1191
f 1738/1890/1191 1757/1909/1210 1652/1804/1105
f 1761/1910/1211 1758/1911/1212 1759/1912/1213
f 1759/1912/1213 1760/1913/1214 1761/1910/1211
f 1758/1911/1212 1762/1914/1215 1763/1915/1216
f 1763/1915/1216 1759/1912/1213 1758/1911/1212
f 1762/1914/1215 1764/1916/1217 1765/1917/1218
f 1765/1917/1218 1763/1915/1216 1762/1914/1215
f 1764/1916/1217 1766/1918/1219 1767/1919/1220
f 1767/1919/1220 1765/1917/1218 1764/1916/1217
f 1766/1918/1219 1768/1920/1221 1769/1921/1222
f 1769/1921/1222 1767/1919/1220 1766/1918/1219
f 1773/1922/1223 1770/1923/1224 1771/1924/1225
f 1771/1924/1225 1772/1925/1226 1773/1922/1223
f 1770/1923/1224 1774/1926/1227 1775/1927/1228
f 1775/1927/1228 1771/1924/1225 1770/1923/1224
f 1774/1926/1227 1776/1928/1229 1777/1929/1230
f 1777/1929/1230 1775/1927/1228 1774/1926/1227
f 1776/1928/1229 1778/1930/1231 1779/1931/1232
f 1779/1931/1232 1777/1929/1230 1776/1928/1229
f 1778/1930/1231 1780/1932/1233 1781/1933/1234
f 1781/1933/1234 1779/1931/1232 1778/1930/1231
f 1780/1932/1233 1782/1934/1235 1783/1935/1236
f 1783/1935/1236 1781/1933/1234 1780/1932/1233
f 1782/1934/1235 1784/1936/1237 1785/1937/1238
f 1785/1937/1238 1783/1935/1236 1782/1934/1235
f 1784/1936/1237 1786/1938/1239 1787/1939/1240
f 1787/1939/1240 1785/1937/1238 1784/1936/1237
f 1786/1938/1239 1788/1940/1241 1789/1941/1242
f 1789/1941/1242 1787/1939/1240 1786/1938/1239
f 1788/1940/1241 1790/1942/1243 1791/1943/1244
f 1791/1943/1244 1789/1941/1242 1788/1940/1241
f 1790/1942/1243 1792/1944/1245 1793/1945/1246
f 1793/1945/1246 1791/1943/1244 1790/1942/1243
f 1792/1944/1245 1794/1946/1247 1795/1947/1248
f 1795/1947/1248 1793/1945/1246 1792/1944/1245
f 1794/1946/1247 1796/1948/1249 1797/1949/1250
f 1797/1949/1250 1795/1947/1248 1794/1946/1247
f 1796/1948/1249 1798/1950/1251 1799/1951/1252
f 1799/1951/1252 1797/1949/1250 1796/1948/1249
f 1798/1950/1251 1761/1910/1211 1760/1913/1214
f 1760/1913/1214 1799/1951/1252 1798/1950/1251
f 1738/1890/1191 1737/1889/1190 1653/1806/1107
f 1653/1806/1107 1656/1805/1106 1738/1890/1191
f 1737/1889/1190 1739/1891/1192 1657/1809/1110
f 1657/1809/1110 1653/1806/1107 1737/1889/1190
f 1739/1891/1192 1740/1892/1193 1659/1811/1112
f 1659/1811/1112 1657/1809/1110 1739/1891/1192
f 1740/1892/1193 1741/1893/1194 1661/1813/1114
f 1661/1813/1114 1659/1811/1112 1740/1892/1193
f 1741/1893/1194 1742/1894/1195 1663/1815/1116
f 1663/1815/1116 1661/1813/1114 1741/1893/1194
f 1744/1896/1197 1743/1895/1196 1665/1818/1119
f 1665/1818/1119 1668/1817/1118 1744/1896/1197
f 1743/1895/1196 1745/1897/1198 1669/1821/1122
f 1669/1821/1122 1665/1818/1119 1743/1895/1196
f 1745/1897/1198 1746/1898/1199 1671/1823/1124
f 1671/1823/1124 1669/1821/1122 1745/1897/1198
f 1746/1898/1199 1747/1899/1200 1673/1825/1126
f 1673/1825/1126 1671/1823/1124 1746/1898/1199
f 1747/1899/1200 1748/1900/1201 1675/1827/1128
f 1675/1827/1128 1673/1825/1126 1747/1899/1200
f 1748/1900/1201 1749/1901/1202 1677/1829/1130
f 1677/1829/1130 1675/1827/1128 1748/1900/1201
f 1749/1901/1202 1750/1902/1203 1679/1831/1132
f 1679/1831/1132 1677/1829/1130 1749/1901/1202
f 1750/1902/1203 1751/1903/1204 1681/1833/1134
f 1681/1833/1134 1679/1831/1132 1750/1902/1203
f 1751/1903/1204 1752/1904/1205 1683/1835/1136
f 1683/1835/1136 1681/1833/1134 1751/1903/1204
f 1752/1904/1205 1753/1905/1206 1685/1837/1138
f 1685/1837/1138 1683/1835/1136 1752/1904/1205
f 1753/1905/1206 1754/1906/1207 1687/1839/1140
f 1687/1839/1140 1685/1837/1138 1753/1905/1206
f 1754/1906/1207 1755/1907/1208 1689/1841/1142
f 1689/1841/1142 1687/1839/1140 1754/1906/1207
f 1755/1907/1208 1756/1908/1209 1691/1843/1144
f 1691/1843/1144 1689/1841/1142 1755/1907/1208
f 1756/1908/1209 1757/1909/1210 1693/1845/1146
f 1693/1845/1146 1691/1843/1144 1756/1908/1209
f 1757/1909/1210 1738/1890/1191 1656/1805/1106
f 1656/1805/1106 1693/1845/1146 1757/1909/1210
f 1655/1808/1109 1654/1807/1108 1758/1911/1212
f 1758/1911/1212 1761/1910/1211 1655/1808/1109
f 1654/1807/1108 1658/1810/1111 1762/1914/1215
f 1762/1914/1215 1758/1911/1212 1654/1807/1108
f 1658/1810/1111 1660/1812/1113 1764/1916/1217
f 1764/1916/1217 1762/1914/1215 1658/1810/1111
f 1660/1812/1113 1662/1814/1115 1766/1918/1219
f 1766/1918/1219 1764/1916/1217 1660/1812/1113
f 1662/1814/1115 1664/1816/1117 1768/1920/1221
f 1768/1920/1221 1766/1918/1219 1662/1814/1115
f 1667/1820/1121 1666/1819/1120 1770/1923/1224
f 1770/1923/1224 1773/1922/1223 1667/1820/1121
f 1666/1819/1120 1670/1822/1123 1774/1926/1227
f 1774/1926/1227 1770/1923/1224 1666/1819/1120
f 1670/1822/1123 1672/1824/1125 1776/1928/1229
f 1776/1928/1229 1774/1926/1227 1670/1822/1123
f 1672/1824/1125 1674/1826/1127 1778/1930/1231
f 1778/1930/1231 1776/1928/1229 1672/1824/1125
f 1674/1826/1127 1676/1828/1129 1780/1932/1233
f 1780/1932/1233 1778/1930/1231 1674/1826/1127
f 1676/1828/1129 1678/1830/1131 1782/1934/1235
f 1782/1934/1235 1780/1932/1233 1676/1828/1129
f 1678/1830/1131 1680/1832/1133 1784/1936/1237
f 1784/1936/1237 1782/1934/1235 1678/1830/1131
f 1680/1832/1133 1682/1834/1135 1786/1938/1239
f 1786/1938/1239 1784/1936/1237 1680/1832/1133
f 1682/1834/1135 1684/1836/1137 1788/1940/1241
f 1788/1940/1241 1786/1938/1239 1682/1834/1135
f 1684/1836/1137 1686/1838/1139 1790/1942/1243
f 1790/1942/1243 1788/1940/1241 1684/1836/1137
f 1686/1838/1139 1688/1840/1141 1792/1944/1245
f 1792/1944/1245 1790/1942/1243 1686/1838/1139
f 1688/1840/1141 1690/1842/1143 1794/1946/1247
f 1794/1946/1247 1792/1944/1245 1688/1840/1141
f 1690/1842/1143 1692/1844/1145 1796/1948/1249
f 1796/1948/1249 1794/1946/1247 1690/1842/1143
f 1692/1844/1145 1694/1846/1147 1798/1950/1251
f 1798/1950/1251 1796/1948/1249 1692/1844/1145
f 1694/1846/1147 1655/1808/1109 1761/1910/1211
f 1761/1910/1211 1798/1950/1251 1694/1846/1147
f 1760/1913/1214 1759/1912/1213 1695/1848/1149
f 1695/1848/1149 1698/1847/1148 1760/1913/1214
f 1759/1912/1213 1763/1915/1216 1699/1851/1152
f 1699/1851/1152 1695/1848/1149 1759/1912/1213
f 1763/1915/1216 1765/1917/1218 1701/1853/1154
f 1701/1853/1154 1699/1851/1152 1763/1915/1216
f 1765/1917/1218 1767/1919/1220 1703/1855/1156
f 1703/1855/1156 1701/1853/1154 1765/1917/1218
f 1767/1919/1220 1769/1921/1222 1705/1857/1158
f 1705/1857/1158 1703/1855/1156 1767/1919/1220
f 1772/1925/1226 1771/1924/1225 1707/1860/1161
f 1707/1860/1161 1710/1859/1160 1772/1925/1226
f 1771/1924/1225 1775/1927/1228 1711/1863/1164
f 1711/1863/1164 1707/1860/1161 1771/1924/1225
f 1775/1927/1228 1777/1929/1230 1713/1865/1166
f 1713/1865/1166 1711/1863/1164 1775/1927/1228
f 1777/1929/1230 1779/1931/1232 1715/1867/1168
f 1715/1867/1168 1713/1865/1166 1777/1929/1230
f 1779/1931/1232 1781/1933/1234 1717/1869/1170
f 1717/1869/1170 1715/1867/1168 1779/1931/1232
f 1781/1933/1234 1783/1935/1236 1719/1871/1172
f 1719/1871/1172 1717/1869/1170 1781/1933/1234
f 1783/1935/1236 1785/1937/1238 1721/1873/1174
f 1721/1873/1174 1719/1871/1172 1783/1935/1236
f 1785/1937/1238 1787/1939/1240 1723/1875/1176
f 1723/1875/1176 1721/1873/1174 1785/1937/1238
f 1787/1939/1240 1789/1941/1242 1725/1877/1178
f 1725/1877/1178 1723/1875/1176 1787/1939/1240
f 1789/1941/1242 1791/1943/1244 1727/1879/1180
f 1727/1879/1180 1725/1877/1178 1789/1941/1242
f 1791/1943/1244 1793/1945/1246 1729/1881/1182
f 1729/1881/1182 1727/1879/1180 1791/1943/1244
f 1793/1945/1246 1795/1947/1248 1731/1883/1184
f 1731/1883/1184 1729/1881/1182 1793/1945/1246
f 1795/1947/1248 1797/1949/1250 1733/1885/1186
f 1733/1885/1186 1731/1883/1184 1795/1947/1248
f 1797/1949/1250 1799/1951/1252 1735/1887/1188
f 1735/1887/1188 1733/1885/1186 1797/1949/1250
f 1799/1951/1252 1760/1913/1214 1698/1847/1148
f 1698/1847/1148 1735/1887/1188 1799/1951/1252
f 1801/1952/1253 1697/1850/1151 1696/1849/1150
f 1696/1849/1150 1800/1953/1254 1801/1952/1253
f 1800/1953/1254 1696/1849/1150 1700/1852/1153
f 1700/1852/1153 1802/1954/1255 1800/1953/1254
f 1802/1954/1255 1700/1852/1153 1702/1854/1155
f 1702/1854/1155 1803/1955/1256 1802/1954/1255
f 1803/1955/1256 1702/1854/1155 1704/1856/1157
f 1704/1856/1157 1804/1956/1257 1803/1955/1256
f 1804/1956/1257 1704/1856/1157 1706/1858/1159
f 1706/1858/1159 1805/1957/1258 1804/1956/1257
f 1807/1958/1259 1709/1862/1163 1708/1861/1162
f 1708/1861/1162 1806/1959/1260 1807/1958/1259
f 1806/1959/1260 1708/1861/1162 1712/1864/1165
f 1712/1864/1165 1808/1960/1261 1806/1959/1260
f 1808/1960/1261 1712/1864/1165 1714/1866/1167
f 1714/1866/1167 1809/1961/1262 1808/1960/1261
f 1809/1961/1262 1714/1866/1167 1716/1868/1169
f 1716/1868/1169 1810/1962/1263 1809/1961/1262
f 1810/1962/1263 1716/1868/1169 1718/1870/1171
f 1718/1870/1171 1811/1963/1264 1810/1962/1263
f 1811/1963/1264 1718/1870/1171 1720/1872/1173
f 1720/1872/1173 1812/1964/1265 1811/1963/1264
f 1812/1964/1265 1720/1872/1173 1722/1874/1175
f 1722/1874/1175 1813/1965/1266 1812/1964/1265
f 1813/1965/1266 1722/1874/1175 1724/1876/1177
f 1724/1876/1177 1814/1966/1267 1813/1965/1266
f 1814/1966/1267 1724/1876/1177 1726/1878/1179
f 1726/1878/1179 1815/1967/1268 1814/1966/1267
f 1815/1967/1268 1726/1878/1179 1728/1880/1181
f 1728/1880/1181 1816/1968/1269 1815/1967/1268
f 1816/1968/1269 1728/1880/1181 1730/1882/1183
f 1730/1882/1183 1817/1969/1270 1816/1968/1269
f 1817/1969/1270 1730/1882/1183 1732/1884/1185
f 1732/1884/1185 1818/1970/1271 1817/1969/1270
f 1818/1970/1271 1732/1884/1185 1734/1886/1187
f 1734/1886/1187 1819/1971/1272 1818/1970/1271
f 1819/1971/1272 1734/1886/1187 1736/1888/1189
f 1736/1888/1189 1820/1972/1273 1819/1971/1272
f 1820/1972/1273 1736/1888/1189 1697/1850/1151
f 1697/1850/1151 1801/1952/1253 1820/1972/1273
f 1822/1973/1274 1801/1952/1253 1800/1953/1254
f 1800/1953/1254 1821/1974/1275 1822/1973/1274
f 1821/1974/1275 1800/1953/1254 1802/1954/1255
f 1802/1954/1255 1823/1975/1276 1821/1974/1275
f 1823/1975/1276 1802/1954/1255 1803/1955/1256
f 1803/1955/1256 1824/1976/1277 1823/1975/1276
f 1824/1976/1277 1803/1955/1256 1804/1956/1257
f 1804/1956/1257 1825/1977/1278 1824/1976/1277
f 1825/1977/1278 1804/1956/1257 1805/1957/1258
f 1805/1957/1258 1826/1978/1279 1825/1977/1278
f 1828/1979/1280 1807/1958/1259 1806/1959/1260
f 1806/1959/1260 1827/1980/1281 1828/1979/1280
f 1827/1980/1281 1806/1959/1260 1808/1960/1261
f 1808/1960/1261 1829/1981/1282 1827/1980/1281
f 1829/1981/1282 1808/1960/1261 1809/1961/1262
f 1809/1961/1262 1830/1982/1283 1829/1981/1282
f 1830/1982/1283 1809/1961/1262 1810/1962/1263
f 1810/1962/1263 1831/1983/1284 1830/1982/1283
f 1831/1983/1284 1810/1962/1263 1811/1963/1264
f 1811/1963/1264 1832/1984/1285 1831/1983/1284
f 1832/1984/1285 1811/1963/1264 1812/1964/1265
f 1812/1964/1265 1833/1985/1286 1832/1984/1285
f 1833/1985/1286 1812/1964/1265 1813/1965/1266
f 1813/1965/1266 1834/1986/1287 1833/1985/1286
f 1834/1986/1287 1813/1965/1266 1814/1966/1267
f 1814/1966/1267 1835/1987/1288 1834/1986/1287
f 1835/1987/1288 1814/1966/1267 1815/1967/1268
f 1815/1967/1268 1836/1988/1289 1835/1987/1288
f 1836/1988/1289 1815/1967/1268 1816/1968/1269
f 1816/1968/1269 1837/1989/1290 1836/1988/1289
f 1837/1989/1290 1816/1968/1269 1817/1969/1270
f 1817/1969/1270 1838/1990/1291 1837/1989/1290
f 1838/1990/1291 1817/1969/1270 1818/1970/1271
f 1818/1970/1271 1839/1991/1292 1838/1990/1291
f 1839/1991/1292 1818/1970/1271 1819/1971/1272
f 1819/1971/1272 1840/1992/1293 1839/1991/1292
f 1840/1992/1293 1819/1971/1272 1820/1972/1273
f 1820/1972/1273 1841/1993/1294 1840/1992/1293
f 1841/1993/1294 1820/1972/1273 1801/1952/1253
f 1801/1952/1253 1822/1973/1274 1841/1993/1294
f 1845/1994/1295 1842/1995/1296 1843/1996/1297
f 1843/1996/1297 1844/1997/1298 1845/1994/1295
f 1844/1997/1298 1843/1996/1297 1846/1998/1299
f 1846/1998/1299 1847/1999/1300 1844/1997/1298
f 1847/1999/1300 1846/1998/1299 1848/2000/1301
f 1848/2000/1301 1849/2001/1302 1847/1999/1300
f 1849/2001/1302 1848/2000/1301 1850/2002/1303
f 1850/2002/1303 1851/2003/1304 1849/2001/1302
f 1851/2003/1304 1850/2002/1303 1852/2004/1305
f 1852/2004/1305 1853/2005/1306 1851/2003/1304
f 1857/2006/1307 1854/2007/1308 1855/2008/1309
f 1855/2008/1309 1856/2009/1310 1857/2006/1307
f 1856/2009/1310 1855/2008/1309 1858/2010/1311
f 1858/2010/1311 1859/2011/1312 1856/2009/1310
f 1859/2011/1312 1858/2010/1311 1860/2012/1313
f 1860/2012/1313 1861/2013/1314 1859/2011/1312
f 1861/2013/1314 1860/2012/1313 1862/2014/1315
f 1862/2014/1315 1863/2015/1316 1861/2013/1314
f 1863/2015/1316 1862/2014/1315 1864/2016/1317
f 1864/2016/1317 1865/2017/1318 1863/2015/1316
f 1865/2017/1318 1864/2016/1317 1866/2018/1319
f 1866/2018/1319 1867/2019/1320 1865/2017/1318
f 1867/2019/1320 1866/2018/1319 1868/2020/1321
f 1868/2020/1321 1869/2021/1322 1867/2019/1320
f 1869/2021/1322 1868/2020/1321 1870/2022/1323
f 1870/2022/1323 1871/2023/1324 1869/2021/1322
f 1871/2023/1324 1870/2022/1323 1872/2024/1325
f 1872/2024/1325 1873/2025/1326 1871/2023/1324
f 1873/2025/1326 1872/2024/1325 1874/2026/1327
f 1874/2026/1327 1875/2027/1328 1873/2025/1326
f 1875/2027/1328 1874/2026/1327 1876/2028/1329
f 1876/2028/1329 1877/2029/1330 1875/2027/1328
f 1877/2029/1330 1876/2028/1329 1878/2030/1331
f 1878/2030/1331 1879/2031/1332 1877/2029/1330
f 1879/2031/1332 1878/2030/1331 1880/2032/1333
f 1880/2032/1333 1881/2033/1334 1879/2031/1332
f 1881/2033/1334 1880/2032/1333 1882/2034/1335
f 1882/2034/1335 1883/2035/1336 1881/2033/1334
f 1883/2035/1336 1882/2034/1335 1842/1995/1296
f 1842/1995/1296 1845/1994/1295 1883/2035/1336
f 1885/2036/1337 1845/1994/1295 1844/1997/1298
f 1844/1997/1298 1884/2037/1338 1885/2036/1337
f 1884/2037/1338 1844/1997/1298 1847/1999/1300
f 1847/1999/1300 1886/2038/1339 1884/2037/1338
f 1886/2038/1339 1847/1999/1300 1849/2001/1302
f 1849/2001/1302 1887/2039/1340 1886/2038/1339
f 1887/2039/1340 1849/2001/1302 1851/2003/1304
f 1851/2003/1304 1888/2040/1341 1887/2039/1340
f 1888/2040/1341 1851/2003/1304 1853/2005/1306
f 1853/2005/1306 1889/2041/1342 1888/2040/1341
f 1891/2042/1343 1857/2006/1307 1856/2009/1310
f 1856/2009/1310 1890/2043/1344 1891/2042/1343
f 1890/2043/1344 1856/2009/1310 1859/2011/1312
f 1859/2011/1312 1892/2044/1345 1890/2043/1344
f 1892/2044/1345 1859/2011/1312 1861/2013/1314
f 1861/2013/1314 1893/2045/1346 1892/2044/1345
f 1893/2045/1346 1861/2013/1314 1863/2015/1316
f 1863/2015/1316 1894/2046/1347 1893/2045/1346
f 1894/2046/1347 1863/2015/1316 1865/2017/1318
f 1865/2017/1318 1895/2047/1348 1894/2046/1347
f 1895/2047/1348 1865/2017/1318 1867/2019/1320
f 1867/2019/1320 1896/2048/1349 1895/2047/1348
f 1896/2048/1349 1867/2019/1320 1869/2021/1322
f 1869/2021/1322 1897/2049/1350 1896/2048/1349
f 1897/2049/1350 1869/2021/1322 1871/2023/1324
f 1871/2023/1324 1898/2050/1351 1897/2049/1350
f 1898/2050/1351 1871/2023/1324 1873/2025/1326
f 1873/2025/1326 1899/2051/1352 1898/2050/1351
f 1899/2051/1352 1873/2025/1326 1875/2027/1328
f 1875/2027/1328 1900/2052/1353 1899/2051/1352
f 1900/2052/1353 1875/2027/1328 1877/2029/1330
f 1877/2029/1330 1901/2053/1354 1900/2052/1353
f 1901/2053/1354 1877/2029/1330 1879/2031/1332
f 1879/2031/1332 1902/2054/1355 1901/2053/1354
f 1902/2054/1355 1879/2031/1332 1881/2033/1334
f 1881/2033/1334 1903/2055/1356 1902/2054/1355
f 1903/2055/1356 1881/2033/1334 1883/2035/1336
f 1883/2035/1336 1904/2056/1357 1903/2055/1356
f 1904/2056/1357 1883/2035/1336 1845/1994/1295
f 1845/1994/1295 1885/2036/1337 1904/2056/1357
f 1906/2057/1358 1885/2036/1337 1884/2037/1338
f 1884/2037/1338 1905/2058/1359 1906/2057/1358
f 1905/2058/1359 1884/2037/1338 1886/2038/1339
f 1886/2038/1339 1907/2059/1360 1905/2058/1359
f 1907/2059/1360 1886/2038/1339 1887/2039/1340
f 1887/2039/1340 1908/2060/1361 1907/2059/1360
f 1908/2060/1361 1887/2039/1340 1888/2040/1341
f 1888/2040/1341 1909/2061/1362 1908/2060/1361
f 1909/2061/1362 1888/2040/1341 1889/2041/1342
f 1889/2041/1342 1910/2062/1363 1909/2061/1362
f 1912/2063/1364 1891/2042/1343 1890/2043/1344
f 1890/2043/1344 1911/2064/1365 1912/2063/1364
f 1911/2064/1365 1890/2043/1344 1892/2044/1345
f 1892/2044/1345 1913/2065/1366 1911/2064/1365
f 1913/2065/1366 1892/2044/1345 1893/2045/1346
f 1893/2045/1346 1914/2066/1367 1913/2065/1366
f 1914/2066/1367 1893/2045/1346 1894/2046/1347
f 1894/2046/1347 1915/2067/1368 1914/2066/1367
f 1915/2067/1368 1894/2046/1347 1895/2047/1348
f 1895/2047/1348 1916/2068/1369 1915/2067/1368
f 1916/2068/1369 1895/2047/1348 1896/2048/1349
f 1896/2048/1349 1917/2069/1370 1916/2068/1369
f 1917/2069/1370 1896/2048/1349 1897/2049/1350
f 1897/2049/1350 1918/2070/1371 1917/2069/1370
f 1918/2070/1371 1897/2049/1350 1898/2050/1351
f 1898/2050/1351 1919/2071/1372 1918/2070/1371
f 1919/2071/1372 1898/2050/1351 1899/2051/1352
f 1899/2051/1352 1920/2072/1373 1919/2071/1372
f 1920/2072/1373 1899/2051/1352 1900/2052/1353
f 1900/2052/1353 1921/2073/1374 1920/2072/1373
f 1921/2073/1374 1900/2052/1353 1901/2053/1354
f 1901/2053/1354 1922/2074/1375 1921/2073/1374
f 1922/2074/1375 1901/2053/1354 1902/2054/1355
f 1902/2054/1355 1923/2075/1376 1922/2074/1375
f 1923/2075/1376 1902/2054/1355 1903/2055/1356
f 1903/2055/1356 1924/2076/1377 1923/2075/1376
f 1924/2076/1377 1903/2055/1356 1904/2056/1357
f 1904/2056/1357 1925/2077/1378 1924/2076/1377
f 1925/2077/1378 1904/2056/1357 1885/2036/1337
f 1885/2036/1337 1906/2057/1358 1925/2077/1378
f 1929/2078/1379 1926/2079/1379 1927/2080/1380
f 1927/2080/1380 1928/2081/1380 1929/2078/1379
f 1928/2081/1380 1927/2080/1380 1930/2082/1381
f 1930/2082/1381 1931/2083/1381 1928/2081/1380
f 1931/2083/1381 1930/2082/1381 1932/2084/1382
f 1932/2084/1382 1933/2085/1382 1931/2083/1381
f 1933/2085/1382 1932/2084/1382 1934/2086/1383
f 1934/2086/1383 1935/2087/1383 1933/2085/1382
f 1935/2087/1383 1934/2086/1383 1936/2088/1384
f 1936/2088/1384 1937/2089/1384 1935/2087/1383
f 1941/2090/1385 1938/2091/1385 1939/2092/1386
f 1939/2092/1386 1940/2093/1386 1941/2090/1385
f 1940/2093/1386 1939/2092/1386 1942/2094/1387
f 1942/2094/1387 1943/2095/1387 1940/2093/1386
f 1943/2095/1387 1942/2094/1387 1944/2096/1388
f 1944/2096/1388 1945/2097/1388 1943/2095/1387
f 1945/2097/1388 1944/2096/1388 1946/2098/1389
f 1946/2098/1389 1947/2099/1389 1945/2097/1388
f 1947/2099/1389 1946/2098/1389 1948/2100/1390
f 1948/2100/1390 1949/2101/1390 1947/2099/1389
f 1949/2101/1390 1948/2100/1390 1950/2102/1391
f 1950/2102/1391 1951/2103/1391 1949/2101/1390
f 1951/2103/1391 1950/2102/1391 1952/2104/1392
f 1952/2104/1392 1953/2105/1392 1951/2103/1391
f 1953/2105/1392 1952/2104/1392 1954/2106/1393
f 1954/2106/1393 1955/2107/1393 1953/2105/1392
f 1955/2107/1393 1954/2106/1393 1956/2108/1394
f 1956/2108/1394 1957/2109/1394 1955/2107/1393
f 1957/2109/1394 1956/2108/1394 1958/2110/1395
f 1958/2110/1395 1959/2111/1395 1957/2109/1394
f 1959/2111/1395 1958/2110/1395 1960/2112/1396
f 1960/2112/1396 1961/2113/1396 1959/2111/1395
f 1961/2113/1396 1960/2112/1396 1962/2114/1397
f 1962/2114/1397 1963/2115/1397 1961/2113/1396
f 1963/2115/1397 1962/2114/1397 1964/2116/1398
f 1964/2116/1398 1965/2117/1398 1963/2115/1397
f 1965/2117/1398 1964/2116/1398 1966/2118/1399
f 1966/2118/1399 1967/2119/1399 1965/2117/1398
f 1967/2119/1399 1966/2118/1399 1926/2079/1379
f 1926/2079/1379 1929/2078/1379 1967/2119/1399
f 1971/2120/1400 1968/2121/1400 1969/2122/1401
f 1969/2122/1401 1970/2123/1401 1971/2120/1400
f 1970/2123/1401 1969/2122/1401 1972/2124/1402
f 1972/2124/1402 1973/2125/1402 1970/2123/1401
f 1973/2125/1402 1972/2124/1402 1974/2126/1403
f 1974/2126/1403 1975/2127/1403 1973/2125/1402
f 1975/2127/1403 1974/2126/1403 1976/2128/1404
f 1976/2128/1404 1977/2129/1404 1975/2127/1403
f 1977/2129/1404 1976/2128/1404 1978/2130/1405
f 1978/2130/1405 1979/2131/1405 1977/2129/1404
f 1983/2132/1406 1980/2133/1406 1981/2134/1407
f 1981/2134/1407 1982/2135/1407 1983/2132/1406
f 1982/2135/1407 1981/2134/1407 1984/2136/1408
f 1984/2136/1408 1985/2137/1408 1982/2135/1407
f 1985/2137/1408 1984/2136/1408 1986/2138/1409
f 1986/2138/1409 1987/2139/1409 1985/2137/1408
f 1987/2139/1409 1986/2138/1409 1988/2140/1410
f 1988/2140/1410 1989/2141/1410 1987/2139/1409
f 1989/2141/1410 1988/2140/1410 1990/2142/1411
f 1990/2142/1411 1991/2143/1411 1989/2141/1410
f 1991/2143/1411 1990/2142/1411 1992/2144/1412
f 1992/2144/1412 1993/2145/1412 1991/2143/1411
f 1993/2145/1412 1992/2144/1412 1994/2146/1413
f 1994/2146/1413 1995/2147/1413 1993/2145/1412
f 1995/2147/1413 1994/2146/1413 1996/2148/1414
f 1996/2148/1414 1997/2149/1414 1995/2147/1413
f 1997/2149/1414 1996/2148/1414 1998/2150/1415
f 1998/2150/1415 1999/2151/1415 1997/2149/1414
f 1999/2151/1415 1998/2150/1415 2000/2152/1416
f 2000/2152/1416 2001/2153/1416 1999/2151/1415
f 2001/2153/1416 2000/2152/1416 2002/2154/1417
f 2002/2154/1417 2003/2155/1417 2001/2153/1416
f 2003/2155/1417 2002/2154/1417 2004/2156/1418
f 2004/2156/1418 2005/2157/1418 2003/2155/1417
f 2005/2157/1418 2004/2156/1418 2006/2158/1419
f 2006/2158/1419 2007/2159/1419 2005/2157/1418
f 2007/2159/1419 2006/2158/1419 2008/2160/1420
f 2008/2160/1420 2009/2161/1420 2007/2159/1419
f 2009/2161/1420 2008/2160/1420 1968/2121/1400
f 1968/2121/1400 1971/2120/1400 2009/2161/1420
f 2055/2162/670 2052/2163/670 2053/2164/671
f 2053/2164/671 2054/2165/671 2055/2162/670
f 2054/2165/671 2053/2164/671 2056/2166/672
f 2056/2166/672 2057/2167/672 2054/2165/671
f 2057/2167/672 2056/2166/672 2058/2168/673
f 2058/2168/673 2059/2169/673 2057/2167/672
f 2059/2169/673 2058/2168/673 2060/2170/674
f 2060/2170/674 2061/2171/674 2059/2169/673
f 2061/2171/674 2060/2170/674 2062/2172/675
f 2062/2172/675 2063/2173/675 2061/2171/674
f 2067/2174/676 2064/2175/676 2065/2176/677
f 2065/2176/677 2066/2177/677 2067/2174/676
f 2066/2177/677 2065/2176/677 2068/2178/678
f 2068/2178/678 2069/2179/678 2066/2177/677
f 2069/2179/678 2068/2178/678 2070/2180/679
f 2070/2180/679 2071/2181/679 2069/2179/678
f 2071/2181/679 2070/2180/679 2072/2182/680
f 2072/2182/680 2073/2183/680 2071/2181/679
f 2073/2183/680 2072/2182/680 2074/2184/681
f 2074/2184/681 2075/2185/681 2073/2183/680
f 2075/2185/681 2074/2184/681 2076/2186/682
f 2076/2186/682 2077/2187/682 2075/2185/681
f 2077/2187/682 2076/2186/682 2078/2188/683
f 2078/2188/683 2079/2189/683 2077/2187/682
f 2079/2189/683 2078/2188/683 2080/2190/684
f 2080/2190/684 2081/2191/684 2079/2189/683
f 2081/2191/684 2080/2190/684 2082/2192/685
f 2082/2192/685 2083/2193/685 2081/2191/684
f 2083/2193/685 2082/2192/685 2084/2194/43
f 2084/2194/43 2085/2195/43 2083/2193/685
f 2085/2195/43 2084/2194/43 2086/2196/686
f 2086/2196/686 2087/2197/686 2085/2195/43
f 2087/2197/686 2086/2196/686 2088/2198/687
f 2088/2198/687 2089/2199/687 2087/2197/686
f 2089/2199/687 2088/2198/687 2090/2200/688
f 2090/2200/688 2091/2201/688 2089/2199/687
f 2091/2201/688 2090/2200/688 2092/2202/689
f 2092/2202/689 2093/2203/689 2091/2201/688
f 2093/2203/689 2092/2202/689 2052/2163/670
f 2052/2163/670 2055/2162/670 2093/2203/689
f 2117/2204/1421 2114/2205/1422 2115/2206/1423
f 2115/2206/1423 2116/2207/1424 2117/2204/1421
f 2114/2205/1422 2118/2208/1425 2119/2209/1425
f 2119/2209/1425 2115/2206/1423 2114/2205/1422
f 2118/2208/1425 2120/2210/1426 2121/2211/1426
f 2121/2211/1426 2119/2209/1425 2118/2208/1425
f 2120/2210/1426 2122/2212/1427 2123/2213/1427
f 2123/2213/1427 2121/2211/1426 2120/2210/1426
f 2122/2212/1427 2124/2214/1428 2125/2215/1428
f 2125/2215/1428 2123/2213/1427 2122/2212/1427
f 2129/2216/1429 2126/2217/1430 2127/2218/1430
f 2127/2218/1430 2128/2219/1429 2129/2216/1429
f 2126/2217/1430 2130/2220/1431 2131/2221/1431
f 2131/2221/1431 2127/2218/1430 2126/2217/1430
f 2130/2220/1431 2132/2222/1432 2133/2223/1432
f 2133/2223/1432 2131/2221/1431 2130/2220/1431
f 2132/2222/1432 2134/2224/1433 2135/2225/1433
f 2135/2225/1433 2133/2223/1432 2132/2222/1432
f 2134/2224/1433 2136/2226/1434 2137/2227/1434
f 2137/2227/1434 2135/2225/1433 2134/2224/1433
f 2136/2226/1434 2138/2228/1435 2139/2229/1435
f 2139/2229/1435 2137/2227/1434 2136/2226/1434
f 2138/2228/1435 2140/2230/1436 2141/2231/1436
f 2141/2231/1436 2139/2229/1435 2138/2228/1435
f 2140/2230/1436 2142/2232/1437 2143/2233/1437
f 2143/2233/1437 2141/2231/1436 2140/2230/1436
f 2142/2232/1437 2144/2234/1438 2145/2235/1438
f 2145/2235/1438 2143/2233/1437 2142/2232/1437
f 2144/2234/1438 2146/2236/1439 2147/2237/1439
f 2147/2237/1439 2145/2235/1438 2144/2234/1438
f 2146/2236/1439 2148/2238/1440 2149/2239/1440
f 2149/2239/1440 2147/2237/1439 2146/2236/1439
f 2148/2238/1440 2150/2240/1441 2151/2241/1441
f 2151/2241/1441 2149/2239/1440 2148/2238/1440
f 2150/2240/1441 2152/2242/1442 2153/2243/1442
f 2153/2243/1442 2151/2241/1441 2150/2240/1441
f 2152/2242/1442 2154/2244/1443 2155/2245/1443
f 2155/2245/1443 2153/2243/1442 2152/2242/1442
f 2154/2244/1443 2117/2204/1421 2116/2207/1424
f 2116/2207/1424 2155/2245/1443 2154/2244/1443
f 2159/2246/1444 2156/2247/1445 2157/2248/1446
f 2157/2248/1446 2158/2249/1447 2159/2246/1444
f 2161/2250/1448 2159/2246/1444 2158/2249/1447
f 2158/2249/1447 2160/2251/1449 2161/2250/1448
f 2163/2252/1450 2161/2250/1448 2160/2251/1449
f 2160/2251/1449 2162/2253/1451 2163/2252/1450
f 2165/2254/1452 2163/2252/1450 2162/2253/1451
f 2162/2253/1451 2164/2255/1453 2165/2254/1452
f 2169/2256/1454 2166/2257/1455 2167/2258/1456
f 2167/2258/1456 2168/2259/1457 2169/2256/1454
f 2171/2260/43 2169/2256/1454 2168/2259/1457
f 2168/2259/1457 2170/2261/1458 2171/2260/43
f 2173/2262/1459 2171/2260/43 2170/2261/1458
f 2170/2261/1458 2172/2263/1460 2173/2262/1459
f 2156/2247/1445 2173/2262/1459 2172/2263/1460
f 2172/2263/1460 2157/2248/1446 2156/2247/1445
f 2158/2249/1447 2157/2248/1446 2174/2264/1461
f 2174/2264/1461 2175/2265/1462 2158/2249/1447
f 2160/2251/1449 2158/2249/1447 2175/2265/1462
f 2175/2265/1462 2176/2266/1463 2160/2251/1449
f 2162/2253/1451 2160/2251/1449 2176/2266/1463
f 2176/2266/1463 2177/2267/1464 2162/2253/1451
f 2164/2255/1453 2162/2253/1451 2177/2267/1464
f 2177/2267/1464 2178/2268/1465 2164/2255/1453
f 2168/2259/1457 2167/2258/1456 2179/2269/1466
f 2179/2269/1466 2180/2270/1467 2168/2259/1457
f 2170/2261/1458 2168/2259/1457 2180/2270/1467
f 2180/2270/1467 2181/2271/1468 2170/2261/1458
f 2172/2263/1460 2170/2261/1458 2181/2271/1468
f 2181/2271/1468 2182/2272/1469 2172/2263/1460
f 2157/2248/1446 2172/2263/1460 2182/2272/1469
f 2182/2272/1469 2174/2264/1461 2157/2248/1446
f 2175/2265/1462 2174/2264/1461 2183/2273/1470
f 2183/2273/1470 2184/2274/1471 2175/2265/1462
f 2176/2266/1463 2175/2265/1462 2184/2274/1471
f 2184/2274/1471 2185/2275/1472 2176/2266/1463
f 2177/2267/1464 2176/2266/1463 2185/2275/1472
f 2185/2275/1472 2186/2276/1473 2177/2267/1464
f 2178/2268/1465 2177/2267/1464 2186/2276/1473
f 2186/2276/1473 2187/2277/1474 2178/2268/1465
f 2180/2270/1467 2179/2269/1466 2188/2278/1475
f 2188/2278/1475 2189/2279/1476 2180/2270/1467
f 2181/2271/1468 2180/2270/1467 2189/2279/1476
f 2189/2279/1476 2190/2280/1477 2181/2271/1468
f 2182/2272/1469 2181/2271/1468 2190/2280/1477
f 2190/2280/1477 2191/2281/1478 2182/2272/1469
f 2174/2264/1461 2182/2272/1469 2191/2281/1478
f 2191/2281/1478 2183/2273/1470 2174/2264/1461
f 2184/2274/1471 2183/2273/1470 2192/2282/1479
f 2192/2282/1479 2193/2283/1480 2184/2274/1471
f 2185/2275/1472 2184/2274/1471 2193/2283/1480
f 2193/2283/1480 2194/2284/1481 2185/2275/1472
f 2186/2276/1473 2185/2275/1472 2194/2284/1481
f 2194/2284/1481 2195/2285/1482 2186/2276/1473
f 2187/2277/1474 2186/2276/1473 2195/2285/1482
f 2195/2285/1482 2196/2286/1483 2187/2277/1474
f 2189/2279/1476 2188/2278/1475 2197/2287/1484
f 2197/2287/1484 2198/2288/1485 2189/2279/1476
f 2190/2280/1477 2189/2279/1476 2198/2288/1485
f 2198/2288/1485 2199/2289/1486 2190/2280/1477
f 2191/2281/1478 2190/2280/1477 2199/2289/1486
f 2199/2289/1486 2200/2290/1487 2191/2281/1478
f 2183/2273/1470 2191/2281/1478 2200/2290/1487
f 2200/2290/1487 2192/2282/1479 2183/2273/1470
f 2193/2283/1480 2192/2282/1479 2201/2291/1488
f 2201/2291/1488 2202/2292/1489 2193/2283/1480
f 2194/2284/1481 2193/2283/1480 2202/2292/1489
f 2202/2292/1489 2203/2293/1490 2194/2284/1481
f 2195/2285/1482 2194/2284/1481 2203/2293/1490
f 2203/2293/1490 2204/2294/1491 2195/2285/1482
f 2196/2286/1483 2195/2285/1482 2204/2294/1491
f 2204/2294/1491 2205/2295/1492 2196/2286/1483
f 2198/2288/1485 2197/2287/1484 2206/2296/1493
f 2206/2296/1493 2207/2297/1494 2198/2288/1485
f 2199/2289/1486 2198/2288/1485 2207/2297/1494
f 2207/2297/1494 2208/2298/1495 2199/2289/1486
f 2200/2290/1487 2199/2289/1486 2208/2298/1495
f 2208/2298/1495 2209/2299/1496 2200/2290/1487
f 2192/2282/1479 2200/2290/1487 2209/2299/1496
f 2209/2299/1496 2201/2291/1488 2192/2282/1479
f 2202/2292/1489 2201/2291/1488 2210/2300/1497
f 2210/2300/1497 2211/2301/1498 2202/2292/1489
f 2203/2293/1490 2202/2292/1489 2211/2301/1498
f 2211/2301/1498 2212/2302/1499 2203/2293/1490
f 2204/2294/1491 2203/2293/1490 2212/2302/1499
f 2212/2302/1499 2213/2303/1500 2204/2294/1491
f 2205/2295/1492 2204/2294/1491 2213/2303/1500
f 2213/2303/1500 2214/2304/1501 2205/2295/1492
f 2207/2297/1494 2206/2296/1493 2215/2305/1502
f 2215/2305/1502 2216/2306/1503 2207/2297/1494
f 2208/2298/1495 2207/2297/1494 2216/2306/1503
f 2216/2306/1503 2217/2307/1504 2208/2298/1495
f 2209/2299/1496 2208/2298/1495 2217/2307/1504
f 2217/2307/1504 2218/2308/1505 2209/2299/1496
f 2201/2291/1488 2209/2299/1496 2218/2308/1505
f 2218/2308/1505 2210/2300/1497 2201/2291/1488
f 2211/2301/1498 2210/2300/1497 2219/2309/1506
f 2219/2309/1506 2220/2310/1507 2211/2301/1498
f 2212/2302/1499 2211/2301/1498 2220/2310/1507
f 2220/2310/1507 2221/2311/1508 2212/2302/1499
f 2213/2303/1500 2212/2302/1499 2221/2311/1508
f 2221/2311/1508 2222/2312/1509 2213/2303/1500
f 2214/2304/1501 2213/2303/1500 2222/2312/1509
f 2222/2312/1509 2223/2313/1510 2214/2304/1501
f 2216/2306/1503 2215/2305/1502 2224/2314/1511
f 2224/2314/1511 2225/2315/1512 2216/2306/1503
f 2217/2307/1504 2216/2306/1503 2225/2315/1512
f 2225/2315/1512 2226/2316/1513 2217/2307/1504
f 2218/2308/1505 2217/2307/1504 2226/2316/1513
f 2226/2316/1513 2227/2317/1514 2218/2308/1505
f 2210/2300/1497 2218/2308/1505 2227/2317/1514
f 2227/2317/1514 2219/2309/1506 2210/2300/1497
f 2220/2310/1507 2219/2309/1506 2228/2318/1515
f 2228/2318/1515 2229/2319/1516 2220/2310/1507
f 2221/2311/1508 2220/2310/1507 2229/2319/1516
f 2229/2319/1516 2230/2320/1517 2221/2311/1508
f 2222/2312/1509 2221/2311/1508 2230/2320/1517
f 2230/2320/1517 2231/2321/1518 2222/2312/1509
f 2223/2313/1510 2222/2312/1509 2231/2321/1518
f 2231/2321/1518 2232/2322/1519 2223/2313/1510
f 2225/2315/1512 2224/2314/1511 2233/2323/1520
f 2233/2323/1520 2234/2324/1521 2225/2315/1512
f 2226/2316/1513 2225/2315/1512 2234/2324/1521
f 2234/2324/1521 2235/2325/1522 2226/2316/1513
f 2227/2317/1514 2226/2316/1513 2235/2325/1522
f 2235/2325/1522 2236/2326/1523 2227/2317/1514
f 2219/2309/1506 2227/2317/1514 2236/2326/1523
f 2236/2326/1523 2228/2318/1515 2219/2309/1506
f 2229/2319/1516 2228/2318/1515 2237/2327/1524
f 2237/2327/1524 2238/2328/1525 2229/2319/1516
f 2230/2320/1517 2229/2319/1516 2238/2328/1525
f 2238/2328/1525 2239/2329/1526 2230/2320/1517
f 2231/2321/1518 2230/2320/1517 2239/2329/1526
f 2239/2329/1526 2240/2330/1527 2231/2321/1518
f 2232/2322/1519 2231/2321/1518 2240/2330/1527
f 2240/2330/1527 2241/2331/1528 2232/2322/1519
f 2234/2324/1521 2233/2323/1520 2242/2332/1529
f 2242/2332/1529 2243/2333/1530 2234/2324/1521
f 2235/2325/1522 2234/2324/1521 2243/2333/1530
f 2243/2333/1530 2244/2334/1531 2235/2325/1522
f 2236/2326/1523 2235/2325/1522 2244/2334/1531
f 2244/2334/1531 2245/2335/1532 2236/2326/1523
f 2228/2318/1515 2236/2326/1523 2245/2335/1532
f 2245/2335/1532 2237/2327/1524 2228/2318/1515
f 2238/2328/1525 2237/2327/1524 2246/2336/1533
f 2246/2336/1533 2247/2337/1534 2238/2328/1525
f 2239/2329/1526 2238/2328/1525 2247/2337/1534
f 2247/2337/1534 2248/2338/1535 2239/2329/1526
f 2240/2330/1527 2239/2329/1526 2248/2338/1535
f 2248/2338/1535 2249/2339/1536 2240/2330/1527
f 2241/2331/1528 2240/2330/1527 2249/2339/1536
f 2249/2339/1536 2250/2340/1537 2241/2331/1528
f 2243/2333/1530 2242/2332/1529 2251/2341/1538
f 2251/2341/1538 2252/2342/1539 2243/2333/1530
f 2244/2334/1531 2243/2333/1530 2252/2342/1539
f 2252/2342/1539 2253/2343/1540 2244/2334/1531
f 2245/2335/1532 2244/2334/1531 2253/2343/1540
f 2253/2343/1540 2254/2344/1541 2245/2335/1532
f 2237/2327/1524 2245/2335/1532 2254/2344/1541
f 2254/2344/1541 2246/2336/1533 2237/2327/1524
f 2247/2337/1534 2246/2336/1533 2255/2345/1542
f 2255/2345/1542 2256/2346/1543 2247/2337/1534
f 2248/2338/1535 2247/2337/1534 2256/2346/1543
f 2256/2346/1543 2257/2347/1544 2248/2338/1535
f 2249/2339/1536 2248/2338/1535 2257/2347/1544
f 2257/2347/1544 2258/2348/1545 2249/2339/1536
f 2250/2340/1537 2249/2339/1536 2258/2348/1545
f 2258/2348/1545 2259/2349/1546 2250/2340/1537
f 2252/2342/1539 2251/2341/1538 2260/2350/1547
f 2260/2350/1547 2261/2351/1548 2252/2342/1539
f 2253/2343/1540 2252/2342/1539 2261/2351/1548
f 2261/2351/1548 2262/2352/1549 2253/2343/1540
f 2254/2344/1541 2253/2343/1540 2262/2352/1549
f 2262/2352/1549 2263/2353/1550 2254/2344/1541
f 2246/2336/1533 2254/2344/1541 2263/2353/1550
f 2263/2353/1550 2255/2345/1542 2246/2336/1533
f 2256/2346/1543 2255/2345/1542 2264/2354/1551
f 2264/2354/1551 2265/2355/1552 2256/2346/1543
f 2257/2347/1544 2256/2346/1543 2265/2355/1552
f 2265/2355/1552 2266/2356/1553 2257/2347/1544
f 2258/2348/1545 2257/2347/1544 2266/2356/1553
f 2266/2356/1553 2267/2357/1554 2258/2348/1545
f 2259/2349/1546 2258/2348/1545 2267/2357/1554
f 2267/2357/1554 2268/2358/1555 2259/2349/1546
f 2261/2351/1548 2260/2350/1547 2269/2359/1556
f 2269/2359/1556 2270/2360/1557 2261/2351/1548
f 2262/2352/1549 2261/2351/1548 2270/2360/1557
f 2270/2360/1557 2271/2361/1558 2262/2352/1549
f 2263/2353/1550 2262/2352/1549 2271/2361/1558
f 2271/2361/1558 2272/2362/1559 2263/2353/1550
f 2255/2345/1542 2263/2353/1550 2272/2362/1559
f 2272/2362/1559 2264/2354/1551 2255/2345/1542
f 2276/2363/1560 2273/2364/1561 2274/2365/1562
f 2274/2365/1562 2275/2366/1563 2276/2363/1560
f 2275/2366/1563 2274/2365/1562 2277/2367/1448
f 2277/2367/1448 2278/2368/1564 2275/2366/1563
f 2278/2368/1564 2277/2367/1448 2279/2369/1565
f 2279/2369/1565 2280/2370/1566 2278/2368/1564
f 2280/2370/1566 2279/2369/1565 2281/2371/1567
f 2281/2371/1567 2282/2372/1568 2280/2370/1566
f 2286/2373/1569 2283/2374/1570 2284/2375/1571
f 2284/2375/1571 2285/2376/1572 2286/2373/1569
f 2285/2376/1572 2284/2375/1571 2287/2377/43
f 2287/2377/43 2288/2378/1573 2285/2376/1572
f 2288/2378/1573 2287/2377/43 2289/2379/1574
f 2289/2379/1574 2290/2380/1575 2288/2378/1573
f 2290/2380/1575 2289/2379/1574 2273/2364/1561
f 2273/2364/1561 2276/2363/1560 2290/2380/1575
f 2292/2381/1576 2276/2363/1560 2275/2366/1563
f 2275/2366/1563 2291/2382/1577 2292/2381/1576
f 2291/2382/1577 2275/2366/1563 2278/2368/1564
f 2278/2368/1564 2293/2383/1578 2291/2382/1577
f 2293/2383/1578 2278/2368/1564 2280/2370/1566
f 2280/2370/1566 2294/2384/1579 2293/2383/1578
f 2294/2384/1579 2280/2370/1566 2282/2372/1568
f 2282/2372/1568 2295/2385/1580 2294/2384/1579
f 2297/2386/1581 2286/2373/1569 2285/2376/1572
f 2285/2376/1572 2296/2387/1582 2297/2386/1581
f 2296/2387/1582 2285/2376/1572 2288/2378/1573
f 2288/2378/1573 2298/2388/1583 2296/2387/1582
f 2298/2388/1583 2288/2378/1573 2290/2380/1575
f 2290/2380/1575 2299/2389/1584 2298/2388/1583
f 2299/2389/1584 2290/2380/1575 2276/2363/1560
f 2276/2363/1560 2292/2381/1576 2299/2389/1584
f 2301/2390/1585 2292/2381/1576 2291/2382/1577
f 2291/2382/1577 2300/2391/1586 2301/2390/1585
f 2300/2391/1586 2291/2382/1577 2293/2383/1578
f 2293/2383/1578 2302/2392/1587 2300/2391/1586
f 2302/2392/1587 2293/2383/1578 2294/2384/1579
f 2294/2384/1579 2303/2393/1588 2302/2392/1587
f 2303/2393/1588 2294/2384/1579 2295/2385/1580
f 2295/2385/1580 2304/2394/1589 2303/2393/1588
f 2306/2395/1590 2297/2386/1581 2296/2387/1582
f 2296/2387/1582 2305/2396/1591 2306/2395/1590
f 2305/2396/1591 2296/2387/1582 2298/2388/1583
f 2298/2388/1583 2307/2397/1592 2305/2396/1591
f 2307/2397/1592 2298/2388/1583 2299/2389/1584
f 2299/2389/1584 2308/2398/1593 2307/2397/1592
f 2308/2398/1593 2299/2389/1584 2292/2381/1576
f 2292/2381/1576 2301/2390/1585 2308/2398/1593
f 2310/2399/1594 2301/2390/1585 2300/2391/1586
f 2300/2391/1586 2309/2400/1595 2310/2399/1594
f 2309/2400/1595 2300/2391/1586 2302/2392/1587
f 2302/2392/1587 2311/2401/1596 2309/2400/1595
f 2311/2401/1596 2302/2392/1587 2303/2393/1588
f 2303/2393/1588 2312/2402/1597 2311/2401/1596
f 2312/2402/1597 2303/2393/1588 2304/2394/1589
f 2304/2394/1589 2313/2403/1598 2312/2402/1597
f 2315/2404/1599 2306/2395/1590 2305/2396/1591
f 2305/2396/1591 2314/2405/1600 2315/2404/1599
f 2314/2405/1600 2305/2396/1591 2307/2397/1592
f 2307/2397/1592 2316/2406/1601 2314/2405/1600
f 2316/2406/1601 2307/2397/1592 2308/2398/1593
f 2308/2398/1593 2317/2407/1602 2316/2406/1601
f 2317/2407/1602 2308/2398/1593 2301/2390/1585
f 2301/2390/1585 2310/2399/1594 2317/2407/1602
f 2319/2408/1603 2310/2399/1594 2309/2400/1595
f 2309/2400/1595 2318/2409/1604 2319/2408/1603
f 2318/2409/1604 2309/2400/1595 2311/2401/1596
f 2311/2401/1596 2320/2410/1605 2318/2409/1604
f 2320/2410/1605 2311/2401/1596 2312/2402/1597
f 2312/2402/1597 2321/2411/1606 2320/2410/1605
f 2321/2411/1606 2312/2402/1597 2313/2403/1598
f 2313/2403/1598 2322/2412/1607 2321/2411/1606
f 2324/2413/1608 2315/2404/1599 2314/2405/1600
f 2314/2405/1600 2323/2414/1609 2324/2413/1608
f 2323/2414/1609 2314/2405/1600 2316/2406/1601
f 2316/2406/1601 2325/2415/1610 2323/2414/1609
f 2325/2415/1610 2316/2406/1601 2317/2407/1602
f 2317/2407/1602 2326/2416/1611 2325/2415/1610
f 2326/2416/1611 2317/2407/1602 2310/2399/1594
f 2310/2399/1594 2319/2408/1603 2326/2416/1611
f 2328/2417/1612 2319/2408/1603 2318/2409/1604
f 2318/2409/1604 2327/2418/1613 2328/2417/1612
f 2327/2418/1613 2318/2409/1604 2320/2410/1605
f 2320/2410/1605 2329/2419/1614 2327/2418/1613
f 2329/2419/1614 2320/2410/1605 2321/2411/1606
f 2321/2411/1606 2330/2420/1615 2329/2419/1614
f 2330/2420/1615 2321/2411/1606 2322/2412/1607
f 2322/2412/1607 2331/2421/1616 2330/2420/1615
f 2333/2422/1617 2324/2413/1608 2323/2414/1609
f 2323/2414/1609 2332/2423/1618 2333/2422/1617
f 2332/2423/1618 2323/2414/1609 2325/2415/1610
f 2325/2415/1610 2334/2424/1619 2332/2423/1618
f 2334/2424/1619 2325/2415/1610 2326/2416/1611
f 2326/2416/1611 2335/2425/1620 2334/2424/1619
f 2335/2425/1620 2326/2416/1611 2319/2408/1603
f 2319/2408/1603 2328/2417/1612 2335/2425/1620
f 2337/2426/1621 2328/2417/1612 2327/2418/1613
f 2327/2418/1613 2336/2427/1622 2337/2426/1621
f 2336/2427/1622 2327/2418/1613 2329/2419/1614
f 2329/2419/1614 2338/2428/1623 2336/2427/1622
f 2338/2428/1623 2329/2419/1614 2330/2420/1615
f 2330/2420/1615 2339/2429/1624 2338/2428/1623
f 2339/2429/1624 2330/2420/1615 2331/2421/1616
f 2331/2421/1616 2340/2430/1625 2339/2429/1624
f 2342/2431/1626 2333/2422/1617 2332/2423/1618
f 2332/2423/1618 2341/2432/1627 2342/2431/1626
f 2341/2432/1627 2332/2423/1618 2334/2424/1619
f 2334/2424/1619 2343/2433/1628 2341/2432/1627
f 2343/2433/1628 2334/2424/1619 2335/2425/1620
f 2335/2425/1620 2344/2434/1629 2343/2433/1628
f 2344/2434/1629 2335/2425/1620 2328/2417/1612
f 2328/2417/1612 2337/2426/1621 2344/2434/1629
f 2346/2435/1630 2337/2426/1621 2336/2427/1622
f 2336/2427/1622 2345/2436/1631 2346/2435/1630
f 2345/2436/1631 2336/2427/1622 2338/2428/1623
f 2338/2428/1623 2347/2437/1632 2345/2436/1631
f 2347/2437/1632 2338/2428/1623 2339/2429/1624
f 2339/2429/1624 2348/2438/1633 2347/2437/1632
f 2348/2438/1633 2339/2429/1624 2340/2430/1625
f 2340/2430/1625 2349/2439/1634 2348/2438/1633
f 2351/2440/1635 2342/2431/1626 2341/2432/1627
f 2341/2432/1627 2350/2441/1636 2351/2440/1635
f 2350/2441/1636 2341/2432/1627 2343/2433/1628
f 2343/2433/1628 2352/2442/1637 2350/2441/1636
f 2352/2442/1637 2343/2433/1628 2344/2434/1629
f 2344/2434/1629 2353/2443/1638 2352/2442/1637
f 2353/2443/1638 2344/2434/1629 2337/2426/1621
f 2337/2426/1621 2346/2435/1630 2353/2443/1638
f 2355/2444/1639 2346/2435/1630 2345/2436/1631
f 2345/2436/1631 2354/2445/1640 2355/2444/1639
f 2354/2445/1640 2345/2436/1631 2347/2437/1632
f 2347/2437/1632 2356/2446/1641 2354/2445/1640
f 2356/2446/1641 2347/2437/1632 2348/2438/1633
f 2348/2438/1633 2357/2447/1642 2356/2446/1641
f 2357/2447/1642 2348/2438/1633 2349/2439/1634
f 2349/2439/1634 2358/2448/1643 2357/2447/1642
f 2360/2449/1644 2351/2440/1635 2350/2441/1636
f 2350/2441/1636 2359/2450/1645 2360/2449/1644
f 2359/2450/1645 2350/2441/1636 2352/2442/1637
f 2352/2442/1637 2361/2451/1646 2359/2450/1645
f 2361/2451/1646 2352/2442/1637 2353/2443/1638
f 2353/2443/1638 2362/2452/1647 2361/2451/1646
f 2362/2452/1647 2353/2443/1638 2346/2435/1630
f 2346/2435/1630 2355/2444/1639 2362/2452/1647
f 2364/2453/1648 2355/2444/1639 2354/2445/1640
f 2354/2445/1640 2363/2454/1649 2364/2453/1648
f 2363/2454/1649 2354/2445/1640 2356/2446/1641
f 2356/2446/1641 2365/2455/1650 2363/2454/1649
f 2365/2455/1650 2356/2446/1641 2357/2447/1642
f 2357/2447/1642 2366/2456/1651 2365/2455/1650
f 2366/2456/1651 2357/2447/1642 2358/2448/1643
f 2358/2448/1643 2367/2457/1652 2366/2456/1651
f 2369/2458/1653 2360/2449/1644 2359/2450/1645
f 2359/2450/1645 2368/2459/1654 2369/2458/1653
f 2368/2459/1654 2359/2450/1645 2361/2451/1646
f 2361/2451/1646 2370/2460/1655 2368/2459/1654
f 2370/2460/1655 2361/2451/1646 2362/2452/1647
f 2362/2452/1647 2371/2461/1656 2370/2460/1655
f 2371/2461/1656 2362/2452/1647 2355/2444/1639
f 2355/2444/1639 2364/2453/1648 2371/2461/1656
f 2373/2462/1657 2364/2453/1648 2363/2454/1649
f 2363/2454/1649 2372/2463/1658 2373/2462/1657
f 2372/2463/1658 2363/2454/1649 2365/2455/1650
f 2365/2455/1650 2374/2464/1659 2372/2463/1658
f 2374/2464/1659 2365/2455/1650 2366/2456/1651
f 2366/2456/1651 2375/2465/1660 2374/2464/1659
f 2375/2465/1660 2366/2456/1651 2367/2457/1652
f 2367/2457/1652 2376/2466/1661 2375/2465/1660
f 2378/2467/1662 2369/2458/1653 2368/2459/1654
f 2368/2459/1654 2377/2468/1663 2378/2467/1662
f 2377/2468/1663 2368/2459/1654 2370/2460/1655
f 2370/2460/1655 2379/2469/1664 2377/2468/1663
f 2379/2469/1664 2370/2460/1655 2371/2461/1656
f 2371/2461/1656 2380/2470/1665 2379/2469/1664
f 2380/2470/1665 2371/2461/1656 2364/2453/1648
f 2364/2453/1648 2373/2462/1657 2380/2470/1665
f 2382/2471/1666 2373/2462/1657 2372/2463/1658
f 2372/2463/1658 2381/2472/1667 2382/2471/1666
f 2381/2472/1667 2372/2463/1658 2374/2464/1659
f 2374/2464/1659 2383/2473/1668 2381/2472/1667
f 2383/2473/1668 2374/2464/1659 2375/2465/1660
f 2375/2465/1660 2384/2474/1669 2383/2473/1668
f 2384/2474/1669 2375/2465/1660 2376/2466/1661
f 2376/2466/1661 2385/2475/1670 2384/2474/1669
f 2387/2476/1671 2378/2467/1662 2377/2468/1663
f 2377/2468/1663 2386/2477/1672 2387/2476/1671
f 2386/2477/1672 2377/2468/1663 2379/2469/1664
f 2379/2469/1664 2388/2478/1673 2386/2477/1672
f 2388/2478/1673 2379/2469/1664 2380/2470/1665
f 2380/2470/1665 2389/2479/1674 2388/2478/1673
f 2389/2479/1674 2380/2470/1665 2373/2462/1657
f 2373/2462/1657 2382/2471/1666 2389/2479/1674
f 2264/2354/1551 2382/2471/1666 2381/2472/1667
f 2381/2472/1667 2265/2355/1552 2264/2354/1551
f 2265/2355/1552 2381/2472/1667 2383/2473/1668
f 2383/2473/1668 2266/2356/1553 2265/2355/1552
f 2266/2356/1553 2383/2473/1668 2384/2474/1669
f 2384/2474/1669 2267/2357/1554 2266/2356/1553
f 2267/2357/1554 2384/2474/1669 2385/2475/1670
f 2385/2475/1670 2268/2358/1555 2267/2357/1554
f 2269/2359/1556 2387/2476/1671 2386/2477/1672
f 2386/2477/1672 2270/2360/1557 2269/2359/1556
f 2270/2360/1557 2386/2477/1672 2388/2478/1673
f 2388/2478/1673 2271/2361/1558 2270/2360/1557
f 2271/2361/1558 2388/2478/1673 2389/2479/1674
f 2389/2479/1674 2272/2362/1559 2271/2361/1558
f 2272/2362/1559 2389/2479/1674 2382/2471/1666
f 2382/2471/1666 2264/2354/1551 2272/2362/1559
f 2393/2480/1675 2390/2481/1676 2391/2482/1677
f 2391/2482/1677 2392/2483/1678 2393/2480/1675
f 2395/2484/1679 2393/2480/1675 2392/2483/1678
f 2392/2483/1678 2394/2485/1680 2395/2484/1679
f 2397/2486/1681 2395/2484/1679 2394/2485/1680
f 2394/2485/1680 2396/2487/1682 2397/2486/1681
f 2399/2488/1683 2397/2486/1681 2396/2487/1682
f 2396/2487/1682 2398/2489/1684 2399/2488/1683
f 2403/2490/1685 2400/2491/1686 2401/2492/1687
f 2401/2492/1687 2402/2493/1688 2403/2490/1685
f 2405/2494/1689 2403/2490/1685 2402/2493/1688
f 2402/2493/1688 2404/2495/1690 2405/2494/1689
f 2407/2496/1691 2405/2494/1689 2404/2495/1690
f 2404/2495/1690 2406/2497/1692 2407/2496/1691
f 2390/2481/1676 2407/2496/1691 2406/2497/1692
f 2406/2497/1692 2391/2482/1677 2390/2481/1676
f 2392/2483/1678 2391/2482/1677 2408/2498/1693
f 2408/2498/1693 2409/2499/1694 2392/2483/1678
f 2394/2485/1680 2392/2483/1678 2409/2499/1694
f 2409/2499/1694 2410/2500/1695 2394/2485/1680
f 2396/2487/1682 2394/2485/1680 2410/2500/1695
f 2410/2500/1695 2411/2501/1696 2396/2487/1682
f 2398/2489/1684 2396/2487/1682 2411/2501/1696
f 2411/2501/1696 2412/2502/1697 2398/2489/1684
f 2402/2493/1688 2401/2492/1687 2413/2503/1698
f 2413/2503/1698 2414/2504/1699 2402/2493/1688
f 2404/2495/1690 2402/2493/1688 2414/2504/1699
f 2414/2504/1699 2415/2505/1700 2404/2495/1690
f 2406/2497/1692 2404/2495/1690 2415/2505/1700
f 2415/2505/1700 2416/2506/1701 2406/2497/1692
f 2391/2482/1677 2406/2497/1692 2416/2506/1701
f 2416/2506/1701 2408/2498/1693 2391/2482/1677
f 2409/2499/1694 2408/2498/1693 2417/2507/1702
f 2417/2507/1702 2418/2508/1703 2409/2499/1694
f 2410/2500/1695 2409/2499/1694 2418/2508/1703
f 2418/2508/1703 2419/2509/1704 2410/2500/1695
f 2411/2501/1696 2410/2500/1695 2419/2509/1704
f 2419/2509/1704 2420/2510/1705 2411/2501/1696
f 2412/2502/1697 2411/2501/1696 2420/2510/1705
f 2420/2510/1705 2421/2511/1706 2412/2502/1697
f 2414/2504/1699 2413/2503/1698 2422/2512/1707
f 2422/2512/1707 2423/2513/1708 2414/2504/1699
f 2415/2505/1700 2414/2504/1699 2423/2513/1708
f 2423/2513/1708 2424/2514/1709 2415/2505/1700
f 2416/2506/1701 2415/2505/1700 2424/2514/1709
f 2424/2514/1709 2425/2515/1710 2416/2506/1701
f 2408/2498/1693 2416/2506/1701 2425/2515/1710
f 2425/2515/1710 2417/2507/1702 2408/2498/1693
f 2418/2508/1703 2417/2507/1702 2426/2516/1711
f 2426/2516/1711 2427/2517/1712 2418/2508/1703
f 2419/2509/1704 2418/2508/1703 2427/2517/1712
f 2427/2517/1712 2428/2518/1713 2419/2509/1704
f 2420/2510/1705 2419/2509/1704 2428/2518/1713
f 2428/2518/1713 2429/2519/1714 2420/2510/1705
f 2421/2511/1706 2420/2510/1705 2429/2519/1714
f 2429/2519/1714 2430/2520/1715 2421/2511/1706
f 2423/2513/1708 2422/2512/1707 2431/2521/1716
f 2431/2521/1716 2432/2522/1717 2423/2513/1708
f 2424/2514/1709 2423/2513/1708 2432/2522/1717
f 2432/2522/1717 2433/2523/1718 2424/2514/1709
f 2425/2515/1710 2424/2514/1709 2433/2523/1718
f 2433/2523/1718 2434/2524/1719 2425/2515/1710
f 2417/2507/1702 2425/2515/1710 2434/2524/1719
f 2434/2524/1719 2426/2516/1711 2417/2507/1702
f 2427/2517/1712 2426/2516/1711 2435/2525/1720
f 2435/2525/1720 2436/2526/1721 2427/2517/1712
f 2428/2518/1713 2427/2517/1712 2436/2526/1721
f 2436/2526/1721 2437/2527/1722 2428/2518/1713
f 2429/2519/1714 2428/2518/1713 2437/2527/1722
f 2437/2527/1722 2438/2528/1723 2429/2519/1714
f 2430/2520/1715 2429/2519/1714 2438/2528/1723
f 2438/2528/1723 2439/2529/1724 2430/2520/1715
f 2432/2522/1717 2431/2521/1716 2440/2530/1725
f 2440/2530/1725 2441/2531/1726 2432/2522/1717
f 2433/2523/1718 2432/2522/1717 2441/2531/1726
f 2441/2531/1726 2442/2532/1727 2433/2523/1718
f 2434/2524/1719 2433/2523/1718 2442/2532/1727
f 2442/2532/1727 2443/2533/1728 2434/2524/1719
f 2426/2516/1711 2434/2524/1719 2443/2533/1728
f 2443/2533/1728 2435/2525/1720 2426/2516/1711
f 2447/2534/1729 2444/2535/1730 2445/2536/1731
f 2445/2536/1731 2446/2537/1732 2447/2534/1729
f 2449/2538/1733 2447/2534/1729 2446/2537/1732
f 2446/2537/1732 2448/2539/1734 2449/2538/1733
f 2451/2540/1735 2449/2538/1733 2448/2539/1734
f 2448/2539/1734 2450/2541/1736 2451/2540/1735
f 2453/2542/1737 2451/2540/1735 2450/2541/1736
f 2450/2541/1736 2452/2543/1738 2453/2542/1737
f 2457/2544/1739 2454/2545/1740 2455/2546/1741
f 2455/2546/1741 2456/2547/1742 2457/2544/1739
f 2459/2548/1743 2457/2544/1739 2456/2547/1742
f 2456/2547/1742 2458/2549/1744 2459/2548/1743
f 2461/2550/1745 2459/2548/1743 2458/2549/1744
f 2458/2549/1744 2460/2551/1746 2461/2550/1745
f 2444/2535/1730 2461/2550/1745 2460/2551/1746
f 2460/2551/1746 2445/2536/1731 2444/2535/1730
f 2446/2537/1732 2445/2536/1731 2462/2552/1747
f 2462/2552/1747 2463/2553/1748 2446/2537/1732
f 2448/2539/1734 2446/2537/1732 2463/2553/1748
f 2463/2553/1748 2464/2554/1749 2448/2539/1734
f 2450/2541/1736 2448/2539/1734 2464/2554/1749
f 2464/2554/1749 2465/2555/1750 2450/2541/1736
f 2452/2543/1738 2450/2541/1736 2465/2555/1750
f 2465/2555/1750 2466/2556/1751 2452/2543/1738
f 2456/2547/1742 2455/2546/1741 2467/2557/1752
f 2467/2557/1752 2468/2558/1753 2456/2547/1742
f 2458/2549/1744 2456/2547/1742 2468/2558/1753
f 2468/2558/1753 2469/2559/1754 2458/2549/1744
f 2460/2551/1746 2458/2549/1744 2469/2559/1754
f 2469/2559/1754 2470/2560/1755 2460/2551/1746
f 2445/2536/1731 2460/2551/1746 2470/2560/1755
f 2470/2560/1755 2462/2552/1747 2445/2536/1731
f 2463/2553/1748 2462/2552/1747 2471/2561/1756
f 2471/2561/1756 2472/2562/1757 2463/2553/1748
f 2464/2554/1749 2463/2553/1748 2472/2562/1757
f 2472/2562/1757 2473/2563/1758 2464/2554/1749
f 2465/2555/1750 2464/2554/1749 2473/2563/1758
f 2473/2563/1758 2474/2564/1759 2465/2555/1750
f 2466/2556/1751 2465/2555/1750 2474/2564/1759
f 2474/2564/1759 2475/2565/1760 2466/2556/1751
f 2468/2558/1753 2467/2557/1752 2476/2566/1761
f 2476/2566/1761 2477/2567/1762 2468/2558/1753
f 2469/2559/1754 2468/2558/1753 2477/2567/1762
f 2477/2567/1762 2478/2568/1763 2469/2559/1754
f 2470/2560/1755 2469/2559/1754 2478/2568/1763
f 2478/2568/1763 2479/2569/1764 2470/2560/1755
f 2462/2552/1747 2470/2560/1755 2479/2569/1764
f 2479/2569/1764 2471/2561/1756 2462/2552/1747
f 2472/2562/1757 2471/2561/1756 2480/2570/1765
f 2480/2570/1765 2481/2571/1766 2472/2562/1757
f 2473/2563/1758 2472/2562/1757 2481/2571/1766
f 2481/2571/1766 2482/2572/1767 2473/2563/1758
f 2474/2564/1759 2473/2563/1758 2482/2572/1767
f 2482/2572/1767 2483/2573/1768 2474/2564/1759
f 2475/2565/1760 2474/2564/1759 2483/2573/1768
f 2483/2573/1768 2484/2574/1769 2475/2565/1760
f 2477/2567/1762 2476/2566/1761 2485/2575/1770
f 2485/2575/1770 2486/2576/1771 2477/2567/1762
f 2478/2568/1763 2477/2567/1762 2486/2576/1771
f 2486/2576/1771 2487/2577/1772 2478/2568/1763
f 2479/2569/1764 2478/2568/1763 2487/2577/1772
f 2487/2577/1772 2488/2578/1773 2479/2569/1764
f 2471/2561/1756 2479/2569/1764 2488/2578/1773
f 2488/2578/1773 2480/2570/1765 2471/2561/1756
f 2492/2579/1774 2489/2580/1775 2490/2581/1776
f 2490/2581/1776 2491/2582/1777 2492/2579/1774
f 2491/2582/1777 2490/2581/1776 2493/2583/1778
f 2493/2583/1778 2494/2584/1779 2491/2582/1777
f 2494/2584/1779 2493/2583/1778 2495/2585/1780
f 2495/2585/1780 2496/2586/1781 2494/2584/1779
f 2496/2586/1781 2495/2585/1780 2497/2587/1782
f 2497/2587/1782 2498/2588/1783 2496/2586/1781
f 2502/2589/1784 2499/2590/1785 2500/2591/1786
f 2500/2591/1786 2501/2592/1787 2502/2589/1784
f 2501/2592/1787 2500/2591/1786 2503/2593/1788
f 2503/2593/1788 2504/2594/1789 2501/2592/1787
f 2504/2594/1789 2503/2593/1788 2505/2595/1790
f 2505/2595/1790 2506/2596/1791 2504/2594/1789
f 2506/2596/1791 2505/2595/1790 2489/2580/1775
f 2489/2580/1775 2492/2579/1774 2506/2596/1791
f 2508/2597/1792 2507/2598/1793 2492/2579/1774
f 2492/2579/1774 2491/2582/1777 2508/2597/1792
f 2509/2599/1794 2508/2597/1792 2491/2582/1777
f 2491/2582/1777 2494/2584/1779 2509/2599/1794
f 2510/2600/1795 2509/2599/1794 2494/2584/1779
f 2494/2584/1779 2496/2586/1781 2510/2600/1795
f 2511/2601/1796 2510/2600/1795 2496/2586/1781
f 2496/2586/1781 2498/2588/1783 2511/2601/1796
f 2513/2602/1797 2512/2603/1798 2502/2589/1784
f 2502/2589/1784 2501/2592/1787 2513/2602/1797
f 2514/2604/1799 2513/2602/1797 2501/2592/1787
f 2501/2592/1787 2504/2594/1789 2514/2604/1799
f 2515/2605/1800 2514/2604/1799 2504/2594/1789
f 2504/2594/1789 2506/2596/1791 2515/2605/1800
f 2507/2598/1793 2515/2605/1800 2506/2596/1791
f 2506/2596/1791 2492/2579/1774 2507/2598/1793
f 2517/2606/1801 2516/2607/1802 2507/2598/1793
f 2507/2598/1793 2508/2597/1792 2517/2606/1801
f 2518/2608/1803 2517/2606/1801 2508/2597/1792
f 2508/2597/1792 2509/2599/1794 2518/2608/1803
f 2519/2609/1804 2518/2608/1803 2509/2599/1794
f 2509/2599/1794 2510/2600/1795 2519/2609/1804
f 2520/2610/1805 2519/2609/1804 2510/2600/1795
f 2510/2600/1795 2511/2601/1796 2520/2610/1805
f 2522/2611/1806 2521/2612/1807 2512/2603/1798
f 2512/2603/1798 2513/2602/1797 2522/2611/1806
f 2523/2613/1808 2522/2611/1806 2513/2602/1797
f 2513/2602/1797 2514/2604/1799 2523/2613/1808
f 2524/2614/1809 2523/2613/1808 2514/2604/1799
f 2514/2604/1799 2515/2605/1800 2524/2614/1809
f 2516/2607/1802 2524/2614/1809 2515/2605/1800
f 2515/2605/1800 2507/2598/1793 2516/2607/1802
f 2526/2615/1810 2525/2616/1811 2516/2607/1802
f 2516/2607/1802 2517/2606/1801 2526/2615/1810
f 2527/2617/1812 2526/2615/1810 2517/2606/1801
f 2517/2606/1801 2518/2608/1803 2527/2617/1812
f 2528/2618/1813 2527/2617/1812 2518/2608/1803
f 2518/2608/1803 2519/2609/1804 2528/2618/1813
f 2529/2619/1814 2528/2618/1813 2519/2609/1804
f 2519/2609/1804 2520/2610/1805 2529/2619/1814
f 2531/2620/1815 2530/2621/1816 2521/2612/1807
f 2521/2612/1807 2522/2611/1806 2531/2620/1815
f 2532/2622/1817 2531/2620/1815 2522/2611/1806
f 2522/2611/1806 2523/2613/1808 2532/2622/1817
f 2533/2623/1818 2532/2622/1817 2523/2613/1808
f 2523/2613/1808 2524/2614/1809 2533/2623/1818
f 2525/2616/1811 2533/2623/1818 2524/2614/1809
f 2524/2614/1809 2516/2607/1802 2525/2616/1811
f 2537/2624/1819 2534/2625/1820 2535/2626/1821
f 2535/2626/1821 2536/2627/1822 2537/2624/1819
f 2539/2628/1823 2537/2624/1819 2536/2627/1822
f 2536/2627/1822 2538/2629/1824 2539/2628/1823
f 2541/2630/1825 2539/2628/1823 2538/2629/1824
f 2538/2629/1824 2540/2631/1826 2541/2630/1825
f 2543/2632/1827 2541/2630/1825 2540/2631/1826
f 2540/2631/1826 2542/2633/1828 2543/2632/1827
f 2547/2634/1829 2544/2635/1830 2545/2636/1831
f 2545/2636/1831 2546/2637/1832 2547/2634/1829
f 2549/2638/1833 2547/2634/1829 2546/2637/1832
f 2546/2637/1832 2548/2639/1834 2549/2638/1833
f 2551/2640/1835 2549/2638/1833 2548/2639/1834
f 2548/2639/1834 2550/2641/1836 2551/2640/1835
f 2534/2625/1820 2551/2640/1835 2550/2641/1836
f 2550/2641/1836 2535/2626/1821 2534/2625/1820
f 2553/2642/1837 2552/2643/1838 2534/2625/1820
f 2534/2625/1820 2537/2624/1819 2553/2642/1837
f 2554/2644/1839 2553/2642/1837 2537/2624/1819
f 2537/2624/1819 2539/2628/1823 2554/2644/1839
f 2555/2645/1840 2554/2644/1839 2539/2628/1823
f 2539/2628/1823 2541/2630/1825 2555/2645/1840
f 2556/2646/1841 2555/2645/1840 2541/2630/1825
f 2541/2630/1825 2543/2632/1827 2556/2646/1841
f 2558/2647/1842 2557/2648/1843 2544/2635/1830
f 2544/2635/1830 2547/2634/1829 2558/2647/1842
f 2559/2649/1844 2558/2647/1842 2547/2634/1829
f 2547/2634/1829 2549/2638/1833 2559/2649/1844
f 2560/2650/1845 2559/2649/1844 2549/2638/1833
f 2549/2638/1833 2551/2640/1835 2560/2650/1845
f 2552/2643/1838 2560/2650/1845 2551/2640/1835
f 2551/2640/1835 2534/2625/1820 2552/2643/1838
f 2562/2651/1846 2561/2652/1847 2552/2643/1838
f 2552/2643/1838 2553/2642/1837 2562/2651/1846
f 2563/2653/1848 2562/2651/1846 2553/2642/1837
f 2553/2642/1837 2554/2644/1839 2563/2653/1848
f 2564/2654/1849 2563/2653/1848 2554/2644/1839
f 2554/2644/1839 2555/2645/1840 2564/2654/1849
f 2565/2655/1850 2564/2654/1849 2555/2645/1840
f 2555/2645/1840 2556/2646/1841 2565/2655/1850
f 2567/2656/1851 2566/2657/1852 2557/2648/1843
f 2557/2648/1843 2558/2647/1842 2567/2656/1851
f 2568/2658/1853 2567/2656/1851 2558/2647/1842
f 2558/2647/1842 2559/2649/1844 2568/2658/1853
f 2569/2659/1854 2568/2658/1853 2559/2649/1844
f 2559/2649/1844 2560/2650/1845 2569/2659/1854
f 2561/2652/1847 2569/2659/1854 2560/2650/1845
f 2560/2650/1845 2552/2643/1838 2561/2652/1847
f 2571/2660/1855 2570/2661/1856 2561/2652/1847
f 2561/2652/1847 2562/2651/1846 2571/2660/1855
f 2572/2662/1857 2571/2660/1855 2562/2651/1846
f 2562/2651/1846 2563/2653/1848 2572/2662/1857
f 2573/2663/1858 2572/2662/1857 2563/2653/1848
f 2563/2653/1848 2564/2654/1849 2573/2663/1858
f 2574/2664/1859 2573/2663/1858 2564/2654/1849
f 2564/2654/1849 2565/2655/1850 2574/2664/1859
f 2576/2665/1860 2575/2666/1861 2566/2657/1852
f 2566/2657/1852 2567/2656/1851 2576/2665/1860
f 2577/2667/1862 2576/2665/1860 2567/2656/1851
f 2567/2656/1851 2568/2658/1853 2577/2667/1862
f 2578/2668/1863 2577/2667/1862 2568/2658/1853
f 2568/2658/1853 2569/2659/1854 2578/2668/1863
f 2570/2661/1856 2578/2668/1863 2569/2659/1854
f 2569/2659/1854 2561/2652/1847 2570/2661/1856
f 2580/2669/1864 2570/2661/1856 2571/2660/1855
f 2571/2660/1855 2579/2670/1865 2580/2669/1864
f 2579/2670/1865 2571/2660/1855 2572/2662/1857
f 2572/2662/1857 2581/2671/1866 2579/2670/1865
f 2581/2671/1866 2572/2662/1857 2573/2663/1858
f 2573/2663/1858 2582/2672/1867 2581/2671/1866
f 2582/2672/1867 2573/2663/1858 2574/2664/1859
f 2574/2664/1859 2583/2673/1868 2582/2672/1867
f 2585/2674/1869 2575/2666/1861 2576/2665/1860
f 2576/2665/1860 2584/2675/1870 2585/2674/1869
f 2584/2675/1870 2576/2665/1860 2577/2667/1862
f 2577/2667/1862 2586/2676/1871 2584/2675/1870
f 2586/2676/1871 2577/2667/1862 2578/2668/1863
f 2578/2668/1863 2587/2677/1872 2586/2676/1871
f 2587/2677/1872 2578/2668/1863 2570/2661/1856
f 2570/2661/1856 2580/2669/1864 2587/2677/1872
f 2480/2570/1765 2580/2669/1864 2579/2670/1865
f 2579/2670/1865 2481/2571/1766 2480/2570/1765
f 2481/2571/1766 2579/2670/1865 2581/2671/1866
f 2581/2671/1866 2482/2572/1767 2481/2571/1766
f 2482/2572/1767 2581/2671/1866 2582/2672/1867
f 2582/2672/1867 2483/2573/1768 2482/2572/1767
f 2483/2573/1768 2582/2672/1867 2583/2673/1868
f 2583/2673/1868 2484/2574/1769 2483/2573/1768
f 2485/2575/1770 2585/2674/1869 2584/2675/1870
f 2584/2675/1870 2486/2576/1771 2485/2575/1770
f 2486/2576/1771 2584/2675/1870 2586/2676/1871
f 2586/2676/1871 2487/2577/1772 2486/2576/1771
f 2487/2577/1772 2586/2676/1871 2587/2677/1872
f 2587/2677/1872 2488/2578/1773 2487/2577/1772
f 2488/2578/1773 2587/2677/1872 2580/2669/1864
f 2580/2669/1864 2480/2570/1765 2488/2578/1773
f 2536/2627/1822 2535/2626/1821 2525/2616/1811
f 2525/2616/1811 2526/2615/1810 2536/2627/1822
f 2538/2629/1824 2536/2627/1822 2526/2615/1810
f 2526/2615/1810 2527/2617/1812 2538/2629/1824
f 2540/2631/1826 2538/2629/1824 2527/2617/1812
f 2527/2617/1812 2528/2618/1813 2540/2631/1826
f 2542/2633/1828 2540/2631/1826 2528/2618/1813
f 2528/2618/1813 2529/2619/1814 2542/2633/1828
f 2546/2637/1832 2545/2636/1831 2530/2621/1816
f 2530/2621/1816 2531/2620/1815 2546/2637/1832
f 2548/2639/1834 2546/2637/1832 2531/2620/1815
f 2531/2620/1815 2532/2622/1817 2548/2639/1834
f 2550/2641/1836 2548/2639/1834 2532/2622/1817
f 2532/2622/1817 2533/2623/1818 2550/2641/1836
f 2535/2626/1821 2550/2641/1836 2533/2623/1818
f 2533/2623/1818 2525/2616/1811 2535/2626/1821
f 2436/2526/1721 2435/2525/1720 2444/2535/1730
f 2444/2535/1730 2447/2534/1729 2436/2526/1721
f 2437/2527/1722 2436/2526/1721 2447/2534/1729
f 2447/2534/1729 2449/2538/1733 2437/2527/1722
f 2438/2528/1723 2437/2527/1722 2449/2538/1733
f 2449/2538/1733 2451/2540/1735 2438/2528/1723
f 2439/2529/1724 2438/2528/1723 2451/2540/1735
f 2451/2540/1735 2453/2542/1737 2439/2529/1724
f 2441/2531/1726 2440/2530/1725 2454/2545/1740
f 2454/2545/1740 2457/2544/1739 2441/2531/1726
f 2442/2532/1727 2441/2531/1726 2457/2544/1739
f 2457/2544/1739 2459/2548/1743 2442/2532/1727
f 2443/2533/1728 2442/2532/1727 2459/2548/1743
f 2459/2548/1743 2461/2550/1745 2443/2533/1728
f 2435/2525/1720 2443/2533/1728 2461/2550/1745
f 2461/2550/1745 2444/2535/1730 2435/2525/1720
f 2591/2678/1873 2588/2679/670 2589/2680/671
f 2589/2680/671 2590/2681/1874 2591/2678/1873
f 2590/2681/1874 2589/2680/671 2592/2682/672
f 2592/2682/672 2593/2683/1875 2590/2681/1874
f 2593/2683/1875 2592/2682/672 2594/2684/673
f 2594/2684/673 2595/2685/1876 2593/2683/1875
f 2595/2685/1876 2594/2684/673 2596/2686/674
f 2596/2686/674 2597/2687/1877 2595/2685/1876
f 2597/2687/1877 2596/2686/674 2598/2688/1878
f 2598/2688/1878 2599/2689/1879 2597/2687/1877
f 2603/2690/1880 2600/2691/1881 2601/2692/677
f 2601/2692/677 2602/2693/1882 2603/2690/1880
f 2602/2693/1882 2601/2692/677 2604/2694/678
f 2604/2694/678 2605/2695/1883 2602/2693/1882
f 2605/2695/1883 2604/2694/678 2606/2696/679
f 2606/2696/679 2607/2697/1884 2605/2695/1883
f 2607/2697/1884 2606/2696/679 2608/2698/680
f 2608/2698/680 2609/2699/1885 2607/2697/1884
f 2609/2699/1885 2608/2698/680 2610/2700/681
f 2610/2700/681 2611/2701/1886 2609/2699/1885
f 2611/2701/1886 2610/2700/681 2612/2702/682
f 2612/2702/682 2613/2703/1887 2611/2701/1886
f 2613/2703/1887 2612/2702/682 2614/2704/683
f 2614/2704/683 2615/2705/1888 2613/2703/1887
f 2615/2705/1888 2614/2704/683 2616/2706/684
f 2616/2706/684 2617/2707/1889 2615/2705/1888
f 2617/2707/1889 2616/2706/684 2618/2708/685
f 2618/2708/685 2619/2709/1890 2617/2707/1889
f 2619/2709/1890 2618/2708/685 2620/2710/43
f 2620/2710/43 2621/2711/1891 2619/2709/1890
f 2621/2711/1891 2620/2710/43 2622/2712/686
f 2622/2712/686 2623/2713/1892 2621/2711/1891
f 2623/2713/1892 2622/2712/686 2624/2714/687
f 2624/2714/687 2625/2715/1893 2623/2713/1892
f 2625/2715/1893 2624/2714/687 2626/2716/688
f 2626/2716/688 2627/2717/1894 2625/2715/1893
f 2627/2717/1894 2626/2716/688 2628/2718/689
f 2628/2718/689 2629/2719/1895 2627/2717/1894
f 2629/2719/1895 2628/2718/689 2588/2679/670
f 2588/2679/670 2591/2678/1873 2629/2719/1895
f 2591/2678/1873 2590/2681/1874 2630/2720/1896
f 2630/2720/1896 2631/2721/1897 2591/2678/1873
f 2590/2681/1874 2593/2683/1875 2632/2722/1898
f 2632/2722/1898 2630/2720/1896 2590/2681/1874
f 2593/2683/1875 2595/2685/1876 2633/2723/1899
f 2633/2723/1899 2632/2722/1898 2593/2683/1875
f 2595/2685/1876 2597/2687/1877 2634/2724/1900
f 2634/2724/1900 2633/2723/1899 2595/2685/1876
f 2597/2687/1877 2599/2689/1879 2635/2725/1901
f 2635/2725/1901 2634/2724/1900 2597/2687/1877
f 2603/2690/1880 2602/2693/1882 2636/2726/1902
f 2636/2726/1902 2637/2727/1903 2603/2690/1880
f 2602/2693/1882 2605/2695/1883 2638/2728/1904
f 2638/2728/1904 2636/2726/1902 2602/2693/1882
f 2605/2695/1883 2607/2697/1884 2639/2729/1905
f 2639/2729/1905 2638/2728/1904 2605/2695/1883
f 2607/2697/1884 2609/2699/1885 2640/2730/1906
f 2640/2730/1906 2639/2729/1905 2607/2697/1884
f 2609/2699/1885 2611/2701/1886 2641/2731/1907
f 2641/2731/1907 2640/2730/1906 2609/2699/1885
f 2611/2701/1886 2613/2703/1887 2642/2732/1908
f 2642/2732/1908 2641/2731/1907 2611/2701/1886
f 2613/2703/1887 2615/2705/1888 2643/2733/1909
f 2643/2733/1909 2642/2732/1908 2613/2703/1887
f 2615/2705/1888 2617/2707/1889 2644/2734/1910
f 2644/2734/1910 2643/2733/1909 2615/2705/1888
f 2617/2707/1889 2619/2709/1890 2645/2735/1911
f 2645/2735/1911 2644/2734/1910 2617/2707/1889
f 2619/2709/1890 2621/2711/1891 2646/2736/1912
f 2646/2736/1912 2645/2735/1911 2619/2709/1890
f 2621/2711/1891 2623/2713/1892 2647/2737/1913
f 2647/2737/1913 2646/2736/1912 2621/2711/1891
f 2623/2713/1892 2625/2715/1893 2648/2738/1914
f 2648/2738/1914 2647/2737/1913 2623/2713/1892
f 2625/2715/1893 2627/2717/1894 2649/2739/1915
f 2649/2739/1915 2648/2738/1914 2625/2715/1893
f 2627/2717/1894 2629/2719/1895 2650/2740/1916
f 2650/2740/1916 2649/2739/1915 2627/2717/1894
f 2629/2719/1895 2591/2678/1873 2631/2721/1897
f 2631/2721/1897 2650/2740/1916 2629/2719/1895
f 2654/2741/1917 2651/2742/1918 2652/2743/1919
f 2652/2743/1919 2653/2744/1920 2654/2741/1917
f 2653/2744/1920 2652/2743/1919 2655/2745/1921
f 2655/2745/1921 2656/2746/1922 2653/2744/1920
f 2656/2746/1922 2655/2745/1921 2657/2747/1923
f 2657/2747/1923 2658/2748/1924 2656/2746/1922
f 2658/2748/1924 2657/2747/1923 2659/2749/1925
f 2659/2749/1925 2660/2750/1926 2658/2748/1924
f 2660/2750/1926 2659/2749/1925 2661/2751/1927
f 2661/2751/1927 2662/2752/1928 2660/2750/1926
f 2666/2753/1929 2663/2754/1930 2664/2755/1931
f 2664/2755/1931 2665/2756/1932 2666/2753/1929
f 2665/2756/1932 2664/2755/1931 2667/2757/1933
f 2667/2757/1933 2668/2758/1934 2665/2756/1932
f 2668/2758/1934 2667/2757/1933 2669/2759/1935
f 2669/2759/1935 2670/2760/1936 2668/2758/1934
f 2670/2760/1936 2669/2759/1935 2671/2761/1937
f 2671/2761/1937 2672/2762/1938 2670/2760/1936
f 2672/2762/1938 2671/2761/1937 2673/2763/1939
f 2673/2763/1939 2674/2764/1940 2672/2762/1938
f 2674/2764/1940 2673/2763/1939 2675/2765/1941
f 2675/2765/1941 2676/2766/1942 2674/2764/1940
f 2676/2766/1942 2675/2765/1941 2677/2767/1943
f 2677/2767/1943 2678/2768/1944 2676/2766/1942
f 2678/2768/1944 2677/2767/1943 2679/2769/1945
f 2679/2769/1945 2680/2770/1946 2678/2768/1944
f 2680/2770/1946 2679/2769/1945 2681/2771/1947
f 2681/2771/1947 2682/2772/1948 2680/2770/1946
f 2682/2772/1948 2681/2771/1947 2683/2773/1949
f 2683/2773/1949 2684/2774/1950 2682/2772/1948
f 2684/2774/1950 2683/2773/1949 2685/2775/1951
f 2685/2775/1951 2686/2776/1952 2684/2774/1950
f 2686/2776/1952 2685/2775/1951 2687/2777/1953
f 2687/2777/1953 2688/2778/1954 2686/2776/1952
f 2688/2778/1954 2687/2777/1953 2689/2779/1955
f 2689/2779/1955 2690/2780/1956 2688/2778/1954
f 2690/2780/1956 2689/2779/1955 2691/2781/1957
f 2691/2781/1957 2692/2782/1958 2690/2780/1956
f 2692/2782/1958 2691/2781/1957 2651/2742/1918
f 2651/2742/1918 2654/2741/1917 2692/2782/1958
f 2694/2783/1959 2654/2741/1917 2653/2744/1920
f 2653/2744/1920 2693/2784/1960 2694/2783/1959
f 2693/2784/1960 2653/2744/1920 2656/2746/1922
f 2656/2746/1922 2695/2785/1961 2693/2784/1960
f 2695/2785/1961 2656/2746/1922 2658/2748/1924
f 2658/2748/1924 2696/2786/1962 2695/2785/1961
f 2696/2786/1962 2658/2748/1924 2660/2750/1926
f 2660/2750/1926 2697/2787/1963 2696/2786/1962
f 2697/2787/1963 2660/2750/1926 2662/2752/1928
f 2662/2752/1928 2698/2788/1964 2697/2787/1963
f 2700/2789/1965 2666/2753/1929 2665/2756/1932
f 2665/2756/1932 2699/2790/1966 2700/2789/1965
f 2699/2790/1966 2665/2756/1932 2668/2758/1934
f 2668/2758/1934 2701/2791/1967 2699/2790/1966
f 2701/2791/1967 2668/2758/1934 2670/2760/1936
f 2670/2760/1936 2702/2792/1968 2701/2791/1967
f 2702/2792/1968 2670/2760/1936 2672/2762/1938
f 2672/2762/1938 2703/2793/1969 2702/2792/1968
f 2703/2793/1969 2672/2762/1938 2674/2764/1940
f 2674/2764/1940 2704/2794/1970 2703/2793/1969
f 2704/2794/1970 2674/2764/1940 2676/2766/1942
f 2676/2766/1942 2705/2795/1971 2704/2794/1970
f 2705/2795/1971 2676/2766/1942 2678/2768/1944
f 2678/2768/1944 2706/2796/1972 2705/2795/1971
f 2706/2796/1972 2678/2768/1944 2680/2770/1946
f 2680/2770/1946 2707/2797/1973 2706/2796/1972
f 2707/2797/1973 2680/2770/1946 2682/2772/1948
f 2682/2772/1948 2708/2798/1974 2707/2797/1973
f 2708/2798/1974 2682/2772/1948 2684/2774/1950
f 2684/2774/1950 2709/2799/1975 2708/2798/1974
f 2709/2799/1975 2684/2774/1950 2686/2776/1952
f 2686/2776/1952 2710/2800/1976 2709/2799/1975
f 2710/2800/1976 2686/2776/1952 2688/2778/1954
f 2688/2778/1954 2711/2801/1977 2710/2800/1976
f 2711/2801/1977 2688/2778/1954 2690/2780/1956
f 2690/2780/1956 2712/2802/1978 2711/2801/1977
f 2712/2802/1978 2690/2780/1956 2692/2782/1958
f 2692/2782/1958 2713/2803/1979 2712/2802/1978
f 2713/2803/1979 2692/2782/1958 2654/2741/1917
f 2654/2741/1917 2694/2783/1959 2713/2803/1979
f 2717/2804/1980 2714/2805/1981 2715/2806/1982
f 2715/2806/1982 2716/2807/1983 2717/2804/1980
f 2716/2807/1983 2715/2806/1982 2718/2808/1984
f 2718/2808/1984 2719/2809/1985 2716/2807/1983
f 2719/2809/1985 2718/2808/1984 2720/2810/1986
f 2720/2810/1986 2721/2811/1987 2719/2809/1985
f 2721/2811/1987 2720/2810/1986 2722/2812/1988
f 2722/2812/1988 2723/2813/1989 2721/2811/1987
f 2723/2813/1989 2722/2812/1988 2724/2814/1990
f 2724/2814/1990 2725/2815/1991 2723/2813/1989
f 2729/2816/1992 2726/2817/1993 2727/2818/1994
f 2727/2818/1994 2728/2819/1995 2729/2816/1992
f 2728/2819/1995 2727/2818/1994 2730/2820/1996
f 2730/2820/1996 2731/2821/1997 2728/2819/1995
f 2731/2821/1997 2730/2820/1996 2732/2822/1998
f 2732/2822/1998 2733/2823/1999 2731/2821/1997
f 2733/2823/1999 2732/2822/1998 2734/2824/2000
f 2734/2824/2000 2735/2825/2001 2733/2823/1999
f 2735/2825/2001 2734/2824/2000 2736/2826/2002
f 2736/2826/2002 2737/2827/2003 2735/2825/2001
f 2737/2827/2003 2736/2826/2002 2738/2828/2004
f 2738/2828/2004 2739/2829/2005 2737/2827/2003
f 2739/2829/2005 2738/2828/2004 2740/2830/2006
f 2740/2830/2006 2741/2831/2007 2739/2829/2005
f 2741/2831/2007 2740/2830/2006 2742/2832/2008
f 2742/2832/2008 2743/2833/2009 2741/2831/2007
f 2743/2833/2009 2742/2832/2008 2744/2834/2010
f 2744/2834/2010 2745/2835/2011 2743/2833/2009
f 2745/2835/2011 2744/2834/2010 2746/2836/2012
f 2746/2836/2012 2747/2837/2013 2745/2835/2011
f 2747/2837/2013 2746/2836/2012 2748/2838/2014
f 2748/2838/2014 2749/2839/2015 2747/2837/2013
f 2749/2839/2015 2748/2838/2014 2750/2840/2016
f 2750/2840/2016 2751/2841/2017 2749/2839/2015
f 2751/2841/2017 2750/2840/2016 2752/2842/2018
f 2752/2842/2018 2753/2843/2019 2751/2841/2017
f 2753/2843/2019 2752/2842/2018 2754/2844/2020
f 2754/2844/2020 2755/2845/2021 2753/2843/2019
f 2755/2845/2021 2754/2844/2020 2714/2805/1981
f 2714/2805/1981 2717/2804/1980 2755/2845/2021
f 2759/2846/2022 2756/2847/2023 2757/2848/2024
f 2757/2848/2024 2758/2849/2025 2759/2846/2022
f 2761/2850/2026 2760/2851/2027 2756/2847/2023
f 2756/2847/2023 2759/2846/2022 2761/2850/2026
f 2763/2852/2028 2762/2853/2029 2760/2851/2027
f 2760/2851/2027 2761/2850/2026 2763/2852/2028
f 2765/2854/2030 2764/2855/2031 2762/2853/2029
f 2762/2853/2029 2763/2852/2028 2765/2854/2030
f 2767/2856/2032 2766/2857/2033 2764/2855/2031
f 2764/2855/2031 2765/2854/2030 2767/2856/2032
f 2769/2858/2034 2768/2859/2035 2766/2857/2033
f 2766/2857/2033 2767/2856/2032 2769/2858/2034
f 2771/2860/2036 2770/2861/2037 2768/2859/2035
f 2768/2859/2035 2769/2858/2034 2771/2860/2036
f 2773/2862/2038 2772/2863/2039 2770/2861/2037
f 2770/2861/2037 2771/2860/2036 2773/2862/2038
f 2775/2864/2040 2774/2865/2041 2772/2863/2039
f 2772/2863/2039 2773/2862/2038 2775/2864/2040
f 2777/2866/2042 2776/2867/2043 2758/2849/2025
f 2758/2849/2025 2757/2848/2024 2777/2866/2042
f 2776/2867/2043 2778/2868/2044 2759/2846/2022
f 2759/2846/2022 2758/2849/2025 2776/2867/2043
f 2778/2868/2044 2779/2869/2045 2761/2850/2026
f 2761/2850/2026 2759/2846/2022 2778/2868/2044
f 2779/2869/2045 2780/2870/2046 2763/2852/2028
f 2763/2852/2028 2761/2850/2026 2779/2869/2045
f 2780/2870/2046 2781/2871/2047 2765/2854/2030
f 2765/2854/2030 2763/2852/2028 2780/2870/2046
f 2781/2871/2047 2782/2872/2048 2767/2856/2032
f 2767/2856/2032 2765/2854/2030 2781/2871/2047
f 2782/2872/2048 2783/2873/2049 2769/2858/2034
f 2769/2858/2034 2767/2856/2032 2782/2872/2048
f 2783/2873/2049 2784/2874/2050 2771/2860/2036
f 2771/2860/2036 2769/2858/2034 2783/2873/2049
f 2784/2874/2050 2785/2875/2051 2773/2862/2038
f 2773/2862/2038 2771/2860/2036 2784/2874/2050
f 2785/2875/2051 2786/2876/2052 2775/2864/2040
f 2775/2864/2040 2773/2862/2038 2785/2875/2051
f 2786/2876/2052 2787/2877/2053 2774/2865/2041
f 2774/2865/2041 2775/2864/2040 2786/2876/2052
f 2787/2877/2053 2788/2878/2054 2772/2863/2039
f 2772/2863/2039 2774/2865/2041 2787/2877/2053
f 2788/2878/2054 2789/2879/2055 2770/2861/2037
f 2770/2861/2037 2772/2863/2039 2788/2878/2054
f 2789/2879/2055 2790/2880/2056 2768/2859/2035
f 2768/2859/2035 2770/2861/2037 2789/2879/2055
f 2790/2880/2056 2791/2881/2057 2766/2857/2033
f 2766/2857/2033 2768/2859/2035 2790/2880/2056
f 2791/2881/2057 2792/2882/2058 2764/2855/2031
f 2764/2855/2031 2766/2857/2033 2791/2881/2057
f 2792/2882/2058 2793/2883/2059 2762/2853/2029
f 2762/2853/2029 2764/2855/2031 2792/2882/2058
f 2793/2883/2059 2794/2884/2060 2760/2851/2027
f 2760/2851/2027 2762/2853/2029 2793/2883/2059
f 2794/2884/2060 2795/2885/2061 2756/2847/2023
f 2756/2847/2023 2760/2851/2027 2794/2884/2060
f 2795/2885/2061 2777/2866/2042 2757/2848/2024
f 2757/2848/2024 2756/2847/2023 2795/2885/2061
f 2694/2783/1959 2693/2784/1960 2715/2806/1982
f 2715/2806/1982 2714/2805/1981 2694/2783/1959
f 2693/2784/1960 2695/2785/1961 2718/2808/1984
f 2718/2808/1984 2715/2806/1982 2693/2784/1960
f 2695/2785/1961 2696/2786/1962 2720/2810/1986
f 2720/2810/1986 2718/2808/1984 2695/2785/1961
f 2696/2786/1962 2697/2787/1963 2722/2812/1988
f 2722/2812/1988 2720/2810/1986 2696/2786/1962
f 2697/2787/1963 2698/2788/1964 2724/2814/1990
f 2724/2814/1990 2722/2812/1988 2697/2787/1963
f 2700/2789/1965 2699/2790/1966 2727/2818/1994
f 2727/2818/1994 2726/2817/1993 2700/2789/1965
f 2699/2790/1966 2701/2791/1967 2730/2820/1996
f 2730/2820/1996 2727/2818/1994 2699/2790/1966
f 2701/2791/1967 2702/2792/1968 2732/2822/1998
f 2732/2822/1998 2730/2820/1996 2701/2791/1967
f 2702/2792/1968 2703/2793/1969 2734/2824/2000
f 2734/2824/2000 2732/2822/1998 2702/2792/1968
f 2703/2793/1969 2704/2794/1970 2736/2826/2002
f 2736/2826/2002 2734/2824/2000 2703/2793/1969
f 2704/2794/1970 2705/2795/1971 2738/2828/2004
f 2738/2828/2004 2736/2826/2002 2704/2794/1970
f 2705/2795/1971 2706/2796/1972 2740/2830/2006
f 2740/2830/2006 2738/2828/2004 2705/2795/1971
f 2706/2796/1972 2707/2797/1973 2742/2832/2008
f 2742/2832/2008 2740/2830/2006 2706/2796/1972
f 2707/2797/1973 2708/2798/1974 2744/2834/2010
f 2744/2834/2010 2742/2832/2008 2707/2797/1973
f 2708/2798/1974 2709/2799/1975 2746/2836/2012
f 2746/2836/2012 2744/2834/2010 2708/2798/1974
f 2709/2799/1975 2710/2800/1976 2748/2838/2014
f 2748/2838/2014 2746/2836/2012 2709/2799/1975
f 2710/2800/1976 2711/2801/1977 2750/2840/2016
f 2750/2840/2016 2748/2838/2014 2710/2800/1976
f 2711/2801/1977 2712/2802/1978 2752/2842/2018
f 2752/2842/2018 2750/2840/2016 2711/2801/1977
f 2712/2802/1978 2713/2803/1979 2754/2844/2020
f 2754/2844/2020 2752/2842/2018 2712/2802/1978
f 2713/2803/1979 2694/2783/1959 2714/2805/1981
f 2714/2805/1981 2754/2844/2020 2713/2803/1979
f 2631/2721/1897 2630/2720/1896 2796/2886/2062
f 2796/2886/2062 2797/2887/2063 2631/2721/1897
f 2630/2720/1896 2632/2722/1898 2798/2888/2064
f 2798/2888/2064 2796/2886/2062 2630/2720/1896
f 2632/2722/1898 2633/2723/1899 2799/2889/2065
f 2799/2889/2065 2798/2888/2064 2632/2722/1898
f 2633/2723/1899 2634/2724/1900 2800/2890/2066
f 2800/2890/2066 2799/2889/2065 2633/2723/1899
f 2634/2724/1900 2635/2725/1901 2801/2891/2067
f 2801/2891/2067 2800/2890/2066 2634/2724/1900
f 2637/2727/1903 2636/2726/1902 2802/2892/2068
f 2802/2892/2068 2803/2893/2069 2637/2727/1903
f 2636/2726/1902 2638/2728/1904 2804/2894/2070
f 2804/2894/2070 2802/2892/2068 2636/2726/1902
f 2638/2728/1904 2639/2729/1905 2805/2895/2071
f 2805/2895/2071 2804/2894/2070 2638/2728/1904
f 2639/2729/1905 2640/2730/1906 2806/2896/2072
f 2806/2896/2072 2805/2895/2071 2639/2729/1905
f 2640/2730/1906 2641/2731/1907 2807/2897/2073
f 2807/2897/2073 2806/2896/2072 2640/2730/1906
f 2641/2731/1907 2642/2732/1908 2808/2898/2074
f 2808/2898/2074 2807/2897/2073 2641/2731/1907
f 2642/2732/1908 2643/2733/1909 2809/2899/2075
f 2809/2899/2075 2808/2898/2074 2642/2732/1908
f 2643/2733/1909 2644/2734/1910 2810/2900/2076
f 2810/2900/2076 2809/2899/2075 2643/2733/1909
f 2644/2734/1910 2645/2735/1911 2811/2901/2077
f 2811/2901/2077 2810/2900/2076 2644/2734/1910
f 2645/2735/1911 2646/2736/1912 2812/2902/2078
f 2812/2902/2078 2811/2901/2077 2645/2735/1911
f 2646/2736/1912 2647/2737/1913 2813/2903/2079
f 2813/2903/2079 2812/2902/2078 2646/2736/1912
f 2647/2737/1913 2648/2738/1914 2814/2904/2080
f 2814/2904/2080 2813/2903/2079 2647/2737/1913
f 2648/2738/1914 2649/2739/1915 2815/2905/2081
f 2815/2905/2081 2814/2904/2080 2648/2738/1914
f 2649/2739/1915 2650/2740/1916 2816/2906/2082
f 2816/2906/2082 2815/2905/2081 2649/2739/1915
f 2650/2740/1916 2631/2721/1897 2797/2887/2063
f 2797/2887/2063 2816/2906/2082 2650/2740/1916
f 2820/2907/2083 2817/2908/2084 2818/2909/2085
f 2818/2909/2085 2819/2910/2086 2820/2907/2083
f 2819/2910/2086 2818/2909/2085 2821/2911/2087
f 2821/2911/2087 2822/2912/2088 2819/2910/2086
f 2822/2912/2088 2821/2911/2087 2823/2913/2089
f 2823/2913/2089 2824/2914/2090 2822/2912/2088
f 2824/2914/2090 2823/2913/2089 2825/2915/2091
f 2825/2915/2091 2826/2916/2092 2824/2914/2090
f 2826/2916/2092 2825/2915/2091 2827/2917/2093
f 2827/2917/2093 2828/2918/2094 2826/2916/2092
f 2832/2919/2095 2829/2920/2096 2830/2921/2097
f 2830/2921/2097 2831/2922/2098 2832/2919/2095
f 2831/2922/2098 2830/2921/2097 2833/2923/2099
f 2833/2923/2099 2834/2924/2100 2831/2922/2098
f 2834/2924/2100 2833/2923/2099 2835/2925/2101
f 2835/2925/2101 2836/2926/2102 2834/2924/2100
f 2836/2926/2102 2835/2925/2101 2837/2927/2103
f 2837/2927/2103 2838/2928/2104 2836/2926/2102
f 2838/2928/2104 2837/2927/2103 2839/2929/2105
f 2839/2929/2105 2840/2930/2106 2838/2928/2104
f 2840/2930/2106 2839/2929/2105 2841/2931/2107
f 2841/2931/2107 2842/2932/2108 2840/2930/2106
f 2842/2932/2108 2841/2931/2107 2843/2933/2109
f 2843/2933/2109 2844/2934/2110 2842/2932/2108
f 2844/2934/2110 2843/2933/2109 2845/2935/2111
f 2845/2935/2111 2846/2936/2112 2844/2934/2110
f 2846/2936/2112 2845/2935/2111 2847/2937/2113
f 2847/2937/2113 2848/2938/2114 2846/2936/2112
f 2848/2938/2114 2847/2937/2113 2849/2939/2115
f 2849/2939/2115 2850/2940/2116 2848/2938/2114
f 2850/2940/2116 2849/2939/2115 2851/2941/2117
f 2851/2941/2117 2852/2942/2118 2850/2940/2116
f 2852/2942/2118 2851/2941/2117 2853/2943/2119
f 2853/2943/2119 2854/2944/2120 2852/2942/2118
f 2854/2944/2120 2853/2943/2119 2855/2945/2121
f 2855/2945/2121 2856/2946/2122 2854/2944/2120
f 2856/2946/2122 2855/2945/2121 2857/2947/2123
f 2857/2947/2123 2858/2948/2124 2856/2946/2122
f 2858/2948/2124 2857/2947/2123 2817/2908/2084
f 2817/2908/2084 2820/2907/2083 2858/2948/2124
f 2862/2949/2125 2859/2950/2126 2860/2951/2127
f 2860/2951/2127 2861/2952/2128 2862/2949/2125
f 2859/2950/2126 2863/2953/2129 2864/2954/2130
f 2864/2954/2130 2860/2951/2127 2859/2950/2126
f 2863/2953/2129 2865/2955/2131 2866/2956/2132
f 2866/2956/2132 2864/2954/2130 2863/2953/2129
f 2865/2955/2131 2867/2957/2133 2868/2958/2134
f 2868/2958/2134 2866/2956/2132 2865/2955/2131
f 2867/2957/2133 2869/2959/2135 2870/2960/2136
f 2870/2960/2136 2868/2958/2134 2867/2957/2133
f 2874/2961/2137 2871/2962/2138 2872/2963/2139
f 2872/2963/2139 2873/2964/2140 2874/2961/2137
f 2871/2962/2138 2875/2965/2141 2876/2966/2142
f 2876/2966/2142 2872/2963/2139 2871/2962/2138
f 2875/2965/2141 2877/2967/2143 2878/2968/2144
f 2878/2968/2144 2876/2966/2142 2875/2965/2141
f 2877/2967/2143 2879/2969/2145 2880/2970/2146
f 2880/2970/2146 2878/2968/2144 2877/2967/2143
f 2879/2969/2145 2881/2971/2147 2882/2972/2148
f 2882/2972/2148 2880/2970/2146 2879/2969/2145
f 2881/2971/2147 2883/2973/2149 2884/2974/2150
f 2884/2974/2150 2882/2972/2148 2881/2971/2147
f 2883/2973/2149 2885/2975/2151 2886/2976/2152
f 2886/2976/2152 2884/2974/2150 2883/2973/2149
f 2885/2975/2151 2887/2977/2153 2888/2978/2154
f 2888/2978/2154 2886/2976/2152 2885/2975/2151
f 2887/2977/2153 2889/2979/2155 2890/2980/2156
f 2890/2980/2156 2888/2978/2154 2887/2977/2153
f 2889/2979/2155 2891/2981/2157 2892/2982/2158
f 2892/2982/2158 2890/2980/2156 2889/2979/2155
f 2891/2981/2157 2893/2983/2159 2894/2984/2160
f 2894/2984/2160 2892/2982/2158 2891/2981/2157
f 2893/2983/2159 2895/2985/2161 2896/2986/2162
f 2896/2986/2162 2894/2984/2160 2893/2983/2159
f 2895/2985/2161 2897/2987/2163 2898/2988/2164
f 2898/2988/2164 2896/2986/2162 2895/2985/2161
f 2897/2987/2163 2899/2989/2165 2900/2990/2166
f 2900/2990/2166 2898/2988/2164 2897/2987/2163
f 2899/2989/2165 2862/2949/2125 2861/2952/2128
f 2861/2952/2128 2900/2990/2166 2899/2989/2165
f 2904/2991/2167 2901/2992/2168 2902/2993/2169
f 2902/2993/2169 2903/2994/2170 2904/2991/2167
f 2901/2992/2168 2905/2995/2171 2906/2996/2172
f 2906/2996/2172 2902/2993/2169 2901/2992/2168
f 2905/2995/2171 2907/2997/2173 2908/2998/2174
f 2908/2998/2174 2906/2996/2172 2905/2995/2171
f 2907/2997/2173 2909/2999/2175 2910/3000/2176
f 2910/3000/2176 2908/2998/2174 2907/2997/2173
f 2909/2999/2175 2911/3001/2177 2912/3002/2178
f 2912/3002/2178 2910/3000/2176 2909/2999/2175
f 2916/3003/2179 2913/3004/2180 2914/3005/2181
f 2914/3005/2181 2915/3006/2182 2916/3003/2179
f 2913/3004/2180 2917/3007/2183 2918/3008/2184
f 2918/3008/2184 2914/3005/2181 2913/3004/2180
f 2917/3007/2183 2919/3009/2185 2920/3010/2186
f 2920/3010/2186 2918/3008/2184 2917/3007/2183
f 2919/3009/2185 2921/3011/2187 2922/3012/2188
f 2922/3012/2188 2920/3010/2186 2919/3009/2185
f 2921/3011/2187 2923/3013/2189 2924/3014/2190
f 2924/3014/2190 2922/3012/2188 2921/3011/2187
f 2923/3013/2189 2925/3015/2191 2926/3016/2192
f 2926/3016/2192 2924/3014/2190 2923/3013/2189
f 2925/3015/2191 2927/3017/2193 2928/3018/2194
f 2928/3018/2194 2926/3016/2192 2925/3015/2191
f 2927/3017/2193 2929/3019/2195 2930/3020/2196
f 2930/3020/2196 2928/3018/2194 2927/3017/2193
f 2929/3019/2195 2931/3021/2197 2932/3022/2198
f 2932/3022/2198 2930/3020/2196 2929/3019/2195
f 2931/3021/2197 2933/3023/2199 2934/3024/2200
f 2934/3024/2200 2932/3022/2198 2931/3021/2197
f 2933/3023/2199 2935/3025/2201 2936/3026/2202
f 2936/3026/2202 2934/3024/2200 2933/3023/2199
f 2935/3025/2201 2937/3027/2203 2938/3028/2204
f 2938/3028/2204 2936/3026/2202 2935/3025/2201
f 2937/3027/2203 2939/3029/2205 2940/3030/2206
f 2940/3030/2206 2938/3028/2204 2937/3027/2203
f 2939/3029/2205 2941/3031/2207 2942/3032/2208
f 2942/3032/2208 2940/3030/2206 2939/3029/2205
f 2941/3031/2207 2904/2991/2167 2903/2994/2170
f 2903/2994/2170 2942/3032/2208 2941/3031/2207
f 2861/2952/2128 2860/2951/2127 2901/2992/2168
f 2901/2992/2168 2904/2991/2167 2861/2952/2128
f 2860/2951/2127 2864/2954/2130 2905/2995/2171
f 2905/2995/2171 2901/2992/2168 2860/2951/2127
f 2864/2954/2130 2866/2956/2132 2907/2997/2173
f 2907/2997/2173 2905/2995/2171 2864/2954/2130
f 2866/2956/2132 2868/2958/2134 2909/2999/2175
f 2909/2999/2175 2907/2997/2173 2866/2956/2132
f 2868/2958/2134 2870/2960/2136 2911/3001/2177
f 2911/3001/2177 2909/2999/2175 2868/2958/2134
f 2873/2964/2140 2872/2963/2139 2913/3004/2180
f 2913/3004/2180 2916/3003/2179 2873/2964/2140
f 2872/2963/2139 2876/2966/2142 2917/3007/2183
f 2917/3007/2183 2913/3004/2180 2872/2963/2139
f 2876/2966/2142 2878/2968/2144 2919/3009/2185
f 2919/3009/2185 2917/3007/2183 2876/2966/2142
f 2878/2968/2144 2880/2970/2146 2921/3011/2187
f 2921/3011/2187 2919/3009/2185 2878/2968/2144
f 2880/2970/2146 2882/2972/2148 2923/3013/2189
f 2923/3013/2189 2921/3011/2187 2880/2970/2146
f 2882/2972/2148 2884/2974/2150 2925/3015/2191
f 2925/3015/2191 2923/3013/2189 2882/2972/2148
f 2884/2974/2150 2886/2976/2152 2927/3017/2193
f 2927/3017/2193 2925/3015/2191 2884/2974/2150
f 2886/2976/2152 2888/2978/2154 2929/3019/2195
f 2929/3019/2195 2927/3017/2193 2886/2976/2152
f 2888/2978/2154 2890/2980/2156 2931/3021/2197
f 2931/3021/2197 2929/3019/2195 2888/2978/2154
f 2890/2980/2156 2892/2982/2158 2933/3023/2199
f 2933/3023/2199 2931/3021/2197 2890/2980/2156
f 2892/2982/2158 2894/2984/2160 2935/3025/2201
f 2935/3025/2201 2933/3023/2199 2892/2982/2158
f 2894/2984/2160 2896/2986/2162 2937/3027/2203
f 2937/3027/2203 2935/3025/2201 2894/2984/2160
f 2896/2986/2162 2898/2988/2164 2939/3029/2205
f 2939/3029/2205 2937/3027/2203 2896/2986/2162
f 2898/2988/2164 2900/2990/2166 2941/3031/2207
f 2941/3031/2207 2939/3029/2205 2898/2988/2164
f 2900/2990/2166 2861/2952/2128 2904/2991/2167
f 2904/2991/2167 2941/3031/2207 2900/2990/2166
f 2903/2994/2170 2902/2993/2169 2943/3033/2209
f 2943/3033/2209 2944/3034/2210 2903/2994/2170
f 2902/2993/2169 2906/2996/2172 2945/3035/2211
f 2945/3035/2211 2943/3033/2209 2902/2993/2169
f 2906/2996/2172 2908/2998/2174 2946/3036/2212
f 2946/3036/2212 2945/3035/2211 2906/2996/2172
f 2908/2998/2174 2910/3000/2176 2947/3037/2213
f 2947/3037/2213 2946/3036/2212 2908/2998/2174
f 2910/3000/2176 2912/3002/2178 2948/3038/2214
f 2948/3038/2214 2947/3037/2213 2910/3000/2176
f 2915/3006/2182 2914/3005/2181 2949/3039/2215
f 2949/3039/2215 2950/3040/2216 2915/3006/2182
f 2914/3005/2181 2918/3008/2184 2951/3041/2217
f 2951/3041/2217 2949/3039/2215 2914/3005/2181
f 2918/3008/2184 2920/3010/2186 2952/3042/2218
f 2952/3042/2218 2951/3041/2217 2918/3008/2184
f 2920/3010/2186 2922/3012/2188 2953/3043/2219
f 2953/3043/2219 2952/3042/2218 2920/3010/2186
f 2922/3012/2188 2924/3014/2190 2954/3044/2220
f 2954/3044/2220 2953/3043/2219 2922/3012/2188
f 2924/3014/2190 2926/3016/2192 2955/3045/2221
f 2955/3045/2221 2954/3044/2220 2924/3014/2190
f 2926/3016/2192 2928/3018/2194 2956/3046/2222
f 2956/3046/2222 2955/3045/2221 2926/3016/2192
f 2928/3018/2194 2930/3020/2196 2957/3047/2223
f 2957/3047/2223 2956/3046/2222 2928/3018/2194
f 2930/3020/2196 2932/3022/2198 2958/3048/2224
f 2958/3048/2224 2957/3047/2223 2930/3020/2196
f 2932/3022/2198 2934/3024/2200 2959/3049/2225
f 2959/3049/2225 2958/3048/2224 2932/3022/2198
f 2934/3024/2200 2936/3026/2202 2960/3050/2226
f 2960/3050/2226 2959/3049/2225 2934/3024/2200
f 2936/3026/2202 2938/3028/2204 2961/3051/2227
f 2961/3051/2227 2960/3050/2226 2936/3026/2202
f 2938/3028/2204 2940/3030/2206 2962/3052/2228
f 2962/3052/2228 2961/3051/2227 2938/3028/2204
f 2940/3030/2206 2942/3032/2208 2963/3053/2229
f 2963/3053/2229 2962/3052/2228 2940/3030/2206
f 2942/3032/2208 2903/2994/2170 2944/3034/2210
f 2944/3034/2210 2963/3053/2229 2942/3032/2208
f 2965/3054/2230 2964/3055/2231 2859/2950/2126
f 2859/2950/2126 2862/2949/2125 2965/3054/2230
f 2964/3055/2231 2966/3056/2232 2863/2953/2129
f 2863/2953/2129 2859/2950/2126 2964/3055/2231
f 2966/3056/2232 2967/3057/2233 2865/2955/2131
f 2865/2955/2131 2863/2953/2129 2966/3056/2232
f 2967/3057/2233 2968/3058/2234 2867/2957/2133
f 2867/2957/2133 2865/2955/2131 2967/3057/2233
f 2968/3058/2234 2969/3059/2235 2869/2959/2135
f 2869/2959/2135 2867/2957/2133 2968/3058/2234
f 2971/3060/2236 2970/3061/2237 2871/2962/2138
f 2871/2962/2138 2874/2961/2137 2971/3060/2236
f 2970/3061/2237 2972/3062/2238 2875/2965/2141
f 2875/2965/2141 2871/2962/2138 2970/3061/2237
f 2972/3062/2238 2973/3063/2239 2877/2967/2143
f 2877/2967/2143 2875/2965/2141 2972/3062/2238
f 2973/3063/2239 2974/3064/2240 2879/2969/2145
f 2879/2969/2145 2877/2967/2143 2973/3063/2239
f 2974/3064/2240 2975/3065/2241 2881/2971/2147
f 2881/2971/2147 2879/2969/2145 2974/3064/2240
f 2975/3065/2241 2976/3066/2242 2883/2973/2149
f 2883/2973/2149 2881/2971/2147 2975/3065/2241
f 2976/3066/2242 2977/3067/2243 2885/2975/2151
f 2885/2975/2151 2883/2973/2149 2976/3066/2242
f 2977/3067/2243 2978/3068/2244 2887/2977/2153
f 2887/2977/2153 2885/2975/2151 2977/3067/2243
f 2978/3068/2244 2979/3069/2245 2889/2979/2155
f 2889/2979/2155 2887/2977/2153 2978/3068/2244
f 2979/3069/2245 2980/3070/2246 2891/2981/2157
f 2891/2981/2157 2889/2979/2155 2979/3069/2245
f 2980/3070/2246 2981/3071/2247 2893/2983/2159
f 2893/2983/2159 2891/2981/2157 2980/3070/2246
f 2981/3071/2247 2982/3072/2248 2895/2985/2161
f 2895/2985/2161 2893/2983/2159 2981/3071/2247
f 2982/3072/2248 2983/3073/2249 2897/2987/2163
f 2897/2987/2163 2895/2985/2161 2982/3072/2248
f 2983/3073/2249 2984/3074/2250 2899/2989/2165
f 2899/2989/2165 2897/2987/2163 2983/3073/2249
f 2984/3074/2250 2965/3054/2230 2862/2949/2125
f 2862/2949/2125 2899/2989/2165 2984/3074/2250
f 2820/2907/2083 2819/2910/2086 2964/3055/2231
f 2964/3055/2231 2965/3054/2230 2820/2907/2083
f 2819/2910/2086 2822/2912/2088 2966/3056/2232
f 2966/3056/2232 2964/3055/2231 2819/2910/2086
f 2822/2912/2088 2824/2914/2090 2967/3057/2233
f 2967/3057/2233 2966/3056/2232 2822/2912/2088
f 2824/2914/2090 2826/2916/2092 2968/3058/2234
f 2968/3058/2234 2967/3057/2233 2824/2914/2090
f 2826/2916/2092 2828/2918/2094 2969/3059/2235
f 2969/3059/2235 2968/3058/2234 2826/2916/2092
f 2832/2919/2095 2831/2922/2098 2970/3061/2237
f 2970/3061/2237 2971/3060/2236 2832/2919/2095
f 2831/2922/2098 2834/2924/2100 2972/3062/2238
f 2972/3062/2238 2970/3061/2237 2831/2922/2098
f 2834/2924/2100 2836/2926/2102 2973/3063/2239
f 2973/3063/2239 2972/3062/2238 2834/2924/2100
f 2836/2926/2102 2838/2928/2104 2974/3064/2240
f 2974/3064/2240 2973/3063/2239 2836/2926/2102
f 2838/2928/2104 2840/2930/2106 2975/3065/2241
f 2975/3065/2241 2974/3064/2240 2838/2928/2104
f 2840/2930/2106 2842/2932/2108 2976/3066/2242
f 2976/3066/2242 2975/3065/2241 2840/2930/2106
f 2842/2932/2108 2844/2934/2110 2977/3067/2243
f 2977/3067/2243 2976/3066/2242 2842/2932/2108
f 2844/2934/2110 2846/2936/2112 2978/3068/2244
f 2978/3068/2244 2977/3067/2243 2844/2934/2110
f 2846/2936/2112 2848/2938/2114 2979/3069/2245
f 2979/3069/2245 2978/3068/2244 2846/2936/2112
f 2848/2938/2114 2850/2940/2116 2980/3070/2246
f 2980/3070/2246 2979/3069/2245 2848/2938/2114
f 2850/2940/2116 2852/2942/2118 2981/3071/2247
f 2981/3071/2247 2980/3070/2246 2850/2940/2116
f 2852/2942/2118 2854/2944/2120 2982/3072/2248
f 2982/3072/2248 2981/3071/2247 2852/2942/2118
f 2854/2944/2120 2856/2946/2122 2983/3073/2249
f 2983/3073/2249 2982/3072/2248 2854/2944/2120
f 2856/2946/2122 2858/2948/2124 2984/3074/2250
f 2984/3074/2250 2983/3073/2249 2856/2946/2122
f 2858/2948/2124 2820/2907/2083 2965/3054/2230
f 2965/3054/2230 2984/3074/2250 2858/2948/2124
f 2986/3075/2251 2818/2909/2085 2817/2908/2084
f 2817/2908/2084 2985/3076/2252 2986/3075/2251
f 2987/3077/2253 2821/2911/2087 2818/2909/2085
f 2818/2909/2085 2986/3075/2251 2987/3077/2253
f 2988/3078/2254 2823/2913/2089 2821/2911/2087
f 2821/2911/2087 2987/3077/2253 2988/3078/2254
f 2989/3079/2255 2825/2915/2091 2823/2913/2089
f 2823/2913/2089 2988/3078/2254 2989/3079/2255
f 2990/3080/2256 2827/2917/2093 2825/2915/2091
f 2825/2915/2091 2989/3079/2255 2990/3080/2256
f 2992/3081/2257 2830/2921/2097 2829/2920/2096
f 2829/2920/2096 2991/3082/2258 2992/3081/2257
f 2993/3083/2259 2833/2923/2099 2830/2921/2097
f 2830/2921/2097 2992/3081/2257 2993/3083/2259
f 2994/3084/2260 2835/2925/2101 2833/2923/2099
f 2833/2923/2099 2993/3083/2259 2994/3084/2260
f 2995/3085/2261 2837/2927/2103 2835/2925/2101
f 2835/2925/2101 2994/3084/2260 2995/3085/2261
f 2996/3086/2262 2839/2929/2105 2837/2927/2103
f 2837/2927/2103 2995/3085/2261 2996/3086/2262
f 2997/3087/2263 2841/2931/2107 2839/2929/2105
f 2839/2929/2105 2996/3086/2262 2997/3087/2263
f 2998/3088/2264 2843/2933/2109 2841/2931/2107
f 2841/2931/2107 2997/3087/2263 2998/3088/2264
f 2999/3089/2265 2845/2935/2111 2843/2933/2109
f 2843/2933/2109 2998/3088/2264 2999/3089/2265
f 3000/3090/2266 2847/2937/2113 2845/2935/2111
f 2845/2935/2111 2999/3089/2265 3000/3090/2266
f 3001/3091/2267 2849/2939/2115 2847/2937/2113
f 2847/2937/2113 3000/3090/2266 3001/3091/2267
f 3002/3092/2268 2851/2941/2117 2849/2939/2115
f 2849/2939/2115 3001/3091/2267 3002/3092/2268
f 3003/3093/2269 2853/2943/2119 2851/2941/2117
f 2851/2941/2117 3002/3092/2268 3003/3093/2269
f 3004/3094/2270 2855/2945/2121 2853/2943/2119
f 2853/2943/2119 3003/3093/2269 3004/3094/2270
f 3005/3095/2271 2857/2947/2123 2855/2945/2121
f 2855/2945/2121 3004/3094/2270 3005/3095/2271
f 2985/3076/2252 2817/2908/2084 2857/2947/2123
f 2857/2947/2123 3005/3095/2271 2985/3076/2252
f 3009/3096/2272 3006/3097/2272 3007/3098/2273
f 3007/3098/2273 3008/3099/2273 3009/3096/2272
f 3011/3100/2274 3010/3101/2274 3006/3097/2272
f 3006/3097/2272 3009/3096/2272 3011/3100/2274
f 3013/3102/2275 3012/3103/2275 3010/3101/2274
f 3010/3101/2274 3011/3100/2274 3013/3102/2275
f 3015/3104/2276 3014/3105/2276 3012/3103/2275
f 3012/3103/2275 3013/3102/2275 3015/3104/2276
f 3017/3106/2277 3016/3107/2277 3014/3105/2276
f 3014/3105/2276 3015/3104/2276 3017/3106/2277
f 3021/3108/2278 3018/3109/2278 3019/3110/2279
f 3019/3110/2279 3020/3111/2279 3021/3108/2278
f 3023/3112/2280 3022/3113/2280 3018/3109/2278
f 3018/3109/2278 3021/3108/2278 3023/3112/2280
f 3025/3114/2281 3024/3115/2281 3022/3113/2280
f 3022/3113/2280 3023/3112/2280 3025/3114/2281
f 3027/3116/2282 3026/3117/2282 3024/3115/2281
f 3024/3115/2281 3025/3114/2281 3027/3116/2282
f 3029/3118/2283 3028/3119/2283 3026/3117/2282
f 3026/3117/2282 3027/3116/2282 3029/3118/2283
f 3031/3120/2284 3030/3121/2284 3028/3119/2283
f 3028/3119/2283 3029/3118/2283 3031/3120/2284
f 3033/3122/2285 3032/3123/2285 3030/3121/2284
f 3030/3121/2284 3031/3120/2284 3033/3122/2285
f 3035/3124/2286 3034/3125/2286 3032/3123/2285
f 3032/3123/2285 3033/3122/2285 3035/3124/2286
f 3037/3126/2287 3036/3127/2287 3034/3125/2286
f 3034/3125/2286 3035/3124/2286 3037/3126/2287
f 3039/3128/2288 3038/3129/2288 3036/3127/2287
f 3036/3127/2287 3037/3126/2287 3039/3128/2288
f 3041/3130/2289 3040/3131/2289 3038/3129/2288
f 3038/3129/2288 3039/3128/2288 3041/3130/2289
f 3043/3132/2290 3042/3133/2290 3040/3131/2289
f 3040/3131/2289 3041/3130/2289 3043/3132/2290
f 3045/3134/2291 3044/3135/2291 3042/3133/2290
f 3042/3133/2290 3043/3132/2290 3045/3134/2291
f 3047/3136/2292 3046/3137/2292 3044/3135/2291
f 3044/3135/2291 3045/3134/2291 3047/3136/2292
f 3008/3099/2273 3007/3098/2273 3046/3137/2292
f 3046/3137/2292 3047/3136/2292 3008/3099/2273
f 3051/3138/2293 3048/3139/2293 3049/3140/2294
f 3049/3140/2294 3050/3141/2294 3051/3138/2293
f 3053/3142/2295 3052/3143/2295 3048/3139/2293
f 3048/3139/2293 3051/3138/2293 3053/3142/2295
f 3055/3144/2296 3054/3145/2296 3052/3143/2295
f 3052/3143/2295 3053/3142/2295 3055/3144/2296
f 3057/3146/2297 3056/3147/2297 3054/3145/2296
f 3054/3145/2296 3055/3144/2296 3057/3146/2297
f 3059/3148/2298 3058/3149/2298 3056/3147/2297
f 3056/3147/2297 3057/3146/2297 3059/3148/2298
f 3063/3150/2299 3060/3151/2299 3061/3152/2300
f 3061/3152/2300 3062/3153/2300 3063/3150/2299
f 3065/3154/2301 3064/3155/2301 3060/3151/2299
f 3060/3151/2299 3063/3150/2299 3065/3154/2301
f 3067/3156/2302 3066/3157/2302 3064/3155/2301
f 3064/3155/2301 3065/3154/2301 3067/3156/2302
f 3069/3158/2303 3068/3159/2303 3066/3157/2302
f 3066/3157/2302 3067/3156/2302 3069/3158/2303
f 3071/3160/2304 3070/3161/2304 3068/3159/2303
f 3068/3159/2303 3069/3158/2303 3071/3160/2304
f 3073/3162/2305 3072/3163/2305 3070/3161/2304
f 3070/3161/2304 3071/3160/2304 3073/3162/2305
f 3075/3164/2306 3074/3165/2306 3072/3163/2305
f 3072/3163/2305 3073/3162/2305 3075/3164/2306
f 3077/3166/2307 3076/3167/2307 3074/3165/2306
f 3074/3165/2306 3075/3164/2306 3077/3166/2307
f 3079/3168/2308 3078/3169/2308 3076/3167/2307
f 3076/3167/2307 3077/3166/2307 3079/3168/2308
f 3081/3170/2309 3080/3171/2309 3078/3169/2308
f 3078/3169/2308 3079/3168/2308 3081/3170/2309
f 3083/3172/2310 3082/3173/2310 3080/3171/2309
f 3080/3171/2309 3081/3170/2309 3083/3172/2310
f 3085/3174/2311 3084/3175/2311 3082/3173/2310
f 3082/3173/2310 3083/3172/2310 3085/3174/2311
f 3087/3176/2312 3086/3177/2312 3084/3175/2311
f 3084/3175/2311 3085/3174/2311 3087/3176/2312
f 3089/3178/2313 3088/3179/2313 3086/3177/2312
f 3086/3177/2312 3087/3176/2312 3089/3178/2313
f 3050/3141/2294 3049/3140/2294 3088/3179/2313
f 3088/3179/2313 3089/3178/2313 3050/3141/2294
f 3135/3180/671 3132/3181/671 3133/3182/670
f 3133/3182/670 3134/3183/670 3135/3180/671
f 3137/3184/672 3136/3185/672 3132/3181/671
f 3132/3181/671 3135/3180/671 3137/3184/672
f 3139/3186/673 3138/3187/673 3136/3185/672
f 3136/3185/672 3137/3184/672 3139/3186/673
f 3141/3188/674 3140/3189/674 3138/3187/673
f 3138/3187/673 3139/3186/673 3141/3188/674
f 3143/3190/675 3142/3191/675 3140/3189/674
f 3140/3189/674 3141/3188/674 3143/3190/675
f 3147/3192/677 3144/3193/677 3145/3194/676
f 3145/3194/676 3146/3195/676 3147/3192/677
f 3149/3196/678 3148/3197/678 3144/3193/677
f 3144/3193/677 3147/3192/677 3149/3196/678
f 3151/3198/679 3150/3199/679 3148/3197/678
f 3148/3197/678 3149/3196/678 3151/3198/679
f 3153/3200/680 3152/3201/680 3150/3199/679
f 3150/3199/679 3151/3198/679 3153/3200/680
f 3155/3202/681 3154/3203/681 3152/3201/680
f 3152/3201/680 3153/3200/680 3155/3202/681
f 3157/3204/682 3156/3205/682 3154/3203/681
f 3154/3203/681 3155/3202/681 3157/3204/682
f 3159/3206/683 3158/3207/683 3156/3205/682
f 3156/3205/682 3157/3204/682 3159/3206/683
f 3161/3208/684 3160/3209/684 3158/3207/683
f 3158/3207/683 3159/3206/683 3161/3208/684
f 3163/3210/685 3162/3211/685 3160/3209/684
f 3160/3209/684 3161/3208/684 3163/3210/685
f 3165/3212/43 3164/3213/43 3162/3211/685
f 3162/3211/685 3163/3210/685 3165/3212/43
f 3167/3214/686 3166/3215/686 3164/3213/43
f 3164/3213/43 3165/3212/43 3167/3214/686
f 3169/3216/687 3168/3217/687 3166/3215/686
f 3166/3215/686 3167/3214/686 3169/3216/687
f 3171/3218/688 3170/3219/688 3168/3217/687
f 3168/3217/687 3169/3216/687 3171/3218/688
f 3173/3220/689 3172/3221/689 3170/3219/688
f 3170/3219/688 3171/3218/688 3173/3220/689
f 3134/3183/670 3133/3182/670 3172/3221/689
f 3172/3221/689 3173/3220/689 3134/3183/670
f 3177/3222/2314 3174/3223/2315 3175/3224/2316
f 3175/3224/2316 3176/3225/2317 3177/3222/2314
f 3179/3226/2318 3178/3227/2319 3174/3223/2315
f 3174/3223/2315 3177/3222/2314 3179/3226/2318
f 3181/3228/2320 3180/3229/2321 3178/3227/2319
f 3178/3227/2319 3179/3226/2318 3181/3228/2320
f 3183/3230/2322 3182/3231/2323 3180/3229/2321
f 3180/3229/2321 3181/3228/2320 3183/3230/2322
f 3185/3232/2324 3184/3233/2325 3182/3231/2323
f 3182/3231/2323 3183/3230/2322 3185/3232/2324
f 3187/3234/2326 3186/3235/2327 3184/3233/2325
f 3184/3233/2325 3185/3232/2324 3187/3234/2326
f 3189/3236/2328 3188/3237/2329 3186/3235/2327
f 3186/3235/2327 3187/3234/2326 3189/3236/2328
f 3191/3238/2330 3190/3239/2331 3188/3237/2329
f 3188/3237/2329 3189/3236/2328 3191/3238/2330
f 3193/3240/2332 3192/3241/2333 3190/3239/2331
f 3190/3239/2331 3191/3238/2330 3193/3240/2332
f 3195/3242/2334 3194/3243/2335 3192/3241/2333
f 3192/3241/2333 3193/3240/2332 3195/3242/2334
f 3197/3244/2336 3196/3245/2337 3194/3243/2335
f 3194/3243/2335 3195/3242/2334 3197/3244/2336
f 3199/3246/2338 3198/3247/2339 3196/3245/2337
f 3196/3245/2337 3197/3244/2336 3199/3246/2338
f 3201/3248/2340 3200/3249/2341 3198/3247/2339
f 3198/3247/2339 3199/3246/2338 3201/3248/2340
f 3203/3250/2342 3202/3251/2343 3200/3249/2341
f 3200/3249/2341 3201/3248/2340 3203/3250/2342
f 3205/3252/2344 3204/3253/2345 3202/3251/2343
f 3202/3251/2343 3203/3250/2342 3205/3252/2344
f 3207/3254/2346 3206/3255/2347 3204/3253/2345
f 3204/3253/2345 3205/3252/2344 3207/3254/2346
f 3209/3256/2348 3208/3257/2349 3206/3255/2347
f 3206/3255/2347 3207/3254/2346 3209/3256/2348
f 3211/3258/2350 3210/3259/2351 3208/3257/2349
f 3208/3257/2349 3209/3256/2348 3211/3258/2350
f 3213/3260/2352 3212/3261/2353 3210/3259/2351
f 3210/3259/2351 3211/3258/2350 3213/3260/2352
f 3176/3225/2317 3175/3224/2316 3212/3261/2353
f 3212/3261/2353 3213/3260/2352 3176/3225/2317
f 3217/3262/42 3214/3263/42 3215/3264/42
f 3215/3264/42 3216/3265/42 3217/3262/42
f 3219/3266/42 3218/3267/42 3214/3263/42
f 3214/3263/42 3217/3262/42 3219/3266/42
f 3221/3268/42 3220/3269/42 3218/3267/42
f 3218/3267/42 3219/3266/42 3221/3268/42
f 3223/3270/42 3222/3271/42 3220/3269/42
f 3220/3269/42 3221/3268/42 3223/3270/42
f 3225/3272/42 3224/3273/42 3222/3271/42
f 3222/3271/42 3223/3270/42 3225/3272/42
f 3227/3274/42 3226/3275/42 3224/3273/42
f 3224/3273/42 3225/3272/42 3227/3274/42
f 3229/3276/42 3228/3277/42 3226/3275/42
f 3226/3275/42 3227/3274/42 3229/3276/42
f 3231/3278/42 3230/3279/42 3228/3277/42
f 3228/3277/42 3229/3276/42 3231/3278/42
f 3233/3280/42 3232/3281/42 3230/3279/42
f 3230/3279/42 3231/3278/42 3233/3280/42
f 3193/3240/2332 3199/3246/2338 3197/3244/2336
f 3197/3244/2336 3195/3242/2334 3193/3240/2332
f 3191/3238/2330 3201/3248/2340 3199/3246/2338
f 3199/3246/2338 3193/3240/2332 3191/3238/2330
f 3189/3236/2328 3203/3250/2342 3201/3248/2340
f 3201/3248/2340 3191/3238/2330 3189/3236/2328
f 3187/3234/2326 3205/3252/2344 3203/3250/2342
f 3203/3250/2342 3189/3236/2328 3187/3234/2326
f 3185/3232/2324 3207/3254/2346 3205/3252/2344
f 3205/3252/2344 3187/3234/2326 3185/3232/2324
f 3183/3230/2322 3209/3256/2348 3207/3254/2346
f 3207/3254/2346 3185/3232/2324 3183/3230/2322
f 3181/3228/2320 3211/3258/2350 3209/3256/2348
f 3209/3256/2348 3183/3230/2322 3181/3228/2320
f 3179/3226/2318 3213/3260/2352 3211/3258/2350
f 3211/3258/2350 3181/3228/2320 3179/3226/2318
f 3177/3222/2314 3176/3225/2317 3213/3260/2352
f 3213/3260/2352 3179/3226/2318 3177/3222/2314
f 3237/3282/2354 3234/3283/2355 3235/3284/2355
f 3235/3284/2355 3236/3285/2354 3237/3282/2354
f 3239/3286/2356 3237/3282/2354 3236/3285/2354
f 3236/3285/2354 3238/3287/2356 3239/3286/2356
f 3241/3288/2357 3239/3286/2356 3238/3287/2356
f 3238/3287/2356 3240/3289/2357 3241/3288/2357
f 3243/3290/2358 3241/3288/2357 3240/3289/2357
f 3240/3289/2357 3242/3291/2358 3243/3290/2358
f 3245/3292/2359 3243/3290/2358 3242/3291/2358
f 3242/3291/2358 3244/3293/2359 3245/3292/2359
f 3249/3294/2360 3246/3295/2361 3247/3296/2361
f 3247/3296/2361 3248/3297/2360 3249/3294/2360
f 3251/3298/2362 3249/3294/2360 3248/3297/2360
f 3248/3297/2360 3250/3299/2362 3251/3298/2362
f 3253/3300/2363 3251/3298/2362 3250/3299/2362
f 3250/3299/2362 3252/3301/2363 3253/3300/2363
f 3255/3302/2364 3253/3300/2363 3252/3301/2363
f 3252/3301/2363 3254/3303/2364 3255/3302/2364
f 3257/3304/2365 3255/3302/2364 3254/3303/2364
f 3254/3303/2364 3256/3305/2365 3257/3304/2365
f 3259/3306/2366 3257/3304/2365 3256/3305/2365
f 3256/3305/2365 3258/3307/2366 3259/3306/2366
f 3261/3308/2367 3259/3306/2366 3258/3307/2366
f 3258/3307/2366 3260/3309/2367 3261/3308/2367
f 3263/3310/2368 3261/3308/2367 3260/3309/2367
f 3260/3309/2367 3262/3311/2368 3263/3310/2368
f 3265/3312/2369 3263/3310/2368 3262/3311/2368
f 3262/3311/2368 3264/3313/2369 3265/3312/2369
f 3267/3314/2370 3265/3312/2369 3264/3313/2369
f 3264/3313/2369 3266/3315/2370 3267/3314/2370
f 3269/3316/2371 3267/3314/2370 3266/3315/2370
f 3266/3315/2370 3268/3317/2371 3269/3316/2371
f 3271/3318/2372 3269/3316/2371 3268/3317/2371
f 3268/3317/2371 3270/3319/2372 3271/3318/2372
f 3273/3320/2373 3271/3318/2372 3270/3319/2372
f 3270/3319/2372 3272/3321/2373 3273/3320/2373
f 3275/3322/2374 3273/3320/2373 3272/3321/2373
f 3272/3321/2373 3274/3323/2374 3275/3322/2374
f 3234/3283/2355 3275/3322/2374 3274/3323/2374
f 3274/3323/2374 3235/3284/2355 3234/3283/2355
f 3279/3324/2375 3276/3325/42 3277/3326/2376
f 3277/3326/2376 3278/3327/2377 3279/3324/2375
f 3281/3328/681 3279/3324/2375 3278/3327/2377
f 3278/3327/2377 3280/3329/2378 3281/3328/681
f 3283/3330/2379 3281/3328/681 3280/3329/2378
f 3280/3329/2378 3282/3331/2380 3283/3330/2379
f 3285/3332/2381 3283/3330/2379 3282/3331/2380
f 3282/3331/2380 3284/3333/2382 3285/3332/2381
f 3289/3334/2383 3286/3335/2384 3287/3336/2385
f 3287/3336/2385 3288/3337/2386 3289/3334/2383
f 3291/3338/670 3289/3334/2383 3288/3337/2386
f 3288/3337/2386 3290/3339/2387 3291/3338/670
f 3293/3340/2388 3291/3338/670 3290/3339/2387
f 3290/3339/2387 3292/3341/2389 3293/3340/2388
f 3276/3325/42 3293/3340/2388 3292/3341/2389
f 3292/3341/2389 3277/3326/2376 3276/3325/42
f 3278/3327/2377 3277/3326/2376 3294/3342/2390
f 3294/3342/2390 3295/3343/2391 3278/3327/2377
f 3280/3329/2378 3278/3327/2377 3295/3343/2391
f 3295/3343/2391 3296/3344/2392 3280/3329/2378
f 3282/3331/2380 3280/3329/2378 3296/3344/2392
f 3296/3344/2392 3297/3345/2393 3282/3331/2380
f 3284/3333/2382 3282/3331/2380 3297/3345/2393
f 3297/3345/2393 3298/3346/2394 3284/3333/2382
f 3288/3337/2386 3287/3336/2385 3299/3347/2395
f 3299/3347/2395 3300/3348/2396 3288/3337/2386
f 3290/3339/2387 3288/3337/2386 3300/3348/2396
f 3300/3348/2396 3301/3349/2397 3290/3339/2387
f 3292/3341/2389 3290/3339/2387 3301/3349/2397
f 3301/3349/2397 3302/3350/2398 3292/3341/2389
f 3277/3326/2376 3292/3341/2389 3302/3350/2398
f 3302/3350/2398 3294/3342/2390 3277/3326/2376
f 3295/3343/2391 3294/3342/2390 3303/3351/2399
f 3303/3351/2399 3304/3352/2400 3295/3343/2391
f 3296/3344/2392 3295/3343/2391 3304/3352/2400
f 3304/3352/2400 3305/3353/2401 3296/3344/2392
f 3297/3345/2393 3296/3344/2392 3305/3353/2401
f 3305/3353/2401 3306/3354/2402 3297/3345/2393
f 3298/3346/2394 3297/3345/2393 3306/3354/2402
f 3306/3354/2402 3307/3355/2403 3298/3346/2394
f 3300/3348/2396 3299/3347/2395 3308/3356/2404
f 3308/3356/2404 3309/3357/2405 3300/3348/2396
f 3301/3349/2397 3300/3348/2396 3309/3357/2405
f 3309/3357/2405 3310/3358/2406 3301/3349/2397
f 3302/3350/2398 3301/3349/2397 3310/3358/2406
f 3310/3358/2406 3311/3359/2407 3302/3350/2398
f 3294/3342/2390 3302/3350/2398 3311/3359/2407
f 3311/3359/2407 3303/3351/2399 3294/3342/2390
f 3315/3360/2408 3312/3361/2409 3313/3362/2410
f 3313/3362/2410 3314/3363/2411 3315/3360/2408
f 3317/3364/2412 3315/3360/2408 3314/3363/2411
f 3314/3363/2411 3316/3365/2413 3317/3364/2412
f 3319/3366/2414 3317/3364/2412 3316/3365/2413
f 3316/3365/2413 3318/3367/2415 3319/3366/2414
f 3321/3368/2416 3319/3366/2414 3318/3367/2415
f 3318/3367/2415 3320/3369/2417 3321/3368/2416
f 3325/3370/2418 3322/3371/2419 3323/3372/2420
f 3323/3372/2420 3324/3373/2421 3325/3370/2418
f 3327/3374/2422 3325/3370/2418 3324/3373/2421
f 3324/3373/2421 3326/3375/2423 3327/3374/2422
f 3329/3376/2424 3327/3374/2422 3326/3375/2423
f 3326/3375/2423 3328/3377/2425 3329/3376/2424
f 3312/3361/2409 3329/3376/2424 3328/3377/2425
f 3328/3377/2425 3313/3362/2410 3312/3361/2409
f 3314/3363/2411 3313/3362/2410 3330/3378/2426
f 3330/3378/2426 3331/3379/2427 3314/3363/2411
f 3316/3365/2413 3314/3363/2411 3331/3379/2427
f 3331/3379/2427 3332/3380/2428 3316/3365/2413
f 3318/3367/2415 3316/3365/2413 3332/3380/2428
f 3332/3380/2428 3333/3381/2429 3318/3367/2415
f 3320/3369/2417 3318/3367/2415 3333/3381/2429
f 3333/3381/2429 3334/3382/2430 3320/3369/2417
f 3324/3373/2421 3323/3372/2420 3335/3383/2431
f 3335/3383/2431 3336/3384/2432 3324/3373/2421
f 3326/3375/2423 3324/3373/2421 3336/3384/2432
f 3336/3384/2432 3337/3385/2433 3326/3375/2423
f 3328/3377/2425 3326/3375/2423 3337/3385/2433
f 3337/3385/2433 3338/3386/2434 3328/3377/2425
f 3313/3362/2410 3328/3377/2425 3338/3386/2434
f 3338/3386/2434 3330/3378/2426 3313/3362/2410
f 3331/3379/2427 3330/3378/2426 3339/3387/2435
f 3339/3387/2435 3340/3388/2436 3331/3379/2427
f 3332/3380/2428 3331/3379/2427 3340/3388/2436
f 3340/3388/2436 3341/3389/2437 3332/3380/2428
f 3333/3381/2429 3332/3380/2428 3341/3389/2437
f 3341/3389/2437 3342/3390/2438 3333/3381/2429
f 3334/3382/2430 3333/3381/2429 3342/3390/2438
f 3342/3390/2438 3343/3391/2439 3334/3382/2430
f 3336/3384/2432 3335/3383/2431 3344/3392/2440
f 3344/3392/2440 3345/3393/2441 3336/3384/2432
f 3337/3385/2433 3336/3384/2432 3345/3393/2441
f 3345/3393/2441 3346/3394/2442 3337/3385/2433
f 3338/3386/2434 3337/3385/2433 3346/3394/2442
f 3346/3394/2442 3347/3395/2443 3338/3386/2434
f 3330/3378/2426 3338/3386/2434 3347/3395/2443
f 3347/3395/2443 3339/3387/2435 3330/3378/2426
f 3351/3396/2444 3348/3397/2445 3349/3398/2446
f 3349/3398/2446 3350/3399/2447 3351/3396/2444
f 3353/3400/2448 3351/3396/2444 3350/3399/2447
f 3350/3399/2447 3352/3401/2449 3353/3400/2448
f 3355/3402/2450 3353/3400/2448 3352/3401/2449
f 3352/3401/2449 3354/3403/2451 3355/3402/2450
f 3357/3404/2452 3355/3402/2450 3354/3403/2451
f 3354/3403/2451 3356/3405/2453 3357/3404/2452
f 3361/3406/2454 3358/3407/2455 3359/3408/2456
f 3359/3408/2456 3360/3409/2457 3361/3406/2454
f 3363/3410/2458 3361/3406/2454 3360/3409/2457
f 3360/3409/2457 3362/3411/2459 3363/3410/2458
f 3365/3412/2460 3363/3410/2458 3362/3411/2459
f 3362/3411/2459 3364/3413/2461 3365/3412/2460
f 3348/3397/2445 3365/3412/2460 3364/3413/2461
f 3364/3413/2461 3349/3398/2446 3348/3397/2445
f 3350/3399/2447 3349/3398/2446 3366/3414/2462
f 3366/3414/2462 3367/3415/2463 3350/3399/2447
f 3352/3401/2449 3350/3399/2447 3367/3415/2463
f 3367/3415/2463 3368/3416/2464 3352/3401/2449
f 3354/3403/2451 3352/3401/2449 3368/3416/2464
f 3368/3416/2464 3369/3417/2465 3354/3403/2451
f 3356/3405/2453 3354/3403/2451 3369/3417/2465
f 3369/3417/2465 3370/3418/2466 3356/3405/2453
f 3360/3409/2457 3359/3408/2456 3371/3419/2467
f 3371/3419/2467 3372/3420/2468 3360/3409/2457
f 3362/3411/2459 3360/3409/2457 3372/3420/2468
f 3372/3420/2468 3373/3421/2469 3362/3411/2459
f 3364/3413/2461 3362/3411/2459 3373/3421/2469
f 3373/3421/2469 3374/3422/2470 3364/3413/2461
f 3349/3398/2446 3364/3413/2461 3374/3422/2470
f 3374/3422/2470 3366/3414/2462 3349/3398/2446
f 3367/3415/2463 3366/3414/2462 3375/3423/2471
f 3375/3423/2471 3376/3424/2472 3367/3415/2463
f 3368/3416/2464 3367/3415/2463 3376/3424/2472
f 3376/3424/2472 3377/3425/2473 3368/3416/2464
f 3369/3417/2465 3368/3416/2464 3377/3425/2473
f 3377/3425/2473 3378/3426/2474 3369/3417/2465
f 3370/3418/2466 3369/3417/2465 3378/3426/2474
f 3378/3426/2474 3379/3427/2475 3370/3418/2466
f 3372/3420/2468 3371/3419/2467 3380/3428/2476
f 3380/3428/2476 3381/3429/2477 3372/3420/2468
f 3373/3421/2469 3372/3420/2468 3381/3429/2477
f 3381/3429/2477 3382/3430/2478 3373/3421/2469
f 3374/3422/2470 3373/3421/2469 3382/3430/2478
f 3382/3430/2478 3383/3431/2479 3374/3422/2470
f 3366/3414/2462 3374/3422/2470 3383/3431/2479
f 3383/3431/2479 3375/3423/2471 3366/3414/2462
f 3376/3424/2472 3375/3423/2471 3384/3432/2480
f 3384/3432/2480 3385/3433/2481 3376/3424/2472
f 3377/3425/2473 3376/3424/2472 3385/3433/2481
f 3385/3433/2481 3386/3434/2482 3377/3425/2473
f 3378/3426/2474 3377/3425/2473 3386/3434/2482
f 3386/3434/2482 3387/3435/2483 3378/3426/2474
f 3379/3427/2475 3378/3426/2474 3387/3435/2483
f 3387/3435/2483 3388/3436/2484 3379/3427/2475
f 3381/3429/2477 3380/3428/2476 3389/3437/2485
f 3389/3437/2485 3390/3438/2486 3381/3429/2477
f 3382/3430/2478 3381/3429/2477 3390/3438/2486
f 3390/3438/2486 3391/3439/2487 3382/3430/2478
f 3383/3431/2479 3382/3430/2478 3391/3439/2487
f 3391/3439/2487 3392/3440/2488 3383/3431/2479
f 3375/3423/2471 3383/3431/2479 3392/3440/2488
f 3392/3440/2488 3384/3432/2480 3375/3423/2471
f 3385/3433/2481 3384/3432/2480 3393/3441/2489
f 3393/3441/2489 3394/3442/2490 3385/3433/2481
f 3386/3434/2482 3385/3433/2481 3394/3442/2490
f 3394/3442/2490 3395/3443/2491 3386/3434/2482
f 3387/3435/2483 3386/3434/2482 3395/3443/2491
f 3395/3443/2491 3396/3444/2492 3387/3435/2483
f 3388/3436/2484 3387/3435/2483 3396/3444/2492
f 3396/3444/2492 3397/3445/2493 3388/3436/2484
f 3390/3438/2486 3389/3437/2485 3398/3446/2494
f 3398/3446/2494 3399/3447/2495 3390/3438/2486
f 3391/3439/2487 3390/3438/2486 3399/3447/2495
f 3399/3447/2495 3400/3448/2496 3391/3439/2487
f 3392/3440/2488 3391/3439/2487 3400/3448/2496
f 3400/3448/2496 3401/3449/2497 3392/3440/2488
f 3384/3432/2480 3392/3440/2488 3401/3449/2497
f 3401/3449/2497 3393/3441/2489 3384/3432/2480
f 3394/3442/2490 3393/3441/2489 3402/3450/2498
f 3402/3450/2498 3403/3451/2499 3394/3442/2490
f 3395/3443/2491 3394/3442/2490 3403/3451/2499
f 3403/3451/2499 3404/3452/2500 3395/3443/2491
f 3396/3444/2492 3395/3443/2491 3404/3452/2500
f 3404/3452/2500 3405/3453/2501 3396/3444/2492
f 3397/3445/2493 3396/3444/2492 3405/3453/2501
f 3405/3453/2501 3406/3454/2502 3397/3445/2493
f 3399/3447/2495 3398/3446/2494 3407/3455/2503
f 3407/3455/2503 3408/3456/2504 3399/3447/2495
f 3400/3448/2496 3399/3447/2495 3408/3456/2504
f 3408/3456/2504 3409/3457/2505 3400/3448/2496
f 3401/3449/2497 3400/3448/2496 3409/3457/2505
f 3409/3457/2505 3410/3458/2506 3401/3449/2497
f 3393/3441/2489 3401/3449/2497 3410/3458/2506
f 3410/3458/2506 3402/3450/2498 3393/3441/2489
f 3403/3451/2499 3402/3450/2498 3411/3459/2507
f 3411/3459/2507 3412/3460/2508 3403/3451/2499
f 3404/3452/2500 3403/3451/2499 3412/3460/2508
f 3412/3460/2508 3413/3461/2509 3404/3452/2500
f 3405/3453/2501 3404/3452/2500 3413/3461/2509
f 3413/3461/2509 3414/3462/2510 3405/3453/2501
f 3406/3454/2502 3405/3453/2501 3414/3462/2510
f 3414/3462/2510 3415/3463/2511 3406/3454/2502
f 3408/3456/2504 3407/3455/2503 3416/3464/2512
f 3416/3464/2512 3417/3465/2513 3408/3456/2504
f 3409/3457/2505 3408/3456/2504 3417/3465/2513
f 3417/3465/2513 3418/3466/2514 3409/3457/2505
f 3410/3458/2506 3409/3457/2505 3418/3466/2514
f 3418/3466/2514 3419/3467/2515 3410/3458/2506
f 3402/3450/2498 3410/3458/2506 3419/3467/2515
f 3419/3467/2515 3411/3459/2507 3402/3450/2498
f 3412/3460/2508 3411/3459/2507 3420/3468/2516
f 3420/3468/2516 3421/3469/2517 3412/3460/2508
f 3413/3461/2509 3412/3460/2508 3421/3469/2517
f 3421/3469/2517 3422/3470/2518 3413/3461/2509
f 3414/3462/2510 3413/3461/2509 3422/3470/2518
f 3422/3470/2518 3423/3471/2519 3414/3462/2510
f 3415/3463/2511 3414/3462/2510 3423/3471/2519
f 3423/3471/2519 3424/3472/2520 3415/3463/2511
f 3417/3465/2513 3416/3464/2512 3425/3473/2521
f 3425/3473/2521 3426/3474/2522 3417/3465/2513
f 3418/3466/2514 3417/3465/2513 3426/3474/2522
f 3426/3474/2522 3427/3475/2523 3418/3466/2514
f 3419/3467/2515 3418/3466/2514 3427/3475/2523
f 3427/3475/2523 3428/3476/2524 3419/3467/2515
f 3411/3459/2507 3419/3467/2515 3428/3476/2524
f 3428/3476/2524 3420/3468/2516 3411/3459/2507
f 3421/3469/2517 3420/3468/2516 3429/3477/2525
f 3429/3477/2525 3430/3478/2526 3421/3469/2517
f 3422/3470/2518 3421/3469/2517 3430/3478/2526
f 3430/3478/2526 3431/3479/2527 3422/3470/2518
f 3423/3471/2519 3422/3470/2518 3431/3479/2527
f 3431/3479/2527 3432/3480/2528 3423/3471/2519
f 3424/3472/2520 3423/3471/2519 3432/3480/2528
f 3432/3480/2528 3433/3481/2529 3424/3472/2520
f 3426/3474/2522 3425/3473/2521 3434/3482/2530
f 3434/3482/2530 3435/3483/2531 3426/3474/2522
f 3427/3475/2523 3426/3474/2522 3435/3483/2531
f 3435/3483/2531 3436/3484/2532 3427/3475/2523
f 3428/3476/2524 3427/3475/2523 3436/3484/2532
f 3436/3484/2532 3437/3485/2533 3428/3476/2524
f 3420/3468/2516 3428/3476/2524 3437/3485/2533
f 3437/3485/2533 3429/3477/2525 3420/3468/2516
f 3430/3478/2526 3429/3477/2525 3438/3486/2534
f 3438/3486/2534 3439/3487/2535 3430/3478/2526
f 3431/3479/2527 3430/3478/2526 3439/3487/2535
f 3439/3487/2535 3440/3488/2536 3431/3479/2527
f 3432/3480/2528 3431/3479/2527 3440/3488/2536
f 3440/3488/2536 3441/3489/2537 3432/3480/2528
f 3433/3481/2529 3432/3480/2528 3441/3489/2537
f 3441/3489/2537 3442/3490/2538 3433/3481/2529
f 3435/3483/2531 3434/3482/2530 3443/3491/2539
f 3443/3491/2539 3444/3492/2540 3435/3483/2531
f 3436/3484/2532 3435/3483/2531 3444/3492/2540
f 3444/3492/2540 3445/3493/2541 3436/3484/2532
f 3437/3485/2533 3436/3484/2532 3445/3493/2541
f 3445/3493/2541 3446/3494/2542 3437/3485/2533
f 3429/3477/2525 3437/3485/2533 3446/3494/2542
f 3446/3494/2542 3438/3486/2534 3429/3477/2525
f 3439/3487/2535 3438/3486/2534 3447/3495/2543
f 3447/3495/2543 3448/3496/2544 3439/3487/2535
f 3440/3488/2536 3439/3487/2535 3448/3496/2544
f 3448/3496/2544 3449/3497/2545 3440/3488/2536
f 3441/3489/2537 3440/3488/2536 3449/3497/2545
f 3449/3497/2545 3450/3498/2546 3441/3489/2537
f 3442/3490/2538 3441/3489/2537 3450/3498/2546
f 3450/3498/2546 3451/3499/2547 3442/3490/2538
f 3444/3492/2540 3443/3491/2539 3452/3500/2548
f 3452/3500/2548 3453/3501/2549 3444/3492/2540
f 3445/3493/2541 3444/3492/2540 3453/3501/2549
f 3453/3501/2549 3454/3502/2550 3445/3493/2541
f 3446/3494/2542 3445/3493/2541 3454/3502/2550
f 3454/3502/2550 3455/3503/2551 3446/3494/2542
f 3438/3486/2534 3446/3494/2542 3455/3503/2551
f 3455/3503/2551 3447/3495/2543 3438/3486/2534
f 3459/3504/2552 3456/3505/2553 3457/3506/2554
f 3457/3506/2554 3458/3507/2555 3459/3504/2552
f 3461/3508/2556 3459/3504/2552 3458/3507/2555
f 3458/3507/2555 3460/3509/2557 3461/3508/2556
f 3463/3510/2558 3461/3508/2556 3460/3509/2557
f 3460/3509/2557 3462/3511/2559 3463/3510/2558
f 3465/3512/2560 3463/3510/2558 3462/3511/2559
f 3462/3511/2559 3464/3513/2561 3465/3512/2560
f 3469/3514/2562 3466/3515/2563 3467/3516/2564
f 3467/3516/2564 3468/3517/2565 3469/3514/2562
f 3471/3518/2566 3469/3514/2562 3468/3517/2565
f 3468/3517/2565 3470/3519/2567 3471/3518/2566
f 3473/3520/2568 3471/3518/2566 3470/3519/2567
f 3470/3519/2567 3472/3521/2569 3473/3520/2568
f 3456/3505/2553 3473/3520/2568 3472/3521/2569
f 3472/3521/2569 3457/3506/2554 3456/3505/2553
f 3458/3507/2555 3457/3506/2554 3474/3522/2570
f 3474/3522/2570 3475/3523/2571 3458/3507/2555
f 3460/3509/2557 3458/3507/2555 3475/3523/2571
f 3475/3523/2571 3476/3524/2572 3460/3509/2557
f 3462/3511/2559 3460/3509/2557 3476/3524/2572
f 3476/3524/2572 3477/3525/2573 3462/3511/2559
f 3464/3513/2561 3462/3511/2559 3477/3525/2573
f 3477/3525/2573 3478/3526/2574 3464/3513/2561
f 3468/3517/2565 3467/3516/2564 3479/3527/2575
f 3479/3527/2575 3480/3528/2576 3468/3517/2565
f 3470/3519/2567 3468/3517/2565 3480/3528/2576
f 3480/3528/2576 3481/3529/2577 3470/3519/2567
f 3472/3521/2569 3470/3519/2567 3481/3529/2577
f 3481/3529/2577 3482/3530/2578 3472/3521/2569
f 3457/3506/2554 3472/3521/2569 3482/3530/2578
f 3482/3530/2578 3474/3522/2570 3457/3506/2554
f 3475/3523/2571 3474/3522/2570 3483/3531/2579
f 3483/3531/2579 3484/3532/2580 3475/3523/2571
f 3476/3524/2572 3475/3523/2571 3484/3532/2580
f 3484/3532/2580 3485/3533/2581 3476/3524/2572
f 3477/3525/2573 3476/3524/2572 3485/3533/2581
f 3485/3533/2581 3486/3534/2582 3477/3525/2573
f 3478/3526/2574 3477/3525/2573 3486/3534/2582
f 3486/3534/2582 3487/3535/2583 3478/3526/2574
f 3480/3528/2576 3479/3527/2575 3488/3536/2584
f 3488/3536/2584 3489/3537/2585 3480/3528/2576
f 3481/3529/2577 3480/3528/2576 3489/3537/2585
f 3489/3537/2585 3490/3538/2586 3481/3529/2577
f 3482/3530/2578 3481/3529/2577 3490/3538/2586
f 3490/3538/2586 3491/3539/2587 3482/3530/2578
f 3474/3522/2570 3482/3530/2578 3491/3539/2587
f 3491/3539/2587 3483/3531/2579 3474/3522/2570
f 3484/3532/2580 3483/3531/2579 3492/3540/2588
f 3492/3540/2588 3493/3541/2589 3484/3532/2580
f 3485/3533/2581 3484/3532/2580 3493/3541/2589
f 3493/3541/2589 3494/3542/2590 3485/3533/2581
f 3486/3534/2582 3485/3533/2581 3494/3542/2590
f 3494/3542/2590 3495/3543/2591 3486/3534/2582
f 3487/3535/2583 3486/3534/2582 3495/3543/2591
f 3495/3543/2591 3496/3544/2592 3487/3535/2583
f 3489/3537/2585 3488/3536/2584 3497/3545/2593
f 3497/3545/2593 3498/3546/2594 3489/3537/2585
f 3490/3538/2586 3489/3537/2585 3498/3546/2594
f 3498/3546/2594 3499/3547/2595 3490/3538/2586
f 3491/3539/2587 3490/3538/2586 3499/3547/2595
f 3499/3547/2595 3500/3548/2596 3491/3539/2587
f 3483/3531/2579 3491/3539/2587 3500/3548/2596
f 3500/3548/2596 3492/3540/2588 3483/3531/2579
f 3493/3541/2589 3492/3540/2588 3501/3549/2597
f 3501/3549/2597 3502/3550/2598 3493/3541/2589
f 3494/3542/2590 3493/3541/2589 3502/3550/2598
f 3502/3550/2598 3503/3551/2599 3494/3542/2590
f 3495/3543/2591 3494/3542/2590 3503/3551/2599
f 3503/3551/2599 3504/3552/2600 3495/3543/2591
f 3496/3544/2592 3495/3543/2591 3504/3552/2600
f 3504/3552/2600 3505/3553/2601 3496/3544/2592
f 3498/3546/2594 3497/3545/2593 3506/3554/2602
f 3506/3554/2602 3507/3555/2603 3498/3546/2594
f 3499/3547/2595 3498/3546/2594 3507/3555/2603
f 3507/3555/2603 3508/3556/2604 3499/3547/2595
f 3500/3548/2596 3499/3547/2595 3508/3556/2604
f 3508/3556/2604 3509/3557/2605 3500/3548/2596
f 3492/3540/2588 3500/3548/2596 3509/3557/2605
f 3509/3557/2605 3501/3549/2597 3492/3540/2588
f 3502/3550/2598 3501/3549/2597 3510/3558/2606
f 3510/3558/2606 3511/3559/2607 3502/3550/2598
f 3503/3551/2599 3502/3550/2598 3511/3559/2607
f 3511/3559/2607 3512/3560/2608 3503/3551/2599
f 3504/3552/2600 3503/3551/2599 3512/3560/2608
f 3512/3560/2608 3513/3561/2609 3504/3552/2600
f 3505/3553/2601 3504/3552/2600 3513/3561/2609
f 3513/3561/2609 3514/3562/2610 3505/3553/2601
f 3507/3555/2603 3506/3554/2602 3515/3563/2611
f 3515/3563/2611 3516/3564/2612 3507/3555/2603
f 3508/3556/2604 3507/3555/2603 3516/3564/2612
f 3516/3564/2612 3517/3565/2613 3508/3556/2604
f 3509/3557/2605 3508/3556/2604 3517/3565/2613
f 3517/3565/2613 3518/3566/2614 3509/3557/2605
f 3501/3549/2597 3509/3557/2605 3518/3566/2614
f 3518/3566/2614 3510/3558/2606 3501/3549/2597
f 3522/3567/2615 3519/3568/2616 3520/3569/2617
f 3520/3569/2617 3521/3570/2618 3522/3567/2615
f 3524/3571/2619 3522/3567/2615 3521/3570/2618
f 3521/3570/2618 3523/3572/2620 3524/3571/2619
f 3526/3573/2621 3524/3571/2619 3523/3572/2620
f 3523/3572/2620 3525/3574/2622 3526/3573/2621
f 3528/3575/2623 3526/3573/2621 3525/3574/2622
f 3525/3574/2622 3527/3576/2624 3528/3575/2623
f 3532/3577/2625 3529/3578/2626 3530/3579/2627
f 3530/3579/2627 3531/3580/2628 3532/3577/2625
f 3534/3581/2629 3532/3577/2625 3531/3580/2628
f 3531/3580/2628 3533/3582/2630 3534/3581/2629
f 3536/3583/2631 3534/3581/2629 3533/3582/2630
f 3533/3582/2630 3535/3584/2632 3536/3583/2631
f 3519/3568/2616 3536/3583/2631 3535/3584/2632
f 3535/3584/2632 3520/3569/2617 3519/3568/2616
f 3304/3352/2400 3303/3351/2399 3312/3361/2409
f 3312/3361/2409 3315/3360/2408 3304/3352/2400
f 3305/3353/2401 3304/3352/2400 3315/3360/2408
f 3315/3360/2408 3317/3364/2412 3305/3353/2401
f 3306/3354/2402 3305/3353/2401 3317/3364/2412
f 3317/3364/2412 3319/3366/2414 3306/3354/2402
f 3307/3355/2403 3306/3354/2402 3319/3366/2414
f 3319/3366/2414 3321/3368/2416 3307/3355/2403
f 3309/3357/2405 3308/3356/2404 3322/3371/2419
f 3322/3371/2419 3325/3370/2418 3309/3357/2405
f 3310/3358/2406 3309/3357/2405 3325/3370/2418
f 3325/3370/2418 3327/3374/2422 3310/3358/2406
f 3311/3359/2407 3310/3358/2406 3327/3374/2422
f 3327/3374/2422 3329/3376/2424 3311/3359/2407
f 3303/3351/2399 3311/3359/2407 3329/3376/2424
f 3329/3376/2424 3312/3361/2409 3303/3351/2399
f 3340/3388/2436 3339/3387/2435 3348/3397/2445
f 3348/3397/2445 3351/3396/2444 3340/3388/2436
f 3341/3389/2437 3340/3388/2436 3351/3396/2444
f 3351/3396/2444 3353/3400/2448 3341/3389/2437
f 3342/3390/2438 3341/3389/2437 3353/3400/2448
f 3353/3400/2448 3355/3402/2450 3342/3390/2438
f 3343/3391/2439 3342/3390/2438 3355/3402/2450
f 3355/3402/2450 3357/3404/2452 3343/3391/2439
f 3345/3393/2441 3344/3392/2440 3358/3407/2455
f 3358/3407/2455 3361/3406/2454 3345/3393/2441
f 3346/3394/2442 3345/3393/2441 3361/3406/2454
f 3361/3406/2454 3363/3410/2458 3346/3394/2442
f 3347/3395/2443 3346/3394/2442 3363/3410/2458
f 3363/3410/2458 3365/3412/2460 3347/3395/2443
f 3339/3387/2435 3347/3395/2443 3365/3412/2460
f 3365/3412/2460 3348/3397/2445 3339/3387/2435
f 3540/3585/2633 3537/3586/2634 3538/3587/2635
f 3538/3587/2635 3539/3588/2636 3540/3585/2633
f 3542/3589/2637 3540/3585/2633 3539/3588/2636
f 3539/3588/2636 3541/3590/2638 3542/3589/2637
f 3544/3591/2639 3542/3589/2637 3541/3590/2638
f 3541/3590/2638 3543/3592/2640 3544/3591/2639
f 3546/3593/2641 3544/3591/2639 3543/3592/2640
f 3543/3592/2640 3545/3594/2642 3546/3593/2641
f 3550/3595/2643 3547/3596/2644 3548/3597/2645
f 3548/3597/2645 3549/3598/2646 3550/3595/2643
f 3552/3599/2647 3550/3595/2643 3549/3598/2646
f 3549/3598/2646 3551/3600/2648 3552/3599/2647
f 3554/3601/2649 3552/3599/2647 3551/3600/2648
f 3551/3600/2648 3553/3602/2650 3554/3601/2649
f 3537/3586/2634 3554/3601/2649 3553/3602/2650
f 3553/3602/2650 3538/3587/2635 3537/3586/2634
f 3558/3603/2651 3555/3604/2652 3556/3605/2653
f 3556/3605/2653 3557/3606/2654 3558/3603/2651
f 3560/3607/2655 3558/3603/2651 3557/3606/2654
f 3557/3606/2654 3559/3608/2656 3560/3607/2655
f 3562/3609/2657 3560/3607/2655 3559/3608/2656
f 3559/3608/2656 3561/3610/2658 3562/3609/2657
f 3564/3611/2659 3562/3609/2657 3561/3610/2658
f 3561/3610/2658 3563/3612/2660 3564/3611/2659
f 3568/3613/2661 3565/3614/2662 3566/3615/2663
f 3566/3615/2663 3567/3616/2664 3568/3613/2661
f 3570/3617/2665 3568/3613/2661 3567/3616/2664
f 3567/3616/2664 3569/3618/2666 3570/3617/2665
f 3572/3619/2667 3570/3617/2665 3569/3618/2666
f 3569/3618/2666 3571/3620/2668 3572/3619/2667
f 3555/3604/2652 3572/3619/2667 3571/3620/2668
f 3571/3620/2668 3556/3605/2653 3555/3604/2652
f 3511/3559/2607 3510/3558/2606 3573/3621/2669
f 3573/3621/2669 3574/3622/2670 3511/3559/2607
f 3512/3560/2608 3511/3559/2607 3574/3622/2670
f 3574/3622/2670 3575/3623/2671 3512/3560/2608
f 3513/3561/2609 3512/3560/2608 3575/3623/2671
f 3575/3623/2671 3576/3624/2672 3513/3561/2609
f 3514/3562/2610 3513/3561/2609 3576/3624/2672
f 3576/3624/2672 3577/3625/2673 3514/3562/2610
f 3516/3564/2612 3515/3563/2611 3578/3626/2674
f 3578/3626/2674 3579/3627/2675 3516/3564/2612
f 3517/3565/2613 3516/3564/2612 3579/3627/2675
f 3579/3627/2675 3580/3628/2676 3517/3565/2613
f 3518/3566/2614 3517/3565/2613 3580/3628/2676
f 3580/3628/2676 3581/3629/2677 3518/3566/2614
f 3510/3558/2606 3518/3566/2614 3581/3629/2677
f 3581/3629/2677 3573/3621/2669 3510/3558/2606
f 3557/3606/2654 3556/3605/2653 3519/3568/2616
f 3519/3568/2616 3522/3567/2615 3557/3606/2654
f 3559/3608/2656 3557/3606/2654 3522/3567/2615
f 3522/3567/2615 3524/3571/2619 3559/3608/2656
f 3561/3610/2658 3559/3608/2656 3524/3571/2619
f 3524/3571/2619 3526/3573/2621 3561/3610/2658
f 3563/3612/2660 3561/3610/2658 3526/3573/2621
f 3526/3573/2621 3528/3575/2623 3563/3612/2660
f 3567/3616/2664 3566/3615/2663 3529/3578/2626
f 3529/3578/2626 3532/3577/2625 3567/3616/2664
f 3569/3618/2666 3567/3616/2664 3532/3577/2625
f 3532/3577/2625 3534/3581/2629 3569/3618/2666
f 3571/3620/2668 3569/3618/2666 3534/3581/2629
f 3534/3581/2629 3536/3583/2631 3571/3620/2668
f 3556/3605/2653 3571/3620/2668 3536/3583/2631
f 3536/3583/2631 3519/3568/2616 3556/3605/2653
f 3539/3588/2636 3538/3587/2635 3555/3604/2652
f 3555/3604/2652 3558/3603/2651 3539/3588/2636
f 3541/3590/2638 3539/3588/2636 3558/3603/2651
f 3558/3603/2651 3560/3607/2655 3541/3590/2638
f 3543/3592/2640 3541/3590/2638 3560/3607/2655
f 3560/3607/2655 3562/3609/2657 3543/3592/2640
f 3545/3594/2642 3543/3592/2640 3562/3609/2657
f 3562/3609/2657 3564/3611/2659 3545/3594/2642
f 3549/3598/2646 3548/3597/2645 3565/3614/2662
f 3565/3614/2662 3568/3613/2661 3549/3598/2646
f 3551/3600/2648 3549/3598/2646 3568/3613/2661
f 3568/3613/2661 3570/3617/2665 3551/3600/2648
f 3553/3602/2650 3551/3600/2648 3570/3617/2665
f 3570/3617/2665 3572/3619/2667 3553/3602/2650
f 3538/3587/2635 3553/3602/2650 3572/3619/2667
f 3572/3619/2667 3555/3604/2652 3538/3587/2635
f 3574/3622/2670 3573/3621/2669 3537/3586/2634
f 3537/3586/2634 3540/3585/2633 3574/3622/2670
f 3575/3623/2671 3574/3622/2670 3540/3585/2633
f 3540/3585/2633 3542/3589/2637 3575/3623/2671
f 3576/3624/2672 3575/3623/2671 3542/3589/2637
f 3542/3589/2637 3544/3591/2639 3576/3624/2672
f 3577/3625/2673 3576/3624/2672 3544/3591/2639
f 3544/3591/2639 3546/3593/2641 3577/3625/2673
f 3579/3627/2675 3578/3626/2674 3547/3596/2644
f 3547/3596/2644 3550/3595/2643 3579/3627/2675
f 3580/3628/2676 3579/3627/2675 3550/3595/2643
f 3550/3595/2643 3552/3599/2647 3580/3628/2676
f 3581/3629/2677 3580/3628/2676 3552/3599/2647
f 3552/3599/2647 3554/3601/2649 3581/3629/2677
f 3573/3621/2669 3581/3629/2677 3554/3601/2649
f 3554/3601/2649 3537/3586/2634 3573/3621/2669
f 3448/3496/2544 3447/3495/2543 3456/3505/2553
f 3456/3505/2553 3459/3504/2552 3448/3496/2544
f 3449/3497/2545 3448/3496/2544 3459/3504/2552
f 3459/3504/2552 3461/3508/2556 3449/3497/2545
f 3450/3498/2546 3449/3497/2545 3461/3508/2556
f 3461/3508/2556 3463/3510/2558 3450/3498/2546
f 3451/3499/2547 3450/3498/2546 3463/3510/2558
f 3463/3510/2558 3465/3512/2560 3451/3499/2547
f 3453/3501/2549 3452/3500/2548 3466/3515/2563
f 3466/3515/2563 3469/3514/2562 3453/3501/2549
f 3454/3502/2550 3453/3501/2549 3469/3514/2562
f 3469/3514/2562 3471/3518/2566 3454/3502/2550
f 3455/3503/2551 3454/3502/2550 3471/3518/2566
f 3471/3518/2566 3473/3520/2568 3455/3503/2551
f 3447/3495/2543 3455/3503/2551 3473/3520/2568
f 3473/3520/2568 3456/3505/2553 3447/3495/2543
f 3601/3630/2678 3598/3631/42 3599/3632/2679
f 3599/3632/2679 3600/3633/2680 3601/3630/2678
f 3603/3634/2681 3601/3630/2678 3600/3633/2680
f 3600/3633/2680 3602/3635/2682 3603/3634/2681
f 3605/3636/2683 3603/3634/2681 3602/3635/2682
f 3602/3635/2682 3604/3637/2684 3605/3636/2683
f 3607/3638/2685 3605/3636/2683 3604/3637/2684
f 3604/3637/2684 3606/3639/2686 3607/3638/2685
f 3611/3640/2687 3608/3641/2688 3609/3642/2689
f 3609/3642/2689 3610/3643/2690 3611/3640/2687
f 3613/3644/2691 3611/3640/2687 3610/3643/2690
f 3610/3643/2690 3612/3645/2692 3613/3644/2691
f 3615/3646/2693 3613/3644/2691 3612/3645/2692
f 3612/3645/2692 3614/3647/2694 3615/3646/2693
f 3598/3631/42 3615/3646/2693 3614/3647/2694
f 3614/3647/2694 3599/3632/2679 3598/3631/42
f 3600/3633/2680 3599/3632/2679 3616/3648/2695
f 3616/3648/2695 3617/3649/2696 3600/3633/2680
f 3602/3635/2682 3600/3633/2680 3617/3649/2696
f 3617/3649/2696 3618/3650/2697 3602/3635/2682
f 3604/3637/2684 3602/3635/2682 3618/3650/2697
f 3618/3650/2697 3619/3651/2698 3604/3637/2684
f 3606/3639/2686 3604/3637/2684 3619/3651/2698
f 3619/3651/2698 3620/3652/2699 3606/3639/2686
f 3610/3643/2690 3609/3642/2689 3621/3653/2700
f 3621/3653/2700 3622/3654/2701 3610/3643/2690
f 3612/3645/2692 3610/3643/2690 3622/3654/2701
f 3622/3654/2701 3623/3655/2702 3612/3645/2692
f 3614/3647/2694 3612/3645/2692 3623/3655/2702
f 3623/3655/2702 3624/3656/2703 3614/3647/2694
f 3599/3632/2679 3614/3647/2694 3624/3656/2703
f 3624/3656/2703 3616/3648/2695 3599/3632/2679
f 3617/3649/2696 3616/3648/2695 3625/3657/2704
f 3625/3657/2704 3626/3658/2705 3617/3649/2696
f 3618/3650/2697 3617/3649/2696 3626/3658/2705
f 3626/3658/2705 3627/3659/2706 3618/3650/2697
f 3619/3651/2698 3618/3650/2697 3627/3659/2706
f 3627/3659/2706 3628/3660/2707 3619/3651/2698
f 3620/3652/2699 3619/3651/2698 3628/3660/2707
f 3628/3660/2707 3629/3661/2708 3620/3652/2699
f 3622/3654/2701 3621/3653/2700 3630/3662/2709
f 3630/3662/2709 3631/3663/2710 3622/3654/2701
f 3623/3655/2702 3622/3654/2701 3631/3663/2710
f 3631/3663/2710 3632/3664/2711 3623/3655/2702
f 3624/3656/2703 3623/3655/2702 3632/3664/2711
f 3632/3664/2711 3633/3665/2712 3624/3656/2703
f 3616/3648/2695 3624/3656/2703 3633/3665/2712
f 3633/3665/2712 3625/3657/2704 3616/3648/2695
f 3637/3666/2713 3634/3667/2714 3635/3668/2715
f 3635/3668/2715 3636/3669/2716 3637/3666/2713
f 3639/3670/2717 3637/3666/2713 3636/3669/2716
f 3636/3669/2716 3638/3671/2718 3639/3670/2717
f 3641/3672/2719 3639/3670/2717 3638/3671/2718
f 3638/3671/2718 3640/3673/2720 3641/3672/2719
f 3643/3674/2721 3641/3672/2719 3640/3673/2720
f 3640/3673/2720 3642/3675/2722 3643/3674/2721
f 3647/3676/2723 3644/3677/2724 3645/3678/2725
f 3645/3678/2725 3646/3679/2726 3647/3676/2723
f 3649/3680/2727 3647/3676/2723 3646/3679/2726
f 3646/3679/2726 3648/3681/2728 3649/3680/2727
f 3651/3682/2729 3649/3680/2727 3648/3681/2728
f 3648/3681/2728 3650/3683/2730 3651/3682/2729
f 3634/3667/2714 3651/3682/2729 3650/3683/2730
f 3650/3683/2730 3635/3668/2715 3634/3667/2714
f 3636/3669/2716 3635/3668/2715 3652/3684/2731
f 3652/3684/2731 3653/3685/2732 3636/3669/2716
f 3638/3671/2718 3636/3669/2716 3653/3685/2732
f 3653/3685/2732 3654/3686/2733 3638/3671/2718
f 3640/3673/2720 3638/3671/2718 3654/3686/2733
f 3654/3686/2733 3655/3687/2734 3640/3673/2720
f 3642/3675/2722 3640/3673/2720 3655/3687/2734
f 3655/3687/2734 3656/3688/2735 3642/3675/2722
f 3646/3679/2726 3645/3678/2725 3657/3689/2736
f 3657/3689/2736 3658/3690/2737 3646/3679/2726
f 3648/3681/2728 3646/3679/2726 3658/3690/2737
f 3658/3690/2737 3659/3691/2738 3648/3681/2728
f 3650/3683/2730 3648/3681/2728 3659/3691/2738
f 3659/3691/2738 3660/3692/2739 3650/3683/2730
f 3635/3668/2715 3650/3683/2730 3660/3692/2739
f 3660/3692/2739 3652/3684/2731 3635/3668/2715
f 3653/3685/2732 3652/3684/2731 3661/3693/2740
f 3661/3693/2740 3662/3694/2741 3653/3685/2732
f 3654/3686/2733 3653/3685/2732 3662/3694/2741
f 3662/3694/2741 3663/3695/2742 3654/3686/2733
f 3655/3687/2734 3654/3686/2733 3663/3695/2742
f 3663/3695/2742 3664/3696/2743 3655/3687/2734
f 3656/3688/2735 3655/3687/2734 3664/3696/2743
f 3664/3696/2743 3665/3697/2744 3656/3688/2735
f 3658/3690/2737 3657/3689/2736 3666/3698/2745
f 3666/3698/2745 3667/3699/2746 3658/3690/2737
f 3659/3691/2738 3658/3690/2737 3667/3699/2746
f 3667/3699/2746 3668/3700/2747 3659/3691/2738
f 3660/3692/2739 3659/3691/2738 3668/3700/2747
f 3668/3700/2747 3669/3701/2748 3660/3692/2739
f 3652/3684/2731 3660/3692/2739 3669/3701/2748
f 3669/3701/2748 3661/3693/2740 3652/3684/2731
f 3673/3702/2749 3670/3703/2750 3671/3704/2751
f 3671/3704/2751 3672/3705/2752 3673/3702/2749
f 3675/3706/2753 3673/3702/2749 3672/3705/2752
f 3672/3705/2752 3674/3707/2754 3675/3706/2753
f 3677/3708/2755 3675/3706/2753 3674/3707/2754
f 3674/3707/2754 3676/3709/2756 3677/3708/2755
f 3679/3710/2757 3677/3708/2755 3676/3709/2756
f 3676/3709/2756 3678/3711/2758 3679/3710/2757
f 3683/3712/2759 3680/3713/2760 3681/3714/2761
f 3681/3714/2761 3682/3715/2762 3683/3712/2759
f 3685/3716/2763 3683/3712/2759 3682/3715/2762
f 3682/3715/2762 3684/3717/2764 3685/3716/2763
f 3687/3718/2765 3685/3716/2763 3684/3717/2764
f 3684/3717/2764 3686/3719/2766 3687/3718/2765
f 3670/3703/2750 3687/3718/2765 3686/3719/2766
f 3686/3719/2766 3671/3704/2751 3670/3703/2750
f 3672/3705/2752 3671/3704/2751 3688/3720/2767
f 3688/3720/2767 3689/3721/2768 3672/3705/2752
f 3674/3707/2754 3672/3705/2752 3689/3721/2768
f 3689/3721/2768 3690/3722/2769 3674/3707/2754
f 3676/3709/2756 3674/3707/2754 3690/3722/2769
f 3690/3722/2769 3691/3723/2770 3676/3709/2756
f 3678/3711/2758 3676/3709/2756 3691/3723/2770
f 3691/3723/2770 3692/3724/2771 3678/3711/2758
f 3682/3715/2762 3681/3714/2761 3693/3725/2772
f 3693/3725/2772 3694/3726/2773 3682/3715/2762
f 3684/3717/2764 3682/3715/2762 3694/3726/2773
f 3694/3726/2773 3695/3727/2774 3684/3717/2764
f 3686/3719/2766 3684/3717/2764 3695/3727/2774
f 3695/3727/2774 3696/3728/2775 3686/3719/2766
f 3671/3704/2751 3686/3719/2766 3696/3728/2775
f 3696/3728/2775 3688/3720/2767 3671/3704/2751
f 3689/3721/2768 3688/3720/2767 3697/3729/2776
f 3697/3729/2776 3698/3730/2777 3689/3721/2768
f 3690/3722/2769 3689/3721/2768 3698/3730/2777
f 3698/3730/2777 3699/3731/2778 3690/3722/2769
f 3691/3723/2770 3690/3722/2769 3699/3731/2778
f 3699/3731/2778 3700/3732/2779 3691/3723/2770
f 3692/3724/2771 3691/3723/2770 3700/3732/2779
f 3700/3732/2779 3701/3733/2780 3692/3724/2771
f 3694/3726/2773 3693/3725/2772 3702/3734/2781
f 3702/3734/2781 3703/3735/2782 3694/3726/2773
f 3695/3727/2774 3694/3726/2773 3703/3735/2782
f 3703/3735/2782 3704/3736/2783 3695/3727/2774
f 3696/3728/2775 3695/3727/2774 3704/3736/2783
f 3704/3736/2783 3705/3737/2784 3696/3728/2775
f 3688/3720/2767 3696/3728/2775 3705/3737/2784
f 3705/3737/2784 3697/3729/2776 3688/3720/2767
f 3698/3730/2777 3697/3729/2776 3706/3738/2785
f 3706/3738/2785 3707/3739/2786 3698/3730/2777
f 3699/3731/2778 3698/3730/2777 3707/3739/2786
f 3707/3739/2786 3708/3740/2787 3699/3731/2778
f 3700/3732/2779 3699/3731/2778 3708/3740/2787
f 3708/3740/2787 3709/3741/2788 3700/3732/2779
f 3701/3733/2780 3700/3732/2779 3709/3741/2788
f 3709/3741/2788 3710/3742/2789 3701/3733/2780
f 3703/3735/2782 3702/3734/2781 3711/3743/2790
f 3711/3743/2790 3712/3744/2791 3703/3735/2782
f 3704/3736/2783 3703/3735/2782 3712/3744/2791
f 3712/3744/2791 3713/3745/2792 3704/3736/2783
f 3705/3737/2784 3704/3736/2783 3713/3745/2792
f 3713/3745/2792 3714/3746/2793 3705/3737/2784
f 3697/3729/2776 3705/3737/2784 3714/3746/2793
f 3714/3746/2793 3706/3738/2785 3697/3729/2776
f 3707/3739/2786 3706/3738/2785 3715/3747/2794
f 3715/3747/2794 3716/3748/2795 3707/3739/2786
f 3708/3740/2787 3707/3739/2786 3716/3748/2795
f 3716/3748/2795 3717/3749/2796 3708/3740/2787
f 3709/3741/2788 3708/3740/2787 3717/3749/2796
f 3717/3749/2796 3718/3750/2797 3709/3741/2788
f 3710/3742/2789 3709/3741/2788 3718/3750/2797
f 3718/3750/2797 3719/3751/2798 3710/3742/2789
f 3712/3744/2791 3711/3743/2790 3720/3752/2799
f 3720/3752/2799 3721/3753/2800 3712/3744/2791
f 3713/3745/2792 3712/3744/2791 3721/3753/2800
f 3721/3753/2800 3722/3754/2801 3713/3745/2792
f 3714/3746/2793 3713/3745/2792 3722/3754/2801
f 3722/3754/2801 3723/3755/2802 3714/3746/2793
f 3706/3738/2785 3714/3746/2793 3723/3755/2802
f 3723/3755/2802 3715/3747/2794 3706/3738/2785
f 3716/3748/2795 3715/3747/2794 3724/3756/2803
f 3724/3756/2803 3725/3757/2804 3716/3748/2795
f 3717/3749/2796 3716/3748/2795 3725/3757/2804
f 3725/3757/2804 3726/3758/2805 3717/3749/2796
f 3718/3750/2797 3717/3749/2796 3726/3758/2805
f 3726/3758/2805 3727/3759/2806 3718/3750/2797
f 3719/3751/2798 3718/3750/2797 3727/3759/2806
f 3727/3759/2806 3728/3760/2807 3719/3751/2798
f 3721/3753/2800 3720/3752/2799 3729/3761/2808
f 3729/3761/2808 3730/3762/2809 3721/3753/2800
f 3722/3754/2801 3721/3753/2800 3730/3762/2809
f 3730/3762/2809 3731/3763/2810 3722/3754/2801
f 3723/3755/2802 3722/3754/2801 3731/3763/2810
f 3731/3763/2810 3732/3764/2811 3723/3755/2802
f 3715/3747/2794 3723/3755/2802 3732/3764/2811
f 3732/3764/2811 3724/3756/2803 3715/3747/2794
f 3725/3757/2804 3724/3756/2803 3733/3765/2812
f 3733/3765/2812 3734/3766/2813 3725/3757/2804
f 3726/3758/2805 3725/3757/2804 3734/3766/2813
f 3734/3766/2813 3735/3767/2814 3726/3758/2805
f 3727/3759/2806 3726/3758/2805 3735/3767/2814
f 3735/3767/2814 3736/3768/2815 3727/3759/2806
f 3728/3760/2807 3727/3759/2806 3736/3768/2815
f 3736/3768/2815 3737/3769/2816 3728/3760/2807
f 3730/3762/2809 3729/3761/2808 3738/3770/2817
f 3738/3770/2817 3739/3771/2818 3730/3762/2809
f 3731/3763/2810 3730/3762/2809 3739/3771/2818
f 3739/3771/2818 3740/3772/2819 3731/3763/2810
f 3732/3764/2811 3731/3763/2810 3740/3772/2819
f 3740/3772/2819 3741/3773/2820 3732/3764/2811
f 3724/3756/2803 3732/3764/2811 3741/3773/2820
f 3741/3773/2820 3733/3765/2812 3724/3756/2803
f 3734/3766/2813 3733/3765/2812 3742/3774/2821
f 3742/3774/2821 3743/3775/2822 3734/3766/2813
f 3735/3767/2814 3734/3766/2813 3743/3775/2822
f 3743/3775/2822 3744/3776/2823 3735/3767/2814
f 3736/3768/2815 3735/3767/2814 3744/3776/2823
f 3744/3776/2823 3745/3777/2824 3736/3768/2815
f 3737/3769/2816 3736/3768/2815 3745/3777/2824
f 3745/3777/2824 3746/3778/2825 3737/3769/2816
f 3739/3771/2818 3738/3770/2817 3747/3779/2826
f 3747/3779/2826 3748/3780/2827 3739/3771/2818
f 3740/3772/2819 3739/3771/2818 3748/3780/2827
f 3748/3780/2827 3749/3781/2828 3740/3772/2819
f 3741/3773/2820 3740/3772/2819 3749/3781/2828
f 3749/3781/2828 3750/3782/2829 3741/3773/2820
f 3733/3765/2812 3741/3773/2820 3750/3782/2829
f 3750/3782/2829 3742/3774/2821 3733/3765/2812
f 3743/3775/2822 3742/3774/2821 3751/3783/2830
f 3751/3783/2830 3752/3784/2831 3743/3775/2822
f 3744/3776/2823 3743/3775/2822 3752/3784/2831
f 3752/3784/2831 3753/3785/2832 3744/3776/2823
f 3745/3777/2824 3744/3776/2823 3753/3785/2832
f 3753/3785/2832 3754/3786/2833 3745/3777/2824
f 3746/3778/2825 3745/3777/2824 3754/3786/2833
f 3754/3786/2833 3755/3787/2834 3746/3778/2825
f 3748/3780/2827 3747/3779/2826 3756/3788/2835
f 3756/3788/2835 3757/3789/2836 3748/3780/2827
f 3749/3781/2828 3748/3780/2827 3757/3789/2836
f 3757/3789/2836 3758/3790/2837 3749/3781/2828
f 3750/3782/2829 3749/3781/2828 3758/3790/2837
f 3758/3790/2837 3759/3791/2838 3750/3782/2829
f 3742/3774/2821 3750/3782/2829 3759/3791/2838
f 3759/3791/2838 3751/3783/2830 3742/3774/2821
f 3752/3784/2831 3751/3783/2830 3760/3792/2839
f 3760/3792/2839 3761/3793/2840 3752/3784/2831
f 3753/3785/2832 3752/3784/2831 3761/3793/2840
f 3761/3793/2840 3762/3794/2841 3753/3785/2832
f 3754/3786/2833 3753/3785/2832 3762/3794/2841
f 3762/3794/2841 3763/3795/2842 3754/3786/2833
f 3755/3787/2834 3754/3786/2833 3763/3795/2842
f 3763/3795/2842 3764/3796/2843 3755/3787/2834
f 3757/3789/2836 3756/3788/2835 3765/3797/2844
f 3765/3797/2844 3766/3798/2845 3757/3789/2836
f 3758/3790/2837 3757/3789/2836 3766/3798/2845
f 3766/3798/2845 3767/3799/2846 3758/3790/2837
f 3759/3791/2838 3758/3790/2837 3767/3799/2846
f 3767/3799/2846 3768/3800/2847 3759/3791/2838
f 3751/3783/2830 3759/3791/2838 3768/3800/2847
f 3768/3800/2847 3760/3792/2839 3751/3783/2830
f 3761/3793/2840 3760/3792/2839 3769/3801/2848
f 3769/3801/2848 3770/3802/2849 3761/3793/2840
f 3762/3794/2841 3761/3793/2840 3770/3802/2849
f 3770/3802/2849 3771/3803/2850 3762/3794/2841
f 3763/3795/2842 3762/3794/2841 3771/3803/2850
f 3771/3803/2850 3772/3804/2851 3763/3795/2842
f 3764/3796/2843 3763/3795/2842 3772/3804/2851
f 3772/3804/2851 3773/3805/2852 3764/3796/2843
f 3766/3798/2845 3765/3797/2844 3774/3806/2853
f 3774/3806/2853 3775/3807/2854 3766/3798/2845
f 3767/3799/2846 3766/3798/2845 3775/3807/2854
f 3775/3807/2854 3776/3808/2855 3767/3799/2846
f 3768/3800/2847 3767/3799/2846 3776/3808/2855
f 3776/3808/2855 3777/3809/2856 3768/3800/2847
f 3760/3792/2839 3768/3800/2847 3777/3809/2856
f 3777/3809/2856 3769/3801/2848 3760/3792/2839
f 3781/3810/2857 3778/3811/2858 3779/3812/2859
f 3779/3812/2859 3780/3813/2860 3781/3810/2857
f 3783/3814/2861 3781/3810/2857 3780/3813/2860
f 3780/3813/2860 3782/3815/2862 3783/3814/2861
f 3785/3816/2863 3783/3814/2861 3782/3815/2862
f 3782/3815/2862 3784/3817/2864 3785/3816/2863
f 3787/3818/2865 3785/3816/2863 3784/3817/2864
f 3784/3817/2864 3786/3819/2866 3787/3818/2865
f 3791/3820/2867 3788/3821/2868 3789/3822/2869
f 3789/3822/2869 3790/3823/2870 3791/3820/2867
f 3793/3824/2871 3791/3820/2867 3790/3823/2870
f 3790/3823/2870 3792/3825/2872 3793/3824/2871
f 3795/3826/2873 3793/3824/2871 3792/3825/2872
f 3792/3825/2872 3794/3827/2874 3795/3826/2873
f 3778/3811/2858 3795/3826/2873 3794/3827/2874
f 3794/3827/2874 3779/3812/2859 3778/3811/2858
f 3780/3813/2860 3779/3812/2859 3796/3828/2875
f 3796/3828/2875 3797/3829/2876 3780/3813/2860
f 3782/3815/2862 3780/3813/2860 3797/3829/2876
f 3797/3829/2876 3798/3830/2877 3782/3815/2862
f 3784/3817/2864 3782/3815/2862 3798/3830/2877
f 3798/3830/2877 3799/3831/2878 3784/3817/2864
f 3786/3819/2866 3784/3817/2864 3799/3831/2878
f 3799/3831/2878 3800/3832/2879 3786/3819/2866
f 3790/3823/2870 3789/3822/2869 3801/3833/2880
f 3801/3833/2880 3802/3834/2881 3790/3823/2870
f 3792/3825/2872 3790/3823/2870 3802/3834/2881
f 3802/3834/2881 3803/3835/2882 3792/3825/2872
f 3794/3827/2874 3792/3825/2872 3803/3835/2882
f 3803/3835/2882 3804/3836/2883 3794/3827/2874
f 3779/3812/2859 3794/3827/2874 3804/3836/2883
f 3804/3836/2883 3796/3828/2875 3779/3812/2859
f 3797/3829/2876 3796/3828/2875 3805/3837/2884
f 3805/3837/2884 3806/3838/2885 3797/3829/2876
f 3798/3830/2877 3797/3829/2876 3806/3838/2885
f 3806/3838/2885 3807/3839/2886 3798/3830/2877
f 3799/3831/2878 3798/3830/2877 3807/3839/2886
f 3807/3839/2886 3808/3840/2887 3799/3831/2878
f 3800/3832/2879 3799/3831/2878 3808/3840/2887
f 3808/3840/2887 3809/3841/2888 3800/3832/2879
f 3802/3834/2881 3801/3833/2880 3810/3842/2889
f 3810/3842/2889 3811/3843/2890 3802/3834/2881
f 3803/3835/2882 3802/3834/2881 3811/3843/2890
f 3811/3843/2890 3812/3844/2891 3803/3835/2882
f 3804/3836/2883 3803/3835/2882 3812/3844/2891
f 3812/3844/2891 3813/3845/2892 3804/3836/2883
f 3796/3828/2875 3804/3836/2883 3813/3845/2892
f 3813/3845/2892 3805/3837/2884 3796/3828/2875
f 3806/3838/2885 3805/3837/2884 3814/3846/2893
f 3814/3846/2893 3815/3847/2894 3806/3838/2885
f 3807/3839/2886 3806/3838/2885 3815/3847/2894
f 3815/3847/2894 3816/3848/2895 3807/3839/2886
f 3808/3840/2887 3807/3839/2886 3816/3848/2895
f 3816/3848/2895 3817/3849/2896 3808/3840/2887
f 3809/3841/2888 3808/3840/2887 3817/3849/2896
f 3817/3849/2896 3818/3850/2897 3809/3841/2888
f 3811/3843/2890 3810/3842/2889 3819/3851/2898
f 3819/3851/2898 3820/3852/2899 3811/3843/2890
f 3812/3844/2891 3811/3843/2890 3820/3852/2899
f 3820/3852/2899 3821/3853/2900 3812/3844/2891
f 3813/3845/2892 3812/3844/2891 3821/3853/2900
f 3821/3853/2900 3822/3854/2901 3813/3845/2892
f 3805/3837/2884 3813/3845/2892 3822/3854/2901
f 3822/3854/2901 3814/3846/2893 3805/3837/2884
f 3815/3847/2894 3814/3846/2893 3823/3855/2902
f 3823/3855/2902 3824/3856/2903 3815/3847/2894
f 3816/3848/2895 3815/3847/2894 3824/3856/2903
f 3824/3856/2903 3825/3857/2904 3816/3848/2895
f 3817/3849/2896 3816/3848/2895 3825/3857/2904
f 3825/3857/2904 3826/3858/2905 3817/3849/2896
f 3818/3850/2897 3817/3849/2896 3826/3858/2905
f 3826/3858/2905 3827/3859/2906 3818/3850/2897
f 3820/3852/2899 3819/3851/2898 3828/3860/2907
f 3828/3860/2907 3829/3861/2908 3820/3852/2899
f 3821/3853/2900 3820/3852/2899 3829/3861/2908
f 3829/3861/2908 3830/3862/2909 3821/3853/2900
f 3822/3854/2901 3821/3853/2900 3830/3862/2909
f 3830/3862/2909 3831/3863/2910 3822/3854/2901
f 3814/3846/2893 3822/3854/2901 3831/3863/2910
f 3831/3863/2910 3823/3855/2902 3814/3846/2893
f 3824/3856/2903 3823/3855/2902 3832/3864/2911
f 3832/3864/2911 3833/3865/2912 3824/3856/2903
f 3825/3857/2904 3824/3856/2903 3833/3865/2912
f 3833/3865/2912 3834/3866/2913 3825/3857/2904
f 3826/3858/2905 3825/3857/2904 3834/3866/2913
f 3834/3866/2913 3835/3867/2914 3826/3858/2905
f 3827/3859/2906 3826/3858/2905 3835/3867/2914
f 3835/3867/2914 3836/3868/2915 3827/3859/2906
f 3829/3861/2908 3828/3860/2907 3837/3869/2916
f 3837/3869/2916 3838/3870/2917 3829/3861/2908
f 3830/3862/2909 3829/3861/2908 3838/3870/2917
f 3838/3870/2917 3839/3871/2918 3830/3862/2909
f 3831/3863/2910 3830/3862/2909 3839/3871/2918
f 3839/3871/2918 3840/3872/2919 3831/3863/2910
f 3823/3855/2902 3831/3863/2910 3840/3872/2919
f 3840/3872/2919 3832/3864/2911 3823/3855/2902
f 3844/3873/2920 3841/3874/2921 3842/3875/2922
f 3842/3875/2922 3843/3876/2923 3844/3873/2920
f 3846/3877/2924 3844/3873/2920 3843/3876/2923
f 3843/3876/2923 3845/3878/2925 3846/3877/2924
f 3848/3879/2926 3846/3877/2924 3845/3878/2925
f 3845/3878/2925 3847/3880/2927 3848/3879/2926
f 3850/3881/2928 3848/3879/2926 3847/3880/2927
f 3847/3880/2927 3849/3882/2929 3850/3881/2928
f 3854/3883/2930 3851/3884/2931 3852/3885/2932
f 3852/3885/2932 3853/3886/2933 3854/3883/2930
f 3856/3887/2934 3854/3883/2930 3853/3886/2933
f 3853/3886/2933 3855/3888/2935 3856/3887/2934
f 3858/3889/2936 3856/3887/2934 3855/3888/2935
f 3855/3888/2935 3857/3890/2937 3858/3889/2936
f 3841/3874/2921 3858/3889/2936 3857/3890/2937
f 3857/3890/2937 3842/3875/2922 3841/3874/2921
f 3626/3658/2705 3625/3657/2704 3634/3667/2714
f 3634/3667/2714 3637/3666/2713 3626/3658/2705
f 3627/3659/2706 3626/3658/2705 3637/3666/2713
f 3637/3666/2713 3639/3670/2717 3627/3659/2706
f 3628/3660/2707 3627/3659/2706 3639/3670/2717
f 3639/3670/2717 3641/3672/2719 3628/3660/2707
f 3629/3661/2708 3628/3660/2707 3641/3672/2719
f 3641/3672/2719 3643/3674/2721 3629/3661/2708
f 3631/3663/2710 3630/3662/2709 3644/3677/2724
f 3644/3677/2724 3647/3676/2723 3631/3663/2710
f 3632/3664/2711 3631/3663/2710 3647/3676/2723
f 3647/3676/2723 3649/3680/2727 3632/3664/2711
f 3633/3665/2712 3632/3664/2711 3649/3680/2727
f 3649/3680/2727 3651/3682/2729 3633/3665/2712
f 3625/3657/2704 3633/3665/2712 3651/3682/2729
f 3651/3682/2729 3634/3667/2714 3625/3657/2704
f 3662/3694/2741 3661/3693/2740 3670/3703/2750
f 3670/3703/2750 3673/3702/2749 3662/3694/2741
f 3663/3695/2742 3662/3694/2741 3673/3702/2749
f 3673/3702/2749 3675/3706/2753 3663/3695/2742
f 3664/3696/2743 3663/3695/2742 3675/3706/2753
f 3675/3706/2753 3677/3708/2755 3664/3696/2743
f 3665/3697/2744 3664/3696/2743 3677/3708/2755
f 3677/3708/2755 3679/3710/2757 3665/3697/2744
f 3667/3699/2746 3666/3698/2745 3680/3713/2760
f 3680/3713/2760 3683/3712/2759 3667/3699/2746
f 3668/3700/2747 3667/3699/2746 3683/3712/2759
f 3683/3712/2759 3685/3716/2763 3668/3700/2747
f 3669/3701/2748 3668/3700/2747 3685/3716/2763
f 3685/3716/2763 3687/3718/2765 3669/3701/2748
f 3661/3693/2740 3669/3701/2748 3687/3718/2765
f 3687/3718/2765 3670/3703/2750 3661/3693/2740
f 3862/3891/2938 3859/3892/2939 3860/3893/2940
f 3860/3893/2940 3861/3894/2941 3862/3891/2938
f 3864/3895/2942 3862/3891/2938 3861/3894/2941
f 3861/3894/2941 3863/3896/2943 3864/3895/2942
f 3866/3897/2944 3864/3895/2942 3863/3896/2943
f 3863/3896/2943 3865/3898/2945 3866/3897/2944
f 3868/3899/2946 3866/3897/2944 3865/3898/2945
f 3865/3898/2945 3867/3900/2947 3868/3899/2946
f 3872/3901/2948 3869/3902/2949 3870/3903/2950
f 3870/3903/2950 3871/3904/2951 3872/3901/2948
f 3874/3905/2952 3872/3901/2948 3871/3904/2951
f 3871/3904/2951 3873/3906/2953 3874/3905/2952
f 3876/3907/2954 3874/3905/2952 3873/3906/2953
f 3873/3906/2953 3875/3908/2955 3876/3907/2954
f 3859/3892/2939 3876/3907/2954 3875/3908/2955
f 3875/3908/2955 3860/3893/2940 3859/3892/2939
f 3880/3909/2956 3877/3910/2957 3878/3911/2958
f 3878/3911/2958 3879/3912/2959 3880/3909/2956
f 3882/3913/2960 3880/3909/2956 3879/3912/2959
f 3879/3912/2959 3881/3914/2961 3882/3913/2960
f 3884/3915/2962 3882/3913/2960 3881/3914/2961
f 3881/3914/2961 3883/3916/2963 3884/3915/2962
f 3886/3917/2964 3884/3915/2962 3883/3916/2963
f 3883/3916/2963 3885/3918/2965 3886/3917/2964
f 3890/3919/2966 3887/3920/2967 3888/3921/2968
f 3888/3921/2968 3889/3922/2969 3890/3919/2966
f 3892/3923/2970 3890/3919/2966 3889/3922/2969
f 3889/3922/2969 3891/3924/2971 3892/3923/2970
f 3894/3925/2972 3892/3923/2970 3891/3924/2971
f 3891/3924/2971 3893/3926/2973 3894/3925/2972
f 3877/3910/2957 3894/3925/2972 3893/3926/2973
f 3893/3926/2973 3878/3911/2958 3877/3910/2957
f 3833/3865/2912 3832/3864/2911 3895/3927/2974
f 3895/3927/2974 3896/3928/2975 3833/3865/2912
f 3834/3866/2913 3833/3865/2912 3896/3928/2975
f 3896/3928/2975 3897/3929/2976 3834/3866/2913
f 3835/3867/2914 3834/3866/2913 3897/3929/2976
f 3897/3929/2976 3898/3930/2977 3835/3867/2914
f 3836/3868/2915 3835/3867/2914 3898/3930/2977
f 3898/3930/2977 3899/3931/2978 3836/3868/2915
f 3838/3870/2917 3837/3869/2916 3900/3932/2979
f 3900/3932/2979 3901/3933/2980 3838/3870/2917
f 3839/3871/2918 3838/3870/2917 3901/3933/2980
f 3901/3933/2980 3902/3934/2981 3839/3871/2918
f 3840/3872/2919 3839/3871/2918 3902/3934/2981
f 3902/3934/2981 3903/3935/2982 3840/3872/2919
f 3832/3864/2911 3840/3872/2919 3903/3935/2982
f 3903/3935/2982 3895/3927/2974 3832/3864/2911
f 3879/3912/2959 3878/3911/2958 3841/3874/2921
f 3841/3874/2921 3844/3873/2920 3879/3912/2959
f 3881/3914/2961 3879/3912/2959 3844/3873/2920
f 3844/3873/2920 3846/3877/2924 3881/3914/2961
f 3883/3916/2963 3881/3914/2961 3846/3877/2924
f 3846/3877/2924 3848/3879/2926 3883/3916/2963
f 3885/3918/2965 3883/3916/2963 3848/3879/2926
f 3848/3879/2926 3850/3881/2928 3885/3918/2965
f 3889/3922/2969 3888/3921/2968 3851/3884/2931
f 3851/3884/2931 3854/3883/2930 3889/3922/2969
f 3891/3924/2971 3889/3922/2969 3854/3883/2930
f 3854/3883/2930 3856/3887/2934 3891/3924/2971
f 3893/3926/2973 3891/3924/2971 3856/3887/2934
f 3856/3887/2934 3858/3889/2936 3893/3926/2973
f 3878/3911/2958 3893/3926/2973 3858/3889/2936
f 3858/3889/2936 3841/3874/2921 3878/3911/2958
f 3861/3894/2941 3860/3893/2940 3877/3910/2957
f 3877/3910/2957 3880/3909/2956 3861/3894/2941
f 3863/3896/2943 3861/3894/2941 3880/3909/2956
f 3880/3909/2956 3882/3913/2960 3863/3896/2943
f 3865/3898/2945 3863/3896/2943 3882/3913/2960
f 3882/3913/2960 3884/3915/2962 3865/3898/2945
f 3867/3900/2947 3865/3898/2945 3884/3915/2962
f 3884/3915/2962 3886/3917/2964 3867/3900/2947
f 3871/3904/2951 3870/3903/2950 3887/3920/2967
f 3887/3920/2967 3890/3919/2966 3871/3904/2951
f 3873/3906/2953 3871/3904/2951 3890/3919/2966
f 3890/3919/2966 3892/3923/2970 3873/3906/2953
f 3875/3908/2955 3873/3906/2953 3892/3923/2970
f 3892/3923/2970 3894/3925/2972 3875/3908/2955
f 3860/3893/2940 3875/3908/2955 3894/3925/2972
f 3894/3925/2972 3877/3910/2957 3860/3893/2940
f 3896/3928/2975 3895/3927/2974 3859/3892/2939
f 3859/3892/2939 3862/3891/2938 3896/3928/2975
f 3897/3929/2976 3896/3928/2975 3862/3891/2938
f 3862/3891/2938 3864/3895/2942 3897/3929/2976
f 3898/3930/2977 3897/3929/2976 3864/3895/2942
f 3864/3895/2942 3866/3897/2944 3898/3930/2977
f 3899/3931/2978 3898/3930/2977 3866/3897/2944
f 3866/3897/2944 3868/3899/2946 3899/3931/2978
f 3901/3933/2980 3900/3932/2979 3869/3902/2949
f 3869/3902/2949 3872/3901/2948 3901/3933/2980
f 3902/3934/2981 3901/3933/2980 3872/3901/2948
f 3872/3901/2948 3874/3905/2952 3902/3934/2981
f 3903/3935/2982 3902/3934/2981 3874/3905/2952
f 3874/3905/2952 3876/3907/2954 3903/3935/2982
f 3895/3927/2974 3903/3935/2982 3876/3907/2954
f 3876/3907/2954 3859/3892/2939 3895/3927/2974
f 3770/3802/2849 3769/3801/2848 3778/3811/2858
f 3778/3811/2858 3781/3810/2857 3770/3802/2849
f 3771/3803/2850 3770/3802/2849 3781/3810/2857
f 3781/3810/2857 3783/3814/2861 3771/3803/2850
f 3772/3804/2851 3771/3803/2850 3783/3814/2861
f 3783/3814/2861 3785/3816/2863 3772/3804/2851
f 3773/3805/2852 3772/3804/2851 3785/3816/2863
f 3785/3816/2863 3787/3818/2865 3773/3805/2852
f 3775/3807/2854 3774/3806/2853 3788/3821/2868
f 3788/3821/2868 3791/3820/2867 3775/3807/2854
f 3776/3808/2855 3775/3807/2854 3791/3820/2867
f 3791/3820/2867 3793/3824/2871 3776/3808/2855
f 3777/3809/2856 3776/3808/2855 3793/3824/2871
f 3793/3824/2871 3795/3826/2873 3777/3809/2856
f 3769/3801/2848 3777/3809/2856 3795/3826/2873
f 3795/3826/2873 3778/3811/2858 3769/3801/2848
f 3923/3936/2983 3920/3937/42 3921/3938/2984
f 3921/3938/2984 3922/3939/2985 3923/3936/2983
f 3925/3940/2986 3923/3936/2983 3922/3939/2985
f 3922/3939/2985 3924/3941/2987 3925/3940/2986
f 3927/3942/2988 3925/3940/2986 3924/3941/2987
f 3924/3941/2987 3926/3943/2989 3927/3942/2988
f 3929/3944/2990 3927/3942/2988 3926/3943/2989
f 3926/3943/2989 3928/3945/2991 3929/3944/2990
f 3933/3946/2992 3930/3947/2993 3931/3948/2994
f 3931/3948/2994 3932/3949/2995 3933/3946/2992
f 3935/3950/2996 3933/3946/2992 3932/3949/2995
f 3932/3949/2995 3934/3951/2997 3935/3950/2996
f 3937/3952/2998 3935/3950/2996 3934/3951/2997
f 3934/3951/2997 3936/3953/2999 3937/3952/2998
f 3920/3937/42 3937/3952/2998 3936/3953/2999
f 3936/3953/2999 3921/3938/2984 3920/3937/42
f 3922/3939/2985 3921/3938/2984 3938/3954/3000
f 3938/3954/3000 3939/3955/3001 3922/3939/2985
f 3924/3941/2987 3922/3939/2985 3939/3955/3001
f 3939/3955/3001 3940/3956/3002 3924/3941/2987
f 3926/3943/2989 3924/3941/2987 3940/3956/3002
f 3940/3956/3002 3941/3957/3003 3926/3943/2989
f 3928/3945/2991 3926/3943/2989 3941/3957/3003
f 3941/3957/3003 3942/3958/3004 3928/3945/2991
f 3932/3949/2995 3931/3948/2994 3943/3959/3005
f 3943/3959/3005 3944/3960/3006 3932/3949/2995
f 3934/3951/2997 3932/3949/2995 3944/3960/3006
f 3944/3960/3006 3945/3961/3007 3934/3951/2997
f 3936/3953/2999 3934/3951/2997 3945/3961/3007
f 3945/3961/3007 3946/3962/3008 3936/3953/2999
f 3921/3938/2984 3936/3953/2999 3946/3962/3008
f 3946/3962/3008 3938/3954/3000 3921/3938/2984
f 3939/3955/3001 3938/3954/3000 3947/3963/3009
f 3947/3963/3009 3948/3964/3010 3939/3955/3001
f 3940/3956/3002 3939/3955/3001 3948/3964/3010
f 3948/3964/3010 3949/3965/3011 3940/3956/3002
f 3941/3957/3003 3940/3956/3002 3949/3965/3011
f 3949/3965/3011 3950/3966/3012 3941/3957/3003
f 3942/3958/3004 3941/3957/3003 3950/3966/3012
f 3950/3966/3012 3951/3967/3013 3942/3958/3004
f 3944/3960/3006 3943/3959/3005 3952/3968/3014
f 3952/3968/3014 3953/3969/3015 3944/3960/3006
f 3945/3961/3007 3944/3960/3006 3953/3969/3015
f 3953/3969/3015 3954/3970/3016 3945/3961/3007
f 3946/3962/3008 3945/3961/3007 3954/3970/3016
f 3954/3970/3016 3955/3971/3017 3946/3962/3008
f 3938/3954/3000 3946/3962/3008 3955/3971/3017
f 3955/3971/3017 3947/3963/3009 3938/3954/3000
f 3959/3972/3018 3956/3973/3019 3957/3974/3020
f 3957/3974/3020 3958/3975/3021 3959/3972/3018
f 3961/3976/3022 3959/3972/3018 3958/3975/3021
f 3958/3975/3021 3960/3977/3023 3961/3976/3022
f 3963/3978/3024 3961/3976/3022 3960/3977/3023
f 3960/3977/3023 3962/3979/3025 3963/3978/3024
f 3965/3980/3026 3963/3978/3024 3962/3979/3025
f 3962/3979/3025 3964/3981/3027 3965/3980/3026
f 3969/3982/3028 3966/3983/3029 3967/3984/3030
f 3967/3984/3030 3968/3985/3031 3969/3982/3028
f 3971/3986/3032 3969/3982/3028 3968/3985/3031
f 3968/3985/3031 3970/3987/3033 3971/3986/3032
f 3973/3988/3034 3971/3986/3032 3970/3987/3033
f 3970/3987/3033 3972/3989/3035 3973/3988/3034
f 3956/3973/3019 3973/3988/3034 3972/3989/3035
f 3972/3989/3035 3957/3974/3020 3956/3973/3019
f 3958/3975/3021 3957/3974/3020 3974/3990/3036
f 3974/3990/3036 3975/3991/3037 3958/3975/3021
f 3960/3977/3023 3958/3975/3021 3975/3991/3037
f 3975/3991/3037 3976/3992/3038 3960/3977/3023
f 3962/3979/3025 3960/3977/3023 3976/3992/3038
f 3976/3992/3038 3977/3993/3039 3962/3979/3025
f 3964/3981/3027 3962/3979/3025 3977/3993/3039
f 3977/3993/3039 3978/3994/3040 3964/3981/3027
f 3968/3985/3031 3967/3984/3030 3979/3995/3041
f 3979/3995/3041 3980/3996/3042 3968/3985/3031
f 3970/3987/3033 3968/3985/3031 3980/3996/3042
f 3980/3996/3042 3981/3997/3043 3970/3987/3033
f 3972/3989/3035 3970/3987/3033 3981/3997/3043
f 3981/3997/3043 3982/3998/3044 3972/3989/3035
f 3957/3974/3020 3972/3989/3035 3982/3998/3044
f 3982/3998/3044 3974/3990/3036 3957/3974/3020
f 3975/3991/3037 3974/3990/3036 3983/3999/3045
f 3983/3999/3045 3984/4000/3046 3975/3991/3037
f 3976/3992/3038 3975/3991/3037 3984/4000/3046
f 3984/4000/3046 3985/4001/3047 3976/3992/3038
f 3977/3993/3039 3976/3992/3038 3985/4001/3047
f 3985/4001/3047 3986/4002/3048 3977/3993/3039
f 3978/3994/3040 3977/3993/3039 3986/4002/3048
f 3986/4002/3048 3987/4003/3049 3978/3994/3040
f 3980/3996/3042 3979/3995/3041 3988/4004/3050
f 3988/4004/3050 3989/4005/3051 3980/3996/3042
f 3981/3997/3043 3980/3996/3042 3989/4005/3051
f 3989/4005/3051 3990/4006/3052 3981/3997/3043
f 3982/3998/3044 3981/3997/3043 3990/4006/3052
f 3990/4006/3052 3991/4007/3053 3982/3998/3044
f 3974/3990/3036 3982/3998/3044 3991/4007/3053
f 3991/4007/3053 3983/3999/3045 3974/3990/3036
f 3995/4008/3054 3992/4009/3055 3993/4010/3056
f 3993/4010/3056 3994/4011/3057 3995/4008/3054
f 3997/4012/3058 3995/4008/3054 3994/4011/3057
f 3994/4011/3057 3996/4013/3059 3997/4012/3058
f 3999/4014/3060 3997/4012/3058 3996/4013/3059
f 3996/4013/3059 3998/4015/3061 3999/4014/3060
f 4001/4016/3062 3999/4014/3060 3998/4015/3061
f 3998/4015/3061 4000/4017/3063 4001/4016/3062
f 4005/4018/3064 4002/4019/3065 4003/4020/3066
f 4003/4020/3066 4004/4021/3067 4005/4018/3064
f 4007/4022/3068 4005/4018/3064 4004/4021/3067
f 4004/4021/3067 4006/4023/3069 4007/4022/3068
f 4009/4024/3070 4007/4022/3068 4006/4023/3069
f 4006/4023/3069 4008/4025/3071 4009/4024/3070
f 3992/4009/3055 4009/4024/3070 4008/4025/3071
f 4008/4025/3071 3993/4010/3056 3992/4009/3055
f 3994/4011/3057 3993/4010/3056 4010/4026/3072
f 4010/4026/3072 4011/4027/3073 3994/4011/3057
f 3996/4013/3059 3994/4011/3057 4011/4027/3073
f 4011/4027/3073 4012/4028/3074 3996/4013/3059
f 3998/4015/3061 3996/4013/3059 4012/4028/3074
f 4012/4028/3074 4013/4029/3075 3998/4015/3061
f 4000/4017/3063 3998/4015/3061 4013/4029/3075
f 4013/4029/3075 4014/4030/3076 4000/4017/3063
f 4004/4021/3067 4003/4020/3066 4015/4031/3077
f 4015/4031/3077 4016/4032/3078 4004/4021/3067
f 4006/4023/3069 4004/4021/3067 4016/4032/3078
f 4016/4032/3078 4017/4033/3079 4006/4023/3069
f 4008/4025/3071 4006/4023/3069 4017/4033/3079
f 4017/4033/3079 4018/4034/3080 4008/4025/3071
f 3993/4010/3056 4008/4025/3071 4018/4034/3080
f 4018/4034/3080 4010/4026/3072 3993/4010/3056
f 4011/4027/3073 4010/4026/3072 4019/4035/3081
f 4019/4035/3081 4020/4036/3082 4011/4027/3073
f 4012/4028/3074 4011/4027/3073 4020/4036/3082
f 4020/4036/3082 4021/4037/3083 4012/4028/3074
f 4013/4029/3075 4012/4028/3074 4021/4037/3083
f 4021/4037/3083 4022/4038/3084 4013/4029/3075
f 4014/4030/3076 4013/4029/3075 4022/4038/3084
f 4022/4038/3084 4023/4039/3085 4014/4030/3076
f 4016/4032/3078 4015/4031/3077 4024/4040/3086
f 4024/4040/3086 4025/4041/3087 4016/4032/3078
f 4017/4033/3079 4016/4032/3078 4025/4041/3087
f 4025/4041/3087 4026/4042/3088 4017/4033/3079
f 4018/4034/3080 4017/4033/3079 4026/4042/3088
f 4026/4042/3088 4027/4043/3089 4018/4034/3080
f 4010/4026/3072 4018/4034/3080 4027/4043/3089
f 4027/4043/3089 4019/4035/3081 4010/4026/3072
f 4020/4036/3082 4019/4035/3081 4028/4044/3090
f 4028/4044/3090 4029/4045/3091 4020/4036/3082
f 4021/4037/3083 4020/4036/3082 4029/4045/3091
f 4029/4045/3091 4030/4046/3092 4021/4037/3083
f 4022/4038/3084 4021/4037/3083 4030/4046/3092
f 4030/4046/3092 4031/4047/3093 4022/4038/3084
f 4023/4039/3085 4022/4038/3084 4031/4047/3093
f 4031/4047/3093 4032/4048/3094 4023/4039/3085
f 4025/4041/3087 4024/4040/3086 4033/4049/3095
f 4033/4049/3095 4034/4050/3096 4025/4041/3087
f 4026/4042/3088 4025/4041/3087 4034/4050/3096
f 4034/4050/3096 4035/4051/3097 4026/4042/3088
f 4027/4043/3089 4026/4042/3088 4035/4051/3097
f 4035/4051/3097 4036/4052/3098 4027/4043/3089
f 4019/4035/3081 4027/4043/3089 4036/4052/3098
f 4036/4052/3098 4028/4044/3090 4019/4035/3081
f 4029/4045/3091 4028/4044/3090 4037/4053/3099
f 4037/4053/3099 4038/4054/3100 4029/4045/3091
f 4030/4046/3092 4029/4045/3091 4038/4054/3100
f 4038/4054/3100 4039/4055/3101 4030/4046/3092
f 4031/4047/3093 4030/4046/3092 4039/4055/3101
f 4039/4055/3101 4040/4056/3102 4031/4047/3093
f 4032/4048/3094 4031/4047/3093 4040/4056/3102
f 4040/4056/3102 4041/4057/3103 4032/4048/3094
f 4034/4050/3096 4033/4049/3095 4042/4058/3104
f 4042/4058/3104 4043/4059/3105 4034/4050/3096
f 4035/4051/3097 4034/4050/3096 4043/4059/3105
f 4043/4059/3105 4044/4060/3106 4035/4051/3097
f 4036/4052/3098 4035/4051/3097 4044/4060/3106
f 4044/4060/3106 4045/4061/3107 4036/4052/3098
f 4028/4044/3090 4036/4052/3098 4045/4061/3107
f 4045/4061/3107 4037/4053/3099 4028/4044/3090
f 4038/4054/3100 4037/4053/3099 4046/4062/3108
f 4046/4062/3108 4047/4063/3109 4038/4054/3100
f 4039/4055/3101 4038/4054/3100 4047/4063/3109
f 4047/4063/3109 4048/4064/3110 4039/4055/3101
f 4040/4056/3102 4039/4055/3101 4048/4064/3110
f 4048/4064/3110 4049/4065/3111 4040/4056/3102
f 4041/4057/3103 4040/4056/3102 4049/4065/3111
f 4049/4065/3111 4050/4066/3112 4041/4057/3103
f 4043/4059/3105 4042/4058/3104 4051/4067/3113
f 4051/4067/3113 4052/4068/3114 4043/4059/3105
f 4044/4060/3106 4043/4059/3105 4052/4068/3114
f 4052/4068/3114 4053/4069/3115 4044/4060/3106
f 4045/4061/3107 4044/4060/3106 4053/4069/3115
f 4053/4069/3115 4054/4070/3116 4045/4061/3107
f 4037/4053/3099 4045/4061/3107 4054/4070/3116
f 4054/4070/3116 4046/4062/3108 4037/4053/3099
f 4047/4063/3109 4046/4062/3108 4055/4071/3117
f 4055/4071/3117 4056/4072/3118 4047/4063/3109
f 4048/4064/3110 4047/4063/3109 4056/4072/3118
f 4056/4072/3118 4057/4073/3119 4048/4064/3110
f 4049/4065/3111 4048/4064/3110 4057/4073/3119
f 4057/4073/3119 4058/4074/3120 4049/4065/3111
f 4050/4066/3112 4049/4065/3111 4058/4074/3120
f 4058/4074/3120 4059/4075/3121 4050/4066/3112
f 4052/4068/3114 4051/4067/3113 4060/4076/3122
f 4060/4076/3122 4061/4077/3123 4052/4068/3114
f 4053/4069/3115 4052/4068/3114 4061/4077/3123
f 4061/4077/3123 4062/4078/3124 4053/4069/3115
f 4054/4070/3116 4053/4069/3115 4062/4078/3124
f 4062/4078/3124 4063/4079/3125 4054/4070/3116
f 4046/4062/3108 4054/4070/3116 4063/4079/3125
f 4063/4079/3125 4055/4071/3117 4046/4062/3108
f 4056/4072/3118 4055/4071/3117 4064/4080/3126
f 4064/4080/3126 4065/4081/3127 4056/4072/3118
f 4057/4073/3119 4056/4072/3118 4065/4081/3127
f 4065/4081/3127 4066/4082/3128 4057/4073/3119
f 4058/4074/3120 4057/4073/3119 4066/4082/3128
f 4066/4082/3128 4067/4083/3129 4058/4074/3120
f 4059/4075/3121 4058/4074/3120 4067/4083/3129
f 4067/4083/3129 4068/4084/3130 4059/4075/3121
f 4061/4077/3123 4060/4076/3122 4069/4085/3131
f 4069/4085/3131 4070/4086/3132 4061/4077/3123
f 4062/4078/3124 4061/4077/3123 4070/4086/3132
f 4070/4086/3132 4071/4087/3133 4062/4078/3124
f 4063/4079/3125 4062/4078/3124 4071/4087/3133
f 4071/4087/3133 4072/4088/3134 4063/4079/3125
f 4055/4071/3117 4063/4079/3125 4072/4088/3134
f 4072/4088/3134 4064/4080/3126 4055/4071/3117
f 4065/4081/3127 4064/4080/3126 4073/4089/3135
f 4073/4089/3135 4074/4090/3136 4065/4081/3127
f 4066/4082/3128 4065/4081/3127 4074/4090/3136
f 4074/4090/3136 4075/4091/3137 4066/4082/3128
f 4067/4083/3129 4066/4082/3128 4075/4091/3137
f 4075/4091/3137 4076/4092/3138 4067/4083/3129
f 4068/4084/3130 4067/4083/3129 4076/4092/3138
f 4076/4092/3138 4077/4093/3139 4068/4084/3130
f 4070/4086/3132 4069/4085/3131 4078/4094/3140
f 4078/4094/3140 4079/4095/3141 4070/4086/3132
f 4071/4087/3133 4070/4086/3132 4079/4095/3141
f 4079/4095/3141 4080/4096/3142 4071/4087/3133
f 4072/4088/3134 4071/4087/3133 4080/4096/3142
f 4080/4096/3142 4081/4097/3143 4072/4088/3134
f 4064/4080/3126 4072/4088/3134 4081/4097/3143
f 4081/4097/3143 4073/4089/3135 4064/4080/3126
f 4074/4090/3136 4073/4089/3135 4082/4098/3144
f 4082/4098/3144 4083/4099/3145 4074/4090/3136
f 4075/4091/3137 4074/4090/3136 4083/4099/3145
f 4083/4099/3145 4084/4100/3146 4075/4091/3137
f 4076/4092/3138 4075/4091/3137 4084/4100/3146
f 4084/4100/3146 4085/4101/3147 4076/4092/3138
f 4077/4093/3139 4076/4092/3138 4085/4101/3147
f 4085/4101/3147 4086/4102/3148 4077/4093/3139
f 4079/4095/3141 4078/4094/3140 4087/4103/3149
f 4087/4103/3149 4088/4104/3150 4079/4095/3141
f 4080/4096/3142 4079/4095/3141 4088/4104/3150
f 4088/4104/3150 4089/4105/3151 4080/4096/3142
f 4081/4097/3143 4080/4096/3142 4089/4105/3151
f 4089/4105/3151 4090/4106/3152 4081/4097/3143
f 4073/4089/3135 4081/4097/3143 4090/4106/3152
f 4090/4106/3152 4082/4098/3144 4073/4089/3135
f 4083/4099/3145 4082/4098/3144 4091/4107/3153
f 4091/4107/3153 4092/4108/3154 4083/4099/3145
f 4084/4100/3146 4083/4099/3145 4092/4108/3154
f 4092/4108/3154 4093/4109/3155 4084/4100/3146
f 4085/4101/3147 4084/4100/3146 4093/4109/3155
f 4093/4109/3155 4094/4110/3156 4085/4101/3147
f 4086/4102/3148 4085/4101/3147 4094/4110/3156
f 4094/4110/3156 4095/4111/3157 4086/4102/3148
f 4088/4104/3150 4087/4103/3149 4096/4112/3158
f 4096/4112/3158 4097/4113/3159 4088/4104/3150
f 4089/4105/3151 4088/4104/3150 4097/4113/3159
f 4097/4113/3159 4098/4114/3160 4089/4105/3151
f 4090/4106/3152 4089/4105/3151 4098/4114/3160
f 4098/4114/3160 4099/4115/3161 4090/4106/3152
f 4082/4098/3144 4090/4106/3152 4099/4115/3161
f 4099/4115/3161 4091/4107/3153 4082/4098/3144
f 4103/4116/3162 4100/4117/3163 4101/4118/3164
f 4101/4118/3164 4102/4119/3165 4103/4116/3162
f 4105/4120/3166 4103/4116/3162 4102/4119/3165
f 4102/4119/3165 4104/4121/3167 4105/4120/3166
f 4107/4122/3168 4105/4120/3166 4104/4121/3167
f 4104/4121/3167 4106/4123/3169 4107/4122/3168
f 4109/4124/3170 4107/4122/3168 4106/4123/3169
f 4106/4123/3169 4108/4125/3171 4109/4124/3170
f 4113/4126/3172 4110/4127/3173 4111/4128/3174
f 4111/4128/3174 4112/4129/3175 4113/4126/3172
f 4115/4130/3176 4113/4126/3172 4112/4129/3175
f 4112/4129/3175 4114/4131/3177 4115/4130/3176
f 4117/4132/3178 4115/4130/3176 4114/4131/3177
f 4114/4131/3177 4116/4133/3179 4117/4132/3178
f 4100/4117/3163 4117/4132/3178 4116/4133/3179
f 4116/4133/3179 4101/4118/3164 4100/4117/3163
f 4102/4119/3165 4101/4118/3164 4118/4134/3180
f 4118/4134/3180 4119/4135/3181 4102/4119/3165
f 4104/4121/3167 4102/4119/3165 4119/4135/3181
f 4119/4135/3181 4120/4136/3182 4104/4121/3167
f 4106/4123/3169 4104/4121/3167 4120/4136/3182
f 4120/4136/3182 4121/4137/3183 4106/4123/3169
f 4108/4125/3171 4106/4123/3169 4121/4137/3183
f 4121/4137/3183 4122/4138/3184 4108/4125/3171
f 4112/4129/3175 4111/4128/3174 4123/4139/3185
f 4123/4139/3185 4124/4140/3186 4112/4129/3175
f 4114/4131/3177 4112/4129/3175 4124/4140/3186
f 4124/4140/3186 4125/4141/3187 4114/4131/3177
f 4116/4133/3179 4114/4131/3177 4125/4141/3187
f 4125/4141/3187 4126/4142/3188 4116/4133/3179
f 4101/4118/3164 4116/4133/3179 4126/4142/3188
f 4126/4142/3188 4118/4134/3180 4101/4118/3164
f 4119/4135/3181 4118/4134/3180 4127/4143/3189
f 4127/4143/3189 4128/4144/3190 4119/4135/3181
f 4120/4136/3182 4119/4135/3181 4128/4144/3190
f 4128/4144/3190 4129/4145/3191 4120/4136/3182
f 4121/4137/3183 4120/4136/3182 4129/4145/3191
f 4129/4145/3191 4130/4146/3192 4121/4137/3183
f 4122/4138/3184 4121/4137/3183 4130/4146/3192
f 4130/4146/3192 4131/4147/3193 4122/4138/3184
f 4124/4140/3186 4123/4139/3185 4132/4148/3194
f 4132/4148/3194 4133/4149/3195 4124/4140/3186
f 4125/4141/3187 4124/4140/3186 4133/4149/3195
f 4133/4149/3195 4134/4150/3196 4125/4141/3187
f 4126/4142/3188 4125/4141/3187 4134/4150/3196
f 4134/4150/3196 4135/4151/3197 4126/4142/3188
f 4118/4134/3180 4126/4142/3188 4135/4151/3197
f 4135/4151/3197 4127/4143/3189 4118/4134/3180
f 4128/4144/3190 4127/4143/3189 4136/4152/3198
f 4136/4152/3198 4137/4153/3199 4128/4144/3190
f 4129/4145/3191 4128/4144/3190 4137/4153/3199
f 4137/4153/3199 4138/4154/3200 4129/4145/3191
f 4130/4146/3192 4129/4145/3191 4138/4154/3200
f 4138/4154/3200 4139/4155/3201 4130/4146/3192
f 4131/4147/3193 4130/4146/3192 4139/4155/3201
f 4139/4155/3201 4140/4156/3202 4131/4147/3193
f 4133/4149/3195 4132/4148/3194 4141/4157/3203
f 4141/4157/3203 4142/4158/3204 4133/4149/3195
f 4134/4150/3196 4133/4149/3195 4142/4158/3204
f 4142/4158/3204 4143/4159/3205 4134/4150/3196
f 4135/4151/3197 4134/4150/3196 4143/4159/3205
f 4143/4159/3205 4144/4160/3206 4135/4151/3197
f 4127/4143/3189 4135/4151/3197 4144/4160/3206
f 4144/4160/3206 4136/4152/3198 4127/4143/3189
f 4137/4153/3199 4136/4152/3198 4145/4161/3207
f 4145/4161/3207 4146/4162/3208 4137/4153/3199
f 4138/4154/3200 4137/4153/3199 4146/4162/3208
f 4146/4162/3208 4147/4163/3209 4138/4154/3200
f 4139/4155/3201 4138/4154/3200 4147/4163/3209
f 4147/4163/3209 4148/4164/3210 4139/4155/3201
f 4140/4156/3202 4139/4155/3201 4148/4164/3210
f 4148/4164/3210 4149/4165/3211 4140/4156/3202
f 4142/4158/3204 4141/4157/3203 4150/4166/3212
f 4150/4166/3212 4151/4167/3213 4142/4158/3204
f 4143/4159/3205 4142/4158/3204 4151/4167/3213
f 4151/4167/3213 4152/4168/3214 4143/4159/3205
f 4144/4160/3206 4143/4159/3205 4152/4168/3214
f 4152/4168/3214 4153/4169/3215 4144/4160/3206
f 4136/4152/3198 4144/4160/3206 4153/4169/3215
f 4153/4169/3215 4145/4161/3207 4136/4152/3198
f 4146/4162/3208 4145/4161/3207 4154/4170/3216
f 4154/4170/3216 4155/4171/3217 4146/4162/3208
f 4147/4163/3209 4146/4162/3208 4155/4171/3217
f 4155/4171/3217 4156/4172/3218 4147/4163/3209
f 4148/4164/3210 4147/4163/3209 4156/4172/3218
f 4156/4172/3218 4157/4173/3219 4148/4164/3210
f 4149/4165/3211 4148/4164/3210 4157/4173/3219
f 4157/4173/3219 4158/4174/3220 4149/4165/3211
f 4151/4167/3213 4150/4166/3212 4159/4175/3221
f 4159/4175/3221 4160/4176/3222 4151/4167/3213
f 4152/4168/3214 4151/4167/3213 4160/4176/3222
f 4160/4176/3222 4161/4177/3223 4152/4168/3214
f 4153/4169/3215 4152/4168/3214 4161/4177/3223
f 4161/4177/3223 4162/4178/3224 4153/4169/3215
f 4145/4161/3207 4153/4169/3215 4162/4178/3224
f 4162/4178/3224 4154/4170/3216 4145/4161/3207
f 4166/4179/3225 4163/4180/3226 4164/4181/3227
f 4164/4181/3227 4165/4182/3228 4166/4179/3225
f 4168/4183/3229 4166/4179/3225 4165/4182/3228
f 4165/4182/3228 4167/4184/3230 4168/4183/3229
f 4170/4185/3231 4168/4183/3229 4167/4184/3230
f 4167/4184/3230 4169/4186/3232 4170/4185/3231
f 4172/4187/3233 4170/4185/3231 4169/4186/3232
f 4169/4186/3232 4171/4188/3234 4172/4187/3233
f 4176/4189/3235 4173/4190/3236 4174/4191/3237
f 4174/4191/3237 4175/4192/3238 4176/4189/3235
f 4178/4193/3239 4176/4189/3235 4175/4192/3238
f 4175/4192/3238 4177/4194/3240 4178/4193/3239
f 4180/4195/3241 4178/4193/3239 4177/4194/3240
f 4177/4194/3240 4179/4196/3242 4180/4195/3241
f 4163/4180/3226 4180/4195/3241 4179/4196/3242
f 4179/4196/3242 4164/4181/3227 4163/4180/3226
f 3948/3964/3010 3947/3963/3009 3956/3973/3019
f 3956/3973/3019 3959/3972/3018 3948/3964/3010
f 3949/3965/3011 3948/3964/3010 3959/3972/3018
f 3959/3972/3018 3961/3976/3022 3949/3965/3011
f 3950/3966/3012 3949/3965/3011 3961/3976/3022
f 3961/3976/3022 3963/3978/3024 3950/3966/3012
f 3951/3967/3013 3950/3966/3012 3963/3978/3024
f 3963/3978/3024 3965/3980/3026 3951/3967/3013
f 3953/3969/3015 3952/3968/3014 3966/3983/3029
f 3966/3983/3029 3969/3982/3028 3953/3969/3015
f 3954/3970/3016 3953/3969/3015 3969/3982/3028
f 3969/3982/3028 3971/3986/3032 3954/3970/3016
f 3955/3971/3017 3954/3970/3016 3971/3986/3032
f 3971/3986/3032 3973/3988/3034 3955/3971/3017
f 3947/3963/3009 3955/3971/3017 3973/3988/3034
f 3973/3988/3034 3956/3973/3019 3947/3963/3009
f 3984/4000/3046 3983/3999/3045 3992/4009/3055
f 3992/4009/3055 3995/4008/3054 3984/4000/3046
f 3985/4001/3047 3984/4000/3046 3995/4008/3054
f 3995/4008/3054 3997/4012/3058 3985/4001/3047
f 3986/4002/3048 3985/4001/3047 3997/4012/3058
f 3997/4012/3058 3999/4014/3060 3986/4002/3048
f 3987/4003/3049 3986/4002/3048 3999/4014/3060
f 3999/4014/3060 4001/4016/3062 3987/4003/3049
f 3989/4005/3051 3988/4004/3050 4002/4019/3065
f 4002/4019/3065 4005/4018/3064 3989/4005/3051
f 3990/4006/3052 3989/4005/3051 4005/4018/3064
f 4005/4018/3064 4007/4022/3068 3990/4006/3052
f 3991/4007/3053 3990/4006/3052 4007/4022/3068
f 4007/4022/3068 4009/4024/3070 3991/4007/3053
f 3983/3999/3045 3991/4007/3053 4009/4024/3070
f 4009/4024/3070 3992/4009/3055 3983/3999/3045
f 4184/4197/3243 4181/4198/3244 4182/4199/3245
f 4182/4199/3245 4183/4200/3246 4184/4197/3243
f 4186/4201/3247 4184/4197/3243 4183/4200/3246
f 4183/4200/3246 4185/4202/3248 4186/4201/3247
f 4188/4203/3249 4186/4201/3247 4185/4202/3248
f 4185/4202/3248 4187/4204/3250 4188/4203/3249
f 4190/4205/3251 4188/4203/3249 4187/4204/3250
f 4187/4204/3250 4189/4206/3252 4190/4205/3251
f 4194/4207/3253 4191/4208/3254 4192/4209/3255
f 4192/4209/3255 4193/4210/3256 4194/4207/3253
f 4196/4211/3257 4194/4207/3253 4193/4210/3256
f 4193/4210/3256 4195/4212/3258 4196/4211/3257
f 4198/4213/3259 4196/4211/3257 4195/4212/3258
f 4195/4212/3258 4197/4214/3260 4198/4213/3259
f 4181/4198/3244 4198/4213/3259 4197/4214/3260
f 4197/4214/3260 4182/4199/3245 4181/4198/3244
f 4202/4215/3261 4199/4216/3262 4200/4217/3263
f 4200/4217/3263 4201/4218/3264 4202/4215/3261
f 4204/4219/3265 4202/4215/3261 4201/4218/3264
f 4201/4218/3264 4203/4220/3266 4204/4219/3265
f 4206/4221/3267 4204/4219/3265 4203/4220/3266
f 4203/4220/3266 4205/4222/3268 4206/4221/3267
f 4208/4223/3269 4206/4221/3267 4205/4222/3268
f 4205/4222/3268 4207/4224/3270 4208/4223/3269
f 4212/4225/3271 4209/4226/3272 4210/4227/3273
f 4210/4227/3273 4211/4228/3274 4212/4225/3271
f 4214/4229/3275 4212/4225/3271 4211/4228/3274
f 4211/4228/3274 4213/4230/3276 4214/4229/3275
f 4216/4231/3277 4214/4229/3275 4213/4230/3276
f 4213/4230/3276 4215/4232/3278 4216/4231/3277
f 4199/4216/3262 4216/4231/3277 4215/4232/3278
f 4215/4232/3278 4200/4217/3263 4199/4216/3262
f 4155/4171/3217 4154/4170/3216 4217/4233/3279
f 4217/4233/3279 4218/4234/3280 4155/4171/3217
f 4156/4172/3218 4155/4171/3217 4218/4234/3280
f 4218/4234/3280 4219/4235/3281 4156/4172/3218
f 4157/4173/3219 4156/4172/3218 4219/4235/3281
f 4219/4235/3281 4220/4236/3282 4157/4173/3219
f 4158/4174/3220 4157/4173/3219 4220/4236/3282
f 4220/4236/3282 4221/4237/3283 4158/4174/3220
f 4160/4176/3222 4159/4175/3221 4222/4238/3284
f 4222/4238/3284 4223/4239/3285 4160/4176/3222
f 4161/4177/3223 4160/4176/3222 4223/4239/3285
f 4223/4239/3285 4224/4240/3286 4161/4177/3223
f 4162/4178/3224 4161/4177/3223 4224/4240/3286
f 4224/4240/3286 4225/4241/3287 4162/4178/3224
f 4154/4170/3216 4162/4178/3224 4225/4241/3287
f 4225/4241/3287 4217/4233/3279 4154/4170/3216
f 4201/4218/3264 4200/4217/3263 4163/4180/3226
f 4163/4180/3226 4166/4179/3225 4201/4218/3264
f 4203/4220/3266 4201/4218/3264 4166/4179/3225
f 4166/4179/3225 4168/4183/3229 4203/4220/3266
f 4205/4222/3268 4203/4220/3266 4168/4183/3229
f 4168/4183/3229 4170/4185/3231 4205/4222/3268
f 4207/4224/3270 4205/4222/3268 4170/4185/3231
f 4170/4185/3231 4172/4187/3233 4207/4224/3270
f 4211/4228/3274 4210/4227/3273 4173/4190/3236
f 4173/4190/3236 4176/4189/3235 4211/4228/3274
f 4213/4230/3276 4211/4228/3274 4176/4189/3235
f 4176/4189/3235 4178/4193/3239 4213/4230/3276
f 4215/4232/3278 4213/4230/3276 4178/4193/3239
f 4178/4193/3239 4180/4195/3241 4215/4232/3278
f 4200/4217/3263 4215/4232/3278 4180/4195/3241
f 4180/4195/3241 4163/4180/3226 4200/4217/3263
f 4183/4200/3246 4182/4199/3245 4199/4216/3262
f 4199/4216/3262 4202/4215/3261 4183/4200/3246
f 4185/4202/3248 4183/4200/3246 4202/4215/3261
f 4202/4215/3261 4204/4219/3265 4185/4202/3248
f 4187/4204/3250 4185/4202/3248 4204/4219/3265
f 4204/4219/3265 4206/4221/3267 4187/4204/3250
f 4189/4206/3252 4187/4204/3250 4206/4221/3267
f 4206/4221/3267 4208/4223/3269 4189/4206/3252
f 4193/4210/3256 4192/4209/3255 4209/4226/3272
f 4209/4226/3272 4212/4225/3271 4193/4210/3256
f 4195/4212/3258 4193/4210/3256 4212/4225/3271
f 4212/4225/3271 4214/4229/3275 4195/4212/3258
f 4197/4214/3260 4195/4212/3258 4214/4229/3275
f 4214/4229/3275 4216/4231/3277 4197/4214/3260
f 4182/4199/3245 4197/4214/3260 4216/4231/3277
f 4216/4231/3277 4199/4216/3262 4182/4199/3245
f 4218/4234/3280 4217/4233/3279 4181/4198/3244
f 4181/4198/3244 4184/4197/3243 4218/4234/3280
f 4219/4235/3281 4218/4234/3280 4184/4197/3243
f 4184/4197/3243 4186/4201/3247 4219/4235/3281
f 4220/4236/3282 4219/4235/3281 4186/4201/3247
f 4186/4201/3247 4188/4203/3249 4220/4236/3282
f 4221/4237/3283 4220/4236/3282 4188/4203/3249
f 4188/4203/3249 4190/4205/3251 4221/4237/3283
f 4223/4239/3285 4222/4238/3284 4191/4208/3254
f 4191/4208/3254 4194/4207/3253 4223/4239/3285
f 4224/4240/3286 4223/4239/3285 4194/4207/3253
f 4194/4207/3253 4196/4211/3257 4224/4240/3286
f 4225/4241/3287 4224/4240/3286 4196/4211/3257
f 4196/4211/3257 4198/4213/3259 4225/4241/3287
f 4217/4233/3279 4225/4241/3287 4198/4213/3259
f 4198/4213/3259 4181/4198/3244 4217/4233/3279
f 4092/4108/3154 4091/4107/3153 4100/4117/3163
f 4100/4117/3163 4103/4116/3162 4092/4108/3154
f 4093/4109/3155 4092/4108/3154 4103/4116/3162
f 4103/4116/3162 4105/4120/3166 4093/4109/3155
f 4094/4110/3156 4093/4109/3155 4105/4120/3166
f 4105/4120/3166 4107/4122/3168 4094/4110/3156
f 4095/4111/3157 4094/4110/3156 4107/4122/3168
f 4107/4122/3168 4109/4124/3170 4095/4111/3157
f 4097/4113/3159 4096/4112/3158 4110/4127/3173
f 4110/4127/3173 4113/4126/3172 4097/4113/3159
f 4098/4114/3160 4097/4113/3159 4113/4126/3172
f 4113/4126/3172 4115/4130/3176 4098/4114/3160
f 4099/4115/3161 4098/4114/3160 4115/4130/3176
f 4115/4130/3176 4117/4132/3178 4099/4115/3161
f 4091/4107/3153 4099/4115/3161 4117/4132/3178
f 4117/4132/3178 4100/4117/3163 4091/4107/3153
