# Blender v2.76 (sub 0) OBJ File: ''
# www.blender.org
mtllib Crate Stack.mtl
o Model001_24_benchgen_0.6_9_1
v -0.636229 0.135587 0.098673
v -0.218707 0.113919 -0.126295
v -0.659044 0.135667 0.040919
v -0.195731 0.110408 -0.067794
v -0.083360 0.085723 -0.452073
v -0.307848 0.110408 -0.369620
v -0.083600 0.114160 -0.451752
v -0.308502 0.081972 -0.369620
v -0.548556 0.135347 0.322360
v 0.106990 0.085643 0.075497
v 0.106670 0.114079 0.075577
v -0.550505 0.106990 0.323174
v 0.450778 0.128178 -0.363092
v 0.473260 0.099821 -0.302801
v 0.452727 0.099821 -0.363746
v 0.471311 0.128178 -0.302147
v -0.661327 0.107311 0.041760
v -0.638511 0.107231 0.099487
v -0.661327 0.107311 0.041760
v 0.004766 0.085723 -0.207626
v -0.638511 0.107231 0.099487
v 0.026274 0.085723 -0.148136
v -0.569089 0.135427 0.269719
v 0.087512 0.114079 0.022349
v -0.167201 0.110408 0.008878
v 0.075256 0.114079 -0.011602
v 0.053535 0.114080 -0.071785
v -0.582133 0.135427 0.236143
v 0.026874 0.124920 -0.145373
v 0.052521 0.124920 -0.074309
v -0.279652 0.110408 -0.293670
v -0.055898 0.114080 -0.375161
v -0.672088 0.135667 0.007316
v -0.253258 0.113919 -0.219187
v -0.694904 0.135747 -0.050438
v -0.231417 0.113919 -0.160112
v 0.406120 0.127363 -0.453701
v 0.438388 0.099661 -0.396668
v 0.408070 0.099007 -0.454355
v 0.436426 0.128017 -0.396014
v 0.558008 0.100302 -0.082386
v 0.537796 0.128658 -0.135267
v 0.556046 0.128658 -0.081691
v 0.539758 0.100302 -0.136001
v 0.526061 0.100222 -0.169484
v 0.497050 0.128097 -0.226851
v 0.524112 0.128578 -0.168669
v 0.499013 0.099741 -0.227505
v -0.571372 0.107070 0.270533
v -0.550505 0.106990 0.323174
v -0.608206 0.107151 0.176987
v -0.584402 0.107070 0.236957
v -0.605923 0.135507 0.176172
v -0.759440 0.108619 -0.212192
v -0.733366 0.129646 -0.141381
v -0.756182 0.131435 -0.212512
v -0.736624 0.106830 -0.140887
v -0.696853 0.107391 -0.049584
v -0.674037 0.107391 0.008170
v -0.571372 0.107070 0.270533
v 0.106990 0.085643 0.075497
v -0.550505 0.106990 0.323174
v 0.087752 0.085643 0.022269
v -0.584402 0.107070 0.236957
v 0.053776 0.085723 -0.071865
v 0.075497 0.085643 -0.011695
v -0.608206 0.107151 0.176987
v -0.280146 0.081972 -0.293509
v -0.083360 0.085723 -0.452073
v -0.055658 0.085723 -0.375161
v -0.308502 0.081972 -0.369620
v -0.696853 0.107391 -0.049584
v -0.726197 0.107484 -0.124186
v -0.028984 0.085723 -0.301173
v -0.674037 0.107391 0.008170
v -0.007476 0.085723 -0.241683
v 0.458601 0.127203 -0.297902
v 0.227345 0.114814 -0.286340
v 0.248532 0.114814 -0.226196
v 0.026020 0.114080 -0.148056
v 0.004512 0.114080 -0.207626
v 0.142516 0.086458 -0.532255
v 0.141381 0.114894 -0.531935
v -0.467065 0.105936 -0.310625
v -0.469682 0.077620 -0.310291
v 0.326752 0.114734 -0.002670
v 0.327900 0.086377 -0.003057
v 0.460550 0.098847 -0.298556
v 0.249506 0.086377 -0.226530
v 0.228479 0.086457 -0.286821
v 0.452727 0.099821 -0.363746
v 0.473260 0.099821 -0.302801
v 0.308008 0.114814 -0.056058
v 0.296113 0.114814 -0.090115
v 0.484341 0.127110 -0.222458
v 0.275086 0.114814 -0.150419
v 0.249012 0.125574 -0.223433
v 0.273791 0.125574 -0.152863
v -0.443275 0.104467 -0.233366
v 0.168509 0.114894 -0.454355
v -0.029237 0.114080 -0.301173
v 0.194422 0.114894 -0.380701
v 0.215449 0.114814 -0.320397
v -0.007730 0.114080 -0.241523
v 0.539758 0.100302 -0.136001
v 0.327900 0.086377 -0.003057
v 0.309156 0.086377 -0.056472
v 0.558008 0.100302 -0.082386
v 0.526061 0.100222 -0.169484
v 0.486303 0.098753 -0.223273
v 0.499013 0.099741 -0.227505
v 0.297261 0.086377 -0.090529
v 0.276074 0.086377 -0.150753
v 0.142516 0.086458 -0.532255
v 0.169657 0.086458 -0.454689
v -0.469682 0.077620 -0.310291
v -0.446212 0.076111 -0.233045
v 0.195397 0.086458 -0.381022
v 0.438388 0.099661 -0.396668
v 0.216584 0.086457 -0.320891
v 0.408070 0.099007 -0.454355
v -0.662302 0.131355 0.022789
v -0.223273 0.108779 -0.143904
v 0.441646 0.124026 -0.378739
v 0.442954 0.103573 -0.379072
v -0.663610 0.110982 0.023403
v -0.663610 0.110982 0.023403
v -0.001402 0.091264 -0.224741
v -0.572347 0.131115 0.251629
v 0.081398 0.108539 0.005354
v 0.528677 0.124426 -0.150993
v 0.529972 0.103973 -0.151474
v -0.573975 0.110742 0.252110
v -0.573975 0.110742 0.252110
v 0.081571 0.091264 0.005300
v 0.221644 0.109273 -0.303442
v -0.001562 0.108539 -0.224568
v 0.442954 0.103573 -0.379072
v 0.222285 0.091998 -0.303776
v 0.302307 0.109193 -0.073174
v 0.529972 0.103973 -0.151474
v 0.302961 0.091998 -0.073414
v 0.486303 0.098753 -0.223273
v 0.458601 0.127203 -0.297902
v 0.484341 0.127110 -0.222458
v 0.460550 0.098847 -0.298556
v 0.460550 0.098847 -0.298556
v 0.486303 0.098753 -0.223273
v 0.026874 0.124920 -0.145373
v 0.248532 0.114814 -0.226196
v 0.026020 0.114080 -0.148056
v 0.249012 0.125574 -0.223433
v 0.273791 0.125574 -0.152863
v 0.053535 0.114080 -0.071785
v 0.275086 0.114814 -0.150419
v 0.052521 0.124920 -0.074309
v 0.484341 0.127110 -0.222458
v 0.499013 0.099741 -0.227505
v 0.486303 0.098753 -0.223273
v 0.497050 0.128097 -0.226851
v 0.458601 0.127203 -0.297902
v 0.473260 0.099821 -0.302801
v 0.471311 0.128178 -0.302147
v 0.460550 0.098847 -0.298556
v 0.458601 0.127203 -0.297902
v -0.195731 0.110408 -0.067794
v -0.167201 0.110408 0.008878
v 0.484341 0.127110 -0.222458
v -0.753565 0.133798 -0.215930
v -0.729455 0.131929 -0.139659
v -0.753565 0.133798 -0.215930
v -0.758131 0.105682 -0.215449
v -0.733366 0.103733 -0.139098
v -0.758131 0.105682 -0.215449
v -0.733366 0.129646 -0.141381
v -0.733366 0.103733 -0.139098
v -0.729455 0.131929 -0.139659
v -0.736624 0.106830 -0.140887
v -0.166066 0.610155 -0.212352
v -0.174544 0.604294 -0.243151
v -0.186759 0.527369 -0.237277
v -0.172101 0.526715 -0.182687
v -0.204195 0.410032 -0.229294
v -0.191646 0.409698 -0.182687
v -0.159791 0.607552 -0.182687
v -0.165412 0.616670 -0.210723
v -0.157842 0.620261 -0.182687
v -0.238265 0.411007 -0.102024
v -0.331318 0.413944 -0.102024
v -0.284711 0.412315 -0.089555
v -0.365375 0.414918 -0.136161
v -0.204195 0.410032 -0.136161
v -0.191646 0.409698 -0.182687
v -0.377764 0.415252 -0.182687
v -0.365375 0.414918 -0.229294
v -0.204195 0.410032 -0.229294
v -0.238265 0.411007 -0.263364
v -0.331318 0.413944 -0.263364
v -0.284711 0.412315 -0.275913
v -0.285192 0.399272 -0.263684
v -0.335390 0.400580 -0.269719
v -0.285192 0.399272 -0.283083
v -0.325617 0.400246 -0.252764
v -0.372224 0.401555 -0.232885
v -0.355269 0.401234 -0.223099
v -0.385587 0.402209 -0.182687
v -0.366029 0.401555 -0.182687
v -0.355269 0.401234 -0.142276
v -0.372224 0.401555 -0.132490
v -0.325617 0.400246 -0.112611
v -0.335390 0.400580 -0.095749
v -0.285192 0.399272 -0.101770
v -0.285192 0.399272 -0.082305
v -0.235008 0.397643 -0.269719
v -0.285192 0.399272 -0.263684
v -0.285192 0.399272 -0.283083
v -0.244780 0.397977 -0.252764
v -0.198174 0.396668 -0.232885
v -0.215116 0.396989 -0.223099
v -0.184810 0.396348 -0.182687
v -0.204195 0.396668 -0.182687
v -0.215116 0.396989 -0.142276
v -0.198174 0.396668 -0.132490
v -0.244780 0.397977 -0.112611
v -0.235008 0.397643 -0.095749
v -0.285192 0.399272 -0.101770
v -0.285192 0.399272 -0.082305
v -0.068167 0.112931 0.154411
v -0.155559 0.112931 -0.433502
v -0.109434 0.112931 -0.398951
v -0.034017 0.112931 0.108125
v 0.519225 0.112931 0.067099
v 0.397643 0.112931 -0.474234
v 0.431873 0.112931 -0.520854
v 0.473260 0.112931 0.032762
v 0.428603 0.707293 -0.520200
v 0.473260 0.707293 0.032762
v 0.519546 0.707293 0.067220
v 0.393731 0.707293 -0.473914
v -0.109434 0.707293 -0.398951
v -0.064042 0.707293 0.149765
v -0.029798 0.707293 0.103319
v -0.155720 0.707293 -0.433502
v 0.513351 0.153677 0.026768
v 0.519225 0.112931 0.067099
v 0.438068 0.153677 -0.480429
v 0.433823 0.666547 -0.479788
v 0.428603 0.707293 -0.520200
v 0.513351 0.666547 0.026768
v -0.149765 0.153677 -0.393077
v -0.155559 0.112931 -0.433502
v -0.074402 0.153677 0.114160
v -0.070157 0.666547 0.109354
v -0.064042 0.707293 0.149765
v -0.149765 0.666547 -0.393077
v -0.027849 0.129473 0.099821
v -0.101116 0.129473 -0.392757
v 0.391448 0.129473 -0.466091
v 0.464782 0.129473 0.026607
v 0.387537 0.690992 -0.465436
v 0.464782 0.690992 0.026608
v -0.023657 0.690992 0.095015
v -0.101116 0.690992 -0.392756
v 0.422742 0.161020 -0.470656
v 0.496076 0.161020 0.021961
v 0.496076 0.659044 0.021962
v 0.418510 0.659045 -0.470002
v -0.132330 0.659045 -0.388191
v -0.054884 0.659044 0.099661
v 0.502924 0.645681 0.061599
v -0.054390 0.176987 0.143010
v -0.007717 0.129806 0.136081
v 0.455010 0.694250 0.068688
v -0.009185 0.129806 0.126135
v 0.501296 0.645681 0.051706
v 0.453701 0.694250 0.058795
v -0.055858 0.176987 0.133144
v 0.421767 0.645681 -0.503899
v 0.507490 0.176987 0.052641
v 0.500321 0.129806 0.005968
v 0.428936 0.694250 -0.456318
v 0.490535 0.129806 0.007436
v 0.411981 0.645681 -0.502591
v 0.497384 0.176987 0.054109
v 0.418830 0.694250 -0.454689
v 0.514659 0.509119 0.063642
v 0.479134 0.666547 0.073134
v 0.480108 0.495421 0.070651
v 0.481083 0.324629 0.068648
v 0.515314 0.310945 0.064216
v 0.479134 0.153677 0.073134
v 0.519225 0.112931 0.067099
v -0.068207 0.311105 0.154491
v -0.068167 0.112931 0.154411
v -0.028009 0.153677 0.148550
v -0.028009 0.324629 0.148550
v -0.065671 0.509119 0.151394
v -0.025459 0.495421 0.145373
v -0.023790 0.666547 0.143664
v -0.064042 0.707293 0.149765
v 0.428936 0.509119 -0.515314
v 0.428603 0.707293 -0.520200
v 0.433823 0.666547 -0.479788
v 0.434477 0.495422 -0.474888
v 0.437414 0.324629 -0.480429
v 0.429911 0.310945 -0.518891
v 0.438068 0.153677 -0.480429
v 0.431873 0.112931 -0.520854
v 0.513351 0.153677 0.026768
v 0.509773 0.324629 0.029985
v 0.511402 0.495421 0.028477
v 0.513351 0.666547 0.026768
v -0.155065 0.509119 -0.429590
v -0.115388 0.666547 -0.439363
v -0.114894 0.495421 -0.435451
v -0.152782 0.311105 -0.427307
v -0.112611 0.324629 -0.433168
v -0.115388 0.153677 -0.439363
v -0.155559 0.112931 -0.433502
v 0.391782 0.153677 -0.514659
v 0.390794 0.324629 -0.514659
v 0.388191 0.495422 -0.509119
v 0.387537 0.666547 -0.514005
v -0.070157 0.666547 0.109354
v -0.071825 0.495421 0.110982
v -0.074402 0.324629 0.114160
v -0.074402 0.153677 0.114160
v -0.149765 0.153677 -0.393077
v -0.147002 0.324629 -0.386882
v -0.149205 0.495421 -0.389165
v -0.149765 0.666547 -0.393077
v 0.469348 0.659044 0.057808
v 0.470656 0.493139 0.055364
v 0.471631 0.327086 0.053375
v 0.469348 0.161020 0.057807
v -0.023230 0.161020 0.131115
v -0.023230 0.327086 0.131115
v -0.020666 0.493138 0.127937
v -0.018998 0.659044 0.126215
v 0.418510 0.659045 -0.470002
v 0.419150 0.493139 -0.465116
v 0.422087 0.327086 -0.470656
v 0.422742 0.161020 -0.470656
v 0.496076 0.161020 0.021961
v 0.492498 0.327086 0.025206
v 0.494126 0.493139 0.023751
v 0.496076 0.659044 0.021962
v -0.105762 0.659045 -0.424050
v -0.105201 0.493139 -0.420138
v -0.102919 0.327086 -0.417855
v -0.105762 0.161020 -0.424050
v 0.386882 0.161020 -0.497384
v 0.386242 0.327086 -0.497050
v 0.383304 0.493139 -0.491843
v 0.382650 0.659045 -0.496730
v -0.054884 0.659044 0.099661
v -0.056552 0.493138 0.101370
v -0.059076 0.327086 0.104467
v -0.059076 0.161020 0.104467
v -0.132330 0.161020 -0.388191
v -0.129473 0.327086 -0.381996
v -0.131755 0.493139 -0.384279
v -0.132330 0.659045 -0.388191
v 0.496076 0.659044 0.021962
v 0.419150 0.493139 -0.465116
v 0.418510 0.659045 -0.470002
v 0.494126 0.493139 0.023751
v 0.492498 0.327086 0.025206
v 0.422087 0.327086 -0.470656
v 0.496076 0.161020 0.021961
v 0.422742 0.161020 -0.470656
v -0.131755 0.493139 -0.384279
v -0.054884 0.659044 0.099661
v -0.132330 0.659045 -0.388191
v -0.056552 0.493138 0.101370
v -0.129473 0.327086 -0.381996
v -0.059076 0.327086 0.104467
v -0.059076 0.161020 0.104467
v -0.132330 0.161020 -0.388191
v 0.236143 0.112931 -0.490535
v 0.431873 0.112931 -0.520854
v 0.397643 0.112931 -0.474234
v 0.228813 0.112931 -0.448161
v 0.059650 0.112931 -0.424050
v 0.040238 0.112931 -0.462513
v -0.109434 0.112931 -0.398951
v -0.155559 0.112931 -0.433502
v 0.127603 0.114654 0.125321
v -0.068167 0.112931 0.154411
v -0.034017 0.112931 0.108125
v 0.135026 0.114654 0.083026
v 0.323494 0.112931 0.096230
v 0.304096 0.112931 0.057901
v 0.473260 0.112931 0.032762
v 0.519225 0.112931 0.067099
v 0.323655 0.707293 0.096310
v 0.519546 0.707293 0.067220
v 0.473260 0.707293 0.032762
v 0.304096 0.707293 0.057901
v 0.127684 0.704022 0.125481
v 0.135026 0.704022 0.083026
v -0.029798 0.707293 0.103319
v -0.109434 0.707293 -0.398951
v 0.040438 0.707293 -0.462512
v -0.155720 0.707293 -0.433502
v 0.059650 0.707293 -0.424050
v 0.237451 0.704676 -0.485328
v 0.229467 0.704676 -0.443929
v 0.393731 0.707293 -0.473914
v 0.479134 0.153677 0.073134
v 0.310131 0.153677 0.098273
v 0.127603 0.114654 0.125321
v 0.141047 0.155479 0.123371
v -0.028009 0.153677 0.148550
v -0.068167 0.112931 0.154411
v -0.023790 0.666547 0.143664
v 0.141047 0.662956 0.123372
v 0.310131 0.666547 0.098273
v 0.323655 0.707293 0.096310
v 0.479134 0.666547 0.073134
v 0.519546 0.707293 0.067220
v -0.115388 0.153677 -0.439363
v 0.053615 0.153677 -0.464462
v 0.236143 0.112931 -0.490535
v 0.222779 0.153677 -0.488586
v 0.391782 0.153677 -0.514659
v 0.387537 0.666547 -0.514005
v 0.223593 0.663931 -0.483366
v 0.053615 0.666547 -0.464462
v 0.040438 0.707293 -0.462512
v -0.115388 0.666547 -0.439363
v -0.155720 0.707293 -0.433502
v 0.391448 0.129473 -0.466091
v 0.227505 0.129473 -0.440671
v 0.063108 0.129473 -0.417201
v -0.860476 0.085643 -0.017943
v -0.947174 0.073014 -0.091504
v -0.920446 0.085643 -0.013270
v -0.297261 0.073014 -0.142276
v -0.303442 0.085643 -0.222125
v -0.953702 0.085643 -0.171446
v -0.315992 0.085643 -0.381996
v -0.052360 0.085643 -0.241683
v -0.291066 0.085643 -0.062413
v 0.681860 0.073014 -0.218707
v -0.284711 0.085643 0.017436
v -0.854615 0.058301 0.061933
v -0.966078 0.085643 -0.331158
v 0.849395 0.085643 -0.472939
v 0.860476 0.106497 -0.330170
v 0.855269 0.085643 -0.393077
v 0.891115 0.085643 -0.154745
v 0.496730 0.085643 0.036767
v -0.278517 0.085643 0.097298
v -0.866991 0.085643 0.143250
v 0.884600 0.073014 -0.234514
v 0.866350 0.093867 -0.250321
v 0.911982 0.085643 -0.076031
v 0.918497 0.085643 0.003858
v 0.465770 0.085643 0.119540
v -0.842226 0.085643 0.221644
v -0.272322 0.085643 0.177147
v -0.922409 0.078300 0.227825
v -0.947174 0.078300 0.149525
v -0.947174 0.044577 -0.091504
v -0.860476 0.057167 -0.017943
v -0.920446 0.057167 -0.013270
v -0.297261 0.044577 -0.142276
v -0.303442 0.057167 -0.222125
v -0.953702 0.057167 -0.171446
v -0.291066 0.057167 -0.062413
v 0.681860 0.044577 -0.218707
v -0.284711 0.057167 0.017436
v -0.854615 0.029878 0.061933
v -0.315992 0.057167 -0.381996
v 0.860476 0.078060 -0.330170
v 0.855269 0.057167 -0.393077
v -0.966078 0.057167 -0.331158
v -0.866991 0.057167 0.143250
v 0.891115 0.057167 -0.154745
v 0.496730 0.057167 0.036767
v 0.465770 0.057167 0.119540
v -0.272322 0.057167 0.177147
v -0.842226 0.057167 0.221644
v 0.849395 0.057167 -0.472939
v 0.866350 0.065431 -0.250321
v -0.922409 0.049904 0.227825
v -0.947174 0.049904 0.149525
v 0.911982 0.057167 -0.076031
v 0.918497 0.057167 0.003858
v 0.884600 0.044577 -0.234514
v 0.884600 0.073014 -0.234514
v 0.891115 0.057167 -0.154745
v 0.884600 0.044577 -0.234514
v 0.891115 0.085643 -0.154745
v 0.911982 0.057167 -0.076031
v 0.911982 0.085643 -0.076031
v 0.918497 0.057167 0.003858
v 0.918497 0.085643 0.003858
v -0.164437 0.117017 -0.354628
v -0.113105 0.149445 -0.110568
v -0.107725 0.115134 -0.077085
v -0.156454 0.150913 -0.321212
v -0.164437 0.117017 -0.354628
v -0.154745 0.409698 -0.354628
v -0.149031 0.375161 -0.321211
v -0.156454 0.150913 -0.321212
v -0.098032 0.407749 -0.077085
v -0.149031 0.375161 -0.321211
v -0.154745 0.409698 -0.354628
v -0.106016 0.373852 -0.110488
v -0.098032 0.407749 -0.077085
v -0.107725 0.115134 -0.077085
v -0.113105 0.149445 -0.110568
v -0.106016 0.373852 -0.110488
v -0.648938 0.425999 0.035472
v -0.664585 0.167695 0.002043
v -0.658724 0.133384 0.035472
v -0.657095 0.392102 0.002043
v -0.648938 0.425999 0.035472
v -0.700765 0.427628 -0.243151
v -0.700110 0.393411 -0.208761
v -0.657095 0.392102 0.002043
v -0.710550 0.135106 -0.243152
v -0.700110 0.393411 -0.208761
v -0.700765 0.427628 -0.243151
v -0.707293 0.169163 -0.208761
v -0.658724 0.133384 0.035472
v -0.707293 0.169163 -0.208761
v -0.710550 0.135106 -0.243152
v -0.664585 0.167695 0.002043
v -0.139098 0.150339 -0.070437
v -0.132570 0.374827 -0.070237
v -0.648938 0.425999 0.035472
v -0.132570 0.374827 -0.070237
v -0.098032 0.407749 -0.077085
v -0.616670 0.390794 0.028663
v -0.624173 0.166387 0.028663
v -0.616670 0.390794 0.028663
v -0.107725 0.115134 -0.077085
v -0.624173 0.166387 0.028663
v -0.658724 0.133384 0.035472
v -0.139098 0.150339 -0.070437
v -0.181379 0.410686 -0.314363
v -0.138284 0.409057 -0.103733
v -0.700765 0.427628 -0.243151
v -0.181379 0.410686 -0.314363
v -0.154745 0.409698 -0.354628
v -0.665573 0.426653 -0.215449
v -0.101116 0.129473 -0.392757
v -0.027849 0.129473 0.099821
v 0.136401 0.131195 0.075457
v 0.300679 0.129473 0.051012
v 0.464782 0.129473 0.026607
v 0.464782 0.690992 0.026608
v 0.300679 0.690992 0.051012
v 0.136401 0.687080 0.075457
v -0.023657 0.690992 0.095015
v -0.101116 0.690992 -0.392756
v 0.063108 0.690992 -0.417201
v 0.228159 0.688389 -0.436426
v 0.387537 0.690992 -0.465436
v 0.469348 0.161020 0.057807
v 0.305244 0.161020 0.082252
v 0.141047 0.162809 0.106670
v -0.023230 0.161020 0.131115
v -0.018998 0.659044 0.126215
v 0.141047 0.655466 0.106670
v 0.305244 0.659044 0.082252
v 0.469348 0.659044 0.057808
v -0.105762 0.161020 -0.424050
v 0.058462 0.161020 -0.448495
v 0.222939 0.161020 -0.471631
v 0.386882 0.161020 -0.497384
v 0.382650 0.659045 -0.496730
v 0.223593 0.656762 -0.466424
v 0.058462 0.659045 -0.448495
v -0.105762 0.659045 -0.424050
v 0.464782 0.129473 0.026607
v 0.227505 0.129473 -0.440671
v 0.391448 0.129473 -0.466091
v 0.300679 0.129473 0.051012
v 0.136401 0.131195 0.075457
v 0.063108 0.129473 -0.417201
v -0.027849 0.129473 0.099821
v -0.101116 0.129473 -0.392757
v 0.228159 0.688389 -0.436426
v 0.464782 0.690992 0.026608
v 0.387537 0.690992 -0.465436
v 0.300679 0.690992 0.051012
v 0.136401 0.687080 0.075457
v 0.063108 0.690992 -0.417201
v -0.023657 0.690992 0.095015
v -0.101116 0.690992 -0.392756
v -0.018998 0.659044 0.126215
v -0.020666 0.493138 0.127937
v 0.141047 0.655466 0.106670
v 0.141381 0.493138 0.105842
v 0.141702 0.327086 0.105202
v -0.023230 0.327086 0.131115
v 0.306059 0.493139 0.080583
v 0.305244 0.659044 0.082252
v 0.469348 0.659044 0.057808
v 0.306539 0.327086 0.079288
v 0.470656 0.493139 0.055364
v 0.305244 0.161020 0.082252
v 0.141047 0.162809 0.106670
v -0.023230 0.161020 0.131115
v 0.471631 0.327086 0.053375
v 0.469348 0.161020 0.057807
v 0.382650 0.659045 -0.496730
v 0.383304 0.493139 -0.491843
v 0.223593 0.656762 -0.466424
v 0.223099 0.493139 -0.470002
v 0.222939 0.327086 -0.471631
v 0.386242 0.327086 -0.497050
v 0.058462 0.493139 -0.448495
v 0.058462 0.659045 -0.448495
v 0.058462 0.327086 -0.448495
v 0.222939 0.161020 -0.471631
v 0.386882 0.161020 -0.497384
v -0.102919 0.327086 -0.417855
v -0.105201 0.493139 -0.420138
v 0.058462 0.161020 -0.448495
v -0.105762 0.659045 -0.424050
v -0.105762 0.161020 -0.424050
v 0.696853 0.106336 0.172421
v 0.656441 0.042948 0.197840
v 0.648938 0.106336 0.185291
v 0.696853 0.042948 0.186919
v 0.737919 0.042948 0.197840
v 0.745101 0.106336 0.185291
v 0.767917 0.042948 0.227665
v 0.696853 0.169818 0.166881
v 0.780293 0.106336 0.220336
v 0.747705 0.169818 0.180405
v 0.646335 0.169818 0.180405
v 0.793337 0.106336 0.268411
v 0.778344 0.042948 0.268411
v 0.784859 0.169818 0.217559
v 0.798543 0.169818 0.268411
v 0.780293 0.233205 0.220336
v 0.745101 0.233205 0.185291
v 0.696853 0.233205 0.172421
v 0.648938 0.233205 0.185291
v 0.767917 0.042948 0.309156
v 0.780293 0.106336 0.316486
v 0.767917 0.296607 0.227665
v 0.793337 0.233205 0.268411
v 0.737919 0.296607 0.197840
v 0.784859 0.169818 0.319262
v 0.780293 0.233205 0.316486
v 0.747705 0.169818 0.356256
v 0.737919 0.042948 0.338981
v 0.745101 0.106336 0.351691
v 0.778344 0.296607 0.268411
v 0.767917 0.296607 0.309156
v 0.696853 0.296607 0.186920
v 0.737919 0.296607 0.338981
v 0.745101 0.233205 0.351691
v 0.656441 0.296607 0.197840
v 0.626456 0.042948 0.227665
v 0.648938 0.106336 0.185291
v 0.656441 0.042948 0.197840
v 0.613746 0.106336 0.220336
v 0.646335 0.169818 0.180405
v 0.601037 0.106336 0.268411
v 0.615696 0.042948 0.268411
v 0.609181 0.169818 0.217559
v 0.595483 0.169818 0.268411
v 0.613746 0.233205 0.220336
v 0.648938 0.233205 0.185291
v 0.626456 0.042948 0.309156
v 0.613746 0.106336 0.316486
v 0.626456 0.296607 0.227665
v 0.601037 0.233205 0.268411
v 0.609181 0.169818 0.319262
v 0.613746 0.233205 0.316486
v 0.656441 0.296607 0.197840
v 0.656441 0.042948 0.338981
v 0.648938 0.106336 0.351691
v 0.646335 0.169657 0.356256
v 0.615696 0.296607 0.268411
v 0.626456 0.296607 0.309156
v 0.648938 0.233205 0.351691
v 0.696853 0.169818 0.369941
v 0.696853 0.106336 0.364400
v 0.696853 0.042948 0.350062
v 0.656441 0.296607 0.338981
v 0.696853 0.233205 0.364400
v 0.737919 0.042948 0.338981
v 0.745101 0.106336 0.351691
v 0.747705 0.169818 0.356256
v 0.745101 0.233205 0.351691
v 0.696853 0.296607 0.350062
v 0.737919 0.296607 0.338981
v 0.732712 0.289918 0.206812
v 0.767917 0.289918 0.268411
v 0.758785 0.289918 0.232885
v 0.635574 0.289918 0.232885
v 0.661661 0.289918 0.206812
v 0.696853 0.289918 0.197360
v 0.626122 0.289918 0.268411
v 0.758785 0.289918 0.303936
v 0.661661 0.289918 0.330010
v 0.635574 0.289918 0.303936
v 0.732712 0.289918 0.330010
v 0.696853 0.289918 0.339622
v 0.661661 0.296607 0.206812
v 0.696853 0.296607 0.186920
v 0.656441 0.296607 0.197840
v 0.696853 0.296607 0.197360
v 0.732712 0.296607 0.206812
v 0.737919 0.296607 0.197840
v 0.758785 0.296607 0.232885
v 0.767917 0.296607 0.227665
v 0.635574 0.296607 0.232885
v 0.626456 0.296607 0.227665
v 0.626122 0.296607 0.268411
v 0.615696 0.296607 0.268411
v 0.626456 0.296607 0.309156
v 0.635574 0.296607 0.303936
v 0.656441 0.296607 0.338981
v 0.661661 0.296607 0.330010
v 0.696853 0.296607 0.350062
v 0.696853 0.296607 0.339622
v 0.732712 0.296607 0.330010
v 0.737919 0.296607 0.338981
v 0.758785 0.296607 0.303936
v 0.767917 0.296607 0.309156
v 0.767917 0.296607 0.268411
v 0.778344 0.296607 0.268411
v 0.767917 0.296607 0.227665
v 0.758785 0.296607 0.232885
v 0.758785 0.296607 0.303936
v 0.767917 0.296607 0.268411
v 0.767917 0.289918 0.268411
v 0.758785 0.289918 0.303936
v 0.732712 0.296607 0.330010
v 0.732712 0.289918 0.330010
v 0.696853 0.296607 0.339622
v 0.696853 0.289918 0.339622
v 0.661661 0.296607 0.330010
v 0.661661 0.289918 0.330010
v 0.635574 0.296607 0.303936
v 0.635574 0.289918 0.303936
v 0.626122 0.296607 0.268411
v 0.626122 0.289918 0.268411
v 0.635574 0.296607 0.232885
v 0.635574 0.289918 0.232885
v 0.661661 0.296607 0.206812
v 0.661661 0.289918 0.206812
v 0.696853 0.296607 0.197360
v 0.696853 0.289918 0.197360
v 0.732712 0.296607 0.206812
v 0.732712 0.289918 0.206812
v 0.758785 0.296607 0.232885
v 0.758785 0.289918 0.232885
v 0.767917 0.296607 0.268411
v 0.767917 0.289918 0.268411
v 0.661661 0.049583 0.330009
v 0.732712 0.049583 0.330009
v 0.696853 0.049583 0.339622
v 0.758785 0.049583 0.303936
v 0.626122 0.049583 0.268411
v 0.635574 0.049583 0.303936
v 0.767917 0.049583 0.268411
v 0.635574 0.049583 0.232885
v 0.732712 0.049583 0.206812
v 0.758785 0.049583 0.232885
v 0.661661 0.049583 0.206812
v 0.696853 0.049583 0.197360
v -0.665573 0.426653 -0.215449
v -0.622544 0.425025 -0.004793
v -0.138284 0.409057 -0.103733
v -0.622544 0.425025 -0.004793
v -0.195731 0.152208 -0.348099
v -0.189202 0.376790 -0.347779
v -0.710550 0.135106 -0.243152
v -0.195731 0.152208 -0.348099
v -0.164437 0.117017 -0.354628
v -0.680565 0.168189 -0.249012
v -0.680565 0.168189 -0.249012
v -0.673383 0.392757 -0.249012
v -0.189202 0.376790 -0.347779
v -0.673383 0.392757 -0.249012
v -0.190017 0.117831 -0.314697
v -0.147082 0.116443 -0.103893
v -0.631996 0.132490 -0.004793
v -0.147082 0.116443 -0.103893
v -0.675345 0.133878 -0.215449
v -0.631996 0.132490 -0.004793
v -0.190017 0.117831 -0.314697
v -0.675345 0.133878 -0.215449
v -0.170632 0.158657 -0.310785
v -0.130541 0.157348 -0.114400
v -0.170632 0.158657 -0.310785
v -0.164024 0.368632 -0.310785
v -0.123932 0.367004 -0.114400
v -0.164024 0.368632 -0.310785
v -0.130541 0.157348 -0.114400
v -0.123932 0.367004 -0.114400
v -0.649592 0.174544 -0.008437
v -0.642423 0.384279 -0.008437
v -0.642423 0.384279 -0.008437
v -0.682514 0.385587 -0.204849
v -0.689684 0.175839 -0.204849
v -0.682514 0.385587 -0.204849
v -0.689684 0.175839 -0.204849
v -0.649592 0.174544 -0.008437
v -0.149365 0.157922 -0.085229
v -0.143330 0.367658 -0.084989
v -0.143330 0.367658 -0.084989
v -0.613092 0.383304 0.010974
v -0.613092 0.383304 0.010974
v -0.619941 0.173556 0.010974
v -0.619941 0.173556 0.010974
v -0.149365 0.157922 -0.085229
v -0.187574 0.394065 -0.305725
v -0.147482 0.392757 -0.109433
v -0.657416 0.409698 -0.209735
v -0.187574 0.394065 -0.305725
v -0.617324 0.408403 -0.013417
v -0.657416 0.409698 -0.209735
v -0.147482 0.392757 -0.109433
v -0.617324 0.408403 -0.013417
v -0.199309 0.159631 -0.330343
v -0.193288 0.369620 -0.330170
v -0.670125 0.175198 -0.234193
v -0.199309 0.159631 -0.330343
v -0.663290 0.384933 -0.234193
v -0.670125 0.175198 -0.234193
v -0.193288 0.369620 -0.330170
v -0.663290 0.384933 -0.234193
v -0.195237 0.134532 -0.306059
v -0.155145 0.133224 -0.109594
v -0.155145 0.133224 -0.109594
v -0.625802 0.148871 -0.013417
v -0.625802 0.148871 -0.013417
v -0.665893 0.150179 -0.209735
v -0.665893 0.150179 -0.209735
v -0.195237 0.134532 -0.306059
v -0.123932 0.367004 -0.114400
v -0.170632 0.158657 -0.310785
v -0.164024 0.368632 -0.310785
v -0.130541 0.157348 -0.114400
v -0.642423 0.384279 -0.008437
v -0.689684 0.175839 -0.204849
v -0.649592 0.174544 -0.008437
v -0.682514 0.385587 -0.204849
v -0.143330 0.367658 -0.084989
v -0.619941 0.173556 0.010974
v -0.149365 0.157922 -0.085229
v -0.613092 0.383304 0.010974
v -0.657416 0.409698 -0.209735
v -0.147482 0.392757 -0.109433
v -0.187574 0.394065 -0.305725
v -0.617324 0.408403 -0.013417
v -0.199309 0.159631 -0.330343
v -0.670125 0.175198 -0.234193
v -0.193288 0.369620 -0.330170
v -0.663290 0.384933 -0.234193
v -0.155145 0.133224 -0.109594
v -0.665893 0.150179 -0.209735
v -0.195237 0.134532 -0.306059
v -0.625802 0.148871 -0.013417
v -0.372224 0.401555 -0.132490
v -0.403183 0.539758 -0.182687
v -0.385587 0.402209 -0.182687
v -0.386882 0.539104 -0.121662
v -0.335390 0.400580 -0.095749
v -0.411340 0.614401 -0.177307
v -0.412969 0.608526 -0.182687
v -0.399605 0.611784 -0.182687
v -0.396668 0.613092 -0.122223
v -0.398297 0.617658 -0.177801
v -0.384933 0.616350 -0.128177
v -0.395694 0.610489 -0.119046
v -0.342238 0.537796 -0.076965
v -0.353640 0.608206 -0.074562
v -0.394706 0.613413 -0.115788
v -0.281120 0.536167 -0.060584
v -0.285192 0.399272 -0.082305
v -0.383625 0.610489 -0.122303
v -0.384279 0.607552 -0.125240
v -0.345496 0.608847 -0.067513
v -0.295459 0.610489 -0.053335
v -0.235008 0.397643 -0.095749
v -0.220002 0.534218 -0.076965
v -0.278997 0.609835 -0.048889
v -0.352345 0.608526 -0.073094
v -0.344842 0.611784 -0.083761
v -0.346471 0.611463 -0.085149
v -0.345816 0.614401 -0.066819
v -0.297902 0.617004 -0.054029
v -0.338981 0.617978 -0.078140
v -0.278837 0.613413 -0.061933
v -0.293830 0.614067 -0.065964
v -0.212192 0.602666 -0.066819
v -0.198174 0.396668 -0.132490
v -0.175358 0.532909 -0.121662
v -0.163129 0.606577 -0.115788
v -0.295953 0.620582 -0.066579
v -0.218707 0.606577 -0.078140
v -0.159057 0.532589 -0.182687
v -0.153677 0.606243 -0.150913
v -0.174383 0.610489 -0.122303
v -0.184810 0.396348 -0.182687
v -0.146668 0.605589 -0.182687
v -0.152943 0.615375 -0.152702
v -0.165826 0.610155 -0.154011
v -0.144879 0.616350 -0.182687
v -0.157842 0.620261 -0.182687
v -0.165172 0.619287 -0.155639
v -0.325617 0.400246 -0.112611
v -0.244780 0.397977 -0.112611
v -0.285192 0.399272 -0.101770
v -0.355269 0.401234 -0.142276
v -0.215116 0.396989 -0.142276
v -0.204195 0.396668 -0.182687
v -0.366029 0.401555 -0.182687
v -0.355269 0.401234 -0.223099
v -0.215116 0.396989 -0.223099
v -0.244780 0.397977 -0.252764
v -0.325617 0.400246 -0.252764
v -0.285192 0.399272 -0.263684
v -0.390474 0.533230 -0.182687
v -0.365375 0.414918 -0.136161
v -0.377764 0.415252 -0.182687
v -0.375802 0.532909 -0.128097
v -0.331318 0.413944 -0.102024
v -0.398297 0.617658 -0.177801
v -0.399605 0.611784 -0.182687
v -0.384933 0.616350 -0.128177
v -0.384279 0.607552 -0.125240
v -0.336044 0.531601 -0.088086
v -0.346471 0.611463 -0.085149
v -0.383625 0.610489 -0.122303
v -0.281280 0.529972 -0.073414
v -0.284711 0.412315 -0.089555
v -0.293830 0.614067 -0.065964
v -0.338981 0.609181 -0.079075
v -0.344842 0.611784 -0.083761
v -0.238265 0.411007 -0.102024
v -0.338981 0.617978 -0.078140
v -0.295953 0.620582 -0.066579
v -0.278837 0.613413 -0.061933
v -0.226690 0.528344 -0.088086
v -0.218707 0.606577 -0.078140
v -0.204195 0.410032 -0.136161
v -0.186759 0.527369 -0.128097
v -0.174383 0.610489 -0.122303
v -0.165826 0.610155 -0.154011
v -0.165172 0.619287 -0.155639
v -0.372224 0.401555 -0.232885
v -0.386882 0.539104 -0.243806
v -0.335390 0.400580 -0.269719
v -0.342238 0.537796 -0.288449
v -0.394706 0.613413 -0.249666
v -0.383304 0.616670 -0.243151
v -0.345816 0.608206 -0.298556
v -0.281120 0.536167 -0.304750
v -0.278997 0.609835 -0.316485
v -0.339301 0.611464 -0.287315
v -0.285192 0.399272 -0.283083
v -0.278837 0.613413 -0.303442
v -0.212192 0.601678 -0.298556
v -0.235008 0.397643 -0.269719
v -0.220002 0.534218 -0.288449
v -0.218707 0.605589 -0.287315
v -0.198174 0.396668 -0.232885
v -0.175358 0.532910 -0.243806
v -0.163289 0.600383 -0.249666
v -0.154011 0.606243 -0.215449
v -0.174544 0.604294 -0.243151
v -0.166066 0.610155 -0.212352
v -0.153276 0.612759 -0.213647
v -0.165412 0.616670 -0.210723
v -0.365375 0.414918 -0.229294
v -0.375802 0.532910 -0.237277
v -0.331318 0.413944 -0.263364
v -0.336044 0.531601 -0.277369
v -0.383304 0.616670 -0.243151
v -0.339301 0.611464 -0.287315
v -0.281280 0.529972 -0.292041
v -0.278837 0.613413 -0.303442
v -0.284711 0.412315 -0.275913
v -0.218707 0.605589 -0.287315
v -0.238265 0.411007 -0.263364
v -0.226690 0.528344 -0.277369
v 0.696853 0.042948 0.186919
v 0.661661 0.042948 0.206812
v 0.656441 0.042948 0.197840
v 0.696853 0.042948 0.197360
v 0.732712 0.042948 0.206812
v 0.737919 0.042948 0.197840
v 0.758785 0.042948 0.232885
v 0.767917 0.042948 0.227665
v 0.635574 0.042948 0.232885
v 0.626456 0.042948 0.227665
v 0.626122 0.042948 0.268411
v 0.615696 0.042948 0.268411
v 0.626456 0.042948 0.309156
v 0.635574 0.042948 0.303936
v 0.656441 0.042948 0.338981
v 0.661661 0.042948 0.330009
v 0.696853 0.042948 0.350062
v 0.696853 0.042948 0.339622
v 0.732712 0.042948 0.330009
v 0.737919 0.042948 0.338981
v 0.758785 0.042948 0.303936
v 0.767917 0.042948 0.309156
v 0.767917 0.042948 0.268411
v 0.778344 0.042948 0.268411
v 0.767917 0.042948 0.227665
v 0.758785 0.042948 0.232885
v 0.758785 0.042948 0.303936
v 0.767917 0.049583 0.268411
v 0.767917 0.042948 0.268411
v 0.758785 0.049583 0.303936
v 0.732712 0.042948 0.330009
v 0.732712 0.049583 0.330009
v 0.696853 0.042948 0.339622
v 0.696853 0.049583 0.339622
v 0.661661 0.042948 0.330009
v 0.661661 0.049583 0.330009
v 0.635574 0.042948 0.303936
v 0.635574 0.049583 0.303936
v 0.626122 0.042948 0.268411
v 0.626122 0.049583 0.268411
v 0.635574 0.042948 0.232885
v 0.635574 0.049583 0.232885
v 0.661661 0.042948 0.206812
v 0.661661 0.049583 0.206812
v 0.696853 0.042948 0.197360
v 0.696853 0.049583 0.197360
v 0.732712 0.042948 0.206812
v 0.732712 0.049583 0.206812
v 0.758785 0.042948 0.232885
v 0.758785 0.049583 0.232885
v 0.767917 0.042948 0.268411
v 0.767917 0.049583 0.268411
v -0.724235 0.135841 -0.125000
v 0.339622 0.126389 -0.600383
v 0.367978 0.097939 -0.522803
v 0.341264 0.098032 -0.601037
v 0.366349 0.126295 -0.522149
v -0.726197 0.107484 -0.124186
v 0.341264 0.098032 -0.601037
v -0.594188 0.112691 -0.266782
v -0.758131 0.105682 -0.215449
v -0.597445 0.084415 -0.266461
v 0.558008 0.100302 -0.082386
v -0.570397 0.110662 -0.190017
v 0.341264 0.098032 -0.601037
v 0.367978 0.097939 -0.522803
v -0.573655 0.082426 -0.189696
v -0.758131 0.105682 -0.215449
v -0.597445 0.084415 -0.266461
v -0.733366 0.103733 -0.139098
v -0.279652 0.110408 -0.293670
v -0.726197 0.107484 -0.124186
v -0.280146 0.081972 -0.293509
v -0.570397 0.110662 -0.190017
v -0.573655 0.082426 -0.189696
v -0.446212 0.076111 -0.233045
v -0.443275 0.104467 -0.233366
v -0.280146 0.081972 -0.293509
v -0.279652 0.110408 -0.293670
v -0.847446 0.037528 0.237611
v -0.842226 0.009092 0.420138
v -0.842226 0.037528 0.420138
v -0.847446 0.009092 0.237611
v -0.852652 0.029878 0.040051
v -0.852652 0.001455 0.040051
v -0.862438 0.001455 -0.352011
v -0.862438 0.029878 -0.352011
v -0.842226 0.009092 0.420138
v -0.760735 0.029878 0.417855
v -0.842226 0.037528 0.420138
v -0.760735 0.001455 0.417855
v 0.659378 0.024792 -0.404492
v 0.421113 0.001455 -0.372544
v 0.420792 0.029878 -0.372544
v 0.659378 -0.003631 -0.404492
v -0.765955 0.001455 0.223593
v -0.852652 0.001455 0.040051
v -0.771175 0.001455 0.014192
v -0.847446 0.009092 0.237611
v 0.818756 0.024792 -0.408724
v 0.829182 0.016635 -0.003591
v 0.818756 -0.003631 -0.408724
v 0.829182 0.045058 -0.003591
v 0.839622 0.045058 0.399605
v 0.839622 0.016635 0.399605
v -0.292041 0.029878 -0.079248
v -0.456638 0.029878 -0.375802
v -0.448161 0.029878 -0.045992
v -0.305244 0.029878 -0.362438
v 0.261562 0.029878 -0.368312
v 0.273457 0.029878 0.092238
v -0.279812 0.029878 0.396348
v 0.281454 0.029878 0.399926
v -0.305244 0.029878 -0.362438
v -0.456638 0.001455 -0.375802
v -0.456638 0.029878 -0.375802
v -0.305084 0.001455 -0.362438
v 0.440017 0.001455 0.365709
v 0.680565 0.016635 0.403837
v 0.461204 0.002723 0.409378
v 0.670779 0.016635 0.023777
v 0.432514 0.001455 0.064816
v 0.659378 -0.003631 -0.404492
v 0.421113 0.001455 -0.372544
v 0.461204 0.002723 0.409378
v 0.680565 0.016635 0.403837
v 0.461204 0.031147 0.409378
v 0.680565 0.045058 0.403837
v 0.839622 0.016635 0.399605
v 0.839622 0.045058 0.399605
v -0.279812 0.001455 0.396348
v -0.449149 0.001455 -0.088820
v -0.293670 0.001455 -0.138524
v -0.436426 -0.000748 0.400580
v -0.780947 0.029878 -0.353974
v -0.448161 0.029878 -0.045992
v -0.456638 0.029878 -0.375802
v -0.771175 0.029878 0.022776
v -0.780947 0.029878 -0.353974
v -0.456638 0.029878 -0.375802
v -0.456638 0.001455 -0.375802
v -0.780947 0.001455 -0.353974
v -0.738573 0.030960 0.432514
v -0.455010 0.016595 0.424370
v -0.455010 0.045018 0.424370
v -0.739227 0.002483 0.432514
v -0.446532 0.009025 0.168015
v -0.771175 0.001455 0.014192
v -0.449149 0.001455 -0.088820
v -0.765955 0.001455 0.223593
v -0.862438 0.029878 -0.352011
v -0.771175 0.029878 0.022776
v -0.780947 0.029878 -0.353974
v -0.852652 0.029878 0.040051
v -0.765955 0.029878 0.227999
v -0.862438 0.029878 -0.352011
v -0.780947 0.029878 -0.353974
v -0.780947 0.001455 -0.353974
v -0.862438 0.001455 -0.352011
v -0.765955 0.029878 0.227999
v -0.446212 0.037461 0.189376
v -0.436426 0.027689 0.400580
v -0.862438 0.001455 -0.352011
v -0.780947 0.001455 -0.353974
v -0.780947 0.001455 -0.353974
v -0.456638 0.001455 -0.375802
v -0.456638 0.001455 -0.375802
v -0.305084 0.001455 -0.362438
v 0.261722 0.001455 -0.368312
v 0.273791 0.001455 0.092158
v 0.281454 0.001455 0.399926
v -0.446212 0.037461 0.189376
v -0.455010 0.045018 0.424370
v -0.455010 0.016595 0.424370
v -0.446532 0.009025 0.168015
v -0.842226 0.009092 0.420138
v -0.761389 0.001455 0.393077
v -0.760735 0.001455 0.417855
v -0.455010 0.016595 0.424370
v -0.761389 0.001455 0.393077
v -0.739227 0.002483 0.432514
v -0.847446 0.037528 0.237611
v -0.762697 0.029878 0.359514
v -0.842226 0.037528 0.420138
v -0.760735 0.029878 0.417855
v -0.455010 0.045018 0.424370
v -0.762697 0.029878 0.359514
v -0.738573 0.030960 0.432514
v -0.448161 0.029878 -0.045992
v -0.449149 0.001455 -0.088820
v 0.420792 0.029878 -0.372544
v 0.670125 0.045058 0.023790
v 0.261722 0.001455 -0.368312
v 0.261562 0.029878 -0.368312
v 0.818756 0.024792 -0.408724
v 0.818756 -0.003631 -0.408724
v 0.839622 0.045058 0.399605
v 0.829182 0.045058 -0.003591
v 0.680565 0.045058 0.403837
v 0.440017 0.029878 0.367004
v 0.281454 0.029878 0.399926
v 0.436426 0.029878 0.395694
v 0.273457 0.029878 0.092238
v 0.432194 0.029878 0.064856
v 0.261562 0.029878 -0.368312
v 0.839622 0.016635 0.399605
v 0.829182 0.016635 -0.003591
v 0.281454 0.001455 0.399926
v 0.436426 0.001455 0.395694
v 0.273791 0.001455 0.092158
v 0.261722 0.001455 -0.368312
v 0.818756 -0.003631 -0.408724
v 0.281454 0.029878 0.399926
v 0.436426 0.001455 0.395694
v 0.436426 0.029878 0.395694
v 0.281454 0.001455 0.399926
v 0.461204 0.031147 0.409378
v 0.440017 0.029878 0.367004
v 0.436426 0.029878 0.395694
v 0.436426 0.001455 0.395694
v 0.440017 0.001455 0.365709
v 0.440017 0.029878 0.367004
v 0.461204 0.002723 0.409378
v 0.461204 0.031147 0.409378
v 0.440017 0.001455 0.365709
v -0.761389 0.001455 0.393077
v -0.738573 0.030960 0.432514
v -0.762697 0.029878 0.359514
v -0.739227 0.002483 0.432514
v -0.760735 0.029878 0.417855
v -0.761389 0.001455 0.393077
v -0.762697 0.029878 0.359514
v -0.760735 0.001455 0.417855
v 0.281454 0.029878 0.399926
v -0.279812 0.029878 0.396348
v -0.279812 0.001455 0.396348
v 0.281454 0.001455 0.399926
v 0.261562 0.029878 -0.368312
v 0.261722 0.001455 -0.368312
v -0.436426 0.027689 0.400580
v -0.436426 -0.000748 0.400580
v -0.436426 0.027689 0.400580
v -0.436426 -0.000748 0.400580
v -0.449149 0.029878 -0.088820
v -0.922409 0.049904 0.227825
v -0.842226 0.057167 0.221644
v -0.922409 0.078300 0.227825
v -0.842226 0.085643 0.221644
v -0.144799 0.176987 -0.417522
v -0.059116 0.645681 0.134693
v -0.066205 0.694250 0.087032
v -0.127937 0.129806 -0.372544
v -0.049223 0.645681 0.133224
v -0.137790 0.129806 -0.370915
v -0.056312 0.694250 0.085563
v -0.134853 0.176987 -0.419150
v -0.140233 0.645681 -0.426653
v 0.416881 0.176987 -0.508144
v 0.370261 0.129806 -0.500962
v -0.091103 0.694250 -0.423716
v -0.092572 0.694250 -0.433822
v 0.418510 0.176987 -0.498038
v -0.272322 0.085643 0.177147
v -0.272322 0.057167 0.177147
v 0.465770 0.085643 0.119540
v 0.465770 0.057167 0.119540
v -0.947174 0.073014 -0.091504
v -0.920446 0.057167 -0.013270
v -0.920446 0.085643 -0.013270
v -0.947174 0.044577 -0.091504
v -0.953702 0.057167 -0.171446
v -0.953702 0.085643 -0.171446
v -0.966078 0.057167 -0.331158
v -0.966078 0.085643 -0.331158
v -0.966078 0.085643 -0.331158
v -0.315992 0.057167 -0.381996
v -0.966078 0.057167 -0.331158
v -0.315992 0.085643 -0.381996
v 0.849395 0.085643 -0.472939
v 0.849395 0.057167 -0.472939
v -0.922409 0.078300 0.227825
v -0.947174 0.078300 0.149525
v -0.947174 0.049904 0.149525
v -0.922409 0.049904 0.227825
v -0.854615 0.058301 0.061933
v -0.866991 0.057167 0.143250
v -0.866991 0.085643 0.143250
v -0.854615 0.029878 0.061933
v -0.860476 0.057167 -0.017943
v -0.860476 0.085643 -0.017943
v 0.849395 0.085643 -0.472939
v 0.855269 0.057167 -0.393077
v 0.849395 0.057167 -0.472939
v 0.855269 0.085643 -0.393077
v 0.860476 0.078060 -0.330170
v 0.860476 0.106497 -0.330170
v 0.866350 0.093867 -0.250321
v 0.866350 0.065431 -0.250321
v -0.947174 0.078300 0.149525
v -0.866991 0.085643 0.143250
v -0.866991 0.057167 0.143250
v -0.947174 0.049904 0.149525
v -0.860476 0.085643 -0.017943
v -0.920446 0.085643 -0.013270
v -0.920446 0.057167 -0.013270
v -0.860476 0.057167 -0.017943
v 0.681860 0.073014 -0.218707
v 0.866350 0.065431 -0.250321
v 0.866350 0.093867 -0.250321
v 0.681860 0.044577 -0.218707
v 0.884600 0.073014 -0.234514
v 0.884600 0.044577 -0.234514
v 0.496730 0.085643 0.036767
v 0.465770 0.085643 0.119540
v 0.465770 0.057167 0.119540
v 0.496730 0.057167 0.036767
v 0.496730 0.085643 0.036767
v 0.918497 0.057167 0.003858
v 0.918497 0.085643 0.003858
v 0.496730 0.057167 0.036767
v -0.138764 0.645681 -0.416547
v 0.371890 0.129806 -0.491189
vt -0.135000 0.527025
vt -0.461000 0.516025
vt -0.135000 0.516025
vt -0.462000 0.527025
vt -0.625000 0.464025
vt -0.462000 0.469025
vt -0.625000 0.469025
vt -0.462000 0.464025
vt -0.135000 0.570025
vt -0.625000 0.575025
vt -0.625000 0.570025
vt -0.135000 0.575025
vt -0.952000 0.516025
vt -0.977000 0.528025
vt -0.977000 0.516025
vt -0.952000 0.528025
vt -0.108000 0.516025
vt -0.108000 0.527025
vt -0.625000 0.516025
vt -0.625000 0.527025
vt -0.135000 0.560025
vt -0.625000 0.560025
vt -0.462000 0.542025
vt -0.625000 0.553025
vt -0.625000 0.542025
vt -0.135000 0.553025
vt -0.462000 0.484025
vt -0.625000 0.484025
vt -0.135000 0.509025
vt -0.461000 0.498025
vt -0.135000 0.498025
vt -0.461000 0.509025
vt -0.952000 0.498025
vt -0.977000 0.510025
vt -0.977000 0.498025
vt -0.952000 0.510025
vt -0.977000 0.570025
vt -0.952000 0.560025
vt -0.952000 0.570025
vt -0.977000 0.560025
vt -0.977000 0.553025
vt -0.952000 0.542025
vt -0.952000 0.553025
vt -0.977000 0.542025
vt -0.108000 0.560025
vt -0.108000 0.570025
vt -0.108000 0.542025
vt -0.108000 0.553025
vt -0.135000 0.542025
vt -0.111000 0.470025
vt -0.132000 0.483025
vt -0.132000 0.470025
vt -0.111000 0.483025
vt -0.108000 0.498025
vt -0.108000 0.509025
vt -0.135000 0.483025
vt -0.625000 0.498025
vt -0.625000 0.509025
vt -0.943000 0.528025
vt -0.789000 0.516025
vt -0.789000 0.527025
vt -0.789000 0.464025
vt -0.789000 0.469025
vt -0.345000 0.469025
vt -0.344000 0.464025
vt -0.789000 0.570025
vt -0.789000 0.575025
vt -0.789000 0.560025
vt -0.789000 0.553025
vt -0.943000 0.542025
vt -0.789000 0.542025
vt -0.344000 0.483025
vt -0.789000 0.484025
vt -0.789000 0.498025
vt -0.789000 0.509025
vt -0.344000 0.469025
vt -0.135000 0.512025
vt -0.461000 0.512025
vt -0.952000 0.513025
vt -0.977000 0.513025
vt -0.108000 0.512025
vt -0.625000 0.512025
vt -0.135000 0.557025
vt -0.625000 0.557025
vt -0.952000 0.557025
vt -0.977000 0.557025
vt -0.108000 0.557025
vt -0.789000 0.513025
vt -0.789000 0.557025
vt -0.678000 0.483025
vt -0.494000 0.486025
vt -0.678000 0.486025
vt -0.494000 0.483025
vt -0.174000 0.562025
vt -0.164000 0.567025
vt -0.174000 0.567025
vt -0.164000 0.562025
vt -0.231000 0.563025
vt -0.220000 0.568025
vt -0.220000 0.563025
vt -0.231000 0.568025
vt -0.321000 0.483025
vt -0.862000 0.483025
vt -0.137000 0.469025
vt -0.137000 0.483025
vt -0.135000 0.469025
vt -0.108000 0.469025
vt -0.092000 0.483025
vt -0.092000 0.469025
vt -0.455000 0.624025
vt -0.279000 0.619025
vt -0.280000 0.625025
vt -0.454000 0.619025
vt 0.376000 0.920025
vt 0.341000 0.920025
vt 0.341000 0.946025
vt 0.410000 0.946025
vt 0.341000 0.983025
vt 0.410000 0.983025
vt 0.410000 0.924025
vt 0.378000 0.920025
vt 0.410000 0.920025
vt 0.271000 0.015025
vt 0.132000 0.015025
vt 0.202000 0.010025
vt 0.081000 0.026025
vt 0.322000 0.026025
vt 0.341000 0.042025
vt 0.062000 0.042025
vt 0.081000 0.058025
vt 0.322000 0.058025
vt 0.271000 0.070025
vt 0.132000 0.070025
vt 0.202000 0.074025
vt 0.479000 0.905025
vt 0.401000 0.915025
vt 0.479000 0.915025
vt 0.401000 0.905025
vt 0.333000 0.915025
vt 0.333000 0.905025
vt 0.257000 0.915025
vt 0.257000 0.905025
vt 0.167000 0.905025
vt 0.167000 0.915025
vt 0.090000 0.905025
vt 0.090000 0.915025
vt 0.024000 0.905025
vt 0.024000 0.915025
vt 0.258000 0.915025
vt 0.258000 0.905025
vt 0.480000 0.905025
vt 0.480000 0.915025
vt 0.061000 0.662025
vt 0.929000 0.662025
vt 0.871000 0.677025
vt 0.121000 0.677025
vt 0.871000 0.647025
vt 0.930000 0.662025
vt 0.121000 0.647025
vt 0.931000 0.662025
vt 0.135000 0.674025
vt 0.859000 0.674025
vt 0.135000 0.652025
vt 0.859000 0.652025
vt 3.000000 0.214025
vt 2.004000 0.234025
vt 2.004000 0.214025
vt 3.000000 0.234025
vt 2.004000 0.217025
vt 3.000000 0.217025
vt 3.000000 0.233025
vt 2.004000 0.233025
vt 3.000000 0.258025
vt 2.004000 0.278025
vt 2.004000 0.258025
vt 3.000000 0.278025
vt 2.004000 0.260025
vt 3.000000 0.260025
vt 2.004000 0.276025
vt 3.000000 0.276025
vt 0.351000 0.662025
vt 0.371000 0.647025
vt 0.621000 0.647025
vt 0.641000 0.662025
vt 0.871000 0.678025
vt 0.621000 0.678025
vt 0.371000 0.678025
vt 0.121000 0.678025
vt 0.376000 0.652025
vt 0.618000 0.652025
vt 0.860000 0.674025
vt 0.619000 0.674025
vt 0.377000 0.674025
vt 3.699000 0.298025
vt 3.469000 0.150025
vt 3.699000 0.150025
vt 3.469000 0.298025
vt 3.238000 0.298025
vt 3.238000 0.150025
vt 3.010000 0.298025
vt 3.010000 0.150025
vt 3.465000 0.298025
vt 3.693000 0.150025
vt 3.693000 0.298025
vt 3.465000 0.150025
vt 3.234000 0.298025
vt 3.234000 0.150025
vt 3.006000 0.150025
vt 3.006000 0.298025
vt 0.640000 0.662025
vt 0.621000 0.677025
vt 0.371000 0.677025
vt 0.618000 0.674025
vt 0.376000 0.674025
vt 3.047000 0.377025
vt 3.004000 0.392025
vt 3.016000 0.377025
vt 3.355000 0.392025
vt 3.355000 0.407025
vt 3.004000 0.407025
vt 3.355000 0.436025
vt 3.490000 0.407025
vt 3.355000 0.377025
vt 3.885000 0.392025
vt 3.355000 0.363025
vt 3.047000 0.363025
vt 3.004000 0.436025
vt 3.984000 0.436025
vt 3.984000 0.410025
vt 3.984000 0.421025
vt 3.994000 0.377025
vt 3.773000 0.349025
vt 3.355000 0.349025
vt 3.037000 0.349025
vt 3.994000 0.392025
vt 3.984000 0.395025
vt 4.000000 0.363025
vt 4.000000 0.349025
vt 3.754000 0.334025
vt 3.047000 0.334025
vt 3.355000 0.334025
vt 3.004000 0.334025
vt 2.994000 0.349025
vt 4.051000 0.393025
vt 4.031000 0.378025
vt 4.016000 0.393025
vt 4.066000 0.378025
vt 4.031000 0.364025
vt 4.066000 0.364025
vt 4.031000 0.349025
vt 4.066000 0.349025
vt 0.742000 0.662025
vt 0.364000 0.678025
vt 0.313000 0.662025
vt 0.691000 0.678025
vt 0.691000 0.647025
vt 0.364000 0.647025
vt 0.077000 0.661025
vt 0.861000 0.648025
vt 0.917000 0.661025
vt 0.127000 0.648025
vt 0.127000 0.678025
vt 0.861000 0.678025
vt 4.004000 0.149025
vt 3.816000 0.298025
vt 4.004000 0.298025
vt 3.816000 0.149025
vt 3.629000 0.149025
vt 3.629000 0.298025
vt 3.441000 0.149025
vt 3.441000 0.298025
vt 2.703000 0.297025
vt 2.471000 0.297025
vt 2.703000 0.249025
vt 2.471000 0.249025
vt 2.236000 0.249025
vt 2.236000 0.297025
vt 2.471000 0.200025
vt 2.703000 0.200025
vt 2.703000 0.151025
vt 2.236000 0.200025
vt 2.471000 0.151025
vt 2.002000 0.200025
vt 2.002000 0.249025
vt 2.002000 0.297025
vt 2.236000 0.151025
vt 2.002000 0.151025
vt 2.291000 0.151025
vt 2.525000 0.151025
vt 2.291000 0.200025
vt 2.525000 0.200025
vt 2.760000 0.200025
vt 2.760000 0.151025
vt 2.525000 0.249025
vt 2.291000 0.249025
vt 2.760000 0.249025
vt 2.992000 0.200025
vt 2.992000 0.151025
vt 2.760000 0.297025
vt 2.525000 0.297025
vt 2.992000 0.249025
vt 2.291000 0.297025
vt 2.992000 0.297025
vt 0.086000 0.929025
vt 0.002000 0.905025
vt 0.002000 0.929025
vt 0.086000 0.905025
vt 0.169000 0.905025
vt 0.169000 0.929025
vt 0.252000 0.905025
vt 0.086000 0.952025
vt 0.252000 0.929025
vt 0.169000 0.952025
vt 0.002000 0.952025
vt 0.336000 0.929025
vt 0.336000 0.905025
vt 0.252000 0.952025
vt 0.336000 0.952025
vt 0.252000 0.974025
vt 0.169000 0.974025
vt 0.086000 0.974025
vt 0.002000 0.974025
vt 0.419000 0.905025
vt 0.419000 0.929025
vt 0.252000 1.000025
vt 0.336000 0.974025
vt 0.169000 1.000025
vt 0.419000 0.952025
vt 0.419000 0.974025
vt 0.500000 0.952025
vt 0.500000 0.905025
vt 0.500000 0.929025
vt 0.336000 1.000025
vt 0.419000 1.000025
vt 0.086000 1.000025
vt 0.500000 1.000025
vt 0.500000 0.974025
vt 0.002000 1.000025
vt 0.001000 0.905025
vt 0.001000 0.929025
vt 0.001000 0.952025
vt 0.001000 0.974025
vt 0.001000 1.000025
vt 0.546000 1.090025
vt 0.589000 1.073025
vt 0.578000 1.083025
vt 0.430000 1.083025
vt 0.461000 1.090025
vt 0.503000 1.093025
vt 0.418000 1.073025
vt 0.578000 1.062025
vt 0.461000 1.055025
vt 0.430000 1.062025
vt 0.546000 1.055025
vt 0.503000 1.052025
vt 0.140000 0.996025
vt 0.103000 0.991025
vt 0.140000 0.991025
vt 0.103000 0.996025
vt 0.066000 0.996025
vt 0.066000 0.991025
vt 0.029000 0.996025
vt 0.029000 0.991025
vt 0.177000 0.996025
vt 0.177000 0.991025
vt 0.214000 0.996025
vt 0.214000 0.991025
vt 0.251000 0.991025
vt 0.251000 0.996025
vt 0.288000 0.991025
vt 0.288000 0.996025
vt 0.325000 0.991025
vt 0.325000 0.996025
vt 0.362000 0.996025
vt 0.362000 0.991025
vt 0.399000 0.996025
vt 0.399000 0.991025
vt 0.436000 0.996025
vt 0.436000 0.991025
vt 0.473000 0.991025
vt 0.473000 0.996025
vt 0.063000 0.991025
vt 0.025000 0.991025
vt 0.025000 0.996025
vt 0.063000 0.996025
vt 0.101000 0.991025
vt 0.101000 0.996025
vt 0.138000 0.991025
vt 0.138000 0.996025
vt 0.176000 0.991025
vt 0.176000 0.996025
vt 0.252000 0.991025
vt 0.252000 0.996025
vt 0.290000 0.991025
vt 0.290000 0.996025
vt 0.328000 0.991025
vt 0.328000 0.996025
vt 0.366000 0.991025
vt 0.366000 0.996025
vt 0.404000 0.991025
vt 0.404000 0.996025
vt 0.442000 0.991025
vt 0.442000 0.996025
vt 0.479000 0.991025
vt 0.479000 0.996025
vt 0.680000 0.674025
vt 0.375000 0.674025
vt 0.680000 0.651025
vt 0.375000 0.651025
vt 0.850000 0.652025
vt 0.138000 0.652025
vt 0.138000 0.672025
vt 0.850000 0.672025
vt 3.738000 0.147025
vt 3.441000 0.212025
vt 3.738000 0.212025
vt 3.441000 0.147025
vt 3.213000 0.236025
vt 3.771000 0.299025
vt 3.211000 0.299025
vt 3.771000 0.236025
vt 2.615000 0.170025
vt 2.057000 0.232025
vt 2.057000 0.170025
vt 2.615000 0.232025
vt 3.004000 0.211025
vt 3.563000 0.211025
vt 3.006000 0.149025
vt 3.563000 0.149025
vt 2.021000 0.298025
vt 2.568000 0.237025
vt 2.021000 0.237025
vt 2.568000 0.298025
vt 0.068000 0.906025
vt 0.000000 0.957025
vt 0.000000 0.906025
vt 0.068000 0.957025
vt 0.136000 0.906025
vt 0.005000 0.985025
vt 0.000000 0.985025
vt 0.000000 0.989025
vt 0.061000 0.985025
vt 0.005000 0.989025
vt 0.061000 0.989025
vt 0.064000 0.985025
vt 0.136000 0.957025
vt 0.125000 0.985025
vt 0.068000 0.985025
vt 0.204000 0.957025
vt 0.204000 0.906025
vt 0.068000 0.989025
vt 0.064000 0.989025
vt 0.136000 0.983025
vt 0.187000 0.985025
vt 0.272000 0.906025
vt 0.272000 0.957025
vt 0.204000 0.985025
vt 0.127000 0.985025
vt 0.127000 0.989025
vt 0.125000 0.989025
vt 0.136000 0.985025
vt 0.185000 0.985025
vt 0.136000 0.989025
vt 0.204000 0.989025
vt 0.187000 0.989025
vt 0.272000 0.985025
vt 0.341000 0.906025
vt 0.341000 0.957025
vt 0.341000 0.985025
vt 0.185000 0.989025
vt 0.272000 0.989025
vt 0.410000 0.957025
vt 0.377000 0.985025
vt 0.341000 0.989025
vt 0.410000 0.906025
vt 0.410000 0.981025
vt 0.379000 0.985025
vt 0.377000 0.989025
vt 0.410000 0.985025
vt 0.410000 0.989025
vt 0.379000 0.989025
vt 0.127000 0.012025
vt 0.277000 0.012025
vt 0.202000 0.008025
vt 0.072000 0.025025
vt 0.332000 0.025025
vt 0.352000 0.042025
vt 0.051000 0.042025
vt 0.072000 0.060025
vt 0.332000 0.060025
vt 0.277000 0.072025
vt 0.127000 0.072025
vt 0.202000 0.077025
vt 0.000000 0.946025
vt 0.068000 0.983025
vt 0.000000 0.983025
vt 0.068000 0.946025
vt 0.005000 0.920025
vt 0.000000 0.920025
vt 0.061000 0.920025
vt 0.064000 0.920025
vt 0.136000 0.946025
vt 0.125000 0.920025
vt 0.068000 0.920025
vt 0.204000 0.946025
vt 0.204000 0.983025
vt 0.187000 0.920025
vt 0.136000 0.923025
vt 0.127000 0.920025
vt 0.272000 0.983025
vt 0.136000 0.920025
vt 0.185000 0.920025
vt 0.204000 0.920025
vt 0.272000 0.946025
vt 0.272000 0.920025
vt 0.377000 0.920025
vt 0.379000 0.920025
vt 0.376000 0.985025
vt 0.376000 0.989025
vt 0.378000 0.985025
vt 0.378000 0.989025
vt -0.952000 0.469025
vt -0.977000 0.484025
vt -0.977000 0.469025
vt -0.952000 0.484025
vt -0.108000 0.483025
vt -0.952000 0.464025
vt -0.252000 0.469025
vt -0.137000 0.464025
vt -0.252000 0.464025
vt -0.952000 0.575025
vt -0.252000 0.483025
vt -0.461000 0.483025
vt -0.135000 0.479025
vt -0.461000 0.479025
vt -0.412000 0.623025
vt -0.411000 0.617025
vt -0.516000 0.618025
vt -0.518000 0.623025
vt -0.655000 0.620025
vt -0.655000 0.625025
vt 1.517000 0.205025
vt 1.654000 0.199025
vt 1.654000 0.205025
vt 1.517000 0.199025
vt 1.368000 0.203025
vt 1.368000 0.197025
vt 1.073000 0.197025
vt 1.073000 0.203025
vt -1.899000 0.268025
vt -1.866000 0.255025
vt -1.854000 0.268025
vt -1.912000 0.255025
vt -1.061000 0.235025
vt -1.086000 0.270025
vt -1.056000 0.270025
vt -1.091000 0.235025
vt -1.621000 0.252025
vt -1.470000 0.267025
vt -1.450000 0.252025
vt -1.631000 0.267025
vt 1.063000 0.202025
vt 1.368000 0.200025
vt 1.063000 0.196025
vt 1.368000 0.206025
vt 1.671000 0.206025
vt 1.671000 0.200025
vt -2.291000 0.270025
vt -2.049000 0.294025
vt -2.314000 0.294025
vt -2.063000 0.271025
vt -2.070000 0.183025
vt -2.441000 0.183025
vt -2.674000 0.270025
vt -2.688000 0.183025
vt -2.057000 0.271025
vt -2.096000 0.294025
vt -2.057000 0.294025
vt -2.096000 0.271025
vt -1.684000 0.270025
vt -1.720000 0.235025
vt -1.720000 0.267025
vt -1.409000 0.235025
vt -1.438000 0.270025
vt -1.081000 0.270025
vt -1.762000 0.267025
vt -1.740000 0.235025
vt -1.717000 0.267025
vt -1.695000 0.235025
vt -1.740000 0.212025
vt -1.695000 0.212025
vt -2.279000 0.294025
vt -2.244000 0.270025
vt -2.674000 0.294025
vt -0.073000 0.295025
vt -0.331000 0.237025
vt -0.062000 0.237025
vt -0.380000 0.295025
vt -0.052000 0.295025
vt -0.052000 0.237025
vt -0.091000 0.237025
vt -0.091000 0.295025
vt -0.722000 0.291025
vt -0.741000 0.240025
vt -0.704000 0.240025
vt -0.760000 0.291025
vt -0.505000 0.238025
vt -0.373000 0.295025
vt -0.296000 0.237025
vt -0.543000 0.295025
vt -1.150000 0.267025
vt -1.457000 0.252025
vt -1.150000 0.252025
vt -1.625000 0.252025
vt -0.143000 0.294025
vt -0.143000 0.279025
vt -0.162000 0.279025
vt -0.162000 0.294025
vt -0.547000 0.295025
vt -0.522000 0.238025
vt 1.488000 0.205025
vt 1.665000 0.206025
vt 1.665000 0.200025
vt 1.473000 0.199025
vt -1.779000 0.267025
vt -1.760000 0.252025
vt -1.779000 0.252025
vt -0.714000 0.240025
vt -0.682000 0.295025
vt -0.714000 0.291025
vt -1.732000 0.252025
vt -0.654000 0.295025
vt 1.312000 0.203025
vt 1.279000 0.197025
vt -1.086000 0.293025
vt -1.056000 0.293025
vt -1.061000 0.212025
vt -1.091000 0.212025
vt -1.720000 0.212025
vt -1.391000 0.212025
vt -1.685000 0.270025
vt -1.708000 0.293025
vt -1.708000 0.271025
vt -1.457000 0.293025
vt -1.081000 0.293025
vt -1.719000 0.292025
vt -1.764000 0.270025
vt -1.719000 0.270025
vt -1.764000 0.292025
vt -0.336000 0.478025
vt -0.386000 0.478025
vt -0.386000 0.490025
vt -0.332000 0.490025
vt 0.657000 0.188025
vt 0.579000 0.201025
vt 0.579000 0.188025
vt 0.661000 0.201025
vt 1.636000 0.197025
vt 1.665000 0.203025
vt 1.610000 0.203025
vt 1.665000 0.198025
vt 0.661000 0.493025
vt 0.643000 0.487025
vt 0.617000 0.493025
vt 0.661000 0.487025
vt -2.680000 0.183025
vt -2.680000 0.270025
vt -2.729000 0.270025
vt -2.729000 0.183025
vt -2.057000 0.183025
vt -2.096000 0.183025
vt -2.684000 0.294025
vt -2.732000 0.294025
vt 1.647000 0.203025
vt 1.647000 0.197025
vt 1.279000 0.203025
vt 2.004000 0.311025
vt 2.047000 0.313025
vt 2.004000 0.319025
vt 2.047000 0.321025
vt 2.352000 0.321025
vt 2.352000 0.313025
vt 2.746000 0.321025
vt 2.746000 0.313025
vt 4.031000 0.408025
vt 4.066000 0.408025
vt 4.031000 0.437025
vt 4.066000 0.437025
vt 2.004000 0.321025
vt 2.004000 0.313025
vt 2.975000 0.321025
vt 2.975000 0.313025
vt 4.059000 0.334025
vt 4.059000 0.349025
vt 4.023000 0.349025
vt 4.023000 0.334025
vt 4.035000 0.364025
vt 4.000000 0.364025
vt 4.031000 0.422025
vt 4.066000 0.422025
vt 4.059000 0.411025
vt 4.094000 0.411025
vt 4.078000 0.396025
vt 4.043000 0.396025
vt 1.994000 0.319025
vt 2.037000 0.321025
vt 2.037000 0.313025
vt 1.994000 0.311025
vt 2.016000 0.321025
vt 2.016000 0.313025
vt 2.875000 0.318025
vt 2.975000 0.315025
vt 2.975000 0.324025
vt 2.875000 0.310025
vt 2.982000 0.318025
vt 2.982000 0.310025
vt 4.066000 0.334025
vt 4.031000 0.334025
vt 2.766000 0.321025
vt 2.990000 0.313025
vt 2.990000 0.321025
vt 2.766000 0.313025
vn -0.606900 0.753300 0.253500
vn -0.008800 0.993400 -0.114500
vn -0.789200 0.603000 0.116200
vn -0.034500 0.990600 -0.132300
vn -0.265900 -0.597300 -0.756700
vn -0.297100 0.559100 -0.774000
vn -0.196600 0.833600 -0.516200
vn -0.278700 -0.547500 -0.789100
vn -0.367200 0.380800 0.848600
vn 0.234200 -0.706600 0.667800
vn 0.165300 0.894200 0.415900
vn -0.351800 -0.538100 0.765900
vn 0.587900 0.749200 -0.304900
vn 0.865200 -0.284600 0.412800
vn 0.650400 -0.654100 -0.386000
vn 0.689500 0.618100 0.377500
vn -0.847500 -0.491900 0.199500
vn -0.695400 -0.665100 0.272200
vn -0.847500 -0.491900 0.199400
vn -0.068000 -0.987600 -0.141500
vn -0.012900 -0.999900 0.004600
vn -0.664400 0.740800 0.099400
vn -0.040800 0.986300 -0.159900
vn 0.043100 0.991700 0.121400
vn 0.041600 0.995500 0.085700
vn 0.240300 0.684600 0.688200
vn -0.593200 0.745600 0.303600
vn -0.230800 0.790300 -0.567600
vn 0.147900 0.873600 0.463700
vn -0.062100 0.988400 -0.138400
vn -0.007500 1.000000 0.003100
vn -0.577500 0.744000 0.336100
vn 0.024700 0.999400 -0.024700
vn -0.738200 0.608300 0.291600
vn 0.066600 0.991400 0.113100
vn 0.577000 0.750400 -0.322500
vn 0.818700 -0.495900 -0.289600
vn 0.656100 -0.662500 -0.361400
vn 0.766900 0.605500 -0.212800
vn 0.866300 -0.284400 0.410600
vn 0.588600 0.747900 -0.306900
vn 0.697500 0.614500 0.368600
vn 0.650500 -0.655400 -0.383800
vn 0.721100 -0.656300 -0.221700
vn 0.557500 0.451400 -0.696700
vn 0.645000 0.750000 -0.146100
vn 0.130300 -0.362900 -0.922700
vn -0.727200 -0.663500 0.175900
vn -0.694800 -0.665200 0.273600
vn -0.629100 -0.660600 0.409600
vn -0.610700 0.754300 0.240800
vn -0.990100 -0.140500 0.007000
vn -0.738600 0.403200 0.540300
vn -0.902500 0.430000 -0.025200
vn -0.815200 -0.164900 0.555200
vn -0.683100 -0.664300 0.303500
vn -0.627200 -0.664300 0.406600
vn 0.234200 -0.706500 0.667800
vn -0.075500 -0.982800 -0.168700
vn -0.013000 -0.999900 0.004400
vn 0.044200 -0.987300 0.152500
vn 0.055700 -0.987600 0.147000
vn 0.007600 -1.000000 -0.002700
vn -0.278700 -0.547500 -0.789000
vn -0.683100 -0.664300 0.303600
vn -0.880700 -0.286300 -0.377400
vn -0.002000 -0.999800 0.021200
vn 0.043300 -0.987600 0.150900
vn 0.348300 0.934700 0.070900
vn -0.074200 0.989900 -0.120700
vn -0.256300 0.687100 -0.679900
vn -0.168700 0.875200 -0.453400
vn -0.049500 0.990700 -0.126600
vn -0.167300 -0.832300 -0.528600
vn -0.276100 0.600600 -0.750400
vn -0.239000 0.716800 -0.655000
vn -0.236700 -0.694400 -0.679600
vn 0.242300 0.599400 0.762900
vn 0.214100 -0.831200 0.513100
vn 0.297000 -0.949500 0.101200
vn 0.022500 -0.999700 -0.008400
vn -0.007900 -0.992600 -0.121300
vn 0.650500 -0.654200 -0.386000
vn -0.077900 0.986800 -0.141900
vn 0.020200 0.986700 0.161400
vn 0.093100 0.957300 -0.273800
vn 0.142200 0.874100 0.464500
vn -0.165000 0.874800 -0.455500
vn 0.197300 0.788900 0.582000
vn 0.256400 0.693400 0.673500
vn -0.027300 0.999600 0.009600
vn -0.005900 1.000000 -0.004500
vn -0.027500 0.999600 0.010000
vn 0.019700 0.986800 0.160500
vn 0.047700 0.989400 0.137300
vn -0.017900 -0.990300 -0.138100
vn 0.866300 -0.284500 0.410600
vn 0.721100 -0.656400 -0.221700
vn 0.395100 -0.842500 -0.366100
vn 0.130200 -0.362900 -0.922700
vn 0.080000 -0.990000 0.116000
vn 0.027500 -0.999600 -0.010100
vn -0.167300 -0.832200 -0.528600
vn 0.027300 -0.999600 -0.009600
vn 0.212700 -0.722800 0.657500
vn 0.027600 -0.999600 -0.009500
vn 0.079200 -0.990100 0.115700
vn -0.503100 0.829300 0.243300
vn 0.015200 0.999900 -0.005500
vn 0.498600 0.828700 -0.254200
vn 0.611600 -0.755500 -0.235000
vn -0.612400 -0.768000 0.187600
vn -0.011100 -0.999900 0.005600
vn -0.509300 0.825000 0.244900
vn 0.008300 1.000000 -0.002900
vn 0.501600 0.829700 -0.244800
vn 0.617400 -0.755600 -0.218800
vn -0.614000 -0.765600 0.192100
vn -0.011600 -0.999900 0.004200
vn -0.031400 0.999400 0.010800
vn -0.001800 1.000000 0.000200
vn 0.017700 -0.999800 -0.005600
vn -0.031300 0.999500 0.011000
vn 0.017700 -0.999800 -0.006100
vn 0.093200 0.957300 -0.273800
vn 0.297000 -0.949500 0.101100
vn -0.256200 0.687100 -0.679900
vn -0.165100 0.874800 -0.455500
vn 0.865200 -0.284700 0.412800
vn -0.034400 0.990600 -0.132400
vn 0.043100 0.991700 0.121500
vn -0.553800 0.768600 -0.320300
vn -0.203300 0.660700 0.722600
vn -0.553700 0.768600 -0.320300
vn -0.615100 -0.590800 -0.522100
vn -0.374000 -0.420500 0.826600
vn -0.615100 -0.590800 -0.522200
vn -0.373900 -0.420600 0.826600
vn -0.203200 0.660800 0.722600
vn -0.857700 0.437400 -0.270200
vn -0.294800 0.952000 0.082100
vn -0.855100 0.166800 0.490900
vn -0.986900 0.161500 -0.000000
vn -0.706600 0.571500 0.417200
vn -0.382300 0.924100 -0.000000
vn -0.993500 0.114000 -0.001900
vn -0.760700 0.580600 -0.290200
vn -0.193500 0.980200 -0.041500
vn -0.249700 0.771100 -0.585700
vn 0.435600 0.538600 -0.721200
vn 0.017000 0.552700 -0.833200
vn 0.522900 0.820600 -0.230900
vn -0.706500 0.571600 -0.417300
vn -0.382200 0.924100 -0.000100
vn 0.668400 0.743800 -0.000100
vn 0.522800 0.820500 0.231000
vn -0.706600 0.571600 0.417200
vn -0.249900 0.771100 0.585600
vn 0.435900 0.538600 0.721100
vn 0.017000 0.552800 0.833200
vn -0.028800 -0.999600 -0.003700
vn -0.381300 -0.675200 -0.631500
vn -0.022500 -0.769200 -0.638700
vn -0.027000 -0.999600 -0.001700
vn -0.601900 -0.752800 -0.266400
vn -0.028400 -0.999600 0.002500
vn -0.431800 -0.902000 0.000000
vn -0.031800 -0.999500 0.000000
vn -0.028400 -0.999600 -0.002500
vn -0.601700 -0.752800 0.266800
vn -0.027000 -0.999600 0.001600
vn -0.381700 -0.675100 0.631300
vn -0.028800 -0.999600 0.003700
vn -0.022500 -0.769400 0.638400
vn 0.244800 -0.776800 -0.580300
vn -0.028700 -0.999600 -0.002900
vn 0.610900 -0.703300 -0.363500
vn -0.024100 -0.999700 -0.003300
vn 0.386800 -0.922200 0.000000
vn -0.025600 -0.999700 0.000000
vn -0.024100 -0.999700 0.003300
vn 0.610800 -0.703300 0.363700
vn -0.028700 -0.999600 0.002900
vn 0.245100 -0.776800 0.580100
vn -0.028900 -0.999600 0.003700
vn -0.566800 -0.641200 0.517400
vn -0.664600 -0.565400 -0.488500
vn 0.346900 -0.931000 0.113300
vn 0.197300 -0.946400 -0.255800
vn 0.556900 -0.720700 0.413000
vn -0.153700 -0.965600 0.209800
vn 0.647100 -0.482300 -0.590500
vn -0.413600 -0.900300 -0.135400
vn 0.404800 0.727500 -0.554000
vn -0.343900 0.932500 -0.110300
vn 0.799000 0.470600 0.374400
vn -0.191800 0.947900 0.254300
vn 0.345200 0.932100 0.109800
vn -0.407200 0.724800 0.555800
vn 0.206300 0.945100 -0.253200
vn -0.795200 0.481400 -0.368700
vn 0.895500 0.334800 -0.293300
vn 0.556900 -0.720600 0.413000
vn 0.970500 0.230900 0.070000
vn 0.798900 0.470700 0.374400
vn 0.945700 -0.323900 0.026000
vn 0.404800 0.727400 -0.554000
vn 0.907800 -0.236000 -0.346800
vn -0.566800 -0.641200 0.517300
vn -0.940000 -0.004800 0.341000
vn -0.993700 -0.001800 -0.111700
vn -0.946900 -0.320800 -0.020500
vn -0.407200 0.724800 0.555700
vn -0.904300 -0.218300 0.366700
vn 0.350100 -0.812300 -0.466400
vn 0.389400 -0.734500 0.555700
vn -0.415300 -0.711100 0.567400
vn -0.306700 -0.844500 -0.439000
vn -0.406900 0.716700 0.566300
vn -0.309500 0.845300 -0.435500
vn 0.360700 0.808200 -0.465500
vn 0.388500 0.738300 0.551300
vn 0.777800 0.497200 0.384500
vn 0.763700 0.257700 -0.591900
vn 0.742500 -0.414400 -0.526200
vn 0.821600 -0.287200 0.492500
vn -0.634700 -0.483800 0.602700
vn -0.907600 -0.238100 -0.345800
vn 0.444100 -0.318700 0.837400
vn -0.394400 0.499300 0.771400
vn 0.691400 -0.634400 0.345600
vn -0.396300 0.500800 0.769500
vn 0.699500 -0.707100 -0.103300
vn 0.698600 -0.707200 -0.109000
vn -0.701900 0.705500 0.098600
vn -0.701000 0.705500 0.104300
vn 0.626700 -0.497400 -0.599800
vn 0.931500 0.317000 0.178500
vn 0.624000 -0.499200 -0.601200
vn 0.537800 0.631300 0.558800
vn -0.099300 -0.707100 -0.700100
vn -0.093700 -0.707200 -0.700800
vn 0.107300 0.705500 0.700500
vn 0.112800 0.705400 0.699800
vn 0.802700 -0.014400 0.596200
vn -0.023100 -0.192900 0.980900
vn -0.514400 -0.014800 0.857400
vn -0.497200 0.007600 0.867600
vn 0.802000 0.021000 0.596900
vn -0.035800 0.195500 0.980100
vn -0.593800 0.006600 0.804600
vn -0.566800 -0.641100 0.517400
vn 0.321600 0.183200 0.929000
vn 0.663700 0.004000 0.748000
vn -0.593900 0.017400 0.804300
vn 0.807500 -0.001600 0.589900
vn 0.311300 -0.189700 0.931200
vn 0.601500 0.003800 -0.798800
vn 0.404900 0.727500 -0.553900
vn 0.797800 0.007300 0.602900
vn 0.914900 0.003800 0.403700
vn 0.592500 0.011000 -0.805500
vn 0.689900 0.007200 -0.723900
vn 0.673800 -0.014400 -0.738800
vn -0.804600 -0.015700 -0.593600
vn -0.795200 0.481300 -0.368800
vn 0.035000 -0.193500 -0.980500
vn 0.416300 -0.013200 -0.909100
vn -0.803600 0.007600 -0.595100
vn 0.599500 0.008300 -0.800300
vn 0.031800 0.199400 -0.979400
vn -0.317600 0.182900 -0.930400
vn -0.657500 0.006200 -0.753400
vn -0.806100 -0.007300 -0.591800
vn -0.330000 -0.185000 -0.925700
vn -0.799700 0.001400 -0.600400
vn -0.909900 0.005000 -0.414900
vn -0.940100 -0.004800 0.341000
vn -0.592000 -0.008400 0.805900
vn -0.750000 0.006300 0.661400
vn -0.283600 -0.418200 0.863000
vn -0.418200 -0.013600 0.908300
vn -0.416800 0.008300 0.909000
vn -0.281800 0.427800 0.858900
vn 0.593100 0.498900 0.632000
vn 0.665500 0.001100 0.746400
vn 0.482300 0.000100 0.876000
vn 0.578900 -0.503100 0.641700
vn 0.977400 0.001100 0.211300
vn 0.909000 0.003100 0.416800
vn 0.777700 0.497300 0.384500
vn 0.829400 0.011500 -0.558600
vn 0.655300 -0.014100 -0.755200
vn 0.382600 -0.502400 -0.775400
vn 0.408900 -0.008200 -0.912500
vn 0.195400 0.006500 -0.980700
vn 0.384000 0.506800 -0.771800
vn -0.600900 0.494800 -0.627800
vn -0.668800 0.002200 -0.743400
vn -0.490900 0.001900 -0.871200
vn -0.597300 -0.503300 -0.624400
vn -0.955600 0.001600 -0.294500
vn -0.846700 0.000500 -0.532100
vn -0.908700 0.003400 -0.417400
vn -0.588200 -0.019700 0.808500
vn -0.872600 -0.000800 0.488400
vn -0.747200 0.008100 0.664600
vn -0.634700 -0.483800 0.602600
vn 0.829400 0.011600 -0.558600
vn -0.634600 -0.483800 0.602700
vn -0.908700 0.003400 -0.417500
vn -0.588200 -0.019800 0.808500
vn -0.103900 -0.707400 -0.699200
vn 0.105000 -0.700200 0.706200
vn 0.078800 -0.837900 0.540000
vn -0.102600 -0.706800 -0.700000
vn 0.119600 -0.599900 0.791100
vn -0.566700 -0.641200 0.517400
vn -0.092700 -0.784100 -0.613700
vn 0.084500 -0.800300 0.593700
vn -0.098700 -0.761100 -0.641100
vn 0.100300 0.705900 0.701200
vn -0.088400 0.839500 -0.536100
vn 0.096600 0.701600 0.706000
vn -0.095200 0.704100 -0.703700
vn -0.093000 0.707500 -0.700600
vn 0.081200 0.839000 0.538100
vn -0.104100 0.709800 -0.696700
vn 0.104700 0.704200 0.702300
vn 0.404900 0.727500 -0.554000
vn 0.118600 0.620200 0.775400
vn 0.109600 0.649000 0.752800
vn 0.311300 -0.189600 0.931200
vn 0.094400 -0.709700 0.698100
vn 0.127200 -0.543100 0.829900
vn -0.023100 -0.192900 0.981000
vn 0.031700 0.199400 -0.979400
vn -0.120500 0.545000 -0.829700
vn -0.104000 -0.707400 -0.699200
vn -0.103300 0.710800 -0.695700
vn -0.317600 0.182800 -0.930400
vn -0.103600 -0.710700 -0.695800
vn -0.109700 -0.541600 -0.833500
vn 0.035100 -0.193500 -0.980500
vn -0.795200 0.481300 -0.368700
vn 0.050600 -0.933900 0.353800
vn 0.080500 -0.836600 0.541900
vn -0.167900 0.917700 0.360100
vn -0.693800 0.705500 0.144400
vn -0.499500 0.560300 0.660800
vn -0.000000 1.000000 0.000000
vn 0.007300 0.995600 0.093400
vn -0.703000 0.705200 0.092200
vn -0.034800 0.894400 -0.445900
vn -0.003000 0.999100 0.043300
vn -0.006100 0.996900 -0.077900
vn 0.026600 0.981900 0.187300
vn -0.013600 0.997700 0.066300
vn -0.814600 0.579300 -0.029600
vn -0.470500 0.408100 -0.782300
vn 0.531700 0.578200 -0.618800
vn 0.542800 0.839900 -0.001800
vn 0.823400 0.546200 -0.153700
vn 0.580400 0.794100 -0.180700
vn 0.294800 0.871700 0.391500
vn -0.010400 0.998900 -0.045800
vn -0.290400 0.900700 -0.323200
vn 0.587600 0.317900 -0.744100
vn 0.829100 0.391900 0.398800
vn 0.822900 0.556100 -0.116400
vn 0.621000 0.578000 0.529300
vn 0.334000 0.611800 0.717000
vn 0.018300 0.828700 0.559400
vn 0.064700 0.554700 0.829600
vn -0.503000 0.518700 0.691300
vn -0.525700 0.436700 -0.730000
vn -0.439400 -0.893600 0.091500
vn -0.344300 -0.908400 0.237400
vn -0.502900 -0.288000 0.815000
vn 0.002400 -0.999500 0.031300
vn -0.000200 -0.997800 -0.066400
vn -0.708700 -0.705200 0.020100
vn 0.005200 -0.997800 0.066500
vn 0.018300 -0.980800 -0.193900
vn 0.013100 -0.999900 0.000300
vn -0.708200 -0.705500 -0.028000
vn -0.055000 -0.707100 -0.705000
vn 0.814700 -0.572500 -0.092400
vn 0.717300 -0.696500 0.019400
vn -0.845700 -0.408100 -0.343800
vn -0.392300 -0.818000 -0.420700
vn 0.600200 -0.799600 -0.022000
vn 0.233700 -0.921500 0.310300
vn 0.492600 -0.757400 0.428600
vn 0.064700 -0.554700 0.829600
vn 0.080000 -0.601400 0.795000
vn 0.531700 -0.578200 -0.618800
vn 0.579500 -0.401600 0.709200
vn -0.286000 -0.812900 0.507300
vn -0.868800 -0.456000 -0.193100
vn 0.814600 -0.556100 -0.165100
vn 0.717400 -0.333800 0.611500
vn 0.567100 -0.601700 -0.562500
vn 0.600200 -0.799600 -0.021900
vn 0.580400 0.794000 -0.180700
vn 0.814600 -0.556000 -0.165000
vn 0.717400 -0.333800 0.611400
vn 0.621100 0.578100 0.529300
vn 0.703500 -0.433200 -0.563300
vn 0.890500 0.295800 -0.345800
vn 0.449900 -0.758200 0.472000
vn 0.959100 0.262900 0.104900
vn 0.703500 -0.433300 -0.563400
vn 0.346000 0.473200 -0.810200
vn 0.938600 -0.327700 0.107500
vn 0.791500 0.488300 0.367500
vn 0.938600 -0.327800 0.107500
vn 0.345900 0.473300 -0.810100
vn 0.722800 -0.262800 -0.639200
vn 0.449800 -0.758200 0.472100
vn -0.425200 0.605600 0.672600
vn -0.907800 0.419300 -0.009300
vn -0.553800 -0.638600 0.534300
vn -0.930200 -0.208600 -0.302100
vn -0.479300 0.577000 -0.661400
vn -0.865500 -0.252700 0.432500
vn -0.930200 -0.208600 -0.302000
vn -0.676400 -0.552800 -0.486800
vn -0.865500 -0.252800 0.432500
vn -0.896700 0.228000 0.379400
vn -0.553900 -0.638600 0.534300
vn 0.001400 0.390900 0.920400
vn -0.207800 -0.188700 0.959800
vn -0.425200 0.605700 0.672600
vn 0.388000 -0.491400 0.779800
vn 0.510700 0.146300 0.847200
vn 0.449800 -0.758200 0.472000
vn -0.064600 0.933400 0.353000
vn -0.393500 0.912300 -0.113600
vn 0.345900 0.473200 -0.810200
vn 0.450000 0.885900 0.112500
vn -0.063500 -0.901900 -0.427300
vn -0.099900 -0.760300 -0.641900
vn -0.306700 -0.844500 -0.438900
vn -0.105200 0.759300 -0.642200
vn -0.054400 0.901000 -0.430300
vn 0.079400 0.837400 0.540800
vn 0.047600 0.935000 0.351500
vn -0.281800 0.427800 0.858800
vn 0.136400 0.440700 0.887200
vn 0.126600 0.547700 0.827000
vn 0.593000 0.498900 0.632000
vn 0.129000 -0.354900 0.926000
vn 0.121200 -0.647400 0.752500
vn -0.127900 0.551300 -0.824500
vn -0.137300 0.356800 -0.924000
vn -0.597400 -0.503300 -0.624400
vn -0.131900 -0.356300 -0.925000
vn -0.119200 -0.548000 -0.827900
vn -0.415300 -0.711000 0.567400
vn -0.063600 -0.901800 -0.427400
vn 0.047700 0.935000 0.351500
vn -0.054300 0.901000 -0.430300
vn 0.128900 -0.354900 0.926000
vn 0.143400 -0.004100 0.989700
vn 0.150800 0.005100 0.988500
vn 0.150900 -0.007700 0.988500
vn 0.153400 0.005200 0.988100
vn 0.126600 0.547700 0.827100
vn -0.416800 0.008400 0.909000
vn -0.490900 0.002000 -0.871200
vn -0.131800 -0.356300 -0.925000
vn -0.132300 0.016000 -0.991100
vn -0.141800 0.008000 -0.989900
vn -0.147900 0.002300 -0.989000
vn -0.158200 -0.000000 -0.987400
vn -0.137300 0.356900 -0.924000
vn -0.128000 0.551300 -0.824400
vn -0.001200 -0.178100 -0.984000
vn -0.258600 -0.789200 -0.557100
vn -0.492200 -0.156300 -0.856300
vn -0.000800 -0.920100 -0.391600
vn 0.257700 -0.788800 -0.558100
vn 0.491600 -0.154900 -0.856900
vn 0.604700 -0.716100 -0.348600
vn -0.000800 0.000100 -1.000000
vn 0.857700 -0.130000 -0.497400
vn 0.574000 0.000100 -0.818800
vn -0.574400 0.000000 -0.818600
vn 0.984000 -0.178200 -0.000000
vn 0.611000 -0.791600 -0.000000
vn 0.865600 0.000100 -0.500700
vn 1.000000 0.000100 -0.000000
vn 0.857700 0.130000 -0.497400
vn 0.491700 0.154900 -0.856900
vn -0.001200 0.178100 -0.984000
vn -0.492200 0.156300 -0.856300
vn 0.557000 -0.789600 0.257300
vn 0.837000 -0.142900 0.528300
vn 0.604700 0.716100 -0.348600
vn 0.984000 0.178100 0.000000
vn 0.257700 0.788800 -0.558100
vn 0.865200 0.000100 0.501400
vn 0.836900 0.142900 0.528300
vn 0.574800 0.000000 0.818300
vn 0.348600 -0.715300 0.605600
vn 0.446900 -0.140400 0.883500
vn 0.611100 0.791600 0.000000
vn 0.557000 0.789600 0.257400
vn -0.000800 0.920100 -0.391700
vn 0.348600 0.715300 0.605700
vn 0.446800 0.140400 0.883500
vn -0.258600 0.789100 -0.557100
vn -0.604100 -0.716800 -0.348300
vn -0.258600 -0.789100 -0.557200
vn -0.858500 -0.132300 -0.495400
vn -0.574400 0.000100 -0.818600
vn -0.983700 -0.179600 -0.000000
vn -0.612300 -0.790600 0.000000
vn -0.865800 0.000100 -0.500400
vn -1.000000 0.000100 -0.000000
vn -0.858500 0.132400 -0.495400
vn -0.492200 0.156400 -0.856300
vn -0.556700 -0.789900 0.257300
vn -0.856200 -0.155900 0.492600
vn -0.604100 0.716700 -0.348300
vn -0.983700 0.179600 -0.000000
vn -0.837200 -0.016500 0.546700
vn -0.858700 0.131700 0.495200
vn -0.258600 0.789100 -0.557200
vn -0.349100 -0.716100 0.604500
vn -0.495000 -0.132100 0.858800
vn -0.545800 0.016800 0.837800
vn -0.612400 0.790600 0.000000
vn -0.604200 0.716900 0.347900
vn -0.492500 0.155600 0.856300
vn -0.000800 0.000100 1.000000
vn -0.001200 -0.178000 0.984000
vn -0.000800 -0.920000 0.391900
vn -0.258600 0.789200 0.557000
vn -0.001200 0.178000 0.984000
vn 0.446800 -0.140400 0.883500
vn 0.446900 0.140400 0.883500
vn -0.000800 0.920000 0.391900
vn -0.337500 0.808800 0.481500
vn -0.587000 0.808100 -0.050200
vn -0.860400 0.325400 0.392100
vn 0.569600 0.718000 0.400100
vn 0.347200 0.566500 0.747400
vn -0.081300 0.325000 0.942200
vn 0.586100 0.808600 0.052000
vn -0.570500 0.718300 -0.398200
vn 0.339000 0.808600 -0.480900
vn 0.858200 0.325100 -0.397100
vn -0.346900 0.566500 -0.747500
vn 0.087100 0.325200 -0.941600
vn 0.400400 0.717800 0.569600
vn -0.258500 0.789100 -0.557200
vn 0.074700 0.566300 0.820800
vn -0.291300 0.718100 0.632100
vn -0.570500 0.718300 0.398200
vn 0.631700 0.718000 0.292300
vn -0.604100 0.716800 -0.348400
vn 0.586100 0.808600 -0.052000
vn 0.569600 0.718000 -0.400100
vn 0.295200 0.717700 -0.630700
vn -0.072000 0.566700 -0.820800
vn -0.400300 0.717900 -0.569500
vn -0.633100 0.718300 -0.288500
vn 0.557000 0.789600 0.257300
vn -0.587000 0.808100 0.050200
vn 0.611000 0.791600 -0.000000
vn -0.570500 0.718300 0.398300
vn -0.587000 0.808100 0.050300
vn -0.586900 0.808100 -0.050300
vn -0.400500 0.717900 -0.569400
vn -0.346800 0.566500 -0.747600
vn -0.072100 0.566700 -0.820800
vn 0.087200 0.325200 -0.941600
vn 0.295100 0.717600 -0.630800
vn 0.338900 0.808600 -0.481000
vn 0.569800 0.718000 -0.399800
vn 0.586000 0.808600 -0.052100
vn 0.586000 0.808600 0.052100
vn 0.631700 0.718000 0.292400
vn 0.569700 0.717900 0.400000
vn 0.347100 0.566400 0.747500
vn -0.291200 0.718000 0.632100
vn -0.570600 0.718300 0.398100
vn -0.586900 0.808100 0.050300
vn 0.339000 -0.808600 -0.480900
vn -0.346900 -0.566500 -0.747500
vn 0.087100 -0.325200 -0.941600
vn -0.570500 -0.718300 -0.398200
vn 0.586100 -0.808600 0.052000
vn 0.858200 -0.325100 -0.397100
vn -0.587000 -0.808100 -0.050200
vn 0.569600 -0.718000 0.400100
vn -0.337500 -0.808800 0.481500
vn -0.860400 -0.325400 0.392100
vn 0.347200 -0.566500 0.747400
vn -0.081300 -0.324900 0.942200
vn 0.167100 0.838700 -0.518400
vn -0.335600 0.337500 -0.879500
vn -0.569200 -0.178000 -0.802700
vn -0.676300 -0.552900 -0.486800
vn -0.335600 0.337600 -0.879500
vn 0.703500 -0.433300 -0.563300
vn 0.212400 0.189300 -0.958700
vn 0.051400 -0.481100 -0.875200
vn -0.125000 -0.927700 0.351700
vn -0.545500 -0.826500 -0.139200
vn 0.083600 -0.902700 -0.422200
vn 0.389800 -0.914000 0.112400
vn 0.892800 0.381800 0.238900
vn 0.608000 0.284300 -0.741300
vn 0.862300 -0.444100 0.243100
vn 0.761600 -0.506500 -0.404300
vn 0.608000 0.284200 -0.741300
vn 0.761600 -0.506500 -0.404200
vn -0.829600 0.331700 -0.449100
vn -0.889000 -0.452900 -0.067900
vn -0.726700 -0.389100 0.566200
vn -0.702000 0.434100 0.564500
vn -0.726700 -0.389000 0.566200
vn -0.702100 0.434100 0.564500
vn -0.438100 0.316600 0.841300
vn -0.081000 -0.476300 0.875600
vn -0.081000 -0.476200 0.875600
vn 0.730200 -0.327100 0.599900
vn 0.730100 -0.327200 0.599900
vn 0.418900 0.467000 0.778700
vn -0.511500 0.749200 0.420900
vn -0.303200 0.854200 -0.422500
vn 0.359400 0.831600 0.423500
vn -0.511500 0.749200 0.420800
vn 0.556700 0.717900 -0.418000
vn 0.359500 0.831600 0.423400
vn -0.303100 0.854200 -0.422500
vn -0.732500 0.326200 -0.597500
vn -0.418900 -0.465900 -0.779400
vn 0.084900 0.479200 -0.873600
vn 0.442600 -0.317400 -0.838700
vn 0.084800 0.479200 -0.873600
vn -0.557200 -0.717200 0.418400
vn -0.359200 -0.832200 -0.422400
vn 0.507300 -0.753300 -0.418500
vn 0.301100 -0.855400 0.421500
vn -0.557300 -0.717200 0.418400
vn 0.730200 -0.327200 0.599900
vn -0.989500 -0.130500 0.061600
vn -0.870200 -0.132200 0.474700
vn -0.865100 0.489600 -0.108800
vn -0.905400 0.358800 -0.227000
vn 0.457800 0.837800 -0.297600
vn -0.640500 0.687000 0.343100
vn 0.558700 0.742200 -0.370200
vn 0.661400 0.644900 0.382900
vn -0.559700 0.793500 0.239000
vn -0.487100 -0.141600 0.861800
vn -0.606400 0.537700 0.585900
vn -0.721200 0.672100 0.167800
vn -0.042800 -0.155200 0.987000
vn 0.289900 0.815000 -0.501800
vn 0.874500 0.483600 -0.037400
vn -0.430500 -0.235400 0.871400
vn -0.044300 0.376700 0.925300
vn 0.521000 -0.175000 0.835400
vn 0.098600 0.389300 0.915800
vn -0.801200 0.502500 0.325000
vn 0.024500 0.875100 -0.483200
vn 0.532500 0.560200 -0.634600
vn -0.555700 0.520800 0.648100
vn 0.269700 0.629500 0.728700
vn -0.140000 0.912100 -0.385400
vn 0.071400 0.974700 -0.211600
vn 0.610900 0.430700 -0.664300
vn 0.385500 0.670300 0.634100
vn 0.875800 -0.181700 0.447100
vn 0.679500 0.531700 0.505600
vn 0.553100 0.578100 -0.599900
vn -0.178200 0.856100 -0.485100
vn 0.983500 -0.180900 -0.000300
vn 0.855400 0.313600 0.412300
vn -0.409100 0.854200 -0.320900
vn 0.992100 -0.125100 0.000600
vn 0.538500 0.527400 0.657200
vn -0.878800 0.413900 0.237300
vn 0.844300 0.535300 -0.022900
vn -0.193500 0.980200 -0.041400
vn -0.782500 0.564400 0.263200
vn -0.028700 -0.999600 0.003000
vn -0.028800 -0.999600 0.003800
vn -0.024200 -0.999700 0.003300
vn -0.025700 -0.999700 0.000000
vn -0.031700 -0.999500 0.000000
vn -0.024200 -0.999700 -0.003300
vn -0.028800 -0.999600 -0.003000
vn -0.027000 -0.999600 -0.001600
vn 0.992500 0.109000 -0.055800
vn 0.522800 0.820500 -0.231000
vn 0.889200 0.116700 -0.442500
vn 0.558700 0.742200 -0.370100
vn 0.457800 0.837800 -0.297500
vn 0.489100 0.122000 -0.863700
vn 0.289800 0.815000 -0.501800
vn 0.005400 0.137000 -0.990600
vn 0.465600 0.081900 -0.881200
vn 0.024500 0.875200 -0.483200
vn -0.249800 0.771100 -0.585700
vn -0.140000 0.912000 -0.385400
vn 0.553000 0.578100 -0.599900
vn -0.567500 0.155000 -0.808700
vn -0.878700 0.161900 -0.449200
vn -0.878800 0.414000 0.237300
vn -0.858400 -0.132700 -0.495500
vn -0.381300 -0.675200 -0.631400
vn -0.497600 -0.143600 -0.855400
vn -0.692700 0.575600 -0.434500
vn 0.474700 0.824600 0.307500
vn -0.345000 0.699400 -0.626000
vn 0.031000 -0.159300 -0.986700
vn -0.062800 0.554500 -0.829800
vn 0.200000 0.938700 0.280800
vn 0.138100 0.829000 0.542000
vn 0.477600 0.417300 -0.773100
vn 0.244800 -0.776700 -0.580300
vn 0.532900 -0.177500 -0.827300
vn -0.273800 0.760200 0.589100
vn 0.610900 -0.703300 -0.363600
vn 0.852000 -0.188100 -0.488500
vn 0.618000 0.668900 -0.413000
vn 0.826000 0.317800 -0.465600
vn -0.294900 0.952000 0.082100
vn 0.525000 0.534500 -0.662300
vn -0.760700 0.580600 -0.290100
vn 0.522900 0.820500 0.231000
vn 0.861100 0.112300 0.495900
vn 0.435900 0.538600 0.721000
vn 0.500300 0.123500 0.857000
vn 0.474800 0.824600 0.307600
vn -0.032100 0.138300 0.989900
vn -0.273700 0.760200 0.589100
vn -0.536900 0.155800 0.829100
vn -0.000800 -0.920100 -0.391700
vn 0.400400 -0.717800 0.569600
vn -0.258500 -0.789100 -0.557200
vn 0.074700 -0.566300 0.820800
vn -0.291300 -0.718100 0.632100
vn -0.570500 -0.718300 0.398200
vn 0.631700 -0.718000 0.292300
vn -0.604100 -0.716800 -0.348400
vn 0.586100 -0.808600 -0.052000
vn 0.569600 -0.718000 -0.400100
vn -0.349100 -0.716000 0.604500
vn 0.295200 -0.717700 -0.630700
vn -0.000800 -0.920000 0.391800
vn -0.072000 -0.566700 -0.820800
vn -0.400400 -0.717900 -0.569600
vn -0.633100 -0.718300 -0.288500
vn -0.587000 -0.808100 0.050200
vn -0.570500 -0.718300 0.398300
vn -0.633000 -0.718300 -0.288700
vn -0.586900 -0.808100 -0.050300
vn -0.587000 -0.808100 0.050300
vn -0.570600 -0.718300 -0.398100
vn -0.400500 -0.717900 -0.569500
vn -0.347100 -0.566500 -0.747400
vn -0.071900 -0.566700 -0.820800
vn 0.339200 -0.808500 -0.480900
vn 0.569600 -0.718000 -0.400000
vn 0.631800 -0.718000 0.292200
vn 0.569600 -0.718000 0.400000
vn 0.400300 -0.717800 0.569600
vn 0.347100 -0.566500 0.747400
vn -0.081300 -0.325000 0.942200
vn -0.291200 -0.718100 0.632100
vn -0.860400 -0.325400 0.392200
vn -0.586900 -0.808100 0.050300
vn -0.485900 0.834400 -0.260100
vn 0.485100 0.705800 -0.516300
vn 0.689000 -0.666300 -0.285200
vn 0.131700 -0.646300 -0.751600
vn 0.590200 0.749400 -0.300200
vn -0.880600 -0.286300 -0.377500
vn 0.131800 -0.646300 -0.751600
vn -0.202900 0.617900 -0.759600
vn -0.237800 -0.815800 -0.527100
vn 0.309300 0.577000 0.755900
vn 0.086800 -0.841600 0.533100
vn -0.486000 0.834400 -0.260100
vn 0.055800 -0.987600 0.147000
vn 0.212800 -0.722800 0.657500
vn 0.256300 0.693300 0.673500
vn -0.062100 0.988400 -0.138300
vn -0.673800 0.738900 0.009300
vn -0.596400 -0.557700 0.577300
vn -0.330800 0.839500 0.431000
vn -0.738200 -0.674000 0.028700
vn -0.793800 0.608100 0.012500
vn -0.571200 -0.820400 0.025200
vn -0.674600 -0.666800 -0.316600
vn -0.349400 0.666800 -0.658200
vn 0.702000 0.327300 0.632500
vn -0.330800 0.839500 0.431100
vn 0.556800 -0.593200 0.581400
vn -0.066100 0.690200 -0.720600
vn -0.058000 -0.713300 -0.698400
vn -0.054900 0.701100 -0.710900
vn -0.046200 -0.724300 -0.687900
vn -0.012800 -0.999800 0.012000
vn 0.005500 -1.000000 0.004800
vn 0.641400 0.329400 -0.692900
vn 0.800800 -0.598900 -0.001200
vn 0.572400 -0.586700 -0.572900
vn 0.552600 0.832400 -0.041300
vn 0.675200 0.666600 0.315900
vn 0.350900 -0.666600 0.657700
vn 0.005800 0.832800 -0.553500
vn 0.314500 0.949200 -0.007200
vn 0.045900 0.555200 -0.830500
vn -0.009400 0.800000 -0.599900
vn 0.001500 0.894000 0.448100
vn 0.008400 0.600100 0.799900
vn 0.046000 0.555200 -0.830400
vn 0.008300 -0.601100 -0.799100
vn 0.005700 0.832800 -0.553500
vn 0.018500 -0.555000 -0.831600
vn 0.046800 -0.994700 0.091000
vn 0.048000 -0.706300 0.706200
vn -0.623300 -0.372000 0.687800
vn 0.026200 -0.999600 0.012800
vn 0.025300 -0.999700 -0.000600
vn -0.046300 -0.724300 -0.687900
vn -0.623200 -0.372000 0.687900
vn -0.324500 0.357100 0.875900
vn -0.011300 0.706300 0.707800
vn 0.009800 -0.707600 0.706600
vn -0.160100 -0.987000 0.011000
vn 0.000000 -1.000000 -0.000000
vn -0.557200 -0.581100 0.593200
vn -0.037300 0.707200 -0.706000
vn 0.314500 0.949200 -0.007100
vn -0.005100 1.000000 -0.005300
vn -0.027100 -0.707200 -0.706500
vn -0.497600 0.372500 0.783300
vn 0.509300 -0.707800 0.489500
vn 0.386300 0.824000 0.414500
vn -0.407100 -0.502400 0.762800
vn 0.707000 -0.707000 0.017400
vn -0.012900 -0.999800 0.012000
vn -0.349400 0.666800 -0.658300
vn -0.005100 1.000000 -0.005200
vn 0.026900 0.999600 -0.008400
vn -0.349300 0.666800 -0.658300
vn -0.037300 0.707200 -0.706100
vn -0.674700 -0.666700 -0.316700
vn 0.591500 0.806300 -0.000200
vn -0.650600 0.332000 0.683000
vn -0.674600 -0.666800 -0.316700
vn -0.027200 -0.707200 -0.706500
vn 0.018600 -0.555100 -0.831600
vn -0.012700 -0.800000 -0.599800
vn 0.005800 -0.832100 0.554600
vn 0.707000 -0.707000 0.017500
vn 0.008800 -0.987900 0.154700
vn 0.556800 -0.593300 0.581400
vn 0.509300 -0.707800 0.489400
vn 0.041100 0.998500 0.035100
vn 0.386300 0.823900 0.414600
vn -0.160000 -0.987100 0.010900
vn -0.054900 0.701200 -0.710900
vn -0.026300 0.999600 -0.013000
vn -0.012700 -0.800100 -0.599800
vn -0.009500 0.800000 -0.599900
vn 0.641500 0.329400 -0.692800
vn 0.572400 -0.586600 -0.572900
vn 0.000200 0.982500 0.186400
vn 0.561100 0.550300 0.618400
vn -0.025400 0.999700 0.000600
vn 0.350800 -0.666600 0.657700
vn 0.638700 -0.314800 0.702100
vn -0.012600 -0.800000 -0.599800
vn 0.638700 -0.314900 0.702100
vn 0.561000 0.550300 0.618400
vn 0.000200 0.982500 0.186300
vn 0.638700 -0.314800 0.702200
vn 0.046800 -0.994700 0.091100
vn 0.000300 0.982500 0.186400
vn -0.623200 -0.372100 0.687900
vn -0.497600 0.372600 0.783300
vn 0.041100 0.998500 0.035200
vn -0.407000 -0.502400 0.762900
vn 0.701900 0.327300 0.632600
vn 0.008900 -0.987900 0.154700
vn 0.008300 0.600100 0.799900
vn -0.650600 0.332100 0.683000
vn -0.160100 -0.987000 0.010900
vn -0.999700 0.000000 0.026000
vn -0.285900 -0.812900 0.507400
vn 0.079800 -0.601400 0.795000
vn -0.503100 0.518800 0.691200
vn 0.018100 0.828700 0.559400
vn -0.932000 0.315600 -0.178400
vn -0.622800 -0.497100 0.604100
vn -0.539200 0.628700 -0.560400
vn 0.110000 -0.704300 0.701300
vn 0.104200 -0.704300 0.702200
vn -0.620300 -0.498700 0.605400
vn -0.104500 0.702600 -0.703800
vn -0.109700 0.702600 -0.703100
vn -0.443900 -0.318500 -0.837600
vn 0.390900 0.496300 -0.775200
vn -0.691500 -0.634700 -0.345000
vn 0.700500 0.705500 -0.107300
vn 0.393000 0.498100 -0.772900
vn 0.699700 0.705500 -0.112800
vn 0.334000 0.611800 0.717100
vn -0.693900 0.705500 0.144500
vn -0.502900 -0.288000 0.814900
vn -0.499500 0.560300 0.660700
vn -0.439400 -0.893600 0.091600
vn -0.708700 -0.705200 0.020200
vn -0.845700 -0.408100 -0.343900
vn -0.470600 0.408100 -0.782300
vn 0.531600 0.578300 -0.618900
vn 0.531600 -0.578300 -0.618900
vn -0.503100 0.518700 0.691300
vn -0.525700 0.436800 -0.730000
vn -0.392300 -0.818000 -0.420800
vn -0.290400 0.900700 -0.323300
vn -0.708200 -0.705500 -0.027900
vn -0.344300 -0.908300 0.237500
vn 0.531700 0.578300 -0.618800
vn 0.531700 -0.578300 -0.618800
vn 0.814700 -0.572400 -0.092400
vn 0.542800 0.839900 -0.001900
vn 0.579400 -0.401600 0.709200
vn -0.290400 0.900600 -0.323200
vn -0.868700 -0.456100 -0.193100
vn -0.503000 -0.288000 0.814900
vn -0.344300 -0.908300 0.237400
vn 0.026600 0.981900 0.187400
vn 0.018400 -0.980800 -0.193900
vn 0.334100 0.611700 0.717100
vn 0.294700 0.871700 0.391500
vn 0.621000 0.578100 0.529300
vn 0.233600 -0.921500 0.310400
vn -0.698600 -0.707200 0.109000
vn -0.697400 -0.707200 0.116200
usemtl Model001_Material001.037
s 1
f 1/1/1 2/2/2 3/3/3
f 2/2/2 1/1/1 4/4/4
f 5/5/5 6/6/6 7/7/7
f 6/6/6 5/5/5 8/8/8
f 9/9/9 10/10/10 11/11/11
f 10/10/10 9/9/9 12/12/12
f 13/13/13 14/14/14 15/15/15
f 14/14/14 13/13/13 16/16/16
f 1/1/1 17/17/17 18/18/18
f 17/17/17 1/1/1 3/3/3
f 19/3/19 20/19/20 21/1/18
f 22/20/21 21/1/18 20/19/20
f 23/21/22 11/11/11 24/22/23
f 23/21/22 9/9/9 11/11/11
f 25/23/24 26/24/25 27/25/26
f 28/26/27 26/24/25 25/23/24
f 25/23/24 29/20/28 4/4/4
f 29/20/28 25/23/24 30/25/29
f 31/27/30 7/7/7 6/6/6
f 7/7/7 31/27/30 32/28/31
f 33/29/32 34/30/33 35/31/34
f 34/30/33 33/29/32 36/32/35
f 37/33/36 38/34/37 39/35/38
f 38/34/37 37/33/36 40/36/39
f 41/37/40 42/38/41 43/39/42
f 42/38/41 41/37/40 44/40/43
f 45/41/44 46/42/45 47/43/46
f 46/42/45 45/41/44 48/44/47
f 9/9/9 49/45/48 50/46/12
f 49/45/48 9/9/9 23/21/22
f 28/26/27 51/47/49 52/48/50
f 51/47/49 28/26/27 53/49/51
f 53/49/51 18/18/18 51/47/49
f 53/49/51 1/1/1 18/18/18
f 54/50/52 55/51/53 56/52/54
f 55/51/53 54/50/52 57/53/55
f 58/54/56 33/29/32 35/31/34
f 33/29/32 58/54/56 59/55/57
f 60/21/48 61/11/58 62/9/12
f 61/11/58 60/21/48 63/22/59
f 64/26/50 65/25/60 66/24/61
f 65/25/60 64/26/50 67/49/49
f 21/1/18 22/20/21 67/49/49
f 65/25/60 67/49/49 22/20/21
f 68/27/62 69/7/5 70/28/63
f 69/7/5 68/27/62 71/6/64
f 68/27/62 72/31/65 73/56/66
f 72/31/65 68/27/62 74/57/67
f 74/57/67 68/27/62 70/28/63
f 74/57/67 75/29/57 72/31/65
f 75/29/57 74/57/67 76/58/68
f 77/59/69 78/60/70 79/61/71
f 78/60/70 77/59/69 13/13/13
f 16/16/16 13/13/13 77/59/69
f 80/20/72 78/60/70 81/19/73
f 78/60/70 80/20/72 79/61/71
f 82/62/74 5/5/5 83/63/75
f 7/7/7 83/63/75 5/5/5
f 84/64/76 8/8/8 85/65/77
f 8/8/8 84/64/76 6/6/6
f 86/66/78 10/10/10 87/67/79
f 10/10/10 86/66/78 11/11/11
f 88/59/80 89/61/81 90/60/82
f 90/60/82 91/13/83 88/59/80
f 91/13/83 92/16/14 88/59/80
f 90/60/82 22/20/21 20/19/20
f 22/20/21 90/60/82 89/61/81
f 86/66/78 42/38/41 93/68/84
f 42/38/41 86/66/78 43/39/42
f 11/11/11 93/68/84 24/22/23
f 93/68/84 11/11/11 86/66/78
f 94/69/85 95/70/86 96/71/87
f 95/70/86 94/69/85 47/43/46
f 95/70/86 47/43/46 46/42/45
f 26/24/25 96/71/87 27/25/26
f 96/71/87 26/24/25 94/69/85
f 30/25/29 97/61/88 29/20/28
f 97/61/88 30/25/29 98/71/89
f 4/4/4 1/1/1 53/49/51
f 4/4/4 53/49/51 25/23/24
f 99/72/90 31/27/30 84/64/76
f 84/64/76 31/27/30 6/6/6
f 32/28/31 83/63/75 7/7/7
f 83/63/75 32/28/31 100/73/91
f 101/57/92 100/73/91 32/28/31
f 100/73/91 101/57/92 102/74/93
f 103/75/94 37/33/36 102/74/93
f 37/33/36 103/75/94 40/36/39
f 104/58/95 102/74/93 101/57/92
f 102/74/93 104/58/95 103/75/94
f 105/38/43 106/66/79 107/68/96
f 106/66/79 105/38/43 108/39/97
f 107/68/96 61/11/58 63/22/59
f 61/11/58 107/68/96 106/66/79
f 109/43/98 110/70/99 111/42/100
f 110/70/99 109/43/98 112/69/101
f 110/70/99 112/69/101 113/71/102
f 66/24/61 113/71/102 112/69/101
f 113/71/102 66/24/61 65/25/60
f 65/25/60 89/61/81 113/71/102
f 89/61/81 65/25/60 22/20/21
f 70/28/63 114/63/103 115/73/104
f 114/63/103 70/28/63 69/7/5
f 68/27/62 116/76/77 71/6/64
f 116/76/77 68/27/62 117/72/105
f 74/57/67 115/73/104 118/74/106
f 115/73/104 74/57/67 70/28/63
f 119/36/37 120/75/107 121/33/38
f 121/33/38 120/75/107 118/74/106
f 76/58/68 118/74/106 120/75/107
f 118/74/106 76/58/68 74/57/67
f 3/3/3 2/2/2 122/77/108
f 122/77/108 2/2/2 123/78/109
f 13/13/13 15/15/15 124/79/110
f 124/79/110 15/15/15 125/80/111
f 3/3/3 122/77/108 126/81/112
f 3/3/3 126/81/112 17/17/17
f 127/77/112 20/19/20 19/3/19
f 20/19/20 127/77/112 128/82/113
f 23/21/22 24/22/23 129/83/114
f 129/83/114 24/22/23 130/84/115
f 129/83/114 26/24/25 28/26/27
f 26/24/25 129/83/114 130/84/115
f 36/32/35 33/29/32 122/77/108
f 122/77/108 123/78/109 36/32/35
f 40/36/39 124/79/110 125/80/111
f 40/36/39 125/80/111 38/34/37
f 42/38/41 44/40/43 131/85/116
f 131/85/116 44/40/43 132/86/117
f 47/43/46 131/85/116 132/86/117
f 47/43/46 132/86/117 45/41/44
f 23/21/22 129/83/114 133/87/118
f 23/21/22 133/87/118 49/45/48
f 28/26/27 52/48/50 129/83/114
f 129/83/114 52/48/50 133/87/118
f 33/29/32 59/55/57 122/77/108
f 122/77/108 59/55/57 126/81/112
f 63/22/59 60/21/48 134/83/118
f 63/22/59 134/83/118 135/84/119
f 134/83/118 66/24/61 135/84/119
f 66/24/61 134/83/118 64/26/50
f 127/77/112 76/58/68 128/82/113
f 76/58/68 127/77/112 75/29/57
f 78/60/70 124/79/110 136/88/120
f 124/79/110 78/60/70 13/13/13
f 81/19/73 78/60/70 137/82/121
f 137/82/121 78/60/70 136/88/120
f 91/13/83 90/60/82 138/79/111
f 138/79/111 90/60/82 139/88/122
f 20/19/20 139/88/122 90/60/82
f 139/88/122 20/19/20 128/82/113
f 93/68/84 131/85/116 140/89/123
f 131/85/116 93/68/84 42/38/41
f 24/22/23 93/68/84 130/84/115
f 130/84/115 93/68/84 140/89/123
f 94/69/85 131/85/116 47/43/46
f 140/89/123 131/85/116 94/69/85
f 130/84/115 94/69/85 26/24/25
f 94/69/85 130/84/115 140/89/123
f 136/88/120 124/79/110 103/75/94
f 103/75/94 124/79/110 40/36/39
f 137/82/121 103/75/94 104/58/95
f 103/75/94 137/82/121 136/88/120
f 105/38/43 107/68/96 141/85/117
f 141/85/117 107/68/96 142/89/124
f 63/22/59 142/89/124 107/68/96
f 142/89/124 63/22/59 135/84/119
f 112/69/101 141/85/117 142/89/124
f 141/85/117 112/69/101 109/43/98
f 66/24/61 142/89/124 135/84/119
f 142/89/124 66/24/61 112/69/101
f 120/75/107 138/79/111 139/88/122
f 138/79/111 120/75/107 119/36/37
f 76/58/68 139/88/122 128/82/113
f 139/88/122 76/58/68 120/75/107
f 143/44/99 144/16/69 145/42/125
f 144/16/69 143/44/99 146/14/126
f 98/71/89 144/16/69 97/61/88
f 144/16/69 98/71/89 145/42/125
f 113/71/102 147/16/80 148/42/99
f 147/16/80 113/71/102 89/61/81
f 149/90/28 150/91/127 151/92/72
f 150/91/127 149/90/28 152/93/128
f 153/93/89 154/92/26 155/91/87
f 154/92/26 153/93/89 156/90/29
f 157/94/86 158/95/47 159/96/99
f 158/95/47 157/94/86 160/97/45
f 161/98/69 162/99/129 163/100/16
f 162/99/129 161/98/69 164/101/80
f 165/102/69 150/91/127 152/93/128
f 149/90/28 151/92/72 166/103/130
f 154/92/26 156/90/29 167/103/131
f 153/93/89 155/91/87 168/102/86
f 81/19/73 2/2/2 4/4/4
f 4/4/4 80/20/72 81/19/73
f 25/23/24 53/49/51 28/26/27
f 2/2/2 81/19/73 123/78/109
f 123/78/109 81/19/73 137/82/121
f 104/58/95 36/32/35 123/78/109
f 123/78/109 137/82/121 104/58/95
f 36/32/35 101/57/92 34/30/33
f 101/57/92 36/32/35 104/58/95
f 34/30/33 101/57/92 31/27/30
f 31/27/30 101/57/92 32/28/31
f 55/51/53 169/104/132 56/52/54
f 170/105/133 169/104/132 55/51/53
f 171/106/134 54/50/52 56/52/54
f 54/50/52 171/106/134 172/107/135
f 173/108/136 54/50/52 174/109/137
f 54/50/52 173/108/136 57/53/55
f 175/110/53 176/111/138 177/112/139
f 176/111/138 175/110/53 178/113/55
f 179/114/140 180/115/141 181/116/142
f 179/114/140 181/116/142 182/117/143
f 182/117/143 183/118/144 184/119/145
f 182/117/143 185/120/146 179/114/140
f 185/120/146 186/121/147 179/114/140
f 186/121/147 185/120/146 187/122/148
f 188/123/149 189/124/150 190/125/151
f 188/123/149 191/126/152 189/124/150
f 191/126/152 188/123/149 192/127/153
f 193/128/154 191/126/152 192/127/153
f 191/126/152 193/128/154 194/129/155
f 193/128/154 195/130/156 194/129/155
f 195/130/156 193/128/154 196/131/157
f 197/132/158 195/130/156 196/131/157
f 195/130/156 197/132/158 198/133/159
f 198/133/159 197/132/158 199/134/160
f 200/135/161 201/136/162 202/137/163
f 201/136/162 200/135/161 203/138/164
f 203/138/164 204/139/165 201/136/162
f 204/139/165 203/138/164 205/140/166
f 206/141/167 204/139/165 205/140/166
f 206/141/167 205/140/166 207/142/168
f 208/143/169 206/141/167 207/142/168
f 206/141/167 208/143/169 209/144/170
f 210/145/171 209/144/170 208/143/169
f 209/144/170 210/145/171 211/146/172
f 212/147/173 211/146/172 210/145/171
f 211/146/172 212/147/173 213/148/174
f 214/146/175 215/147/161 216/148/163
f 215/147/161 214/146/175 217/145/176
f 218/144/177 217/145/176 214/146/175
f 217/145/176 218/144/177 219/143/178
f 220/149/179 219/143/178 218/144/177
f 219/143/178 220/149/179 221/150/180
f 220/149/179 222/140/181 221/150/180
f 222/140/181 220/149/179 223/139/182
f 224/138/183 222/140/181 223/139/182
f 223/139/182 225/136/184 224/138/183
f 225/136/184 226/151/185 224/138/183
f 225/136/184 227/152/174 226/151/185
f 228/153/186 229/154/187 230/155/188
f 228/153/186 230/155/188 231/156/189
f 232/154/190 233/156/191 234/153/192
f 233/156/191 232/154/190 235/155/193
f 236/154/194 237/156/195 238/153/196
f 237/156/195 236/154/194 239/155/197
f 240/156/198 241/154/199 242/155/200
f 241/154/199 240/156/198 243/153/201
f 234/153/192 244/157/202 245/158/203
f 244/157/202 234/153/192 246/159/204
f 238/153/205 247/157/206 248/160/207
f 247/157/206 238/153/205 249/159/208
f 228/153/209 250/157/210 251/158/187
f 250/157/210 228/153/209 252/159/211
f 243/153/201 253/157/212 254/160/213
f 253/157/212 243/153/201 255/159/214
f 230/155/188 256/161/215 231/156/189
f 256/161/215 230/155/188 257/162/216
f 235/155/193 258/161/217 233/156/191
f 258/161/217 235/155/193 259/162/218
f 237/156/195 239/155/197 260/162/219
f 237/156/195 260/162/219 261/161/220
f 262/162/221 240/156/198 242/155/200
f 240/156/198 262/162/221 263/161/222
f 244/157/202 264/163/223 265/164/224
f 264/163/223 244/157/202 246/159/204
f 266/163/225 247/157/206 249/159/208
f 247/157/206 266/163/225 267/164/226
f 268/163/227 269/164/228 253/157/212
f 253/157/212 255/159/214 268/163/227
f 270/165/229 271/166/230 272/167/231
f 271/166/230 270/165/229 273/168/232
f 274/169/233 275/170/234 272/167/231
f 270/165/229 272/167/231 275/170/234
f 276/171/235 271/166/230 273/168/232
f 271/166/230 276/171/235 277/172/236
f 278/173/237 279/174/238 280/175/239
f 279/174/238 278/173/237 281/176/240
f 282/177/241 278/173/237 280/175/239
f 278/173/237 282/177/241 283/178/242
f 284/179/243 281/176/240 285/180/244
f 281/176/240 284/179/243 279/174/238
f 286/181/245 238/153/205 287/159/246
f 287/159/246 288/182/247 286/181/245
f 289/183/248 286/181/245 288/182/247
f 286/181/245 289/183/248 290/184/249
f 291/157/250 290/184/249 289/183/248
f 290/184/249 291/157/250 292/160/203
f 293/184/251 294/160/252 295/185/253
f 295/185/253 296/186/254 293/184/251
f 297/181/255 293/184/251 296/186/254
f 296/186/254 298/187/256 297/181/255
f 299/188/257 297/181/255 298/187/256
f 297/181/255 299/188/257 300/153/213
f 301/181/258 302/153/259 303/159/206
f 303/159/206 304/182/260 301/181/258
f 305/183/261 301/181/258 304/182/260
f 301/181/258 305/183/261 306/184/262
f 307/157/204 306/184/262 305/183/261
f 306/184/262 307/157/204 308/158/192
f 290/184/249 292/160/203 309/185/202
f 309/185/202 310/186/263 290/184/249
f 286/181/245 290/184/249 310/186/263
f 310/186/263 311/187/264 286/181/245
f 312/188/208 286/181/245 311/187/264
f 286/181/245 312/188/208 238/153/205
f 313/181/265 243/153/266 314/159/267
f 314/159/267 315/182/268 313/181/265
f 315/182/268 316/184/269 313/181/265
f 316/184/269 315/182/268 317/183/270
f 318/157/271 316/184/269 317/183/270
f 316/184/269 318/157/271 319/160/187
f 306/184/262 308/158/192 320/185/272
f 320/185/272 321/186/273 306/184/262
f 301/181/258 306/184/262 321/186/273
f 321/186/273 322/187/274 301/181/258
f 323/188/275 301/181/258 322/187/274
f 301/181/258 323/188/275 302/153/259
f 297/181/255 300/153/213 324/159/212
f 324/159/212 325/182/276 297/181/255
f 326/183/277 297/181/255 325/182/276
f 297/181/255 326/183/277 293/184/251
f 327/157/211 293/184/251 326/183/277
f 293/184/251 327/157/211 294/160/252
f 316/184/269 319/160/187 328/185/278
f 328/185/278 329/186/279 316/184/269
f 330/187/280 316/184/269 329/186/279
f 316/184/269 330/187/280 313/181/265
f 331/188/214 313/181/265 330/187/280
f 313/181/265 331/188/214 243/153/266
f 332/163/281 288/182/247 287/159/246
f 288/182/247 332/163/281 333/189/282
f 333/189/282 289/183/248 288/182/247
f 289/183/248 333/189/282 334/190/283
f 335/164/284 289/183/248 334/190/283
f 289/183/248 335/164/284 291/157/250
f 296/186/254 295/185/253 336/191/285
f 336/191/285 337/192/286 296/186/254
f 298/187/256 296/186/254 337/192/286
f 337/192/286 338/193/287 298/187/256
f 339/161/288 298/187/256 338/193/287
f 298/187/256 339/161/288 299/188/257
f 340/163/226 304/182/260 303/159/206
f 304/182/260 340/163/226 341/189/289
f 342/190/290 304/182/260 341/189/289
f 304/182/260 342/190/290 305/183/261
f 343/164/291 305/183/261 342/190/290
f 305/183/261 343/164/291 307/157/204
f 310/186/263 309/185/202 344/191/224
f 344/191/224 345/192/292 310/186/263
f 346/193/293 310/186/263 345/192/292
f 310/186/263 346/193/293 311/187/264
f 347/161/225 311/187/264 346/193/293
f 311/187/264 347/161/225 312/188/208
f 348/163/294 315/182/268 314/159/267
f 315/182/268 348/163/294 349/189/295
f 349/189/295 317/183/270 315/182/268
f 317/183/270 349/189/295 350/190/296
f 351/164/297 317/183/270 350/190/296
f 317/183/270 351/164/297 318/157/271
f 321/186/273 320/185/272 352/191/298
f 352/191/298 353/192/299 321/186/273
f 322/187/274 321/186/273 353/192/299
f 353/192/299 354/193/300 322/187/274
f 355/161/301 322/187/274 354/193/300
f 322/187/274 355/161/301 323/188/275
f 356/163/228 325/182/276 324/159/212
f 325/182/276 356/163/228 357/189/302
f 358/190/303 325/182/276 357/189/302
f 325/182/276 358/190/303 326/183/277
f 359/164/304 326/183/277 358/190/303
f 326/183/277 359/164/304 327/157/211
f 329/186/279 328/185/278 360/191/305
f 360/191/305 361/192/306 329/186/279
f 362/193/307 329/186/279 361/192/306
f 329/186/279 362/193/307 330/187/280
f 363/161/308 330/187/280 362/193/307
f 330/187/280 363/161/308 331/188/214
f 364/194/225 365/195/289 366/196/226
f 365/195/289 364/194/225 367/197/293
f 368/198/309 365/195/289 367/197/293
f 365/195/289 368/198/309 369/199/290
f 370/200/224 369/199/290 368/198/309
f 369/199/290 370/200/224 371/201/223
f 372/202/307 373/203/228 374/204/310
f 373/203/228 372/202/307 375/205/302
f 376/206/306 375/205/302 372/202/307
f 375/205/302 376/206/306 377/207/303
f 377/207/303 376/206/306 378/208/311
f 379/209/312 378/208/311 376/206/306
f 380/210/313 381/154/192 382/155/191
f 382/155/191 383/211/314 380/210/313
f 384/212/315 380/210/313 383/211/314
f 380/210/313 384/212/315 385/181/316
f 386/156/188 385/181/316 384/212/315
f 385/181/316 386/156/188 387/153/187
f 388/210/317 389/154/318 390/155/189
f 388/210/317 390/155/189 391/211/319
f 392/181/320 388/210/317 391/211/319
f 392/181/320 391/211/319 393/212/321
f 394/156/193 392/181/320 393/212/321
f 392/181/320 394/156/193 395/153/190
f 396/210/322 397/154/196 398/155/195
f 398/155/195 399/211/323 396/210/322
f 400/181/324 396/210/322 399/211/323
f 399/211/323 401/212/325 400/181/324
f 402/156/200 400/181/324 401/212/325
f 400/181/324 402/156/200 300/153/199
f 403/155/198 404/210/326 405/154/201
f 404/210/326 403/155/198 406/211/327
f 406/211/327 407/181/328 404/210/326
f 407/181/328 406/211/327 408/212/329
f 409/156/197 407/181/328 408/212/329
f 407/181/328 409/156/197 302/153/330
f 392/181/320 395/153/190 410/159/250
f 410/159/250 411/182/331 392/181/320
f 412/184/317 392/181/320 411/182/331
f 412/184/317 411/182/331 413/183/332
f 414/157/253 412/184/317 413/183/332
f 412/184/317 414/157/253 415/158/186
f 400/181/324 300/153/199 416/159/333
f 400/181/324 416/159/333 417/182/334
f 418/183/335 400/181/324 417/182/334
f 400/181/324 418/183/335 419/184/322
f 420/157/336 419/184/322 418/183/335
f 419/184/322 420/157/336 421/158/205
f 385/181/316 387/153/187 422/159/337
f 422/159/337 423/182/338 385/181/316
f 424/184/339 385/181/316 423/182/338
f 424/184/339 423/182/338 425/183/340
f 426/157/341 424/184/339 425/183/340
f 424/184/339 426/157/341 308/158/192
f 407/181/328 302/153/330 427/159/275
f 407/181/328 427/159/275 428/182/342
f 429/183/343 407/181/328 428/182/342
f 407/181/328 429/183/343 430/184/326
f 431/157/344 430/184/326 429/183/343
f 430/184/326 431/157/344 432/160/345
f 383/211/314 382/155/191 433/162/217
f 433/162/217 434/213/346 383/211/314
f 435/214/347 383/211/314 434/213/346
f 383/211/314 435/214/347 384/212/315
f 436/215/348 437/216/349 438/217/350
f 437/216/349 436/215/348 439/218/351
f 440/219/352 437/216/349 439/218/351
f 437/216/349 440/219/352 441/220/353
f 442/221/354 441/220/353 440/219/352
f 443/222/355 440/219/352 439/218/351
f 443/222/355 442/221/354 440/219/352
f 444/223/356 439/218/351 436/215/348
f 439/218/351 445/224/357 443/222/355
f 444/223/356 445/224/357 439/218/351
f 436/215/348 446/225/358 444/223/356
f 446/225/358 436/215/348 447/226/359
f 441/220/353 442/221/354 448/227/360
f 443/222/355 449/228/361 442/221/354
f 450/229/362 443/222/355 445/224/357
f 450/229/362 451/230/363 443/222/355
f 449/228/361 443/222/355 451/230/363
f 445/224/357 444/223/356 452/231/364
f 444/223/356 453/232/365 452/231/364
f 453/232/365 444/223/356 446/225/358
f 447/226/359 454/233/366 446/225/358
f 446/225/358 454/233/366 453/232/365
f 454/233/366 447/226/359 455/234/367
f 445/224/357 452/231/364 456/235/368
f 450/229/362 445/224/357 457/236/369
f 453/232/365 458/237/370 452/231/364
f 458/237/370 453/232/365 459/238/371
f 453/232/365 454/233/366 460/239/372
f 454/233/366 455/234/367 461/240/373
f 462/241/374 460/239/372 454/233/366
f 454/233/366 461/240/373 462/241/374
f 455/234/367 463/242/375 461/240/373
f 463/242/375 455/234/367 464/243/376
f 465/216/377 466/215/378 467/217/379
f 466/215/378 465/216/377 468/218/380
f 468/218/380 465/216/377 469/219/381
f 470/220/382 469/219/381 465/216/377
f 468/218/380 471/223/383 466/215/378
f 469/219/381 472/224/384 468/218/380
f 468/218/380 472/224/384 471/223/383
f 473/225/385 466/215/378 471/223/383
f 466/215/378 473/225/385 474/226/386
f 469/219/381 470/220/382 475/221/387
f 476/229/388 472/224/384 469/219/381
f 476/229/388 469/219/381 477/230/389
f 475/221/387 477/230/389 469/219/381
f 478/227/390 475/221/387 470/220/382
f 473/225/385 479/234/391 474/226/386
f 480/231/392 471/223/383 472/224/384
f 481/232/393 471/223/383 480/231/392
f 482/239/394 471/223/383 481/232/393
f 471/223/383 482/239/394 473/225/385
f 473/225/385 482/239/394 483/241/395
f 473/225/385 484/240/396 479/234/391
f 484/240/396 473/225/385 483/241/395
f 477/230/389 475/221/387 485/228/397
f 472/224/384 476/229/388 486/236/398
f 487/242/399 479/234/391 484/240/396
f 479/234/391 487/242/399 488/243/400
f 489/237/401 481/232/393 480/231/392
f 481/232/393 489/237/401 490/238/402
f 480/231/392 472/224/384 491/235/403
f 492/244/368 493/245/404 494/246/403
f 492/244/368 495/247/405 493/245/404
f 495/247/405 496/248/406 493/245/404
f 495/247/405 497/249/370 496/248/406
f 497/249/370 498/250/407 496/248/406
f 497/249/370 499/251/408 498/250/407
f 500/252/409 501/253/410 502/254/411
f 501/253/410 500/252/409 503/255/412
f 504/254/413 505/252/414 506/255/415
f 504/254/413 506/255/415 507/253/412
f 508/252/416 509/253/417 510/254/418
f 509/253/417 508/252/416 511/255/419
f 512/254/416 513/252/420 514/255/410
f 512/254/416 514/255/410 515/253/419
f 516/252/421 517/253/422 518/254/423
f 517/253/422 516/252/421 519/255/424
f 520/254/421 521/252/425 522/255/426
f 520/254/421 522/255/426 523/253/427
f 524/252/428 525/253/429 526/254/425
f 525/253/429 524/252/428 527/255/430
f 528/252/431 529/253/430 530/254/428
f 529/253/430 528/252/431 531/255/422
f 512/254/416 532/256/432 513/252/420
f 532/256/432 512/254/416 533/257/433
f 534/258/434 535/259/433 536/260/416
f 535/259/433 534/258/434 537/261/435
f 516/252/421 518/254/423 538/257/436
f 516/252/421 538/257/436 539/256/435
f 540/260/437 541/262/436 542/258/431
f 541/262/436 540/260/437 543/263/432
f 508/252/416 510/254/418 544/257/438
f 508/252/416 544/257/438 545/256/439
f 546/258/425 547/259/438 548/260/440
f 547/259/438 546/258/425 549/261/441
f 550/161/216 384/212/315 435/214/347
f 384/212/315 550/161/216 386/156/188
f 391/211/319 390/155/189 551/162/215
f 551/162/215 552/213/442 391/211/319
f 553/214/443 391/211/319 552/213/442
f 391/211/319 553/214/443 393/212/321
f 554/161/444 393/212/321 553/214/443
f 393/212/321 554/161/444 394/156/193
f 399/211/323 398/155/195 555/162/220
f 399/211/323 555/162/220 556/213/445
f 401/212/325 399/211/323 556/213/445
f 401/212/325 556/213/445 557/214/446
f 558/161/221 401/212/325 557/214/446
f 401/212/325 558/161/221 402/156/200
f 406/211/327 403/155/198 559/162/222
f 406/211/327 559/162/222 560/213/447
f 408/212/329 406/211/327 560/213/447
f 408/212/329 560/213/447 561/214/448
f 562/161/219 408/212/329 561/214/448
f 408/212/329 562/161/219 409/156/197
f 411/182/331 410/159/250 563/163/449
f 563/163/449 564/189/450 411/182/331
f 565/190/451 411/182/331 564/189/450
f 411/182/331 565/190/451 413/183/332
f 566/164/452 413/183/332 565/190/451
f 413/183/332 566/164/452 414/157/253
f 417/182/334 416/159/333 567/163/288
f 567/163/288 568/189/453 417/182/334
f 569/190/454 417/182/334 568/189/453
f 417/182/334 569/190/454 418/183/335
f 570/164/281 418/183/335 569/190/454
f 418/183/335 570/164/281 420/157/336
f 571/163/297 423/182/338 422/159/337
f 423/182/338 571/163/297 572/189/455
f 572/189/455 425/183/340 423/182/338
f 425/183/340 572/189/455 573/190/456
f 574/164/298 425/183/340 573/190/456
f 425/183/340 574/164/298 426/157/341
f 428/182/342 427/159/275 575/163/457
f 575/163/457 576/189/458 428/182/342
f 577/190/459 428/182/342 576/189/458
f 428/182/342 577/190/459 429/183/343
f 578/164/294 429/183/343 577/190/459
f 429/183/343 578/164/294 431/157/344
f 579/264/218 580/265/346 581/266/460
f 582/267/443 580/265/346 579/264/218
f 583/268/461 580/265/346 582/267/443
f 580/265/346 583/268/461 584/269/347
f 585/270/215 584/269/347 583/268/461
f 584/269/347 585/270/215 586/271/216
f 587/265/462 588/264/220 589/266/219
f 588/264/220 587/265/462 590/267/445
f 591/268/463 590/267/445 587/265/462
f 592/269/447 591/268/463 587/265/462
f 592/269/447 593/270/221 591/268/463
f 593/270/221 592/269/447 594/271/222
f 595/272/288 596/273/287 597/274/464
f 597/274/464 596/273/287 598/275/465
f 596/273/287 599/276/466 598/275/465
f 599/276/466 596/273/287 600/277/286
f 598/275/465 599/276/466 601/278/467
f 601/278/467 597/274/464 598/275/465
f 597/274/464 601/278/467 602/279/454
f 603/280/281 602/279/454 601/278/467
f 601/278/467 599/276/466 604/281/468
f 603/280/281 601/278/467 605/282/282
f 605/282/282 601/278/467 604/281/468
f 599/276/466 606/283/450 604/281/468
f 600/277/286 607/284/469 599/276/466
f 606/283/450 599/276/466 607/284/469
f 607/284/469 600/277/286 608/285/452
f 605/282/282 604/281/468 609/286/470
f 610/287/449 604/281/468 606/283/450
f 604/281/468 610/287/449 609/286/470
f 611/288/301 612/289/471 613/290/472
f 613/290/472 612/289/471 614/291/473
f 612/289/471 615/292/474 614/291/473
f 615/292/474 612/289/471 616/293/299
f 614/291/473 615/292/474 617/294/475
f 617/294/475 613/290/472 614/291/473
f 613/290/472 617/294/475 618/295/459
f 617/294/475 615/292/474 619/296/476
f 616/293/299 620/297/477 615/292/474
f 619/296/476 615/292/474 620/297/477
f 620/297/477 616/293/299 621/298/298
f 622/299/296 617/294/475 619/296/476
f 617/294/475 622/299/296 623/300/295
f 623/300/295 618/295/459 617/294/475
f 619/296/476 620/297/477 624/301/478
f 622/299/296 619/296/476 624/301/478
f 618/295/459 623/300/295 625/302/294
f 622/299/296 624/301/478 626/303/297
f 627/304/479 628/305/480 629/306/481
f 628/305/480 627/304/479 630/307/482
f 627/304/479 631/308/483 630/307/482
f 631/308/483 627/304/479 632/309/484
f 632/309/484 633/310/485 631/308/483
f 634/311/486 632/309/484 627/304/479
f 629/306/481 634/311/486 627/304/479
f 633/310/485 632/309/484 635/312/487
f 636/313/488 635/312/487 632/309/484
f 632/309/484 634/311/486 636/313/488
f 634/311/486 629/306/481 637/314/489
f 638/315/490 633/310/485 635/312/487
f 633/310/485 638/315/490 639/316/491
f 635/312/487 636/313/488 640/317/492
f 635/312/487 641/318/493 638/315/490
f 641/318/493 635/312/487 640/317/492
f 642/319/494 640/317/492 636/313/488
f 642/319/494 641/318/493 640/317/492
f 643/320/495 636/313/488 634/311/486
f 636/313/488 643/320/495 642/319/494
f 644/321/496 643/320/495 634/311/486
f 634/311/486 645/322/497 644/321/496
f 645/322/497 634/311/486 637/314/489
f 638/315/490 646/323/498 639/316/491
f 638/315/490 647/324/499 646/323/498
f 641/318/493 647/324/499 638/315/490
f 643/320/495 648/325/500 642/319/494
f 641/318/493 642/319/494 649/326/501
f 648/325/500 649/326/501 642/319/494
f 644/321/496 650/327/502 643/320/495
f 648/325/500 643/320/495 650/327/502
f 647/324/499 641/318/493 651/328/503
f 652/329/504 651/328/503 641/318/493
f 649/326/501 652/329/504 641/318/493
f 653/330/505 647/324/499 651/328/503
f 652/329/504 653/330/505 651/328/503
f 647/324/499 654/331/506 646/323/498
f 655/332/507 654/331/506 647/324/499
f 647/324/499 653/330/505 655/332/507
f 656/333/508 649/326/501 648/325/500
f 656/333/508 657/334/509 649/326/501
f 657/334/509 652/329/504 649/326/501
f 650/327/502 644/321/496 658/335/510
f 652/329/504 657/334/509 659/336/511
f 653/330/505 652/329/504 660/337/512
f 659/336/511 660/337/512 652/329/504
f 644/321/496 661/338/513 658/335/510
f 661/338/513 644/321/496 645/322/497
f 662/323/514 663/332/481 664/331/515
f 663/332/481 662/323/514 665/324/516
f 665/324/516 666/330/517 663/332/481
f 667/315/518 665/324/516 662/323/514
f 667/315/518 662/323/514 668/316/519
f 666/330/517 665/324/516 669/328/520
f 665/324/516 670/318/521 669/328/520
f 670/318/521 665/324/516 667/315/518
f 671/329/522 666/330/517 669/328/520
f 671/329/522 669/328/520 670/318/521
f 666/330/517 671/329/522 672/337/523
f 673/310/524 667/315/518 668/316/519
f 667/315/518 673/310/524 674/312/525
f 674/312/525 670/318/521 667/315/518
f 675/334/526 672/337/523 671/329/522
f 676/326/527 671/329/522 670/318/521
f 675/334/526 671/329/522 676/326/527
f 670/318/521 674/312/525 677/317/528
f 670/318/521 678/319/529 676/326/527
f 678/319/529 670/318/521 677/317/528
f 672/337/523 675/334/526 679/336/530
f 680/308/531 674/312/525 673/310/524
f 674/312/525 680/308/531 681/309/532
f 681/309/532 677/317/528 674/312/525
f 677/317/528 681/309/532 682/313/533
f 678/319/529 677/317/528 682/313/533
f 683/333/534 675/334/526 676/326/527
f 683/333/534 676/326/527 684/325/535
f 684/325/535 676/326/527 678/319/529
f 685/320/536 684/325/535 678/319/529
f 682/313/533 685/320/536 678/319/529
f 681/309/532 686/311/537 682/313/533
f 685/320/536 682/313/533 686/311/537
f 680/308/531 687/304/538 681/309/532
f 686/311/537 681/309/532 687/304/538
f 687/304/538 680/308/531 688/307/539
f 684/325/535 685/320/536 689/327/540
f 690/321/541 689/327/540 685/320/536
f 690/321/541 685/320/536 686/311/537
f 691/339/506 687/304/538 688/307/539
f 687/304/538 691/339/506 692/340/542
f 692/340/542 686/311/537 687/304/538
f 686/311/537 692/340/542 693/341/505
f 686/311/537 694/342/543 690/321/541
f 694/342/543 686/311/537 693/341/505
f 689/327/540 690/321/541 695/335/544
f 696/343/511 690/321/541 694/342/543
f 690/321/541 696/343/511 695/335/544
f 697/344/545 698/345/546 699/346/547
f 697/344/545 700/347/548 698/345/546
f 700/347/548 697/344/545 701/348/549
f 701/348/549 697/344/545 702/349/550
f 703/350/551 698/345/546 700/347/548
f 698/345/546 703/350/551 704/351/552
f 705/352/553 704/351/552 703/350/551
f 705/352/553 703/350/551 706/353/554
f 705/352/553 707/354/555 704/351/552
f 707/354/555 705/352/553 708/355/556
f 709/356/557 710/357/510 711/358/558
f 710/357/510 709/356/557 712/359/559
f 713/360/560 710/357/510 712/359/559
f 710/357/510 713/360/560 714/361/502
f 715/362/561 714/361/502 713/360/560
f 714/361/502 715/362/561 716/363/500
f 711/358/558 717/364/562 709/356/557
f 717/364/562 711/358/558 718/365/563
f 719/366/564 717/364/562 718/365/563
f 718/365/563 720/367/534 719/366/564
f 721/368/535 719/366/564 720/367/534
f 719/366/564 721/368/535 722/369/565
f 723/370/540 722/369/565 721/368/535
f 722/369/565 723/370/540 724/371/566
f 725/372/544 724/371/566 723/370/540
f 724/371/566 725/372/544 726/373/567
f 727/374/568 726/373/567 725/372/544
f 725/372/544 728/375/511 727/374/568
f 729/376/569 727/374/568 728/375/511
f 728/375/511 730/377/570 729/376/569
f 730/377/570 731/378/571 729/376/569
f 731/378/571 730/377/570 732/379/572
f 733/380/500 731/378/571 732/379/572
f 731/378/571 733/380/500 734/381/573
f 735/382/569 736/383/574 737/384/575
f 735/382/569 737/384/575 738/385/552
f 739/386/576 735/382/569 738/385/552
f 739/386/576 738/385/552 740/387/577
f 741/388/578 739/386/576 740/387/577
f 741/388/578 740/387/577 742/389/579
f 743/390/580 741/388/578 742/389/579
f 743/390/580 742/389/579 744/391/581
f 745/367/582 743/390/580 744/391/581
f 745/367/582 744/391/581 746/366/554
f 747/392/583 745/367/582 746/366/554
f 747/392/583 746/366/554 748/393/584
f 749/394/585 747/392/583 748/393/584
f 749/394/585 748/393/584 750/395/586
f 751/396/557 749/394/585 750/395/586
f 751/396/557 750/395/586 752/397/587
f 753/398/559 751/396/557 752/397/587
f 753/398/559 752/397/587 754/399/550
f 755/400/588 753/398/559 754/399/550
f 755/400/588 754/399/550 756/401/545
f 757/402/589 755/400/588 756/401/545
f 757/402/589 756/401/545 758/403/547
f 759/404/590 757/402/589 758/403/547
f 759/404/590 758/403/547 760/405/575
f 761/352/591 762/354/592 763/355/593
f 762/354/592 761/352/591 764/351/594
f 764/351/594 761/352/591 765/350/595
f 765/350/595 761/352/591 766/353/596
f 765/350/595 767/345/597 764/351/594
f 767/345/597 765/350/595 768/347/598
f 767/345/597 768/347/598 769/344/599
f 767/345/597 769/344/599 770/346/600
f 769/344/599 768/347/598 771/348/601
f 769/344/599 771/348/601 772/349/602
f 773/256/441 520/254/421 774/257/603
f 520/254/421 773/256/441 521/252/425
f 534/258/434 536/260/416 775/263/439
f 534/258/434 775/263/439 776/262/603
f 505/252/414 504/254/413 777/257/604
f 505/252/414 777/257/604 778/256/605
f 779/258/606 780/259/607 781/260/608
f 780/259/607 779/258/606 782/261/609
f 526/254/425 783/256/609 524/252/428
f 783/256/609 526/254/425 784/257/610
f 785/263/605 546/258/425 548/260/440
f 546/258/425 785/263/605 786/262/610
f 502/254/411 787/256/611 500/252/409
f 787/256/611 502/254/411 788/257/612
f 789/261/613 790/259/612 540/260/437
f 540/260/437 542/258/431 789/261/613
f 528/252/431 530/254/428 791/257/614
f 528/252/431 791/257/614 792/256/613
f 779/258/606 781/260/608 793/263/611
f 779/258/606 793/263/611 794/262/614
f 501/253/410 795/406/615 796/407/616
f 795/406/615 501/253/410 503/255/412
f 506/255/415 797/407/615 507/253/412
f 797/407/615 506/255/415 798/406/617
f 799/406/618 509/253/417 511/255/419
f 509/253/417 799/406/618 800/407/617
f 801/406/619 802/407/620 515/253/419
f 515/253/419 514/255/410 801/406/619
f 803/407/621 519/255/424 804/406/622
f 519/255/424 803/407/621 517/253/422
f 805/407/622 522/255/426 806/406/623
f 522/255/426 805/407/622 523/253/427
f 807/406/624 808/407/625 525/253/429
f 525/253/429 527/255/430 807/406/624
f 809/407/626 531/255/422 810/406/621
f 531/255/422 809/407/626 529/253/430
f 533/257/433 811/408/627 532/256/432
f 811/408/627 533/257/433 812/409/628
f 813/410/629 537/261/435 814/411/630
f 537/261/435 813/410/629 535/259/433
f 815/408/631 538/257/436 816/409/632
f 538/257/436 815/408/631 539/256/435
f 543/263/432 817/412/632 541/262/436
f 817/412/632 543/263/432 818/413/627
f 545/256/439 544/257/438 819/409/633
f 545/256/439 819/409/633 820/408/634
f 547/259/438 549/261/441 821/411/635
f 547/259/438 821/411/635 822/410/636
f 823/409/637 773/256/441 774/257/603
f 773/256/441 823/409/637 824/408/638
f 825/413/639 776/262/603 775/263/439
f 776/262/603 825/413/639 826/412/637
f 827/409/640 828/408/641 778/256/605
f 778/256/605 777/257/604 827/409/640
f 829/411/642 780/259/607 782/261/609
f 780/259/607 829/411/642 830/410/640
f 831/409/643 783/256/609 784/257/610
f 783/256/609 831/409/643 832/408/644
f 786/262/610 785/263/605 833/413/641
f 786/262/610 833/413/641 834/412/643
f 788/257/612 835/408/645 787/256/611
f 835/408/645 788/257/612 836/409/646
f 789/261/613 837/410/646 790/259/612
f 837/410/646 789/261/613 838/411/647
f 791/257/614 839/408/647 792/256/613
f 839/408/647 791/257/614 840/409/648
f 793/263/611 841/412/648 794/262/614
f 841/412/648 793/263/611 842/413/649
f 843/414/618 844/415/615 845/416/617
f 844/415/615 843/414/618 846/417/616
f 847/414/622 848/415/626 849/417/621
f 848/415/626 847/414/622 850/416/625
f 851/418/628 852/419/632 853/420/627
f 852/419/632 851/418/628 854/421/650
f 855/422/638 856/423/639 857/424/633
f 856/423/639 855/422/638 858/425/637
f 859/426/640 860/427/642 861/428/641
f 862/429/643 861/428/641 860/427/642
f 863/430/646 864/431/648 865/432/649
f 864/431/648 863/430/646 866/433/647
f 867/434/170 868/435/651 869/436/167
f 868/435/651 867/434/170 870/437/652
f 871/438/172 870/437/652 867/434/170
f 870/437/652 872/439/653 868/435/651
f 872/439/653 873/440/654 868/435/651
f 872/439/653 874/441/655 873/440/654
f 872/439/653 870/437/652 875/442/656
f 875/442/656 876/443/657 872/439/653
f 874/441/655 872/439/653 876/443/657
f 876/443/657 875/442/656 877/444/658
f 878/445/659 877/444/658 875/442/656
f 875/442/656 870/437/652 878/445/659
f 870/437/652 871/438/172 879/446/660
f 880/447/661 870/437/652 879/446/660
f 881/448/662 870/437/652 880/447/661
f 870/437/652 881/448/662 878/445/659
f 879/446/660 871/438/172 882/449/663
f 882/449/663 871/438/172 883/450/174
f 881/448/662 884/451/664 878/445/659
f 880/447/661 884/451/664 881/448/662
f 878/445/659 884/451/664 885/452/665
f 877/444/658 878/445/659 885/452/665
f 880/447/661 879/446/660 886/453/666
f 887/454/667 879/446/660 882/449/663
f 879/446/660 887/454/667 886/453/666
f 888/455/184 882/449/663 883/450/174
f 882/449/663 888/455/184 889/456/668
f 882/449/663 890/457/669 887/454/667
f 889/456/668 890/457/669 882/449/663
f 880/447/661 886/453/666 891/458/670
f 891/458/670 892/459/671 880/447/661
f 893/460/672 880/447/661 892/459/671
f 884/451/664 880/447/661 893/460/672
f 886/453/666 894/461/673 891/458/670
f 895/462/674 886/453/666 887/454/667
f 886/453/666 895/462/674 894/461/673
f 894/461/673 896/463/675 891/458/670
f 896/463/675 892/459/671 891/458/670
f 895/462/674 896/463/675 894/461/673
f 897/464/676 887/454/667 890/457/669
f 897/464/676 898/465/677 887/454/667
f 898/465/677 895/462/674 887/454/667
f 899/466/678 897/464/676 890/457/669
f 890/457/669 889/456/668 899/466/678
f 900/467/182 889/456/668 888/455/184
f 889/456/668 900/467/182 901/468/679
f 889/456/668 902/469/680 899/466/678
f 902/469/680 889/456/668 901/468/679
f 895/462/674 898/465/677 903/470/681
f 896/463/675 895/462/674 903/470/681
f 897/464/676 899/466/678 904/471/682
f 902/469/680 904/471/682 899/466/678
f 901/468/679 900/467/182 905/472/683
f 906/473/684 902/469/680 901/468/679
f 906/473/684 901/468/679 905/472/683
f 904/471/682 902/469/680 907/474/685
f 906/473/684 907/474/685 902/469/680
f 905/472/683 900/467/182 908/475/179
f 905/472/683 909/476/686 906/473/684
f 909/476/686 910/477/687 906/473/684
f 910/477/687 911/478/688 906/473/684
f 907/474/685 906/473/684 911/478/688
f 910/477/687 909/476/686 912/479/689
f 910/477/687 912/479/689 913/480/690
f 911/478/688 910/477/687 914/481/691
f 913/480/690 914/481/691 910/477/687
f 915/482/171 916/483/692 917/484/693
f 918/485/169 916/483/692 915/482/171
f 916/483/692 918/485/169 919/486/694
f 918/485/169 920/487/695 919/486/694
f 920/487/695 918/485/169 921/488/696
f 922/489/166 920/487/695 921/488/696
f 920/487/695 922/489/166 923/490/697
f 922/489/166 924/491/698 923/490/697
f 924/491/698 922/489/166 925/492/699
f 924/491/698 925/492/699 926/493/161
f 927/494/700 928/495/701 929/496/155
f 930/497/702 928/495/701 927/494/700
f 930/497/702 931/453/150 928/495/701
f 932/498/703 930/497/702 927/494/700
f 927/494/700 933/499/704 932/498/703
f 930/497/702 932/498/703 934/500/658
f 930/497/702 934/500/658 935/501/665
f 936/502/705 931/453/150 930/497/702
f 930/497/702 937/503/672 936/502/705
f 937/503/672 930/497/702 938/504/706
f 938/504/706 930/497/702 935/501/665
f 939/505/707 931/453/150 936/502/705
f 931/453/150 939/505/707 940/506/151
f 941/507/677 939/505/707 936/502/705
f 936/502/705 942/508/708 941/507/677
f 942/508/708 936/502/705 937/503/672
f 937/503/672 943/509/709 942/508/708
f 939/505/707 944/510/710 940/506/151
f 945/511/711 942/508/708 943/509/709
f 942/508/708 946/512/712 941/507/677
f 946/512/712 942/508/708 945/511/711
f 941/507/677 947/513/676 939/505/707
f 948/514/713 944/510/710 939/505/707
f 939/505/707 949/515/682 948/514/713
f 949/515/682 939/505/707 947/513/676
f 950/118/153 944/510/710 948/514/713
f 951/116/714 950/118/153 948/514/713
f 948/514/713 952/115/685 951/116/714
f 952/115/685 948/514/713 949/515/682
f 182/117/143 950/118/153 951/116/714
f 951/116/714 952/115/685 953/516/715
f 953/516/715 182/117/143 951/116/714
f 950/118/153 182/117/143 184/119/145
f 182/117/143 953/516/715 185/120/146
f 954/517/691 185/120/146 953/516/715
f 185/120/146 954/517/691 187/122/148
f 868/435/651 955/434/165 869/436/167
f 955/434/165 868/435/651 956/437/716
f 873/440/654 956/437/716 868/435/651
f 956/437/716 957/438/717 955/434/165
f 957/438/717 956/437/716 958/446/718
f 959/448/719 958/446/718 956/437/716
f 956/437/716 873/440/654 959/448/719
f 874/441/655 959/448/719 873/440/654
f 959/448/719 874/441/655 960/451/720
f 958/446/718 959/448/719 961/461/721
f 960/451/720 961/461/721 959/448/719
f 962/449/722 957/438/717 958/446/718
f 958/446/718 963/457/723 962/449/722
f 963/457/723 958/446/718 961/461/721
f 961/461/721 960/451/720 964/463/724
f 964/463/724 963/457/723 961/461/721
f 957/438/717 962/449/722 965/450/163
f 963/457/723 964/463/724 966/464/725
f 967/466/726 962/449/722 963/457/723
f 966/464/725 967/466/726 963/457/723
f 962/449/722 968/455/727 965/450/163
f 962/449/722 967/466/726 969/456/728
f 968/455/727 962/449/722 969/456/728
f 967/466/726 966/464/725 970/471/729
f 969/456/728 971/467/730 968/455/727
f 971/467/730 969/456/728 972/468/731
f 967/466/726 972/468/731 969/456/728
f 905/472/683 971/467/730 972/468/731
f 971/467/730 905/472/683 908/475/179
f 972/468/731 967/466/726 973/469/732
f 972/468/731 973/469/732 974/518/733
f 974/518/733 905/472/683 972/468/731
f 970/471/729 973/469/732 967/466/726
f 973/469/732 970/471/729 975/474/734
f 975/474/734 974/518/733 973/469/732
f 905/472/683 974/518/733 909/476/686
f 974/518/733 975/474/734 976/519/140
f 977/520/735 909/476/686 974/518/733
f 974/518/733 976/519/140 977/520/735
f 909/476/686 977/520/735 912/479/689
f 978/521/736 977/520/735 976/519/140
f 978/521/736 913/480/690 977/520/735
f 913/480/690 912/479/689 977/520/735
f 979/495/737 927/494/700 929/496/155
f 927/494/700 979/495/737 980/497/738
f 981/453/739 980/497/738 979/495/737
f 980/497/738 933/499/704 927/494/700
f 980/497/738 981/453/739 982/502/740
f 982/502/740 983/504/741 980/497/738
f 933/499/704 980/497/738 983/504/741
f 983/504/741 982/502/740 984/511/724
f 981/453/739 985/505/742 982/502/740
f 982/502/740 986/513/725 984/511/724
f 986/513/725 982/502/740 985/505/742
f 985/505/742 981/453/739 987/506/160
f 985/505/742 988/515/743 986/513/725
f 989/510/158 985/505/742 987/506/160
f 985/505/742 989/510/158 990/514/744
f 988/515/743 985/505/742 990/514/744
f 183/118/144 990/514/744 989/510/158
f 990/514/744 183/118/144 181/116/142
f 181/116/142 988/515/743 990/514/744
f 988/515/743 181/116/142 180/115/141
f 183/118/144 182/117/143 181/116/142
f 991/357/745 992/356/746 993/358/747
f 992/356/746 991/357/745 994/359/748
f 991/357/745 995/360/749 994/359/748
f 995/360/749 991/357/745 996/361/483
f 996/361/483 997/362/750 995/360/749
f 997/362/750 996/361/483 998/363/485
f 999/364/751 993/358/747 992/356/746
f 1000/365/752 993/358/747 999/364/751
f 999/364/751 1001/366/753 1000/365/752
f 1002/367/519 1000/365/752 1001/366/753
f 1001/366/753 1003/368/524 1002/367/519
f 1003/368/524 1001/366/753 1004/369/754
f 1004/369/754 1005/370/755 1003/368/524
f 1005/370/755 1004/369/754 1006/371/756
f 1006/371/756 1007/372/757 1005/370/755
f 1007/372/757 1006/371/756 1008/373/758
f 1007/372/757 1008/373/758 1009/374/759
f 1010/375/506 1007/372/757 1009/374/759
f 1011/376/760 1010/375/506 1009/374/759
f 1012/377/498 1010/375/506 1011/376/760
f 1013/378/761 1012/377/498 1011/376/760
f 1012/377/498 1013/378/761 1014/379/491
f 1013/378/761 1015/380/485 1014/379/491
f 1015/380/485 1013/378/761 1016/381/762
f 1017/382/763 1018/384/764 1019/383/765
f 1018/384/764 1017/382/763 1020/385/766
f 1021/386/767 1020/385/766 1017/382/763
f 1020/385/766 1021/386/767 1022/387/768
f 1023/388/769 1022/387/768 1021/386/767
f 1022/387/768 1023/388/769 1024/389/593
f 1025/390/756 1024/389/593 1023/388/769
f 1024/389/593 1025/390/756 1026/391/770
f 1027/367/771 1026/391/770 1025/390/756
f 1026/391/770 1027/367/771 1028/366/596
f 1029/392/753 1028/366/596 1027/367/771
f 1028/366/596 1029/392/753 1030/393/595
f 1031/394/772 1030/393/595 1029/392/753
f 1030/393/595 1031/394/772 1032/395/773
f 1033/396/774 1032/395/773 1031/394/772
f 1032/395/773 1033/396/774 1034/397/775
f 1034/397/775 1035/398/748 1036/399/776
f 1035/398/748 1034/397/775 1033/396/774
f 1037/400/777 1036/399/776 1035/398/748
f 1036/399/776 1037/400/777 1038/401/599
f 1039/402/750 1038/401/599 1037/400/777
f 1038/401/599 1039/402/750 1040/403/778
f 1041/404/779 1040/403/778 1039/402/750
f 1040/403/778 1041/404/779 1042/405/764
f 1043/56/780 34/30/33 31/27/30
f 34/30/33 1043/56/780 35/31/34
f 1044/522/781 1045/523/782 1046/524/783
f 1045/523/782 1044/522/781 1047/525/784
f 1047/525/784 39/35/38 1045/523/782
f 39/35/38 1047/525/784 37/33/36
f 1048/526/785 35/31/34 1043/56/780
f 35/31/34 1048/526/785 58/54/56
f 1049/527/786 83/63/75 1044/522/781
f 83/63/75 1049/527/786 82/62/74
f 1050/528/787 1051/529/137 169/104/132
f 1051/529/137 1050/528/787 1052/530/788
f 86/66/78 1053/531/97 43/39/42
f 1053/531/97 86/66/78 87/67/79
f 170/105/133 1054/532/789 169/104/132
f 169/104/132 1054/532/789 1050/528/787
f 1044/522/781 83/63/75 100/73/91
f 100/73/91 1047/525/784 1044/522/781
f 102/74/93 1047/525/784 100/73/91
f 1047/525/784 102/74/93 37/33/36
f 115/73/104 1055/522/783 1056/525/782
f 1055/522/783 115/73/104 114/63/103
f 1057/532/790 1058/104/135 1059/528/788
f 1058/104/135 1057/532/790 1060/105/138
f 121/33/38 118/74/106 1056/525/782
f 1056/525/782 118/74/106 115/73/104
f 1061/533/30 1062/534/66 1043/56/791
f 1062/534/66 1061/533/30 1063/535/792
f 1050/528/787 84/64/76 85/65/77
f 1050/528/787 85/65/77 1052/530/788
f 1050/528/787 99/72/90 84/64/76
f 99/72/90 1050/528/787 1054/532/789
f 117/72/105 1057/532/790 1059/528/788
f 117/72/105 1059/528/788 116/76/77
f 1064/536/789 176/111/138 1065/537/790
f 176/111/138 1064/536/789 177/112/139
f 1064/536/789 1066/538/793 1067/539/794
f 1066/538/793 1064/536/789 1065/537/790
f 1067/539/794 1068/540/62 1069/541/795
f 1068/540/62 1067/539/794 1066/538/793
f 1070/542/796 1071/543/797 1072/544/798
f 1071/543/797 1070/542/796 1073/545/799
f 1074/546/800 1073/545/799 1070/542/796
f 1073/545/799 1074/546/800 1075/547/801
f 1074/546/800 1076/548/802 1075/547/801
f 1074/546/800 1077/549/803 1076/548/802
f 1078/550/797 1079/551/804 1080/552/805
f 1079/551/804 1078/550/797 1081/553/806
f 1082/554/807 1083/555/808 1084/556/809
f 1083/555/808 1082/554/807 1085/557/810
f 1086/558/811 1087/559/801 1088/560/812
f 1087/559/801 1086/558/811 1089/561/799
f 1090/562/813 1091/563/814 1092/564/815
f 1090/562/813 1093/565/816 1091/563/814
f 1094/566/817 1091/563/814 1093/565/816
f 1091/563/814 1094/566/817 1095/567/818
f 1096/568/351 1097/569/819 1098/570/820
f 1097/569/819 1096/568/351 1099/571/821
f 1096/568/351 1100/572/822 1099/571/821
f 1100/572/822 1096/568/351 1101/573/351
f 1102/574/823 1101/573/351 1096/568/351
f 1101/573/351 1102/574/823 1103/575/824
f 1104/576/825 1105/577/826 1106/578/827
f 1105/577/826 1104/576/825 1107/579/828
f 1108/580/829 1109/581/830 1110/582/831
f 1109/581/830 1108/580/829 1111/583/832
f 1111/583/832 1108/580/829 1112/584/833
f 1113/554/834 1111/583/832 1114/585/808
f 1115/586/835 1116/587/830 1117/588/836
f 1118/589/837 1117/588/836 1116/587/830
f 1119/590/818 1118/589/837 1116/587/830
f 1118/589/837 1119/590/818 1120/591/817
f 1121/574/838 1122/592/839 1123/593/840
f 1122/592/839 1121/574/838 1124/594/841
f 1125/595/842 1126/596/843 1127/597/819
f 1126/596/843 1125/595/842 1128/598/844
f 1129/599/842 1130/600/827 1131/601/826
f 1129/599/842 1131/601/826 1132/602/845
f 1133/603/846 1134/604/847 1135/605/848
f 1134/604/847 1133/603/846 1136/606/849
f 1137/607/850 1138/608/812 1139/609/839
f 1138/608/812 1137/607/850 1140/610/851
f 1141/611/852 1142/612/853 1143/613/842
f 1142/612/853 1141/611/852 1144/559/800
f 1144/559/800 1145/614/854 1142/612/853
f 1146/615/855 1147/616/856 1148/617/845
f 1146/615/855 1148/617/845 1149/618/857
f 1150/619/854 1151/620/858 1128/598/844
f 1126/596/843 1128/598/844 1151/620/858
f 1102/574/823 1096/568/351 1098/570/820
f 1098/570/820 1152/594/859 1102/574/823
f 1088/560/812 1153/611/860 1154/613/861
f 1153/611/860 1088/560/812 1087/559/801
f 1139/609/839 1155/595/861 1156/597/826
f 1155/595/861 1139/609/839 1138/608/812
f 1157/569/826 1123/593/840 1122/592/839
f 1123/593/840 1157/569/826 1158/571/862
f 1159/572/863 1123/593/840 1158/571/862
f 1123/593/840 1159/572/863 1160/573/840
f 1160/573/840 1121/574/838 1123/593/840
f 1121/574/838 1160/573/840 1161/575/864
f 1162/621/858 1163/622/848 1164/623/847
f 1164/623/847 1165/624/865 1162/621/858
f 1166/625/797 1167/626/866 1168/627/867
f 1089/561/799 1167/626/866 1166/625/797
f 1167/626/866 1089/561/799 1086/558/811
f 1169/628/868 1140/610/851 1137/607/850
f 1140/610/851 1169/628/868 1170/629/866
f 1170/629/866 1169/628/868 1171/630/849
f 1145/614/854 1172/561/796 1173/631/869
f 1174/625/798 1173/631/869 1172/561/796
f 1173/631/869 1174/625/798 1175/627/804
f 1176/628/870 1177/632/869 1178/630/846
f 1151/620/858 1177/632/869 1176/628/870
f 1177/632/869 1151/620/858 1150/619/854
f 1179/633/843 1162/621/858 1165/624/865
f 1165/624/865 1180/634/871 1179/633/843
f 1144/559/800 1172/561/796 1145/614/854
f 1181/585/872 1182/583/873 1082/554/807
f 1084/556/809 1183/635/874 1184/636/875
f 1183/635/874 1084/556/809 1083/555/808
f 1185/637/876 1085/557/810 1082/554/807
f 1085/557/810 1185/637/876 1186/638/877
f 1182/583/873 1187/639/817 1188/640/816
f 1187/639/817 1182/583/873 1189/581/837
f 1190/641/878 1191/642/824 1192/643/879
f 1191/642/824 1190/641/878 1193/644/351
f 1193/644/351 1190/641/878 1194/584/880
f 1194/584/880 1195/645/875 1193/644/351
f 1195/645/875 1194/584/880 1181/585/872
f 1109/581/830 1111/583/832 1196/639/881
f 1196/639/881 1111/583/832 1197/640/814
f 1198/642/864 1108/580/829 1199/643/882
f 1108/580/829 1198/642/864 1200/644/840
f 1108/580/829 1200/644/840 1112/584/833
f 1200/644/840 1201/645/883 1112/584/833
f 1112/584/833 1201/645/883 1114/585/808
f 1111/583/832 1113/554/834 1197/640/814
f 1197/640/814 1113/554/834 1202/637/877
f 1203/646/824 1204/647/884 1205/648/885
f 1204/647/884 1203/646/824 1206/649/864
f 1082/554/807 1188/640/816 1185/637/876
f 1188/640/816 1082/554/807 1182/583/873
f 1111/583/832 1112/584/833 1114/585/808
f 1181/585/872 1194/584/880 1182/583/873
f 1190/641/878 1182/583/873 1194/584/880
f 1182/583/873 1190/641/878 1189/581/837
f 1189/581/837 1190/641/878 1207/582/836
f 1208/650/886 1209/651/879 1210/652/887
f 1208/650/886 1210/652/887 1211/653/888
f 1212/654/889 1213/655/890 1214/656/836
f 1213/655/890 1212/654/889 1215/657/888
f 1216/658/866 1217/659/891 1218/660/892
f 1217/659/891 1216/658/866 1219/661/893
f 1220/662/894 1221/663/895 1222/664/869
f 1221/663/895 1220/662/894 1223/665/806
f 1224/666/896 1225/667/823 1226/668/838
f 1224/666/896 1226/668/838 1227/669/864
f 1228/670/875 1107/579/828 1104/576/825
f 1107/579/828 1228/670/875 1229/671/874
f 1230/672/897 1226/668/838 1225/667/823
f 1226/668/838 1230/672/897 1231/673/841
f 1232/674/859 1180/634/898 1233/675/841
f 1180/634/898 1232/674/859 1234/676/899
f 1235/677/900 1236/678/901 1237/679/902
f 1238/680/903 1237/679/902 1236/678/901
f 1239/174/904 1240/173/905 1241/176/906
f 1240/173/905 1242/177/907 1243/178/908
f 1242/177/907 1240/173/905 1244/175/909
f 1245/180/910 1246/179/911 1241/176/906
f 1241/176/906 1246/179/911 1239/174/904
f 1247/165/912 1248/166/913 1249/167/914
f 1250/171/915 1248/166/913 1251/168/916
f 1248/166/913 1250/171/915 1252/172/917
f 1253/681/374 1238/680/903 1236/678/901
f 1253/681/374 1236/678/901 1254/682/395
f 1255/683/918 1253/681/374 1254/682/395
f 1255/683/918 1254/682/395 1256/684/394
f 1257/244/919 1258/245/920 1259/247/921
f 1258/245/920 1257/244/919 1260/246/922
f 1257/244/919 1261/685/923 1260/246/922
f 1257/244/919 1262/686/353 1261/685/923
f 1262/686/353 1263/687/924 1261/685/923
f 1262/686/353 1264/688/925 1263/687/924
f 1265/689/925 1266/682/387 1267/690/390
f 1265/689/925 1268/681/354 1266/682/387
f 1268/681/354 1269/691/926 1266/682/387
f 1270/692/927 1266/682/387 1269/691/926
f 1271/693/928 1272/694/929 1273/695/400
f 1271/693/928 1273/695/400 1274/696/900
f 1275/697/359 1276/250/930 1277/251/931
f 1276/250/930 1275/697/359 1278/698/932
f 1275/697/359 1279/245/933 1278/698/932
f 1275/697/359 1280/247/348 1279/245/933
f 1281/688/934 1282/699/389 1283/687/935
f 1281/688/934 1284/700/363 1282/699/389
f 1284/700/363 1285/701/936 1282/699/389
f 1284/700/363 1286/702/937 1285/701/936
f 1287/703/369 1285/701/936 1286/702/937
f 1285/701/936 1287/703/369 1288/704/938
f 1289/705/929 1290/706/939 1291/707/391
f 1289/705/929 1291/707/391 1292/708/940
f 1293/680/348 1294/709/921 1295/710/941
f 1293/680/348 1295/710/941 1296/678/942
f 1297/711/943 1298/712/938 1299/713/369
f 1298/712/938 1297/711/943 1300/714/944
f 1301/715/368 1300/714/944 1297/711/943
f 1300/714/944 1301/715/368 1302/716/403
f 1303/251/365 1304/717/945 1305/718/394
f 1303/251/365 1305/718/394 1306/250/393
f 1307/719/946 1308/720/407 1309/721/947
f 1308/720/407 1307/719/946 1310/722/948
f 1240/173/905 1239/174/904 1244/175/909
f 1248/166/913 1247/165/912 1251/168/916
f 1311/170/949 1249/167/914 1312/169/950
f 1249/167/914 1311/170/949 1247/165/912
