# Blender v2.80 (sub 75) OBJ File: 'combined-scene.blend'
# www.blender.org
mtllib backpack01.mtl
o leather_piece_02_Mesh
v -0.283495 0.239187 0.086102
v -0.344339 0.303294 0.004105
v -0.194733 0.318274 0.081961
v -0.255535 0.382325 -0.000929
v -0.248904 0.270008 0.084488
v -0.310019 0.334477 0.008357
v -0.324477 0.282396 0.033273
v -0.294584 0.318735 0.048522
v -0.235690 0.361450 0.028621
v -0.304353 0.261205 0.061310
v -0.275735 0.298448 0.072669
v -0.215487 0.340153 0.054932
v -0.222654 0.293396 0.083264
v -0.251030 0.321546 0.070039
v -0.270549 0.342650 0.047072
v -0.283717 0.357794 0.005992
v -0.197895 0.321117 0.089841
v -0.202619 0.321472 0.088879
v -0.219570 0.343883 0.063877
v -0.222887 0.342812 0.064625
v -0.286455 0.246620 0.092675
v -0.286660 0.242034 0.093986
v -0.308191 0.264866 0.070336
v -0.306608 0.267987 0.070690
v -0.227282 0.297471 0.094286
v -0.230082 0.299448 0.093194
v -0.259365 0.385979 0.008120
v -0.260656 0.382680 0.011347
v -0.287020 0.359861 0.018168
v -0.287548 0.361492 0.015077
v -0.255394 0.276846 0.094331
v -0.253497 0.274113 0.095508
v -0.343855 0.307102 0.014854
v -0.347500 0.306135 0.011983
v -0.313178 0.337357 0.016264
v -0.311717 0.336511 0.019267
v -0.326003 0.288401 0.043521
v -0.328290 0.286032 0.042330
v -0.240439 0.365991 0.038752
v -0.243033 0.364152 0.040360
vt 0.190584 0.806297
vt 0.156199 0.804069
vt 0.156863 0.766837
vt 0.191090 0.769036
vt 0.115408 0.845639
vt 0.119007 0.842159
vt 0.155332 0.843006
vt 0.154475 0.846550
vt 0.116049 0.803412
vt 0.119687 0.802811
vt 0.117577 0.763097
vt 0.121063 0.763962
vt 0.234318 0.844333
vt 0.237739 0.847896
vt 0.190232 0.847325
vt 0.189817 0.843762
vt 0.234766 0.806677
vt 0.238257 0.807426
vt 0.235882 0.766755
vt 0.239405 0.766088
vt 0.117440 0.720894
vt 0.120898 0.724433
vt 0.156328 0.725313
vt 0.157137 0.728828
vt 0.192591 0.726381
vt 0.192033 0.729896
vt 0.237133 0.727045
vt 0.240692 0.723670
vt 0.105488 0.760512
vt 0.107041 0.717612
vt 0.249908 0.763482
vt 0.249563 0.720871
vt 0.240485 0.714400
vt 0.192324 0.717070
vt 0.237571 0.857214
vt 0.189444 0.860315
vt 0.152403 0.859405
vt 0.155695 0.714476
vt 0.248893 0.805732
vt 0.105288 0.801602
vt 0.247001 0.846581
vt 0.106309 0.843683
vt 0.113541 0.854810
vt 0.116440 0.710040
vn -0.4405 0.4491 0.7774
vn -0.3405 0.5292 0.7772
vn -0.4009 0.5828 0.7068
vn -0.5081 0.4976 0.7030
vn 0.8242 0.0428 0.5647
vn -0.2598 0.5596 0.7870
vn -0.3216 0.5009 0.8036
vn 0.4992 -0.5005 0.7074
vn 0.5728 0.7906 0.2165
vn -0.2725 0.5863 0.7629
vn 0.5614 0.8030 0.2002
vn -0.3213 0.6396 0.6983
vn -0.4399 0.3697 0.8184
vn -0.0125 -0.8267 0.5625
vn 0.4782 -0.5193 0.7083
vn -0.3961 0.4188 0.8172
vn -0.4920 0.4116 0.7672
vn -0.8193 -0.5338 0.2093
vn -0.5525 0.4621 0.6937
vn -0.8330 -0.5197 0.1895
vn 0.0830 0.9769 -0.1969
vn -0.3796 0.6841 0.6228
vn -0.6639 0.6974 -0.2700
vn -0.4583 0.6273 0.6297
vn -0.6534 0.7188 -0.2374
vn -0.5512 0.5366 0.6390
vn -0.5820 0.4982 0.6426
vn -0.9790 0.0418 -0.1994
vn 0.7115 0.7023 0.0212
vn 0.0998 0.9366 -0.3358
vn -0.7099 -0.7040 -0.0203
vn -0.9068 0.1219 -0.4035
vn -0.5817 0.6560 -0.4809
vn 0.0178 -0.9341 0.3566
vn 0.5952 -0.6416 0.4838
vn 0.5940 -0.6430 0.4834
vn -0.6221 0.6029 -0.4996
vn -0.7127 -0.7012 -0.0212
vn 0.7096 0.7041 0.0265
vn 0.9336 0.1203 0.3374
usemtl lambert1
s 1
f 11/1/1 14/2/2 15/3/3 8/4/4
f 17/5/5 18/6/6 26/7/7 25/8/8
f 18/6/6 17/5/5 19/9/9 20/10/10
f 20/10/10 19/9/9 39/11/11 40/12/12
f 21/13/13 22/14/14 32/15/15 31/16/16
f 22/14/14 21/13/13 24/17/17 23/18/18
f 23/18/18 24/17/17 37/19/19 38/20/20
f 25/8/8 26/7/7 31/16/16 32/15/15
f 27/21/21 28/22/22 40/12/12 39/11/11
f 28/22/22 27/21/21 30/23/23 29/24/24
f 29/24/24 30/23/23 35/25/25 36/26/26
f 33/27/27 34/28/28 38/20/20 37/19/19
f 34/28/28 33/27/27 36/26/26 35/25/25
f 39/11/11 9/29/29 4/30/30 27/21/21
f 37/19/19 8/4/4 36/26/26 33/27/27
f 7/31/31 38/20/20 34/28/28 2/32/32
f 2/33/32 34/28/28 35/25/25 6/34/33
f 22/14/14 1/35/34 5/36/35 32/15/15
f 32/15/15 5/36/35 13/37/36 25/8/8
f 8/4/4 15/3/3 29/24/24 36/26/26
f 6/34/33 35/25/25 30/23/23 16/38/37
f 10/39/38 23/18/18 38/20/20 7/31/31
f 24/17/17 11/1/1 8/4/4 37/19/19
f 19/9/9 12/40/39 9/29/29 39/11/11
f 22/14/14 23/18/18 10/39/38 1/41/34
f 31/16/16 11/1/1 24/17/17 21/13/13
f 26/7/7 14/2/2 11/1/1 31/16/16
f 3/42/40 12/40/39 19/9/9 17/5/5
f 25/8/8 13/37/36 3/43/40 17/5/5
f 18/6/6 20/10/10 14/2/2 26/7/7
f 15/3/3 14/2/2 20/10/10 40/12/12
f 29/24/24 15/3/3 40/12/12 28/22/22
f 16/38/37 30/23/23 27/21/21 4/44/30
o top_strap_Mesh.001
v 0.269494 0.348645 -0.173872
v 0.225911 0.348645 -0.181632
v 0.154905 0.460010 -0.239289
v 0.183319 0.488177 -0.225614
v -0.237426 0.325519 -0.186662
v -0.284519 0.353163 -0.179109
v -0.101966 0.482193 -0.275148
v -0.103001 0.513835 -0.245762
v 0.110352 0.492007 -0.266334
v 0.047479 0.508195 -0.272551
v 0.124164 0.511872 -0.232298
v 0.061832 0.528507 -0.238148
v -0.215920 0.389399 -0.225635
v -0.164026 0.444404 -0.255969
v -0.247050 0.418485 -0.217847
v -0.182199 0.472178 -0.239575
v -0.050073 0.526331 -0.243298
v 0.003943 0.531320 -0.240802
v -0.048164 0.503928 -0.278276
v 0.005668 0.511954 -0.276901
v 0.258916 0.388767 -0.191244
v 0.234182 0.433356 -0.208271
v 0.210977 0.389280 -0.201424
v 0.183141 0.432289 -0.223738
v 0.123384 0.515277 -0.236691
v 0.124151 0.514367 -0.233703
v 0.061811 0.531962 -0.239986
v 0.061028 0.532852 -0.242887
v 0.110337 0.494657 -0.267827
v 0.111021 0.497568 -0.267190
v 0.048142 0.514629 -0.273774
v 0.047456 0.511804 -0.274470
v 0.154894 0.460969 -0.242173
v 0.156438 0.463228 -0.243594
v 0.181892 0.488433 -0.231322
v 0.183319 0.489176 -0.228616
v -0.247524 0.418937 -0.220381
v -0.246319 0.417814 -0.222975
v -0.181860 0.472961 -0.244711
v -0.182613 0.473516 -0.241824
v -0.218494 0.391772 -0.229961
v -0.216442 0.389868 -0.228213
v -0.164457 0.445810 -0.258356
v -0.165828 0.448471 -0.259222
v -0.240525 0.326700 -0.191045
v -0.238177 0.325612 -0.189201
v -0.285209 0.353249 -0.181427
v -0.283948 0.352190 -0.184059
v -0.102004 0.484344 -0.277048
v -0.102085 0.487580 -0.276970
v -0.103008 0.515967 -0.250584
v -0.103034 0.515924 -0.247621
v -0.050056 0.529440 -0.244934
v -0.049944 0.530202 -0.247795
v 0.004005 0.535892 -0.245218
v 0.003924 0.534933 -0.242419
v -0.048213 0.510151 -0.279191
v -0.048134 0.507134 -0.279946
v 0.005680 0.515682 -0.278603
v 0.005585 0.518501 -0.277662
v 0.256814 0.388833 -0.198323
v 0.258914 0.388796 -0.195684
v 0.234339 0.433462 -0.212175
v 0.232292 0.433483 -0.215033
v 0.210967 0.389308 -0.205729
v 0.213270 0.389298 -0.207599
v 0.185901 0.432633 -0.228853
v 0.183350 0.432463 -0.227132
v 0.225911 0.348645 -0.185922
v 0.228162 0.348645 -0.187845
v 0.267423 0.348645 -0.180838
v 0.269508 0.348645 -0.178267
vt 0.698403 0.618995
vt 0.698497 0.661388
vt 0.674023 0.668572
vt 0.672762 0.628720
vt 0.694064 0.697044
vt 0.673410 0.702180
vt 0.684268 0.430817
vt 0.685397 0.474878
vt 0.664960 0.475182
vt 0.662551 0.431235
vt 0.661333 0.389279
vt 0.690207 0.390408
vt 0.691695 0.517771
vt 0.667786 0.525659
vt 0.671520 0.591014
vt 0.670333 0.557419
vt 0.695609 0.553516
vt 0.698106 0.589612
vt 0.674791 0.759985
vt 0.674208 0.736810
vt 0.693428 0.720132
vt 0.694524 0.748414
vt 0.696109 0.771971
vt 0.675935 0.780725
vt 0.670619 0.667385
vt 0.672400 0.668066
vt 0.672050 0.701684
vt 0.670696 0.701157
vt 0.668580 0.627748
vt 0.670389 0.628424
vt 0.667236 0.591123
vt 0.669025 0.591032
vt 0.647099 0.662728
vt 0.648863 0.662318
vt 0.652038 0.697307
vt 0.650396 0.697886
vt 0.643477 0.620853
vt 0.645443 0.620862
vt 0.642381 0.591638
vt 0.644308 0.591653
vt 0.653154 0.721400
vt 0.651592 0.721066
vt 0.672523 0.736408
vt 0.671202 0.735585
vt 0.661436 0.431751
vt 0.660069 0.432223
vt 0.658598 0.390245
vt 0.660144 0.389726
vt 0.663608 0.475647
vt 0.662034 0.476121
vt 0.666297 0.526204
vt 0.664619 0.526346
vt 0.640898 0.433280
vt 0.639227 0.432837
vt 0.630475 0.392802
vt 0.632117 0.393064
vt 0.644202 0.477486
vt 0.642540 0.477043
vt 0.642679 0.521300
vt 0.640972 0.520458
vt 0.644562 0.557176
vt 0.642683 0.556827
vt 0.668354 0.557827
vt 0.666653 0.557995
vt 0.671758 0.758629
vt 0.673009 0.759345
vt 0.673803 0.780041
vt 0.672248 0.779406
vt 0.651834 0.749222
vt 0.653312 0.749321
vt 0.653342 0.772945
vt 0.651859 0.772994
vt 0.645653 0.663781
vt 0.640868 0.621638
vt 0.649074 0.698969
vt 0.641142 0.476358
vt 0.637890 0.432362
vt 0.629123 0.392486
vt 0.639470 0.519679
vt 0.639678 0.591627
vt 0.640482 0.556364
vt 0.649858 0.750114
vt 0.649966 0.721769
vt 0.649912 0.773887
vn -0.1701 -0.8285 0.5335
vn -0.3447 -0.6570 0.6704
vn -0.3843 -0.5832 0.7157
vn -0.2045 -0.8120 0.5467
vn -0.4270 -0.2037 0.8810
vn -0.4101 -0.1410 0.9011
vn 0.4190 0.1819 0.8896
vn 0.4258 -0.2555 0.8680
vn 0.4264 -0.2377 0.8727
vn 0.4194 0.1752 0.8908
vn 0.4053 0.3282 0.8532
vn 0.3509 -0.5765 0.7379
vn 0.3287 -0.6136 0.7180
vn 0.0008 -0.8622 0.5066
vn 0.1614 -0.8049 0.5711
vn 0.1696 -0.7986 0.5775
vn 0.0029 -0.8621 0.5067
vn -0.2026 0.3298 0.9220
vn -0.2762 0.2064 0.9387
vn -0.3253 0.1011 0.9402
vn -0.2225 0.3018 0.9270
vn -0.1771 0.3647 0.9141
vn 0.3085 0.9460 0.0999
vn 0.3533 0.9355 0.0048
vn 0.4107 0.9022 -0.1316
vn 0.1215 0.9541 0.2736
vn 0.1693 0.9520 0.2550
vn -0.0355 0.9545 0.2961
vn -0.0349 0.9545 0.2962
vn 0.2333 -0.0418 -0.9715
vn 0.2189 0.0027 -0.9758
vn 0.2988 -0.2679 -0.9159
vn 0.1379 0.2204 -0.9656
vn 0.1397 0.2166 -0.9662
vn 0.0391 0.2735 -0.9611
vn 0.0406 0.2733 -0.9611
vn -0.2260 -0.6059 -0.7628
vn -0.3791 -0.6133 -0.6929
vn -0.3444 -0.6132 -0.7110
vn 0.7055 0.4972 -0.5051
vn 0.7597 0.3292 -0.5608
vn 0.7305 0.4309 -0.5299
vn -0.7941 0.3821 -0.4728
vn -0.7601 0.4571 -0.4619
vn -0.8511 0.2003 -0.4853
vn -0.5966 0.7409 -0.3085
vn -0.5660 0.7818 -0.2616
vn -0.4016 0.9149 -0.0410
vn -0.3989 0.9162 -0.0376
vn 0.1031 -0.5134 -0.8519
vn 0.1638 -0.5338 -0.8296
vn 0.2598 -0.5614 -0.7857
vn -0.0904 -0.3120 -0.9458
vn -0.0547 -0.3680 -0.9282
vn -0.1327 0.0044 -0.9911
vn -0.1528 -0.0796 -0.9850
vn -0.0540 0.2150 -0.9751
vn -0.0668 0.1919 -0.9791
vn -0.1874 0.9606 0.2054
vn -0.1840 0.9604 0.2091
vn 0.7868 0.1277 -0.6038
vn 0.7862 0.0351 -0.6169
vn 0.7777 -0.0663 -0.6251
vn -0.4984 -0.5715 -0.6519
vn -0.5020 -0.5678 -0.6523
vn -0.5473 -0.5199 -0.6559
vn 0.1192 0.5866 0.8011
vn 0.0091 0.4557 0.8901
vn 0.0164 0.4602 0.8876
vn 0.1646 0.6489 0.7428
vn 0.2129 0.8093 -0.5475
vn 0.3833 0.5858 -0.7141
vn 0.3521 0.6494 -0.6740
vn 0.1763 0.8267 -0.5343
vn 0.0071 -0.4606 -0.8876
vn -0.0687 -0.5418 -0.8377
vn -0.1166 -0.6328 -0.7655
vn -0.0044 -0.4653 -0.8851
vn 0.4021 0.1604 -0.9014
vn 0.4160 0.2126 -0.8842
vn -0.1897 -0.7580 -0.6241
vn 0.2536 0.7584 0.6004
vn -0.4162 -0.1725 -0.8928
vn -0.4228 0.2441 -0.8727
vn -0.4224 0.2576 -0.8690
vn -0.4157 -0.1809 -0.8913
vn -0.4031 0.7393 0.5394
vn -0.6100 0.7152 0.3410
vn -0.6712 0.6734 0.3098
vn -0.4379 0.7509 0.4944
vn 0.6659 -0.6573 -0.3530
vn 0.3670 -0.7448 -0.5574
vn 0.4605 -0.7460 -0.4811
vn 0.7603 -0.5681 -0.3149
vn -0.4031 -0.3254 -0.8554
vn 0.8549 -0.4478 -0.2618
vn -0.7686 0.5890 0.2497
vn -0.3309 0.6158 -0.7150
vn -0.3533 0.5761 -0.7371
vn 0.2088 -0.6179 -0.7580
vn 0.2301 -0.6702 -0.7056
vn -0.2771 0.6591 0.6992
vn -0.2517 0.6331 0.7319
vn -0.1692 0.8045 -0.5694
vn -0.0050 0.8624 -0.5062
vn -0.0068 0.8624 -0.5062
vn -0.1788 0.7971 -0.5768
vn -0.0488 0.4369 0.8982
vn -0.1214 0.4829 0.8672
vn -0.1290 0.4925 0.8607
vn -0.0487 0.4369 0.8982
vn 0.1234 -0.4779 -0.8697
vn 0.0720 -0.4388 -0.8957
vn 0.0721 -0.4388 -0.8957
vn 0.1381 -0.4958 -0.8574
vn 0.9111 0.4119 0.0166
vn 0.7764 0.6238 0.0898
vn 0.8044 0.5896 0.0723
vn 0.9338 0.3577 0.0115
vn 0.2734 -0.1924 -0.9425
vn 0.2025 -0.3256 -0.9236
vn 0.2216 -0.2942 -0.9297
vn 0.3190 -0.0866 -0.9438
vn -0.7489 -0.6555 -0.0969
vn -0.8752 -0.4833 -0.0235
vn -0.9043 -0.4267 -0.0137
vn -0.7893 -0.6101 -0.0690
vn 0.1777 -0.3650 -0.9139
vn -0.9386 -0.3450 -0.0000
vn 0.9667 0.2559 0.0022
vn -0.6524 -0.7419 -0.1546
vn 0.7097 0.6930 0.1270
usemtl lambert1
s 1
f 50/45/41 49/46/42 51/47/43 52/48/44
f 43/49/45 44/50/46 51/47/43 49/46/42
f 53/51/47 54/52/48 56/53/49 55/54/50
f 53/51/47 55/54/50 46/55/51 45/56/51
f 47/57/52 48/58/53 56/53/49 54/52/48
f 58/59/54 57/60/55 59/61/56 60/62/57
f 47/57/52 59/61/56 57/60/55 48/58/53
f 50/45/41 52/48/44 58/59/54 60/62/57
f 61/63/58 62/64/59 64/65/60 63/66/61
f 61/63/58 63/66/61 42/67/62 41/68/62
f 64/65/60 62/64/59 44/50/46 43/49/45
f 65/69/63 66/70/64 76/71/65 75/72/65
f 66/70/64 65/69/63 68/73/66 67/74/67
f 67/74/67 68/73/66 95/75/68 96/76/69
f 69/77/70 70/78/71 74/79/72 73/80/72
f 70/78/71 69/77/70 72/81/73 71/82/74
f 71/82/74 72/81/73 99/83/75 100/84/76
f 73/80/77 74/79/77 107/85/78 108/86/79
f 75/72/80 76/71/80 103/87/81 104/88/82
f 77/89/83 78/90/84 88/91/85 87/92/85
f 78/90/84 77/89/83 80/93/86 79/94/87
f 79/94/87 80/93/86 92/95/88 91/96/89
f 81/97/90 82/98/91 86/99/92 85/100/92
f 82/98/91 81/97/90 84/101/93 83/102/94
f 83/102/94 84/101/93 90/103/95 89/104/96
f 89/104/96 90/103/95 97/105/97 98/106/98
f 91/96/89 92/95/88 93/107/99 94/108/100
f 94/108/100 93/107/99 96/76/69 95/75/68
f 98/106/98 97/105/97 100/84/76 99/83/75
f 101/109/101 102/110/102 112/111/103 111/112/103
f 102/110/102 101/109/101 104/88/82 103/87/81
f 105/113/104 106/114/105 110/115/106 109/116/106
f 106/114/105 105/113/104 108/86/79 107/85/78
f 66/70/107 67/74/108 52/48/109 51/47/110
f 68/73/111 65/69/112 70/78/113 71/82/114
f 72/81/115 69/77/116 49/117/117 50/118/118
f 75/72/119 74/79/120 70/78/113 65/69/112
f 73/80/121 43/119/121 49/117/117 69/77/116
f 44/50/122 76/71/122 66/70/107 51/47/110
f 78/90/123 79/94/124 84/101/125 81/97/126
f 80/93/127 77/89/128 55/54/129 56/53/130
f 82/98/131 83/102/132 54/120/133 53/121/134
f 78/90/123 81/97/126 85/100/135 88/91/135
f 82/98/131 53/121/134 45/122/136 86/99/136
f 55/54/129 77/89/128 87/92/137 46/55/137
f 91/96/138 90/103/139 84/101/125 79/94/124
f 89/104/140 47/123/141 54/120/133 83/102/132
f 48/58/142 92/95/143 80/93/127 56/53/130
f 94/108/144 95/75/145 100/84/146 97/105/147
f 96/76/148 93/107/149 57/60/150 58/59/151
f 98/106/152 99/83/153 60/124/154 59/125/155
f 93/107/149 92/95/143 48/58/142 57/60/150
f 91/96/138 94/108/144 97/105/147 90/103/139
f 89/104/140 98/106/152 59/125/155 47/123/141
f 68/73/111 71/82/114 100/84/146 95/75/145
f 72/81/115 50/118/118 60/124/154 99/83/153
f 52/48/109 67/74/108 96/76/148 58/59/151
f 102/110/156 103/87/157 62/64/158 61/63/159
f 104/88/160 101/109/161 106/114/162 107/85/163
f 108/86/164 105/113/165 63/126/166 64/127/167
f 101/109/161 111/112/168 110/115/168 106/114/162
f 105/113/165 109/116/169 42/128/169 63/126/166
f 41/68/170 112/111/170 102/110/156 61/63/159
f 104/88/160 107/85/163 74/79/120 75/72/119
f 108/86/164 64/127/167 43/119/171 73/80/171
f 62/64/158 103/87/157 76/71/172 44/50/172
o front_flap_Mesh.002
v -0.189306 -0.024752 0.209699
v 0.119627 -0.029329 0.232258
v -0.201016 0.267925 0.121112
v 0.174314 0.270226 0.129512
v -0.354314 0.102873 0.080554
v -0.351924 0.216719 0.048843
v -0.324556 0.012369 0.110201
v 0.280257 0.012699 0.134284
v 0.308963 0.109085 0.095208
v 0.313752 0.213075 0.081814
v -0.196543 0.150217 0.164425
v 0.145601 0.161329 0.183103
v -0.191171 -0.026307 0.215843
v -0.192294 -0.008812 0.214400
v -0.203155 0.250915 0.131552
v -0.203234 0.262931 0.127758
v -0.347918 0.206908 0.070816
v -0.354804 0.216609 0.055228
v -0.346361 0.109397 0.102287
v -0.357038 0.104469 0.089911
v -0.326904 0.011646 0.116136
v -0.322148 0.023976 0.124532
v 0.120729 -0.030972 0.238383
v 0.124272 -0.011989 0.236471
v 0.172267 0.253694 0.144662
v 0.175909 0.264975 0.136023
v 0.280659 0.025481 0.159064
v 0.282176 0.011925 0.140192
v 0.308367 0.116013 0.114995
v 0.311306 0.109960 0.101158
v 0.316186 0.204620 0.094716
v 0.316373 0.208865 0.088385
v -0.192725 0.070527 0.192489
v 0.231783 0.154536 0.176196
v 0.285989 0.130292 0.141229
v 0.051385 -0.032718 0.234923
v 0.095751 0.272660 0.132893
v -0.277194 0.260080 0.088647
v -0.357933 0.148826 0.067929
v -0.237182 -0.018114 0.187178
v -0.343032 0.050622 0.093688
v 0.202224 -0.014978 0.221730
v 0.270006 0.260499 0.112770
v 0.256367 -0.006904 0.175913
v 0.302337 0.056047 0.114097
v 0.314321 0.144808 0.082078
v 0.302041 0.234882 0.090159
v -0.107660 0.271195 0.127914
v -0.107241 0.160983 0.177616
v -0.112894 -0.029988 0.224295
v -0.334320 0.239967 0.054559
v -0.337143 0.236941 0.061076
v -0.336733 0.227811 0.072885
v -0.321997 0.118555 0.117262
v -0.302953 0.012560 0.141801
v -0.301606 -0.005770 0.139224
v -0.299354 -0.004539 0.133221
v -0.240869 -0.004681 0.193024
v -0.239318 -0.019559 0.193285
v -0.114072 -0.031644 0.230436
v -0.113688 -0.012582 0.228890
v 0.051825 -0.034431 0.241045
v 0.054777 -0.014717 0.239426
v -0.279790 0.255659 0.095499
v -0.281351 0.236902 0.107751
v -0.110486 0.255117 0.138391
v -0.108991 0.265990 0.134522
v 0.093030 0.257894 0.147282
v 0.096456 0.267412 0.139411
v -0.360776 0.149930 0.074016
v -0.351065 0.153920 0.090380
v -0.345564 0.051225 0.101917
v -0.335192 0.054992 0.113838
v 0.203784 -0.016408 0.227544
v 0.207838 -0.000222 0.225859
v 0.258333 -0.008163 0.181921
v 0.262054 0.012781 0.182474
v 0.266973 0.242878 0.129418
v 0.272349 0.255411 0.118966
v 0.306710 0.215120 0.105874
v 0.304980 0.229693 0.096790
v 0.304440 0.056566 0.119957
v 0.296345 0.059908 0.137329
v 0.320495 0.143359 0.089332
v 0.316773 0.148437 0.101668
v 0.132996 0.072424 0.213005
v 0.073729 0.163683 0.187385
v 0.160382 0.216369 0.159393
v -0.258744 0.136423 0.150398
v -0.202767 0.210143 0.142058
v 0.062897 0.072145 0.216787
v 0.087672 0.229499 0.162983
v -0.268803 0.192327 0.129730
v -0.244444 0.067002 0.174703
v 0.217599 0.075810 0.204084
v 0.248584 0.201371 0.153877
v 0.274518 0.066466 0.164345
v 0.298765 0.167221 0.123132
v -0.110884 0.225645 0.153704
v -0.110119 0.071816 0.201050
v -0.329511 0.165319 0.102432
v -0.311552 0.058412 0.132026
v 0.004387 -0.034567 0.239446
v -0.057906 -0.033582 0.235558
v -0.010432 0.266584 0.140906
v 0.013232 0.267020 0.142091
v 0.004660 -0.032850 0.233330
v -0.057527 -0.031878 0.229404
v -0.010112 0.271811 0.134362
v 0.013162 0.272256 0.135556
v -0.056283 -0.012560 0.239862
v 0.006069 -0.013298 0.243650
v 0.013060 0.073692 0.221473
v -0.049031 0.074776 0.215817
v -0.011460 0.258898 0.148673
v 0.011887 0.260892 0.153587
v -0.031627 0.233452 0.164712
v 0.030796 0.234429 0.167552
v -0.041168 0.164555 0.189187
v 0.021225 0.165430 0.192354
v -0.049973 -0.361820 0.251231
v -0.018387 -0.362559 0.255019
v -0.018594 -0.361022 0.260688
v -0.050180 -0.360284 0.256899
v -0.058902 -0.080716 0.245640
v 0.003449 -0.081455 0.249429
v 0.003041 -0.079919 0.255097
v -0.059310 -0.079180 0.251309
v -0.064387 -0.330819 0.250467
v -0.064795 -0.329282 0.256136
v -0.002444 -0.330021 0.259924
v -0.002036 -0.331557 0.254255
v -0.061009 -0.199453 0.248914
v -0.061478 -0.199967 0.248400
v 0.001343 -0.200194 0.252703
v 0.001867 -0.200726 0.252252
v -0.061557 -0.224208 0.249382
v -0.061952 -0.223754 0.248910
v 0.000795 -0.224948 0.253171
v 0.001282 -0.224511 0.252752
v -0.061966 -0.222729 0.255051
v -0.062487 -0.222197 0.255511
v -0.061418 -0.197977 0.254585
v -0.061900 -0.198412 0.255010
v 0.000385 -0.223467 0.258840
v 0.000857 -0.222956 0.259360
v 0.000934 -0.198718 0.258373
v 0.001330 -0.199170 0.258850
v -0.065170 -0.199965 0.244160
v -0.065635 -0.200448 0.243649
v 0.006698 -0.201395 0.248045
v 0.006178 -0.200892 0.248498
v -0.066140 -0.223291 0.244080
v -0.065736 -0.223752 0.244565
v 0.005698 -0.224681 0.248906
v 0.006192 -0.224237 0.248476
v -0.067316 -0.221528 0.259718
v -0.066824 -0.222030 0.259289
v -0.066293 -0.198243 0.258836
v -0.066811 -0.198686 0.259286
v 0.005016 -0.222475 0.264114
v 0.004552 -0.222958 0.263603
v 0.005117 -0.199171 0.263198
v 0.005522 -0.199633 0.263683
v 0.007454 -0.014832 0.238011
v 0.014434 0.072048 0.215855
v -0.056860 -0.014070 0.234103
v -0.049575 0.073165 0.210024
v 0.012553 0.259109 0.147752
v -0.011976 0.257503 0.143049
v -0.032289 0.231108 0.159228
v 0.032127 0.232108 0.162152
v 0.022538 0.163436 0.186838
v -0.041794 0.162712 0.183515
vt 0.731317 0.148571
vt 0.748901 0.145908
vt 0.748484 0.151704
vt 0.731001 0.153557
vt 0.703695 0.154272
vt 0.704060 0.160515
vt 0.775018 0.150460
vt 0.775008 0.144117
vt 0.826616 0.153527
vt 0.825757 0.147551
vt 0.846508 0.148604
vt 0.847599 0.154289
vt 0.708705 0.243670
vt 0.739637 0.246984
vt 0.739513 0.251639
vt 0.707886 0.252223
vt 0.682754 0.243071
vt 0.680466 0.248540
vt 0.773972 0.252254
vt 0.773421 0.248091
vt 0.845234 0.247206
vt 0.843602 0.243342
vt 0.868621 0.239330
vt 0.870480 0.243553
vt 0.679105 0.210780
vt 0.677281 0.235055
vt 0.670580 0.240437
vt 0.671587 0.210142
vt 0.677713 0.192840
vt 0.683744 0.194709
vt 0.689440 0.175381
vt 0.683886 0.174052
vt 0.691796 0.160041
vt 0.695185 0.164442
vt 0.872412 0.157690
vt 0.871309 0.152964
vt 0.892309 0.162743
vt 0.891820 0.156574
vt 0.906420 0.161778
vt 0.901208 0.166798
vt 0.900611 0.238579
vt 0.897949 0.234063
vt 0.913773 0.232134
vt 0.912793 0.226814
vt 0.917832 0.224158
vt 0.919421 0.226213
vt 0.908485 0.178200
vt 0.907272 0.162728
vt 0.914428 0.177768
vt 0.919132 0.194824
vt 0.914492 0.196241
vt 0.917889 0.206720
vt 0.921880 0.205670
vt 0.919638 0.225690
vt 0.829555 0.181064
vt 0.851131 0.180575
vt 0.834417 0.211027
vt 0.856952 0.209110
vt 0.840654 0.233089
vt 0.863425 0.227273
vt 0.715272 0.225525
vt 0.690007 0.217109
vt 0.720623 0.203948
vt 0.694413 0.198354
vt 0.743452 0.208618
vt 0.740059 0.231530
vt 0.727850 0.178492
vt 0.699987 0.176490
vt 0.746650 0.179308
vt 0.876769 0.180683
vt 0.883279 0.205408
vt 0.897763 0.179202
vt 0.903414 0.199465
vt 0.890194 0.220441
vt 0.908862 0.211461
vt 0.825733 0.145621
vt 0.846631 0.146684
vt 0.870520 0.246245
vt 0.845393 0.249958
vt 0.739868 0.254814
vt 0.707734 0.255553
vt 0.679870 0.251603
vt 0.667599 0.241236
vt 0.668796 0.210052
vt 0.674160 0.191867
vt 0.702312 0.152563
vt 0.730283 0.146600
vt 0.748638 0.143730
vt 0.680979 0.173121
vt 0.689604 0.159410
vt 0.871907 0.151287
vt 0.893189 0.155323
vt 0.914634 0.234876
vt 0.900756 0.241155
vt 0.908119 0.160872
vt 0.909222 0.162515
vt 0.916318 0.177420
vt 0.921160 0.194532
vt 0.924734 0.206256
vt 0.921619 0.227326
vt 0.920751 0.228637
vt 0.774361 0.255317
vt 0.773445 0.236159
vt 0.775136 0.211911
vt 0.774896 0.180234
vt 0.774974 0.141958
vt 0.669991 0.243788
vt 0.671660 0.241309
vt 0.692000 0.159976
vt 0.690337 0.158466
vt 0.564976 0.293904
vt 0.528941 0.293857
vt 0.526557 0.241957
vt 0.562214 0.241209
vt 0.811299 0.147157
vt 0.793525 0.143844
vt 0.793643 0.141886
vt 0.811511 0.145269
vt 0.809179 0.250911
vt 0.817580 0.249863
vt 0.817888 0.252709
vt 0.809347 0.253898
vt 0.530136 0.133893
vt 0.542107 0.133614
vt 0.552388 0.149126
vt 0.520210 0.148564
vt 0.557877 0.188199
vt 0.523415 0.187721
vt 0.793850 0.150211
vt 0.812034 0.153468
vt 0.927591 0.810882
vt 0.951712 0.815986
vt 0.951102 0.820453
vt 0.927005 0.815397
vt 0.565988 0.332857
vt 0.529917 0.333013
vt 0.568635 0.293884
vt 0.569341 0.333431
vt 0.911446 0.835774
vt 0.907974 0.834016
vt 0.923920 0.811845
vt 0.952065 0.842166
vt 0.954978 0.841418
vt 0.956831 0.820133
vt 0.993203 0.838178
vt 0.979674 0.817437
vt 0.667488 0.267848
vt 0.667776 0.267451
vt 0.668470 0.270988
vt 0.668186 0.271147
vt 0.669405 0.368648
vt 0.668654 0.368195
vt 0.664580 0.305033
vt 0.665234 0.304637
vt 0.667550 0.297693
vt 0.667877 0.297855
vt 0.699826 0.362291
vt 0.699306 0.362804
vt 0.688212 0.303536
vt 0.688863 0.303753
vt 0.682016 0.267047
vt 0.682347 0.267325
vt 0.681444 0.270511
vt 0.681112 0.270378
vt 0.683937 0.297035
vt 0.684302 0.296844
vt 0.669587 0.264964
vt 0.669904 0.264674
vt 0.670405 0.269660
vt 0.670159 0.269791
vt 0.674323 0.371959
vt 0.673620 0.371625
vt 0.668269 0.302277
vt 0.668736 0.302019
vt 0.669992 0.298765
vt 0.670297 0.298847
vt 0.680003 0.264212
vt 0.680311 0.264471
vt 0.679319 0.269307
vt 0.679054 0.269206
vt 0.696166 0.367307
vt 0.695639 0.367835
vt 0.684175 0.301384
vt 0.684658 0.301572
vt 0.681531 0.298266
vt 0.681861 0.298144
vt 0.490289 0.334189
vt 0.526576 0.333693
vt 0.527220 0.402696
vt 0.490937 0.403195
vt 0.530537 0.401901
vt 0.566791 0.401679
vt 0.570124 0.402404
vt 0.907064 0.906353
vt 0.903320 0.905180
vt 0.948659 0.909340
vt 0.952530 0.908544
vt 0.993373 0.907911
vt 0.525287 0.294117
vt 0.522955 0.242096
vt 0.519924 0.187948
vt 0.565849 0.240964
vt 0.561371 0.187861
vt 0.517030 0.148213
vt 0.528682 0.131200
vt 0.543901 0.130754
vt 0.555534 0.148286
vt 0.808440 0.247673
vt 0.817008 0.246586
vt 0.818055 0.211911
vt 0.814384 0.181523
vt 0.822573 0.235589
vt 0.797746 0.212081
vt 0.801138 0.236998
vt 0.795542 0.180365
vn -0.5492 -0.3988 0.7344
vn -0.2725 -0.2894 0.9176
vn -0.2189 0.2359 0.9468
vn -0.4851 0.1344 0.8641
vn -0.6525 -0.4884 0.5794
vn -0.6078 0.0693 0.7911
vn -0.1271 0.2554 0.9584
vn -0.1520 -0.2627 0.9528
vn 0.0120 0.2227 0.9748
vn 0.0146 -0.2504 0.9680
vn 0.1084 -0.2772 0.9547
vn 0.0669 0.2256 0.9719
vn -0.4397 0.3486 0.8277
vn -0.2194 0.3439 0.9130
vn -0.2283 0.5646 0.7931
vn -0.4281 0.6348 0.6432
vn -0.5597 0.3745 0.7392
vn -0.6001 0.6589 0.4536
vn -0.0675 0.5414 0.8381
vn -0.0956 0.3924 0.9148
vn 0.0387 0.6845 0.7280
vn 0.0499 0.4840 0.8736
vn 0.1323 0.4458 0.8853
vn 0.1431 0.6625 0.7352
vn -0.7009 0.1975 0.6854
vn -0.7271 0.2810 0.6264
vn -0.9529 0.2677 0.1425
vn -0.9613 0.0889 0.2606
vn -0.9322 -0.0527 0.3582
vn -0.6585 0.0868 0.7476
vn -0.6592 0.0188 0.7517
vn -0.9129 -0.1850 0.3640
vn -0.8259 -0.4236 0.3720
vn -0.6871 -0.0477 0.7250
vn 0.2799 0.1851 0.9420
vn 0.3425 -0.2825 0.8961
vn 0.6596 0.0539 0.7497
vn 0.6907 -0.4464 0.5689
vn 0.8661 -0.4530 0.2114
vn 0.8449 -0.1114 0.5232
vn 0.4227 0.6104 0.6699
vn 0.3808 0.3651 0.8495
vn 0.7584 0.4638 0.4579
vn 0.6696 0.2009 0.7151
vn 0.8783 0.1025 0.4669
vn 0.9745 0.1537 -0.1632
vn 0.8479 -0.0167 0.5300
vn 0.9613 -0.2004 0.1891
vn 0.9828 -0.1403 0.1199
vn 0.8390 0.0283 0.5434
vn 0.8646 0.0286 0.5017
vn 0.9894 -0.0958 -0.1092
vn 0.0208 0.2807 0.9596
vn 0.0717 0.2840 0.9561
vn 0.0351 0.3232 0.9457
vn 0.0870 0.3311 0.9396
vn 0.0503 0.3817 0.9229
vn 0.1110 0.3783 0.9190
vn -0.3931 0.2791 0.8761
vn -0.5244 0.2447 0.8156
vn -0.4004 0.2357 0.8855
vn -0.5226 0.1629 0.8369
vn -0.2042 0.3026 0.9310
vn -0.2142 0.3204 0.9227
vn -0.4390 0.2049 0.8748
vn -0.5574 0.1264 0.8206
vn -0.2066 0.2793 0.9377
vn 0.2952 0.2484 0.9226
vn 0.3014 0.2876 0.9091
vn 0.6438 0.1378 0.7527
vn 0.6480 0.1459 0.7475
vn 0.3319 0.3126 0.8900
vn 0.6620 0.1436 0.7356
vn 0.0267 -0.9627 -0.2691
vn 0.0872 -0.9584 -0.2719
vn 0.1176 0.7877 0.6047
vn 0.0324 0.7811 0.6236
vn -0.1664 0.8197 0.5482
vn -0.3629 0.8432 0.3965
vn -0.5328 0.8241 0.1922
vn -0.9097 0.2224 -0.3507
vn -0.9243 -0.0945 -0.3697
vn -0.9360 -0.2203 -0.2744
vn -0.1644 -0.9538 -0.2516
vn -0.0207 -0.9730 -0.2301
vn -0.0189 -0.9676 -0.2516
vn -0.8995 -0.3491 -0.2626
vn -0.7027 -0.6469 -0.2961
vn 0.0521 -0.9680 -0.2454
vn 0.1556 -0.9581 -0.2405
vn 0.7557 0.6297 0.1801
vn 0.3407 0.7882 0.5125
vn 0.7009 -0.6525 -0.2880
vn 0.8798 -0.3617 -0.3085
vn 0.8588 -0.2920 -0.4208
vn 0.8415 -0.0809 -0.5341
vn 0.9121 0.2266 -0.3416
vn -0.0568 0.7921 0.6078
vn -0.1252 0.3661 0.9221
vn -0.1334 0.3073 0.9422
vn -0.1277 0.2868 0.9494
vn -0.0139 -0.9655 -0.2602
vn -0.0642 0.2218 0.9730
vn -0.0645 0.2239 0.9725
vn -0.0681 0.2805 0.9574
vn -0.0682 0.2792 0.9578
vn -0.0257 -0.6707 0.7413
vn -0.0907 -0.5736 0.8141
vn -0.0033 -0.9638 -0.2666
vn 0.0060 -0.9631 -0.2691
vn -0.0627 0.5607 0.8256
vn -0.0040 0.6719 0.7406
vn 0.0024 0.7804 0.6253
vn -0.0454 0.7845 0.6185
vn -0.0951 0.4999 0.8609
vn -0.0567 0.3653 0.9292
vn -0.0577 0.3689 0.9277
vn -0.0603 0.3161 0.9468
vn -0.0592 0.3190 0.9459
vn -0.1104 0.2595 0.9594
vn -0.0259 0.2180 0.9756
vn -0.0537 -0.9643 0.2594
vn -0.0596 0.0801 0.9950
vn -0.0595 0.0812 0.9949
vn -0.9988 0.0254 -0.0421
vn -0.9992 0.0388 0.0045
vn -0.9985 0.0231 -0.0499
vn -0.9968 -0.0602 -0.0523
vn -0.9928 -0.1146 -0.0353
vn -0.9043 -0.4218 0.0653
vn -0.0631 0.0137 0.9979
vn -0.0632 0.0138 0.9979
vn -0.0800 0.0265 0.9964
vn 0.9810 -0.1604 0.1092
vn 0.9885 -0.1144 0.0989
vn 0.8744 -0.4542 0.1705
vn 0.0632 -0.0139 -0.9979
vn 0.0631 -0.0138 -0.9979
vn 0.0799 -0.0270 -0.9964
vn -0.6785 0.7012 -0.2189
vn 0.0526 0.6791 -0.7321
vn 0.7265 0.6780 -0.1116
vn 0.0344 -0.7083 -0.7051
vn -0.7291 -0.6754 0.1110
vn 0.6736 -0.7055 0.2202
vn -0.0523 -0.6855 0.7262
vn -0.0339 0.7145 0.6989
vn -0.6757 0.7248 -0.1346
vn 0.0524 0.6995 -0.7127
vn 0.7221 0.6913 -0.0261
vn -0.7321 -0.6808 0.0235
vn 0.0333 -0.7122 -0.7012
vn 0.6832 -0.7176 0.1348
vn -0.0527 -0.6903 0.7216
vn -0.0328 0.7207 0.6925
vn 0.0604 -0.0202 -0.9980
vn -0.9968 0.0206 -0.0773
vn -0.0604 0.0202 0.9980
vn 0.9968 -0.0206 0.0773
vn 0.0603 -0.0286 -0.9978
vn 0.9944 -0.0184 0.1043
vn 0.9934 -0.0192 0.1128
vn 0.9970 -0.0156 0.0759
vn -0.0603 0.0286 0.9978
vn -0.9988 0.0254 -0.0420
vn -0.9970 0.0156 -0.0759
vn -0.9966 0.0257 -0.0786
vn -0.0605 0.0118 0.9981
vn 0.9966 -0.0257 0.0786
vn 0.0605 -0.0118 -0.9981
vn 0.0158 0.9992 -0.0376
vn 0.0162 0.9992 -0.0376
vn 0.0162 0.9992 -0.0379
vn 0.0158 0.9992 -0.0378
vn -0.0157 -0.9992 0.0372
vn -0.0161 -0.9992 0.0372
vn -0.0161 -0.9992 0.0375
vn -0.0157 -0.9992 0.0374
vn -0.0161 -0.9992 0.0376
vn -0.0162 -0.9992 0.0378
vn 0.0157 0.9992 -0.0371
vn 0.0158 0.9992 -0.0374
vn -0.0157 -0.9992 0.0376
vn -0.0158 -0.9992 0.0379
vn 0.0161 0.9992 -0.0371
vn 0.0162 0.9992 -0.0374
vn 0.9779 -0.0196 0.2079
vn 0.9775 -0.0194 0.2098
vn 0.9780 -0.0196 0.2079
vn 0.9706 -0.0134 0.2401
vn 0.9706 -0.0135 0.2402
vn 0.9695 -0.0253 0.2439
vn 0.9695 -0.0252 0.2439
vn -0.9921 0.1043 0.0690
vn -0.9924 0.1017 0.0690
vn -0.9897 0.1285 0.0630
vn -0.9897 0.1289 0.0629
vn 0.8247 0.5624 -0.0588
vn -0.0187 0.9634 -0.2674
vn -0.8146 0.5704 -0.1057
vn -0.9545 0.2983 0.0027
vn -0.9540 0.2997 0.0024
vn 0.9668 -0.0441 0.2516
vn -0.0708 0.4295 0.9003
vn 0.0007 0.5234 0.8521
vn -0.0108 0.3213 0.9469
vn -0.0197 0.2787 0.9602
vn 0.0021 0.4024 0.9155
vn -0.1054 0.3083 0.9454
vn -0.0826 0.4219 0.9029
vn -0.1171 0.2832 0.9519
usemtl lambert1
s 1
f 171/129/173 125/130/174 126/131/175 170/132/176
f 168/133/177 171/129/173 170/132/176 167/134/178
f 173/135/179 126/131/175 125/130/174 172/136/180
f 175/137/181 174/138/182 135/139/183 136/140/184
f 177/141/185 127/142/186 128/143/187 176/144/188
f 165/145/189 177/141/185 176/144/188 164/146/190
f 179/147/191 128/143/187 127/142/186 178/148/192
f 181/149/193 180/150/194 137/151/195 138/152/196
f 183/153/197 129/154/198 130/155/199 182/156/200
f 183/153/197 182/156/200 132/157/201 131/158/202
f 185/159/203 131/158/202 132/157/201 184/160/204
f 185/159/203 184/160/204 133/161/205 134/162/206
f 187/163/207 136/140/184 135/139/183 186/164/208
f 189/165/209 187/163/207 186/164/208 188/166/210
f 189/165/209 188/166/210 140/167/211 139/168/212
f 191/169/213 138/152/196 137/151/195 190/170/214
f 193/171/215 191/169/213 190/170/214 192/172/216
f 193/171/215 192/172/216 143/173/217 144/174/218
f 195/175/219 139/168/212 140/176/211 194/177/220
f 195/175/219 194/177/220 142/178/221 141/179/222
f 197/180/223 141/179/222 142/178/221 196/181/224
f 197/180/223 196/181/224 144/182/218 143/173/217
f 203/183/225 175/137/181 136/140/184 198/184/226
f 199/185/227 203/183/225 198/184/226 124/186/228
f 204/187/229 199/185/227 124/186/228 200/188/230
f 180/150/194 204/187/229 200/188/230 137/151/195
f 205/189/231 177/141/185 165/145/189 213/190/232
f 201/191/233 205/189/231 213/190/232 166/192/234
f 205/189/231 201/191/233 123/193/235 202/194/236
f 177/141/185 205/189/231 202/194/236 127/142/186
f 206/195/237 201/191/233 166/192/234 214/196/238
f 170/132/176 206/195/237 214/196/238 167/134/178
f 206/195/237 170/132/176 126/131/175 145/197/239
f 201/191/233 206/195/237 145/197/239 123/193/235
f 124/186/228 198/184/226 207/198/240 146/199/241
f 198/184/226 136/140/184 187/163/207 207/198/240
f 207/198/240 187/163/207 189/165/209 209/200/242
f 146/199/241 207/198/240 209/200/242 147/201/243
f 137/151/195 200/188/230 208/202/244 190/170/214
f 200/188/230 124/186/228 146/199/241 208/202/244
f 208/202/244 146/199/241 147/201/243 210/203/245
f 192/172/216 190/170/214 208/202/244 210/203/245
f 209/200/242 189/165/209 139/168/212 195/175/219
f 147/201/243 209/200/242 195/175/219 141/179/222
f 210/203/245 147/201/243 141/179/222 197/180/223
f 192/172/216 210/203/245 197/180/223 143/173/217
f 174/138/182 148/204/246 114/205/247 135/139/183
f 116/206/248 149/207/249 181/149/193 138/152/196
f 115/208/250 150/209/251 176/144/188 128/143/187
f 176/144/188 150/209/251 163/210/252 164/146/190
f 118/211/253 151/212/254 182/156/200 130/155/199
f 151/212/254 117/213/255 132/157/201 182/156/200
f 169/214/256 152/215/257 171/129/173 168/133/177
f 171/129/173 152/215/257 113/216/258 125/130/174
f 132/157/201 117/213/255 153/217/259 184/160/204
f 153/217/259 119/218/260 133/161/205 184/160/204
f 135/139/183 114/205/247 154/219/261 186/164/208
f 188/166/210 186/164/208 154/219/261 156/220/262
f 159/221/263 155/222/264 191/169/213 193/171/215
f 155/222/264 116/206/248 138/152/196 191/169/213
f 156/220/262 120/223/265 140/167/211 188/166/210
f 140/176/211 120/224/265 157/225/266 194/177/220
f 157/225/266 121/226/267 142/178/221 194/177/220
f 142/178/221 121/226/267 158/227/268 196/181/224
f 158/227/268 122/228/269 144/182/218 196/181/224
f 144/174/218 122/229/269 159/221/263 193/171/215
f 179/147/191 160/230/270 115/208/250 128/143/187
f 127/142/186 202/194/236 211/231/271 178/148/192
f 202/194/236 123/193/235 161/232/272 211/231/271
f 123/193/235 145/197/239 212/233/273 161/232/272
f 145/197/239 126/131/175 173/135/179 212/233/273
f 125/130/174 113/216/258 162/234/274 172/136/180
f 164/146/190 163/210/252 118/235/253 130/236/199
f 165/145/189 164/146/190 130/236/199 129/154/198
f 131/158/202 166/192/234 213/190/232 183/153/197
f 183/153/197 213/190/232 165/145/189 129/154/198
f 134/162/206 167/134/178 214/196/238 185/159/203
f 185/159/203 214/196/238 166/192/234 131/158/202
f 168/133/177 167/134/178 134/162/206 133/237/205
f 133/237/205 119/238/260 169/214/256 168/133/177
f 223/239/275 224/240/276 225/241/277 226/242/278
f 215/243/279 216/244/280 220/245/281 219/246/282
f 217/247/283 218/248/284 222/249/285 221/250/286
f 228/251/287 227/252/287 229/253/288 230/254/289
f 231/255/290 232/256/291 230/254/289 229/253/288
f 232/256/291 231/255/290 226/242/278 225/241/277
f 173/135/179 172/136/180 216/244/280 279/257/292
f 175/137/181 277/258/293 215/243/279 174/138/182
f 174/138/182 215/243/279 219/246/282 148/204/246
f 149/207/249 222/249/285 218/248/284 181/149/193
f 179/147/191 217/247/283 221/250/286 160/230/270
f 162/234/274 220/245/281 216/244/280 172/136/180
f 233/259/294 234/260/294 235/261/294 236/262/294
f 224/240/276 223/239/275 240/263/295 239/264/296
f 240/263/297 223/239/298 279/265/298 237/266/299
f 242/267/300 241/268/301 233/269/302 236/262/302
f 243/270/303 242/267/304 236/262/305 235/261/305
f 244/271/306 243/270/307 235/261/308 234/272/308
f 241/273/309 244/271/310 234/272/311 233/274/311
f 245/275/312 246/276/312 256/277/312 255/278/312
f 246/279/313 245/280/313 247/281/313 248/282/313
f 248/282/314 247/281/314 259/283/314 260/284/314
f 249/285/315 250/286/315 252/287/315 251/288/315
f 250/289/316 249/290/316 253/291/316 254/292/316
f 251/288/317 252/287/317 258/293/317 257/294/317
f 254/292/318 253/291/318 257/294/318 258/293/318
f 255/278/319 256/277/319 260/284/319 259/283/319
f 261/295/320 262/296/320 272/297/320 271/298/320
f 262/299/321 261/300/321 264/301/321 263/302/321
f 263/302/322 264/301/322 275/303/322 276/304/322
f 265/305/323 266/306/323 270/307/323 269/308/323
f 266/309/324 265/310/324 268/311/324 267/312/324
f 267/312/325 268/311/325 273/313/325 274/314/325
f 269/308/326 270/307/326 274/314/326 273/313/326
f 271/298/327 272/297/327 276/304/327 275/303/327
f 265/310/328 262/299/328 263/302/328 268/311/328
f 262/296/329 265/305/329 269/308/329 272/297/329
f 272/297/330 269/308/330 273/313/330 276/304/330
f 276/304/331 273/313/331 268/311/331 263/302/331
f 237/315/332 238/316/332 247/317/332 245/318/332
f 238/316/333 239/264/334 259/319/335 247/317/335
f 239/264/296 240/263/295 255/320/336 259/319/336
f 240/263/337 237/266/299 245/321/338 255/320/338
f 253/322/339 249/323/339 241/268/301 242/267/300
f 257/324/340 253/322/340 242/267/304 243/270/303
f 251/325/341 257/324/341 243/270/307 244/271/306
f 249/326/342 251/325/342 244/271/310 241/273/309
f 246/279/343 248/282/344 264/301/345 261/300/346
f 252/287/347 250/286/348 266/309/349 267/312/350
f 250/289/348 254/292/351 270/307/352 266/306/349
f 256/277/353 246/276/343 261/295/346 271/298/354
f 254/292/351 258/293/355 274/314/356 270/307/352
f 260/284/357 256/277/353 271/298/354 275/303/358
f 258/293/355 252/287/347 267/312/350 274/314/356
f 248/282/344 260/284/357 275/303/358 264/301/345
f 239/264/334 238/316/333 277/327/359 224/240/360
f 277/327/361 278/328/362 225/241/363 224/240/360
f 278/328/362 285/329/364 232/256/365 225/241/363
f 280/330/366 279/265/367 223/239/367 226/242/366
f 286/331/368 280/330/366 226/242/366 231/255/369
f 284/332/370 281/333/370 228/251/370 230/254/370
f 281/333/371 282/334/371 227/252/371 228/251/371
f 282/334/372 283/335/373 229/253/374 227/252/372
f 283/335/373 286/331/368 231/255/369 229/253/374
f 285/329/364 284/332/375 230/254/375 232/256/365
f 218/248/284 217/247/283 282/336/376 281/337/377
f 179/147/191 178/148/192 282/336/376 217/247/283
f 181/149/193 218/248/284 281/337/377 180/150/194
f 285/338/378 278/339/379 203/183/225 199/185/227
f 278/339/379 277/258/293 175/137/181 203/183/225
f 281/337/377 284/340/380 204/187/229 180/150/194
f 284/340/380 285/338/378 199/185/227 204/187/229
f 211/231/271 161/232/272 286/341/381 283/342/382
f 178/148/192 211/231/271 283/342/382 282/336/376
f 212/233/273 173/135/179 279/257/292 280/343/383
f 161/232/272 212/233/273 280/343/383 286/341/381
o bag_Mesh.003
v -0.200781 -0.535710 -0.228632
v -0.215085 -0.385261 -0.274724
v -0.219354 -0.239595 -0.276492
v -0.213504 -0.067941 -0.266157
v -0.223023 0.170615 -0.234059
v -0.207631 0.272612 -0.206443
v -0.267268 0.544177 -0.135611
v -0.267268 0.587933 -0.098498
v -0.267268 0.573671 -0.015321
v -0.267268 0.503595 0.010619
v -0.229288 0.379662 0.029314
v -0.213504 -0.068282 0.212201
v -0.219354 -0.245850 0.218413
v -0.215085 -0.372326 0.203720
v 0.188618 0.277011 -0.206443
v 0.151961 0.166949 -0.234059
v 0.159016 -0.066335 -0.266157
v 0.161189 -0.243687 -0.276492
v 0.156117 -0.393194 -0.274724
v 0.151664 -0.536047 -0.228632
v 0.156117 -0.380260 0.227095
v 0.161189 -0.249942 0.241881
v 0.159016 -0.066676 0.240225
v 0.188612 0.392985 0.055752
v 0.231628 0.524784 0.010619
v 0.231628 0.594861 -0.015321
v 0.231628 0.609123 -0.098498
v 0.231628 0.565366 -0.135612
v 0.300926 0.278408 -0.206443
v 0.271027 0.165785 -0.234059
v 0.239971 -0.055796 -0.266157
v 0.300728 -0.256984 -0.245650
v 0.292357 -0.410378 -0.247428
v 0.281081 -0.510455 -0.228632
v 0.281081 -0.514831 0.187769
v 0.292357 -0.397444 0.188130
v 0.294018 -0.263239 0.204296
v 0.239971 -0.056137 0.212558
v 0.314430 0.367678 0.029075
v 0.385002 0.517991 0.010619
v 0.385002 0.588067 -0.015321
v 0.385002 0.602329 -0.098498
v 0.385002 0.558573 -0.135612
v -0.245982 0.442320 -0.027930
v -0.220828 0.459273 -0.113914
v 0.360177 0.482604 -0.159966
v -0.219405 0.470239 -0.160936
v 0.194342 0.479593 -0.114047
v 0.214237 0.463106 -0.027756
v 0.192482 0.489172 -0.160444
v 0.329285 0.469239 -0.102169
v 0.355073 0.456833 -0.027980
v -0.225488 0.414609 -0.024959
v 0.204925 0.431503 -0.000591
v 0.323319 0.426288 -0.025182
v 0.342840 0.431877 -0.161625
v 0.192211 0.425510 -0.161911
v -0.215775 0.411582 -0.162205
v -0.006548 -0.542591 -0.228632
v -0.004460 -0.388701 -0.282783
v -0.006300 -0.237774 -0.276492
v -0.000364 -0.077473 -0.266157
v 0.007115 0.168591 -0.234059
v 0.011089 0.275040 -0.206443
v 0.009424 0.419270 -0.162043
v -0.004107 0.478980 -0.160664
v 0.008111 0.555873 -0.135612
v 0.008111 0.599629 -0.098498
v 0.008111 0.585368 -0.015321
v 0.008111 0.515291 0.010619
v 0.008048 0.453794 -0.027834
v 0.008336 0.470489 -0.113987
v 0.022325 0.433296 -0.000555
v 0.011089 0.391014 0.055992
v -0.006548 -0.546967 0.201283
v -0.305186 -0.536770 -0.228632
v -0.337387 -0.380630 -0.247428
v -0.320698 -0.236390 -0.245650
v -0.297097 -0.062076 -0.266157
v -0.303035 0.166017 -0.234059
v -0.303867 0.271543 -0.206443
v -0.313406 0.408808 -0.169757
v -0.350228 0.452557 -0.164470
v -0.386502 0.520047 -0.145350
v -0.386502 0.563804 -0.098498
v -0.386502 0.549542 -0.015321
v -0.386502 0.479465 0.010619
v -0.355972 0.439609 -0.033452
v -0.319605 0.449285 -0.113644
v -0.300975 0.410573 -0.048918
v -0.300684 0.351873 0.012550
v -0.297097 -0.062417 0.141700
v -0.313988 -0.242645 0.170606
v -0.337387 -0.367696 0.155515
v -0.305186 -0.541146 0.134346
v -0.386502 0.572318 -0.059273
v -0.267268 0.596448 -0.059274
v 0.008111 0.608144 -0.059274
v 0.231628 0.617637 -0.059274
v 0.385002 0.610844 -0.059274
v 0.423614 0.442101 -0.111198
v 0.428970 0.414466 -0.118493
v 0.425942 0.280952 -0.121189
v 0.399372 0.134885 -0.099011
v 0.363999 -0.055817 -0.074724
v 0.423484 -0.263338 -0.056323
v 0.425131 -0.407622 -0.074815
v 0.412633 -0.509055 -0.058666
v 0.193295 -0.617506 -0.020356
v 0.105811 -0.617506 -0.020356
v -0.017629 -0.617506 -0.020356
v -0.169711 -0.617506 -0.020356
v -0.236626 -0.617506 -0.051254
v -0.431347 -0.542628 -0.058666
v -0.446710 -0.369669 -0.047025
v -0.444523 -0.237063 -0.056323
v -0.418625 -0.057276 -0.074724
v -0.441229 0.125837 -0.081134
v -0.422274 0.282345 -0.102798
v -0.397359 0.406827 -0.118665
v -0.417068 0.427471 -0.128780
v 0.441412 0.439993 -0.136461
v 0.340575 0.448620 -0.065708
v 0.205787 0.454906 -0.065476
v 0.008171 0.445682 -0.065496
v -0.235299 0.434317 -0.065520
v -0.340526 0.432005 -0.070861
v 0.153161 -0.013922 0.230018
v -0.200220 -0.013486 0.201875
v -0.244464 0.029044 0.182924
v -0.295788 0.041051 0.127977
v -0.322945 0.093163 0.108657
v -0.322563 0.212963 0.080712
v -0.280516 0.247471 0.103129
v -0.204526 0.252224 0.128204
v 0.008712 0.255622 0.145965
v 0.160963 0.257291 0.137235
v 0.268866 0.248906 0.120564
v 0.299618 0.193945 0.106280
v 0.290138 0.104445 0.131739
v 0.253443 0.018135 0.162654
v 0.204830 -0.003404 0.213627
v -0.214726 -0.623296 0.044116
v -0.254473 -0.598232 0.089692
v -0.261279 -0.581536 -0.214676
v -0.214366 -0.610507 -0.166529
v -0.350088 -0.594950 -0.079545
v 0.312331 -0.591877 -0.079834
v -0.150658 -0.623482 0.103008
v -0.181209 -0.597359 0.154118
v -0.016177 -0.623719 0.104974
v -0.013784 -0.595854 0.154128
v -0.188089 -0.578785 -0.215549
v -0.153072 -0.610172 -0.168292
v -0.012559 -0.574763 -0.216259
v -0.016162 -0.610039 -0.170974
v 0.126602 -0.577128 -0.214669
v 0.094915 -0.610171 -0.168311
v 0.220257 -0.579125 -0.213608
v 0.173901 -0.610262 -0.166460
v 0.120539 -0.596209 0.152686
v 0.094959 -0.623649 0.103556
v 0.216247 -0.595204 0.152893
v 0.174376 -0.623448 0.099495
v -0.487839 0.521788 -0.023523
v -0.487839 0.541606 -0.060630
v 0.502436 0.534088 -0.023997
v 0.502435 0.552994 -0.060475
v -0.487839 0.534389 -0.094280
v -0.487839 0.500796 -0.140120
v 0.502436 0.545752 -0.093840
v 0.487980 0.511140 -0.122422
v 0.393116 0.279563 -0.181860
v 0.357396 0.136081 -0.188318
v -0.389358 0.277827 -0.165615
v -0.394692 0.155009 -0.206228
v -0.373683 -0.057425 0.086607
v -0.404398 0.113780 0.039503
v 0.324076 -0.055965 0.086665
v 0.356673 0.133861 0.006180
v 0.324554 -0.055642 -0.210684
v 0.383635 -0.260102 -0.193786
v -0.374120 -0.057102 -0.210911
v -0.396777 -0.233825 -0.187372
v -0.423004 -0.364016 0.092511
v -0.396644 -0.239714 0.088930
v 0.384823 -0.401962 0.092732
v 0.383277 -0.266080 0.105502
v 0.385300 -0.414285 -0.160907
v 0.368336 -0.506834 -0.164076
v -0.423363 -0.376344 -0.177114
v -0.385965 -0.540409 -0.163998
v 0.486170 0.483661 -0.016164
v -0.487839 0.465616 0.000086
v 0.405726 0.282116 -0.057529
v -0.384357 0.280395 -0.009019
v -0.385038 -0.544533 0.077502
v 0.367392 -0.510963 0.077722
v -0.449453 0.434749 -0.046044
v -0.429960 0.437768 -0.095188
v -0.449453 0.461396 -0.155765
v -0.416106 0.429062 -0.145899
v 0.448616 0.444853 -0.085586
v 0.447185 0.462504 -0.155544
v 0.458729 0.476339 -0.148414
v 0.464050 0.452346 -0.047725
v 0.427020 0.415827 -0.156594
v 0.415377 0.413282 -0.078101
v -0.371227 0.407083 -0.082263
v -0.396617 0.406540 -0.149043
v -0.368565 0.438784 -0.124595
v -0.254104 -0.621067 0.007439
v -0.310883 -0.601736 0.024407
v -0.283105 -0.616200 -0.070452
v -0.260119 -0.609790 -0.157067
v -0.324716 -0.584201 -0.192667
v 0.285753 -0.581570 -0.195119
v 0.222783 -0.609227 -0.158039
v 0.245538 -0.615111 -0.068237
v 0.275936 -0.599481 0.023352
v 0.220172 -0.619384 0.009889
v -0.006831 -0.244994 0.251093
v -0.005550 -0.377775 0.239999
v 0.147674 -0.378505 0.236275
v 0.152492 -0.252690 0.249473
v -0.008182 -0.538293 0.211296
v -0.001003 -0.076919 0.249179
v 0.152023 -0.075471 0.248595
v 0.001394 -0.021784 0.234515
v -0.207151 -0.077261 0.221671
v -0.212833 -0.249138 0.227110
v -0.207537 -0.371114 0.214164
v 0.128519 -0.541380 0.201283
v 0.152336 -0.516258 0.203762
v 0.144056 -0.508129 0.213725
v 0.120202 -0.533214 0.211273
v -0.202829 -0.516066 0.187821
v -0.178460 -0.540877 0.189322
v -0.171857 -0.531685 0.199877
v -0.196138 -0.506777 0.198361
v 0.502436 0.540916 -0.060101
v 0.491873 0.508988 -0.108819
v 0.502436 0.530762 -0.093304
v 0.470811 0.480913 -0.112653
v 0.489303 0.486391 -0.024634
v 0.502436 0.525939 -0.031204
v 0.473843 0.462770 -0.052615
v 0.456590 0.456012 -0.114845
v 0.448433 0.457512 -0.143242
v 0.458255 0.459484 -0.095147
v -0.485664 0.491376 -0.124215
v -0.487839 0.523393 -0.058513
v -0.487839 0.518529 -0.087162
v -0.449454 0.459881 -0.139581
v -0.456094 0.446497 -0.053285
v -0.491638 0.470490 -0.020403
v -0.487839 0.509636 -0.036856
v -0.440281 0.447782 -0.085100
v -0.400105 0.490761 -0.107368
v -0.401446 0.493388 -0.077783
v -0.401384 0.507948 -0.063849
v -0.401395 0.505288 -0.083529
v -0.378424 0.470798 -0.113598
v -0.386923 0.478137 -0.075112
v -0.382730 0.462732 -0.061136
v -0.403666 0.476467 -0.040395
v -0.401404 0.497412 -0.048833
v -0.372926 0.463458 -0.081904
v -0.370262 0.459029 -0.100265
v -0.365426 0.462196 -0.116799
v -0.364340 0.454176 -0.116443
v -0.364340 0.452258 -0.094511
v -0.371654 0.468873 -0.091879
v -0.373658 0.469395 -0.102756
v -0.379413 0.473446 -0.103422
v -0.400538 0.492962 -0.093986
v -0.401420 0.498085 -0.066831
v -0.402546 0.479734 -0.058798
v -0.386699 0.468632 -0.072721
v -0.401204 0.500072 -0.080897
v -0.379986 0.476242 -0.095680
v -0.400881 0.489816 -0.086436
v -0.401743 0.489935 -0.065213
v -0.433179 0.451584 -0.111014
v -0.435395 0.456894 -0.101793
v -0.438164 0.458866 -0.116068
v -0.446261 0.464287 -0.116858
v -0.443464 0.464021 -0.105557
v -0.447173 0.466852 -0.105384
v -0.482710 0.495880 -0.104084
v -0.483257 0.490871 -0.092062
v -0.484146 0.506473 -0.057873
v -0.484772 0.491213 -0.058449
v -0.485851 0.480709 -0.045574
v -0.459105 0.471064 -0.075343
v -0.458749 0.460792 -0.072354
v -0.483805 0.510607 -0.083009
v -0.484191 0.499962 -0.078050
v -0.484941 0.498494 -0.046228
v -0.402173 0.490280 -0.056086
v 0.460651 0.468581 -0.117609
v 0.458165 0.475485 -0.076696
v 0.485742 0.487580 -0.049679
v 0.499144 0.524538 -0.063858
v 0.486877 0.504957 -0.093681
v 0.459456 0.469059 -0.103505
v 0.499058 0.514035 -0.045325
v 0.496002 0.516827 -0.081747
v 0.462679 0.469413 -0.139071
v 0.473381 0.483663 -0.130175
v -0.364049 0.474408 -0.160932
v -0.233173 0.491508 -0.158625
v -0.000592 0.501099 -0.158432
v 0.203742 0.511090 -0.158275
v 0.367318 0.504457 -0.157934
v 0.469351 0.487876 -0.141205
v 0.465869 0.477679 -0.103852
v 0.488317 0.493543 -0.059511
v 0.494303 0.514144 -0.064572
v 0.492005 0.511933 -0.071432
v 0.494998 0.507100 -0.055641
v 0.481787 0.497661 -0.087094
v 0.446502 0.450996 -0.106736
v 0.461135 0.478981 -0.081847
v 0.438620 0.515655 -0.089095
v 0.435797 0.509243 -0.081854
v 0.434344 0.499757 -0.090105
v 0.436140 0.502341 -0.098582
v 0.429541 0.488524 -0.047107
v 0.431813 0.489022 -0.059683
v 0.436286 0.507312 -0.056672
v 0.438620 0.512706 -0.051125
v 0.418852 0.474081 -0.064216
v 0.429666 0.478490 -0.078742
v 0.409731 0.475886 -0.106648
v 0.406923 0.469349 -0.106260
v 0.404273 0.470532 -0.116443
v 0.411133 0.478143 -0.117080
v 0.408074 0.469596 -0.091118
v 0.408905 0.476216 -0.095877
v 0.436345 0.514574 -0.069486
v 0.438620 0.521863 -0.068793
v 0.418532 0.486856 -0.111640
v 0.416756 0.484412 -0.103222
v 0.399949 0.462638 -0.104541
v 0.398573 0.465725 -0.115484
v 0.434790 0.483666 -0.081242
v 0.432141 0.493144 -0.066480
v 0.432998 0.507388 -0.069979
v 0.433565 0.502518 -0.063804
v 0.422611 0.495991 -0.085551
v 0.413338 0.486046 -0.091901
v 0.433034 0.505859 -0.074722
vt 0.284182 0.447681
vt 0.285085 0.462084
vt 0.206189 0.466352
vt 0.205583 0.452860
vt 0.275949 0.187922
vt 0.277411 0.279893
vt 0.223639 0.281822
vt 0.217231 0.194559
vt 0.574264 0.743664
vt 0.575951 0.695300
vt 0.631504 0.697063
vt 0.631465 0.742898
vt 0.272312 0.073262
vt 0.275514 0.128621
vt 0.213766 0.129037
vt 0.213428 0.074140
vt 0.623962 0.639713
vt 0.632327 0.649215
vt 0.270335 0.012943
vt 0.211300 0.018554
vt 0.283330 0.427090
vt 0.204342 0.433448
vt 0.286674 0.479884
vt 0.289681 0.507020
vt 0.206703 0.509561
vt 0.206637 0.483176
vt 0.277783 0.320595
vt 0.212145 0.324623
vt 0.574422 0.803838
vt 0.628808 0.806397
vt 0.382136 0.011928
vt 0.395053 0.069736
vt 0.349538 0.070886
vt 0.342879 0.012852
vt 0.393460 0.123200
vt 0.354001 0.124220
vt 0.385511 0.188297
vt 0.354730 0.187713
vt 0.392739 0.273528
vt 0.362888 0.276758
vt 0.395232 0.314715
vt 0.358852 0.316469
vt 0.426126 0.414275
vt 0.424257 0.437837
vt 0.382165 0.440701
vt 0.382232 0.420636
vt 0.424312 0.452207
vt 0.382896 0.454427
vt 0.426633 0.469584
vt 0.432558 0.495369
vt 0.389739 0.497029
vt 0.385006 0.471259
vt 0.439855 0.735418
vt 0.414395 0.672058
vt 0.450318 0.654789
vt 0.476615 0.716702
vt 0.386273 0.634868
vt 0.428514 0.611263
vt 0.361171 0.574741
vt 0.403953 0.562533
vt 0.169999 0.327786
vt 0.179193 0.283491
vt 0.187435 0.199632
vt 0.160769 0.126050
vt 0.162496 0.069493
vt 0.163306 0.031518
vt 0.763546 0.605211
vt 0.787784 0.557970
vt 0.831970 0.581246
vt 0.814973 0.622720
vt 0.742759 0.651175
vt 0.791713 0.666627
vt 0.717248 0.715784
vt 0.745961 0.730805
vt 0.151968 0.506660
vt 0.156236 0.482522
vt 0.157296 0.467463
vt 0.156350 0.455361
vt 0.152837 0.437487
vt 0.385123 0.538369
vt 0.424557 0.532907
vt 0.420892 0.552722
vt 0.382245 0.559022
vt 0.216983 0.551888
vt 0.294110 0.548424
vt 0.295483 0.569327
vt 0.222731 0.572985
vt 0.159451 0.551440
vt 0.162190 0.569582
vt 0.292784 0.533872
vt 0.213326 0.536817
vt 0.286630 0.397492
vt 0.285661 0.405580
vt 0.212649 0.412398
vt 0.216101 0.404365
vt 0.593685 0.981779
vt 0.604453 0.933553
vt 0.678677 0.938339
vt 0.671868 0.989261
vt 0.214536 0.381623
vt 0.280860 0.375979
vt 0.400568 0.369074
vt 0.414216 0.386573
vt 0.364911 0.392262
vt 0.363379 0.370761
vt 0.369963 0.400028
vt 0.419134 0.395297
vt 0.426507 0.518265
vt 0.386753 0.523901
vt 0.458772 0.958705
vt 0.471721 0.930141
vt 0.503495 0.927753
vt 0.499623 0.968252
vt 0.159576 0.389396
vt 0.156058 0.408656
vt 0.727333 0.947277
vt 0.730014 0.984210
vt 0.157085 0.534766
vt 0.154932 0.416782
vt 0.602255 0.904748
vt 0.673504 0.910617
vt 0.726123 0.914409
vt 0.475446 0.896822
vt 0.505255 0.902217
vt 0.574248 0.824220
vt 0.628577 0.829415
vt 0.604924 0.838659
vt 0.668397 0.845164
vt 0.485478 0.843013
vt 0.517557 0.838601
vt 0.476568 0.756294
vt 0.487595 0.735074
vt 0.727707 0.745729
vt 0.709389 0.734996
vt 0.714868 0.850945
vt 0.500653 0.801846
vt 0.501332 0.825695
vt 0.500198 0.740805
vt 0.500435 0.694525
vt 0.506909 0.643255
vt 0.516632 0.634650
vt 0.916273 0.310439
vt 0.904109 0.327868
vt 0.882539 0.312188
vt 0.890770 0.294362
vt 0.911958 0.395203
vt 0.930708 0.410398
vt 0.906232 0.416191
vt 0.891911 0.398138
vt 0.841126 0.314522
vt 0.839044 0.296511
vt 0.807401 0.318076
vt 0.796895 0.301380
vt 0.845612 0.421965
vt 0.846231 0.402327
vt 0.798271 0.419677
vt 0.809873 0.401525
vt 0.769543 0.414493
vt 0.785507 0.399797
vt 0.783933 0.320902
vt 0.769032 0.306597
vt 0.806150 0.355779
vt 0.844262 0.353964
vt 0.834955 0.274693
vt 0.789808 0.278482
vt 0.843845 0.434084
vt 0.788110 0.433728
vt 0.892188 0.350044
vt 0.914757 0.357569
vt 0.951411 0.421253
vt 0.912698 0.431636
vt 0.935211 0.288290
vt 0.891128 0.273428
vt 0.901432 0.268036
vt 0.743503 0.428704
vt 0.779936 0.356554
vt 0.465571 0.468270
vt 0.469798 0.491780
vt 0.463910 0.451357
vt 0.464312 0.437326
vt 0.111641 0.507833
vt 0.111387 0.486139
vt 0.112695 0.469662
vt 0.111395 0.456052
vt 0.466298 0.414369
vt 0.453534 0.394842
vt 0.441830 0.379221
vt 0.111608 0.437019
vt 0.115738 0.423141
vt 0.118561 0.416630
vt 0.133682 0.333107
vt 0.141192 0.276233
vt 0.126230 0.388489
vt 0.149673 0.202398
vt 0.428965 0.269610
vt 0.431368 0.319214
vt 0.434197 0.369602
vt 0.420802 0.189596
vt 0.407840 0.751532
vt 0.375614 0.690866
vt 0.835794 0.684263
vt 0.798234 0.756818
vt 0.791457 0.840201
vt 0.748215 0.801682
vt 0.748758 0.764060
vt 0.788175 0.909283
vt 0.738255 0.837204
vt 0.124149 0.125990
vt 0.115430 0.067205
vt 0.429609 0.122044
vt 0.436043 0.067346
vt 0.353589 0.651917
vt 0.328017 0.590904
vt 0.879358 0.606326
vt 0.859826 0.642385
vt 0.122116 0.032134
vt 0.717775 0.403303
vt 0.752328 0.406727
vt 0.420566 0.005754
vt 0.949350 0.399528
vt 0.975904 0.391003
vt 0.114347 0.527800
vt 0.459588 0.515807
vt 0.769285 0.961138
vt 0.441238 0.934970
vt 0.436679 0.878277
vt 0.963432 0.306333
vt 0.936431 0.329785
vt 0.754313 0.344338
vt 0.717307 0.327081
vt 0.739458 0.291863
vt 0.454402 0.533988
vt 0.773500 0.979705
vt 0.115261 0.545805
vt 0.121701 0.409230
vt 0.438390 0.954808
vt 0.918002 0.337982
vt 0.930572 0.361897
vt 0.926362 0.390180
vt 0.771236 0.396438
vt 0.764891 0.370492
vt 0.771716 0.347833
vt 0.831474 0.863715
vt 0.858322 0.787177
vt 0.910463 0.811118
vt 0.869010 0.878929
vt 0.301568 0.806220
vt 0.350456 0.780410
vt 0.380946 0.842727
vt 0.342593 0.876463
vt 0.889268 0.710468
vt 0.916974 0.666782
vt 0.949065 0.679117
vt 0.935049 0.735285
vt 0.260870 0.687989
vt 0.307185 0.670522
vt 0.325077 0.715954
vt 0.279067 0.741215
vt 0.927658 0.630722
vt 0.966140 0.649047
vt 0.238326 0.628107
vt 0.278847 0.612707
vt 0.989479 0.142454
vt 0.982836 0.141919
vt 0.983168 0.131498
vt 0.990997 0.129945
vt 0.925774 0.117841
vt 0.931899 0.104839
vt 0.942843 0.094483
vt 0.947148 0.098483
vt 0.812135 0.922238
vt 0.838705 0.932817
vt 0.403332 0.897411
vt 0.379425 0.911029
vt 0.892609 0.117706
vt 0.897142 0.104939
vt 0.784458 0.971279
vt 0.785828 0.986430
vt 0.414447 0.948688
vt 0.425076 0.943441
vt 0.421921 0.954181
vt 0.417761 0.955757
vt 0.799075 0.979357
vt 0.418561 0.816849
vt 0.450519 0.793853
vt 0.463308 0.837645
vt 0.453129 0.771529
vt 0.981195 0.160275
vt 0.976629 0.161099
vt 0.978382 0.154476
vt 0.979842 0.154248
vt 0.978986 0.170032
vt 0.969722 0.169933
vt 0.642063 0.205037
vt 0.634626 0.221617
vt 0.630809 0.216721
vt 0.632188 0.199783
vt 0.642603 0.179088
vt 0.653878 0.183011
vt 0.644664 0.197066
vt 0.640516 0.192148
vt 0.980936 0.094306
vt 0.977258 0.088168
vt 0.986549 0.083274
vt 0.991359 0.092142
vt 0.591153 0.044142
vt 0.581832 0.032973
vt 0.604377 0.029729
vt 0.606490 0.044433
vt 0.953893 0.361889
vt 0.744791 0.374216
vt 0.705764 0.368375
vt 0.984980 0.350353
vt 0.635988 0.696114
vt 0.635623 0.743927
vt 0.578001 0.630782
vt 0.627418 0.635300
vt 0.577288 0.635664
vt 0.636748 0.645853
vt 0.632353 0.809937
vt 0.496843 0.805292
vt 0.496413 0.742042
vt 0.495417 0.693364
vt 0.502891 0.638946
vt 0.514036 0.629550
vt 0.636412 0.645050
vt 0.503471 0.638090
vt 0.778798 0.273329
vt 0.887155 0.142241
vt 0.863404 0.147996
vt 0.867519 0.141037
vt 0.882013 0.137062
vt 0.845049 0.142564
vt 0.848140 0.135876
vt 0.900819 0.134256
vt 0.904174 0.139321
vt 0.828412 0.122268
vt 0.835142 0.119191
vt 0.836217 0.085390
vt 0.841739 0.089487
vt 0.862295 0.057929
vt 0.865614 0.069222
vt 0.918565 0.129418
vt 0.923290 0.121315
vt 0.920935 0.135196
vt 0.912139 0.137539
vt 0.910101 0.132102
vt 0.892410 0.045772
vt 0.900039 0.059454
vt 0.570100 0.012492
vt 0.595616 0.016568
vt 0.929241 0.015241
vt 0.949865 0.004160
vt 0.954192 0.016654
vt 0.935047 0.025860
vt 0.654509 0.028478
vt 0.698433 0.003858
vt 0.700123 0.020195
vt 0.664648 0.040049
vt 0.748363 0.008562
vt 0.744227 0.022118
vt 0.945887 0.080011
vt 0.922343 0.072304
vt 0.929770 0.065544
vt 0.946449 0.074901
vt 0.917101 0.038130
vt 0.927662 0.040217
vt 0.871650 0.096807
vt 0.859084 0.119256
vt 0.859206 0.087655
vt 0.961328 0.076422
vt 0.956957 0.073761
vt 0.870463 0.121855
vt 0.887027 0.102481
vt 0.783239 0.030611
vt 0.778386 0.044774
vt 0.981329 0.454409
vt 0.988230 0.464986
vt 0.955969 0.484938
vt 0.951353 0.477764
vt 0.997046 0.482992
vt 0.961300 0.495786
vt 0.989327 0.503591
vt 0.956016 0.507876
vt 0.350465 0.917208
vt 0.357205 0.904275
vt 0.363278 0.927903
vt 0.359144 0.935654
vt 0.961703 0.432712
vt 0.974055 0.446027
vt 0.946244 0.471793
vt 0.939827 0.464522
vt 0.345148 0.925694
vt 0.356176 0.940651
vt 0.978727 0.521413
vt 0.951856 0.513563
vt 0.956750 0.523718
vt 0.952404 0.517100
vt 0.964095 0.071119
vt 0.961179 0.070496
vt 0.621901 0.225453
vt 0.626033 0.221412
vt 0.952890 0.192729
vt 0.959533 0.189517
vt 0.960772 0.197607
vt 0.959109 0.201374
vt 0.930333 0.234803
vt 0.941287 0.241436
vt 0.947472 0.279802
vt 0.960309 0.271167
vt 0.975837 0.276639
vt 0.960516 0.285418
vt 0.964397 0.188650
vt 0.965177 0.193872
vt 0.622943 0.231120
vt 0.634493 0.228174
vt 0.633400 0.240217
vt 0.638045 0.239406
vt 0.970470 0.236506
vt 0.980829 0.234659
vt 0.643411 0.235412
vt 0.658023 0.162482
vt 0.661215 0.168390
vt 0.942031 0.258764
vt 0.930193 0.260541
vt 0.356086 0.980617
vt 0.358893 0.981636
vt 0.345873 0.995120
vt 0.341524 0.991074
vt 0.354244 0.942798
vt 0.341978 0.930203
vt 0.351758 0.978317
vt 0.353727 0.978554
vt 0.338958 0.989878
vt 0.336240 0.989607
vt 0.351245 0.943034
vt 0.337588 0.930784
vt 0.338856 0.930653
vt 0.343901 0.975212
vt 0.323071 0.985016
vt 0.344537 0.943861
vt 0.325251 0.932800
vt 0.317379 0.967778
vt 0.340190 0.964106
vt 0.341151 0.967620
vt 0.318371 0.971582
vt 0.341993 0.949182
vt 0.345019 0.954075
vt 0.325488 0.951050
vt 0.320543 0.942230
vt 0.344488 0.956635
vt 0.324868 0.953977
vt 0.339980 0.961132
vt 0.316815 0.962853
vt 0.342277 0.971395
vt 0.320271 0.978415
vt 0.343336 0.946033
vt 0.322938 0.936801
vt 0.435757 0.552543
vt 0.434317 0.549285
vt 0.435727 0.540853
vt 0.592049 0.055585
vt 0.601280 0.060978
vt 0.556809 0.112787
vt 0.536946 0.104662
vt 0.547055 0.095439
vt 0.556995 0.101570
vt 0.563318 0.098791
vt 0.573198 0.104230
vt 0.972075 0.182817
vt 0.968054 0.183227
vt 0.980407 0.149899
vt 0.982748 0.151840
vt 0.991458 0.104539
vt 0.982903 0.105824
vt 0.564108 0.035370
vt 0.570740 0.039653
vt 0.549277 0.077820
vt 0.537067 0.072679
vt 0.577019 0.081572
vt 0.583732 0.089844
vt 0.961170 0.160703
vt 0.966569 0.167696
vt 0.954287 0.163087
vt 0.956353 0.159767
vt 0.972174 0.079796
vt 0.983094 0.076661
vt 0.789130 0.999014
vt 0.959629 0.173214
vt 0.963883 0.179359
vt 0.955237 0.165396
vt 0.574504 0.187318
vt 0.574504 0.179835
vt 0.620019 0.174844
vt 0.620019 0.179769
vt 0.617669 0.103669
vt 0.617669 0.098303
vt 0.637112 0.098303
vt 0.637112 0.103669
vt 0.573147 0.198592
vt 0.573521 0.194953
vt 0.620019 0.191208
vt 0.614020 0.197109
vt 0.617669 0.086195
vt 0.617669 0.080918
vt 0.637112 0.080918
vt 0.637112 0.086195
vt 0.573147 0.201082
vt 0.605767 0.206990
vt 0.617669 0.074811
vt 0.637112 0.074811
vt 0.574051 0.165663
vt 0.574504 0.163883
vt 0.620019 0.153672
vt 0.620019 0.156933
vt 0.617669 0.115990
vt 0.617669 0.112830
vt 0.637112 0.112830
vt 0.637112 0.115990
vt 0.617669 0.068605
vt 0.637112 0.068605
vt 0.617669 0.063952
vt 0.637112 0.063952
vt 0.573455 0.190671
vt 0.620019 0.184251
vt 0.617669 0.092944
vt 0.637112 0.092944
vt 0.574051 0.173034
vt 0.620019 0.162346
vt 0.617669 0.108833
vt 0.637112 0.108833
vt 0.574504 0.157928
vt 0.620170 0.150177
vt 0.617604 0.118264
vt 0.637112 0.118264
vt 0.617669 0.038778
vt 0.617669 0.034809
vt 0.637112 0.034809
vt 0.637112 0.038778
vt 0.617669 0.046546
vt 0.617669 0.042753
vt 0.637112 0.042753
vt 0.637112 0.046546
vt 0.617669 0.059632
vt 0.617669 0.054603
vt 0.637112 0.054603
vt 0.637112 0.059632
vt 0.617669 0.050759
vt 0.637112 0.050759
vt 0.131108 0.560858
vt 0.114744 0.555440
vt 0.130130 0.565746
vt 0.637112 0.120149
vt 0.617669 0.120149
vt 0.596556 0.208343
vt 0.572400 0.210218
vn -0.0350 0.8249 -0.5642
vn -0.0418 0.9848 0.1687
vn -0.0071 0.9858 0.1678
vn -0.0059 0.8276 -0.5613
vn 0.0003 0.1021 -0.9948
vn 0.0001 0.1705 -0.9854
vn -0.0034 0.1739 -0.9848
vn 0.0260 0.0885 -0.9957
vn -0.0662 -0.0292 0.9974
vn -0.0577 -0.1176 0.9914
vn 0.0793 -0.1241 0.9891
vn 0.0593 -0.0404 0.9974
vn -0.0016 -0.1540 -0.9881
vn 0.0001 0.0400 -0.9992
vn 0.0841 0.0185 -0.9963
vn 0.0874 -0.1376 -0.9866
vn 0.0345 -0.2473 0.9683
vn 0.1084 -0.1739 0.9788
vn -0.0028 -0.3195 -0.9476
vn 0.0484 -0.3000 -0.9527
vn -0.0225 0.5277 -0.8492
vn -0.0012 0.5259 -0.8505
vn -0.0256 0.6018 0.7983
vn 0.0038 -0.0838 0.9965
vn -0.0010 -0.0656 0.9978
vn -0.0044 0.6071 0.7946
vn -0.0039 0.2775 -0.9607
vn -0.0042 0.2712 -0.9625
vn -0.0690 0.0867 0.9938
vn 0.0626 0.0744 0.9953
vn -0.3561 -0.2528 -0.8996
vn -0.4267 -0.0976 -0.8991
vn -0.0803 -0.1359 -0.9875
vn -0.0479 -0.2887 -0.9562
vn -0.4204 0.0089 -0.9073
vn -0.0769 0.0259 -0.9967
vn -0.2933 0.0446 -0.9550
vn -0.0198 0.0939 -0.9954
vn -0.2217 0.1558 -0.9626
vn 0.0010 0.1719 -0.9851
vn -0.1634 0.2541 -0.9533
vn 0.0016 0.2782 -0.9605
vn -0.1145 0.5494 -0.8277
vn -0.1907 0.8373 -0.5124
vn -0.0705 0.8293 -0.5543
vn -0.0385 0.5423 -0.8393
vn -0.2352 0.9577 0.1661
vn -0.0874 0.9820 0.1675
vn -0.1598 0.5942 0.7883
vn -0.0578 -0.1730 0.9832
vn -0.0037 -0.0680 0.9977
vn -0.0547 0.6045 0.7947
vn -0.6033 0.1187 0.7887
vn -0.5611 0.0696 0.8248
vn -0.4874 0.0310 0.8726
vn -0.5472 0.1055 0.8303
vn -0.5171 -0.0959 0.8506
vn -0.3997 -0.1262 0.9079
vn -0.4650 -0.3728 0.8030
vn -0.3783 -0.3185 0.8692
vn 0.1235 0.1990 -0.9722
vn 0.2204 0.1155 -0.9686
vn 0.2600 0.0686 -0.9632
vn 0.3944 0.0016 -0.9189
vn 0.3701 -0.1263 -0.9203
vn 0.3245 -0.2632 -0.9085
vn 0.2316 -0.1118 0.9664
vn 0.1825 -0.2434 0.9526
vn 0.5195 -0.3904 0.7601
vn 0.5064 -0.1120 0.8550
vn 0.2787 -0.0365 0.9597
vn 0.5880 0.0552 0.8070
vn 0.2912 0.0488 0.9554
vn 0.5979 0.1633 0.7848
vn 0.0784 -0.0917 0.9927
vn 0.1542 0.6004 0.7847
vn 0.2104 0.9643 0.1608
vn 0.1853 0.8144 -0.5500
vn 0.1408 0.5150 -0.8456
vn 0.0466 -0.9900 -0.1334
vn 0.0099 -0.9973 -0.0726
vn -0.4913 0.5460 0.6786
vn -0.1422 0.9276 0.3455
vn 0.0117 -0.9859 -0.1671
vn 0.0461 -0.9825 -0.1804
vn -0.0601 0.9568 0.2846
vn 0.0432 0.9521 0.3028
vn -0.0423 -0.9971 -0.0628
vn 0.2731 0.8315 0.4837
vn 0.0325 -0.7288 0.6840
vn 0.0064 -0.7180 0.6960
vn -0.0009 0.0443 -0.9990
vn -0.0134 0.3201 -0.9473
vn -0.0048 0.3172 -0.9483
vn 0.0005 0.0465 -0.9989
vn -0.0515 0.8934 0.4463
vn 0.0579 0.8716 0.4868
vn -0.0044 0.2098 -0.9777
vn -0.0045 0.2177 -0.9760
vn -0.1081 0.1817 -0.9774
vn -0.0684 0.0088 -0.9976
vn 0.0083 0.0632 -0.9980
vn 0.0074 0.2210 -0.9752
vn -0.0120 0.3263 -0.9452
vn -0.0474 0.2170 -0.9750
vn 0.0235 -0.8395 0.5429
vn 0.0328 -0.7253 0.6876
vn -0.3396 0.7205 0.6047
vn -0.1229 0.8728 0.4723
vn 0.0584 0.1690 -0.9839
vn 0.0313 0.0522 -0.9981
vn 0.3769 0.6642 0.6456
vn -0.0058 -0.7400 0.6726
vn 0.0792 0.3161 -0.9454
vn -0.0560 0.6497 0.7581
vn 0.1037 0.6178 0.7794
vn 0.5321 0.3963 0.7482
vn -0.4560 0.5493 0.7002
vn -0.1660 0.6603 0.7325
vn -0.0738 0.2812 0.9568
vn 0.0077 0.2738 0.9618
vn -0.0508 0.5590 0.8276
vn 0.0919 0.5248 0.8463
vn -0.4621 0.5023 0.7308
vn -0.1440 0.5741 0.8060
vn -0.5974 0.0915 0.7967
vn -0.5528 0.0738 0.8300
vn 0.5903 0.2462 0.7687
vn 0.2820 0.1911 0.9402
vn 0.5249 0.3729 0.7651
vn -0.1686 0.0919 0.9814
vn -0.1344 0.2855 0.9489
vn -0.1609 -0.0277 0.9866
vn -0.1759 -0.1073 0.9785
vn -0.1998 -0.1277 0.9715
vn -0.1258 -0.2081 0.9700
vn -0.3304 -0.8203 0.4669
vn -0.1080 -0.9888 0.1035
vn -0.0421 -0.9865 0.1585
vn -0.1653 -0.7506 0.6398
vn -0.0057 -0.9733 -0.2295
vn -0.1191 -0.6152 -0.7793
vn 0.0018 -0.5893 -0.8079
vn 0.0043 -0.9743 -0.2254
vn 0.0006 -0.9916 0.1290
vn -0.0069 -0.7540 0.6568
vn 0.0029 -0.9908 0.1351
vn 0.0131 -0.7810 0.6245
vn 0.0025 -0.6153 -0.7883
vn 0.0011 -0.9758 -0.2186
vn 0.0100 -0.5953 -0.8034
vn 0.0005 -0.9758 -0.2185
vn 0.1403 -0.5498 -0.8234
vn 0.0108 -0.9745 -0.2240
vn 0.1220 -0.9805 0.1538
vn 0.4092 -0.7621 0.5018
vn 0.0000 -0.9988 -0.0495
vn -0.0001 -0.9988 -0.0494
vn -0.0096 -0.6471 0.7623
vn 0.0707 -0.5917 0.8030
vn 0.0086 -0.9986 -0.0517
vn 0.0103 -0.9982 -0.0587
vn -0.1694 -0.6211 0.7652
vn -0.0002 -0.9987 -0.0514
vn -0.2958 0.5630 0.7717
vn -0.2282 -0.1684 0.9589
vn -0.3743 0.9126 0.1646
vn -0.3504 0.8110 -0.4685
vn 0.2155 -0.2124 0.9531
vn 0.3747 0.4916 0.7861
vn 0.4840 0.8613 0.1545
vn 0.4475 0.7171 -0.5343
vn -0.3204 0.5462 -0.7739
vn -0.2235 0.0618 -0.9728
vn -0.3319 -0.3243 -0.8858
vn 0.3561 0.4532 -0.8172
vn 0.2834 0.3014 -0.9104
vn 0.2460 0.1364 -0.9596
vn 0.5890 -0.0039 -0.8081
vn 0.7450 -0.0836 -0.6618
vn 0.4694 0.0551 -0.8813
vn 0.7854 0.0666 -0.6153
vn -0.7579 0.0446 -0.6509
vn -0.6885 0.1694 -0.7051
vn -0.5631 0.0761 -0.8229
vn -0.7949 -0.0005 -0.6067
vn -0.8641 0.0751 0.4978
vn -0.8622 0.1329 0.4889
vn 0.8928 0.1444 0.4267
vn 0.8914 0.1638 0.4225
vn 0.9118 -0.0597 0.4063
vn 0.8394 0.0054 0.5434
vn 0.8081 0.1093 0.5788
vn 0.8602 0.0386 0.5084
vn 0.8234 0.0813 0.5616
vn 0.8366 0.0980 -0.5390
vn 0.8176 -0.0925 -0.5684
vn -0.8470 0.0648 -0.5276
vn -0.8597 -0.0596 -0.5073
vn -0.8705 -0.0527 0.4893
vn -0.7789 -0.4098 0.4747
vn 0.7913 -0.4686 0.3928
vn 0.8905 -0.0825 0.4475
vn 0.7498 -0.4206 -0.5107
vn 0.5176 -0.7003 -0.4917
vn -0.7986 -0.3527 -0.4878
vn -0.4508 -0.7746 -0.4435
vn 0.1064 -0.8029 0.5865
vn -0.0828 -0.9103 0.4056
vn 0.7222 0.3330 0.6063
vn -0.6543 0.4884 0.5774
vn -0.7877 0.3056 0.5349
vn -0.4213 -0.8761 0.2345
vn 0.5360 -0.8138 0.2244
vn -0.0508 -0.9868 -0.1535
vn 0.4643 0.6486 0.6031
vn 0.0437 -0.9987 -0.0244
vn 0.1887 0.0101 -0.9820
vn -0.3311 0.6029 0.7259
vn -0.2004 -0.9756 0.0895
vn -0.2145 -0.9752 -0.0546
vn -0.1594 -0.9657 -0.2051
vn 0.1581 -0.9669 -0.2001
vn 0.2067 -0.9769 -0.0540
vn 0.2363 -0.9692 0.0692
vn 0.9881 -0.1531 -0.0154
vn 0.9943 0.1062 0.0060
vn -0.9996 0.0086 -0.0264
vn -0.9998 -0.0082 -0.0165
vn 0.9862 0.1644 0.0191
vn 0.9975 -0.0660 -0.0248
vn -0.9990 -0.0428 0.0144
vn -0.9931 0.1171 0.0072
vn 0.8811 -0.4714 0.0372
vn -0.9260 -0.3774 0.0105
vn 0.9522 -0.2836 0.1136
vn 0.0553 0.8268 -0.5598
vn 0.0086 0.6515 -0.7586
vn 0.7938 -0.6081 -0.0113
vn -0.6866 -0.7189 0.1082
vn 0.0456 0.6137 -0.7882
vn 0.0304 0.9764 -0.2136
vn -0.9994 -0.0302 -0.0154
vn 0.9887 -0.1433 -0.0449
vn -0.9828 0.1778 0.0497
vn -0.6072 -0.7852 0.1220
vn -0.0409 0.2102 -0.9768
vn 0.9974 -0.0678 0.0253
vn 0.9275 -0.1728 0.3315
vn -0.9528 0.2348 0.1926
vn -0.5866 -0.2196 0.7795
vn -0.8770 0.0608 0.4765
vn -0.6195 0.1441 0.7716
vn -0.6342 0.3117 0.7076
vn -0.6152 0.0948 0.7826
vn 0.8462 -0.5100 0.1546
vn 0.0840 -0.6368 0.7664
vn -0.0204 0.3289 0.9441
vn 0.9565 -0.2904 -0.0265
vn 0.6302 -0.7750 0.0476
vn 0.6259 -0.7094 -0.3240
vn -0.0321 -0.6630 0.7479
vn -0.2458 -0.9584 -0.1450
vn -0.6300 -0.7503 -0.2004
vn -0.8587 -0.4966 -0.1270
vn -0.9998 0.0219 -0.0010
vn 0.0139 0.9455 0.3253
vn -0.0795 0.4240 0.9022
vn -0.9979 0.0632 -0.0122
vn -0.0077 0.0296 -0.9995
vn -0.0852 -0.3759 -0.9227
vn 0.7185 -0.6631 -0.2098
vn 0.7912 -0.6070 -0.0749
vn 0.4800 -0.0402 0.8763
vn 0.6349 0.7697 -0.0659
vn 0.1993 -0.4044 -0.8926
vn 0.0599 0.1892 -0.9801
vn -0.4850 -0.8737 -0.0376
vn 0.5787 -0.8148 -0.0354
vn 0.7049 -0.1248 0.6983
vn 0.7065 -0.0323 0.7069
vn -0.0258 -0.7510 0.6597
vn 0.1601 -0.6917 0.7043
vn -0.0398 -0.2676 0.9627
vn 0.6220 -0.2741 0.7334
vn 0.6910 0.0645 0.7200
vn 0.6268 0.2145 0.7491
vn -0.6449 0.2896 0.7072
vn -0.7615 0.1200 0.6370
vn -0.8044 -0.0044 0.5941
vn -0.7956 -0.1189 0.5940
vn -0.7036 -0.2587 0.6618
vn -0.1845 -0.6932 0.6967
vn 0.5370 -0.7827 0.3147
vn 0.4473 -0.6853 0.5747
vn 0.5529 -0.8287 -0.0869
vn 0.4003 -0.7443 0.5346
vn 0.5935 -0.5651 -0.5731
vn 0.6033 -0.1545 -0.7824
vn 0.6190 0.5243 -0.5848
vn 0.5732 -0.4005 0.7149
vn 0.4535 -0.6771 0.5795
vn -0.0738 -0.8495 -0.5225
vn -0.4280 -0.8282 0.3617
vn -0.4919 -0.8532 -0.1736
vn -0.4559 -0.7387 0.4965
vn -0.4216 -0.6240 0.6580
vn -0.6472 -0.1975 -0.7363
vn -0.5251 0.5215 -0.6726
vn -0.5081 -0.4944 -0.7053
vn 0.0648 -0.6096 -0.7900
vn -0.2933 -0.8913 -0.3457
vn -0.0198 -0.8243 -0.5658
vn -0.5396 0.8390 -0.0704
vn -0.8782 -0.4185 -0.2318
vn -0.0195 -0.3901 -0.9206
vn -0.1465 -0.9018 0.4066
vn -0.1842 -0.9650 -0.1865
vn -0.1639 -0.6902 0.7048
vn -0.2352 -0.2934 0.9266
vn -0.2346 0.2433 -0.9412
vn -0.2335 0.9144 -0.3306
vn -0.1908 -0.5737 -0.7965
vn -0.2323 0.9602 0.1552
vn -0.2148 -0.1543 0.9644
vn -0.0785 -0.3508 0.9332
vn 0.0309 -0.5583 -0.8291
vn -0.4795 0.5703 0.6669
vn -0.6890 -0.6149 -0.3837
vn -0.5225 -0.7802 -0.3441
vn 0.0340 0.3933 -0.9188
vn 0.0743 -0.1929 -0.9784
vn -0.4068 -0.1819 0.8952
vn -0.2011 -0.6853 0.6999
vn -0.0777 0.6197 -0.7809
vn -0.3382 -0.8020 0.4924
vn -0.0254 0.9374 0.3474
vn -0.5118 -0.4963 -0.7013
vn -0.1103 -0.5270 0.8426
vn 0.0139 0.4085 0.9127
vn -0.7186 -0.6558 -0.2314
vn -0.2975 -0.0472 -0.9535
vn -0.6331 -0.7739 -0.0178
vn -0.6519 -0.7550 -0.0706
vn -0.1899 0.2975 -0.9356
vn -0.0201 -0.9374 0.3477
vn -0.6902 -0.6935 -0.2068
vn -0.3528 -0.9356 -0.0152
vn -0.0068 0.9793 -0.2024
vn -0.2345 0.7681 0.5958
vn -0.1308 -0.2104 0.9688
vn -0.0548 -0.6661 0.7438
vn -0.0896 0.0288 -0.9956
vn -0.0637 -0.9978 0.0176
vn 0.2749 -0.6464 0.7118
vn 0.0696 0.5558 -0.8284
vn -0.0559 0.9900 0.1296
vn -0.0791 0.5047 0.8597
vn 0.5411 -0.4576 -0.7056
vn 0.4474 -0.8295 -0.3342
vn 0.2964 -0.8565 0.4226
vn 0.0700 0.8355 -0.5450
vn 0.4713 -0.8576 -0.2059
vn 0.5306 -0.7382 -0.4167
vn -0.0046 0.9980 0.0634
vn 0.9557 -0.2936 -0.0227
vn 0.7204 -0.6914 -0.0544
vn 0.0432 0.4585 -0.8876
vn 0.0184 -0.9612 0.2752
vn 0.2722 0.5559 -0.7854
vn 0.4530 0.0776 -0.8881
vn -0.0111 -0.4180 0.9084
vn 0.2400 -0.7612 0.6024
vn 0.1248 0.5990 -0.7909
vn 0.9938 -0.0337 0.1062
vn 0.7117 -0.0078 -0.7024
vn 0.9662 0.0952 -0.2397
vn -0.1256 -0.8799 -0.4582
vn -0.0597 -0.9049 -0.4215
vn 0.6051 0.2034 -0.7697
vn 0.5213 -0.1731 -0.8357
vn 0.7115 0.2493 -0.6570
vn 0.2324 -0.8206 0.5221
vn 0.1979 -0.6925 0.6938
vn 0.3457 0.2860 -0.8937
vn 0.3489 -0.5439 -0.7632
vn -0.1239 -0.9081 0.4000
vn 0.2443 0.8957 -0.3714
vn 0.2678 -0.5506 0.7907
vn 0.4401 -0.1611 0.8834
vn 0.2293 0.9708 0.0709
vn 0.1886 0.2294 0.9549
vn 0.2922 -0.9550 -0.0518
vn 0.2035 -0.6828 0.7017
vn 0.4050 0.4381 0.8025
vn 0.0709 0.6601 -0.7478
vn 0.1043 0.6099 -0.7856
vn 0.1481 -0.2527 -0.9561
vn 0.1303 -0.9504 -0.2825
vn 0.0505 -0.6721 0.7388
vn 0.0922 -0.4960 0.8634
vn 0.0480 -0.8015 0.5960
usemtl lambert1
s 1
f 354/344/384 384/345/385 385/346/386 313/347/387
f 348/348/388 349/349/389 302/350/390 303/351/391
f 508/352/392 509/353/393 510/354/394 511/355/395
f 346/356/396 347/357/397 304/358/398 305/359/399
f 509/353/393 522/360/400 521/361/401 510/354/394
f 345/362/402 346/356/396 305/359/399 306/363/403
f 353/364/404 354/344/384 313/347/387 314/365/405
f 355/366/406 356/367/407 311/368/408 312/369/409
f 349/349/389 350/370/410 301/371/411 302/350/390
f 513/372/412 508/352/392 511/355/395 514/373/413
f 347/357/397 348/348/388 303/351/391 304/358/398
f 362/374/414 363/375/415 288/376/416 287/377/417
f 363/375/415 364/378/418 289/379/419 288/376/416
f 364/378/418 365/380/420 290/381/421 289/379/419
f 365/380/420 366/382/422 291/383/423 290/381/421
f 366/382/422 367/384/424 292/385/425 291/383/423
f 370/386/426 371/387/427 294/388/428 293/389/429
f 371/387/427 382/390/430 383/391/431 294/388/428
f 372/392/432 373/393/433 296/394/434 295/395/435
f 378/396/436 379/397/437 299/398/438 298/399/439
f 379/397/437 380/400/440 300/401/441 299/398/438
f 380/400/440 381/402/442 523/403/443 300/401/441
f 302/350/390 301/371/411 315/404/444 316/405/445
f 303/351/391 302/350/390 316/405/445 317/406/446
f 304/358/398 303/351/391 317/406/446 318/407/447
f 305/359/399 304/358/398 318/407/447 319/408/448
f 306/363/403 305/359/399 319/408/448 320/409/449
f 307/410/450 520/411/451 321/412/452 322/413/453
f 308/414/454 307/410/450 322/413/453 323/415/455
f 309/416/456 308/414/454 323/415/455 324/417/457
f 312/369/409 311/368/408 326/418/458 327/419/459
f 313/347/387 385/346/386 386/420/460 328/421/461
f 314/365/405 313/347/387 328/421/461 329/422/462
f 412/423/463 413/424/464 375/425/465 331/426/466
f 410/427/467 411/428/468 358/429/469 334/430/470
f 409/431/471 410/427/467 334/430/470 337/432/472
f 356/367/407 357/433/473 335/434/474 311/368/408
f 352/435/475 599/436/476 600/437/477 336/438/478
f 358/439/469 359/440/479 340/441/480 334/442/470
f 343/443/481 351/444/482 352/435/475 336/438/478
f 368/445/483 369/446/484 333/447/485 344/448/486
f 598/449/487 597/450/488 370/386/426 293/389/429
f 373/393/433 374/451/489 330/452/490 296/394/434
f 375/453/465 376/454/491 339/455/492 331/456/466
f 342/457/493 343/443/481 336/438/478 332/458/494
f 334/442/470 340/441/480 341/459/495 337/460/472
f 311/368/408 335/434/474 338/461/496 326/418/458
f 336/438/478 600/437/477 601/462/497 332/458/494
f 340/441/480 359/440/479 360/463/498 310/464/499
f 341/459/495 340/441/480 310/464/499 325/465/500
f 301/371/411 343/443/481 342/457/493 315/404/444
f 350/370/410 351/444/482 343/443/481 301/371/411
f 367/384/424 368/445/483 344/448/486 292/385/425
f 376/454/491 377/466/501 297/467/502 339/455/492
f 515/468/503 513/372/412 514/373/413 414/469/504
f 310/464/499 360/463/498 422/470/505 423/471/506
f 297/467/502 377/466/501 420/472/507 421/473/508
f 416/474/509 378/396/436 298/399/439 415/475/510
f 309/416/456 324/417/457 428/476/511 414/477/512
f 325/465/500 310/464/499 423/471/506 424/478/513
f 287/377/417 288/376/416 346/356/396 345/362/402
f 288/376/416 289/379/419 347/357/397 346/356/396
f 289/379/419 290/381/421 348/348/388 347/357/397
f 290/381/421 291/383/423 349/349/389 348/348/388
f 291/383/423 292/385/425 350/370/410 349/349/389
f 292/385/425 344/448/486 351/444/482 350/370/410
f 352/435/475 351/444/482 344/448/486 333/447/485
f 333/447/485 598/449/487 599/436/476 352/435/475
f 293/389/429 294/388/428 354/344/384 353/364/404
f 294/388/428 383/391/431 384/345/385 354/344/384
f 295/395/435 296/394/434 356/367/407 355/366/406
f 296/394/434 330/452/490 357/433/473 356/367/407
f 411/428/468 412/423/463 331/426/466 358/429/469
f 331/456/466 339/455/492 359/440/479 358/439/469
f 360/463/498 359/440/479 339/455/492 297/467/502
f 422/470/505 360/463/498 297/467/502 421/473/508
f 516/479/514 513/372/412 515/468/503 415/480/515
f 516/479/514 517/481/516 508/352/392 513/372/412
f 517/481/516 518/482/517 509/353/393 508/352/392
f 518/482/517 526/483/518 525/484/519 509/353/393
f 383/391/431 382/390/430 372/392/432 295/395/435
f 384/345/385 383/391/431 295/395/435 355/366/406
f 385/346/386 384/345/385 355/366/406 312/369/409
f 386/420/460 385/346/386 312/369/409 327/419/459
f 335/434/474 410/427/467 409/431/471 338/461/496
f 357/433/473 411/428/468 410/427/467 335/434/474
f 330/452/490 412/423/463 411/428/468 357/433/473
f 374/451/489 413/424/464 412/423/463 330/452/490
f 430/485/520 429/486/521 435/487/522 436/488/523
f 432/489/524 431/490/525 439/491/526 440/492/527
f 436/488/523 435/487/522 437/493/528 438/494/529
f 438/494/529 437/493/528 448/495/530 447/496/531
f 440/492/527 439/491/526 441/497/532 442/498/533
f 442/498/533 441/497/532 443/499/534 444/500/535
f 444/500/535 443/499/534 445/501/536 446/502/537
f 447/496/531 448/495/530 450/503/538 449/504/539
f 396/505/540 397/506/541 442/498/533 444/500/535
f 361/507/542 438/494/529 447/496/531 519/508/543
f 441/497/532 345/509/402 306/510/403 443/499/534
f 398/511/544 399/512/545 432/489/524 440/492/527
f 431/490/525 362/513/414 287/514/417 439/491/526
f 381/515/442 430/485/520 524/516/546 523/517/443
f 443/499/534 306/510/403 320/518/449 445/501/536
f 395/519/547 396/505/540 444/500/535 446/502/537
f 397/506/541 398/511/544 440/492/527 442/498/533
f 439/491/526 287/514/417 345/509/402 441/497/532
f 448/495/530 396/505/540 395/519/547 450/503/538
f 437/493/528 397/506/541 396/505/540 448/495/530
f 435/487/522 398/511/544 397/506/541 437/493/528
f 429/486/521 399/512/545 398/511/544 435/487/522
f 451/520/548 480/521/549 373/393/433 372/392/432
f 452/522/550 451/520/548 372/392/432 382/390/430
f 455/523/551 452/522/550 382/390/430 371/387/427
f 479/524/552 453/525/553 327/419/459 326/418/458
f 453/525/553 454/526/554 386/420/460 327/419/459
f 454/526/554 457/527/555 328/421/461 386/420/460
f 456/528/556 455/523/551 371/387/427 370/386/426
f 487/529/557 597/450/488 369/446/484 488/530/558
f 457/527/555 458/531/559 329/422/462 328/421/461
f 601/462/497 602/532/560 491/533/561 332/458/494
f 459/534/562 460/535/563 316/405/445 315/404/444
f 493/536/564 459/534/562 315/404/444 342/457/493
f 460/535/563 467/537/565 317/406/446 316/405/445
f 462/538/566 461/539/567 367/384/424 366/382/422
f 461/539/567 496/540/568 368/445/483 367/384/424
f 469/541/569 462/538/566 366/382/422 365/380/420
f 463/542/570 472/543/571 379/397/437 378/396/436
f 474/544/572 465/545/573 324/417/457 323/415/455
f 465/545/573 466/546/574 426/547/575 427/548/576
f 466/546/574 481/549/577 425/550/578 426/547/575
f 467/537/565 468/551/579 318/407/447 317/406/446
f 468/551/579 475/552/580 319/408/448 318/407/447
f 470/553/581 469/541/569 365/380/420 364/378/418
f 477/554/582 470/553/581 364/378/418 363/375/415
f 471/555/583 483/556/584 381/402/442 380/400/440
f 472/543/571 471/555/583 380/400/440 379/397/437
f 484/557/585 473/558/586 322/413/453 321/412/452
f 473/558/586 474/544/572 323/415/455 322/413/453
f 475/552/580 476/559/587 320/409/449 319/408/448
f 476/560/587 503/561/588 445/501/536 320/518/449
f 478/562/589 477/554/582 363/375/415 362/374/414
f 502/563/590 478/564/589 362/513/414 431/490/525
f 492/565/591 479/524/552 326/418/458 338/461/496
f 480/521/549 485/566/592 374/451/489 373/393/433
f 325/465/500 481/549/577 494/567/593 341/459/495
f 495/568/594 482/569/595 377/466/501 376/454/491
f 483/570/584 499/571/596 430/485/520 381/515/442
f 506/572/597 484/573/585 321/574/452 449/504/539
f 485/566/592 486/575/598 413/424/464 374/451/489
f 494/567/593 387/576/599 337/460/472 341/459/495
f 489/577/600 492/565/591 338/461/496 409/431/471
f 490/578/601 493/536/564 342/457/493 332/458/494
f 491/533/561 490/578/601 332/458/494
f 497/579/602 495/568/594 376/454/491 375/453/465
f 496/540/568 488/530/558 369/446/484 368/445/483
f 499/571/596 498/580/603 429/486/521 430/485/520
f 498/580/603 500/581/604 399/512/545 429/486/521
f 500/581/604 501/582/605 432/489/524 399/512/545
f 501/582/605 502/563/590 431/490/525 432/489/524
f 503/561/588 504/583/606 446/502/537 445/501/536
f 504/583/606 505/584/607 395/519/547 446/502/537
f 505/584/607 507/585/608 450/503/538 395/519/547
f 507/585/608 506/572/597 449/504/539 450/503/538
f 390/586/609 391/587/610 467/588/565 460/589/563
f 469/590/569 403/591/611 404/592/612 462/593/566
f 392/594/613 393/595/614 475/596/580 468/597/579
f 477/598/582 401/599/615 402/600/616 470/601/581
f 393/595/614 394/602/617 476/603/587 475/596/580
f 478/604/589 400/605/618 401/599/615 477/598/582
f 611/606/619 612/607/620 613/608/621 614/609/622
f 545/610/623 562/611/624 566/612/625 548/613/626
f 389/614/627 390/586/609 460/589/563 459/615/562
f 462/593/566 404/592/612 405/616/628 461/617/567
f 391/587/610 392/594/613 468/597/579 467/588/565
f 470/601/581 402/600/616 403/591/611 469/590/569
f 549/618/629 561/619/630 562/611/624 545/610/623
f 388/620/631 408/621/632 387/576/599 494/567/593
f 496/622/568 406/623/633 407/624/634 488/625/558
f 388/620/631 389/614/627 459/615/562 493/626/564
f 461/617/567 405/616/628 406/623/633 496/622/568
f 482/569/595 464/627/635 418/628/636 419/629/637
f 464/627/635 463/542/570 417/630/638 418/628/636
f 324/417/457 465/545/573 427/548/576 428/476/511
f 420/472/507 377/466/501 482/569/595 419/629/637
f 463/542/570 378/396/436 416/474/509 417/630/638
f 615/631/639 616/632/640 617/633/641 618/634/642
f 619/635/643 620/636/644 616/632/640 615/631/639
f 494/567/593 481/549/577 389/614/627 388/620/631
f 466/546/574 390/586/609 389/614/627 481/549/577
f 465/545/573 391/587/610 390/586/609 466/546/574
f 474/544/572 392/594/613 391/587/610 465/545/573
f 473/558/586 393/595/614 392/594/613 474/544/572
f 484/557/585 394/602/617 393/595/614 473/558/586
f 401/599/615 400/605/618 483/556/584 471/555/583
f 402/600/616 401/599/615 471/555/583 472/543/571
f 403/591/611 402/600/616 472/543/571 463/542/570
f 404/592/612 403/591/611 463/542/570 464/627/635
f 405/616/628 404/592/612 464/627/635 482/569/595
f 406/623/633 405/616/628 482/569/595 495/568/594
f 407/624/634 406/623/633 495/568/594 497/579/602
f 564/637/645 565/638/646 551/639/647 552/640/648
f 547/641/649 563/642/650 586/643/651 553/644/652
f 621/645/653 622/646/654 623/647/655 624/648/656
f 592/649/657 536/650/658 534/651/659 587/652/660
f 498/580/603 499/571/596 433/653/661 500/581/604
f 502/563/590 501/582/605 500/581/604 433/653/661
f 504/583/606 503/561/588 434/654/662 505/584/607
f 505/584/607 434/654/662 506/572/597 507/585/608
f 394/655/617 434/654/662 503/561/588 476/560/587
f 502/563/590 433/653/661 400/656/618 478/564/589
f 506/572/597 434/654/662 394/655/617 484/573/585
f 400/656/618 433/653/661 499/571/596 483/570/584
f 481/549/577 325/465/500 424/478/513 425/550/578
f 307/657/663 308/658/664 511/355/395 510/354/394
f 361/659/665 519/660/666 522/360/400 512/661/667
f 521/361/401 520/662/668 307/657/663 510/354/394
f 308/658/664 309/663/669 514/373/413 511/355/395
f 309/663/669 414/469/670 514/373/413
f 415/480/671 298/664/672 516/479/514
f 298/664/672 299/665/673 517/481/516 516/479/514
f 299/665/673 300/666/674 518/482/517 517/481/516
f 300/666/674 523/667/675 526/483/518 518/482/517
f 525/484/519 524/668/676 361/659/665 512/661/667
f 449/504/539 519/508/543 447/496/531
f 524/516/546 436/488/523 438/494/529 361/507/542
f 519/660/666 520/669/668 521/361/401 522/360/400
f 523/670/675 524/668/676 525/484/519 526/483/518
f 520/671/451 519/508/543 449/504/539 321/574/452
f 509/353/393 525/484/519 512/661/667
f 524/516/546 430/485/520 436/488/523
f 509/353/393 512/661/667 522/360/400
f 458/672/559 457/673/555 529/674/677 528/675/678
f 457/673/555 454/676/554 527/677/679 529/674/677
f 596/678/680 602/679/560 458/672/559 528/675/678
f 454/676/554 453/680/553 532/681/681 527/677/679
f 453/680/553 479/682/552 531/683/682 532/681/681
f 479/682/552 492/684/591 533/685/683 531/683/682
f 535/686/684 408/687/632 490/688/601
f 535/686/684 490/688/601 491/689/561 595/690/685
f 492/684/591 489/691/600 536/692/658 533/685/683
f 489/693/600 609/694/686 534/651/659 536/650/658
f 452/695/550 455/696/551 539/697/687 538/698/688
f 455/699/551 456/700/556 537/701/689 539/702/687
f 456/700/556 487/703/557 540/704/690 537/701/689
f 485/705/592 480/706/549 542/707/691 541/708/692
f 480/706/549 451/709/548 543/710/693 542/707/691
f 451/709/548 452/695/550 538/698/688 543/710/693
f 555/711/694 557/712/695 558/713/696
f 486/714/598 485/705/592 541/708/692 544/715/697
f 556/716/698 557/712/695 555/711/694 560/717/699
f 487/703/557 488/718/558 407/719/634 540/704/690
f 538/720/688 539/721/687 548/722/700 547/723/701
f 539/721/687 537/724/689 545/725/702 548/722/700
f 537/724/689 540/726/690 549/727/703 545/725/702
f 541/728/692 542/729/691 552/730/704 551/731/705
f 542/732/691 543/733/693 553/734/706 552/735/704
f 543/733/693 538/720/688 547/723/701 553/734/706
f 544/736/697 541/728/692 551/731/705 554/737/707
f 540/726/690 407/738/634 556/739/708 549/727/703
f 556/739/708 407/738/634 497/740/602 557/741/709
f 570/742/710 486/714/598 544/715/697 571/743/711
f 565/638/646 559/744/712 554/745/713 551/639/647
f 573/746/714 572/747/715 574/748/716 575/749/717
f 576/750/718 573/746/714 575/749/717 577/751/719
f 578/752/720 579/753/721 580/754/722 585/755/723
f 572/747/715 570/756/710 571/757/711 574/748/716
f 567/758/724 559/744/712 565/638/646 550/759/725
f 568/760/726 567/758/724 550/759/725 546/761/727
f 579/753/721 581/762/728 582/763/729 580/754/722
f 546/761/727 550/759/725 569/764/730
f 548/765/626 566/766/625 563/642/650 547/641/649
f 584/767/731 583/768/732 576/750/718 577/751/719
f 556/716/698 560/717/699 561/619/630 549/618/629
f 578/752/720 583/768/732 584/767/731 579/753/721
f 555/769/694 558/770/696 486/771/598 570/772/710
f 554/737/707 559/773/733 571/774/711 544/736/697
f 561/775/630 560/776/699 572/777/715 573/778/714
f 567/779/734 575/780/717 574/781/716
f 562/782/624 561/775/630 573/778/714 576/783/718
f 567/779/734 568/784/735 577/785/719 575/780/717
f 585/786/723 586/787/651 563/788/650 578/789/720
f 560/776/699 555/769/694 570/772/710 572/777/715
f 559/773/733 567/779/734 574/781/716 571/774/711
f 569/790/736 550/791/725 581/792/728 579/793/721
f 550/791/725 565/794/646 582/795/729 581/792/728
f 565/794/646 564/796/645 580/797/722 582/795/729
f 566/798/625 562/782/624 576/783/718 583/799/732
f 568/784/735 546/800/737 584/801/731 577/785/719
f 563/788/650 566/798/625 583/799/732 578/789/720
f 546/800/737 569/790/736 579/793/721 584/801/731
f 564/796/645 586/787/651 585/786/723 580/797/722
f 553/644/652 586/643/651 564/637/645 552/640/648
f 497/802/602 375/425/465 557/803/709
f 375/425/465 413/424/464 558/804/696 557/803/695
f 486/575/598 558/804/696 413/424/464
f 603/805/738 592/649/657 587/652/660 530/806/739
f 590/807/740 593/808/741 607/809/742 605/810/743
f 606/811/744 594/812/745 590/807/740 605/810/743
f 619/635/643 625/813/746 626/814/747 620/636/644
f 618/634/642 617/633/641 627/815/748 628/816/749
f 628/816/749 627/815/748 612/607/620 611/606/619
f 629/817/750 630/818/751 621/645/653 624/648/656
f 588/819/752 610/820/753 604/821/754 589/822/755
f 487/529/557 456/528/556 370/386/426 597/450/488
f 599/436/476 598/449/487 293/389/429 353/364/404
f 600/437/477 599/436/476 353/364/404 314/365/405
f 601/462/497 600/437/477 314/365/405 329/422/462
f 458/531/559 602/532/560 601/462/497 329/422/462
f 369/446/484 597/450/488 598/449/487 333/447/485
f 491/689/561 602/679/560 596/678/680 595/690/685
f 613/608/621 630/818/751 629/817/750 614/609/622
f 608/823/756 603/805/738 530/806/739 591/824/757
f 634/825/758 633/826/759 635/827/760 636/828/758
f 607/809/742 593/808/741 589/822/755 604/821/754
f 622/646/654 631/829/761 632/830/762 623/647/655
f 591/824/757 594/812/745 606/811/744 608/823/756
f 408/621/632 388/620/631 493/626/564 490/831/601
f 637/832/763 633/826/759 638/833/764
f 635/827/760 633/826/759 637/832/763 639/834/765
f 594/835/745 591/836/757 613/837/621 612/838/620
f 528/839/678 529/840/677 611/841/766 614/842/767
f 589/843/755 593/844/741 617/845/641 616/846/640
f 532/847/681 531/848/682 615/849/768 618/850/769
f 588/851/752 589/843/755 616/846/640 620/852/770
f 531/848/682 533/853/683 619/854/771 615/849/768
f 587/855/660 534/856/659 622/857/654 621/858/653
f 535/859/684 595/860/685 624/861/772 623/862/773
f 533/853/683 536/863/658 625/864/774 619/854/771
f 536/863/658 592/865/657 626/866/775 625/864/774
f 593/844/741 590/867/740 627/868/748 617/845/641
f 527/869/679 532/847/681 618/850/769 628/870/776
f 590/867/740 594/835/745 612/838/620 627/868/748
f 529/840/677 527/869/679 628/870/776 611/841/766
f 530/871/739 587/855/660 621/858/653 630/872/751
f 595/860/685 596/873/680 629/874/777 624/861/772
f 591/836/757 530/871/739 630/872/751 613/837/621
f 596/873/680 528/839/678 614/842/767 629/874/777
f 534/856/659 609/875/686 631/876/761 622/857/654
f 408/877/632 535/859/684 623/862/773 632/878/778
f 604/879/754 610/880/753 633/881/779 634/882/780
f 605/883/743 607/884/742 636/885/781 635/886/782
f 607/884/742 604/879/754 634/882/780 636/885/781
f 603/887/738 608/888/756 637/889/783 638/890/784
f 608/888/756 606/891/744 639/892/785 637/889/783
f 606/891/744 605/883/743 635/886/782 639/892/785
f 489/577/600 409/431/471 631/893/761 609/894/686
f 409/431/471 337/432/472 632/895/762 631/893/761
f 337/896/472 387/897/599 408/877/632 632/878/778
f 620/636/644 626/814/747 638/833/764 633/826/759
f 626/866/775 592/865/657 603/887/738 638/890/784
f 588/851/752 620/852/770 633/898/779 610/899/753
o strap_r_Mesh.004
v -0.419811 -0.487488 -0.113538
v -0.426963 -0.396275 -0.112273
v -0.428614 -0.396275 -0.022311
v -0.425054 -0.486236 -0.022311
v -0.428614 -0.396275 -0.082854
v -0.426220 -0.487488 -0.083258
v -0.421633 -0.487488 -0.043184
v -0.428614 -0.396275 -0.043920
v -0.426963 -0.422407 -0.112273
v -0.443388 -0.421791 -0.083258
v -0.444831 -0.421791 -0.043184
v -0.428614 -0.422407 -0.022311
v -0.419811 -0.459606 -0.113538
v -0.439991 -0.459606 -0.083258
v -0.440927 -0.459606 -0.043184
v -0.425716 -0.459147 -0.022311
v -0.427727 -0.482908 -0.109003
v -0.425484 -0.486236 -0.112273
v -0.430127 -0.459147 -0.112273
v -0.432467 -0.459606 -0.109685
v -0.437053 -0.399756 -0.109546
v -0.434991 -0.396275 -0.112273
v -0.440958 -0.396275 -0.082346
v -0.442707 -0.399452 -0.083258
v -0.440342 -0.399617 -0.024924
v -0.438090 -0.396275 -0.022311
v -0.437686 -0.421791 -0.024777
v -0.435340 -0.422101 -0.022311
v -0.430623 -0.483308 -0.025048
v -0.428543 -0.486236 -0.022311
v -0.436354 -0.486236 -0.044311
v -0.438185 -0.483325 -0.043184
v -0.445279 -0.396275 -0.044440
v -0.447028 -0.399452 -0.043184
v -0.436056 -0.486236 -0.082565
v -0.438165 -0.483325 -0.083258
v -0.435723 -0.421791 -0.109812
v -0.433289 -0.422149 -0.112273
v -0.434461 -0.459606 -0.024549
v -0.431942 -0.458955 -0.022311
v -0.279220 0.538014 -0.142155
v -0.288922 0.585079 -0.097841
v -0.201676 0.589193 -0.098234
v -0.194817 0.547856 -0.134559
v -0.289169 0.592461 -0.053244
v -0.201674 0.596204 -0.053244
v -0.292408 0.570995 -0.012237
v -0.300023 0.501464 0.012346
v -0.222769 0.508779 0.011163
v -0.203190 0.574724 -0.012237
v -0.218914 0.170089 -0.260935
v -0.161055 0.168026 -0.257314
v -0.222640 0.379153 -0.199581
v -0.167606 0.382657 -0.200872
v -0.279475 0.542991 -0.148531
v -0.289121 0.592490 -0.101648
v -0.201875 0.596604 -0.102041
v -0.195072 0.552833 -0.140935
v -0.289539 0.600836 -0.052026
v -0.202044 0.604579 -0.052026
v -0.290588 0.576628 -0.005736
v -0.300071 0.499998 0.021277
v -0.222818 0.507312 0.020094
v -0.203410 0.580357 -0.005736
v -0.218520 0.171168 -0.271172
v -0.160662 0.169105 -0.265291
v -0.222900 0.383456 -0.207315
v -0.167865 0.383456 -0.208606
v -0.333193 0.020542 0.148997
v -0.271676 0.029524 0.190458
v -0.274921 0.034047 0.196204
v -0.333193 0.025065 0.154743
v -0.336202 -0.065746 0.155807
v -0.336202 -0.065746 0.161553
v -0.283229 -0.065454 0.198506
v -0.279984 -0.065454 0.192760
v -0.201251 0.334040 -0.191214
v -0.201415 0.327926 -0.195952
v -0.166634 0.326906 -0.196743
v -0.166470 0.333019 -0.192005
v -0.207851 0.353459 -0.202859
v -0.201251 0.339607 -0.198493
v -0.207487 0.353135 -0.211014
v -0.201415 0.339114 -0.207338
v -0.166866 0.353264 -0.212265
v -0.166634 0.339122 -0.208815
v -0.166509 0.353611 -0.204368
v -0.166470 0.339588 -0.200143
v -0.200540 0.314207 -0.198233
v -0.200313 0.320317 -0.199233
v -0.166961 0.314697 -0.201079
v -0.166735 0.320807 -0.202079
v -0.203382 0.313969 -0.210100
v -0.207088 0.304431 -0.219470
v -0.206863 0.306018 -0.227410
v -0.204611 0.316303 -0.219735
v -0.164155 0.301805 -0.218620
v -0.164214 0.312912 -0.210801
v -0.163870 0.303364 -0.226438
v -0.163202 0.314547 -0.219775
v -0.315354 0.282856 0.062358
v -0.241605 0.298478 0.084955
v -0.316660 0.285141 0.066887
v -0.241669 0.302284 0.090814
v -0.307710 0.323392 0.043035
v -0.308889 0.326361 0.049767
v -0.236001 0.341786 0.070973
v -0.235099 0.337214 0.064757
v -0.319609 0.280755 0.054305
v -0.235106 0.296615 0.081292
v -0.312171 0.319661 0.035619
v -0.228802 0.333722 0.061816
v -0.236150 0.306103 0.098207
v -0.230733 0.343861 0.079142
v -0.323225 0.288583 0.069410
v -0.315667 0.327888 0.052881
v -0.322126 -0.122365 0.160578
v -0.322126 -0.122365 0.166324
v -0.295898 -0.122362 0.178124
v -0.299143 -0.122362 0.183870
v -0.330842 0.131548 0.124624
v -0.321306 0.245858 0.076721
v -0.262677 0.151123 0.156314
v -0.250882 0.262615 0.105407
v -0.330842 0.136056 0.130373
v -0.321581 0.250021 0.081898
v -0.265928 0.155561 0.162084
v -0.253232 0.266923 0.111195
v -0.255275 0.459934 -0.177967
v -0.255353 0.464574 -0.185027
v -0.181308 0.466086 -0.181904
v -0.181230 0.463209 -0.174844
v -0.222528 -0.028056 -0.333289
v -0.222135 -0.026977 -0.343525
v -0.164670 -0.030119 -0.329668
v -0.164276 -0.029040 -0.337644
v -0.289913 -0.363185 -0.441880
v -0.286325 -0.363313 -0.452117
v -0.226781 -0.387795 -0.438260
v -0.223983 -0.387643 -0.446236
v -0.463638 -0.496674 -0.340583
v -0.468767 -0.498574 -0.344775
v -0.458355 -0.559228 -0.338804
v -0.464112 -0.560536 -0.340736
v -0.418443 -0.500408 -0.382450
v -0.423586 -0.503545 -0.388957
v -0.408891 -0.567657 -0.380936
v -0.413539 -0.569993 -0.386329
v -0.443498 -0.431106 -0.108387
v -0.453294 -0.431548 -0.108387
v -0.434458 -0.488300 -0.108387
v -0.444305 -0.488742 -0.108387
v -0.483694 -0.441232 -0.161150
v -0.493068 -0.443426 -0.163180
v -0.485032 -0.500656 -0.161972
v -0.476138 -0.498788 -0.161084
v -0.504728 -0.459709 -0.211335
v -0.501486 -0.481531 -0.276804
v -0.497923 -0.517351 -0.210832
v -0.495194 -0.539038 -0.275530
v -0.512916 -0.461596 -0.213245
v -0.508642 -0.482922 -0.278437
v -0.505814 -0.518949 -0.211546
v -0.502302 -0.540217 -0.276055
v -0.351562 -0.476079 -0.435931
v -0.392548 -0.495625 -0.406841
v -0.355046 -0.481218 -0.444182
v -0.396699 -0.498778 -0.414514
v -0.319539 -0.537022 -0.445109
v -0.362904 -0.559245 -0.421601
v -0.322936 -0.540244 -0.451833
v -0.366514 -0.561750 -0.428033
v -0.310493 -0.417285 -0.445962
v -0.336004 -0.458128 -0.442647
v -0.311477 -0.423991 -0.456200
v -0.338115 -0.463406 -0.451613
v -0.256287 -0.457450 -0.452749
v -0.281915 -0.497816 -0.453908
v -0.257337 -0.461068 -0.460727
v -0.283708 -0.500702 -0.461245
v -0.236743 -0.153895 -0.378052
v -0.262109 -0.273902 -0.416494
v -0.235022 -0.152736 -0.388260
v -0.259184 -0.273033 -0.426653
v -0.176552 -0.156119 -0.374489
v -0.197994 -0.277054 -0.410915
v -0.176155 -0.155003 -0.382452
v -0.196720 -0.276177 -0.418860
v -0.436289 -0.521352 0.051835
v -0.440927 -0.521443 0.052158
v -0.434715 -0.532959 0.038504
v -0.439368 -0.533050 0.038829
v -0.442052 -0.458011 0.014030
v -0.439498 -0.491560 0.040625
v -0.451832 -0.458353 0.014643
v -0.446404 -0.491801 0.041058
v -0.436447 -0.502559 -0.023744
v -0.435470 -0.522790 0.014135
v -0.446278 -0.502905 -0.023129
v -0.442412 -0.523032 0.014570
v -0.196884 0.297055 -0.207351
v -0.202531 0.302457 -0.205909
v -0.206910 0.300465 -0.215598
v -0.201263 0.295064 -0.217040
v -0.202663 0.336007 -0.193959
v -0.197073 0.342086 -0.194429
v -0.201497 0.348757 -0.201705
v -0.207087 0.343333 -0.203278
v -0.170849 0.342138 -0.194121
v -0.165202 0.337451 -0.197792
v -0.160635 0.343424 -0.202734
v -0.166282 0.348826 -0.201292
v -0.165070 0.302652 -0.205847
v -0.170660 0.297055 -0.207351
v -0.166048 0.295132 -0.216627
v -0.160458 0.300556 -0.215053
v -0.211832 0.294298 -0.213465
v -0.206623 0.289315 -0.214795
v -0.206906 0.352466 -0.196827
v -0.212063 0.347462 -0.198278
v -0.155793 0.347573 -0.197618
v -0.161002 0.352556 -0.196288
v -0.160719 0.289404 -0.214257
v -0.155562 0.294408 -0.212805
v -0.211940 0.292991 -0.208127
v -0.206731 0.288008 -0.209456
v -0.207014 0.351159 -0.191488
v -0.212171 0.346156 -0.192939
v -0.155901 0.346266 -0.192279
v -0.161110 0.351249 -0.190950
v -0.160827 0.288098 -0.208918
v -0.155670 0.293101 -0.207467
v -0.207098 0.297140 -0.203012
v -0.201451 0.291738 -0.204453
v -0.201685 0.345431 -0.189119
v -0.207276 0.340007 -0.190692
v -0.160823 0.340098 -0.190147
v -0.166470 0.345500 -0.188706
v -0.166236 0.292270 -0.205485
v -0.160646 0.297405 -0.203838
v -0.449017 -0.492065 -0.090614
v -0.452265 -0.486639 -0.083207
v -0.463711 -0.493329 -0.083326
v -0.460463 -0.498754 -0.090733
v -0.453471 -0.443846 -0.074685
v -0.453954 -0.435719 -0.080728
v -0.466432 -0.431598 -0.078972
v -0.468390 -0.439683 -0.073908
v -0.441805 -0.429513 -0.109832
v -0.441221 -0.434895 -0.118308
v -0.446870 -0.428689 -0.125463
v -0.450118 -0.423263 -0.118055
v -0.435360 -0.477766 -0.124963
v -0.437173 -0.486025 -0.119876
v -0.444149 -0.490420 -0.129816
v -0.442190 -0.482334 -0.134880
v -0.461124 -0.500822 -0.077199
v -0.458128 -0.505827 -0.084032
v -0.465224 -0.426866 -0.070224
v -0.467030 -0.434324 -0.065553
v -0.440962 -0.421007 -0.128003
v -0.443958 -0.416002 -0.121170
v -0.436862 -0.494963 -0.134978
v -0.435056 -0.487504 -0.139649
v -0.454964 -0.500486 -0.074492
v -0.451968 -0.505491 -0.081324
v -0.459063 -0.426530 -0.067517
v -0.460869 -0.433989 -0.062845
v -0.434801 -0.420671 -0.125296
v -0.437797 -0.415666 -0.118463
v -0.430701 -0.494627 -0.132270
v -0.428895 -0.487169 -0.136942
v -0.449056 -0.492804 -0.077032
v -0.445808 -0.498230 -0.084439
v -0.451777 -0.431073 -0.072679
v -0.453735 -0.439159 -0.067615
v -0.432215 -0.428165 -0.119169
v -0.435463 -0.422739 -0.111762
v -0.431220 -0.489867 -0.124215
v -0.429064 -0.482089 -0.129263
v -0.446912 -0.435295 -0.038823
v -0.456678 -0.435721 -0.038058
v -0.439267 -0.490570 -0.054404
v -0.449084 -0.490996 -0.053636
v -0.455043 -0.440992 -0.020279
v -0.445273 -0.440598 -0.020994
v -0.437777 -0.495579 -0.038207
v -0.447598 -0.495977 -0.037483
v -0.440866 -0.429525 -0.037505
v -0.465874 -0.430465 -0.035459
v -0.464299 -0.434910 -0.018336
v -0.439284 -0.434006 -0.020301
v -0.430005 -0.496330 -0.056353
v -0.455083 -0.497272 -0.054292
v -0.428590 -0.500459 -0.040958
v -0.453675 -0.501366 -0.038977
v -0.467128 -0.470903 -0.078026
v -0.465699 -0.471401 -0.081465
v -0.464359 -0.469838 -0.080304
v -0.470264 -0.469555 -0.083210
v -0.468653 -0.471260 -0.082918
v -0.470466 -0.470743 -0.079668
v -0.448655 -0.460293 -0.111294
v -0.449996 -0.461856 -0.112455
v -0.448418 -0.459531 -0.114949
v -0.451756 -0.459371 -0.116591
v -0.452949 -0.461715 -0.113908
v -0.454561 -0.460010 -0.114199
v -0.448926 -0.457025 -0.110425
v -0.448724 -0.455836 -0.113966
v -0.450538 -0.455320 -0.110716
v -0.453491 -0.455179 -0.112169
v -0.452062 -0.455677 -0.115609
v -0.454832 -0.456742 -0.113330
v -0.464630 -0.466570 -0.079435
v -0.466242 -0.464865 -0.079727
v -0.467435 -0.467209 -0.077043
v -0.470773 -0.467049 -0.078685
v -0.469195 -0.464724 -0.081180
v -0.470535 -0.466287 -0.082341
v -0.428791 -0.474095 -0.116293
v -0.435280 -0.428173 -0.108856
v -0.443945 -0.415402 -0.128696
v -0.433880 -0.491637 -0.142492
v -0.433470 -0.417134 -0.125004
v -0.426066 -0.491384 -0.137683
v -0.430543 -0.424387 -0.117688
v -0.426180 -0.485528 -0.128456
v -0.439458 -0.483487 -0.121646
v -0.445603 -0.431081 -0.110509
v -0.431435 -0.481560 -0.104027
v -0.437924 -0.435637 -0.096589
v -0.432089 -0.474217 -0.117253
v -0.438332 -0.428295 -0.110098
v -0.442585 -0.430586 -0.111813
v -0.436673 -0.482992 -0.122526
v -0.442792 -0.417555 -0.124157
v -0.435319 -0.490274 -0.138381
v -0.436025 -0.418770 -0.122955
v -0.430279 -0.490024 -0.134867
v -0.434708 -0.423081 -0.117629
v -0.429686 -0.485752 -0.128276
v -0.429061 -0.481007 -0.105817
v -0.435304 -0.435084 -0.098662
v -0.453296 -0.420450 -0.125220
v -0.454339 -0.426904 -0.117893
v -0.447115 -0.486007 -0.128353
v -0.445050 -0.489563 -0.137453
v -0.449394 -0.421119 -0.121588
v -0.449189 -0.428031 -0.115530
v -0.442544 -0.484502 -0.125497
v -0.442506 -0.489076 -0.133412
vt 0.824444 0.488199
vt 0.800860 0.488570
vt 0.800599 0.466294
vt 0.823946 0.465842
vt 0.784459 0.451562
vt 0.782292 0.449306
vt 0.800844 0.450643
vt 0.800598 0.452682
vt 0.784427 0.465812
vt 0.782340 0.465916
vt 0.784395 0.488496
vt 0.782310 0.488195
vt 0.784851 0.501868
vt 0.782873 0.504112
vt 0.800968 0.501770
vt 0.801390 0.503961
vt 0.824413 0.500952
vt 0.823735 0.502921
vt 0.835730 0.501791
vt 0.837744 0.504113
vt 0.836372 0.487888
vt 0.838462 0.487553
vt 0.835677 0.464853
vt 0.837757 0.464971
vt 0.834584 0.450287
vt 0.836291 0.448101
vt 0.823317 0.452190
vt 0.822682 0.450284
vt 0.778465 0.487807
vt 0.777919 0.503936
vt 0.800126 0.511436
vt 0.824538 0.513505
vt 0.843819 0.503678
vt 0.842615 0.486938
vt 0.823788 0.441686
vt 0.799673 0.444955
vt 0.781935 0.509015
vt 0.780608 0.446044
vt 0.836632 0.445902
vt 0.839073 0.510484
vt 0.776156 0.464877
vt 0.841501 0.464236
vt 0.778898 0.447972
vt 0.838416 0.447649
vt 0.488106 0.137952
vt 0.485924 0.169074
vt 0.447788 0.164413
vt 0.447251 0.137485
vt 0.482631 0.189938
vt 0.446266 0.185636
vt 0.480156 0.210810
vt 0.481043 0.243435
vt 0.449748 0.238072
vt 0.445456 0.206232
vt 0.474814 0.051100
vt 0.481499 0.093629
vt 0.446159 0.089055
vt 0.448331 0.045475
vt 0.492084 0.137517
vt 0.489488 0.169207
vt 0.444149 0.164137
vt 0.443315 0.137087
vt 0.486143 0.190447
vt 0.442786 0.185541
vt 0.483600 0.211217
vt 0.484440 0.242010
vt 0.446341 0.236557
vt 0.442315 0.206613
vt 0.478604 0.049276
vt 0.485124 0.092018
vt 0.442327 0.088954
vt 0.444499 0.045780
vt 0.587557 0.471419
vt 0.552139 0.469342
vt 0.560823 0.423979
vt 0.591870 0.429389
vt 0.633980 0.474281
vt 0.630730 0.476401
vt 0.625237 0.427295
vt 0.628353 0.426518
vt 0.597342 0.477117
vt 0.594366 0.429306
vt 0.472537 0.019136
vt 0.470457 0.015523
vt 0.486591 0.005964
vt 0.488651 0.009587
vt 0.053847 0.779530
vt 0.051309 0.780301
vt 0.052503 0.773609
vt 0.052790 0.773645
vt 0.475815 0.033518
vt 0.474178 0.023810
vt 0.491520 0.014441
vt 0.495601 0.021372
vt 0.471189 0.034360
vt 0.469449 0.026409
vt 0.450685 0.030803
vt 0.451720 0.024028
vt 0.446633 0.030265
vt 0.448185 0.021540
vt 0.503294 0.035527
vt 0.470220 0.018527
vt 0.452464 0.015453
vt 0.448012 0.015616
vt 0.069407 0.775250
vt 0.059868 0.780472
vt 0.062370 0.776742
vt 0.066725 0.773570
vt 0.053558 0.771451
vt 0.054107 0.769369
vt 0.052424 0.772192
vt 0.051763 0.769639
vt 0.081754 0.718025
vt 0.056315 0.716025
vt 0.086036 0.719745
vt 0.052849 0.716535
vt 0.044452 0.778295
vt 0.038049 0.773381
vt 0.027317 0.716597
vt 0.450598 0.309342
vt 0.447590 0.310385
vt 0.481738 0.315387
vt 0.484713 0.316083
vt 0.515802 0.236876
vt 0.515765 0.310654
vt 0.957565 0.746329
vt 0.957557 0.756732
vt 0.953331 0.752679
vt 0.953435 0.749220
vt 0.958385 0.810675
vt 0.954073 0.808516
vt 0.954221 0.761322
vt 0.960724 0.676747
vt 0.960843 0.688873
vt 0.956579 0.684351
vt 0.956340 0.679708
vt 0.984137 0.810542
vt 0.984210 0.757492
vt 0.988812 0.760983
vt 0.987693 0.807261
vt 0.984444 0.745859
vt 0.988583 0.748511
vt 0.988346 0.753387
vt 0.987930 0.690204
vt 0.988033 0.677485
vt 0.992180 0.680750
vt 0.992376 0.685886
vt 0.954383 0.736294
vt 0.955819 0.699483
vt 0.991171 0.695729
vt 0.988856 0.743525
vt 0.596387 0.401566
vt 0.594236 0.399410
vt 0.610443 0.396389
vt 0.611339 0.399714
vt 0.593306 0.401657
vt 0.577562 0.398101
vt 0.614302 0.397942
vt 0.589361 0.533160
vt 0.587484 0.599205
vt 0.546418 0.604350
vt 0.547560 0.538282
vt 0.592990 0.534592
vt 0.590743 0.600257
vt 0.635737 0.540663
vt 0.634536 0.606352
vt 0.630532 0.606956
vt 0.631679 0.541668
vt 0.632322 0.629847
vt 0.589828 0.620679
vt 0.586803 0.620474
vt 0.544685 0.627276
vt 0.636900 0.628745
vt 0.633237 0.629363
vt 0.090029 0.617662
vt 0.094910 0.619312
vt 0.057459 0.617798
vt 0.061330 0.617165
vt 0.028998 0.616027
vt 0.114366 0.256993
vt 0.107849 0.258195
vt 0.102917 0.211670
vt 0.107724 0.210657
vt 0.066921 0.265621
vt 0.063102 0.265882
vt 0.059654 0.222804
vt 0.063111 0.221372
vt 0.021484 0.264794
vt 0.017991 0.219817
vt 0.085339 0.075236
vt 0.082040 0.079878
vt 0.075592 0.041281
vt 0.079894 0.038829
vt 0.048223 0.090216
vt 0.042781 0.087187
vt 0.036964 0.044585
vt 0.042001 0.045943
vt 0.005371 0.084567
vt 0.004829 0.044563
vt 0.091599 0.110633
vt 0.098630 0.157314
vt 0.093671 0.157870
vt 0.087062 0.113570
vt 0.014752 0.166914
vt 0.009684 0.120453
vt 0.048046 0.127023
vt 0.053835 0.173861
vt 0.053231 0.127964
vt 0.058341 0.172576
vt 0.027447 0.327263
vt 0.023892 0.289477
vt 0.065725 0.291385
vt 0.066667 0.325912
vt 0.115893 0.284259
vt 0.115623 0.329945
vt 0.107896 0.332869
vt 0.109172 0.284832
vt 0.070038 0.325158
vt 0.069382 0.291323
vt 0.025677 0.378549
vt 0.026436 0.344124
vt 0.065589 0.344334
vt 0.065259 0.375275
vt 0.115001 0.346016
vt 0.113663 0.382137
vt 0.106910 0.377741
vt 0.107913 0.342731
vt 0.069063 0.377947
vt 0.069047 0.343033
vt 0.111952 0.418181
vt 0.105631 0.417261
vt 0.068140 0.414769
vt 0.063697 0.415062
vt 0.024757 0.415555
vt 0.115271 0.333961
vt 0.028342 0.544700
vt 0.027108 0.472442
vt 0.062619 0.479668
vt 0.060358 0.549130
vt 0.107818 0.475216
vt 0.101698 0.547991
vt 0.096179 0.546474
vt 0.101851 0.473959
vt 0.064556 0.548582
vt 0.067011 0.479258
vt 0.986016 0.947250
vt 0.969036 0.979103
vt 0.936310 0.968609
vt 0.938190 0.933574
vt 0.894414 0.979574
vt 0.877109 0.947827
vt 0.884510 0.945546
vt 0.898929 0.976219
vt 0.930014 0.933642
vt 0.930886 0.968459
vt 0.916716 0.995853
vt 0.914028 0.998851
vt 0.934785 0.990396
vt 0.930603 0.990102
vt 0.948480 0.997626
vt 0.932536 0.993379
vt 0.918712 0.999260
vt 0.518927 0.076768
vt 0.534489 0.123665
vt 0.107829 0.690577
vt 0.112101 0.680934
vt 0.121381 0.684788
vt 0.117189 0.694523
vt 0.153713 0.679742
vt 0.158005 0.688551
vt 0.146043 0.694303
vt 0.142039 0.685088
vt 0.136030 0.698502
vt 0.134706 0.690768
vt 0.911853 0.609948
vt 0.919842 0.594538
vt 0.933340 0.603889
vt 0.924223 0.617505
vt 0.985694 0.606245
vt 0.992411 0.621564
vt 0.967241 0.626145
vt 0.964173 0.610329
vt 0.950877 0.628667
vt 0.951429 0.616411
vt 0.645160 0.148362
vt 0.646257 0.132586
vt 0.663354 0.137423
vt 0.659549 0.152318
vt 0.706306 0.124865
vt 0.717067 0.135451
vt 0.700280 0.146260
vt 0.692543 0.133551
vt 0.686611 0.153960
vt 0.683183 0.142983
vt 0.256613 0.887415
vt 0.261476 0.877002
vt 0.270253 0.881189
vt 0.265890 0.891422
vt 0.305339 0.875816
vt 0.309433 0.886589
vt 0.295405 0.891945
vt 0.291364 0.881362
vt 0.284451 0.895708
vt 0.283451 0.887354
vt 0.127558 0.698452
vt 0.128717 0.690550
vt 0.938449 0.626045
vt 0.942560 0.614584
vt 0.674751 0.155793
vt 0.674754 0.144326
vt 0.275689 0.895556
vt 0.277147 0.887303
vt 0.156073 0.638039
vt 0.142174 0.632800
vt 0.993286 0.560576
vt 0.983057 0.606328
vt 0.977226 0.548729
vt 0.700908 0.065252
vt 0.704807 0.124861
vt 0.684560 0.059387
vt 0.304220 0.842802
vt 0.303432 0.875843
vt 0.291872 0.836993
vt 0.134953 0.626516
vt 0.968084 0.536739
vt 0.673424 0.051743
vt 0.284146 0.830173
vt 0.128499 0.626252
vt 0.959277 0.535958
vt 0.664420 0.053011
vt 0.277204 0.830002
vt 0.121204 0.632435
vt 0.946336 0.542896
vt 0.656218 0.062571
vt 0.269314 0.836518
vt 0.113944 0.679944
vt 0.115284 0.637988
vt 0.923974 0.593728
vt 0.933489 0.548206
vt 0.649486 0.130650
vt 0.647407 0.070698
vt 0.263655 0.876053
vt 0.261807 0.842416
vt 0.589469 0.273570
vt 0.580821 0.258589
vt 0.594977 0.250069
vt 0.601969 0.265202
vt 0.663425 0.261394
vt 0.656007 0.276056
vt 0.636412 0.266671
vt 0.643425 0.251274
vt 0.624374 0.256878
vt 0.626670 0.243933
vt 0.718813 0.063868
vt 0.708737 0.052068
vt 0.720971 0.044045
vt 0.727556 0.056413
vt 0.778656 0.050776
vt 0.776314 0.064517
vt 0.756490 0.056961
vt 0.761736 0.043748
vt 0.746285 0.048839
vt 0.747850 0.037947
vt 0.866414 0.465391
vt 0.856217 0.452731
vt 0.872448 0.444547
vt 0.878559 0.458508
vt 0.931492 0.453759
vt 0.927750 0.468733
vt 0.909869 0.459939
vt 0.916447 0.445947
vt 0.899122 0.450881
vt 0.901553 0.439102
vt 0.581014 0.342664
vt 0.590618 0.328102
vt 0.601574 0.335971
vt 0.594177 0.350777
vt 0.654039 0.328111
vt 0.660781 0.343399
vt 0.640791 0.352243
vt 0.634601 0.336497
vt 0.623679 0.358572
vt 0.622095 0.345669
vt 0.614478 0.256393
vt 0.612419 0.243314
vt 0.737894 0.048488
vt 0.735768 0.037654
vt 0.890151 0.450538
vt 0.888563 0.438654
vt 0.609608 0.358195
vt 0.612211 0.345508
vt 0.772768 0.123370
vt 0.755225 0.131239
vt 0.926176 0.516635
vt 0.905816 0.523636
vt 0.211509 0.639551
vt 0.210853 0.682944
vt 0.201450 0.688518
vt 0.199849 0.634352
vt 0.744763 0.139717
vt 0.894117 0.532292
vt 0.194171 0.695273
vt 0.192109 0.628129
vt 0.735662 0.139116
vt 0.884282 0.531630
vt 0.187507 0.695735
vt 0.185445 0.628589
vt 0.725670 0.130001
vt 0.873905 0.521309
vt 0.179778 0.689500
vt 0.178981 0.635034
vt 0.715410 0.122750
vt 0.863147 0.512379
vt 0.170185 0.683762
vt 0.172155 0.640409
vt 0.019467 0.791473
vt 0.020707 0.864338
vt 0.011552 0.857296
vt 0.011492 0.796776
vt 0.792889 0.112961
vt 0.792760 0.137031
vt 0.786356 0.130769
vt 0.786337 0.120779
vt 0.792904 0.037849
vt 0.783534 0.105829
vt 0.784963 0.043472
vt 0.810984 0.113025
vt 0.809968 0.038130
vt 0.817753 0.042961
vt 0.820016 0.105153
vt 0.810935 0.137129
vt 0.818008 0.120923
vt 0.817941 0.130894
vt 0.036569 0.864251
vt 0.038821 0.791299
vt 0.046726 0.797304
vt 0.045855 0.857985
vt 0.020910 0.887644
vt 0.014419 0.881668
vt 0.014248 0.872002
vt 0.036585 0.887551
vt 0.042467 0.871863
vt 0.042397 0.881543
vt 0.068155 0.007736
vt 0.072686 0.007347
vt 0.038411 0.018537
vt 0.043117 0.018700
vt 0.009702 0.008028
vt 0.874415 0.915123
vt 0.882544 0.914451
vt 0.938215 0.920019
vt 0.987211 0.913267
vt 0.929693 0.920382
vt 0.727390 0.462091
vt 0.726357 0.471953
vt 0.717550 0.471956
vt 0.716500 0.462099
vt 0.732531 0.471823
vt 0.734023 0.459666
vt 0.745973 0.461829
vt 0.741196 0.472164
vt 0.732467 0.566186
vt 0.726294 0.566040
vt 0.748258 0.472340
vt 0.758997 0.462101
vt 0.756935 0.472422
vt 0.747123 0.565863
vt 0.741106 0.565924
vt 0.727316 0.575880
vt 0.716425 0.575844
vt 0.717490 0.566017
vt 0.733725 0.577794
vt 0.745140 0.575905
vt 0.755791 0.565925
vt 0.757618 0.575994
vt 0.711315 0.566136
vt 0.711373 0.471834
vt 0.770413 0.566475
vt 0.768994 0.578042
vt 0.761794 0.566079
vt 0.762954 0.472391
vt 0.770593 0.460430
vt 0.771599 0.472206
vt 0.745120 0.587959
vt 0.757537 0.587997
vt 0.759275 0.449477
vt 0.746253 0.449227
vt 0.844599 0.007508
vt 0.843833 0.052176
vt 0.837511 0.050622
vt 0.839293 0.007480
vt 0.832592 0.046755
vt 0.835025 0.010949
vt 0.826566 0.045256
vt 0.828658 0.018423
vt 0.861621 0.045997
vt 0.861810 0.014891
vt 0.872799 0.017717
vt 0.871130 0.044827
vt 0.824673 0.045172
vt 0.826666 0.018413
vt 0.841639 0.054271
vt 0.837854 0.052804
vt 0.840468 0.004705
vt 0.844010 0.004917
vt 0.835540 0.051511
vt 0.832073 0.049332
vt 0.833882 0.009605
vt 0.836735 0.006841
vt 0.831133 0.048875
vt 0.825716 0.046812
vt 0.827243 0.017024
vt 0.833307 0.009903
vt 0.862609 0.013382
vt 0.872900 0.015974
vt 0.871006 0.046743
vt 0.861938 0.047960
vt 0.874549 0.017784
vt 0.873093 0.044875
vt 0.849860 0.050586
vt 0.854576 0.047967
vt 0.857575 0.049903
vt 0.852734 0.052155
vt 0.851302 0.010112
vt 0.855979 0.013387
vt 0.854493 0.009477
vt 0.859140 0.013574
vt 0.861275 0.048167
vt 0.856945 0.048524
vt 0.849813 0.053718
vt 0.845353 0.054843
vt 0.847030 0.006419
vt 0.852026 0.007432
vn -0.9931 -0.0807 0.0846
vn -0.9887 -0.0675 -0.1338
vn -0.9859 -0.1002 -0.1344
vn -0.9898 -0.1002 0.1012
vn -0.9119 -0.1946 -0.3613
vn -0.3448 -0.6735 -0.6539
vn -0.3436 -0.9380 -0.0457
vn -0.9760 -0.1639 -0.1435
vn -0.9363 -0.1055 -0.3349
vn -0.3239 -0.0333 -0.9455
vn -0.9475 -0.0591 -0.3141
vn -0.2771 -0.0161 -0.9607
vn -0.9511 0.0644 -0.3020
vn -0.1969 0.8403 -0.5051
vn -0.9887 0.0434 -0.1435
vn -0.2209 0.9747 -0.0327
vn -0.9976 0.0119 0.0689
vn -0.2388 0.9711 0.0036
vn -0.9093 -0.0043 0.4161
vn -0.1590 0.8183 0.5524
vn -0.9099 -0.0893 0.4051
vn -0.2439 -0.0230 0.9695
vn -0.9103 -0.1028 0.4011
vn -0.2821 -0.0312 0.9589
vn -0.8943 -0.1841 0.4077
vn -0.2355 -0.7824 0.5765
vn -0.9804 -0.1593 0.1157
vn -0.3125 -0.9493 0.0348
vn -0.0499 0.0043 -0.9987
vn 0.0000 0.0000 -1.0000
vn -0.0000 1.0000 0.0000
vn 0.0000 0.0000 1.0000
vn -0.0923 -0.9956 0.0148
vn -0.1239 -0.9922 -0.0128
vn -0.1650 -0.9852 -0.0467
vn -0.0708 -0.9968 0.0364
vn -0.1138 -0.0027 -0.9935
vn -0.1577 -0.0133 -0.9874
vn -0.0841 0.5270 -0.8457
vn -0.1150 0.8548 -0.5061
vn 0.0326 0.8578 -0.5129
vn 0.0893 0.5487 -0.8312
vn -0.1139 0.9794 0.1669
vn 0.0305 0.9866 0.1605
vn -0.0960 0.5878 0.8033
vn -0.2252 0.2658 0.9374
vn 0.0062 0.2663 0.9639
vn 0.0532 0.6283 0.7761
vn -0.1169 0.2158 -0.9694
vn -0.0798 0.3507 -0.9331
vn 0.1238 0.3773 -0.9178
vn 0.1249 0.2619 -0.9570
vn -0.9756 -0.1830 -0.1214
vn -0.9953 -0.0806 -0.0543
vn 0.9969 0.0685 0.0378
vn 0.9910 0.1196 0.0598
vn -0.9994 0.0341 0.0015
vn 0.9994 0.0269 0.0197
vn -0.9908 0.1263 0.0478
vn 0.0357 -0.2328 -0.9719
vn 0.2985 -0.2531 -0.9203
vn 0.9879 -0.1400 0.0671
vn -0.6744 -0.3706 0.6386
vn -0.9447 -0.2857 -0.1613
vn 0.9888 0.1450 0.0358
vn 0.6080 -0.0137 0.7938
vn 0.4748 -0.1701 -0.8635
vn 0.6216 -0.1716 -0.7643
vn 0.6512 -0.0626 -0.7563
vn 0.4827 -0.0479 -0.8744
vn -0.4605 0.1731 0.8706
vn -0.4853 0.0227 0.8741
vn -0.6106 0.1554 0.7766
vn -0.6395 0.0294 0.7682
vn -0.1715 0.2402 0.9554
vn -0.1636 -0.9357 -0.3126
vn 0.1134 -0.9395 -0.3231
vn 0.2423 0.2220 0.9445
vn 0.0811 0.1580 0.9841
vn -0.1453 -0.1253 0.9814
vn -0.1963 0.4378 0.8774
vn 0.3133 0.4790 0.8200
vn 0.2449 0.0157 0.9694
vn -0.1610 -0.0192 -0.9868
vn -0.1761 -0.5088 -0.8427
vn 0.1289 0.0158 -0.9915
vn 0.1345 -0.4975 -0.8570
vn -0.9944 0.1053 -0.0073
vn -0.9736 0.1558 0.1669
vn -0.9740 0.1951 0.1152
vn -0.9950 0.0993 -0.0138
vn 0.0760 0.3079 -0.9484
vn 0.0229 0.8207 -0.5709
vn 0.0222 0.8301 -0.5571
vn 0.0758 0.3091 -0.9480
vn 0.9884 0.0352 0.1478
vn 0.9989 0.0016 0.0469
vn 0.9989 0.0053 0.0460
vn 0.9955 -0.0423 0.0854
vn 0.0970 0.3221 -0.9417
vn 0.0966 0.3215 -0.9420
vn -0.9979 0.0589 -0.0285
vn -0.9983 0.0506 -0.0305
vn 0.9989 -0.0138 0.0446
vn 0.9988 -0.0188 0.0446
vn -0.9714 0.1326 0.1969
vn 0.9760 0.0956 0.1955
vn 0.0063 0.9656 -0.2599
vn -0.0032 -0.9956 0.0933
vn -0.0299 -0.6364 0.7708
vn -0.0557 -0.2843 0.9571
vn -0.0655 -0.3210 0.9448
vn -0.0654 -0.3207 0.9449
vn -0.0543 0.2884 0.9560
vn 0.2342 -0.1912 -0.9532
vn -0.3036 0.3018 0.9037
vn 0.0667 -0.1696 -0.9832
vn -0.0502 -0.8204 0.5695
vn 0.0407 -0.9393 0.3407
vn 0.3150 -0.6539 -0.6879
vn -0.4524 0.2780 0.8473
vn 0.0690 -0.9312 0.3579
vn 0.0699 -0.9318 0.3563
vn -0.0185 -0.8160 0.5777
vn -0.0185 -0.8158 0.5780
vn 0.0673 0.8266 -0.5588
vn 0.0224 0.8339 -0.5515
vn -0.0814 0.9399 -0.3317
vn -0.0304 0.9385 -0.3439
vn 0.3416 -0.4703 -0.8137
vn 0.9872 -0.0853 0.1346
vn -0.3504 0.4407 0.8265
vn -0.9658 0.0733 -0.2486
vn 0.0001 -1.0000 0.0000
vn -0.9705 -0.2413 0.0000
vn 0.5502 0.0634 -0.8326
vn 0.8167 -0.3470 0.4611
vn -0.5817 -0.0610 0.8111
vn 0.4157 -0.3171 -0.8524
vn 0.3609 -0.4159 -0.8347
vn 0.5263 -0.4032 -0.7486
vn 0.5726 -0.3134 -0.7576
vn -0.5661 0.2984 0.7684
vn -0.5140 0.4054 0.7559
vn -0.3641 0.4268 0.8278
vn -0.4091 0.3339 0.8492
vn -0.4033 0.4842 0.7764
vn 0.3875 -0.4621 -0.7977
vn 0.9527 -0.1183 0.2799
vn -0.9950 0.0807 -0.0594
vn -0.9965 0.0653 -0.0519
vn 0.9975 -0.0580 0.0414
vn 0.9969 -0.0671 0.0401
vn 0.1068 0.3336 -0.9366
vn 0.1067 0.3330 -0.9369
vn -0.0702 -0.3357 0.9394
vn -0.0702 -0.3360 0.9392
vn -0.2391 0.9400 -0.2434
vn -0.2467 0.9391 -0.2392
vn -0.1442 0.9473 -0.2859
vn -0.1424 0.9475 -0.2864
vn 0.2180 -0.9466 0.2376
vn 0.2166 -0.9466 0.2387
vn 0.1093 -0.9361 0.3344
vn 0.1098 -0.9329 0.3429
vn -0.6734 -0.1265 -0.7283
vn -0.6718 -0.1276 -0.7297
vn -0.7778 -0.1127 -0.6183
vn -0.7969 -0.1116 -0.5938
vn 0.6611 0.1071 0.7426
vn 0.6617 0.1060 0.7422
vn 0.7925 0.0969 0.6021
vn 0.7669 0.0968 0.6344
vn 0.7904 0.2515 -0.5587
vn -0.1483 0.9603 -0.2361
vn -0.0824 0.9963 -0.0241
vn 0.7258 0.3455 -0.5949
vn -0.8210 -0.2126 0.5299
vn 0.8619 -0.0200 -0.5067
vn 0.7835 -0.0800 -0.6163
vn -0.7160 -0.3843 0.5827
vn -0.8384 -0.1108 0.5336
vn -0.7861 -0.1105 0.6082
vn -0.1441 0.9438 -0.2976
vn -0.1212 0.9445 -0.3054
vn -0.1214 0.9443 -0.3058
vn -0.1359 0.9418 -0.3074
vn 0.9669 0.1088 0.2309
vn 0.9644 0.1141 -0.2384
vn 0.9812 0.1146 -0.1553
vn 0.9420 0.1054 0.3185
vn 0.1279 -0.9318 0.3397
vn 0.1588 -0.9416 0.2970
vn 0.1545 -0.9398 0.3050
vn 0.1315 -0.9327 0.3357
vn -0.9689 -0.1157 0.2186
vn -0.9622 -0.1154 -0.2469
vn -0.9386 -0.1133 -0.3258
vn -0.9828 -0.1169 0.1426
vn 0.3951 0.0560 0.9169
vn 0.5839 0.1023 0.8054
vn 0.5634 0.0971 0.8205
vn 0.4115 0.0599 0.9094
vn -0.4440 0.8758 -0.1892
vn -0.6113 0.7722 -0.1732
vn -0.5858 0.7907 -0.1781
vn -0.4536 0.8708 -0.1895
vn -0.5842 -0.1239 -0.8021
vn -0.3893 -0.0785 -0.9178
vn -0.4011 -0.0812 -0.9124
vn -0.5617 -0.1186 -0.8188
vn 0.6319 -0.7720 0.0683
vn 0.4007 -0.9054 0.1403
vn 0.4016 -0.9051 0.1400
vn 0.5896 -0.8034 0.0825
vn 0.0182 -0.1021 0.9946
vn 0.1865 -0.0180 0.9823
vn 0.1835 -0.0198 0.9828
vn 0.0362 -0.0941 0.9949
vn -0.8155 0.5506 -0.1786
vn -0.8807 0.4162 -0.2263
vn -0.8590 0.4669 -0.2102
vn -0.8011 0.5746 -0.1675
vn -0.1776 -0.0098 -0.9841
vn 0.0022 0.0777 -0.9970
vn -0.0090 0.0725 -0.9973
vn -0.1695 -0.0054 -0.9855
vn 0.8752 -0.4553 0.1637
vn 0.7892 -0.6113 0.0591
vn 0.7627 -0.6448 0.0500
vn 0.8603 -0.4936 0.1274
vn -0.8959 0.3597 -0.2607
vn -0.8959 0.3605 -0.2594
vn 0.9146 -0.3469 0.2078
vn 0.9166 -0.3406 0.2091
vn 0.1183 0.1697 -0.9784
vn 0.1174 0.1685 -0.9787
vn -0.0892 -0.1854 0.9786
vn -0.0905 -0.1870 0.9782
vn -0.0764 -0.3026 0.9500
vn -0.1018 -0.2493 0.9631
vn -0.0972 -0.2569 0.9615
vn -0.0754 -0.3063 0.9489
vn -0.9289 0.2948 -0.2240
vn -0.9727 0.1901 -0.1330
vn -0.9682 0.2040 -0.1450
vn -0.9249 0.3024 -0.2306
vn 0.1372 0.2403 -0.9610
vn 0.1133 0.2967 -0.9482
vn 0.1122 0.3008 -0.9471
vn 0.1330 0.2482 -0.9595
vn 0.9880 -0.1445 0.0540
vn 0.9610 -0.2372 0.1424
vn 0.9575 -0.2445 0.1532
vn 0.9863 -0.1541 0.0588
vn 0.9929 0.1185 0.0082
vn 0.9943 0.1034 0.0275
vn 0.9942 0.1038 0.0272
vn 0.9926 0.1216 0.0043
vn 0.0358 0.5365 0.8432
vn 0.0116 0.7820 0.6232
vn 0.0113 0.7853 0.6190
vn 0.0350 0.5445 0.8381
vn -0.9885 -0.1489 0.0272
vn -0.9895 -0.1426 0.0222
vn -0.9896 -0.1424 0.0221
vn -0.9883 -0.1497 0.0279
vn 0.0024 -0.8879 -0.4600
vn 0.0015 -0.8948 -0.4464
vn 0.0015 -0.8950 -0.4461
vn 0.0023 -0.8879 -0.4600
vn 0.0508 0.3575 0.9325
vn 0.0014 -0.9235 -0.3835
vn -0.9843 -0.1704 0.0461
vn 0.9933 0.1139 0.0172
vn 0.0607 -0.7492 0.6595
vn 0.0012 -0.2829 0.9592
vn -0.0256 -0.4283 0.9033
vn 0.1319 0.9498 0.2836
vn 0.9948 0.0889 0.0496
vn -0.3266 -0.2594 0.9088
vn 0.0161 -0.4760 0.8793
vn 0.0701 0.2676 -0.9610
vn 0.0794 0.3265 -0.9419
vn -0.1077 -0.7862 -0.6085
vn -0.9095 0.0087 -0.4157
vn 0.9908 -0.1117 0.0766
vn 0.1342 -0.9611 -0.2413
vn -0.0056 0.0294 0.9996
vn -0.3525 -0.2515 0.9014
vn 0.1105 0.2146 -0.9704
vn 0.0732 0.2412 -0.9677
vn -0.9138 0.1978 -0.3547
vn -0.1163 0.9814 -0.1525
vn -0.1088 -0.9722 -0.2073
vn -0.9932 -0.0936 -0.0689
vn 0.1400 -0.3042 0.9423
vn -0.0212 -0.0146 0.9997
vn -0.0451 0.2852 -0.9574
vn 0.0885 0.2404 -0.9666
vn 0.1171 0.9816 -0.1510
vn 0.9253 0.1972 -0.3239
vn -0.9964 0.0676 0.0510
vn -0.1096 0.9522 0.2852
vn -0.0072 -0.4849 0.8746
vn 0.1760 -0.2689 0.9469
vn 0.0659 0.3130 -0.9475
vn -0.0472 0.2595 -0.9646
vn 0.9226 0.0083 -0.3856
vn 0.1262 -0.7848 -0.6068
vn -0.1166 -0.9787 0.1691
vn -0.9253 -0.1972 0.3239
vn -0.9226 -0.0083 0.3856
vn -0.1262 0.7848 0.6068
vn 0.1077 0.7862 0.6085
vn 0.9028 -0.0131 0.4300
vn 0.9099 -0.1948 0.3663
vn 0.1082 -0.9806 0.1632
vn -0.0253 0.9984 0.0509
vn 0.3797 0.2846 -0.8803
vn 0.7545 -0.0461 0.6546
vn 0.9281 -0.1936 0.3180
vn -0.8970 -0.0094 -0.4420
vn -0.8968 0.0532 -0.4392
vn -0.3024 -0.9327 -0.1966
vn -0.6983 -0.2813 0.6583
vn 0.4691 0.1030 -0.8771
vn 0.1638 -0.9469 -0.2765
vn 0.8542 0.3116 0.4162
vn 0.7359 -0.0455 0.6756
vn -0.8725 -0.0543 -0.4857
vn -0.8928 -0.0355 -0.4491
vn -0.7107 -0.0870 0.6981
vn -0.5053 0.8571 0.1001
vn 0.1075 -0.9933 -0.0420
vn -0.3942 -0.2943 0.8706
vn 0.9705 0.0091 0.2409
vn 0.8634 0.2673 0.4279
vn -0.9423 -0.0135 -0.3346
vn -0.8859 -0.0330 -0.4626
vn -0.4180 0.9015 -0.1118
vn -0.0061 0.2669 -0.9637
vn -0.3458 -0.1092 0.9320
vn -0.1137 0.9557 0.2716
vn 0.9184 -0.2077 0.3367
vn 0.9760 0.0504 0.2121
vn -0.9021 0.0364 -0.4300
vn -0.9406 -0.0400 -0.3371
vn 0.0030 0.0712 -0.9975
vn -0.2152 -0.8869 -0.4088
vn 0.4330 -0.8935 0.1189
vn 0.0061 -0.2669 0.9637
vn -0.0030 -0.0712 0.9975
vn 0.2152 0.8869 0.4088
vn 0.3024 0.9327 0.1966
vn 0.7096 0.2799 -0.6466
vn 0.7183 0.0923 -0.6896
vn 0.5113 -0.8548 -0.0883
vn -0.0469 0.2722 -0.9611
vn -0.0463 0.2551 -0.9658
vn -0.0492 0.2504 -0.9669
vn -0.0489 0.2741 -0.9605
vn -0.1331 0.2568 -0.9573
vn -0.1296 0.2612 -0.9566
vn -0.1310 0.2396 -0.9620
vn -0.1293 0.2377 -0.9627
vn 0.0248 -0.2787 0.9600
vn 0.0239 -0.3039 0.9524
vn 0.0275 -0.3072 0.9513
vn 0.0285 -0.2728 0.9616
vn 0.1464 -0.2570 0.9553
vn 0.1448 -0.2552 0.9560
vn 0.1515 -0.2816 0.9475
vn 0.1458 -0.2885 0.9463
vn -0.0420 0.9975 0.0576
vn 0.0426 -0.9984 -0.0378
vn -0.9882 -0.1358 -0.0715
vn 0.9880 0.1365 0.0729
vn -0.0154 0.9674 0.2530
vn 0.0146 -0.9655 -0.2599
vn -0.9841 -0.1716 0.0453
vn 0.9840 0.1725 -0.0449
vn -0.0034 0.8953 0.4454
vn 0.9897 0.1419 -0.0211
vn 0.0045 -0.9004 -0.4350
vn -0.9898 -0.1411 0.0215
vn 0.0681 -0.6322 0.7718
vn 0.8665 -0.3341 0.3708
vn 0.8192 0.2363 0.5225
vn 0.0015 0.1706 0.9853
vn 0.3426 -0.9361 -0.0793
vn -0.7004 -0.5954 0.3937
vn -0.2174 -0.9093 -0.3548
vn 0.3691 -0.9200 -0.1317
vn 0.8925 -0.3184 0.3195
vn -0.8452 -0.2521 -0.4713
vn -0.7670 0.2074 0.6072
vn -0.8925 0.3184 -0.3196
vn -0.8192 -0.2364 -0.5225
vn -0.1908 -0.8932 -0.4072
vn 0.7670 -0.2074 -0.6072
vn 0.7004 0.5954 -0.3937
vn 0.8452 0.2521 0.4713
vn -0.0016 -0.1706 -0.9853
vn -0.8665 0.3341 -0.3708
vn -0.0681 0.6322 -0.7718
vn 0.2174 0.9093 0.3548
vn 0.1908 0.8932 0.4072
vn -0.3426 0.9361 0.0793
vn -0.3691 0.9200 0.1317
vn 0.0541 0.1426 -0.9883
vn 0.0034 0.2194 -0.9756
vn 0.6533 0.2317 -0.7208
vn 0.6524 0.1562 -0.7416
vn 0.9917 0.1201 0.0464
vn 0.9993 0.0356 -0.0059
vn 0.8246 0.0455 0.5639
vn 0.8634 -0.0333 0.5034
vn -0.7844 -0.1616 0.5988
vn -0.7707 -0.2539 0.5845
vn -0.7928 -0.2522 0.5548
vn -0.8103 -0.1586 0.5641
vn -0.2772 0.0055 0.9608
vn -0.2526 -0.3447 0.9041
vn -0.1544 0.8612 0.4842
vn 0.0821 0.8181 0.5691
vn -0.0180 -0.9089 0.4165
vn -0.0825 -0.9667 0.2424
vn 0.1087 0.8147 0.5697
vn 0.0055 -0.7681 0.6403
vn 0.2109 -0.9773 0.0203
vn 0.6108 -0.3921 0.6879
vn 0.5400 0.2898 0.7902
vn 0.0080 0.9344 0.3561
vn -0.6314 0.1096 -0.7677
vn -0.9667 -0.1157 0.2285
vn -0.1375 0.7927 0.5939
vn -0.2943 0.7652 0.5725
vn -0.6100 0.0253 -0.7920
vn -0.9564 -0.1943 0.2180
vn -0.1083 -0.9344 0.3394
vn 0.0489 -0.9681 0.2459
usemtl lambert1
s 1
f 650/900/786 649/901/787 653/902/788 654/903/789
f 656/904/790 657/905/791 674/906/792 675/907/793
f 657/905/791 656/904/790 659/908/794 658/909/795
f 658/909/795 659/908/794 676/910/796 677/911/797
f 660/912/798 661/913/799 677/911/797 676/910/796
f 661/913/799 660/912/798 663/914/800 662/915/801
f 662/915/801 663/914/800 673/916/802 672/917/803
f 664/918/804 665/919/805 672/917/803 673/916/802
f 665/919/805 664/918/804 666/920/806 667/921/807
f 667/921/807 666/920/806 678/922/808 679/923/809
f 668/924/810 669/925/811 679/923/809 678/922/808
f 669/925/811 668/924/810 671/926/812 670/927/813
f 670/927/813 671/926/812 675/907/793 674/906/792
f 648/928/814 677/911/797 661/913/799 641/929/815
f 644/930/816 662/915/801 672/917/803 647/931/816
f 642/932/817 665/919/805 667/921/807 651/933/817
f 646/934/818 670/927/813 674/906/792 645/935/819
f 663/914/800 649/901/787 650/900/786 673/916/802
f 641/936/816 661/913/799 662/915/801 644/930/816
f 676/910/796 649/901/787 663/914/800 660/912/798
f 645/935/819 674/906/792 657/905/791 640/937/820
f 643/938/821 669/925/811 670/927/813 646/934/818
f 673/916/802 650/900/786 666/920/806 664/918/804
f 647/931/816 672/917/803 665/919/805 642/939/816
f 652/940/822 658/909/795 677/911/797 648/928/814
f 659/908/794 653/902/788 649/901/787 676/910/796
f 666/920/806 650/900/786 654/903/789 678/922/808
f 651/933/817 667/921/807 679/923/809 655/941/817
f 640/942/823 657/905/791 658/909/795 652/940/822
f 656/904/790 675/907/793 653/902/788 659/908/794
f 654/903/789 653/902/788 675/907/793 671/926/812
f 678/922/808 654/903/789 671/926/812 668/924/810
f 655/941/817 679/923/809 669/925/811 643/943/817
f 694/944/824 695/945/825 696/946/826 697/947/827
f 695/945/825 698/948/828 699/949/829 696/946/826
f 700/950/830 701/951/831 702/952/832 703/953/833
f 706/954/834 769/955/835 770/956/836 707/957/837
f 699/949/829 698/948/828 700/950/830 703/953/833
f 680/958/838 681/959/839 695/945/825 694/944/824
f 682/960/840 683/961/841 697/947/827 696/946/826
f 681/959/839 684/962/842 698/948/828 695/945/825
f 685/963/843 682/960/840 696/946/826 699/949/829
f 686/964/844 687/965/845 701/951/831 700/950/830
f 688/966/846 689/967/847 703/953/833 702/952/832
f 692/968/848 768/969/849 769/955/835 706/954/834
f 770/956/836 771/970/850 693/971/851 707/957/837
f 684/962/842 686/964/844 700/950/830 698/948/828
f 689/967/847 685/963/843 699/949/829 703/953/833
f 708/972/852 709/973/853 715/974/854 712/975/855
f 709/976/853 710/977/856 714/978/857 715/979/854
f 710/977/856 711/980/858 713/981/859 714/978/857
f 711/980/858 708/972/852 712/975/855 713/981/859
f 716/982/860 717/983/861 718/984/862 719/985/863
f 729/986/864 728/987/864 730/988/864 731/989/864
f 720/990/865 721/991/866 727/992/867 726/993/868
f 721/991/866 720/990/865 722/994/869 723/995/870
f 723/995/870 722/994/869 724/996/871 725/997/872
f 725/997/872 724/996/871 726/998/868 727/999/867
f 692/968/848 706/954/834 722/994/869 720/990/865
f 706/954/834 707/957/837 724/996/871 722/994/869
f 707/957/837 693/971/851 726/998/868 724/996/871
f 693/1000/851 692/968/848 720/990/865 726/993/868
f 721/991/866 723/995/870 717/1001/861 716/982/860
f 723/995/870 725/997/872 718/1002/862 717/1001/861
f 725/997/872 727/999/867 719/1003/863 718/1002/862
f 727/992/867 721/991/866 716/982/860 719/985/863
f 733/1004/873 732/1005/874 735/1006/875 734/1007/876
f 734/1007/877 735/1006/878 739/1008/879 738/1009/880
f 737/1010/881 736/1011/882 738/1009/883 739/1008/884
f 704/1012/885 734/1007/877 738/1009/880 705/1013/886
f 690/1014/887 733/1004/873 734/1007/876 704/1012/888
f 738/1009/883 736/1011/882 691/1015/889 705/1013/890
f 735/1006/875 732/1005/874 728/987/891 729/986/891
f 737/1010/881 739/1008/884 731/989/892 730/988/892
f 739/1008/879 735/1006/878 729/986/893 731/989/893
f 728/987/894 732/1016/894 737/1010/894 730/988/894
f 732/1016/895 733/1017/895 736/1011/895 737/1010/895
f 733/1017/896 690/1018/897 691/1015/898 736/1011/896
f 688/966/846 702/952/832 746/1019/899 747/1020/900
f 702/952/832 701/951/831 745/1021/901 746/1019/899
f 701/951/831 687/965/845 744/1022/902 745/1021/901
f 688/1023/846 747/1024/900 744/1022/902 687/965/845
f 754/1025/903 748/1026/904 740/1027/905 742/1028/906
f 748/1026/904 749/1029/907 741/1030/908 740/1031/905
f 749/1032/907 752/1033/909 743/1034/910 741/1035/908
f 751/1036/911 750/1037/912 744/1038/902 747/1039/900
f 750/1037/912 755/1040/913 745/1041/901 744/1042/902
f 753/1043/914 751/1044/911 747/1045/900 746/1046/899
f 752/1033/909 754/1025/903 742/1047/906 743/1048/910
f 755/1040/913 753/1043/914 746/1049/899 745/1050/901
f 749/1029/915 748/1026/915 750/1037/915 751/1036/915
f 752/1033/916 749/1032/916 751/1044/916 753/1043/916
f 754/1025/917 752/1033/917 753/1043/917 755/1040/917
f 750/1037/918 748/1026/918 754/1025/918 755/1040/918
f 757/1051/919 756/1052/919 758/1053/919 759/1054/919
f 713/981/859 712/975/855 756/1055/920 757/1051/920
f 712/975/855 715/974/854 758/1056/921 756/1055/921
f 715/979/854 714/978/857 759/1054/922 758/1057/922
f 714/978/857 713/981/859 757/1051/923 759/1054/923
f 760/1058/924 761/1059/925 763/1060/926 762/1061/927
f 761/1059/925 760/1058/924 764/1062/928 765/1063/929
f 762/1064/927 763/1065/926 767/1066/930 766/1067/931
f 765/1063/929 764/1062/928 766/1067/931 767/1066/930
f 765/1063/929 767/1066/930 743/1068/932 742/1069/906
f 763/1060/926 761/1059/925 740/1070/905 741/1071/933
f 761/1059/925 765/1063/929 742/1069/906 740/1070/905
f 767/1066/930 763/1065/926 741/1072/934 743/1073/934
f 760/1058/924 762/1061/927 709/973/853 708/972/852
f 762/1064/927 766/1067/931 710/977/856 709/976/853
f 766/1067/931 764/1062/928 711/980/858 710/977/856
f 764/1062/928 760/1058/924 708/972/852 711/980/858
f 769/955/835 768/969/849 680/958/838 694/944/824
f 770/956/836 769/955/835 694/944/824 697/947/827
f 683/961/841 771/970/850 770/956/836 697/947/827
f 690/1014/887 704/1012/888 773/1074/935 772/1075/936
f 705/1013/890 691/1015/889 774/1076/937 775/1077/938
f 704/1012/885 705/1013/886 775/1077/939 773/1074/940
f 691/1015/898 690/1018/897 772/1078/941 774/1076/942
f 784/1079/943 785/1080/944 781/1081/945 780/1082/946
f 787/1083/947 786/1084/948 782/1085/949 783/1086/950
f 785/1080/951 787/1083/952 783/1086/953 781/1081/954
f 786/1084/955 784/1087/956 780/1088/957 782/1085/958
f 792/1089/959 793/1090/960 789/1091/961 788/1092/962
f 794/1093/963 795/1094/964 790/1095/965 791/1096/966
f 793/1090/967 794/1093/963 791/1096/966 789/1091/968
f 795/1094/964 792/1097/959 788/1098/962 790/1095/965
f 796/1099/969 797/1100/970 801/1101/971 800/1102/972
f 797/1103/973 796/1104/974 798/1105/975 799/1106/976
f 799/1106/977 798/1105/978 802/1107/979 803/1108/980
f 800/1102/981 801/1101/982 803/1108/983 802/1107/984
f 796/1104/974 792/1097/959 795/1094/964 798/1105/975
f 792/1089/959 796/1099/969 800/1102/972 793/1090/960
f 793/1090/967 800/1102/981 802/1107/984 794/1093/963
f 794/1093/963 802/1107/979 798/1105/978 795/1094/964
f 780/1082/946 781/1081/945 801/1101/971 797/1100/970
f 781/1081/954 783/1086/953 803/1108/983 801/1101/982
f 783/1086/950 782/1085/949 799/1106/977 803/1108/980
f 782/1085/958 780/1088/957 797/1103/973 799/1106/976
f 804/1109/985 805/1110/986 809/1111/987 808/1112/988
f 805/1113/989 804/1114/990 806/1115/991 807/1116/992
f 807/1116/993 806/1115/994 810/1117/995 811/1118/996
f 808/1112/997 809/1111/998 811/1118/999 810/1117/1000
f 805/1110/986 784/1087/956 786/1084/955 809/1111/987
f 784/1079/943 805/1113/989 807/1116/992 785/1080/944
f 785/1080/951 807/1116/993 811/1118/996 787/1083/952
f 809/1111/998 786/1084/948 787/1083/947 811/1118/999
f 812/1119/1001 813/1120/1002 817/1121/1003 816/1122/1004
f 813/1123/1005 812/1124/1006 814/1125/1007 815/1126/1008
f 815/1126/1009 814/1125/1010 818/1127/1011 819/1128/1012
f 816/1122/1013 817/1121/1014 819/1128/1015 818/1127/1016
f 776/1129/1017 777/1130/1018 814/1125/1007 812/1124/1006
f 779/1131/1019 778/1132/1020 816/1122/1013 818/1127/1016
f 777/1130/1021 779/1131/1022 818/1127/1011 814/1125/1010
f 778/1132/1023 776/1133/1024 812/1119/1001 816/1122/1004
f 804/1134/990 813/1123/1005 815/1126/1008 806/1115/991
f 813/1120/1002 804/1109/985 808/1112/988 817/1121/1003
f 817/1121/1014 808/1112/997 810/1117/1000 819/1128/1015
f 806/1115/994 815/1126/1009 819/1128/1012 810/1117/995
f 820/1135/1025 821/1136/1026 825/1137/1027 824/1138/1028
f 821/1139/1029 820/1140/1030 822/1141/1031 823/1142/1032
f 823/1142/1033 822/1141/1034 826/1143/1035 827/1144/1036
f 824/1138/1037 825/1137/1038 827/1144/1039 826/1143/1040
f 772/1075/936 773/1074/935 822/1141/1031 820/1140/1030
f 775/1077/938 774/1076/937 824/1138/1037 826/1143/1040
f 773/1074/940 775/1077/939 826/1143/1035 822/1141/1034
f 774/1076/942 772/1078/941 820/1135/1025 824/1138/1028
f 821/1139/1029 823/1142/1032 777/1130/1018 776/1129/1017
f 827/1144/1039 825/1137/1038 778/1132/1020 779/1131/1019
f 823/1142/1033 827/1144/1036 779/1131/1022 777/1130/1021
f 825/1137/1027 821/1136/1026 776/1133/1024 778/1132/1023
f 832/1145/1041 833/1146/1042 837/1147/1043 836/1148/1044
f 833/1149/1045 832/1150/1046 834/1151/1047 835/1152/1048
f 835/1152/1049 834/1151/1050 838/1153/1051 839/1154/1052
f 836/1148/1053 837/1147/1054 839/1154/1055 838/1153/1056
f 833/1149/1045 835/1152/1048 829/1155/1057 828/1156/1057
f 839/1154/1055 837/1147/1054 830/1157/1058 831/1158/1058
f 835/1152/1049 839/1154/1052 831/1158/1059 829/1155/1059
f 837/1147/1043 833/1146/1042 828/1159/1060 830/1157/1060
f 829/1155/1061 831/1158/1061 830/1160/1061 828/1161/1061
f 768/969/1062 692/968/1062 693/1000/1062 771/1162/1062
f 680/958/1063 768/969/1063 771/1162/1063 683/1163/1063
f 840/1164/1064 841/1165/1065 872/1166/1066 873/1167/1067
f 841/1168/1065 840/1169/1064 843/1170/1068 842/1171/1069
f 842/1171/1069 843/1170/1068 857/1172/1070 856/1173/1071
f 844/1174/1072 845/1175/1073 874/1176/1074 875/1177/1075
f 845/1178/1073 844/1179/1072 847/1180/1076 846/1181/1077
f 846/1181/1077 847/1180/1076 859/1182/1078 858/1183/1079
f 848/1184/1080 849/1185/1081 876/1186/1082 877/1187/1083
f 849/1188/1081 848/1189/1080 851/1190/1084 850/1191/1085
f 850/1191/1085 851/1190/1084 861/1192/1086 860/1193/1087
f 852/1194/1088 853/1195/1089 878/1196/1090 879/1197/1091
f 853/1198/1089 852/1199/1088 855/1200/1092 854/1201/1093
f 854/1201/1093 855/1200/1092 863/1202/1094 862/1203/1095
f 856/1173/1071 857/1172/1070 865/1204/1096 864/1205/1097
f 858/1183/1079 859/1182/1078 867/1206/1098 866/1207/1099
f 860/1193/1087 861/1192/1086 869/1208/1100 868/1209/1101
f 862/1203/1095 863/1202/1094 871/1210/1102 870/1211/1103
f 864/1205/1097 865/1204/1096 873/1167/1067 872/1166/1066
f 866/1207/1099 867/1206/1098 875/1177/1075 874/1176/1074
f 868/1209/1101 869/1208/1100 877/1187/1083 876/1186/1082
f 870/1211/1103 871/1210/1102 879/1197/1091 878/1196/1090
f 844/1212/1072 841/1168/1065 842/1171/1069 847/1213/1076
f 848/1214/1080 845/1215/1073 846/1181/1077 851/1216/1084
f 852/1217/1088 849/1218/1081 850/1191/1085 855/1219/1092
f 840/1220/1064 853/1221/1089 854/1201/1093 843/1222/1068
f 847/1213/1076 842/1171/1069 856/1173/1071 859/1223/1078
f 851/1216/1084 846/1181/1077 858/1183/1079 861/1224/1086
f 855/1219/1092 850/1191/1085 860/1193/1087 863/1225/1094
f 843/1222/1068 854/1201/1093 862/1203/1095 857/1226/1070
f 859/1223/1078 856/1173/1071 864/1205/1097 867/1227/1098
f 861/1224/1086 858/1183/1079 866/1207/1099 869/1228/1100
f 863/1225/1094 860/1193/1087 868/1209/1101 871/1229/1102
f 857/1226/1070 862/1203/1095 870/1211/1103 865/1230/1096
f 867/1227/1098 864/1205/1097 872/1166/1066 875/1231/1075
f 869/1228/1100 866/1207/1099 874/1176/1074 877/1232/1083
f 871/1229/1102 868/1209/1101 876/1186/1082 879/1233/1091
f 865/1230/1096 870/1211/1103 878/1196/1090 873/1234/1067
f 875/1231/1075 872/1166/1066 841/1235/1065 844/1236/1072
f 877/1232/1083 874/1176/1074 845/1237/1073 848/1238/1080
f 879/1233/1091 876/1186/1082 849/1239/1081 852/1240/1088
f 873/1234/1067 878/1196/1090 853/1241/1089 840/1242/1064
f 880/1243/1104 881/1244/1105 912/1245/1106 913/1246/1107
f 881/1247/1105 880/1248/1104 883/1249/1108 882/1250/1109
f 882/1250/1109 883/1249/1108 897/1251/1110 896/1252/1111
f 884/1253/1112 885/1254/1113 914/1255/1114 915/1256/1115
f 885/1257/1113 884/1258/1112 887/1259/1116 886/1260/1117
f 886/1260/1117 887/1259/1116 899/1261/1118 898/1262/1119
f 888/1263/1120 889/1264/1121 916/1265/1122 917/1266/1123
f 889/1267/1121 888/1268/1120 891/1269/1124 890/1270/1125
f 890/1270/1125 891/1269/1124 901/1271/1126 900/1272/1127
f 892/1273/1128 893/1274/1129 918/1275/1130 919/1276/1131
f 893/1277/1129 892/1278/1128 895/1279/1132 894/1280/1133
f 894/1280/1133 895/1279/1132 903/1281/1134 902/1282/1135
f 896/1252/1111 897/1251/1110 905/1283/1136 904/1284/1137
f 898/1262/1119 899/1261/1118 907/1285/1138 906/1286/1139
f 900/1272/1127 901/1271/1126 909/1287/1140 908/1288/1141
f 902/1282/1135 903/1281/1134 911/1289/1142 910/1290/1143
f 904/1284/1137 905/1283/1136 913/1246/1107 912/1245/1106
f 906/1286/1139 907/1285/1138 915/1256/1115 914/1255/1114
f 908/1288/1141 909/1287/1140 917/1266/1123 916/1265/1122
f 910/1290/1143 911/1289/1142 919/1276/1131 918/1275/1130
f 884/1258/1112 881/1291/1105 882/1292/1109 887/1259/1116
f 888/1268/1120 885/1293/1113 886/1294/1117 891/1269/1124
f 892/1295/1128 889/1296/1121 890/1297/1125 895/1298/1132
f 880/1248/1104 893/1277/1129 894/1280/1133 883/1249/1108
f 887/1259/1116 882/1292/1109 896/1299/1111 899/1261/1118
f 891/1269/1124 886/1294/1117 898/1300/1119 901/1271/1126
f 895/1298/1132 890/1297/1125 900/1301/1127 903/1302/1134
f 883/1249/1108 894/1280/1133 902/1282/1135 897/1251/1110
f 899/1261/1118 896/1299/1111 904/1303/1137 907/1285/1138
f 901/1271/1126 898/1300/1119 906/1304/1139 909/1287/1140
f 903/1302/1134 900/1301/1127 908/1305/1141 911/1306/1142
f 897/1251/1110 902/1282/1135 910/1290/1143 905/1283/1136
f 907/1285/1138 904/1303/1137 912/1307/1106 915/1256/1115
f 909/1287/1140 906/1304/1139 914/1308/1114 917/1266/1123
f 911/1306/1142 908/1305/1141 916/1309/1122 919/1310/1131
f 905/1283/1136 910/1290/1143 918/1275/1130 913/1246/1107
f 915/1256/1115 912/1307/1106 881/1311/1105 884/1253/1112
f 917/1266/1123 914/1308/1114 885/1312/1113 888/1263/1120
f 919/1310/1131 916/1309/1122 889/1313/1121 892/1314/1128
f 913/1246/1107 918/1275/1130 893/1274/1129 880/1243/1104
f 928/1315/1144 932/1316/1145 922/1317/1146 920/1318/1147
f 929/1319/1148 928/1320/1144 920/1321/1147 921/1322/1149
f 933/1323/1150 929/1319/1148 921/1324/1149 923/1325/1151
f 930/1326/1152 935/1327/1153 927/1328/1154 924/1329/1155
f 931/1330/1156 930/1326/1152 924/1331/1155 925/1332/1157
f 934/1333/1158 931/1334/1156 925/1335/1157 926/1336/1159
f 932/1316/1145 933/1337/1150 923/1338/1151 922/1339/1146
f 935/1340/1153 934/1333/1158 926/1341/1159 927/1342/1154
f 788/1092/962 789/1091/961 921/1343/1160 920/1344/1160
f 791/1096/966 790/1095/965 922/1345/1161 923/1346/1161
f 789/1091/1162 791/1096/1162 923/1346/1162 921/1343/1162
f 790/1095/1163 788/1098/1163 920/1347/1163 922/1345/1163
f 928/1320/1164 929/1319/1164 930/1326/1164 931/1330/1164
f 933/1337/1165 932/1316/1165 934/1333/1165 935/1340/1165
f 929/1319/1166 933/1323/1166 935/1327/1166 930/1326/1166
f 932/1316/1167 928/1315/1167 931/1334/1167 934/1333/1167
f 925/1348/1168 924/1349/1168 834/1151/1047 832/1150/1046
f 926/1350/1169 925/1351/1169 832/1145/1041 836/1148/1044
f 927/1352/1170 926/1350/1170 836/1148/1053 838/1153/1056
f 924/1349/1171 927/1352/1171 838/1153/1051 834/1151/1050
f 936/1353/1172 938/1354/1173 954/1355/1174 956/1356/1175
f 937/1357/1176 936/1358/1172 941/1359/1177 940/1360/1178
f 938/1354/1173 937/1357/1176 943/1361/1179 942/1362/1180
f 939/1363/1181 941/1359/1177 957/1364/1182 959/1365/1183
f 940/1360/1178 939/1363/1181 947/1366/1184 946/1367/1185
f 942/1362/1180 944/1368/1186 949/1369/1187 948/1370/1188
f 944/1371/1186 943/1361/1179 946/1367/1185 945/1372/1189
f 945/1372/1189 947/1366/1184 953/1373/1190 952/1374/1191
f 948/1370/1188 950/1375/1192 955/1376/1193 954/1355/1174
f 950/1377/1192 949/1378/1187 952/1374/1191 951/1379/1194
f 951/1379/1194 953/1373/1190 959/1365/1183 958/1380/1195
f 956/1381/1175 955/1382/1193 958/1380/1195 957/1364/1182
f 937/1357/1176 940/1360/1178 946/1367/1185 943/1361/1179
f 944/1383/1186 945/1372/1189 952/1374/1191 949/1384/1187
f 950/1377/1192 951/1379/1194 958/1380/1195 955/1382/1193
f 956/1385/1175 957/1364/1182 941/1359/1177 936/1386/1172
f 939/1363/1181 959/1365/1183 953/1373/1190 947/1366/1184
f 954/1355/1174 938/1354/1173 942/1362/1180 948/1370/1188
f 936/1353/1172 937/1357/1176 938/1354/1173
f 939/1363/1181 940/1360/1178 941/1359/1177
f 942/1362/1180 943/1361/1179 944/1368/1186
f 945/1372/1189 946/1367/1185 947/1366/1184
f 948/1370/1188 949/1369/1187 950/1375/1192
f 951/1379/1194 952/1374/1191 953/1373/1190
f 954/1355/1174 955/1376/1193 956/1356/1175
f 957/1364/1182 958/1380/1195 959/1365/1183
f 963/1387/1196 962/1388/1197 964/1389/1198 965/1390/1199
f 965/1390/1199 964/1389/1198 966/1391/1200 967/1392/1201
f 967/1392/1201 966/1391/1200 961/1393/1202 960/1394/1203
f 969/1395/1204 968/1396/1205 970/1397/1206 971/1398/1207
f 960/1394/1203 961/1393/1202 973/1399/1208 972/1400/1209
f 964/1389/1198 962/1388/1197 976/1401/1210 978/1402/1211
f 963/1387/1196 965/1390/1199 979/1403/1212 977/1404/1213
f 966/1391/1200 964/1389/1198 978/1405/1211 980/1406/1214
f 965/1390/1199 967/1392/1201 981/1407/1215 979/1408/1212
f 961/1393/1202 966/1391/1200 980/1409/1214 973/1410/1208
f 967/1392/1201 960/1394/1203 972/1411/1209 981/1412/1215
f 970/1397/1206 968/1396/1205 975/1413/1216 982/1414/1217
f 969/1395/1204 971/1398/1207 983/1415/1218 974/1416/1219
f 971/1398/1207 970/1397/1206 982/1417/1217 983/1418/1218
f 984/1419/1220 985/1420/1221 989/1421/1222 988/1422/1223
f 985/1420/1221 984/1419/1220 987/1423/1224 986/1424/1225
f 986/1424/1225 987/1423/1224 991/1425/1226 990/1426/1227
f 968/1396/1205 969/1395/1204 985/1420/1221 986/1424/1225
f 987/1423/1224 984/1419/1220 962/1388/1197 963/1387/1196
f 985/1420/1221 969/1395/1204 974/1427/1219 989/1428/1222
f 968/1396/1205 986/1424/1225 990/1426/1227 975/1413/1216
f 962/1388/1197 984/1419/1220 988/1429/1223 976/1430/1210
f 987/1423/1224 963/1387/1196 977/1431/1213 991/1432/1226
o leather_piece_03_Mesh.005
v -0.029696 -0.302100 0.242379
v -0.118119 -0.213485 0.236551
v 0.058727 -0.213485 0.248208
v -0.029696 -0.124870 0.242379
v 0.004763 -0.267566 0.244651
v -0.083660 -0.178951 0.238822
v -0.089102 -0.242566 0.238464
v -0.054435 -0.208223 0.250939
v -0.000678 -0.153950 0.244292
v -0.059799 -0.271932 0.240395
v -0.026155 -0.236564 0.252871
v 0.028625 -0.183317 0.246223
v 0.030912 -0.241360 0.246374
v -0.000919 -0.211273 0.254594
v -0.029305 -0.182932 0.254327
v -0.057511 -0.152745 0.240546
v 0.058387 -0.213485 0.253365
v 0.053445 -0.213485 0.254597
v 0.028231 -0.183295 0.251860
v 0.025282 -0.185225 0.253157
v -0.030126 -0.297262 0.248913
v -0.030036 -0.302100 0.247543
v -0.060264 -0.271915 0.247193
v -0.058411 -0.269023 0.248582
v 0.030445 -0.241379 0.253187
v 0.027398 -0.239521 0.254462
v -0.030145 -0.124870 0.249189
v -0.030227 -0.129744 0.250500
v -0.056231 -0.155715 0.248824
v -0.057943 -0.152725 0.247409
v 0.002161 -0.264812 0.252738
v 0.004329 -0.267551 0.251466
v -0.113685 -0.213485 0.243166
v -0.118459 -0.213485 0.241705
v -0.083983 -0.178931 0.244021
v -0.081364 -0.181008 0.245436
v -0.086691 -0.240681 0.246651
v -0.089532 -0.242584 0.245264
v -0.001172 -0.153938 0.251593
v -0.003106 -0.156881 0.252890
vt 0.190584 0.806297
vt 0.156199 0.804069
vt 0.156863 0.766837
vt 0.191090 0.769036
vt 0.115408 0.845639
vt 0.119007 0.842159
vt 0.155332 0.843006
vt 0.154475 0.846550
vt 0.116049 0.803412
vt 0.119687 0.802811
vt 0.117577 0.763097
vt 0.121063 0.763962
vt 0.234318 0.844333
vt 0.237739 0.847896
vt 0.190232 0.847325
vt 0.189817 0.843762
vt 0.234766 0.806677
vt 0.238257 0.807426
vt 0.235882 0.766755
vt 0.239405 0.766088
vt 0.117440 0.720894
vt 0.120898 0.724433
vt 0.156328 0.725313
vt 0.157137 0.728828
vt 0.192591 0.726381
vt 0.192033 0.729896
vt 0.237133 0.727045
vt 0.240692 0.723670
vt 0.105488 0.760512
vt 0.107041 0.717612
vt 0.249908 0.763482
vt 0.249563 0.720871
vt 0.240485 0.714400
vt 0.192324 0.717070
vt 0.237571 0.857214
vt 0.189444 0.860315
vt 0.152403 0.859405
vt 0.155695 0.714476
vt 0.248893 0.805732
vt 0.105288 0.801602
vt 0.247001 0.846581
vt 0.106309 0.843683
vt 0.113541 0.854810
vt 0.116440 0.710040
vn -0.0684 -0.0409 0.9968
vn -0.0191 -0.0024 0.9998
vn -0.0708 0.0262 0.9971
vn -0.1169 -0.0001 0.9931
vn 0.2382 -0.2439 0.9401
vn 0.2247 -0.2621 0.9385
vn 0.2278 -0.2579 0.9389
vn 0.2310 0.2774 0.9326
vn 0.2369 0.2669 0.9342
vn 0.2385 0.2641 0.9346
vn 0.2121 0.2613 0.9417
vn 0.2198 0.2595 0.9404
vn 0.1704 -0.2788 0.9451
vn 0.1878 -0.2779 0.9421
vn 0.1914 -0.2777 0.9414
vn -0.2768 -0.2664 0.9233
vn -0.2907 -0.2512 0.9232
vn -0.2877 -0.2545 0.9233
vn -0.3025 -0.2160 0.9284
vn -0.3028 -0.2084 0.9300
vn 0.1870 0.2672 0.9453
vn -0.3119 0.2529 0.9158
vn -0.3243 0.2387 0.9153
vn -0.3284 0.2339 0.9151
vn -0.3138 0.2264 0.9221
vn -0.3175 0.2254 0.9211
vn -0.3035 -0.1845 0.9348
vn -0.2956 0.2312 0.9269
vn 0.7056 0.7071 0.0465
vn -0.1162 -0.0006 0.9932
vn -0.1478 0.0329 0.9885
vn -0.1328 0.0320 0.9906
vn -0.7056 -0.7071 -0.0465
vn -0.7056 0.7071 -0.0465
vn 0.7056 -0.7071 0.0465
vn -0.1204 0.0524 0.9913
vn -0.0821 -0.0464 0.9955
vn -0.0499 -0.0501 0.9975
vn -0.0641 -0.0607 0.9961
vn -0.0152 -0.0058 0.9999
vn 0.0009 0.0241 0.9997
vn 0.0118 0.0281 0.9995
vn -0.0248 0.0509 0.9984
vn -0.0746 0.0703 0.9947
usemtl lambert1
s 1
f 1002/1433/1228 1005/1434/1229 1006/1435/1230 999/1436/1231
f 1008/1437/1232 1009/1438/1232 1017/1439/1233 1016/1440/1234
f 1009/1438/1235 1008/1437/1235 1010/1441/1236 1011/1442/1237
f 1011/1442/1237 1010/1441/1236 1030/1443/1238 1031/1444/1239
f 1012/1445/1240 1013/1446/1240 1023/1447/1241 1022/1448/1242
f 1013/1446/1243 1012/1445/1243 1015/1449/1244 1014/1450/1245
f 1014/1450/1245 1015/1449/1244 1028/1451/1246 1029/1452/1247
f 1016/1440/1234 1017/1439/1233 1022/1448/1242 1023/1447/1241
f 1018/1453/1248 1019/1454/1248 1031/1444/1239 1030/1443/1238
f 1019/1454/1249 1018/1453/1249 1021/1455/1250 1020/1456/1251
f 1020/1456/1251 1021/1455/1250 1026/1457/1252 1027/1458/1253
f 1024/1459/1254 1025/1460/1254 1029/1452/1247 1028/1451/1246
f 1025/1460/1255 1024/1459/1255 1027/1458/1253 1026/1457/1252
f 1030/1443/1256 1000/1461/1256 995/1462/1256 1018/1453/1256
f 1028/1451/1257 999/1436/1231 1027/1458/1258 1024/1459/1259
f 998/1463/1260 1029/1452/1260 1025/1460/1260 993/1464/1260
f 993/1465/1261 1025/1460/1261 1026/1457/1261 997/1466/1261
f 1013/1446/1262 992/1467/1262 996/1468/1262 1023/1447/1262
f 1023/1447/1262 996/1468/1262 1004/1469/1262 1016/1440/1262
f 999/1436/1231 1006/1435/1230 1020/1456/1263 1027/1458/1258
f 997/1466/1261 1026/1457/1261 1021/1455/1261 1007/1470/1261
f 1001/1471/1260 1014/1450/1260 1029/1452/1260 998/1463/1260
f 1015/1449/1264 1002/1433/1228 999/1436/1231 1028/1451/1257
f 1010/1441/1256 1003/1472/1256 1000/1461/1256 1030/1443/1256
f 1013/1446/1260 1014/1450/1260 1001/1471/1260 992/1473/1260
f 1022/1448/1265 1002/1433/1228 1015/1449/1264 1012/1445/1266
f 1017/1439/1267 1005/1434/1229 1002/1433/1228 1022/1448/1265
f 994/1474/1256 1003/1472/1256 1010/1441/1256 1008/1437/1256
f 1016/1440/1262 1004/1469/1262 994/1475/1262 1008/1437/1262
f 1009/1438/1268 1011/1442/1269 1005/1434/1229 1017/1439/1267
f 1006/1435/1230 1005/1434/1229 1011/1442/1269 1031/1444/1270
f 1020/1456/1263 1006/1435/1230 1031/1444/1270 1019/1454/1271
f 1007/1470/1261 1021/1455/1261 1018/1453/1261 995/1476/1261
o back_leather_Mesh.006
v 0.272342 0.308443 -0.205849
v 0.282472 0.328778 -0.196653
v 0.278741 0.304450 -0.201951
v 0.289002 0.325097 -0.194625
v 0.278584 0.304408 -0.192819
v 0.288980 0.325340 -0.187042
v 0.132764 0.221802 -0.229119
v 0.110171 0.214774 -0.231504
v 0.125957 0.414980 -0.169737
v 0.102671 0.413915 -0.171248
v 0.135024 0.214710 -0.225896
v 0.112838 0.207731 -0.228235
v 0.112815 0.207730 -0.224873
v 0.135046 0.214727 -0.222469
v 0.275633 0.403411 -0.175414
v 0.258216 0.418499 -0.172108
v 0.281512 0.409043 -0.172031
v 0.264183 0.424434 -0.168799
v 0.281521 0.408937 -0.166392
v 0.264106 0.424406 -0.162331
v -0.145834 0.208040 -0.237065
v -0.122669 0.203111 -0.237148
v -0.120957 0.399399 -0.175203
v -0.144270 0.397569 -0.175063
v -0.123011 0.195616 -0.233965
v -0.145951 0.200529 -0.233895
v -0.145902 0.200498 -0.229029
v -0.123106 0.195611 -0.230657
v 0.125540 0.420464 -0.166553
v 0.102260 0.419374 -0.168077
v 0.125588 0.420465 -0.161228
v 0.102308 0.419378 -0.161341
v -0.120939 0.404871 -0.172021
v -0.144207 0.403063 -0.171865
v -0.120908 0.404873 -0.165286
v -0.144144 0.403064 -0.165631
v -0.280995 0.269648 -0.213591
v -0.293693 0.288831 -0.206407
v -0.293714 0.289121 -0.198572
v -0.280808 0.269611 -0.204882
v -0.287842 0.292775 -0.208570
v -0.275140 0.274095 -0.217629
v -0.278365 0.385227 -0.179702
v -0.293260 0.367934 -0.185536
v -0.299877 0.372747 -0.182035
v -0.284935 0.390331 -0.176366
v -0.284788 0.390299 -0.167314
v -0.299863 0.372557 -0.172576
vt 0.015268 0.925081
vt 0.009582 0.935733
vt 0.006205 0.934160
vt 0.011087 0.923419
vt 0.002645 0.935072
vt 0.006269 0.922898
vt 0.087330 0.885207
vt 0.098719 0.882421
vt 0.095442 0.984983
vt 0.083922 0.984997
vt 0.086206 0.881149
vt 0.097585 0.878559
vt 0.095443 0.988091
vt 0.083939 0.988143
vt 0.085645 0.879462
vt 0.097532 0.876909
vt 0.010676 0.973848
vt 0.018647 0.982089
vt 0.015011 0.985271
vt 0.007562 0.976703
vt 0.012667 0.987804
vt 0.005077 0.977732
vt 0.224662 0.887133
vt 0.213424 0.884054
vt 0.213797 0.880073
vt 0.225029 0.882988
vt 0.217229 0.984824
vt 0.205737 0.984896
vt 0.217004 0.987944
vt 0.205530 0.988001
vt 0.213865 0.878449
vt 0.225616 0.880572
vt 0.095350 0.991402
vt 0.083834 0.990773
vt 0.216979 0.991009
vt 0.205468 0.991313
vt 0.288665 0.923289
vt 0.295028 0.933467
vt 0.291177 0.935551
vt 0.285233 0.925290
vt 0.291547 0.920274
vt 0.299451 0.932141
vt 0.283347 0.982505
vt 0.290935 0.973882
vt 0.293940 0.976745
vt 0.287170 0.985739
vt 0.298013 0.978480
vt 0.290570 0.989434
vt 0.086021 0.881391
vt 0.011754 0.922739
vt 0.008684 0.918555
vt 0.084993 0.880036
vt 0.015464 0.988456
vt 0.015508 0.985263
vt 0.225491 0.883218
vt 0.227008 0.881371
vt 0.286385 0.985689
vt 0.286318 0.990135
vt 0.294570 0.934283
vt 0.298208 0.935550
vn 0.0025 0.2615 -0.9652
vn 0.2127 0.2839 -0.9350
vn 0.3897 0.2266 -0.8926
vn 0.3683 -0.2332 -0.9000
vn 0.8936 -0.4487 0.0149
vn 0.0168 0.2507 -0.9679
vn 0.0075 0.2671 -0.9636
vn 0.0051 0.3014 -0.9535
vn -0.0143 0.3007 -0.9536
vn 0.3211 -0.3127 -0.8939
vn 0.0618 -0.3942 -0.9169
vn -0.0125 0.5021 -0.8647
vn -0.0196 0.5046 -0.8632
vn 0.0727 -0.9974 0.0002
vn 0.5120 -0.8590 0.0038
vn 0.5168 -0.8561 0.0038
vn 0.0757 -0.9971 0.0002
vn 0.1992 0.2990 -0.9332
vn -0.0180 0.3041 -0.9525
vn 0.0278 0.4663 -0.8842
vn 0.2703 0.3182 -0.9087
vn 0.6654 0.7463 0.0120
vn -0.0104 0.2680 -0.9634
vn 0.0054 0.2695 -0.9630
vn 0.0313 -0.3987 -0.9165
vn -0.2750 -0.3726 -0.8863
vn 0.0105 0.3225 -0.9465
vn 0.0035 0.3019 -0.9533
vn -0.0227 0.5143 -0.8573
vn -0.0197 0.5020 -0.8646
vn -0.4342 -0.9008 0.0026
vn 0.0237 -0.9997 -0.0003
vn 0.0215 -0.9998 -0.0006
vn -0.4378 -0.8991 0.0027
vn -0.0313 0.9995 0.0019
vn -0.0634 0.9980 0.0000
vn -0.0633 0.9980 0.0000
vn -0.0312 0.9995 0.0019
vn -0.0660 0.9978 0.0001
vn -0.0888 0.9960 0.0029
vn -0.0887 0.9961 0.0029
vn -0.3591 -0.2905 -0.8870
vn -0.4213 0.1799 -0.8889
vn -0.1867 0.2776 -0.9424
vn -0.0099 0.2843 -0.9587
vn -0.9760 -0.2179 0.0050
vn -0.5090 -0.8607 0.0051
vn -0.5376 -0.8432 0.0061
vn -0.9889 -0.1484 0.0026
vn 0.0052 0.3277 -0.9448
vn -0.1782 0.2981 -0.9378
vn -0.2889 0.3190 -0.9026
vn -0.0572 0.4894 -0.8702
vn -0.7642 0.6449 0.0143
vn 0.5292 -0.8485 0.0039
vn -0.0285 0.9996 0.0022
vn -0.0903 0.9959 0.0033
vn -0.9973 -0.0735 0.0000
vn 0.9960 0.0889 -0.0000
usemtl lambert1
s 1
f 1032/1477/1272 1033/1478/1273 1035/1479/1274 1034/1480/1275
f 1034/1480/1276 1035/1479/1276 1037/1481/1276 1036/1482/1276
f 1038/1483/1277 1039/1484/1278 1041/1485/1279 1040/1486/1280
f 1039/1484/1278 1038/1483/1277 1042/1487/1281 1043/1488/1282
f 1040/1486/1280 1041/1485/1279 1061/1489/1283 1060/1490/1284
f 1043/1488/1285 1042/1487/1286 1045/1491/1287 1044/1492/1288
f 1046/1493/1289 1047/1494/1290 1049/1495/1291 1048/1496/1292
f 1048/1496/1293 1049/1495/1293 1051/1497/1293 1050/1498/1293
f 1052/1499/1294 1053/1500/1295 1056/1501/1296 1057/1502/1297
f 1053/1500/1295 1052/1499/1294 1055/1503/1298 1054/1504/1299
f 1054/1504/1299 1055/1503/1298 1065/1505/1300 1064/1506/1301
f 1057/1502/1302 1056/1501/1303 1059/1507/1304 1058/1508/1305
f 1060/1490/1306 1061/1489/1307 1063/1509/1308 1062/1510/1309
f 1064/1506/1310 1065/1505/1311 1067/1511/1312 1066/1512/1310
f 1068/1513/1313 1069/1514/1314 1072/1515/1315 1073/1516/1316
f 1069/1514/1317 1068/1513/1318 1071/1517/1319 1070/1518/1320
f 1074/1519/1321 1075/1520/1322 1076/1521/1323 1077/1522/1324
f 1077/1522/1325 1076/1521/1325 1079/1523/1325 1078/1524/1325
f 1042/1525/1281 1038/1483/1277 1032/1477/1272 1034/1526/1275
f 1034/1526/1326 1036/1527/1326 1045/1528/1287 1042/1525/1286
f 1060/1490/1306 1062/1510/1309 1051/1529/1327 1049/1530/1327
f 1040/1486/1280 1060/1490/1284 1049/1530/1291 1047/1494/1290
f 1057/1531/1302 1058/1532/1305 1071/1517/1319 1068/1513/1318
f 1068/1513/1313 1073/1516/1316 1052/1499/1294 1057/1531/1297
f 1074/1519/1321 1077/1533/1324 1065/1505/1300 1055/1503/1298
f 1077/1533/1328 1078/1534/1328 1067/1511/1312 1065/1505/1311
f 1035/1479/1274 1033/1478/1273 1046/1493/1289 1048/1496/1292
f 1039/1484/1278 1043/1488/1282 1056/1501/1296 1053/1500/1295
f 1061/1489/1283 1041/1485/1279 1054/1504/1299 1064/1506/1301
f 1072/1515/1315 1069/1535/1314 1076/1521/1323 1075/1520/1322
f 1074/1519/1321 1073/1516/1316 1072/1515/1315 1075/1520/1322
f 1069/1535/1317 1070/1536/1320 1079/1523/1329 1076/1521/1329
f 1037/1481/1330 1035/1479/1330 1048/1496/1330 1050/1498/1330
f 1063/1509/1308 1061/1489/1307 1064/1506/1310 1066/1512/1310
f 1041/1485/1279 1039/1484/1278 1053/1500/1295 1054/1504/1299
f 1043/1488/1285 1044/1492/1288 1059/1507/1304 1056/1501/1303
f 1047/1494/1290 1032/1477/1272 1038/1483/1277 1040/1486/1280
f 1033/1478/1273 1032/1477/1272 1047/1494/1290 1046/1493/1289
f 1052/1499/1294 1073/1516/1316 1074/1519/1321 1055/1503/1298
o leather_piece_01_Mesh.007
v 0.272804 0.247622 0.099265
v 0.182750 0.329495 0.090142
v 0.333375 0.316881 0.021257
v 0.251333 0.398333 0.021476
v 0.298086 0.274613 0.071101
v 0.215168 0.355675 0.068912
v 0.213366 0.302506 0.094169
v 0.250694 0.332756 0.082412
v 0.283840 0.371129 0.027339
v 0.243268 0.275368 0.097249
v 0.277066 0.307216 0.087668
v 0.314914 0.341901 0.033449
v 0.314083 0.291674 0.044684
v 0.287740 0.328516 0.066612
v 0.269651 0.353883 0.063810
v 0.235202 0.376061 0.048364
v 0.339241 0.315409 0.030695
v 0.336642 0.316283 0.034703
v 0.319514 0.344694 0.042485
v 0.317706 0.343889 0.045830
v 0.277064 0.254282 0.109593
v 0.277060 0.249602 0.106896
v 0.250174 0.277815 0.108194
v 0.252035 0.280660 0.107291
v 0.318004 0.294775 0.057632
v 0.316290 0.297120 0.059583
v 0.256160 0.401007 0.030390
v 0.257092 0.397429 0.033436
v 0.242385 0.376657 0.058923
v 0.240062 0.378773 0.057303
v 0.300881 0.280755 0.081169
v 0.302487 0.277689 0.080478
v 0.195495 0.331170 0.100662
v 0.190829 0.331036 0.101484
v 0.219452 0.357685 0.076554
v 0.222460 0.356253 0.077429
v 0.222830 0.306860 0.103957
v 0.220031 0.304953 0.104848
v 0.291161 0.374373 0.039748
v 0.290319 0.372609 0.042726
vt 0.190584 0.806297
vt 0.156199 0.804069
vt 0.156863 0.766837
vt 0.191090 0.769036
vt 0.115408 0.845639
vt 0.119007 0.842159
vt 0.155332 0.843006
vt 0.154475 0.846550
vt 0.116049 0.803412
vt 0.119687 0.802811
vt 0.117577 0.763097
vt 0.121063 0.763962
vt 0.234318 0.844333
vt 0.237739 0.847896
vt 0.190232 0.847325
vt 0.189817 0.843762
vt 0.234766 0.806677
vt 0.238257 0.807426
vt 0.235882 0.766755
vt 0.239405 0.766088
vt 0.117440 0.720894
vt 0.120898 0.724433
vt 0.156328 0.725313
vt 0.157137 0.728828
vt 0.192591 0.726381
vt 0.192033 0.729896
vt 0.237133 0.727045
vt 0.240692 0.723670
vt 0.105488 0.760512
vt 0.107041 0.717612
vt 0.249908 0.763482
vt 0.249563 0.720871
vt 0.240485 0.714400
vt 0.192324 0.717070
vt 0.237571 0.857214
vt 0.189444 0.860315
vt 0.152403 0.859405
vt 0.155695 0.714476
vt 0.248893 0.805732
vt 0.105288 0.801602
vt 0.247001 0.846581
vt 0.106309 0.843683
vt 0.113541 0.854810
vt 0.116440 0.710040
vn 0.4212 0.4004 0.8138
vn 0.4852 0.3801 0.7875
vn 0.3359 0.5005 0.7979
vn 0.2904 0.4580 0.8402
vn 0.9268 -0.2620 -0.2691
vn 0.6313 0.2046 0.7480
vn 0.6038 0.2719 0.7494
vn 0.7676 -0.6391 0.0486
vn 0.7405 0.6309 -0.2314
vn 0.5228 0.3211 0.7897
vn 0.6658 0.6858 -0.2939
vn 0.3651 0.5334 0.7631
vn 0.4429 0.2537 0.8599
vn 0.2385 -0.8538 0.4627
vn 0.7942 -0.5960 0.1184
vn 0.5476 0.3310 0.7685
vn 0.3291 0.3648 0.8710
vn -0.5267 -0.5075 0.6819
vn 0.2530 0.4274 0.8679
vn -0.5182 -0.4879 0.7025
vn 0.1306 0.9673 -0.2176
vn 0.2999 0.6270 0.7190
vn -0.5010 0.7969 0.3375
vn 0.2733 0.5634 0.7797
vn -0.4589 0.8168 0.3497
vn 0.2512 0.4871 0.8364
vn 0.2372 0.4616 0.8548
vn -0.7576 0.1224 0.6411
vn 0.6178 0.5946 -0.5145
vn 0.0429 0.9494 -0.3111
vn -0.6039 -0.6081 0.5153
vn -0.8180 0.3214 0.4770
vn -0.5847 0.7915 0.1782
vn 0.0404 -0.9594 0.2791
vn 0.6801 -0.7278 -0.0877
vn 0.6370 -0.7542 -0.1596
vn -0.6713 0.7252 0.1532
vn -0.6059 -0.6071 0.5141
vn 0.6453 0.5995 -0.4735
vn 0.8926 -0.0457 -0.4486
usemtl lambert1
s 1
f 1090/1537/1331 1093/1538/1332 1094/1539/1333 1087/1540/1334
f 1096/1541/1335 1097/1542/1336 1105/1543/1337 1104/1544/1338
f 1097/1542/1336 1096/1541/1335 1098/1545/1339 1099/1546/1340
f 1099/1546/1340 1098/1545/1339 1118/1547/1341 1119/1548/1342
f 1100/1549/1343 1101/1550/1344 1111/1551/1345 1110/1552/1346
f 1101/1550/1344 1100/1549/1343 1103/1553/1347 1102/1554/1348
f 1102/1554/1348 1103/1553/1347 1116/1555/1349 1117/1556/1350
f 1104/1544/1338 1105/1543/1337 1110/1552/1346 1111/1551/1345
f 1106/1557/1351 1107/1558/1352 1119/1548/1342 1118/1547/1341
f 1107/1558/1352 1106/1557/1351 1109/1559/1353 1108/1560/1354
f 1108/1560/1354 1109/1559/1353 1114/1561/1355 1115/1562/1356
f 1112/1563/1357 1113/1564/1358 1117/1556/1350 1116/1555/1349
f 1113/1564/1358 1112/1563/1357 1115/1562/1356 1114/1561/1355
f 1118/1547/1341 1088/1565/1359 1083/1566/1360 1106/1557/1351
f 1116/1555/1349 1087/1540/1334 1115/1562/1356 1112/1563/1357
f 1086/1567/1361 1117/1556/1350 1113/1564/1358 1081/1568/1362
f 1081/1569/1362 1113/1564/1358 1114/1561/1355 1085/1570/1363
f 1101/1550/1344 1080/1571/1364 1084/1572/1365 1111/1551/1345
f 1111/1551/1345 1084/1572/1365 1092/1573/1366 1104/1544/1338
f 1087/1540/1334 1094/1539/1333 1108/1560/1354 1115/1562/1356
f 1085/1570/1363 1114/1561/1355 1109/1559/1353 1095/1574/1367
f 1089/1575/1368 1102/1554/1348 1117/1556/1350 1086/1567/1361
f 1103/1553/1347 1090/1537/1331 1087/1540/1334 1116/1555/1349
f 1098/1545/1339 1091/1576/1369 1088/1565/1359 1118/1547/1341
f 1101/1550/1344 1102/1554/1348 1089/1575/1368 1080/1577/1364
f 1110/1552/1346 1090/1537/1331 1103/1553/1347 1100/1549/1343
f 1105/1543/1337 1093/1538/1332 1090/1537/1331 1110/1552/1346
f 1082/1578/1370 1091/1576/1369 1098/1545/1339 1096/1541/1335
f 1104/1544/1338 1092/1573/1366 1082/1579/1370 1096/1541/1335
f 1097/1542/1336 1099/1546/1340 1093/1538/1332 1105/1543/1337
f 1094/1539/1333 1093/1538/1332 1099/1546/1340 1119/1548/1342
f 1108/1560/1354 1094/1539/1333 1119/1548/1342 1107/1558/1352
f 1095/1574/1367 1109/1559/1353 1106/1557/1351 1083/1580/1360
o strap_r1_Mesh.008
v 0.405294 -0.462912 -0.105054
v 0.412445 -0.371699 -0.103788
v 0.414096 -0.371699 -0.013827
v 0.410537 -0.461660 -0.013827
v 0.414096 -0.371699 -0.074370
v 0.411702 -0.462912 -0.074774
v 0.407115 -0.462912 -0.034700
v 0.414096 -0.371699 -0.035435
v 0.412445 -0.397831 -0.103788
v 0.428871 -0.397215 -0.074774
v 0.430314 -0.397215 -0.034700
v 0.414096 -0.397831 -0.013827
v 0.405294 -0.435030 -0.105054
v 0.425473 -0.435030 -0.074774
v 0.426410 -0.435030 -0.034700
v 0.411198 -0.434571 -0.013827
v 0.413209 -0.458332 -0.100519
v 0.410967 -0.461660 -0.103788
v 0.415609 -0.434571 -0.103788
v 0.417950 -0.435030 -0.101201
v 0.422536 -0.375180 -0.101062
v 0.420473 -0.371699 -0.103788
v 0.426440 -0.371699 -0.073862
v 0.428189 -0.374875 -0.074774
v 0.425824 -0.375041 -0.016440
v 0.423572 -0.371699 -0.013827
v 0.423168 -0.397215 -0.016293
v 0.420822 -0.397524 -0.013827
v 0.416105 -0.458732 -0.016564
v 0.414026 -0.461660 -0.013827
v 0.421836 -0.461660 -0.035826
v 0.423667 -0.458749 -0.034700
v 0.430761 -0.371699 -0.035956
v 0.432510 -0.374875 -0.034700
v 0.421538 -0.461660 -0.074081
v 0.423647 -0.458749 -0.074774
v 0.421205 -0.397215 -0.101328
v 0.418771 -0.397573 -0.103788
v 0.419944 -0.435030 -0.016064
v 0.417424 -0.434379 -0.013827
v 0.264702 0.562590 -0.133671
v 0.274404 0.609655 -0.089357
v 0.187158 0.613769 -0.089750
v 0.180299 0.572433 -0.126075
v 0.274651 0.617037 -0.044759
v 0.187156 0.620780 -0.044759
v 0.277891 0.595571 -0.003753
v 0.285505 0.526040 0.020830
v 0.208252 0.533355 0.019647
v 0.188673 0.599300 -0.003753
v 0.204396 0.194665 -0.252451
v 0.146538 0.192602 -0.248830
v 0.208123 0.403729 -0.191096
v 0.153089 0.407234 -0.192388
v 0.264957 0.567567 -0.140047
v 0.274604 0.617066 -0.093163
v 0.187358 0.621180 -0.093557
v 0.180555 0.577409 -0.132451
v 0.275021 0.625412 -0.043542
v 0.187526 0.629155 -0.043542
v 0.276070 0.601205 0.002748
v 0.285554 0.524574 0.029761
v 0.208300 0.531888 0.028578
v 0.188892 0.604934 0.002748
v 0.204003 0.195744 -0.262687
v 0.146144 0.193681 -0.256806
v 0.208382 0.408032 -0.198831
v 0.153348 0.408032 -0.200122
v 0.318675 0.045118 0.157481
v 0.257159 0.054100 0.198942
v 0.260403 0.058623 0.204688
v 0.318675 0.049641 0.163227
v 0.321684 -0.041170 0.164291
v 0.321684 -0.041170 0.170037
v 0.268711 -0.040878 0.206990
v 0.265467 -0.040878 0.201244
v 0.186734 0.358616 -0.182730
v 0.186897 0.352502 -0.187468
v 0.152116 0.351482 -0.188258
v 0.151953 0.357595 -0.183521
v 0.193334 0.378035 -0.194375
v 0.186734 0.364183 -0.190009
v 0.192969 0.377711 -0.202530
v 0.186897 0.363690 -0.198854
v 0.152348 0.377841 -0.203781
v 0.152116 0.363698 -0.200331
v 0.151992 0.378187 -0.195883
v 0.151953 0.364164 -0.191659
v 0.186022 0.338783 -0.189749
v 0.185796 0.344894 -0.190748
v 0.152444 0.339273 -0.192595
v 0.152217 0.345383 -0.193595
v 0.188865 0.338545 -0.201616
v 0.192571 0.329008 -0.210986
v 0.192345 0.330594 -0.218926
v 0.190094 0.340880 -0.211250
v 0.149637 0.326381 -0.210136
v 0.149697 0.337488 -0.202317
v 0.149352 0.327940 -0.217953
v 0.148684 0.339123 -0.211291
v 0.300837 0.307432 0.070842
v 0.227087 0.323055 0.093439
v 0.302142 0.309717 0.075371
v 0.227152 0.326860 0.099298
v 0.293192 0.347968 0.051519
v 0.294371 0.350937 0.058252
v 0.221484 0.366362 0.079458
v 0.220582 0.361790 0.073241
v 0.305092 0.305331 0.062789
v 0.220589 0.321191 0.089776
v 0.297654 0.344238 0.044103
v 0.214285 0.358298 0.070301
v 0.221633 0.330679 0.106691
v 0.216215 0.368437 0.087626
v 0.308708 0.313159 0.077895
v 0.301149 0.352464 0.061365
v 0.307608 -0.097789 0.169063
v 0.307608 -0.097789 0.174809
v 0.281381 -0.097786 0.186609
v 0.284626 -0.097786 0.192355
v 0.316324 0.156124 0.133108
v 0.306789 0.270434 0.085205
v 0.248160 0.175699 0.164799
v 0.236364 0.287191 0.113892
v 0.316324 0.160632 0.138858
v 0.307064 0.274598 0.090382
v 0.251411 0.180137 0.170569
v 0.238714 0.291499 0.119679
v 0.240757 0.484510 -0.169483
v 0.240836 0.489150 -0.176542
v 0.166791 0.490662 -0.173419
v 0.166713 0.487785 -0.166360
v 0.208011 -0.003480 -0.324804
v 0.207617 -0.002401 -0.335041
v 0.150152 -0.005543 -0.321184
v 0.149759 -0.004464 -0.329160
v 0.275395 -0.338608 -0.433396
v 0.271808 -0.338737 -0.443633
v 0.212264 -0.363219 -0.429776
v 0.209466 -0.363067 -0.437752
v 0.449120 -0.472098 -0.332098
v 0.454249 -0.473998 -0.336291
v 0.443838 -0.534652 -0.330319
v 0.449594 -0.535960 -0.332252
v 0.403926 -0.475832 -0.373966
v 0.409068 -0.478969 -0.380473
v 0.394373 -0.543080 -0.372452
v 0.399022 -0.545417 -0.377845
v 0.428981 -0.406530 -0.099903
v 0.438776 -0.406971 -0.099903
v 0.419941 -0.463724 -0.099903
v 0.429787 -0.464166 -0.099903
v 0.469177 -0.416655 -0.152665
v 0.478550 -0.418850 -0.154696
v 0.470514 -0.476080 -0.153488
v 0.461620 -0.474212 -0.152600
v 0.490211 -0.435132 -0.202851
v 0.486969 -0.456955 -0.268320
v 0.483406 -0.492774 -0.202348
v 0.480676 -0.514462 -0.267045
v 0.498399 -0.437019 -0.204760
v 0.494125 -0.458346 -0.269952
v 0.491296 -0.494373 -0.203062
v 0.487785 -0.515641 -0.267571
v 0.337044 -0.451503 -0.427447
v 0.378030 -0.471049 -0.398357
v 0.340529 -0.456642 -0.435698
v 0.382181 -0.474202 -0.406030
v 0.305021 -0.512446 -0.436625
v 0.348386 -0.534669 -0.413117
v 0.308419 -0.515668 -0.443349
v 0.351996 -0.537173 -0.419549
v 0.295975 -0.392709 -0.437478
v 0.321486 -0.433552 -0.434163
v 0.296959 -0.399415 -0.447715
v 0.323597 -0.438830 -0.443129
v 0.241769 -0.432874 -0.444264
v 0.267398 -0.473240 -0.445424
v 0.242820 -0.436492 -0.452243
v 0.269191 -0.476125 -0.452761
v 0.222226 -0.129319 -0.369568
v 0.247592 -0.249326 -0.408009
v 0.220505 -0.128160 -0.379776
v 0.244667 -0.248457 -0.418169
v 0.162034 -0.131543 -0.366005
v 0.183477 -0.252478 -0.402431
v 0.161637 -0.130427 -0.373968
v 0.182202 -0.251601 -0.410376
v 0.421771 -0.496776 0.060319
v 0.426409 -0.496867 0.060643
v 0.420197 -0.508383 0.046989
v 0.424851 -0.508474 0.047314
v 0.427534 -0.433435 0.022515
v 0.424981 -0.466984 0.049110
v 0.437314 -0.433777 0.023127
v 0.431886 -0.467225 0.049543
v 0.421930 -0.477983 -0.015260
v 0.420953 -0.498214 0.022619
v 0.431761 -0.478329 -0.014645
v 0.427895 -0.498456 0.023055
v 0.182367 0.321632 -0.198866
v 0.188013 0.327034 -0.197425
v 0.192392 0.325042 -0.207114
v 0.186745 0.319640 -0.208555
v 0.188145 0.360583 -0.185474
v 0.182555 0.366662 -0.185944
v 0.186979 0.373333 -0.193221
v 0.192569 0.367909 -0.194794
v 0.156331 0.366714 -0.185637
v 0.150684 0.362027 -0.189308
v 0.146117 0.368000 -0.194249
v 0.151764 0.373402 -0.192808
v 0.150552 0.327228 -0.197363
v 0.156143 0.321632 -0.198867
v 0.151530 0.319709 -0.208142
v 0.145940 0.325132 -0.206569
v 0.197315 0.318874 -0.204981
v 0.192106 0.313891 -0.206311
v 0.192389 0.377042 -0.188342
v 0.197545 0.372039 -0.189794
v 0.141276 0.372149 -0.189134
v 0.146485 0.377132 -0.187804
v 0.146202 0.313980 -0.205772
v 0.141045 0.318984 -0.204321
v 0.197422 0.317567 -0.199642
v 0.192213 0.312584 -0.200972
v 0.192496 0.375735 -0.183004
v 0.197653 0.370732 -0.184455
v 0.141383 0.370842 -0.183795
v 0.146592 0.375825 -0.182465
v 0.146309 0.312674 -0.200434
v 0.141152 0.317677 -0.198982
v 0.192581 0.321716 -0.194527
v 0.186934 0.316314 -0.195969
v 0.187168 0.370007 -0.180634
v 0.192758 0.364583 -0.182208
v 0.146306 0.364674 -0.181663
v 0.151953 0.370076 -0.180221
v 0.151719 0.316846 -0.197001
v 0.146129 0.321981 -0.195354
v 0.434499 -0.467489 -0.082130
v 0.437747 -0.462063 -0.074723
v 0.449193 -0.468752 -0.074841
v 0.445945 -0.474178 -0.082249
v 0.438954 -0.419269 -0.066201
v 0.439436 -0.411143 -0.072244
v 0.451914 -0.407022 -0.070488
v 0.453872 -0.415107 -0.065424
v 0.427287 -0.404937 -0.101348
v 0.426703 -0.410318 -0.109824
v 0.432352 -0.404113 -0.116978
v 0.435600 -0.398687 -0.109571
v 0.420843 -0.453190 -0.116479
v 0.422656 -0.461449 -0.111392
v 0.429631 -0.465844 -0.121331
v 0.427673 -0.457758 -0.126396
v 0.446607 -0.476246 -0.068715
v 0.443611 -0.481251 -0.075548
v 0.450706 -0.402290 -0.061740
v 0.452512 -0.409748 -0.057069
v 0.426444 -0.396431 -0.119519
v 0.429440 -0.391426 -0.112686
v 0.422344 -0.470387 -0.126493
v 0.420538 -0.462928 -0.131165
v 0.440446 -0.475910 -0.066007
v 0.437450 -0.480915 -0.072840
v 0.444546 -0.401954 -0.059033
v 0.446352 -0.409413 -0.054361
v 0.420283 -0.396095 -0.116811
v 0.423279 -0.391090 -0.109979
v 0.416184 -0.470051 -0.123786
v 0.414378 -0.462593 -0.128458
v 0.434538 -0.468228 -0.068548
v 0.431291 -0.473654 -0.075955
v 0.437259 -0.406497 -0.064195
v 0.439218 -0.414582 -0.059131
v 0.417697 -0.403589 -0.110685
v 0.420945 -0.398163 -0.103278
v 0.416702 -0.465291 -0.115731
v 0.414547 -0.457512 -0.120778
v 0.432394 -0.410719 -0.030339
v 0.442161 -0.411145 -0.029573
v 0.424749 -0.465994 -0.045919
v 0.434566 -0.466420 -0.045152
v 0.440526 -0.416416 -0.011794
v 0.430755 -0.416022 -0.012509
v 0.423260 -0.471003 -0.029723
v 0.433081 -0.471401 -0.028999
v 0.426348 -0.404949 -0.029020
v 0.451356 -0.405889 -0.026975
v 0.449781 -0.410334 -0.009851
v 0.424766 -0.409430 -0.011817
v 0.415488 -0.471754 -0.047869
v 0.440565 -0.472696 -0.045808
v 0.414072 -0.475883 -0.032474
v 0.439157 -0.476790 -0.030493
v 0.452611 -0.446327 -0.069541
v 0.451182 -0.446825 -0.072981
v 0.449841 -0.445262 -0.071820
v 0.455747 -0.444979 -0.074726
v 0.454135 -0.446683 -0.074434
v 0.455949 -0.446167 -0.071184
v 0.434137 -0.435717 -0.102810
v 0.435478 -0.437280 -0.103970
v 0.433900 -0.434955 -0.106465
v 0.437238 -0.434795 -0.108107
v 0.438431 -0.437138 -0.105423
v 0.440043 -0.435434 -0.105715
v 0.434408 -0.432449 -0.101940
v 0.434206 -0.431260 -0.105482
v 0.436020 -0.430744 -0.102232
v 0.438973 -0.430603 -0.103685
v 0.437544 -0.431100 -0.107124
v 0.440314 -0.432166 -0.104846
v 0.450112 -0.441994 -0.070951
v 0.451724 -0.440289 -0.071243
v 0.452917 -0.442633 -0.068559
v 0.456255 -0.442473 -0.070201
v 0.454677 -0.440148 -0.072695
v 0.456018 -0.441711 -0.073856
v 0.414273 -0.449519 -0.107809
v 0.420762 -0.403597 -0.100371
v 0.429427 -0.390825 -0.120212
v 0.419363 -0.467061 -0.134008
v 0.418952 -0.392558 -0.116520
v 0.411548 -0.466807 -0.129199
v 0.416025 -0.399811 -0.109203
v 0.411662 -0.460952 -0.119971
v 0.424940 -0.458911 -0.113162
v 0.431086 -0.406505 -0.102025
v 0.416918 -0.456984 -0.095543
v 0.423407 -0.411061 -0.088105
v 0.417572 -0.449641 -0.108769
v 0.423814 -0.403719 -0.101614
v 0.428067 -0.406010 -0.103329
v 0.422156 -0.458416 -0.114042
v 0.428274 -0.392978 -0.115673
v 0.420801 -0.465698 -0.129897
v 0.421508 -0.394194 -0.114471
v 0.415761 -0.465448 -0.126383
v 0.420190 -0.398505 -0.109145
v 0.415168 -0.461176 -0.119791
v 0.414544 -0.456430 -0.097333
v 0.420786 -0.410508 -0.090178
v 0.438779 -0.395874 -0.116736
v 0.439821 -0.402328 -0.109409
v 0.432597 -0.461431 -0.119868
v 0.430533 -0.464987 -0.128969
v 0.434876 -0.396543 -0.113103
v 0.434671 -0.403455 -0.107046
v 0.428026 -0.459926 -0.117013
v 0.427989 -0.464500 -0.124928
vt 0.824444 0.488199
vt 0.823946 0.465842
vt 0.800599 0.466294
vt 0.800860 0.488570
vt 0.784459 0.451562
vt 0.800598 0.452682
vt 0.800844 0.450643
vt 0.782292 0.449306
vt 0.782340 0.465916
vt 0.784427 0.465812
vt 0.782310 0.488195
vt 0.784395 0.488496
vt 0.784851 0.501868
vt 0.782873 0.504112
vt 0.801390 0.503961
vt 0.800968 0.501770
vt 0.823735 0.502921
vt 0.824413 0.500952
vt 0.835730 0.501791
vt 0.837744 0.504113
vt 0.838462 0.487553
vt 0.836372 0.487888
vt 0.837757 0.464971
vt 0.835677 0.464853
vt 0.834584 0.450287
vt 0.836291 0.448101
vt 0.822682 0.450284
vt 0.823317 0.452190
vt 0.778465 0.487807
vt 0.777919 0.503936
vt 0.800126 0.511436
vt 0.824538 0.513505
vt 0.843819 0.503678
vt 0.842615 0.486938
vt 0.823788 0.441686
vt 0.799673 0.444955
vt 0.781935 0.509015
vt 0.780608 0.446044
vt 0.836632 0.445902
vt 0.839073 0.510484
vt 0.776156 0.464877
vt 0.841501 0.464236
vt 0.778898 0.447972
vt 0.838416 0.447649
vt 0.488106 0.137952
vt 0.447251 0.137485
vt 0.447788 0.164413
vt 0.485924 0.169074
vt 0.446266 0.185636
vt 0.482631 0.189938
vt 0.480156 0.210810
vt 0.445456 0.206232
vt 0.449748 0.238072
vt 0.481043 0.243435
vt 0.474814 0.051100
vt 0.448331 0.045475
vt 0.446159 0.089055
vt 0.481499 0.093629
vt 0.492084 0.137517
vt 0.489488 0.169207
vt 0.444149 0.164137
vt 0.443315 0.137087
vt 0.486143 0.190447
vt 0.442786 0.185541
vt 0.483600 0.211217
vt 0.484440 0.242010
vt 0.446341 0.236557
vt 0.442315 0.206613
vt 0.478604 0.049276
vt 0.485124 0.092018
vt 0.444499 0.045780
vt 0.442327 0.088954
vt 0.587557 0.471419
vt 0.591870 0.429389
vt 0.560823 0.423979
vt 0.552139 0.469342
vt 0.633980 0.474281
vt 0.628353 0.426518
vt 0.625237 0.427295
vt 0.630730 0.476401
vt 0.594366 0.429306
vt 0.597342 0.477117
vt 0.472537 0.019136
vt 0.488651 0.009587
vt 0.486591 0.005964
vt 0.470457 0.015523
vt 0.053847 0.779530
vt 0.052790 0.773645
vt 0.052503 0.773609
vt 0.051309 0.780301
vt 0.475815 0.033518
vt 0.495601 0.021372
vt 0.491520 0.014441
vt 0.474178 0.023810
vt 0.469449 0.026409
vt 0.471189 0.034360
vt 0.451720 0.024028
vt 0.450685 0.030803
vt 0.448185 0.021540
vt 0.446633 0.030265
vt 0.503294 0.035527
vt 0.470220 0.018527
vt 0.452464 0.015453
vt 0.448012 0.015616
vt 0.069407 0.775250
vt 0.066725 0.773570
vt 0.062370 0.776742
vt 0.059868 0.780472
vt 0.054107 0.769369
vt 0.053558 0.771451
vt 0.052424 0.772192
vt 0.051763 0.769639
vt 0.081754 0.718025
vt 0.056315 0.716025
vt 0.086036 0.719745
vt 0.052849 0.716535
vt 0.044452 0.778295
vt 0.038049 0.773381
vt 0.027317 0.716597
vt 0.447590 0.310385
vt 0.450598 0.309342
vt 0.481738 0.315387
vt 0.484713 0.316083
vt 0.515802 0.236876
vt 0.515765 0.310654
vt 0.957565 0.746329
vt 0.953435 0.749220
vt 0.953331 0.752679
vt 0.957557 0.756732
vt 0.954221 0.761322
vt 0.954073 0.808516
vt 0.958385 0.810675
vt 0.960724 0.676747
vt 0.956340 0.679708
vt 0.956579 0.684351
vt 0.960843 0.688873
vt 0.984137 0.810542
vt 0.987693 0.807261
vt 0.988812 0.760983
vt 0.984210 0.757492
vt 0.988346 0.753387
vt 0.988583 0.748511
vt 0.984444 0.745859
vt 0.987930 0.690204
vt 0.992376 0.685886
vt 0.992180 0.680750
vt 0.988033 0.677485
vt 0.955819 0.699483
vt 0.954383 0.736294
vt 0.988856 0.743525
vt 0.991171 0.695729
vt 0.596387 0.401566
vt 0.611339 0.399714
vt 0.610443 0.396389
vt 0.594236 0.399410
vt 0.593306 0.401657
vt 0.577562 0.398101
vt 0.614302 0.397942
vt 0.589361 0.533160
vt 0.547560 0.538282
vt 0.546418 0.604350
vt 0.587484 0.599205
vt 0.590743 0.600257
vt 0.592990 0.534592
vt 0.635737 0.540663
vt 0.631679 0.541668
vt 0.630532 0.606956
vt 0.634536 0.606352
vt 0.589828 0.620679
vt 0.632322 0.629847
vt 0.544685 0.627276
vt 0.586803 0.620474
vt 0.633237 0.629363
vt 0.636900 0.628745
vt 0.094910 0.619312
vt 0.090029 0.617662
vt 0.061330 0.617165
vt 0.057459 0.617798
vt 0.028998 0.616027
vt 0.114366 0.256993
vt 0.107724 0.210657
vt 0.102917 0.211670
vt 0.107849 0.258195
vt 0.066921 0.265621
vt 0.063111 0.221372
vt 0.059654 0.222804
vt 0.063102 0.265882
vt 0.017991 0.219817
vt 0.021484 0.264794
vt 0.085339 0.075236
vt 0.079894 0.038829
vt 0.075592 0.041281
vt 0.082040 0.079878
vt 0.048223 0.090216
vt 0.042001 0.045943
vt 0.036964 0.044585
vt 0.042781 0.087187
vt 0.004829 0.044563
vt 0.005371 0.084567
vt 0.091599 0.110633
vt 0.087062 0.113570
vt 0.093671 0.157870
vt 0.098630 0.157314
vt 0.014752 0.166914
vt 0.053835 0.173861
vt 0.048046 0.127023
vt 0.009684 0.120453
vt 0.058341 0.172576
vt 0.053231 0.127964
vt 0.027447 0.327263
vt 0.066667 0.325912
vt 0.065725 0.291385
vt 0.023892 0.289477
vt 0.115893 0.284259
vt 0.109172 0.284832
vt 0.107896 0.332869
vt 0.115623 0.329945
vt 0.069382 0.291323
vt 0.070038 0.325158
vt 0.025677 0.378549
vt 0.065259 0.375275
vt 0.065589 0.344334
vt 0.026436 0.344124
vt 0.115001 0.346016
vt 0.107913 0.342731
vt 0.106910 0.377741
vt 0.113663 0.382137
vt 0.069047 0.343033
vt 0.069063 0.377947
vt 0.111952 0.418181
vt 0.105631 0.417261
vt 0.068140 0.414769
vt 0.063697 0.415062
vt 0.024757 0.415555
vt 0.115271 0.333961
vt 0.028342 0.544700
vt 0.060358 0.549130
vt 0.062619 0.479668
vt 0.027108 0.472442
vt 0.107818 0.475216
vt 0.101851 0.473959
vt 0.096179 0.546474
vt 0.101698 0.547991
vt 0.067011 0.479258
vt 0.064556 0.548582
vt 0.986016 0.947250
vt 0.938190 0.933574
vt 0.936310 0.968609
vt 0.969036 0.979103
vt 0.894414 0.979574
vt 0.898929 0.976219
vt 0.884510 0.945546
vt 0.877109 0.947827
vt 0.930886 0.968459
vt 0.930014 0.933642
vt 0.914028 0.998851
vt 0.916716 0.995853
vt 0.930603 0.990102
vt 0.934785 0.990396
vt 0.948480 0.997626
vt 0.918712 0.999260
vt 0.932536 0.993379
vt 0.518927 0.076768
vt 0.534489 0.123665
vt 0.107829 0.690577
vt 0.117189 0.694523
vt 0.121381 0.684788
vt 0.112101 0.680934
vt 0.153713 0.679742
vt 0.142039 0.685088
vt 0.146043 0.694303
vt 0.158005 0.688551
vt 0.134706 0.690768
vt 0.136030 0.698502
vt 0.911853 0.609948
vt 0.924223 0.617505
vt 0.933340 0.603889
vt 0.919842 0.594538
vt 0.985694 0.606245
vt 0.964173 0.610329
vt 0.967241 0.626145
vt 0.992411 0.621564
vt 0.951429 0.616411
vt 0.950877 0.628667
vt 0.645160 0.148362
vt 0.659549 0.152318
vt 0.663354 0.137423
vt 0.646257 0.132586
vt 0.706306 0.124865
vt 0.692543 0.133551
vt 0.700280 0.146260
vt 0.717067 0.135451
vt 0.683183 0.142983
vt 0.686611 0.153960
vt 0.256613 0.887415
vt 0.265890 0.891422
vt 0.270253 0.881189
vt 0.261476 0.877002
vt 0.305339 0.875816
vt 0.291364 0.881362
vt 0.295405 0.891945
vt 0.309433 0.886589
vt 0.283451 0.887354
vt 0.284451 0.895708
vt 0.128717 0.690550
vt 0.127558 0.698452
vt 0.942560 0.614584
vt 0.938449 0.626045
vt 0.674754 0.144326
vt 0.674751 0.155793
vt 0.277147 0.887303
vt 0.275689 0.895556
vt 0.156073 0.638039
vt 0.142174 0.632800
vt 0.993286 0.560576
vt 0.977226 0.548729
vt 0.983057 0.606328
vt 0.700908 0.065252
vt 0.684560 0.059387
vt 0.704807 0.124861
vt 0.304220 0.842802
vt 0.291872 0.836993
vt 0.303432 0.875843
vt 0.134953 0.626516
vt 0.968084 0.536739
vt 0.673424 0.051743
vt 0.284146 0.830173
vt 0.128499 0.626252
vt 0.959277 0.535958
vt 0.664420 0.053011
vt 0.277204 0.830002
vt 0.121204 0.632435
vt 0.946336 0.542896
vt 0.656218 0.062571
vt 0.269314 0.836518
vt 0.115284 0.637988
vt 0.113944 0.679944
vt 0.933489 0.548206
vt 0.923974 0.593728
vt 0.647407 0.070698
vt 0.649486 0.130650
vt 0.261807 0.842416
vt 0.263655 0.876053
vt 0.589469 0.273570
vt 0.601969 0.265202
vt 0.594977 0.250069
vt 0.580821 0.258589
vt 0.663425 0.261394
vt 0.643425 0.251274
vt 0.636412 0.266671
vt 0.656007 0.276056
vt 0.626670 0.243933
vt 0.624374 0.256878
vt 0.718813 0.063868
vt 0.727556 0.056413
vt 0.720971 0.044045
vt 0.708737 0.052068
vt 0.778656 0.050776
vt 0.761736 0.043748
vt 0.756490 0.056961
vt 0.776314 0.064517
vt 0.747850 0.037947
vt 0.746285 0.048839
vt 0.866414 0.465391
vt 0.878559 0.458508
vt 0.872448 0.444547
vt 0.856217 0.452731
vt 0.931492 0.453759
vt 0.916447 0.445947
vt 0.909869 0.459939
vt 0.927750 0.468733
vt 0.901553 0.439102
vt 0.899122 0.450881
vt 0.581014 0.342664
vt 0.594177 0.350777
vt 0.601574 0.335971
vt 0.590618 0.328102
vt 0.654039 0.328111
vt 0.634601 0.336497
vt 0.640791 0.352243
vt 0.660781 0.343399
vt 0.622095 0.345669
vt 0.623679 0.358572
vt 0.612419 0.243314
vt 0.614478 0.256393
vt 0.735768 0.037654
vt 0.737894 0.048488
vt 0.888563 0.438654
vt 0.890151 0.450538
vt 0.612211 0.345508
vt 0.609608 0.358195
vt 0.755225 0.131239
vt 0.772768 0.123370
vt 0.905816 0.523636
vt 0.926176 0.516635
vt 0.211509 0.639551
vt 0.199849 0.634352
vt 0.201450 0.688518
vt 0.210853 0.682944
vt 0.744763 0.139717
vt 0.894117 0.532292
vt 0.192109 0.628129
vt 0.194171 0.695273
vt 0.735662 0.139116
vt 0.884282 0.531630
vt 0.185445 0.628589
vt 0.187507 0.695735
vt 0.725670 0.130001
vt 0.873905 0.521309
vt 0.178981 0.635034
vt 0.179778 0.689500
vt 0.715410 0.122750
vt 0.863147 0.512379
vt 0.172155 0.640409
vt 0.170185 0.683762
vt 0.019467 0.791473
vt 0.011492 0.796776
vt 0.011552 0.857296
vt 0.020707 0.864338
vt 0.792889 0.112961
vt 0.786337 0.120779
vt 0.786356 0.130769
vt 0.792760 0.137031
vt 0.792904 0.037849
vt 0.784963 0.043472
vt 0.783534 0.105829
vt 0.810984 0.113025
vt 0.820016 0.105153
vt 0.817753 0.042961
vt 0.809968 0.038130
vt 0.810935 0.137129
vt 0.817941 0.130894
vt 0.818008 0.120923
vt 0.036569 0.864251
vt 0.045855 0.857985
vt 0.046726 0.797304
vt 0.038821 0.791299
vt 0.014248 0.872002
vt 0.014419 0.881668
vt 0.020910 0.887644
vt 0.036585 0.887551
vt 0.042397 0.881543
vt 0.042467 0.871863
vt 0.072686 0.007347
vt 0.068155 0.007736
vt 0.043117 0.018700
vt 0.038411 0.018537
vt 0.009702 0.008028
vt 0.874415 0.915123
vt 0.882544 0.914451
vt 0.938215 0.920019
vt 0.987211 0.913267
vt 0.929693 0.920382
vt 0.727390 0.462091
vt 0.716500 0.462099
vt 0.717550 0.471956
vt 0.726357 0.471953
vt 0.732531 0.471823
vt 0.741196 0.472164
vt 0.745973 0.461829
vt 0.734023 0.459666
vt 0.726294 0.566040
vt 0.732467 0.566186
vt 0.748258 0.472340
vt 0.756935 0.472422
vt 0.758997 0.462101
vt 0.741106 0.565924
vt 0.747123 0.565863
vt 0.717490 0.566017
vt 0.716425 0.575844
vt 0.727316 0.575880
vt 0.733725 0.577794
vt 0.745140 0.575905
vt 0.757618 0.575994
vt 0.755791 0.565925
vt 0.711373 0.471834
vt 0.711315 0.566136
vt 0.770413 0.566475
vt 0.761794 0.566079
vt 0.768994 0.578042
vt 0.762954 0.472391
vt 0.770593 0.460430
vt 0.771599 0.472206
vt 0.745120 0.587959
vt 0.757537 0.587997
vt 0.759275 0.449477
vt 0.746253 0.449227
vt 0.844599 0.007508
vt 0.839293 0.007480
vt 0.837511 0.050622
vt 0.843833 0.052176
vt 0.835025 0.010949
vt 0.832592 0.046755
vt 0.828658 0.018423
vt 0.826566 0.045256
vt 0.861621 0.045997
vt 0.871130 0.044827
vt 0.872799 0.017717
vt 0.861810 0.014891
vt 0.826666 0.018413
vt 0.824673 0.045172
vt 0.837854 0.052804
vt 0.841639 0.054271
vt 0.844010 0.004917
vt 0.840468 0.004705
vt 0.832073 0.049332
vt 0.835540 0.051511
vt 0.836735 0.006841
vt 0.833882 0.009605
vt 0.825716 0.046812
vt 0.831133 0.048875
vt 0.833307 0.009903
vt 0.827243 0.017024
vt 0.872900 0.015974
vt 0.862609 0.013382
vt 0.861938 0.047960
vt 0.871006 0.046743
vt 0.873093 0.044875
vt 0.874549 0.017784
vt 0.849860 0.050586
vt 0.852734 0.052155
vt 0.857575 0.049903
vt 0.854576 0.047967
vt 0.855979 0.013387
vt 0.851302 0.010112
vt 0.859140 0.013574
vt 0.854493 0.009477
vt 0.856945 0.048524
vt 0.861275 0.048167
vt 0.845353 0.054843
vt 0.849813 0.053718
vt 0.852026 0.007432
vt 0.847030 0.006419
vn 0.9931 -0.0806 0.0846
vn 0.9898 -0.1002 0.1012
vn 0.9859 -0.1002 -0.1344
vn 0.9887 -0.0675 -0.1338
vn 0.9119 -0.1946 -0.3613
vn 0.9760 -0.1639 -0.1436
vn 0.3436 -0.9380 -0.0456
vn 0.3448 -0.6735 -0.6539
vn 0.3239 -0.0333 -0.9455
vn 0.9363 -0.1055 -0.3349
vn 0.2771 -0.0161 -0.9607
vn 0.9475 -0.0591 -0.3141
vn 0.9511 0.0644 -0.3020
vn 0.1969 0.8403 -0.5051
vn 0.2209 0.9747 -0.0328
vn 0.9887 0.0434 -0.1434
vn 0.2388 0.9711 0.0036
vn 0.9976 0.0119 0.0689
vn 0.9093 -0.0043 0.4161
vn 0.1590 0.8183 0.5524
vn 0.2439 -0.0230 0.9695
vn 0.9099 -0.0893 0.4051
vn 0.2821 -0.0312 0.9589
vn 0.9103 -0.1028 0.4011
vn 0.8943 -0.1841 0.4077
vn 0.2355 -0.7824 0.5765
vn 0.3125 -0.9493 0.0348
vn 0.9804 -0.1593 0.1156
vn 0.0499 0.0043 -0.9987
vn 0.0000 -0.0000 -1.0000
vn 0.0000 1.0000 -0.0000
vn 0.0000 0.0000 1.0000
vn 0.0923 -0.9956 0.0148
vn 0.1239 -0.9922 -0.0128
vn 0.1650 -0.9852 -0.0467
vn 0.0708 -0.9968 0.0364
vn 0.1138 -0.0027 -0.9935
vn 0.1577 -0.0133 -0.9874
vn 0.0841 0.5271 -0.8457
vn -0.0893 0.5487 -0.8312
vn -0.0326 0.8578 -0.5130
vn 0.1152 0.8577 -0.5010
vn -0.0304 0.9866 0.1606
vn 0.1139 0.9794 0.1669
vn 0.0960 0.5877 0.8033
vn -0.0532 0.6284 0.7761
vn -0.0062 0.2663 0.9639
vn 0.2252 0.2658 0.9374
vn 0.1169 0.2157 -0.9694
vn -0.1249 0.2620 -0.9570
vn -0.1238 0.3772 -0.9178
vn 0.0798 0.3507 -0.9331
vn 0.9756 -0.1830 -0.1214
vn 0.9953 -0.0806 -0.0543
vn -0.9969 0.0685 0.0378
vn -0.9910 0.1196 0.0598
vn 0.9994 0.0339 0.0015
vn -0.9994 0.0269 0.0197
vn 0.9908 0.1263 0.0478
vn -0.0357 -0.2328 -0.9719
vn -0.2985 -0.2531 -0.9203
vn -0.9879 -0.1400 0.0671
vn 0.6744 -0.3706 0.6386
vn 0.9446 -0.2858 -0.1613
vn -0.6080 -0.0137 0.7938
vn -0.9888 0.1450 0.0358
vn -0.4748 -0.1700 -0.8635
vn -0.4827 -0.0479 -0.8744
vn -0.6512 -0.0626 -0.7563
vn -0.6216 -0.1716 -0.7643
vn 0.4853 0.0227 0.8741
vn 0.4605 0.1731 0.8706
vn 0.6395 0.0294 0.7682
vn 0.6106 0.1554 0.7766
vn 0.1715 0.2402 0.9554
vn -0.2423 0.2220 0.9445
vn -0.1134 -0.9395 -0.3231
vn 0.1636 -0.9357 -0.3127
vn -0.0811 0.1580 0.9841
vn 0.1453 -0.1253 0.9814
vn -0.2449 0.0157 0.9694
vn -0.3133 0.4790 0.8200
vn 0.1963 0.4378 0.8774
vn 0.1761 -0.5088 -0.8427
vn 0.1609 -0.0193 -0.9868
vn -0.1345 -0.4956 -0.8581
vn -0.1288 0.0158 -0.9915
vn 0.9944 0.1053 -0.0073
vn 0.9950 0.0993 -0.0138
vn 0.9740 0.1951 0.1152
vn 0.9736 0.1558 0.1669
vn -0.0760 0.3079 -0.9484
vn -0.0758 0.3091 -0.9480
vn -0.0222 0.8301 -0.5571
vn -0.0229 0.8207 -0.5709
vn -0.9884 0.0352 0.1478
vn -0.9955 -0.0423 0.0854
vn -0.9989 0.0053 0.0460
vn -0.9989 0.0016 0.0469
vn -0.0970 0.3221 -0.9417
vn -0.0966 0.3215 -0.9420
vn 0.9979 0.0589 -0.0285
vn 0.9983 0.0506 -0.0305
vn -0.9988 -0.0188 0.0446
vn -0.9989 -0.0138 0.0446
vn 0.9714 0.1326 0.1969
vn -0.9760 0.0956 0.1955
vn -0.0063 0.9656 -0.2599
vn 0.0032 -0.9956 0.0933
vn 0.0299 -0.6364 0.7708
vn 0.0557 -0.2843 0.9571
vn 0.0654 -0.3206 0.9449
vn 0.0655 -0.3210 0.9448
vn -0.2342 -0.1912 -0.9532
vn 0.0545 0.2885 0.9559
vn 0.3037 0.3017 0.9037
vn -0.0668 -0.1696 -0.9832
vn 0.0502 -0.8204 0.5695
vn 0.4524 0.2780 0.8473
vn -0.3150 -0.6539 -0.6879
vn -0.0407 -0.9393 0.3407
vn -0.0699 -0.9318 0.3563
vn -0.0690 -0.9312 0.3579
vn 0.0185 -0.8158 0.5780
vn 0.0185 -0.8160 0.5777
vn -0.0673 0.8266 -0.5588
vn -0.0224 0.8339 -0.5515
vn 0.0814 0.9399 -0.3317
vn 0.0304 0.9385 -0.3439
vn -0.3416 -0.4703 -0.8137
vn -0.9872 -0.0853 0.1346
vn 0.3504 0.4407 0.8265
vn 0.9658 0.0733 -0.2486
vn -0.0001 -1.0000 0.0000
vn 0.9705 -0.2413 -0.0000
vn -0.5502 0.0634 -0.8326
vn -0.8167 -0.3470 0.4611
vn 0.5817 -0.0610 0.8111
vn -0.4157 -0.3171 -0.8524
vn -0.5726 -0.3134 -0.7576
vn -0.5263 -0.4032 -0.7486
vn -0.3609 -0.4160 -0.8347
vn 0.5140 0.4054 0.7559
vn 0.5661 0.2984 0.7684
vn 0.4091 0.3339 0.8492
vn 0.3641 0.4268 0.8278
vn 0.4033 0.4842 0.7764
vn -0.3875 -0.4621 -0.7977
vn -0.9527 -0.1183 0.2799
vn 0.9965 0.0653 -0.0519
vn 0.9950 0.0807 -0.0594
vn -0.9969 -0.0671 0.0401
vn -0.9975 -0.0580 0.0414
vn -0.1067 0.3330 -0.9369
vn -0.1067 0.3336 -0.9367
vn 0.0702 -0.3360 0.9392
vn 0.0702 -0.3358 0.9393
vn 0.2391 0.9400 -0.2434
vn 0.1425 0.9475 -0.2864
vn 0.1442 0.9473 -0.2859
vn 0.2467 0.9391 -0.2392
vn -0.2180 -0.9466 0.2376
vn -0.1098 -0.9330 0.3428
vn -0.1093 -0.9361 0.3344
vn -0.2166 -0.9466 0.2387
vn 0.6734 -0.1265 -0.7283
vn 0.7969 -0.1116 -0.5938
vn 0.7778 -0.1127 -0.6183
vn 0.6717 -0.1276 -0.7297
vn -0.6611 0.1071 0.7426
vn -0.7669 0.0968 0.6344
vn -0.7926 0.0969 0.6020
vn -0.6617 0.1059 0.7422
vn -0.7904 0.2515 -0.5587
vn -0.7258 0.3455 -0.5949
vn 0.0824 0.9963 -0.0241
vn 0.1483 0.9603 -0.2361
vn 0.8210 -0.2126 0.5299
vn 0.7147 -0.3841 0.5846
vn -0.7835 -0.0800 -0.6163
vn -0.8619 -0.0200 -0.5067
vn 0.8384 -0.1108 0.5336
vn 0.7861 -0.1105 0.6082
vn 0.1440 0.9438 -0.2976
vn 0.1359 0.9418 -0.3074
vn 0.1215 0.9443 -0.3058
vn 0.1213 0.9445 -0.3054
vn -0.9669 0.1088 0.2309
vn -0.9420 0.1054 0.3185
vn -0.9812 0.1146 -0.1553
vn -0.9645 0.1141 -0.2383
vn -0.1279 -0.9318 0.3397
vn -0.1314 -0.9327 0.3358
vn -0.1545 -0.9398 0.3050
vn -0.1588 -0.9416 0.2970
vn 0.9689 -0.1157 0.2186
vn 0.9828 -0.1169 0.1426
vn 0.9386 -0.1133 -0.3258
vn 0.9622 -0.1154 -0.2469
vn -0.3951 0.0560 0.9169
vn -0.4115 0.0599 0.9094
vn -0.5634 0.0971 0.8205
vn -0.5838 0.1023 0.8054
vn 0.4440 0.8758 -0.1892
vn 0.4536 0.8708 -0.1895
vn 0.5858 0.7907 -0.1781
vn 0.6113 0.7722 -0.1732
vn 0.5841 -0.1239 -0.8021
vn 0.5617 -0.1186 -0.8188
vn 0.4011 -0.0812 -0.9124
vn 0.3893 -0.0785 -0.9178
vn -0.6321 -0.7719 0.0682
vn -0.5897 -0.8034 0.0825
vn -0.4016 -0.9051 0.1400
vn -0.4007 -0.9054 0.1403
vn -0.0182 -0.1021 0.9946
vn -0.0362 -0.0941 0.9949
vn -0.1835 -0.0198 0.9828
vn -0.1865 -0.0180 0.9823
vn 0.8155 0.5506 -0.1786
vn 0.8011 0.5746 -0.1675
vn 0.8590 0.4669 -0.2102
vn 0.8807 0.4162 -0.2263
vn 0.1776 -0.0098 -0.9841
vn 0.1695 -0.0054 -0.9855
vn 0.0090 0.0725 -0.9973
vn -0.0022 0.0777 -0.9970
vn -0.8752 -0.4553 0.1637
vn -0.8603 -0.4936 0.1274
vn -0.7627 -0.6448 0.0500
vn -0.7892 -0.6113 0.0591
vn 0.8959 0.3597 -0.2607
vn 0.8959 0.3605 -0.2595
vn -0.9146 -0.3469 0.2078
vn -0.9166 -0.3406 0.2091
vn -0.1183 0.1697 -0.9784
vn -0.1174 0.1685 -0.9787
vn 0.0891 -0.1853 0.9786
vn 0.0905 -0.1870 0.9782
vn 0.0764 -0.3026 0.9500
vn 0.0754 -0.3063 0.9489
vn 0.0973 -0.2568 0.9616
vn 0.1018 -0.2493 0.9631
vn 0.9289 0.2948 -0.2240
vn 0.9249 0.3024 -0.2306
vn 0.9682 0.2040 -0.1450
vn 0.9727 0.1902 -0.1331
vn -0.1372 0.2403 -0.9610
vn -0.1330 0.2481 -0.9596
vn -0.1122 0.3008 -0.9471
vn -0.1133 0.2967 -0.9482
vn -0.9880 -0.1446 0.0540
vn -0.9863 -0.1539 0.0587
vn -0.9575 -0.2446 0.1532
vn -0.9610 -0.2372 0.1424
vn -0.9929 0.1185 0.0082
vn -0.9926 0.1216 0.0043
vn -0.9942 0.1038 0.0272
vn -0.9943 0.1034 0.0275
vn -0.0358 0.5365 0.8432
vn -0.0350 0.5445 0.8381
vn -0.0112 0.7853 0.6190
vn -0.0117 0.7820 0.6232
vn 0.9885 -0.1489 0.0272
vn 0.9883 -0.1497 0.0279
vn 0.9896 -0.1424 0.0221
vn 0.9895 -0.1426 0.0222
vn -0.0023 -0.8879 -0.4600
vn -0.0024 -0.8879 -0.4600
vn -0.0015 -0.8950 -0.4461
vn -0.0015 -0.8948 -0.4464
vn -0.0508 0.3575 0.9325
vn -0.0014 -0.9235 -0.3835
vn 0.9843 -0.1704 0.0461
vn -0.9933 0.1139 0.0172
vn -0.0607 -0.7492 0.6595
vn -0.0012 -0.2829 0.9592
vn 0.0256 -0.4283 0.9033
vn -0.1319 0.9498 0.2836
vn -0.0162 -0.4760 0.8793
vn 0.3266 -0.2594 0.9088
vn -0.9948 0.0888 0.0496
vn -0.0794 0.3265 -0.9419
vn -0.0701 0.2676 -0.9610
vn 0.9094 0.0087 -0.4157
vn 0.1077 -0.7862 -0.6085
vn -0.9908 -0.1117 0.0766
vn 0.3525 -0.2515 0.9014
vn 0.0056 0.0294 0.9996
vn -0.1342 -0.9611 -0.2413
vn -0.0732 0.2411 -0.9677
vn -0.1105 0.2146 -0.9704
vn 0.1163 0.9814 -0.1525
vn 0.9138 0.1978 -0.3547
vn 0.1088 -0.9722 -0.2073
vn 0.0212 -0.0146 0.9997
vn -0.1400 -0.3042 0.9423
vn 0.9932 -0.0936 -0.0689
vn -0.0885 0.2405 -0.9666
vn 0.0451 0.2852 -0.9574
vn -0.9253 0.1972 -0.3239
vn -0.1172 0.9816 -0.1510
vn 0.9964 0.0676 0.0510
vn -0.1760 -0.2689 0.9469
vn 0.0071 -0.4849 0.8746
vn 0.1096 0.9522 0.2852
vn 0.0472 0.2595 -0.9646
vn -0.0659 0.3130 -0.9475
vn -0.1262 -0.7848 -0.6068
vn -0.9226 0.0083 -0.3856
vn 0.9253 -0.1972 0.3239
vn 0.1166 -0.9787 0.1691
vn 0.1262 0.7848 0.6068
vn 0.9226 -0.0083 0.3856
vn -0.9027 -0.0131 0.4300
vn -0.1077 0.7862 0.6085
vn -0.1081 -0.9806 0.1632
vn -0.9099 -0.1948 0.3663
vn 0.0253 0.9984 0.0509
vn -0.9281 -0.1936 0.3180
vn -0.7545 -0.0460 0.6547
vn -0.3797 0.2846 -0.8803
vn 0.8968 0.0532 -0.4391
vn 0.8970 -0.0094 -0.4420
vn 0.6983 -0.2813 0.6582
vn 0.3024 -0.9327 -0.1966
vn -0.4691 0.1031 -0.8771
vn -0.7359 -0.0455 0.6756
vn -0.8542 0.3116 0.4162
vn -0.1638 -0.9469 -0.2765
vn 0.8928 -0.0355 -0.4491
vn 0.8725 -0.0543 -0.4857
vn 0.5053 0.8571 0.1001
vn 0.7107 -0.0870 0.6981
vn -0.1075 -0.9933 -0.0420
vn -0.8634 0.2674 0.4279
vn -0.9705 0.0091 0.2409
vn 0.3942 -0.2943 0.8706
vn 0.8859 -0.0330 -0.4626
vn 0.9423 -0.0135 -0.3346
vn 0.0061 0.2669 -0.9637
vn 0.4180 0.9015 -0.1118
vn 0.3457 -0.1092 0.9320
vn -0.9760 0.0504 0.2121
vn -0.9184 -0.2077 0.3367
vn 0.1137 0.9557 0.2717
vn 0.9406 -0.0400 -0.3371
vn 0.9021 0.0364 -0.4300
vn 0.2152 -0.8869 -0.4088
vn -0.0030 0.0712 -0.9975
vn -0.0061 -0.2669 0.9637
vn -0.4330 -0.8935 0.1189
vn -0.2152 0.8869 0.4088
vn 0.0030 -0.0712 0.9975
vn -0.7097 0.2799 -0.6465
vn -0.3024 0.9327 0.1966
vn -0.5113 -0.8548 -0.0883
vn -0.7183 0.0923 -0.6896
vn 0.0469 0.2722 -0.9611
vn 0.0489 0.2741 -0.9605
vn 0.0492 0.2504 -0.9669
vn 0.0463 0.2551 -0.9658
vn 0.1331 0.2568 -0.9573
vn 0.1296 0.2612 -0.9566
vn 0.1310 0.2396 -0.9620
vn 0.1293 0.2377 -0.9627
vn -0.0248 -0.2787 0.9600
vn -0.0285 -0.2728 0.9616
vn -0.0275 -0.3072 0.9513
vn -0.0239 -0.3039 0.9524
vn -0.1464 -0.2570 0.9553
vn -0.1448 -0.2552 0.9560
vn -0.1515 -0.2816 0.9475
vn -0.1458 -0.2884 0.9463
vn 0.0420 0.9975 0.0576
vn -0.0426 -0.9984 -0.0378
vn 0.9882 -0.1358 -0.0715
vn -0.9880 0.1365 0.0729
vn 0.0154 0.9674 0.2530
vn -0.0146 -0.9655 -0.2599
vn 0.9841 -0.1716 0.0453
vn -0.9840 0.1725 -0.0449
vn 0.0034 0.8953 0.4454
vn -0.9897 0.1419 -0.0211
vn -0.0045 -0.9004 -0.4350
vn 0.9898 -0.1411 0.0215
vn -0.0681 -0.6322 0.7718
vn -0.0015 0.1706 0.9853
vn -0.8192 0.2363 0.5225
vn -0.8665 -0.3341 0.3708
vn -0.3426 -0.9361 -0.0793
vn 0.2174 -0.9093 -0.3548
vn 0.7004 -0.5954 0.3937
vn -0.8925 -0.3184 0.3196
vn -0.3691 -0.9200 -0.1317
vn 0.8452 -0.2521 -0.4713
vn 0.8925 0.3184 -0.3196
vn 0.7670 0.2074 0.6072
vn 0.1908 -0.8932 -0.4072
vn 0.8192 -0.2363 -0.5225
vn -0.8452 0.2521 0.4713
vn -0.7004 0.5954 -0.3937
vn -0.7670 -0.2074 -0.6072
vn 0.0015 -0.1706 -0.9853
vn 0.0681 0.6322 -0.7718
vn 0.8665 0.3342 -0.3708
vn -0.1908 0.8932 0.4072
vn -0.2174 0.9093 0.3548
vn 0.3426 0.9361 0.0793
vn 0.3691 0.9200 0.1317
vn -0.0540 0.1426 -0.9883
vn -0.6524 0.1561 -0.7416
vn -0.6533 0.2317 -0.7208
vn -0.0033 0.2194 -0.9756
vn -0.9993 0.0357 -0.0058
vn -0.9917 0.1201 0.0464
vn -0.8634 -0.0332 0.5034
vn -0.8246 0.0455 0.5639
vn 0.7844 -0.1616 0.5988
vn 0.8103 -0.1585 0.5641
vn 0.7928 -0.2521 0.5549
vn 0.7707 -0.2539 0.5845
vn 0.2526 -0.3447 0.9041
vn 0.2772 0.0055 0.9608
vn -0.0821 0.8181 0.5691
vn 0.1544 0.8612 0.4842
vn 0.0825 -0.9667 0.2424
vn 0.0180 -0.9090 0.4165
vn -0.1087 0.8147 0.5697
vn -0.0055 -0.7681 0.6403
vn -0.6108 -0.3921 0.6879
vn -0.2109 -0.9773 0.0202
vn -0.0080 0.9344 0.3561
vn -0.5438 0.2908 0.7872
vn 0.6314 0.1096 -0.7677
vn 0.2943 0.7652 0.5726
vn 0.1375 0.7927 0.5939
vn 0.9667 -0.1157 0.2285
vn 0.9564 -0.1943 0.2180
vn 0.6100 0.0252 -0.7920
vn -0.0488 -0.9681 0.2459
vn 0.1083 -0.9344 0.3394
usemtl lambert1
s 1
f 1130/1581/1371 1134/1582/1372 1133/1583/1373 1129/1584/1374
f 1136/1585/1375 1155/1586/1376 1154/1587/1377 1137/1588/1378
f 1137/1588/1378 1138/1589/1379 1139/1590/1380 1136/1585/1375
f 1138/1589/1379 1157/1591/1381 1156/1592/1382 1139/1590/1380
f 1140/1593/1383 1156/1592/1382 1157/1591/1381 1141/1594/1384
f 1141/1594/1384 1142/1595/1385 1143/1596/1386 1140/1593/1383
f 1142/1595/1385 1152/1597/1387 1153/1598/1388 1143/1596/1386
f 1144/1599/1389 1153/1598/1388 1152/1597/1387 1145/1600/1390
f 1145/1600/1390 1147/1601/1391 1146/1602/1392 1144/1599/1389
f 1147/1601/1391 1159/1603/1393 1158/1604/1394 1146/1602/1392
f 1148/1605/1395 1158/1604/1394 1159/1603/1393 1149/1606/1396
f 1149/1606/1396 1150/1607/1397 1151/1608/1398 1148/1605/1395
f 1150/1607/1397 1154/1587/1377 1155/1586/1376 1151/1608/1398
f 1128/1609/1399 1121/1610/1400 1141/1594/1384 1157/1591/1381
f 1124/1611/1401 1127/1612/1401 1152/1597/1387 1142/1595/1385
f 1122/1613/1402 1131/1614/1402 1147/1601/1391 1145/1600/1390
f 1126/1615/1403 1125/1616/1404 1154/1587/1377 1150/1607/1397
f 1143/1596/1386 1153/1598/1388 1130/1581/1371 1129/1584/1374
f 1121/1617/1401 1124/1611/1401 1142/1595/1385 1141/1594/1384
f 1156/1592/1382 1140/1593/1383 1143/1596/1386 1129/1584/1374
f 1125/1616/1404 1120/1618/1405 1137/1588/1378 1154/1587/1377
f 1123/1619/1406 1126/1615/1403 1150/1607/1397 1149/1606/1396
f 1153/1598/1388 1144/1599/1389 1146/1602/1392 1130/1581/1371
f 1127/1612/1401 1122/1620/1401 1145/1600/1390 1152/1597/1387
f 1132/1621/1407 1128/1609/1399 1157/1591/1381 1138/1589/1379
f 1139/1590/1380 1156/1592/1382 1129/1584/1374 1133/1583/1373
f 1146/1602/1392 1158/1604/1394 1134/1582/1372 1130/1581/1371
f 1131/1614/1402 1135/1622/1402 1159/1603/1393 1147/1601/1391
f 1120/1623/1408 1132/1621/1407 1138/1589/1379 1137/1588/1378
f 1136/1585/1375 1139/1590/1380 1133/1583/1373 1155/1586/1376
f 1134/1582/1372 1151/1608/1398 1155/1586/1376 1133/1583/1373
f 1158/1604/1394 1148/1605/1395 1151/1608/1398 1134/1582/1372
f 1135/1622/1402 1123/1624/1402 1149/1606/1396 1159/1603/1393
f 1174/1625/1409 1177/1626/1410 1176/1627/1411 1175/1628/1412
f 1175/1628/1412 1176/1627/1411 1179/1629/1413 1178/1630/1414
f 1180/1631/1415 1183/1632/1416 1182/1633/1417 1181/1634/1418
f 1186/1635/1419 1187/1636/1420 1250/1637/1421 1249/1638/1422
f 1179/1629/1413 1183/1632/1416 1180/1631/1415 1178/1630/1414
f 1160/1639/1423 1174/1625/1409 1175/1628/1412 1161/1640/1424
f 1162/1641/1425 1176/1627/1411 1177/1626/1410 1163/1642/1426
f 1161/1640/1424 1175/1628/1412 1178/1630/1414 1164/1643/1427
f 1165/1644/1428 1179/1629/1413 1176/1627/1411 1162/1641/1425
f 1166/1645/1429 1180/1631/1415 1181/1634/1418 1167/1646/1430
f 1168/1647/1431 1182/1633/1417 1183/1632/1416 1169/1648/1432
f 1172/1649/1433 1186/1635/1419 1249/1638/1422 1248/1650/1434
f 1250/1637/1421 1187/1636/1420 1173/1651/1435 1251/1652/1436
f 1164/1643/1427 1178/1630/1414 1180/1631/1415 1166/1645/1429
f 1169/1648/1432 1183/1632/1416 1179/1629/1413 1165/1644/1428
f 1188/1653/1437 1192/1654/1438 1195/1655/1439 1189/1656/1440
f 1189/1657/1440 1195/1658/1439 1194/1659/1441 1190/1660/1442
f 1190/1660/1442 1194/1659/1441 1193/1661/1443 1191/1662/1444
f 1191/1662/1444 1193/1661/1443 1192/1654/1438 1188/1653/1437
f 1196/1663/1445 1199/1664/1446 1198/1665/1447 1197/1666/1448
f 1209/1667/1449 1211/1668/1449 1210/1669/1449 1208/1670/1449
f 1200/1671/1450 1206/1672/1451 1207/1673/1452 1201/1674/1453
f 1201/1674/1453 1203/1675/1454 1202/1676/1455 1200/1671/1450
f 1203/1675/1454 1205/1677/1456 1204/1678/1457 1202/1676/1455
f 1205/1677/1456 1207/1679/1452 1206/1680/1451 1204/1678/1457
f 1172/1649/1433 1200/1671/1450 1202/1676/1455 1186/1635/1419
f 1186/1635/1419 1202/1676/1455 1204/1678/1457 1187/1636/1420
f 1187/1636/1420 1204/1678/1457 1206/1680/1451 1173/1651/1435
f 1173/1681/1435 1206/1672/1451 1200/1671/1450 1172/1649/1433
f 1201/1674/1453 1196/1663/1445 1197/1682/1448 1203/1675/1454
f 1203/1675/1454 1197/1682/1448 1198/1683/1447 1205/1677/1456
f 1205/1677/1456 1198/1683/1447 1199/1684/1446 1207/1679/1452
f 1207/1673/1452 1199/1664/1446 1196/1663/1445 1201/1674/1453
f 1213/1685/1458 1214/1686/1459 1215/1687/1460 1212/1688/1461
f 1214/1686/1462 1218/1689/1463 1219/1690/1464 1215/1687/1465
f 1217/1691/1466 1219/1690/1467 1218/1689/1468 1216/1692/1469
f 1184/1693/1470 1185/1694/1471 1218/1689/1463 1214/1686/1462
f 1170/1695/1472 1184/1693/1473 1214/1686/1459 1213/1685/1458
f 1218/1689/1468 1185/1694/1474 1171/1696/1475 1216/1692/1469
f 1215/1687/1460 1209/1667/1476 1208/1670/1476 1212/1688/1461
f 1217/1691/1466 1210/1669/1477 1211/1668/1477 1219/1690/1467
f 1219/1690/1464 1211/1668/1478 1209/1667/1478 1215/1687/1465
f 1208/1670/1479 1210/1669/1479 1217/1691/1479 1212/1697/1479
f 1212/1697/1480 1217/1691/1480 1216/1692/1480 1213/1698/1480
f 1213/1698/1481 1216/1692/1481 1171/1696/1482 1170/1699/1483
f 1168/1647/1431 1227/1700/1484 1226/1701/1485 1182/1633/1417
f 1182/1633/1417 1226/1701/1485 1225/1702/1486 1181/1634/1418
f 1181/1634/1418 1225/1702/1486 1224/1703/1487 1167/1646/1430
f 1168/1704/1431 1167/1646/1430 1224/1703/1487 1227/1705/1484
f 1234/1706/1488 1222/1707/1489 1220/1708/1490 1228/1709/1491
f 1228/1709/1491 1220/1710/1490 1221/1711/1492 1229/1712/1493
f 1229/1713/1493 1221/1714/1492 1223/1715/1494 1232/1716/1495
f 1231/1717/1496 1227/1718/1484 1224/1719/1487 1230/1720/1497
f 1230/1720/1497 1224/1721/1487 1225/1722/1486 1235/1723/1498
f 1233/1724/1499 1226/1725/1485 1227/1726/1484 1231/1727/1496
f 1232/1716/1495 1223/1728/1494 1222/1729/1489 1234/1706/1488
f 1235/1723/1498 1225/1730/1486 1226/1731/1485 1233/1724/1499
f 1229/1712/1500 1231/1717/1500 1230/1720/1500 1228/1709/1500
f 1232/1716/1501 1233/1724/1501 1231/1727/1501 1229/1713/1501
f 1234/1706/1502 1235/1723/1502 1233/1724/1502 1232/1716/1502
f 1230/1720/1503 1235/1723/1503 1234/1706/1503 1228/1709/1503
f 1237/1732/1504 1239/1733/1504 1238/1734/1504 1236/1735/1504
f 1193/1661/1443 1237/1732/1505 1236/1736/1505 1192/1654/1438
f 1192/1654/1438 1236/1736/1506 1238/1737/1506 1195/1655/1439
f 1195/1658/1439 1238/1738/1507 1239/1733/1507 1194/1659/1441
f 1194/1659/1441 1239/1733/1508 1237/1732/1508 1193/1661/1443
f 1240/1739/1509 1242/1740/1510 1243/1741/1511 1241/1742/1512
f 1241/1742/1512 1245/1743/1513 1244/1744/1514 1240/1739/1509
f 1242/1745/1510 1246/1746/1515 1247/1747/1516 1243/1748/1511
f 1245/1743/1513 1247/1747/1516 1246/1746/1515 1244/1744/1514
f 1245/1743/1513 1222/1749/1489 1223/1750/1517 1247/1747/1516
f 1243/1741/1511 1221/1751/1518 1220/1752/1490 1241/1742/1512
f 1241/1742/1512 1220/1752/1490 1222/1749/1489 1245/1743/1513
f 1247/1747/1516 1223/1753/1519 1221/1754/1519 1243/1748/1511
f 1240/1739/1509 1188/1653/1437 1189/1656/1440 1242/1740/1510
f 1242/1745/1510 1189/1657/1440 1190/1660/1442 1246/1746/1515
f 1246/1746/1515 1190/1660/1442 1191/1662/1444 1244/1744/1514
f 1244/1744/1514 1191/1662/1444 1188/1653/1437 1240/1739/1509
f 1249/1638/1422 1174/1625/1409 1160/1639/1423 1248/1650/1434
f 1250/1637/1421 1177/1626/1410 1174/1625/1409 1249/1638/1422
f 1163/1642/1426 1177/1626/1410 1250/1637/1421 1251/1652/1436
f 1170/1695/1472 1252/1755/1520 1253/1756/1521 1184/1693/1473
f 1185/1694/1474 1255/1757/1522 1254/1758/1523 1171/1696/1475
f 1184/1693/1470 1253/1756/1524 1255/1757/1525 1185/1694/1471
f 1171/1696/1482 1254/1758/1526 1252/1759/1527 1170/1699/1483
f 1264/1760/1528 1260/1761/1529 1261/1762/1530 1265/1763/1531
f 1267/1764/1532 1263/1765/1533 1262/1766/1534 1266/1767/1535
f 1265/1763/1536 1261/1762/1537 1263/1765/1538 1267/1764/1539
f 1266/1767/1540 1262/1766/1541 1260/1768/1542 1264/1769/1543
f 1272/1770/1544 1268/1771/1545 1269/1772/1546 1273/1773/1547
f 1274/1774/1548 1271/1775/1549 1270/1776/1550 1275/1777/1551
f 1273/1773/1552 1269/1772/1553 1271/1775/1549 1274/1774/1548
f 1275/1777/1551 1270/1776/1550 1268/1778/1545 1272/1779/1544
f 1276/1780/1554 1280/1781/1555 1281/1782/1556 1277/1783/1557
f 1277/1784/1558 1279/1785/1559 1278/1786/1560 1276/1787/1561
f 1279/1785/1562 1283/1788/1563 1282/1789/1564 1278/1786/1565
f 1280/1781/1566 1282/1789/1567 1283/1788/1568 1281/1782/1569
f 1276/1787/1561 1278/1786/1560 1275/1777/1551 1272/1779/1544
f 1272/1770/1544 1273/1773/1547 1280/1781/1555 1276/1780/1554
f 1273/1773/1552 1274/1774/1548 1282/1789/1567 1280/1781/1566
f 1274/1774/1548 1275/1777/1551 1278/1786/1565 1282/1789/1564
f 1260/1761/1529 1277/1783/1557 1281/1782/1556 1261/1762/1530
f 1261/1762/1537 1281/1782/1569 1283/1788/1568 1263/1765/1538
f 1263/1765/1533 1283/1788/1563 1279/1785/1562 1262/1766/1534
f 1262/1766/1541 1279/1785/1559 1277/1784/1558 1260/1768/1542
f 1284/1790/1570 1288/1791/1571 1289/1792/1572 1285/1793/1573
f 1285/1794/1574 1287/1795/1575 1286/1796/1576 1284/1797/1577
f 1287/1795/1578 1291/1798/1579 1290/1799/1580 1286/1796/1581
f 1288/1791/1582 1290/1799/1583 1291/1798/1584 1289/1792/1585
f 1285/1793/1573 1289/1792/1572 1266/1767/1540 1264/1769/1543
f 1264/1760/1528 1265/1763/1531 1287/1795/1575 1285/1794/1574
f 1265/1763/1536 1267/1764/1539 1291/1798/1579 1287/1795/1578
f 1289/1792/1585 1291/1798/1584 1267/1764/1532 1266/1767/1535
f 1292/1800/1586 1296/1801/1587 1297/1802/1588 1293/1803/1589
f 1293/1804/1590 1295/1805/1591 1294/1806/1592 1292/1807/1593
f 1295/1805/1594 1299/1808/1595 1298/1809/1596 1294/1806/1597
f 1296/1801/1598 1298/1809/1599 1299/1808/1600 1297/1802/1601
f 1256/1810/1602 1292/1807/1593 1294/1806/1592 1257/1811/1603
f 1259/1812/1604 1298/1809/1599 1296/1801/1598 1258/1813/1605
f 1257/1811/1606 1294/1806/1597 1298/1809/1596 1259/1812/1607
f 1258/1813/1608 1296/1801/1587 1292/1800/1586 1256/1814/1609
f 1284/1815/1577 1286/1796/1576 1295/1805/1591 1293/1804/1590
f 1293/1803/1589 1297/1802/1588 1288/1791/1571 1284/1790/1570
f 1297/1802/1601 1299/1808/1600 1290/1799/1583 1288/1791/1582
f 1286/1796/1581 1290/1799/1580 1299/1808/1595 1295/1805/1594
f 1300/1816/1610 1304/1817/1611 1305/1818/1612 1301/1819/1613
f 1301/1820/1614 1303/1821/1615 1302/1822/1616 1300/1823/1617
f 1303/1821/1618 1307/1824/1619 1306/1825/1620 1302/1822/1621
f 1304/1817/1622 1306/1825/1623 1307/1824/1624 1305/1818/1625
f 1252/1755/1520 1300/1823/1617 1302/1822/1616 1253/1756/1521
f 1255/1757/1522 1306/1825/1623 1304/1817/1622 1254/1758/1523
f 1253/1756/1524 1302/1822/1621 1306/1825/1620 1255/1757/1525
f 1254/1758/1526 1304/1817/1611 1300/1816/1610 1252/1759/1527
f 1301/1820/1614 1256/1810/1602 1257/1811/1603 1303/1821/1615
f 1307/1824/1624 1259/1812/1604 1258/1813/1605 1305/1818/1625
f 1303/1821/1618 1257/1811/1606 1259/1812/1607 1307/1824/1619
f 1305/1818/1612 1258/1813/1608 1256/1814/1609 1301/1819/1613
f 1312/1826/1626 1316/1827/1627 1317/1828/1628 1313/1829/1629
f 1313/1830/1630 1315/1831/1631 1314/1832/1632 1312/1833/1633
f 1315/1831/1634 1319/1834/1635 1318/1835/1636 1314/1832/1637
f 1316/1827/1638 1318/1835/1639 1319/1834/1640 1317/1828/1641
f 1313/1830/1630 1308/1836/1642 1309/1837/1642 1315/1831/1631
f 1319/1834/1640 1311/1838/1643 1310/1839/1643 1317/1828/1641
f 1315/1831/1634 1309/1837/1644 1311/1838/1644 1319/1834/1635
f 1317/1828/1628 1310/1839/1645 1308/1840/1645 1313/1829/1629
f 1309/1837/1646 1308/1841/1646 1310/1842/1646 1311/1838/1646
f 1248/1650/1647 1251/1843/1647 1173/1681/1647 1172/1649/1647
f 1160/1639/1648 1163/1844/1648 1251/1843/1648 1248/1650/1648
f 1320/1845/1649 1353/1846/1650 1352/1847/1651 1321/1848/1652
f 1321/1849/1652 1322/1850/1653 1323/1851/1654 1320/1852/1649
f 1322/1850/1653 1336/1853/1655 1337/1854/1656 1323/1851/1654
f 1324/1855/1657 1355/1856/1658 1354/1857/1659 1325/1858/1660
f 1325/1859/1660 1326/1860/1661 1327/1861/1662 1324/1862/1657
f 1326/1860/1661 1338/1863/1663 1339/1864/1664 1327/1861/1662
f 1328/1865/1665 1357/1866/1666 1356/1867/1667 1329/1868/1668
f 1329/1869/1668 1330/1870/1669 1331/1871/1670 1328/1872/1665
f 1330/1870/1669 1340/1873/1671 1341/1874/1672 1331/1871/1670
f 1332/1875/1673 1359/1876/1674 1358/1877/1675 1333/1878/1676
f 1333/1879/1676 1334/1880/1677 1335/1881/1678 1332/1882/1673
f 1334/1880/1677 1342/1883/1679 1343/1884/1680 1335/1881/1678
f 1336/1853/1655 1344/1885/1681 1345/1886/1682 1337/1854/1656
f 1338/1863/1663 1346/1887/1683 1347/1888/1684 1339/1864/1664
f 1340/1873/1671 1348/1889/1685 1349/1890/1686 1341/1874/1672
f 1342/1883/1679 1350/1891/1687 1351/1892/1688 1343/1884/1680
f 1344/1885/1681 1352/1847/1651 1353/1846/1650 1345/1886/1682
f 1346/1887/1683 1354/1857/1659 1355/1856/1658 1347/1888/1684
f 1348/1889/1685 1356/1867/1667 1357/1866/1666 1349/1890/1686
f 1350/1891/1687 1358/1877/1675 1359/1876/1674 1351/1892/1688
f 1324/1893/1657 1327/1894/1662 1322/1850/1653 1321/1849/1652
f 1328/1895/1665 1331/1896/1670 1326/1860/1661 1325/1897/1660
f 1332/1898/1673 1335/1899/1678 1330/1870/1669 1329/1900/1668
f 1320/1901/1649 1323/1902/1654 1334/1880/1677 1333/1903/1676
f 1327/1894/1662 1339/1904/1664 1336/1853/1655 1322/1850/1653
f 1331/1896/1670 1341/1905/1672 1338/1863/1663 1326/1860/1661
f 1335/1899/1678 1343/1906/1680 1340/1873/1671 1330/1870/1669
f 1323/1902/1654 1337/1907/1656 1342/1883/1679 1334/1880/1677
f 1339/1904/1664 1347/1908/1684 1344/1885/1681 1336/1853/1655
f 1341/1905/1672 1349/1909/1686 1346/1887/1683 1338/1863/1663
f 1343/1906/1680 1351/1910/1688 1348/1889/1685 1340/1873/1671
f 1337/1907/1656 1345/1911/1682 1350/1891/1687 1342/1883/1679
f 1347/1908/1684 1355/1912/1658 1352/1847/1651 1344/1885/1681
f 1349/1909/1686 1357/1913/1666 1354/1857/1659 1346/1887/1683
f 1351/1910/1688 1359/1914/1674 1356/1867/1667 1348/1889/1685
f 1345/1911/1682 1353/1915/1650 1358/1877/1675 1350/1891/1687
f 1355/1912/1658 1324/1916/1657 1321/1917/1652 1352/1847/1651
f 1357/1913/1666 1328/1918/1665 1325/1919/1660 1354/1857/1659
f 1359/1914/1674 1332/1920/1673 1329/1921/1668 1356/1867/1667
f 1353/1915/1650 1320/1922/1649 1333/1923/1676 1358/1877/1675
f 1360/1924/1689 1393/1925/1690 1392/1926/1691 1361/1927/1692
f 1361/1928/1692 1362/1929/1693 1363/1930/1694 1360/1931/1689
f 1362/1929/1693 1376/1932/1695 1377/1933/1696 1363/1930/1694
f 1364/1934/1697 1395/1935/1698 1394/1936/1699 1365/1937/1700
f 1365/1938/1700 1366/1939/1701 1367/1940/1702 1364/1941/1697
f 1366/1939/1701 1378/1942/1703 1379/1943/1704 1367/1940/1702
f 1368/1944/1705 1397/1945/1706 1396/1946/1707 1369/1947/1708
f 1369/1948/1708 1370/1949/1709 1371/1950/1710 1368/1951/1705
f 1370/1949/1709 1380/1952/1711 1381/1953/1712 1371/1950/1710
f 1372/1954/1713 1399/1955/1714 1398/1956/1715 1373/1957/1716
f 1373/1958/1716 1374/1959/1717 1375/1960/1718 1372/1961/1713
f 1374/1959/1717 1382/1962/1719 1383/1963/1720 1375/1960/1718
f 1376/1932/1695 1384/1964/1721 1385/1965/1722 1377/1933/1696
f 1378/1942/1703 1386/1966/1723 1387/1967/1724 1379/1943/1704
f 1380/1952/1711 1388/1968/1725 1389/1969/1726 1381/1953/1712
f 1382/1962/1719 1390/1970/1727 1391/1971/1728 1383/1963/1720
f 1384/1964/1721 1392/1926/1691 1393/1925/1690 1385/1965/1722
f 1386/1966/1723 1394/1936/1699 1395/1935/1698 1387/1967/1724
f 1388/1968/1725 1396/1946/1707 1397/1945/1706 1389/1969/1726
f 1390/1970/1727 1398/1956/1715 1399/1955/1714 1391/1971/1728
f 1364/1941/1697 1367/1940/1702 1362/1972/1693 1361/1973/1692
f 1368/1951/1705 1371/1950/1710 1366/1974/1701 1365/1975/1700
f 1372/1976/1713 1375/1977/1718 1370/1978/1709 1369/1979/1708
f 1360/1931/1689 1363/1930/1694 1374/1959/1717 1373/1958/1716
f 1367/1940/1702 1379/1943/1704 1376/1980/1695 1362/1972/1693
f 1371/1950/1710 1381/1953/1712 1378/1981/1703 1366/1974/1701
f 1375/1977/1718 1383/1982/1720 1380/1983/1711 1370/1978/1709
f 1363/1930/1694 1377/1933/1696 1382/1962/1719 1374/1959/1717
f 1379/1943/1704 1387/1967/1724 1384/1984/1721 1376/1980/1695
f 1381/1953/1712 1389/1969/1726 1386/1985/1723 1378/1981/1703
f 1383/1982/1720 1391/1986/1728 1388/1987/1725 1380/1983/1711
f 1377/1933/1696 1385/1965/1722 1390/1970/1727 1382/1962/1719
f 1387/1967/1724 1395/1935/1698 1392/1988/1691 1384/1984/1721
f 1389/1969/1726 1397/1945/1706 1394/1989/1699 1386/1985/1723
f 1391/1986/1728 1399/1990/1714 1396/1991/1707 1388/1987/1725
f 1385/1965/1722 1393/1925/1690 1398/1956/1715 1390/1970/1727
f 1395/1935/1698 1364/1934/1697 1361/1992/1692 1392/1988/1691
f 1397/1945/1706 1368/1944/1705 1365/1993/1700 1394/1989/1699
f 1399/1990/1714 1372/1994/1713 1369/1995/1708 1396/1991/1707
f 1393/1925/1690 1360/1924/1689 1373/1957/1716 1398/1956/1715
f 1408/1996/1729 1400/1997/1730 1402/1998/1731 1412/1999/1732
f 1409/2000/1733 1401/2001/1734 1400/2002/1730 1408/2003/1729
f 1413/2004/1735 1403/2005/1736 1401/2006/1734 1409/2000/1733
f 1410/2007/1737 1404/2008/1738 1407/2009/1739 1415/2010/1740
f 1411/2011/1741 1405/2012/1742 1404/2013/1738 1410/2007/1737
f 1414/2014/1743 1406/2015/1744 1405/2016/1742 1411/2017/1741
f 1412/1999/1732 1402/2018/1731 1403/2019/1736 1413/2020/1735
f 1415/2021/1740 1407/2022/1739 1406/2023/1744 1414/2014/1743
f 1268/1771/1545 1400/2024/1745 1401/2025/1745 1269/1772/1546
f 1271/1775/1549 1403/2026/1746 1402/2027/1746 1270/1776/1550
f 1269/1772/1747 1401/2025/1747 1403/2026/1747 1271/1775/1747
f 1270/1776/1748 1402/2027/1748 1400/2028/1748 1268/1778/1748
f 1408/2003/1749 1411/2011/1749 1410/2007/1749 1409/2000/1749
f 1413/2020/1750 1415/2021/1750 1414/2014/1750 1412/1999/1750
f 1409/2000/1751 1410/2007/1751 1415/2010/1751 1413/2004/1751
f 1412/1999/1752 1414/2014/1752 1411/2017/1752 1408/1996/1752
f 1405/2029/1753 1312/1833/1633 1314/1832/1632 1404/2030/1753
f 1406/2031/1754 1316/1827/1627 1312/1826/1626 1405/2032/1754
f 1407/2033/1755 1318/1835/1639 1316/1827/1638 1406/2031/1755
f 1404/2030/1756 1314/1832/1637 1318/1835/1636 1407/2033/1756
f 1416/2034/1757 1436/2035/1758 1434/2036/1759 1418/2037/1760
f 1417/2038/1761 1420/2039/1762 1421/2040/1763 1416/2041/1757
f 1418/2037/1760 1422/2042/1764 1423/2043/1765 1417/2038/1761
f 1419/2044/1766 1439/2045/1767 1437/2046/1768 1421/2040/1763
f 1420/2039/1762 1426/2047/1769 1427/2048/1770 1419/2044/1766
f 1422/2042/1764 1428/2049/1771 1429/2050/1772 1424/2051/1773
f 1424/2052/1773 1425/2053/1774 1426/2047/1769 1423/2043/1765
f 1425/2053/1774 1432/2054/1775 1433/2055/1776 1427/2048/1770
f 1428/2049/1771 1434/2036/1759 1435/2056/1777 1430/2057/1778
f 1430/2058/1778 1431/2059/1779 1432/2054/1775 1429/2060/1772
f 1431/2059/1779 1438/2061/1780 1439/2045/1767 1433/2055/1776
f 1436/2062/1758 1437/2046/1768 1438/2061/1780 1435/2063/1777
f 1417/2038/1761 1423/2043/1765 1426/2047/1769 1420/2039/1762
f 1424/2064/1773 1429/2065/1772 1432/2054/1775 1425/2053/1774
f 1430/2058/1778 1435/2063/1777 1438/2061/1780 1431/2059/1779
f 1436/2066/1758 1416/2067/1757 1421/2040/1763 1437/2046/1768
f 1419/2044/1766 1427/2048/1770 1433/2055/1776 1439/2045/1767
f 1434/2036/1759 1428/2049/1771 1422/2042/1764 1418/2037/1760
f 1416/2034/1757 1418/2037/1760 1417/2038/1761
f 1419/2044/1766 1421/2040/1763 1420/2039/1762
f 1422/2042/1764 1424/2051/1773 1423/2043/1765
f 1425/2053/1774 1427/2048/1770 1426/2047/1769
f 1428/2049/1771 1430/2057/1778 1429/2050/1772
f 1431/2059/1779 1433/2055/1776 1432/2054/1775
f 1434/2036/1759 1436/2035/1758 1435/2056/1777
f 1437/2046/1768 1439/2045/1767 1438/2061/1780
f 1443/2068/1781 1445/2069/1782 1444/2070/1783 1442/2071/1784
f 1445/2069/1782 1447/2072/1785 1446/2073/1786 1444/2070/1783
f 1447/2072/1785 1440/2074/1787 1441/2075/1788 1446/2073/1786
f 1449/2076/1789 1451/2077/1790 1450/2078/1791 1448/2079/1792
f 1440/2074/1787 1452/2080/1793 1453/2081/1794 1441/2075/1788
f 1444/2070/1783 1458/2082/1795 1456/2083/1796 1442/2071/1784
f 1443/2068/1781 1457/2084/1797 1459/2085/1798 1445/2069/1782
f 1446/2073/1786 1460/2086/1799 1458/2087/1795 1444/2070/1783
f 1445/2069/1782 1459/2088/1798 1461/2089/1800 1447/2072/1785
f 1441/2075/1788 1453/2090/1794 1460/2091/1799 1446/2073/1786
f 1447/2072/1785 1461/2092/1800 1452/2093/1793 1440/2074/1787
f 1450/2078/1791 1462/2094/1801 1455/2095/1802 1448/2079/1792
f 1449/2076/1789 1454/2096/1803 1463/2097/1804 1451/2077/1790
f 1451/2077/1790 1463/2098/1804 1462/2099/1801 1450/2078/1791
f 1464/2100/1805 1468/2101/1806 1469/2102/1807 1465/2103/1808
f 1465/2103/1808 1466/2104/1809 1467/2105/1810 1464/2100/1805
f 1466/2104/1809 1470/2106/1811 1471/2107/1812 1467/2105/1810
f 1448/2079/1792 1466/2104/1809 1465/2103/1808 1449/2076/1789
f 1467/2105/1810 1443/2068/1781 1442/2071/1784 1464/2100/1805
f 1465/2103/1808 1469/2108/1807 1454/2109/1803 1449/2076/1789
f 1448/2079/1792 1455/2095/1802 1470/2106/1811 1466/2104/1809
f 1442/2071/1784 1456/2110/1796 1468/2111/1806 1464/2100/1805
f 1467/2105/1810 1471/2112/1812 1457/2113/1797 1443/2068/1781
